# File generated by ImageToStl.com - Free Image and 3D model conversion tools

mtllib outdoor_wall_lamp_free.mtl

o obj1
v 8.21556648 3.5355143 0.00013364
v 8.21556648 3.49842465 -0.28649753
v 8.21556648 3.4983767 0.28667429
v 8.21556648 -9.79421121 -6.278E-05
v 8.21556648 -9.76134403 0.23342453
v 8.21556569 -9.76133461 -0.23345577
v 9.43550879 -11.75092102 8.398E-05
v 9.43550879 -11.70861226 -0.30761543
v 9.43550879 -11.70860108 0.30765888
v 9.43550879 5.40859651 -0.0001788
v 9.43550879 5.3608503 0.37755583
v 9.43550879 5.36078815 -0.37779337
v 4.49557817 -2.80835376 4.49557941
v 0.74419684 -3.49843378 1.07980718
v 1.10081711 -3.49843384 0.72515873
v -4.49557817 -2.80835522 -4.49557693
v -0.74510973 -3.49843413 -1.07994761
v -1.10081681 -3.49843408 -0.72515602
v -4.49557817 -2.80835376 4.49557941
v -1.10081681 -3.49843384 0.72515892
v -0.7441965 -3.49843378 1.07980738
v 0.35230383 5.0341151 4.49557813
v 0.35230388 4.54581196 4.49557821
v 3.83303454 4.54581196 4.49557821
v -4.49557817 4.54581208 4.49557821
v -3.83303454 4.54581196 4.49557821
v -3.83303494 5.0341151 4.49557813
v -4.49557817 5.03411499 3.76545261
v -4.49557817 5.03411443 0.34297668
v -4.49557817 4.54581184 3.76545269
v -4.49557817 11.86204973 -0.34297792
v -4.49557817 5.03411432 -0.34297681
v 4.49557817 5.03411432 -0.34297676
v 4.49557817 5.03411443 0.34297673
v 4.49557817 4.54581117 -0.34297673
v -0.35230365 5.03411364 -4.49557821
v -0.3523037 4.54581049 -4.49557813
v -3.83303454 5.03411364 -4.49557821
v 3.83303454 -2.28212367 4.49557932
v 4.49557817 -2.28212367 4.49557932
v 4.49557817 -2.28212379 3.7654538
v 4.49557817 4.54581184 3.76545269
v 4.49557817 -2.28212367 4.49557932
v -4.49557817 4.54581049 -4.49557813
v -4.49557817 -2.28212514 -4.49557702
v -4.49557817 -2.28212503 -3.82837028
v -0.3523037 5.0341151 4.49557813
v 0.3523038 11.86205051 4.49557702
v -4.49557817 11.86204905 -4.49557932
v -4.49557817 11.86204916 -3.82837258
v -4.49557817 12.38827993 -4.49557941
v 4.49557817 11.86204916 -3.82837219
v 4.49557817 5.03411364 -4.49557821
v 4.49557817 11.86060908 -4.49557932
v 4.49557817 11.86204973 -0.34297784
v 4.49557817 12.38827993 -4.49557941
v 4.49557817 5.03411375 -3.82837108
v 4.49557817 11.8620504 3.76545189
v 4.49557817 12.38828139 4.49557693
v 4.49557817 11.86205051 4.49557702
v 4.49557817 11.86204984 0.34297561
v 3.83303454 5.0341151 4.49557813
v -4.49557817 11.86205131 4.49557702
v -4.49557817 5.0337064 4.49557813
v -0.35230365 4.54581196 4.49557821
v -3.83303494 11.86205051 4.49557702
v -4.49557817 11.86205131 4.49557702
v -4.49557817 11.8620504 3.7654515
v -4.49557817 4.54581208 4.49557821
v -4.49557817 5.0337064 4.49557813
v -4.49557817 4.54581128 0.34297681
v -4.49557817 11.86204984 0.34297554
v 4.49557817 4.5458106 -3.82837139
v 4.49557817 4.54581128 0.34297673
v 4.49557817 5.03411499 3.76545301
v 3.83303494 5.03411364 -4.49557821
v 3.83303454 4.54581049 -4.49557813
v 0.35230383 4.54581049 -4.49557813
v -0.35230363 11.86204905 -4.49557932
v 0.35230393 11.86204905 -4.49557932
v 0.35230388 5.03411364 -4.49557821
v 0.3523038 -2.28212514 -4.49557702
v -0.35230375 -2.28212514 -4.49557702
v -3.83303454 4.54581049 -4.49557813
v -3.83303454 -2.28212514 -4.49557702
v -4.49557817 -2.28212514 -4.49557702
v -4.49557817 4.54581049 -4.49557813
v -4.49557817 11.86204905 -4.49557932
v -3.83303454 11.86204905 -4.49557932
v -4.49557817 5.03361561 -4.49557821
v 4.49557817 4.54581196 4.49557821
v 4.49557817 -2.28409413 -4.49557702
v 3.83303454 -2.28212514 -4.49557702
v 4.49557817 -2.28212446 -0.34297564
v 4.49557817 -2.80835522 -4.49557693
v 4.49557817 -2.28409413 -4.49557702
v 4.49557817 -2.28212503 -3.82837028
v 4.49557817 -2.28212435 0.34297782
v 4.49557817 5.0312747 4.49557813
v 4.49557817 4.54581196 4.49557821
v 4.49557817 -2.80835376 4.49557941
v -4.49557817 4.5458106 -3.82837139
v -4.49557817 -2.28357393 4.49557932
v -3.83303454 -2.28212367 4.49557932
v -4.49557817 -2.28212379 3.7654538
v -4.49557817 -2.28357393 4.49557932
v 4.49557817 4.54583988 -4.49557813
v -4.49557817 12.38828139 4.49557693
v -4.49557817 -2.80835376 4.49557941
v 4.49557817 5.0312747 4.49557813
v -0.35230363 -2.28212367 4.49557932
v 3.83303454 11.86205051 4.49557702
v 4.49557817 11.86205051 4.49557702
v 4.49557817 12.38828139 4.49557693
v 4.49557817 -2.80835376 4.49557941
v 0.35230393 -2.28212367 4.49557932
v -0.35230375 11.86205051 4.49557702
v -4.49557817 -2.80835376 4.49557941
v -4.49557817 4.54581117 -0.34297665
v -4.49557817 -2.28212446 -0.34297551
v -4.49557817 -2.80835522 -4.49557693
v -4.49557817 5.03411375 -3.82837147
v -4.49557817 5.03361561 -4.49557821
v -4.49557817 -2.28212435 0.34297794
v -4.49557817 12.38828139 4.49557693
v -4.49557817 -2.80835522 -4.49557693
v 4.49557817 4.54583988 -4.49557813
v 4.49557817 -2.80835522 -4.49557693
v 4.49557817 5.03411364 -4.49557821
v 3.83303494 11.86204905 -4.49557932
v 4.49557817 11.86060908 -4.49557932
v -4.49557817 12.38827993 -4.49557941
v 4.49557817 12.38827993 -4.49557941
v 4.49557817 12.38828139 4.49557693
v 4.49557817 12.38827993 -4.49557941
v 6.9E-07 16.60948614 -1.24E-06
v -4.49557817 12.38828139 4.49557693
v -4.49557817 12.38827993 -4.49557941
v 4.49557817 -2.80835522 -4.49557693
v 1.10081711 -3.49843408 -0.72515622
v 0.74511002 -3.49843413 -1.0799478
v -0.72383542 -4.37933558 0.30938794
v -0.84177675 -4.27997897 0.36658126
v -0.77253516 -4.37930321 -2.415E-05
v -0.841875 -4.27997909 -0.36663035
v -0.72391914 -4.37933568 -0.30944113
v -0.77253516 -4.37930321 -2.415E-05
v -0.84177675 -4.27997897 0.36658126
v -0.841875 -4.27997909 -0.36663035
v -0.77253516 -4.37930321 -2.415E-05
v -0.56057417 -4.37930312 0.54893998
v -0.84177675 -4.27997897 0.36658126
v -0.56057417 -4.37930312 0.54893998
v -0.37462092 -4.2799789 0.82460525
v -0.56057417 -4.37930312 0.54893998
v -0.31610386 -4.37933551 0.7090293
v -0.37462092 -4.2799789 0.82460525
v 1.7E-07 -4.37930308 0.75675719
v 1.7E-07 -4.37930308 0.75675719
v 0.37462124 -4.2799789 0.82460525
v 1.7E-07 -4.37930308 0.75675719
v 0.3161042 -4.37933551 0.7090293
v 0.37462124 -4.2799789 0.82460525
v 0.56057451 -4.37930312 0.54893983
v 0.37462124 -4.2799789 0.82460525
v 0.56057451 -4.37930312 0.54893983
v 0.84177705 -4.27997897 0.36658109
v 0.56057451 -4.37930312 0.54893983
v 0.72383577 -4.37933558 0.3093878
v 0.84177705 -4.27997897 0.36658109
v 0.7725356 -4.37930321 -2.431E-05
v 0.7725356 -4.37930321 -2.431E-05
v 0.8418753 -4.27997909 -0.36663052
v 0.7725356 -4.37930321 -2.431E-05
v 0.72391949 -4.37933568 -0.30944127
v 0.8418753 -4.27997909 -0.36663052
v 0.56070286 -4.3793033 -0.5490085
v 0.8418753 -4.27997909 -0.36663052
v 0.56070286 -4.3793033 -0.5490085
v 0.37476986 -4.27997917 -0.82469318
v 0.56070286 -4.3793033 -0.5490085
v 0.31621474 -4.37933574 -0.70911305
v 0.37476986 -4.27997917 -0.82469318
v 1.9E-07 -4.37930333 -0.75684593
v 1.9E-07 -4.37930333 -0.75684593
v -0.37476951 -4.27997917 -0.82469303
v 1.9E-07 -4.37930333 -0.75684593
v -0.31621439 -4.37933574 -0.70911305
v -0.37476951 -4.27997917 -0.82469303
v -0.56070252 -4.3793033 -0.54900835
v -0.56070252 -4.3793033 -0.54900835
v -0.841875 -4.27997909 -0.36663035
v -0.56070252 -4.3793033 -0.54900835
v -0.74510973 -3.49843413 -1.07994761
v 0.74511002 -3.49843413 -1.0799478
v 0.12980111 -3.49843404 -0.47824558
v 1.10081711 -3.49843408 -0.72515622
v 1.10081711 -3.49843384 0.72515873
v 0.48581257 -3.49843398 -0.12350169
v 0.74419684 -3.49843378 1.07980718
v -0.7441965 -3.49843378 1.07980738
v -0.12919196 -3.49843388 0.47815284
v -1.10081681 -3.49843384 0.72515892
v -1.10081681 -3.49843408 -0.72515602
v -0.48550783 -3.49843394 0.12345662
v -0.16966067 -10.26955754 -0.37861346
v 1.8E-07 -10.26955754 -0.40636369
v 1.7E-07 -10.33139015 -3.331E-05
v -0.38649858 -10.26955751 -0.16602881
v -0.30164546 -10.26955753 -0.29536301
v 0.3016458 -10.26955753 -0.29536301
v 0.38649892 -10.26955751 -0.16602895
v 1.7E-07 -10.26955741 0.40628572
v -0.16959885 -10.26955742 0.37853845
v 0.16966106 -10.26955754 -0.37861351
v 0.41476493 -10.26955748 -2.776E-05
v 0.38645343 -10.26955745 0.16597062
v 0.1695992 -10.26955742 0.37853845
v 0.30157421 -10.26955743 0.29529635
v -0.30157387 -10.26955743 0.29529643
v -0.38645308 -10.26955745 0.16597067
v -0.41476458 -10.26955748 -2.767E-05
v 8.2393984 -3.89628334 0.37442546
v 8.2393984 -3.89628346 -0.37442258
v 8.2393984 -3.82066625 -0.28976635
v 8.2393984 -3.82066695 0.28976913
v 8.2393984 -4.07883972 0.40949119
v 8.2393984 -4.07883985 -0.40948843
v 8.2393984 -5.32857166 -0.40948805
v 8.2393984 -5.32857153 0.40949152
v 8.2393984 -5.51112792 0.37442575
v 8.2393984 -5.51112804 -0.37442222
v 8.2393984 -5.58674434 0.28976932
v 8.2393984 -5.58674444 -0.28976601
v 8.17296588 -4.07883972 0.39165496
v 8.17296588 -3.89628334 0.35658921
v 8.17296588 -3.89628346 -0.35658633
v 8.17296588 -4.07883985 -0.39165217
v 8.2393984 -3.89628334 0.37442546
v 8.2393984 -3.82066695 0.28976913
v 8.18820461 -3.82066695 0.28976913
v 8.18820461 -3.89628334 0.37442546
v 8.2393984 -3.82066625 -0.28976635
v 8.18820461 -3.82066625 -0.28976635
v 8.2393984 -5.51112792 0.37442575
v 8.2393984 -5.32857153 0.40949152
v 8.18820461 -5.32857153 0.40949152
v 8.18820461 -5.51112792 0.37442575
v 8.2393984 -5.51112804 -0.37442222
v 8.2393984 -5.58674444 -0.28976601
v 8.18820461 -5.58674444 -0.28976601
v 8.18820461 -5.51112804 -0.37442222
v 8.2393984 -5.58674434 0.28976932
v 8.18820461 -5.58674434 0.28976932
v 8.2393984 -4.07883985 -0.40948843
v 8.2393984 -5.32857166 -0.40948805
v 8.18820461 -5.32857166 -0.40948805
v 8.18820461 -4.07883985 -0.40948843
v 8.2393984 -4.07883972 0.40949119
v 8.18820461 -4.07883972 0.40949119
v 8.2393984 -5.51112804 -0.37442222
v 8.18820461 -5.51112804 -0.37442222
v 8.2393984 -3.89628346 -0.37442258
v 8.18820461 -3.89628346 -0.37442258
v 8.2393984 -3.89628346 -0.37442258
v 8.18820461 -3.89628346 -0.37442258
v 8.17296588 -5.32857153 0.39165526
v 8.17296588 -5.32857166 -0.39165174
v 8.17296588 -5.51112804 -0.35658594
v 8.17296588 -5.51112792 0.35658952
v 8.2393984 -5.51112792 0.37442575
v 8.18820461 -5.51112792 0.37442575
v 8.2393984 -3.89628334 0.37442546
v 8.18820461 -3.89628334 0.37442546
v 8.17296588 -3.83590568 0.2889933
v 8.17296588 -3.83590498 -0.28899041
v 8.18820461 -5.58674444 -0.28976601
v 8.18820461 -5.58674434 0.28976932
v 8.17296588 -5.57150482 0.28899368
v 8.17296588 -5.57150491 -0.2889902
v 8.18820461 -4.07883972 0.40949119
v 8.18820461 -3.89628334 0.37442546
v 8.18820461 -3.82066695 0.28976913
v 8.18820461 -5.51112792 0.37442575
v 8.18820461 -5.32857153 0.40949152
v 8.18820461 -3.89628346 -0.37442258
v 8.18820461 -4.07883985 -0.40948843
v 8.17296588 -3.89628346 -0.35658633
v 8.17296588 -3.83590498 -0.28899041
v 8.18820461 -5.32857166 -0.40948805
v 8.18820461 -5.51112804 -0.37442222
v 8.17296588 -3.83590568 0.2889933
v 9.43550879 -2.23619292 -3.59079916
v 9.43550879 -7.13403169 -3.02358379
v 8.74114894 -6.76721716 -2.75634618
v 8.74114894 -2.30227034 -3.27342909
v 9.43550879 5.24348932 -0.68580761
v 9.43550879 4.28433413 -2.64193591
v 8.74114973 3.64194266 -2.40843037
v 8.74114973 4.51632396 -0.62519338
v 9.43550879 -2.23619175 3.59080145
v 9.43550879 1.97920311 4.07898186
v 8.74114973 1.54054961 3.71846307
v 8.74114973 -2.30226927 3.27343001
v 9.43550879 1.97920237 -4.07898094
v 8.74114973 1.5405486 -3.7184628
v 8.74114973 1.91721446 -3.23199989
v 9.43550879 2.39245709 -3.54528378
v 9.43550879 2.39245709 -3.54528378
v 8.74114973 1.91721446 -3.23199989
v 8.74114973 2.4400052 -2.82114926
v 9.43550879 2.96616348 -3.09448318
v 9.43550879 2.96616348 -3.09448318
v 8.74114973 2.4400052 -2.82114926
v 8.74114973 3.03924638 -2.53248921
v 9.43550879 3.62329747 -2.77798998
v 8.74114973 3.64194266 -2.40843037
v 9.43550879 4.28433413 -2.64193591
v 9.43550879 4.2843344 2.64193627
v 8.74114973 3.64194344 2.40842956
v 8.74114973 3.03933201 2.53245875
v 9.43550879 3.62320447 2.77802337
v 8.74114973 2.44027873 2.82097902
v 9.43550879 2.96586479 3.09467039
v 8.74114973 1.91727956 3.23193638
v 9.43550879 2.39238806 3.54535454
v 9.43550879 2.39238806 3.54535454
v 8.74114973 1.91727956 3.23193638
v 8.74114973 1.54054961 3.71846307
v 9.43550879 1.97920311 4.07898186
v 8.74114973 4.51632417 0.62519209
v 9.43550879 5.24348954 0.68580781
v 9.43550879 5.3608503 0.37755583
v 8.74114973 4.62325546 0.34440162
v 9.43550879 5.40859651 -0.0001788
v 8.74114973 4.66683767 0.00016226
v 9.43550879 5.36078815 -0.37779337
v 8.74114973 4.62331216 -0.34418616
v 9.43550879 4.2843344 2.64193627
v 8.74114973 3.64194344 2.40842956
v 9.43550879 -7.1340315 3.02358688
v 8.74114973 -6.76721626 2.75634896
v 8.74114894 -7.43763593 2.30604517
v 9.43550879 -7.86936307 2.5296723
v 8.74114973 -8.24938334 1.92731801
v 9.43550879 -8.75956176 2.1143146
v 8.74114973 -9.12034758 1.62996865
v 9.43550879 -9.7152061 1.78802848
v 8.74114894 -9.99520155 1.45939271
v 9.43550879 -10.67497977 1.60088683
v 9.43550879 -7.86945166 -2.52962212
v 8.74114894 -7.43755681 -2.30608645
v 9.43550879 -8.7599009 -2.11417595
v 8.74114973 -8.24907558 -1.92744048
v 9.43550879 -9.7153079 -1.78799667
v 8.74114894 -9.12025639 -1.62999179
v 9.43550879 -10.67498029 -1.60088318
v 8.74114894 -9.99520202 -1.45939017
v 9.43550879 -11.57354085 0.57843965
v 9.43550879 -10.67497977 1.60088683
v 8.74114894 -9.99520155 1.45939271
v 8.74114894 -10.81434187 0.52731414
v 8.74114894 -10.81434204 -0.52731177
v 9.43550879 -11.57354104 -0.5784357
v 9.43550879 -11.70861226 -0.30761543
v 8.74114894 -10.93746488 -0.28046449
v 9.43550879 -11.75092102 8.398E-05
v 8.74114894 -10.97604442 -7.459E-05
v 9.43550879 -11.70860108 0.30765888
v 8.74114894 -10.93747586 0.28042879
v 9.43550879 -10.67498029 -1.60088318
v 8.74114894 -9.99520202 -1.45939017
v 8.74114973 1.5405486 -3.7184628
v 8.74114973 1.47925841 -3.58311555
v 8.74114973 1.85082169 -3.11435914
v 8.74114894 -6.76721716 -2.75634618
v 8.74114894 -7.43755681 -2.30608645
v 8.74114894 -7.37722341 -2.2221479
v 8.74114894 -6.71596404 -2.65601854
v 8.74114894 -10.7082646 0.50812031
v 8.74114894 -10.82973009 0.27022153
v 8.74114894 -2.30227034 -3.27342909
v 8.74114894 -2.31150323 -3.15427977
v 8.74114973 4.56319616 0.0001561
v 8.74114973 4.52020465 0.33186518
v 8.74114973 2.44027873 2.82097902
v 8.74114973 3.03933201 2.53245875
v 8.74114973 2.95773784 2.44028009
v 8.74114973 2.36680033 2.71829848
v 8.74114894 -7.43763593 2.30604517
v 8.74114973 -6.76721626 2.75634896
v 8.74114973 -6.71596318 2.65602071
v 8.74114894 -7.37730176 2.22210739
v 8.74114973 -2.30226927 3.27343001
v 8.74114973 1.54054961 3.71846307
v 8.74114973 1.47925938 3.58311466
v 8.74114973 -2.3115022 3.1542805
v 8.74114973 2.36653058 -2.71846276
v 8.74114894 -10.82971753 -0.27025622
v 8.74114894 -10.70826477 -0.50811832
v 8.74114973 4.52026019 -0.3316586
v 8.74114973 -8.24907558 -1.92744048
v 8.74114973 -8.17774824 -1.85728409
v 8.74114894 -9.90022069 -1.4062701
v 8.74114973 1.91727956 3.23193638
v 8.74114973 1.85088557 3.11429684
v 8.74114973 -8.24938334 1.92731801
v 8.74114973 -8.17805129 1.85716574
v 8.74114973 3.03924638 -2.53248921
v 8.74114973 2.95765402 -2.44030974
v 8.74114894 -9.90022023 1.40627232
v 8.74114973 4.41472127 -0.60243698
v 8.74114894 -9.12025639 -1.62999179
v 8.74114894 -9.03712696 -1.57066268
v 8.74114894 -10.86777675 -7.187E-05
v 8.74114973 -9.12034758 1.62996865
v 8.74114973 -9.03721818 1.57063921
v 8.74114973 3.5521857 -2.32076613
v 8.74114973 4.41472146 0.60243537
v 8.74114973 3.55218646 2.32076515
v 8.21556648 1.63820309 2.34814453
v 8.21556648 1.192541 2.69022017
v 8.74114973 -8.17774824 -1.85728409
v 8.74114894 -9.03712696 -1.57066268
v 8.21556648 -8.21284287 -1.35678502
v 8.21556648 -7.47048631 -1.60437688
v 8.21556648 0.87151948 3.09519817
v 8.74114894 -9.90022069 -1.4062701
v 8.21556648 -8.95840835 -1.21477808
v 8.21556648 3.4072568 0.52040063
v 8.74114894 -2.31150323 -3.15427977
v 8.74114894 -6.71596404 -2.65601854
v 8.21556569 -6.20775294 -2.29434723
v 8.21556648 -2.40305179 -2.72475979
v 8.74114973 -2.3115022 3.1542805
v 8.74114973 1.47925938 3.58311466
v 8.21556648 0.87151948 3.09519817
v 8.21556648 -2.4030509 2.72475878
v 8.21556648 -9.6564198 -0.43892805
v 8.21556648 3.40725663 -0.52040364
v 8.21556648 2.6621741 2.00474407
v 8.21556648 2.66217345 -2.00474654
v 8.21556648 0.87151847 -3.09520085
v 8.21556648 1.19248556 -2.69027495
v 8.21556648 -9.65641966 0.43892831
v 8.21556648 -6.2077522 2.29434745
v 8.21556648 -6.77903667 1.91952029
v 8.21556648 1.63797023 -2.34828801
v 8.21556648 -8.95840835 -1.21477808
v 8.21556648 -7.47074832 1.60427294
v 8.21556648 2.14859965 -2.10801138
v 8.21556648 -8.95840795 1.21477831
v 8.74114973 -9.03721818 1.57063921
v 8.74114973 -8.17805129 1.85716574
v 8.21556648 -7.47074832 1.60427294
v 8.21556648 -8.21292071 1.35676297
v 8.74114973 3.5521857 -2.32076613
v 8.74114973 2.95765402 -2.44030974
v 8.21556648 2.14859965 -2.10801138
v 8.21556648 2.66217345 -2.00474654
v 8.74114894 -9.90022023 1.40627232
v 8.21556648 -8.95840795 1.21477831
v 8.74114973 2.95773784 2.44028009
v 8.74114973 3.55218646 2.32076515
v 8.21556648 2.6621741 2.00474407
v 8.21556648 2.1486721 2.10798457
v 8.21556569 -6.77896929 -1.91955744
v 8.21556569 -6.20775294 -2.29434723
v 8.21556648 2.1486721 2.10798457
v 8.21556648 -7.47048631 -1.60437688
v 8.21556648 -2.40305179 -2.72475979
v 8.21556648 -2.4030509 2.72475878
v 8.21556648 -2.30075981 2.62258172
v 8.21556648 -2.30076067 -2.62258455
v 8.21556648 0.85101606 -2.97913411
v 8.21556648 1.159947 -2.58939297
v 8.21556648 -8.21284287 -1.35678502
v 8.21556648 -8.21292071 1.35676297
v 9.43550879 4.28433413 -2.64193591
v 9.43550879 4.2843344 2.64193627
v 9.43550879 3.62320447 2.77802337
v 9.43550879 3.62329747 -2.77798998
v 9.43550879 2.96586479 3.09467039
v 9.43550879 2.96616348 -3.09448318
v 9.43550879 2.39238806 3.54535454
v 9.43550879 2.39245709 -3.54528378
v 9.43550879 1.97920311 4.07898186
v 9.43550879 1.97920237 -4.07898094
v 9.43550879 -2.23619292 -3.59079916
v 9.43550879 -2.23619175 3.59080145
v 9.43550879 -7.1340315 3.02358688
v 9.43550879 -7.13403169 -3.02358379
v 9.43550879 -7.86936307 2.5296723
v 9.43550879 -7.86945166 -2.52962212
v 9.43550879 -8.75956176 2.1143146
v 9.43550879 -8.7599009 -2.11417595
v 9.43550879 -9.7152061 1.78802848
v 9.43550879 -9.7153079 -1.78799667
v 9.43550879 -10.67497977 1.60088683
v 9.43550879 -10.67498029 -1.60088318
v 9.43550879 -11.57354085 0.57843965
v 9.43550879 -11.57354104 -0.5784357
v 9.43550879 5.24348932 -0.68580761
v 9.43550879 5.24348954 0.68580781
v 8.74114973 -6.71596318 2.65602071
v 8.21556648 -6.2077522 2.29434745
v 8.74114973 1.47925841 -3.58311555
v 8.21556648 0.87151847 -3.09520085
v 9.43550879 1.97920237 -4.07898094
v 8.74114973 1.5405486 -3.7184628
v 8.21556648 1.159947 -2.58939297
v 8.21556648 0.85101606 -2.97913411
v 8.34813657 0.85101606 -2.97913411
v 8.34813657 1.159947 -2.58939297
v 8.21556648 1.16000003 2.58933781
v 8.21556648 1.5889502 2.26009007
v 8.34813657 1.5889502 2.26009007
v 8.34813657 1.16000003 2.58933781
v 8.21556648 0.85101606 -2.97913411
v 8.21556648 -2.30076067 -2.62258455
v 8.34813657 -2.30076067 -2.62258455
v 8.34813657 0.85101606 -2.97913411
v 8.21556648 0.85101624 2.97912986
v 8.21556648 1.58872588 -2.26023038
v 8.21556648 1.5889502 2.26009007
v 8.21556648 1.16000003 2.58933781
v 8.34813657 1.159947 -2.58939297
v 8.34813657 1.16000003 2.58933781
v 8.34813657 1.5889502 2.26009007
v 8.34813657 1.58872588 -2.26023038
v 8.34813657 0.85101606 -2.97913411
v 8.34813657 0.85101624 2.97912986
v 8.34813657 -2.30076067 -2.62258455
v 8.34813657 -2.30075981 2.62258172
v 8.21556648 -2.30076067 -2.62258455
v 8.21556648 -2.30075981 2.62258172
v 8.34813657 -2.30075981 2.62258172
v 8.34813657 -2.30076067 -2.62258455
v 8.21556648 1.5889502 2.26009007
v 8.21556648 1.58872588 -2.26023038
v 8.34813657 1.58872588 -2.26023038
v 8.34813657 1.5889502 2.26009007
v 8.21556648 0.85101624 2.97912986
v 8.21556648 1.16000003 2.58933781
v 8.34813657 1.16000003 2.58933781
v 8.34813657 0.85101624 2.97912986
v 8.21556648 1.58872588 -2.26023038
v 8.21556648 1.159947 -2.58939297
v 8.34813657 1.159947 -2.58939297
v 8.34813657 1.58872588 -2.26023038
v 8.21556648 -2.30075981 2.62258172
v 8.21556648 0.85101624 2.97912986
v 8.34813657 0.85101624 2.97912986
v 8.34813657 -2.30075981 2.62258172
v 0.35601815 -7.11989318 0.14542539
v 0.71275727 -6.77603049 0.14555973
v 0.36255477 -6.38764249 0.14697092
v -0.02550234 -6.70325529 0.14673486
v 0.78783058 -6.70636143 -0.10293872
v 0.44503793 -6.3254983 -0.10390375
v 0.44503729 -6.32549827 0.1039074
v 0.78783058 -6.70636219 0.10294249
v 0.28210413 -7.19066701 -0.10289964
v -0.10617044 -6.76772281 -0.10382677
v -0.08240979 -6.74897074 -0.13415465
v 0.30384184 -7.17000051 -0.13295932
v -0.02550234 -6.70325533 -0.14673108
v 0.35601815 -7.11989323 -0.14542146
v 0.78783058 -6.70636219 0.10294249
v 0.44503729 -6.32549827 0.1039074
v 0.42115244 -6.34406056 0.13427971
v 0.7660445 -6.72696938 0.13302444
v -0.10617044 -6.76772281 -0.10382677
v 0.28210413 -7.19066701 -0.10289964
v 0.28210413 -7.19066856 0.10290353
v -0.10617044 -6.76772278 0.10383056
v 0.28210413 -7.19066701 -0.10289964
v 0.66940871 -7.52432495 -0.10334993
v 0.6694094 -7.5243257 0.103354
v 0.28210413 -7.19066856 0.10290353
v 1.01868959 -7.81488094 -0.10457751
v 1.01868959 -7.8148809 0.10458167
v 1.47116382 -7.93173626 -0.10637998
v 1.47116382 -7.93173622 0.10638424
v 1.89882382 -8.01995895 -0.10867767
v 1.89882382 -8.01995892 0.10868198
v 2.2922112 -8.01208536 -0.11144501
v 2.29221219 -8.01208453 0.1114493
v 2.64959786 -7.87705047 -0.11468694
v 2.64959786 -7.87705044 0.11469117
v 2.99907672 -7.73807365 -0.11842993
v 2.99907672 -7.73807361 0.11843411
v 3.31165201 -7.57300175 -0.12271988
v 3.3116526 -7.57300013 0.12272403
v 3.59253088 -7.38328899 -0.12762344
v 3.59253128 -7.38328895 0.12762751
v 3.882408 -7.18955521 -0.13323392
v 3.882408 -7.18955517 0.13323795
v 4.17843091 -6.99659242 -0.13968344
v 4.1784313 -6.99659238 0.1396874
v 4.48935331 -6.79792905 -0.14716805
v 4.48935371 -6.79792821 0.14717191
v 4.82874188 -6.59013477 -0.15600275
v 4.82874188 -6.59013472 0.15600657
v 5.21678985 -6.39184069 -0.16676963
v 5.21679025 -6.39184063 0.16677338
v 5.677445 -6.17358861 -0.18089225
v 5.677445 -6.17358776 0.18089584
v 6.0751774 -6.02210592 -0.19134223
v 6.45649918 -5.89082715 -0.2044381
v 6.45651815 -5.89082471 0.20444264
v 6.0751865 -6.02210349 0.19134648
v 6.86056873 -5.77661059 -0.21236621
v 6.86056873 -5.77661053 0.21236973
v 7.2747442 -5.66729596 -0.22311036
v 7.2747442 -5.66729431 0.22311381
v 7.68985988 -5.59826896 -0.22861188
v 7.68985988 -5.59826888 0.22861532
v 8.10555124 -5.52985559 -0.23411341
v 8.10555282 -5.52985472 0.23411677
v 8.52725632 -5.50070344 -0.239615
v 8.52725632 -5.50070336 0.2396183
v 8.41266653 -3.94426112 0.30962266
v 7.92510855 -4.0157466 0.30251381
v 7.94459366 -4.17925832 0.33084488
v 8.42504034 -4.11234423 0.3386195
v 7.43887351 -4.1305839 0.29540502
v 7.46597839 -4.289083 0.32307032
v 6.95724307 -4.2492461 0.28829623
v 6.99153121 -4.40238385 0.31529591
v 6.48261758 -4.44626945 0.27433609
v 6.52341011 -4.58992756 0.30002368
v 6.03388195 -4.62602575 0.26494625
v 6.08068228 -4.76243972 0.28975893
v 5.61595433 -4.86124042 0.24791942
v 5.18214706 -5.10349048 0.23412913
v 5.23323054 -5.22081788 0.25579221
v 5.66490473 -4.98734842 0.27101128
v 4.70296363 -5.43413483 0.21569756
v 4.75739439 -5.53856177 0.23575498
v 4.30623311 -5.71835367 0.2016995
v 4.36208803 -5.81307088 0.22049929
v 3.97637478 -5.9879656 0.190235
v 4.0314935 -6.07578422 0.20799359
v 3.67680611 -6.23746297 0.18053381
v 3.73084544 -6.31962449 0.1974068
v 3.40186446 -6.46691062 0.17218172
v 3.45371893 -6.54502345 0.18829002
v 3.14966823 -6.67981558 0.16492232
v 3.19749259 -6.75579494 0.18036457
v 2.90239388 -6.88641107 0.15858023
v 2.94659162 -6.96055745 0.17343092
v 2.66387641 -7.04335 0.15303424
v 2.70007562 -7.11837413 0.16736608
v 2.42838162 -7.16356684 0.1482003
v 2.45227186 -7.24061927 0.1620789
v 2.18396469 -7.29432688 0.14401286
v 2.1956365 -7.37184032 0.15750441
v 1.93597589 -7.31308133 0.14043522
v 1.93187304 -7.3893683 0.15360491
v 1.67147346 -7.26843346 0.13746949
v 1.64962843 -7.33997745 0.15037403
v 1.37401078 -7.2337958 0.13514921
v 1.33522194 -7.29642477 0.14784929
v 1.08887436 -6.99774135 0.13357892
v 1.0429839 -7.05398651 0.1461465
v 8.40753924 -3.87463868 0.23961814
v 7.9170341 -3.94801961 0.23411654
v 7.4276471 -4.06493266 0.22861507
v 6.94304103 -4.18581453 0.22311352
v 6.46571983 -4.38676399 0.21231091
v 6.01449647 -4.56952123 0.20504285
v 5.59586666 -4.80884469 0.19191143
v 5.16133782 -5.05455511 0.18129357
v 4.68061122 -5.39064779 0.16698738
v 4.2832133 -5.67897068 0.15613404
v 3.95360169 -5.95149181 0.14724876
v 3.65445093 -6.20337174 0.1397316
v 3.38039652 -6.43452585 0.13326081
v 3.12986246 -6.64833149 0.12763696
v 2.884087 -6.85569717 0.12272616
v 2.64888242 -7.01227315 0.11843399
v 2.41848566 -7.13165178 0.11469313
v 2.179111 -7.26221651 0.11145487
v 2.179111 -7.26221651 0.11145487
v 1.93758034 -7.28141536 0.10869279
v 1.93597589 -7.31308133 0.14043522
v 2.18396469 -7.29432688 0.14401286
v 1.93758034 -7.28141536 0.10869279
v 1.68039145 -7.23873727 0.10639383
v 1.68039145 -7.23873727 0.10639383
v 1.38989477 -7.20779721 0.10459457
v 1.37401078 -7.2337958 0.13514921
v 1.67147346 -7.26843346 0.13746949
v 1.38989477 -7.20779721 0.10459457
v 1.10768021 -6.97422495 0.10337573
v -0.08240979 -6.74897069 0.13415842
v 0.30384115 -7.17000047 0.13296324
v 0.68820878 -7.50080059 0.13354699
v 0.73342867 -7.44389752 0.14606214
v 1.03459177 -7.78889099 0.13513465
v 1.07291495 -7.72613392 0.14779461
v 1.48011542 -7.90206691 0.13746485
v 1.50173272 -7.83043593 0.15034028
v 1.90048165 -7.98833959 0.14043347
v 1.90448883 -7.91200438 0.15358627
v 2.28736918 -7.97998047 0.1440091
v 2.27567938 -7.90246861 0.15749611
v 2.63970229 -7.84513457 0.14819787
v 2.61581304 -7.76808531 0.16207689
v 2.98408313 -7.70699833 0.15303432
v 2.94788372 -7.63197341 0.16736616
v 3.29334533 -7.54228859 0.15857759
v 3.24914937 -7.468143 0.17342873
v 3.57272116 -7.35182382 0.16491388
v 3.52489601 -7.27585789 0.18035872
v 3.86091317 -7.15723285 0.17216366
v 3.80901798 -7.07920226 0.18828823
v 4.15599191 -6.96264347 0.18049795
v 4.10181498 -6.88068359 0.19740406
v 4.46640467 -6.76171378 0.19016994
v 4.4109902 -6.674285 0.20798353
v 4.80536188 -6.55116845 0.20158729
v 4.7488874 -6.45709808 0.22047263
v 5.19380919 -6.34904708 0.21550449
v 5.13821205 -6.24576673 0.23569764
v 5.6553053 -6.12580688 0.23376251
v 5.60153917 -6.01051489 0.25567457
v 6.05966626 -5.96900949 0.24768873
v 6.44786526 -5.83271097 0.26494657
v 6.40106494 -5.69629699 0.2897592
v 6.00936326 -5.84397218 0.27091683
v 6.84345906 -5.7169129 0.2743147
v 6.80266535 -5.57327691 0.30000565
v 7.26054136 -5.6038635 0.28829658
v 7.22625402 -5.45072574 0.31529608
v 7.67863347 -5.53261762 0.2954054
v 7.65152859 -5.3741201 0.32307067
v 8.09747995 -5.46212613 0.30251412
v 8.07799326 -5.29861598 0.33084519
v 8.52212982 -5.4310809 0.30962297
v 8.50975522 -5.26299857 0.33861976
v -0.10617044 -6.76772278 0.10383056
v 0.28210413 -7.19066856 0.10290353
v 0.6694094 -7.5243257 0.103354
v 1.01868959 -7.8148809 0.10458167
v 1.47116382 -7.93173622 0.10638424
v 1.89882382 -8.01995892 0.10868198
v 2.29221219 -8.01208453 0.1114493
v 2.64959786 -7.87705044 0.11469117
v 2.99907672 -7.73807361 0.11843411
v 3.3116526 -7.57300013 0.12272403
v 3.59253128 -7.38328895 0.12762751
v 3.882408 -7.18955517 0.13323795
v 4.1784313 -6.99659238 0.1396874
v 4.48935371 -6.79792821 0.14717191
v 4.82874188 -6.59013472 0.15600657
v 5.21679025 -6.39184063 0.16677338
v 5.677445 -6.17358776 0.18089584
v 6.0751865 -6.02210349 0.19134648
v 6.45651815 -5.89082471 0.20444264
v 6.86056873 -5.77661053 0.21236973
v 7.2747442 -5.66729431 0.22311381
v 7.68985988 -5.59826888 0.22861532
v 8.10555282 -5.52985472 0.23411677
v 8.52725632 -5.50070336 0.2396183
v 0.42115313 -6.3440606 -0.13427602
v 0.7660445 -6.72696943 -0.13302063
v 0.71275727 -6.77603054 -0.14555587
v 0.36255477 -6.38764254 -0.1469672
v 1.08887407 -6.99773982 -0.13357498
v 1.04298361 -7.05398498 -0.14614248
v 1.37401078 -7.23379585 -0.1351452
v 1.33522194 -7.29642482 -0.14784524
v 1.67147346 -7.2684335 -0.13746545
v 1.64962843 -7.3399775 -0.15036993
v 1.93597589 -7.31308138 -0.14043117
v 1.93187304 -7.38936835 -0.1536008
v 2.18396469 -7.29432693 -0.14400871
v 2.1956365 -7.37184116 -0.15750031
v 2.42838162 -7.16356689 -0.14819626
v 2.45227107 -7.24061932 -0.16207486
v 2.66387641 -7.04335005 -0.15303024
v 2.70007562 -7.11837418 -0.16736207
v 2.90239388 -6.88641112 -0.15857625
v 2.94659123 -6.96055909 -0.17342693
v 3.14966744 -6.67981564 -0.16491846
v 3.19749239 -6.75579658 -0.18036068
v 3.40186446 -6.46691068 -0.1721779
v 3.45371893 -6.54502352 -0.1882862
v 3.67680531 -6.23746303 -0.18053005
v 3.73084544 -6.31962455 -0.19740307
v 3.97637438 -5.98796566 -0.1902314
v 4.0314935 -6.07578428 -0.20798988
v 4.30623232 -5.71835374 -0.20169602
v 4.36208803 -5.81307095 -0.22049574
v 4.70296284 -5.43413569 -0.21569411
v 4.75739321 -5.53856185 -0.23575156
v 5.18214588 -5.10349135 -0.23412588
v 5.23323054 -5.22081796 -0.25578895
v 5.61595433 -4.8612405 -0.24791633
v 6.03388195 -4.62602584 -0.2649432
v 6.08068228 -4.76243982 -0.28975586
v 5.66490473 -4.98734851 -0.27100817
v 6.48261758 -4.44626953 -0.27433311
v 6.52341011 -4.58992845 -0.30002077
v 6.95724307 -4.2492462 -0.28829346
v 6.99153121 -4.40238395 -0.31529292
v 7.43887351 -4.13058399 -0.29540229
v 7.46597839 -4.28908231 -0.32306754
v 7.92510618 -4.01574749 -0.30251097
v 7.94459287 -4.17925843 -0.33084211
v 8.41266653 -3.94426122 -0.30961978
v 8.42504034 -4.11234434 -0.33861667
v 0.44503793 -6.3254983 -0.10390375
v 0.78783058 -6.70636143 -0.10293872
v 1.10768021 -6.97422499 -0.10337181
v 1.38989477 -7.20779724 -0.10459061
v 1.38989477 -7.20779724 -0.10459061
v 1.68039145 -7.2387373 -0.10638985
v 1.67147346 -7.2684335 -0.13746545
v 1.37401078 -7.23379585 -0.1351452
v 1.93758034 -7.2814154 -0.10868882
v 1.93597589 -7.31308138 -0.14043117
v 2.1791114 -7.26221654 -0.11145084
v 2.18396469 -7.29432693 -0.14400871
v 2.41848566 -7.13165103 -0.11468915
v 2.42838162 -7.16356689 -0.14819626
v 2.41848566 -7.13165103 -0.11468915
v 2.64888242 -7.01227319 -0.11843006
v 2.8840874 -6.85569721 -0.12272232
v 3.12986246 -6.64833153 -0.12763317
v 3.38039652 -6.4345259 -0.13325706
v 3.65445172 -6.20337178 -0.13972801
v 3.95360169 -5.95149186 -0.14724515
v 4.2832133 -5.67897073 -0.15613058
v 4.68061122 -5.39064785 -0.16698401
v 5.16133822 -5.05455359 -0.1812904
v 5.59586666 -4.80884475 -0.19190828
v 6.01449647 -4.5695213 -0.20503982
v 6.01449647 -4.5695213 -0.20503982
v 6.46571904 -4.38676327 -0.21230792
v 6.48261758 -4.44626953 -0.27433311
v 6.03388195 -4.62602584 -0.2649432
v 6.94304103 -4.18581381 -0.22311065
v 6.95724307 -4.2492462 -0.28829346
v 7.4276471 -4.06493194 -0.22861208
v 7.43887351 -4.13058399 -0.29540229
v 7.91703568 -3.94801811 -0.23411364
v 7.92510618 -4.01574749 -0.30251097
v 8.40753924 -3.87463876 -0.23961529
v 8.41266653 -3.94426122 -0.30961978
v 8.52212982 -5.431081 -0.30961949
v 8.09748153 -5.46212623 -0.30251068
v 8.07799484 -5.2986145 -0.33084178
v 8.50975522 -5.26299868 -0.33861639
v 7.67863347 -5.53261772 -0.29540184
v 7.65152859 -5.37411862 -0.32306729
v 7.26054136 -5.60386359 -0.28829309
v 7.22625402 -5.45072585 -0.31529267
v 6.84345906 -5.71691298 -0.27431116
v 6.80266772 -5.57327701 -0.3000021
v 6.44786526 -5.83271106 -0.26494293
v 6.40106494 -5.69629709 -0.28975566
v 6.05966784 -5.96900958 -0.24768487
v 5.6553057 -6.12580696 -0.23375885
v 5.60153996 -6.01051419 -0.25567097
v 6.00936484 -5.84397227 -0.27091319
v 5.19381077 -6.34904715 -0.21550081
v 5.13821245 -6.24576522 -0.23569392
v 4.80536188 -6.55116851 -0.20158348
v 4.7488874 -6.45709815 -0.22046892
v 4.46640546 -6.76171384 -0.19016609
v 4.41099099 -6.67428507 -0.2079797
v 4.1559927 -6.96264353 -0.18049404
v 4.10181577 -6.88068365 -0.19740017
v 3.86091317 -7.15723449 -0.17215969
v 3.80901758 -7.07920232 -0.18828425
v 3.57272195 -7.35182308 -0.16490979
v 3.52489601 -7.27585716 -0.18035468
v 3.29334612 -7.54228865 -0.15857348
v 3.24914937 -7.46814306 -0.17342459
v 2.98408313 -7.70699838 -0.15303015
v 2.94788372 -7.63197346 -0.16736199
v 2.63970229 -7.84513462 -0.14819365
v 2.61581384 -7.76808536 -0.16207269
v 2.28736958 -7.97998052 -0.14400479
v 2.27568037 -7.90246866 -0.15749184
v 1.90048165 -7.98833964 -0.14042928
v 1.90448883 -7.91200443 -0.15358199
v 1.48011572 -7.90206695 -0.13746061
v 1.50173341 -7.83043598 -0.15033602
v 1.03459177 -7.78889104 -0.13513046
v 1.07291495 -7.72613555 -0.14779045
v 0.68820912 -7.50080143 -0.13354293
v 0.73342867 -7.44389757 -0.14605805
v 8.52725632 -5.50070344 -0.239615
v 8.10555124 -5.52985559 -0.23411341
v 7.68985988 -5.59826896 -0.22861188
v 7.2747442 -5.66729596 -0.22311036
v 6.86056873 -5.77661059 -0.21236621
v 6.45649918 -5.89082715 -0.2044381
v 6.0751774 -6.02210592 -0.19134223
v 5.677445 -6.17358861 -0.18089225
v 5.21678985 -6.39184069 -0.16676963
v 4.82874188 -6.59013477 -0.15600275
v 4.48935331 -6.79792905 -0.14716805
v 4.17843091 -6.99659242 -0.13968344
v 3.882408 -7.18955521 -0.13323392
v 3.59253088 -7.38328899 -0.12762344
v 3.31165201 -7.57300175 -0.12271988
v 2.99907672 -7.73807365 -0.11842993
v 2.64959786 -7.87705047 -0.11468694
v 2.2922112 -8.01208536 -0.11144501
v 1.89882382 -8.01995895 -0.10867767
v 1.47116382 -7.93173626 -0.10637998
v 1.01868959 -7.81488094 -0.10457751
v 0.66940871 -7.52432495 -0.10334993
v 7.9170341 -3.94801961 0.23411654
v 8.40753924 -3.87463868 0.23961814
v 7.4276471 -4.06493266 0.22861507
v 6.94304103 -4.18581453 0.22311352
v 6.46571983 -4.38676399 0.21231091
v 6.01449647 -4.56952123 0.20504285
v 5.59586666 -4.80884475 -0.19190828
v 5.16133822 -5.05455359 -0.1812904
v 5.16133782 -5.05455511 0.18129357
v 5.59586666 -4.80884469 0.19191143
v 4.68061122 -5.39064785 -0.16698401
v 4.68061122 -5.39064779 0.16698738
v 4.2832133 -5.67897073 -0.15613058
v 4.2832133 -5.67897068 0.15613404
v 3.95360169 -5.95149186 -0.14724515
v 3.95360169 -5.95149181 0.14724876
v 3.65445172 -6.20337178 -0.13972801
v 3.65445093 -6.20337174 0.1397316
v 3.38039652 -6.4345259 -0.13325706
v 3.38039652 -6.43452585 0.13326081
v 3.12986246 -6.64833153 -0.12763317
v 3.12986246 -6.64833149 0.12763696
v 2.8840874 -6.85569721 -0.12272232
v 2.884087 -6.85569717 0.12272616
v 2.64888242 -7.01227319 -0.11843006
v 2.64888242 -7.01227315 0.11843399
v 2.41848566 -7.13165178 0.11469313
v 1.10768021 -6.97422499 -0.10337181
v 1.10768021 -6.97422495 0.10337573
v 0.78783058 -6.70636143 -0.10293872
v 0.78783058 -6.70636219 0.10294249
v 0.87476102 -4.52229156 -2.273E-05
v 0.81725094 -4.52230822 -0.35024564
v 0.72391949 -4.37933568 -0.30944127
v 0.7725356 -4.37930321 -2.431E-05
v 0.72383577 -4.37933558 0.3093878
v 0.81715551 -4.5223081 0.35019446
v -0.63544385 -4.52229145 0.62225613
v -0.35780336 -4.52230803 0.80045069
v -0.31610386 -4.37933551 0.7090293
v -0.56057417 -4.37930312 0.54893998
v -0.63544385 -4.52229145 0.62225613
v -0.56057417 -4.37930312 0.54893998
v -0.72383542 -4.37933558 0.30938794
v -0.81715516 -4.5223081 0.35019463
v 1.9E-07 -4.5222917 -0.85699934
v -0.35793134 -4.52230829 -0.80053662
v -0.31621439 -4.37933574 -0.70911305
v 1.9E-07 -4.37930333 -0.75684593
v 0.31621474 -4.37933574 -0.70911305
v 0.35793171 -4.52230829 -0.80053667
v 0.63559261 -4.52229166 -0.62232461
v 0.56070286 -4.3793033 -0.5490085
v 0.63559261 -4.52229166 -0.62232461
v 0.56070286 -4.3793033 -0.5490085
v 0.63544419 -4.52229145 0.62225594
v 0.56057451 -4.37930312 0.54893983
v 0.63544419 -4.52229145 0.62225594
v 0.56057451 -4.37930312 0.54893983
v 0.3161042 -4.37933551 0.7090293
v 0.35780371 -4.52230803 0.80045064
v -0.87476063 -4.52229156 -2.255E-05
v -0.77253516 -4.37930321 -2.415E-05
v -0.72391914 -4.37933568 -0.30944113
v -0.8172506 -4.52230822 -0.35024547
v -0.63559226 -4.52229166 -0.62232442
v -0.56070252 -4.3793033 -0.54900835
v -0.63559226 -4.52229166 -0.62232442
v -0.56070252 -4.3793033 -0.54900835
v 1.7E-07 -4.52229142 0.85690738
v 1.7E-07 -4.37930308 0.75675719
v 0.12543559 16.58415105 0.38604241
v 0.02432631 16.55632816 0.37126991
v 0.07913698 16.49681477 0.24355206
v 0.1985512 16.55632815 0.31466048
v 0.15859963 16.47647403 0.11522623
v 0.28456176 16.54637484 0.20674216
v -0.1086914 16.54637486 0.33451837
v -0.06057874 16.47647404 0.18644166
v 3.8E-07 16.43986183 -1.9E-06
v 0.28424864 16.65350701 0.39257297
v 0.15039702 16.65263797 0.46286477
v 0.15039702 16.65263797 0.46286477
v 0.28424864 16.65350701 0.39257297
v 0.33089512 16.77553549 0.47086145
v 0.1758699 16.76376188 0.54126245
v 0.39147431 16.65437603 0.28441793
v 0.4888952 16.81334802 0.35519778
v 0.33089512 16.77553549 0.47086145
v 0.0007922 16.65350702 0.48467422
v -0.14952792 16.65437606 0.46020104
v 0.00907126 16.77553551 0.57542921
v 0.0007922 16.65350702 0.48467422
v -0.18673921 16.81334806 0.57472577
v -0.14952792 16.65437606 0.46020104
v 0.40591386 16.58415098 -1.92E-06
v 0.48669017 16.6526379 -1.93E-06
v 0.46120136 16.65350697 0.14901899
v 0.36061951 16.55632811 0.09159295
v 0.48669017 16.6526379 -1.93E-06
v 0.56912302 16.76376179 -1.95E-06
v 0.55007352 16.77553544 0.16918978
v 0.46120136 16.65350697 0.14901899
v 0.4888952 16.81334802 0.35519778
v 0.39147431 16.65437603 0.28441793
v 0.25608971 16.49681473 -1.91E-06
v 0.36061951 16.55632808 -0.09159678
v 0.15859963 16.47647399 -0.11523004
v 0.28456176 16.54637477 -0.20674599
v 0.46120136 16.65350692 -0.14902285
v 0.46120136 16.65350692 -0.14902285
v 0.55007352 16.77553539 -0.16919368
v 0.39147431 16.65437594 -0.2844218
v 0.39147431 16.65437594 -0.2844218
v 0.4888952 16.81334791 -0.3552017
v -0.32839108 16.58415102 0.23858721
v -0.34558637 16.55632812 0.13786178
v -0.20718062 16.49681475 0.1505231
v -0.23790787 16.55632815 0.28606611
v -0.35173809 16.54637481 -1.92E-06
v -0.19603956 16.47647401 -1.91E-06
v -0.28552542 16.65350701 0.39164528
v -0.39374058 16.65263794 0.28606612
v -0.39374058 16.65263794 0.28606612
v -0.28552542 16.65350701 0.39164528
v -0.34556794 16.77553549 0.46020112
v -0.46042992 16.76376184 0.33451838
v -0.46071381 16.65350697 0.15052309
v -0.48388989 16.65437599 -1.93E-06
v -0.39374058 16.65263794 0.28606612
v -0.46042992 16.76376184 0.33451838
v -0.54446911 16.77553544 0.18644161
v -0.46071381 16.65350697 0.15052309
v -0.60430946 16.81334796 -1.96E-06
v -0.48388989 16.65437599 -1.93E-06
v -0.32839108 16.58415094 -0.23859105
v -0.23790787 16.55632805 -0.28606997
v -0.20718062 16.4968147 -0.15052693
v -0.34558642 16.55632808 -0.13786561
v -0.1086914 16.54637475 -0.33452225
v -0.06057874 16.47647398 -0.18644547
v -0.46071381 16.65350692 -0.15052695
v -0.39374058 16.65263785 -0.28607001
v -0.39374058 16.65263785 -0.28607001
v -0.46071381 16.65350692 -0.15052695
v -0.54446911 16.77553538 -0.18644552
v -0.46042992 16.76376174 -0.33452228
v -0.2855254 16.65350688 -0.39164915
v -0.14952791 16.65437591 -0.46020501
v -0.39374058 16.65263785 -0.28607001
v -0.46042992 16.76376174 -0.33452228
v -0.34556794 16.77553534 -0.46020498
v -0.2855254 16.65350688 -0.39164915
v -0.18673921 16.81334787 -0.57472969
v -0.14952791 16.65437591 -0.46020501
v 0.12543559 16.58415092 -0.38604626
v 0.1985512 16.55632805 -0.31466432
v 0.07913698 16.49681469 -0.24355588
v 0.02432631 16.55632804 -0.3712738
v 0.0007922 16.65350686 -0.48467813
v 0.15039702 16.65263782 -0.46286868
v 0.15039702 16.65263782 -0.46286868
v 0.0007922 16.65350686 -0.48467813
v 0.00907126 16.77553532 -0.57543311
v 0.1758699 16.7637617 -0.54126636
v 0.28424864 16.65350688 -0.39257681
v 0.33089512 16.77553534 -0.47086536
v 0.28424864 16.65350688 -0.39257681
v 0.33089512 16.77553534 -0.47086536
v 0.4888952 16.81334791 -0.3552017
v 0.65678354 16.99006776 -1.99E-06
v 0.66141191 17.04302337 0.09159287
v 0.61947411 16.90959848 0.14901895
v 0.63165003 16.88718911 -1.97E-06
v 0.6362998 17.11550443 0.20674207
v 0.58751402 16.97157747 0.28441788
v 0.61947416 16.90960001 -0.14902289
v 0.66141191 17.04302334 -0.09159686
v 0.58751402 16.97157737 -0.28442185
v 0.6362998 17.11550437 -0.20674608
v 0.66789539 17.16313423 -2.02E-06
v 0.64248942 17.25942982 0.11522609
v 0.64248942 17.25942978 -0.11523017
v 0.60430941 17.41766084 -2.06E-06
v 0.20295692 16.99006786 0.62463148
v 0.11727431 17.04302346 0.65733794
v 0.04970011 16.90959856 0.63519916
v 0.195191 16.88718921 0.60072846
v 0 17.11550451 0.6690386
v -0.08894904 16.97157752 0.64664461
v 0.33315654 16.90960013 0.54309788
v 0.29149924 17.04302345 0.60072844
v 0.45205321 16.9715775 0.47086142
v 0.39325317 17.11550449 0.5412624
v 0.4888952 16.81334802 0.35519778
v 0.20638944 17.16313434 0.63519912
v 0.08894904 17.25942991 0.64664456
v 0.30812744 17.25942989 0.57542913
v 0.18673921 17.41766093 0.57472567
v -0.53134798 16.99006782 0.38604235
v -0.5889316 17.04302341 0.3146604
v -0.58875862 16.9095985 0.24355199
v -0.51101493 16.88718918 0.37126991
v -0.63629985 17.11550443 0.20674207
v -0.64248942 16.97157744 0.11522615
v -0.41357022 16.90960012 0.48467423
v -0.48125305 17.04302343 0.46286475
v -0.48125305 17.04302343 0.46286475
v -0.41357022 16.90960012 0.48467423
v -0.30812741 16.97157751 0.57542917
v -0.39325317 17.11550449 0.5412624
v -0.51101493 16.88718918 0.37126991
v -0.54033734 17.1631343 0.39257286
v -0.58751402 17.25942985 0.28441781
v -0.45205316 17.25942988 0.47086138
v -0.54033734 17.1631343 0.39257286
v -0.45205316 17.25942988 0.47086138
v -0.4888952 17.41766089 0.35519768
v -0.53134808 16.99006769 -0.38604637
v -0.48125305 17.04302328 -0.4628687
v -0.41357022 16.90959838 -0.48467813
v -0.51101493 16.88718905 -0.37127385
v -0.51101493 16.88718905 -0.37127385
v -0.41357022 16.90959838 -0.48467813
v -0.48125305 17.04302328 -0.4628687
v -0.39325317 17.11550431 -0.54126641
v -0.30812741 16.97157732 -0.57543314
v -0.58875862 16.9096 -0.24355594
v -0.5889316 17.04302331 -0.3146644
v -0.64248942 16.9715774 -0.11523012
v -0.63629985 17.11550437 -0.20674608
v -0.54033729 17.16313417 -0.39257692
v -0.54033729 17.16313417 -0.39257692
v -0.45205321 17.25942972 -0.47086544
v -0.58751402 17.25942975 -0.2844219
v -0.4888952 17.41766078 -0.35520179
v -0.45205321 17.25942972 -0.47086544
v 0.20295692 16.99006765 -0.62463546
v 0.29149922 17.04302326 -0.60073243
v 0.33315654 16.90959837 -0.54310183
v 0.195191 16.88718902 -0.6007324
v 0.39325317 17.11550431 -0.54126641
v 0.45205321 16.97157734 -0.47086539
v 0.4888952 16.81334791 -0.3552017
v 0.04970011 16.90959993 -0.63520311
v 0.11727431 17.04302325 -0.65734193
v -0.08894904 16.97157731 -0.64664858
v 0 17.11550429 -0.66904262
v 0.20638944 17.16313413 -0.63520315
v 0.30812744 17.25942971 -0.57543319
v 0.08894904 17.25942969 -0.64664862
v 0.18673921 17.41766074 -0.57472974
v 0.53134798 17.24093953 0.38604231
v 0.48125305 17.18798394 0.46286473
v 0.54033729 17.06787226 0.39257288
v 0.5889316 17.18798391 0.31466033
v 0.39325317 17.11550449 0.5412624
v 0.45205321 16.9715775 0.47086142
v 0.58875862 17.32140722 0.2435519
v 0.51101493 17.34381816 0.37126984
v 0.54446906 17.45547105 0.18644148
v 0.46042992 17.4672439 0.33451822
v 0.41357024 17.32140726 0.48467416
v 0.48125305 17.18798394 0.46286473
v 0.41357024 17.32140726 0.48467416
v 0.34556794 17.45547109 0.46020091
v 0.34556794 17.45547109 0.46020091
v -0.20295689 17.24093957 0.62463144
v -0.29149919 17.18798396 0.60072841
v -0.20638943 17.0678723 0.63519913
v -0.11727431 17.18798397 0.65733792
v -0.04970011 17.32140728 0.63519909
v -0.195191 17.3438182 0.60072839
v -0.00907126 17.45547111 0.5754291
v -0.1758699 17.46724393 0.54126234
v -0.33315652 17.32140727 0.54309782
v -0.33089512 17.45547109 0.47086134
v -0.4888952 17.41766089 0.35519768
v -0.65678354 17.24093946 -2.03E-06
v -0.66141191 17.18798385 -0.09159688
v -0.66789539 17.06787219 -2E-06
v -0.66141191 17.18798388 0.09159284
v -0.61947411 17.3214072 0.14901888
v -0.63165003 17.3438181 -2.05E-06
v -0.55007347 17.45547104 0.16918967
v -0.56912302 17.46724385 -2.07E-06
v -0.61947416 17.32140716 -0.14902296
v -0.55007352 17.45547099 -0.1691938
v -0.20295689 17.24093936 -0.6246355
v -0.11727431 17.18798375 -0.65734196
v -0.20638943 17.06787209 -0.63520313
v -0.29149919 17.18798376 -0.60073245
v -0.33315654 17.32140709 -0.5431019
v -0.195191 17.34381801 -0.60073248
v -0.33089512 17.45547094 -0.47086547
v -0.1758699 17.46724376 -0.54126647
v -0.4888952 17.41766078 -0.35520179
v -0.04970011 17.32140708 -0.63520318
v -0.00907126 17.45547092 -0.57543322
v 0.53134798 17.2409394 -0.38604636
v 0.5889316 17.18798381 -0.31466442
v 0.54033734 17.06787213 -0.3925769
v 0.4812531 17.18798379 -0.46286872
v 0.4812531 17.18798379 -0.46286872
v 0.54033734 17.06787213 -0.3925769
v 0.45205321 16.97157734 -0.47086539
v 0.41357024 17.3214071 -0.48467819
v 0.51101493 17.34381804 -0.37127388
v 0.34556794 17.45547094 -0.46020504
v 0.46042992 17.46724379 -0.33452235
v 0.41357024 17.3214071 -0.48467819
v 0.34556794 17.45547094 -0.46020504
v 0.58875862 17.32140714 -0.24355601
v 0.54446906 17.45547098 -0.18644563
v 0.32839108 17.64685786 0.23858704
v 0.23790787 17.67467917 0.28606593
v 0.28552542 17.57749955 0.39164508
v 0.39374058 17.57836937 0.28606595
v 0.34556794 17.45547109 0.46020091
v 0.46042992 17.4672439 0.33451822
v 0.1086914 17.68463168 0.33451823
v 0.14952791 17.57663131 0.46020094
v 0.28552542 17.57749955 0.39164508
v 0.14952791 17.57663131 0.46020094
v 0.46071381 17.5775003 0.15052292
v 0.34558637 17.67467914 0.1378616
v 0.48388989 17.57663123 -2.08E-06
v 0.35173809 17.68463162 -2.1E-06
v 0.39374058 17.57836937 0.28606595
v 0.46071381 17.5775003 0.15052292
v 0.48388989 17.57663123 -2.08E-06
v 0.20718062 17.73419252 0.15052291
v 0.06057874 17.75453324 0.18644145
v 0.19603956 17.75453321 -2.11E-06
v -3.8E-07 17.79114618 -2.12E-06
v -0.12543559 17.64685788 0.38604224
v -0.1985512 17.67467917 0.3146603
v -0.28424864 17.57749955 0.39257282
v -0.15039702 17.5783694 0.46286462
v -0.15039702 17.5783694 0.46286462
v -0.28424864 17.57749955 0.39257282
v -0.28456176 17.68463166 0.20674197
v -0.39147431 17.57663128 0.28441778
v -0.4888952 17.41766089 0.35519768
v -0.33089512 17.45547109 0.47086134
v -0.00079219 17.57750035 0.48467407
v -0.02432631 17.67467918 0.37126978
v -0.00079219 17.57750035 0.48467407
v -0.07913698 17.73419253 0.24355186
v -0.15859963 17.75453323 0.11522602
v -0.40591386 17.64685782 -2.09E-06
v -0.36061951 17.6746791 -0.09159696
v -0.46120136 17.57749946 -0.149023
v -0.48669017 17.57836932 -2.08E-06
v -0.48669017 17.57836932 -2.08E-06
v -0.46120136 17.57749946 -0.149023
v -0.28456176 17.68463159 -0.20674618
v -0.39147431 17.57663118 -0.28442195
v -0.39147431 17.57663118 -0.28442195
v -0.46120136 17.5775003 0.14901884
v -0.36061951 17.67467913 0.09159276
v -0.46120136 17.5775003 0.14901884
v -0.39147431 17.57663128 0.28441778
v -0.25608971 17.73419249 -2.11E-06
v -0.15859963 17.75453319 -0.11523023
v -0.12543559 17.64685775 -0.38604643
v -0.02432631 17.67467906 -0.37127398
v -0.0007922 17.57749941 -0.48467828
v -0.15039702 17.57836925 -0.46286883
v -0.15039702 17.57836925 -0.46286883
v -0.0007922 17.57749941 -0.48467828
v 0.1086914 17.68463157 -0.33452238
v 0.14952791 17.57663116 -0.46020506
v 0.14952791 17.57663116 -0.46020506
v -0.28424864 17.57750021 -0.39257696
v -0.1985512 17.67467907 -0.31466445
v -0.28424864 17.57750021 -0.39257696
v -0.33089512 17.45547094 -0.47086547
v -0.4888952 17.41766078 -0.35520179
v -0.07913698 17.73419245 -0.24355605
v 0.06057874 17.75453318 -0.18644565
v 0.32839108 17.64685778 -0.23859123
v 0.34558642 17.6746791 -0.13786579
v 0.46071381 17.57749946 -0.15052709
v 0.39374058 17.57836927 -0.28607012
v 0.39374058 17.57836927 -0.28607012
v 0.46071381 17.57749946 -0.15052709
v 0.2855254 17.57750021 -0.39164925
v 0.23790787 17.67467907 -0.28607013
v 0.46042992 17.46724379 -0.33452235
v 0.34556794 17.45547094 -0.46020504
v 0.2855254 17.57750021 -0.39164925
v 0.20718062 17.73419247 -0.15052712
v 3.83303454 4.54581196 4.49557821
v 0.35230388 4.54581196 4.49557821
v 0.35230388 4.54581195 4.41266112
v 3.83303454 4.54581195 4.41266112
v 1.10081711 -3.49843384 0.72515873
v 0.74419684 -3.49843378 1.07980718
v 0.51152838 -3.9462988 0.93489667
v 0.95382761 -3.94629888 0.4995101
v -1.10081681 -3.49843384 0.72515892
v -1.10081681 -3.49843408 -0.72515602
v -0.95396402 -3.94629904 -0.49953474
v -0.95382732 -3.94629888 0.49951025
v 0.74419684 -3.49843378 1.07980718
v -0.7441965 -3.49843378 1.07980738
v -0.51152798 -3.9462988 0.93489676
v 0.51152838 -3.9462988 0.93489667
v -1.10081681 -3.49843408 -0.72515602
v -0.74510973 -3.49843413 -1.07994761
v -0.51195351 -3.94629911 -0.93500957
v -0.95396402 -3.94629904 -0.49953474
v 0.74511002 -3.49843413 -1.0799478
v 1.10081711 -3.49843408 -0.72515622
v 0.95396432 -3.94629904 -0.49953488
v 0.51195391 -3.94629911 -0.93500957
v 1.10081711 -3.49843408 -0.72515622
v 0.95396432 -3.94629904 -0.49953488
v -1.10081681 -3.49843384 0.72515892
v -0.95382732 -3.94629888 0.49951025
v 3.83303454 -2.28212367 4.49557932
v 3.83303454 4.54581196 4.49557821
v 3.83303454 4.54581195 4.41266112
v 3.83303454 -2.28212369 4.41266223
v -3.83303494 5.0341151 4.49557813
v -0.3523037 5.0341151 4.49557813
v -0.3523037 5.03411509 4.41266104
v -3.83303494 5.03411509 4.41266104
v 0.35230383 5.0341151 4.49557813
v 3.83303454 5.0341151 4.49557813
v 3.83303454 5.03411509 4.41266104
v 0.35230383 5.03411509 4.41266104
v 0.35230383 5.03411509 4.41266104
v 3.83303454 5.03411509 4.41266104
v 3.83303454 11.8620505 4.41265992
v 0.3523038 11.8620505 4.41265992
v 3.83303454 4.54581195 4.41266112
v 0.35230388 4.54581195 4.41266112
v 0.35230393 -2.28212369 4.41266223
v 3.83303454 -2.28212369 4.41266223
v -0.3523037 5.03411509 4.41266104
v -0.35230375 11.8620505 4.41265992
v -3.83303494 11.8620505 4.41265992
v -3.83303494 5.03411509 4.41266104
v -0.35230365 4.54581195 4.41266112
v -3.83303454 4.54581195 4.41266112
v -3.83303454 -2.28212369 4.41266223
v -0.35230363 -2.28212369 4.41266223
v -0.35230365 4.54581196 4.49557821
v -3.83303454 4.54581196 4.49557821
v -3.83303454 4.54581195 4.41266112
v -0.35230365 4.54581195 4.41266112
v 3.83303454 5.0341151 4.49557813
v 3.83303454 11.86205051 4.49557702
v 3.83303454 11.8620505 4.41265992
v 3.83303454 5.03411509 4.41266104
v -3.83303454 -2.28212367 4.49557932
v -0.35230363 -2.28212367 4.49557932
v -0.35230363 -2.28212369 4.41266223
v -3.83303454 -2.28212369 4.41266223
v -0.35230375 11.86205051 4.49557702
v -3.83303494 11.86205051 4.49557702
v -3.83303494 11.8620505 4.41265992
v -0.35230375 11.8620505 4.41265992
v 0.3523038 11.86205051 4.49557702
v 0.35230383 5.0341151 4.49557813
v 0.35230383 5.03411509 4.41266104
v 0.3523038 11.8620505 4.41265992
v -3.83303454 4.54581196 4.49557821
v -3.83303454 -2.28212367 4.49557932
v -3.83303454 -2.28212369 4.41266223
v -3.83303454 4.54581195 4.41266112
v 0.35230388 4.54581196 4.49557821
v 0.35230393 -2.28212367 4.49557932
v 0.35230393 -2.28212369 4.41266223
v 0.35230388 4.54581195 4.41266112
v 0.35230393 -2.28212367 4.49557932
v 3.83303454 -2.28212367 4.49557932
v 3.83303454 -2.28212369 4.41266223
v 0.35230393 -2.28212369 4.41266223
v -0.35230363 -2.28212367 4.49557932
v -0.35230365 4.54581196 4.49557821
v -0.35230365 4.54581195 4.41266112
v -0.35230363 -2.28212369 4.41266223
v 3.83303454 11.86205051 4.49557702
v 0.3523038 11.86205051 4.49557702
v 0.3523038 11.8620505 4.41265992
v 3.83303454 11.8620505 4.41265992
v -0.3523037 5.0341151 4.49557813
v -0.35230375 11.86205051 4.49557702
v -0.35230375 11.8620505 4.41265992
v -0.3523037 5.03411509 4.41266104
v -3.83303494 11.86205051 4.49557702
v -3.83303494 5.0341151 4.49557813
v -3.83303494 5.03411509 4.41266104
v -3.83303494 11.8620505 4.41265992
v 4.49557817 11.8620504 3.76545189
v 4.49557817 5.03411499 3.76545301
v 4.41266108 5.03411499 3.76545301
v 4.41266108 11.8620504 3.76545189
v 4.49557817 5.03411443 0.34297673
v 4.49557817 11.86204984 0.34297561
v 4.41266108 11.86204984 0.34297561
v 4.41266108 5.03411443 0.34297673
v 4.49557817 -2.28212503 -3.82837028
v 4.49557817 4.5458106 -3.82837139
v 4.41266108 4.5458106 -3.82837139
v 4.41266108 -2.28212503 -3.82837028
v 4.49557817 11.86204973 -0.34297784
v 4.49557817 5.03411432 -0.34297676
v 4.41266108 5.03411432 -0.34297676
v 4.41266108 11.86204973 -0.34297784
v 4.41266108 5.03411443 0.34297673
v 4.41266108 11.86204984 0.34297561
v 4.41266108 11.8620504 3.76545189
v 4.41266108 5.03411499 3.76545301
v 4.41266108 5.03411432 -0.34297676
v 4.41266108 5.03411375 -3.82837108
v 4.41266108 11.86204916 -3.82837219
v 4.41266108 11.86204973 -0.34297784
v 4.41266108 4.54581117 -0.34297673
v 4.41266108 -2.28212446 -0.34297564
v 4.41266108 -2.28212503 -3.82837028
v 4.41266108 4.5458106 -3.82837139
v 4.41266108 4.54581128 0.34297673
v 4.41266108 4.54581184 3.76545269
v 4.41266108 -2.28212379 3.7654538
v 4.41266108 -2.28212435 0.34297782
v 4.49557817 5.03411499 3.76545301
v 4.49557817 5.03411443 0.34297673
v 4.41266108 5.03411443 0.34297673
v 4.41266108 5.03411499 3.76545301
v 4.49557817 4.54581184 3.76545269
v 4.49557817 -2.28212379 3.7654538
v 4.41266108 -2.28212379 3.7654538
v 4.41266108 4.54581184 3.76545269
v 4.49557817 4.54581128 0.34297673
v 4.49557817 4.54581184 3.76545269
v 4.41266108 4.54581184 3.76545269
v 4.41266108 4.54581128 0.34297673
v 4.49557817 -2.28212379 3.7654538
v 4.49557817 -2.28212435 0.34297782
v 4.41266108 -2.28212435 0.34297782
v 4.41266108 -2.28212379 3.7654538
v 4.49557817 4.54581117 -0.34297673
v 4.49557817 -2.28212446 -0.34297564
v 4.41266108 -2.28212446 -0.34297564
v 4.41266108 4.54581117 -0.34297673
v 4.49557817 11.86204984 0.34297561
v 4.49557817 11.8620504 3.76545189
v 4.41266108 11.8620504 3.76545189
v 4.41266108 11.86204984 0.34297561
v 4.49557817 5.03411375 -3.82837108
v 4.49557817 11.86204916 -3.82837219
v 4.41266108 11.86204916 -3.82837219
v 4.41266108 5.03411375 -3.82837108
v 4.49557817 5.03411432 -0.34297676
v 4.49557817 5.03411375 -3.82837108
v 4.41266108 5.03411375 -3.82837108
v 4.41266108 5.03411432 -0.34297676
v 4.49557817 -2.28212435 0.34297782
v 4.49557817 4.54581128 0.34297673
v 4.41266108 4.54581128 0.34297673
v 4.41266108 -2.28212435 0.34297782
v 4.49557817 -2.28212446 -0.34297564
v 4.49557817 -2.28212503 -3.82837028
v 4.41266108 -2.28212503 -3.82837028
v 4.41266108 -2.28212446 -0.34297564
v 4.49557817 4.5458106 -3.82837139
v 4.49557817 4.54581117 -0.34297673
v 4.41266108 4.54581117 -0.34297673
v 4.41266108 4.5458106 -3.82837139
v 4.49557817 11.86204916 -3.82837219
v 4.49557817 11.86204973 -0.34297784
v 4.41266108 11.86204973 -0.34297784
v 4.41266108 11.86204916 -3.82837219
v 0.35230388 5.03411364 -4.49557821
v 0.35230393 11.86204905 -4.49557932
v 0.35230393 11.86204906 -4.41266223
v 0.35230388 5.03411365 -4.41266112
v 0.35230393 11.86204905 -4.49557932
v 3.83303494 11.86204905 -4.49557932
v 3.83303494 11.86204906 -4.41266223
v 0.35230393 11.86204906 -4.41266223
v 3.83303454 -2.28212514 -4.49557702
v 0.3523038 -2.28212514 -4.49557702
v 0.3523038 -2.28212512 -4.41265992
v 3.83303454 -2.28212512 -4.41265992
v -0.35230363 11.86204905 -4.49557932
v -0.35230365 5.03411364 -4.49557821
v -0.35230365 5.03411365 -4.41266112
v -0.35230363 11.86204906 -4.41266223
v 0.35230388 5.03411365 -4.41266112
v 0.35230393 11.86204906 -4.41266223
v 3.83303494 11.86204906 -4.41266223
v 3.83303494 5.03411365 -4.41266112
v 3.83303454 4.54581051 -4.41266104
v 3.83303454 -2.28212512 -4.41265992
v 0.3523038 -2.28212512 -4.41265992
v 0.35230383 4.54581051 -4.41266104
v -0.35230365 5.03411365 -4.41266112
v -3.83303454 5.03411365 -4.41266112
v -3.83303454 11.86204906 -4.41266223
v -0.35230363 11.86204906 -4.41266223
v -0.3523037 4.54581051 -4.41266104
v -0.35230375 -2.28212512 -4.41265992
v -3.83303454 -2.28212512 -4.41265992
v -3.83303454 4.54581051 -4.41266104
v 3.83303494 5.03411364 -4.49557821
v 0.35230388 5.03411364 -4.49557821
v 0.35230388 5.03411365 -4.41266112
v 3.83303494 5.03411365 -4.41266112
v -3.83303454 -2.28212514 -4.49557702
v -3.83303454 4.54581049 -4.49557813
v -3.83303454 4.54581051 -4.41266104
v -3.83303454 -2.28212512 -4.41265992
v 3.83303454 4.54581049 -4.49557813
v 3.83303454 -2.28212514 -4.49557702
v 3.83303454 -2.28212512 -4.41265992
v 3.83303454 4.54581051 -4.41266104
v 0.35230383 4.54581049 -4.49557813
v 3.83303454 4.54581049 -4.49557813
v 3.83303454 4.54581051 -4.41266104
v 0.35230383 4.54581051 -4.41266104
v 3.83303494 11.86204905 -4.49557932
v 3.83303494 5.03411364 -4.49557821
v 3.83303494 5.03411365 -4.41266112
v 3.83303494 11.86204906 -4.41266223
v -0.35230375 -2.28212514 -4.49557702
v -3.83303454 -2.28212514 -4.49557702
v -3.83303454 -2.28212512 -4.41265992
v -0.35230375 -2.28212512 -4.41265992
v -0.35230365 5.03411364 -4.49557821
v -3.83303454 5.03411364 -4.49557821
v -3.83303454 5.03411365 -4.41266112
v -0.35230365 5.03411365 -4.41266112
v -0.3523037 4.54581049 -4.49557813
v -0.35230375 -2.28212514 -4.49557702
v -0.35230375 -2.28212512 -4.41265992
v -0.3523037 4.54581051 -4.41266104
v -3.83303454 5.03411364 -4.49557821
v -3.83303454 11.86204905 -4.49557932
v -3.83303454 11.86204906 -4.41266223
v -3.83303454 5.03411365 -4.41266112
v -3.83303454 11.86204905 -4.49557932
v -0.35230363 11.86204905 -4.49557932
v -0.35230363 11.86204906 -4.41266223
v -3.83303454 11.86204906 -4.41266223
v -3.83303454 4.54581049 -4.49557813
v -0.3523037 4.54581049 -4.49557813
v -0.3523037 4.54581051 -4.41266104
v -3.83303454 4.54581051 -4.41266104
v 0.3523038 -2.28212514 -4.49557702
v 0.35230383 4.54581049 -4.49557813
v 0.35230383 4.54581051 -4.41266104
v 0.3523038 -2.28212512 -4.41265992
v -4.49557817 4.5458106 -3.82837139
v -4.49557817 -2.28212503 -3.82837028
v -4.41266108 -2.28212503 -3.82837028
v -4.41266108 4.5458106 -3.82837139
v -4.49557817 5.03411499 3.76545261
v -4.49557817 11.8620504 3.7654515
v -4.41266108 11.8620504 3.7654515
v -4.41266108 5.03411499 3.76545261
v -4.49557817 11.8620504 3.7654515
v -4.49557817 11.86204984 0.34297554
v -4.41266108 11.86204984 0.34297554
v -4.41266108 11.8620504 3.7654515
v -4.49557817 -2.28212446 -0.34297551
v -4.49557817 4.54581117 -0.34297665
v -4.41266108 4.54581117 -0.34297665
v -4.41266108 -2.28212446 -0.34297551
v -4.41266108 4.5458106 -3.82837139
v -4.41266108 -2.28212503 -3.82837028
v -4.41266108 -2.28212446 -0.34297551
v -4.41266108 4.54581117 -0.34297665
v -4.41266108 5.03411432 -0.34297681
v -4.41266108 11.86204973 -0.34297792
v -4.41266108 11.86204916 -3.82837258
v -4.41266108 5.03411375 -3.82837147
v -4.41266108 5.03411443 0.34297668
v -4.41266108 5.03411499 3.76545261
v -4.41266108 11.8620504 3.7654515
v -4.41266108 11.86204984 0.34297554
v -4.41266108 4.54581128 0.34297681
v -4.41266108 -2.28212435 0.34297794
v -4.41266108 -2.28212379 3.7654538
v -4.41266108 4.54581184 3.76545269
v -4.49557817 11.86204984 0.34297554
v -4.49557817 5.03411443 0.34297668
v -4.41266108 5.03411443 0.34297668
v -4.41266108 11.86204984 0.34297554
v -4.49557817 5.03411443 0.34297668
v -4.49557817 5.03411499 3.76545261
v -4.41266108 5.03411499 3.76545261
v -4.41266108 5.03411443 0.34297668
v -4.49557817 -2.28212379 3.7654538
v -4.49557817 4.54581184 3.76545269
v -4.41266108 4.54581184 3.76545269
v -4.41266108 -2.28212379 3.7654538
v -4.49557817 11.86204973 -0.34297792
v -4.49557817 11.86204916 -3.82837258
v -4.41266108 11.86204916 -3.82837258
v -4.41266108 11.86204973 -0.34297792
v -4.49557817 4.54581184 3.76545269
v -4.49557817 4.54581128 0.34297681
v -4.41266108 4.54581128 0.34297681
v -4.41266108 4.54581184 3.76545269
v -4.49557817 5.03411432 -0.34297681
v -4.49557817 11.86204973 -0.34297792
v -4.41266108 11.86204973 -0.34297792
v -4.41266108 5.03411432 -0.34297681
v -4.49557817 5.03411375 -3.82837147
v -4.49557817 5.03411432 -0.34297681
v -4.41266108 5.03411432 -0.34297681
v -4.41266108 5.03411375 -3.82837147
v -4.49557817 -2.28212503 -3.82837028
v -4.49557817 -2.28212446 -0.34297551
v -4.41266108 -2.28212446 -0.34297551
v -4.41266108 -2.28212503 -3.82837028
v -4.49557817 -2.28212435 0.34297794
v -4.49557817 -2.28212379 3.7654538
v -4.41266108 -2.28212379 3.7654538
v -4.41266108 -2.28212435 0.34297794
v -4.49557817 4.54581117 -0.34297665
v -4.49557817 4.5458106 -3.82837139
v -4.41266108 4.5458106 -3.82837139
v -4.41266108 4.54581117 -0.34297665
v -4.49557817 4.54581128 0.34297681
v -4.49557817 -2.28212435 0.34297794
v -4.41266108 -2.28212435 0.34297794
v -4.41266108 4.54581128 0.34297681
v -4.49557817 11.86204916 -3.82837258
v -4.49557817 5.03411375 -3.82837147
v -4.41266108 5.03411375 -3.82837147
v -4.41266108 11.86204916 -3.82837258
v 0.52477815 -8.65839866 -0.2254181
v 0.56315689 -8.65839863 -2.603E-05
v 0.49193533 -8.79732247 -2.696E-05
v 0.45841032 -8.7973225 -0.19691401
v -0.52471598 -8.65839859 0.22536228
v -0.56315654 -8.65839863 -2.591E-05
v -0.49193498 -8.79732247 -2.686E-05
v -0.45835596 -8.79732244 0.19685689
v 0.40956675 -8.65839869 -0.4010246
v 0.35776951 -8.79732253 -0.35031189
v 0.2303613 -8.65839871 -0.51405993
v 0.40956675 -8.65839869 -0.4010246
v 0.35776951 -8.79732253 -0.35031189
v 0.20122788 -8.79732254 -0.44905179
v -0.40946926 -8.65839856 0.40095744
v -0.35768428 -8.79732241 0.35024475
v -0.4095664 -8.65839869 -0.40102452
v -0.23036093 -8.65839871 -0.51405988
v -0.20122751 -8.79732254 -0.44905174
v -0.35776916 -8.79732253 -0.35031179
v -0.23027699 -8.65839854 0.51398133
v -0.40946926 -8.65839856 0.40095744
v -0.35768428 -8.79732241 0.35024475
v -0.20115418 -8.7973224 0.44897462
v -0.5247778 -8.65839866 -0.22541797
v -0.4095664 -8.65839869 -0.40102452
v -0.35776916 -8.79732253 -0.35031179
v -0.45840998 -8.7973225 -0.19691393
v 0.40946961 -8.65839856 0.40095732
v 0.23027733 -8.65839854 0.51398128
v 0.20115453 -8.7973224 0.44897462
v 0.3576846 -8.79732241 0.35024463
v 0.52471632 -8.65839859 0.22536223
v 0.40946961 -8.65839856 0.40095732
v 0.3576846 -8.79732241 0.35024463
v 0.4583563 -8.79732244 0.1968568
v 1.8E-07 -8.65839872 -0.55173835
v 1.8E-07 -8.79732255 -0.48196504
v 1.7E-07 -8.65839854 0.5516559
v 1.7E-07 -8.79732239 0.48188461
v -0.45840998 -8.7973225 -0.19691393
v -0.35776916 -8.79732253 -0.35031179
v -0.41869664 -8.80333706 -0.40996354
v -0.53647626 -8.80333703 -0.23044229
v -0.35768428 -8.79732241 0.35024475
v -0.45835596 -8.79732244 0.19685689
v -0.53641314 -8.80333695 0.23038692
v -0.41859725 -8.80333692 0.40989648
v -0.49193498 -8.79732247 -2.686E-05
v -0.57571059 -8.80333699 -2.571E-05
v 0.20122788 -8.79732254 -0.44905179
v 0.35776951 -8.79732253 -0.35031189
v 0.41869698 -8.80333706 -0.40996364
v 0.23549657 -8.80333708 -0.52551886
v -0.20122751 -8.79732254 -0.44905174
v -0.2354962 -8.80333708 -0.52551876
v 1.8E-07 -8.79732255 -0.48196504
v 1.8E-07 -8.80333708 -0.56403716
v 0.45841032 -8.7973225 -0.19691401
v 0.49193533 -8.79732247 -2.696E-05
v 0.57571094 -8.80333699 -2.583E-05
v 0.5364766 -8.80333703 -0.23044241
v 1.7E-07 -8.79732239 0.48188461
v -0.20115418 -8.7973224 0.44897462
v -0.23541035 -8.8033369 0.52543981
v 1.7E-07 -8.8033369 0.56395426
v 0.4583563 -8.79732244 0.1968568
v 0.3576846 -8.79732241 0.35024463
v 0.41859754 -8.80333692 0.40989626
v 0.53641339 -8.80333695 0.23038684
v 0.20115453 -8.7973224 0.44897462
v 0.23541067 -8.8033369 0.52543981
v 0.66454653 -10.18257706 -2.442E-05
v 0.61918523 -10.18257702 0.2659423
v 0.27173598 -10.18257697 0.60652385
v 1.7E-07 -10.18257696 0.65098121
v 0.48318967 -10.18257699 0.47315124
v 0.61925813 -10.18257711 -0.26599566
v -0.48318933 -10.18257699 0.47315139
v -0.61918489 -10.18257702 0.26594242
v -0.66454623 -10.18257706 -2.428E-05
v -0.61925779 -10.18257711 -0.26599547
v -0.27173563 -10.18257697 0.60652385
v 1.8E-07 -10.18257717 -0.65106603
v 0.2718351 -10.18257716 -0.60660408
v -0.48330399 -10.18257714 -0.47321788
v -0.27183465 -10.18257716 -0.60660398
v 0.48330433 -10.18257714 -0.47321788
v 0.80942024 -4.83107687 0.34765835
v 0.63164217 -4.83107683 0.61852904
v 0.55329028 -4.97089662 0.54179951
v 0.70901594 -4.97089666 0.30452892
v 1.9E-07 -4.83107707 -0.85108648
v 0.35535206 -4.83107706 -0.7929642
v 0.31127251 -4.97089682 -0.69460542
v 1.9E-07 -4.97089683 -0.7455179
v 1.7E-07 -4.83107679 0.85099462
v -0.35522225 -4.8310768 0.79287823
v -0.31115877 -4.97089659 0.69452162
v 1.7E-07 -4.97089658 0.74542901
v 0.2960492 -5.16825285 0.66079387
v 1.7E-07 -5.16825284 0.70922924
v 1.7E-07 -6.07987792 0.55957918
v 0.23358474 -6.07987793 0.52136339
v -0.29615672 -5.16825306 -0.66087682
v 1.9E-07 -5.16825307 -0.70931713
v 1.9E-07 -6.0798781 -0.55966277
v -0.23366947 -6.0798781 -0.52144303
v 0.63164217 -4.83107683 0.61852904
v 0.3552226 -4.8310768 0.79287818
v 0.31115911 -4.97089659 0.69452157
v 0.55329028 -4.97089662 0.54179951
v 0.86871814 -4.83107693 -2.256E-05
v 0.76095818 -4.9708967 -2.398E-05
v 0.52642249 -5.16825287 0.51548805
v 0.41535064 -6.07987795 0.40671625
v 0.72400598 -5.16825295 -2.444E-05
v 0.67458606 -5.16825291 0.2897393
v 0.53225261 -6.07987798 0.22859906
v 0.57124532 -6.07987801 -2.634E-05
v -0.86871774 -4.83107693 -2.238E-05
v -0.80951514 -4.83107699 -0.34770911
v -0.70909907 -4.97089675 -0.30458181
v -0.76095784 -4.9708967 -2.382E-05
v -0.29604885 -5.16825285 0.66079392
v -0.23358434 -6.07987793 0.52136349
v -0.35535169 -4.83107706 -0.7929641
v -0.31127214 -4.97089682 -0.69460532
v -0.72400563 -5.16825295 -2.429E-05
v -0.67466509 -5.168253 -0.28979291
v -0.53231498 -6.07987805 -0.22865552
v -0.57124498 -6.07987801 -2.622E-05
v 0.52642249 -5.16825287 0.51548805
v 0.41535064 -6.07987795 0.40671625
v 0.29615711 -5.16825306 -0.66087692
v 0.23366992 -6.0798781 -0.52144313
v -0.63179172 -4.83107703 -0.61859747
v -0.55342125 -4.97089679 -0.54186789
v -0.52654703 -5.16825304 -0.51555632
v -0.41544884 -6.07987808 -0.40678417
v -0.63164183 -4.83107683 0.61852923
v -0.55328993 -4.97089662 0.54179961
v -0.52642214 -5.16825287 0.51548815
v -0.41535029 -6.07987795 0.4067163
v -0.63179172 -4.83107703 -0.61859747
v -0.55342125 -4.97089679 -0.54186789
v -0.52654703 -5.16825304 -0.51555632
v -0.41544884 -6.07987808 -0.40678417
v -0.63164183 -4.83107683 0.61852923
v -0.8094199 -4.83107687 0.34765847
v -0.7090156 -4.97089666 0.30452904
v -0.55328993 -4.97089662 0.54179961
v -0.52642214 -5.16825287 0.51548815
v -0.67458572 -5.16825291 0.28973945
v -0.53225226 -6.07987798 0.22859918
v -0.41535029 -6.07987795 0.4067163
v 0.63179207 -4.83107703 -0.61859756
v 0.5534216 -4.97089679 -0.54186789
v 0.52654738 -5.16825304 -0.51555642
v 0.41544918 -6.07987808 -0.40678427
v 0.63179207 -4.83107703 -0.61859756
v 0.80951548 -4.83107699 -0.34770933
v 0.70909942 -4.97089675 -0.30458203
v 0.5534216 -4.97089679 -0.54186789
v 0.52654738 -5.16825304 -0.51555642
v 0.67466543 -5.168253 -0.28979311
v 0.53231533 -6.07987805 -0.22865564
v 0.41544918 -6.07987808 -0.40678427
v 0.27129866 -9.10671208 -0.60540739
v 0.48235072 -9.10671206 -0.47228446
v 0.47284446 -9.42729241 -0.46297717
v 0.26595189 -9.42729243 -0.59347645
v 1.7E-07 -9.10671188 0.64969654
v -0.27119945 -9.10671189 0.60532676
v -0.26585458 -9.42729224 0.59339623
v 1.7E-07 -9.42729223 0.63689157
v 0.48235072 -9.10671206 -0.47228446
v 0.61803621 -9.10671203 -0.26547102
v 0.60585584 -9.42729238 -0.26023965
v 0.47284446 -9.42729241 -0.46297717
v -0.61803586 -9.10671203 -0.26547087
v -0.48235038 -9.10671206 -0.47228436
v -0.47284411 -9.42729241 -0.46297717
v -0.60585549 -9.42729238 -0.26023948
v -0.27129827 -9.10671208 -0.60540724
v 1.8E-07 -9.10671209 -0.64978162
v 1.8E-07 -9.42729244 -0.6369761
v -0.2659515 -9.42729243 -0.5934764
v -0.48235038 -9.10671206 -0.47228436
v -0.47284411 -9.42729241 -0.46297717
v -0.61796316 -9.10671194 0.26541743
v -0.66323495 -9.10671199 -2.447E-05
v -0.65016379 -9.42729233 -2.459E-05
v -0.60578418 -9.42729229 0.26018596
v -0.48223592 -9.10671191 0.47221747
v -0.47273182 -9.42729226 0.46291023
v -0.48223592 -9.10671191 0.47221747
v -0.47273182 -9.42729226 0.46291023
v 0.61796351 -9.10671194 0.26541735
v 0.48223626 -9.10671191 0.47221733
v 0.47273217 -9.42729226 0.46291019
v 0.60578452 -9.42729229 0.26018584
v 0.6632353 -9.10671199 -2.461E-05
v 0.65016414 -9.42729233 -2.473E-05
v 0.48223626 -9.10671191 0.47221733
v 0.2711998 -9.10671189 0.60532676
v 0.2658549 -9.42729224 0.59339623
v 0.47273217 -9.42729226 0.46291019
v 0.30758028 -9.51153999 -0.68636576
v 0.546857 -9.51153997 -0.53543996
v 0.6008999 -9.63148559 -0.58835126
v 0.33797679 -9.63148561 -0.75419227
v 1.7E-07 -9.51153976 0.73658698
v -0.3074678 -9.51153977 0.68628363
v -0.33785319 -9.63148537 0.75410865
v 1.7E-07 -9.63148536 0.80938325
v 0.546857 -9.51153997 -0.53543996
v 0.70068805 -9.51153993 -0.30096871
v 0.76993326 -9.63148555 -0.3307085
v 0.6008999 -9.63148559 -0.58835126
v -0.70068776 -9.51153993 -0.30096851
v -0.54685666 -9.51153997 -0.53543996
v -0.60089956 -9.63148559 -0.58835126
v -0.76993291 -9.63148555 -0.33070832
v -0.30757986 -9.51153999 -0.68636571
v 1.8E-07 -9.51154 -0.73667429
v 1.9E-07 -9.63148562 -0.80947261
v -0.33797635 -9.63148561 -0.75419227
v -0.54685666 -9.51153997 -0.53543996
v -0.60089956 -9.63148559 -0.58835126
v -0.70060527 -9.51153983 0.30091707
v -0.75193141 -9.51153988 -2.319E-05
v -0.82624084 -9.63148549 -2.216E-05
v -0.76984227 -9.63148544 0.33065836
v -0.54672678 -9.5115398 0.5353731
v -0.60075682 -9.6314854 0.58828449
v -0.54672678 -9.5115398 0.5353731
v -0.60075682 -9.6314854 0.58828449
v 0.70060562 -9.51153983 0.30091698
v 0.54672712 -9.5115398 0.53537305
v 0.60075717 -9.6314854 0.58828439
v 0.76984262 -9.63148544 0.33065824
v 0.75193176 -9.51153988 -2.335E-05
v 0.82624119 -9.63148549 -2.233E-05
v 0.54672712 -9.5115398 0.53537305
v 0.30746814 -9.51153977 0.68628363
v 0.33785353 -9.63148537 0.75410865
v 0.60075717 -9.6314854 0.58828439
v 0.34757301 -9.84212821 -0.77560507
v 0.61796133 -9.84212818 -0.60505543
v 0.57939272 -10.03493281 -0.56729435
v 0.32588007 -10.03493284 -0.72719967
v 1.7E-07 -9.84212795 0.83236514
v -0.34744594 -9.84212796 0.77552098
v -0.32576094 -10.0349326 0.72711672
v 1.7E-07 -10.03493259 0.78041304
v 0.61796133 -9.84212818 -0.60505543
v 0.79179421 -9.84212814 -0.3400974
v 0.74237622 -10.03493277 -0.31887313
v 0.57939272 -10.03493281 -0.56729435
v -0.79179386 -9.84212814 -0.3400972
v -0.61796099 -9.84212818 -0.60505543
v -0.57939237 -10.03493281 -0.56729435
v -0.74237587 -10.03493277 -0.31887291
v -0.34757259 -9.84212821 -0.77560507
v 1.9E-07 -9.84212822 -0.83245507
v 1.9E-07 -10.03493285 -0.78050133
v -0.32587967 -10.03493284 -0.72719967
v -0.61796099 -9.84212818 -0.60505543
v -0.57939237 -10.03493281 -0.56729435
v -0.7917006 -9.84212803 0.34004783
v -0.84970036 -9.84212809 -2.18E-05
v -0.7966684 -10.03493272 -2.249E-05
v -0.74228849 -10.03493267 0.31882251
v -0.61781425 -9.84212799 0.60498878
v -0.57925488 -10.03493263 0.56722781
v -0.61781425 -9.84212799 0.60498878
v -0.57925488 -10.03493263 0.56722781
v 0.79170095 -9.84212803 0.34004765
v 0.6178146 -9.84212799 0.60498859
v 0.57925522 -10.03493263 0.56722761
v 0.74228884 -10.03493267 0.31882233
v 0.84970066 -9.84212809 -2.198E-05
v 0.79666875 -10.03493272 -2.266E-05
v 0.6178146 -9.84212799 0.60498859
v 0.34744629 -9.84212796 0.77552098
v 0.32576126 -10.0349326 0.72711672
v 0.57925522 -10.03493263 0.56722761
v -0.45301452 -8.86624977 0.44360107
v -0.58051723 -8.8662498 0.24933217
v 0.58051757 -8.8662498 0.24933212
v 0.45301487 -8.86624977 0.44360088
v 0.58058588 -8.86624988 -0.24938669
v 0.62304607 -8.86624984 -2.519E-05
v 0.45301487 -8.86624977 0.44360088
v 0.25476627 -8.86624975 0.56864446
v 0.25485916 -8.86624993 -0.56872438
v 0.45312232 -8.86624991 -0.44366814
v 1.8E-07 -8.86624994 -0.61040968
v 1.7E-07 -8.86624974 0.61032561
v -0.58058543 -8.86624988 -0.24938651
v -0.45312197 -8.86624991 -0.44366809
v -0.45312197 -8.86624991 -0.44366809
v -0.25485877 -8.86624993 -0.56872428
v 0.45312232 -8.86624991 -0.44366814
v -0.25476593 -8.86624975 0.56864446
v -0.45301452 -8.86624977 0.44360107
v -0.62304572 -8.86624984 -2.505E-05
v 0.70909942 -4.97089675 -0.30458203
v 0.76095818 -4.9708967 -2.398E-05
v 0.6282849 -5.06681666 -2.574E-05
v 0.58546773 -5.0668167 -0.25148398
v -0.7090156 -4.97089666 0.30452904
v -0.76095784 -4.9708967 -2.382E-05
v -0.62828456 -5.06681666 -2.561E-05
v -0.58539849 -5.06681662 0.25142835
v 0.5534216 -4.97089679 -0.54186789
v 0.45693239 -5.06681673 -0.44739902
v 0.31127251 -4.97089682 -0.69460542
v 0.2570021 -5.06681675 -0.57350667
v -0.55328993 -4.97089662 0.54179961
v -0.45682361 -5.06681659 0.44733072
v -0.55342125 -4.97089679 -0.54186789
v -0.31127214 -4.97089682 -0.69460532
v -0.2570017 -5.06681675 -0.57350657
v -0.45693205 -5.06681673 -0.44739897
v -0.31115877 -4.97089659 0.69452162
v -0.2569081 -5.06681657 0.57342562
v -0.70909907 -4.97089675 -0.30458181
v -0.58546738 -5.0668167 -0.25148381
v 1.9E-07 -4.97089683 -0.7455179
v 1.9E-07 -5.06681676 -0.61554257
v 0.70901594 -4.97089666 0.30452892
v 0.55329028 -4.97089662 0.54179951
v 0.45682396 -5.06681659 0.44733067
v 0.58539883 -5.06681662 0.25142825
v 1.7E-07 -4.97089658 0.74542901
v 1.7E-07 -5.06681656 0.61545722
v 0.31115911 -4.97089659 0.69452157
v 0.25690844 -5.06681657 0.57342557
v 0.58546773 -5.0668167 -0.25148398
v 0.6282849 -5.06681666 -2.574E-05
v -0.58539849 -5.06681662 0.25142835
v -0.62828456 -5.06681666 -2.561E-05
v 0.45693239 -5.06681673 -0.44739902
v 0.58546773 -5.0668167 -0.25148398
v 0.67466543 -5.168253 -0.28979311
v 0.52654738 -5.16825304 -0.51555642
v 0.2570021 -5.06681675 -0.57350667
v 0.29615711 -5.16825306 -0.66087692
v -0.45682361 -5.06681659 0.44733072
v -0.58539849 -5.06681662 0.25142835
v -0.67458572 -5.16825291 0.28973945
v -0.52642214 -5.16825287 0.51548815
v -0.45693205 -5.06681673 -0.44739897
v -0.2570017 -5.06681675 -0.57350657
v -0.29615672 -5.16825306 -0.66087682
v -0.52654703 -5.16825304 -0.51555632
v -0.2569081 -5.06681657 0.57342562
v -0.29604885 -5.16825285 0.66079392
v -0.58546738 -5.0668167 -0.25148381
v -0.67466509 -5.168253 -0.28979291
v 1.9E-07 -5.06681676 -0.61554257
v 0.2570021 -5.06681675 -0.57350667
v 0.58539883 -5.06681662 0.25142825
v 0.45682396 -5.06681659 0.44733067
v 0.52642249 -5.16825287 0.51548805
v 0.67458606 -5.16825291 0.2897393
v -0.58546738 -5.0668167 -0.25148381
v 1.7E-07 -5.06681656 0.61545722
v -0.2569081 -5.06681657 0.57342562
v 0.58539883 -5.06681662 0.25142825
v 0.25690844 -5.06681657 0.57342557
v 0.2960492 -5.16825285 0.66079387
v 1.9E-07 -5.06681676 -0.61554257
v 1.9E-07 -5.16825307 -0.70931713
v 0.25690844 -5.06681657 0.57342557
v 1.7E-07 -4.67826878 0.88496169
v -0.36940025 -4.67826879 0.82452574
v 0.3694006 -4.67826879 0.82452565
v -0.65700841 -4.67826903 -0.64328615
v -0.36953488 -4.67826906 -0.82461241
v -0.65700841 -4.67826903 -0.64328615
v -0.84182538 -4.67826898 -0.36158588
v -0.90339098 -4.67826893 -2.193E-05
v -0.84172624 -4.67826887 0.36153588
v 0.65685288 -4.67826882 0.64321767
v 0.65685288 -4.67826882 0.64321767
v 0.84172664 -4.67826887 0.36153576
v 0.65700876 -4.67826903 -0.64328625
v 0.84182578 -4.67826898 -0.3615861
v 0.65700876 -4.67826903 -0.64328625
v 0.36953525 -4.67826906 -0.82461251
v 1.9E-07 -4.67826907 -0.88505458
v -0.65685253 -4.67826882 0.64321782
v -0.65685253 -4.67826882 0.64321782
v 0.90339127 -4.67826893 -2.212E-05
v 0.65016414 -9.42729233 -2.473E-05
v 0.60578452 -9.42729229 0.26018584
v 0.70060562 -9.51153983 0.30091698
v 0.75193176 -9.51153988 -2.335E-05
v 0.2658549 -9.42729224 0.59339623
v 1.7E-07 -9.42729223 0.63689157
v 1.7E-07 -9.51153976 0.73658698
v 0.30746814 -9.51153977 0.68628363
v 0.47273217 -9.42729226 0.46291019
v 0.54672712 -9.5115398 0.53537305
v 0.60585584 -9.42729238 -0.26023965
v 0.70068805 -9.51153993 -0.30096871
v -0.47273182 -9.42729226 0.46291023
v -0.60578418 -9.42729229 0.26018596
v -0.70060527 -9.51153983 0.30091707
v -0.54672678 -9.5115398 0.5353731
v -0.65016379 -9.42729233 -2.459E-05
v -0.60585549 -9.42729238 -0.26023948
v -0.70068776 -9.51153993 -0.30096851
v -0.75193141 -9.51153988 -2.319E-05
v -0.26585458 -9.42729224 0.59339623
v -0.3074678 -9.51153977 0.68628363
v 1.8E-07 -9.42729244 -0.6369761
v 0.26595189 -9.42729243 -0.59347645
v 0.30758028 -9.51153999 -0.68636576
v 1.8E-07 -9.51154 -0.73667429
v -0.47284411 -9.42729241 -0.46297717
v -0.2659515 -9.42729243 -0.5934764
v -0.30757986 -9.51153999 -0.68636571
v -0.54685666 -9.51153997 -0.53543996
v 0.47284446 -9.42729241 -0.46297717
v 0.546857 -9.51153997 -0.53543996
v 0.32588007 -10.03493284 -0.72719967
v 0.57939272 -10.03493281 -0.56729435
v -0.27173563 -10.18257697 0.60652385
v 1.7E-07 -10.18257696 0.65098121
v 0.74237622 -10.03493277 -0.31887313
v -0.74237587 -10.03493277 -0.31887291
v -0.57939237 -10.03493281 -0.56729435
v 1.8E-07 -10.18257717 -0.65106603
v -0.27183465 -10.18257716 -0.60660398
v -0.48330399 -10.18257714 -0.47321788
v 0.2718351 -10.18257716 -0.60660408
v -0.66454623 -10.18257706 -2.428E-05
v -0.61918489 -10.18257702 0.26594242
v -0.48318933 -10.18257699 0.47315139
v -0.61925779 -10.18257711 -0.26599547
v -0.57925488 -10.03493263 0.56722781
v -0.74228849 -10.03493267 0.31882251
v 0.74228884 -10.03493267 0.31882233
v 0.57925522 -10.03493263 0.56722761
v 0.66454653 -10.18257706 -2.442E-05
v 0.61925813 -10.18257711 -0.26599566
v 0.32576126 -10.0349326 0.72711672
v 0.27173598 -10.18257697 0.60652385
v 0.61918523 -10.18257702 0.2659423
v -0.41859725 -8.80333692 0.40989648
v -0.53641314 -8.80333695 0.23038692
v 0.53641339 -8.80333695 0.23038684
v 0.41859754 -8.80333692 0.40989626
v 0.5364766 -8.80333703 -0.23044241
v 0.57571094 -8.80333699 -2.583E-05
v 0.41859754 -8.80333692 0.40989626
v 0.23541067 -8.8033369 0.52543981
v 1.7E-07 -8.8033369 0.56395426
v 0.23549657 -8.80333708 -0.52551886
v 0.41869698 -8.80333706 -0.40996364
v -0.23541035 -8.8033369 0.52543981
v 0.41869698 -8.80333706 -0.40996364
v -0.53647626 -8.80333703 -0.23044229
v -0.41869664 -8.80333706 -0.40996354
v -0.2354962 -8.80333708 -0.52551876
v 1.8E-07 -8.80333708 -0.56403716
v -0.41869664 -8.80333706 -0.40996354
v -0.57571059 -8.80333699 -2.571E-05
v -0.41859725 -8.80333692 0.40989648
vn -1 0 0
vn -1 0 0
vn -1 0 0
vn -1 -0 -1E-05
vn -1 -0 0
vn -1 -0 0
vn 1 0 0
vn 1 0 0
vn 1 0 0
vn 1 -0 0
vn 1 0 0
vn 1 0 0
vn 0.09991 -0.10008 -0.98995
vn 0.03707 -0.15861 -0.98664
vn 0.15919 -0.03723 -0.98655
vn -0.09992 0.10008 -0.98995
vn -0.03716 0.15854 -0.98665
vn -0.15928 0.03715 -0.98653
vn -0.09991 -0.10008 -0.98995
vn -0.1592 -0.03723 -0.98654
vn -0.03707 -0.15861 -0.98664
vn 0 -1 -0
vn 0 -1 -0
vn 0 -1 -0
vn 0 -1 -0
vn 0 -1 -0
vn 0 -1 -0
vn -1 -0 0
vn -1 0 0
vn -1 -0 0
vn 1 0 0
vn 0 1 -0
vn 0 1 -0
vn 0 1 0
vn 0 -1 0
vn -1 0 0
vn 0 -1 0
vn 0 -1 0
vn 1 0 0
vn 0 -1 0
vn 0 -1 -0
vn -1 0 0
vn -1 0 0
vn -1 -0 0
vn 1 0 0
vn 0 1 -0
vn 0 1 -0
vn 0 1 0
vn 0 1 -0
vn 0 1 -0
vn 0 1 0
vn 0 1 -0
vn 0 1 -0
vn 0 1 -0
vn 0 1 0
vn 1 0 0
vn 1 -0 0
vn 1 -0 0
vn -1 0 0
vn -1 0 0
vn 0 -1 -0
vn 0 -1 0
vn 0 -1 0
vn 0 -1 -0
vn 0 -1 -0
vn 0 -1 0
vn 0 -1 0
vn -1 0 0
vn -1 0 0
vn -1 0 0
vn 0 1 -0
vn 1 0 0
vn 0 1 0
vn 0 1 -0
vn 0 1 0
vn 0 1 -0
vn 0 1 0
vn 0.68451 0 0.729
vn 0 -0.68451 0.729
vn -0.68451 0 0.729
vn 0 0.68451 0.729
vn 0.09992 0.10008 -0.98995
vn 0.15928 0.03715 -0.98653
vn 0.03716 0.15854 -0.98665
vn -0.56505 -0.2174 -0.7959
vn -0.60986 -0.25317 -0.75098
vn -0.77494 -0.0001 -0.63203
vn -0.60989 0.25305 -0.751
vn -0.56508 0.21726 -0.79592
vn -0.54208 -0.55291 -0.6328
vn -0.24958 -0.61599 -0.74717
vn -0.21045 -0.57384 -0.79147
vn -0 -0.78247 -0.62268
vn 0.24959 -0.61599 -0.74717
vn 0.21045 -0.57384 -0.79147
vn 0.54208 -0.55291 -0.6328
vn 0.60986 -0.25317 -0.75098
vn 0.56505 -0.2174 -0.7959
vn 0.77494 -0.0001 -0.63203
vn 0.60989 0.25305 -0.751
vn 0.56508 0.21726 -0.79591
vn 0.54213 0.55286 -0.63281
vn 0.2496 0.61593 -0.74721
vn 0.21041 0.5738 -0.7915
vn 0 0.78249 -0.62267
vn -0.2496 0.61593 -0.74721
vn -0.21041 0.5738 -0.7915
vn -0.54213 0.55286 -0.63281
vn 0 0 -1
vn 0 0 -1
vn -0 0 -1
vn -0.08777 0.23488 -0.96805
vn 0 0.25297 -0.96747
vn -0.23064 0.09 -0.96887
vn -0.17283 0.17659 -0.96899
vn 0.17286 0.17658 -0.96899
vn 0.23064 0.09 -0.96887
vn 0 -0.25297 -0.96747
vn -0.0878 -0.23491 -0.96804
vn 0.08777 0.23488 -0.96805
vn 0.24861 -3E-05 -0.9686
vn 0.23063 -0.09006 -0.96886
vn 0.0878 -0.23491 -0.96804
vn 0.17283 -0.17662 -0.96899
vn -0.17286 -0.17661 -0.96898
vn -0.23063 -0.09006 -0.96886
vn -0.24861 -3E-05 -0.9686
vn 1 -0 0
vn 1 -0 0
vn 1 -0 0
vn -0.93081 -0.3637 0.03632
vn -0.88914 -0.37389 0.26389
vn -0.88914 0.37389 0.26389
vn -0.93081 0.3637 0.03632
vn 0 -0.86992 0.49319
vn 0 -0.35651 0.93429
vn -0.34773 -0.32051 0.88111
vn -0.36837 -0.81966 0.4387
vn 0 0.35651 0.93429
vn -0.34773 0.32051 0.88111
vn 0 -0.86992 -0.4932
vn 0 -0.9955 -0.09474
vn -0.36837 -0.81966 -0.43869
vn 0 0.86992 -0.49319
vn 0 0.35651 -0.93429
vn -0.34773 0.32052 -0.88111
vn -0.36837 0.81966 -0.43869
vn 0 -0.35651 -0.93429
vn -0.34773 -0.32051 -0.88111
vn 0 0.9955 0.09474
vn 0 0.9955 -0.09474
vn 0 -0.9955 0.09474
vn 0 0.86992 0.49319
vn -0.36838 0.81966 0.43869
vn -0.9308 -0.36373 -0.03632
vn -0.93081 0.3637 -0.03632
vn -0.88913 0.3739 -0.26389
vn -0.88914 -0.3739 -0.26388
vn -0.88201 -0.19614 0.42847
vn -0.88202 0.19613 0.42846
vn -0.88202 -0.19614 -0.42846
vn -0.88201 0.19614 -0.42846
vn -0.75897 -0.64844 0.05905
vn -0.75897 -0.64845 -0.05905
vn -0.75897 0.64844 0.05905
vn -0.75897 0.64845 -0.05905
vn -0.4051 0.9082 -0.10518
vn -0.4051 0.9082 -0.10518
vn -0.4051 0.9082 -0.10518
vn -0.70623 0.27777 0.65121
vn -0.69946 0.31464 0.64168
vn -0.70458 0.28737 0.64883
vn -0.4051 -0.9082 -0.10518
vn -0.4051 -0.9082 -0.10518
vn -0.4051 -0.9082 -0.10518
vn -0.63287 0.47402 0.61219
vn -0.62709 0.54374 0.55777
vn -0.62557 0.5555 0.54779
vn -0.59706 0.67127 0.43922
vn -0.58642 0.69775 0.41141
vn -0.53334 0.79018 0.30194
vn -0.49767 0.83307 0.24149
vn -0.45848 0.87046 0.17917
vn -0.45849 -0.87045 0.17917
vn -0.53335 -0.79018 0.30193
vn -0.49769 -0.83306 0.2415
vn -0.59705 -0.67129 0.4392
vn -0.58644 -0.69772 0.41144
vn -0.62708 -0.54376 0.55777
vn -0.62556 -0.5555 0.54781
vn -0.63286 -0.47403 0.61219
vn -0.70457 -0.28738 0.64884
vn -0.70623 -0.27778 0.65122
vn -0.72224 -0.16082 0.67269
vn -0.72069 -0.17605 0.67054
vn -0.73005 2E-05 0.6834
vn -0.73005 -2E-05 0.6834
vn -0.72224 0.16084 0.67268
vn -0.7207 0.17602 0.67053
vn -0.69946 -0.31464 0.64168
vn -0.52327 -0.70741 -0.47515
vn -0.50936 -0.74285 -0.43443
vn -0.5016 -0.76015 -0.413
vn -0.47065 -0.81312 -0.34252
vn -0.4575 -0.83027 -0.31835
vn -0.4184 -0.87118 -0.25689
vn -0.387 -0.89705 -0.21337
vn -0.36122 -0.91525 -0.17846
vn -0.52327 0.7074 -0.47515
vn -0.50161 0.76015 -0.41299
vn -0.50937 0.74284 -0.43444
vn -0.45749 0.83028 -0.31834
vn -0.47066 0.81311 -0.34253
vn -0.38698 0.89706 -0.21337
vn -0.41839 0.87118 -0.2569
vn -0.36121 0.91525 -0.17846
vn -0.69398 -0.38434 -0.60883
vn -0.65632 -0.49806 -0.56673
vn -0.68078 -0.42896 -0.59375
vn -0.68077 0.42897 -0.59375
vn -0.69398 0.38434 -0.60883
vn -0.73305 0.18894 -0.65341
vn -0.72925 0.21679 -0.649
vn -0.74474 -1E-05 -0.66735
vn -0.74474 1E-05 -0.66735
vn -0.73305 -0.18894 -0.6534
vn -0.72925 -0.21678 -0.649
vn -0.65632 0.49806 -0.56673
vn -1 0 0
vn -1 0 0
vn -1 0 0
vn -1 0 0
vn -1 0 0
vn -1 0 -0
vn -1 0 -0
vn -1 0 0
vn -1 0 0
vn -1 -0 0
vn -1 -0 0
vn -1 0 0
vn -1 0 0
vn -1 0 0
vn -1 0 0
vn -1 0 0
vn -1 0 0
vn -1 0 0
vn -1 0 0
vn -1 -0 0
vn -1 -0 0
vn -1 0 0
vn -1 0 0
vn -1 0 0
vn -1 0 0
vn -1 -0 0
vn -1 0 0
vn -1 0 0
vn -1 0 0
vn -1 -0 0
vn -1 -0 0
vn -1 0 0
vn -1 -0 0
vn -1 -0 0
vn -1 0 0
vn -1 0 -0
vn -1 0 0
vn -1 0 0
vn -1 -1E-05 -0
vn -1 -0 -0
vn -1 -0 0
vn -1 -0 0
vn -1 0 0
vn -1 0 0
vn -1 -0 0
vn -1 -0 0
vn -1 -1E-05 0
vn -0.82292 -0.4111 0.39216
vn -0.79131 -0.53262 0.30023
vn -0.80268 -0.50011 0.32495
vn -0.82465 -0.39786 0.40207
vn -0.67518 0.69251 -0.25411
vn -0.59314 0.78601 -0.17426
vn -0.64214 0.7347 -0.21881
vn -0.69384 0.66427 -0.27808
vn -0.80601 -0.523 0.27717
vn -0.75187 -0.64605 0.13156
vn -0.80459 0.47847 -0.35172
vn -0.6784 0.69534 -0.23721
vn -0.87645 -0.1919 0.44161
vn -0.88591 -0.10912 0.45085
vn -0.88476 -0.12251 0.44966
vn -0.87517 -0.20067 0.44023
vn -0.62109 0.77877 -0.0881
vn -0.71172 0.64576 -0.27649
vn -0.67716 0.70941 -0.19545
vn -0.62109 0.77877 -0.0881
vn -0.89032 -4E-05 0.45533
vn -0.89032 -5E-05 0.45533
vn -0.62109 -0.77877 -0.0881
vn -0.62109 -0.77877 -0.0881
vn -0.88591 0.10906 0.45085
vn -0.88476 0.12244 0.44967
vn -0.86935 0.26531 -0.41694
vn -0.89181 0.12655 -0.43436
vn -0.88909 0.15078 -0.43219
vn -0.85891 0.30835 -0.40889
vn -0.87645 0.19188 0.44161
vn -0.87518 0.20065 0.44023
vn -0.89814 2E-05 -0.4397
vn -0.89814 2E-05 -0.4397
vn -0.84789 -0.38572 0.36375
vn -0.78674 -0.55656 0.26698
vn -0.89181 -0.12652 -0.43436
vn -0.88909 -0.15075 -0.43219
vn -0.84789 0.38571 0.36375
vn -0.78675 0.55655 0.26699
vn -0.82293 0.41108 0.39218
vn -0.80601 0.52299 0.27717
vn -0.75188 0.64604 0.13157
vn -0.82465 0.39785 0.40208
vn -0.86935 -0.26531 -0.41694
vn -0.85891 -0.30834 -0.4089
vn -0.71975 -0.61559 -0.32096
vn -0.71172 -0.64576 -0.27648
vn -0.67716 -0.70941 -0.19544
vn -0.73028 -0.591 -0.34265
vn -0.79133 0.53258 0.30026
vn -0.80269 0.50008 0.32497
vn -0.67517 -0.69252 -0.25409
vn -0.69384 -0.66428 -0.27806
vn -0.70963 0.68083 0.18137
vn -0.75332 0.61328 0.23749
vn -0.80459 -0.47847 -0.35172
vn -0.6784 -0.69535 -0.2372
vn -0.59314 -0.78602 -0.17425
vn -0.64212 -0.73471 -0.21879
vn -0.70962 -0.68085 0.18135
vn -0.7533 -0.61331 0.23746
vn -0.71975 0.61558 -0.32097
vn -0.73028 0.59099 -0.34266
vn -1 0 0
vn -1 0 0
vn -1 0 0
vn -1 -0 0
vn -1 -0 0
vn -1 -0 0
vn -1 -0 0
vn -1 -0 0
vn -1 0 0
vn -1 -0 0
vn -1 -0 0
vn -1 -0 -0
vn -1 -0 -0
vn -1 -0 -0
vn -1 -0 -0
vn -1 -0 0
vn -1 -0 0
vn -1 -0 0
vn -1 -0 0
vn 1 0 0
vn 1 0 0
vn 1 -0 0
vn 1 -0 0
vn 1 0 0
vn 1 0 0
vn 1 0 0
vn 1 0 0
vn 1 0 0
vn 1 0 0
vn 1 0 0
vn 1 0 0
vn 1 0 0
vn 1 0 0
vn 1 0 0
vn 1 0 0
vn 1 0 0
vn 1 0 0
vn 1 0 0
vn 1 0 0
vn 1 0 0
vn 1 0 0
vn 1 0 0
vn 1 -0 0
vn 1 -0 0
vn -0.4051 -0.9082 -0.10518
vn -0.4051 0.9082 -0.10518
vn 0 -0.71258 -0.70159
vn 0 -0.62118 -0.78367
vn 0 0.71261 -0.70156
vn 0 0.79326 -0.60888
vn 0 -0.99366 0.11241
vn -1 0 0
vn -1 -0 0
vn -1 -0 0
vn -1 -0 0
vn -1 0 0
vn -1 0 0
vn -1 0 0
vn -1 -0 0
vn -1 -0 0
vn -1 -0 0
vn 0 0 1
vn 0 -5E-05 -1
vn 0 0.6212 -0.78366
vn 0 -0.79322 -0.60893
vn 0 0.99366 0.11241
vn -0.06122 -0.99606 -0.06415
vn 0.05738 -0.99665 0.0582
vn 0.06237 -0.99665 0.05281
vn -0.0639 -0.99604 -0.06174
vn 0.63981 0.38778 0.66353
vn 0.68557 0.38799 0.61601
vn 0.68557 -0.38799 0.61601
vn 0.63981 -0.38778 0.66353
vn -0.64472 0.37685 -0.66507
vn -0.68227 0.37568 -0.6272
vn -0.34604 0.88198 -0.31995
vn -0.32628 0.88285 -0.33781
vn -0.0639 0.99604 -0.06174
vn -0.06122 0.99606 -0.06415
vn 0.33491 -0.89365 0.29871
vn 0.31346 -0.89275 0.32363
vn -0.64472 -0.37685 -0.66507
vn -0.68227 -0.37568 -0.6272
vn -0.59812 0.38018 -0.70549
vn -0.59812 -0.38018 -0.70549
vn -0.42723 0.36681 -0.82639
vn -0.42723 -0.36681 -0.82639
vn -0.21122 0.37636 -0.90208
vn -0.21122 -0.37636 -0.90208
vn -0.08649 0.37242 -0.92402
vn -0.08649 -0.37242 -0.92402
vn 0.17247 0.36944 -0.91311
vn 0.17247 -0.36944 -0.91311
vn 0.33125 0.37954 -0.86384
vn 0.33125 -0.37954 -0.86384
vn 0.38436 0.37715 -0.84263
vn 0.38436 -0.37715 -0.84263
vn 0.47186 0.37737 -0.79683
vn 0.47186 -0.37737 -0.79683
vn 0.51055 0.38201 -0.77033
vn 0.51055 -0.38201 -0.77033
vn 0.50353 0.38225 -0.77482
vn 0.50353 -0.38225 -0.77482
vn 0.49487 0.38213 -0.78044
vn 0.49487 -0.38213 -0.78044
vn 0.48303 0.38256 -0.78761
vn 0.48303 -0.38256 -0.78761
vn 0.44311 0.38491 -0.80962
vn 0.44311 -0.38491 -0.80962
vn 0.39894 0.38246 -0.83341
vn 0.39895 -0.38247 -0.8334
vn 0.35246 0.38436 -0.85325
vn 0.35246 -0.38436 -0.85325
vn 0.30501 0.37826 -0.87401
vn 0.26756 0.38103 -0.885
vn 0.26756 -0.38103 -0.885
vn 0.30501 -0.37826 -0.87401
vn 0.23607 0.38085 -0.894
vn 0.23607 -0.38085 -0.894
vn 0.18592 0.38766 -0.90286
vn 0.18592 -0.38766 -0.90286
vn 0.14591 0.38195 -0.91259
vn 0.14592 -0.38192 -0.9126
vn 0.10172 0.38625 -0.91677
vn 0.10169 -0.38625 -0.91677
vn 0.05874 0.38413 -0.92141
vn 0.05874 -0.38413 -0.92141
vn -0.08097 -0.88189 0.46445
vn -0.10053 -0.88351 0.45749
vn -0.03211 -0.99594 0.08411
vn -0.02846 -0.99587 0.08618
vn -0.12086 -0.88643 0.4468
vn -0.03549 -0.99612 0.08051
vn -0.16572 -0.8806 0.44393
vn -0.05036 -0.99556 0.07947
vn -0.19425 -0.88575 0.42156
vn -0.05695 -0.99576 0.07218
vn -0.2267 -0.88064 0.41604
vn -0.06708 -0.9953 0.06989
vn -0.25193 -0.88483 0.39192
vn -0.27132 -0.882 0.3853
vn -0.07578 -0.9953 0.06034
vn -0.0741 -0.99535 0.06153
vn -0.28972 -0.88459 0.36546
vn -0.0781 -0.99545 0.05466
vn -0.30464 -0.88305 0.35696
vn -0.07865 -0.99545 0.05374
vn -0.31373 -0.88496 0.34413
vn -0.07788 -0.99564 0.05133
vn -0.31346 -0.88564 0.34261
vn -0.07602 -0.99577 0.05164
vn -0.31401 -0.88535 0.34285
vn -0.0748 -0.99581 0.05268
vn -0.31297 -0.88529 0.34398
vn -0.07328 -0.99584 0.05414
vn -0.28499 -0.89033 0.35509
vn -0.06601 -0.99622 0.05646
vn -0.24278 -0.89059 0.38458
vn -0.05759 -0.99631 0.06369
vn -0.23152 -0.88212 0.4102
vn -0.05545 -0.99581 0.07276
vn -0.13114 -0.90315 0.4088
vn -0.03305 -0.99703 0.06949
vn 0.00888 -0.89724 0.44146
vn -0.00769 -0.99684 0.0791
vn 0.05783 -0.88007 0.4713
vn 0.00452 -0.9959 0.0904
vn 0.15885 -0.91111 0.38033
vn 0.02405 -0.99755 0.06568
vn 0.29375 -0.88699 0.35632
vn 0.05262 -0.99634 0.06739
vn -0.14123 -0.37731 0.91525
vn -0.17979 -0.3777 0.9083
vn -0.2234 -0.38073 0.8973
vn -0.29714 -0.37545 0.87792
vn -0.35976 -0.37963 0.85232
vn -0.41054 -0.37575 0.83082
vn -0.46569 -0.37892 0.79972
vn -0.50006 -0.3767 0.77977
vn -0.54397 -0.37889 0.74869
vn -0.57303 -0.37743 0.72745
vn -0.59857 -0.37923 0.70563
vn -0.6015 -0.37996 0.70273
vn -0.60351 -0.37959 0.7012
vn -0.60331 -0.37933 0.70152
vn -0.55969 -0.38494 0.73387
vn -0.47405 -0.38521 0.79176
vn -0.43866 -0.37514 0.81661
vn -0.27098 -0.40035 0.87538
vn 0.03494 -0.39311 0.91883
vn 0.12385 -0.37236 0.91979
vn 0.34465 -0.41137 0.8438
vn 0.59091 -0.381 0.7111
vn -0.34604 -0.88198 -0.31995
vn -0.32628 -0.88286 -0.33779
vn -0.30077 -0.88626 -0.35226
vn -0.05762 -0.99628 -0.06412
vn -0.22346 -0.87186 -0.43581
vn -0.04685 -0.99535 -0.0842
vn -0.10987 -0.88353 -0.45531
vn -0.02612 -0.99618 -0.08338
vn -0.05051 -0.87852 -0.47503
vn -0.01782 -0.99575 -0.09037
vn 0.08551 -0.87509 -0.47634
vn 0.0072 -0.99557 -0.09379
vn 0.1591 -0.88604 -0.43545
vn 0.01834 -0.99627 -0.08426
vn 0.1862 -0.88316 -0.43053
vn 0.02252 -0.99598 -0.0867
vn 0.22947 -0.88334 -0.40871
vn 0.02945 -0.99598 -0.08463
vn 0.24369 -0.88774 -0.39055
vn 0.02997 -0.99622 -0.08158
vn 0.23869 -0.88789 -0.3933
vn 0.02756 -0.99614 -0.08335
vn 0.23307 -0.88768 -0.39712
vn 0.02487 -0.99606 -0.08515
vn 0.22532 -0.88805 -0.40075
vn 0.02149 -0.99602 -0.08649
vn 0.20182 -0.89007 -0.40872
vn 0.01459 -0.99603 -0.08786
vn 0.17924 -0.88786 -0.42376
vn 0.00781 -0.99578 -0.09147
vn 0.15427 -0.88959 -0.42992
vn 0.00223 -0.9959 -0.09049
vn 0.12977 -0.8858 -0.44555
vn 0.11301 -0.88737 -0.44698
vn -0.00482 -0.99593 -0.08997
vn -0.00507 -0.99566 -0.09293
vn 0.10102 -0.88738 -0.44983
vn -0.00342 -0.99604 -0.08884
vn 0.07587 -0.89162 -0.44638
vn -0.0061 -0.99629 -0.08582
vn 0.06229 -0.88752 -0.45653
vn -0.00223 -0.99624 -0.08664
vn 0.03931 -0.89132 -0.45166
vn -0.00671 -0.99645 -0.08393
vn 0.01877 -0.88798 -0.45949
vn -0.01043 -0.99625 -0.08593
vn 0.33491 0.89365 0.29871
vn 0.31346 0.89275 0.32363
vn 0.05738 0.99665 0.0582
vn 0.06237 0.99666 0.05281
vn 0.29375 0.88699 0.35632
vn 0.05262 0.99634 0.06739
vn 0.15885 0.91111 0.38033
vn 0.02405 0.99755 0.06568
vn 0.05783 0.88007 0.4713
vn 0.00452 0.9959 0.0904
vn 0.00888 0.89724 0.44146
vn -0.00769 0.99684 0.0791
vn -0.13114 0.90315 0.4088
vn -0.03305 0.99703 0.06949
vn -0.23152 0.88212 0.4102
vn -0.05545 0.99581 0.07276
vn -0.24278 0.89059 0.38458
vn -0.05759 0.99631 0.06369
vn -0.28499 0.89033 0.35509
vn -0.06601 0.99622 0.05646
vn -0.31297 0.88529 0.34398
vn -0.07328 0.99584 0.05414
vn -0.31401 0.88535 0.34285
vn -0.0748 0.99581 0.05268
vn -0.31346 0.88564 0.34261
vn -0.07602 0.99577 0.05164
vn -0.31373 0.88496 0.34413
vn -0.07788 0.99564 0.05133
vn -0.30464 0.88305 0.35696
vn -0.07865 0.99545 0.05374
vn -0.28972 0.88459 0.36546
vn -0.0781 0.99545 0.05466
vn -0.27132 0.882 0.3853
vn -0.07578 0.9953 0.06034
vn -0.25193 0.88483 0.39192
vn -0.2267 0.88064 0.41604
vn -0.06708 0.9953 0.06989
vn -0.0741 0.99535 0.06153
vn -0.19425 0.88575 0.42156
vn -0.05695 0.99576 0.07218
vn -0.16572 0.8806 0.44393
vn -0.05036 0.99556 0.07947
vn -0.12083 0.88644 0.4468
vn -0.03549 0.99612 0.08051
vn -0.10053 0.88352 0.45748
vn -0.03211 0.99594 0.08411
vn -0.08097 0.88189 0.46445
vn -0.02846 0.99587 0.08618
vn 0.59091 0.381 0.7111
vn 0.34465 0.41137 0.8438
vn 0.12385 0.37236 0.91979
vn 0.03494 0.39311 0.91883
vn -0.27098 0.40038 0.87537
vn -0.43866 0.37514 0.81661
vn -0.47405 0.38521 0.79176
vn -0.55969 0.38494 0.73387
vn -0.60331 0.37933 0.70152
vn -0.60351 0.37959 0.7012
vn -0.6015 0.37996 0.70273
vn -0.59857 0.37923 0.70563
vn -0.57303 0.3774 0.72746
vn -0.54397 0.37889 0.74869
vn -0.50006 0.3767 0.77977
vn -0.46569 0.37892 0.79972
vn -0.41054 0.37575 0.83082
vn -0.35976 0.37963 0.85232
vn -0.29714 0.37545 0.87792
vn -0.2234 0.38073 0.8973
vn -0.17979 0.3777 0.9083
vn -0.14123 0.37731 0.91525
vn 0.01877 0.88798 -0.45949
vn 0.03931 0.89132 -0.45166
vn -0.00671 0.99645 -0.08393
vn -0.01043 0.99625 -0.08593
vn 0.06229 0.88752 -0.45653
vn -0.00223 0.99624 -0.08664
vn 0.07587 0.89162 -0.44638
vn -0.0061 0.99629 -0.08582
vn 0.10102 0.88738 -0.44983
vn -0.00342 0.99604 -0.08884
vn 0.11301 0.88737 -0.44698
vn -0.00482 0.99593 -0.08997
vn 0.12977 0.88579 -0.44558
vn 0.15427 0.88959 -0.42992
vn 0.00223 0.9959 -0.09049
vn -0.00507 0.99566 -0.09293
vn 0.17924 0.88786 -0.42376
vn 0.00781 0.99578 -0.09147
vn 0.20182 0.89007 -0.40872
vn 0.01459 0.99603 -0.08786
vn 0.22532 0.88805 -0.40075
vn 0.02149 0.99602 -0.08649
vn 0.23307 0.88768 -0.39712
vn 0.02487 0.99606 -0.08515
vn 0.2387 0.88788 -0.39331
vn 0.02756 0.99614 -0.08335
vn 0.24369 0.88774 -0.39055
vn 0.02997 0.99622 -0.08158
vn 0.22947 0.88334 -0.40871
vn 0.02945 0.99598 -0.0846
vn 0.1862 0.88316 -0.43053
vn 0.02252 0.99598 -0.0867
vn 0.1591 0.88604 -0.43545
vn 0.01834 0.99627 -0.08426
vn 0.08551 0.87509 -0.47634
vn 0.0072 0.99557 -0.09379
vn -0.05051 0.87852 -0.47503
vn -0.01782 0.99575 -0.09037
vn -0.10987 0.88353 -0.45531
vn -0.02612 0.99618 -0.08338
vn -0.22346 0.87186 -0.43581
vn -0.04685 0.99535 -0.0842
vn -0.30077 0.88626 -0.35226
vn -0.05762 0.99628 -0.06412
vn 0.9262 -0.00012 0.37704
vn 0.86001 0.33947 0.38098
vn 0.75532 0.2956 0.5849
vn 0.81661 -0.00012 0.5772
vn 0.75528 -0.29578 0.58487
vn 0.85995 -0.33965 0.38095
vn -0.64751 -0.65904 0.38262
vn -0.32994 -0.86545 0.377
vn -0.28614 -0.76346 0.57901
vn -0.56691 -0.57933 0.58565
vn -0.75528 -0.29578 0.58487
vn -0.85995 -0.33965 0.38095
vn 0 0.92843 0.37151
vn -0.32992 0.86545 0.37704
vn -0.28611 0.76345 0.57904
vn -0 0.82212 0.56932
vn 0.28611 0.76345 0.57904
vn 0.32992 0.86545 0.37704
vn 0.64753 0.65898 0.38268
vn 0.56693 0.57926 0.5857
vn 0.64751 -0.65904 0.38262
vn 0.56691 -0.57933 0.58565
vn 0.28614 -0.76346 0.57901
vn 0.32994 -0.86545 0.377
vn -0.9262 -0.00012 0.37704
vn -0.81661 -0.00012 0.5772
vn -0.75532 0.29559 0.5849
vn -0.86001 0.33947 0.38098
vn -0.64753 0.65898 0.38268
vn -0.56693 0.57926 0.5857
vn 0 -0.92844 0.37149
vn -0 -0.82213 0.5693
vn 0.18757 -0.57736 -0.79465
vn 0.01865 -0.54906 -0.83557
vn 0.11289 -0.34743 -0.93089
vn 0.30763 -0.45516 -0.83558
vn 0.23121 -0.16798 -0.95829
vn 0.42531 -0.30901 -0.85066
vn -0.16245 -0.49999 -0.85066
vn -0.08829 -0.2718 -0.95829
vn 0.44046 -0.58542 -0.68064
vn 0.22776 -0.70097 -0.67585
vn 0.50171 -0.70049 -0.50754
vn 0.26286 -0.80903 -0.52572
vn 0.59003 -0.42867 -0.68418
vn 0.72362 -0.52573 -0.4472
vn -0.01221 -0.73252 -0.68064
vn -0.22536 -0.69362 -0.68419
vn 0.00583 -0.86161 -0.50753
vn -0.27638 -0.85066 -0.4472
vn 0.60706 0 -0.79466
vn 0.73704 0 -0.67585
vn 0.69289 -0.23796 -0.68065
vn 0.52795 -0.15192 -0.83558
vn 0.85066 0 -0.52572
vn 0.82125 -0.2607 -0.50754
vn 0.36531 0 -0.93089
vn 0.52795 0.15192 -0.83558
vn 0.23121 0.16798 -0.95829
vn 0.42531 0.30901 -0.85066
vn 0.69289 0.23796 -0.68065
vn 0.82125 0.2607 -0.50754
vn 0.59003 0.42867 -0.68418
vn 0.72362 0.52573 -0.4472
vn -0.49111 -0.35683 -0.79466
vn -0.51641 -0.18742 -0.83558
vn -0.29554 -0.21473 -0.93088
vn -0.33782 -0.43322 -0.83558
vn -0.52572 0 -0.85066
vn -0.28578 0 -0.9583
vn -0.42068 -0.5998 -0.68064
vn -0.59628 -0.43322 -0.67585
vn -0.51117 -0.69362 -0.50754
vn -0.68819 -0.5 -0.52573
vn -0.70043 -0.21474 -0.68065
vn -0.72932 0 -0.68418
vn -0.81764 -0.2718 -0.50753
vn -0.89443 0 -0.4472
vn -0.49111 0.35683 -0.79466
vn -0.33782 0.43322 -0.83558
vn -0.29554 0.21473 -0.93088
vn -0.51641 0.18742 -0.83558
vn -0.16245 0.49999 -0.85066
vn -0.08829 0.2718 -0.95829
vn -0.70043 0.21474 -0.68065
vn -0.59628 0.43322 -0.67585
vn -0.81764 0.2718 -0.50753
vn -0.68819 0.5 -0.52573
vn -0.42065 0.5998 -0.68065
vn -0.22536 0.69362 -0.68419
vn -0.51117 0.69362 -0.50754
vn -0.27638 0.85066 -0.4472
vn 0.18757 0.57736 -0.79465
vn 0.30763 0.45516 -0.83558
vn 0.11289 0.34743 -0.93089
vn 0.01865 0.54904 -0.83559
vn -0.01221 0.73252 -0.68064
vn 0.22776 0.70097 -0.67585
vn 0.00583 0.86161 -0.50753
vn 0.26286 0.80903 -0.52572
vn 0.44046 0.58542 -0.68064
vn 0.50171 0.70049 -0.50754
vn 0.98225 0 -0.18757
vn 0.98347 -0.15192 -0.09851
vn 0.91866 -0.23796 -0.31533
vn 0.93411 0 -0.35699
vn 0.95106 -0.309 0
vn 0.87582 -0.42868 -0.22176
vn 0.91866 0.23796 -0.31533
vn 0.98347 0.15192 -0.09851
vn 0.87582 0.42868 -0.22176
vn 0.95106 0.309 0
vn 0.99598 0 0.08954
vn 0.96053 -0.16798 0.22175
vn 0.96053 0.16798 0.22175
vn 0.89443 0 0.4472
vn 0.30351 -0.93418 -0.18757
vn 0.1594 -0.98229 -0.09852
vn 0.05753 -0.94724 -0.31532
vn 0.28865 -0.88839 -0.35699
vn -0.13703 -0.96543 -0.22175
vn 0.51022 -0.80015 -0.31532
vn 0.44839 -0.88839 -0.09852
vn 0.67835 -0.70048 -0.22175
vn 0.58777 -0.80903 0
vn 0.30775 -0.94724 0.08954
vn 0.13703 -0.96543 0.22175
vn 0.45656 -0.86161 0.22175
vn 0.27638 -0.85066 0.4472
vn -0.79465 -0.57736 -0.18757
vn -0.88494 -0.45517 -0.09852
vn -0.8831 -0.34743 -0.31532
vn -0.75571 -0.54906 -0.35698
vn -0.95106 -0.309 0
vn -0.96053 -0.16798 -0.22175
vn -0.60333 -0.73251 -0.31532
vn -0.70633 -0.70099 -0.09852
vn -0.45656 -0.86161 -0.22175
vn -0.58777 -0.80903 0
vn -0.80577 -0.58542 0.08954
vn -0.87582 -0.42868 0.22176
vn -0.67835 -0.70048 0.22175
vn -0.72362 -0.52573 0.4472
vn -0.79465 0.57736 -0.18757
vn -0.70633 0.70099 -0.09852
vn -0.60333 0.73251 -0.31532
vn -0.75571 0.54906 -0.35698
vn -0.58777 0.80903 0
vn -0.45656 0.86161 -0.22175
vn -0.8831 0.34743 -0.31532
vn -0.88494 0.45517 -0.09852
vn -0.96053 0.16798 -0.22175
vn -0.95106 0.309 0
vn -0.80577 0.58542 0.08954
vn -0.67835 0.70048 0.22175
vn -0.87582 0.42868 0.22176
vn -0.72362 0.52573 0.4472
vn 0.30351 0.93418 -0.18757
vn 0.44839 0.88839 -0.09852
vn 0.51022 0.80015 -0.31532
vn 0.28865 0.88839 -0.35699
vn 0.58777 0.80903 0
vn 0.67835 0.70048 -0.22175
vn 0.05753 0.94724 -0.31532
vn 0.1594 0.98229 -0.09852
vn -0.13703 0.96543 -0.22175
vn 0.30775 0.94724 0.08954
vn 0.45656 0.86161 0.22175
vn 0.13703 0.96543 0.22175
vn 0.27638 0.85066 0.4472
vn 0.79465 -0.57736 0.18757
vn 0.70633 -0.70099 0.09852
vn 0.80577 -0.58542 -0.08954
vn 0.88494 -0.45517 0.09852
vn 0.8831 -0.34743 0.31532
vn 0.75571 -0.54906 0.35698
vn 0.81764 -0.2718 0.50753
vn 0.68819 -0.5 0.52573
vn 0.60333 -0.73251 0.31532
vn 0.51117 -0.69362 0.50754
vn -0.30351 -0.93418 0.18757
vn -0.44839 -0.88839 0.09852
vn -0.30775 -0.94724 -0.08954
vn -0.1594 -0.98229 0.09852
vn -0.05753 -0.94724 0.31532
vn -0.28865 -0.88839 0.35699
vn -0.00583 -0.86161 0.50753
vn -0.26286 -0.80903 0.52572
vn -0.51022 -0.80015 0.31532
vn -0.50171 -0.70049 0.50754
vn -0.98225 0 0.18757
vn -0.98347 0.15192 0.09851
vn -0.99598 0 -0.08954
vn -0.98347 -0.15192 0.09851
vn -0.91866 -0.23796 0.31533
vn -0.93411 0 0.35699
vn -0.82125 -0.2607 0.50754
vn -0.85066 0 0.52572
vn -0.91866 0.23796 0.31533
vn -0.82125 0.2607 0.50754
vn -0.30351 0.93418 0.18757
vn -0.1594 0.98229 0.09852
vn -0.30775 0.94724 -0.08954
vn -0.44839 0.88839 0.09852
vn -0.51022 0.80015 0.31532
vn -0.28865 0.88839 0.35699
vn -0.50171 0.70049 0.50754
vn -0.26286 0.80903 0.52572
vn -0.05753 0.94724 0.31532
vn -0.00583 0.86161 0.50753
vn 0.79465 0.57736 0.18757
vn 0.88494 0.45517 0.09852
vn 0.80577 0.58542 -0.08954
vn 0.70633 0.70099 0.09852
vn 0.60333 0.73251 0.31532
vn 0.75571 0.54906 0.35698
vn 0.51117 0.69362 0.50754
vn 0.68819 0.5 0.52573
vn 0.8831 0.34743 0.31532
vn 0.81764 0.2718 0.50753
vn 0.49111 -0.35683 0.79466
vn 0.33782 -0.43322 0.83558
vn 0.42065 -0.5998 0.68065
vn 0.59628 -0.43322 0.67585
vn 0.16245 -0.49999 0.85066
vn 0.22536 -0.69362 0.68419
vn 0.70043 -0.21474 0.68065
vn 0.51641 -0.18742 0.83558
vn 0.72932 0 0.68418
vn 0.52572 0 0.85066
vn 0.29554 -0.21473 0.93088
vn 0.08829 -0.2718 0.95829
vn 0.28578 0 0.9583
vn -0.1876 -0.57736 0.79465
vn -0.30763 -0.45516 0.83558
vn -0.44046 -0.58542 0.68064
vn -0.22776 -0.701 0.67582
vn -0.42531 -0.30901 0.85066
vn -0.59003 -0.42867 0.68418
vn 0.01221 -0.73252 0.68064
vn -0.01865 -0.54904 0.83559
vn -0.11289 -0.34743 0.93089
vn -0.23121 -0.16798 0.95829
vn -0.60706 0 0.79466
vn -0.52795 0.15192 0.83558
vn -0.69289 0.23796 0.68065
vn -0.73704 0 0.67585
vn -0.42531 0.30901 0.85066
vn -0.59003 0.42867 0.68418
vn -0.69289 -0.23796 0.68065
vn -0.52795 -0.15192 0.83558
vn -0.36531 0 0.93089
vn -0.23121 0.16798 0.95829
vn -0.18757 0.57736 0.79465
vn -0.01865 0.54906 0.83557
vn 0.01221 0.73252 0.68064
vn -0.22776 0.70098 0.67583
vn 0.16245 0.49999 0.85066
vn 0.22536 0.69362 0.68419
vn -0.44046 0.58542 0.68064
vn -0.30763 0.45516 0.83558
vn -0.11289 0.34743 0.93089
vn 0.08829 0.2718 0.95829
vn 0.49111 0.35683 0.79466
vn 0.51641 0.18742 0.83558
vn 0.70044 0.21473 0.68064
vn 0.59628 0.43322 0.67585
vn 0.42068 0.5998 0.68064
vn 0.33782 0.43322 0.83558
vn 0.29554 0.21473 0.93088
vn 0.60501 -0.61182 -0.50954
vn 0.61389 -0.623 -0.48477
vn 0.61379 -0.62288 -0.48506
vn -0.95018 -5E-05 -0.3117
vn -0.94935 -8E-05 -0.31421
vn -0.94935 -8E-05 -0.31421
vn 0 -0.95144 -0.30785
vn 0 -0.95071 -0.31007
vn 0 -0.95071 -0.31007
vn -0.60549 0.6112 -0.50973
vn -0.61416 0.62258 -0.48497
vn -0.61406 0.62245 -0.48526
vn 0.60549 0.6112 -0.50973
vn 0.61406 0.62245 -0.48526
vn 0.61416 0.62258 -0.48497
vn 0.95018 -5E-05 -0.3117
vn 0.94935 -8E-05 -0.31421
vn 0.94935 -8E-05 -0.31421
vn -0.60501 -0.61182 -0.50954
vn -0.61379 -0.62288 -0.48506
vn -0.61389 -0.623 -0.48477
vn -0 0.95142 -0.3079
vn -0 0.9507 -0.31013
vn -0 0.9507 -0.31013
vn 0.62147 0.6323 -0.46257
vn 0.62139 -0.63255 -0.46234
vn -0.94796 -0.00013 -0.31838
vn -0.62147 0.6323 -0.46257
vn 0 -0.94948 -0.31383
vn 0.94796 -0.00013 -0.31838
vn -0.62139 -0.63255 -0.46234
vn 0 0.94946 -0.3139
vn 0 0 -1
vn 0 0 -1
vn -0 0 -1
vn 0 0 -1
vn -0 0 -1
vn 0 0 -1
vn 0 0 -1
vn 1 0 0
vn 1 0 0
vn -1 0 -0
vn -1 0 -0
vn 0 1 0
vn 0 -1 -0
vn 1 0 -0
vn -1 0 0
vn 0 1 -0
vn -1 0 0
vn 1 0 -0
vn 0 1 -0
vn 0 -1 0
vn 0.90496 0.35665 -0.23207
vn 0.97304 -0.00012 -0.23063
vn 0.88987 -0.00013 -0.45621
vn 0.82646 0.32303 -0.4611
vn -0.90489 -0.35683 -0.23204
vn -0.97304 -0.00012 -0.23063
vn -0.88987 -0.00013 -0.45621
vn -0.8264 -0.32323 -0.46107
vn 0.68188 0.69351 -0.23255
vn 0.62044 0.63335 -0.46252
vn 0.34636 0.90962 -0.22941
vn 0.31252 0.83353 -0.45558
vn -0.68183 -0.69358 -0.23252
vn -0.6204 -0.63342 -0.46248
vn -0.68188 0.69351 -0.23255
vn -0.34636 0.90962 -0.22941
vn -0.31252 0.83353 -0.45558
vn -0.62044 0.63335 -0.46252
vn -0.34639 -0.90962 -0.22938
vn -0.31254 -0.83354 -0.45556
vn -0.90496 0.35665 -0.23207
vn -0.82646 0.32303 -0.4611
vn 0.68183 -0.69358 -0.23252
vn 0.34639 -0.90962 -0.22938
vn 0.31254 -0.83354 -0.45556
vn 0.6204 -0.63342 -0.46248
vn 0.90489 -0.35683 -0.23204
vn 0.8264 -0.32323 -0.46107
vn 0 0.9739 -0.22697
vn -0 0.89362 -0.44882
vn 0 -0.97391 -0.22694
vn 0 -0.89363 -0.44881
vn -0.06589 0.02553 0.9975
vn -0.04915 0.05037 0.99752
vn -0.04942 0.0501 0.99752
vn -0.06565 0.02607 0.9975
vn -0.04915 -0.05038 0.99752
vn -0.06587 -0.02555 0.9975
vn -0.06564 -0.02609 0.9975
vn -0.04942 -0.05011 0.99752
vn -0.07161 -1E-05 0.99743
vn -0.07161 -1E-05 0.99743
vn 0.02482 0.06733 0.99742
vn 0.04915 0.05037 0.99752
vn 0.04942 0.0501 0.99752
vn 0.02584 0.06687 0.99743
vn -0.02483 0.06733 0.99742
vn -0.02584 0.06687 0.99743
vn -0 0.07309 0.99733
vn -0 0.07309 0.99733
vn 0.06588 0.02553 0.9975
vn 0.07161 -1E-05 0.99743
vn 0.07161 -1E-05 0.99743
vn 0.06565 0.02607 0.9975
vn 0 -0.07309 0.99733
vn -0.02483 -0.06733 0.99742
vn -0.02584 -0.06688 0.99743
vn 0 -0.07309 0.99733
vn 0.0659 -0.02555 0.9975
vn 0.04916 -0.05038 0.99752
vn 0.04943 -0.05011 0.99752
vn 0.06567 -0.02609 0.9975
vn 0.02483 -0.06733 0.99742
vn 0.02584 -0.06688 0.99743
vn 0.57269 -6E-05 -0.81977
vn 0.53263 -0.20869 -0.82022
vn 0.20301 -0.53958 -0.81709
vn 0 -0.57885 -0.81543
vn 0.40008 -0.40817 -0.82057
vn 0.53265 0.20854 -0.82024
vn -0.40008 -0.40817 -0.82057
vn -0.53263 -0.20869 -0.82022
vn -0.57269 -6E-05 -0.81977
vn -0.53265 0.20857 -0.82023
vn -0.20301 -0.53958 -0.81709
vn 0 0.57883 -0.81545
vn 0.20298 0.53955 -0.81712
vn -0.40011 0.40811 -0.82058
vn -0.20298 0.53955 -0.81712
vn 0.40011 0.40811 -0.82058
vn 0.84459 -0.33269 -0.41952
vn 0.63595 -0.64725 -0.42028
vn 0.55034 -0.56246 -0.61706
vn 0.73416 -0.2865 -0.61557
vn 0 0.91152 -0.41125
vn 0.32316 0.85038 -0.41524
vn 0.2772 0.74254 -0.60975
vn -0 0.79807 -0.60257
vn 0 -0.91152 -0.41125
vn -0.32317 -0.85039 -0.41521
vn -0.27723 -0.74255 -0.60972
vn -0 -0.79808 -0.60256
vn 0.3508 -0.9218 -0.16502
vn 0 -0.98679 -0.16199
vn 0 -0.99651 -0.08347
vn 0.35267 -0.93186 -0.08521
vn -0.35079 0.9218 -0.16503
vn -0 0.98679 -0.16199
vn 0 0.99651 -0.08347
vn -0.35267 0.93186 -0.08521
vn 0.32317 -0.85039 -0.41521
vn 0.27723 -0.74255 -0.60972
vn 0.90882 -9E-05 -0.41719
vn 0.79206 -0.00011 -0.61045
vn 0.69102 -0.70303 -0.16808
vn 0.69787 -0.71093 -0.08689
vn 0.98625 -0.00013 -0.16527
vn 0.91718 -0.36158 -0.16745
vn 0.92719 -0.36446 -0.08652
vn 0.99636 -0.00012 -0.08521
vn -0.90882 -9E-05 -0.41719
vn -0.84465 0.33251 -0.41952
vn -0.7342 0.28631 -0.6156
vn -0.79206 -0.00011 -0.61044
vn -0.3508 -0.9218 -0.16502
vn -0.35267 -0.93186 -0.08521
vn -0.32316 0.85038 -0.41524
vn -0.2772 0.74254 -0.60975
vn -0.98625 -0.00013 -0.16527
vn -0.91726 0.36138 -0.16747
vn -0.92727 0.36425 -0.08652
vn -0.99636 -0.00012 -0.08521
vn 0.35079 0.9218 -0.16503
vn 0.35267 0.93186 -0.08521
vn -0.636 0.64717 -0.42032
vn -0.55036 0.56239 -0.61711
vn -0.69108 0.70296 -0.1681
vn -0.69793 0.71087 -0.08689
vn -0.63595 -0.64725 -0.42028
vn -0.55034 -0.56246 -0.61706
vn -0.69102 -0.70303 -0.16808
vn -0.69787 -0.71093 -0.08689
vn -0.84459 -0.33269 -0.41952
vn -0.73416 -0.2865 -0.61557
vn -0.91718 -0.36158 -0.16745
vn -0.92719 -0.36446 -0.08652
vn 0.636 0.64717 -0.42032
vn 0.55036 0.56239 -0.61711
vn 0.69108 0.70296 -0.1681
vn 0.69793 0.71087 -0.08689
vn 0.84465 0.33251 -0.41952
vn 0.7342 0.28631 -0.61561
vn 0.91726 0.36138 -0.16747
vn 0.92727 0.36425 -0.08652
vn 0.35457 0.933 0.0615
vn 0.69956 0.71183 0.06256
vn 0.70007 0.71287 -0.04146
vn 0.35397 0.93437 -0.04068
vn 0 -0.99817 0.06052
vn -0.35457 -0.933 0.0615
vn -0.35398 -0.93437 -0.04067
vn 0 -0.9992 -0.03991
vn 0.92868 0.3656 0.06235
vn 0.9299 0.36548 -0.0413
vn -0.92868 0.3656 0.06235
vn -0.69956 0.71183 0.06256
vn -0.70007 0.71287 -0.04146
vn -0.9299 0.36548 -0.0413
vn -0.35457 0.933 0.0615
vn 0 0.99817 0.06052
vn 0 0.9992 -0.03991
vn -0.35397 0.93437 -0.04068
vn -0.9286 -0.3658 0.06235
vn -0.99809 -0.00012 0.06171
vn -0.99917 -0.00013 -0.04074
vn -0.92982 -0.36568 -0.04129
vn -0.6995 -0.71189 0.06256
vn -0.7 -0.71294 -0.04145
vn 0.9286 -0.3658 0.06235
vn 0.6995 -0.71189 0.06256
vn 0.7 -0.71294 -0.04145
vn 0.92982 -0.36568 -0.04129
vn 0.99809 -0.00012 0.06171
vn 0.99917 -0.00013 -0.04074
vn 0.35457 -0.933 0.0615
vn 0.35398 -0.93437 -0.04067
vn 0.26994 0.71348 0.64658
vn 0.53083 0.54072 0.65257
vn 0.66365 0.67509 0.32222
vn 0.33712 0.88613 0.31801
vn 0 -0.76694 0.64172
vn -0.26998 -0.71349 0.64656
vn -0.33712 -0.88613 0.31801
vn 0 -0.9492 0.31468
vn 0.70607 0.2773 0.65159
vn 0.881 0.34703 0.32158
vn -0.70607 0.2773 0.65159
vn -0.53083 0.54072 0.65257
vn -0.66365 0.67509 0.32222
vn -0.881 0.34703 0.32158
vn -0.26994 0.71348 0.64658
vn 0 0.76693 0.64174
vn 0 0.9492 0.31468
vn -0.33712 0.88613 0.31801
vn -0.70604 -0.27745 0.65156
vn -0.76108 -9E-05 0.64865
vn -0.94754 -0.00012 0.31962
vn -0.88094 -0.34722 0.32155
vn -0.53079 -0.5408 0.65253
vn -0.66357 -0.67517 0.32222
vn 0.70604 -0.27745 0.65156
vn 0.53079 -0.5408 0.65253
vn 0.66357 -0.67517 0.32222
vn 0.88094 -0.34722 0.32155
vn 0.76108 -9E-05 0.64865
vn 0.94754 -0.00012 0.31962
vn 0.26998 -0.71349 0.64656
vn 0.33712 -0.88613 0.31801
vn 0.35473 0.93181 -0.07676
vn 0.69895 0.71091 -0.07795
vn 0.61798 0.62894 -0.47173
vn 0.31407 0.82689 -0.46649
vn 0 -0.99713 -0.07575
vn -0.35475 -0.9318 -0.07676
vn -0.31411 -0.82689 -0.46646
vn 0 -0.88662 -0.46249
vn 0.92756 0.36549 -0.07773
vn 0.82088 0.32305 -0.47095
vn -0.92756 0.36549 -0.07773
vn -0.69895 0.71091 -0.07795
vn -0.61798 0.62894 -0.47173
vn -0.82088 0.32305 -0.47095
vn -0.35473 0.93181 -0.07676
vn 0 0.99713 -0.07575
vn 0 0.88661 -0.46252
vn -0.31407 0.82689 -0.46649
vn -0.92748 -0.36571 -0.07773
vn -0.99702 -0.00012 -0.07712
vn -0.88335 -9E-05 -0.46871
vn -0.82083 -0.32323 -0.47092
vn -0.69889 -0.71097 -0.07795
vn -0.61795 -0.629 -0.4717
vn 0.92748 -0.36571 -0.07773
vn 0.69889 -0.71097 -0.07795
vn 0.61795 -0.629 -0.4717
vn 0.82083 -0.32323 -0.47092
vn 0.99702 -0.00012 -0.07712
vn 0.88335 -9E-05 -0.46871
vn 0.35475 -0.9318 -0.07676
vn 0.31411 -0.82689 -0.46646
vn -0.646 -0.65736 0.38802
vn -0.85774 -0.338 0.38735
vn 0.85774 -0.338 0.38735
vn 0.646 -0.65736 0.38802
vn 0.85781 0.33782 0.38735
vn 0.92275 -0.00012 0.3854
vn 0.3283 -0.86327 0.38338
vn 0.32829 0.86326 0.38341
vn 0.64606 0.65729 0.38805
vn 0 0.92503 0.3799
vn 0 -0.92504 0.37987
vn -0.85781 0.33782 0.38735
vn -0.64606 0.65729 0.38805
vn -0.32829 0.86326 0.38341
vn -0.3283 -0.86327 0.38338
vn -0.92275 -9E-05 0.3854
vn 0.53975 0.21402 -0.81416
vn 0.58589 -7E-05 -0.81039
vn 0.58589 -9E-05 -0.81039
vn 0.54126 0.2104 -0.81411
vn -0.53974 -0.21414 -0.81414
vn -0.58589 -7E-05 -0.81039
vn -0.58589 -9E-05 -0.81039
vn -0.54124 -0.21054 -0.81408
vn 0.40661 0.41243 -0.81521
vn 0.40481 0.41424 -0.81519
vn 0.21077 0.54717 -0.81005
vn 0.20408 0.55 -0.80984
vn -0.40661 -0.4125 -0.81518
vn -0.40481 -0.41431 -0.81516
vn -0.40661 0.41243 -0.81521
vn -0.21077 0.54717 -0.81005
vn -0.20408 0.55 -0.80984
vn -0.40481 0.41424 -0.81519
vn -0.21078 -0.54719 -0.81003
vn -0.20411 -0.55002 -0.80983
vn -0.53975 0.21402 -0.81416
vn -0.54126 0.2104 -0.81411
vn -0 0.5938 -0.80462
vn -0 0.5938 -0.80462
vn 0.53974 -0.21414 -0.81414
vn 0.4066 -0.4125 -0.81518
vn 0.4048 -0.41431 -0.81516
vn 0.54124 -0.21054 -0.81408
vn 0 -0.59381 -0.80461
vn 0 -0.59381 -0.80461
vn 0.21078 -0.54719 -0.81003
vn 0.20411 -0.55002 -0.80982
vn 0.67339 0.26229 0.6912
vn 0.7273 -0.0001 0.68632
vn 0.7273 -9E-05 0.68632
vn 0.67183 0.26609 0.69126
vn -0.67335 -0.26246 0.69117
vn -0.7273 -0.0001 0.68632
vn -0.7273 -9E-05 0.68632
vn -0.6718 -0.26624 0.69123
vn 0.50436 0.51565 0.69262
vn 0.50626 0.51375 0.69264
vn 0.25409 0.68215 0.68564
vn 0.2611 0.67927 0.68587
vn -0.50434 -0.51573 0.69258
vn -0.50624 -0.51383 0.6926
vn -0.50436 0.51565 0.69262
vn -0.25409 0.68215 0.68564
vn -0.2611 0.67927 0.68587
vn -0.50626 0.51375 0.69264
vn -0.25412 -0.68217 0.68562
vn -0.26111 -0.6793 0.68584
vn -0.67339 0.26229 0.6912
vn -0.67183 0.26609 0.69126
vn -0 0.73429 0.67883
vn 0 0.73429 0.67883
vn 0.67335 -0.26246 0.69117
vn 0.50435 -0.51573 0.69257
vn 0.50624 -0.51383 0.6926
vn 0.6718 -0.26624 0.69123
vn 0 -0.7343 0.67882
vn 0 -0.7343 0.67882
vn 0.25412 -0.68217 0.68562
vn 0.26111 -0.6793 0.68584
vn 0 -0.99973 -0.02322
vn -0.35628 -0.93411 -0.02249
vn 0.35628 -0.93411 -0.02249
vn -0.70093 0.71289 -0.02219
vn -0.35628 0.93411 -0.02249
vn -0.92992 0.36705 -0.0228
vn -0.99972 -0.00012 -0.02365
vn -0.92983 -0.36727 -0.0228
vn 0.70086 -0.71295 -0.02219
vn 0.92983 -0.36727 -0.0228
vn 0.70093 0.71289 -0.02219
vn 0.92992 0.36705 -0.0228
vn 0.35628 0.93411 -0.02249
vn 0 0.99973 -0.02322
vn -0.70086 -0.71295 -0.02219
vn 0.99972 -0.00012 -0.02365
vn 0.63768 -9E-05 0.7703
vn 0.58953 -0.22948 0.77447
vn 0.22237 -0.59846 0.76967
vn -0 -0.64545 0.7638
vn 0.44114 -0.45136 0.77567
vn 0.58955 0.22933 0.77449
vn -0.44114 -0.45136 0.77567
vn -0.58953 -0.22948 0.77446
vn -0.63768 -9E-05 0.7703
vn -0.58955 0.22933 0.77449
vn -0.22237 -0.59846 0.76967
vn 0 0.64544 0.76381
vn 0.22234 0.59845 0.76969
vn -0.44114 0.45129 0.77571
vn -0.22233 0.59845 0.76969
vn 0.44114 0.45129 0.77571
vn -0.55534 -0.56754 0.60786
vn -0.74077 -0.28912 0.60637
vn 0.74076 -0.28911 0.60637
vn 0.55534 -0.56754 0.60786
vn 0.74081 0.28893 0.6064
vn 0.79908 -0.00012 0.60122
vn 0.27975 -0.7491 0.6005
vn 0 -0.80497 0.59332
vn 0.27972 0.74909 0.60052
vn 0.55537 0.56747 0.6079
vn -0.27975 -0.7491 0.6005
vn -0.74081 0.28893 0.6064
vn -0.55537 0.56747 0.6079
vn -0.27972 0.74908 0.60052
vn -0 0.80496 0.59333
vn -0.79908 -0.00011 0.60122
vt 0.07393 0.36812
vt 0.06874 0.36943
vt 0.07928 0.3682
vt 0.10232 0.61567
vt 0.10655 0.61455
vt 0.09796 0.61556
vt 0.11406 0.67159
vt 0.10831 0.67172
vt 0.11963 0.67304
vt 0.0775 0.99021
vt 0.08455 0.99014
vt 0.07066 0.98851
vt 0.71769 0.33078
vt 0.6476 0.39463
vt 0.65419 0.40126
vt 0.55149 0.49886
vt 0.62007 0.43501
vt 0.6135 0.42838
vt 0.55149 0.33078
vt 0.6135 0.40126
vt 0.62009 0.39463
vt 0.45521 0.53996
vt 0.45521 0.54909
vt 0.51965 0.5491
vt 0.36547 0.54906
vt 0.37773 0.54907
vt 0.37773 0.53994
vt 0.19293 0.85273
vt 0.2563 0.85273
vt 0.19293 0.8436
vt 0.26901 0.98038
vt 0.26901 0.85273
vt 0.45506 0.84362
vt 0.44236 0.84362
vt 0.45506 0.85275
vt 0.25612 0.54928
vt 0.25612 0.54018
vt 0.19168 0.54937
vt 0.51965 0.67674
vt 0.53191 0.67674
vt 0.37899 0.98038
vt 0.37899 0.85275
vt 0.36547 0.98038
vt 0.3459 0.8436
vt 0.3459 0.71595
vt 0.33354 0.71595
vt 0.44217 0.53995
vt 0.45521 0.41232
vt 0.3459 0.98038
vt 0.33354 0.98038
vt 0.3459 0.99021
vt 0.5196 0.71599
vt 0.53195 0.84362
vt 0.53195 0.71602
vt 0.45506 0.71599
vt 0.53195 0.70615
vt 0.5196 0.84362
vt 0.37899 0.71599
vt 0.36547 0.70615
vt 0.36547 0.71599
vt 0.44236 0.71599
vt 0.51965 0.53997
vt 0.36547 0.4123
vt 0.36547 0.53994
vt 0.44217 0.54908
vt 0.37773 0.4123
vt 0.17941 0.98038
vt 0.19293 0.98038
vt 0.17941 0.8436
vt 0.17941 0.85272
vt 0.2563 0.8436
vt 0.2563 0.98038
vt 0.5196 0.85275
vt 0.44236 0.85275
vt 0.37899 0.84362
vt 0.3336 0.54918
vt 0.3336 0.54007
vt 0.26916 0.54016
vt 0.25612 0.67663
vt 0.26916 0.67661
vt 0.26916 0.54927
vt 0.26916 0.41282
vt 0.25612 0.41284
vt 0.19168 0.54026
vt 0.19168 0.41292
vt 0.17941 0.41294
vt 0.17941 0.54028
vt 0.17941 0.67673
vt 0.19168 0.67671
vt 0.17941 0.54938
vt 0.53191 0.5491
vt 0.34587 0.41268
vt 0.3336 0.41273
vt 0.45506 0.98038
vt 0.53195 0.99021
vt 0.53195 0.98041
vt 0.5196 0.98038
vt 0.44236 0.98038
vt 0.36547 0.84367
vt 0.36547 0.85275
vt 0.36547 0.99021
vt 0.33354 0.8436
vt 0.36547 0.67673
vt 0.37773 0.67671
vt 0.19293 0.71595
vt 0.17941 0.71593
vt 0.34587 0.54006
vt 0.36547 0.40246
vt 0.36547 0.68654
vt 0.53191 0.54003
vt 0.44217 0.67672
vt 0.51965 0.41233
vt 0.53191 0.41234
vt 0.53191 0.4025
vt 0.53191 0.68658
vt 0.45521 0.67672
vt 0.44217 0.41232
vt 0.17941 0.70612
vt 0.26901 0.8436
vt 0.26901 0.71595
vt 0.3459 0.70612
vt 0.33354 0.85273
vt 0.3459 0.85272
vt 0.2563 0.71595
vt 0.17941 0.99021
vt 0.17941 0.40313
vt 0.53195 0.85275
vt 0.34587 0.4029
vt 0.34587 0.54916
vt 0.3336 0.67652
vt 0.34587 0.67648
vt 0.17941 0.68654
vt 0.34587 0.68632
vt 0.55149 0.5185
vt 0.55149 0.68658
vt 0.6365 0.60265
vt 0.71778 0.51844
vt 0.71778 0.68652
vt 0.71769 0.49886
vt 0.65419 0.42838
vt 0.64762 0.43501
vt 0.03521 0.02018
vt 0.0329 0.01994
vt 0.03643 0.02591
vt 0.00979 0.02088
vt 0.0121 0.02063
vt 0.01332 0.01491
vt 0.20236 0.06537
vt 0.20236 0.05166
vt 0.20052 0.05852
vt 0.03643 0.01491
vt 0.59978 0.13407
vt 0.59798 0.1394
vt 0.59987 0.14299
vt 0.96241 0.02719
vt 0.9612 0.02187
vt 0.95886 0.02204
vt 0.96241 0.01603
vt 0.59802 0.14996
vt 0.59987 0.15699
vt 0.98359 0.23829
vt 0.98238 0.23245
vt 0.97996 0.23208
vt 0.98359 0.22713
vt 0.2652 0.11776
vt 0.26342 0.12292
vt 0.26534 0.12633
vt 0.9837 0.15443
vt 0.98248 0.14916
vt 0.97996 0.14933
vt 0.9837 0.14343
vt 0.26348 0.13318
vt 0.26534 0.14003
vt 0.9837 0.20756
vt 0.98248 0.20184
vt 0.97996 0.20167
vt 0.9837 0.19656
vt 0.1549 0.16163
vt 0.1565 0.15645
vt 0.15431 0.15307
vt 0.18095 0.02924
vt 0.17974 0.02392
vt 0.17732 0.02429
vt 0.18095 0.01807
vt 0.15623 0.14604
vt 0.15431 0.13906
vt 0.98352 0.1006
vt 0.98231 0.09475
vt 0.97996 0.09458
vt 0.98352 0.08943
vt 0.1565 0.13549
vt 0.1549 0.13016
vt 0.01332 0.02591
vt 0.18599 0.2361
vt 0.21353 0.2361
vt 0.20216 0.22485
vt 0.22011 0.22947
vt 0.22011 0.20235
vt 0.20874 0.21822
vt 0.21352 0.19572
vt 0.186 0.19572
vt 0.19737 0.20697
vt 0.17941 0.20235
vt 0.17941 0.22947
vt 0.19079 0.2136
vt 0.01624 0.14929
vt 0.01573 0.15246
vt 0.02325 0.15239
vt 0.02018 0.14524
vt 0.01778 0.14683
vt 0.01778 0.15809
vt 0.02018 0.15967
vt 0.03077 0.15245
vt 0.03026 0.14929
vt 0.01624 0.15562
vt 0.02325 0.1602
vt 0.02632 0.15967
vt 0.03026 0.15562
vt 0.02872 0.15808
vt 0.02872 0.14683
vt 0.02632 0.14524
vt 0.02325 0.14471
vt 0.01044 0.08768
vt 0.0243 0.08768
vt 0.02273 0.08627
vt 0.012 0.08627
vt 0.00979 0.0911
vt 0.02495 0.0911
vt 0.02495 0.11446
vt 0.00979 0.11446
vt 0.01044 0.11787
vt 0.0243 0.11787
vt 0.012 0.11928
vt 0.02273 0.11928
vt 0.38423 0.11815
vt 0.38358 0.11474
vt 0.37038 0.11474
vt 0.36973 0.11815
vt 0.84295 0.78853
vt 0.84287 0.7901
vt 0.84382 0.79011
vt 0.84389 0.78854
vt 0.84283 0.80094
vt 0.84377 0.80094
vt 0.53173 0.23566
vt 0.53174 0.23224
vt 0.53079 0.23224
vt 0.53078 0.23566
vt 0.53181 0.1859
vt 0.53173 0.18432
vt 0.53078 0.18432
vt 0.53086 0.1859
vt 0.53173 0.17348
vt 0.53078 0.17348
vt 0.80059 0.17811
vt 0.80059 0.20141
vt 0.80153 0.20141
vt 0.80153 0.1781
vt 0.53174 0.20888
vt 0.53079 0.20888
vt 0.8006 0.20486
vt 0.80155 0.20486
vt 0.8006 0.17475
vt 0.80155 0.17474
vt 0.84289 0.80253
vt 0.84383 0.80254
vt 0.38423 0.14152
vt 0.36973 0.14152
vt 0.37038 0.14493
vt 0.38358 0.14493
vt 0.53181 0.1719
vt 0.53086 0.1719
vt 0.53173 0.20547
vt 0.53078 0.20547
vt 0.38233 0.11361
vt 0.37163 0.11361
vt 0.37161 0.14634
vt 0.38234 0.14634
vt 0.38233 0.14606
vt 0.37163 0.14606
vt 0.38456 0.11815
vt 0.38391 0.11474
vt 0.38234 0.11333
vt 0.38391 0.14493
vt 0.38456 0.14152
vt 0.37005 0.11474
vt 0.3694 0.11815
vt 0.84412 0.8022
vt 0.84407 0.80093
vt 0.3694 0.14152
vt 0.37005 0.14493
vt 0.84412 0.79013
vt 0.82141 0.33891
vt 0.82127 0.43099
vt 0.83425 0.42452
vt 0.83437 0.34058
vt 0.05768 0.3379
vt 0.02374 0.35992
vt 0.02941 0.37134
vt 0.06034 0.35126
vt 0.85421 0.41996
vt 0.85435 0.49886
vt 0.86732 0.49054
vt 0.86719 0.41861
vt 0.58271 0.01375
vt 0.58353 0.02866
vt 0.59198 0.03199
vt 0.59198 0.0174
vt 0.01116 0.39699
vt 0.01793 0.40514
vt 0.02438 0.39454
vt 0.01823 0.38537
vt 0.31553 0.05774
vt 0.30251 0.04768
vt 0.30248 0.05848
vt 0.3155 0.06959
vt 0.30251 0.06956
vt 0.31553 0.08174
vt 0.06943 0.12258
vt 0.05635 0.13449
vt 0.05629 0.14573
vt 0.06935 0.13491
vt 0.05629 0.15687
vt 0.06936 0.14713
vt 0.05635 0.16657
vt 0.06943 0.15776
vt 0.98909 0.27251
vt 0.98909 0.25787
vt 0.98077 0.26122
vt 0.97996 0.27618
vt 0.08334 0.34857
vt 0.08291 0.33495
vt 0.07699 0.33343
vt 0.07795 0.34719
vt 0.06994 0.33336
vt 0.07153 0.34712
vt 0.0631 0.33506
vt 0.06528 0.34867
vt 0.12093 0.34855
vt 0.11801 0.36098
vt 0.85406 0.32829
vt 0.86705 0.33504
vt 0.86718 0.32241
vt 0.8542 0.31444
vt 0.86726 0.30716
vt 0.85429 0.29771
vt 0.86732 0.29082
vt 0.85435 0.27978
vt 0.86732 0.27443
vt 0.85435 0.2618
vt 0.8214 0.44534
vt 0.83436 0.43761
vt 0.82148 0.46249
vt 0.83444 0.45323
vt 0.82153 0.48073
vt 0.83448 0.46986
vt 0.82153 0.49886
vt 0.83448 0.4864
vt 0.11676 0.64748
vt 0.13365 0.6286
vt 0.1296 0.61627
vt 0.1142 0.63348
vt 0.0948 0.63575
vt 0.09548 0.64997
vt 0.10075 0.6519
vt 0.0996 0.63751
vt 0.1065 0.65202
vt 0.10484 0.63762
vt 0.11206 0.65057
vt 0.10992 0.6363
vt 0.07476 0.63548
vt 0.07591 0.62254
vt 0.00979 0.41318
vt 0.01241 0.41402
vt 0.02024 0.40612
vt 0.04518 0.56539
vt 0.05489 0.57687
vt 0.0563 0.57557
vt 0.04692 0.56422
vt 0.11362 0.63156
vt 0.1095 0.63432
vt 0.02616 0.48358
vt 0.02837 0.4835
vt 0.07175 0.34905
vt 0.07794 0.34913
vt 0.12815 0.3824
vt 0.12157 0.3719
vt 0.12005 0.37361
vt 0.12642 0.38399
vt 0.13972 0.56695
vt 0.14658 0.55353
vt 0.14462 0.5528
vt 0.13805 0.56601
vt 0.14658 0.4695
vt 0.14658 0.39718
vt 0.14422 0.39861
vt 0.14441 0.46993
vt 0.02642 0.39569
vt 0.09956 0.63548
vt 0.09493 0.63374
vt 0.06573 0.35056
vt 0.06358 0.59112
vt 0.06472 0.58965
vt 0.07669 0.62067
vt 0.13683 0.39123
vt 0.1348 0.39272
vt 0.13449 0.58284
vt 0.13304 0.58167
vt 0.02841 0.38279
vt 0.03028 0.38411
vt 0.12842 0.61462
vt 0.06098 0.3531
vt 0.07091 0.60666
vt 0.07182 0.60499
vt 0.10461 0.63561
vt 0.13087 0.59965
vt 0.1296 0.59824
vt 0.03121 0.37281
vt 0.08314 0.35051
vt 0.11658 0.36283
vt 0.12116 0.39831
vt 0.1284 0.40585
vt 0.89679 0.14636
vt 0.89677 0.12996
vt 0.88689 0.14502
vt 0.88691 0.15919
vt 0.13654 0.41094
vt 0.89679 0.11365
vt 0.88691 0.13094
vt 0.08378 0.36939
vt 0.86369 0.90743
vt 0.86369 0.99021
vt 0.87357 0.98121
vt 0.87357 0.9097
vt 0.88987 0.60414
vt 0.88987 0.53319
vt 0.87997 0.54467
vt 0.87997 0.60596
vt 0.09396 0.61405
vt 0.06463 0.37163
vt 0.11267 0.38003
vt 0.03892 0.38865
vt 0.02267 0.42425
vt 0.02944 0.41742
vt 0.11011 0.61216
vt 0.13689 0.54413
vt 0.13121 0.55554
vt 0.03478 0.40841
vt 0.0782 0.60276
vt 0.12688 0.56907
vt 0.03811 0.39841
vt 0.12289 0.59753
vt 0.31239 0.13055
vt 0.31241 0.11443
vt 0.3025 0.10131
vt 0.30248 0.11524
vt 0.98547 0.29576
vt 0.97996 0.30517
vt 0.98071 0.32358
vt 0.98547 0.31544
vt 0.31241 0.14671
vt 0.3025 0.1292
vt 0.97866 0.40212
vt 0.98432 0.41162
vt 0.98432 0.39218
vt 0.97943 0.38397
vt 0.0606 0.5638
vt 0.05248 0.554
vt 0.11566 0.38935
vt 0.06787 0.57596
vt 0.03646 0.48427
vt 0.1367 0.47255
vt 0.1346 0.47087
vt 0.03812 0.48215
vt 0.02485 0.42438
vt 0.03136 0.41781
vt 0.074 0.58922
vt 0.12391 0.58338
vt 0.03131 0.96366
vt 0.1285 0.97502
vt 0.13241 0.96304
vt 0.03021 0.95109
vt 0.13963 0.95151
vt 0.02579 0.93821
vt 0.14914 0.94183
vt 0.01872 0.92658
vt 0.15984 0.93531
vt 0.00979 0.91776
vt 0.02775 0.84054
vt 0.15984 0.85599
vt 0.15984 0.76382
vt 0.04861 0.75082
vt 0.15232 0.74911
vt 0.05926 0.73822
vt 0.14658 0.73168
vt 0.0688 0.72258
vt 0.14261 0.71324
vt 0.07684 0.70554
vt 0.14121 0.69501
vt 0.08232 0.68813
vt 0.12432 0.67613
vt 0.10304 0.67364
vt 0.06525 0.98567
vt 0.09047 0.98862
vt 0.88987 0.68658
vt 0.87997 0.67718
vt 0.86369 0.83617
vt 0.87357 0.84815
vt 0.82153 0.25966
vt 0.83448 0.26834
vt 0.77948 0.01162
vt 0.77948 0.01891
vt 0.78193 0.0188
vt 0.78193 0.0115
vt 0.6144 0.02507
vt 0.6144 0.01664
vt 0.61194 0.01661
vt 0.61194 0.02504
vt 0.97757 0.93136
vt 0.97757 0.99021
vt 0.98003 0.99021
vt 0.98003 0.93137
vt 0.13445 0.41157
vt 0.0365 0.40914
vt 0.11965 0.39941
vt 0.12662 0.40667
vt 0.64448 0.31434
vt 0.64448 0.19827
vt 0.63487 0.20565
vt 0.63487 0.30696
vt 0.65141 0.32307
vt 0.65141 0.18953
vt 0.72205 0.31508
vt 0.72205 0.19752
vt 0.86614 0.8166
vt 0.86614 0.71855
vt 0.86369 0.71855
vt 0.86369 0.8166
vt 0.20297 0.17615
vt 0.20297 0.09165
vt 0.20052 0.09165
vt 0.20052 0.17615
vt 0.75991 0.01978
vt 0.75991 0.01249
vt 0.75746 0.01237
vt 0.75746 0.01967
vt 0.98443 0.02715
vt 0.98443 0.01906
vt 0.98198 0.0191
vt 0.98198 0.02719
vt 0.97757 0.76259
vt 0.97757 0.82091
vt 0.98003 0.8209
vt 0.98003 0.76258
vt 0.83067 0.82827
vt 0.83465 0.83662
vt 0.84351 0.83267
vt 0.8402 0.82394
vt 0.15648 0.02129
vt 0.1565 0.01427
vt 0.15265 0.01427
vt 0.15267 0.02129
vt 0.84609 0.68206
vt 0.85573 0.68658
vt 0.85596 0.68603
vt 0.84637 0.68154
vt 0.85646 0.68475
vt 0.84697 0.68032
vt 0.83543 0.83834
vt 0.84412 0.83448
vt 0.84393 0.83396
vt 0.8352 0.83784
vt 0.91918 0.35165
vt 0.91916 0.34374
vt 0.91535 0.34374
vt 0.91534 0.35165
vt 0.88942 0.34315
vt 0.88941 0.35001
vt 0.89324 0.35001
vt 0.89323 0.34315
vt 0.88939 0.35622
vt 0.89326 0.35622
vt 0.88936 0.36454
vt 0.8933 0.36454
vt 0.88931 0.37242
vt 0.89334 0.37242
vt 0.88926 0.37977
vt 0.89339 0.37977
vt 0.8892 0.38659
vt 0.89345 0.38659
vt 0.88913 0.39326
vt 0.89352 0.39326
vt 0.88905 0.39927
vt 0.8936 0.39927
vt 0.88896 0.40472
vt 0.89369 0.40472
vt 0.88886 0.41034
vt 0.89379 0.41034
vt 0.88874 0.41608
vt 0.89391 0.41608
vt 0.8886 0.4221
vt 0.89405 0.4221
vt 0.88844 0.42866
vt 0.89421 0.42866
vt 0.88824 0.43611
vt 0.89441 0.43611
vt 0.88798 0.44495
vt 0.89468 0.44495
vt 0.88778 0.45254
vt 0.88754 0.45979
vt 0.89511 0.45979
vt 0.89487 0.45254
vt 0.88739 0.46746
vt 0.89526 0.46746
vt 0.88719 0.47531
vt 0.89546 0.47531
vt 0.88709 0.48313
vt 0.89556 0.48313
vt 0.88699 0.49096
vt 0.89566 0.49096
vt 0.88689 0.49886
vt 0.89576 0.49886
vt 0.83986 0.98993
vt 0.84143 0.98085
vt 0.83844 0.98026
vt 0.83683 0.98918
vt 0.84222 0.97155
vt 0.83928 0.97111
vt 0.84293 0.9623
vt 0.84003 0.96203
vt 0.84221 0.95272
vt 0.83945 0.95261
vt 0.84165 0.9437
vt 0.83898 0.94374
vt 0.83993 0.9349
vt 0.83818 0.92577
vt 0.83582 0.926
vt 0.83743 0.93504
vt 0.83514 0.91532
vt 0.83299 0.91569
vt 0.83244 0.90661
vt 0.83045 0.90706
vt 0.82961 0.89918
vt 0.82774 0.89965
vt 0.82695 0.8924
vt 0.8252 0.89288
vt 0.82451 0.88617
vt 0.82284 0.88664
vt 0.82222 0.88045
vt 0.82061 0.88086
vt 0.82002 0.87485
vt 0.81846 0.87521
vt 0.81864 0.86969
vt 0.81712 0.8699
vt 0.81789 0.86481
vt 0.8164 0.86479
vt 0.81701 0.8597
vt 0.81558 0.85946
vt 0.81812 0.85519
vt 0.8168 0.85468
vt 0.82043 0.85075
vt 0.8193 0.84995
vt 0.82277 0.84567
vt 0.82189 0.84463
vt 0.82857 0.84199
vt 0.82785 0.84085
vt 0.84111 0.99021
vt 0.84266 0.98107
vt 0.84344 0.9717
vt 0.84412 0.96239
vt 0.84335 0.95274
vt 0.84275 0.94366
vt 0.84096 0.93482
vt 0.83916 0.92566
vt 0.83603 0.91516
vt 0.83326 0.90642
vt 0.83038 0.89897
vt 0.82768 0.89218
vt 0.8252 0.88596
vt 0.82289 0.88026
vt 0.82067 0.87469
vt 0.81928 0.86959
vt 0.81851 0.8648
vt 0.8176 0.85979
vt 0.89465 0.29807
vt 0.89461 0.3026
vt 0.8952 0.30266
vt 0.89525 0.29801
vt 0.81866 0.85539
vt 0.8209 0.85107
vt 0.8946 0.30737
vt 0.89459 0.31276
vt 0.89515 0.31308
vt 0.89517 0.30756
vt 0.82313 0.84609
vt 0.82887 0.84245
vt 0.83973 0.82265
vt 0.83009 0.82705
vt 0.82204 0.83194
vt 0.82278 0.83308
vt 0.81497 0.83641
vt 0.81585 0.83746
vt 0.8104 0.84365
vt 0.81153 0.84446
vt 0.80645 0.85061
vt 0.80777 0.85114
vt 0.80435 0.85753
vt 0.80578 0.85778
vt 0.80468 0.86458
vt 0.80618 0.86461
vt 0.80512 0.8715
vt 0.80665 0.8713
vt 0.80622 0.87795
vt 0.80779 0.87761
vt 0.80796 0.88403
vt 0.80957 0.88363
vt 0.80971 0.89029
vt 0.81138 0.88983
vt 0.81142 0.89667
vt 0.81318 0.89619
vt 0.81316 0.90335
vt 0.81502 0.90289
vt 0.8149 0.91061
vt 0.81688 0.91016
vt 0.81621 0.91869
vt 0.81835 0.91832
vt 0.81746 0.9282
vt 0.8198 0.92793
vt 0.81788 0.9363
vt 0.81803 0.94399
vt 0.8207 0.94397
vt 0.82037 0.93615
vt 0.81777 0.9517
vt 0.82054 0.95182
vt 0.81734 0.95977
vt 0.82024 0.96007
vt 0.81618 0.96761
vt 0.81912 0.96807
vt 0.81499 0.97546
vt 0.81798 0.97608
vt 0.81308 0.98318
vt 0.81611 0.98396
vt 0.83953 0.82211
vt 0.82985 0.82653
vt 0.82174 0.83145
vt 0.8146 0.83596
vt 0.80993 0.84331
vt 0.8059 0.85038
vt 0.80376 0.85741
vt 0.80406 0.86455
vt 0.80448 0.87157
vt 0.80558 0.87808
vt 0.80729 0.88418
vt 0.80901 0.89046
vt 0.81069 0.89685
vt 0.81239 0.90353
vt 0.81408 0.91077
vt 0.81532 0.91883
vt 0.81649 0.92829
vt 0.81685 0.93624
vt 0.81695 0.94378
vt 0.81662 0.95162
vt 0.81614 0.95962
vt 0.81495 0.96739
vt 0.81375 0.97518
vt 0.81182 0.98283
vt 0.86024 0.67477
vt 0.85156 0.6708
vt 0.85101 0.67202
vt 0.85982 0.67605
vt 0.84497 0.66659
vt 0.84425 0.66771
vt 0.83921 0.66285
vt 0.83834 0.66388
vt 0.83692 0.65775
vt 0.8358 0.65853
vt 0.83465 0.65329
vt 0.83334 0.65378
vt 0.83358 0.64876
vt 0.83217 0.64898
vt 0.83451 0.64367
vt 0.83303 0.64367
vt 0.8353 0.63879
vt 0.83379 0.63856
vt 0.83672 0.63365
vt 0.83519 0.63328
vt 0.83897 0.62808
vt 0.83738 0.62765
vt 0.8413 0.62238
vt 0.83965 0.62189
vt 0.8438 0.61618
vt 0.84207 0.61567
vt 0.84651 0.60943
vt 0.84467 0.60893
vt 0.84941 0.60202
vt 0.84745 0.60155
vt 0.85219 0.59334
vt 0.85006 0.59295
vt 0.85532 0.58292
vt 0.85299 0.58266
vt 0.85715 0.57382
vt 0.85896 0.56503
vt 0.85632 0.56495
vt 0.85468 0.57364
vt 0.8596 0.55602
vt 0.85687 0.55609
vt 0.8604 0.54645
vt 0.85754 0.54668
vt 0.85978 0.5372
vt 0.85687 0.53759
vt 0.85907 0.52788
vt 0.85611 0.52844
vt 0.85758 0.51879
vt 0.85458 0.5195
vt 0.8604 0.67426
vt 0.85176 0.67032
vt 0.84524 0.66614
vt 0.83954 0.66244
vt 0.89071 0.31278
vt 0.89066 0.30738
vt 0.89008 0.30757
vt 0.89014 0.3131
vt 0.89059 0.30262
vt 0.89 0.30268
vt 0.89052 0.29809
vt 0.88992 0.29803
vt 0.89047 0.2935
vt 0.88984 0.29335
vt 0.83509 0.64369
vt 0.83589 0.63891
vt 0.83733 0.63383
vt 0.8396 0.62828
vt 0.84195 0.62261
vt 0.84448 0.61641
vt 0.84723 0.60966
vt 0.85018 0.60224
vt 0.85303 0.59353
vt 0.85624 0.58305
vt 0.85813 0.57392
vt 0.85999 0.5651
vt 0.8889 0.22409
vt 0.88876 0.2155
vt 0.8876 0.21524
vt 0.88778 0.22378
vt 0.88856 0.20641
vt 0.88734 0.20621
vt 0.88844 0.19726
vt 0.88719 0.19711
vt 0.88832 0.18802
vt 0.88704 0.18793
vt 0.88819 0.17879
vt 0.88689 0.17876
vt 0.83079 0.52526
vt 0.83264 0.533
vt 0.83566 0.5324
vt 0.83385 0.52451
vt 0.83375 0.54086
vt 0.83672 0.54043
vt 0.83485 0.54872
vt 0.83777 0.54844
vt 0.8352 0.55679
vt 0.83798 0.55668
vt 0.83538 0.5645
vt 0.83807 0.56454
vt 0.83515 0.57219
vt 0.83466 0.58029
vt 0.83702 0.58057
vt 0.83766 0.57236
vt 0.83331 0.58978
vt 0.83547 0.59017
vt 0.83193 0.59785
vt 0.83393 0.59831
vt 0.83013 0.60508
vt 0.832 0.60556
vt 0.82833 0.61175
vt 0.8301 0.61224
vt 0.82656 0.61811
vt 0.82825 0.61858
vt 0.82476 0.62435
vt 0.82638 0.62476
vt 0.82297 0.63041
vt 0.82454 0.63076
vt 0.82181 0.63685
vt 0.82335 0.63706
vt 0.82132 0.64377
vt 0.82283 0.64374
vt 0.82093 0.6508
vt 0.82238 0.65056
vt 0.82296 0.65774
vt 0.8243 0.65723
vt 0.82685 0.66474
vt 0.828 0.66394
vt 0.83135 0.67203
vt 0.83226 0.67098
vt 0.83838 0.67657
vt 0.83914 0.67543
vt 0.82946 0.52562
vt 0.83132 0.53329
vt 0.83246 0.54109
vt 0.83358 0.54887
vt 0.83398 0.55687
vt 0.83424 0.56472
vt 0.83407 0.57226
vt 0.83364 0.5802
vt 0.83238 0.58965
vt 0.83107 0.59769
vt 0.82931 0.60491
vt 0.82756 0.61158
vt 0.82583 0.61794
vt 0.82405 0.6242
vt 0.82229 0.63028
vt 0.82114 0.63678
vt 0.82067 0.64379
vt 0.8203 0.65092
vt 0.82238 0.65797
vt 0.82634 0.66509
vt 0.83095 0.67248
vt 0.83804 0.67706
vt 0.89699 0.18799
vt 0.89707 0.17876
vt 0.89691 0.19723
vt 0.89682 0.20639
vt 0.89662 0.21548
vt 0.8965 0.22407
vt 0.88914 0.23212
vt 0.88933 0.24045
vt 0.89605 0.24043
vt 0.89625 0.2321
vt 0.88958 0.24972
vt 0.89577 0.2497
vt 0.88977 0.2574
vt 0.89555 0.25738
vt 0.88992 0.26379
vt 0.89537 0.26378
vt 0.89005 0.2696
vt 0.89522 0.26959
vt 0.89015 0.27492
vt 0.89509 0.27491
vt 0.89024 0.27979
vt 0.89497 0.27978
vt 0.89032 0.28456
vt 0.89487 0.28455
vt 0.8904 0.2891
vt 0.89478 0.28908
vt 0.89471 0.29349
vt 0.89079 0.31784
vt 0.89461 0.31783
vt 0.89085 0.32358
vt 0.89467 0.32356
vt 0.98128 0.48684
vt 0.98129 0.48029
vt 0.97867 0.48106
vt 0.97866 0.48684
vt 0.97867 0.49262
vt 0.98129 0.49339
vt 0.98025 0.90878
vt 0.98021 0.90352
vt 0.97758 0.90278
vt 0.97762 0.90741
vt 0.98131 0.43158
vt 0.97866 0.43295
vt 0.97866 0.43743
vt 0.98131 0.43667
vt 0.98009 0.85284
vt 0.98016 0.84613
vt 0.97764 0.84687
vt 0.97757 0.8528
vt 0.97764 0.85869
vt 0.98016 0.85951
vt 0.98039 0.86463
vt 0.97784 0.8632
vt 0.98135 0.47521
vt 0.97872 0.47658
vt 0.98135 0.49847
vt 0.97872 0.4971
vt 0.98025 0.88503
vt 0.97762 0.88646
vt 0.97758 0.89096
vt 0.98021 0.89014
vt 0.9813 0.44322
vt 0.97866 0.44322
vt 0.97866 0.449
vt 0.98131 0.44976
vt 0.98131 0.45485
vt 0.97866 0.45348
vt 0.98039 0.84087
vt 0.97784 0.84224
vt 0.9802 0.89681
vt 0.97757 0.89685
vt 0.91127 0.52807
vt 0.91155 0.52999
vt 0.91391 0.52903
vt 0.91259 0.52674
vt 0.91629 0.52757
vt 0.91459 0.52514
vt 0.91223 0.53248
vt 0.91497 0.53166
vt 0.91842 0.53057
vt 0.91115 0.52503
vt 0.90985 0.52753
vt 0.79136 0.5257
vt 0.79136 0.52323
vt 0.78909 0.52232
vt 0.78928 0.52519
vt 0.91315 0.52303
vt 0.91184 0.52104
vt 0.9097 0.52403
vt 0.90945 0.53032
vt 0.9099 0.53313
vt 0.78905 0.52829
vt 0.79133 0.52849
vt 0.78834 0.53195
vt 0.79131 0.53131
vt 0.91842 0.52284
vt 0.91842 0.52126
vt 0.91566 0.52173
vt 0.91673 0.52371
vt 0.7966 0.04754
vt 0.79451 0.04754
vt 0.7943 0.0507
vt 0.79659 0.05032
vt 0.79362 0.05418
vt 0.7966 0.05285
vt 0.91842 0.52573
vt 0.92012 0.52371
vt 0.92056 0.52757
vt 0.92225 0.52514
vt 0.92118 0.52173
vt 0.79659 0.04475
vt 0.7943 0.04437
vt 0.92369 0.52303
vt 0.79659 0.04222
vt 0.79361 0.0409
vt 0.914 0.53654
vt 0.91587 0.53689
vt 0.91563 0.53438
vt 0.91312 0.53488
vt 0.91842 0.53702
vt 0.91842 0.53419
vt 0.91117 0.53567
vt 0.91312 0.53769
vt 0.79136 0.53595
vt 0.79133 0.53388
vt 0.78905 0.53497
vt 0.78929 0.53717
vt 0.91563 0.53894
vt 0.91842 0.53937
vt 0.97361 0.71908
vt 0.97155 0.71818
vt 0.97133 0.72095
vt 0.97359 0.72162
vt 0.97063 0.72443
vt 0.97358 0.72443
vt 0.92284 0.53654
vt 0.92372 0.53488
vt 0.92121 0.53438
vt 0.92097 0.53689
vt 0.92462 0.53248
vt 0.92187 0.53166
vt 0.92121 0.53894
vt 0.92372 0.53769
vt 0.97361 0.72978
vt 0.97359 0.72725
vt 0.97133 0.72792
vt 0.97155 0.73069
vt 0.92567 0.53567
vt 0.92694 0.53313
vt 0.75463 0.52103
vt 0.7525 0.51983
vt 0.75215 0.52203
vt 0.7545 0.5231
vt 0.75134 0.52504
vt 0.75443 0.52566
vt 0.92557 0.52807
vt 0.92425 0.52674
vt 0.92293 0.52903
vt 0.9253 0.52999
vt 0.9274 0.53032
vt 0.92699 0.52753
vt 0.75452 0.53127
vt 0.75445 0.52848
vt 0.75208 0.5287
vt 0.75238 0.5318
vt 0.92569 0.52503
vt 0.75228 0.53467
vt 0.75463 0.53375
vt 0.92714 0.52403
vt 0.925 0.52104
vt 0.7903 0.04754
vt 0.78932 0.04925
vt 0.7918 0.05032
vt 0.79221 0.04754
vt 0.78798 0.05141
vt 0.79066 0.05286
vt 0.7918 0.04475
vt 0.78931 0.04583
vt 0.79066 0.04222
vt 0.78798 0.04368
vt 0.78709 0.04754
vt 0.78532 0.0497
vt 0.78531 0.04539
vt 0.7824 0.04755
vt 0.78508 0.52464
vt 0.78409 0.52622
vt 0.78656 0.5275
vt 0.78699 0.5248
vt 0.78274 0.52841
vt 0.7854 0.53009
vt 0.78659 0.52224
vt 0.78411 0.52299
vt 0.78547 0.52005
vt 0.78278 0.52111
vt 0.78842 0.51941
vt 0.78187 0.52456
vt 0.78008 0.52675
vt 0.78011 0.52268
vt 0.77717 0.52494
vt 0.96736 0.71722
vt 0.96638 0.71855
vt 0.96885 0.71988
vt 0.96926 0.71749
vt 0.96503 0.72057
vt 0.9677 0.72228
vt 0.96885 0.71537
vt 0.96638 0.71578
vt 0.78409 0.53749
vt 0.78656 0.53622
vt 0.7854 0.53421
vt 0.78274 0.53581
vt 0.787 0.53809
vt 0.96415 0.71709
vt 0.96237 0.71912
vt 0.78009 0.53693
vt 0.78188 0.53862
vt 0.96237 0.71563
vt 0.95944 0.71779
vt 0.96736 0.73165
vt 0.96638 0.73309
vt 0.96885 0.73349
vt 0.96926 0.73137
vt 0.75016 0.51892
vt 0.74962 0.52079
vt 0.74717 0.51954
vt 0.74575 0.52123
vt 0.74839 0.52281
vt 0.96885 0.72899
vt 0.96638 0.73032
vt 0.9677 0.72659
vt 0.96503 0.7283
vt 0.96415 0.73177
vt 0.74503 0.51844
vt 0.74317 0.52014
vt 0.96237 0.72975
vt 0.95944 0.73107
vt 0.96237 0.73324
vt 0.7481 0.53238
vt 0.74717 0.53404
vt 0.74972 0.53477
vt 0.75003 0.53221
vt 0.74593 0.53593
vt 0.74869 0.53698
vt 0.75177 0.53759
vt 0.74954 0.52951
vt 0.74706 0.5308
vt 0.74834 0.52693
vt 0.74568 0.52863
vt 0.74489 0.53248
vt 0.74321 0.53438
vt 0.74307 0.53031
vt 0.74026 0.53215
vt 0.7857 0.05476
vt 0.78669 0.0562
vt 0.7889 0.05488
vt 0.78666 0.05342
vt 0.78806 0.05766
vt 0.79071 0.05634
vt 0.78419 0.0521
vt 0.7838 0.05449
vt 0.78172 0.05103
vt 0.78153 0.0538
vt 0.78424 0.0566
vt 0.78146 0.51949
vt 0.77898 0.52074
vt 0.78178 0.05615
vt 0.7765 0.52202
vt 0.78041 0.53221
vt 0.78139 0.53388
vt 0.78361 0.53228
vt 0.78139 0.5306
vt 0.77893 0.52934
vt 0.77851 0.53207
vt 0.77646 0.5286
vt 0.77624 0.53173
vt 0.77893 0.53467
vt 0.77646 0.53465
vt 0.77718 0.53766
vt 0.96271 0.72443
vt 0.96369 0.72615
vt 0.96592 0.72443
vt 0.96369 0.72272
vt 0.96122 0.72165
vt 0.96081 0.72443
vt 0.95874 0.72127
vt 0.95852 0.72443
vt 0.96122 0.72722
vt 0.95874 0.7276
vt 0.74337 0.52485
vt 0.74433 0.52645
vt 0.74655 0.52475
vt 0.74436 0.52317
vt 0.74196 0.5224
vt 0.7415 0.525
vt 0.73958 0.52244
vt 0.7393 0.52537
vt 0.74039 0.51944
vt 0.74191 0.52773
vt 0.73952 0.52849
vt 0.78569 0.04033
vt 0.78665 0.04166
vt 0.78889 0.0402
vt 0.78668 0.03889
vt 0.74471 0.53756
vt 0.74703 0.53862
vt 0.79069 0.03874
vt 0.78423 0.03848
vt 0.78379 0.0406
vt 0.78177 0.03894
vt 0.78152 0.04129
vt 0.7422 0.53633
vt 0.73974 0.53508
vt 0.78418 0.04299
vt 0.78171 0.04406
vt 0.74651 0.05482
vt 0.74562 0.05315
vt 0.74368 0.05396
vt 0.74564 0.05598
vt 0.74243 0.05497
vt 0.74476 0.05713
vt 0.74472 0.05075
vt 0.74241 0.05142
vt 0.77425 0.52316
vt 0.77425 0.52567
vt 0.74815 0.05723
vt 0.74837 0.05516
vt 0.75093 0.05766
vt 0.75092 0.05529
vt 0.77949 0.0529
vt 0.77948 0.05036
vt 0.77949 0.04755
vt 0.74812 0.05263
vt 0.74745 0.04991
vt 0.75091 0.05244
vt 0.7509 0.04881
vt 0.74377 0.04634
vt 0.74509 0.045
vt 0.74366 0.04332
vt 0.74236 0.04582
vt 0.7742 0.53128
vt 0.77422 0.53381
vt 0.74709 0.04341
vt 0.74566 0.04131
vt 0.74437 0.03935
vt 0.74223 0.04234
vt 0.74196 0.04861
vt 0.74404 0.04826
vt 0.77422 0.52847
vt 0.7464 0.04729
vt 0.74877 0.04582
vt 0.75092 0.04111
vt 0.75261 0.04198
vt 0.75369 0.04001
vt 0.75093 0.03954
vt 0.95647 0.72443
vt 0.95648 0.72722
vt 0.75474 0.04341
vt 0.7562 0.04131
vt 0.9565 0.72975
vt 0.74817 0.04001
vt 0.74922 0.04198
vt 0.95648 0.72165
vt 0.9565 0.71912
vt 0.75091 0.04398
vt 0.75304 0.04582
vt 0.75807 0.04634
vt 0.75779 0.04826
vt 0.75991 0.04861
vt 0.7595 0.04582
vt 0.73736 0.52584
vt 0.73738 0.52864
vt 0.75711 0.05075
vt 0.75945 0.05142
vt 0.73746 0.53144
vt 0.7582 0.04332
vt 0.75674 0.045
vt 0.73743 0.52331
vt 0.75966 0.04234
vt 0.75753 0.03935
vt 0.75542 0.04729
vt 0.75436 0.04991
vt 0.75534 0.05482
vt 0.75347 0.05516
vt 0.75372 0.05723
vt 0.75623 0.05598
vt 0.77948 0.0422
vt 0.77948 0.04473
vt 0.75819 0.05396
vt 0.75622 0.05315
vt 0.75714 0.05713
vt 0.75947 0.05497
vt 0.73756 0.53396
vt 0.7537 0.05263
vt 0.97277 0.62162
vt 0.97277 0.68658
vt 0.9743 0.68658
vt 0.9743 0.62162
vt 0.27989 0.11962
vt 0.27978 0.11299
vt 0.27142 0.1157
vt 0.27155 0.12384
vt 0.21684 0.07207
vt 0.21684 0.04496
vt 0.20854 0.04918
vt 0.20854 0.06785
vt 0.6144 0.164
vt 0.6144 0.13618
vt 0.60607 0.14048
vt 0.60607 0.1596
vt 0.14 0.12543
vt 0.13955 0.13221
vt 0.14801 0.13652
vt 0.14856 0.12811
vt 0.13955 0.16006
vt 0.14 0.16658
vt 0.14856 0.16377
vt 0.14801 0.15566
vt 0.27989 0.14674
vt 0.27155 0.14252
vt 0.61432 0.12937
vt 0.60598 0.13203
vt 0.44788 0.23566
vt 0.44788 0.10801
vt 0.44635 0.10801
vt 0.44635 0.23566
vt 0.95755 0.34929
vt 0.95755 0.41429
vt 0.95909 0.41429
vt 0.95909 0.34929
vt 0.96039 0.15443
vt 0.96039 0.08943
vt 0.95886 0.08943
vt 0.95886 0.15443
vt 0.26342 0.38331
vt 0.32786 0.38333
vt 0.32786 0.25569
vt 0.26342 0.25567
vt 0.4299 0.25525
vt 0.36547 0.25523
vt 0.36547 0.38287
vt 0.4299 0.38289
vt 0.51391 0.38289
vt 0.51391 0.25525
vt 0.44948 0.25523
vt 0.44948 0.38287
vt 0.24385 0.25569
vt 0.17941 0.25567
vt 0.17941 0.38331
vt 0.24385 0.38333
vt 0.26342 0.02846
vt 0.26342 0.09342
vt 0.26496 0.09342
vt 0.26496 0.02846
vt 0.82127 0.11244
vt 0.82127 0.24009
vt 0.82281 0.24009
vt 0.82281 0.11244
vt 0.96039 0.239
vt 0.96039 0.17401
vt 0.95886 0.17401
vt 0.95886 0.239
vt 0.85406 0.03005
vt 0.85406 0.09501
vt 0.85559 0.09501
vt 0.85559 0.03005
vt 0.93536 0.71537
vt 0.93536 0.843
vt 0.93689 0.843
vt 0.93689 0.71537
vt 0.75991 0.20486
vt 0.75991 0.07723
vt 0.75837 0.07723
vt 0.75837 0.20486
vt 0.91664 0.19595
vt 0.91664 0.32358
vt 0.91818 0.32358
vt 0.91818 0.19595
vt 0.96039 0.32358
vt 0.96039 0.25858
vt 0.95886 0.25858
vt 0.95886 0.32358
vt 0.85559 0.24223
vt 0.85559 0.11458
vt 0.85406 0.11458
vt 0.85406 0.24223
vt 0.97277 0.53689
vt 0.97277 0.60185
vt 0.9743 0.60185
vt 0.9743 0.53689
vt 0.40413 0.10801
vt 0.40413 0.23566
vt 0.40567 0.23566
vt 0.40567 0.10801
vt 0.93536 0.86258
vt 0.93536 0.99021
vt 0.93689 0.99021
vt 0.93689 0.86258
vt 0.69929 0.18024
vt 0.69929 0.0529
vt 0.69775 0.0529
vt 0.69775 0.18024
vt 0.91098 0.68658
vt 0.91098 0.55894
vt 0.90945 0.55894
vt 0.90945 0.68658
vt 0.89468 0.843
vt 0.89468 0.71536
vt 0.89314 0.71536
vt 0.89314 0.843
vt 0.93928 0.17666
vt 0.93928 0.04932
vt 0.93775 0.04932
vt 0.93775 0.17666
vt 0.61486 0.3112
vt 0.61486 0.18357
vt 0.55149 0.18357
vt 0.55149 0.3112
vt 0.63564 0.84301
vt 0.70017 0.84301
vt 0.70017 0.71538
vt 0.63564 0.71538
vt 0.63564 0.86258
vt 0.63564 0.99021
vt 0.70017 0.99021
vt 0.70017 0.86258
vt 0.1561 0.18616
vt 0.09273 0.18616
vt 0.09273 0.31379
vt 0.1561 0.31379
vt 0.4901 0.08844
vt 0.4901 0.02446
vt 0.48857 0.02446
vt 0.48857 0.08844
vt 0.18095 0.17615
vt 0.18095 0.04881
vt 0.17941 0.04881
vt 0.17941 0.17615
vt 0.44635 0.02446
vt 0.44635 0.08844
vt 0.44788 0.08844
vt 0.44788 0.02446
vt 0.51121 0.08845
vt 0.51121 0.02447
vt 0.50967 0.02447
vt 0.50967 0.08845
vt 0.91818 0.17637
vt 0.91818 0.04903
vt 0.91664 0.04903
vt 0.91664 0.17637
vt 0.40413 0.02446
vt 0.40413 0.08844
vt 0.40567 0.08844
vt 0.40567 0.02446
vt 0.91579 0.843
vt 0.91579 0.71536
vt 0.91425 0.71536
vt 0.91425 0.843
vt 0.11384 0.05382
vt 0.11384 0.11898
vt 0.11537 0.11898
vt 0.11537 0.05382
vt 0.91687 0.49886
vt 0.91687 0.37123
vt 0.91534 0.37123
vt 0.91534 0.49886
vt 0.57413 0.11672
vt 0.57413 0.05156
vt 0.57259 0.05156
vt 0.57259 0.11672
vt 0.61286 0.04464
vt 0.61286 0.1098
vt 0.6144 0.1098
vt 0.6144 0.04464
vt 0.95647 0.92506
vt 0.95647 0.99021
vt 0.958 0.99021
vt 0.958 0.92506
vt 0.77948 0.07723
vt 0.77948 0.20486
vt 0.78101 0.20486
vt 0.78101 0.07723
vt 0.05782 0.10301
vt 0.05782 0.03804
vt 0.05629 0.03804
vt 0.05629 0.10301
vt 0.95647 0.75591
vt 0.95647 0.82091
vt 0.958 0.82091
vt 0.958 0.75591
vt 0.34115 0.10845
vt 0.34115 0.2361
vt 0.34268 0.2361
vt 0.34268 0.10845
vt 0.73726 0.22452
vt 0.73726 0.35186
vt 0.8017 0.35178
vt 0.8017 0.22444
vt 0.78418 0.99013
vt 0.78418 0.86279
vt 0.71975 0.86287
vt 0.71975 0.99021
vt 0.8017 0.37144
vt 0.73726 0.37152
vt 0.73726 0.49886
vt 0.8017 0.49878
vt 0.78418 0.84313
vt 0.78418 0.71578
vt 0.71975 0.71587
vt 0.71975 0.84321
vt 0.95909 0.49886
vt 0.95909 0.43387
vt 0.95755 0.43387
vt 0.95755 0.49886
vt 0.93209 0.68658
vt 0.93209 0.55895
vt 0.93055 0.55895
vt 0.93055 0.68658
vt 0.46746 0.10801
vt 0.46746 0.23566
vt 0.46899 0.23566
vt 0.46899 0.10801
vt 0.82281 0.09287
vt 0.82281 0.02791
vt 0.82127 0.02791
vt 0.82127 0.09287
vt 0.42524 0.10801
vt 0.42524 0.23566
vt 0.42678 0.23566
vt 0.42678 0.10801
vt 0.958 0.90548
vt 0.958 0.84048
vt 0.95647 0.84048
vt 0.95647 0.90548
vt 0.15496 0.04086
vt 0.15496 0.10586
vt 0.1565 0.10586
vt 0.1565 0.04086
vt 0.24385 0.2361
vt 0.24385 0.10845
vt 0.24231 0.10845
vt 0.24231 0.2361
vt 0.7388 0.20486
vt 0.7388 0.07723
vt 0.73726 0.07723
vt 0.73726 0.20486
vt 0.37093 0.09375
vt 0.37093 0.02879
vt 0.3694 0.02879
vt 0.3694 0.09375
vt 0.89679 0.09408
vt 0.89679 0.02912
vt 0.89526 0.02912
vt 0.89526 0.09408
vt 0.93644 0.37124
vt 0.93644 0.49886
vt 0.93798 0.49886
vt 0.93798 0.37124
vt 0.50967 0.10802
vt 0.50967 0.23566
vt 0.51121 0.23566
vt 0.51121 0.10802
vt 0.93775 0.19623
vt 0.93775 0.32358
vt 0.93928 0.32357
vt 0.93928 0.19623
vt 0.42677 0.08844
vt 0.42677 0.02446
vt 0.42524 0.02446
vt 0.42524 0.08844
vt 0.63443 0.0529
vt 0.63443 0.18024
vt 0.63597 0.18024
vt 0.63597 0.0529
vt 0.61606 0.99021
vt 0.61606 0.86257
vt 0.55153 0.86257
vt 0.55153 0.99021
vt 0.61606 0.84299
vt 0.61606 0.71535
vt 0.55153 0.71535
vt 0.55153 0.84299
vt 0.80073 0.55893
vt 0.73736 0.55893
vt 0.73736 0.68658
vt 0.80073 0.68658
vt 0.00979 0.18614
vt 0.00979 0.31379
vt 0.07316 0.31379
vt 0.07316 0.18614
vt 0.89314 0.86257
vt 0.89314 0.99021
vt 0.89468 0.99021
vt 0.89468 0.86257
vt 0.24385 0.08888
vt 0.24385 0.0249
vt 0.24231 0.0249
vt 0.24231 0.08888
vt 0.67665 0.0529
vt 0.67665 0.18024
vt 0.67818 0.18024
vt 0.67818 0.0529
vt 0.9532 0.60185
vt 0.9532 0.53669
vt 0.95166 0.53669
vt 0.95166 0.60185
vt 0.46745 0.02446
vt 0.46745 0.08844
vt 0.46899 0.08844
vt 0.46899 0.02446
vt 0.65554 0.0529
vt 0.65554 0.18024
vt 0.65707 0.18024
vt 0.65707 0.0529
vt 0.09426 0.11898
vt 0.09426 0.05382
vt 0.09273 0.05382
vt 0.09273 0.11898
vt 0.55149 0.05156
vt 0.55149 0.11672
vt 0.55302 0.11672
vt 0.55302 0.05156
vt 0.34268 0.08888
vt 0.34268 0.0249
vt 0.34115 0.0249
vt 0.34115 0.08888
vt 0.9532 0.68658
vt 0.9532 0.62142
vt 0.95166 0.62142
vt 0.95166 0.68658
vt 0.4901 0.23566
vt 0.4901 0.10802
vt 0.48857 0.10802
vt 0.48857 0.23566
vt 0.91425 0.86257
vt 0.91425 0.99021
vt 0.91579 0.99021
vt 0.91579 0.86257
vt 0.30786 0.16893
vt 0.31203 0.16895
vt 0.31203 0.16633
vt 0.30838 0.16632
vt 0.37084 0.16852
vt 0.37501 0.16852
vt 0.37501 0.16592
vt 0.37137 0.16592
vt 0.3046 0.1689
vt 0.30554 0.16629
vt 0.81786 0.73542
vt 0.82113 0.73528
vt 0.82016 0.73262
vt 0.8173 0.73275
vt 0.36759 0.16851
vt 0.36853 0.16592
vt 0.80597 0.73528
vt 0.80933 0.73542
vt 0.80985 0.73275
vt 0.80691 0.73262
vt 0.27741 0.16894
vt 0.28078 0.16892
vt 0.27984 0.16631
vt 0.2769 0.16633
vt 0.37919 0.16852
vt 0.38244 0.16851
vt 0.3815 0.16592
vt 0.37866 0.16592
vt 0.26562 0.16892
vt 0.26889 0.16894
vt 0.26945 0.16633
vt 0.26659 0.16631
vt 0.3162 0.16893
vt 0.31945 0.1689
vt 0.31852 0.16629
vt 0.31567 0.16632
vt 0.8136 0.73547
vt 0.81358 0.73279
vt 0.27314 0.16895
vt 0.27316 0.16634
vt 0.01513 0.06394
vt 0.01262 0.06162
vt 0.01135 0.06256
vt 0.01428 0.06528
vt 0.02542 0.06374
vt 0.02232 0.06513
vt 0.0227 0.06667
vt 0.02633 0.06504
vt 0.01862 0.06515
vt 0.01837 0.0667
vt 0.01249 0.05102
vt 0.01476 0.04843
vt 0.01385 0.04713
vt 0.01119 0.05016
vt 0.01129 0.05843
vt 0.00979 0.05884
vt 0.01129 0.05462
vt 0.00979 0.05438
vt 0.01787 0.04704
vt 0.02156 0.04702
vt 0.02181 0.04548
vt 0.01749 0.04551
vt 0.0289 0.05754
vt 0.0277 0.06115
vt 0.02899 0.06202
vt 0.0304 0.0578
vt 0.02506 0.04823
vt 0.02756 0.05055
vt 0.02883 0.04962
vt 0.02591 0.0469
vt 0.0289 0.05374
vt 0.0304 0.05334
vt 0.02325 0.16495
vt 0.02818 0.16411
vt 0.03448 0.15762
vt 0.0353 0.15255
vt 0.03201 0.16157
vt 0.01833 0.16411
vt 0.03201 0.14353
vt 0.02817 0.14099
vt 0.02325 0.14015
vt 0.01832 0.14099
vt 0.03448 0.14748
vt 0.0112 0.15255
vt 0.01202 0.15762
vt 0.01449 0.14353
vt 0.01202 0.14748
vt 0.01449 0.16157
vt 0.98701 0.49334
vt 0.98706 0.4984
vt 0.98968 0.49697
vt 0.98963 0.49253
vt 0.9858 0.85284
vt 0.98587 0.85946
vt 0.98858 0.85861
vt 0.98852 0.85281
vt 0.98592 0.89681
vt 0.98593 0.90347
vt 0.98854 0.90269
vt 0.98853 0.89685
vt 0.26763 0.23421
vt 0.27309 0.23422
vt 0.27314 0.21715
vt 0.26883 0.21714
vt 0.80807 0.8007
vt 0.81357 0.80077
vt 0.81354 0.78357
vt 0.8092 0.78352
vt 0.98597 0.8851
vt 0.98593 0.89019
vt 0.98854 0.89106
vt 0.98857 0.88659
vt 0.98699 0.48684
vt 0.98961 0.48684
vt 0.26342 0.23418
vt 0.26552 0.21712
vt 0.31203 0.23423
vt 0.31739 0.23422
vt 0.31626 0.21714
vt 0.31203 0.21715
vt 0.98702 0.44322
vt 0.98702 0.44972
vt 0.98961 0.44891
vt 0.98961 0.44322
vt 0.27859 0.23421
vt 0.27748 0.21714
vt 0.98587 0.84618
vt 0.98858 0.84697
vt 0.37501 0.23377
vt 0.38038 0.23376
vt 0.37925 0.21672
vt 0.37501 0.21672
vt 0.32157 0.23417
vt 0.31956 0.2171
vt 0.81904 0.8007
vt 0.81786 0.78352
vt 0.98703 0.45478
vt 0.98962 0.45335
vt 0.38456 0.23376
vt 0.38255 0.21672
vt 0.98597 0.90871
vt 0.98857 0.90727
vt 0.28291 0.23418
vt 0.28089 0.21712
vt 0.9861 0.84095
vt 0.98878 0.84239
vt 0.80376 0.80052
vt 0.8058 0.78337
vt 0.98703 0.43165
vt 0.98702 0.43672
vt 0.98961 0.43752
vt 0.98962 0.43309
vt 0.36547 0.23376
vt 0.36965 0.23376
vt 0.37078 0.21672
vt 0.36748 0.21672
vt 0.9861 0.86457
vt 0.98878 0.86308
vt 0.82325 0.80052
vt 0.82118 0.78337
vt 0.98706 0.47528
vt 0.98701 0.48034
vt 0.98963 0.48115
vt 0.98968 0.47671
vt 0.30248 0.23417
vt 0.30666 0.23422
vt 0.3078 0.21714
vt 0.3045 0.2171
vt 0.55704 0.02809
vt 0.55721 0.03199
vt 0.56314 0.03181
vt 0.56297 0.02799
vt 0.92224 0.02037
vt 0.92225 0.02546
vt 0.92819 0.02536
vt 0.92818 0.02038
vt 0.30813 0.01045
vt 0.30809 0.01432
vt 0.31403 0.01441
vt 0.31407 0.01062
vt 0.98428 0.36053
vt 0.98428 0.3644
vt 0.99021 0.36422
vt 0.99021 0.36043
vt 0.55704 0.01795
vt 0.55698 0.02303
vt 0.56292 0.02304
vt 0.56297 0.01805
vt 0.55721 0.01395
vt 0.56314 0.01414
vt 0.98428 0.35061
vt 0.98427 0.35557
vt 0.99021 0.35557
vt 0.99021 0.3507
vt 0.92228 0.02946
vt 0.92821 0.02928
vt 0.98428 0.34674
vt 0.99021 0.34691
vt 0.30809 0.02424
vt 0.30813 0.02811
vt 0.31407 0.02793
vt 0.31403 0.02414
vt 0.30807 0.01928
vt 0.31401 0.01928
vt 0.92228 0.01143
vt 0.92225 0.01532
vt 0.92819 0.01542
vt 0.92821 0.01161
vt 0.959 0.06416
vt 0.95924 0.06857
vt 0.9614 0.06958
vt 0.96113 0.06473
vt 0.10291 0.02264
vt 0.10291 0.02841
vt 0.10512 0.02895
vt 0.10512 0.02261
vt 0.68689 0.01201
vt 0.68684 0.01639
vt 0.68904 0.01584
vt 0.68909 0.01102
vt 0.63443 0.02764
vt 0.63443 0.03203
vt 0.63665 0.03302
vt 0.63665 0.0282
vt 0.95886 0.05266
vt 0.95886 0.05843
vt 0.96098 0.05843
vt 0.96098 0.05209
vt 0.959 0.04813
vt 0.96113 0.04712
vt 0.63443 0.01639
vt 0.63443 0.02202
vt 0.63665 0.02202
vt 0.63665 0.01583
vt 0.10293 0.03294
vt 0.10514 0.03393
vt 0.63443 0.01201
vt 0.63665 0.01102
vt 0.68684 0.02764
vt 0.68689 0.03203
vt 0.68909 0.03302
vt 0.68904 0.0282
vt 0.68683 0.02202
vt 0.68902 0.02202
vt 0.10297 0.0125
vt 0.10293 0.01691
vt 0.10514 0.01632
vt 0.10518 0.01148
vt 0.965 0.06487
vt 0.96528 0.06986
vt 0.96888 0.06909
vt 0.96862 0.06441
vt 0.10901 0.02261
vt 0.10901 0.02913
vt 0.11259 0.02875
vt 0.11259 0.02264
vt 0.69299 0.01071
vt 0.69293 0.01566
vt 0.69652 0.01606
vt 0.69657 0.01141
vt 0.64055 0.02837
vt 0.64055 0.03333
vt 0.64413 0.03262
vt 0.64412 0.02798
vt 0.96484 0.05188
vt 0.96485 0.0584
vt 0.96847 0.05834
vt 0.96847 0.05223
vt 0.965 0.04676
vt 0.96862 0.04743
vt 0.64055 0.01566
vt 0.64055 0.02202
vt 0.64412 0.02202
vt 0.64412 0.01606
vt 0.10904 0.03425
vt 0.11261 0.03355
vt 0.64055 0.01071
vt 0.64413 0.01141
vt 0.69293 0.02837
vt 0.69299 0.03333
vt 0.69657 0.03262
vt 0.69652 0.02798
vt 0.69292 0.02202
vt 0.6965 0.02202
vt 0.10908 0.01116
vt 0.10904 0.01614
vt 0.11261 0.01657
vt 0.11266 0.0119
vt 0.97983 0.34728
vt 0.97982 0.35091
vt 0.30365 0.02394
vt 0.30368 0.02757
vt 0.30365 0.01462
vt 0.30363 0.01928
vt 0.91783 0.01199
vt 0.91781 0.01564
vt 0.55264 0.02776
vt 0.5528 0.03142
vt 0.55259 0.02301
vt 0.9178 0.02039
vt 0.97982 0.36023
vt 0.97983 0.36386
vt 0.5528 0.01448
vt 0.55264 0.01824
vt 0.30368 0.01099
vt 0.91781 0.02517
vt 0.91783 0.02892
vt 0.97982 0.35557
vt 0.10291 0.16655
vt 0.10863 0.16658
vt 0.10822 0.16404
vt 0.10349 0.16401
vt 0.1098 0.13859
vt 0.10408 0.13855
vt 0.10446 0.14089
vt 0.10918 0.14092
vt 0.09811 0.1644
vt 0.09953 0.16223
vt 0.09459 0.1604
vt 0.09663 0.15893
vt 0.1146 0.14074
vt 0.11315 0.1427
vt 0.0948 0.14401
vt 0.09273 0.14893
vt 0.09509 0.14947
vt 0.0968 0.1454
vt 0.11811 0.14474
vt 0.11605 0.146
vt 0.09867 0.14043
vt 0.09999 0.14244
vt 0.09273 0.15482
vt 0.09509 0.15433
vt 0.11404 0.16471
vt 0.11791 0.16112
vt 0.11588 0.15953
vt 0.11268 0.16249
vt 0.11998 0.15031
vt 0.11758 0.1506
vt 0.11998 0.1562
vt 0.11758 0.15546
vt 0.30737 0.23609
vt 0.31203 0.2361
vt 0.37036 0.23566
vt 0.37501 0.23566
vt 0.72136 0.02317
vt 0.72228 0.0189
vt 0.72067 0.01828
vt 0.71961 0.02321
vt 0.72228 0.02749
vt 0.72067 0.02819
vt 0.72146 0.0528
vt 0.72238 0.04852
vt 0.72067 0.04776
vt 0.71961 0.05269
vt 0.08151 0.02917
vt 0.08149 0.02476
vt 0.07967 0.02458
vt 0.0797 0.02967
vt 0.72238 0.05711
vt 0.72067 0.05766
vt 0.08334 0.03315
vt 0.0818 0.03425
vt 0.81354 0.80254
vt 0.81828 0.80248
vt 0.21684 0.02475
vt 0.21591 0.02047
vt 0.21418 0.02046
vt 0.21525 0.02539
vt 0.37967 0.23566
vt 0.27313 0.2361
vt 0.2779 0.23609
vt 0.31669 0.23609
vt 0.21684 0.01616
vt 0.21525 0.01548
vt 0.08334 0.02027
vt 0.0818 0.01941
vt 0.26839 0.23609
vt 0.98308 0.89679
vt 0.9831 0.90372
vt 0.9831 0.88991
vt 0.98324 0.84048
vt 0.98301 0.84592
vt 0.9842 0.45524
vt 0.98419 0.44998
vt 0.98419 0.44322
vt 0.98419 0.43646
vt 0.98313 0.88462
vt 0.98423 0.49886
vt 0.98417 0.4936
vt 0.98423 0.47481
vt 0.98417 0.48008
vt 0.98324 0.86504
vt 0.98301 0.85974
vt 0.98293 0.85285
vt 0.9842 0.43119
vt 0.98313 0.90917
vt 0.98415 0.48684
vt 0.56691 0.13809
vt 0.57154 0.1397
vt 0.57254 0.13815
vt 0.56719 0.13629
vt 0.57661 0.14697
vt 0.57661 0.152
vt 0.57841 0.15238
vt 0.57841 0.14656
vt 0.57484 0.14276
vt 0.57636 0.14169
vt 0.56203 0.13812
vt 0.56154 0.13632
vt 0.57202 0.16019
vt 0.56791 0.16203
vt 0.56835 0.16397
vt 0.57309 0.16184
vt 0.56303 0.16206
vt 0.5584 0.16045
vt 0.55735 0.16215
vt 0.5627 0.164
vt 0.57502 0.15677
vt 0.57657 0.15789
vt 0.55333 0.14815
vt 0.55492 0.14338
vt 0.55333 0.1424
vt 0.55149 0.14791
vt 0.5551 0.15739
vt 0.55333 0.15318
vt 0.55149 0.15374
vt 0.55353 0.1586
vt 0.55792 0.13996
vt 0.5568 0.13845
vt 0.00979 0.15879
vt 0.01275 0.16353
vt 0.11535 0.02779
vt 0.11535 0.0227
vt 0.01735 0.16657
vt 0.01734 0.13886
vt 0.01274 0.1419
vt 0.97137 0.05826
vt 0.97136 0.05316
vt 0.97148 0.04916
vt 0.97148 0.06332
vt 0.64686 0.02202
vt 0.64686 0.01704
vt 0.11537 0.0318
vt 0.64686 0.02699
vt 0.03375 0.1419
vt 0.02915 0.13886
vt 0.02916 0.16656
vt 0.03376 0.16352
vt 0.69928 0.02202
vt 0.69929 0.01705
vt 0.03672 0.15879
vt 0.11537 0.01763
vt 0.69929 0.02699
vt 0.97866 0.34791
vt 0.97866 0.35126
vt 0.3025 0.02359
vt 0.30253 0.02694
vt 0.3025 0.01497
vt 0.30248 0.01928
vt 0.91667 0.01265
vt 0.91665 0.01602
vt 0.91664 0.02041
vt 0.55154 0.02738
vt 0.55168 0.03077
vt 0.91665 0.02482
vt 0.30253 0.01162
vt 0.97866 0.35988
vt 0.97866 0.36323
vt 0.55154 0.01858
vt 0.55149 0.023
vt 0.55168 0.01511
vt 0.97866 0.35557
vt 0.91667 0.02829
usemtl mat0
f 1/1/1 2/2/2 3/3/3
f 4/4/4 5/5/5 6/6/6
f 7/7/7 8/8/8 9/9/9
f 10/10/10 11/11/11 12/12/12
f 13/13/13 14/14/14 15/15/15
f 16/16/16 17/17/17 18/18/18
f 19/19/19 20/20/20 21/21/21
f 22/22/22 23/23/23 24/24/24
f 25/25/25 26/26/26 27/27/27
f 28/28/28 29/29/29 30/30/30
f 31/31/29 32/32/29 29/29/29
f 33/33/31 34/34/31 35/35/31
f 36/36/32 37/37/33 38/38/34
f 24/24/24 39/39/35 40/40/35
f 41/41/31 42/42/31 43/43/31
f 44/44/36 45/45/29 46/46/29
f 47/47/37 22/22/22 48/48/38
f 49/49/29 50/50/29 51/51/29
f 52/52/31 53/53/39 54/54/31
f 55/55/31 52/52/31 56/56/31
f 52/52/31 57/57/31 53/53/39
f 58/58/31 59/59/31 60/60/31
f 61/61/31 59/59/31 58/58/31
f 62/62/35 22/22/22 24/24/24
f 27/27/27 63/63/35 64/64/35
f 65/65/40 47/47/37 27/27/27
f 27/27/27 66/66/41 63/63/35
f 27/27/27 26/26/26 65/65/40
f 67/67/42 68/68/43 28/28/28
f 28/28/28 69/69/44 70/70/29
f 29/29/29 71/71/29 30/30/30
f 30/30/30 69/69/44 28/28/28
f 72/72/29 31/31/29 29/29/29
f 35/35/31 73/73/45 57/57/31
f 34/34/31 74/74/31 35/35/31
f 34/34/31 75/75/31 42/42/31
f 55/55/31 61/61/31 34/34/31
f 35/35/31 57/57/31 33/33/31
f 33/33/31 55/55/31 34/34/31
f 34/34/31 42/42/31 74/74/31
f 76/76/46 77/77/47 78/78/48
f 79/79/49 80/80/50 81/81/51
f 81/81/51 76/76/46 78/78/48
f 37/37/33 82/82/52 83/83/53
f 84/84/34 85/85/34 86/86/34
f 78/78/48 82/82/52 37/37/33
f 84/84/34 86/86/34 87/87/34
f 38/38/34 37/37/33 84/84/34
f 36/36/32 81/81/51 78/78/48
f 88/88/34 89/89/54 38/38/34
f 36/36/32 79/79/49 81/81/51
f 87/87/34 90/90/34 38/38/34
f 37/37/33 36/36/32 78/78/48
f 38/38/34 84/84/34 87/87/34
f 91/91/35 24/24/24 40/40/35
f 53/53/39 57/57/31 73/73/45
f 92/92/34 93/93/55 77/77/47
f 94/94/31 35/35/31 74/74/31
f 95/95/56 96/96/57 97/97/58
f 94/94/31 74/74/31 98/98/31
f 75/75/31 60/60/31 99/99/31
f 42/42/31 100/100/31 43/43/31
f 95/95/56 97/97/58 94/94/31
f 75/75/31 58/58/31 60/60/31
f 43/43/31 101/101/31 41/41/31
f 100/100/31 42/42/31 75/75/31
f 102/102/29 44/44/36 46/46/29
f 103/103/35 104/104/35 25/25/25
f 105/105/59 106/106/60 69/69/44
f 22/22/22 47/47/37 65/65/40
f 104/104/35 26/26/26 25/25/25
f 92/92/34 77/77/47 107/107/34
f 108/108/61 63/63/35 66/66/41
f 104/104/35 103/103/35 109/109/62
f 62/62/35 91/91/35 110/110/35
f 104/104/35 109/109/62 111/111/63
f 112/112/64 113/113/35 114/114/65
f 115/115/62 40/40/35 39/39/35
f 62/62/35 24/24/24 91/91/35
f 115/115/62 39/39/35 116/116/66
f 112/112/64 62/62/35 113/113/35
f 65/65/40 111/111/63 116/116/66
f 23/23/23 65/65/40 116/116/66
f 65/65/40 23/23/23 22/22/22
f 47/47/37 48/48/38 117/117/67
f 105/105/59 69/69/44 30/30/30
f 32/32/29 71/71/29 29/29/29
f 118/118/68 106/106/60 105/105/59
f 119/119/29 71/71/29 32/32/29
f 120/120/29 46/46/29 121/121/29
f 46/46/29 45/45/29 121/121/29
f 32/32/29 102/102/29 119/119/29
f 122/122/69 49/49/29 123/123/70
f 118/118/68 105/105/59 124/124/29
f 119/119/29 120/120/29 124/124/29
f 68/68/43 67/67/42 125/125/29
f 119/119/29 124/124/29 71/71/29
f 72/72/29 68/68/43 125/125/29
f 122/122/69 102/102/29 32/32/29
f 44/44/36 102/102/29 122/122/69
f 50/50/29 31/31/29 51/51/29
f 50/50/29 49/49/29 122/122/69
f 126/126/71 86/86/34 85/85/34
f 127/127/72 53/53/39 73/73/45
f 82/82/52 93/93/55 128/128/73
f 129/129/74 77/77/47 76/76/46
f 54/54/31 56/56/31 52/52/31
f 126/126/71 85/85/34 83/83/53
f 130/130/75 131/131/34 129/129/74
f 132/132/76 89/89/54 88/88/34
f 129/129/74 76/76/46 130/130/75
f 130/130/75 80/80/50 133/133/77
f 133/133/77 131/131/34 130/130/75
f 134/134/78 135/135/78 136/136/78
f 137/137/79 134/134/79 136/136/79
f 138/138/80 137/137/80 136/136/80
f 135/135/81 138/138/81 136/136/81
f 92/92/34 128/128/73 93/93/55
f 101/101/31 98/98/31 41/41/31
f 139/139/82 140/140/83 141/141/84
f 142/142/85 143/143/86 144/144/87
f 145/145/88 146/146/89 147/147/87
f 148/148/86 149/149/88 150/150/87
f 142/142/85 151/151/90 143/143/86
f 152/152/86 153/153/90 154/154/91
f 155/155/90 156/156/92 157/157/91
f 158/158/93 157/157/91 156/156/92
f 154/154/91 159/159/93 160/160/94
f 161/161/93 162/162/95 163/163/94
f 164/164/96 163/163/94 162/162/95
f 165/165/94 166/166/96 167/167/97
f 168/168/96 169/169/98 170/170/97
f 171/171/99 170/170/97 169/169/98
f 167/167/97 172/172/99 173/173/100
f 174/174/99 175/175/101 176/176/100
f 177/177/102 176/176/100 175/175/101
f 178/178/100 179/179/102 180/180/103
f 181/181/102 182/182/104 183/183/103
f 184/184/105 183/183/103 182/182/104
f 180/180/103 185/185/105 186/186/106
f 187/187/105 188/188/107 189/189/106
f 190/190/108 189/189/106 188/188/107
f 186/186/106 191/191/108 192/192/88
f 193/193/108 146/146/89 145/145/88
f 194/194/109 195/195/109 196/196/109
f 197/197/110 198/198/110 199/199/110
f 200/200/109 201/201/109 202/202/109
f 203/203/111 204/204/111 205/205/111
f 64/64/35 25/25/25 27/27/27
f 70/70/29 67/67/42 28/28/28
f 110/110/35 113/113/35 62/62/35
f 99/99/31 100/100/31 75/75/31
f 123/123/70 44/44/36 122/122/69
f 38/38/34 90/90/34 88/88/34
f 97/97/58 96/96/57 73/73/45
f 96/96/57 127/127/72 73/73/45
f 77/77/47 129/129/74 107/107/34
f 79/79/49 89/89/54 132/132/76
f 66/66/41 117/117/67 108/108/61
f 48/48/38 112/112/64 114/114/65
f 206/206/112 207/207/113 208/208/109
f 209/209/114 210/210/115 208/208/109
f 211/211/116 212/212/117 208/208/109
f 213/213/118 214/214/119 208/208/109
f 215/215/120 211/211/116 208/208/109
f 216/216/121 217/217/122 208/208/109
f 218/218/123 213/213/118 208/208/109
f 219/219/124 218/218/123 208/208/109
f 212/212/117 216/216/121 208/208/109
f 217/217/122 219/219/124 208/208/109
f 220/220/125 221/221/126 208/208/109
f 222/222/127 209/209/114 208/208/109
f 214/214/119 220/220/125 208/208/109
f 221/221/126 222/222/127 208/208/109
f 207/207/113 215/215/120 208/208/109
f 210/210/115 206/206/112 208/208/109
f 223/223/128 224/224/129 225/225/130
f 223/223/128 225/225/130 226/226/130
f 227/227/31 228/228/31 224/224/129
f 227/227/31 224/224/129 223/223/128
f 229/229/31 228/228/31 227/227/31
f 229/229/31 227/227/31 230/230/31
f 230/230/31 231/231/31 232/232/31
f 230/230/31 232/232/31 229/229/31
f 233/233/31 234/234/31 232/232/31
f 233/233/31 232/232/31 231/231/31
f 235/235/131 236/236/132 237/237/133
f 235/235/131 237/237/133 238/238/134
f 239/239/135 240/240/136 241/241/137
f 239/239/135 241/241/137 242/242/138
f 240/240/136 243/243/139 244/244/140
f 240/240/136 244/244/140 241/241/137
f 245/245/141 246/246/142 247/247/142
f 245/245/141 247/247/142 248/248/143
f 249/249/144 250/250/145 251/251/146
f 249/249/144 251/251/146 252/252/147
f 250/250/145 253/253/148 254/254/149
f 250/250/145 254/254/149 251/251/146
f 255/255/150 256/256/151 257/257/151
f 255/255/150 257/257/151 258/258/150
f 246/246/142 259/259/152 260/260/152
f 246/246/142 260/260/152 247/247/142
f 256/256/151 261/261/144 262/262/147
f 256/256/151 262/262/147 257/257/151
f 263/263/153 255/255/150 258/258/150
f 263/263/153 258/258/150 264/264/154
f 243/243/139 265/265/153 266/266/154
f 243/243/139 266/266/154 244/244/140
f 267/267/155 268/268/156 269/269/157
f 267/267/155 269/269/157 270/270/158
f 253/253/148 271/271/141 272/272/143
f 253/253/148 272/272/143 254/254/149
f 259/259/152 273/273/135 274/274/138
f 259/259/152 274/274/138 260/260/152
f 268/268/156 267/267/155 235/235/131
f 268/268/156 235/235/131 238/238/134
f 236/236/132 275/275/159 276/276/160
f 236/236/132 276/276/160 237/237/133
f 277/277/146 278/278/149 279/279/161
f 277/277/146 279/279/161 280/280/162
f 236/236/132 235/235/131 281/281/163
f 236/236/132 281/281/163 282/282/138
f 275/275/159 236/236/132 282/282/138
f 275/275/159 282/282/138 283/283/137
f 284/284/143 285/285/164 267/267/155
f 284/284/143 267/267/155 270/270/158
f 278/278/149 284/284/143 270/270/158
f 278/278/149 270/270/158 279/279/161
f 286/286/154 287/287/165 238/238/134
f 286/286/154 238/238/134 237/237/133
f 244/244/140 266/266/154 288/288/133
f 244/244/140 288/288/133 289/289/160
f 269/269/157 268/268/156 290/290/166
f 269/269/157 290/290/166 291/291/147
f 280/280/162 269/269/157 291/291/147
f 280/280/162 291/291/147 277/277/146
f 287/287/165 290/290/166 268/268/156
f 287/287/165 268/268/156 238/238/134
f 289/289/160 292/292/159 241/241/137
f 289/289/160 241/241/137 244/244/140
f 235/235/131 267/267/155 285/285/164
f 235/235/131 285/285/164 281/281/163
f 279/279/161 270/270/158 269/269/157
f 279/279/161 269/269/157 280/280/162
f 293/293/167 294/294/168 295/295/168
f 293/293/167 295/295/168 296/296/169
f 297/297/170 298/298/171 299/299/171
f 297/297/170 299/299/171 300/300/172
f 301/301/173 302/302/174 303/303/174
f 301/301/173 303/303/174 304/304/175
f 305/305/176 306/306/176 307/307/177
f 305/305/176 307/307/177 308/308/178
f 309/309/178 310/310/177 311/311/179
f 309/309/178 311/311/179 312/312/180
f 313/313/180 314/314/179 315/315/181
f 313/313/180 315/315/181 316/316/182
f 316/316/182 315/315/181 317/317/183
f 316/316/182 317/317/183 318/318/183
f 319/319/184 320/320/184 321/321/185
f 319/319/184 321/321/185 322/322/186
f 322/322/186 321/321/185 323/323/187
f 322/322/186 323/323/187 324/324/188
f 324/324/188 323/323/187 325/325/189
f 324/324/188 325/325/189 326/326/190
f 327/327/190 328/328/189 329/329/191
f 327/327/190 329/329/191 330/330/191
f 331/331/192 332/332/193 333/333/194
f 331/331/192 333/333/194 334/334/195
f 334/334/195 333/333/194 335/335/196
f 334/334/195 335/335/196 336/336/197
f 336/336/197 335/335/196 337/337/198
f 336/336/197 337/337/198 338/338/199
f 338/338/199 337/337/198 297/297/170
f 338/338/199 297/297/170 300/300/172
f 339/339/200 332/332/193 331/331/192
f 339/339/200 331/331/192 340/340/200
f 341/341/201 342/342/201 343/343/202
f 341/341/201 343/343/202 344/344/203
f 344/344/203 343/343/202 345/345/204
f 344/344/203 345/345/204 346/346/205
f 346/346/205 345/345/204 347/347/206
f 346/346/205 347/347/206 348/348/207
f 348/348/207 347/347/206 349/349/208
f 348/348/207 349/349/208 350/350/208
f 295/295/209 294/294/209 351/351/210
f 295/295/209 351/351/210 352/352/211
f 352/352/211 351/351/210 353/353/212
f 352/352/211 353/353/212 354/354/213
f 354/354/213 353/353/212 355/355/214
f 354/354/213 355/355/214 356/356/215
f 356/356/215 355/355/214 357/357/216
f 356/356/215 357/357/216 358/358/216
f 359/359/217 360/360/218 361/361/218
f 359/359/217 361/361/218 362/362/219
f 363/363/220 364/364/221 365/365/222
f 363/363/220 365/365/222 366/366/223
f 366/366/223 365/365/222 367/367/224
f 366/366/223 367/367/224 368/368/225
f 368/368/225 367/367/224 369/369/226
f 368/368/225 369/369/226 370/370/227
f 370/370/227 369/369/226 359/359/217
f 370/370/227 359/359/217 362/362/219
f 371/371/228 364/364/221 363/363/220
f 371/371/228 363/363/220 372/372/228
f 310/310/229 373/373/230 374/374/231
f 310/310/229 374/374/231 375/375/232
f 376/376/233 377/377/234 378/378/235
f 376/376/233 378/378/235 379/379/236
f 370/370/237 362/362/238 380/380/239
f 370/370/237 380/380/239 381/381/240
f 382/382/241 376/376/233 379/379/236
f 382/382/241 379/379/236 383/383/242
f 334/334/243 336/336/244 384/384/245
f 334/334/243 384/384/245 385/385/246
f 386/386/29 387/387/29 388/388/29
f 386/386/29 388/388/29 389/389/29
f 390/390/247 391/391/248 392/392/249
f 390/390/247 392/392/249 393/393/250
f 394/394/251 395/395/252 396/396/253
f 394/394/251 396/396/253 397/397/254
f 311/311/255 310/310/229 375/375/232
f 311/311/255 375/375/232 398/398/256
f 363/363/257 366/366/258 399/399/259
f 363/363/257 399/399/259 400/400/260
f 336/336/244 338/338/261 401/401/262
f 336/336/244 401/401/262 384/384/245
f 377/377/234 402/402/263 403/403/264
f 377/377/234 403/403/264 378/378/235
f 372/372/265 363/363/257 400/400/260
f 372/372/265 400/400/260 404/404/266
f 405/405/29 386/386/29 389/389/29
f 405/405/29 389/389/29 406/406/29
f 407/407/267 390/390/247 393/393/250
f 407/407/267 393/393/250 408/408/268
f 409/409/29 311/311/255 398/398/256
f 409/409/29 398/398/256 410/410/29
f 362/362/238 361/361/269 411/411/270
f 362/362/238 411/411/270 380/380/239
f 338/338/261 300/300/29 412/412/29
f 338/338/261 412/412/29 401/401/262
f 402/402/263 413/413/271 414/414/272
f 402/402/263 414/414/272 403/403/264
f 366/366/258 368/368/273 415/415/273
f 366/366/258 415/415/273 399/399/259
f 395/395/252 405/405/29 406/406/29
f 395/395/252 406/406/29 396/396/253
f 416/416/274 407/407/267 408/408/268
f 416/416/274 408/408/268 417/417/275
f 299/299/29 409/409/29 410/410/29
f 299/299/29 410/410/29 418/418/29
f 413/413/271 372/372/265 404/404/266
f 413/413/271 404/404/266 414/414/272
f 331/331/29 334/334/243 385/385/246
f 331/331/29 385/385/246 419/419/29
f 368/368/273 370/370/237 381/381/240
f 368/368/273 381/381/240 415/415/273
f 340/340/29 331/331/29 419/419/29
f 340/340/29 419/419/29 420/420/29
f 361/361/269 416/416/274 417/417/275
f 361/361/269 417/417/275 411/411/270
f 387/387/29 340/340/29 420/420/29
f 387/387/29 420/420/29 388/388/29
f 300/300/29 299/299/29 418/418/29
f 300/300/29 418/418/29 412/412/29
f 406/406/276 389/389/277 421/421/278
f 406/406/276 421/421/278 422/422/279
f 423/423/280 424/424/281 425/425/282
f 423/423/280 425/425/282 426/426/283
f 396/396/284 406/406/276 422/422/279
f 396/396/284 422/422/279 427/427/285
f 424/424/281 428/428/286 429/429/287
f 424/424/281 429/429/287 425/425/282
f 419/419/288 385/385/289 3/3/290
f 419/419/288 3/3/290 430/430/291
f 431/431/292 432/432/293 433/433/294
f 431/431/292 433/433/294 434/434/295
f 385/385/289 384/384/296 1/1/297
f 385/385/289 1/1/297 3/3/290
f 435/435/298 436/436/284 437/437/285
f 435/435/298 437/437/285 438/438/299
f 384/384/296 401/401/300 2/2/301
f 384/384/296 2/2/301 1/1/297
f 400/400/302 399/399/303 6/6/304
f 400/400/302 6/6/304 439/439/305
f 401/401/300 412/412/306 440/440/307
f 401/401/300 440/440/307 2/2/301
f 399/399/303 415/415/308 4/4/309
f 399/399/303 4/4/309 6/6/304
f 420/420/310 419/419/288 430/430/291
f 420/420/310 430/430/291 441/441/311
f 415/415/308 381/381/312 5/5/313
f 415/415/308 5/5/313 4/4/309
f 412/412/306 418/418/314 442/442/315
f 412/412/306 442/442/315 440/440/307
f 375/375/316 374/374/317 443/443/318
f 375/375/316 443/443/318 444/444/319
f 381/381/312 380/380/320 445/445/321
f 381/381/312 445/445/321 5/5/313
f 393/393/322 392/392/323 446/446/324
f 393/393/322 446/446/324 447/447/325
f 398/398/326 375/375/316 444/444/319
f 398/398/326 444/444/319 448/448/327
f 404/404/286 400/400/302 439/439/305
f 404/404/286 439/439/305 449/449/287
f 408/408/328 393/393/322 447/447/325
f 408/408/328 447/447/325 450/450/329
f 410/410/330 398/398/326 448/448/327
f 410/410/330 448/448/327 451/451/331
f 380/380/320 411/411/332 452/452/333
f 380/380/320 452/452/333 445/445/321
f 453/453/334 454/454/328 455/455/329
f 453/453/334 455/455/329 456/456/335
f 457/457/314 458/458/330 459/459/331
f 457/457/314 459/459/331 460/460/315
f 461/461/332 453/453/334 456/456/335
f 461/461/332 456/456/335 462/462/333
f 463/463/336 464/464/310 465/465/311
f 463/463/336 465/465/311 466/466/337
f 379/379/293 378/378/338 467/467/339
f 379/379/293 467/467/339 468/468/294
f 389/389/277 388/388/336 469/469/337
f 389/389/277 469/469/337 421/421/278
f 378/378/338 403/403/280 470/470/283
f 378/378/338 470/470/283 467/467/339
f 451/451/340 469/469/341 441/441/29
f 451/451/340 441/441/29 442/442/29
f 448/448/342 421/421/343 469/469/341
f 448/448/342 469/469/341 451/451/340
f 471/471/344 472/472/344 473/473/29
f 471/471/344 473/473/29 474/474/29
f 444/444/345 443/443/346 475/475/347
f 444/444/345 475/475/347 476/476/348
f 443/443/346 471/471/344 474/474/29
f 443/443/346 474/474/29 475/475/347
f 446/446/349 468/468/350 467/467/351
f 446/446/349 467/467/351 447/447/352
f 447/447/352 467/467/351 470/470/353
f 447/447/352 470/470/353 450/450/354
f 450/450/354 470/470/353 477/477/355
f 450/450/354 477/477/355 478/478/356
f 478/478/356 477/477/355 449/449/29
f 478/478/356 449/449/29 452/452/29
f 430/430/29 440/440/29 442/442/29
f 430/430/29 442/442/29 441/441/29
f 3/3/3 2/2/2 440/440/29
f 3/3/3 440/440/29 430/430/29
f 439/439/357 445/445/358 452/452/29
f 439/439/357 452/452/29 449/449/29
f 6/6/6 5/5/5 445/445/358
f 6/6/6 445/445/358 439/439/357
f 479/479/359 480/480/360 481/481/361
f 479/479/359 481/481/361 482/482/362
f 482/482/362 481/481/361 483/483/363
f 482/482/362 483/483/363 484/484/364
f 484/484/364 483/483/363 485/485/365
f 484/484/364 485/485/365 486/486/366
f 486/486/366 485/485/365 487/487/367
f 486/486/366 487/487/367 488/488/368
f 489/489/369 490/490/369 491/491/370
f 489/489/369 491/491/370 492/492/371
f 493/493/372 494/494/373 492/492/371
f 493/493/372 492/492/371 491/491/370
f 495/495/374 496/496/375 494/494/373
f 495/495/374 494/494/373 493/493/372
f 497/497/376 498/498/377 496/496/375
f 497/497/376 496/496/375 495/495/374
f 499/499/378 500/500/379 498/498/377
f 499/499/378 498/498/377 497/497/376
f 500/500/379 499/499/378 501/501/380
f 500/500/379 501/501/380 502/502/381
f 502/502/381 501/501/380 9/9/9
f 502/502/381 9/9/9 8/8/8
f 480/480/360 479/479/359 503/503/382
f 480/480/360 503/503/382 504/504/383
f 504/504/383 503/503/382 12/12/12
f 504/504/383 12/12/12 11/11/11
f 488/488/368 487/487/367 490/490/369
f 488/488/368 490/490/369 489/489/369
f 468/468/350 446/446/349 472/472/344
f 468/468/350 472/472/344 471/471/344
f 505/505/323 435/435/298 438/438/299
f 505/505/323 438/438/299 506/506/324
f 507/507/317 431/431/292 434/434/295
f 507/507/317 434/434/295 508/508/318
f 391/391/248 394/394/251 397/397/254
f 391/391/248 397/397/254 392/392/249
f 373/373/230 382/382/241 383/383/242
f 373/373/230 383/383/242 374/374/231
f 341/341/384 301/301/173 304/304/175
f 341/341/384 304/304/175 342/342/384
f 509/509/385 293/293/167 296/296/169
f 509/509/385 296/296/169 510/510/385
f 511/511/386 512/512/387 513/513/387
f 511/511/386 513/513/387 514/514/386
f 515/515/388 516/516/389 517/517/389
f 515/515/388 517/517/389 518/518/388
f 519/519/390 520/520/390 521/521/390
f 519/519/390 521/521/390 522/522/390
f 472/472/344 427/427/29 523/523/29
f 472/472/344 523/523/29 473/473/29
f 421/421/343 448/448/342 524/524/391
f 421/421/343 524/524/391 525/525/392
f 427/427/29 422/422/393 526/526/394
f 427/427/29 526/526/394 523/523/29
f 448/448/342 444/444/345 476/476/348
f 448/448/342 476/476/348 524/524/391
f 422/422/393 421/421/343 525/525/392
f 422/422/393 525/525/392 526/526/394
f 527/527/395 528/528/396 529/529/397
f 527/527/395 529/529/397 530/530/397
f 531/531/398 532/532/399 528/528/396
f 531/531/398 528/528/396 527/527/395
f 533/533/400 534/534/400 532/532/399
f 533/533/400 532/532/399 531/531/398
f 535/535/401 536/536/401 537/537/401
f 535/535/401 537/537/401 538/538/401
f 539/539/402 540/540/402 541/541/402
f 539/539/402 541/541/402 542/542/402
f 543/543/403 544/544/388 545/545/388
f 543/543/403 545/545/388 546/546/403
f 547/547/404 548/548/386 549/549/386
f 547/547/404 549/549/386 550/550/404
f 551/551/405 552/552/405 553/553/405
f 551/551/405 553/553/405 554/554/405
f 555/555/406 556/556/407 557/557/408
f 555/555/406 557/557/408 558/558/409
f 559/559/410 560/560/411 561/561/412
f 559/559/410 561/561/412 562/562/413
f 563/563/414 564/564/415 565/565/416
f 563/563/414 565/565/416 566/566/417
f 566/566/417 565/565/416 567/567/418
f 566/566/417 567/567/418 568/568/419
f 569/569/413 570/570/412 571/571/420
f 569/569/413 571/571/420 572/572/421
f 572/572/421 571/571/420 557/557/408
f 572/572/421 557/557/408 556/556/407
f 573/573/415 574/574/414 575/575/422
f 573/573/415 575/575/422 576/576/423
f 577/577/414 578/578/424 579/579/425
f 577/577/414 579/579/425 580/580/422
f 578/578/424 581/581/426 582/582/427
f 578/578/424 582/582/427 579/579/425
f 581/581/426 583/583/428 584/584/429
f 581/581/426 584/584/429 582/582/427
f 583/583/428 585/585/430 586/586/431
f 583/583/428 586/586/431 584/584/429
f 585/585/430 587/587/432 588/588/433
f 585/585/430 588/588/433 586/586/431
f 587/587/432 589/589/434 590/590/435
f 587/587/432 590/590/435 588/588/433
f 589/589/434 591/591/436 592/592/437
f 589/589/434 592/592/437 590/590/435
f 591/591/436 593/593/438 594/594/439
f 591/591/436 594/594/439 592/592/437
f 593/593/438 595/595/440 596/596/441
f 593/593/438 596/596/441 594/594/439
f 595/595/440 597/597/442 598/598/443
f 595/595/440 598/598/443 596/596/441
f 597/597/442 599/599/444 600/600/445
f 597/597/442 600/600/445 598/598/443
f 599/599/444 601/601/446 602/602/447
f 599/599/444 602/602/447 600/600/445
f 601/601/446 603/603/448 604/604/449
f 601/601/446 604/604/449 602/602/447
f 603/603/448 605/605/450 606/606/451
f 603/603/448 606/606/451 604/604/449
f 605/605/450 607/607/452 608/608/453
f 605/605/450 608/608/453 606/606/451
f 609/609/454 610/610/455 611/611/456
f 609/609/454 611/611/456 612/612/457
f 610/610/455 613/613/458 614/614/459
f 610/610/455 614/614/459 611/611/456
f 613/613/458 615/615/460 616/616/461
f 613/613/458 616/616/461 614/614/459
f 615/615/460 617/617/462 618/618/463
f 615/615/460 618/618/463 616/616/461
f 617/617/462 619/619/464 620/620/465
f 617/617/462 620/620/465 618/618/463
f 619/619/464 621/621/466 622/622/467
f 619/619/464 622/622/467 620/620/465
f 623/623/468 624/624/469 625/625/470
f 623/623/468 625/625/470 626/626/471
f 624/624/469 627/627/472 628/628/473
f 624/624/469 628/628/473 625/625/470
f 627/627/472 629/629/474 630/630/475
f 627/627/472 630/630/475 628/628/473
f 629/629/474 631/631/476 632/632/477
f 629/629/474 632/632/477 630/630/475
f 631/631/476 633/633/478 634/634/479
f 631/631/476 634/634/479 632/632/477
f 635/635/480 636/636/481 637/637/482
f 635/635/480 637/637/482 638/638/483
f 636/636/481 639/639/484 640/640/485
f 636/636/481 640/640/485 637/637/482
f 639/639/484 641/641/486 642/642/487
f 639/639/484 642/642/487 640/640/485
f 641/641/486 643/643/488 644/644/489
f 641/641/486 644/644/489 642/642/487
f 643/643/488 645/645/490 646/646/491
f 643/643/488 646/646/491 644/644/489
f 645/645/490 647/647/492 648/648/493
f 645/645/490 648/648/493 646/646/491
f 647/647/492 649/649/494 650/650/495
f 647/647/492 650/650/495 648/648/493
f 649/649/494 651/651/496 652/652/497
f 649/649/494 652/652/497 650/650/495
f 651/651/496 653/653/498 654/654/499
f 651/651/496 654/654/499 652/652/497
f 653/653/498 655/655/500 656/656/501
f 653/653/498 656/656/501 654/654/499
f 655/655/500 657/657/502 658/658/503
f 655/655/500 658/658/503 656/656/501
f 657/657/502 659/659/504 660/660/505
f 657/657/502 660/660/505 658/658/503
f 659/659/504 661/661/506 662/662/507
f 659/659/504 662/662/507 660/660/505
f 661/661/506 663/663/508 664/664/509
f 661/661/506 664/664/509 662/662/507
f 663/663/508 665/665/510 666/666/511
f 663/663/508 666/666/511 664/664/509
f 665/665/510 572/572/421 556/556/407
f 665/665/510 556/556/407 666/666/511
f 667/667/512 668/668/513 624/624/469
f 667/667/512 624/624/469 623/623/468
f 668/668/513 669/669/514 627/627/472
f 668/668/513 627/627/472 624/624/469
f 669/669/514 670/670/515 629/629/474
f 669/669/514 629/629/474 627/627/472
f 670/670/515 671/671/516 631/631/476
f 670/670/515 631/631/476 629/629/474
f 671/671/516 672/672/517 633/633/478
f 671/671/516 633/633/478 631/631/476
f 673/673/518 674/674/519 636/636/481
f 673/673/518 636/636/481 635/635/480
f 674/674/519 675/675/520 639/639/484
f 674/674/519 639/639/484 636/636/481
f 675/675/520 676/676/521 641/641/486
f 675/675/520 641/641/486 639/639/484
f 676/676/521 677/677/522 643/643/488
f 676/676/521 643/643/488 641/641/486
f 677/677/522 678/678/523 645/645/490
f 677/677/522 645/645/490 643/643/488
f 678/678/523 679/679/524 647/647/492
f 678/678/523 647/647/492 645/645/490
f 679/679/524 680/680/525 649/649/494
f 679/679/524 649/649/494 647/647/492
f 680/680/525 681/681/526 651/651/496
f 680/680/525 651/651/496 649/649/494
f 681/681/526 682/682/527 653/653/498
f 681/681/526 653/653/498 651/651/496
f 682/682/527 683/683/528 655/655/500
f 682/682/527 655/655/500 653/653/498
f 683/683/528 684/684/529 657/657/502
f 683/683/528 657/657/502 655/655/500
f 685/685/529 686/686/530 687/687/504
f 685/685/529 687/687/504 688/688/502
f 689/689/530 690/690/531 661/661/506
f 689/689/530 661/661/506 659/659/504
f 691/691/531 692/692/532 693/693/508
f 691/691/531 693/693/508 694/694/506
f 695/695/532 696/696/533 665/665/510
f 695/695/532 665/665/510 663/663/508
f 696/696/533 569/569/413 572/572/421
f 696/696/533 572/572/421 665/665/510
f 697/697/534 698/698/535 555/555/406
f 697/697/534 555/555/406 558/558/409
f 698/698/535 699/699/536 700/700/537
f 698/698/535 700/700/537 555/555/406
f 699/699/536 701/701/538 702/702/539
f 699/699/536 702/702/539 700/700/537
f 701/701/538 703/703/540 704/704/541
f 701/701/538 704/704/541 702/702/539
f 703/703/540 705/705/542 706/706/543
f 703/703/540 706/706/543 704/704/541
f 705/705/542 707/707/544 708/708/545
f 705/705/542 708/708/545 706/706/543
f 707/707/544 709/709/546 710/710/547
f 707/707/544 710/710/547 708/708/545
f 709/709/546 711/711/548 712/712/549
f 709/709/546 712/712/549 710/710/547
f 711/711/548 713/713/550 714/714/551
f 711/711/548 714/714/551 712/712/549
f 713/713/550 715/715/552 716/716/553
f 713/713/550 716/716/553 714/714/551
f 715/715/552 717/717/554 718/718/555
f 715/715/552 718/718/555 716/716/553
f 717/717/554 719/719/556 720/720/557
f 717/717/554 720/720/557 718/718/555
f 719/719/556 721/721/558 722/722/559
f 719/719/556 722/722/559 720/720/557
f 721/721/558 723/723/560 724/724/561
f 721/721/558 724/724/561 722/722/559
f 723/723/560 725/725/562 726/726/563
f 723/723/560 726/726/563 724/724/561
f 725/725/562 727/727/564 728/728/565
f 725/725/562 728/728/565 726/726/563
f 729/729/566 730/730/567 731/731/568
f 729/729/566 731/731/568 732/732/569
f 730/730/567 733/733/570 734/734/571
f 730/730/567 734/734/571 731/731/568
f 733/733/570 735/735/572 736/736/573
f 733/733/570 736/736/573 734/734/571
f 735/735/572 737/737/574 738/738/575
f 735/735/572 738/738/575 736/736/573
f 737/737/574 739/739/576 740/740/577
f 737/737/574 740/740/577 738/738/575
f 739/739/576 741/741/578 742/742/579
f 739/739/576 742/742/579 740/740/577
f 743/743/423 744/744/422 698/698/535
f 743/743/423 698/698/535 697/697/534
f 744/744/422 745/745/425 699/699/536
f 744/744/422 699/699/536 698/698/535
f 745/745/425 746/746/427 701/701/538
f 745/745/425 701/701/538 699/699/536
f 746/746/427 747/747/429 703/703/540
f 746/746/427 703/703/540 701/701/538
f 747/747/429 748/748/431 705/705/542
f 747/747/429 705/705/542 703/703/540
f 748/748/431 749/749/433 707/707/544
f 748/748/431 707/707/544 705/705/542
f 749/749/433 750/750/435 709/709/546
f 749/749/433 709/709/546 707/707/544
f 750/750/435 751/751/437 711/711/548
f 750/750/435 711/711/548 709/709/546
f 751/751/437 752/752/439 713/713/550
f 751/751/437 713/713/550 711/711/548
f 752/752/439 753/753/441 715/715/552
f 752/752/439 715/715/552 713/713/550
f 753/753/441 754/754/443 717/717/554
f 753/753/441 717/717/554 715/715/552
f 754/754/443 755/755/445 719/719/556
f 754/754/443 719/719/556 717/717/554
f 755/755/445 756/756/447 721/721/558
f 755/755/445 721/721/558 719/719/556
f 756/756/447 757/757/449 723/723/560
f 756/756/447 723/723/560 721/721/558
f 757/757/449 758/758/451 725/725/562
f 757/757/449 725/725/562 723/723/560
f 758/758/451 759/759/453 727/727/564
f 758/758/451 727/727/564 725/725/562
f 760/760/457 761/761/456 730/730/567
f 760/760/457 730/730/567 729/729/566
f 761/761/456 762/762/459 733/733/570
f 761/761/456 733/733/570 730/730/567
f 762/762/459 763/763/461 735/735/572
f 762/762/459 735/735/572 733/733/570
f 763/763/461 764/764/463 737/737/574
f 763/763/461 737/737/574 735/735/572
f 764/764/463 765/765/465 739/739/576
f 764/764/463 739/739/576 737/737/574
f 765/765/465 766/766/467 741/741/578
f 765/765/465 741/741/578 739/739/576
f 767/767/580 768/768/581 769/769/582
f 767/767/580 769/769/582 770/770/583
f 768/768/581 771/771/584 772/772/585
f 768/768/581 772/772/585 769/769/582
f 771/771/584 773/773/586 774/774/587
f 771/771/584 774/774/587 772/772/585
f 773/773/586 775/775/588 776/776/589
f 773/773/586 776/776/589 774/774/587
f 775/775/588 777/777/590 778/778/591
f 775/775/588 778/778/591 776/776/589
f 777/777/590 779/779/592 780/780/593
f 777/777/590 780/780/593 778/778/591
f 779/779/592 781/781/594 782/782/595
f 779/779/592 782/782/595 780/780/593
f 781/781/594 783/783/596 784/784/597
f 781/781/594 784/784/597 782/782/595
f 783/783/596 785/785/598 786/786/599
f 783/783/596 786/786/599 784/784/597
f 785/785/598 787/787/600 788/788/601
f 785/785/598 788/788/601 786/786/599
f 787/787/600 789/789/602 790/790/603
f 787/787/600 790/790/603 788/788/601
f 789/789/602 791/791/604 792/792/605
f 789/789/602 792/792/605 790/790/603
f 791/791/604 793/793/606 794/794/607
f 791/791/604 794/794/607 792/792/605
f 793/793/606 795/795/608 796/796/609
f 793/793/606 796/796/609 794/794/607
f 795/795/608 797/797/610 798/798/611
f 795/795/608 798/798/611 796/796/609
f 797/797/610 799/799/612 800/800/613
f 797/797/610 800/800/613 798/798/611
f 801/801/614 802/802/615 803/803/616
f 801/801/614 803/803/616 804/804/617
f 802/802/615 805/805/618 806/806/619
f 802/802/615 806/806/619 803/803/616
f 805/805/618 807/807/620 808/808/621
f 805/805/618 808/808/621 806/806/619
f 807/807/620 809/809/622 810/810/623
f 807/807/620 810/810/623 808/808/621
f 809/809/622 811/811/624 812/812/625
f 809/809/622 812/812/625 810/810/623
f 811/811/624 813/813/626 814/814/627
f 811/811/624 814/814/627 812/812/625
f 815/815/411 816/816/410 768/768/581
f 815/815/411 768/768/581 767/767/580
f 816/816/410 817/817/628 771/771/584
f 816/816/410 771/771/584 768/768/581
f 817/817/628 818/818/629 773/773/586
f 817/817/628 773/773/586 771/771/584
f 819/819/629 820/820/630 821/821/588
f 819/819/629 821/821/588 822/822/586
f 820/820/630 823/823/631 824/824/590
f 820/820/630 824/824/590 821/821/588
f 823/823/631 825/825/632 826/826/592
f 823/823/631 826/826/592 824/824/590
f 825/825/632 827/827/633 828/828/594
f 825/825/632 828/828/594 826/826/592
f 829/829/633 830/830/634 783/783/596
f 829/829/633 783/783/596 781/781/594
f 830/830/634 831/831/635 785/785/598
f 830/830/634 785/785/598 783/783/596
f 831/831/635 832/832/636 787/787/600
f 831/831/635 787/787/600 785/785/598
f 832/832/636 833/833/637 789/789/602
f 832/832/636 789/789/602 787/787/600
f 833/833/637 834/834/638 791/791/604
f 833/833/637 791/791/604 789/789/602
f 834/834/638 835/835/639 793/793/606
f 834/834/638 793/793/606 791/791/604
f 835/835/639 836/836/640 795/795/608
f 835/835/639 795/795/608 793/793/606
f 836/836/640 837/837/641 797/797/610
f 836/836/640 797/797/610 795/795/608
f 837/837/641 838/838/642 799/799/612
f 837/837/641 799/799/612 797/797/610
f 839/839/643 840/840/644 802/802/615
f 839/839/643 802/802/615 801/801/614
f 841/841/644 842/842/645 843/843/618
f 841/841/644 843/843/618 844/844/615
f 842/842/645 845/845/646 846/846/620
f 842/842/645 846/846/620 843/843/618
f 845/845/646 847/847/647 848/848/622
f 845/845/646 848/848/622 846/846/620
f 847/847/647 849/849/648 850/850/624
f 847/847/647 850/850/624 848/848/622
f 849/849/648 851/851/649 852/852/626
f 849/849/648 852/852/626 850/850/624
f 853/853/650 854/854/651 855/855/652
f 853/853/650 855/855/652 856/856/653
f 854/854/651 857/857/654 858/858/655
f 854/854/651 858/858/655 855/855/652
f 857/857/654 859/859/656 860/860/657
f 857/857/654 860/860/657 858/858/655
f 859/859/656 861/861/658 862/862/659
f 859/859/656 862/862/659 860/860/657
f 861/861/658 863/863/660 864/864/661
f 861/861/658 864/864/661 862/862/659
f 865/865/662 866/866/663 867/867/664
f 865/865/662 867/867/664 868/868/665
f 866/866/663 869/869/666 870/870/667
f 866/866/663 870/870/667 867/867/664
f 869/869/666 871/871/668 872/872/669
f 869/869/666 872/872/669 870/870/667
f 871/871/668 873/873/670 874/874/671
f 871/871/668 874/874/671 872/872/669
f 873/873/670 875/875/672 876/876/673
f 873/873/670 876/876/673 874/874/671
f 875/875/672 877/877/674 878/878/675
f 875/875/672 878/878/675 876/876/673
f 877/877/674 879/879/676 880/880/677
f 877/877/674 880/880/677 878/878/675
f 879/879/676 881/881/678 882/882/679
f 879/879/676 882/882/679 880/880/677
f 881/881/678 883/883/680 884/884/681
f 881/881/678 884/884/681 882/882/679
f 883/883/680 885/885/682 886/886/683
f 883/883/680 886/886/683 884/884/681
f 885/885/682 887/887/684 888/888/685
f 885/885/682 888/888/685 886/886/683
f 887/887/684 889/889/686 890/890/687
f 887/887/684 890/890/687 888/888/685
f 889/889/686 891/891/688 892/892/689
f 889/889/686 892/892/689 890/890/687
f 891/891/688 893/893/690 894/894/691
f 891/891/688 894/894/691 892/892/689
f 893/893/690 895/895/692 896/896/693
f 893/893/690 896/896/693 894/894/691
f 895/895/692 566/566/417 568/568/419
f 895/895/692 568/568/419 896/896/693
f 897/897/466 898/898/464 854/854/651
f 897/897/466 854/854/651 853/853/650
f 898/898/464 899/899/462 857/857/654
f 898/898/464 857/857/654 854/854/651
f 899/899/462 900/900/460 859/859/656
f 899/899/462 859/859/656 857/857/654
f 900/900/460 901/901/458 861/861/658
f 900/900/460 861/861/658 859/859/656
f 901/901/458 902/902/455 863/863/660
f 901/901/458 863/863/660 861/861/658
f 903/903/454 904/904/452 866/866/663
f 903/903/454 866/866/663 865/865/662
f 904/904/452 905/905/450 869/869/666
f 904/904/452 869/869/666 866/866/663
f 905/905/450 906/906/448 871/871/668
f 905/905/450 871/871/668 869/869/666
f 906/906/448 907/907/446 873/873/670
f 906/906/448 873/873/670 871/871/668
f 907/907/446 908/908/444 875/875/672
f 907/907/446 875/875/672 873/873/670
f 908/908/444 909/909/442 877/877/674
f 908/908/444 877/877/674 875/875/672
f 909/909/442 910/910/440 879/879/676
f 909/909/442 879/879/676 877/877/674
f 910/910/440 911/911/438 881/881/678
f 910/910/440 881/881/678 879/879/676
f 911/911/438 912/912/436 883/883/680
f 911/911/438 883/883/680 881/881/678
f 912/912/436 913/913/434 885/885/682
f 912/912/436 885/885/682 883/883/680
f 913/913/434 914/914/432 887/887/684
f 913/913/434 887/887/684 885/885/682
f 914/914/432 915/915/430 889/889/686
f 914/914/432 889/889/686 887/887/684
f 915/915/430 916/916/428 891/891/688
f 915/915/430 891/891/688 889/889/686
f 916/916/428 917/917/426 893/893/690
f 916/916/428 893/893/690 891/891/688
f 917/917/426 918/918/424 895/895/692
f 917/917/426 895/895/692 893/893/690
f 918/918/424 563/563/414 566/566/417
f 918/918/424 566/566/417 895/895/692
f 567/567/418 770/770/583 769/769/582
f 567/567/418 769/769/582 568/568/419
f 568/568/419 769/769/582 772/772/585
f 568/568/419 772/772/585 896/896/693
f 896/896/693 772/772/585 774/774/587
f 896/896/693 774/774/587 894/894/691
f 894/894/691 774/774/587 776/776/589
f 894/894/691 776/776/589 892/892/689
f 892/892/689 776/776/589 778/778/591
f 892/892/689 778/778/591 890/890/687
f 890/890/687 778/778/591 780/780/593
f 890/890/687 780/780/593 888/888/685
f 888/888/685 780/780/593 782/782/595
f 888/888/685 782/782/595 886/886/683
f 886/886/683 782/782/595 784/784/597
f 886/886/683 784/784/597 884/884/681
f 884/884/681 784/784/597 786/786/599
f 884/884/681 786/786/599 882/882/679
f 882/882/679 786/786/599 788/788/601
f 882/882/679 788/788/601 880/880/677
f 880/880/677 788/788/601 790/790/603
f 880/880/677 790/790/603 878/878/675
f 878/878/675 790/790/603 792/792/605
f 878/878/675 792/792/605 876/876/673
f 876/876/673 792/792/605 794/794/607
f 876/876/673 794/794/607 874/874/671
f 874/874/671 794/794/607 796/796/609
f 874/874/671 796/796/609 872/872/669
f 872/872/669 796/796/609 798/798/611
f 872/872/669 798/798/611 870/870/667
f 870/870/667 798/798/611 800/800/613
f 870/870/667 800/800/613 867/867/664
f 868/868/665 804/804/617 803/803/616
f 868/868/665 803/803/616 864/864/661
f 864/864/661 803/803/616 806/806/619
f 864/864/661 806/806/619 862/862/659
f 862/862/659 806/806/619 808/808/621
f 862/862/659 808/808/621 860/860/657
f 860/860/657 808/808/621 810/810/623
f 860/860/657 810/810/623 858/858/655
f 858/858/655 810/810/623 812/812/625
f 858/858/655 812/812/625 855/855/652
f 855/855/652 812/812/625 814/814/627
f 855/855/652 814/814/627 856/856/653
f 851/851/649 849/849/648 919/919/513
f 851/851/649 919/919/513 920/920/512
f 849/849/648 847/847/647 921/921/514
f 849/849/648 921/921/514 919/919/513
f 847/847/647 845/845/646 922/922/515
f 847/847/647 922/922/515 921/921/514
f 845/845/646 842/842/645 923/923/516
f 845/845/646 923/923/516 922/922/515
f 842/842/645 841/841/644 924/924/517
f 842/842/645 924/924/517 923/923/516
f 925/925/643 926/926/642 927/927/519
f 925/925/643 927/927/519 928/928/518
f 926/926/642 929/929/641 930/930/520
f 926/926/642 930/930/520 927/927/519
f 929/929/641 931/931/640 932/932/521
f 929/929/641 932/932/521 930/930/520
f 931/931/640 933/933/639 934/934/522
f 931/931/640 934/934/522 932/932/521
f 933/933/639 935/935/638 936/936/523
f 933/933/639 936/936/523 934/934/522
f 935/935/638 937/937/637 938/938/524
f 935/935/638 938/938/524 936/936/523
f 937/937/637 939/939/636 940/940/525
f 937/937/637 940/940/525 938/938/524
f 939/939/636 941/941/635 942/942/526
f 939/939/636 942/942/526 940/940/525
f 941/941/635 943/943/634 944/944/527
f 941/941/635 944/944/527 942/942/526
f 943/943/634 827/827/633 945/945/528
f 943/943/634 945/945/528 944/944/527
f 827/827/633 825/825/632 685/685/529
f 827/827/633 685/685/529 945/945/528
f 825/825/632 823/823/631 686/686/530
f 825/825/632 686/686/530 685/685/529
f 823/823/631 820/820/630 691/691/531
f 823/823/631 691/691/531 686/686/530
f 820/820/630 819/819/629 692/692/532
f 820/820/630 692/692/532 691/691/531
f 819/819/629 946/946/628 947/947/533
f 819/819/629 947/947/533 692/692/532
f 946/946/628 948/948/410 949/949/413
f 946/946/628 949/949/413 947/947/533
f 742/742/579 626/626/471 625/625/470
f 742/742/579 625/625/470 740/740/577
f 740/740/577 625/625/470 628/628/473
f 740/740/577 628/628/473 738/738/575
f 738/738/575 628/628/473 630/630/475
f 738/738/575 630/630/475 736/736/573
f 736/736/573 630/630/475 632/632/477
f 736/736/573 632/632/477 734/734/571
f 734/734/571 632/632/477 634/634/479
f 734/734/571 634/634/479 731/731/568
f 732/732/569 638/638/483 637/637/482
f 732/732/569 637/637/482 728/728/565
f 728/728/565 637/637/482 640/640/485
f 728/728/565 640/640/485 726/726/563
f 726/726/563 640/640/485 642/642/487
f 726/726/563 642/642/487 724/724/561
f 724/724/561 642/642/487 644/644/489
f 724/724/561 644/644/489 722/722/559
f 722/722/559 644/644/489 646/646/491
f 722/722/559 646/646/491 720/720/557
f 720/720/557 646/646/491 648/648/493
f 720/720/557 648/648/493 718/718/555
f 718/718/555 648/648/493 650/650/495
f 718/718/555 650/650/495 716/716/553
f 716/716/553 650/650/495 652/652/497
f 716/716/553 652/652/497 714/714/551
f 714/714/551 652/652/497 654/654/499
f 714/714/551 654/654/499 712/712/549
f 712/712/549 654/654/499 656/656/501
f 712/712/549 656/656/501 710/710/547
f 710/710/547 656/656/501 658/658/503
f 710/710/547 658/658/503 708/708/545
f 708/708/545 658/658/503 660/660/505
f 708/708/545 660/660/505 706/706/543
f 706/706/543 660/660/505 662/662/507
f 706/706/543 662/662/507 704/704/541
f 704/704/541 662/662/507 664/664/509
f 704/704/541 664/664/509 702/702/539
f 702/702/539 664/664/509 666/666/511
f 702/702/539 666/666/511 700/700/537
f 700/700/537 666/666/511 556/556/407
f 700/700/537 556/556/407 555/555/406
f 731/731/568 634/634/479 638/638/483
f 731/731/568 638/638/483 732/732/569
f 841/841/644 925/925/643 928/928/518
f 841/841/644 928/928/518 924/924/517
f 867/867/664 800/800/613 804/804/617
f 867/867/664 804/804/617 868/868/665
f 902/902/455 903/903/454 865/865/662
f 902/902/455 865/865/662 863/863/660
f 863/863/660 865/865/662 868/868/665
f 863/863/660 868/868/665 864/864/661
f 838/838/642 839/839/643 801/801/614
f 838/838/642 801/801/614 799/799/612
f 799/799/612 801/801/614 804/804/617
f 799/799/612 804/804/617 800/800/613
f 759/759/453 760/760/457 729/729/566
f 759/759/453 729/729/566 727/727/564
f 727/727/564 729/729/566 732/732/569
f 727/727/564 732/732/569 728/728/565
f 672/672/517 673/673/518 635/635/480
f 672/672/517 635/635/480 633/633/478
f 633/633/478 635/635/480 638/638/483
f 633/633/478 638/638/483 634/634/479
f 607/607/452 609/609/454 612/612/457
f 607/607/452 612/612/457 608/608/453
f 950/950/694 951/951/695 952/952/696
f 950/950/694 952/952/696 953/953/697
f 950/950/694 953/953/697 954/954/698
f 950/950/694 954/954/698 955/955/699
f 956/956/700 957/957/701 958/958/702
f 956/956/700 958/958/702 959/959/703
f 960/960/700 961/961/703 962/962/704
f 960/960/700 962/962/704 963/963/705
f 964/964/706 965/965/707 966/966/708
f 964/964/706 966/966/708 967/967/709
f 964/964/706 967/967/709 968/968/710
f 964/964/706 968/968/710 969/969/711
f 970/970/712 969/969/711 968/968/710
f 970/970/712 968/968/710 971/971/713
f 972/972/712 973/973/713 952/952/696
f 972/972/712 952/952/696 951/951/695
f 974/974/714 955/955/699 954/954/698
f 974/974/714 954/954/698 975/975/715
f 976/976/714 977/977/715 978/978/716
f 976/976/714 978/978/716 979/979/717
f 980/980/718 963/963/705 962/962/704
f 980/980/718 962/962/704 981/981/719
f 980/980/718 981/981/719 982/982/720
f 980/980/718 982/982/720 983/983/721
f 984/984/722 983/983/721 982/982/720
f 984/984/722 982/982/720 985/985/723
f 986/986/722 987/987/723 966/966/708
f 986/986/722 966/966/708 965/965/707
f 988/988/724 979/979/717 978/978/716
f 988/988/724 978/978/716 989/989/725
f 988/988/724 989/989/725 958/958/702
f 988/988/724 958/958/702 957/957/701
f 15/15/15 140/140/83 139/139/82
f 15/15/15 139/139/82 13/13/13
f 21/21/21 14/14/14 13/13/13
f 21/21/21 13/13/13 19/19/19
f 18/18/18 20/20/20 19/19/19
f 18/18/18 19/19/19 16/16/16
f 990/990/726 991/991/727 992/992/728
f 990/990/726 992/992/728 993/993/729
f 993/993/729 992/992/728 994/994/730
f 993/993/729 994/994/730 995/995/731
f 991/991/727 996/996/732 997/997/733
f 991/991/727 997/997/733 992/992/728
f 992/992/728 997/997/733 998/998/109
f 992/992/728 998/998/109 994/994/730
f 990/990/726 993/993/729 999/999/734
f 990/990/726 999/999/734 1000/1000/735
f 1001/1001/735 1002/1002/734 1003/1003/736
f 1001/1001/735 1003/1003/736 1004/1004/737
f 993/993/729 995/995/731 1005/1005/738
f 993/993/729 1005/1005/738 999/999/734
f 999/999/734 1005/1005/738 1006/1006/739
f 999/999/734 1006/1006/739 1007/1007/736
f 990/990/726 1000/1000/735 1008/1008/740
f 990/990/726 1008/1008/740 991/991/727
f 991/991/727 1008/1008/740 1009/1009/741
f 991/991/727 1009/1009/741 996/996/732
f 1001/1001/735 1004/1004/737 1010/1010/742
f 1001/1001/735 1010/1010/742 1011/1011/740
f 1011/1011/740 1010/1010/742 1012/1012/743
f 1011/1011/740 1012/1012/743 1013/1013/741
f 1014/1014/744 1015/1015/745 1016/1016/746
f 1014/1014/744 1016/1016/746 1017/1017/747
f 1017/1017/747 1016/1016/746 1005/1005/738
f 1017/1017/747 1005/1005/738 995/995/731
f 1018/1018/745 1019/1019/748 1020/1020/749
f 1018/1018/745 1020/1020/749 1021/1021/746
f 1021/1021/746 1020/1020/749 1022/1022/739
f 1021/1021/746 1022/1022/739 1023/1023/738
f 1014/1014/744 1017/1017/747 1024/1024/750
f 1014/1014/744 1024/1024/750 1025/1025/751
f 1025/1025/751 1024/1024/750 1026/1026/752
f 1025/1025/751 1026/1026/752 1027/1027/753
f 1017/1017/747 995/995/731 994/994/730
f 1017/1017/747 994/994/730 1024/1024/750
f 1024/1024/750 994/994/730 998/998/109
f 1024/1024/750 998/998/109 1026/1026/752
f 1014/1014/744 1025/1025/751 1028/1028/754
f 1014/1014/744 1028/1028/754 1015/1015/745
f 1018/1018/745 1029/1029/754 1030/1030/755
f 1018/1018/745 1030/1030/755 1019/1019/748
f 1025/1025/751 1027/1027/753 1031/1031/756
f 1025/1025/751 1031/1031/756 1028/1028/754
f 1029/1029/754 1032/1032/756 1033/1033/757
f 1029/1029/754 1033/1033/757 1030/1030/755
f 1034/1034/758 1035/1035/759 1036/1036/760
f 1034/1034/758 1036/1036/760 1037/1037/761
f 1037/1037/761 1036/1036/760 997/997/733
f 1037/1037/761 997/997/733 996/996/732
f 1035/1035/759 1038/1038/762 1039/1039/763
f 1035/1035/759 1039/1039/763 1036/1036/760
f 1036/1036/760 1039/1039/763 998/998/109
f 1036/1036/760 998/998/109 997/997/733
f 1034/1034/758 1037/1037/761 1040/1040/764
f 1034/1034/758 1040/1040/764 1041/1041/765
f 1042/1042/765 1043/1043/764 1044/1044/766
f 1042/1042/765 1044/1044/766 1045/1045/767
f 1037/1037/761 996/996/732 1009/1009/741
f 1037/1037/761 1009/1009/741 1040/1040/764
f 1043/1043/764 1013/1013/741 1012/1012/743
f 1043/1043/764 1012/1012/743 1044/1044/766
f 1034/1034/758 1041/1041/765 1046/1046/768
f 1034/1034/758 1046/1046/768 1035/1035/759
f 1035/1035/759 1046/1046/768 1047/1047/769
f 1035/1035/759 1047/1047/769 1038/1038/762
f 1048/1048/765 1049/1049/767 1050/1050/770
f 1048/1048/765 1050/1050/770 1051/1051/768
f 1051/1051/768 1050/1050/770 1052/1052/771
f 1051/1051/768 1052/1052/771 1053/1053/769
f 1054/1054/772 1055/1055/773 1056/1056/774
f 1054/1054/772 1056/1056/774 1057/1057/775
f 1057/1057/775 1056/1056/774 1039/1039/763
f 1057/1057/775 1039/1039/763 1038/1038/762
f 1055/1055/773 1058/1058/776 1059/1059/777
f 1055/1055/773 1059/1059/777 1056/1056/774
f 1056/1056/774 1059/1059/777 998/998/109
f 1056/1056/774 998/998/109 1039/1039/763
f 1054/1054/772 1057/1057/775 1060/1060/778
f 1054/1054/772 1060/1060/778 1061/1061/779
f 1062/1062/779 1063/1063/778 1064/1064/780
f 1062/1062/779 1064/1064/780 1065/1065/781
f 1057/1057/775 1038/1038/762 1047/1047/769
f 1057/1057/775 1047/1047/769 1060/1060/778
f 1063/1063/778 1053/1053/769 1052/1052/771
f 1063/1063/778 1052/1052/771 1064/1064/780
f 1054/1054/772 1061/1061/779 1066/1066/782
f 1054/1054/772 1066/1066/782 1055/1055/773
f 1055/1055/773 1066/1066/782 1067/1067/783
f 1055/1055/773 1067/1067/783 1058/1058/776
f 1068/1068/779 1069/1069/781 1070/1070/784
f 1068/1068/779 1070/1070/784 1071/1071/782
f 1071/1071/782 1070/1070/784 1072/1072/785
f 1071/1071/782 1072/1072/785 1073/1073/783
f 1074/1074/786 1075/1075/787 1076/1076/788
f 1074/1074/786 1076/1076/788 1077/1077/789
f 1077/1077/789 1076/1076/788 1059/1059/777
f 1077/1077/789 1059/1059/777 1058/1058/776
f 1075/1075/787 1027/1027/753 1026/1026/752
f 1075/1075/787 1026/1026/752 1076/1076/788
f 1076/1076/788 1026/1026/752 998/998/109
f 1076/1076/788 998/998/109 1059/1059/777
f 1074/1074/786 1077/1077/789 1078/1078/790
f 1074/1074/786 1078/1078/790 1079/1079/791
f 1080/1080/791 1081/1081/790 1082/1082/792
f 1080/1080/791 1082/1082/792 1083/1083/793
f 1077/1077/789 1058/1058/776 1067/1067/783
f 1077/1077/789 1067/1067/783 1078/1078/790
f 1081/1081/790 1073/1073/783 1072/1072/785
f 1081/1081/790 1072/1072/785 1082/1082/792
f 1074/1074/786 1079/1079/791 1084/1084/794
f 1074/1074/786 1084/1084/794 1075/1075/787
f 1075/1075/787 1084/1084/794 1031/1031/756
f 1075/1075/787 1031/1031/756 1027/1027/753
f 1080/1080/791 1083/1083/793 1085/1085/795
f 1080/1080/791 1085/1085/795 1086/1086/794
f 1084/1084/794 1087/1087/795 1088/1088/757
f 1084/1084/794 1088/1088/757 1031/1031/756
f 1089/1089/796 1090/1090/797 1091/1091/798
f 1089/1089/796 1091/1091/798 1092/1092/799
f 1092/1092/799 1091/1091/798 1020/1020/749
f 1092/1092/799 1020/1020/749 1019/1019/748
f 1090/1090/797 1093/1093/800 1094/1094/801
f 1090/1090/797 1094/1094/801 1091/1091/798
f 1091/1091/798 1094/1094/801 1022/1022/739
f 1091/1091/798 1022/1022/739 1020/1020/749
f 1089/1089/796 1092/1092/799 1095/1095/802
f 1089/1089/796 1095/1095/802 1096/1096/803
f 1096/1096/803 1095/1095/802 1097/1097/804
f 1096/1096/803 1097/1097/804 1098/1098/805
f 1092/1092/799 1019/1019/748 1030/1030/755
f 1092/1092/799 1030/1030/755 1095/1095/802
f 1095/1095/802 1030/1030/755 1033/1033/757
f 1095/1095/802 1033/1033/757 1097/1097/804
f 1089/1089/796 1096/1096/803 1099/1099/806
f 1089/1089/796 1099/1099/806 1090/1090/797
f 1090/1090/797 1099/1099/806 1100/1100/807
f 1090/1090/797 1100/1100/807 1093/1093/800
f 1096/1096/803 1098/1098/805 1101/1101/808
f 1096/1096/803 1101/1101/808 1099/1099/806
f 1099/1099/806 1101/1101/808 1102/1102/809
f 1099/1099/806 1102/1102/809 1100/1100/807
f 1103/1103/810 1104/1104/811 1105/1105/812
f 1103/1103/810 1105/1105/812 1106/1106/813
f 1106/1106/813 1105/1105/812 1010/1010/742
f 1106/1106/813 1010/1010/742 1004/1004/737
f 1104/1104/811 1107/1107/35 1108/1108/814
f 1104/1104/811 1108/1108/814 1105/1105/812
f 1105/1105/812 1108/1108/814 1012/1012/743
f 1105/1105/812 1012/1012/743 1010/1010/742
f 1103/1103/810 1106/1106/813 1109/1109/815
f 1103/1103/810 1109/1109/815 1110/1110/816
f 1110/1110/816 1109/1109/815 1111/1111/817
f 1110/1110/816 1111/1111/817 1112/1112/818
f 1106/1106/813 1004/1004/737 1003/1003/736
f 1106/1106/813 1003/1003/736 1109/1109/815
f 1109/1109/815 1003/1003/736 1113/1113/739
f 1109/1109/815 1113/1113/739 1111/1111/817
f 1103/1103/810 1110/1110/816 1114/1114/819
f 1103/1103/810 1114/1114/819 1104/1104/811
f 1104/1104/811 1114/1114/819 1115/1115/820
f 1104/1104/811 1115/1115/820 1107/1107/35
f 1110/1110/816 1112/1112/818 1116/1116/821
f 1110/1110/816 1116/1116/821 1114/1114/819
f 1114/1114/819 1116/1116/821 1117/1117/822
f 1114/1114/819 1117/1117/822 1115/1115/820
f 1118/1118/823 1119/1119/824 1120/1120/825
f 1118/1118/823 1120/1120/825 1121/1121/826
f 1121/1121/826 1120/1120/825 1050/1050/770
f 1121/1121/826 1050/1050/770 1049/1049/767
f 1119/1119/824 1122/1122/827 1123/1123/828
f 1119/1119/824 1123/1123/828 1120/1120/825
f 1120/1120/825 1123/1123/828 1052/1052/771
f 1120/1120/825 1052/1052/771 1050/1050/770
f 1118/1118/823 1121/1121/826 1124/1124/829
f 1118/1118/823 1124/1124/829 1125/1125/830
f 1126/1126/830 1127/1127/829 1128/1128/831
f 1126/1126/830 1128/1128/831 1129/1129/832
f 1130/1130/826 1045/1045/767 1044/1044/766
f 1130/1130/826 1044/1044/766 1127/1127/829
f 1127/1127/829 1044/1044/766 1012/1012/743
f 1127/1127/829 1012/1012/743 1128/1128/831
f 1118/1118/823 1125/1125/830 1131/1131/833
f 1118/1118/823 1131/1131/833 1119/1119/824
f 1119/1119/824 1131/1131/833 1132/1132/834
f 1119/1119/824 1132/1132/834 1122/1122/827
f 1126/1126/830 1129/1129/832 1133/1133/835
f 1126/1126/830 1133/1133/835 1134/1134/833
f 1131/1131/833 1135/1135/835 1136/1136/836
f 1131/1131/833 1136/1136/836 1132/1132/834
f 1137/1137/837 1138/1138/838 1139/1139/839
f 1137/1137/837 1139/1139/839 1140/1140/840
f 1141/1141/840 1142/1142/839 1070/1070/784
f 1141/1141/840 1070/1070/784 1069/1069/781
f 1143/1143/838 1144/1144/841 1145/1145/842
f 1143/1143/838 1145/1145/842 1142/1142/839
f 1142/1142/839 1145/1145/842 1072/1072/785
f 1142/1142/839 1072/1072/785 1070/1070/784
f 1137/1137/837 1140/1140/840 1146/1146/843
f 1137/1137/837 1146/1146/843 1147/1147/844
f 1147/1147/844 1146/1146/843 1148/1148/845
f 1147/1147/844 1148/1148/845 1149/1149/846
f 1140/1140/840 1065/1065/781 1064/1064/780
f 1140/1140/840 1064/1064/780 1146/1146/843
f 1146/1146/843 1064/1064/780 1052/1052/771
f 1146/1146/843 1052/1052/771 1148/1148/845
f 1137/1137/837 1147/1147/844 1150/1150/847
f 1137/1137/837 1150/1150/847 1138/1138/838
f 1143/1143/838 1151/1151/847 1152/1152/848
f 1143/1143/838 1152/1152/848 1144/1144/841
f 1147/1147/844 1149/1149/846 1153/1153/849
f 1147/1147/844 1153/1153/849 1150/1150/847
f 1150/1150/847 1153/1153/849 1154/1154/850
f 1150/1150/847 1154/1154/850 1155/1155/848
f 1156/1156/851 1157/1157/852 1158/1158/853
f 1156/1156/851 1158/1158/853 1159/1159/854
f 1159/1159/854 1158/1158/853 1085/1085/795
f 1159/1159/854 1085/1085/795 1083/1083/793
f 1157/1157/852 1160/1160/855 1161/1161/856
f 1157/1157/852 1161/1161/856 1158/1158/853
f 1158/1158/853 1161/1161/856 1162/1162/757
f 1158/1158/853 1162/1162/757 1085/1085/795
f 1156/1156/851 1159/1159/854 1163/1163/857
f 1156/1156/851 1163/1163/857 1164/1164/858
f 1164/1164/858 1163/1163/857 1165/1165/859
f 1164/1164/858 1165/1165/859 1166/1166/34
f 1159/1159/854 1083/1083/793 1082/1082/792
f 1159/1159/854 1082/1082/792 1163/1163/857
f 1163/1163/857 1082/1082/792 1072/1072/785
f 1163/1163/857 1072/1072/785 1165/1165/859
f 1156/1156/851 1164/1164/858 1167/1167/860
f 1156/1156/851 1167/1167/860 1157/1157/852
f 1157/1157/852 1167/1167/860 1168/1168/861
f 1157/1157/852 1168/1168/861 1160/1160/855
f 1164/1164/858 1166/1166/34 1169/1169/862
f 1164/1164/858 1169/1169/862 1167/1167/860
f 1167/1167/860 1169/1169/862 1170/1170/863
f 1167/1167/860 1170/1170/863 1168/1168/861
f 1171/1171/864 1172/1172/865 1173/1173/866
f 1171/1171/864 1173/1173/866 1174/1174/867
f 1174/1174/867 1173/1173/866 1094/1094/801
f 1174/1174/867 1094/1094/801 1093/1093/800
f 1172/1172/865 1175/1175/818 1176/1176/817
f 1172/1172/865 1176/1176/817 1173/1173/866
f 1173/1173/866 1176/1176/817 1022/1022/739
f 1173/1173/866 1022/1022/739 1094/1094/801
f 1171/1171/864 1174/1174/867 1177/1177/868
f 1171/1171/864 1177/1177/868 1178/1178/869
f 1178/1178/869 1177/1177/868 1179/1179/870
f 1178/1178/869 1179/1179/870 1180/1180/871
f 1174/1174/867 1093/1093/800 1100/1100/807
f 1174/1174/867 1100/1100/807 1177/1177/868
f 1177/1177/868 1100/1100/807 1102/1102/809
f 1177/1177/868 1102/1102/809 1179/1179/870
f 1171/1171/864 1178/1178/869 1181/1181/872
f 1171/1171/864 1181/1181/872 1172/1172/865
f 1182/1182/865 1183/1183/872 1116/1116/821
f 1182/1182/865 1116/1116/821 1112/1112/818
f 1178/1178/869 1180/1180/871 1184/1184/873
f 1178/1178/869 1184/1184/873 1181/1181/872
f 1183/1183/872 1185/1185/873 1117/1117/822
f 1183/1183/872 1117/1117/822 1116/1116/821
f 1186/1186/874 1187/1187/875 1188/1188/876
f 1186/1186/874 1188/1188/876 1189/1189/877
f 1189/1189/877 1188/1188/876 1108/1108/814
f 1189/1189/877 1108/1108/814 1107/1107/35
f 1187/1187/875 1129/1129/832 1128/1128/831
f 1187/1187/875 1128/1128/831 1188/1188/876
f 1188/1188/876 1128/1128/831 1012/1012/743
f 1188/1188/876 1012/1012/743 1108/1108/814
f 1186/1186/874 1189/1189/877 1190/1190/878
f 1186/1186/874 1190/1190/878 1191/1191/879
f 1191/1191/879 1190/1190/878 1192/1192/880
f 1191/1191/879 1192/1192/880 1193/1193/881
f 1189/1189/877 1107/1107/35 1115/1115/820
f 1189/1189/877 1115/1115/820 1190/1190/878
f 1190/1190/878 1115/1115/820 1117/1117/822
f 1190/1190/878 1117/1117/822 1192/1192/880
f 1186/1186/874 1191/1191/879 1194/1194/882
f 1186/1186/874 1194/1194/882 1187/1187/875
f 1187/1187/875 1194/1194/882 1133/1133/835
f 1187/1187/875 1133/1133/835 1129/1129/832
f 1191/1191/879 1193/1193/881 1195/1195/883
f 1191/1191/879 1195/1195/883 1194/1194/882
f 1194/1194/882 1195/1195/883 1196/1196/836
f 1194/1194/882 1196/1196/836 1133/1133/835
f 1197/1197/884 1198/1198/885 1199/1199/886
f 1197/1197/884 1199/1199/886 1200/1200/887
f 1200/1200/887 1199/1199/886 1123/1123/828
f 1200/1200/887 1123/1123/828 1122/1122/827
f 1198/1198/885 1149/1149/846 1148/1148/845
f 1198/1198/885 1148/1148/845 1199/1199/886
f 1199/1199/886 1148/1148/845 1052/1052/771
f 1199/1199/886 1052/1052/771 1123/1123/828
f 1197/1197/884 1200/1200/887 1201/1201/888
f 1197/1197/884 1201/1201/888 1202/1202/889
f 1202/1202/889 1201/1201/888 1203/1203/890
f 1202/1202/889 1203/1203/890 1204/1204/891
f 1200/1200/887 1122/1122/827 1132/1132/834
f 1200/1200/887 1132/1132/834 1201/1201/888
f 1201/1201/888 1132/1132/834 1136/1136/836
f 1201/1201/888 1136/1136/836 1203/1203/890
f 1197/1197/884 1202/1202/889 1205/1205/892
f 1197/1197/884 1205/1205/892 1198/1198/885
f 1198/1198/885 1205/1205/892 1153/1153/849
f 1198/1198/885 1153/1153/849 1149/1149/846
f 1202/1202/889 1204/1204/891 1206/1206/893
f 1202/1202/889 1206/1206/893 1205/1205/892
f 1205/1205/892 1206/1206/893 1154/1154/850
f 1205/1205/892 1154/1154/850 1153/1153/849
f 1207/1207/894 1208/1208/895 1209/1209/896
f 1207/1207/894 1209/1209/896 1210/1210/897
f 1210/1210/897 1209/1209/896 1145/1145/842
f 1210/1210/897 1145/1145/842 1144/1144/841
f 1208/1208/895 1166/1166/34 1165/1165/859
f 1208/1208/895 1165/1165/859 1209/1209/896
f 1209/1209/896 1165/1165/859 1072/1072/785
f 1209/1209/896 1072/1072/785 1145/1145/842
f 1207/1207/894 1210/1210/897 1211/1211/898
f 1207/1207/894 1211/1211/898 1212/1212/899
f 1212/1212/899 1211/1211/898 1213/1213/900
f 1212/1212/899 1213/1213/900 1214/1214/901
f 1210/1210/897 1144/1144/841 1152/1152/848
f 1210/1210/897 1152/1152/848 1211/1211/898
f 1211/1211/898 1152/1152/848 1215/1215/850
f 1211/1211/898 1215/1215/850 1213/1213/900
f 1207/1207/894 1212/1212/899 1216/1216/902
f 1207/1207/894 1216/1216/902 1208/1208/895
f 1208/1208/895 1216/1216/902 1169/1169/862
f 1208/1208/895 1169/1169/862 1166/1166/34
f 1212/1212/899 1214/1214/901 1217/1217/903
f 1212/1212/899 1217/1217/903 1216/1216/902
f 1216/1216/902 1217/1217/903 1170/1170/863
f 1216/1216/902 1170/1170/863 1169/1169/862
f 1218/1218/904 1219/1219/905 1220/1220/906
f 1218/1218/904 1220/1220/906 1221/1221/907
f 1222/1222/907 1223/1223/906 1161/1161/856
f 1222/1222/907 1161/1161/856 1160/1160/855
f 1219/1219/905 1098/1098/805 1097/1097/804
f 1219/1219/905 1097/1097/804 1220/1220/906
f 1220/1220/906 1097/1097/804 1033/1033/757
f 1220/1220/906 1033/1033/757 1224/1224/856
f 1218/1218/904 1221/1221/907 1225/1225/908
f 1218/1218/904 1225/1225/908 1226/1226/909
f 1226/1226/909 1225/1225/908 1227/1227/910
f 1226/1226/909 1227/1227/910 1228/1228/911
f 1222/1222/907 1160/1160/855 1168/1168/861
f 1222/1222/907 1168/1168/861 1229/1229/908
f 1229/1229/908 1168/1168/861 1170/1170/863
f 1229/1229/908 1170/1170/863 1230/1230/910
f 1218/1218/904 1226/1226/909 1231/1231/912
f 1218/1218/904 1231/1231/912 1219/1219/905
f 1219/1219/905 1231/1231/912 1101/1101/808
f 1219/1219/905 1101/1101/808 1098/1098/805
f 1226/1226/909 1228/1228/911 1232/1232/913
f 1226/1226/909 1232/1232/913 1231/1231/912
f 1231/1231/912 1232/1232/913 1102/1102/809
f 1231/1231/912 1102/1102/809 1101/1101/808
f 1233/1233/914 1234/1234/915 1235/1235/916
f 1233/1233/914 1235/1235/916 1236/1236/917
f 1236/1236/917 1235/1235/916 1237/1237/873
f 1236/1236/917 1237/1237/873 1238/1238/871
f 1234/1234/915 1239/1239/918 1240/1240/919
f 1234/1234/915 1240/1240/919 1235/1235/916
f 1241/1241/916 1242/1242/919 1117/1117/822
f 1241/1241/916 1117/1117/822 1185/1185/873
f 1233/1233/914 1236/1236/917 1243/1243/920
f 1233/1233/914 1243/1243/920 1244/1244/921
f 1244/1244/921 1243/1243/920 1245/1245/922
f 1244/1244/921 1245/1245/922 1246/1246/923
f 1247/1247/917 1180/1180/871 1179/1179/870
f 1247/1247/917 1179/1179/870 1248/1248/920
f 1248/1248/920 1179/1179/870 1102/1102/809
f 1248/1248/920 1102/1102/809 1249/1249/922
f 1233/1233/914 1244/1244/921 1250/1250/924
f 1233/1233/914 1250/1250/924 1234/1234/915
f 1234/1234/915 1250/1250/924 1251/1251/925
f 1234/1234/915 1251/1251/925 1239/1239/918
f 1244/1244/921 1246/1246/923 1252/1252/926
f 1244/1244/921 1252/1252/926 1250/1250/924
f 1250/1250/924 1252/1252/926 1253/1253/401
f 1250/1250/924 1253/1253/401 1251/1251/925
f 1254/1254/927 1255/1255/928 1256/1256/929
f 1254/1254/927 1256/1256/929 1257/1257/930
f 1258/1258/930 1259/1259/929 1195/1195/883
f 1258/1258/930 1195/1195/883 1193/1193/881
f 1255/1255/928 1260/1260/931 1261/1261/932
f 1255/1255/928 1261/1261/932 1256/1256/929
f 1256/1256/929 1261/1261/932 1262/1262/836
f 1256/1256/929 1262/1262/836 1263/1263/883
f 1254/1254/927 1257/1257/930 1264/1264/933
f 1254/1254/927 1264/1264/933 1265/1265/934
f 1265/1265/934 1264/1264/933 1240/1240/919
f 1265/1265/934 1240/1240/919 1239/1239/918
f 1258/1258/930 1193/1193/881 1192/1192/880
f 1258/1258/930 1192/1192/880 1266/1266/933
f 1266/1266/933 1192/1192/880 1117/1117/822
f 1266/1266/933 1117/1117/822 1242/1242/919
f 1254/1254/927 1265/1265/934 1267/1267/935
f 1254/1254/927 1267/1267/935 1255/1255/928
f 1255/1255/928 1267/1267/935 1268/1268/936
f 1255/1255/928 1268/1268/936 1260/1260/931
f 1265/1265/934 1239/1239/918 1251/1251/925
f 1265/1265/934 1251/1251/925 1267/1267/935
f 1267/1267/935 1251/1251/925 1253/1253/401
f 1267/1267/935 1253/1253/401 1268/1268/936
f 1269/1269/937 1270/1270/938 1271/1271/939
f 1269/1269/937 1271/1271/939 1272/1272/940
f 1273/1273/940 1274/1274/939 1206/1206/893
f 1273/1273/940 1206/1206/893 1204/1204/891
f 1270/1270/938 1275/1275/941 1276/1276/942
f 1270/1270/938 1276/1276/942 1271/1271/939
f 1274/1274/939 1277/1277/942 1154/1154/850
f 1274/1274/939 1154/1154/850 1206/1206/893
f 1269/1269/937 1272/1272/940 1278/1278/943
f 1269/1269/937 1278/1278/943 1279/1279/944
f 1279/1279/944 1278/1278/943 1261/1261/932
f 1279/1279/944 1261/1261/932 1260/1260/931
f 1273/1273/940 1204/1204/891 1203/1203/890
f 1273/1273/940 1203/1203/890 1280/1280/943
f 1280/1280/943 1203/1203/890 1136/1136/836
f 1280/1280/943 1136/1136/836 1281/1281/932
f 1269/1269/937 1279/1279/944 1282/1282/945
f 1269/1269/937 1282/1282/945 1270/1270/938
f 1270/1270/938 1282/1282/945 1283/1283/946
f 1270/1270/938 1283/1283/946 1275/1275/941
f 1279/1279/944 1260/1260/931 1268/1268/936
f 1279/1279/944 1268/1268/936 1282/1282/945
f 1282/1282/945 1268/1268/936 1253/1253/401
f 1282/1282/945 1253/1253/401 1283/1283/946
f 1284/1284/947 1285/1285/948 1286/1286/949
f 1284/1284/947 1286/1286/949 1287/1287/950
f 1288/1288/950 1289/1289/949 1217/1217/903
f 1288/1288/950 1217/1217/903 1214/1214/901
f 1285/1285/948 1290/1290/951 1291/1291/952
f 1285/1285/948 1291/1291/952 1286/1286/949
f 1289/1289/949 1292/1292/952 1170/1170/863
f 1289/1289/949 1170/1170/863 1217/1217/903
f 1284/1284/947 1287/1287/950 1293/1293/953
f 1284/1284/947 1293/1293/953 1294/1294/954
f 1294/1294/954 1293/1293/953 1276/1276/942
f 1294/1294/954 1276/1276/942 1275/1275/941
f 1288/1288/950 1214/1214/901 1213/1213/900
f 1288/1288/950 1213/1213/900 1295/1295/953
f 1293/1293/953 1296/1296/900 1297/1297/850
f 1293/1293/953 1297/1297/850 1276/1276/942
f 1284/1284/947 1294/1294/954 1298/1298/955
f 1284/1284/947 1298/1298/955 1285/1285/948
f 1285/1285/948 1298/1298/955 1299/1299/956
f 1285/1285/948 1299/1299/956 1290/1290/951
f 1294/1294/954 1275/1275/941 1283/1283/946
f 1294/1294/954 1283/1283/946 1298/1298/955
f 1298/1298/955 1283/1283/946 1253/1253/401
f 1298/1298/955 1253/1253/401 1299/1299/956
f 1300/1300/957 1301/1301/958 1302/1302/959
f 1300/1300/957 1302/1302/959 1303/1303/960
f 1304/1304/960 1305/1305/959 1232/1232/913
f 1304/1304/960 1232/1232/913 1228/1228/911
f 1301/1301/958 1246/1246/923 1245/1245/922
f 1301/1301/958 1245/1245/922 1302/1302/959
f 1305/1305/959 1249/1249/922 1102/1102/809
f 1305/1305/959 1102/1102/809 1232/1232/913
f 1300/1300/957 1303/1303/960 1306/1306/961
f 1300/1300/957 1306/1306/961 1307/1307/962
f 1307/1307/962 1306/1306/961 1291/1291/952
f 1307/1307/962 1291/1291/952 1290/1290/951
f 1303/1303/960 1308/1308/911 1309/1309/910
f 1303/1303/960 1309/1309/910 1306/1306/961
f 1310/1310/961 1230/1230/910 1170/1170/863
f 1310/1310/961 1170/1170/863 1292/1292/952
f 1300/1300/957 1307/1307/962 1311/1311/963
f 1300/1300/957 1311/1311/963 1301/1301/958
f 1301/1301/958 1311/1311/963 1252/1252/926
f 1301/1301/958 1252/1252/926 1246/1246/923
f 1307/1307/962 1290/1290/951 1299/1299/956
f 1307/1307/962 1299/1299/956 1311/1311/963
f 1311/1311/963 1299/1299/956 1253/1253/401
f 1311/1311/963 1253/1253/401 1252/1252/926
f 132/132/76 133/133/77 80/80/50
f 132/132/76 80/80/50 79/79/49
f 56/56/31 59/59/31 61/61/31
f 56/56/31 61/61/31 55/55/31
f 111/111/63 109/109/62 115/115/62
f 111/111/63 115/115/62 116/116/66
f 121/121/29 118/118/68 124/124/29
f 121/121/29 124/124/29 120/120/29
f 125/125/29 51/51/29 31/31/29
f 125/125/29 31/31/29 72/72/29
f 83/83/53 82/82/52 128/128/73
f 83/83/53 128/128/73 126/126/71
f 1312/1312/109 1313/1313/109 1314/1314/109
f 1312/1312/109 1314/1314/109 1315/1315/109
f 94/94/31 98/98/31 101/101/31
f 94/94/31 101/101/31 95/95/56
f 141/141/84 17/17/17 16/16/16
f 141/141/84 16/16/16 139/139/82
f 1316/1316/964 1317/1317/964 1318/1318/965
f 1316/1316/964 1318/1318/965 1319/1319/966
f 1320/1320/967 1321/1321/967 1322/1322/968
f 1320/1320/967 1322/1322/968 1323/1323/969
f 1324/1324/970 1325/1325/970 1326/1326/971
f 1324/1324/970 1326/1326/971 1327/1327/972
f 1328/1328/973 1329/1329/973 1330/1330/974
f 1328/1328/973 1330/1330/974 1331/1331/975
f 1332/1332/976 1333/1333/976 1334/1334/977
f 1332/1332/976 1334/1334/977 1335/1335/978
f 1336/1336/979 1316/1316/979 1319/1319/980
f 1336/1336/979 1319/1319/980 1337/1337/981
f 1325/1325/982 1338/1338/982 1339/1339/983
f 1325/1325/982 1339/1339/983 1326/1326/984
f 1329/1329/985 1332/1332/985 1335/1335/986
f 1329/1329/985 1335/1335/986 1330/1330/987
f 1335/1335/978 1334/1334/977 178/178/988
f 1335/1335/978 178/178/988 180/180/988
f 1319/1319/966 1318/1318/965 165/165/989
f 1319/1319/966 165/165/989 167/167/989
f 1323/1323/969 1322/1322/968 149/149/990
f 1323/1323/969 149/149/990 148/148/990
f 1331/1331/975 1330/1330/974 186/186/991
f 1331/1331/975 186/186/991 192/192/991
f 1327/1327/972 1326/1326/971 154/154/992
f 1327/1327/972 154/154/992 160/160/992
f 1337/1337/981 1319/1319/980 167/167/993
f 1337/1337/981 167/167/993 173/173/993
f 1326/1326/984 1339/1339/983 152/152/994
f 1326/1326/984 152/152/994 154/154/994
f 1330/1330/987 1335/1335/986 180/180/995
f 1330/1330/987 180/180/995 186/186/995
f 199/199/996 196/196/997 195/195/109
f 199/199/996 195/195/109 197/197/109
f 201/201/998 203/203/998 205/205/999
f 201/201/998 205/205/999 202/202/1000
f 202/202/1000 205/205/999 196/196/997
f 202/202/1000 196/196/997 199/199/996
f 198/198/1001 200/200/1001 202/202/1000
f 198/198/1001 202/202/1000 199/199/996
f 204/204/1002 194/194/1002 196/196/997
f 204/204/1002 196/196/997 205/205/999
f 1340/1340/29 1341/1341/29 1342/1342/29
f 1340/1340/29 1342/1342/29 1343/1343/29
f 1344/1344/401 1345/1345/401 1346/1346/401
f 1344/1344/401 1346/1346/401 1347/1347/401
f 1348/1348/401 1349/1349/401 1350/1350/401
f 1348/1348/401 1350/1350/401 1351/1351/401
f 1352/1352/35 1353/1353/35 1354/1354/35
f 1352/1352/35 1354/1354/35 1355/1355/35
f 1356/1356/35 1357/1357/35 1358/1358/35
f 1356/1356/35 1358/1358/35 1359/1359/35
f 1360/1360/35 1361/1361/35 1362/1362/35
f 1360/1360/35 1362/1362/35 1363/1363/35
f 1364/1364/35 1365/1365/35 1366/1366/35
f 1364/1364/35 1366/1366/35 1367/1367/35
f 1368/1368/109 1369/1369/109 1370/1370/109
f 1368/1368/109 1370/1370/109 1371/1371/109
f 1372/1372/29 1373/1373/29 1374/1374/29
f 1372/1372/29 1374/1374/29 1375/1375/29
f 1376/1376/401 1377/1377/401 1378/1378/401
f 1376/1376/401 1378/1378/401 1379/1379/401
f 1380/1380/109 1381/1381/109 1382/1382/109
f 1380/1380/109 1382/1382/109 1383/1383/109
f 1384/1384/1003 1385/1385/1003 1386/1386/1003
f 1384/1384/1003 1386/1386/1003 1387/1387/1003
f 1388/1388/31 1389/1389/31 1390/1390/31
f 1388/1388/31 1390/1390/31 1391/1391/31
f 1392/1392/1004 1393/1393/1004 1394/1394/1004
f 1392/1392/1004 1394/1394/1004 1395/1395/1004
f 1396/1396/401 1397/1397/401 1398/1398/401
f 1396/1396/401 1398/1398/401 1399/1399/401
f 1400/1400/1005 1401/1401/1005 1402/1402/1005
f 1400/1400/1005 1402/1402/1005 1403/1403/1005
f 1404/1404/109 1405/1405/109 1406/1406/109
f 1404/1404/109 1406/1406/109 1407/1407/109
f 1408/1408/1006 1409/1409/1006 1410/1410/1006
f 1408/1408/1006 1410/1410/1006 1411/1411/1006
f 1412/1412/31 1413/1413/31 1414/1414/31
f 1412/1412/31 1414/1414/31 1415/1415/31
f 1416/1416/34 1417/1417/34 1418/1418/34
f 1416/1416/34 1418/1418/34 1419/1419/34
f 1420/1420/35 1421/1421/35 1422/1422/35
f 1420/1420/35 1422/1422/35 1423/1423/35
f 1424/1424/35 1425/1425/35 1426/1426/35
f 1424/1424/35 1426/1426/35 1427/1427/35
f 1428/1428/1007 1429/1429/1007 1430/1430/1007
f 1428/1428/1007 1430/1430/1007 1431/1431/1007
f 1432/1432/31 1433/1433/31 1434/1434/31
f 1432/1432/31 1434/1434/31 1435/1435/31
f 1436/1436/31 1437/1437/31 1438/1438/31
f 1436/1436/31 1438/1438/31 1439/1439/31
f 1440/1440/31 1441/1441/31 1442/1442/31
f 1440/1440/31 1442/1442/31 1443/1443/31
f 1444/1444/31 1445/1445/31 1446/1446/31
f 1444/1444/31 1446/1446/31 1447/1447/31
f 1448/1448/401 1449/1449/401 1450/1450/401
f 1448/1448/401 1450/1450/401 1451/1451/401
f 1452/1452/34 1453/1453/34 1454/1454/34
f 1452/1452/34 1454/1454/34 1455/1455/34
f 1456/1456/109 1457/1457/109 1458/1458/109
f 1456/1456/109 1458/1458/109 1459/1459/109
f 1460/1460/401 1461/1461/401 1462/1462/401
f 1460/1460/401 1462/1462/401 1463/1463/401
f 1464/1464/1007 1465/1465/1007 1466/1466/1007
f 1464/1464/1007 1466/1466/1007 1467/1467/1007
f 1468/1468/109 1469/1469/109 1470/1470/109
f 1468/1468/109 1470/1470/109 1471/1471/109
f 1472/1472/35 1473/1473/35 1474/1474/35
f 1472/1472/35 1474/1474/35 1475/1475/35
f 1476/1476/401 1477/1477/401 1478/1478/401
f 1476/1476/401 1478/1478/401 1479/1479/401
f 1480/1480/1008 1481/1481/1008 1482/1482/1008
f 1480/1480/1008 1482/1482/1008 1483/1483/1008
f 1484/1484/401 1485/1485/401 1486/1486/401
f 1484/1484/401 1486/1486/401 1487/1487/401
f 1488/1488/109 1489/1489/109 1490/1490/109
f 1488/1488/109 1490/1490/109 1491/1491/109
f 1492/1492/109 1493/1493/109 1494/1494/109
f 1492/1492/109 1494/1494/109 1495/1495/109
f 1496/1496/1009 1497/1497/1009 1498/1498/1009
f 1496/1496/1009 1498/1498/1009 1499/1499/1009
f 1500/1500/109 1501/1501/109 1502/1502/109
f 1500/1500/109 1502/1502/109 1503/1503/109
f 1504/1504/401 1505/1505/401 1506/1506/401
f 1504/1504/401 1506/1506/401 1507/1507/401
f 1508/1508/1010 1509/1509/1010 1510/1510/1010
f 1508/1508/1010 1510/1510/1010 1511/1511/1010
f 1512/1512/34 1513/1513/34 1514/1514/34
f 1512/1512/34 1514/1514/34 1515/1515/34
f 1516/1516/1011 1517/1517/1011 1518/1518/1011
f 1516/1516/1011 1518/1518/1011 1519/1519/1011
f 1520/1520/34 1521/1521/34 1522/1522/34
f 1520/1520/34 1522/1522/34 1523/1523/34
f 1524/1524/34 1525/1525/34 1526/1526/34
f 1524/1524/34 1526/1526/34 1527/1527/34
f 1528/1528/401 1529/1529/401 1530/1530/401
f 1528/1528/401 1530/1530/401 1531/1531/401
f 1532/1532/31 1533/1533/31 1534/1534/31
f 1532/1532/31 1534/1534/31 1535/1535/31
f 1536/1536/29 1537/1537/29 1538/1538/29
f 1536/1536/29 1538/1538/29 1539/1539/29
f 1540/1540/109 1541/1541/109 1542/1542/109
f 1540/1540/109 1542/1542/109 1543/1543/109
f 1544/1544/29 1545/1545/29 1546/1546/29
f 1544/1544/29 1546/1546/29 1547/1547/29
f 1548/1548/401 1549/1549/401 1550/1550/401
f 1548/1548/401 1550/1550/401 1551/1551/401
f 1552/1552/401 1553/1553/401 1554/1554/401
f 1552/1552/401 1554/1554/401 1555/1555/401
f 1556/1556/1012 1557/1557/1012 1558/1558/1012
f 1556/1556/1012 1558/1558/1012 1559/1559/1012
f 1560/1560/31 1561/1561/31 1562/1562/31
f 1560/1560/31 1562/1562/31 1563/1563/31
f 1564/1564/109 1565/1565/109 1566/1566/109
f 1564/1564/109 1566/1566/109 1567/1567/109
f 1568/1568/109 1569/1569/109 1570/1570/109
f 1568/1568/109 1570/1570/109 1571/1571/109
f 1572/1572/1013 1573/1573/1013 1574/1574/1013
f 1572/1572/1013 1574/1574/1013 1575/1575/1013
f 1576/1576/35 1577/1577/35 1578/1578/35
f 1576/1576/35 1578/1578/35 1579/1579/35
f 1580/1580/34 1581/1581/34 1582/1582/34
f 1580/1580/34 1582/1582/34 1583/1583/34
f 1584/1584/109 1585/1585/109 1586/1586/109
f 1584/1584/109 1586/1586/109 1587/1587/109
f 1588/1588/1014 1589/1589/1014 1590/1590/1014
f 1588/1588/1014 1590/1590/1014 1591/1591/1014
f 1592/1592/29 1593/1593/29 1594/1594/29
f 1592/1592/29 1594/1594/29 1595/1595/29
f 1596/1596/29 1597/1597/29 1598/1598/29
f 1596/1596/29 1598/1598/29 1599/1599/29
f 1600/1600/29 1601/1601/29 1602/1602/29
f 1600/1600/29 1602/1602/29 1603/1603/29
f 1604/1604/29 1605/1605/29 1606/1606/29
f 1604/1604/29 1606/1606/29 1607/1607/29
f 1608/1608/1015 1609/1609/1015 1610/1610/1015
f 1608/1608/1015 1610/1610/1015 1611/1611/1015
f 1612/1612/401 1613/1613/401 1614/1614/401
f 1612/1612/401 1614/1614/401 1615/1615/401
f 1616/1616/34 1617/1617/34 1618/1618/34
f 1616/1616/34 1618/1618/34 1619/1619/34
f 1620/1620/109 1621/1621/109 1622/1622/109
f 1620/1620/109 1622/1622/109 1623/1623/109
f 1624/1624/109 1625/1625/109 1626/1626/109
f 1624/1624/109 1626/1626/109 1627/1627/109
f 1628/1628/34 1629/1629/34 1630/1630/34
f 1628/1628/34 1630/1630/34 1631/1631/34
f 1632/1632/401 1633/1633/401 1634/1634/401
f 1632/1632/401 1634/1634/401 1635/1635/401
f 1636/1636/401 1637/1637/401 1638/1638/401
f 1636/1636/401 1638/1638/401 1639/1639/401
f 1640/1640/401 1641/1641/401 1642/1642/401
f 1640/1640/401 1642/1642/401 1643/1643/401
f 1644/1644/109 1645/1645/109 1646/1646/109
f 1644/1644/109 1646/1646/109 1647/1647/109
f 1648/1648/1015 1649/1649/1015 1650/1650/1015
f 1648/1648/1015 1650/1650/1015 1651/1651/1015
f 1652/1652/35 1653/1653/35 1654/1654/35
f 1652/1652/35 1654/1654/35 1655/1655/35
f 114/114/65 108/108/61 117/117/67
f 114/114/65 117/117/67 48/48/38
f 1656/1656/1016 1657/1657/1017 1658/1658/1018
f 1656/1656/1016 1658/1658/1018 1659/1659/1019
f 1660/1660/1020 1661/1661/1021 1662/1662/1022
f 1660/1660/1020 1662/1662/1022 1663/1663/1023
f 1664/1664/1024 1656/1656/1016 1659/1659/1019
f 1664/1664/1024 1659/1659/1019 1665/1665/1025
f 1666/1666/1026 1667/1667/1024 1668/1668/1025
f 1666/1666/1026 1668/1668/1025 1669/1669/1027
f 1670/1670/1028 1660/1660/1020 1663/1663/1023
f 1670/1670/1028 1663/1663/1023 1671/1671/1029
f 1672/1672/1030 1673/1673/1031 1674/1674/1032
f 1672/1672/1030 1674/1674/1032 1675/1675/1033
f 1676/1676/1034 1677/1677/1028 1678/1678/1029
f 1676/1676/1034 1678/1678/1029 1679/1679/1035
f 1680/1680/1036 1681/1681/1030 1682/1682/1033
f 1680/1680/1036 1682/1682/1033 1683/1683/1037
f 1684/1684/1038 1685/1685/1039 1686/1686/1040
f 1684/1684/1038 1686/1686/1040 1687/1687/1041
f 1688/1688/1042 1689/1689/1038 1690/1690/1041
f 1688/1688/1042 1690/1690/1041 1691/1691/1043
f 1692/1692/1044 1666/1666/1026 1669/1669/1027
f 1692/1692/1044 1669/1669/1027 1693/1693/1045
f 1694/1694/1046 1676/1676/1034 1679/1679/1035
f 1694/1694/1046 1679/1679/1035 1695/1695/1047
f 1673/1673/1031 1692/1692/1044 1693/1693/1045
f 1673/1673/1031 1693/1693/1045 1674/1674/1032
f 1685/1685/1039 1694/1694/1046 1695/1695/1047
f 1685/1685/1039 1695/1695/1047 1686/1686/1040
f 1657/1657/1017 1688/1688/1042 1691/1691/1043
f 1657/1657/1017 1691/1691/1043 1658/1658/1018
f 1661/1661/1021 1680/1680/1036 1683/1683/1037
f 1661/1661/1021 1683/1683/1037 1662/1662/1022
f 1696/1696/1048 1697/1697/1049 1698/1698/1050
f 1696/1696/1048 1698/1698/1050 1699/1699/1051
f 1700/1700/1052 1701/1701/1053 1702/1702/1054
f 1700/1700/1052 1702/1702/1054 1703/1703/1055
f 1701/1701/1053 1704/1704/1056 1705/1705/1057
f 1701/1701/1053 1705/1705/1057 1702/1702/1054
f 1706/1706/1058 1707/1707/1059 1708/1708/1060
f 1706/1706/1058 1708/1708/1060 1709/1709/1061
f 1697/1697/1049 1710/1710/1062 1711/1711/1063
f 1697/1697/1049 1711/1711/1063 1698/1698/1050
f 1710/1710/1062 1712/1712/1064 1713/1713/1065
f 1710/1710/1062 1713/1713/1065 1711/1711/1063
f 1704/1704/1056 1696/1696/1048 1699/1699/1051
f 1704/1704/1056 1699/1699/1051 1705/1705/1057
f 1714/1714/1066 1715/1715/1067 1716/1716/1068
f 1714/1714/1066 1716/1716/1068 1717/1717/1069
f 1718/1718/1070 1719/1719/1071 1720/1720/1072
f 1718/1718/1070 1720/1720/1072 1721/1721/1073
f 1712/1712/1064 1706/1706/1058 1709/1709/1061
f 1712/1712/1064 1709/1709/1061 1713/1713/1065
f 1722/1722/1074 1723/1723/1075 1724/1724/1076
f 1722/1722/1074 1724/1724/1076 1725/1725/1077
f 1726/1726/1078 1718/1718/1070 1721/1721/1073
f 1726/1726/1078 1721/1721/1073 1727/1727/1079
f 1723/1723/1075 1726/1726/1078 1727/1727/1079
f 1723/1723/1075 1727/1727/1079 1724/1724/1076
f 1707/1707/1059 1714/1714/1066 1717/1717/1069
f 1707/1707/1059 1717/1717/1069 1708/1708/1060
f 1715/1715/1067 1722/1722/1074 1725/1725/1077
f 1715/1715/1067 1725/1725/1077 1716/1716/1068
f 1719/1719/1071 1700/1700/1052 1703/1703/1055
f 1719/1719/1071 1703/1703/1055 1720/1720/1072
f 1728/1728/1080 1729/1729/1081 217/217/122
f 1728/1728/1080 217/217/122 216/216/121
f 1730/1730/1082 1731/1731/1083 213/213/118
f 1730/1730/1082 213/213/118 218/218/123
f 1732/1732/1084 1730/1730/1082 218/218/123
f 1732/1732/1084 218/218/123 219/219/124
f 1733/1733/1085 1728/1728/1080 216/216/121
f 1733/1733/1085 216/216/121 212/212/117
f 1729/1729/1081 1732/1732/1084 219/219/124
f 1729/1729/1081 219/219/124 217/217/122
f 1734/1734/1086 1735/1735/1087 221/221/126
f 1734/1734/1086 221/221/126 220/220/125
f 1736/1736/1088 1737/1737/1089 209/209/114
f 1736/1736/1088 209/209/114 222/222/127
f 1738/1738/1090 1734/1734/1086 220/220/125
f 1738/1738/1090 220/220/125 214/214/119
f 1735/1735/1087 1736/1736/1088 222/222/127
f 1735/1735/1087 222/222/127 221/221/126
f 1739/1739/1091 1740/1740/1092 215/215/120
f 1739/1739/1091 215/215/120 207/207/113
f 1741/1741/1093 1742/1742/1094 206/206/112
f 1741/1741/1093 206/206/112 210/210/115
f 1742/1742/1094 1739/1739/1091 207/207/113
f 1742/1742/1094 207/207/113 206/206/112
f 1737/1737/1089 1741/1741/1093 210/210/115
f 1737/1737/1089 210/210/115 209/209/114
f 1743/1743/1095 1733/1733/1085 212/212/117
f 1743/1743/1095 212/212/117 211/211/116
f 1731/1731/1083 1738/1738/1090 214/214/119
f 1731/1731/1083 214/214/119 213/213/118
f 1740/1740/1092 1743/1743/1095 211/211/116
f 1740/1740/1092 211/211/116 215/215/120
f 1744/1744/1096 1745/1745/1097 1746/1746/1098
f 1744/1744/1096 1746/1746/1098 1747/1747/1099
f 1748/1748/1100 1749/1749/1101 1750/1750/1102
f 1748/1748/1100 1750/1750/1102 1751/1751/1103
f 1752/1752/1104 1753/1753/1105 1754/1754/1106
f 1752/1752/1104 1754/1754/1106 1755/1755/1107
f 1756/1756/1108 1757/1757/1109 1758/1758/1110
f 1756/1756/1108 1758/1758/1110 1759/1759/1111
f 1760/1760/1112 1761/1761/1113 1762/1762/1114
f 1760/1760/1112 1762/1762/1114 1763/1763/1115
f 1764/1764/1097 1765/1765/1116 1766/1766/1117
f 1764/1764/1097 1766/1766/1117 1767/1767/1098
f 1765/1765/1116 1752/1752/1104 1755/1755/1107
f 1765/1765/1116 1755/1755/1107 1766/1766/1117
f 1768/1768/1118 1744/1744/1096 1747/1747/1099
f 1768/1768/1118 1747/1747/1099 1769/1769/1119
f 1770/1770/1120 1756/1756/1108 1759/1759/1111
f 1770/1770/1120 1759/1759/1111 1771/1771/1121
f 1772/1772/1122 1773/1773/1123 1774/1774/1124
f 1772/1772/1122 1774/1774/1124 1775/1775/1125
f 1776/1776/1126 1777/1777/1127 1778/1778/1128
f 1776/1776/1126 1778/1778/1128 1779/1779/1129
f 1757/1757/1109 1780/1780/1130 1781/1781/1131
f 1757/1757/1109 1781/1781/1131 1758/1758/1110
f 1782/1782/1132 1748/1748/1100 1751/1751/1103
f 1782/1782/1132 1751/1751/1103 1783/1783/1133
f 1784/1784/1134 1785/1785/1135 1786/1786/1136
f 1784/1784/1134 1786/1786/1136 1787/1787/1137
f 1773/1773/1123 1788/1788/1120 1789/1789/1121
f 1773/1773/1123 1789/1789/1121 1774/1774/1124
f 1761/1761/1113 1790/1790/1138 1791/1791/1139
f 1761/1761/1113 1791/1791/1139 1762/1762/1114
f 1777/1777/1127 1792/1792/1140 1793/1793/1141
f 1777/1777/1127 1793/1793/1141 1778/1778/1128
f 1785/1785/1135 1794/1794/1142 1795/1795/1143
f 1785/1785/1135 1795/1795/1143 1786/1786/1136
f 1753/1753/1105 1796/1796/1144 1797/1797/1145
f 1753/1753/1105 1797/1797/1145 1754/1754/1106
f 1780/1780/1130 1798/1798/1146 1799/1799/1147
f 1780/1780/1130 1799/1799/1147 1781/1781/1131
f 1800/1800/1140 1782/1782/1132 1783/1783/1133
f 1800/1800/1140 1783/1783/1133 1801/1801/1141
f 1802/1802/1142 1760/1760/1112 1763/1763/1115
f 1802/1802/1142 1763/1763/1115 1803/1803/1143
f 1804/1804/1144 1805/1805/1148 1806/1806/1149
f 1804/1804/1144 1806/1806/1149 1807/1807/1145
f 1808/1808/1146 1809/1809/1150 1810/1810/1151
f 1808/1808/1146 1810/1810/1151 1811/1811/1147
f 1749/1749/1101 1812/1812/1152 1813/1813/1153
f 1749/1749/1101 1813/1813/1153 1750/1750/1102
f 1790/1790/1138 1814/1814/1154 1815/1815/1155
f 1790/1790/1138 1815/1815/1155 1791/1791/1139
f 1816/1816/1152 1817/1817/1156 1818/1818/1157
f 1816/1816/1152 1818/1818/1157 1819/1819/1153
f 1820/1820/1154 1821/1821/1158 1822/1822/1159
f 1820/1820/1154 1822/1822/1159 1823/1823/1155
f 1805/1805/1148 1776/1776/1126 1779/1779/1129
f 1805/1805/1148 1779/1779/1129 1806/1806/1149
f 1809/1809/1150 1784/1784/1134 1787/1787/1137
f 1809/1809/1150 1787/1787/1137 1810/1810/1151
f 1817/1817/1156 1768/1768/1118 1769/1769/1119
f 1817/1817/1156 1769/1769/1119 1818/1818/1157
f 1821/1821/1158 1772/1772/1122 1775/1775/1125
f 1821/1821/1158 1775/1775/1125 1822/1822/1159
f 1824/1824/1160 1825/1825/1161 1826/1826/1162
f 1824/1824/1160 1826/1826/1162 1827/1827/1163
f 1828/1828/1164 1829/1829/1165 1830/1830/1166
f 1828/1828/1164 1830/1830/1166 1831/1831/1167
f 1832/1832/1161 1833/1833/1168 1834/1834/1169
f 1832/1832/1161 1834/1834/1169 1835/1835/1162
f 1836/1836/1170 1837/1837/1171 1838/1838/1172
f 1836/1836/1170 1838/1838/1172 1839/1839/1173
f 1840/1840/1174 1841/1841/1175 1842/1842/1176
f 1840/1840/1174 1842/1842/1176 1843/1843/1177
f 1844/1844/1171 1840/1840/1174 1843/1843/1177
f 1844/1844/1171 1843/1843/1177 1845/1845/1172
f 1841/1841/1175 1824/1824/1160 1827/1827/1163
f 1841/1841/1175 1827/1827/1163 1842/1842/1176
f 1846/1846/1178 1847/1847/1179 1848/1848/1180
f 1846/1846/1178 1848/1848/1180 1849/1849/1181
f 1829/1829/1165 1850/1850/1182 1851/1851/1183
f 1829/1829/1165 1851/1851/1183 1830/1830/1166
f 1847/1847/1179 1836/1836/1170 1839/1839/1173
f 1847/1847/1179 1839/1839/1173 1848/1848/1180
f 1852/1852/1182 1846/1846/1178 1849/1849/1181
f 1852/1852/1182 1849/1849/1181 1853/1853/1183
f 1854/1854/1184 1855/1855/1185 1856/1856/1186
f 1854/1854/1184 1856/1856/1186 1857/1857/1187
f 1833/1833/1168 1858/1858/1188 1859/1859/1189
f 1833/1833/1168 1859/1859/1189 1834/1834/1169
f 1860/1860/1185 1861/1861/1190 1862/1862/1191
f 1860/1860/1185 1862/1862/1191 1863/1863/1186
f 1861/1861/1190 1828/1828/1164 1831/1831/1167
f 1861/1861/1190 1831/1831/1167 1862/1862/1191
f 1858/1858/1188 1854/1854/1184 1857/1857/1187
f 1858/1858/1188 1857/1857/1187 1859/1859/1189
f 1864/1864/1192 1865/1865/1193 1866/1866/1194
f 1864/1864/1192 1866/1866/1194 1867/1867/1195
f 1868/1868/1196 1869/1869/1197 1870/1870/1198
f 1868/1868/1196 1870/1870/1198 1871/1871/1199
f 1872/1872/1193 1873/1873/1200 1874/1874/1201
f 1872/1872/1193 1874/1874/1201 1875/1875/1194
f 1876/1876/1202 1877/1877/1203 1878/1878/1204
f 1876/1876/1202 1878/1878/1204 1879/1879/1205
f 1880/1880/1206 1881/1881/1207 1882/1882/1208
f 1880/1880/1206 1882/1882/1208 1883/1883/1209
f 1884/1884/1203 1880/1880/1206 1883/1883/1209
f 1884/1884/1203 1883/1883/1209 1885/1885/1204
f 1881/1881/1207 1864/1864/1192 1867/1867/1195
f 1881/1881/1207 1867/1867/1195 1882/1882/1208
f 1886/1886/1210 1887/1887/1211 1888/1888/1212
f 1886/1886/1210 1888/1888/1212 1889/1889/1213
f 1869/1869/1197 1890/1890/1214 1891/1891/1215
f 1869/1869/1197 1891/1891/1215 1870/1870/1198
f 1887/1887/1211 1876/1876/1202 1879/1879/1205
f 1887/1887/1211 1879/1879/1205 1888/1888/1212
f 1892/1892/1214 1886/1886/1210 1889/1889/1213
f 1892/1892/1214 1889/1889/1213 1893/1893/1215
f 1894/1894/1216 1895/1895/1217 1896/1896/1218
f 1894/1894/1216 1896/1896/1218 1897/1897/1219
f 1873/1873/1200 1898/1898/1220 1899/1899/1221
f 1873/1873/1200 1899/1899/1221 1874/1874/1201
f 1900/1900/1217 1901/1901/1222 1902/1902/1223
f 1900/1900/1217 1902/1902/1223 1903/1903/1218
f 1901/1901/1222 1868/1868/1196 1871/1871/1199
f 1901/1901/1222 1871/1871/1199 1902/1902/1223
f 1898/1898/1220 1894/1894/1216 1897/1897/1219
f 1898/1898/1220 1897/1897/1219 1899/1899/1221
f 1904/1904/1224 1905/1905/1225 1906/1906/1226
f 1904/1904/1224 1906/1906/1226 1907/1907/1227
f 1908/1908/1228 1909/1909/1229 1910/1910/1230
f 1908/1908/1228 1910/1910/1230 1911/1911/1231
f 1912/1912/1225 1913/1913/1232 1914/1914/1233
f 1912/1912/1225 1914/1914/1233 1915/1915/1226
f 1916/1916/1234 1917/1917/1235 1918/1918/1236
f 1916/1916/1234 1918/1918/1236 1919/1919/1237
f 1920/1920/1238 1921/1921/1239 1922/1922/1240
f 1920/1920/1238 1922/1922/1240 1923/1923/1241
f 1924/1924/1235 1920/1920/1238 1923/1923/1241
f 1924/1924/1235 1923/1923/1241 1925/1925/1236
f 1921/1921/1239 1904/1904/1224 1907/1907/1227
f 1921/1921/1239 1907/1907/1227 1922/1922/1240
f 1926/1926/1242 1927/1927/1243 1928/1928/1244
f 1926/1926/1242 1928/1928/1244 1929/1929/1245
f 1909/1909/1229 1930/1930/1246 1931/1931/1247
f 1909/1909/1229 1931/1931/1247 1910/1910/1230
f 1927/1927/1243 1916/1916/1234 1919/1919/1237
f 1927/1927/1243 1919/1919/1237 1928/1928/1244
f 1932/1932/1246 1926/1926/1242 1929/1929/1245
f 1932/1932/1246 1929/1929/1245 1933/1933/1247
f 1934/1934/1248 1935/1935/1249 1936/1936/1250
f 1934/1934/1248 1936/1936/1250 1937/1937/1251
f 1913/1913/1232 1938/1938/1252 1939/1939/1253
f 1913/1913/1232 1939/1939/1253 1914/1914/1233
f 1940/1940/1249 1941/1941/1254 1942/1942/1255
f 1940/1940/1249 1942/1942/1255 1943/1943/1250
f 1941/1941/1254 1908/1908/1228 1911/1911/1231
f 1941/1941/1254 1911/1911/1231 1942/1942/1255
f 1938/1938/1252 1934/1934/1248 1937/1937/1251
f 1938/1938/1252 1937/1937/1251 1939/1939/1253
f 1944/1944/1256 1945/1945/1257 1846/1846/1178
f 1944/1944/1256 1846/1846/1178 1852/1852/1182
f 1946/1946/1258 1947/1947/1259 1855/1855/1185
f 1946/1946/1258 1855/1855/1185 1854/1854/1184
f 1948/1948/1260 1949/1949/1261 1858/1858/1188
f 1948/1948/1260 1858/1858/1188 1833/1833/1168
f 1949/1949/1261 1946/1946/1258 1854/1854/1184
f 1949/1949/1261 1854/1854/1184 1858/1858/1188
f 1950/1950/1259 1951/1951/1262 1861/1861/1190
f 1950/1950/1259 1861/1861/1190 1860/1860/1185
f 1952/1952/1263 1953/1953/1264 1825/1825/1161
f 1952/1952/1263 1825/1825/1161 1824/1824/1160
f 1954/1954/1265 1952/1952/1263 1824/1824/1160
f 1954/1954/1265 1824/1824/1160 1841/1841/1175
f 1951/1951/1262 1955/1955/1266 1828/1828/1164
f 1951/1951/1262 1828/1828/1164 1861/1861/1190
f 1956/1956/1267 1957/1957/1268 1837/1837/1171
f 1956/1956/1267 1837/1837/1171 1836/1836/1170
f 1958/1958/1268 1959/1959/1269 1840/1840/1174
f 1958/1958/1268 1840/1840/1174 1844/1844/1171
f 1960/1960/1264 1948/1948/1260 1833/1833/1168
f 1960/1960/1264 1833/1833/1168 1832/1832/1161
f 1959/1959/1269 1954/1954/1265 1841/1841/1175
f 1959/1959/1269 1841/1841/1175 1840/1840/1174
f 1961/1961/1270 1962/1962/1256 1850/1850/1182
f 1961/1961/1270 1850/1850/1182 1829/1829/1165
f 1955/1955/1266 1961/1961/1270 1829/1829/1165
f 1955/1955/1266 1829/1829/1165 1828/1828/1164
f 1945/1945/1257 1963/1963/1271 1847/1847/1179
f 1945/1945/1257 1847/1847/1179 1846/1846/1178
f 1787/1787/1137 1786/1786/1136 1680/1680/1036
f 1787/1787/1137 1680/1680/1036 1661/1661/1021
f 1775/1775/1125 1774/1774/1124 1688/1688/1042
f 1775/1775/1125 1688/1688/1042 1657/1657/1017
f 1759/1759/1111 1758/1758/1110 1694/1694/1046
f 1759/1759/1111 1694/1694/1046 1685/1685/1039
f 1763/1763/1115 1762/1762/1114 1692/1692/1044
f 1763/1763/1115 1692/1692/1044 1673/1673/1031
f 1758/1758/1110 1781/1781/1131 1676/1676/1034
f 1758/1758/1110 1676/1676/1034 1694/1694/1046
f 1762/1762/1114 1791/1791/1139 1666/1666/1026
f 1762/1762/1114 1666/1666/1026 1692/1692/1044
f 1774/1774/1124 1789/1789/1121 1689/1689/1038
f 1774/1774/1124 1689/1689/1038 1688/1688/1042
f 1771/1771/1121 1759/1759/1111 1685/1685/1039
f 1771/1771/1121 1685/1685/1039 1684/1684/1038
f 1786/1786/1136 1795/1795/1143 1681/1681/1030
f 1786/1786/1136 1681/1681/1030 1680/1680/1036
f 1781/1781/1131 1799/1799/1147 1677/1677/1028
f 1781/1781/1131 1677/1677/1028 1676/1676/1034
f 1803/1803/1143 1763/1763/1115 1673/1673/1031
f 1803/1803/1143 1673/1673/1031 1672/1672/1030
f 1811/1811/1147 1810/1810/1151 1660/1660/1020
f 1811/1811/1147 1660/1660/1020 1670/1670/1028
f 1791/1791/1139 1815/1815/1155 1667/1667/1024
f 1791/1791/1139 1667/1667/1024 1666/1666/1026
f 1823/1823/1155 1822/1822/1159 1656/1656/1016
f 1823/1823/1155 1656/1656/1016 1664/1664/1024
f 1810/1810/1151 1787/1787/1137 1661/1661/1021
f 1810/1810/1151 1661/1661/1021 1660/1660/1020
f 1822/1822/1159 1775/1775/1125 1657/1657/1017
f 1822/1822/1159 1657/1657/1017 1656/1656/1016
f 1964/1964/1272 1965/1965/1273 1966/1966/1274
f 1964/1964/1272 1966/1966/1274 1967/1967/1275
f 1968/1968/1276 1969/1969/1277 1970/1970/1278
f 1968/1968/1276 1970/1970/1278 1971/1971/1279
f 1972/1972/1280 1964/1964/1272 1967/1967/1275
f 1972/1972/1280 1967/1967/1275 1973/1973/1281
f 1974/1974/1282 1972/1972/1280 1973/1973/1281
f 1974/1974/1282 1973/1973/1281 1975/1975/1283
f 1976/1976/1284 1968/1968/1276 1971/1971/1279
f 1976/1976/1284 1971/1971/1279 1977/1977/1285
f 1978/1978/1286 1979/1979/1287 1980/1980/1288
f 1978/1978/1286 1980/1980/1288 1981/1981/1289
f 1982/1982/1290 1976/1976/1284 1977/1977/1285
f 1982/1982/1290 1977/1977/1285 1983/1983/1291
f 1984/1984/1292 1978/1978/1286 1981/1981/1289
f 1984/1984/1292 1981/1981/1289 1985/1985/1293
f 1986/1986/1294 1974/1974/1282 1975/1975/1283
f 1986/1986/1294 1975/1975/1283 1987/1987/1295
f 1988/1988/1296 1989/1989/1297 1990/1990/1298
f 1988/1988/1296 1990/1990/1298 1991/1991/1299
f 1969/1969/1277 1984/1984/1292 1985/1985/1293
f 1969/1969/1277 1985/1985/1293 1970/1970/1278
f 1992/1992/1300 1982/1982/1290 1983/1983/1291
f 1992/1992/1300 1983/1983/1291 1993/1993/1301
f 1965/1965/1273 1988/1988/1296 1991/1991/1299
f 1965/1965/1273 1991/1991/1299 1966/1966/1274
f 1989/1989/1297 1994/1994/1302 1995/1995/1303
f 1989/1989/1297 1995/1995/1303 1990/1990/1298
f 1979/1979/1287 1986/1986/1294 1987/1987/1295
f 1979/1979/1287 1987/1987/1295 1980/1980/1288
f 1994/1994/1302 1992/1992/1300 1993/1993/1301
f 1994/1994/1302 1993/1993/1301 1995/1995/1303
f 1996/1996/1304 1997/1997/1305 1772/1772/1306
f 1996/1996/1304 1772/1772/1306 1821/1821/1307
f 1998/1998/1308 1999/1999/1309 1784/1784/1310
f 1998/1998/1308 1784/1784/1310 1809/1809/1311
f 2000/2000/1312 2001/2001/1304 2002/2002/1307
f 2000/2000/1312 2002/2002/1307 2003/2003/1313
f 2004/2004/1314 2000/2000/1312 2003/2003/1313
f 2004/2004/1314 2003/2003/1313 2005/2005/1315
f 2006/2006/1316 2007/2007/1308 2008/2008/1311
f 2006/2006/1316 2008/2008/1311 2009/2009/1317
f 2010/2010/1318 2011/2011/1319 2012/2012/1320
f 2010/2010/1318 2012/2012/1320 2013/2013/1321
f 2014/2014/1322 2006/2006/1316 2009/2009/1317
f 2014/2014/1322 2009/2009/1317 2015/2015/1323
f 2016/2016/1324 2010/2010/1318 2013/2013/1321
f 2016/2016/1324 2013/2013/1321 2017/2017/1325
f 2018/2018/1326 2019/2019/1314 1790/1790/1315
f 2018/2018/1326 1790/1790/1315 1761/1761/1327
f 2020/2020/1328 2021/2021/1329 2022/2022/1330
f 2020/2020/1328 2022/2022/1330 2023/2023/1331
f 1999/1999/1309 2024/2024/1324 1785/1785/1325
f 1999/1999/1309 1785/1785/1325 1784/1784/1310
f 2025/2025/1332 2026/2026/1322 1780/1780/1323
f 2025/2025/1332 1780/1780/1323 1757/1757/1333
f 1997/1997/1305 2027/2027/1328 1773/1773/1331
f 1997/1997/1305 1773/1773/1331 1772/1772/1306
f 2021/2021/1329 2028/2028/1334 2029/2029/1335
f 2021/2021/1329 2029/2029/1335 2022/2022/1330
f 2011/2011/1319 2030/2030/1326 2031/2031/1327
f 2011/2011/1319 2031/2031/1327 2012/2012/1320
f 2032/2032/1334 2025/2025/1332 1757/1757/1333
f 2032/2032/1334 1757/1757/1333 1756/1756/1335
f 2033/2033/1336 988/988/724 957/957/701
f 2033/2033/1336 957/957/701 2034/2034/1337
f 2033/2033/1336 2035/2035/1338 979/979/717
f 2033/2033/1336 979/979/717 988/988/724
f 2036/2036/1339 986/986/722 965/965/707
f 2036/2036/1339 965/965/707 2037/2037/1340
f 2038/2038/1339 2039/2039/1341 983/983/721
f 2038/2038/1339 983/983/721 984/984/722
f 2040/2040/1342 980/980/718 983/983/721
f 2040/2040/1342 983/983/721 2039/2039/1341
f 2040/2040/1342 2041/2041/1343 963/963/705
f 2040/2040/1342 963/963/705 980/980/718
f 2042/2042/1344 976/976/714 979/979/717
f 2042/2042/1344 979/979/717 2035/2035/1338
f 2043/2043/1344 2044/2044/1345 955/955/699
f 2043/2043/1344 955/955/699 974/974/714
f 2045/2045/1346 972/972/712 951/951/695
f 2045/2045/1346 951/951/695 2046/2046/1347
f 2047/2047/1346 2048/2048/1348 969/969/711
f 2047/2047/1346 969/969/711 970/970/712
f 2049/2049/1349 964/964/706 969/969/711
f 2049/2049/1349 969/969/711 2048/2048/1348
f 2049/2049/1349 2037/2037/1340 965/965/707
f 2049/2049/1349 965/965/707 964/964/706
f 2050/2050/1350 960/960/700 963/963/705
f 2050/2050/1350 963/963/705 2041/2041/1343
f 2051/2051/1350 2034/2034/1337 957/957/701
f 2051/2051/1350 957/957/701 956/956/700
f 2052/2052/1351 950/950/694 955/955/699
f 2052/2052/1351 955/955/699 2044/2044/1345
f 2052/2052/1351 2046/2046/1347 951/951/695
f 2052/2052/1351 951/951/695 950/950/694
f 2046/2046/1347 2052/2052/1351 1768/1768/1118
f 2046/2046/1347 1768/1768/1118 1817/1817/1156
f 2041/2041/1343 2040/2040/1342 1776/1776/1126
f 2041/2041/1343 1776/1776/1126 1805/1805/1148
f 2045/2045/1346 2046/2046/1347 1817/1817/1156
f 2045/2045/1346 1817/1817/1156 1816/1816/1152
f 2048/2048/1348 2047/2047/1346 1812/1812/1152
f 2048/2048/1348 1812/1812/1152 1749/1749/1101
f 2050/2050/1350 2041/2041/1343 1805/1805/1148
f 2050/2050/1350 1805/1805/1148 1804/1804/1144
f 2036/2036/1339 2037/2037/1340 1782/1782/1132
f 2036/2036/1339 1782/1782/1132 1800/1800/1140
f 2034/2034/1337 2051/2051/1350 1796/1796/1144
f 2034/2034/1337 1796/1796/1144 1753/1753/1105
f 2039/2039/1341 2038/2038/1339 1792/1792/1140
f 2039/2039/1341 1792/1792/1140 1777/1777/1127
f 2037/2037/1340 2049/2049/1349 1748/1748/1100
f 2037/2037/1340 1748/1748/1100 1782/1782/1132
f 2040/2040/1342 2039/2039/1341 1777/1777/1127
f 2040/2040/1342 1777/1777/1127 1776/1776/1126
f 2052/2052/1351 2044/2044/1345 1744/1744/1096
f 2052/2052/1351 1744/1744/1096 1768/1768/1118
f 2035/2035/1338 2033/2033/1336 1752/1752/1104
f 2035/2035/1338 1752/1752/1104 1765/1765/1116
f 2042/2042/1344 2035/2035/1338 1765/1765/1116
f 2042/2042/1344 1765/1765/1116 1764/1764/1097
f 2033/2033/1336 2034/2034/1337 1753/1753/1105
f 2033/2033/1336 1753/1753/1105 1752/1752/1104
f 2049/2049/1349 2048/2048/1348 1749/1749/1101
f 2049/2049/1349 1749/1749/1101 1748/1748/1100
f 2044/2044/1345 2043/2043/1344 1745/1745/1097
f 2044/2044/1345 1745/1745/1097 1744/1744/1096
f 1899/1899/1221 1897/1897/1219 1934/1934/1248
f 1899/1899/1221 1934/1934/1248 1938/1938/1252
f 1902/1902/1223 1871/1871/1199 1908/1908/1228
f 1902/1902/1223 1908/1908/1228 1941/1941/1254
f 1903/1903/1218 1902/1902/1223 1941/1941/1254
f 1903/1903/1218 1941/1941/1254 1940/1940/1249
f 1874/1874/1201 1899/1899/1221 1938/1938/1252
f 1874/1874/1201 1938/1938/1252 1913/1913/1232
f 1897/1897/1219 1896/1896/1218 1935/1935/1249
f 1897/1897/1219 1935/1935/1249 1934/1934/1248
f 1893/1893/1215 1889/1889/1213 1926/1926/1242
f 1893/1893/1215 1926/1926/1242 1932/1932/1246
f 1888/1888/1212 1879/1879/1205 1916/1916/1234
f 1888/1888/1212 1916/1916/1234 1927/1927/1243
f 1870/1870/1198 1891/1891/1215 1930/1930/1246
f 1870/1870/1198 1930/1930/1246 1909/1909/1229
f 1889/1889/1213 1888/1888/1212 1927/1927/1243
f 1889/1889/1213 1927/1927/1243 1926/1926/1242
f 1882/1882/1208 1867/1867/1195 1904/1904/1224
f 1882/1882/1208 1904/1904/1224 1921/1921/1239
f 1885/1885/1204 1883/1883/1209 1920/1920/1238
f 1885/1885/1204 1920/1920/1238 1924/1924/1235
f 1883/1883/1209 1882/1882/1208 1921/1921/1239
f 1883/1883/1209 1921/1921/1239 1920/1920/1238
f 1879/1879/1205 1878/1878/1204 1917/1917/1235
f 1879/1879/1205 1917/1917/1235 1916/1916/1234
f 1875/1875/1194 1874/1874/1201 1913/1913/1232
f 1875/1875/1194 1913/1913/1232 1912/1912/1225
f 1871/1871/1199 1870/1870/1198 1909/1909/1229
f 1871/1871/1199 1909/1909/1229 1908/1908/1228
f 1867/1867/1195 1866/1866/1194 1905/1905/1225
f 1867/1867/1195 1905/1905/1225 1904/1904/1224
f 2053/2053/1352 2054/2054/1353 2055/2055/1216
f 2053/2053/1352 2055/2055/1216 2056/2056/1220
f 2057/2057/1354 2058/2058/1355 2059/2059/1196
f 2057/2057/1354 2059/2059/1196 2060/2060/1222
f 2061/2061/1356 2057/2057/1354 2060/2060/1222
f 2061/2061/1356 2060/2060/1222 2062/2062/1217
f 2063/2063/1357 2053/2053/1352 2056/2056/1220
f 2063/2063/1357 2056/2056/1220 2064/2064/1200
f 2054/2054/1353 2061/2061/1356 2062/2062/1217
f 2054/2054/1353 2062/2062/1217 2055/2055/1216
f 2065/2065/1358 2066/2066/1359 2067/2067/1210
f 2065/2065/1358 2067/2067/1210 2068/2068/1214
f 2069/2069/1360 2070/2070/1361 2071/2071/1202
f 2069/2069/1360 2071/2071/1202 2072/2072/1211
f 2073/2073/1362 2065/2065/1358 2068/2068/1214
f 2073/2073/1362 2068/2068/1214 2074/2074/1197
f 2066/2066/1359 2069/2069/1360 2072/2072/1211
f 2066/2066/1359 2072/2072/1211 2067/2067/1210
f 2075/2075/1363 2076/2076/1364 2077/2077/1192
f 2075/2075/1363 2077/2077/1192 2078/2078/1207
f 2079/2079/1365 2080/2080/1366 2081/2081/1206
f 2079/2079/1365 2081/2081/1206 2082/2082/1203
f 2080/2080/1366 2075/2075/1363 2078/2078/1207
f 2080/2080/1366 2078/2078/1207 2081/2081/1206
f 2070/2070/1361 2079/2079/1365 2082/2082/1203
f 2070/2070/1361 2082/2082/1203 2071/2071/1202
f 2083/2083/1367 2063/2063/1357 2064/2064/1200
f 2083/2083/1367 2064/2064/1200 2084/2084/1193
f 2058/2058/1355 2073/2073/1362 2074/2074/1197
f 2058/2058/1355 2074/2074/1197 2059/2059/1196
f 2076/2076/1364 2083/2083/1367 2084/2084/1193
f 2076/2076/1364 2084/2084/1193 2077/2077/1192
f 2085/2085/1227 2086/2086/1226 1743/1743/1095
f 2085/2085/1227 1743/1743/1095 1740/1740/1092
f 1911/1911/1231 1910/1910/1230 2087/2087/1090
f 1911/1911/1231 2087/2087/1090 2088/2088/1083
f 2086/2086/1226 2089/2089/1233 1733/1733/1085
f 2086/2086/1226 1733/1733/1085 1743/1743/1095
f 2090/2090/1237 2091/2091/1236 1741/1741/1093
f 2090/2090/1237 1741/1741/1093 1737/1737/1089
f 1923/1923/1241 1922/1922/1240 2092/2092/1091
f 1923/1923/1241 2092/2092/1091 2093/2093/1094
f 1925/1925/1236 1923/1923/1241 2093/2093/1094
f 1925/1925/1236 2093/2093/1094 2094/2094/1093
f 1922/1922/1240 1907/1907/1227 2095/2095/1092
f 1922/1922/1240 2095/2095/1092 2092/2092/1091
f 1929/1929/1245 1928/1928/1244 2096/2096/1088
f 1929/1929/1245 2096/2096/1088 2097/2097/1087
f 1910/1910/1230 1931/1931/1247 2098/2098/1086
f 1910/1910/1230 2098/2098/1086 2087/2087/1090
f 1928/1928/1244 1919/1919/1237 2099/2099/1089
f 1928/1928/1244 2099/2099/1089 2096/2096/1088
f 2100/2100/1247 2101/2101/1245 1735/1735/1087
f 2100/2100/1247 1735/1735/1087 1734/1734/1086
f 2102/2102/1251 2103/2103/1250 1732/1732/1084
f 2102/2102/1251 1732/1732/1084 1729/1729/1081
f 1914/1914/1233 1939/1939/1253 2104/2104/1080
f 1914/1914/1233 2104/2104/1080 2105/2105/1085
f 2103/2103/1250 2106/2106/1255 1730/1730/1082
f 2103/2103/1250 1730/1730/1082 1732/1732/1084
f 1942/1942/1255 1911/1911/1231 2088/2088/1083
f 1942/1942/1255 2088/2088/1083 2107/2107/1082
f 1939/1939/1253 1937/1937/1251 2108/2108/1081
f 1939/1939/1253 2108/2108/1081 2104/2104/1080
f 1945/1945/1257 1944/1944/1256 2109/2109/1368
f 1945/1945/1257 2109/2109/1368 2110/2110/1369
f 1947/1947/1259 1946/1946/1258 2111/2111/1370
f 1947/1947/1259 2111/2111/1370 2112/2112/1371
f 1949/1949/1261 1948/1948/1260 2113/2113/1372
f 1949/1949/1261 2113/2113/1372 2114/2114/1373
f 1951/1951/1262 1950/1950/1259 2115/2115/1371
f 1951/1951/1262 2115/2115/1371 2116/2116/1374
f 1955/1955/1266 1951/1951/1262 2116/2116/1374
f 1955/1955/1266 2116/2116/1374 2117/2117/1375
f 1946/1946/1258 1949/1949/1261 2114/2114/1373
f 1946/1946/1258 2114/2114/1373 2111/2111/1370
f 1953/1953/1264 1952/1952/1263 2118/2118/1376
f 1953/1953/1264 2118/2118/1376 2119/2119/1377
f 1961/1961/1270 1955/1955/1266 2117/2117/1375
f 1961/1961/1270 2117/2117/1375 2120/2120/1378
f 1948/1948/1260 1960/1960/1264 2121/2121/1377
f 1948/1948/1260 2121/2121/1377 2113/2113/1372
f 1957/1957/1268 1956/1956/1267 2122/2122/1379
f 1957/1957/1268 2122/2122/1379 2123/2123/1380
f 1954/1954/1265 1959/1959/1269 2124/2124/1381
f 1954/1954/1265 2124/2124/1381 2125/2125/1382
f 1959/1959/1269 1958/1958/1268 2126/2126/1380
f 1959/1959/1269 2126/2126/1380 2124/2124/1381
f 1952/1952/1263 1954/1954/1265 2125/2125/1382
f 1952/1952/1263 2125/2125/1382 2118/2118/1376
f 1963/1963/1271 1945/1945/1257 2110/2110/1369
f 1963/1963/1271 2110/2110/1369 2127/2127/1383
f 1962/1962/1256 1961/1961/1270 2120/2120/1378
f 1962/1962/1256 2120/2120/1378 2128/2128/1368
f 1956/1956/1267 1963/1963/1271 2127/2127/1383
f 1956/1956/1267 2127/2127/1383 2122/2122/1379
f 1963/1963/1271 1956/1956/1267 1836/1836/1170
f 1963/1963/1271 1836/1836/1170 1847/1847/1179
# Vertices: 2128, normals: 1383, texture coordinates: 2128, faces: 2390

