# File generated by ImageToStl.com - Free Image and 3D model conversion tools

mtllib bulletin_board.mtl

o obj1
v 0.18875202 0.66354033 0.00447859
v 0.19023914 0.66455077 0.00438263
v 0.18864551 0.66366499 0.00447887
v 0.18776157 0.66210875 0.00456785
v 0.18765895 0.66216109 0.00457039
v 0.18722477 0.6605345 0.00464289
v 0.19095409 0.66084708 0.0044421
v 0.18721241 0.66052489 0.00434629
v 0.18773685 0.66210501 0.00427156
v 0.19094425 0.66083968 0.00421394
v 0.18715068 0.66049681 0.00464724
v 0.18701397 0.66048125 0.00465349
v 0.18714634 0.66044188 0.00464924
v 0.18700168 0.66047133 0.00435688
v 0.18713825 0.66048727 0.00435064
v 0.18713367 0.66043196 0.00435268
v 0.18721286 0.66040678 0.00464764
v 0.18749012 0.65875319 0.00469128
v 0.19084285 0.65947356 0.00449263
v 0.18746891 0.6587406 0.00439516
v 0.1872002 0.66039656 0.00435108
v 0.19083339 0.65946623 0.00426445
v 0.18814869 0.65709914 0.00442299
v 0.18948421 0.65583891 0.00440773
v 0.18802341 0.65699812 0.00443016
v 0.19019565 0.66463698 0.00408413
v 0.18869487 0.66359023 0.00418358
v 0.18856784 0.66373221 0.00418245
v 0.51668067 0.69985365 0.00579357
v 0.51820761 0.70333891 0.00540287
v 0.51546958 0.70110434 0.00573578
v 0.51819823 0.70331953 0.0051754
v 0.51666858 0.69982878 0.00549786
v 0.51544593 0.7010713 0.00544121
v 0.5193558 0.70257574 0.00542187
v 0.51672671 0.69982321 0.00579433
v 0.51834788 0.69919157 0.00578331
v 0.5182849 0.69915495 0.00549061
v 0.51671481 0.69979796 0.00549862
v 0.51934645 0.70255659 0.00519436
v 0.51662841 0.699727 0.00580639
v 0.5166167 0.69970198 0.00551067
v 0.5201213 0.6990663 0.00542644
v 0.52186808 0.69961943 0.00530853
v 0.52014899 0.69890799 0.00543732
v 0.5183047 0.69900618 0.00550243
v 0.51451247 0.70450774 0.00518707
v 0.51470439 0.70269148 0.00533508
v 0.51451888 0.70264937 0.00534435
v -0.08865719 0.1311866 0.00466189
v -0.09027241 0.13198108 0.00462385
v -0.08871269 0.13103248 0.0046534
v -0.08692222 0.13103157 0.0047305
v -0.08691688 0.13091686 0.00472615
v -0.08528854 0.13134151 0.00481316
v -0.08740978 0.134431 0.00481002
v -0.08527607 0.13135296 0.00451663
v -0.08690887 0.13102955 0.00443346
v -0.08739998 0.13443977 0.00458191
v -0.08521896 0.13129562 0.00481431
v -0.08513775 0.13118442 0.00481341
v -0.08516914 0.13131881 0.00481739
v -0.08512504 0.13119629 0.00451691
v -0.08520664 0.13130714 0.00451779
v -0.08515644 0.13133037 0.00452088
v -0.08517181 0.13139415 0.00482027
v -0.08387276 0.13245048 0.00491811
v -0.0861615 0.13501163 0.00488681
v -0.08385334 0.13245594 0.00462167
v -0.08515854 0.13140575 0.00452377
v -0.086152 0.13502079 0.00465871
v -0.08276443 0.13385631 0.00472557
v -0.08233196 0.13563873 0.00481344
v -0.0826144 0.13379738 0.00472825
v -0.09032783 0.13191848 0.00432146
v -0.0886742 0.13112991 0.00436311
v -0.08873447 0.13094963 0.00435165
v 0.52405123 0.6944892 0.00414253
v 0.52023158 0.6946871 0.00409985
v 0.52330779 0.69291624 0.0040554
v 0.52023288 0.694699 0.00387165
v 0.52405265 0.69450453 0.0038459
v 0.52332091 0.69292364 0.00375847
v 0.52053962 0.69602911 0.00417255
v 0.52406348 0.69454283 0.00414543
v 0.52407962 0.69628035 0.00423767
v 0.52411017 0.6962522 0.0039389
v 0.52406516 0.69455855 0.00384884
v 0.52054076 0.69604094 0.00394436
v 0.52418883 0.69448508 0.00414299
v 0.5241902 0.69450079 0.0038464
v 0.52353995 0.69799879 0.00403019
v 0.52239852 0.69943549 0.00409931
v 0.52367865 0.69808073 0.00403378
v 0.52424292 0.6963233 0.00394333
v 0.52042578 0.69083853 0.00363354
v 0.52206343 0.69165892 0.00368683
v 0.5221688 0.69150061 0.00367725
v 0.34792651 0.67720267 0.00632046
v 0.3495222 0.67631545 0.00633701
v 0.34957179 0.67647162 0.00633316
v 0.35131278 0.67638441 0.00633041
v 0.3513224 0.67626967 0.00633308
v 0.35293517 0.67675795 0.00631706
v 0.35069648 0.67976195 0.00621799
v 0.35293399 0.67675078 0.00602016
v 0.35131316 0.67636366 0.00603378
v 0.35069587 0.67975623 0.00598957
v 0.35300643 0.67671477 0.00631786
v 0.35309188 0.67660689 0.00632019
v 0.35305541 0.67674002 0.00631714
v 0.35309104 0.67659987 0.00602325
v 0.35300529 0.67670752 0.00602097
v 0.35305465 0.67673285 0.00602024
v 0.35305007 0.67681509 0.00631538
v 0.3543098 0.67792212 0.00628571
v 0.35192325 0.6803913 0.00619968
v 0.3543159 0.677909 0.00598892
v 0.35304969 0.676808 0.00601845
v 0.35192233 0.68038573 0.0059713
v 0.35535262 0.67935187 0.00595337
v 0.3557183 0.68115065 0.00590839
v 0.35550464 0.67929839 0.0059528
v 0.34786044 0.67711882 0.00602554
v 0.34954391 0.6763951 0.00603966
v 0.34949027 0.67621237 0.00604244
v 0.50143287 0.7029695 0.00502674
v 0.50055426 0.70668784 0.00484699
v 0.49971267 0.70324293 0.0050058
v 0.50055552 0.70667906 0.00461868
v 0.50143435 0.70295821 0.00472996
v 0.49970973 0.70321829 0.00470951
v 0.50193076 0.70676756 0.00485252
v 0.50148787 0.7029727 0.00502701
v 0.50316317 0.70344298 0.00501965
v 0.5031309 0.70339171 0.00472416
v 0.5014897 0.70296133 0.00473019
v 0.5019319 0.70675886 0.00462421
v 0.50146735 0.70283629 0.00503201
v 0.50146918 0.70282515 0.00473518
v 0.5046511 0.70442717 0.00469604
v 0.50571357 0.7059239 0.00464478
v 0.50476859 0.704317 0.00469948
v 0.50323634 0.70328421 0.00472889
v 0.49689582 0.70541289 0.00460941
v 0.49814235 0.70407118 0.00466934
v 0.49801944 0.70392569 0.00467236
v 0.11929354 0.50212386 0.00483434
v 0.11947529 0.50391475 0.00486855
v 0.11912968 0.50212226 0.00483462
v 0.11975367 0.50044284 0.00480106
v 0.11964767 0.5003979 0.00480038
v 0.12061478 0.49901816 0.00477195
v 0.12277227 0.50208243 0.0047927
v 0.12061395 0.49902419 0.00447501
v 0.11974046 0.50044322 0.00450401
v 0.12277155 0.5020869 0.00456425
v 0.12059599 0.49893702 0.00477039
v 0.12052005 0.49882224 0.00476835
v 0.12063523 0.49889834 0.0047696
v 0.12051951 0.498828 0.00447139
v 0.12059507 0.49894297 0.00447347
v 0.1206345 0.49890391 0.00447265
v 0.12070492 0.49892684 0.00477001
v 0.12214994 0.49807547 0.00475086
v 0.12375287 0.50111346 0.00477215
v 0.12214581 0.49807277 0.00445375
v 0.12070436 0.49893218 0.00447305
v 0.12375223 0.50111815 0.00454371
v 0.12384025 0.49753783 0.00444168
v 0.12566397 0.49775161 0.0044409
v 0.12383704 0.49737685 0.00443715
v 0.11938121 0.50395842 0.0045725
v 0.11921854 0.50213363 0.00453931
v 0.11902809 0.50212752 0.00453785
v -0.02731417 0.66198637 0.00866995
v -0.02657203 0.66034827 0.00858223
v -0.02717328 0.66206953 0.00867912
v -0.02855595 0.66320868 0.00871734
v -0.02848681 0.66330054 0.00872516
v -0.03001565 0.66400938 0.00873136
v -0.03034172 0.660287 0.00844466
v -0.03000749 0.66402869 0.00843509
v -0.02854 0.66323912 0.008422
v -0.03033548 0.66030203 0.00821675
v -0.03004008 0.66408888 0.0087359
v -0.03003215 0.66422606 0.00874511
v -0.03009345 0.66410277 0.00873542
v -0.03002436 0.66424536 0.00844882
v -0.03003197 0.66410826 0.00843965
v -0.03008561 0.6641223 0.00843916
v -0.03013939 0.66404326 0.00873031
v -0.03181613 0.66405692 0.00868708
v -0.03167607 0.66063422 0.00843227
v -0.03180948 0.66408545 0.00839138
v -0.03013192 0.66406302 0.00843405
v -0.03166974 0.66064902 0.00820436
v -0.03354289 0.66370085 0.00832202
v -0.03501221 0.66260527 0.00821014
v -0.03362092 0.66384177 0.00832775
v -0.02646439 0.66038161 0.00828949
v -0.02723994 0.66203932 0.00837934
v -0.02707842 0.6621398 0.00838847
v -0.16038732 0.65721693 0.0077692
v -0.15862579 0.6575714 0.00765684
v -0.16043735 0.65737296 0.00776764
v -0.16185417 0.6562818 0.00788113
v -0.16192842 0.65636977 0.0078829
v -0.16295793 0.6550392 0.00798078
v -0.15939978 0.65388083 0.0077732
v -0.16297496 0.65503104 0.00768437
v -0.16188026 0.65628371 0.00758492
v -0.15941312 0.6538745 0.00754518
v -0.16304086 0.65503325 0.00798574
v -0.16317283 0.65507185 0.00799231
v -0.16306614 0.65498427 0.00798862
v -0.16319002 0.65506331 0.0076959
v -0.16305793 0.65502509 0.00768934
v -0.16308349 0.65497595 0.00769224
v -0.16301832 0.65492613 0.00798751
v -0.1634025 0.65329489 0.00805656
v -0.16003357 0.65265845 0.007845
v -0.16342884 0.65328742 0.00776068
v -0.1630359 0.65491759 0.00769113
v -0.16004669 0.65265212 0.00761698
v -0.16343723 0.65151122 0.0078135
v -0.16269378 0.64983222 0.00781703
v -0.16359184 0.65146681 0.00782233
v -0.1586344 0.65766333 0.00735707
v -0.16042263 0.65728079 0.00747349
v -0.16048488 0.65746077 0.00747025
v -0.31530854 0.6678475 0.00774263
v -0.3143357 0.66633269 0.00771748
v -0.31518161 0.66795035 0.00775578
v -0.3167139 0.66887839 0.0077158
v -0.31665916 0.66897932 0.00772453
v -0.31827283 0.66946005 0.00765528
v -0.31804813 0.66572592 0.00743019
v -0.31825494 0.66947615 0.00735926
v -0.31668994 0.66890654 0.00742077
v -0.31803447 0.66573843 0.00720245
v -0.31830861 0.6695352 0.00765726
v -0.31832084 0.66967215 0.00766403
v -0.31836332 0.66954115 0.00765436
v -0.31830333 0.66968832 0.00736797
v -0.31829068 0.66955138 0.00736124
v -0.31834583 0.66955763 0.00735832
v -0.31839998 0.66947562 0.0076486
v -0.3200579 0.66924643 0.0075379
v -0.31941673 0.66587653 0.00735741
v -0.32004276 0.66927145 0.00724224
v -0.31838281 0.66949202 0.00735254
v -0.31940295 0.66588896 0.00712967
v -0.32169845 0.66863974 0.00711117
v -0.32298896 0.66734198 0.00696241
v -0.3217961 0.66876784 0.00711096
v -0.31422158 0.66637717 0.00742868
v -0.31523036 0.66790656 0.00745422
v -0.31508546 0.66802947 0.00746782
v -0.43420352 0.51137229 0.00654655
v -0.43240909 0.51141097 0.00640446
v -0.43422404 0.51153418 0.00656105
v -0.43581489 0.51071196 0.00662464
v -0.43587169 0.51081137 0.00663708
v -0.43712611 0.50968619 0.0066494
v -0.4338457 0.50792792 0.00621014
v -0.43714972 0.50970992 0.00635429
v -0.43584556 0.51074717 0.00633099
v -0.43386424 0.50794616 0.00598312
v -0.43720862 0.50969497 0.00665676
v -0.43733108 0.50975604 0.00667152
v -0.43724238 0.50965133 0.00665607
v -0.43735488 0.50977935 0.00637638
v -0.43723227 0.50971862 0.00636166
v -0.43726642 0.5096749 0.00636097
v -0.43720611 0.50958594 0.00664791
v -0.43788203 0.50805228 0.00658108
v -0.43469188 0.5068394 0.00619232
v -0.43791472 0.50807822 0.00628689
v -0.43723037 0.50960913 0.00635284
v -0.43471011 0.50685775 0.00596531
v -0.43824836 0.50633635 0.00617725
v -0.43782611 0.50455813 0.00600067
v -0.43840838 0.50632003 0.00618748
v -0.43240619 0.51153144 0.00611485
v -0.43423175 0.51146975 0.00625938
v -0.43425998 0.51165744 0.00627483
v 0.25643136 0.45073459 0.00568588
v 0.25530828 0.45214164 0.00569002
v 0.25631538 0.4506187 0.00568613
v 0.25793626 0.44985488 0.00568113
v 0.25789197 0.44974853 0.00568115
v 0.25954841 0.44943885 0.00567638
v 0.25894676 0.45313773 0.0056465
v 0.25954719 0.44943912 0.00537937
v 0.25793025 0.4498424 0.0053841
v 0.25894597 0.45313773 0.005418
v 0.25959173 0.4493677 0.00567619
v 0.25961788 0.44923255 0.00567604
v 0.25964689 0.44936751 0.00567606
v 0.259617 0.44923282 0.00537901
v 0.25959054 0.44936789 0.0053792
v 0.25964607 0.44936751 0.00537905
v 0.25967674 0.44943664 0.00567602
v 0.2613051 0.44983893 0.00567184
v 0.26032558 0.45313125 0.00564268
v 0.26130758 0.44983046 0.00537483
v 0.25967624 0.44943656 0.00537901
v 0.26032461 0.45313132 0.0054142
v 0.26289276 0.45063353 0.00537251
v 0.26404661 0.45206187 0.00536894
v 0.26300311 0.45051619 0.00537067
v 0.25521411 0.4521036 0.00539324
v 0.25637447 0.45068545 0.0053907
v 0.25624271 0.45054801 0.00538925
v 0.52415255 0.22446325 0.00300144
v 0.52420134 0.22626295 0.00298157
v 0.52400714 0.22444826 0.00292736
v 0.52466662 0.22282567 0.00330566
v 0.5245753 0.22277215 0.00326023
v 0.52552058 0.22147628 0.00377678
v 0.5272594 0.22470531 0.00454845
v 0.52565573 0.22146991 0.00351242
v 0.52479117 0.22281263 0.003036
v 0.52736331 0.22470016 0.00434498
v 0.52550895 0.22139392 0.00377293
v 0.52544883 0.22127326 0.00374516
v 0.52554625 0.2213586 0.00379288
v 0.52558417 0.22126668 0.00348083
v 0.52564406 0.22138753 0.00350849
v 0.52568148 0.22135183 0.00352859
v 0.52560641 0.2213927 0.00382286
v 0.52694289 0.22066249 0.00452568
v 0.52819098 0.2238198 0.00504776
v 0.52707553 0.22064712 0.00426025
v 0.52574183 0.22138565 0.00355862
v 0.52829493 0.22381496 0.00484432
v 0.52861293 0.22025281 0.00505924
v 0.53021949 0.22061494 0.00587151
v 0.52862078 0.22009202 0.00506565
v 0.52425132 0.22628654 0.00267281
v 0.52422072 0.22445465 0.0027047
v 0.5240528 0.22443298 0.00261734
v 0.38514945 0.17082861 0.00646698
v 0.3847671 0.17258798 0.00646339
v 0.38499423 0.17077633 0.00647232
v 0.38610759 0.16937252 0.00644993
v 0.38602073 0.16929695 0.00645329
v 0.38736739 0.16828434 0.0064201
v 0.38846709 0.17186555 0.00631973
v 0.38735774 0.16828188 0.00612328
v 0.38608794 0.16936082 0.00615345
v 0.38845977 0.17186346 0.00609138
v 0.38737464 0.16820129 0.00642059
v 0.38733813 0.16806865 0.00642296
v 0.38742396 0.16817672 0.0064193
v 0.38732879 0.16806604 0.00612606
v 0.38736499 0.16819885 0.00612377
v 0.3874145 0.16817394 0.00612244
v 0.38748126 0.16822544 0.00641708
v 0.38911841 0.16786327 0.00636906
v 0.38969939 0.17124778 0.00628666
v 0.38910831 0.16785146 0.00607231
v 0.38747218 0.1682224 0.00612022
v 0.38969195 0.17124597 0.00605831
v 0.39088428 0.16786762 0.00601807
v 0.39255118 0.16863561 0.00595764
v 0.39093112 0.16771345 0.0060165
v 0.38465724 0.17259248 0.00616962
v 0.38506812 0.17080679 0.00617428
v 0.38488906 0.17074201 0.00617874
v -0.52372268 0.4688721 0.00629616
v -0.52417128 0.47061282 0.00639545
v -0.52387145 0.46881293 0.00633141
v -0.52272689 0.46745971 0.00606724
v -0.52280806 0.46738036 0.00608658
v -0.52145377 0.46642833 0.00577179
v -0.52054656 0.47005515 0.00551056
v -0.52152201 0.46642749 0.00548267
v -0.52280448 0.46744918 0.00578037
v -0.52059905 0.47005423 0.00528816
v -0.52144309 0.4663457 0.0057695
v -0.52147284 0.46621154 0.00577698
v -0.52139411 0.46632323 0.00575806
v -0.52154074 0.46621055 0.00548782
v -0.52151137 0.46634482 0.00548046
v -0.52146205 0.46632209 0.00546898
v -0.52134036 0.4663745 0.00574524
v -0.5197317 0.46608516 0.00536831
v -0.51932067 0.46949244 0.00522453
v -0.51980006 0.46607497 0.00507931
v -0.52140803 0.46637309 0.00545605
v -0.51937323 0.46949176 0.00500214
v -0.51807242 0.46616965 0.00467453
v -0.51648444 0.46701068 0.00429695
v -0.51802047 0.46601771 0.00466141
v -0.52433741 0.47061454 0.00612938
v -0.52385951 0.46884868 0.00602509
v -0.52403125 0.46877601 0.00606392
v 0.39031478 0.45633063 0.00392879
v 0.38174918 0.46388678 0.00392879
v 0.38295974 0.45673537 0.00392879
v 0.38079864 0.45530852 0.00708984
v 0.37291083 0.46262484 0.00708984
v 0.38129859 0.46342875 0.00552135
v 0.38892451 0.45697997 0.00550938
v 0.37352244 0.47204612 0.00392879
v 0.37422999 0.46483153 0.00392879
v 0.37273296 0.45506675 0.00551476
v 0.37362388 0.47132865 0.00550831
v -0.45130568 0.65885466 0.0047282
v -0.46825042 0.62919394 0.00472816
v -0.4491822 0.63565569 0.0047282
v -0.4483298 0.63035937 0.01350285
v -0.46090728 0.60823702 0.01350285
v -0.46679702 0.62816035 0.0091489
v -0.45247424 0.65475928 0.00911568
v -0.4896429 0.60305922 0.00472816
v -0.46753516 0.60816931 0.00472816
v -0.4447856 0.6121168 0.00913067
v -0.48772094 0.60365191 0.00911266
v -0.29586271 0.55581645 0.00472815
v -0.37635238 0.48008418 0.00472816
v -0.28534852 0.49611083 0.00472815
v -0.2190109 0.60495001 0.00472816
v -0.21715627 0.59441847 0.00472816
v -0.21093877 0.60637152 0.00472815
v -0.22308637 0.58774256 0.00472815
v -0.22404827 0.59320471 0.00472816
v -0.21726356 0.57301707 0.00472815
v -0.22165208 0.57959731 0.00472815
v -0.22039604 0.57246543 0.00472815
v -0.21350404 0.57367903 0.00472815
v -0.21428125 0.57809165 0.00472815
v -0.21074567 0.57416491 0.00472815
v -0.21879982 0.56340254 0.00472815
v 0.49966079 0.70307692 0.00471451
v 0.52344302 0.69283728 0.00375446
v 0.51532195 0.70098822 0.00545319
v 0.35525382 0.67938704 0.00624847
v 0.35439723 0.6778475 0.00628723
v 0.35561874 0.68114981 0.00620575
v 0.35540961 0.67933638 0.00624924
v 0.18823749 0.65717848 0.0047126
v 0.18738063 0.6587184 0.00469702
v 0.1895428 0.6559381 0.0046994
v 0.18811245 0.65707304 0.00472134
v -0.03349507 0.66359427 0.00861259
v -0.03183167 0.66417067 0.00869411
v -0.03493977 0.66252493 0.00850454
v -0.03357764 0.66373564 0.00861967
v -0.16332275 0.65155425 0.00810183
v -0.16351684 0.65330534 0.00806287
v -0.16259943 0.64990523 0.0081071
v -0.16347881 0.65150557 0.00811227
v -0.32164821 0.66854529 0.00740545
v -0.32008994 0.66935675 0.00754208
v -0.32291843 0.66727705 0.00726101
v -0.32175048 0.66867323 0.00740643
v -0.43812266 0.50632987 0.006464
v -0.43799243 0.50808261 0.00659241
v -0.43771468 0.50458434 0.00629265
v -0.43828486 0.5063095 0.00647552
v -0.51804412 0.46626613 0.00497116
v -0.51973506 0.46597022 0.00536953
v -0.51648364 0.4670851 0.00460159
v -0.51798762 0.46611281 0.00495842
v -0.08287536 0.13387684 0.00501766
v -0.08378826 0.13237247 0.00491867
v -0.08244526 0.13562309 0.00510546
v -0.08272186 0.13382 0.00502201
v 0.12383658 0.4976356 0.00473919
v 0.12210621 0.4979692 0.00474889
v 0.12562584 0.49783881 0.0047397
v 0.12383704 0.49747184 0.00473602
v 0.26281818 0.45070434 0.00566832
v 0.26134824 0.44973227 0.00567163
v 0.26395473 0.45210105 0.00566622
v 0.26293306 0.45058753 0.00566792
v 0.3908575 0.16796733 0.00631371
v 0.38910979 0.1677486 0.00637035
v 0.39249473 0.16871454 0.00625587
v 0.39090858 0.16781166 0.00631348
v 0.52846797 0.22036209 0.00531441
v 0.52691066 0.22055292 0.00451195
v 0.53004374 0.22071102 0.00611294
v 0.52847865 0.22019891 0.00532394
v 0.19196964 0.65925429 0.00445284
v 0.19169719 0.65921164 0.00446566
v 0.19129734 0.65543669 0.00464275
v 0.19310916 0.65564482 0.00455997
v 0.19227008 0.65942152 0.00443468
v 0.19225803 0.65943617 0.00443453
v 0.19196369 0.65927245 0.00445229
v 0.19248371 0.6596913 0.00441671
v 0.19246692 0.65969992 0.00441696
v 0.19257808 0.66002211 0.00440174
v 0.19255901 0.66002348 0.00440229
v 0.19253818 0.66036429 0.00439196
v 0.19252025 0.66035849 0.00439272
v 0.19237072 0.66066527 0.00438892
v 0.1923563 0.6606526 0.00438976
v 0.19210102 0.6608792 0.00439308
v 0.19209232 0.66086226 0.00439381
v 0.19183895 0.66096602 0.00440111
v 0.19183811 0.66094901 0.00440155
v 0.19195682 0.65929518 0.00445183
v 0.19170078 0.65925551 0.00446384
v 0.19169895 0.65922881 0.0044648
v 0.19244495 0.65971182 0.00441748
v 0.19224155 0.65945761 0.00443447
v 0.19249584 0.6603546 0.00439388
v 0.19253154 0.66002615 0.00440336
v 0.19207798 0.66084319 0.00439505
v 0.192336 0.66063399 0.00439123
v 0.18704715 0.65860854 0.00456593
v 0.18796932 0.65695181 0.00458267
v 0.18798648 0.65696623 0.00466885
v 0.1870676 0.65861678 0.00465216
v 0.18945461 0.65577315 0.0045599
v 0.18946628 0.65579199 0.00464615
v 0.19127674 0.65525252 0.00450104
v 0.19128177 0.65527297 0.00458752
v 0.1931586 0.65546812 0.00441511
v 0.19315677 0.65548842 0.00450188
v 0.19481357 0.65638854 0.00431511
v 0.19480541 0.65640532 0.00440227
v 0.19598926 0.6578726 0.00421635
v 0.19597721 0.65788359 0.00430386
v 0.19650745 0.6596945 0.00413382
v 0.19649341 0.65969908 0.00422163
v 0.19628902 0.66157759 0.00408007
v 0.19627536 0.66157477 0.00416811
v 0.19536693 0.66323409 0.00406334
v 0.19535671 0.66322539 0.0041514
v 0.19388164 0.66441237 0.00408613
v 0.19387722 0.6643997 0.00417412
v 0.19205951 0.66493361 0.00414495
v 0.19206173 0.66491835 0.00423273
v 0.19017757 0.66471739 0.00423092
v 0.19018673 0.66470305 0.00431839
v 0.18852283 0.66379736 0.00433088
v 0.18853794 0.66378645 0.00441799
v 0.18734668 0.66231307 0.00442966
v 0.18736614 0.66230772 0.00451641
v 0.18682849 0.66049117 0.0045122
v 0.18685009 0.66049254 0.00459864
v 0.18722461 0.65866835 0.00470522
v 0.18751308 0.66223586 0.00457399
v 0.19195415 0.65926497 0.00422443
v 0.19195919 0.65924933 0.00422459
v 0.19160007 0.65921187 0.00424086
v 0.19160144 0.65922804 0.00424042
v 0.19225902 0.65941611 0.00420649
v 0.19224826 0.65942862 0.00420666
v 0.19247203 0.65968504 0.00418858
v 0.19245731 0.65969229 0.00418911
v 0.1925658 0.66001494 0.00417362
v 0.19254947 0.66001608 0.00417444
v 0.1925262 0.66035597 0.00416389
v 0.19251064 0.66035063 0.00416489
v 0.19235904 0.66065581 0.00416088
v 0.19234684 0.66064513 0.00416191
v 0.19209011 0.66086928 0.004165
v 0.19208271 0.66085432 0.00416597
v 0.19182468 0.66094977 0.00438509
v 0.19182285 0.66092833 0.00438599
v 0.19183567 0.66092459 0.00440247
v 0.19168705 0.65925002 0.00444773
v 0.19168552 0.65922903 0.00444839
v 0.19208789 0.65980574 0.00022346
v 0.19224826 0.65942862 0.00420666
v 0.19195415 0.65926497 0.00422443
v 0.19203876 0.65977828 0.00022644
v 0.19160144 0.65922804 0.00424042
v 0.19198268 0.65977187 0.000229
v 0.19198268 0.65977187 0.000229
v 0.19160144 0.65922804 0.00424042
v 0.19160175 0.6592523 0.0042396
v 0.19197361 0.65980483 0.00022827
v 0.19254947 0.66001608 0.00417444
v 0.19245731 0.65969229 0.00418911
v 0.19212284 0.65984953 0.00022055
v 0.19213817 0.6599037 0.00021811
v 0.19234684 0.66064513 0.00416191
v 0.19251064 0.66035063 0.00416489
v 0.19213161 0.65995985 0.00021648
v 0.19210437 0.66000899 0.00021599
v 0.19199749 0.66004088 0.0002194
v 0.19173809 0.66093138 0.00417784
v 0.1917406 0.6609487 0.00417713
v 0.19200595 0.66005965 0.00021841
v 0.19208271 0.66085432 0.00416597
v 0.19206012 0.66004408 0.00021666
v 0.1916045 0.65925284 0.00434601
v 0.19160236 0.65924956 0.00425596
v 0.19160183 0.65922881 0.0042565
v 0.19160297 0.65923201 0.00434677
v 0.19174091 0.66094939 0.00419321
v 0.19173908 0.66093611 0.00419384
v 0.19174015 0.66093222 0.00428425
v 0.19174213 0.66095252 0.00428349
v 0.1908411 0.65948752 0.00426357
v 0.19102329 0.65942 0.00425821
v 0.19101291 0.65940489 0.00425898
v 0.1908411 0.65948752 0.00426357
v 0.19084156 0.6594879 0.00427961
v 0.19102405 0.65942046 0.00427422
v 0.19102329 0.65942 0.00425821
v 0.19174198 0.66096487 0.00417637
v 0.1917406 0.6609487 0.00417713
v 0.19142452 0.66090872 0.00419168
v 0.19141941 0.66092406 0.00419123
v 0.1917406 0.6609487 0.00417713
v 0.19142528 0.6609091 0.00420771
v 0.19142452 0.66090872 0.00419168
v 0.19130489 0.65932646 0.00446197
v 0.19130558 0.65932707 0.004478
v 0.19129825 0.65931197 0.00447897
v 0.18716617 0.66048651 0.00464695
v 0.18722896 0.66051848 0.00464325
v 0.18716526 0.66048605 0.00463085
v 0.18722843 0.66051817 0.00462713
v 0.1910226 0.65941283 0.00448713
v 0.19142925 0.66093214 0.00441936
v 0.19205104 0.66475897 0.00429985
v 0.18733318 0.65874785 0.0044006
v 0.18721218 0.65865843 0.00440865
v 0.1872224 0.66051329 0.00448492
v 0.19095317 0.66082091 0.00432089
v 0.19095737 0.66082457 0.0044265
v 0.18750064 0.66222609 0.00427742
v 0.18763393 0.66215788 0.00427412
v 0.18721744 0.66042159 0.00463081
v 0.18721164 0.66041655 0.0044886
v 0.18715648 0.660446 0.00448994
v 0.18716236 0.66045081 0.00463215
v 0.18715931 0.66048132 0.00448862
v 0.19084552 0.6594908 0.00436981
v 0.19084995 0.65949446 0.00447542
v 0.19114383 0.66085753 0.0043117
v 0.19114803 0.66086104 0.00441729
v 0.19142902 0.66091246 0.0042979
v 0.19143352 0.66091597 0.00440351
v 0.19130031 0.6593228 0.0043564
v 0.19102771 0.65942358 0.00436441
v 0.19103214 0.65942717 0.00447002
v 0.18720661 0.66041243 0.00436645
v 0.18715122 0.66044173 0.00436775
v 0.18715419 0.66047728 0.00436645
v 0.18721721 0.66050932 0.00436275
v 0.19094921 0.66081793 0.00423069
v 0.19113987 0.6608544 0.0042215
v 0.1912968 0.65931975 0.00426619
v 0.19129612 0.65931914 0.00425016
v 0.19128849 0.65930472 0.00425079
v 0.19129612 0.65931914 0.00425016
v 0.19160144 0.65922804 0.00424042
v 0.19113918 0.66085394 0.00420547
v 0.19113147 0.66087019 0.00420509
v 0.19113918 0.66085394 0.00420547
v 0.19094852 0.66081732 0.00421465
v 0.19094852 0.66081732 0.00421465
v 0.18721653 0.66050864 0.00434666
v 0.18721653 0.66050864 0.00434666
v 0.18720569 0.6604119 0.00435036
v 0.18720569 0.6604119 0.00435036
v 0.1910329 0.65942763 0.00448606
v 0.19085071 0.65949492 0.00449142
v 0.18721805 0.66042197 0.00464693
v 0.19143421 0.66091635 0.00441956
v 0.19114872 0.66086134 0.00443331
v 0.19114101 0.66087782 0.00443325
v 0.19095829 0.66082503 0.00444248
v 0.18716297 0.66045126 0.00464825
v 0.18715343 0.66047667 0.00435036
v 0.18715076 0.66044135 0.00435167
v 0.18715343 0.66047667 0.00435036
v 0.18715076 0.66044135 0.00435167
v 0.18715076 0.66044135 0.00435167
v 0.19173809 0.66093138 0.00417784
v 0.1947031 0.65653059 0.00446371
v 0.1958353 0.65795989 0.00436859
v 0.19633434 0.65971434 0.00428913
v 0.19612377 0.66152724 0.00423737
v 0.19523593 0.6631227 0.00422123
v 0.19380588 0.66425719 0.00424318
v 0.19160175 0.6592523 0.0042396
v 0.19166011 0.66009329 0.00431562
v 0.19174556 0.66009001 0.00442099
v 0.1916193 0.66009337 0.00423408
v 0.19160793 0.66009352 0.00421123
v 0.19160793 0.66009352 0.00421123
v 0.19194171 0.65991988 0.00022577
v 0.19175594 0.66008978 0.00443369
v 0.18711628 0.65862753 0.0044137
v 0.18712848 0.65863745 0.00471027
v 0.18803562 0.65700804 0.00472673
v 0.18949672 0.65584868 0.00470432
v 0.19127674 0.65532637 0.00434984
v 0.19128925 0.65533614 0.00464643
v 0.19312801 0.65553877 0.00426531
v 0.19314029 0.65554854 0.00456188
v 0.19475589 0.65644377 0.00416695
v 0.19476841 0.656454 0.00446354
v 0.19591281 0.65790389 0.00406981
v 0.1959251 0.65791373 0.00436638
v 0.19642238 0.65969603 0.00398861
v 0.19643482 0.65970595 0.0042852
v 0.19620739 0.66154829 0.00393576
v 0.19621967 0.66155814 0.00423235
v 0.19530033 0.66317763 0.0039193
v 0.19531292 0.6631877 0.00421587
v 0.19383937 0.66433707 0.00394169
v 0.19385181 0.66434714 0.00423826
v 0.19204677 0.66484961 0.00399958
v 0.19205928 0.6648596 0.00429615
v 0.19020809 0.66464697 0.0043807
v 0.1885802 0.6637419 0.00447906
v 0.18742328 0.66228186 0.00457621
v 0.18690113 0.66047972 0.00436083
v 0.18741092 0.66227187 0.00427963
v 0.18691364 0.66048964 0.0046574
v 0.18798214 0.65696288 0.00449297
v 0.18946079 0.65578978 0.00447029
v 0.18945461 0.65577315 0.0045599
v 0.18796932 0.65695181 0.00458267
v 0.19127475 0.65527106 0.0044117
v 0.19127674 0.65525252 0.00450104
v 0.19314807 0.65548644 0.00432613
v 0.1931586 0.65546812 0.00441511
v 0.19479564 0.65640227 0.00422661
v 0.19481357 0.65638854 0.00431511
v 0.19596614 0.65787962 0.00412828
v 0.19598926 0.6578726 0.00421635
v 0.19648197 0.65969359 0.00404612
v 0.19650745 0.6596945 0.00413382
v 0.19626453 0.66156767 0.00399263
v 0.19628902 0.66157759 0.00408007
v 0.19534648 0.66321661 0.00397596
v 0.19536693 0.66323409 0.00406334
v 0.19386791 0.66439017 0.00399864
v 0.19388164 0.66441237 0.00408613
v 0.19205402 0.66490843 0.00405724
v 0.19205951 0.66493361 0.00414495
v 0.1901807 0.66469374 0.00414278
v 0.19017757 0.66471739 0.00423092
v 0.18853313 0.66377776 0.00424231
v 0.18852283 0.66379736 0.00433088
v 0.18736232 0.66230025 0.00434063
v 0.18734668 0.66231307 0.00442966
v 0.18684665 0.66048621 0.00442282
v 0.18682849 0.66049117 0.0045122
v 0.18706417 0.6586122 0.0044763
v 0.18704715 0.65860854 0.00456593
v 0.20822143 0.66740454 0.00448154
v 0.21141088 0.54932826 0.00533279
v 0.23161041 0.55004576 0.00712849
v 0.22843051 0.66819418 0.0065626
v 0.18227047 0.66636488 0.00309797
v 0.18560962 0.54839427 0.00506914
v 0.15335611 0.66520392 0.00289905
v 0.15674068 0.54733901 0.00545967
v -0.53423815 0.04283253 -0.00139984
v -0.53423815 0.73507422 -0.00139965
v 0.53757842 0.73507422 -0.00139965
v 0.53757842 0.04283253 -0.00139984
v 0.54561427 0.41507403 0.0023016
v 0.45936286 0.4235464 0.0041861
v 0.45445399 0.36851401 0.00429337
v 0.54090018 0.36013702 0.00240463
v 0.45989261 0.19006969 0.00767803
v 0.41974204 0.19316976 0.00593136
v 0.41937842 0.18797102 0.00588745
v 0.45950908 0.18485319 0.00672203
v 0.34107467 0.19935575 0.00595173
v 0.34071071 0.19415687 0.00590847
v 0.31706134 0.20137657 0.00599464
v 0.30900056 0.20195533 0.00598267
v 0.30869304 0.19685142 0.00594389
v 0.31669753 0.19617769 0.00593727
v 0.29953149 0.0662563 0.01201946
v 0.29887582 0.05668369 0.01635342
v 0.30679061 0.0554646 0.01458561
v 0.30758548 0.06559142 0.01185455
v 0.33161765 0.06341604 0.01133892
v 0.33089023 0.05329583 0.01372745
v 0.40955794 0.04740886 0.01593269
v 0.41028564 0.05751646 0.01349052
v 0.44958674 0.04489008 0.01992416
v 0.45031215 0.05484616 0.01684467
v 0.45358863 0.04466308 0.0204285
v 0.45431415 0.05459166 0.01723476
v 0.46351779 0.18460672 0.00785221
v 0.46388469 0.18974664 0.00940929
v 0.30832937 0.19165252 0.0059066
v 0.30760196 0.18125475 0.00592754
v 0.31560632 0.18058107 0.00592463
v 0.31633357 0.19097875 0.00590366
v 0.34034705 0.18895793 0.00589478
v 0.33961982 0.1785602 0.00591576
v 0.41828719 0.17237434 0.00588528
v 0.41901462 0.18277208 0.00587147
v 0.45830981 0.16900894 0.0061993
v 0.45909427 0.17952442 0.00609722
v 0.46231273 0.16867284 0.00620747
v 0.46311976 0.1792807 0.00653301
v 0.45758941 0.0444377 0.02093864
v 0.4583158 0.05433799 0.01762875
v 0.46709819 0.17891693 0.00719803
v 0.4663161 0.16833768 0.00620693
v 0.46744018 0.18412824 0.00904137
v 0.4677743 0.18917129 0.0109243
v 0.46073867 0.08881323 0.01196278
v 0.46282493 0.11853646 0.00876652
v 0.45882193 0.11884534 0.00865715
v 0.45673686 0.08911041 0.01174389
v 0.45481898 0.11915426 0.00854321
v 0.45273501 0.08940847 0.01152374
v 0.41496509 0.12227125 0.00736469
v 0.41271491 0.09246628 0.00950127
v 0.33612258 0.12837352 0.00682125
v 0.33404845 0.09851637 0.00835709
v 0.31210496 0.13044579 0.0069684
v 0.31002336 0.10059799 0.00864521
v 0.30408763 0.13111737 0.00701521
v 0.30199264 0.10127094 0.00873608
v -0.0330469 0.10823787 0.00628613
v -0.13778332 0.09535271 0.00345633
v -0.13537162 0.07612383 0.00527026
v -0.03057486 0.08905654 0.00923027
v -0.03601366 0.13024499 0.00481721
v -0.14069936 0.11712441 0.00294311
v -0.03950085 0.15555715 0.0053736
v -0.14410825 0.14249959 0.00320984
v 0.5200912 0.70345183 0.00531834
v 0.5199972 0.70319365 0.00534397
v 0.52297374 0.70110579 0.00543678
v 0.52364165 0.7027281 0.00527267
v 0.52008994 0.70379492 0.00528927
v 0.52007121 0.70379156 0.00529015
v 0.52007251 0.70345557 0.00531857
v 0.51995696 0.70411215 0.00526768
v 0.51994117 0.70410155 0.00526905
v 0.51971305 0.70435484 0.00525684
v 0.5197024 0.70433897 0.00525841
v 0.51939433 0.70448607 0.00525841
v 0.51939063 0.70446753 0.00525993
v 0.51905021 0.70448599 0.0052721
v 0.51905413 0.70446722 0.00527336
v 0.51873263 0.70435454 0.00529591
v 0.51874347 0.70433882 0.00529659
v 0.51853038 0.70416823 0.00531975
v 0.51854483 0.70415922 0.00531975
v 0.52004927 0.70346053 0.0053191
v 0.51996047 0.70321799 0.00534317
v 0.51998301 0.70320341 0.00534351
v 0.51992018 0.70408827 0.005271
v 0.52004462 0.7037876 0.00529152
v 0.51938224 0.70444441 0.00526222
v 0.51968703 0.70431624 0.00526096
v 0.51875319 0.70431708 0.00529808
v 0.51906073 0.7044406 0.00527534
v 0.51827601 0.69884268 0.00566658
v 0.5201707 0.69884314 0.00559109
v 0.52017051 0.69886786 0.00567661
v 0.51828288 0.6988674 0.00575184
v 0.52191851 0.69956648 0.00546017
v 0.52191199 0.69958861 0.00554619
v 0.52325324 0.70090269 0.00529373
v 0.52324202 0.70091986 0.00538033
v 0.52397246 0.7026483 0.00511711
v 0.52395819 0.70265929 0.00520435
v 0.52396559 0.7045378 0.0049572
v 0.52395121 0.70454161 0.00504509
v 0.52323416 0.70628294 0.00483837
v 0.52322287 0.7062805 0.00492664
v 0.52188971 0.70761862 0.00477867
v 0.5218833 0.70761122 0.00486717
v 0.52013648 0.70834158 0.00478722
v 0.52013667 0.70833113 0.00487572
v 0.51824218 0.70834112 0.00486271
v 0.51824904 0.70833083 0.0049509
v 0.51649436 0.70761763 0.00499367
v 0.51650767 0.70761031 0.00508137
v 0.51515929 0.70628157 0.00516006
v 0.51517791 0.7062789 0.00524719
v 0.51444056 0.70453574 0.00533669
v 0.51446166 0.70453947 0.00542316
v 0.51444735 0.70264654 0.0054966
v 0.51446837 0.7026573 0.0055825
v 0.51517875 0.70090102 0.00561542
v 0.51519713 0.70091811 0.00570087
v 0.51652297 0.69956534 0.00567512
v 0.51653655 0.69958754 0.00576035
v 0.52010882 0.69919173 0.00571316
v 0.51829711 0.6989324 0.0058073
v 0.5201607 0.69893301 0.00573303
v 0.52173293 0.69986403 0.00559147
v 0.52188018 0.69964453 0.00560421
v 0.52319342 0.700959 0.00544048
v 0.52390052 0.70267607 0.00526676
v 0.52363524 0.70448401 0.00512405
v 0.52389373 0.70453482 0.00510944
v 0.52295577 0.70610594 0.00501362
v 0.52317435 0.70625166 0.00499256
v 0.52170642 0.70734701 0.00495815
v 0.52185195 0.70756552 0.00493385
v 0.52007727 0.70801886 0.00496609
v 0.52012732 0.70827643 0.00494225
v 0.51831679 0.70801833 0.00503624
v 0.51826392 0.70827628 0.00501648
v 0.51669226 0.70734618 0.00515793
v 0.51654433 0.70756468 0.0051453
v 0.51545161 0.70610442 0.00531261
v 0.51523116 0.70625029 0.00530903
v 0.51478362 0.70448241 0.00547672
v 0.51452411 0.70453291 0.00548275
v 0.51478995 0.70272642 0.00562531
v 0.51453078 0.70267439 0.00564007
v 0.51525023 0.70095724 0.00575691
v 0.52006331 0.70343634 0.0050914
v 0.52007949 0.70343314 0.00509087
v 0.51993899 0.70310164 0.00512455
v 0.51992541 0.70311079 0.00512447
v 0.52007819 0.70377539 0.00506191
v 0.52006213 0.70377211 0.00506298
v 0.51994559 0.70409155 0.00504036
v 0.5199322 0.70408232 0.00504185
v 0.51970221 0.7043334 0.00502956
v 0.51969332 0.70431975 0.00503124
v 0.5193846 0.70446432 0.00503113
v 0.51938185 0.70444815 0.00503277
v 0.51904166 0.70446402 0.00504478
v 0.51904506 0.70444815 0.00504616
v 0.51872504 0.70433302 0.00506851
v 0.5187345 0.70431937 0.00506947
v 0.51853698 0.7041474 0.00530403
v 0.51855475 0.70413534 0.00530445
v 0.51856513 0.70414519 0.00532013
v 0.51995787 0.7032028 0.00532761
v 0.51997557 0.70319128 0.0053278
v 0.51946135 0.70368895 0.00110493
v 0.52006213 0.70377211 0.00506298
v 0.52006331 0.70343634 0.0050914
v 0.51946173 0.70363272 0.0011097
v 0.51992541 0.70311079 0.00512447
v 0.51944026 0.70358076 0.00111496
v 0.51944026 0.70358076 0.00111496
v 0.51992541 0.70311079 0.00512447
v 0.51990451 0.70312285 0.00512428
v 0.51940707 0.70358885 0.00111557
v 0.51969332 0.70431975 0.00503124
v 0.5199322 0.70408232 0.00504185
v 0.5194398 0.70374068 0.00110142
v 0.51939982 0.70378027 0.00109966
v 0.51904506 0.70444815 0.00504616
v 0.51938185 0.70444815 0.00503277
v 0.51934756 0.70380171 0.00109989
v 0.51929145 0.70380194 0.00110214
v 0.51921195 0.70372412 0.00111191
v 0.51850104 0.70405615 0.00510109
v 0.51848689 0.70406683 0.00510071
v 0.51919955 0.70374075 0.00111095
v 0.5187345 0.70431937 0.00506947
v 0.51923934 0.70378027 0.00110603
v 0.51991038 0.7031288 0.00523037
v 0.51990783 0.70312247 0.00514053
v 0.51992587 0.70311201 0.0051405
v 0.51992808 0.70311743 0.00523067
v 0.51848727 0.70406782 0.00511677
v 0.51849807 0.70405989 0.00511715
v 0.51850634 0.7040618 0.00520721
v 0.51848956 0.70407339 0.00520691
v 0.51933169 0.70257361 0.00519367
v 0.51947867 0.70269972 0.00517712
v 0.51948676 0.70268339 0.00517799
v 0.51933169 0.70257361 0.00519367
v 0.51933234 0.70257483 0.00520966
v 0.51947943 0.7027011 0.00519306
v 0.51947867 0.70269972 0.00517712
v 0.51847342 0.70407584 0.00510033
v 0.51848689 0.70406683 0.00510071
v 0.51836936 0.7037718 0.00513039
v 0.51835349 0.70377478 0.00513062
v 0.51848689 0.70406683 0.00510071
v 0.5183702 0.70377318 0.00514637
v 0.51836936 0.7037718 0.00513039
v 0.51970664 0.70290663 0.00536358
v 0.51970729 0.70290816 0.00537952
v 0.5197169 0.70289442 0.00538048
v 0.5166973 0.69986212 0.0057922
v 0.51822886 0.70333189 0.00540249
v 0.51669646 0.69986075 0.00577614
v 0.51822806 0.70333037 0.00538651
v 0.51949572 0.70270293 0.0054055
v 0.51836249 0.70379454 0.00535809
v 0.51827079 0.70351691 0.00538528
v 0.51822402 0.70332159 0.00528122
v 0.51669078 0.69984862 0.00563435
v 0.5167203 0.69982901 0.00563484
v 0.51672591 0.69984106 0.00577663
v 0.51934012 0.70259138 0.00540489
v 0.519336 0.70258253 0.00529957
v 0.51828398 0.70350561 0.00526321
v 0.5182881 0.70351431 0.00536854
v 0.51837355 0.70378081 0.00523632
v 0.51837779 0.70378989 0.00534161
v 0.5197024 0.70289763 0.00525825
v 0.51948279 0.7027088 0.00528301
v 0.51948691 0.70271773 0.00538834
v 0.51671553 0.69981856 0.005513
v 0.51668593 0.69983832 0.00551254
v 0.51822043 0.70331389 0.00519131
v 0.5182804 0.70349783 0.0051733
v 0.51969901 0.70289015 0.0051683
v 0.5196984 0.7028887 0.00515236
v 0.51970736 0.70287505 0.00515297
v 0.5196984 0.7028887 0.00515236
v 0.51992541 0.70311079 0.00512447
v 0.51827967 0.70349646 0.00515732
v 0.51826171 0.7034976 0.00515778
v 0.51827967 0.70349646 0.00515732
v 0.51821978 0.70331236 0.00517529
v 0.51821978 0.70331236 0.00517529
v 0.51668528 0.69983687 0.00549648
v 0.51668528 0.69983687 0.00549648
v 0.51948767 0.7027191 0.00540428
v 0.51934096 0.70259276 0.00542084
v 0.51672671 0.69984236 0.00579269
v 0.51837851 0.70379126 0.00535759
v 0.51828883 0.70351561 0.00538448
v 0.516715 0.69981741 0.00549698
v 0.516715 0.69981741 0.00549698
v 0.516715 0.69981741 0.00549698
v 0.51850104 0.70405615 0.00510109
v 0.51990451 0.70312285 0.00512428
v 0.51920176 0.70358511 0.00521996
v 0.51925128 0.70366148 0.00532066
v 0.51917811 0.70354681 0.00514069
v 0.51917132 0.70353621 0.00511845
v 0.51917132 0.70353621 0.00511845
v 0.51929087 0.70361685 0.00111786
v 0.51925704 0.70367071 0.00533279
v 0.51828543 0.69890746 0.00551159
v 0.52318133 0.7009339 0.00514477
v 0.52388884 0.70265112 0.00497105
v 0.52388205 0.70450964 0.00481377
v 0.5231626 0.70622671 0.00469685
v 0.5218402 0.70754042 0.00463814
v 0.52011569 0.7082514 0.00464653
v 0.51825217 0.70825095 0.0047208
v 0.5165327 0.70753943 0.00484959
v 0.51521945 0.70622504 0.00501331
v 0.51656073 0.69961836 0.00551998
v 0.51523852 0.7009323 0.00546127
v 0.52016272 0.69885695 0.00550117
v 0.52190272 0.69957716 0.00537083
v 0.52191851 0.69956648 0.00546017
v 0.5201707 0.69884314 0.00559109
v 0.52323176 0.7009072 0.00520512
v 0.52325324 0.70090269 0.00529373
v 0.52394717 0.7026451 0.00502933
v 0.52397246 0.7026483 0.00511711
v 0.52394057 0.70452605 0.00487015
v 0.52396559 0.7045378 0.0049572
v 0.5232125 0.70626341 0.00475182
v 0.52323416 0.70628294 0.00483837
v 0.52187403 0.70759306 0.00469242
v 0.52188971 0.70761862 0.00477867
v 0.520129 0.70831259 0.00470093
v 0.52013648 0.70834158 0.00478722
v 0.51824317 0.70831206 0.00477604
v 0.51824218 0.70834112 0.00486271
v 0.51650298 0.70759199 0.00490639
v 0.51649436 0.70761763 0.00499367
v 0.51517432 0.70626173 0.0050721
v 0.51515929 0.70628157 0.00516006
v 0.51445845 0.70452422 0.00524792
v 0.51444056 0.70453574 0.00533669
v 0.51446517 0.70264311 0.0054071
v 0.51444735 0.70264654 0.0054966
v 0.5151932 0.70090552 0.0055254
v 0.51517875 0.70090102 0.00561542
v 0.51653178 0.69957594 0.00558483
v 0.51652297 0.69956534 0.00567512
v 0.51827666 0.69885657 0.00557632
v 0.51827601 0.69884268 0.00566658
v 0.51657267 0.69964354 0.0058157
v -0.08652988 0.13609932 0.00491413
v -0.08635776 0.13588352 0.00491297
v -0.08287975 0.13739574 0.00515707
v -0.08395931 0.13886799 0.00516897
v -0.08682407 0.13627796 0.00490854
v -0.08683082 0.1362603 0.00490737
v -0.08654278 0.13608524 0.00491283
v -0.08716438 0.13633064 0.00489597
v -0.08716358 0.13631195 0.00489509
v -0.08749866 0.13624969 0.00487838
v -0.08749046 0.13623253 0.00487784
v -0.08777611 0.13604622 0.00485833
v -0.08776226 0.1360334 0.00485824
v -0.0879544 0.13575214 0.00483898
v -0.08793621 0.13574581 0.00483932
v -0.08800659 0.1354121 0.00482327
v -0.08798763 0.13541305 0.00482392
v -0.08795212 0.13514156 0.00481485
v -0.08793682 0.13514923 0.00481565
v -0.08655891 0.13606796 0.00491146
v -0.08639774 0.13586506 0.00491034
v -0.08637344 0.13587661 0.00491184
v -0.0871632 0.13628692 0.00489411
v -0.08684128 0.1362355 0.00490593
v -0.08774662 0.13601417 0.00485816
v -0.08747925 0.13620723 0.00487735
v -0.08796375 0.13541015 0.00482483
v -0.08791004 0.13573738 0.00484013
v -0.08352833 0.13214576 0.00477211
v -0.08254646 0.1337643 0.00487859
v -0.08256691 0.13376697 0.00496522
v -0.08354507 0.13215427 0.00485911
v -0.08225906 0.13563675 0.00496526
v -0.08228073 0.13563236 0.00505155
v -0.08271061 0.13747734 0.00501883
v -0.08273025 0.13746658 0.00510494
v -0.08383137 0.13900654 0.00503123
v -0.0838472 0.13899013 0.00511728
v -0.08545151 0.13999149 0.00500051
v -0.08546158 0.13997097 0.00508667
v -0.08732384 0.14028156 0.00493136
v -0.08732673 0.14026031 0.00501779
v -0.08916363 0.13983352 0.00483435
v -0.08915989 0.1398138 0.00492112
v -0.09069099 0.13871494 0.00472419
v -0.09068119 0.13869938 0.00481137
v -0.09167274 0.13709659 0.0046177
v -0.09165951 0.13708683 0.00470526
v -0.09195991 0.13522419 0.00453108
v -0.09194595 0.13522152 0.00461896
v -0.09150883 0.1333834 0.00447747
v -0.09149612 0.13338775 0.00456557
v -0.09038757 0.13185428 0.00446508
v -0.09037926 0.13186393 0.00455324
v -0.08876781 0.1308694 0.00449581
v -0.08876518 0.13088272 0.00458385
v -0.08689506 0.13057899 0.00456494
v -0.0868996 0.13059341 0.00465273
v -0.08505531 0.1310271 0.00466196
v -0.08506676 0.13104 0.00474939
v -0.08366737 0.13226158 0.00491947
v -0.08690956 0.13075306 0.00471997
v -0.08653297 0.13609413 0.00468503
v -0.08652195 0.13610634 0.00468582
v -0.086311 0.13581276 0.00468326
v -0.08632599 0.13580566 0.00468249
v -0.08681557 0.13628463 0.00468027
v -0.08682102 0.13626896 0.00467957
v -0.08715465 0.1363372 0.00466772
v -0.0871537 0.13632068 0.00466728
v -0.08748768 0.13625606 0.00465015
v -0.08748081 0.13624138 0.00465006
v -0.08776443 0.1360535 0.00463021
v -0.08775196 0.13604248 0.00463048
v -0.08794193 0.13576046 0.00461093
v -0.08792671 0.13575485 0.00461155
v -0.08799408 0.13542122 0.00459524
v -0.08797752 0.13542213 0.00459616
v -0.08793094 0.13513836 0.00479847
v -0.08791137 0.13514713 0.00479977
v -0.08791435 0.13515911 0.00481701
v -0.08638611 0.13585685 0.00489362
v -0.08636719 0.1358659 0.0048947
v -0.0870956 0.13617992 0.00068555
v -0.08682102 0.13626896 0.00467957
v -0.08653297 0.13609413 0.00468503
v -0.08704727 0.13615081 0.00068647
v -0.08632599 0.13580566 0.00468249
v -0.08701416 0.13610511 0.00068609
v -0.08701416 0.13610511 0.00068609
v -0.08632599 0.13580566 0.00468249
v -0.08634716 0.13579403 0.00468113
v -0.08703815 0.13608104 0.0006841
v -0.08748081 0.13624138 0.00465006
v -0.0871537 0.13632068 0.00466728
v -0.08715107 0.13618866 0.00068358
v -0.08720573 0.13617538 0.0006807
v -0.08792671 0.13575485 0.00461155
v -0.08775196 0.13604248 0.00463048
v -0.08725128 0.13614185 0.0006774
v -0.08728035 0.13609398 0.00067417
v -0.08725509 0.1359853 0.00067097
v -0.08787319 0.13508465 0.00458727
v -0.08788963 0.13507808 0.0045863
v -0.08727573 0.13598354 0.00066999
v -0.08797752 0.13542213 0.00459616
v -0.08728893 0.13603824 0.00067159
v -0.08634834 0.13578979 0.00478748
v -0.08634502 0.13579502 0.00469756
v -0.08632675 0.13580475 0.00469855
v -0.08632938 0.13579895 0.00478866
v -0.08789024 0.13507717 0.00460235
v -0.087878 0.13508205 0.00460318
v -0.08787453 0.13507957 0.00469357
v -0.0878931 0.13507141 0.00469245
v -0.08617416 0.13501697 0.00465775
v -0.08620594 0.13520866 0.004664
v -0.0861877 0.13520717 0.00466454
v -0.08617416 0.13501697 0.00465775
v -0.08617477 0.13501632 0.00467378
v -0.08620651 0.13520824 0.00468001
v -0.08620594 0.13520866 0.004664
v -0.08790443 0.13507148 0.00458522
v -0.08788963 0.13507808 0.0045863
v -0.08769832 0.134823 0.00458441
v -0.08770893 0.13481106 0.00458331
v -0.08788963 0.13507808 0.0045863
v -0.08769893 0.13482265 0.00460044
v -0.08769832 0.134823 0.00458441
v -0.08626293 0.1354869 0.00488509
v -0.08626354 0.13548626 0.00490108
v -0.08624687 0.13548744 0.00490201
v -0.0852177 0.1313142 0.00481511
v -0.08527668 0.13135299 0.00481411
v -0.08521705 0.1313145 0.00479901
v -0.08527626 0.13135353 0.004798
v -0.08619793 0.13519779 0.00489264
v -0.08771953 0.13480209 0.00481139
v -0.09135204 0.13345329 0.00463574
v -0.08379219 0.1323344 0.00461946
v -0.08365452 0.13227333 0.00462298
v -0.08527 0.13135914 0.00465583
v -0.08738746 0.13445038 0.00468958
v -0.08739208 0.1344458 0.00479515
v -0.08689682 0.13076469 0.00442348
v -0.08690361 0.13091423 0.00442912
v -0.08518684 0.13139179 0.00480336
v -0.08518062 0.13139744 0.00466121
v -0.08517879 0.13133514 0.0046588
v -0.08518493 0.13132919 0.00480097
v -0.08521099 0.13132003 0.00465682
v -0.08617866 0.13501285 0.00476396
v -0.08618324 0.13500862 0.00486954
v -0.08751388 0.13459804 0.00469001
v -0.08751819 0.13459369 0.00479556
v -0.08770302 0.13481899 0.00469061
v -0.08770771 0.13481472 0.00479619
v -0.0862582 0.13549114 0.00477951
v -0.08621059 0.13520439 0.00477017
v -0.08621521 0.13520019 0.00487576
v -0.08517532 0.13140243 0.00453908
v -0.0851733 0.13133987 0.00453666
v -0.08520569 0.13132499 0.00453469
v -0.08526474 0.1313639 0.0045337
v -0.08738346 0.13445381 0.00459941
v -0.08750984 0.1346017 0.00459983
v -0.0862545 0.13549473 0.00468933
v -0.08625366 0.13549545 0.00467332
v -0.08623737 0.13549595 0.00467386
v -0.08625366 0.13549545 0.00467332
v -0.08632599 0.13580566 0.00468249
v -0.08750923 0.13460201 0.00458381
v -0.08751949 0.13458725 0.00458262
v -0.08750923 0.13460201 0.00458381
v -0.08738273 0.13445453 0.00458338
v -0.08738273 0.13445453 0.00458338
v -0.0852639 0.13136451 0.0045176
v -0.0852639 0.13136451 0.0045176
v -0.08517467 0.131403 0.00452298
v -0.08517467 0.131403 0.00452298
v -0.08621586 0.13519947 0.00489178
v -0.08618385 0.13500797 0.00488555
v -0.08518745 0.13139103 0.00481947
v -0.08770824 0.1348143 0.00481222
v -0.08751892 0.13459327 0.00481158
v -0.08752933 0.13457843 0.00481071
v -0.08739281 0.13444561 0.00481118
v -0.0851857 0.13132866 0.00481708
v -0.08520485 0.1313256 0.00451859
v -0.08517277 0.13134086 0.00452059
v -0.08520485 0.1313256 0.00451859
v -0.08517277 0.13134086 0.00452059
v -0.08517277 0.13134086 0.00452059
v -0.08787319 0.13508465 0.00458727
v -0.08551914 0.13981651 0.00513941
v -0.0873222 0.14009617 0.00507282
v -0.08909385 0.13966446 0.0049794
v -0.09056446 0.13858726 0.00487332
v -0.09151005 0.13702884 0.00477077
v -0.09178642 0.13522606 0.00468736
v -0.08634716 0.13579403 0.00468113
v -0.08710602 0.13542373 0.00474033
v -0.08714481 0.13549316 0.00485027
v -0.08708648 0.13539318 0.00465673
v -0.08708114 0.13538479 0.00463329
v -0.08708114 0.13538479 0.00463329
v -0.08712238 0.1359967 0.00067713
v -0.08714958 0.13550148 0.00486353
v -0.08357998 0.1322052 0.00462348
v -0.08359287 0.13219333 0.00491998
v -0.08262722 0.13378532 0.00502472
v -0.08234463 0.13562713 0.00510994
v -0.0827758 0.13744968 0.00486615
v -0.08278847 0.13743835 0.00516268
v -0.08387832 0.13895435 0.00487836
v -0.08389099 0.13894226 0.00517485
v -0.08547203 0.13992286 0.00484815
v -0.08548496 0.13991111 0.00514464
v -0.08731396 0.14020862 0.00478013
v -0.08732677 0.1401968 0.00507663
v -0.08912365 0.13976787 0.00468469
v -0.08913658 0.13975582 0.00498119
v -0.09062591 0.13866737 0.00457634
v -0.09063877 0.13865554 0.00487284
v -0.0915916 0.13707534 0.0044716
v -0.09160469 0.13706382 0.00476809
v -0.09187443 0.13523369 0.00438636
v -0.09188717 0.13522194 0.00468284
v -0.09143043 0.13342277 0.00433364
v -0.09144363 0.13341083 0.00463013
v -0.09034054 0.13190647 0.00461795
v -0.08874698 0.13093799 0.00464818
v -0.08690471 0.13065216 0.00471617
v -0.08508255 0.1311047 0.00451512
v -0.08689209 0.13066414 0.00441969
v -0.08509521 0.13109325 0.00481163
v -0.08256306 0.13377533 0.0047895
v -0.08227718 0.13563911 0.00487576
v -0.08225906 0.13563675 0.00496526
v -0.08254646 0.1337643 0.00487859
v -0.08272632 0.13747181 0.00492909
v -0.08271061 0.13747734 0.00501883
v -0.08384235 0.13899406 0.0049414
v -0.08383137 0.13900654 0.00503123
v -0.08545513 0.13997455 0.00491085
v -0.08545151 0.13999149 0.00500051
v -0.08731899 0.14026336 0.004842
v -0.08732384 0.14028156 0.00493136
v -0.08915077 0.13981727 0.00474543
v -0.08916363 0.13983352 0.00483435
v -0.09067085 0.1387038 0.00463579
v -0.09069099 0.13871494 0.00472419
v -0.09164795 0.13709282 0.00452977
v -0.09167274 0.13709659 0.0046177
v -0.09193416 0.13522865 0.00444351
v -0.09195991 0.13522419 0.00453108
v -0.09148491 0.1333963 0.00439018
v -0.09150883 0.1333834 0.00447747
v -0.09036934 0.13187381 0.00437785
v -0.09038757 0.13185428 0.00446508
v -0.08875625 0.13089332 0.00440843
v -0.08876781 0.1308694 0.00449581
v -0.08689239 0.13060432 0.00447723
v -0.08689506 0.13057899 0.00456494
v -0.08506065 0.13105068 0.00457385
v -0.08505531 0.1310271 0.00466196
v -0.08354061 0.13216377 0.00468348
v -0.08352833 0.13214576 0.00477211
v 0.5194551 0.69640684 0.00418724
v 0.51973105 0.69641013 0.00418877
v 0.5206354 0.6999256 0.00441399
v 0.51887408 0.69997687 0.00440804
v 0.51913337 0.69628439 0.00417915
v 0.51914317 0.69626829 0.00417816
v 0.51945823 0.696388 0.0041861
v 0.51888274 0.69604826 0.00416538
v 0.51889823 0.69603735 0.00416473
v 0.51874167 0.69573477 0.00414806
v 0.51876033 0.6957305 0.00414776
v 0.51873183 0.69539069 0.00412975
v 0.51875045 0.69539389 0.00412983
v 0.51885436 0.69506918 0.00411331
v 0.51887046 0.69507964 0.00411377
v 0.51909076 0.69481917 0.00410122
v 0.5191017 0.69483466 0.00410191
v 0.51933783 0.6946958 0.00409588
v 0.51934108 0.69471266 0.00409664
v 0.51946185 0.69636465 0.00418488
v 0.51972121 0.69636732 0.00418629
v 0.51972686 0.69639349 0.0041877
v 0.51891818 0.69602232 0.00416401
v 0.51915637 0.6962448 0.00417698
v 0.51877524 0.69539412 0.00412998
v 0.51878711 0.69572409 0.00414753
v 0.51911868 0.69485144 0.0041029
v 0.51889327 0.69509512 0.00411468
v 0.5244197 0.6963452 0.00409409
v 0.52374495 0.69811499 0.00418465
v 0.52372943 0.69810072 0.00427116
v 0.52440181 0.69633772 0.00418098
v 0.52244345 0.6994924 0.00425125
v 0.52243277 0.69947317 0.00433754
v 0.52071345 0.70026747 0.00428383
v 0.52070914 0.70024565 0.00437
v 0.5188182 0.70032294 0.00427738
v 0.51882067 0.70030051 0.00436359
v 0.51704615 0.69964957 0.0042329
v 0.51705535 0.6996295 0.00431927
v 0.51566745 0.69835013 0.00415714
v 0.51568148 0.69833517 0.00424381
v 0.51489157 0.69662276 0.0040617
v 0.51490855 0.69661406 0.00414867
v 0.51483661 0.69472983 0.00396103
v 0.51485411 0.69472838 0.00404839
v 0.51551139 0.69296027 0.00387051
v 0.5155263 0.69296515 0.00395817
v 0.51681281 0.69158308 0.0038039
v 0.51682273 0.69159285 0.00389183
v 0.51854289 0.69080763 0.00377129
v 0.51854644 0.69082068 0.00385937
v 0.52043826 0.69075247 0.00377773
v 0.52043494 0.69076567 0.00386581
v 0.52221007 0.69142584 0.00382225
v 0.52220031 0.69143645 0.00391014
v 0.52358908 0.69272528 0.00389797
v 0.52357421 0.69273116 0.0039856
v 0.52436507 0.69445265 0.00399342
v 0.52434706 0.69445212 0.0040807
v 0.52345271 0.69792517 0.00432182
v 0.52434111 0.69632429 0.00424133
v 0.52367732 0.69806494 0.00433037
v 0.52224318 0.69920493 0.00438374
v 0.52239699 0.69942 0.0043959
v 0.52069506 0.70018278 0.00442791
v 0.51883078 0.70023703 0.00442158
v 0.51722728 0.69935095 0.00436668
v 0.51708762 0.69957442 0.00437786
v 0.51594588 0.6981436 0.0042963
v 0.51573123 0.69829642 0.00430332
v 0.51522502 0.69653838 0.00420757
v 0.51496802 0.69659727 0.00420944
v 0.51517386 0.69477934 0.00411404
v 0.51491427 0.69473524 0.00411041
v 0.51580107 0.69313506 0.00402992
v 0.51557761 0.6929946 0.00402138
v 0.51701052 0.69185484 0.00396797
v 0.51685797 0.69163954 0.0039558
v 0.51861831 0.69113425 0.00393772
v 0.51855979 0.69087675 0.00392376
v 0.5203794 0.69108282 0.00394371
v 0.5204243 0.69082266 0.00393013
v 0.5220262 0.69170882 0.00398502
v 0.52216735 0.69148497 0.00397388
v 0.52352393 0.6927632 0.00404831
v 0.51945937 0.69639998 0.00395821
v 0.51945666 0.69641615 0.00395889
v 0.51981795 0.69640196 0.00395992
v 0.51981414 0.69638609 0.00395924
v 0.51913565 0.69629423 0.00395084
v 0.5191445 0.69628027 0.00395031
v 0.51888591 0.69605879 0.00393711
v 0.51889933 0.69604948 0.00393684
v 0.51874541 0.69574599 0.00391983
v 0.51876139 0.69574248 0.00391991
v 0.51873549 0.69540305 0.0039016
v 0.51875171 0.69540617 0.00390202
v 0.51885787 0.69508276 0.00388519
v 0.51887156 0.69509154 0.00388592
v 0.51909346 0.69483336 0.00387314
v 0.51910308 0.69484694 0.00387409
v 0.51935351 0.69471037 0.00407959
v 0.51935851 0.69473128 0.00408081
v 0.51934706 0.69473647 0.00409794
v 0.51973483 0.69637122 0.00416965
v 0.51973937 0.69639181 0.00417068
v 0.51908511 0.69598761 -4.276E-05
v 0.5191445 0.69628027 0.00395031
v 0.51945937 0.69639998 0.00395821
v 0.51913775 0.69600783 -4.143E-05
v 0.51981414 0.69638609 0.00395924
v 0.51919425 0.69600607 -4.124E-05
v 0.51919425 0.69600607 -4.124E-05
v 0.51981414 0.69638609 0.00395924
v 0.51981032 0.69636221 0.00395794
v 0.51919841 0.69597227 -4.303E-05
v 0.51876139 0.69574248 0.00391991
v 0.51889933 0.69604948 0.00393684
v 0.51904422 0.69594916 -4.501E-05
v 0.51902121 0.69589781 -4.784E-05
v 0.51887156 0.69509154 0.00388592
v 0.51875171 0.69540617 0.00390202
v 0.51901965 0.69584151 -5.085E-05
v 0.51903945 0.69578902 -5.352E-05
v 0.51914084 0.69574225 -5.55E-05
v 0.51943339 0.69472174 0.00386909
v 0.51942832 0.69470488 0.00386814
v 0.51912963 0.69572485 -5.65E-05
v 0.51910308 0.69484694 0.00387409
v 0.51907828 0.69574797 -5.55E-05
v 0.519812 0.69635931 0.00406433
v 0.51981093 0.6963645 0.00397438
v 0.51981425 0.6963851 0.0039753
v 0.51981643 0.69637976 0.00406544
v 0.51942862 0.69470381 0.0038842
v 0.51943244 0.69471663 0.003885
v 0.51943557 0.69471831 0.00397541
v 0.51943061 0.69469855 0.00397438
v 0.52053 0.6960211 0.00394341
v 0.52035922 0.69611388 0.00394749
v 0.52037173 0.69612715 0.0039481
v 0.52053 0.6960211 0.00394341
v 0.52053008 0.69602034 0.00395943
v 0.52035903 0.69611311 0.00396351
v 0.52035922 0.69611388 0.00394749
v 0.51942462 0.69468901 0.00386711
v 0.51942832 0.69470488 0.00386814
v 0.51974723 0.69469923 0.00386944
v 0.51975009 0.69468336 0.00386841
v 0.51942832 0.69470488 0.00386814
v 0.51974707 0.69469847 0.00388546
v 0.51974723 0.69469923 0.00386944
v 0.52010253 0.69624106 0.00416542
v 0.5201023 0.69624014 0.0041814
v 0.5201118 0.69625395 0.00418236
v 0.52403739 0.69450163 0.0041431
v 0.52023059 0.69470953 0.00410088
v 0.52403758 0.69450224 0.00412704
v 0.52023089 0.69471022 0.00408485
v 0.5203704 0.69611487 0.00417625
v 0.51974852 0.69467085 0.00409657
v 0.52004191 0.69468321 0.0040987
v 0.52023116 0.69471594 0.00397923
v 0.52403838 0.69450987 0.00398479
v 0.52404624 0.69454443 0.00398666
v 0.52404563 0.6945368 0.00412888
v 0.52052909 0.69600989 0.0041552
v 0.52052951 0.69601561 0.00404964
v 0.52003699 0.69470694 0.00397781
v 0.52003672 0.69470137 0.0040834
v 0.51974665 0.69469344 0.00397564
v 0.51974601 0.69468779 0.00408127
v 0.52010321 0.69624663 0.00405979
v 0.52035868 0.69610815 0.00405369
v 0.52035819 0.69610251 0.00415932
v 0.52404692 0.69455099 0.00386448
v 0.52403895 0.69451636 0.00386261
v 0.52023177 0.69472067 0.00388905
v 0.52003764 0.69471182 0.0038876
v 0.5201034 0.69625151 0.00396961
v 0.52010348 0.69625243 0.00395359
v 0.52011313 0.6962657 0.00395416
v 0.52010348 0.69625243 0.00395359
v 0.51981414 0.69638609 0.00395924
v 0.52003764 0.69471266 0.00387157
v 0.52004309 0.69469542 0.00387054
v 0.52003764 0.69471266 0.00387157
v 0.52023196 0.69472159 0.00387299
v 0.52023196 0.69472159 0.00387299
v 0.5240391 0.69451727 0.00384651
v 0.5240391 0.69451727 0.00384651
v 0.52035804 0.69610175 0.00417534
v 0.52052886 0.6960092 0.0041713
v 0.52404555 0.69453604 0.00414497
v 0.51974589 0.6946871 0.00409729
v 0.52003665 0.69470068 0.00409943
v 0.52404685 0.69455183 0.00384842
v 0.52404685 0.69455183 0.00384842
v 0.52404685 0.69455183 0.00384842
v 0.51943339 0.69472174 0.00386909
v 0.51981032 0.69636221 0.00395794
v 0.51963568 0.69553625 0.00401981
v 0.51955596 0.69554892 0.00412891
v 0.51967269 0.69553259 0.00393661
v 0.51968303 0.69553145 0.00391323
v 0.51968303 0.69553145 0.00391323
v 0.51921344 0.69585379 -4.921E-05
v 0.51954638 0.69555029 0.00414207
v 0.52434249 0.69634016 0.00394474
v 0.52069667 0.7001982 0.00413132
v 0.51883216 0.70025275 0.00412502
v 0.51708918 0.69959044 0.00408127
v 0.5157326 0.69831221 0.00400677
v 0.51496955 0.69661299 0.00391285
v 0.51491557 0.69475096 0.00381382
v 0.51557933 0.69301047 0.00372478
v 0.51685954 0.69165549 0.00365921
v 0.51856139 0.69089278 0.0036272
v 0.52428862 0.69447813 0.00384571
v 0.5235253 0.69277899 0.00375179
v 0.52372695 0.69810805 0.00409538
v 0.52243125 0.6994792 0.00416172
v 0.52244345 0.6994924 0.00425125
v 0.52374495 0.69811499 0.00418465
v 0.52070914 0.70025107 0.00419411
v 0.52071345 0.70026747 0.00428383
v 0.51882232 0.70030577 0.0041877
v 0.5188182 0.70032294 0.00427738
v 0.51705825 0.6996356 0.00414345
v 0.51704615 0.69964957 0.0042329
v 0.51568572 0.69834212 0.00406803
v 0.51566745 0.69835013 0.00415714
v 0.51491324 0.69662245 0.00397297
v 0.51489157 0.69662276 0.0040617
v 0.51485865 0.69473837 0.0038728
v 0.51483661 0.69472983 0.00396103
v 0.51553046 0.69297697 0.00378265
v 0.51551139 0.69296027 0.00387051
v 0.51682601 0.69160544 0.00371632
v 0.51681281 0.69158308 0.0038039
v 0.51854831 0.69083395 0.00368393
v 0.51854289 0.69080763 0.00377129
v 0.52043494 0.69077864 0.00369034
v 0.52043826 0.69075247 0.00377773
v 0.52219909 0.69144904 0.00373463
v 0.52221007 0.69142584 0.00382225
v 0.5235718 0.6927426 0.00381001
v 0.52358908 0.69272528 0.00389797
v 0.52434413 0.69446234 0.00390507
v 0.52436507 0.69445265 0.00399342
v 0.52439868 0.69634627 0.00400524
v 0.5244197 0.6963452 0.00409409
v 0.52428698 0.69446242 0.0041423
v 0.35151424 0.68146422 0.0061755
v 0.35169452 0.68125525 0.00617992
v 0.35511775 0.68290495 0.00616566
v 0.35398322 0.68433501 0.00613499
v 0.35121322 0.68163138 0.00617237
v 0.35120711 0.68161345 0.00617264
v 0.3515018 0.68144957 0.00617569
v 0.35087089 0.68167082 0.00617237
v 0.35087241 0.6816519 0.00617268
v 0.35053977 0.68157675 0.00617554
v 0.35054851 0.68155966 0.00617573
v 0.35026981 0.68136244 0.00618134
v 0.35028423 0.68135024 0.00618141
v 0.35010234 0.68106154 0.00618893
v 0.35012069 0.68105582 0.00618881
v 0.35006297 0.68071959 0.00619713
v 0.35008189 0.68072119 0.00619686
v 0.35012767 0.68045111 0.00620327
v 0.35014259 0.68045943 0.00620285
v 0.35148624 0.68143179 0.00617619
v 0.35165527 0.68123518 0.00618034
v 0.35167895 0.6812477 0.00617996
v 0.35087382 0.68162703 0.00617325
v 0.35119762 0.68158812 0.00617325
v 0.35030032 0.68133147 0.00618183
v 0.35056083 0.68153494 0.0061763
v 0.35010574 0.68071913 0.00619682
v 0.35014724 0.68104849 0.00618893
v 0.35465907 0.67762114 0.0061433
v 0.35558055 0.67927786 0.00610161
v 0.35556377 0.67928526 0.00618874
v 0.35464576 0.67763464 0.00623032
v 0.35579776 0.68116087 0.00605648
v 0.35578021 0.68116148 0.00614376
v 0.35527751 0.68298369 0.00601482
v 0.35526206 0.68297766 0.00610226
v 0.35409938 0.68446906 0.00598297
v 0.35408782 0.68445746 0.00607056
v 0.35244216 0.68539046 0.00596577
v 0.35243682 0.68537512 0.00605343
v 0.35055854 0.68560736 0.00596588
v 0.35056018 0.68559172 0.0060535
v 0.34873531 0.68508757 0.00598324
v 0.34874362 0.68507361 0.00607082
v 0.34724944 0.68390967 0.00601521
v 0.34726371 0.6838999 0.00610268
v 0.34632812 0.6822531 0.00605694
v 0.34634547 0.68224951 0.00614426
v 0.34611106 0.68037001 0.00610207
v 0.34612888 0.68037344 0.00618923
v 0.346631 0.67854704 0.00614372
v 0.34664741 0.67855742 0.0062307
v 0.34780948 0.67706183 0.00617558
v 0.34782149 0.67707762 0.00626244
v 0.34946651 0.6761405 0.00619274
v 0.34947234 0.67615965 0.00627956
v 0.35135032 0.67592337 0.00619263
v 0.35134929 0.67594328 0.00627945
v 0.35317359 0.67644316 0.00617531
v 0.35316569 0.67646132 0.00626217
v 0.35452224 0.67774123 0.00628941
v 0.35133598 0.67610632 0.0063369
v 0.35150108 0.68144415 0.00594757
v 0.35151176 0.68145674 0.00594707
v 0.35173354 0.68117125 0.00595322
v 0.35171893 0.68116385 0.0059536
v 0.3512115 0.6816236 0.00594398
v 0.35120658 0.68160796 0.00594452
v 0.35087028 0.68166281 0.00594398
v 0.3508718 0.68164664 0.00594452
v 0.35054008 0.68156866 0.00594711
v 0.35054771 0.68155417 0.00594765
v 0.35027103 0.68135527 0.00595295
v 0.35028381 0.68134489 0.00595329
v 0.35010436 0.68105528 0.0059605
v 0.35011993 0.68105048 0.00596073
v 0.35006496 0.68071425 0.00596867
v 0.35008159 0.6807157 0.00596874
v 0.35014812 0.6804476 0.00618618
v 0.3501673 0.68045721 0.00618599
v 0.35016467 0.68047026 0.00620255
v 0.35166621 0.68122633 0.00616364
v 0.35168498 0.6812361 0.00616325
v 0.35075923 0.68125014 0.00198147
v 0.35120658 0.68160796 0.00594452
v 0.35150108 0.68144415 0.00594757
v 0.35080859 0.68122298 0.001982
v 0.35171893 0.68116385 0.0059536
v 0.35084361 0.68117857 0.00198292
v 0.35084361 0.68117857 0.00198292
v 0.35171893 0.68116385 0.0059536
v 0.35169818 0.68115134 0.00595394
v 0.35082042 0.68115363 0.0019836
v 0.35054771 0.68155417 0.00594765
v 0.3508718 0.68164664 0.00594452
v 0.35070342 0.6812567 0.00198147
v 0.35064933 0.68124121 0.001982
v 0.35011993 0.68105048 0.00596073
v 0.35028381 0.68134489 0.00595329
v 0.35060512 0.68120612 0.00198296
v 0.35057761 0.68115714 0.00198418
v 0.3506071 0.68104941 0.00198666
v 0.35019836 0.68038237 0.0059763
v 0.35018218 0.68037535 0.00597649
v 0.35058654 0.68104674 0.00198677
v 0.35008159 0.6807157 0.00596874
v 0.35057124 0.68110091 0.00198551
v 0.351702 0.68115401 0.00606029
v 0.35170112 0.68115332 0.00597015
v 0.35171897 0.681164 0.0059697
v 0.3517205 0.68116377 0.00606003
v 0.35018237 0.68037535 0.00599258
v 0.35019462 0.68038077 0.00599255
v 0.35020213 0.6803842 0.00608265
v 0.35018382 0.68037535 0.00608292
v 0.35190028 0.68038115 0.0059716
v 0.35186141 0.6805715 0.00596722
v 0.35187965 0.68057051 0.00596703
v 0.35190028 0.68038115 0.0059716
v 0.35190047 0.68038138 0.00598766
v 0.35186149 0.68057196 0.00598324
v 0.35186141 0.6805715 0.00596722
v 0.35016765 0.68036803 0.00597656
v 0.35018218 0.68037535 0.00597649
v 0.35038322 0.68012785 0.00598179
v 0.35037292 0.68011542 0.00598194
v 0.35018218 0.68037535 0.00597649
v 0.35038329 0.68012831 0.00599785
v 0.35038322 0.68012785 0.00598179
v 0.35180335 0.68086134 0.00617271
v 0.35180331 0.68086172 0.00618874
v 0.35181998 0.68086333 0.00618885
v 0.35300704 0.67673338 0.00631744
v 0.35294654 0.67676985 0.00631676
v 0.35300693 0.67673285 0.00630135
v 0.35294643 0.67676955 0.00630062
v 0.35187999 0.680576 0.00619545
v 0.34679179 0.6786328 0.00628979
v 0.35037299 0.68012091 0.0062104
v 0.35057147 0.67990446 0.00621494
v 0.35438144 0.6777899 0.00599155
v 0.35452144 0.67773413 0.00599247
v 0.35294604 0.67676611 0.00615826
v 0.35071269 0.67977415 0.00609566
v 0.35071304 0.67977644 0.0062014
v 0.35133514 0.67609923 0.00604
v 0.3513227 0.67624846 0.00603649
v 0.3530342 0.67681113 0.0062994
v 0.35303397 0.676808 0.00615704
v 0.35303817 0.67674559 0.00615849
v 0.35303859 0.67674887 0.00630085
v 0.35300658 0.67672934 0.00615894
v 0.3519007 0.68038359 0.00607796
v 0.35190097 0.68038611 0.00618366
v 0.35058078 0.67991698 0.00609268
v 0.35058128 0.67991927 0.00619839
v 0.35038345 0.68013037 0.00608814
v 0.35038364 0.68013289 0.00619389
v 0.3518032 0.68085867 0.00606701
v 0.35186156 0.68057394 0.00607353
v 0.35186187 0.68057646 0.00617928
v 0.35303363 0.6768051 0.00603474
v 0.35303798 0.67674277 0.00603615
v 0.35300624 0.67672652 0.00603664
v 0.35294574 0.67676321 0.00603596
v 0.3507125 0.67977202 0.00600536
v 0.35058067 0.67991469 0.00600235
v 0.35180286 0.68085677 0.00597668
v 0.35180286 0.68085638 0.00596066
v 0.35181922 0.68085761 0.00596039
v 0.35180286 0.68085638 0.00596066
v 0.35171893 0.68116385 0.0059536
v 0.35058059 0.67991431 0.00598633
v 0.35057086 0.67989912 0.00598656
v 0.35058059 0.67991431 0.00598633
v 0.35071254 0.67977164 0.0059893
v 0.35071254 0.67977164 0.0059893
v 0.35294574 0.67676276 0.00601982
v 0.35294574 0.67676276 0.00601982
v 0.35303371 0.67680464 0.0060186
v 0.35303371 0.67680464 0.0060186
v 0.35186198 0.68057692 0.00619534
v 0.35190105 0.68038664 0.00619972
v 0.35303439 0.67681151 0.0063155
v 0.35038375 0.68013335 0.00620991
v 0.35058135 0.6799198 0.00621441
v 0.35071311 0.67977713 0.00621742
v 0.35303867 0.67674933 0.00631699
v 0.35300636 0.67672606 0.00602051
v 0.35303779 0.67674246 0.00602005
v 0.35300636 0.67672606 0.00602051
v 0.35303779 0.67674246 0.00602005
v 0.35303779 0.67674246 0.00602005
v 0.35019836 0.68038237 0.0059763
v 0.3523875 0.68522246 0.00611843
v 0.35057361 0.68543135 0.00611855
v 0.34881789 0.68493079 0.00613525
v 0.3473875 0.68379652 0.00616604
v 0.34649997 0.68220137 0.00620621
v 0.34629108 0.68038817 0.00624966
v 0.35169818 0.68115134 0.00595394
v 0.35095779 0.68075842 0.00607174
v 0.3509212 0.68083334 0.00617878
v 0.35097491 0.68072318 0.00598938
v 0.35097961 0.68071333 0.0059663
v 0.35097961 0.68071333 0.0059663
v 0.35073936 0.68106581 0.00198589
v 0.35091666 0.68084227 0.00619167
v 0.35459846 0.6776689 0.0059938
v 0.35459933 0.67767584 0.00629074
v 0.35550555 0.67930533 0.00624969
v 0.35571925 0.68115797 0.00620529
v 0.35520671 0.68294394 0.00586739
v 0.35520763 0.68295119 0.00616432
v 0.35404769 0.6844052 0.00583607
v 0.35404861 0.68441206 0.006133
v 0.35241759 0.68531142 0.00581917
v 0.35241821 0.68531836 0.0061161
v 0.35056453 0.68552512 0.00581928
v 0.35056537 0.68553198 0.00611618
v 0.34877109 0.68501364 0.00583633
v 0.34877196 0.68502066 0.00613327
v 0.34730964 0.68385481 0.00586781
v 0.34731048 0.68386176 0.00616474
v 0.34640342 0.6822254 0.00590885
v 0.34640392 0.68223257 0.00620579
v 0.34618964 0.68037299 0.00595322
v 0.34619025 0.68037993 0.00625015
v 0.34670123 0.6785797 0.00599422
v 0.34670188 0.67858664 0.00629112
v 0.34786113 0.67712576 0.00632244
v 0.3494913 0.67621947 0.00633938
v 0.35134437 0.67600569 0.00633926
v 0.35313705 0.67650999 0.00602528
v 0.35134349 0.67599875 0.00604233
v 0.35313781 0.67651717 0.00632221
v 0.35555949 0.67928236 0.00601284
v 0.35577567 0.68115698 0.00596794
v 0.35579776 0.68116087 0.00605648
v 0.35558055 0.67927786 0.00610161
v 0.35525802 0.68297171 0.00592644
v 0.35527751 0.68298369 0.00601482
v 0.35408477 0.68444998 0.00589478
v 0.35409938 0.68446906 0.00598297
v 0.35243507 0.68536742 0.00587765
v 0.35244216 0.68539046 0.00596577
v 0.3505601 0.68558356 0.00587772
v 0.35055854 0.68560736 0.00596588
v 0.34874496 0.6850659 0.00589504
v 0.34873531 0.68508757 0.00598324
v 0.34726604 0.68389349 0.00592686
v 0.34724944 0.68390967 0.00601521
v 0.34634902 0.6822444 0.00596836
v 0.34632812 0.6822531 0.00605694
v 0.3461325 0.68036955 0.00601334
v 0.34611106 0.68037001 0.00610207
v 0.34665054 0.67855513 0.00605476
v 0.346631 0.67854704 0.00614372
v 0.34782329 0.67707655 0.0060865
v 0.34780948 0.67706183 0.00617558
v 0.34947311 0.6761592 0.00610359
v 0.34946651 0.6761405 0.00619274
v 0.3513483 0.67594298 0.00610348
v 0.35135032 0.67592337 0.00619263
v 0.35316344 0.67646071 0.00608623
v 0.35317359 0.67644316 0.00617531
v 0.35464217 0.67763312 0.00605438
v 0.35465907 0.67762114 0.0061433
v 0.50199096 0.70791373 0.00480976
v 0.50207125 0.70764983 0.00482018
v 0.50570586 0.70776671 0.00487255
v 0.50526297 0.70947096 0.00480564
v 0.50178336 0.70818816 0.00479813
v 0.5017705 0.70817419 0.00479839
v 0.50197371 0.70790541 0.00480976
v 0.50148623 0.70836256 0.0047897
v 0.50148002 0.70834463 0.00479019
v 0.50114531 0.70841025 0.0047858
v 0.50114642 0.70839117 0.00478634
v 0.50081176 0.7083235 0.00478699
v 0.50082 0.70830649 0.00478752
v 0.50053683 0.70811606 0.00479313
v 0.50055133 0.70810347 0.00479347
v 0.50036242 0.70781927 0.00480324
v 0.50038039 0.70781309 0.00480335
v 0.50031291 0.70754774 0.00481312
v 0.50032996 0.70754935 0.004813
v 0.50195224 0.70789534 0.00481003
v 0.50202723 0.70764731 0.00481983
v 0.50205401 0.70764922 0.00481991
v 0.5014712 0.70832121 0.00479099
v 0.50175162 0.70815497 0.004799
v 0.50082713 0.70828276 0.00478847
v 0.50114772 0.70836363 0.00478741
v 0.50040129 0.70780157 0.00480392
v 0.50057257 0.70808592 0.00479427
v 0.50331374 0.70312773 0.00488384
v 0.50482688 0.70427 0.0048502
v 0.50476672 0.70432799 0.00499626
v 0.50327853 0.70320448 0.00502937
v 0.50578765 0.70590376 0.00479462
v 0.50571193 0.70593527 0.0049416
v 0.50604956 0.70778036 0.00472557
v 0.50596976 0.70778136 0.00487362
v 0.50557326 0.70961432 0.00465355
v 0.50550101 0.70958525 0.00480278
v 0.50443057 0.71112616 0.0045895
v 0.50437682 0.71107245 0.00473984
v 0.50279586 0.71208556 0.00454327
v 0.50276889 0.71201643 0.00469429
v 0.50091811 0.71234701 0.00452175
v 0.50092177 0.71227362 0.00467316
v 0.49908255 0.71187048 0.00452835
v 0.49911628 0.71180456 0.00467964
v 0.49756957 0.71072829 0.004562
v 0.4976279 0.71068137 0.00471275
v 0.49660895 0.70909453 0.00461758
v 0.49668269 0.70907408 0.00476738
v 0.49634673 0.70721785 0.00468662
v 0.49642485 0.707228 0.00483536
v 0.49682334 0.7053839 0.00475864
v 0.49689376 0.70542403 0.0049062
v 0.49796588 0.70387221 0.00482269
v 0.4980178 0.7039369 0.00496918
v 0.49960082 0.70291258 0.00486893
v 0.49962592 0.70299277 0.00501469
v 0.50147853 0.70265105 0.00489044
v 0.50147303 0.70273573 0.00503582
v 0.50323451 0.70329542 0.00502567
v 0.50469153 0.70439513 0.00499325
v 0.50456958 0.70450438 0.0049884
v 0.50561675 0.70596846 0.00493973
v 0.50546214 0.7060227 0.00493675
v 0.5058689 0.70777541 0.00487324
v 0.50541007 0.70954123 0.00480389
v 0.50430991 0.71099722 0.00474224
v 0.50420096 0.71087591 0.00474613
v 0.50273566 0.71192107 0.00469769
v 0.50268195 0.71176771 0.00470314
v 0.50092746 0.71217284 0.00467701
v 0.50093699 0.71201056 0.00468319
v 0.4991603 0.71171385 0.0046833
v 0.49923129 0.71156775 0.00468929
v 0.49770308 0.71061415 0.00471573
v 0.49782538 0.71050627 0.00472054
v 0.49677825 0.70904089 0.00476925
v 0.49693229 0.70898794 0.00477219
v 0.49652572 0.70723379 0.00483574
v 0.49668876 0.70724387 0.00483639
v 0.49698474 0.70546805 0.00490509
v 0.49713145 0.70553984 0.0049033
v 0.4980849 0.70401213 0.00496674
v 0.49819346 0.70413489 0.00496281
v 0.49965895 0.70308813 0.00501129
v 0.50197497 0.70789671 0.00458176
v 0.50198981 0.70790388 0.00458141
v 0.50207717 0.70755339 0.00459511
v 0.5020608 0.70755255 0.00459526
v 0.50178279 0.70817778 0.00456982
v 0.50177195 0.70816542 0.00457039
v 0.50148661 0.70835158 0.00456142
v 0.50148146 0.70833609 0.00456215
v 0.50114661 0.70839888 0.00455753
v 0.50114772 0.70838255 0.00455833
v 0.50081412 0.70831251 0.00455875
v 0.50082164 0.70829787 0.00455952
v 0.5005403 0.70810553 0.00456486
v 0.50055259 0.70809492 0.00456551
v 0.50036628 0.70780974 0.00457489
v 0.50038207 0.7078044 0.00457539
v 0.50033049 0.70753599 0.00479652
v 0.50035197 0.70753706 0.00479671
v 0.50035453 0.70755026 0.00481312
v 0.50203402 0.70763449 0.00480347
v 0.50205512 0.70763586 0.00480347
v 0.50129073 0.70795103 0.00060097
v 0.50177195 0.70816542 0.00457039
v 0.50197497 0.70789671 0.00458176
v 0.50132487 0.70790617 0.00060287
v 0.5020608 0.70755255 0.00459526
v 0.50133899 0.70785155 0.00060501
v 0.50133899 0.70785155 0.00060501
v 0.5020608 0.70755255 0.00459526
v 0.50203677 0.7075495 0.00459522
v 0.50130763 0.70783804 0.00060532
v 0.50114772 0.70838255 0.00455833
v 0.50148146 0.70833609 0.00456215
v 0.50124232 0.70797957 0.00059959
v 0.50118659 0.70798727 0.00059895
v 0.50055259 0.70809492 0.00456551
v 0.50082164 0.70829787 0.00455952
v 0.50113192 0.70797301 0.00059914
v 0.50108702 0.70793928 0.00060013
v 0.50107032 0.70782896 0.00060421
v 0.50035399 0.70745245 0.00458847
v 0.50033637 0.70745261 0.00458832
v 0.50105052 0.70783484 0.00060383
v 0.50038207 0.7078044 0.00457539
v 0.50105841 0.70789053 0.00060177
v 0.50203933 0.70755217 0.00470158
v 0.5020399 0.70755034 0.00461147
v 0.50206061 0.70755293 0.00461136
v 0.50206027 0.70755362 0.00470169
v 0.50033622 0.70745276 0.00460442
v 0.50034957 0.70745276 0.00460461
v 0.50035621 0.70745444 0.00469486
v 0.50033583 0.70745367 0.00469475
v 0.50190986 0.70676367 0.00462402
v 0.50195132 0.70695341 0.00461716
v 0.50196765 0.70694517 0.00461739
v 0.50190986 0.70676367 0.00462402
v 0.50190986 0.70676413 0.00464008
v 0.50195132 0.7069541 0.00463318
v 0.50195132 0.70695341 0.00461716
v 0.50032004 0.70745169 0.00458809
v 0.50033637 0.70745261 0.00458832
v 0.50042003 0.70714506 0.00460041
v 0.50040553 0.70713782 0.00460045
v 0.50033637 0.70745261 0.00458832
v 0.50042003 0.70714575 0.00461647
v 0.50042003 0.70714506 0.00460041
v 0.50201167 0.70724539 0.00481884
v 0.50201148 0.70724608 0.00483482
v 0.50202742 0.70724089 0.00483528
v 0.50144095 0.70298621 0.00502617
v 0.50057555 0.70669508 0.00484669
v 0.50144095 0.70298544 0.00501011
v 0.50057555 0.70669424 0.00483067
v 0.50196601 0.70695387 0.00484573
v 0.5004037 0.70714674 0.00482876
v 0.50049758 0.70686873 0.00483982
v 0.50057624 0.70669043 0.004725
v 0.50144187 0.70298003 0.00486774
v 0.50147727 0.70298209 0.0048679
v 0.50147635 0.70298735 0.00501022
v 0.5019086 0.70677153 0.00483601
v 0.50190932 0.70676764 0.00473034
v 0.50051337 0.70687422 0.00471767
v 0.5005128 0.70687804 0.00482334
v 0.5004193 0.70714903 0.00470673
v 0.50041854 0.70715315 0.00481243
v 0.50201239 0.70724127 0.00471313
v 0.5019506 0.70695738 0.00472343
v 0.50194983 0.70696135 0.00482914
v 0.50147818 0.70297751 0.00474564
v 0.50144259 0.70297545 0.00474552
v 0.50057681 0.70668692 0.00463474
v 0.5005141 0.70687071 0.00462742
v 0.50201293 0.70723814 0.00462288
v 0.50201312 0.70723753 0.00460682
v 0.50202853 0.70723196 0.00460697
v 0.50201312 0.70723753 0.00460682
v 0.5020608 0.70755255 0.00459526
v 0.5005141 0.7068701 0.0046114
v 0.50049907 0.70686011 0.00461151
v 0.5005141 0.7068701 0.0046114
v 0.500577 0.70668631 0.00461868
v 0.500577 0.70668631 0.00461868
v 0.50144278 0.70297476 0.00472939
v 0.50144278 0.70297476 0.00472939
v 0.50194983 0.70696204 0.00484516
v 0.5019086 0.70677222 0.00485203
v 0.50147635 0.70298804 0.00502632
v 0.50041854 0.70715384 0.00482845
v 0.5005128 0.70687865 0.00483936
v 0.50147818 0.70297705 0.00472954
v 0.50147818 0.70297705 0.00472954
v 0.50147818 0.70297705 0.00472954
v 0.50035399 0.70745245 0.00458847
v 0.50203677 0.7075495 0.00459522
v 0.50119868 0.70749121 0.00469872
v 0.50119353 0.70757635 0.00480423
v 0.50120162 0.70745062 0.00461708
v 0.50120234 0.70743933 0.00459419
v 0.50120234 0.70743933 0.00459419
v 0.50119796 0.70779051 0.00060642
v 0.50119281 0.70758658 0.00481693
v 0.5032804 0.70319342 0.00473251
v 0.50597144 0.70777006 0.00457684
v 0.50550284 0.70957419 0.004506
v 0.50437888 0.71106123 0.00444305
v 0.50277072 0.71200529 0.00439751
v 0.5009236 0.71226233 0.00437637
v 0.49911811 0.7117935 0.00438286
v 0.49762992 0.71067 0.00441593
v 0.49668471 0.70906287 0.0044706
v 0.49642688 0.70721678 0.00453857
v 0.50147487 0.70272444 0.00473904
v 0.49962775 0.7029817 0.0047179
v 0.50481112 0.70428114 0.00476093
v 0.50576751 0.70590758 0.00470562
v 0.50578765 0.70590376 0.00479462
v 0.50482688 0.70427 0.0048502
v 0.50602847 0.70777571 0.00463688
v 0.50604956 0.70778036 0.00472557
v 0.50555384 0.7096012 0.00456516
v 0.50557326 0.70961432 0.00465355
v 0.50441645 0.7111064 0.00450146
v 0.50443057 0.71112616 0.0045895
v 0.50278922 0.7120616 0.00445538
v 0.50279586 0.71208556 0.00454327
v 0.50091975 0.71232184 0.00443398
v 0.50091811 0.71234701 0.00452175
v 0.49909282 0.71184744 0.00444054
v 0.49908255 0.71187048 0.00452835
v 0.49758681 0.71071043 0.00447403
v 0.49756957 0.71072829 0.004562
v 0.49663009 0.70908392 0.00452934
v 0.49660895 0.70909453 0.00461758
v 0.49636947 0.70721579 0.00459812
v 0.49634673 0.70721785 0.00468662
v 0.49684352 0.70539023 0.0046698
v 0.49682334 0.7053839 0.00475864
v 0.4979811 0.7038851 0.00473354
v 0.49796588 0.70387221 0.00482269
v 0.49960852 0.70292975 0.00477959
v 0.49960082 0.70291258 0.00486893
v 0.50147799 0.70266966 0.00480099
v 0.50147853 0.70265105 0.00489044
v 0.50330474 0.70314406 0.00479446
v 0.50331374 0.70312773 0.00488384
v 0.12464506 0.50183677 0.00478444
v 0.12450275 0.50160025 0.00478014
v 0.12713761 0.49886206 0.0047566
v 0.12814287 0.50038588 0.00478408
v 0.12471017 0.50217479 0.00479083
v 0.12469118 0.50217498 0.00479071
v 0.12462727 0.50184394 0.00478443
v 0.12464084 0.50251231 0.00479747
v 0.12462342 0.50250487 0.00479719
v 0.1244481 0.50279746 0.00480335
v 0.12443462 0.5027838 0.00480291
v 0.12416027 0.50298705 0.00480754
v 0.12415321 0.50296958 0.00480702
v 0.123822 0.50305232 0.00480944
v 0.12382237 0.50303309 0.00480887
v 0.12348475 0.50298301 0.00480875
v 0.12349227 0.50296557 0.00480821
v 0.12324974 0.50283793 0.00480637
v 0.12326238 0.5028263 0.00480595
v 0.12460554 0.50185321 0.00478466
v 0.12447139 0.50163127 0.00478062
v 0.12449074 0.50161265 0.00478024
v 0.12460004 0.50249575 0.00479706
v 0.12466423 0.50217616 0.00479075
v 0.12414037 0.50294841 0.00480666
v 0.12441499 0.50276446 0.00480259
v 0.12349759 0.50294226 0.00480775
v 0.12382366 0.50300563 0.00480834
v 0.12197599 0.49765338 0.00459453
v 0.12383787 0.4972948 0.00458408
v 0.12383777 0.49731093 0.00467165
v 0.12198288 0.49766814 0.00468205
v 0.12569534 0.49767577 0.00458793
v 0.12568855 0.49769049 0.00467546
v 0.12726543 0.49873851 0.00460544
v 0.12725305 0.49874923 0.00469292
v 0.12830975 0.50032096 0.00463398
v 0.12829315 0.50032622 0.00472137
v 0.12866846 0.50218257 0.0046692
v 0.1286504 0.50218085 0.00475648
v 0.1282872 0.50403949 0.00470573
v 0.12827097 0.50403098 0.00479286
v 0.12722444 0.50560931 0.00473802
v 0.12721198 0.50559501 0.00482503
v 0.12564142 0.50665335 0.00476115
v 0.12563492 0.50663482 0.00484806
v 0.12377973 0.50701194 0.00477159
v 0.12377983 0.50699218 0.00485847
v 0.12192236 0.50663085 0.00476777
v 0.12192941 0.50661284 0.00485467
v 0.12035198 0.5055683 0.00475023
v 0.12036509 0.50555388 0.00483719
v 0.11930803 0.50398558 0.00472168
v 0.1193249 0.503977 0.00480875
v 0.11894932 0.50212416 0.00468648
v 0.11896739 0.50212241 0.00477368
v 0.1193304 0.50026694 0.00464993
v 0.11934719 0.50027201 0.00473727
v 0.12039306 0.49869704 0.00461764
v 0.12040608 0.49870814 0.0047051
v 0.12204422 0.49781726 0.00474608
v 0.11949655 0.50033404 0.00479943
v 0.12462681 0.5018484 0.00455629
v 0.12464212 0.50184218 0.00455598
v 0.12443994 0.5015425 0.00455058
v 0.12442848 0.5015541 0.00455098
v 0.12470705 0.50217948 0.00456238
v 0.12469054 0.50217917 0.00456255
v 0.12463791 0.5025159 0.00456898
v 0.12462296 0.5025093 0.00456904
v 0.12444553 0.50280013 0.00457482
v 0.12443416 0.5027883 0.00457479
v 0.1241587 0.50298922 0.00457903
v 0.12415284 0.50297381 0.0045789
v 0.12382164 0.50305388 0.0045809
v 0.12382191 0.50303763 0.00458076
v 0.1234853 0.50298491 0.00458021
v 0.12349181 0.50296965 0.00458007
v 0.12325323 0.50281775 0.00478882
v 0.12326835 0.50280249 0.00478861
v 0.12327953 0.50280867 0.00480558
v 0.12446681 0.50161853 0.00476352
v 0.12448193 0.5016038 0.0047631
v 0.12429625 0.50258796 0.00059858
v 0.12469054 0.50217917 0.00456255
v 0.12462681 0.5018484 0.00455629
v 0.1242858 0.50253264 0.00059754
v 0.12442848 0.5015541 0.00455098
v 0.12425462 0.50248553 0.00059669
v 0.12425462 0.50248553 0.00059669
v 0.12442848 0.5015541 0.00455098
v 0.12441013 0.50156989 0.00455133
v 0.12422363 0.50249976 0.00059702
v 0.12443416 0.5027883 0.00457479
v 0.12462296 0.5025093 0.00456904
v 0.12428507 0.50264304 0.00059975
v 0.12425343 0.50268962 0.00060071
v 0.12382191 0.50303763 0.00458076
v 0.12415284 0.50297381 0.0045789
v 0.12420621 0.50272063 0.00060139
v 0.12415109 0.50273146 0.00060163
v 0.12405794 0.50266993 0.00060062
v 0.1232115 0.50275473 0.00457646
v 0.12319977 0.50276786 0.00457672
v 0.12404904 0.50268855 0.00060099
v 0.12349181 0.50296965 0.00458007
v 0.12409571 0.50272006 0.0006015
v 0.12441142 0.50156455 0.00465762
v 0.12441251 0.50156737 0.00456755
v 0.1244282 0.50155364 0.00456707
v 0.12442655 0.50154998 0.00465733
v 0.12319939 0.50276732 0.00459281
v 0.12320838 0.5027574 0.0045927
v 0.12321205 0.5027492 0.00468274
v 0.12319784 0.50276381 0.00468307
v 0.12374113 0.50113761 0.00454426
v 0.12390985 0.50123397 0.00454581
v 0.12391462 0.50121634 0.00454528
v 0.12374113 0.50113761 0.00454426
v 0.12374113 0.50113715 0.00456031
v 0.12391003 0.50123374 0.00456183
v 0.12390985 0.50123397 0.00454581
v 0.12318821 0.50277942 0.00457681
v 0.12319977 0.50276786 0.00457672
v 0.12302719 0.50249976 0.00457188
v 0.12301215 0.50250567 0.00457186
v 0.12319977 0.50276786 0.00457672
v 0.12302737 0.50249938 0.00458792
v 0.12302719 0.50249976 0.00457188
v 0.12416256 0.50137435 0.00476022
v 0.12416265 0.50137416 0.00477624
v 0.12416944 0.50135886 0.00477611
v 0.12061377 0.49894225 0.00477049
v 0.12062963 0.4990111 0.00477178
v 0.12061359 0.49894252 0.00475438
v 0.12062963 0.49901149 0.00475566
v 0.12391498 0.50121215 0.00477375
v 0.12301252 0.50250178 0.00480032
v 0.12048035 0.50543868 0.00489602
v 0.12205302 0.49797332 0.00445201
v 0.12204366 0.49782302 0.00444914
v 0.12062937 0.49901423 0.00461327
v 0.12279154 0.50207389 0.00467051
v 0.12279154 0.50207175 0.00477625
v 0.11949601 0.5003398 0.00450249
v 0.11963382 0.50039809 0.00450336
v 0.12069657 0.49894107 0.00475418
v 0.12069657 0.4989437 0.00461179
v 0.12063853 0.49892035 0.00461144
v 0.12063871 0.49891761 0.00475383
v 0.12061332 0.49894523 0.00461195
v 0.12374131 0.50113551 0.00465061
v 0.1237414 0.50113345 0.00475636
v 0.12288607 0.50224379 0.00467362
v 0.12288616 0.50224154 0.00477934
v 0.12302737 0.50249774 0.00467824
v 0.12302755 0.50249587 0.00478399
v 0.12416238 0.50137629 0.00465446
v 0.12391003 0.50123198 0.00465216
v 0.12391012 0.50122996 0.0047579
v 0.12069629 0.4989461 0.00448948
v 0.12063835 0.49892253 0.00448911
v 0.12061304 0.49894759 0.00448965
v 0.12062899 0.49901652 0.00449096
v 0.12279126 0.50207557 0.0045802
v 0.12288589 0.50224524 0.00458329
v 0.12416237 0.50137812 0.00456415
v 0.12416238 0.50137839 0.00454812
v 0.12416852 0.50136329 0.00454763
v 0.12416238 0.50137839 0.00454812
v 0.12442848 0.5015541 0.00455098
v 0.1228858 0.50224562 0.00456726
v 0.12286837 0.50225016 0.00456722
v 0.1228858 0.50224562 0.00456726
v 0.12279126 0.50207576 0.00456414
v 0.12279126 0.50207576 0.00456414
v 0.12062899 0.49901679 0.00447483
v 0.12062899 0.49901679 0.00447483
v 0.12069621 0.49894629 0.00447335
v 0.12069621 0.49894629 0.00447335
v 0.12391021 0.50122962 0.00477394
v 0.12374149 0.50113311 0.0047724
v 0.12069657 0.49894061 0.0047703
v 0.12302774 0.50249549 0.00480003
v 0.12288635 0.50224109 0.00479537
v 0.12286874 0.50224578 0.00479567
v 0.1227918 0.5020716 0.00479229
v 0.12063881 0.49891719 0.00476995
v 0.12061304 0.49894786 0.00447352
v 0.12063835 0.49892302 0.00447302
v 0.12061304 0.49894786 0.00447352
v 0.12063835 0.49892302 0.00447302
v 0.12063835 0.49892302 0.00447302
v 0.1232115 0.50275473 0.00457646
v 0.12848856 0.50217856 0.00481799
v 0.12812141 0.50396674 0.00485317
v 0.12709799 0.50547843 0.00488427
v 0.12557384 0.50648345 0.00490652
v 0.12378092 0.50682898 0.00491658
v 0.12199259 0.50646186 0.00491288
v 0.12441013 0.50156989 0.00455133
v 0.12380338 0.50214804 0.00467005
v 0.12386088 0.50220359 0.00477971
v 0.12377707 0.50212279 0.00458651
v 0.12376964 0.50211581 0.00456306
v 0.12376964 0.50211581 0.00456306
v 0.12411487 0.50254935 0.00059819
v 0.12386767 0.5022103 0.00479294
v 0.12200561 0.49772948 0.00444741
v 0.12200617 0.49772361 0.00474435
v 0.12383741 0.49737105 0.00473409
v 0.1256648 0.49774585 0.00473785
v 0.12720876 0.49879691 0.00445812
v 0.12720959 0.49879119 0.00475508
v 0.12823602 0.50035361 0.00448622
v 0.12823648 0.50034785 0.00478316
v 0.12858887 0.50218482 0.00452086
v 0.12858924 0.50217917 0.00481782
v 0.12821402 0.50401172 0.00455681
v 0.12821448 0.50400595 0.00485375
v 0.12716851 0.50555587 0.00458855
v 0.12716906 0.50555018 0.00488552
v 0.12561144 0.50658274 0.00461132
v 0.1256118 0.50657691 0.00490827
v 0.12378001 0.50693534 0.00462159
v 0.12378065 0.50692992 0.00491855
v 0.1219528 0.50656066 0.00461781
v 0.12195326 0.50655505 0.00491476
v 0.12040809 0.50551528 0.00460059
v 0.12040856 0.50550978 0.00489754
v 0.11938166 0.50395285 0.00486945
v 0.11902882 0.50212169 0.00483481
v 0.11940366 0.50029475 0.00479885
v 0.12044836 0.49875621 0.00447016
v 0.11940312 0.50030051 0.00450191
v 0.12044908 0.4987506 0.00476711
v 0.12383759 0.49731833 0.00449584
v 0.12568662 0.49769767 0.00449967
v 0.12569534 0.49767577 0.00458793
v 0.12383787 0.4972948 0.00458408
v 0.12724985 0.49875537 0.00451709
v 0.12726543 0.49873851 0.00460544
v 0.12828893 0.50033095 0.00454552
v 0.12830975 0.50032096 0.00463398
v 0.12864628 0.50218421 0.00458058
v 0.12866846 0.50218257 0.0046692
v 0.12826684 0.50403273 0.00461694
v 0.1282872 0.50403949 0.00470573
v 0.12720886 0.50559562 0.0046491
v 0.12722444 0.50560931 0.00473802
v 0.12563317 0.50663474 0.00467213
v 0.12564142 0.50665335 0.00476115
v 0.12377991 0.50699145 0.00468249
v 0.12377973 0.50701194 0.00477159
v 0.12193052 0.50661238 0.00467869
v 0.12192236 0.50663085 0.00476777
v 0.12036766 0.50555442 0.00466124
v 0.12035198 0.5055683 0.00475023
v 0.11932811 0.50397921 0.00463284
v 0.11930803 0.50398558 0.00472168
v 0.11897096 0.50212581 0.00459778
v 0.11894932 0.50212416 0.00468648
v 0.11935039 0.50027705 0.0045614
v 0.1193304 0.50026694 0.00464993
v 0.12040856 0.49871425 0.00452927
v 0.12039306 0.49869704 0.00461764
v 0.12198406 0.49767531 0.00450624
v 0.12197599 0.49765338 0.00459453
v -0.0320842 0.65956366 0.00835146
v -0.03207984 0.65983908 0.0083696
v -0.03573293 0.66088561 0.00837631
v -0.03583696 0.65906691 0.00825447
v -0.03197068 0.65923911 0.00833318
v -0.03195418 0.65924849 0.00833406
v -0.03206522 0.65956625 0.00835195
v -0.03174135 0.65898215 0.00832239
v -0.03172989 0.65899725 0.0083235
v -0.03143151 0.65883208 0.00832073
v -0.0314267 0.65885054 0.00832187
v -0.03108747 0.65881201 0.00832845
v -0.03109013 0.6588307 0.00832942
v -0.03076237 0.65892462 0.00834439
v -0.03077232 0.6589411 0.00834502
v -0.03050548 0.65915305 0.00836612
v -0.03052071 0.65916441 0.00836627
v -0.03037528 0.65939574 0.00838542
v -0.03039201 0.65939955 0.00838505
v -0.03204174 0.65956923 0.00835276
v -0.03203716 0.65982794 0.00836981
v -0.0320632 0.65983435 0.00836955
v -0.0317144 0.65901671 0.00832519
v -0.03193029 0.65926093 0.00833549
v -0.03108967 0.65885542 0.00833107
v -0.0314195 0.65887709 0.00832381
v -0.03053712 0.65918181 0.00836698
v -0.03078717 0.65896422 0.00834614
v -0.03187541 0.66452055 0.008567
v -0.03366507 0.66390013 0.00847928
v -0.03365819 0.66387923 0.00856554
v -0.03187527 0.66449721 0.00865295
v -0.03507961 0.66264304 0.00835973
v -0.0350676 0.66262671 0.00844643
v -0.03590331 0.66094054 0.00822655
v -0.03588854 0.66093047 0.00831373
v -0.0360116 0.65905173 0.00810001
v -0.03599592 0.65904845 0.00818767
v -0.03538701 0.65726424 0.00799938
v -0.03537363 0.65726767 0.00808743
v -0.03412506 0.65585036 0.00794
v -0.03411663 0.65585875 0.00802824
v -0.03241815 0.65502501 0.00793088
v -0.03241586 0.65503661 0.00801916
v -0.03052547 0.65491377 0.00797341
v -0.03053042 0.65492606 0.00806154
v -0.02873599 0.65553412 0.00806113
v -0.02874732 0.65554404 0.00814894
v -0.02732169 0.65679121 0.0081807
v -0.02733806 0.65679625 0.00826805
v -0.02649758 0.65849371 0.00831386
v -0.02651748 0.65849257 0.00840072
v -0.0263897 0.66038268 0.0084404
v -0.02640987 0.66037459 0.00852681
v -0.0270141 0.66217001 0.00854103
v -0.02703198 0.66215544 0.00862707
v -0.02827619 0.6635842 0.00860041
v -0.02828935 0.66356429 0.00868623
v -0.029983 0.66440955 0.00860954
v -0.02998988 0.66438643 0.00869532
v -0.03185441 0.66433279 0.00870414
v -0.02838824 0.66343115 0.0087363
v -0.03205912 0.65958121 0.00812433
v -0.0320754 0.659579 0.00812359
v -0.03205119 0.65993887 0.0081478
v -0.03203541 0.65993453 0.00814809
v -0.03196225 0.65925513 0.00810537
v -0.03194822 0.65926352 0.00810645
v -0.03173356 0.65899901 0.0080946
v -0.03172402 0.65901213 0.00809588
v -0.03142455 0.65884955 0.00809295
v -0.0314206 0.65886542 0.00809427
v -0.03108169 0.65882948 0.00810067
v -0.03108436 0.65884566 0.00810183
v -0.03075774 0.65894202 0.00811656
v -0.03076617 0.65895583 0.00811742
v -0.03050154 0.6591696 0.00813821
v -0.03051493 0.65917952 0.00813867
v -0.03038807 0.65941283 0.00836902
v -0.03040879 0.65941847 0.00836894
v -0.03041572 0.65940619 0.00838487
v -0.03203936 0.65984267 0.00835381
v -0.03205986 0.65984786 0.00835351
v -0.03134266 0.65942931 0.00415174
v -0.03194822 0.65926352 0.00810645
v -0.03205912 0.65958121 0.00812433
v -0.03136137 0.65948233 0.00415472
v -0.03203541 0.65993453 0.00814809
v -0.03135816 0.65953856 0.00415848
v -0.03135816 0.65953856 0.00415848
v -0.03203541 0.65993453 0.00814809
v -0.03201158 0.6599301 0.00814844
v -0.03132414 0.65954176 0.00415959
v -0.0314206 0.65886542 0.00809427
v -0.03172402 0.65901213 0.00809588
v -0.03130534 0.65938719 0.00414997
v -0.03125463 0.65936278 0.00414971
v -0.03076617 0.65895583 0.00811742
v -0.03108436 0.65884566 0.00810183
v -0.03119824 0.65935957 0.00415097
v -0.0311452 0.65937781 0.00415356
v -0.03109554 0.65947752 0.0041614
v -0.0303805 0.65950522 0.00816355
v -0.03036377 0.65949973 0.00816362
v -0.03107849 0.65946578 0.00416107
v -0.03051493 0.65917952 0.00813867
v -0.03110306 0.65941527 0.00415712
v -0.03201708 0.65992537 0.00825462
v -0.03201515 0.65992979 0.00816462
v -0.03203569 0.65993376 0.00816416
v -0.03203744 0.65993041 0.00825443
v -0.030364 0.65949904 0.0081797
v -0.03037674 0.65950316 0.00817974
v -0.03038541 0.6595011 0.00826979
v -0.03036583 0.65949553 0.00826995
v -0.03165025 0.66063773 0.00820428
v -0.03174777 0.66047011 0.00819076
v -0.03176079 0.66048308 0.00819108
v -0.03165025 0.66063773 0.00820428
v -0.03165076 0.66063689 0.0082203
v -0.03174832 0.66046912 0.00820673
v -0.03174777 0.66047011 0.00819076
v -0.03034795 0.65949553 0.00816359
v -0.03036377 0.65949973 0.00816362
v -0.03034919 0.65981764 0.00818481
v -0.03033319 0.65982001 0.00818523
v -0.03036377 0.65949973 0.00816362
v -0.03034969 0.6598165 0.00820081
v -0.03034919 0.65981764 0.00818481
v -0.03189897 0.66020544 0.00838211
v -0.03189934 0.6602043 0.00839808
v -0.03191291 0.66021414 0.00839854
v -0.03005292 0.66407553 0.0087347
v -0.03003206 0.66400809 0.00873083
v -0.03005237 0.6640766 0.00871864
v -0.0300316 0.664009 0.00871474
v -0.03176657 0.66046797 0.00841901
v -0.03033892 0.65980467 0.00841314
v -0.02667583 0.6585295 0.00846038
v -0.03177913 0.66421774 0.00840083
v -0.03184662 0.66435225 0.00840787
v -0.03002784 0.66401839 0.00857268
v -0.03036088 0.66029463 0.00832239
v -0.03036354 0.66028792 0.0084279
v -0.02838054 0.66345061 0.00844004
v -0.0284704 0.66333128 0.00842987
v -0.03012485 0.66403647 0.00871409
v -0.03012137 0.6640457 0.00857202
v -0.03008295 0.66409499 0.00857624
v -0.03008662 0.66408568 0.00871831
v -0.03004866 0.66408598 0.00857656
v -0.03165314 0.66063086 0.0083104
v -0.0316558 0.66062399 0.0084159
v -0.0303573 0.66010069 0.0083098
v -0.0303601 0.66009398 0.00841528
v -0.03035194 0.65981062 0.00829092
v -0.03035469 0.6598036 0.00839643
v -0.03189622 0.66021254 0.00827661
v -0.03175052 0.66046324 0.00829685
v -0.03175318 0.6604563 0.00840236
v -0.03011812 0.66405371 0.00844999
v -0.03007988 0.664103 0.00845419
v -0.03004536 0.66409407 0.00845453
v -0.03002459 0.6640264 0.00845066
v -0.0303585 0.66030074 0.0082323
v -0.0303551 0.66010672 0.00821969
v -0.03189393 0.66021819 0.00818649
v -0.03189357 0.66021925 0.00817048
v -0.03190649 0.66022925 0.00817062
v -0.03189357 0.66021925 0.00817048
v -0.03203541 0.65993453 0.00814809
v -0.03035455 0.66010779 0.00820369
v -0.03033722 0.6601126 0.0082043
v -0.03035455 0.66010779 0.00820369
v -0.03035813 0.66030173 0.00821628
v -0.03035813 0.66030173 0.00821628
v -0.03002427 0.66402754 0.00843456
v -0.03002427 0.66402754 0.00843456
v -0.03011775 0.66405486 0.0084339
v -0.03011775 0.66405486 0.0084339
v -0.03175373 0.66045531 0.00841835
v -0.03165635 0.66062293 0.00843189
v -0.03012531 0.66403555 0.00873018
v -0.0303552 0.65980254 0.00841242
v -0.03036065 0.66009291 0.00843129
v -0.03034309 0.66009764 0.00843222
v -0.03036414 0.66028662 0.00844389
v -0.03008717 0.66408461 0.00873439
v -0.03004508 0.66409514 0.00843844
v -0.03007938 0.66410384 0.00843812
v -0.03004508 0.66409514 0.00843844
v -0.03007938 0.66410384 0.00843812
v -0.03007938 0.66410384 0.00843812
v -0.0303805 0.65950522 0.00816355
v -0.03523576 0.65734541 0.00815756
v -0.03402053 0.65598402 0.00810038
v -0.03237685 0.65518919 0.0080916
v -0.03055463 0.65508231 0.00813255
v -0.02883122 0.65567946 0.00821702
v -0.02746941 0.65689017 0.00833213
v -0.03201158 0.6599301 0.00814844
v -0.03119838 0.65972502 0.00826307
v -0.03122181 0.65963957 0.0083658
v -0.03118705 0.65976675 0.0081828
v -0.0311838 0.65977843 0.00816028
v -0.0311838 0.65977843 0.00816028
v -0.03120521 0.65955321 0.00416348
v -0.03122456 0.65962927 0.0083782
v -0.03186064 0.66445204 0.00841404
v -0.03186844 0.66443274 0.00871031
v -0.03362867 0.66382246 0.00862402
v -0.03502019 0.66258574 0.0085064
v -0.0358228 0.66093047 0.00807913
v -0.03583082 0.66091093 0.00837538
v -0.03592916 0.65907233 0.00795465
v -0.03593696 0.65905302 0.00825092
v -0.03531481 0.65731406 0.00785568
v -0.03532246 0.65729453 0.00815195
v -0.03407353 0.65592299 0.00779725
v -0.03408128 0.65590361 0.00809352
v -0.03239445 0.65511122 0.00778826
v -0.03240229 0.65509177 0.00808455
v -0.03053272 0.65500189 0.00783013
v -0.03054051 0.65498267 0.0081264
v -0.02877253 0.65561224 0.00791642
v -0.02878024 0.65559248 0.00821268
v -0.02738097 0.65684874 0.00803401
v -0.02738867 0.65682921 0.00833027
v -0.02657043 0.65852354 0.00816503
v -0.02657809 0.65850401 0.0084613
v -0.02647204 0.66036215 0.00858576
v -0.02708635 0.66212042 0.00868475
v -0.02832763 0.66351157 0.00874316
v -0.02999896 0.66434287 0.00845589
v -0.02831993 0.66353087 0.00844689
v -0.03000675 0.66432326 0.00875215
v -0.03365164 0.66388724 0.00838989
v -0.03505971 0.66263571 0.00827088
v -0.03507961 0.66264304 0.00835973
v -0.03366507 0.66390013 0.00847928
v -0.03588002 0.66094092 0.00813828
v -0.03590331 0.66094054 0.00822655
v -0.03598721 0.65906065 0.00801233
v -0.0360116 0.65905173 0.00810001
v -0.0353657 0.65728102 0.00791216
v -0.03538701 0.65726424 0.00799938
v -0.03410965 0.65587355 0.00785303
v -0.03412506 0.65585036 0.00794
v -0.03241022 0.65505187 0.00784395
v -0.03241815 0.65502501 0.00793088
v -0.03052639 0.65494132 0.0078863
v -0.03052547 0.65491377 0.00797341
v -0.02874512 0.65555884 0.00797361
v -0.02873599 0.65553412 0.00806113
v -0.02733668 0.65681021 0.00809264
v -0.02732169 0.65679121 0.0081807
v -0.02651674 0.65850516 0.00822522
v -0.02649758 0.65849371 0.00831386
v -0.02640895 0.66038535 0.00835119
v -0.0263897 0.66038268 0.0084404
v -0.02703069 0.66216498 0.00845136
v -0.0270141 0.66217001 0.00854103
v -0.02828692 0.66357268 0.00851048
v -0.02827619 0.6635842 0.00860041
v -0.0299863 0.66439413 0.00851957
v -0.029983 0.66440955 0.00860954
v -0.03187 0.66450468 0.00847722
v -0.03187541 0.66452055 0.008567
v -0.15907982 0.65201949 0.00780802
v -0.15934747 0.65208579 0.00782164
v -0.16117611 0.64876296 0.00805729
v -0.15942548 0.64825201 0.00797035
v -0.15873823 0.6520571 0.00778711
v -0.15874364 0.65207518 0.00778673
v -0.15907822 0.65203856 0.00780719
v -0.15843685 0.65222273 0.00776487
v -0.15844913 0.65223731 0.007765
v -0.15822199 0.65249091 0.00774474
v -0.15823896 0.65249983 0.00774527
v -0.15812631 0.65282179 0.00772968
v -0.15814516 0.6528234 0.00773054
v -0.15816425 0.65316405 0.00772207
v -0.15818248 0.6531581 0.00772312
v -0.15833017 0.65346587 0.00772306
v -0.15834461 0.65345351 0.00772406
v -0.15853814 0.65364737 0.0077299
v -0.15854549 0.65363196 0.0077306
v -0.15907582 0.65206213 0.00780639
v -0.15932716 0.65212485 0.00781916
v -0.15933918 0.65210082 0.00782055
v -0.15846466 0.65225684 0.00776533
v -0.15875053 0.65210127 0.00778637
v -0.15816915 0.65282935 0.00773178
v -0.15826328 0.6525128 0.00774631
v -0.15836522 0.65344153 0.00772561
v -0.15820834 0.65314879 0.00772489
v -0.16386772 0.65333128 0.0079337
v -0.16365856 0.65144705 0.00797557
v -0.16363659 0.65145514 0.00806149
v -0.16384502 0.65333212 0.00801978
v -0.16274551 0.64978529 0.00797023
v -0.16272691 0.64979933 0.00805616
v -0.16126737 0.648599 0.00791846
v -0.16125425 0.64861716 0.0080046
v -0.15944932 0.64806822 0.00782819
v -0.1594426 0.64808875 0.00791465
v -0.15756784 0.64827452 0.00771311
v -0.15756828 0.64829428 0.00780001
v -0.15590991 0.64918623 0.00759078
v -0.15591628 0.64920226 0.00767812
v -0.15472748 0.65066405 0.00747981
v -0.15473821 0.65067503 0.00756756
v -0.15420041 0.65248389 0.00739707
v -0.15421348 0.65248793 0.00748514
v -0.15440952 0.65436797 0.00735521
v -0.15442164 0.65436499 0.00744342
v -0.15532263 0.65602942 0.00736058
v -0.15533113 0.65602072 0.00744875
v -0.1568007 0.65721617 0.00741231
v -0.15680398 0.65720252 0.00750031
v -0.15861898 0.65774664 0.00750259
v -0.15861557 0.65773116 0.00759027
v -0.16050016 0.65754042 0.00761767
v -0.16048984 0.6575257 0.00770493
v -0.16215843 0.65662878 0.00773999
v -0.16214204 0.65661742 0.0078268
v -0.16334098 0.65515082 0.00785097
v -0.16331997 0.65514494 0.00793737
v -0.16368002 0.65331969 0.00807193
v -0.16203401 0.65649519 0.00788543
v -0.1590914 0.65203215 0.00757947
v -0.15909281 0.65201575 0.00757987
v -0.15943843 0.6521205 0.00759692
v -0.1594308 0.65213477 0.00759622
v -0.15875192 0.65205321 0.00755903
v -0.15875705 0.65206877 0.00755903
v -0.15845167 0.65221831 0.00753685
v -0.15846227 0.65223067 0.00753729
v -0.15823754 0.65248595 0.00751676
v -0.15825214 0.65249342 0.00751757
v -0.15814206 0.65281561 0.00750178
v -0.15815852 0.65281661 0.00750287
v -0.15818017 0.65315672 0.00749421
v -0.15819563 0.65315161 0.00749542
v -0.15834547 0.65345763 0.00749517
v -0.15835816 0.65344687 0.00749639
v -0.1585576 0.65363768 0.00771414
v -0.15856769 0.65361868 0.00771536
v -0.15855719 0.65361044 0.0077319
v -0.159342 0.65212485 0.00780313
v -0.15935159 0.652106 0.00780412
v -0.1587847 0.65242262 0.00357057
v -0.15875705 0.65206877 0.00755903
v -0.1590914 0.65203215 0.00757947
v -0.15884061 0.65241629 0.00357399
v -0.1594308 0.65213477 0.00759622
v -0.15889477 0.65243224 0.00357667
v -0.15889477 0.65243224 0.00357667
v -0.1594308 0.65213477 0.00759622
v -0.15942116 0.65215697 0.00759503
v -0.15889035 0.65246596 0.00357545
v -0.15825214 0.65249342 0.00751757
v -0.15846227 0.65223067 0.00753729
v -0.15873555 0.65244956 0.00356694
v -0.15870044 0.6524935 0.00356365
v -0.15819563 0.65315161 0.00749542
v -0.15815852 0.65281661 0.00750287
v -0.15868488 0.65254767 0.00356117
v -0.15869088 0.65260352 0.00355992
v -0.1587771 0.65267432 0.00356291
v -0.15864601 0.65365126 0.00750725
v -0.15863694 0.65366629 0.00750627
v -0.15876196 0.65268843 0.00356161
v -0.15835816 0.65344687 0.00749639
v -0.15871812 0.65265303 0.00356009
v -0.15941779 0.65215796 0.00770141
v -0.15942161 0.6521546 0.00761143
v -0.15943002 0.65213553 0.00761229
v -0.15942719 0.65213934 0.00770249
v -0.15863639 0.65366698 0.00752233
v -0.15864317 0.65365553 0.00752317
v -0.15864306 0.65365286 0.00761361
v -0.15863336 0.65367079 0.00761255
v -0.16003132 0.6526686 0.00761575
v -0.15988949 0.65253577 0.00761136
v -0.15990496 0.65252593 0.00761235
v -0.16003132 0.6526686 0.00761575
v -0.16003059 0.65266898 0.0076318
v -0.15988853 0.65253615 0.00762735
v -0.15988949 0.65253577 0.00761136
v -0.15862939 0.65368079 0.00750525
v -0.15863694 0.65366629 0.00750627
v -0.15894369 0.65375212 0.00752161
v -0.15894251 0.65376822 0.00752091
v -0.15863694 0.65366629 0.00750627
v -0.15894278 0.65375235 0.00753762
v -0.15894369 0.65375212 0.00752161
v -0.15966477 0.65234351 0.00781642
v -0.1596637 0.65234396 0.0078324
v -0.15967634 0.65233283 0.00783361
v -0.16303058 0.65501776 0.00798558
v -0.1629603 0.65502287 0.00798135
v -0.16303159 0.65501753 0.00796952
v -0.16296112 0.65502257 0.00796525
v -0.15989149 0.65253264 0.00784037
v -0.15892884 0.65377493 0.0077489
v -0.15687501 0.65706076 0.00756989
v -0.16355114 0.6533467 0.00776605
v -0.16369722 0.65331122 0.00777557
v -0.16296938 0.65501845 0.00782313
v -0.15941152 0.65385542 0.0076524
v -0.15940555 0.65385863 0.00775793
v -0.16205124 0.65648673 0.00758904
v -0.16195476 0.65637228 0.00758672
v -0.16300844 0.65493773 0.00797045
v -0.16301668 0.65493338 0.00782835
v -0.16305624 0.6549819 0.00782922
v -0.163048 0.65498602 0.00797133
v -0.16303991 0.65501334 0.00782739
v -0.16002527 0.65267157 0.00772193
v -0.16001913 0.6526747 0.00782747
v -0.15922157 0.65381522 0.00764254
v -0.15921569 0.65381834 0.00774807
v -0.15893757 0.65375525 0.00762776
v -0.15893126 0.65375823 0.0077333
v -0.15967104 0.65234038 0.00771088
v -0.1598833 0.65253897 0.00771749
v -0.15987718 0.65254202 0.00782304
v -0.16302379 0.65492995 0.00770626
v -0.16306343 0.65497824 0.00770715
v -0.16304702 0.6550099 0.00770531
v -0.16297655 0.65501502 0.00770108
v -0.15941683 0.65385298 0.00756227
v -0.15922699 0.65381255 0.00755239
v -0.15967606 0.65233771 0.00762073
v -0.15967703 0.65233717 0.00760472
v -0.15968966 0.6523268 0.00760558
v -0.15967703 0.65233717 0.00760472
v -0.1594308 0.65213477 0.00759622
v -0.15922791 0.65381224 0.00753638
v -0.15922876 0.65383025 0.00753576
v -0.15922791 0.65381224 0.00753638
v -0.15941791 0.65385245 0.00754623
v -0.15941791 0.65385245 0.00754623
v -0.16297756 0.65501448 0.00768496
v -0.16297756 0.65501448 0.00768496
v -0.16302482 0.65492949 0.00769018
v -0.16302482 0.65492949 0.00769018
v -0.15987627 0.6525424 0.00783905
v -0.16001825 0.65267508 0.00784348
v -0.16300766 0.65493819 0.00798655
v -0.15893034 0.65375853 0.00774931
v -0.15921477 0.65381865 0.00776408
v -0.15921548 0.65383681 0.00776377
v -0.1594044 0.65385886 0.00777394
v -0.16304708 0.65498641 0.00798745
v -0.16304798 0.65500929 0.00768922
v -0.16306411 0.65497778 0.00769105
v -0.16304798 0.65500929 0.00768922
v -0.16306411 0.65497778 0.00769105
v -0.16306411 0.65497778 0.00769105
v -0.15864601 0.65365126 0.00750725
v -0.15761369 0.64845046 0.00785954
v -0.1560172 0.64932845 0.00774174
v -0.15487846 0.65075163 0.00763489
v -0.15437126 0.6525038 0.00755523
v -0.15457237 0.65431807 0.0075149
v -0.15545173 0.65591795 0.00752007
v -0.15942116 0.65215697 0.00759503
v -0.15904129 0.6529109 0.007658
v -0.15896309 0.65287627 0.00776337
v -0.15907944 0.65292555 0.00757653
v -0.15909013 0.65292975 0.00755367
v -0.15909013 0.65292975 0.00755367
v -0.15887525 0.65258452 0.00357119
v -0.15895364 0.65287222 0.00777607
v -0.16379762 0.65331999 0.00778115
v -0.16378055 0.65332846 0.00807752
v -0.16357477 0.65147543 0.00811871
v -0.16267652 0.64984045 0.00811344
v -0.1612397 0.64866499 0.00776613
v -0.16122244 0.64867331 0.00806251
v -0.15945118 0.64814291 0.00767735
v -0.15943411 0.64815146 0.00797372
v -0.15760056 0.64834586 0.00756415
v -0.1575832 0.64835448 0.00786053
v -0.15596931 0.64924254 0.00744381
v -0.1559522 0.64925108 0.00774019
v -0.15480631 0.65069647 0.00733463
v -0.15478903 0.65070487 0.00763104
v -0.15428794 0.65248641 0.00725327
v -0.15427085 0.65249503 0.00754966
v -0.15449376 0.65433966 0.0072121
v -0.15447627 0.65434813 0.00750848
v -0.15539181 0.65597441 0.00721734
v -0.1553745 0.65598303 0.00751371
v -0.15684586 0.65714163 0.00726827
v -0.15682853 0.65715025 0.00756464
v -0.15861711 0.65767195 0.00765345
v -0.16046779 0.65746909 0.00776666
v -0.16209907 0.65657248 0.00788698
v -0.16327942 0.65511008 0.00769978
v -0.16211616 0.65656386 0.0075906
v -0.16326208 0.65511855 0.00799616
v -0.16364299 0.65145125 0.00788568
v -0.16273395 0.64979689 0.00788037
v -0.16274551 0.64978529 0.00797023
v -0.16365856 0.65144705 0.00797557
v -0.16126262 0.64861571 0.00782884
v -0.16126737 0.648599 0.00791846
v -0.15945259 0.64808783 0.00773895
v -0.15944932 0.64806822 0.00782819
v -0.15757962 0.64829291 0.00762441
v -0.15756784 0.64827452 0.00771311
v -0.15592911 0.64920035 0.00750262
v -0.15590991 0.64918623 0.00759078
v -0.15475191 0.65067175 0.00739216
v -0.15472748 0.65066405 0.00747981
v -0.15422737 0.65248312 0.00730982
v -0.15420041 0.65248389 0.00739707
v -0.15443563 0.65435851 0.00726812
v -0.15440952 0.65436797 0.00735521
v -0.15534456 0.65601302 0.00727344
v -0.15532263 0.65602942 0.00736058
v -0.1568161 0.65719397 0.00732498
v -0.1568007 0.65721617 0.00741231
v -0.15862583 0.65772231 0.00741486
v -0.15861898 0.65774664 0.00750259
v -0.1604989 0.657517 0.00752941
v -0.16050016 0.65754042 0.00761767
v -0.16214964 0.65660948 0.00765119
v -0.16215843 0.65662878 0.00773999
v -0.16332668 0.65513808 0.00776167
v -0.16334098 0.65515082 0.00785097
v -0.16385116 0.65332694 0.00784401
v -0.16386772 0.65333128 0.0079337
v -0.31966306 0.66475729 0.0072817
v -0.31969909 0.66503066 0.0072945
v -0.32346168 0.66553877 0.00713385
v -0.32329791 0.66372252 0.00704433
v -0.31950334 0.66445227 0.00727449
v -0.31948842 0.66446387 0.00727583
v -0.31964469 0.66476263 0.00728291
v -0.31923927 0.66423094 0.00727802
v -0.31923021 0.66424765 0.0072793
v -0.31891128 0.66412726 0.00729179
v -0.31890922 0.66414626 0.00729275
v -0.31856857 0.66415709 0.00731369
v -0.31857394 0.66417525 0.00731419
v -0.318264 0.66431578 0.00734039
v -0.31827621 0.66433066 0.00734028
v -0.31804385 0.66457922 0.00736782
v -0.31806052 0.66458815 0.00736713
v -0.31795074 0.66483839 0.00738747
v -0.31796779 0.66483969 0.00738636
v -0.3196219 0.66476889 0.0072846
v -0.3196553 0.66502585 0.00729664
v -0.31968202 0.66502844 0.00729521
v -0.31921769 0.66426924 0.00728121
v -0.31946672 0.66447974 0.00727797
v -0.31857709 0.66419981 0.00731535
v -0.31890607 0.66417357 0.00729444
v -0.3180792 0.6646031 0.00736685
v -0.31829425 0.66435141 0.00734035
v -0.32017802 0.66969489 0.00740635
v -0.32185462 0.6688214 0.00725939
v -0.32184848 0.66880286 0.00734627
v -0.32017814 0.66967314 0.00749268
v -0.32306743 0.66737173 0.00710838
v -0.32305686 0.66735846 0.00719582
v -0.32363158 0.66556639 0.00697636
v -0.32361919 0.66555975 0.00706425
v -0.32346183 0.66368025 0.00688335
v -0.3234497 0.66368033 0.00697161
v -0.32258319 0.66200026 0.00684357
v -0.32257415 0.6620069 0.00693199
v -0.32112983 0.66078276 0.00686308
v -0.3211264 0.66079359 0.00695135
v -0.31932319 0.66021254 0.00693886
v -0.31932632 0.66022551 0.0070269
v -0.31743772 0.66037634 0.00705942
v -0.31744817 0.66038908 0.00714701
v -0.31576135 0.66124976 0.00720636
v -0.3157777 0.66125914 0.00729343
v -0.31454871 0.66269949 0.00735737
v -0.31456931 0.66270331 0.00744389
v -0.31398416 0.66450484 0.00748941
v -0.31400733 0.66450201 0.00757542
v -0.31415427 0.66639113 0.0075824
v -0.31417678 0.66638144 0.00766808
v -0.31503284 0.66807082 0.00762218
v -0.31505201 0.66805502 0.00770773
v -0.31648631 0.66928854 0.00760269
v -0.31650016 0.66926833 0.00768829
v -0.31829286 0.66985899 0.00752691
v -0.31830007 0.66983633 0.00761278
v -0.32013606 0.66951407 0.00754795
v -0.31658096 0.66912291 0.00773701
v -0.31963109 0.66477507 0.00705545
v -0.31964685 0.66477049 0.00705412
v -0.31967567 0.66513045 0.00707207
v -0.31965944 0.66512854 0.00707308
v -0.31948766 0.66446623 0.00704691
v -0.31947505 0.66447653 0.0070484
v -0.31922435 0.66424567 0.00705044
v -0.31921672 0.66426001 0.00705185
v -0.3188972 0.66414244 0.00706417
v -0.31889566 0.66415869 0.00706533
v -0.31855569 0.66417212 0.00708601
v -0.31856069 0.66418776 0.00708673
v -0.31825221 0.66433043 0.00711262
v -0.31826265 0.66434302 0.00711287
v -0.31803256 0.66459296 0.00713997
v -0.31804725 0.66460089 0.0071397
v -0.31796516 0.66485327 0.00737022
v -0.31798642 0.66485579 0.00736921
v -0.31799213 0.6648429 0.0073851
v -0.31965888 0.66503981 0.00728027
v -0.31967986 0.66504195 0.00727905
v -0.31873195 0.66467261 0.00311859
v -0.31947505 0.66447653 0.0070484
v -0.31963109 0.66477507 0.00705545
v -0.31875823 0.66472243 0.00311977
v -0.31965944 0.66512854 0.00707308
v -0.31876317 0.66477866 0.00312254
v -0.31876317 0.66477866 0.00312254
v -0.31965944 0.66512854 0.00707308
v -0.31963527 0.66512755 0.00707447
v -0.3187301 0.66478667 0.00312494
v -0.31889566 0.66415869 0.00706533
v -0.31921672 0.66426001 0.00705185
v -0.31868888 0.66463637 0.00311916
v -0.31863523 0.66461958 0.00312143
v -0.31826265 0.66434302 0.00711287
v -0.31856069 0.66418776 0.00708673
v -0.31857913 0.66462447 0.003125
v -0.31852937 0.66465025 0.00312937
v -0.31849496 0.66475615 0.00313719
v -0.31796226 0.66494284 0.00716343
v -0.31794482 0.66493987 0.00716427
v -0.3184764 0.66474707 0.00313778
v -0.31804725 0.66460089 0.0071397
v -0.31849326 0.66469351 0.00313385
v -0.31964448 0.66512358 0.00718042
v -0.31963945 0.66512686 0.00709051
v -0.31966027 0.66512785 0.00708914
v -0.31966535 0.66512564 0.00717932
v -0.31794568 0.66493933 0.00718035
v -0.31795886 0.66494154 0.00717979
v -0.31797096 0.66493956 0.00726944
v -0.31795078 0.66493697 0.00727051
v -0.31938203 0.66588057 0.0071306
v -0.31945386 0.66570059 0.00711653
v -0.31946855 0.66571143 0.00711607
v -0.31938203 0.66588057 0.0071306
v -0.31938304 0.66587988 0.00714661
v -0.31945491 0.6656996 0.00713249
v -0.31945386 0.66570059 0.00711653
v -0.31792863 0.66493803 0.00716497
v -0.31794482 0.66493987 0.00716427
v -0.31797706 0.66525679 0.00717968
v -0.31796159 0.66526144 0.00718069
v -0.31794482 0.66493987 0.00716427
v -0.31797809 0.6652558 0.00719566
v -0.31797706 0.66525679 0.00717968
v -0.31957341 0.66541945 0.00730692
v -0.31957431 0.66541853 0.00732288
v -0.31958921 0.66542632 0.0073226
v -0.31831933 0.6695201 0.00765581
v -0.31828882 0.66945639 0.00765413
v -0.31831821 0.66952109 0.00763977
v -0.31828777 0.66945715 0.00763805
v -0.31948182 0.66569884 0.00734385
v -0.31797473 0.66524855 0.00740845
v -0.31417178 0.66451659 0.00762794
v -0.32003227 0.66940688 0.00725025
v -0.32011859 0.66953032 0.00725189
v -0.31827941 0.66946486 0.00749611
v -0.318063 0.66572897 0.00730713
v -0.31806913 0.6657234 0.00741255
v -0.31656339 0.66913908 0.00744097
v -0.31663474 0.66900801 0.00742958
v -0.31838392 0.66947081 0.00763311
v -0.31837577 0.66947844 0.00749115
v -0.31834502 0.66953268 0.00749592
v -0.3183534 0.66952513 0.00763788
v -0.31830985 0.66952895 0.00749779
v -0.31938842 0.66587485 0.00723663
v -0.31939462 0.6658692 0.00734205
v -0.31803102 0.6655374 0.00729856
v -0.31803739 0.66553183 0.00740396
v -0.31798324 0.66525099 0.00728573
v -0.31798948 0.66524496 0.00739115
v -0.31956725 0.6654254 0.0072015
v -0.31946002 0.66569479 0.00722256
v -0.31946626 0.66568907 0.00732798
v -0.3183685 0.66948515 0.00736921
v -0.31833802 0.66953947 0.00737394
v -0.31830262 0.66953558 0.00737585
v -0.31827211 0.66947173 0.00737417
v -0.31805766 0.66573409 0.0072171
v -0.31802589 0.66554244 0.00720852
v -0.31956191 0.66543005 0.00711143
v -0.31956104 0.66543097 0.00709545
v -0.31957536 0.66543898 0.00709486
v -0.31956104 0.66543097 0.00709545
v -0.31965944 0.66512854 0.00707308
v -0.31802482 0.66554335 0.00719254
v -0.3180084 0.66555067 0.00719374
v -0.31802482 0.66554335 0.00719254
v -0.31805679 0.66573485 0.00720108
v -0.31805679 0.66573485 0.00720108
v -0.31827125 0.66947264 0.00735809
v -0.31827125 0.66947264 0.00735809
v -0.31836761 0.66948607 0.00735313
v -0.31836761 0.66948607 0.00735313
v -0.31946729 0.66568816 0.00734396
v -0.31939569 0.66586821 0.00735804
v -0.31838496 0.66947005 0.00764919
v -0.31799047 0.66524413 0.00740713
v -0.31803842 0.66553099 0.00741995
v -0.31802184 0.66553816 0.00742149
v -0.31807019 0.66572226 0.00742853
v -0.31835441 0.66952422 0.00765396
v -0.31830177 0.6695365 0.00735977
v -0.31833698 0.66954016 0.0073579
v -0.31830177 0.6695365 0.00735977
v -0.31833698 0.66954016 0.0073579
v -0.31833698 0.66954016 0.0073579
v -0.31796226 0.66494284 0.00716343
v -0.32245208 0.66210478 0.00700602
v -0.32105247 0.66093245 0.0070248
v -0.31931272 0.66038321 0.0070978
v -0.31749751 0.66054121 0.00721386
v -0.31588294 0.66138205 0.00735538
v -0.31471542 0.66277808 0.00750076
v -0.31963527 0.66512755 0.00707447
v -0.31880666 0.6650437 0.00722567
v -0.31882194 0.66495711 0.00732906
v -0.31879808 0.66508543 0.0071451
v -0.31879554 0.66509711 0.0071225
v -0.31879554 0.66509711 0.0071225
v -0.31861438 0.66481528 0.00313335
v -0.31882364 0.66494666 0.00734156
v -0.32014713 0.66962706 0.00725546
v -0.32016456 0.66961096 0.00755156
v -0.32181358 0.66875182 0.007407
v -0.32300678 0.66732558 0.0072584
v -0.32354419 0.66556601 0.0068325
v -0.32356193 0.66554961 0.00712852
v -0.32337718 0.66371039 0.00674103
v -0.32339462 0.66369437 0.00703707
v -0.32251289 0.66205801 0.00670191
v -0.32253021 0.66204184 0.00699795
v -0.32108321 0.66086012 0.00672108
v -0.32110069 0.66084395 0.00701708
v -0.31930602 0.66029929 0.00679562
v -0.31932361 0.66028304 0.00709167
v -0.31745147 0.6604605 0.00691421
v -0.31746898 0.66044455 0.00721027
v -0.31580251 0.66131972 0.00705877
v -0.31581987 0.66130324 0.00735483
v -0.31460935 0.66274573 0.00720732
v -0.31462676 0.6627294 0.00750336
v -0.31405414 0.6645217 0.00733723
v -0.31407155 0.66450545 0.00763327
v -0.31423896 0.66636092 0.00772472
v -0.31510318 0.66801329 0.00776386
v -0.31653289 0.66921133 0.00774467
v -0.3182925 0.6697885 0.00737411
v -0.3165154 0.66922743 0.00744863
v -0.31831002 0.66977217 0.00767015
v -0.32183563 0.66880934 0.00717089
v -0.32304298 0.66736601 0.00702057
v -0.32306743 0.66737173 0.00710838
v -0.32185462 0.6688214 0.00725939
v -0.32360484 0.66556899 0.00688906
v -0.32363158 0.66556639 0.00697636
v -0.32343532 0.66369124 0.00679651
v -0.32346183 0.66368025 0.00688335
v -0.32256084 0.66201888 0.00675695
v -0.32258319 0.66200026 0.00684357
v -0.32111411 0.66080672 0.00677629
v -0.32112983 0.66078276 0.00686308
v -0.31931554 0.66023901 0.00685179
v -0.31932319 0.66021254 0.00693886
v -0.31743888 0.66040221 0.00697182
v -0.31743772 0.66037634 0.00705942
v -0.31577018 0.66127173 0.00711807
v -0.31576135 0.66124976 0.00720636
v -0.31456247 0.66271491 0.00726843
v -0.31454871 0.66269949 0.00735737
v -0.314001 0.66451216 0.00739986
v -0.31398416 0.66450484 0.00748941
v -0.31416993 0.66638976 0.00749247
v -0.31415427 0.66639113 0.0075824
v -0.31504468 0.66806212 0.00753206
v -0.31503284 0.66807082 0.00762218
v -0.31649144 0.66927443 0.00751265
v -0.31648631 0.66928854 0.00760269
v -0.31829015 0.66984198 0.00743719
v -0.31829286 0.66985899 0.00752691
v -0.32016662 0.66967879 0.0073172
v -0.32017802 0.66969489 0.00740635
v -0.43387259 0.50604495 0.00606308
v -0.43412322 0.50615691 0.00609222
v -0.43652671 0.50321341 0.00608788
v -0.43490149 0.50240466 0.00589226
v -0.43353038 0.50602187 0.00603355
v -0.43353232 0.50604056 0.00603504
v -0.43386752 0.50606337 0.00606396
v -0.43320418 0.5061315 0.00601585
v -0.43321349 0.50614795 0.00601772
v -0.43294406 0.50635711 0.00601273
v -0.43295913 0.50636863 0.00601463
v -0.43278956 0.50666491 0.00602459
v -0.43280772 0.50666976 0.00602627
v -0.43276412 0.50700747 0.00604969
v -0.43278304 0.50700492 0.00605083
v -0.43287173 0.50733283 0.00608417
v -0.43288814 0.50732337 0.00608456
v -0.43304255 0.50754756 0.006115
v -0.43305263 0.50753371 0.00611454
v -0.43386092 0.50608603 0.00606522
v -0.43409617 0.50619178 0.00609261
v -0.43411235 0.5061703 0.00609222
v -0.4332252 0.50616984 0.00602043
v -0.43353435 0.50606742 0.00603729
v -0.43283023 0.50667994 0.0060289
v -0.43298057 0.50638572 0.00601776
v -0.43291057 0.50731513 0.00608574
v -0.43281013 0.50700026 0.00605263
v -0.43833487 0.50818404 0.00647869
v -0.43847476 0.50629805 0.00634052
v -0.43845008 0.50629363 0.00642597
v -0.4383108 0.50817256 0.00656364
v -0.43788276 0.50450667 0.00615067
v -0.4378604 0.50450881 0.0062368
v -0.43664901 0.50308295 0.00593796
v -0.43663115 0.50308997 0.00602486
v -0.43496131 0.50224273 0.00573483
v -0.43494941 0.50225318 0.00582249
v -0.43307639 0.5021149 0.00557217
v -0.43307158 0.50212592 0.00566048
v -0.43128173 0.50271865 0.00547478
v -0.43128341 0.50272715 0.00556339
v -0.42985007 0.50396155 0.00545746
v -0.42985705 0.5039656 0.00554615
v -0.4289992 0.50565509 0.00552284
v -0.42900977 0.50565287 0.00561134
v -0.42885943 0.50754088 0.00566101
v -0.42887027 0.5075318 0.00574898
v -0.42945151 0.50933204 0.00585091
v -0.42945991 0.50931647 0.00593815
v -0.43068511 0.51075625 0.00606361
v -0.43068931 0.510735 0.00615005
v -0.43237308 0.51159621 0.00626675
v -0.43237094 0.51157187 0.00635246
v -0.43425769 0.511724 0.00642941
v -0.43424872 0.51169936 0.00651451
v -0.43605273 0.51112029 0.00652676
v -0.43603705 0.51109793 0.00661156
v -0.43748446 0.50987746 0.00654411
v -0.43746329 0.50985949 0.0066288
v -0.43815005 0.50812533 0.00660854
v -0.43595233 0.51095305 0.00665485
v -0.43388579 0.50608146 0.00583721
v -0.43389029 0.50606559 0.00583614
v -0.43421039 0.50622901 0.00587502
v -0.43420024 0.50624183 0.00587536
v -0.4335488 0.50604239 0.00580669
v -0.4335509 0.50605872 0.00580833
v -0.43322364 0.50615187 0.00578907
v -0.43323192 0.50616584 0.00579102
v -0.43296443 0.5063769 0.0057859
v -0.43297736 0.50638678 0.00578793
v -0.43281028 0.50668372 0.00579777
v -0.4328263 0.50668765 0.00579956
v -0.43278525 0.50702517 0.00582283
v -0.43280131 0.50702288 0.00582409
v -0.43289241 0.50734961 0.0058572
v -0.43290675 0.50734114 0.00585785
v -0.43306384 0.50754298 0.00609913
v -0.43307712 0.5075262 0.00609898
v -0.43306815 0.50751464 0.00611431
v -0.43411109 0.50619597 0.00607719
v -0.43412391 0.50617919 0.00607681
v -0.43358603 0.50679484 0.00187248
v -0.4335509 0.50605872 0.00580833
v -0.43388579 0.50608146 0.00583721
v -0.43364207 0.50679831 0.00187733
v -0.43420024 0.50624183 0.00587536
v -0.43369231 0.50682345 0.00188335
v -0.43369231 0.50682345 0.00188335
v -0.43420024 0.50624183 0.00587536
v -0.4341867 0.50626189 0.00587589
v -0.43368175 0.50685592 0.00188507
v -0.43297736 0.50638678 0.00578793
v -0.43323192 0.50616584 0.00579102
v -0.43353274 0.50681254 0.00186958
v -0.43349036 0.50684951 0.00186909
v -0.43280131 0.50702288 0.00582409
v -0.4328263 0.50668765 0.00579956
v -0.43346503 0.50690001 0.00187103
v -0.43346072 0.50695586 0.00187511
v -0.43353232 0.50704051 0.00188763
v -0.43315196 0.50759242 0.00589764
v -0.43314029 0.5076055 0.00589771
v -0.43351497 0.50705161 0.00188709
v -0.43290675 0.50734114 0.00585785
v -0.43347842 0.50700923 0.00188076
v -0.43418132 0.5062519 0.00598171
v -0.43418727 0.50625796 0.00589199
v -0.43419909 0.50624072 0.00589138
v -0.43419398 0.50623523 0.00598141
v -0.4331393 0.50760459 0.00591373
v -0.43314811 0.50759452 0.00591377
v -0.43314685 0.50758315 0.00600353
v -0.43313403 0.50759902 0.00600376
v -0.43469207 0.50687114 0.00596504
v -0.43457709 0.50671592 0.00594345
v -0.43459407 0.50670901 0.0059441
v -0.43469207 0.50687114 0.00596504
v -0.43469096 0.50686984 0.00598103
v -0.4345758 0.50671443 0.00595936
v -0.43457709 0.50671592 0.00594345
v -0.43313029 0.50761847 0.00589775
v -0.43314029 0.5076055 0.00589771
v -0.43342574 0.50774352 0.00593174
v -0.4334217 0.5077592 0.0059325
v -0.43314029 0.5076055 0.00589771
v -0.43342444 0.50774222 0.00594769
v -0.43342574 0.50774352 0.00593174
v -0.43438785 0.50646712 0.00612194
v -0.43438643 0.50646582 0.00613785
v -0.43440074 0.5064572 0.0061385
v -0.43720138 0.50967791 0.00665485
v -0.43713141 0.5096707 0.0066486
v -0.43720267 0.5096794 0.00663887
v -0.43713252 0.50967196 0.00663258
v -0.43457541 0.50669104 0.00617115
v -0.43340274 0.50774131 0.00615952
v -0.43078391 0.51060233 0.00620884
v -0.43802398 0.50815799 0.00630203
v -0.43817389 0.50814883 0.00631344
v -0.43714408 0.50968314 0.00649105
v -0.43386413 0.50791682 0.00608803
v -0.43385573 0.50790877 0.00619312
v -0.43597621 0.51097651 0.00635975
v -0.43590247 0.51084723 0.00634354
v -0.43719459 0.50959704 0.00663166
v -0.43720607 0.50960807 0.00649014
v -0.43723598 0.50966262 0.00649689
v -0.43722457 0.50965152 0.00663841
v -0.43721423 0.50969058 0.00649734
v -0.43468364 0.50686271 0.00607075
v -0.43467509 0.50685447 0.00617584
v -0.43368503 0.50784411 0.00606777
v -0.43367675 0.50783576 0.00617287
v -0.4334172 0.50773528 0.00603744
v -0.4334085 0.50772685 0.00614254
v -0.43439651 0.50647548 0.00601685
v -0.43456855 0.50670756 0.00604916
v -0.43456 0.50669928 0.00615425
v -0.43721599 0.50961776 0.0063686
v -0.43724589 0.50967215 0.00637527
v -0.43722407 0.50970031 0.00637577
v -0.43715392 0.50969287 0.00636951
v -0.43387149 0.50792407 0.00599827
v -0.4336925 0.50785117 0.00597801
v -0.4344036 0.50648246 0.00592705
v -0.4344049 0.50648364 0.0059111
v -0.43441928 0.50647567 0.00591148
v -0.4344049 0.50648364 0.0059111
v -0.43420024 0.50624183 0.00587536
v -0.43369376 0.50785247 0.00596207
v -0.43369128 0.50787032 0.00596313
v -0.43369376 0.50785247 0.00596207
v -0.4338729 0.50792525 0.00598232
v -0.4338729 0.50792525 0.00598232
v -0.43715529 0.50969405 0.00635349
v -0.43715529 0.50969405 0.00635349
v -0.43721736 0.50961898 0.00635258
v -0.43721736 0.50961898 0.00635258
v -0.43455874 0.50669791 0.0061702
v -0.4346738 0.50685309 0.00619179
v -0.4371934 0.50959578 0.00664768
v -0.43340732 0.50772555 0.00615845
v -0.43367549 0.5078345 0.00618877
v -0.43367286 0.50785239 0.00619015
v -0.43385432 0.50790721 0.00620903
v -0.43722331 0.50965003 0.0066544
v -0.43722541 0.50970149 0.00635975
v -0.43724708 0.50967345 0.00635929
v -0.43722541 0.50970149 0.00635975
v -0.43724708 0.50967345 0.00635929
v -0.43724708 0.50967345 0.00635929
v -0.43315196 0.50759242 0.00589764
v -0.43308646 0.50228125 0.00573559
v -0.43135829 0.50286269 0.00564186
v -0.42997958 0.50405959 0.00562515
v -0.42916064 0.50569018 0.00568813
v -0.42902572 0.50750621 0.00582115
v -0.42959598 0.50923091 0.00600399
v -0.4341867 0.50626189 0.00587589
v -0.43367377 0.50692477 0.005994
v -0.43360129 0.50686656 0.00609287
v -0.43371005 0.50695403 0.0059156
v -0.43372008 0.50696219 0.00589363
v -0.43372008 0.50696219 0.00589363
v -0.43364524 0.50696963 0.00189114
v -0.43359256 0.50685965 0.00610481
v -0.43827086 0.50817504 0.00632336
v -0.4382471 0.50815165 0.0066185
v -0.43838462 0.50629676 0.00648258
v -0.43780223 0.50453448 0.00629578
v -0.43661242 0.50315718 0.00579144
v -0.43658854 0.50313353 0.00608654
v -0.43495219 0.50233077 0.00559158
v -0.43492846 0.50230746 0.00588673
v -0.43309821 0.50220496 0.00543159
v -0.43307418 0.50218165 0.00572674
v -0.43133243 0.50279868 0.00533581
v -0.43130866 0.50277541 0.00563091
v -0.42992427 0.50402144 0.00531876
v -0.42990035 0.50399806 0.0056139
v -0.42908748 0.50568736 0.00538311
v -0.42906371 0.50566405 0.00567821
v -0.42894996 0.50754233 0.00551903
v -0.42892581 0.50751887 0.00581409
v -0.42953219 0.50930445 0.0057058
v -0.42950816 0.50928115 0.0060009
v -0.43074588 0.51070529 0.00591503
v -0.43072181 0.51068198 0.00621014
v -0.43238219 0.51150817 0.00640995
v -0.43423629 0.5116339 0.00656998
v -0.43600203 0.51104026 0.00666576
v -0.43743411 0.50984095 0.00638771
v -0.43602584 0.5110636 0.00637066
v -0.43741019 0.50981749 0.00668282
v -0.4384603 0.50630793 0.00625092
v -0.43787089 0.50452468 0.0060619
v -0.43788276 0.50450667 0.00615067
v -0.43847476 0.50629805 0.00634052
v -0.43664287 0.50310706 0.00585011
v -0.43664901 0.50308295 0.00593796
v -0.43496261 0.50227115 0.00564793
v -0.43496131 0.50224273 0.00573483
v -0.43308619 0.50214362 0.00548599
v -0.43307639 0.5021149 0.00557217
v -0.43129962 0.50274447 0.00538902
v -0.43128173 0.50271865 0.00547478
v -0.42987426 0.50398192 0.00537182
v -0.42985007 0.50396155 0.00545746
v -0.42902751 0.50566764 0.0054369
v -0.4289992 0.50565509 0.00552284
v -0.42888843 0.50754474 0.00557442
v -0.42885943 0.50754088 0.00566101
v -0.42947757 0.5093283 0.00576347
v -0.42945151 0.50933204 0.00585091
v -0.4307059 0.51074561 0.00597523
v -0.43068511 0.51075625 0.00606361
v -0.43238582 0.51158198 0.00617744
v -0.43237308 0.51159621 0.00626675
v -0.43426234 0.51170935 0.00633938
v -0.43425769 0.511724 0.00642941
v -0.43604918 0.51110846 0.00643631
v -0.43605273 0.51112029 0.00652676
v -0.43747436 0.50987094 0.00645355
v -0.43748446 0.50987746 0.00654411
v -0.43832103 0.5081853 0.00638847
v -0.43833487 0.50818404 0.00647869
v 0.26045715 0.45427218 0.0056432
v 0.26052083 0.45400363 0.00564281
v 0.26431917 0.45388991 0.00566654
v 0.26397146 0.45568229 0.00566881
v 0.26026712 0.45455928 0.00564392
v 0.2602534 0.45454619 0.00564379
v 0.26043945 0.45426494 0.00564306
v 0.25998149 0.45475211 0.00564486
v 0.25997415 0.45473453 0.00564468
v 0.25964418 0.454821 0.00564585
v 0.25964408 0.45480193 0.00564564
v 0.25930583 0.45475524 0.00564671
v 0.25931302 0.45473784 0.0056465
v 0.25901851 0.45456527 0.00564735
v 0.25903217 0.45455188 0.00564713
v 0.25882589 0.45427981 0.0056477
v 0.25884349 0.45427257 0.00564745
v 0.25875955 0.45401179 0.00564766
v 0.2587767 0.45401225 0.00564743
v 0.2604174 0.45425635 0.00564312
v 0.26047677 0.45400382 0.00564276
v 0.26050359 0.45400409 0.0056427
v 0.25996387 0.45471179 0.0056447
v 0.26023338 0.45452811 0.00564381
v 0.25931867 0.4547137 0.00564648
v 0.25964363 0.45477431 0.00564562
v 0.25886363 0.45425971 0.00564737
v 0.25905235 0.45453307 0.00564705
v 0.26147781 0.44941371 0.00552256
v 0.26305938 0.45045989 0.00551897
v 0.26304695 0.45047233 0.00560627
v 0.2614714 0.44943015 0.00560984
v 0.26412025 0.45203143 0.00551722
v 0.264104 0.45203814 0.00560451
v 0.2644988 0.45388926 0.00551754
v 0.26448139 0.45388926 0.00560482
v 0.26413799 0.4557508 0.0055199
v 0.26412139 0.45574401 0.00560719
v 0.26309183 0.45733233 0.00552393
v 0.26307918 0.45731952 0.00561121
v 0.26152017 0.4583929 0.00552902
v 0.26151353 0.45837645 0.00561628
v 0.25966243 0.45877158 0.0055344
v 0.25966243 0.45875361 0.00562164
v 0.25780071 0.4584106 0.00553926
v 0.25780799 0.45839362 0.00562647
v 0.2562194 0.45736453 0.00554283
v 0.2562322 0.4573516 0.00563004
v 0.25515865 0.45579295 0.00554461
v 0.25517515 0.45578601 0.00563181
v 0.25477975 0.45393504 0.00554428
v 0.25479818 0.45393493 0.00563147
v 0.25514099 0.45207354 0.00554192
v 0.25515794 0.45208022 0.00562912
v 0.25618686 0.45049216 0.00553789
v 0.25620002 0.45050464 0.00562511
v 0.25775871 0.44943133 0.00553278
v 0.25776603 0.44944766 0.00562002
v 0.25961645 0.44905253 0.0055274
v 0.2596169 0.44907062 0.00561466
v 0.26141023 0.44958041 0.00567137
v 0.25782867 0.44959731 0.00568121
v 0.26043868 0.45426505 0.00541487
v 0.26045394 0.45427127 0.00541468
v 0.26051917 0.4539157 0.00541424
v 0.26050287 0.45391597 0.00541443
v 0.26026441 0.45455783 0.00541542
v 0.26025281 0.45454608 0.00541559
v 0.25997964 0.45474994 0.00541634
v 0.25997356 0.45473472 0.00541651
v 0.25964322 0.45481852 0.00541729
v 0.25964332 0.45480208 0.00541746
v 0.25930606 0.45475303 0.00541819
v 0.25931266 0.45473792 0.00541832
v 0.25901983 0.45456344 0.00541883
v 0.25903142 0.45455207 0.00541897
v 0.25882768 0.4542789 0.00541916
v 0.25884309 0.45427257 0.00541927
v 0.25877628 0.45399959 0.00563045
v 0.25879779 0.4539992 0.00563049
v 0.25880126 0.45401168 0.00564737
v 0.26048265 0.45399123 0.00562588
v 0.26050378 0.45399135 0.00562571
v 0.25973304 0.4545159 0.00144514
v 0.26025281 0.45454608 0.00541559
v 0.26043868 0.45426505 0.00541487
v 0.2597643 0.45446898 0.00144503
v 0.26050287 0.45391597 0.00541443
v 0.25977495 0.45441352 0.00144493
v 0.25977495 0.45441352 0.00144493
v 0.26050287 0.45391597 0.00541443
v 0.2604787 0.4539144 0.00541452
v 0.25974281 0.45440204 0.00144503
v 0.25964332 0.45480208 0.00541746
v 0.25997356 0.45473472 0.00541651
v 0.2596865 0.45454738 0.00144537
v 0.25963134 0.45455855 0.00144552
v 0.25903142 0.45455207 0.00541897
v 0.25931266 0.45473792 0.00541832
v 0.25957591 0.45454772 0.00144566
v 0.25952896 0.45451693 0.00144569
v 0.2595054 0.45440772 0.00144569
v 0.25879312 0.45392283 0.00541916
v 0.25877555 0.45392402 0.0054192
v 0.259486 0.45441489 0.00144573
v 0.25884309 0.45427257 0.00541927
v 0.25949733 0.45447009 0.00144573
v 0.26048213 0.45391276 0.00552088
v 0.26048196 0.4539144 0.00543077
v 0.26050281 0.4539157 0.00543053
v 0.2605031 0.45391295 0.00552082
v 0.25877551 0.45392356 0.00543529
v 0.25878885 0.45392276 0.00543535
v 0.25879613 0.45392054 0.00552551
v 0.25877578 0.45392108 0.00552559
v 0.26030296 0.45313746 0.00541441
v 0.26035619 0.45332442 0.00541443
v 0.26037197 0.45331508 0.0054142
v 0.26030296 0.45313746 0.00541441
v 0.26030305 0.45313727 0.00543047
v 0.26035633 0.45332454 0.00543045
v 0.26035619 0.45332442 0.00541443
v 0.25875919 0.45392421 0.00541908
v 0.25877555 0.45392402 0.0054192
v 0.25883979 0.45361171 0.00541878
v 0.25882493 0.45360537 0.00541866
v 0.25877555 0.45392402 0.0054192
v 0.25883996 0.45361171 0.00543484
v 0.25883979 0.45361171 0.00541878
v 0.26043601 0.453604 0.00562653
v 0.26043598 0.45360412 0.00564259
v 0.26045156 0.45359786 0.0056427
v 0.25960086 0.44938384 0.00567619
v 0.25956401 0.44944419 0.00567631
v 0.25960071 0.44938373 0.00566008
v 0.25956386 0.44944426 0.00566021
v 0.26037233 0.45331508 0.0056427
v 0.25882516 0.45360557 0.00564716
v 0.2549604 0.45393401 0.00569227
v 0.26131084 0.44969451 0.00537472
v 0.26140941 0.4495806 0.00537436
v 0.2595635 0.44944434 0.00551779
v 0.25896806 0.45314368 0.00552448
v 0.25896825 0.45314341 0.00563023
v 0.25782783 0.44959746 0.00538422
v 0.25788556 0.44973556 0.00538416
v 0.25966102 0.44944076 0.00565994
v 0.25966087 0.44944095 0.00551754
v 0.25963579 0.44938365 0.00551756
v 0.25963611 0.44938346 0.00565996
v 0.25960035 0.44938384 0.00551764
v 0.26030334 0.45313739 0.0055208
v 0.26030357 0.4531372 0.00562656
v 0.25891677 0.45333121 0.00552477
v 0.25891714 0.45333095 0.00563051
v 0.25884002 0.45361163 0.00552517
v 0.25884025 0.45361171 0.00563093
v 0.26043579 0.45360393 0.00552078
v 0.26035642 0.45332435 0.00552078
v 0.26035661 0.45332416 0.00562654
v 0.25966051 0.44944106 0.0053952
v 0.25963561 0.44938373 0.0053952
v 0.25959999 0.44938392 0.00539532
v 0.25956314 0.44944434 0.00539545
v 0.25896779 0.45314361 0.00543415
v 0.25891668 0.45333121 0.00543442
v 0.26043556 0.45360419 0.00543045
v 0.26043559 0.45360427 0.00541441
v 0.26045059 0.45359778 0.00541418
v 0.26043559 0.45360427 0.00541441
v 0.26050287 0.45391597 0.00541443
v 0.25891654 0.45333114 0.00541836
v 0.25890094 0.45332213 0.00541826
v 0.25891654 0.45333114 0.00541836
v 0.25896783 0.45314361 0.00541809
v 0.25896783 0.45314361 0.00541809
v 0.25956317 0.44944434 0.00537933
v 0.25956317 0.44944434 0.00537933
v 0.25966054 0.44944095 0.00537907
v 0.25966054 0.44944095 0.00537907
v 0.26035674 0.45332427 0.00564259
v 0.2603037 0.45313727 0.0056426
v 0.25966113 0.44944068 0.00567606
v 0.25884038 0.45361171 0.00564697
v 0.25891731 0.45333095 0.00564655
v 0.25890149 0.45332206 0.00564674
v 0.25896842 0.45314368 0.00564629
v 0.2596363 0.44938346 0.0056761
v 0.25960002 0.44938392 0.00537918
v 0.25963546 0.44938392 0.0053791
v 0.25960002 0.44938392 0.00537918
v 0.25963546 0.44938392 0.0053791
v 0.25963546 0.44938392 0.0053791
v 0.25879312 0.45392283 0.00541916
v 0.26296432 0.45720534 0.00567268
v 0.2614509 0.45822665 0.00567759
v 0.25966188 0.4585913 0.00568279
v 0.25786952 0.45824351 0.00568745
v 0.25634651 0.45723643 0.0056909
v 0.2553252 0.4557231 0.00569258
v 0.2604787 0.4539144 0.00541452
v 0.25963928 0.45390449 0.0055232
v 0.25964015 0.45398566 0.00563194
v 0.25963914 0.4538671 0.00544008
v 0.25963901 0.45385665 0.00541677
v 0.25963901 0.45385665 0.00541677
v 0.25963039 0.45436141 0.00144531
v 0.25964015 0.45399547 0.00564507
v 0.26144763 0.44948718 0.0053742
v 0.26144847 0.4494868 0.0056712
v 0.2630039 0.45051574 0.00566767
v 0.26404765 0.45206187 0.00566593
v 0.26441917 0.45388953 0.00536924
v 0.26442022 0.45388953 0.00566626
v 0.26406421 0.45572089 0.00537157
v 0.26406499 0.45572051 0.00566856
v 0.26303523 0.45727641 0.00537552
v 0.26303584 0.4572763 0.00567255
v 0.26148914 0.45832007 0.00538055
v 0.26148994 0.45831981 0.00567753
v 0.25966165 0.45869235 0.00538584
v 0.25966247 0.45869227 0.00568285
v 0.2578304 0.45833724 0.00539062
v 0.25783122 0.45833686 0.00568762
v 0.25627498 0.45730822 0.00539413
v 0.25627563 0.4573083 0.00569117
v 0.2552313 0.45576232 0.00539587
v 0.25523193 0.45576224 0.00569286
v 0.2548587 0.45393466 0.00539556
v 0.25485935 0.45393458 0.00569256
v 0.25521476 0.45210341 0.00569023
v 0.2562437 0.4505477 0.00568628
v 0.25778974 0.44950416 0.00568125
v 0.25961639 0.44913176 0.00537895
v 0.25778896 0.44950442 0.00538425
v 0.25961723 0.44913176 0.00567598
v 0.26304374 0.45047538 0.00543035
v 0.2640998 0.45203998 0.00542862
v 0.26412025 0.45203143 0.00551722
v 0.26305938 0.45045989 0.00551897
v 0.26447688 0.45388938 0.00542891
v 0.2644988 0.45388926 0.00551754
v 0.26411712 0.45574233 0.00543127
v 0.26413799 0.4557508 0.0055199
v 0.26307598 0.45731685 0.00543529
v 0.26309183 0.45733233 0.00552393
v 0.26151151 0.45837279 0.00544035
v 0.26152017 0.4583929 0.00552902
v 0.25966194 0.45874976 0.00544573
v 0.25966243 0.45877158 0.0055344
v 0.25780891 0.45839034 0.00545055
v 0.25780071 0.4584106 0.00553926
v 0.25623487 0.45734904 0.0054541
v 0.2562194 0.45736453 0.00554283
v 0.25517845 0.45578444 0.00545586
v 0.25515865 0.45579295 0.00554461
v 0.25480176 0.45393493 0.00545555
v 0.25477975 0.45393504 0.00554428
v 0.25516088 0.45208205 0.0054532
v 0.25514099 0.45207354 0.00554192
v 0.25620231 0.45050746 0.00544918
v 0.25618686 0.45049216 0.00553789
v 0.25776691 0.4494514 0.00544411
v 0.25775871 0.44943133 0.00553278
v 0.2596165 0.44907462 0.00543873
v 0.25961645 0.44905253 0.0055274
v 0.26146934 0.449434 0.00543392
v 0.26147781 0.44941371 0.00552256
v 0.52893763 0.22461359 0.00541046
v 0.52882617 0.2243663 0.00535942
v 0.53132182 0.22185453 0.00673912
v 0.53211871 0.22345535 0.00710728
v 0.52897414 0.22495582 0.00542061
v 0.52895747 0.22495449 0.00541183
v 0.52892157 0.22461933 0.00540184
v 0.52889148 0.22528648 0.00536995
v 0.52887652 0.22527774 0.00536232
v 0.52870242 0.22555492 0.00526642
v 0.52869143 0.22554027 0.00526096
v 0.52843505 0.22572036 0.00512531
v 0.52842986 0.22570236 0.00512291
v 0.5281306 0.22575767 0.00496849
v 0.52813224 0.22573858 0.00496956
v 0.52783549 0.22566102 0.00481964
v 0.52784331 0.22564422 0.00482391
v 0.52763598 0.22549718 0.00472153
v 0.52764796 0.2254866 0.00472774
v 0.52890166 0.22462673 0.00539146
v 0.52879645 0.22439464 0.00534336
v 0.5288148 0.22437765 0.00535316
v 0.52885642 0.2252667 0.00535233
v 0.52893344 0.22495342 0.00539955
v 0.52841986 0.22568016 0.00511833
v 0.52867526 0.22551933 0.00525322
v 0.52784953 0.22562145 0.00482769
v 0.5281351 0.22571121 0.00497166
v 0.526883 0.22022144 0.00433914
v 0.52855864 0.22001642 0.0052026
v 0.52851752 0.22003612 0.00527912
v 0.52684817 0.2202403 0.00441887
v 0.53018397 0.22054811 0.00602192
v 0.53013694 0.22056581 0.00609535
v 0.53151118 0.2217357 0.00667217
v 0.53145957 0.22174894 0.00674339
v 0.53233901 0.22339813 0.00705467
v 0.53228392 0.22340559 0.00712433
v 0.53254058 0.22528278 0.00711094
v 0.53248465 0.22528314 0.00718029
v 0.53208548 0.22710214 0.00683231
v 0.53203158 0.2270959 0.00690292
v 0.53104338 0.22857965 0.00626156
v 0.53099314 0.228568 0.00633423
v 0.52957232 0.2294906 0.00548534
v 0.52952765 0.22947513 0.00556087
v 0.52789683 0.22969558 0.00462196
v 0.52785815 0.22967954 0.00470062
v 0.52627169 0.22916381 0.00380276
v 0.52623896 0.22915002 0.00388435
v 0.5249441 0.22797643 0.00315231
v 0.5249166 0.2279667 0.00323654
v 0.52411658 0.22631368 0.00276993
v 0.52409201 0.22631011 0.00285553
v 0.5239149 0.22442932 0.0027137
v 0.52389117 0.22443265 0.00279953
v 0.52437003 0.22260957 0.00299225
v 0.52434451 0.22261962 0.00307697
v 0.52541205 0.22113206 0.00356293
v 0.52538291 0.22114776 0.00364563
v 0.52686515 0.22039646 0.00449257
v 0.52444522 0.22269622 0.00319546
v 0.52902552 0.22461429 0.00519875
v 0.52903952 0.22460935 0.00520588
v 0.52887889 0.22429414 0.00513145
v 0.52886786 0.22430469 0.00512569
v 0.52907603 0.22495082 0.00521603
v 0.52906134 0.22494922 0.00520874
v 0.52899352 0.22528039 0.00516556
v 0.52898062 0.22527259 0.00515934
v 0.52880477 0.22554792 0.00506218
v 0.52879538 0.22553527 0.00505787
v 0.52853831 0.22571292 0.00492161
v 0.52853404 0.22569707 0.00491997
v 0.52823497 0.22574977 0.00476528
v 0.52823615 0.22573362 0.00476646
v 0.52794059 0.22565357 0.00461689
v 0.52794734 0.22563888 0.0046209
v 0.52764811 0.22547666 0.00470905
v 0.52766249 0.2254627 0.00471683
v 0.52766436 0.22547048 0.00473656
v 0.52880099 0.22438081 0.00532703
v 0.52881537 0.22436737 0.00533463
v 0.53050727 0.22516036 0.00148048
v 0.52906134 0.22494922 0.00520874
v 0.52902552 0.22461429 0.00519875
v 0.53050147 0.22510435 0.00147892
v 0.52886786 0.22430469 0.00512569
v 0.53047671 0.22505483 0.00146744
v 0.53047671 0.22505483 0.00146744
v 0.52886786 0.22430469 0.00512569
v 0.52885058 0.22431898 0.0051165
v 0.53044833 0.22506652 0.0014526
v 0.52879538 0.22553527 0.00505787
v 0.52898062 0.22527259 0.00515934
v 0.53049384 0.2252143 0.00147232
v 0.53046294 0.22525821 0.00145538
v 0.52823615 0.22573362 0.00476646
v 0.52853404 0.22569707 0.00491997
v 0.53041907 0.22528526 0.00143223
v 0.5303694 0.22529148 0.00140652
v 0.53029059 0.22522258 0.00136791
v 0.52771197 0.22540178 0.00450623
v 0.52770072 0.22541387 0.00450016
v 0.53028147 0.22524044 0.00136284
v 0.52794734 0.22563888 0.0046209
v 0.53032099 0.22527561 0.00138214
v 0.52880332 0.22431821 0.00521191
v 0.52884536 0.22431732 0.00513218
v 0.52886027 0.22430496 0.00513996
v 0.52881758 0.22430494 0.00521957
v 0.52769305 0.22541398 0.00451435
v 0.52770156 0.22540483 0.004519
v 0.52766402 0.22540067 0.00460129
v 0.52765052 0.22541406 0.004594
v 0.52828372 0.22383354 0.00483826
v 0.52842749 0.22394336 0.00490921
v 0.52843295 0.22392612 0.00491219
v 0.52828372 0.22383354 0.00483826
v 0.52827639 0.22383367 0.00485249
v 0.52842032 0.22394372 0.00492348
v 0.52842749 0.22394336 0.00490921
v 0.52768977 0.22542442 0.00449409
v 0.52770072 0.22541387 0.00450016
v 0.5275643 0.22513252 0.00443733
v 0.52755069 0.22513717 0.00443001
v 0.52770072 0.22541387 0.00450016
v 0.52755713 0.22513288 0.00445168
v 0.5275643 0.22513252 0.00443733
v 0.52854575 0.22411268 0.00520401
v 0.52853846 0.22411315 0.0052182
v 0.52854544 0.22409843 0.00522232
v 0.52552451 0.22140058 0.00378071
v 0.52553424 0.22147043 0.00378395
v 0.52553172 0.22140018 0.00376625
v 0.5255416 0.22147026 0.00376961
v 0.52832873 0.22393146 0.00511551
v 0.52744643 0.22514278 0.00463329
v 0.52499816 0.22786388 0.00334976
v 0.52699939 0.22054042 0.0042239
v 0.52700061 0.22038988 0.00422829
v 0.52560645 0.22146701 0.00364285
v 0.52733306 0.22469326 0.00444935
v 0.52728472 0.22469549 0.00454338
v 0.52458052 0.22268964 0.00293118
v 0.52469928 0.22275905 0.0029903
v 0.5256055 0.22140546 0.00380394
v 0.52567057 0.22140228 0.00367737
v 0.5256206 0.22137418 0.00365238
v 0.52555556 0.22137731 0.00377907
v 0.52559657 0.22139692 0.00363956
v 0.52823523 0.22383579 0.00493294
v 0.52818694 0.22383811 0.00502701
v 0.52740634 0.22487024 0.0044825
v 0.52735801 0.22487236 0.00457657
v 0.52751578 0.225135 0.00453194
v 0.5274676 0.22513746 0.00462608
v 0.52859401 0.22411016 0.00510983
v 0.52837897 0.22394575 0.00500385
v 0.52833075 0.22394813 0.00509781
v 0.52572638 0.22139955 0.00356846
v 0.52567641 0.2213713 0.00354355
v 0.5256523 0.22139427 0.00353065
v 0.52566218 0.22146427 0.00353397
v 0.52737414 0.22469114 0.00436897
v 0.52744754 0.22486804 0.00440216
v 0.52863528 0.22410835 0.00502953
v 0.52864264 0.22410791 0.00501526
v 0.52864917 0.22409332 0.00501881
v 0.52864264 0.22410791 0.00501526
v 0.52886786 0.22430469 0.00512569
v 0.52745471 0.22486772 0.00438782
v 0.52743899 0.22487079 0.00437954
v 0.52745471 0.22486772 0.00438782
v 0.52738154 0.22469072 0.00435467
v 0.52738154 0.22469072 0.00435467
v 0.52566962 0.22146381 0.00351963
v 0.52566962 0.22146381 0.00351963
v 0.52573371 0.22139905 0.00355415
v 0.52573371 0.22139905 0.00355415
v 0.52832351 0.22394845 0.00511219
v 0.52817981 0.2238385 0.00504131
v 0.52559813 0.22140569 0.00381828
v 0.52746035 0.22513774 0.00464039
v 0.52735087 0.22487266 0.00459084
v 0.52733485 0.2248759 0.00458282
v 0.52727759 0.224696 0.0045578
v 0.52554831 0.22137763 0.00379345
v 0.5256597 0.22139377 0.00351639
v 0.52568377 0.22137117 0.00352928
v 0.5256597 0.22139377 0.00351639
v 0.52568377 0.22137117 0.00352928
v 0.52568377 0.22137117 0.00352928
v 0.52771197 0.22540178 0.00450623
v 0.53231303 0.22527017 0.00716156
v 0.5318748 0.22702215 0.00689327
v 0.53087123 0.22844503 0.00634369
v 0.52945487 0.22932184 0.00559628
v 0.52784133 0.2295195 0.00476482
v 0.5262765 0.22900735 0.00397602
v 0.52885058 0.22431898 0.0051165
v 0.52822676 0.22484992 0.0049033
v 0.52822451 0.22491449 0.00502266
v 0.52824309 0.2248192 0.00481899
v 0.52824763 0.22481071 0.00479542
v 0.52824763 0.22481071 0.00479542
v 0.53034861 0.22510704 0.00140053
v 0.52822409 0.22492233 0.00503693
v 0.52697264 0.22029356 0.00421638
v 0.52683726 0.22030004 0.00448063
v 0.52848544 0.22009851 0.00532993
v 0.53008429 0.22062156 0.00613586
v 0.53152529 0.22178312 0.00651127
v 0.53139018 0.2217897 0.0067757
v 0.53233966 0.22341859 0.00688759
v 0.53220423 0.22342508 0.00715183
v 0.53253791 0.22527233 0.0069429
v 0.53240245 0.22527912 0.00720707
v 0.53209033 0.22706233 0.00666893
v 0.53195498 0.22706886 0.00693321
v 0.5310652 0.22851566 0.00610748
v 0.53092978 0.22852228 0.00637176
v 0.5296181 0.22941158 0.00534393
v 0.52948272 0.2294181 0.00560814
v 0.52797004 0.22961311 0.00449459
v 0.52783465 0.22962003 0.00475891
v 0.5263713 0.22909023 0.0036887
v 0.52623576 0.22909698 0.00395287
v 0.52506533 0.22792205 0.00304893
v 0.52492984 0.22792884 0.00331314
v 0.52411589 0.2262932 0.00293701
v 0.52391757 0.22443943 0.00288166
v 0.52436511 0.22264938 0.00315563
v 0.52552562 0.22118938 0.00345276
v 0.52450057 0.22264286 0.00289139
v 0.52539042 0.22119615 0.00371708
v 0.52859751 0.22003614 0.00512238
v 0.53021548 0.22056556 0.005938
v 0.53018397 0.22054811 0.00602192
v 0.52855864 0.22001642 0.0052026
v 0.53153701 0.2217476 0.00658531
v 0.53151118 0.2217357 0.00667217
v 0.5323606 0.22340282 0.00696598
v 0.53233901 0.22339813 0.00705467
v 0.53256148 0.22527893 0.00702202
v 0.53254058 0.22528278 0.00711094
v 0.53210849 0.22709007 0.0067448
v 0.53208548 0.22710214 0.00683231
v 0.53107096 0.22856107 0.00617661
v 0.53104338 0.22857965 0.00626156
v 0.52960681 0.22946765 0.0054039
v 0.52957232 0.2294906 0.00548534
v 0.52793895 0.22967159 0.00454449
v 0.52789683 0.22969558 0.00462196
v 0.52632075 0.22914245 0.00372875
v 0.52627169 0.22916381 0.00380276
v 0.52499957 0.22796016 0.00308151
v 0.5249441 0.22797643 0.00315231
v 0.52417556 0.22630531 0.00270065
v 0.52411658 0.22631368 0.00276993
v 0.52397475 0.22442907 0.00264469
v 0.5239149 0.22442932 0.0027137
v 0.52442771 0.22261766 0.00292191
v 0.52437003 0.22260957 0.00299225
v 0.52546538 0.22114683 0.00349018
v 0.52541205 0.22113206 0.00356293
v 0.52692942 0.2202403 0.00426281
v 0.526883 0.22022144 0.00433914
v 0.3903231 0.17221187 0.00625866
v 0.39026111 0.17194292 0.00626297
v 0.3936143 0.17015588 0.00620811
v 0.39409736 0.17191627 0.00617741
v 0.39028007 0.17255352 0.00625698
v 0.39026202 0.17254783 0.0062574
v 0.39030402 0.17221326 0.00625904
v 0.3901097 0.17285301 0.00625965
v 0.3900954 0.17284061 0.00626003
v 0.3898381 0.17306448 0.00626629
v 0.38982959 0.17304737 0.00626652
v 0.38950591 0.17315574 0.00627586
v 0.38950454 0.17313686 0.00627586
v 0.38916423 0.17311296 0.00628693
v 0.38917056 0.17309475 0.0062867
v 0.38886523 0.17294256 0.0062978
v 0.38887771 0.17292831 0.00629734
v 0.38868697 0.17273185 0.0063052
v 0.38870246 0.1727247 0.00630463
v 0.39028045 0.17221527 0.00625977
v 0.39022166 0.17196264 0.00626385
v 0.39024589 0.171951 0.0062632
v 0.39007606 0.17282467 0.00626076
v 0.39023608 0.17254055 0.00625828
v 0.38949893 0.17311269 0.00627628
v 0.38981704 0.1730228 0.00626713
v 0.38889007 0.17290779 0.00629715
v 0.38918029 0.17306907 0.00628662
v 0.38908034 0.16740404 0.00622574
v 0.39096084 0.16763963 0.00616482
v 0.39095779 0.16765731 0.00625202
v 0.38908439 0.16742256 0.00631271
v 0.39260795 0.16857717 0.006105
v 0.39259894 0.16859136 0.00619244
v 0.39377055 0.17007398 0.00605537
v 0.39375754 0.17008266 0.00614296
v 0.3942726 0.17190225 0.00602348
v 0.39425727 0.17190437 0.00611122
v 0.39403655 0.17378368 0.00601421
v 0.39402206 0.17377872 0.00610203
v 0.39309878 0.17543151 0.00602898
v 0.39308806 0.17542068 0.00611671
v 0.39160251 0.17659526 0.00606548
v 0.39159709 0.17658004 0.00615311
v 0.38977466 0.17709787 0.00611824
v 0.38977614 0.17708046 0.00620563
v 0.38789435 0.17686235 0.00617916
v 0.38790259 0.17684589 0.00626633
v 0.38624744 0.17592475 0.00623898
v 0.38626163 0.17591205 0.00632595
v 0.38508437 0.17442794 0.0062886
v 0.38510333 0.17442062 0.00637535
v 0.3845827 0.1725996 0.00632046
v 0.38460342 0.17259895 0.00640713
v 0.38481864 0.17071838 0.00632977
v 0.38483852 0.17072466 0.00641636
v 0.38575648 0.16907022 0.00631496
v 0.38577281 0.16908256 0.00640167
v 0.38725276 0.1679064 0.00627846
v 0.38726367 0.16792328 0.00636528
v 0.38909797 0.16758495 0.00637215
v 0.38589706 0.16918945 0.00645809
v 0.39029677 0.17221126 0.006031
v 0.39031318 0.17221004 0.00603031
v 0.39021396 0.17186245 0.00603649
v 0.39019939 0.17186988 0.00603703
v 0.39027038 0.1725509 0.00602867
v 0.39025485 0.1725456 0.00602936
v 0.39010047 0.1728494 0.0060313
v 0.39008826 0.17283855 0.00603195
v 0.38982947 0.17306007 0.00603794
v 0.38982234 0.17304538 0.00603847
v 0.38949851 0.17315116 0.00604744
v 0.38949756 0.17313469 0.00604782
v 0.38915794 0.17310827 0.0060585
v 0.38916331 0.17309286 0.00605865
v 0.38885974 0.17293855 0.00606934
v 0.38887073 0.17292604 0.0060693
v 0.38869598 0.17271328 0.00628796
v 0.38871512 0.17270351 0.00628754
v 0.3887242 0.17271326 0.00630405
v 0.39022086 0.17194866 0.0062471
v 0.39023994 0.17193935 0.00624649
v 0.38966003 0.1727066 0.00207256
v 0.39025485 0.1725456 0.00602936
v 0.39029677 0.17221126 0.006031
v 0.38966727 0.17265066 0.00207287
v 0.39019939 0.17186988 0.00603703
v 0.38965224 0.17259618 0.00207378
v 0.38965224 0.17259618 0.00207378
v 0.39019939 0.17186988 0.00603703
v 0.39017711 0.17187925 0.00603767
v 0.38961841 0.17260021 0.00207481
v 0.38982234 0.17304538 0.00603847
v 0.39008826 0.17283855 0.00603195
v 0.38963233 0.17275549 0.0020731
v 0.38958789 0.17278999 0.00207417
v 0.38916331 0.17309286 0.00605865
v 0.38949756 0.17313469 0.00604782
v 0.38953349 0.17280487 0.00207573
v 0.38947776 0.17279806 0.00207748
v 0.38940826 0.17271072 0.00208042
v 0.38867091 0.17263485 0.00607811
v 0.38865569 0.17264371 0.00607849
v 0.38939403 0.17272571 0.00208073
v 0.38887073 0.17292604 0.0060693
v 0.38942859 0.17277008 0.00207924
v 0.3901826 0.17187746 0.00614395
v 0.3901805 0.17187805 0.00605385
v 0.39019977 0.17186988 0.00605312
v 0.39020141 0.17186824 0.00614346
v 0.388656 0.17264349 0.00609459
v 0.38866752 0.17263679 0.0060944
v 0.38867568 0.17263258 0.00618443
v 0.38865764 0.17264207 0.00618492
v 0.38967525 0.17126106 0.00605885
v 0.38980582 0.17140493 0.0060535
v 0.38981582 0.1713896 0.00605312
v 0.38967525 0.17126106 0.00605885
v 0.38967582 0.17126098 0.00607487
v 0.38980647 0.1714051 0.00606949
v 0.38980582 0.17140493 0.0060535
v 0.38864112 0.17265106 0.00607872
v 0.38865569 0.17264371 0.00607849
v 0.38857474 0.17233526 0.00608376
v 0.38855861 0.17233623 0.0060841
v 0.38865569 0.17264371 0.00607849
v 0.38857539 0.17233543 0.00609978
v 0.38857474 0.17233526 0.00608376
v 0.39000747 0.17162235 0.00625751
v 0.39000793 0.17162262 0.00627354
v 0.39001922 0.17161014 0.00627346
v 0.38739005 0.1682118 0.00642006
v 0.38738372 0.16828216 0.0064196
v 0.38738929 0.16821163 0.00640396
v 0.38738315 0.16828216 0.0064035
v 0.38982287 0.17139186 0.00628151
v 0.38856555 0.17233879 0.00631248
v 0.38525004 0.17434848 0.00643272
v 0.38905082 0.16772817 0.00607521
v 0.3890887 0.16758236 0.00607532
v 0.38737868 0.16828086 0.00626118
v 0.38848533 0.1718602 0.0061972
v 0.38848846 0.17186096 0.00630291
v 0.38588771 0.16918684 0.00616127
v 0.38600066 0.16928497 0.00615688
v 0.38746871 0.16823589 0.00640125
v 0.3874644 0.16823463 0.00625889
v 0.38741653 0.1681944 0.00626076
v 0.38742095 0.16819564 0.00640308
v 0.3873849 0.16821029 0.0062616
v 0.38967864 0.17126184 0.00616516
v 0.38968185 0.17126283 0.00627087
v 0.38852248 0.17205099 0.00619438
v 0.38852576 0.17205165 0.00630005
v 0.38857802 0.17233627 0.00619007
v 0.38858134 0.17233736 0.00629581
v 0.39000419 0.17162126 0.00615181
v 0.38980914 0.17140588 0.00615978
v 0.38981227 0.17140682 0.00626553
v 0.38746055 0.16823356 0.00613663
v 0.38741286 0.16819326 0.00613846
v 0.38738105 0.16820921 0.00613934
v 0.38737479 0.1682797 0.00613888
v 0.3884825 0.17185926 0.00610695
v 0.38851981 0.17205001 0.00610409
v 0.39000152 0.17162065 0.00606152
v 0.39000106 0.17162048 0.00604549
v 0.39001159 0.17160797 0.00604507
v 0.39000106 0.17162048 0.00604549
v 0.39019939 0.17186988 0.00603703
v 0.38851916 0.17204988 0.00608803
v 0.3885012 0.17204874 0.00608845
v 0.38851916 0.17204988 0.00608803
v 0.38848193 0.17185905 0.00609089
v 0.38848193 0.17185905 0.00609089
v 0.38737434 0.16827953 0.00612278
v 0.38737434 0.16827953 0.00612278
v 0.38746009 0.16823328 0.00612049
v 0.38746009 0.16823328 0.00612049
v 0.38981288 0.17140697 0.00628155
v 0.38968249 0.171263 0.00628689
v 0.38746917 0.16823593 0.00641735
v 0.38858199 0.17233749 0.00631184
v 0.38852641 0.17205181 0.00631607
v 0.38850825 0.17205076 0.00631683
v 0.38848918 0.17186128 0.00631893
v 0.38742156 0.16819576 0.00641918
v 0.38738059 0.16820896 0.0061232
v 0.38741233 0.16819326 0.00612236
v 0.38738059 0.16820896 0.0061232
v 0.38741233 0.16819326 0.00612236
v 0.38741233 0.16819326 0.00612236
v 0.38867091 0.17263485 0.00607811
v 0.39387042 0.17372808 0.00616848
v 0.39296729 0.17531486 0.00618271
v 0.3915264 0.17643554 0.00621788
v 0.38976661 0.17691923 0.00626865
v 0.3879557 0.17669269 0.00632732
v 0.38636993 0.17578973 0.00638493
v 0.39017711 0.17187925 0.00603767
v 0.38942393 0.17224405 0.00616447
v 0.3894638 0.17231756 0.00627129
v 0.38940475 0.17220964 0.00608223
v 0.38939925 0.17220008 0.00605915
v 0.38939925 0.17220008 0.00605915
v 0.38949966 0.17261369 0.00207844
v 0.38946857 0.17232643 0.00628418
v 0.38908153 0.16748163 0.00607643
v 0.3890908 0.1674842 0.00637329
v 0.39094028 0.16771595 0.00631336
v 0.39256072 0.16863826 0.0062545
v 0.39369517 0.17010807 0.00590881
v 0.39370471 0.17011072 0.00620567
v 0.39418887 0.17190654 0.00587749
v 0.39419814 0.17190906 0.00617432
v 0.39395679 0.17375715 0.00586838
v 0.39396594 0.17375988 0.00616524
v 0.39303432 0.17537843 0.00588287
v 0.39304359 0.17538097 0.00617973
v 0.39156234 0.17652309 0.00591881
v 0.39157172 0.17652574 0.00621567
v 0.3897644 0.17701736 0.00597069
v 0.38977367 0.17701992 0.00626755
v 0.38791488 0.17678562 0.00603062
v 0.38792407 0.17678854 0.00632748
v 0.38629462 0.17586341 0.00608948
v 0.3863037 0.1758662 0.0063863
v 0.38515056 0.17439102 0.00613831
v 0.38515975 0.17439376 0.00643513
v 0.38466632 0.17259521 0.00646648
v 0.38489848 0.17074453 0.0064756
v 0.38582084 0.16912321 0.00646107
v 0.38728347 0.16797582 0.00612831
v 0.38581161 0.16912071 0.00616421
v 0.38729285 0.16797865 0.00642517
v 0.39095111 0.16765949 0.0060762
v 0.39259078 0.16859291 0.00601665
v 0.39260795 0.16857717 0.006105
v 0.39096084 0.16763963 0.00616482
v 0.39374847 0.17008291 0.00596725
v 0.39377055 0.17007398 0.00605537
v 0.39424766 0.171903 0.00593552
v 0.3942726 0.17190225 0.00602348
v 0.3940129 0.17377596 0.00592632
v 0.39403655 0.17378368 0.00601421
v 0.39307952 0.17541635 0.00594097
v 0.39309878 0.17543151 0.00602898
v 0.39158977 0.17657503 0.00597736
v 0.39160251 0.17659526 0.00606548
v 0.38977042 0.17707517 0.00602985
v 0.38977466 0.17709787 0.00611824
v 0.38789878 0.17684059 0.00609047
v 0.38789435 0.17686235 0.00617916
v 0.38625888 0.17590734 0.00615005
v 0.38624744 0.17592475 0.00623898
v 0.38510142 0.17441721 0.00619946
v 0.38508437 0.17442794 0.0062886
v 0.38460178 0.17259731 0.00623119
v 0.3845827 0.1725996 0.00632046
v 0.38483668 0.17072427 0.00624042
v 0.38481864 0.17071838 0.00632977
v 0.38577014 0.16908363 0.0062257
v 0.38575648 0.16907022 0.00631496
v 0.38726001 0.16792518 0.00618935
v 0.38725276 0.1679064 0.00627846
v 0.38907905 0.16742504 0.00613686
v 0.38908034 0.16740404 0.00622574
v -0.51875586 0.47048327 0.00508831
v -0.5188045 0.47021174 0.00510067
v -0.51545722 0.46857459 0.00435516
v -0.51506392 0.47035472 0.00425644
v -0.51881263 0.47082263 0.00510044
v -0.51882994 0.47081618 0.00510437
v -0.51877456 0.47048381 0.00509251
v -0.51899146 0.4711143 0.00514141
v -0.51900489 0.47110129 0.00514446
v -0.5192649 0.47131362 0.00520496
v -0.51927253 0.47129615 0.00520664
v -0.51959216 0.47139003 0.00528156
v -0.51959266 0.47137114 0.00528156
v -0.51992266 0.4713322 0.00535946
v -0.51991584 0.47131431 0.0053577
v -0.52020621 0.47114871 0.00542675
v -0.52019347 0.47113505 0.00542358
v -0.52037055 0.47093028 0.00546608
v -0.52035514 0.47092387 0.0054623
v -0.51879756 0.47048472 0.00509792
v -0.51884375 0.47022979 0.00510963
v -0.51881976 0.47021918 0.00510406
v -0.51902297 0.47108451 0.00514877
v -0.51885493 0.47080768 0.00511024
v -0.51959708 0.47134677 0.00528271
v -0.51928374 0.47127105 0.00520935
v -0.52018058 0.47111514 0.00542065
v -0.51990523 0.47128905 0.0053553
v -0.5197782 0.46562571 0.00522831
v -0.51795878 0.46594432 0.00479969
v -0.51794516 0.46596122 0.00488605
v -0.51975779 0.46564376 0.00531307
v -0.51639708 0.4669538 0.00442917
v -0.51638919 0.466967 0.00451687
v -0.51533103 0.46850074 0.0041732
v -0.51532683 0.46850814 0.00426182
v -0.51492232 0.47034938 0.00407066
v -0.51491996 0.47035029 0.0041597
v -0.51523398 0.47221866 0.00413727
v -0.51523055 0.47221255 0.00422611
v -0.51621817 0.47382346 0.00436283
v -0.51621085 0.47381156 0.00445076
v -0.51772483 0.47491996 0.00471294
v -0.51771209 0.47490394 0.00479965
v -0.51952517 0.47534118 0.00513451
v -0.51950553 0.47532321 0.00521957
v -0.5213444 0.47502257 0.00556305
v -0.52131827 0.47500602 0.00564659
v -0.52290591 0.47401301 0.00593353
v -0.52287413 0.47400042 0.00601578
v -0.52397235 0.47246619 0.00618958
v -0.52393626 0.4724591 0.00627075
v -0.52438071 0.47061728 0.00629208
v -0.52434321 0.47061705 0.00637291
v -0.5240692 0.4687482 0.00622551
v -0.52403281 0.46875487 0.00630657
v -0.52308493 0.46714312 0.00599991
v -0.52305217 0.46715564 0.00608181
v -0.52157832 0.46604667 0.0056498
v -0.52155108 0.46606341 0.00573296
v -0.51973944 0.46580619 0.00537113
v -0.52292384 0.46726752 0.00611416
v -0.51882689 0.47048301 0.00487038
v -0.51881087 0.47048255 0.00486649
v -0.5188922 0.47013087 0.00488686
v -0.5189067 0.47013766 0.00489037
v -0.51886733 0.47082118 0.00487854
v -0.51888221 0.47081511 0.00488224
v -0.5190457 0.47111182 0.00491943
v -0.51905707 0.47110045 0.00492229
v -0.51931849 0.47131041 0.00498283
v -0.51932486 0.47129542 0.00498455
v -0.51964465 0.47138671 0.0050592
v -0.51964465 0.47137023 0.00505943
v -0.51997401 0.4713288 0.00513676
v -0.51996806 0.47131366 0.00513561
v -0.52025679 0.47114604 0.0052039
v -0.52024558 0.47113398 0.00520142
v -0.52036429 0.47091231 0.00544708
v -0.52034529 0.47090331 0.00544281
v -0.52033347 0.47091338 0.00545727
v -0.51884726 0.47021583 0.00509319
v -0.51882842 0.47020736 0.00508873
v -0.5202571 0.47097659 0.00112465
v -0.51888221 0.47081511 0.00488224
v -0.51882689 0.47048301 0.00487038
v -0.52024764 0.47092101 0.00112267
v -0.5189067 0.47013766 0.00489037
v -0.52025988 0.470866 0.00112572
v -0.52025988 0.470866 0.00112572
v -0.5189067 0.47013766 0.00489037
v -0.51892878 0.47014602 0.00489555
v -0.52029303 0.47086848 0.0011335
v -0.51932486 0.47129542 0.00498455
v -0.51905707 0.47110045 0.00492229
v -0.52028617 0.47102416 0.0011314
v -0.52033088 0.4710567 0.00114182
v -0.51996806 0.47131366 0.00513561
v -0.51964465 0.47137023 0.00505943
v -0.52038455 0.47106917 0.00115437
v -0.52043849 0.4710599 0.00116699
v -0.52050227 0.47096953 0.00118229
v -0.52042727 0.47083426 0.00524521
v -0.52044242 0.47084243 0.00524872
v -0.52051677 0.47098391 0.00118565
v -0.52024558 0.47113398 0.00520142
v -0.52048503 0.47102977 0.00117802
v -0.51890227 0.47014373 0.00499859
v -0.51892218 0.47014483 0.0049107
v -0.51890319 0.47013759 0.00490608
v -0.51888354 0.47013537 0.00499424
v -0.52043898 0.47084216 0.00526443
v -0.52042746 0.47083594 0.00526188
v -0.52040137 0.47083148 0.0053484
v -0.5204193 0.47084014 0.00535259
v -0.51939013 0.46950622 0.00500618
v -0.51926932 0.46965567 0.0049773
v -0.51925902 0.4696408 0.00497475
v -0.51939013 0.46950622 0.00500618
v -0.51938643 0.46950606 0.00502182
v -0.51926558 0.46965583 0.00499287
v -0.51926932 0.46965567 0.0049773
v -0.52045699 0.47084914 0.00525196
v -0.52044242 0.47084243 0.00524872
v -0.52050769 0.47053069 0.00526516
v -0.52052352 0.47053096 0.00526871
v -0.52044242 0.47084243 0.00524872
v -0.52050391 0.4705308 0.00528076
v -0.52050769 0.47053069 0.00526516
v -0.51904048 0.46988036 0.00514065
v -0.51903689 0.46988055 0.00515625
v -0.51902533 0.46986865 0.00515377
v -0.52142863 0.46635688 0.00576607
v -0.52143779 0.46642684 0.00576797
v -0.52143248 0.46635672 0.00575043
v -0.52144149 0.46642695 0.0057523
v -0.51920691 0.46964187 0.00519722
v -0.52047148 0.47053222 0.00549118
v -0.52377818 0.47239306 0.00629677
v -0.51985049 0.4659492 0.00509159
v -0.51980742 0.46580516 0.00508202
v -0.52147414 0.46642646 0.00561363
v -0.52055289 0.47005134 0.00538677
v -0.52052886 0.47005156 0.00548973
v -0.52299178 0.46726649 0.00582504
v -0.52288626 0.46736953 0.00579987
v -0.52135634 0.46638453 0.00573242
v -0.52138869 0.46638404 0.00559372
v -0.52143348 0.46634177 0.0056044
v -0.52140097 0.46634211 0.00574306
v -0.52146506 0.46635615 0.00561176
v -0.51936572 0.46950644 0.00510975
v -0.51934157 0.46950683 0.00521271
v -0.52052501 0.4702436 0.00537956
v -0.5205009 0.47024375 0.00548248
v -0.52048346 0.47053103 0.00536873
v -0.52045928 0.47053161 0.00547169
v -0.51906466 0.4698799 0.00503769
v -0.51924514 0.46965609 0.00508087
v -0.51922103 0.46965644 0.00518383
v -0.52141665 0.46638358 0.00547462
v -0.52146136 0.4663412 0.00548527
v -0.52149306 0.46635581 0.00549267
v -0.52150214 0.46642592 0.00549458
v -0.5205736 0.47005092 0.00529884
v -0.52054564 0.47024314 0.0052916
v -0.51908526 0.46987979 0.00494972
v -0.51908889 0.46987967 0.00493408
v -0.51907805 0.46986773 0.00493141
v -0.51908889 0.46987967 0.00493408
v -0.5189067 0.47013766 0.00489037
v -0.52054938 0.47024306 0.00527599
v -0.52056685 0.47024119 0.00527996
v -0.52054938 0.47024306 0.00527599
v -0.52057723 0.4700508 0.0052832
v -0.52057723 0.4700508 0.0052832
v -0.52150573 0.46642585 0.00547886
v -0.52150573 0.46642585 0.00547886
v -0.52142031 0.46638343 0.00545895
v -0.52142031 0.46638343 0.00545895
v -0.51921725 0.46965644 0.00519943
v -0.51933783 0.4695069 0.00522831
v -0.52135264 0.46638446 0.0057481
v -0.5204555 0.47053168 0.00548729
v -0.52049708 0.47024375 0.00549808
v -0.52051467 0.47024192 0.0055024
v -0.52052501 0.47005175 0.00550533
v -0.52139724 0.46634223 0.00575874
v -0.52149665 0.46635562 0.00547695
v -0.52146506 0.46634135 0.00546959
v -0.52149665 0.46635562 0.00547695
v -0.52146506 0.46634135 0.00546959
v -0.52146506 0.46634135 0.00546959
v -0.52042727 0.47083426 0.00524521
v -0.51536372 0.47215476 0.00432053
v -0.51631156 0.47370013 0.00453773
v -0.51776244 0.474756 0.00487492
v -0.51949572 0.47516139 0.00528076
v -0.52124778 0.47485484 0.00569351
v -0.52275134 0.47388259 0.00605022
v -0.51892878 0.47014602 0.00489555
v -0.51965647 0.47047641 0.00517464
v -0.51959918 0.47055091 0.00527256
v -0.51969008 0.47044177 0.00509731
v -0.51969958 0.47043212 0.00507565
v -0.51969958 0.47043212 0.00507565
v -0.52040911 0.47087665 0.00116074
v -0.51959239 0.47055983 0.00528439
v -0.51980998 0.4657043 0.00508297
v -0.51974208 0.46570517 0.00537209
v -0.5179526 0.46601863 0.00495052
v -0.51641623 0.46701178 0.00458603
v -0.51543551 0.46853236 0.0040451
v -0.51536734 0.46853347 0.00433414
v -0.51503348 0.47035106 0.00394421
v -0.51496554 0.47035201 0.00423332
v -0.51534003 0.47218966 0.00400974
v -0.51527217 0.47219081 0.0042989
v -0.51630809 0.47376861 0.00423161
v -0.51624018 0.47376952 0.00452072
v -0.51779021 0.47484706 0.004576
v -0.51772223 0.47484805 0.00486515
v -0.51956111 0.47526133 0.00499065
v -0.51949321 0.47526225 0.00527981
v -0.52135058 0.47494792 0.00541225
v -0.52128268 0.47494925 0.00570141
v -0.52288687 0.47395491 0.00577671
v -0.52281909 0.47395606 0.0060659
v -0.5239358 0.47243323 0.00602856
v -0.52386798 0.4724343 0.00631775
v -0.52426966 0.47061568 0.00641853
v -0.52396312 0.46877696 0.00635303
v -0.5229951 0.46719798 0.00613113
v -0.52158095 0.46611838 0.00549763
v -0.52306296 0.46719699 0.00584202
v -0.5215129 0.4661196 0.00578674
v -0.51798671 0.46596435 0.00471508
v -0.5164321 0.4669694 0.00434628
v -0.51639708 0.4669538 0.00442917
v -0.51795878 0.46594432 0.00479969
v -0.51537062 0.46850917 0.00409138
v -0.51533103 0.46850074 0.0041732
v -0.51496424 0.47034968 0.00398941
v -0.51492232 0.47034938 0.00407066
v -0.51527427 0.47221053 0.00405567
v -0.51523398 0.47221866 0.00413727
v -0.51625388 0.47380809 0.00428017
v -0.51621817 0.47382346 0.00436283
v -0.51775389 0.47489974 0.00462879
v -0.51772483 0.47491996 0.00471294
v -0.51954585 0.47531894 0.00504833
v -0.51952517 0.47534118 0.00513451
v -0.52135672 0.47500167 0.00547497
v -0.5213444 0.47502257 0.00556305
v -0.52291175 0.47399676 0.00584389
v -0.52290591 0.47401301 0.00593353
v -0.52397284 0.47245677 0.00609867
v -0.52397235 0.47246619 0.00618958
v -0.52437972 0.47061652 0.00620079
v -0.52438071 0.47061728 0.00629208
v -0.52406958 0.4687556 0.00613449
v -0.5240692 0.4687482 0.00622551
v -0.52308985 0.46715781 0.00590992
v -0.52308493 0.46714312 0.00599991
v -0.52158973 0.46606635 0.00556133
v -0.52157832 0.46604667 0.0056498
v -0.51979796 0.46564723 0.00514179
v -0.5197782 0.46562571 0.00522831
v 0.48559596 0.02898036 0.01709347
v 0.48568942 0.02806538 0.01703903
v 0.48623546 0.02731046 0.01699409
v 0.48736873 0.02869703 0.01707661
v 0.4880038 0.0270201 0.01697681
v 0.48708484 0.02692841 0.01697136
v 0.4887601 0.02756775 0.01700943
v 0.48914229 0.02841543 0.01705986
v 0.48850135 0.03008529 0.01715919
v 0.48904895 0.02933128 0.01711433
v 0.48765387 0.03046853 0.01718204
v 0.48673453 0.03037601 0.01717651
v 0.48598117 0.02982827 0.0171439
v 0.48425052 0.02936172 0.01426296
v 0.48414893 0.02999327 0.00392651
v 0.48432517 0.02832401 0.00382721
v 0.48442244 0.02774564 0.01416767
v 0.48442244 0.02774564 0.01416767
v 0.48432517 0.02832401 0.00382721
v 0.48531173 0.02695848 0.00375671
v 0.48537738 0.02642482 0.01408882
v 0.48684111 0.02627655 0.00371613
v 0.48687228 0.02584686 0.01412613
v 0.48852088 0.0264333 0.00372547
v 0.48846915 0.02595451 0.01409576
v 0.48989611 0.02741985 0.00378418
v 0.48981524 0.02687211 0.01411617
v 0.49058757 0.02896436 0.00387608
v 0.4904848 0.02836665 0.01420471
v 0.49041484 0.03064825 0.00398479
v 0.49031875 0.02999818 0.01430115
v 0.48942645 0.03199558 0.00405643
v 0.48931098 0.03123584 0.01443943
v 0.48789901 0.03269562 0.00409809
v 0.48787192 0.03191369 0.01446686
v 0.48621528 0.0325231 0.00407707
v 0.48625152 0.03181182 0.01440849
v 0.48483333 0.03153884 0.00402927
v 0.48491404 0.03085819 0.01435287
v 0.48263503 0.0295784 0.01508743
v 0.48425052 0.02936172 0.01426296
v 0.48442244 0.02774564 0.01416767
v 0.48288409 0.02711592 0.01512295
v 0.48537738 0.02642482 0.01408882
v 0.48433864 0.02509808 0.01500076
v 0.48687228 0.02584686 0.01412613
v 0.48678096 0.02432041 0.01467342
v 0.48846915 0.02595451 0.01409576
v 0.48924662 0.02456524 0.01468948
v 0.48981524 0.02687211 0.01411617
v 0.49108703 0.02578213 0.01504429
v 0.4904848 0.02836665 0.01420471
v 0.49210605 0.02804764 0.01518024
v 0.49031875 0.02999818 0.01430115
v 0.49185813 0.03051475 0.01532761
v 0.48931098 0.03123584 0.01443943
v 0.49027179 0.03236107 0.01543694
v 0.48787192 0.03191369 0.01446686
v 0.48800563 0.03339686 0.01531662
v 0.48625152 0.03181182 0.01440849
v 0.48567069 0.03329705 0.0153101
v 0.48491404 0.03085819 0.01435287
v 0.48365119 0.03184534 0.01522167
v 0.48283172 0.02942985 0.01707848
v 0.48263282 0.02947336 0.01688374
v 0.48287803 0.02700231 0.0169141
v 0.48307086 0.02706366 0.01710724
v 0.48379809 0.03160738 0.01720741
v 0.48364348 0.03174474 0.01701897
v 0.48433295 0.02498566 0.01679275
v 0.48446353 0.02513357 0.01699039
v 0.48677745 0.02420534 0.01647213
v 0.48679885 0.02438588 0.01668449
v 0.48925067 0.02445319 0.01648804
v 0.48916575 0.02461902 0.01669949
v 0.49109145 0.02567154 0.01683639
v 0.49093272 0.02579001 0.0170322
v 0.49211043 0.02793774 0.01697098
v 0.49190764 0.02795865 0.01716232
v 0.49185828 0.03040897 0.01711868
v 0.49166674 0.03031581 0.01730308
v 0.49027728 0.03226103 0.01722832
v 0.49015597 0.03208727 0.01740746
v 0.48800597 0.03329151 0.01711143
v 0.48798114 0.03308542 0.01729801
v 0.48566573 0.03319174 0.01710735
v 0.48573096 0.03299093 0.01729164
v 0.48263503 0.0295784 0.01508743
v 0.48288409 0.02711592 0.01512295
v 0.48433864 0.02509808 0.01500076
v 0.48678096 0.02432041 0.01467342
v 0.48924662 0.02456524 0.01468948
v 0.49108703 0.02578213 0.01504429
v 0.49210605 0.02804764 0.01518024
v 0.49185813 0.03051475 0.01532761
v 0.49027179 0.03236107 0.01543694
v 0.48800563 0.03339686 0.01531662
v 0.48567069 0.03329705 0.0153101
v 0.48365119 0.03184534 0.01522167
v -0.48687766 0.02896166 0.01647545
v -0.48626483 0.02827468 0.01643715
v -0.48537963 0.02798309 0.01639904
v -0.48527617 0.02977233 0.01643955
v -0.48377761 0.0287856 0.01636291
v -0.4844678 0.02817179 0.01637188
v -0.48348685 0.02967339 0.01637466
v -0.48367507 0.03058484 0.01640369
v -0.48517421 0.0315625 0.0164801
v -0.48428824 0.03127274 0.01644203
v -0.48608519 0.03137599 0.01650734
v -0.4867752 0.03076136 0.01651623
v -0.48706355 0.02987513 0.01650448
v -0.48819079 0.02841424 0.01365707
v -0.48864379 0.02862284 0.00331284
v -0.48752112 0.02737295 0.00324287
v -0.48710284 0.02720496 0.01359013
v -0.48710284 0.02720496 0.01359013
v -0.48752112 0.02737295 0.00324287
v -0.4859209 0.02684515 0.00318478
v -0.48555449 0.02669449 0.01352325
v -0.48428244 0.02718992 0.00313606
v -0.48400493 0.02710501 0.01355091
v -0.48301452 0.02830274 0.00311924
v -0.48277537 0.02812851 0.01349651
v -0.48248038 0.02990979 0.00314022
v -0.48222434 0.02966175 0.01348087
v -0.48282729 0.03156763 0.00319317
v -0.48255961 0.03126623 0.01353176
v -0.4839556 0.03283165 0.00327225
v -0.48365184 0.03249156 0.01359943
v -0.48554679 0.03334377 0.00333187
v -0.4851942 0.03290501 0.01372803
v -0.48719428 0.03301495 0.00338127
v -0.48675704 0.03260966 0.0137624
v -0.48845603 0.03188655 0.00338673
v -0.48800917 0.03157479 0.01372841
v -0.48899703 0.03027785 0.00337673
v -0.48853213 0.03001689 0.01370934
v -0.48962577 0.02766087 0.01449947
v -0.48819079 0.02841424 0.01365707
v -0.48710284 0.02720496 0.01359013
v -0.48797862 0.02581486 0.01457836
v -0.48555449 0.02669449 0.01352325
v -0.48561644 0.02503252 0.01447449
v -0.48400493 0.02710501 0.01355091
v -0.48318278 0.0258288 0.01412838
v -0.48277537 0.02812851 0.01349651
v -0.4813304 0.02747436 0.01410576
v -0.48222434 0.02966175 0.01348087
v -0.4805548 0.02954768 0.01441193
v -0.48255961 0.03126623 0.01353176
v -0.48105986 0.03198246 0.01449074
v -0.48365184 0.03249156 0.01359943
v -0.48270888 0.03383709 0.01459457
v -0.4851942 0.03290501 0.01372803
v -0.48507693 0.03440303 0.01469059
v -0.48675704 0.03260966 0.0137624
v -0.48751963 0.03390852 0.01458187
v -0.48800917 0.03157479 0.01372841
v -0.48935119 0.03245726 0.01460945
v -0.48853213 0.03001689 0.01370934
v -0.49013392 0.0300951 0.01457653
v -0.48937934 0.02770277 0.0164901
v -0.48956595 0.02761676 0.0162973
v -0.48791671 0.02576149 0.01637127
v -0.4877967 0.02592875 0.01656052
v -0.48987529 0.03003532 0.01656422
v -0.49008101 0.03005136 0.01637535
v -0.4855551 0.02498025 0.01626823
v -0.48553614 0.02518125 0.01646122
v -0.48311801 0.02577598 0.0159288
v -0.4832067 0.02593947 0.01613739
v -0.4812614 0.02742833 0.01590591
v -0.48142745 0.02751764 0.0161153
v -0.48048629 0.02950284 0.0162056
v -0.48068435 0.02951027 0.01640129
v -0.48099173 0.03193818 0.016283
v -0.48116824 0.03184061 0.01647667
v -0.4826467 0.03379372 0.01638718
v -0.48274703 0.03361024 0.01657589
v -0.4850138 0.03436737 0.01648334
v -0.48500998 0.03415968 0.0166674
v -0.48745749 0.03386561 0.01637821
v -0.48735656 0.03368873 0.01656898
v -0.48929351 0.03241132 0.01640831
v -0.48912276 0.03229139 0.01659546
v -0.48962577 0.02766087 0.01449947
v -0.48797862 0.02581486 0.01457836
v -0.48561644 0.02503252 0.01447449
v -0.48318278 0.0258288 0.01412838
v -0.4813304 0.02747436 0.01410576
v -0.4805548 0.02954768 0.01441193
v -0.48105986 0.03198246 0.01449074
v -0.48270888 0.03383709 0.01459457
v -0.48507693 0.03440303 0.01469059
v -0.48751963 0.03390852 0.01458187
v -0.48935119 0.03245726 0.01460945
v -0.49013392 0.0300951 0.01457653
v -0.48459208 0.74976431 0.01635555
v -0.48394042 0.75041411 0.01640083
v -0.48369861 0.75131376 0.01644737
v -0.48549086 0.75131766 0.016404
v -0.48458934 0.75286818 0.01649605
v -0.48393802 0.75221342 0.01648224
v -0.48549189 0.75310911 0.01648498
v -0.48639144 0.75287062 0.01645233
v -0.48728389 0.7513201 0.01636047
v -0.4870439 0.75222044 0.01640705
v -0.48704669 0.75042113 0.01632561
v -0.48639453 0.74976668 0.01631184
v -0.48549373 0.74952803 0.01632294
v -0.48383853 0.7487158 0.01347454
v -0.48353557 0.74909453 0.00312965
v -0.48235053 0.75028441 0.00321236
v -0.48269198 0.74986876 0.01355545
v -0.48269198 0.74986876 0.01355545
v -0.48235053 0.75028441 0.00321236
v -0.48191329 0.75191 0.00330727
v -0.4822687 0.75144255 0.01363667
v -0.48234885 0.75352621 0.00336979
v -0.48276847 0.75296057 0.01376484
v -0.48353072 0.7547299 0.0033955
v -0.48385726 0.75413382 0.01375469
v -0.48516501 0.75517378 0.00337585
v -0.48541716 0.7546015 0.01370373
v -0.48680083 0.75473547 0.00331623
v -0.48700038 0.75417784 0.01364567
v -0.48800032 0.7535385 0.00324142
v -0.48816268 0.75301962 0.01356438
v -0.48842231 0.75192267 0.00314957
v -0.48849254 0.75145209 0.01355007
v -0.48800204 0.75029654 0.0030862
v -0.48810981 0.74990965 0.01347668
v -0.48680461 0.74910071 0.0030505
v -0.48700423 0.7487216 0.01339764
v -0.48516875 0.74864912 0.0030806
v -0.48541953 0.74828604 0.01341755
v -0.48304427 0.74725935 0.0142392
v -0.48383853 0.7487158 0.01347454
v -0.48269198 0.74986876 0.01355545
v -0.48130172 0.74899115 0.01454189
v -0.4822687 0.75144255 0.01363667
v -0.48065242 0.7513925 0.01466415
v -0.48276847 0.75296057 0.01376484
v -0.48157008 0.75380011 0.01446983
v -0.48385726 0.75413382 0.01375469
v -0.48331653 0.75555746 0.01450832
v -0.48541716 0.7546015 0.01370373
v -0.48544295 0.75619353 0.01476765
v -0.48700038 0.75417784 0.01364567
v -0.48784579 0.75555418 0.01468147
v -0.48816268 0.75301962 0.01356438
v -0.48960543 0.75380522 0.01456013
v -0.48849254 0.75145209 0.01355007
v -0.49003833 0.75141035 0.01444073
v -0.48810981 0.74990965 0.01347668
v -0.48939956 0.74901457 0.01416599
v -0.48700423 0.7487216 0.01339764
v -0.48784846 0.74726713 0.01412411
v -0.48541953 0.74828604 0.01341755
v -0.48544623 0.74661726 0.01415108
v -0.48319354 0.74734061 0.01623821
v -0.4830881 0.7471752 0.01603607
v -0.48133609 0.7489099 0.01633446
v -0.48151873 0.74900511 0.01652374
v -0.48549476 0.74671622 0.01615337
v -0.48548995 0.74652594 0.01594837
v -0.48068789 0.75131048 0.01645748
v -0.4808985 0.75130301 0.01664078
v -0.48160548 0.75372107 0.01627014
v -0.48177329 0.75360708 0.01646244
v -0.48335898 0.75548231 0.01630833
v -0.48344828 0.75529516 0.01649918
v -0.48548629 0.75611822 0.01656109
v -0.48549144 0.75590491 0.01674
v -0.48788947 0.75547858 0.01647343
v -0.48779124 0.75529249 0.01665741
v -0.4896498 0.75372374 0.01635193
v -0.48946982 0.75361845 0.01654137
v -0.49009032 0.75132941 0.01623234
v -0.48989219 0.75132925 0.01642654
v -0.48944461 0.74893271 0.01596149
v -0.48928294 0.74902708 0.01616844
v -0.48789027 0.74718077 0.0159219
v -0.48778922 0.7473419 0.01612778
v -0.48304427 0.74725935 0.0142392
v -0.48130172 0.74899115 0.01454189
v -0.48065242 0.7513925 0.01466415
v -0.48157008 0.75380011 0.01446983
v -0.48331653 0.75555746 0.01450832
v -0.48544295 0.75619353 0.01476765
v -0.48784579 0.75555418 0.01468147
v -0.48960543 0.75380522 0.01456013
v -0.49003833 0.75141035 0.01444073
v -0.48939956 0.74901457 0.01416599
v -0.48784846 0.74726713 0.01412411
v -0.48544623 0.74661726 0.01415108
v 0.02825588 0.75409712 0.01603236
v 0.02912167 0.75441229 0.01603238
v 0.02972117 0.75512686 0.01603236
v 0.02809688 0.75588537 0.01603238
v 0.02957005 0.75691252 0.01603236
v 0.0298842 0.75604399 0.01603236
v 0.028853 0.75751143 0.01603237
v 0.02793605 0.75767401 0.01603236
v 0.02647112 0.7566429 0.01603236
v 0.02706934 0.75735892 0.01603236
v 0.02630644 0.75572729 0.01603238
v 0.0266215 0.75485861 0.01603236
v 0.02733801 0.7542626 0.01603236
v 0.0283793 0.75274054 0.01318422
v 0.02838829 0.75263808 0.00282848
v 0.02996636 0.75321852 0.00282851
v 0.02990676 0.75330382 0.01318507
v 0.02990676 0.75330382 0.01318507
v 0.02996636 0.75321852 0.00282851
v 0.03105038 0.75450979 0.00283926
v 0.03095575 0.75455366 0.01318482
v 0.03133812 0.75615996 0.00283926
v 0.03114685 0.75614386 0.01325637
v 0.03077456 0.75775015 0.00283926
v 0.03065334 0.75766615 0.01321969
v 0.02947946 0.75884146 0.00283926
v 0.02943435 0.75874663 0.01318553
v 0.02781006 0.7591329 0.00283926
v 0.02781886 0.75902914 0.01318514
v 0.02621639 0.75855223 0.00284776
v 0.0262749 0.75846785 0.01318452
v 0.02515035 0.75726347 0.00283926
v 0.02531595 0.75718626 0.01324905
v 0.02484445 0.75561079 0.00283926
v 0.02501079 0.75562491 0.01323614
v 0.02542506 0.75402083 0.00282851
v 0.02550961 0.7540795 0.01318401
v 0.02671888 0.75292227 0.00283926
v 0.02676326 0.75301672 0.01318509
v 0.02851776 0.7511093 0.01399436
v 0.0283793 0.75274054 0.01318422
v 0.02990676 0.75330382 0.01318507
v 0.03083802 0.75195227 0.01417608
v 0.03095575 0.75455366 0.01318482
v 0.03244177 0.75385771 0.01417396
v 0.03114685 0.75614386 0.01325637
v 0.03261507 0.7564205 0.01389341
v 0.03065334 0.75766615 0.01321969
v 0.03177331 0.75875097 0.01389487
v 0.02943435 0.75874663 0.01318553
v 0.03012444 0.76023268 0.01417676
v 0.02781886 0.75902914 0.01318514
v 0.02767435 0.76066481 0.01417793
v 0.0262749 0.75846785 0.01318452
v 0.02533887 0.75981909 0.01417849
v 0.02531595 0.75718626 0.01324905
v 0.0239341 0.7578282 0.01417793
v 0.02501079 0.75562491 0.01323614
v 0.0234936 0.75537947 0.0139963
v 0.02550961 0.7540795 0.01318401
v 0.02416242 0.75314024 0.01399573
v 0.02676326 0.75301672 0.01318509
v 0.02606711 0.75153845 0.01399369
v 0.02849869 0.75130736 0.01599069
v 0.02851648 0.7511067 0.01579372
v 0.03084627 0.75194823 0.01597083
v 0.03072853 0.75211729 0.01615998
v 0.02614707 0.75171011 0.01599006
v 0.0260629 0.75152945 0.0157938
v 0.03244873 0.75385359 0.01596948
v 0.03226223 0.75394125 0.01615799
v 0.03262369 0.75641913 0.01569576
v 0.0324315 0.75639258 0.01589704
v 0.03177716 0.75875609 0.01569692
v 0.03162531 0.75863013 0.01589813
v 0.0301272 0.76023794 0.0159723
v 0.03004008 0.76005224 0.01616073
v 0.02767655 0.76066984 0.01597202
v 0.02769489 0.76046538 0.01616178
v 0.02533795 0.75981909 0.01597269
v 0.02546449 0.75965346 0.01616227
v 0.0239264 0.75783186 0.01597212
v 0.02411401 0.75775412 0.01616125
v 0.02349213 0.75537947 0.01579422
v 0.02368689 0.75540312 0.0159927
v 0.02416206 0.75313498 0.01579608
v 0.02432986 0.75324461 0.01599197
v 0.02851776 0.7511093 0.01399436
v 0.03083802 0.75195227 0.01417608
v 0.03244177 0.75385771 0.01417396
v 0.03261507 0.7564205 0.01389341
v 0.03177331 0.75875097 0.01389487
v 0.03012444 0.76023268 0.01417676
v 0.02767435 0.76066481 0.01417793
v 0.02533887 0.75981909 0.01417849
v 0.0239341 0.7578282 0.01417793
v 0.0234936 0.75537947 0.0139963
v 0.02416242 0.75314024 0.01399573
v 0.02606711 0.75153845 0.01399369
v 0.48621566 0.75009512 0.01603237
v 0.48703948 0.7496826 0.01603237
v 0.48797057 0.74973799 0.01603237
v 0.48740565 0.75143927 0.01603237
v 0.48916419 0.75107466 0.01603237
v 0.488749 0.75024962 0.01603237
v 0.4891067 0.7520072 0.01603237
v 0.48859473 0.75278509 0.01603237
v 0.48683898 0.75314093 0.01603237
v 0.4877703 0.75319838 0.01603237
v 0.48606059 0.75263151 0.01603237
v 0.48564593 0.75180578 0.01603237
v 0.48570517 0.75087561 0.01603237
v 0.48531478 0.74907332 0.0131842
v 0.48524649 0.74899634 0.00282848
v 0.48675258 0.74824866 0.00282852
v 0.48677356 0.74835043 0.01318508
v 0.48677356 0.74835043 0.01318508
v 0.48675258 0.74824866 0.00282852
v 0.48843558 0.74834822 0.00283924
v 0.48840243 0.7484471 0.01318481
v 0.48983222 0.74927298 0.00283924
v 0.48968905 0.74940092 0.01325638
v 0.49060038 0.75077505 0.00283924
v 0.49045604 0.75080549 0.01321968
v 0.49050345 0.75246588 0.00283924
v 0.49040355 0.75243345 0.01318554
v 0.48956809 0.75387907 0.00283924
v 0.48949874 0.75380133 0.01318516
v 0.48805125 0.75463797 0.00284775
v 0.48803016 0.75453749 0.01318451
v 0.4863824 0.75452704 0.00283924
v 0.48644004 0.75435362 0.01324905
v 0.48497138 0.75361372 0.00283924
v 0.48509597 0.75350264 0.01323612
v 0.48421515 0.75209944 0.00282852
v 0.4843159 0.75207831 0.01318401
v 0.48430594 0.75040457 0.00283924
v 0.48440509 0.75043722 0.01318508
v 0.48422469 0.74785177 0.01399437
v 0.48531478 0.74907332 0.0131842
v 0.48677356 0.74835043 0.01318508
v 0.48643145 0.74674521 0.01417606
v 0.48840243 0.7484471 0.01318481
v 0.4889178 0.74688917 0.01417397
v 0.48968905 0.74940092 0.01325638
v 0.49089888 0.74852415 0.01389339
v 0.49045604 0.75080549 0.01321968
v 0.49201381 0.75073706 0.01389488
v 0.49040355 0.75243345 0.01318554
v 0.49195742 0.75295317 0.01417675
v 0.48949874 0.75380133 0.01318516
v 0.49058795 0.75503027 0.01417793
v 0.48803016 0.75453749 0.01318451
v 0.48836875 0.75614599 0.0141785
v 0.48644004 0.75435362 0.01324905
v 0.48595702 0.75579878 0.01417793
v 0.48509597 0.75350264 0.01323612
v 0.48387523 0.75443625 0.01399631
v 0.4843159 0.75207831 0.01318401
v 0.48270781 0.75241179 0.01399574
v 0.48440509 0.75043722 0.01318508
v 0.48285273 0.7499272 0.01399368
v 0.48435557 0.74800184 0.01599068
v 0.48422194 0.74785109 0.01579372
v 0.4864342 0.74673651 0.01597084
v 0.48647612 0.74693815 0.01615997
v 0.48303237 0.74998717 0.01599007
v 0.48284327 0.74992422 0.0157938
v 0.48891955 0.74688132 0.01596947
v 0.48885508 0.74707709 0.01615799
v 0.49090381 0.74851698 0.01569576
v 0.49075248 0.74863837 0.01589703
v 0.49202018 0.75073782 0.01569691
v 0.49182433 0.75076163 0.01589813
v 0.49196311 0.75295485 0.01597229
v 0.49176833 0.75289046 0.01616074
v 0.49059314 0.7550321 0.01597202
v 0.4904571 0.75487822 0.01616177
v 0.4883681 0.7561466 0.01597267
v 0.48833476 0.75594099 0.01616226
v 0.48595443 0.75580687 0.01597206
v 0.48602679 0.75561705 0.01616123
v 0.4838742 0.75443732 0.01579422
v 0.48402518 0.75431212 0.0159927
v 0.48270369 0.75240843 0.01579609
v 0.48289866 0.75236181 0.01599197
v 0.48422469 0.74785177 0.01399437
v 0.48643145 0.74674521 0.01417606
v 0.4889178 0.74688917 0.01417397
v 0.49089888 0.74852415 0.01389339
v 0.49201381 0.75073706 0.01389488
v 0.49195742 0.75295317 0.01417675
v 0.49058795 0.75503027 0.01417793
v 0.48836875 0.75614599 0.0141785
v 0.48595702 0.75579878 0.01417793
v 0.48387523 0.75443625 0.01399631
v 0.48270781 0.75241179 0.01399574
v 0.48285273 0.7499272 0.01399368
v -0.53146361 0.72946303 0.00258957
v -0.53146361 0.04580827 0.00258953
v 0.53305762 0.04580827 0.00258953
v 0.53305762 0.72946303 0.00258957
v 0.21956106 0.47140857 0.00288828
v 0.16786201 0.47061793 0.00288828
v 0.16798912 0.4622967 0.00288828
v 0.21968833 0.46308738 0.00288828
v 0.22465087 0.13856137 0.00392881
v 0.17287866 0.13760334 0.00387184
v 0.17311304 0.12089271 0.00593626
v 0.22490524 0.12192102 0.00392881
v 0.22414197 0.17184618 0.00392881
v 0.17244367 0.17105556 0.00392883
v 0.22108797 0.37155448 0.00288828
v 0.16938911 0.37076385 0.00302973
v 0.22007015 0.43812392 0.00288828
v 0.16837093 0.43733329 0.00302975
v 0.29358295 0.13961543 0.00392879
v 0.29383748 0.12297312 0.00392879
v 0.29307384 0.17290018 0.00392879
v 0.29002002 0.37260848 0.00392879
v 0.28900203 0.43917792 0.00392879
v 0.28849311 0.47246253 0.00392879
v 0.28862039 0.46414153 0.00392879
v 0.36251498 0.14066951 0.00392879
v 0.36276935 0.12402719 0.00393894
v 0.36200591 0.17395431 0.00392879
v 0.35895229 0.37366264 0.00392879
v 0.3579341 0.44023211 0.00392879
v 0.357425 0.47351668 0.00392879
v 0.35755225 0.46519549 0.00392879
v 0.39699058 0.14118906 0.00411396
v 0.38836864 0.14106153 0.00405727
v 0.38903709 0.12424167 0.0055341
v 0.39767333 0.12433607 0.00575203
v 0.39647193 0.17448122 0.00392879
v 0.38785552 0.17434944 0.00392879
v 0.39341792 0.37418952 0.00392879
v 0.38480189 0.37405776 0.00392879
v 0.39240012 0.44075896 0.00392879
v 0.38378371 0.4406272 0.00392879
v 0.15924542 0.47048617 0.00288827
v 0.1593727 0.46216514 0.00288829
v 0.15975451 0.43720153 0.00287103
v 0.16077234 0.37063209 0.00287102
v 0.16382688 0.1709238 0.00392883
v 0.16425438 0.13744942 0.00418333
v 0.16451753 0.12079326 0.0070542
v 0.1646725 0.1125406 0.0087221
v 0.17325113 0.11260154 0.0072789
v 0.22503252 0.11359907 0.00392883
v 0.29396476 0.11465191 0.00392879
v 0.36289775 0.11570514 0.00401169
v 0.38929771 0.11592356 0.00625061
v 0.39779639 0.11603992 0.00651318
v 0.37516692 0.44049544 0.00392879
v 0.3761851 0.373926 0.00392879
v 0.37923892 0.17421764 0.00392879
v 0.37974784 0.14093301 0.00395241
v 0.38020648 0.12419286 0.00493378
v 0.38048526 0.11584003 0.00549454
v 0.16811638 0.45397574 0.00291594
v 0.15949997 0.45384398 0.00290361
v 0.21981561 0.45476615 0.00288828
v 0.28874767 0.45582034 0.00392879
v 0.35767955 0.4568743 0.00392879
v 0.37487937 0.45710364 0.00392879
v 0.15075628 0.46203338 0.00288828
v 0.150629 0.47035437 0.00288828
v 0.15088356 0.45371222 0.00285878
v 0.1511381 0.43706977 0.00273058
v 0.15215591 0.37050033 0.00273058
v 0.15520992 0.170792 0.00392882
v 0.15563868 0.13731908 0.00447957
v 0.15591927 0.12070175 0.00775918
v 0.15608322 0.11247163 0.00957849
v 0.16481279 0.10427976 0.00988613
v 0.15622774 0.10422256 0.01081882
v 0.17338428 0.10431811 0.00826143
v 0.22515979 0.10527662 0.00392883
v 0.29409168 0.10633073 0.00392879
v 0.36302756 0.10738183 0.00405338
v 0.38055419 0.10756362 0.00569565
v 0.38916125 0.1077441 0.00650051
v 0.39748977 0.10791185 0.00679916
v 0.38999534 0.45688842 0.00471825
v 0.3818172 0.4639569 0.00471825
v 0.37378287 0.47206313 0.00471821
v -0.20312158 0.57171794 0.00769171
v -0.19981945 0.51159346 0.01039021
v -0.19518096 0.51180121 0.01012232
v -0.19849189 0.57191233 0.00769001
v -0.01793962 0.57949813 0.00813921
v -0.01457019 0.51948943 0.01169708
v -0.00530934 0.51988372 0.01242364
v -0.00868079 0.57988761 0.00823822
v -0.05497605 0.5779383 0.0076203
v -0.05160643 0.51791388 0.00933116
v -0.16608533 0.57327296 0.0076532
v -0.16271572 0.51324439 0.00889979
v -0.02198301 0.65153319 0.00635781
v -0.01272399 0.65192244 0.00641867
v -0.05901944 0.64997534 0.00605638
v -0.17012855 0.64530997 0.00609156
v -0.20716497 0.64375494 0.00610519
v -0.20253564 0.64394911 0.0061035
v -0.02332689 0.67555312 0.00649328
v -0.02299221 0.66954596 0.00642267
v -0.013647 0.67023062 0.00702174
v -0.0139639 0.67625678 0.00812465
v -0.06036736 0.67398756 0.00610958
v -0.06003029 0.6679846 0.0060589
v -0.17147646 0.66932234 0.00613306
v -0.17113975 0.66331923 0.00608316
v -0.20705421 0.66592833 0.00616875
v -0.208176 0.66176413 0.00612402
v -0.20354631 0.66195845 0.00612232
v -0.20388338 0.66796156 0.00619514
v -0.19452295 0.49975325 0.01164803
v -0.19907836 0.49971644 0.01282394
v -0.16204176 0.50123816 0.00900498
v -0.05093284 0.50590815 0.00949993
v -0.01389622 0.50748854 0.01236182
v -0.00463409 0.50788607 0.01334812
v -5.5E-06 0.5080849 0.01385766
v -0.00068038 0.52008078 0.01279762
v -0.00405109 0.58008223 0.00826934
v -0.00809375 0.65211775 0.00642812
v -0.00902318 0.67052939 0.0083256
v -0.00934796 0.67646552 0.01012199
v -0.20320924 0.65595541 0.00607929
v -0.20783893 0.65576109 0.00608099
v -0.17080268 0.65731612 0.00606735
v -0.0596934 0.66198149 0.00604044
v -0.02265697 0.66353995 0.00640282
v -0.01334972 0.66407149 0.00630093
v -0.00870701 0.6643759 0.00680367
v -0.19051258 0.51206004 0.010035
v -0.1899039 0.49994994 0.01052391
v -0.19386276 0.57210677 0.00768335
v -0.19790596 0.64414366 0.0061018
v -0.19858011 0.65614974 0.00607759
v -0.19925369 0.66815596 0.00618258
v -0.19891681 0.66215285 0.00611641
v 0.00462181 0.50828383 0.01437412
v 0.00394821 0.5202777 0.01317614
v 0.0005786 0.58027682 0.00829331
v -0.00346314 0.65231413 0.00642749
v -0.00410079 0.66453597 0.00757091
v -0.00446446 0.67055006 0.00969754
v -0.00481271 0.67637045 0.01186982
v -0.47494983 0.30780826 0.00274399
v -0.47687281 0.17746284 0.00645752
v -0.46247943 0.17730583 0.00588184
v -0.46058356 0.30761823 0.00274399
v 0.04223793 0.30096751 0.00330703
v 0.04051692 0.17085023 0.00661358
v 0.12671874 0.16970569 0.01120718
v 0.12843509 0.29982753 0.00475131
v -0.07269248 0.30248781 0.00274401
v -0.07441365 0.17236896 0.00288092
v -0.18762344 0.3040079 0.00274401
v -0.18934429 0.17388904 0.00274401
v -0.30255367 0.305528 0.00274401
v -0.30427499 0.17540914 0.00274401
v 0.04381215 0.41997718 0.00281708
v 0.13001006 0.41883719 0.00360766
v -0.07111844 0.4214973 0.00274401
v -0.18604921 0.42301757 0.00274401
v -0.30097982 0.42453769 0.00274401
v -0.47337581 0.42681792 0.00274403
v -0.45900935 0.42662787 0.00274399
v 0.04499264 0.50923449 0.00317251
v 0.13136953 0.50844207 0.0034636
v -0.06993814 0.51075457 0.00274401
v -0.18486837 0.51227465 0.00274401
v -0.29979915 0.51379496 0.00274401
v -0.47219493 0.5160752 0.00274403
v -0.45782885 0.51588515 0.00274403
v 0.13198225 0.53859145 0.00770426
v 0.04538601 0.53898684 0.0032097
v 0.04518942 0.52411067 0.00320022
v 0.13171999 0.52368354 0.0051455
v -0.0695444 0.54050696 0.00274401
v -0.06974118 0.52563079 0.00274401
v -0.18447517 0.54202719 0.00274401
v -0.18467195 0.52715106 0.00274401
v -0.29940559 0.54354727 0.00274401
v -0.29960237 0.5286711 0.00274401
v -0.46766757 0.54107436 0.00274403
v -0.47199855 0.53095137 0.00274403
v -0.45763209 0.53076133 0.00274403
v -0.45743533 0.5456375 0.00274403
v -0.47726752 0.14392031 0.00977077
v -0.46303515 0.14357682 0.00778118
v -0.30471822 0.14188982 0.00274401
v -0.18978763 0.14036974 0.00274401
v -0.07485685 0.13884956 0.00292565
v 0.04007337 0.13733047 0.00723473
v 0.12627843 0.13618694 0.01320404
v 0.14064249 0.13599597 0.01429877
v 0.14108391 0.16951452 0.01202937
v 0.14280172 0.29963746 0.00582917
v 0.14437631 0.41864715 0.00463625
v 0.14579776 0.50851119 0.00470996
v 0.14608734 0.52372393 0.00835517
v 0.14630502 0.53839583 0.01260047
v -0.44799605 0.1772517 0.00569778
v -0.44860469 0.14354187 0.00633987
v -0.44621715 0.30742818 0.00274399
v -0.44464309 0.42643783 0.00274399
v -0.44346244 0.5156951 0.00274403
v -0.44306888 0.54544745 0.00274403
v -0.44326583 0.53057132 0.00274403
v -0.46320479 0.12875094 0.00984455
v -0.47731116 0.12929387 0.01275269
v -0.44886786 0.12859194 0.00706795
v -0.30491481 0.12701366 0.00274401
v -0.18998458 0.12549345 0.00274401
v -0.07505381 0.12397335 0.00295063
v 0.03987678 0.12245317 0.00735192
v 0.12608403 0.12131295 0.01422651
v 0.14044754 0.12112296 0.0154913
v 0.15500434 0.13580492 0.01540795
v 0.15480737 0.1209331 0.01677324
v 0.15544751 0.16932314 0.01285975
v 0.15716853 0.29944743 0.00589
v 0.15874275 0.4184571 0.0046446
v 0.16008388 0.5082231 0.00661144
v 0.16019649 0.52308554 0.01174589
v 0.16031679 0.53746676 0.01691589
v 0.24668323 0.53293441 0.00768818
v 0.24722331 0.55112815 0.00680735
v 0.24259344 0.55130793 0.00677353
v 0.24209735 0.53317527 0.00849243
v 0.43705974 0.54376113 0.00869659
v 0.42779906 0.54412055 0.00819912
v 0.42735396 0.52608763 0.00902275
v 0.43661647 0.52572745 0.00988022
v 0.39075805 0.545558 0.00626671
v 0.39031257 0.52752539 0.00639938
v 0.35371665 0.54699538 0.00565205
v 0.35327155 0.5289627 0.00565205
v 0.27963426 0.54987052 0.00579658
v 0.27918918 0.53183764 0.00590633
v 0.42898631 0.59220797 0.00618893
v 0.4382466 0.59184859 0.00627316
v 0.3919453 0.59364543 0.00566002
v 0.35490413 0.59508284 0.00565208
v 0.28082153 0.59795775 0.00565207
v 0.24378051 0.5993952 0.00565205
v 0.24841056 0.59921561 0.00565205
v 0.43017341 0.64029524 0.00577488
v 0.43943389 0.63993605 0.00581085
v 0.39313258 0.64173293 0.00565205
v 0.35609119 0.64317038 0.00565208
v 0.28200898 0.64604529 0.00565205
v 0.2449678 0.64748274 0.00565205
v 0.24959785 0.64730292 0.00565205
v 0.43106414 0.67636092 0.00604206
v 0.44038421 0.67614088 0.00594292
v 0.39402293 0.67779837 0.00566601
v 0.35698173 0.67923575 0.00565205
v 0.28289916 0.68211066 0.00565207
v 0.24585834 0.68354811 0.00565207
v 0.25048858 0.68336851 0.00565205
v 0.43136546 0.68838927 0.00606686
v 0.43121432 0.68237471 0.0060461
v 0.44058394 0.68229811 0.00662277
v 0.44075377 0.68832152 0.00765713
v 0.39431983 0.68982016 0.00566963
v 0.39417129 0.68380934 0.00566868
v 0.35727847 0.69125761 0.00565208
v 0.35713012 0.6852468 0.00565205
v 0.28319625 0.69413252 0.00565205
v 0.28304771 0.68812163 0.00565207
v 0.24746063 0.69361937 0.00565207
v 0.2460065 0.68955916 0.00565205
v 0.25063674 0.68937956 0.00565205
v 0.25078531 0.6953903 0.00565207
v 0.44124579 0.52554732 0.01032276
v 0.44168998 0.54358149 0.00894768
v 0.44287669 0.59166895 0.00630295
v 0.44406394 0.63975623 0.00582073
v 0.44503539 0.67606551 0.00644676
v 0.44521583 0.68221159 0.00792023
v 0.44536986 0.68813979 0.00963623
v 0.25185356 0.55094855 0.00677353
v 0.2513351 0.53281695 0.00710558
v 0.25304082 0.59903582 0.00565205
v 0.25422809 0.64712325 0.00565207
v 0.25511863 0.68318892 0.00565205
v 0.25541519 0.69521071 0.00565207
v 0.25526698 0.68919974 0.00565205
v 0.24654403 0.52694369 0.00852224
v 0.24199962 0.52726424 0.00969778
v 0.25116474 0.5267768 0.00739988
v 0.279041 0.52582675 0.00589233
v 0.3531232 0.52295188 0.00565205
v 0.3901644 0.52151442 0.00642815
v 0.42720542 0.52007682 0.00930378
v 0.43646884 0.51971747 0.01029354
v 0.44109797 0.51953772 0.01080479
v 0.44587439 0.52536727 0.0107711
v 0.44572619 0.5193582 0.01132297
v 0.44631946 0.54340186 0.00919971
v 0.44750674 0.59148917 0.00632755
v 0.44869418 0.63957663 0.00582413
v 0.44963939 0.6758467 0.00721535
v 0.44976062 0.68185263 0.00929081
v 0.44988147 0.68766394 0.01138065
v -0.5265203 0.0487391 -0.000853
v -0.52614878 0.04856804 -0.00199074
v -0.58094454 0.00535553 -0.00197937
v -0.58135478 0.00545768 -0.00087387
v -0.52614878 0.04856804 -0.00199074
v -0.5251911 0.04839632 -0.00243729
v -0.57995406 0.00510923 -0.00243729
v -0.58094454 0.00535553 -0.00197937
v -0.52468714 0.04927634 -0.000853
v -0.52569266 0.04913933 -0.00085289
v -0.52569506 0.04913751 0.01202122
v -0.52468714 0.04927632 0.01203178
v -0.52569266 0.04913933 -0.00085289
v -0.52653006 0.04873193 0.01201092
v -0.52569506 0.04913751 0.01202122
v -0.5251911 0.04839632 0.0136161
v -0.52615573 0.04856398 0.01316235
v -0.58094454 0.00535553 0.01315819
v -0.57995406 0.00510912 0.0136161
v -0.58135478 0.00545765 0.01205265
v 0.58154883 0.00598595 0.0136161
v 0.58253874 0.00622104 0.01315819
v 0.53338919 0.04792056 0.0131683
v 0.53242823 0.04776009 0.0136161
v 0.58253874 0.00622104 0.01315819
v 0.58294882 0.00631844 0.01205261
v 0.53376479 0.04808288 0.01203217
v 0.53338919 0.04792056 0.0131683
v 0.53194812 0.0486433 0.01203217
v 0.53295199 0.04849744 0.01203209
v 0.5329542 0.04849542 -0.00084297
v 0.53194812 0.0486433 -0.00085335
v 0.53376479 0.04808288 0.01203217
v 0.53377414 0.04807562 -0.00083286
v 0.58294882 0.00631844 -0.00087387
v 0.58253874 0.00622104 -0.00197937
v 0.53339526 0.04791648 -0.00198246
v 0.53377414 0.04807562 -0.00083286
v 0.58154883 0.00598598 -0.00243729
v 0.53242823 0.04776009 -0.00243729
v 0.00080087 0.04786997 -0.00087385
v 0.00080087 0.04759967 -0.00197935
v -0.11259126 0.0478175 -0.00197935
v -0.11259126 0.04808772 -0.00087377
v 0.00080087 0.04694733 -0.00243729
v -0.11259126 0.04716508 -0.00243729
v 0.00080087 0.0469474 0.01361609
v 0.00080087 0.04759974 0.01315815
v -0.11259165 0.0478175 0.01315817
v -0.11259164 0.04716508 0.01361609
v 0.00080087 0.04786999 0.01205263
v -0.11259164 0.04808772 0.01205257
v -0.34920856 0.04710601 -0.00243729
v -0.34920783 0.04775835 -0.00197937
v -0.20235849 0.04872166 -0.00197935
v -0.20235849 0.04806929 -0.00243729
v -0.34920673 0.0480286 -0.00087379
v -0.2023594 0.04899186 -0.00087378
v -0.34919479 0.04802846 0.01205261
v -0.34919406 0.04775817 0.01315815
v -0.20237243 0.04872175 0.01315813
v -0.20237152 0.04899202 0.01205257
v -0.34919406 0.0471058 0.0136161
v -0.20237278 0.04806938 0.0136161
v 0.5815536 0.00270049 -0.00087421
v 0.58254332 0.00297113 -0.00087421
v 0.58254332 0.00297113 0.01205288
v 0.58155341 0.00270049 0.01205269
v 0.58295302 0.00362354 -0.00087421
v 0.58295302 0.00362352 0.01205307
v 0.58155287 0.00362308 -0.00243725
v 0.58155341 0.00297072 -0.00197945
v 0.11419465 7.817E-05 -0.00197935
v 0.11419447 0.00073056 -0.00243729
v 0.11419465 -0.00019194 -0.00087385
v 0.58155303 0.0029707 0.01315823
v 0.11419447 7.819E-05 0.01315815
v 0.11419465 -0.00019196 0.01205266
v 0.58155303 0.0029707 0.01315823
v 0.58155287 0.00362308 0.0136161
v 0.11419428 0.00073054 0.01361609
v 0.11419447 7.819E-05 0.01315815
v -0.11260502 -0.00034835 -0.00087379
v -0.11260502 -7.808E-05 -0.00197932
v 0.0008027 2E-08 -0.00197938
v 0.0008027 -0.00027025 -0.00087385
v -0.11260465 0.00057431 -0.00243723
v 0.00080233 0.00065239 -0.00243729
v 0.0008027 -0.00027025 0.01205263
v 0.0008027 2E-08 0.01315815
v -0.11260502 -7.812E-05 0.01315822
v -0.11260502 -0.00034835 0.01205269
v 0.0008027 2E-08 0.01315815
v 0.00080233 0.00065239 0.01361607
v -0.11260465 0.00057426 0.01361612
v -0.11260502 -7.812E-05 0.01315822
v -0.34923293 0.0004505 -0.00087383
v -0.34923259 0.00072068 -0.00197937
v -0.2024047 0.00015189 -0.00197933
v -0.20240507 -0.00011833 -0.00087379
v -0.34923202 0.00137302 -0.00243725
v -0.20240324 0.00080424 -0.00243723
v -0.20240415 -0.00011833 0.01205269
v -0.20240379 0.00015189 0.01315821
v -0.34923404 0.00072068 0.01315819
v -0.34923404 0.00045048 0.01205269
v -0.20240379 0.00015189 0.01315821
v -0.20240196 0.00080426 0.01361612
v -0.34923354 0.00137302 0.01361618
v -0.34923404 0.00072068 0.01315819
v -0.58133921 -0.00123298 -0.00087242
v -0.58092787 -0.00188521 -0.00087238
v -0.58092787 -0.00188521 0.0120512
v -0.58133921 -0.00123298 0.0120512
v -0.57993662 -0.00215392 -0.00087242
v -0.57993662 -0.00215392 0.0120512
v 0.11419373 0.04672967 0.01361609
v 0.11418915 0.01251516 0.01361609
v 0.11419336 0.04765217 -0.00087385
v 0.11419373 0.04765233 0.01205263
v 0.11418915 0.01251516 -0.00243729
v 0.11419336 0.04672967 -0.00243729
v 0.00079628 0.0124369 -0.00243729
v -0.1125964 0.01235884 -0.00243729
v 0.00079628 0.0124369 0.01361609
v -0.1125964 0.01235882 0.01361609
v -0.20237499 0.01258872 -0.00243729
v -0.34922286 0.01315764 -0.00243729
v -0.34922431 0.01315762 0.0136161
v -0.20237369 0.0125887 0.0136161
v 0.58295302 0.00362352 0.01205307
v 0.58295302 0.00362354 -0.00087421
v -0.57993903 -0.00123142 -0.00243729
v -0.57993903 -0.00123142 0.0136161
v -0.58135478 0.00545765 0.01205265
v -0.58135478 0.00545768 -0.00087387
v -0.58092932 -0.00123275 0.01315777
v -0.58135478 0.00545765 0.01205265
v -0.58133921 -0.00123298 0.0120512
v -0.58135478 0.00545768 -0.00087387
v -0.58092932 -0.00123275 -0.00197895
v 0.58254286 0.00362347 0.01315834
v 0.58254286 0.00362347 0.01315834
v 0.58254286 0.00362347 -0.00197945
v 0.58254286 0.00362347 -0.00197945
v 0.53199965 0.04834924 -0.00198936
v 0.11419336 0.04738201 -0.00197935
v 0.53199965 0.04834926 0.01316818
v 0.11419372 0.0473821 0.01315815
v -0.52474288 0.04898007 -0.00199066
v -0.52474288 0.04898007 0.01316944
v -0.57993754 -0.00188379 -0.00197895
v -0.57993754 -0.00188379 0.01315777
v -0.57993754 -0.00188379 0.01315777
v -0.52557624 0.04896735 -0.00178585
v -0.52557624 0.04896735 -0.00178585
v -0.52557936 0.04896577 0.01295967
v 0.53283171 0.04832853 0.01296333
v 0.53283446 0.04832693 -0.00177967
v 0.58236132 0.00309091 -0.00177631
v 0.58236125 0.00309093 0.01295509
v 0.58236125 0.00309093 0.01295509
v 0.58254286 0.00362347 0.01315834
v -0.58074629 -0.00176504 -0.00177559
v -0.58092932 -0.00123275 0.01315777
v -0.58074629 -0.00176506 0.01295441
v -0.58074629 -0.00176506 0.01295441
v -0.58266898 0.00721174 0.01358963
v -0.52471301 0.05232083 0.01358723
v -0.52865058 0.22571842 0.01360176
v -0.58076007 0.22570207 0.01360176
v -0.58265502 0.0061102 0.01316956
v -0.52439868 0.05170514 0.01314236
v -0.58263156 0.00566887 0.0122163
v -0.58363211 0.00555231 0.01217564
v -0.58359526 0.0055811 -0.00094879
v -0.58252188 0.00574883 -0.00094501
v -0.58363211 0.00555231 0.01217564
v -0.58423842 0.00617237 0.01212521
v -0.58423712 0.00617255 -0.00094482
v -0.58359526 0.0055811 -0.00094879
v -0.52409297 0.05146442 0.01200878
v -0.52340049 0.05271134 0.01200886
v -0.52357215 0.05204579 0.01200951
v -0.52357505 0.05204368 -0.00081959
v -0.52340068 0.05271147 -0.00082954
v -0.52409297 0.05146442 0.01200878
v -0.52410342 0.05145662 -0.00080715
v -0.57968245 0.768356 0.0135915
v -0.58079287 0.76917746 0.01318264
v -0.57930083 0.55937857 0.01313126
v -0.57831637 0.55937857 0.01360176
v -0.58130507 0.76959334 0.0121373
v -0.57972224 0.5593785 0.01203182
v -0.57959498 0.76999037 0.0121376
v -0.57959716 0.76945631 0.01318233
v -0.53248729 0.72656866 0.0131427
v -0.53215701 0.72681151 0.01198448
v -0.57959716 0.76945631 0.01318233
v -0.5328007 0.72594572 0.01358734
v -0.53248729 0.72656866 0.0131427
v -0.58130507 0.76959334 0.0121373
v -0.58065901 0.77018355 0.01214176
v -0.58070246 0.77022024 -0.00101852
v -0.58130637 0.76959433 -0.00096104
v -0.57972537 0.77009566 -0.00106544
v -0.5314746 0.72554999 0.01200718
v -0.53196059 0.72559881 0.01314796
v -0.52983454 0.55938208 0.01313122
v -0.52941314 0.55938182 0.01203182
v -0.53081954 0.55938216 0.01360176
v -0.53215701 0.72681151 0.01198448
v -0.53165728 0.72621519 0.01199676
v -0.5316545 0.72621313 -0.00082943
v -0.53214782 0.7268035 -0.00082821
v -0.5314746 0.72554976 -0.00082817
v -0.58257689 0.00618642 -0.00197334
v -0.52440638 0.05170053 -0.00195805
v -0.52410342 0.05145662 -0.00080715
v -0.58257689 0.00618642 -0.00197334
v -0.58262423 0.00728805 -0.00242371
v -0.52471301 0.0523211 -0.00240837
v -0.52440638 0.05170053 -0.00195805
v -0.58130637 0.76959433 -0.00096104
v -0.58079692 0.76918265 -0.00200268
v -0.57930083 0.5593785 -0.00195244
v -0.57972224 0.5593785 -0.000853
v -0.57968482 0.76835806 -0.00241333
v -0.57831637 0.5593785 -0.00242294
v -0.57967311 0.76952994 -0.0020319
v -0.53247958 0.7265637 -0.00196991
v -0.53280036 0.72594603 -0.0024086
v -0.53214782 0.7268035 -0.00082821
v -0.53196242 0.7255982 -0.00197151
v -0.52983454 0.55937735 -0.00195244
v -0.53081954 0.55937728 -0.00242294
v -0.52941314 0.55937766 -0.000853
v -0.58174449 0.22570184 0.01313122
v -0.58376052 0.00647469 0.01315201
v -0.58216593 0.22570171 0.01203182
v -0.58076007 0.22570236 -0.00242294
v -0.58174449 0.22570186 -0.00195244
v -0.5816471 0.34022258 -0.00195244
v -0.58066249 0.34022289 -0.00242294
v -0.58216593 0.22570173 -0.000853
v -0.58206854 0.34022243 -0.000853
v -0.52724471 0.22571937 0.01203178
v -0.52766616 0.2257188 0.01313122
v -0.52387107 0.05265767 0.01314423
v -0.52724471 0.22572336 -0.00085297
v -0.52766616 0.22572349 -0.0019524
v -0.52957633 0.3402436 -0.00195244
v -0.52915492 0.34024306 -0.000853
v -0.52865058 0.22572326 -0.00242294
v -0.53056079 0.34024352 -0.00242294
v -0.58130637 0.76959433 -0.00096104
v -0.57972224 0.5593785 -0.000853
v -0.58206854 0.34022243 -0.000853
v -0.58206854 0.34022247 0.01203178
v -0.52915492 0.3402336 0.01203182
v -0.53056079 0.34023231 0.01360176
v -0.58066249 0.34022266 0.01360176
v -0.58216593 0.22570173 -0.000853
v -0.5816471 0.3402225 0.01313122
v -0.58423712 0.00617255 -0.00094482
v -0.58375792 0.00647613 -0.0019738
v -0.52957633 0.34023273 0.01313126
v -0.52386924 0.05265735 -0.00196301
v -0.58345736 0.00584286 0.01297558
v -0.52385932 0.05211438 0.01294071
v -0.58079287 0.76917746 0.01318264
v -0.58048716 0.76986342 0.01296329
v -0.58048716 0.76986342 0.01296329
v -0.53195601 0.72614531 0.01294277
v -0.58359526 0.0055811 -0.00094879
v -0.58342841 0.00587289 -0.00177811
v -0.58342841 0.00587289 -0.00177811
v -0.58052165 0.76990172 -0.00180603
v -0.58070246 0.77022024 -0.00101852
v -0.5319538 0.72614378 -0.00176884
v -0.52386134 0.05211275 -0.00175728
v 0.58394519 0.00811099 -0.00098141
v 0.58346068 0.00844226 -0.00201183
v 0.58254031 0.28212217 -0.00198055
v 0.58294882 0.28210895 -0.00087791
v 0.58233355 0.0092666 -0.00243729
v 0.58155406 0.28215377 -0.00243729
v 0.58233245 0.00760227 -0.00108364
v 0.58334075 0.00747135 -0.00103409
v 0.58329745 0.00750351 0.01216099
v 0.58221049 0.00769921 0.01216019
v 0.58334075 0.00747135 -0.00103409
v 0.58394519 0.00811097 0.01216022
v 0.58329745 0.00750351 0.01216099
v 0.58233611 0.00808731 -0.00203945
v 0.53242881 0.0492632 -0.00200294
v 0.53274955 0.04988692 -0.00243729
v 0.53209868 0.0490311 -0.00085606
v 0.58233355 0.0092666 0.0136161
v 0.58346068 0.00844226 0.01319061
v 0.58254031 0.28212217 0.01315937
v 0.58155406 0.28215377 0.0136161
v 0.58394519 0.00811097 0.01216022
v 0.58294882 0.28210899 0.01205669
v 0.58226092 0.00816097 0.01319187
v 0.53243468 0.04925773 0.01317356
v 0.53210875 0.04902319 0.01201179
v 0.58226092 0.00816097 0.01319187
v 0.53274955 0.04988692 0.0136161
v 0.53243468 0.04925773 0.01317356
v 0.53189788 0.05023238 -0.00200249
v 0.53346625 0.28369861 -0.00198055
v 0.5344525 0.28366681 -0.00243729
v 0.53142012 0.05027261 -0.00085606
v 0.53305762 0.28371162 -0.00087791
v 0.5315951 0.04961275 -0.00085526
v 0.53159766 0.04961073 0.01202282
v 0.53142012 0.05027261 0.01203487
v 0.5315951 0.04961275 -0.00085526
v 0.53159766 0.04961073 0.01202282
v 0.53189788 0.05023238 0.0131813
v 0.53346625 0.28369861 0.01315937
v 0.53305762 0.28371162 0.01205669
v 0.5344525 0.28366681 0.0136161
v 0.58264659 0.7697415 0.01227993
v 0.58364211 0.76987097 0.01222622
v 0.58359435 0.76983465 -0.0009911
v 0.58251135 0.76962858 -0.00099014
v 0.58364211 0.76987097 0.01222622
v 0.58423895 0.76922545 0.01216896
v 0.58423895 0.76922552 -0.00099018
v 0.58359435 0.76983465 -0.0009911
v 0.58258902 0.76796492 0.0136161
v 0.58263026 0.76922377 0.01322311
v 0.53405585 0.7297782 0.0131847
v 0.53437861 0.72915327 0.0136161
v 0.53371272 0.73000983 0.01203445
v 0.53304114 0.72876639 0.01203445
v 0.53322142 0.7294245 0.01203358
v 0.53322417 0.72942671 -0.00084332
v 0.53304114 0.72876639 -0.00085564
v 0.53371272 0.73000983 0.01203445
v 0.5337226 0.73001791 -0.0008321
v 0.58254481 0.76913809 -0.00201561
v 0.5340615 0.72978377 -0.00199749
v 0.5337226 0.73001791 -0.0008321
v 0.58254481 0.76913809 -0.00201561
v 0.58258902 0.76796492 -0.00243729
v 0.53437861 0.72915327 -0.00243729
v 0.5340615 0.72978377 -0.00199749
v 0.5792163 0.57307212 -0.00243729
v 0.58020308 0.57307215 -0.00198093
v 0.57995627 0.48393527 -0.00198093
v 0.57896964 0.48393527 -0.00243729
v 0.58061186 0.57307215 -0.00087917
v 0.58036467 0.48393531 -0.00087917
v 0.5792163 0.57307204 0.0136161
v 0.58020308 0.57307215 0.01315971
v 0.58044985 0.66220915 0.01315971
v 0.5794633 0.66220908 0.0136161
v 0.58061186 0.57307215 0.01205799
v 0.58085852 0.66220915 0.01205791
v 0.5309677 0.57306983 0.01205799
v 0.53137648 0.57306986 0.01315971
v 0.53186431 0.66220625 0.01315971
v 0.53145552 0.66220625 0.01205791
v 0.53236335 0.57306986 0.0136161
v 0.53285113 0.66220633 0.0136161
v 0.53236335 0.57306986 -0.00243729
v 0.53137648 0.57306986 -0.00198093
v 0.53186431 0.66220671 -0.0019809
v 0.53285113 0.66220679 -0.00243729
v 0.5309677 0.57306983 -0.00087917
v 0.53145552 0.66220663 -0.00087906
v 0.58294882 0.28210899 0.01205669
v 0.58061186 0.57307215 0.01205799
v 0.58036467 0.48393531 0.01205795
v 0.58085852 0.66220915 -0.00087914
v 0.58085852 0.66220915 0.01205791
v 0.57896964 0.48393527 0.0136161
v 0.53187552 0.48393348 0.0136161
v 0.53047992 0.48393344 0.01205795
v 0.53047992 0.48393287 -0.00087914
v 0.53187552 0.4839329 -0.00243729
v 0.5794633 0.66220915 -0.00243729
v 0.58044985 0.66220915 -0.0019809
v 0.57995627 0.48393527 0.01315971
v 0.58036467 0.48393531 0.01205795
v 0.58374491 0.76886198 -0.00201412
v 0.58423895 0.76922545 0.01216896
v 0.58374491 0.76886198 0.01319298
v 0.53088866 0.48393344 0.01315971
v 0.53352786 0.72880324 0.01318424
v 0.53088866 0.48393287 -0.00198093
v 0.53352786 0.72880324 -0.00200542
v 0.58316451 0.00777523 -0.00184566
v 0.58329745 0.00750351 0.01216099
v 0.58313002 0.00780856 0.0130048
v 0.58313002 0.00780856 0.0130048
v 0.53188414 0.04968172 -0.00179874
v 0.53188632 0.04967941 0.01297207
v 0.53188632 0.04967941 0.01297207
v 0.58345893 0.76955061 0.01302994
v 0.53351683 0.72935507 0.01298069
v 0.58342059 0.76951292 -0.0018298
v 0.58342059 0.76951292 -0.0018298
v 0.53351905 0.72935728 -0.00179626
v -0.53217131 0.72684416 -0.00081173
v -0.53135485 0.72640753 -0.00082199
v -0.53135245 0.72640539 0.01201122
v -0.53216269 0.72683661 0.01201134
v -0.53135485 0.72640753 -0.00082199
v -0.53034125 0.72624213 -0.00083256
v -0.53034125 0.72624213 0.01201138
v -0.53135245 0.72640539 0.01201122
v -0.53079734 0.7271443 -0.00243729
v -0.53178214 0.72700041 -0.0019767
v -0.58093794 0.77158034 -0.00197338
v -0.57993167 0.77180838 -0.00243729
v -0.58135478 0.77148573 -0.00085335
v -0.53177592 0.72699606 0.01316269
v -0.58093794 0.77158034 0.01315216
v -0.58135478 0.77148588 0.01203217
v -0.53177592 0.72699606 0.01316269
v -0.53079734 0.7271443 0.0136161
v -0.57993167 0.7718083 0.0136161
v -0.58093794 0.77158034 0.01315216
v 0.53378623 0.73001997 -0.00083221
v 0.53340571 0.73019072 -0.0019854
v 0.58170416 0.77051748 -0.00197342
v 0.58211936 0.77041563 -0.00085342
v 0.53243155 0.73035483 -0.00243748
v 0.58070182 0.77076353 -0.0024374
v 0.53194152 0.72945738 -0.00083229
v 0.53295642 0.72960722 -0.00083214
v 0.53295878 0.72960921 0.01200005
v 0.53194152 0.72945738 0.01201073
v 0.53378623 0.73001997 -0.00083221
v 0.53379634 0.73002745 0.01198959
v 0.53243136 0.7303549 0.01361591
v 0.53341269 0.73019484 0.01315662
v 0.58170416 0.77051764 0.01315208
v 0.58070174 0.77076353 0.01361599
v 0.53341269 0.73019484 0.01315662
v 0.53379634 0.73002745 0.01198959
v 0.58211936 0.77041563 0.01203213
v 0.58170416 0.77051764 0.01315208
v 0.00079702 0.728795 0.01361609
v 0.00079702 0.72813399 0.01315219
v 0.2793909 0.72846419 0.01312704
v 0.2793909 0.72912504 0.01359096
v 0.00079702 0.72813399 0.01315219
v 0.00079702 0.72786032 0.0120322
v 0.2793909 0.72819044 0.01200705
v 0.2793909 0.72846419 0.01312704
v 0.00079701 0.72786032 -0.00085322
v 0.00079701 0.72813406 -0.00197333
v 0.2793909 0.72846403 -0.00199848
v 0.2793909 0.72819037 -0.00087847
v 0.00079701 0.728795 -0.00243729
v 0.2793909 0.72912497 -0.00246239
v -0.27781137 0.72635748 0.01203199
v -0.27781137 0.72663115 0.01315214
v -0.41476623 0.72492544 0.01315216
v -0.41476661 0.72465147 0.01203217
v -0.27781137 0.72663115 0.01315214
v -0.27781135 0.72729216 0.0136161
v -0.41476512 0.72558646 0.0136161
v -0.41476623 0.72492544 0.01315216
v -0.27781137 0.72729231 -0.00243729
v -0.27781137 0.7266313 -0.00197321
v -0.41476695 0.72492544 -0.00197334
v -0.41476604 0.72558646 -0.00243729
v -0.27781137 0.72635748 -0.00085281
v -0.41476733 0.72465155 -0.00085335
v 0.58215567 0.77324934 -0.00085503
v 0.58174266 0.77391066 -0.0008551
v 0.58174266 0.77391066 0.01203381
v 0.58215567 0.77324934 0.01203384
v 0.58074118 0.77418631 -0.00085514
v 0.58074118 0.77418631 0.01203373
v 0.58073989 0.77391272 -0.00197399
v 0.27938999 0.77821837 -0.00199848
v 0.27938999 0.77849196 -0.00087849
v 0.58073752 0.77333555 -0.0024374
v 0.27938999 0.7775572 -0.00246239
v 0.58073752 0.77325178 0.01361599
v 0.58073989 0.77391272 0.01315254
v 0.27938999 0.77821837 0.01312706
v 0.27938999 0.7775572 0.01359096
v 0.27938999 0.77849196 0.01200705
v -0.14098414 0.77878637 -0.00201085
v -0.14097955 0.77851271 -0.00313093
v -0.27781907 0.77899336 -0.00197336
v -0.27781907 0.77926718 -0.00085337
v -0.14096727 0.77785177 -0.00359484
v -0.27781852 0.7783325 -0.00243729
v -0.27781907 0.77926718 0.01203217
v -0.27781907 0.77899344 0.01315216
v -0.14097955 0.77851271 0.01199456
v -0.14098468 0.77878637 0.0108746
v -0.27781852 0.77833243 0.0136161
v -0.14096727 0.77785185 0.01245852
v -0.57970702 0.7763658 -0.00084373
v -0.5807186 0.77610388 -0.00084362
v -0.58072119 0.77610396 0.01202724
v -0.57971526 0.77636595 0.01203217
v -0.58114665 0.77544546 -0.00084377
v -0.58114665 0.77544546 0.01202255
v 0.27939182 0.76614851 0.01359096
v 0.27939182 0.76614851 -0.00246239
v -0.41465362 0.77645674 -0.00085335
v -0.41465362 0.77645674 0.01203217
v 0.00066021 0.77905958 0.01203217
v 0.00065012 0.77905958 -0.00085331
v 0.00079702 0.76540411 0.01361609
v -0.14085889 0.76356474 0.01245847
v -0.14087997 0.72999251 0.01245855
v -0.14086787 0.72905768 0.01087468
v -0.14086677 0.72905768 -0.00201079
v -0.14087906 0.72999266 -0.00359484
v -0.14085889 0.76356482 -0.00359492
v 0.00079701 0.76540411 -0.00243729
v -0.41475944 0.76066839 0.0136161
v -0.41475944 0.76066839 -0.00243729
v -0.27780918 0.76347883 0.0136161
v -0.27780918 0.76347883 -0.00243729
v 0.58211936 0.77041563 0.01203213
v 0.58211936 0.77041563 -0.00085342
v -0.4146683 0.77552206 -0.00243729
v -0.4146683 0.77552206 0.0136161
v 0.00067451 0.77812483 -0.00243729
v 0.00067451 0.77812483 0.01361609
v -0.5797283 0.77543112 -0.00243729
v -0.58135478 0.77148573 -0.00085335
v -0.58135478 0.77148588 0.01203217
v -0.5797283 0.77543112 0.0136161
v -0.58135478 0.77148588 0.01203217
v -0.58073126 0.77544249 0.01314938
v 0.58174048 0.77324988 0.01315262
v 0.58211936 0.77041563 0.01203213
v -0.58073126 0.77544249 -0.00197056
v 0.58211936 0.77041563 -0.00085342
v 0.58174048 0.77333357 -0.00197392
v 0.53198996 0.72975889 0.01316383
v 0.53198996 0.72975889 0.01316383
v 0.53199031 0.72975889 -0.00198536
v -0.14087135 0.72933157 0.01199462
v -0.14087135 0.72933157 0.01199462
v -0.53038234 0.72654135 0.01316257
v -0.53038234 0.72654135 0.01316257
v -0.14087043 0.72933157 -0.0031309
v -0.53038234 0.72654135 -0.0019838
v 0.00065929 0.77878592 -0.00197336
v -0.41465804 0.776183 -0.00197334
v -0.41465804 0.776183 0.01315216
v 0.00066259 0.77878592 0.01315216
v -0.57971472 0.77609205 -0.00197056
v -0.5797193 0.77609221 0.01315216
v -0.5312276 0.72657667 -0.00177132
v -0.53122481 0.72657522 0.01295509
v -0.53122481 0.72657522 0.01295509
v -0.53122481 0.72657522 0.01295509
v 0.53283389 0.72978102 -0.00177784
v 0.53283683 0.72978262 0.01295132
v 0.53283683 0.72978262 0.01295132
v 0.53341269 0.73019484 0.01315662
v 0.58155779 0.77378927 -0.0017683
v 0.58155779 0.77378927 0.01294697
v -0.58053687 0.77598051 -0.00176342
v -0.5805387 0.77598051 0.01294426
v -0.20241571 0.51071578 0.00472815
v -0.21190799 0.56461615 0.00472815
v -0.20930807 0.50950202 0.00472815
v -0.2424979 0.69797072 0.00472815
v -0.23834922 0.67441214 0.00472818
v -0.23145742 0.67562582 0.00472818
v -0.23560626 0.69918433 0.00472815
v -0.40954326 0.66855315 0.00472816
v -0.40539405 0.64499426 0.00472813
v -0.31438987 0.66102103 0.00472815
v -0.31853853 0.68457968 0.00472815
v -0.46120143 0.56229903 0.00472813
v -0.48395247 0.55829249 0.00472816
v -0.31024122 0.6374623 0.00472815
v -0.40124541 0.62143588 0.00472816
v -0.3929481 0.57431887 0.00472813
v -0.30194316 0.59034484 0.00472816
v -0.22730802 0.65206686 0.00472815
v -0.2342004 0.65085326 0.00472815
v -0.2259027 0.60373622 0.00472816
v -0.44663913 0.61334677 0.00472813
v -0.43845038 0.56630561 0.00472813
v -0.45269393 0.65773444 0.00691952
v -0.46847266 0.62934962 0.00691956
v -0.4898041 0.60376563 0.00691948
v -0.39005988 0.55791938 0.00472813
v -0.29909419 0.57416674 0.00472815
v -0.43554271 0.54979563 0.00472813
v -0.45828406 0.54573371 0.00472813
v -0.48102557 0.54167182 0.00472816
v -0.421855 0.47207126 0.00472816
v -0.44460624 0.46806472 0.00472816
v -0.46735728 0.46405814 0.00472816
v -0.25686433 0.69544066 0.00472815
v -0.25271549 0.67188216 0.00472818
v -0.24856664 0.64832327 0.00472815
v -0.24026914 0.60120635 0.00472815
v -0.23841434 0.59067473 0.00472815
v -0.23316606 0.56087233 0.00472815
v -0.22367414 0.50697215 0.00472815
v -0.23348037 0.57016104 0.00472815
v -0.20383588 0.56603759 0.00472815
v -0.19434379 0.51213721 0.00472815
v -0.21923646 0.65348837 0.00472815
v -0.22338531 0.67704749 0.00472818
v -0.22753396 0.70060576 0.00472815
v -0.23619237 0.58540152 0.00472815
v -0.2367044 0.58096533 0.00472815
v -0.22405029 0.58319384 0.00472815
v -0.23600568 0.57699694 0.00472815
vn 0.04752 0.02656 0.99852
vn 0.0444 0.0252 0.9987
vn 0.0418 0.03333 0.99857
vn 0.05002 0.02881 0.99833
vn 0.04177 0.03336 0.99857
vn 0.05033 0.03044 0.99827
vn 0.04985 0.0275 0.99838
vn -0.03322 -0.03616 -0.99879
vn -0.03354 -0.03718 -0.99875
vn -0.03338 -0.03815 -0.99871
vn 0.0418 0.03335 0.99857
vn 0.04179 0.03336 0.99857
vn 0.04185 0.03336 0.99857
vn -0.04182 -0.03335 -0.99857
vn -0.04176 -0.03335 -0.99857
vn -0.04174 -0.03336 -0.99857
vn 0.05073 0.03481 0.99811
vn 0.05064 0.03648 0.99805
vn 0.05068 0.0378 0.998
vn -0.03308 -0.03094 -0.99897
vn -0.0329 -0.03193 -0.99895
vn -0.03271 -0.02999 -0.99902
vn -0.03505 -0.02771 -0.999
vn -0.05342 -0.05546 -0.99703
vn -0.33192 -0.28004 -0.90078
vn -0.04981 -0.00934 -0.99872
vn -0.03603 -0.04002 -0.99855
vn -0.27172 0.24331 -0.93111
vn 0.04521 0.08981 0.99493
vn 0.04864 0.08815 0.99492
vn 0.04651 0.08864 0.99498
vn -0.0314 -0.07988 -0.99631
vn -0.03362 -0.07844 -0.99635
vn -0.03249 -0.07931 -0.99632
vn 0.03962 0.09414 0.99477
vn 0.04249 0.09164 0.99489
vn 0.04092 0.09237 0.99488
vn -0.03772 -0.07587 -0.9964
vn -0.0364 -0.07654 -0.9964
vn -0.03869 -0.07505 -0.99643
vn 0.0396 0.08437 0.99565
vn -0.03967 -0.08443 -0.99564
vn -0.04148 -0.0758 -0.99626
vn -0.02591 -0.10527 -0.99411
vn 0.04008 -0.45472 -0.88973
vn -0.03941 -0.08247 -0.99581
vn -0.06451 -0.07975 -0.99473
vn -0.03099 -0.08278 -0.99609
vn -0.38934 -0.14855 -0.90904
vn -0.03995 -0.03126 0.99871
vn -0.03721 -0.03331 0.99875
vn -0.04299 -0.03959 0.99829
vn -0.04314 -0.0302 0.99861
vn -0.04299 -0.03964 0.99829
vn -0.04471 -0.03075 0.99853
vn -0.04193 -0.0297 0.99868
vn 0.04119 0.04843 -0.99798
vn 0.04223 0.04865 -0.99792
vn 0.043 0.04927 -0.99786
vn -0.043 -0.0396 0.99829
vn -0.04301 -0.03959 0.99829
vn -0.043 -0.0396 0.99829
vn 0.04301 0.03957 -0.99829
vn 0.04299 0.03963 -0.99829
vn 0.04299 0.03961 -0.99829
vn -0.04871 -0.03252 0.99828
vn -0.05011 -0.03344 0.99818
vn -0.05128 -0.03407 0.9981
vn 0.03659 0.04597 -0.99827
vn 0.03738 0.04663 -0.99821
vn 0.03558 0.04583 -0.99832
vn 0.03476 0.04268 -0.99848
vn 0.06798 0.04036 -0.99687
vn 0.40172 -0.09552 -0.91077
vn 0.02613 0.02076 -0.99944
vn 0.04595 0.04788 -0.9978
vn -0.08294 -0.30063 -0.95013
vn -0.01201 -0.04968 0.99869
vn -0.01164 -0.04588 0.99888
vn -0.01136 -0.04805 0.99878
vn -0.00225 0.05908 -0.99825
vn -0.00282 0.05649 -0.9984
vn -0.0024 0.05785 -0.99832
vn -0.01406 -0.05643 0.99831
vn -0.01276 -0.05285 0.99852
vn -0.01289 -0.0546 0.99843
vn -0.00377 0.05176 -0.99865
vn -0.00361 0.05323 -0.99858
vn -0.0042 0.05058 -0.99871
vn -0.005 -0.05299 0.99858
vn 0.00505 0.05294 -0.99858
vn -0.0025 0.04822 -0.99883
vn 0.01968 0.07315 -0.99713
vn 0.33125 0.25351 -0.90885
vn 0.00309 0.05251 -0.99862
vn 0.00944 0.02808 -0.99956
vn 0.00034 0.06049 -0.99817
vn 0.19571 -0.25526 -0.94686
vn 0.00833 0.03015 0.99951
vn 0.00279 0.02369 0.99972
vn 0.00552 0.03209 0.99947
vn 0.00227 0.03303 0.99945
vn 0.00279 0.02362 0.99972
vn 0.00073 0.03242 0.99947
vn 0.00346 0.03357 0.99943
vn -0.00491 -0.01488 -0.99988
vn -0.00387 -0.01461 -0.99989
vn -0.00314 -0.01396 -0.9999
vn 0.00279 0.02362 0.99972
vn 0.00273 0.02373 0.99971
vn 0.00275 0.02366 0.99972
vn -0.00278 -0.02364 -0.99972
vn -0.00279 -0.02362 -0.99972
vn -0.00283 -0.02357 -0.99972
vn -0.0032 0.03048 0.99953
vn -0.00457 0.02951 0.99955
vn -0.00572 0.02884 0.99957
vn -0.00943 -0.01752 -0.9998
vn -0.00866 -0.01683 -0.99982
vn -0.01044 -0.0177 -0.99979
vn -0.01112 -0.02088 -0.99972
vn 0.02219 -0.02188 -0.99951
vn 0.36452 -0.13979 -0.92064
vn -0.01893 -0.0431 -0.99889
vn -0.00014 -0.01524 -0.99988
vn -0.11299 -0.36442 -0.92435
vn -0.00488 0.04602 0.99893
vn -0.00125 0.04605 0.99894
vn -0.00306 0.04567 0.99895
vn 0.01007 -0.02903 -0.99953
vn 0.00741 -0.0292 -0.99955
vn 0.00884 -0.02923 -0.99953
vn -0.0121 0.04542 0.99889
vn -0.00845 0.04581 0.99891
vn -0.01023 0.04526 0.99892
vn 0.0026 -0.02962 -0.99956
vn 0.00408 -0.02937 -0.99956
vn 0.00135 -0.02955 -0.99956
vn -0.00619 0.03766 0.99927
vn 0.00618 -0.03764 -0.99927
vn -0.00046 -0.03182 -0.99949
vn 0.02973 -0.04613 -0.99849
vn 0.29371 -0.29088 -0.91056
vn 0.00516 -0.03581 -0.99935
vn -0.01647 -0.04889 -0.99867
vn 0.01215 -0.03111 -0.99944
vn -0.23368 -0.30351 -0.92373
vn 0.01078 -0.01925 0.99976
vn 0.00982 -0.02252 0.9997
vn 0.00193 -0.01928 0.99981
vn 0.01066 -0.01588 0.99982
vn 0.00188 -0.01929 0.99981
vn 0.00961 -0.01461 0.99985
vn 0.01156 -0.01685 0.99979
vn 0.00577 0.02403 -0.99969
vn 0.00634 0.02314 -0.99971
vn 0.00719 0.02264 -0.99972
vn 0.00192 -0.01926 0.99981
vn 0.00193 -0.01925 0.99981
vn 0.00191 -0.01926 0.99981
vn -0.00192 0.01925 -0.99981
vn -0.00185 0.01931 -0.99981
vn -0.00189 0.01927 -0.99981
vn 0.00653 -0.01146 0.99991
vn 0.00519 -0.01047 0.99993
vn 0.0042 -0.00959 0.99995
vn 0.00185 0.0275 -0.99962
vn 0.00273 0.027 -0.99963
vn 0.00136 0.02841 -0.9996
vn -0.00188 0.02807 -0.9996
vn 0.00756 -0.00389 -0.99996
vn 0.00062 -0.36768 -0.92995
vn -0.02544 0.02855 -0.99927
vn 0.00691 0.0194 -0.99979
vn -0.3616 0.01605 -0.9322
vn -0.03391 -0.06979 0.99699
vn -0.03473 -0.06648 0.99718
vn -0.02629 -0.06535 0.99752
vn -0.03212 -0.07264 0.99684
vn -0.02623 -0.06529 0.99752
vn -0.03057 -0.07322 0.99685
vn -0.03338 -0.07225 0.99683
vn 0.02202 0.05739 -0.99811
vn 0.02107 0.05788 -0.9981
vn 0.02008 0.05789 -0.99812
vn -0.02625 -0.06533 0.99752
vn -0.02626 -0.06537 0.99752
vn -0.02625 -0.06535 0.99752
vn 0.02626 0.06537 -0.99752
vn 0.02623 0.06527 -0.99752
vn 0.02624 0.06529 -0.99752
vn -0.02634 -0.0744 0.99688
vn -0.02468 -0.07458 0.99691
vn -0.02338 -0.07485 0.99692
vn 0.02715 0.05635 -0.99804
vn 0.02612 0.05634 -0.99807
vn 0.02802 0.05581 -0.99805
vn 0.03066 0.05772 -0.99786
vn 0.00644 0.0806 -0.99673
vn -0.17144 0.39217 -0.90378
vn 0.05125 0.06906 -0.9963
vn 0.0187 0.06083 -0.99797
vn 0.3346 0.24242 -0.91065
vn 0.06056 0.02012 0.99796
vn 0.05716 0.02008 0.99816
vn 0.0579 0.0286 0.99791
vn 0.06373 0.02123 0.99774
vn 0.05789 0.02863 0.99791
vn 0.06465 0.0226 0.99765
vn 0.06307 0.02008 0.99781
vn -0.05109 -0.0345 -0.9981
vn -0.05178 -0.03533 -0.99803
vn -0.052 -0.03628 -0.99799
vn 0.05789 0.02861 0.99791
vn 0.05795 0.02858 0.99791
vn 0.05789 0.0286 0.99791
vn -0.05799 -0.02857 -0.99791
vn -0.05792 -0.02861 -0.99791
vn -0.05795 -0.02858 -0.99791
vn 0.06672 0.02648 0.99742
vn 0.06727 0.02805 0.99734
vn 0.06782 0.02925 0.99727
vn -0.04895 -0.02975 -0.99836
vn -0.04917 -0.03075 -0.99832
vn -0.04823 -0.02901 -0.99842
vn -0.04951 -0.02602 -0.99843
vn -0.07718 -0.04446 -0.99603
vn -0.42052 -0.14243 -0.89604
vn -0.05601 -0.00337 -0.99842
vn -0.05518 -0.03698 -0.99779
vn -0.1624 0.31653 -0.93458
vn -0.06592 -0.05999 0.99602
vn -0.0672 -0.05683 0.99612
vn -0.05899 -0.05445 0.99677
vn -0.06373 -0.06256 0.996
vn -0.05899 -0.05444 0.99677
vn -0.06211 -0.06291 0.99608
vn -0.06503 -0.06235 0.99593
vn 0.05598 0.04599 -0.99737
vn 0.05497 0.04634 -0.99741
vn 0.05399 0.04621 -0.99747
vn -0.05898 -0.05445 0.99677
vn -0.059 -0.0545 0.99677
vn -0.05899 -0.05455 0.99677
vn 0.05903 0.05451 -0.99677
vn 0.059 0.05444 -0.99677
vn 0.05898 0.05444 -0.99677
vn -0.05777 -0.06348 0.99631
vn -0.05611 -0.06341 0.99641
vn -0.05478 -0.06347 0.99648
vn 0.0612 0.0457 -0.99708
vn 0.06019 0.04554 -0.99715
vn 0.06214 0.04529 -0.99704
vn 0.06446 0.04756 -0.99679
vn 0.03719 0.06672 -0.99708
vn -0.18751 0.3507 -0.91753
vn 0.08314 0.06178 -0.99462
vn 0.0522 0.04891 -0.99744
vn 0.33478 0.27544 -0.90114
vn 0.08145 -0.08754 0.99282
vn 0.0781 -0.08699 0.99314
vn 0.08042 -0.0788 0.99364
vn 0.08478 -0.08701 0.99259
vn 0.0804 -0.07875 0.99365
vn 0.08591 -0.08582 0.9926
vn 0.08394 -0.08802 0.99258
vn -0.07481 0.07176 -0.99461
vn -0.07562 0.07109 -0.9946
vn -0.07603 0.07017 -0.99463
vn 0.08045 -0.0788 0.99364
vn 0.08043 -0.07878 0.99364
vn 0.08038 -0.07874 0.99365
vn -0.08044 0.07879 -0.99364
vn -0.08038 0.07875 -0.99365
vn -0.08032 0.07871 -0.99366
vn 0.0887 -0.08239 0.99265
vn 0.08951 -0.08095 0.99269
vn 0.09025 -0.07987 0.99271
vn -0.07182 0.07606 -0.99451
vn -0.07223 0.07509 -0.99456
vn -0.07099 0.07665 -0.99453
vn -0.07169 0.07982 -0.99423
vn -0.10223 0.06656 -0.99253
vn -0.45582 0.02322 -0.88977
vn -0.07392 0.10318 -0.99191
vn -0.07926 0.07006 -0.99439
vn -0.11857 0.42952 -0.89524
vn 0.00907 0.00551 0.99994
vn 0.01067 0.00249 0.99994
vn 0.00276 -0.00072 1
vn 0.00663 0.00783 0.99995
vn 0.00274 -0.00077 1
vn 0.00501 0.00801 0.99996
vn 0.00795 0.00777 0.99994
vn -0.00059 0.00948 -0.99995
vn 0.00043 0.00925 -0.99996
vn 0.0014 0.00949 -0.99995
vn 0.00274 -0.00074 1
vn 0.00275 -0.00067 1
vn 0.00274 -0.0007 1
vn -0.00274 0.00071 -1
vn -0.00274 0.00078 -1
vn -0.00276 0.00081 -1
vn 0.00059 0.0081 0.99997
vn -0.00106 0.00787 0.99997
vn -0.00238 0.00781 0.99997
vn -0.00583 0.00923 -0.99994
vn -0.00483 0.00948 -0.99994
vn -0.0068 0.00953 -0.99993
vn -0.00889 0.00703 -0.99994
vn 0.02022 -0.00922 -0.99975
vn 0.26893 -0.27322 -0.92359
vn -0.02606 -0.00911 -0.99962
vn 0.00346 0.00698 -0.99997
vn -0.2584 -0.25242 -0.93248
vn -0.4479 0.02298 0.89379
vn -0.44855 0.01963 0.89354
vn -0.45585 0.02221 0.88978
vn -0.44821 0.02632 0.89354
vn -0.45578 0.02224 0.88982
vn -0.44921 0.02754 0.893
vn -0.44737 0.02542 0.89399
vn 0.46223 -0.01686 -0.8866
vn 0.46285 -0.01769 -0.88626
vn 0.46362 -0.0181 -0.88585
vn -0.45581 0.02221 0.8898
vn -0.45588 0.02207 0.88977
vn -0.45571 0.02246 0.88985
vn 0.45582 -0.02214 -0.88979
vn 0.45586 -0.02219 -0.88978
vn 0.4558 -0.02214 -0.88981
vn -0.45218 0.03041 0.89141
vn -0.45339 0.03126 0.89076
vn -0.45434 0.03206 0.89025
vn 0.45857 -0.01371 -0.88855
vn 0.4594 -0.01416 -0.88812
vn 0.45808 -0.01286 -0.88882
vn 0.45524 -0.01345 -0.89027
vn 0.46551 -0.04454 -0.88392
vn 0.44691 -0.4045 -0.79791
vn 0.43419 -0.0149 -0.9007
vn 0.46359 -0.02137 -0.88579
vn 0.10599 -0.05211 -0.993
vn 0.03971 0.01163 0.99914
vn 0.0398 0.00822 0.99917
vn 0.03132 0.00885 0.99947
vn 0.03856 0.01479 0.99915
vn 0.03126 0.00884 0.99947
vn 0.03716 0.01568 0.99919
vn 0.0397 0.01415 0.99911
vn -0.02546 -0.00196 -0.99967
vn -0.02465 -0.00263 -0.99969
vn -0.02367 -0.00284 -0.99972
vn 0.0313 0.00889 0.99947
vn 0.0313 0.00891 0.99947
vn 0.03127 0.00884 0.99947
vn -0.03126 -0.00886 -0.99947
vn -0.03124 -0.00877 -0.99947
vn -0.03125 -0.00883 -0.99947
vn 0.03324 0.01773 0.99929
vn 0.03169 0.01824 0.99933
vn 0.03047 0.01878 0.99936
vn -0.03027 0.00014 -0.99954
vn -0.02925 -7E-05 -0.99957
vn -0.031 0.00084 -0.99952
vn -0.03399 -0.00047 -0.99942
vn -0.01509 -0.02795 -0.9995
vn 0.0929 -0.37393 -0.92279
vn -0.05651 -0.00731 -0.99837
vn -0.02293 -0.006 -0.99972
vn -0.37055 -0.12152 -0.92083
vn 0.23682 0.00661 0.97153
vn 0.23705 0.00319 0.97149
vn 0.22874 0.00344 0.97348
vn 0.23552 0.00972 0.97182
vn 0.22873 0.00341 0.97348
vn 0.23416 0.01053 0.97214
vn 0.2367 0.00912 0.97154
vn -0.22335 0.0037 -0.97473
vn -0.22255 0.00307 -0.97492
vn -0.22161 0.0029 -0.97513
vn 0.2287 0.0034 0.97349
vn 0.22874 0.00342 0.97348
vn 0.22871 0.00355 0.97349
vn -0.22876 -0.00351 -0.97348
vn -0.22874 -0.00348 -0.97348
vn -0.22871 -0.00346 -0.97349
vn 0.23023 0.01242 0.97306
vn 0.22871 0.01285 0.97341
vn 0.22751 0.01334 0.97368
vn -0.22813 0.00556 -0.97361
vn -0.22715 0.00538 -0.97384
vn -0.22889 0.00625 -0.97343
vn -0.23173 0.00479 -0.97277
vn -0.2121 -0.02181 -0.977
vn -0.07665 -0.36335 -0.92849
vn -0.2533 -0.00304 -0.96738
vn -0.22075 -0.00024 -0.97533
vn -0.54053 -0.1315 -0.83099
vn 0 0 1
vn -0 0 1
vn 0 0 1
vn -0.07323 -0.08519 -0.99367
vn -0.07957 -0.07802 -0.99377
vn -0.16163 -0.17338 -0.9715
vn -0.15238 -0.17839 -0.97209
vn 0 0 1
vn 0.18225 0.19649 -0.96342
vn -0.16623 -0.16309 -0.97251
vn 0 -0 1
vn 0 -0 1
vn 0 -0 1
vn 0.14888 -0.0813 -0.98551
vn 0.10829 -0.09214 -0.98984
vn 0.22182 -0.14322 -0.96451
vn 0.2423 -0.13167 -0.96122
vn 0 -0 1
vn 0 -0 1
vn -0.29548 0.16799 -0.94046
vn 0.18567 -0.15708 -0.96997
vn -0 0 1
vn -0 0 1
vn 0 0 1
vn 0 0 1
vn 0 -0 1
vn 0 0 1
vn -0 -0 1
vn -0 -0 1
vn -0 0 1
vn 0 0 1
vn 0 0 1
vn 0 0 1
vn -0 0 1
vn -0 0 1
vn 0 0 1
vn 0.00707 -0.03569 -0.99934
vn 0.00333 0.05434 -0.99852
vn -0.03782 -0.0834 -0.9958
vn -0.00569 0.02633 0.99964
vn 0.00275 0.02365 0.99972
vn -0.00575 0.02293 0.99972
vn 0.00278 0.02364 0.99972
vn 0.04853 0.03911 0.99806
vn 0.04179 0.03335 0.99857
vn 0.04566 0.04097 0.99812
vn 0.04179 0.03335 0.99857
vn -0.02172 -0.07296 0.9971
vn -0.02625 -0.06533 0.99752
vn -0.01942 -0.07047 0.99733
vn -0.02625 -0.06533 0.99752
vn 0.06635 0.03129 0.99731
vn 0.05785 0.02861 0.99792
vn 0.06442 0.03411 0.99734
vn 0.05793 0.02862 0.99791
vn -0.05341 -0.06137 0.99669
vn -0.05896 -0.05462 0.99676
vn -0.0515 -0.05856 0.99695
vn -0.05899 -0.05454 0.99677
vn 0.08918 -0.0776 0.99299
vn 0.0804 -0.07876 0.99365
vn 0.08781 -0.07449 0.99335
vn 0.08043 -0.07876 0.99364
vn 0.22562 0.01174 0.97414
vn 0.22871 0.00355 0.97349
vn 0.22299 0.00965 0.97477
vn 0.22875 0.00344 0.97348
vn -0.05135 -0.03658 0.99801
vn -0.04299 -0.0396 0.99829
vn -0.05154 -0.03997 0.99787
vn -0.04301 -0.03959 0.99829
vn 0.00182 -0.0104 0.99994
vn 0.0019 -0.01928 0.99981
vn -0.00144 -0.0114 0.99993
vn 0.00189 -0.01925 0.99981
vn -0.00353 0.00556 0.99998
vn 0.00274 -0.00072 1
vn -0.00515 0.00256 0.99998
vn 0.00274 -0.00072 1
vn 0.02845 0.01726 0.99945
vn 0.03128 0.00881 0.99947
vn 0.02565 0.0153 0.99955
vn 0.03124 0.00893 0.99947
vn -0.45641 0.03106 0.88923
vn -0.45575 0.0224 0.88983
vn -0.45924 0.02978 0.88781
vn -0.45576 0.02205 0.88983
vn 0.03893 0.04194 0.99836
vn 0.04244 0.04234 0.9982
vn 0.04249 0.04183 0.99822
vn 0.03912 0.04146 0.99837
vn 0.03591 0.04026 0.99854
vn 0.03871 0.03702 0.99856
vn 0.04001 0.03797 0.99848
vn 0.03371 0.03749 0.99873
vn 0.03761 0.03549 0.99866
vn 0.03273 0.0341 0.99888
vn 0.03713 0.03375 0.99874
vn 0.03315 0.03059 0.99898
vn 0.03734 0.03194 0.99879
vn 0.03489 0.02749 0.99901
vn 0.03811 0.03018 0.99882
vn 0.03758 0.02534 0.99897
vn 0.03931 0.02906 0.9988
vn 0.04099 0.02438 0.99886
vn 0.03716 -0.18296 0.98242
vn 0.04177 0.03335 0.99857
vn -0.02603 0.03783 0.99894
vn 0.07018 0.24012 0.9682
vn 0.04177 0.03334 0.99857
vn 0.04176 0.03336 0.99857
vn 0.04178 0.03337 0.99857
vn 0.04178 0.03335 0.99857
vn 0.0418 0.03336 0.99857
vn 0.04179 0.03336 0.99857
vn -0.95161 -0.30607 0.02774
vn -0.76186 -0.64699 0.03114
vn -0.65935 -0.56105 0.50048
vn -0.82866 -0.25715 0.49719
vn -0.45617 -0.88949 0.02667
vn -0.387 -0.77694 0.49658
vn -0.08143 -0.99657 0.01464
vn -0.05284 -0.87248 0.48578
vn 0.30561 -0.95215 -0.0028
vn 0.29244 -0.83238 0.47077
vn 0.64626 -0.76277 -0.02324
vn 0.59548 -0.66376 0.45257
vn 0.88811 -0.4575 -0.04426
vn 0.81134 -0.39197 0.43369
vn 0.99467 -0.08301 -0.0611
vn 0.9063 -0.05758 0.41869
vn 0.94969 0.30496 -0.0714
vn 0.86598 0.28709 0.40947
vn 0.75996 0.64555 -0.07572
vn 0.69692 0.59117 0.40599
vn 0.45461 0.88782 -0.07145
vn 0.42487 0.80734 0.4095
vn 0.07958 0.99512 -0.05827
vn 0.09077 0.90266 0.42068
vn -0.30757 0.95069 -0.04
vn -0.25434 0.86296 0.43658
vn -0.64783 0.76153 -0.01942
vn -0.55801 0.69429 0.45452
vn -0.88993 0.45609 0.00048
vn -0.7735 0.42213 0.47276
vn -0.99654 0.0814 0.01691
vn -0.86848 0.08809 0.48783
vn 0.0418 0.03335 0.99857
vn 0.04179 0.03334 0.99857
vn 0.27614 -0.95302 -0.12452
vn -0.04446 -0.02497 -0.9987
vn -0.04106 -0.0246 -0.99885
vn -0.0363 -0.98732 -0.15456
vn -0.0475 -0.02662 -0.99852
vn 0.63118 -0.76833 -0.10623
vn -0.04964 -0.02932 -0.99834
vn 0.88042 -0.46338 -0.10069
vn -0.05059 -0.03263 -0.99819
vn 0.99052 -0.08401 -0.1087
vn -0.05018 -0.03604 -0.99809
vn 0.94294 0.30696 -0.12903
vn -0.0485 -0.03905 -0.99806
vn 0.74553 0.64739 -0.15835
vn -0.04577 -0.04118 -0.9981
vn 0.42463 0.88475 -0.1921
vn 0.01786 -0.99959 0.02259
vn -0.7712 0.0972 0.62912
vn -0.02237 0.0395 0.99897
vn -0.77316 0.07402 0.62987
vn 0.17771 0.98282 -0.0499
vn 0.64792 -0.75543 -0.09759
vn 0.30307 -0.946 -0.115
vn -0.03632 -0.98982 -0.1376
vn -0.99549 -0.03776 -0.087
vn -0.99526 -0.03574 -0.09046
vn 0.88647 -0.45341 -0.09269
vn 0.99139 -0.08378 -0.10067
vn 0.94734 0.29676 -0.1203
vn 0.76011 0.63255 -0.14869
vn -0.97705 0.18871 -0.09881
vn -0.9772 0.18984 -0.09512
vn 0.16894 0.96026 -0.22216
vn 0.16894 0.96403 -0.20521
vn 0.44998 0.87432 -0.18189
vn -0.87233 0.06574 0.48447
vn -0.96852 0.04466 0.24491
vn 0.22102 0.97439 -0.04131
vn 0.22243 0.97271 -0.06599
vn 0.07629 -0.99657 0.032
vn -0.96201 0.12932 0.24045
vn -0.87106 0.11101 0.47847
vn 0.0675 -0.99768 0.00829
vn 0.1414 0.61623 -0.77477
vn 0.19593 0.59253 -0.78135
vn -0.03546 -0.02707 -0.999
vn 0.24966 0.96742 -0.04195
vn 0.345 0.93751 -0.04535
vn -0.04248 -0.0421 -0.99821
vn 0.07891 -0.70911 -0.70066
vn -0.03945 -0.04189 -0.99834
vn 0.15761 -0.9871 0.02829
vn 0.29677 0.95125 -0.08397
vn 0.22709 0.68368 0.69355
vn 0.04575 0.04151 0.99809
vn 0.39833 -0.3283 0.85648
vn 0.09527 -0.57129 0.8152
vn 0.71387 -0.70024 -0.00736
vn 0.09133 -0.9954 0.02903
vn 0.04865 0.03992 0.99802
vn 0.0444 0.02465 0.99871
vn 0.04112 0.02486 0.99884
vn -0.04165 -0.03369 -0.99856
vn -0.04021 -0.03283 -0.99865
vn 0.09146 -0.99536 0.02989
vn 0.08796 -0.99567 0.03006
vn 0.08798 -0.99569 0.02922
vn -0.04009 -0.03431 -0.99861
vn -0.04157 -0.03287 -0.99859
vn 0.2496 0.96737 -0.04355
vn 0.24962 0.96737 -0.04348
vn 0.77651 0.62777 -0.05425
vn 0.77665 0.62767 -0.05339
vn 0.71425 -0.69986 -0.00656
vn 0.24957 0.96738 -0.04348
vn 0.24964 0.96736 -0.04358
vn 0.18976 -0.9815 0.02551
vn 0.18974 -0.98155 0.02362
vn 0.14918 -0.98878 0.00749
vn 0.13993 -0.99009 -0.01206
vn 0.30573 0.94988 -0.06529
vn 0.3449 0.93749 -0.04649
vn 0.34485 0.93748 -0.04694
vn 0.24961 0.96744 -0.04194
vn 0.77652 0.62779 -0.05381
vn 0.7146 -0.6995 -0.00689
vn 0.09134 -0.99537 0.02997
vn 0.08799 -0.99567 0.03009
vn 0.1896 -0.98154 0.02507
vn 0.31377 0.9485 -0.04362
vn 0.18594 0.63027 -0.75378
vn -0.03811 -0.0253 -0.99895
vn 0.09387 -0.67442 -0.73236
vn -0.03655 -0.04059 -0.99851
vn 0.03407 -0.68427 -0.72843
vn 0.02761 -0.61856 -0.78525
vn 0.12688 0.56597 -0.81461
vn 0.25777 0.64057 0.72334
vn 0.20358 0.66466 0.71888
vn 0.19351 0.62158 0.75907
vn 0.11956 -0.66645 0.7359
vn 0.15693 -0.62546 0.76431
vn 0.04751 0.02574 0.99854
vn 0.09708 -0.64054 0.76177
vn 0.40104 0.32375 0.85695
vn 0.3215 -0.37728 -0.8685
vn 0.32937 0.26601 -0.90595
vn 0.03625 0.03988 0.99855
vn 0.03416 0.03727 0.99872
vn 0.03323 0.03406 0.99887
vn 0.03362 0.03073 0.99896
vn 0.03527 0.0278 0.99899
vn 0.03785 0.02577 0.99895
vn -0.8705 0.08826 0.4842
vn -0.77224 0.08557 0.62955
vn -0.96452 0.08718 0.24921
vn -0.99267 0.07967 -0.09086
vn -0.99237 0.07954 -0.09416
vn -0.00841 0.03744 0.99926
vn -0.39109 -0.14399 -0.90902
vn -0.34041 -0.09111 0.93585
vn -0.26488 -0.22682 0.93722
vn -0.14319 -0.32348 0.93534
vn -0.04361 -0.05611 -0.99747
vn 0.00623 -0.36607 0.93057
vn -0.03476 -0.05501 -0.99788
vn 0.16032 -0.34843 0.92352
vn -0.02691 -0.05085 -0.99834
vn 0.29619 -0.27305 0.91527
vn -0.02132 -0.04384 -0.99881
vn 0.39241 -0.15133 0.90725
vn -0.01886 -0.03524 -0.9992
vn 0.43481 -0.00213 0.90052
vn -0.0199 -0.02631 -0.99946
vn 0.41716 0.15231 0.89598
vn -0.02429 -0.0185 -0.99953
vn 0.34165 0.28795 0.89463
vn -0.03136 -0.0131 -0.99942
vn 0.21968 0.38443 0.89663
vn -0.03993 -0.01057 -0.99915
vn 0.07033 0.42729 0.90138
vn -0.08384 0.4098 0.90831
vn -0.2195 0.33431 0.91655
vn -0.31588 0.21265 0.92466
vn -0.43622 0.00227 -0.89984
vn -0.35773 0.1322 -0.92442
vn -0.35833 0.06328 0.93145
vn -0.69648 -0.59058 -0.40759
vn -0.42444 -0.80637 -0.41184
vn -0.09068 -0.90175 -0.42264
vn 0.25393 -0.86209 -0.43854
vn 0.55718 -0.69363 -0.45654
vn 0.7727 -0.422 -0.47419
vn 0.86754 -0.08785 -0.48955
vn 0.82717 0.25632 -0.5001
vn 0.65817 0.55971 -0.50352
vn 0.38616 0.77582 -0.49898
vn 0.05274 0.8713 -0.4879
vn -0.29182 0.83199 -0.47184
vn -0.59543 0.66336 -0.45322
vn -0.81062 0.39164 -0.43533
vn -0.90559 0.05751 -0.42024
vn -0.86557 -0.28705 -0.41036
vn -0.06037 0.00766 0.99815
vn -0.05996 0.00771 0.99817
vn -0.09562 0.00339 0.99541
vn -0.09562 0.00339 0.99541
vn -0.01401 0.01537 0.99978
vn -0.01379 0.01542 0.99979
vn 0.00258 0.01929 0.99981
vn 0 0 -1
vn 0.02184 0 0.99976
vn 0.02184 0 0.99976
vn 0.02184 0 0.99976
vn 0.02184 0 0.99976
vn -0.07008 -0.10383 0.99212
vn -0.01348 -0.03683 0.99923
vn -0.00983 -0.02959 0.99951
vn -0.05162 -0.08618 0.99494
vn -0.00014 -0.00868 0.99996
vn -0 -0.00597 0.99998
vn 0.00024 -0.00961 0.99995
vn -0.00106 -0.00926 0.99996
vn -0.00052 -0.00805 0.99997
vn 0.00028 -0.00739 0.99997
vn 0.05291 0.14486 0.98804
vn 0.15124 0.32382 0.93395
vn 0.07496 0.26236 0.96205
vn 0.0358 0.12757 0.99118
vn -0.00251 0.12848 0.99171
vn 0.00426 0.23496 0.972
vn -0.03039 0.24553 0.96891
vn -0.02848 0.143 0.98931
vn -0.07225 0.27282 0.95935
vn -0.06089 0.16986 0.98359
vn -0.08769 0.31097 0.94637
vn -0.06971 0.19608 0.97811
vn -0.28644 -0.2262 0.93101
vn -0.34543 -0.24015 0.90719
vn 0.00036 -0.00099 1
vn 0.00411 0.01761 0.99984
vn 0.00412 0.01651 0.99986
vn 0.00046 -0.0004 1
vn 0.00037 6E-05 1
vn 0.00016 0.01912 0.99982
vn -0.00534 0.02454 0.99968
vn -0.00323 -0.00537 0.99998
vn -0.01438 0.03407 0.99932
vn -0.01883 -0.01985 0.99963
vn -0.02118 0.0357 0.99914
vn -0.12482 -0.0941 0.98771
vn -0.08779 0.31625 0.94461
vn -0.06981 0.19982 0.97734
vn -0.14434 -0.12858 0.98114
vn -0.02307 0.03251 0.99921
vn -0.29912 -0.27121 0.91486
vn -0.34751 -0.27855 0.89535
vn -0.04975 0.13798 0.98918
vn -0.01823 0.07221 0.99722
vn -0.01892 0.07074 0.99732
vn -0.04988 0.13562 0.98951
vn -0.0219 0.05872 0.99803
vn -0.04632 0.1161 0.99216
vn -0.0095 0.04465 0.99896
vn -0.02195 0.09313 0.99541
vn -0.00045 0.03654 0.99933
vn -0.003 0.07972 0.99681
vn 0.00808 0.03217 0.99945
vn 0.0192 0.07177 0.99724
vn 0.00796 0.03386 0.99939
vn 0.01869 0.07459 0.99704
vn -0.03658 0.07723 0.99634
vn -0.03646 0.07676 0.99638
vn -0.04656 0.11697 0.99204
vn -0.04656 0.11697 0.99204
vn -0.02194 0.00952 0.99971
vn -0.02187 0.00914 0.99972
vn -0.01697 -0.01854 0.99968
vn -0.01697 -0.01854 0.99968
vn 0.03036 0.08617 0.99582
vn 0.03177 0.08956 0.99547
vn 0.03291 0.08891 0.9955
vn 0.03168 0.08595 0.9958
vn 0.03038 0.08256 0.99612
vn 0.03536 0.08365 0.99587
vn 0.03504 0.08521 0.99575
vn 0.03179 0.07914 0.99636
vn 0.03597 0.08192 0.99599
vn 0.03442 0.07654 0.99647
vn 0.03698 0.0803 0.99608
vn 0.03783 0.07514 0.99646
vn 0.03864 0.07945 0.99609
vn 0.04152 0.07515 0.99631
vn 0.04054 0.07951 0.99601
vn 0.04486 0.07652 0.99606
vn 0.0421 0.08011 0.9959
vn 0.04746 0.07913 0.99573
vn 0.22599 -0.02545 0.9738
vn 0.03962 0.08442 0.99564
vn 0.00279 0.0273 0.99962
vn -0.12961 0.20936 0.96921
vn 0.03964 0.08437 0.99565
vn 0.03962 0.08439 0.99564
vn 0.03963 0.08441 0.99564
vn 0.03964 0.0844 0.99564
vn 0.03965 0.0844 0.99564
vn 0.03964 0.0844 0.99564
vn -0.19227 -0.97899 0.06786
vn 0.19768 -0.97886 0.05247
vn 0.19478 -0.8327 0.51833
vn -0.15268 -0.83275 0.53218
vn 0.55709 -0.83006 0.02556
vn 0.51534 -0.69998 0.49442
vn 0.83165 -0.55524 -0.00855
vn 0.76015 -0.45494 0.4639
vn 0.97958 -0.19607 -0.04447
vn 0.89173 -0.13441 0.43215
vn 0.97821 0.19275 -0.07717
vn 0.89018 0.21175 0.40341
vn 0.82779 0.55172 -0.10186
vn 0.75631 0.53166 0.38122
vn 0.55124 0.82651 -0.11405
vn 0.50986 0.77659 0.37007
vn 0.19025 0.97536 -0.11174
vn 0.18877 0.90888 0.3719
vn -0.19926 0.97512 -0.0971
vn -0.15905 0.90892 0.38544
vn -0.55877 0.82628 -0.07095
vn -0.47941 0.77653 0.40887
vn -0.83346 0.55143 -0.03579
vn -0.72414 0.53148 0.43949
vn -0.98133 0.19231 0.00126
vn -0.85589 0.21119 0.47208
vn -0.97996 -0.19618 0.03446
vn -0.8547 -0.1352 0.5012
vn -0.8296 -0.55528 0.05853
vn -0.72044 -0.45531 0.52313
vn -0.55319 -0.83012 0.06988
vn -0.47382 -0.70014 0.53413
vn 0.03756 0.09232 0.99502
vn -0.00527 -0.14193 0.98986
vn 0.083 -0.13624 0.98719
vn 0.03489 0.09103 0.99524
vn 0.16348 -0.10307 0.98115
vn 0.22512 -0.04165 0.97344
vn 0.25841 0.03865 0.96526
vn 0.03167 0.08283 0.99606
vn 0.2582 0.12587 0.95786
vn 0.03288 0.07988 0.99626
vn 0.22456 0.20649 0.95233
vn 0.03514 0.07763 0.99636
vn 0.16254 0.26815 0.94956
vn 0.03809 0.07643 0.99635
vn 0.08158 0.30152 0.94996
vn 0.04127 0.07644 0.99622
vn -0.00573 0.30138 0.95349
vn 0.04416 0.07765 0.996
vn -0.0864 0.26788 0.95957
vn 0.04642 0.07994 0.99572
vn -0.14795 0.20626 0.96725
vn 0.04761 0.08257 0.99545
vn -0.18089 0.12579 0.97543
vn 0.04777 0.08553 0.99519
vn -0.18033 0.03874 0.98284
vn -0.15141 -0.04477 0.98746
vn 0.96011 -0.22626 -0.16432
vn -0.04828 -0.08267 -0.99541
vn -0.04696 -0.07952 -0.99573
vn 0.83742 -0.51632 -0.17925
vn -0.04829 -0.08613 -0.99511
vn 0.97171 0.17443 -0.15924
vn -0.04697 -0.0893 -0.9949
vn 0.82635 0.54046 -0.15827
vn -0.04453 -0.09173 -0.99479
vn 0.54787 0.82079 -0.16166
vn -0.04134 -0.09304 -0.9948
vn 0.18244 0.9686 -0.16892
vn -0.0379 -0.09303 -0.99494
vn -0.21191 0.96078 -0.17888
vn -0.03472 -0.09169 -0.99518
vn -0.5763 0.79494 -0.18961
vn 0.88303 -0.46929 -0.00475
vn -0.42814 -0.60647 0.67
vn 0.00315 0.0313 0.99951
vn -0.40859 -0.61927 0.6705
vn -0.7748 0.63141 -0.03175
vn 0.96896 0.19563 -0.15115
vn 0.96751 -0.19901 -0.15596
vn 0.84038 -0.51714 -0.16228
vn -0.45353 -0.89048 -0.03678
vn -0.45531 -0.88943 -0.04016
vn 0.82096 0.55084 -0.15036
vn 0.54846 0.82193 -0.15372
vn 0.19391 0.96776 -0.16074
vn -0.19137 0.96661 -0.17039
vn -0.64302 -0.76462 -0.04335
vn -0.64389 -0.76409 -0.0396
vn -0.76806 0.60683 -0.20453
vn -0.77044 0.60929 -0.18757
vn -0.55444 0.81229 -0.18103
vn -0.45636 -0.71437 0.53047
vn -0.49634 -0.81654 0.29479
vn -0.74581 0.66564 -0.02626
vn -0.74492 0.66523 -0.0507
vn 0.90898 -0.41684 0.0006
vn -0.56728 -0.76962 0.29304
vn -0.49571 -0.69153 0.5254
vn 0.90457 -0.4257 -0.02298
vn -0.52462 0.42107 -0.73991
vn -0.46136 0.43497 -0.77327
vn -0.04222 -0.07587 -0.99622
vn -0.72357 0.68965 -0.02894
vn -0.65401 0.75549 -0.03884
vn -0.03233 -0.08925 -0.99548
vn 0.62345 -0.29803 -0.72283
vn -0.03106 -0.08651 -0.99577
vn 0.93986 -0.34149 -0.0071
vn -0.69101 0.71916 -0.07285
vn -0.45492 0.55353 0.6976
vn 0.03396 0.09197 0.99518
vn 0.5087 -0.12387 0.85199
vn 0.67884 -0.21744 0.70135
vn 0.91885 -0.39458 -0.00384
vn 0.91642 -0.40021 -0.00323
vn 0.03654 0.0935 0.99495
vn 0.04884 0.08207 0.99543
vn 0.04926 0.08505 0.99516
vn 0.91642 -0.40021 -0.0022
vn 0.91893 -0.39441 -0.0028
vn -0.71926 0.69408 -0.03037
vn -0.71929 0.69408 -0.02947
vn -0.72356 0.68965 -0.02892
vn -0.72364 0.68954 -0.02983
vn 0.95046 -0.31066 -0.01093
vn 0.95043 -0.31069 -0.01211
vn 0.93628 -0.3502 -0.02732
vn 0.93206 -0.35941 -0.04565
vn -0.68462 0.72681 -0.05523
vn -0.65406 0.75545 -0.03878
vn -0.65411 0.75545 -0.03801
vn -0.7193 0.69407 -0.02946
vn 0.91887 -0.39455 -0.00275
vn 0.91643 -0.40018 -0.0022
vn 0.95042 -0.31077 -0.01154
vn -0.67857 0.7337 -0.03496
vn -0.49716 0.44471 -0.74503
vn -0.04492 -0.07729 -0.996
vn 0.5985 -0.26889 -0.75465
vn -0.03077 -0.08349 -0.99603
vn 0.61928 -0.33583 -0.70972
vn 0.43429 -0.26634 -0.8605
vn -0.3995 0.55915 0.72647
vn -0.46324 0.53946 0.70313
vn -0.32374 0.42813 0.84374
vn 0.67529 -0.19604 0.71103
vn 0.65997 -0.14285 0.73758
vn -0.39455 0.28496 -0.87357
vn -0.47528 -0.70183 0.53061
vn -0.41837 -0.61296 0.67025
vn -0.53137 -0.79209 0.30041
vn -0.55487 -0.83109 -0.03756
vn -0.55477 -0.831 -0.04087
vn 0.01179 0.04259 0.99902
vn -0.10792 -0.44046 -0.89126
vn -0.02061 -0.09703 -0.99507
vn -0.01729 -0.08878 -0.9959
vn -0.01715 -0.07992 -0.99665
vn -0.02058 -0.07164 -0.99722
vn -0.02693 -0.06532 -0.9975
vn -0.03523 -0.06191 -0.99746
vn -0.04419 -0.06195 -0.9971
vn -0.05233 -0.0655 -0.99648
vn -0.05867 -0.07174 -0.9957
vn -0.25713 -0.40845 -0.87581
vn -0.33375 -0.27744 -0.90091
vn 0.15849 -0.90836 -0.38698
vn 0.4788 -0.77574 -0.41107
vn 0.72323 -0.53101 -0.44155
vn 0.85478 -0.21138 -0.474
vn 0.85345 0.13482 -0.50343
vn 0.71963 0.45447 -0.52496
vn 0.47335 0.69929 -0.53567
vn 0.15245 0.83129 -0.53453
vn -0.19458 0.83092 -0.52126
vn -0.51463 0.69845 -0.49732
vn -0.75909 0.45398 -0.46656
vn -0.89089 0.13467 -0.43379
vn -0.88993 -0.21192 -0.40386
vn -0.75601 -0.53145 -0.3821
vn -0.50936 -0.77626 -0.37144
vn -0.18859 -0.90845 -0.37303
vn -0.09138 -0.11282 0.9894
vn -0.04904 -0.04632 0.99772
vn -0.05113 -0.04346 0.99775
vn -0.05072 -0.04316 0.99778
vn -0.04873 -0.04592 0.99776
vn -0.04609 -0.0481 0.99778
vn -0.04461 -0.04403 0.99803
vn -0.046 -0.04322 0.99801
vn -0.04259 -0.04865 0.99791
vn -0.04279 -0.0443 0.9981
vn -0.03916 -0.04783 0.99809
vn -0.04105 -0.04383 0.9982
vn -0.03632 -0.04574 0.99829
vn -0.0396 -0.04274 0.9983
vn -0.03449 -0.0427 0.99849
vn -0.03844 -0.04122 0.99841
vn -0.03396 -0.03929 0.99865
vn -0.03796 -0.03962 0.99849
vn -0.03481 -0.03586 0.99875
vn 0.14687 0.0644 0.98706
vn -0.04301 -0.03962 0.99829
vn -0.0132 -0.10083 0.99482
vn -0.23759 -0.11585 0.96443
vn -0.04297 -0.03961 0.99829
vn -0.04299 -0.03962 0.99829
vn -0.04304 -0.03963 0.99829
vn -0.04301 -0.03961 0.99829
vn -0.04301 -0.03959 0.99829
vn -0.04303 -0.03961 0.99829
vn 0.73781 -0.6748 -0.01701
vn 0.9397 -0.34196 0.00474
vn 0.81743 -0.32337 0.4767
vn 0.63729 -0.62037 0.45717
vn 0.9988 0.04355 0.02254
vn 0.86985 0.01978 0.49292
vn 0.906 0.42196 0.03335
vn 0.78734 0.35752 0.50227
vn 0.67547 0.73648 0.03651
vn 0.58139 0.63813 0.50476
vn 0.34207 0.93917 0.03097
vn 0.28428 0.81826 0.49964
vn -0.04333 0.99892 0.01664
vn -0.05874 0.8716 0.48669
vn -0.42151 0.90682 -0.00339
vn -0.39622 0.7893 0.46905
vn -0.73609 0.67637 -0.02612
vn -0.67586 0.5843 0.44922
vn -0.93787 0.34349 -0.04917
vn -0.85613 0.28723 0.42959
vn -0.99685 -0.04148 -0.06762
vn -0.90876 -0.05584 0.41356
vn -0.90403 -0.42037 -0.07761
vn -0.82622 -0.39322 0.4034
vn -0.67344 -0.73496 -0.07946
vn -0.62066 -0.67373 0.40108
vn -0.34059 -0.93735 -0.07334
vn -0.32326 -0.85423 0.40717
vn 0.04518 -0.9972 -0.05954
vn 0.01965 -0.90727 0.42009
vn 0.42347 -0.90504 -0.03969
vn 0.35697 -0.82527 0.43761
vn -0.04301 -0.03959 0.99829
vn -0.043 -0.03959 0.99829
vn 0.69011 0.71849 -0.08672
vn 0.03704 0.03314 -0.99876
vn 0.03504 0.03591 -0.99874
vn 0.87453 0.46633 -0.13316
vn 0.04 0.03132 -0.99871
vn 0.35342 0.93395 -0.0532
vn 0.0434 0.03078 -0.99858
vn -0.03414 0.99857 -0.04124
vn 0.04673 0.03158 -0.99841
vn -0.41867 0.90664 -0.05219
vn 0.0495 0.03362 -0.99821
vn -0.73507 0.67273 -0.08432
vn 0.05128 0.03657 -0.99801
vn -0.93276 0.33529 -0.13243
vn 0.05178 0.03999 -0.99786
vn -0.98016 -0.05858 -0.18934
vn 0.8594 0.50906 0.04778
vn 0.30201 -0.75413 0.58316
vn -0.01654 -0.0983 0.99502
vn 0.32316 -0.74406 0.58476
vn -0.94193 -0.33016 -0.06133
vn 0.33408 0.94152 -0.04392
vn 0.6707 0.73784 -0.0758
vn 0.87687 0.46653 -0.11597
vn 0.52528 -0.83924 -0.14059
vn 0.52338 -0.83984 -0.14406
vn -0.04565 0.99841 -0.03313
vn -0.41924 0.9068 -0.04414
vn -0.72844 0.68098 -0.07513
vn -0.92707 0.35461 -0.12164
vn 0.32011 -0.93434 -0.15664
vn 0.31922 -0.93525 -0.15301
vn -0.91897 -0.31647 -0.23524
vn -0.9221 -0.31936 -0.21848
vn -0.9836 -0.03198 -0.17753
vn 0.3786 -0.81741 0.43416
vn 0.44303 -0.87627 0.18944
vn -0.95608 -0.28861 -0.05125
vn -0.95544 -0.28513 -0.0764
vn 0.82793 0.5577 0.05917
vn 0.3663 -0.91227 0.18328
vn 0.33849 -0.83844 0.42713
vn 0.83312 0.55195 0.03551
vn -0.6119 -0.13698 -0.77898
vn -0.61739 -0.07733 -0.78284
vn 0.03441 0.042 -0.99853
vn -0.96421 -0.26007 -0.05156
vn -0.98549 -0.16246 -0.04911
vn 0.05094 0.04331 -0.99776
vn 0.5717 0.46074 -0.67888
vn 0.04927 0.04583 -0.99773
vn 0.77949 0.6236 0.05942
vn -0.97387 -0.2088 -0.08931
vn -0.7012 -0.18273 0.68915
vn -0.05205 -0.04017 0.99784
vn 0.09357 0.45841 0.8838
vn 0.45692 0.31846 0.83055
vn 0.25438 0.96593 0.04756
vn 0.81943 0.57031 0.05734
vn -0.05211 -0.03687 0.99796
vn -0.03674 -0.03304 0.99878
vn -0.0353 -0.03599 0.99873
vn 0.04322 0.03988 -0.99827
vn 0.04174 0.04073 -0.9983
vn 0.81932 0.57034 0.05865
vn 0.82132 0.56745 0.05865
vn 0.82136 0.56752 0.05736
vn 0.04299 0.04154 -0.99821
vn 0.04248 0.03958 -0.99831
vn -0.96418 -0.26011 -0.0519
vn -0.96418 -0.26006 -0.05228
vn -0.93035 0.36574 -0.02606
vn -0.93005 0.36649 -0.02608
vn 0.25346 0.96609 0.04928
vn -0.96416 -0.2601 -0.0523
vn -0.9642 -0.26006 -0.05191
vn 0.75851 0.64894 0.05958
vn 0.75859 0.64903 0.05752
vn 0.78493 0.61834 0.03929
vn 0.79048 0.61218 0.01962
vn -0.97692 -0.20153 -0.07077
vn -0.98547 -0.16243 -0.04972
vn -0.98548 -0.16245 -0.04928
vn -0.96419 -0.26017 -0.05155
vn -0.93006 0.36652 -0.02547
vn 0.25243 0.96633 0.0499
vn 0.81939 0.57024 0.05854
vn 0.8213 0.56749 0.05847
vn 0.75859 0.64898 0.05802
vn -0.97956 -0.19517 -0.04865
vn -0.64304 -0.10607 -0.75846
vn 0.03419 0.03882 -0.99866
vn 0.53195 0.45723 -0.71271
vn 0.0467 0.04771 -0.99777
vn 0.57316 0.41192 -0.70838
vn 0.51933 0.37741 -0.76672
vn -0.5618 -0.12249 -0.81815
vn -0.67887 -0.13657 0.72145
vn -0.67783 -0.19655 0.70846
vn -0.63408 -0.18597 0.75057
vn 0.52246 0.388 0.75927
vn 0.47036 0.40017 0.78653
vn -0.03923 -0.03087 0.99875
vn 0.51338 0.35588 0.78089
vn -0.47771 0.13747 0.8677
vn 0.16145 0.51735 -0.84041
vn -0.4032 0.2058 -0.89167
vn -0.04593 -0.04763 0.99781
vn -0.04262 -0.04816 0.99793
vn -0.03937 -0.04737 0.9981
vn -0.03668 -0.0454 0.9983
vn -0.03496 -0.04252 0.99848
vn -0.03447 -0.03928 0.99863
vn 0.35808 -0.82698 0.43346
vn 0.31268 -0.74912 0.58399
vn 0.40412 -0.89415 0.19284
vn 0.42224 -0.89448 -0.14703
vn 0.42218 -0.89397 -0.15027
vn -0.02166 -0.08519 0.99613
vn 0.31288 -0.21359 -0.92547
vn 0.25411 -0.30555 0.91764
vn 0.33447 -0.17299 0.92639
vn 0.35807 -0.01955 0.93349
vn 0.06369 0.04921 -0.99676
vn 0.32097 0.13139 0.93793
vn 0.05833 0.05638 -0.9967
vn 0.22927 0.25658 0.93894
vn 0.05083 0.06114 -0.99683
vn 0.09658 0.33768 0.93629
vn 0.04198 0.06255 -0.99716
vn -0.05709 0.36165 0.93057
vn 0.03327 0.06045 -0.99762
vn -0.20787 0.32471 0.92269
vn 0.02604 0.05514 -0.99814
vn -0.33315 0.23305 0.91362
vn 0.02143 0.04746 -0.99864
vn -0.41355 0.10053 0.90492
vn 0.02024 0.03866 -0.99905
vn -0.43693 -0.05306 0.89793
vn 0.02229 0.02997 -0.9993
vn -0.40004 -0.20421 0.89346
vn -0.30813 -0.32953 0.89245
vn -0.17535 -0.40997 0.89508
vn -0.02175 -0.4338 0.90074
vn 0.20813 -0.32582 -0.92224
vn 0.05639 -0.32067 -0.94551
vn 0.12898 -0.39714 0.90865
vn 0.85559 -0.28717 -0.43069
vn 0.90791 0.05583 -0.41543
vn 0.82534 0.39316 -0.40526
vn 0.62017 0.67334 -0.4025
vn 0.32326 0.85373 -0.40824
vn -0.01968 0.90703 -0.42062
vn -0.35712 0.82475 -0.43847
vn -0.63609 0.61968 -0.45977
vn -0.8156 0.32343 -0.47978
vn -0.86835 -0.01972 -0.49557
vn -0.78586 -0.35666 -0.50519
vn -0.58099 -0.63679 -0.50691
vn -0.28371 -0.81753 -0.50116
vn 0.0586 -0.87044 -0.48878
vn 0.39616 -0.7884 -0.47062
vn 0.67553 -0.58413 -0.44995
vn -0.00326 -0.06227 0.99805
vn -0.00697 -0.06215 0.99804
vn -0.00678 -0.06084 0.99812
vn -0.00353 -0.06095 0.99813
vn 0.0001 -0.06098 0.99814
vn -0.00252 -0.05683 0.99838
vn -0.00398 -0.05724 0.99835
vn 0.00279 -0.05846 0.99829
vn -0.00122 -0.05564 0.99845
vn 0.00431 -0.05508 0.99847
vn -0.0005 -0.05404 0.99854
vn 0.00442 -0.05139 0.99867
vn -0.00035 -0.05221 0.99864
vn 0.00309 -0.04795 0.99885
vn -0.00095 -0.05048 0.99872
vn 0.00062 -0.04532 0.99897
vn -0.00213 -0.04946 0.99877
vn -0.00277 -0.04381 0.99904
vn 0.02976 0.16003 0.98666
vn -0.00496 -0.05299 0.99858
vn 0.06155 -0.06707 0.99585
vn -0.06392 -0.25268 0.96544
vn -0.00491 -0.05299 0.99858
vn -0.00494 -0.053 0.99858
vn -0.00493 -0.05297 0.99858
vn -0.00492 -0.05298 0.99858
vn -0.00499 -0.05294 0.99859
vn -0.00496 -0.05295 0.99858
vn 0.98587 0.16729 -0.00832
vn 0.84696 0.53155 0.01032
vn 0.75297 0.4487 0.48135
vn 0.87665 0.12417 0.46483
vn 0.57921 0.81483 0.02373
vn 0.51417 0.70119 0.49393
vn 0.22328 0.97429 0.03023
vn 0.19691 0.84331 0.50005
vn -0.16644 0.98562 0.02929
vn -0.15094 0.85294 0.49971
vn -0.53104 0.84711 0.02026
vn -0.47548 0.72935 0.49191
vn -0.81474 0.57981 0.00452
vn -0.72846 0.49155 0.47721
vn -0.97435 0.22454 -0.01471
vn -0.8707 0.1747 0.45974
vn -0.98562 -0.16527 -0.03516
vn -0.88048 -0.17196 0.44179
vn -0.84675 -0.52919 -0.05457
vn -0.75686 -0.49672 0.42478
vn -0.57925 -0.81228 -0.06833
vn -0.51849 -0.74928 0.412
vn -0.22315 -0.97194 -0.07446
vn -0.20128 -0.89131 0.40628
vn 0.16673 -0.9833 -0.07294
vn 0.14641 -0.90122 0.40788
vn 0.53114 -0.8449 -0.06352
vn 0.47137 -0.77784 0.41567
vn 0.81489 -0.57761 -0.04811
vn 0.72425 -0.53957 0.42932
vn 0.97458 -0.22218 -0.02889
vn 0.86639 -0.22289 0.44686
vn -0.01163 -0.05773 0.99826
vn 0.22121 -0.01347 0.97513
vn 0.18463 0.06695 0.98053
vn -0.00947 -0.05975 0.99817
vn 0.12481 0.13042 0.98357
vn 0.04516 0.16623 0.98505
vn -0.04209 0.16895 0.98472
vn -0.00061 -0.05987 0.99821
vn -0.12391 0.13804 0.98264
vn 0.00171 -0.0577 0.99833
vn -0.18764 0.0782 0.97912
vn 0.00302 -0.05479 0.99849
vn -0.22352 -0.00148 0.9747
vn 0.00312 -0.0516 0.99866
vn -0.22612 -0.08894 0.97003
vn 0.00197 -0.04864 0.99881
vn -0.19485 -0.17044 0.96591
vn -0.00019 -0.04638 0.99892
vn -0.13461 -0.23392 0.96289
vn -0.00316 -0.04506 0.99898
vn -0.05481 -0.26965 0.9614
vn -0.00605 -0.04488 0.99897
vn 0.03244 -0.272 0.96175
vn -0.00888 -0.04577 0.99891
vn 0.11392 -0.24076 0.96388
vn 0.18191 -0.18419 0.96591
vn -0.14206 0.98546 -0.09323
vn 0.00638 0.0443 -0.999
vn 0.00297 0.04442 -0.99901
vn 0.17024 0.97592 -0.13636
vn 0.00963 0.04551 -0.99892
vn -0.51902 0.85245 -0.06284
vn 0.01214 0.04786 -0.99878
vn -0.80859 0.58605 -0.05226
vn 0.01356 0.05099 -0.99861
vn -0.972 0.22643 -0.06288
vn 0.01365 0.05443 -0.99842
vn -0.98157 -0.16694 -0.09302
vn 0.01241 0.05765 -0.99826
vn -0.83623 -0.53078 -0.13782
vn 0.01003 0.06014 -0.99814
vn -0.55414 -0.81032 -0.19054
vn 0.12605 0.99102 0.0446
vn 0.7747 -0.22181 0.59215
vn 0.0578 -0.06819 0.996
vn 0.77996 -0.19921 0.59328
vn -0.318 -0.94611 -0.06116
vn -0.53708 0.84182 -0.0537
vn -0.16932 0.98209 -0.08264
vn 0.17146 0.97794 -0.11933
vn 0.98625 -0.10145 -0.13049
vn 0.98559 -0.10333 -0.13394
vn -0.81568 0.57682 -0.04421
vn -0.97256 0.22612 -0.05484
vn -0.98412 -0.15645 -0.0839
vn -0.84815 -0.51425 -0.12721
vn 0.9352 -0.32269 -0.14588
vn 0.93532 -0.32394 -0.14224
vn -0.31261 -0.92072 -0.23355
vn -0.31253 -0.92486 -0.2167
vn -0.57731 -0.79666 -0.17899
vn 0.87296 -0.20125 0.44434
vn 0.96153 -0.18776 0.2005
vn -0.35948 -0.93179 -0.05047
vn -0.36159 -0.92934 -0.07475
vn 0.06818 0.99612 0.05564
vn 0.94278 -0.27056 0.19483
vn 0.86511 -0.24568 0.4373
vn 0.07611 0.99663 0.03072
vn -0.27185 -0.59402 -0.75713
vn -0.31001 -0.53748 -0.78422
vn -0.00217 0.04756 -0.99887
vn -0.39009 -0.9194 -0.05034
vn -0.47676 -0.87763 -0.04966
vn 0.00689 0.06151 -0.99808
vn -0.00562 0.73187 -0.68142
vn 0.00386 0.06174 -0.99808
vn -0.01369 0.99837 0.05539
vn -0.43276 -0.89714 -0.08872
vn -0.29411 -0.66367 0.68778
vn -0.01003 -0.06096 0.99809
vn 0.01115 0.46939 0.88292
vn 0.02526 0.67015 0.7418
vn 0.04353 0.99768 0.05243
vn 0.0497 0.99739 0.05242
vn -0.01237 -0.05909 0.99818
vn -0.00603 -0.04355 0.99903
vn -0.00896 -0.04422 0.99898
vn 0.04972 0.99732 0.05362
vn 0.04336 0.99762 0.05361
vn -0.39589 -0.91689 -0.05077
vn -0.39581 -0.91698 -0.0498
vn -0.3901 -0.91942 -0.04993
vn -0.39005 -0.91939 -0.05088
vn -0.04653 0.99748 0.05353
vn -0.04661 0.99758 0.05164
vn -0.006 0.99941 0.03375
vn 0.00254 0.99989 0.01464
vn -0.44063 -0.89495 -0.07012
vn -0.47672 -0.87768 -0.04919
vn -0.47669 -0.8777 -0.04914
vn -0.39576 -0.91698 -0.05018
vn 0.04349 0.99762 0.05355
vn 0.04967 0.99733 0.05353
vn -0.04638 0.9975 0.0534
vn -0.44748 -0.89296 -0.04882
vn -0.30518 -0.57848 -0.75645
vn 0.00014 0.04553 -0.99896
vn -0.02685 0.69985 -0.71379
vn 0.00093 0.06095 -0.99814
vn 0.03203 0.73946 -0.67244
vn 0.01923 0.55212 -0.83354
vn -0.31749 -0.6178 0.71939
vn -0.27797 -0.66818 0.69012
vn -0.21082 -0.50656 0.83603
vn 0.00747 0.65481 0.75575
vn -0.0345 0.62047 0.78347
vn -0.20218 -0.41485 -0.88714
vn 0.86797 -0.22327 0.44359
vn 0.77743 -0.21048 0.59271
vn 0.95166 -0.22945 0.20418
vn 0.96655 -0.21713 -0.1365
vn 0.96614 -0.21687 -0.13976
vn 0.04419 -0.06416 0.99696
vn 0.36995 0.11064 -0.92244
vn 0.01005 0.07521 -0.99712
vn 0.00111 0.07539 -0.99715
vn -0.00726 0.07239 -0.99735
vn -0.01381 0.06626 -0.99771
vn -0.01748 0.0581 -0.99816
vn -0.01774 0.04913 -0.99863
vn -0.01452 0.04079 -0.99906
vn -0.00829 0.03442 -0.99937
vn -0.00017 0.0307 -0.99953
vn 0.39402 -0.04076 -0.9182
vn 0.29685 -0.15771 -0.94181
vn 0.75649 0.4963 -0.42592
vn 0.51784 0.74853 -0.41418
vn 0.20106 0.89045 -0.40825
vn -0.1461 0.90049 -0.40959
vn -0.47081 0.77715 -0.41759
vn -0.72341 0.53933 -0.43104
vn -0.86548 0.2227 -0.44872
vn -0.87516 -0.12351 -0.4678
vn -0.7516 -0.44752 -0.48459
vn -0.51317 -0.70005 -0.49657
vn -0.19651 -0.84186 -0.50266
vn 0.15041 -0.85217 -0.50118
vn 0.47553 -0.72909 -0.49224
vn 0.72798 -0.4912 -0.47829
vn 0.87011 -0.17453 -0.46092
vn 0.88024 0.17199 -0.44226
vn 0.22436 -0.10404 0.96894
vn -0.00302 0.01669 0.99986
vn -0.00521 0.01947 0.9998
vn -0.00482 0.01978 0.99979
vn -0.00273 0.01709 0.99985
vn 1E-05 0.01502 0.99989
vn 0.0014 0.01941 0.99981
vn 5E-05 0.02007 0.9998
vn 0.00352 0.0146 0.99989
vn 0.0031 0.01941 0.99981
vn 0.00692 0.01556 0.99986
vn 0.00467 0.01996 0.99979
vn 0.00969 0.01776 0.9998
vn 0.00611 0.02086 0.99976
vn 0.0114 0.02086 0.99972
vn 0.00726 0.02225 0.99973
vn 0.0118 0.02429 0.99964
vn 0.00766 0.02378 0.99969
vn 0.01082 0.0277 0.99956
vn 0.18808 0.13359 0.97303
vn 0.00274 0.02365 0.99972
vn 0.0346 -0.03625 0.99874
vn -0.18987 -0.06146 0.97988
vn 0.00282 0.02362 0.99972
vn 0.00277 0.02363 0.99972
vn 0.00274 0.02362 0.99972
vn 0.00278 0.02363 0.99972
vn 0.00277 0.02363 0.99972
vn 0.00275 0.02362 0.99972
vn 0.76216 -0.64733 -0.00909
vn 0.95173 -0.30643 -0.0178
vn 0.84975 -0.26214 0.4574
vn 0.68064 -0.56606 0.46508
vn 0.99636 0.08082 -0.02698
vn 0.88948 0.08321 0.44933
vn 0.88934 0.45586 -0.03572
vn 0.79417 0.41748 0.4416
vn 0.647 0.76133 -0.04204
vn 0.5776 0.68992 0.43634
vn 0.30605 0.95096 -0.04488
vn 0.27394 0.85842 0.43367
vn -0.08153 0.99566 -0.04495
vn -0.07138 0.89848 0.43316
vn -0.45643 0.88879 -0.04138
vn -0.40582 0.80305 0.43638
vn -0.76234 0.64627 -0.03425
vn -0.67774 0.58714 0.44264
vn -0.95183 0.30547 -0.02656
vn -0.84705 0.28325 0.44974
vn -0.99649 -0.08173 -0.01809
vn -0.88698 -0.06185 0.45765
vn -0.88947 -0.45691 -0.00884
vn -0.7914 -0.39594 0.46574
vn -0.64703 -0.76246 -0.00167
vn -0.57502 -0.66815 0.47215
vn -0.30628 -0.95194 0.00185
vn -0.27138 -0.83705 0.47508
vn 0.08127 -0.99669 0.00164
vn 0.07407 -0.87718 0.47441
vn 0.45632 -0.88981 -0.00208
vn 0.40835 -0.78184 0.47114
vn 0.00275 0.02367 0.99972
vn 0.00277 0.02371 0.99972
vn 0.65699 0.73586 -0.1639
vn -0.00849 -0.03033 -0.9995
vn -0.01059 -0.02764 -0.99956
vn 0.84868 0.48845 -0.20286
vn -0.00548 -0.03203 -0.99947
vn 0.31409 0.94066 -0.12845
vn -0.00205 -0.03244 -0.99947
vn -0.0757 0.99185 -0.10248
vn 0.00126 -0.0315 -0.9995
vn -0.45594 0.88548 -0.08966
vn 0.00395 -0.02936 -0.99956
vn -0.76358 0.63909 -0.09219
vn 0.00563 -0.02633 -0.99964
vn -0.95019 0.29174 -0.10966
vn 0.006 -0.0229 -0.99972
vn -0.98453 -0.10622 -0.13936
vn 0.84005 0.54196 -0.02452
vn 0.35666 -0.70286 0.61545
vn 0.03133 -0.03415 0.99893
vn 0.3777 -0.69272 0.6144
vn -0.93017 -0.36711 0.002
vn 0.29474 0.94816 -0.11885
vn 0.63739 0.75512 -0.15338
vn 0.85177 0.48981 -0.18593
vn 0.55129 -0.82678 -0.11183
vn 0.5493 -0.82766 -0.11515
vn -0.08694 0.99178 -0.09392
vn -0.45614 0.88616 -0.08163
vn -0.75679 0.64826 -0.08388
vn -0.94476 0.31202 -0.10039
vn 0.3489 -0.93042 -0.11222
vn 0.34819 -0.93113 -0.10847
vn -0.91544 -0.36397 -0.17173
vn -0.91775 -0.36582 -0.15465
vn -0.98847 -0.07912 -0.12907
vn 0.42903 -0.77312 0.46713
vn 0.48484 -0.84516 0.22502
vn -0.94547 -0.3255 0.01135
vn -0.94608 -0.32365 -0.01329
vn 0.80726 0.59002 -0.01459
vn 0.40939 -0.88451 0.22371
vn 0.38965 -0.79609 0.46305
vn 0.81161 0.58291 -0.03874
vn -0.63888 -0.20894 -0.74038
vn -0.64751 -0.15016 -0.74712
vn -0.01146 -0.02157 -0.9997
vn -0.95462 -0.29766 0.00974
vn -0.97958 -0.20095 0.0069
vn 0.00503 -0.01962 -0.99979
vn 0.52386 0.43724 -0.73102
vn 0.00325 -0.01715 -0.99985
vn 0.75628 0.65405 -0.01624
vn -0.96794 -0.24932 -0.03049
vn -0.66423 -0.16364 0.7294
vn -0.00626 0.02272 0.99972
vn 0.11214 0.5129 0.85109
vn 0.47751 0.38589 0.78935
vn 0.21823 0.97559 -0.02438
vn 0.7982 0.60216 -0.01704
vn -0.00644 0.02601 0.99964
vn 0.01034 0.02756 0.99957
vn 0.0088 0.03044 0.9995
vn 0.00622 0.0325 0.99945
vn -0.00259 -0.02333 -0.99972
vn -0.00405 -0.02256 -0.99974
vn 0.79814 0.60226 -0.01601
vn 0.80025 0.59945 -0.01593
vn 0.80022 0.59946 -0.01698
vn -0.00286 -0.0217 -0.99976
vn -0.0033 -0.02372 -0.99971
vn -0.9546 -0.29772 0.00964
vn -0.95462 -0.2977 0.00912
vn -0.94432 0.32897 -0.00568
vn -0.94418 0.32939 -0.00514
vn 0.21737 0.97579 -0.02403
vn -0.95461 -0.29773 0.00912
vn -0.95463 -0.29765 0.00964
vn 0.73445 0.67844 -0.01771
vn 0.73442 0.67844 -0.01884
vn 0.76105 0.64763 -0.03716
vn 0.76603 0.64038 -0.05578
vn -0.97048 -0.24087 -0.01214
vn -0.97957 -0.201 0.00684
vn -0.97956 -0.20103 0.00746
vn -0.9546 -0.29773 0.00974
vn -0.94449 0.3285 -0.00541
vn 0.21697 0.97589 -0.02375
vn 0.7982 0.60218 -0.01565
vn 0.80022 0.59951 -0.01561
vn 0.73447 0.6784 -0.01823
vn -0.97237 -0.23327 0.00907
vn -0.67265 -0.17841 -0.71813
vn -0.01156 -0.02476 -0.99963
vn 0.48427 0.43137 -0.76118
vn 0.00062 -0.01538 -0.99988
vn 0.52455 0.38552 -0.7591
vn 0.46915 0.34506 -0.81291
vn -0.59132 -0.19527 -0.78244
vn -0.64141 -0.11442 0.75862
vn -0.63246 -0.17283 0.75507
vn -0.58945 -0.15881 0.79204
vn 0.54004 0.45522 0.70791
vn 0.48717 0.46589 0.73865
vn 0.53074 0.42244 0.73475
vn -0.44181 0.17487 0.8799
vn 0.10378 0.46543 -0.87898
vn -0.4468 0.13357 -0.88461
vn 0.00014 0.01549 0.99988
vn 0.00348 0.01509 0.99988
vn 0.0067 0.016 0.99985
vn 0.00932 0.01808 0.99979
vn 0.01094 0.02102 0.99972
vn 0.01131 0.02429 0.99964
vn 0.40895 -0.7835 0.46785
vn 0.36728 -0.6978 0.61496
vn 0.44687 -0.8643 0.23086
vn 0.45008 -0.8862 -0.10992
vn 0.44986 -0.8859 -0.1132
vn 0.02573 -0.02114 0.99945
vn 0.27984 -0.26187 -0.92364
vn 0.3062 -0.23594 0.92227
vn 0.3817 -0.10031 0.91883
vn 0.39949 0.05409 0.91514
vn 0.01757 -0.0132 -0.99976
vn 0.35666 0.20342 0.91182
vn 0.01195 -0.00625 -0.99991
vn 0.26034 0.32505 0.90916
vn 0.00426 -0.00177 -0.99999
vn 0.12447 0.40092 0.90762
vn -0.00465 -0.00071 -0.99999
vn -0.02991 0.41864 0.90766
vn -0.01328 -0.00316 -0.99991
vn -0.17923 0.37595 0.90914
vn -0.02032 -0.00876 -0.99976
vn -0.30117 0.27947 0.9117
vn -0.02463 -0.01659 -0.99956
vn -0.37647 0.1438 0.9152
vn -0.02549 -0.02545 -0.99935
vn -0.39406 -0.01068 0.91902
vn -0.02312 -0.03407 -0.99915
vn -0.35166 -0.16014 0.92233
vn -0.25536 -0.28194 0.92483
vn -0.1194 -0.3574 0.92629
vn 0.03495 -0.3752 0.92628
vn 0.17995 -0.37728 -0.90845
vn 0.02692 -0.37905 -0.92498
vn 0.18439 -0.33263 0.92486
vn 0.84624 -0.28326 -0.45126
vn 0.88583 0.06177 -0.45988
vn 0.79067 0.39561 -0.46726
vn 0.57485 0.66757 -0.47317
vn 0.27102 0.83635 -0.47651
vn -0.07378 0.87637 -0.47595
vn -0.40797 0.78098 -0.4729
vn -0.67952 0.56511 -0.46787
vn -0.84824 0.2617 -0.46043
vn -0.88813 -0.08335 -0.45197
vn -0.79291 -0.41688 -0.44442
vn -0.57732 -0.68874 -0.43857
vn -0.27354 -0.8579 -0.43496
vn 0.07126 -0.89783 -0.43454
vn 0.40554 -0.80258 -0.43749
vn 0.67746 -0.58697 -0.44329
vn -0.01467 0.03343 0.99933
vn -0.01559 0.03702 0.99919
vn -0.01475 0.03717 0.9992
vn -0.01391 0.03385 0.99933
vn -0.01249 0.03057 0.99945
vn -0.00924 0.03422 0.99937
vn -0.01036 0.03533 0.99932
vn -0.0093 0.02868 0.99955
vn -0.00763 0.03354 0.99941
vn -0.00564 0.02816 0.99959
vn -0.00597 0.03347 0.99942
vn -0.00207 0.0291 0.99957
vn -0.00424 0.03371 0.99942
vn 0.00088 0.03134 0.99951
vn -0.0023 0.03427 0.99941
vn 0.00271 0.03445 0.9994
vn -0.00119 0.0356 0.99937
vn 0.00322 0.03811 0.99927
vn 0.20812 0.06285 0.97608
vn -0.00619 0.03763 0.99927
vn -0.00126 -0.03014 0.99955
vn -0.21539 0.0371 0.97582
vn -0.00619 0.03762 0.99927
vn -0.0062 0.03762 0.99927
vn -0.00623 0.0376 0.99927
vn -0.00621 0.03762 0.99927
vn -0.0062 0.03767 0.99927
vn -0.00622 0.03764 0.99927
vn 0.42236 -0.86714 0.26398
vn 0.7256 -0.63819 0.25732
vn 0.5017 -0.423 0.75456
vn 0.29066 -0.58219 0.75932
vn 0.91794 -0.31095 0.24637
vn 0.63582 -0.19501 0.7468
vn 0.97047 0.06496 0.23233
vn 0.6722 0.06687 0.73734
vn 0.87492 0.43243 0.21797
vn 0.6055 0.32254 0.72755
vn 0.64602 0.73517 0.20539
vn 0.44614 0.53346 0.7186
vn 0.3186 0.92741 0.19599
vn 0.21822 0.66734 0.71206
vn -0.05747 0.97974 0.19184
vn -0.04362 0.70362 0.70923
vn -0.42524 0.88421 0.19323
vn -0.29942 0.6371 0.71025
vn -0.72851 0.65536 0.19942
vn -0.51049 0.47801 0.71478
vn -0.92089 0.32835 0.2101
vn -0.64461 0.25016 0.72242
vn -0.97339 -0.04773 0.22413
vn -0.68107 -0.01155 0.73213
vn -0.87777 -0.41522 0.23899
vn -0.61453 -0.26723 0.74226
vn -0.64894 -0.71783 0.25218
vn -0.45531 -0.47825 0.75098
vn -0.32148 -0.91019 0.26116
vn -0.22746 -0.61232 0.75718
vn 0.05463 -0.96263 0.26526
vn 0.03455 -0.64873 0.76023
vn -0.00621 0.03767 0.99927
vn -0.00621 0.03767 0.99927
vn -0.01303 0.04303 0.99899
vn -0.00619 0.03764 0.99927
vn -0.01442 0.04022 0.99909
vn -0.00614 0.03765 0.99927
vn -0.00614 0.03766 0.99927
vn -0.00618 0.03765 0.99927
vn -0.01193 0.03121 0.99944
vn -0.00618 0.03769 0.99927
vn -0.00903 0.02949 0.99952
vn -0.0062 0.03772 0.99927
vn -0.00569 0.02902 0.99956
vn -0.00618 0.03765 0.99927
vn -0.00244 0.02988 0.99955
vn -0.00616 0.0376 0.99927
vn 0.00025 0.03192 0.99949
vn -0.00619 0.03762 0.99927
vn 0.00191 0.03477 0.99939
vn -0.00617 0.03764 0.99927
vn 0.00237 0.03816 0.99927
vn -0.00615 0.03765 0.99927
vn 0.00169 0.04115 0.99915
vn -0.00617 0.03766 0.99927
vn -2E-05 0.04379 0.99904
vn -0.00618 0.03767 0.99927
vn 0.90124 0.40487 -0.15442
vn -0.00174 -0.04143 -0.99914
vn -0.00258 -0.03813 -0.99927
vn 0.97728 0.10032 -0.18671
vn 0.00033 -0.04422 -0.99902
vn 0.66995 0.73115 -0.12878
vn 0.0033 -0.04598 -0.99894
vn 0.33369 0.93595 -0.11244
vn 0.0067 -0.04646 -0.9989
vn -0.05728 0.99253 -0.10776
vn 0.01003 -0.04559 -0.99891
vn -0.43834 0.89135 -0.11552
vn 0.01279 -0.04349 -0.99897
vn -0.74892 0.64886 -0.13454
vn 0.01451 -0.04052 -0.99907
vn -0.94071 0.29816 -0.16175
vn 0.98775 0.15575 -0.00927
vn 0.03079 -0.77681 0.62898
vn -0.00341 -0.02684 0.99963
vn 0.05407 -0.77546 0.62908
vn -0.99905 0.04009 -0.01687
vn 0.65512 0.74599 -0.11967
vn 0.89092 0.43055 -0.14453
vn 0.98035 0.1006 -0.16971
vn 0.17208 -0.98079 -0.09186
vn 0.16995 -0.98084 -0.09519
vn 0.3232 0.94058 -0.10412
vn -0.05738 0.99336 -0.09976
vn -0.42857 0.89713 -0.10715
vn -0.73593 0.66536 -0.12531
vn -0.05511 -0.99383 -0.09621
vn -0.05612 -0.99413 -0.09254
vn -0.98112 0.03383 -0.19042
vn -0.9843 0.03351 -0.17331
vn -0.93355 0.32472 -0.15178
vn 0.07124 -0.87242 0.48354
vn 0.09767 -0.96516 0.24274
vn -0.99639 0.08453 -0.00841
vn -0.99575 0.08601 -0.03299
vn 0.977 0.21326 0.00033
vn 0.01271 -0.97048 0.24084
vn 0.02601 -0.87735 0.47915
vn 0.97854 0.20464 -0.02426
vn -0.68257 0.06058 -0.72831
vn -0.63969 0.11154 -0.76049
vn -0.001 -0.03234 -0.99948
vn -0.99305 0.11724 -0.01026
vn -0.97718 0.21196 -0.01403
vn 0.01495 -0.03713 -0.9992
vn 0.66743 0.17504 -0.72381
vn 0.01432 -0.03414 -0.99931
vn 0.9563 0.29238 -0.00302
vn -0.98535 0.16258 -0.05157
vn -0.68571 0.13109 0.71597
vn -0.0153 0.04029 0.99907
vn 0.492 0.16091 0.85559
vn 0.68209 0.19635 0.70441
vn 0.97147 0.23715 -0.00379
vn 0.97291 0.23117 -0.00355
vn -0.01416 0.04306 0.99897
vn 0.00255 0.04132 0.99914
vn 0.00109 0.04395 0.99903
vn 0.97291 0.23116 -0.00252
vn 0.97142 0.23734 -0.00277
vn -0.99229 0.12345 -0.01131
vn -0.99231 0.12337 -0.01042
vn -0.99305 0.11722 -0.01021
vn -0.99305 0.11715 -0.01109
vn 0.9462 0.32354 -0.00576
vn 0.94618 0.32357 -0.00722
vn 0.95844 0.28427 -0.02423
vn 0.9604 0.27526 -0.0433
vn -0.98461 0.17159 -0.03311
vn -0.97717 0.21195 -0.01479
vn -0.97717 0.21197 -0.01463
vn -0.99231 0.12336 -0.01047
vn 0.97145 0.23724 -0.0023
vn 0.9729 0.23122 -0.00209
vn 0.94624 0.32341 -0.00593
vn -0.98366 0.17968 -0.01167
vn -0.67485 0.09637 -0.73164
vn -0.0023 -0.03512 -0.99938
vn 0.6301 0.18534 -0.75408
vn 0.01275 -0.03155 -0.99942
vn 0.68799 0.14247 -0.7116
vn 0.49727 0.09512 -0.86237
vn -0.64538 0.16727 0.74532
vn -0.68624 0.1144 0.71832
vn -0.50606 0.10173 0.85648
vn 0.66521 0.21028 0.71644
vn 0.62082 0.2421 0.74563
vn -0.49634 0.03701 -0.86734
vn 0.04865 -0.87366 0.48409
vn 0.04251 -0.77621 0.62904
vn 0.05503 -0.96714 0.24823
vn 0.05535 -0.99423 -0.09188
vn 0.05533 -0.99393 -0.09513
vn -0.00329 -0.01265 0.99991
vn 0.16692 -0.36832 -0.91459
vn 0.02902 -0.0363 -0.99892
vn 0.02669 -0.02767 -0.99926
vn 0.02147 -0.02049 -0.99956
vn 0.01376 -0.01592 -0.99978
vn 0.00486 -0.01467 -0.99988
vn -0.00383 -0.01694 -0.99985
vn -0.01095 -0.02236 -0.99969
vn -0.01533 -0.03012 -0.99943
vn -0.01663 -0.03896 -0.9991
vn 0.02863 -0.43327 -0.90081
vn -0.11173 -0.37341 -0.92091
vn 0.66762 -0.60873 -0.42864
vn 0.84347 -0.30926 -0.43922
vn 0.89143 0.03434 -0.45186
vn 0.80416 0.37009 -0.46515
vn 0.59472 0.64726 -0.47683
vn 0.29542 0.82293 -0.48529
vn -0.04869 0.87059 -0.48959
vn -0.38432 0.78318 -0.4888
vn -0.66135 0.57417 -0.48264
vn -0.83756 0.2749 -0.47216
vn -0.88546 -0.06861 -0.45963
vn -0.79831 -0.40423 -0.44643
vn -0.58908 -0.68168 -0.43394
vn -0.28985 -0.85749 -0.42509
vn 0.05443 -0.90522 -0.42145
vn 0.39026 -0.81807 -0.42245
vn -0.00652 -0.01594 0.99985
vn -0.00457 -0.01299 0.99991
vn -0.00415 -0.01328 0.9999
vn -0.00604 -0.0161 0.99985
vn -0.00717 -0.01934 0.99979
vn -0.00272 -0.0193 0.99981
vn -0.00249 -0.01773 0.99984
vn -0.00647 -0.02281 0.99972
vn -0.00233 -0.02107 0.99978
vn -0.00449 -0.02574 0.99966
vn -0.00137 -0.02259 0.99974
vn -0.00154 -0.02768 0.99962
vn 0.0001 -0.02367 0.99972
vn 0.00194 -0.02834 0.9996
vn 0.00194 -0.02415 0.99971
vn 0.00533 -0.02766 0.9996
vn 0.00354 -0.02385 0.99971
vn 0.00826 -0.02566 0.99964
vn 0.16451 -0.16019 0.97328
vn 0.00188 -0.01927 0.99981
vn -0.04516 -0.06825 0.99665
vn -0.13853 0.13767 0.98074
vn 0.00189 -0.01931 0.99981
vn 0.00188 -0.01929 0.99981
vn 0.00187 -0.01926 0.99981
vn 0.00189 -0.01928 0.99981
vn 0.00191 -0.01926 0.99981
vn 0.00189 -0.01926 0.99981
vn -0.3771 -0.92534 -0.03922
vn 0.00604 -0.99911 -0.0417
vn 0.00616 -0.89981 0.43623
vn -0.33532 -0.834 0.43818
vn 0.38809 -0.92071 -0.04098
vn 0.34678 -0.8299 0.43704
vn 0.71112 -0.70208 -0.03721
vn 0.63474 -0.635 0.44032
vn 0.92589 -0.37653 -0.03103
vn 0.82591 -0.34436 0.44641
vn 0.9997 0.00638 -0.02373
vn 0.89139 -0.00326 0.45322
vn 0.92132 0.38845 -0.01643
vn 0.82184 0.33712 0.45928
vn 0.70279 0.71134 -0.00944
vn 0.62692 0.62496 0.46518
vn 0.3768 0.92628 -0.00418
vn 0.337 0.81597 0.46971
vn -0.00606 0.99998 -0.00288
vn -0.00474 0.88195 0.47132
vn -0.38803 0.92164 -0.00418
vn -0.34496 0.81227 0.47034
vn -0.71123 0.70293 -0.00709
vn -0.63294 0.61741 0.46711
vn -0.92599 0.37734 -0.01241
vn -0.82437 0.32707 0.462
vn -0.99979 -0.00537 -0.01958
vn -0.8901 -0.01432 0.45554
vn -0.92148 -0.38745 -0.02735
vn -0.8201 -0.35483 0.44891
vn -0.70295 -0.71042 -0.03418
vn -0.62523 -0.64256 0.44295
vn 0.0019 -0.01926 0.99981
vn 0.00194 -0.01926 0.99981
vn 0.90747 -0.39091 -0.1539
vn -0.01004 0.02262 -0.99969
vn -0.00813 0.02546 -0.99964
vn 0.73308 -0.64921 -0.20276
vn -0.01071 0.01922 -0.99976
vn 0.99423 -0.00249 -0.10725
vn -0.01003 0.01584 -0.99982
vn 0.92084 0.38294 -0.0736
vn -0.00811 0.01299 -0.99988
vn 0.70085 0.71098 -0.0576
vn -0.00523 0.0111 -0.99992
vn 0.37088 0.92661 -0.06204
vn -0.00184 0.01046 -0.99994
vn -0.01674 0.99614 -0.08614
vn 0.00154 0.01118 -0.99994
vn -0.40506 0.90551 -0.12638
vn 0.77727 -0.62875 -0.02287
vn -0.56998 -0.5728 0.58909
vn -0.04413 -0.06444 0.99695
vn -0.55332 -0.58917 0.58882
vn -0.63891 0.76923 0.00825
vn 0.99511 0.01787 -0.0971
vn 0.91942 -0.36655 -0.14252
vn 0.73503 -0.65206 -0.18588
vn -0.6109 -0.77856 -0.14366
vn -0.6123 -0.77685 -0.14697
vn 0.91712 0.39331 -0.06484
vn 0.70123 0.71121 -0.04955
vn 0.38145 0.92284 -0.0536
vn 0.00394 0.99707 -0.07643
vn -0.77258 -0.61846 -0.14366
vn -0.77353 -0.61811 -0.13994
vn -0.62763 0.76038 -0.16703
vn -0.6305 0.76156 -0.14997
vn -0.38075 0.91746 -0.11529
vn -0.61062 -0.65952 0.43838
vn -0.65659 -0.72932 0.19229
vn -0.60441 0.79649 0.01698
vn -0.60227 0.79826 -0.00736
vn 0.81257 -0.58277 -0.0107
vn -0.7172 -0.66964 0.1929
vn -0.64456 -0.6291 0.43449
vn 0.80774 -0.58846 -0.03554
vn -0.38362 0.56206 -0.73275
vn -0.32892 0.58693 -0.73981
vn -0.00264 0.02817 -0.9996
vn -0.58064 0.81398 0.01709
vn -0.49653 0.86785 0.017
vn 0.00436 0.01312 -0.9999
vn 0.59295 -0.34311 -0.72848
vn 0.00615 0.01558 -0.99986
vn 0.85748 -0.51443 -0.00965
vn -0.53799 0.84268 -0.0215
vn -0.37757 0.56134 0.73644
vn -0.0018 -0.01099 0.99994
vn 0.50506 0.03234 0.86248
vn 0.49955 -0.35318 0.79102
vn 0.99533 0.09653 -0.00034
vn 0.82127 -0.5704 -0.01261
vn 0.00128 -0.00978 0.99995
vn 0.01024 -0.02287 0.99969
vn 0.00798 -0.02525 0.99965
vn -0.00157 0.01913 -0.99982
vn -0.00128 0.0208 -0.99978
vn 0.82132 -0.57033 -0.01259
vn 0.81932 -0.5732 -0.01261
vn 0.81935 -0.57316 -0.01268
vn -7E-05 0.01997 -0.9998
vn -0.00209 0.01976 -0.9998
vn -0.58068 0.81397 0.01623
vn -0.58065 0.81399 0.01618
vn 0.01808 0.99966 0.01875
vn 0.01848 0.99964 0.01923
vn 0.99525 0.09739 -0.00028
vn -0.58069 0.81396 0.01618
vn -0.58064 0.814 0.01624
vn 0.87382 -0.48615 -0.01019
vn 0.87387 -0.48602 -0.01197
vn 0.85333 -0.52045 -0.03099
vn 0.84836 -0.52699 -0.05062
vn -0.5312 0.84724 -0.00339
vn -0.49653 0.86785 0.01696
vn -0.49655 0.86783 0.01751
vn -0.58069 0.81394 0.01709
vn 0.01799 0.99965 0.01915
vn 0.99517 0.09816 -0.00026
vn 0.82127 -0.5704 -0.01236
vn 0.81934 -0.57317 -0.01242
vn 0.87375 -0.48626 -0.0108
vn -0.52495 0.85094 0.01794
vn -0.36418 0.60132 -0.71119
vn -0.00569 0.02728 -0.99961
vn 0.576 -0.30694 -0.75764
vn 0.00701 0.01863 -0.9998
vn 0.54689 -0.36073 -0.7555
vn 0.49398 -0.32057 -0.80822
vn -0.35371 0.5206 -0.77709
vn -0.32414 0.55419 0.76669
vn -0.37823 0.52974 0.75916
vn -0.35129 0.49103 0.79717
vn 0.58598 -0.38855 0.7111
vn 0.58001 -0.33635 0.74193
vn 0.0114 -0.01978 0.99974
vn 0.55265 -0.39147 0.73575
vn 0.00941 0.45179 0.89208
vn 0.4952 0.06658 -0.86622
vn 0.00696 0.48654 -0.87363
vn -0.00667 -0.01932 0.99979
vn -0.00601 -0.02261 0.99973
vn -0.00414 -0.02538 0.99967
vn -0.00134 -0.02722 0.99963
vn 0.00195 -0.02784 0.99961
vn 0.00517 -0.02718 0.99962
vn -0.62673 -0.64365 0.43923
vn -0.56168 -0.58111 0.58893
vn -0.68661 -0.69922 0.19914
vn -0.69906 -0.70087 -0.14177
vn -0.69877 -0.70049 -0.14504
vn -0.03352 -0.05509 0.99792
vn -0.14164 -0.325 -0.93505
vn -0.14847 -0.38658 0.91023
vn 0.00408 -0.41592 0.90939
vn 0.15632 -0.38469 0.90971
vn 0.01437 0.00321 -0.99989
vn 0.28505 -0.29752 0.91117
vn 0.01922 0.01072 -0.99976
vn 0.37061 -0.168 0.91347
vn 0.02107 0.01941 -0.99959
vn 0.40003 -0.01535 0.91637
vn 0.0193 0.0282 -0.99942
vn 0.36863 0.13685 0.91945
vn 0.01428 0.03564 -0.99926
vn 0.28156 0.26544 0.9221
vn 0.00678 0.04058 -0.99915
vn 0.15195 0.35125 0.92387
vn -0.00202 0.04223 -0.99911
vn -0.00043 0.38059 0.92474
vn -0.01071 0.04028 -0.99913
vn -0.15284 0.34905 0.92456
vn -0.01815 0.03533 -0.99921
vn -0.28163 0.26216 0.92302
vn -0.36729 0.1326 0.92061
vn -0.39662 -0.02004 0.91776
vn -0.36549 -0.17228 0.91473
vn -0.28272 -0.26641 -0.92146
vn -0.33187 -0.12133 -0.93549
vn -0.27838 -0.30099 0.91209
vn 0.00455 -0.88116 -0.4728
vn 0.34474 -0.81123 -0.47229
vn 0.63225 -0.61672 -0.46895
vn 0.82339 -0.32689 -0.46386
vn 0.88916 0.01433 -0.45737
vn 0.81954 0.35439 -0.4503
vn 0.62478 0.64206 -0.4443
vn 0.3349 0.83282 -0.44074
vn -0.00598 0.89835 -0.43925
vn -0.3464 0.82861 -0.43978
vn -0.63369 0.63415 -0.44305
vn -0.825 0.34461 -0.44792
vn -0.89113 0.00313 -0.45373
vn -0.82134 -0.33689 -0.46033
vn -0.62634 -0.62462 -0.46643
vn -0.33662 -0.81558 -0.47065
vn -0.0173 -0.064 0.9978
vn -0.01751 -0.06753 0.99756
vn -0.01802 -0.0675 0.99756
vn -0.0178 -0.06411 0.99778
vn -0.01845 -0.06075 0.99798
vn -0.02223 -0.06302 0.99776
vn -0.02159 -0.06446 0.99769
vn -0.0208 -0.0581 0.99809
vn -0.02352 -0.06171 0.99782
vn -0.02398 -0.05655 0.99811
vn -0.02508 -0.06086 0.99783
vn -0.0275 -0.05635 0.99803
vn -0.02688 -0.0607 0.99779
vn -0.03084 -0.05752 0.99787
vn -0.02871 -0.06118 0.99771
vn -0.03343 -0.05981 0.99765
vn -0.02996 -0.0622 0.99761
vn -0.03496 -0.06299 0.9974
vn -0.23769 -0.02283 0.97107
vn -0.02625 -0.06534 0.99752
vn -0.01013 0.00064 0.99995
vn 0.17393 -0.1287 0.97631
vn -0.02627 -0.06531 0.99752
vn -0.02626 -0.06532 0.99752
vn -0.02622 -0.06534 0.99752
vn -0.02625 -0.06534 0.99752
vn -0.02625 -0.06534 0.99752
vn -0.02624 -0.06533 0.99752
vn -0.13824 0.98963 0.03901
vn -0.50659 0.86194 0.02065
vn -0.46386 0.73767 0.49058
vn -0.13568 0.85147 0.50656
vn -0.79751 0.60329 -0.00406
vn -0.72314 0.50703 0.46903
vn -0.96693 0.25309 -0.03151
vn -0.87431 0.19481 0.44456
vn -0.98913 -0.13544 -0.05726
vn -0.89378 -0.15184 0.42203
vn -0.86072 -0.50314 -0.0775
vn -0.77914 -0.47928 0.40402
vn -0.60106 -0.79415 -0.08978
vn -0.54804 -0.73863 0.39253
vn -0.25008 -0.96389 -0.09151
vn -0.23494 -0.88993 0.39094
vn 0.13962 -0.98677 -0.08245
vn 0.11161 -0.91009 0.39911
vn 0.50768 -0.85907 -0.06527
vn 0.44011 -0.79642 0.41475
vn 0.7985 -0.6006 -0.04112
vn 0.69945 -0.56616 0.43616
vn 0.96808 -0.25029 -0.01291
vn 0.8504 -0.25402 0.46075
vn 0.99029 0.1383 0.01378
vn 0.87 0.0924 0.48432
vn 0.86196 0.5058 0.03449
vn 0.75543 0.42024 0.50272
vn 0.60226 0.79693 0.04668
vn 0.52417 0.67948 0.51337
vn 0.25118 0.96673 0.04832
vn 0.21126 0.83086 0.51482
vn -0.02625 -0.06535 0.99752
vn -0.02628 -0.06537 0.99751
vn -0.97862 -0.10388 -0.17751
vn 0.03497 0.06651 -0.99717
vn 0.03475 0.0631 -0.9974
vn -0.95686 0.21006 -0.20073
vn 0.03385 0.06978 -0.99699
vn -0.85926 -0.48586 -0.16003
vn 0.03156 0.07236 -0.99688
vn -0.60256 -0.78448 -0.14668
vn 0.02847 0.07386 -0.99686
vn -0.24788 -0.9587 -0.13944
vn 0.02503 0.07406 -0.99694
vn 0.14584 -0.9794 -0.13966
vn 0.02178 0.07292 -0.9971
vn 0.51623 -0.84369 -0.1473
vn 0.01922 0.07061 -0.99732
vn 0.80693 -0.5683 -0.16094
vn -0.98752 0.15544 -0.02517
vn 0.19622 0.73108 0.65347
vn -0.00907 -0.00303 0.99995
vn 0.17362 0.73696 0.65326
vn 0.93868 -0.34471 -0.00748
vn -0.84991 -0.50475 -0.15127
vn -0.97688 -0.13176 -0.16838
vn -0.96024 0.21012 -0.18383
vn 0.13909 0.98835 -0.06174
vn 0.14123 0.98784 -0.06507
vn -0.59418 -0.79233 -0.13842
vn -0.2482 -0.95975 -0.13147
vn 0.1346 -0.98212 -0.1316
vn 0.4986 -0.85565 -0.13878
vn 0.3595 0.93101 -0.06313
vn 0.36048 0.93087 -0.05941
vn 0.92707 -0.32857 -0.18048
vn 0.92989 -0.32956 -0.16338
vn 0.79175 -0.59166 -0.15192
vn 0.19003 0.83837 0.5109
vn 0.19828 0.94118 0.27361
vn 0.92236 -0.38634 0.00019
vn 0.9218 -0.38688 -0.02484
vn -0.99506 0.09766 -0.01792
vn 0.28079 0.92015 0.27292
vn 0.23471 0.82936 0.50703
vn -0.99339 0.10683 -0.04207
vn 0.62309 -0.23267 -0.74674
vn 0.59017 -0.28177 -0.75651
vn 0.03136 0.05801 -0.99782
vn 0.91064 -0.41318 -0.00295
vn 0.86497 -0.50172 -0.00979
vn 0.01775 0.06752 -0.99756
vn -0.67425 0.05852 -0.73618
vn 0.01744 0.0645 -0.99777
vn -0.9996 0.016 -0.02346
vn 0.88873 -0.45611 -0.046
vn 0.59814 -0.35549 0.71823
vn -0.01889 -0.07065 0.99732
vn -0.43157 -0.34967 0.83155
vn -0.62018 -0.00932 0.78441
vn -0.81214 -0.58037 -0.06002
vn -0.99636 0.08255 -0.0212
vn -0.02095 -0.07322 0.9971
vn -0.03527 -0.06638 0.99717
vn -0.03451 -0.06321 0.9974
vn 0.02589 0.06525 -0.99753
vn 0.0265 0.06369 -0.99762
vn -0.99638 0.08241 -0.02069
vn -0.99609 0.0859 -0.02042
vn -0.99608 0.08589 -0.02098
vn 0.02502 0.06382 -0.99765
vn 0.02665 0.06499 -0.99753
vn 0.91068 -0.4131 -0.00311
vn 0.91068 -0.41311 -0.00366
vn 0.4862 -0.8727 -0.04479
vn 0.48564 -0.87302 -0.04461
vn -0.81156 -0.5812 -0.05978
vn 0.91069 -0.41307 -0.00367
vn 0.91066 -0.41314 -0.00313
vn -0.99951 -0.0166 -0.02667
vn -0.99946 -0.01652 -0.02824
vn -0.99871 0.02498 -0.04429
vn -0.99743 0.03465 -0.06277
vn 0.88488 -0.46499 -0.02788
vn 0.86499 -0.50167 -0.01088
vn 0.86497 -0.50171 -0.01068
vn 0.91067 -0.41312 -0.00297
vn 0.48672 -0.87245 -0.04403
vn -0.81122 -0.58174 -0.05913
vn -0.99638 0.0825 -0.02035
vn -0.99611 0.08585 -0.02013
vn -0.9995 -0.01656 -0.02701
vn 0.88103 -0.47301 -0.00644
vn 0.62731 -0.27885 -0.72713
vn 0.03356 0.06031 -0.99762
vn -0.64061 0.03817 -0.76692
vn 0.01823 0.06144 -0.99794
vn -0.64139 0.09893 -0.76081
vn -0.57469 0.09502 -0.81284
vn 0.57842 -0.20895 -0.78853
vn 0.54763 -0.37827 0.74633
vn 0.58177 -0.32944 0.74365
vn 0.53899 -0.31281 0.78207
vn -0.71215 -0.01534 0.70186
vn -0.68073 -0.05994 0.73007
vn -0.03472 -0.06963 0.99697
vn -0.68513 0.00174 0.72842
vn 0.20578 -0.46652 0.86024
vn -0.38216 -0.23542 -0.8936
vn 0.25202 -0.35268 -0.90117
vn -0.01887 -0.06101 0.99796
vn -0.02109 -0.0585 0.99806
vn -0.0241 -0.05704 0.99808
vn -0.02744 -0.05685 0.99801
vn -0.0306 -0.05795 0.99785
vn -0.03305 -0.06014 0.99764
vn 0.2119 0.83266 0.51164
vn 0.18485 0.7341 0.6534
vn 0.23932 0.92977 0.27973
vn 0.25439 0.96524 -0.06
vn 0.25439 0.96503 -0.06329
vn -0.0136 -0.01663 0.99977
vn -0.02691 0.42698 -0.90386
vn -0.07943 0.33395 0.93924
vn -0.22614 0.283 0.93208
vn -0.34193 0.17987 0.92235
vn 0.00413 0.07107 -0.99746
vn -0.40939 0.04025 0.91147
vn 0.0037 0.06216 -0.99806
vn -0.4184 -0.11437 0.90103
vn 0.00646 0.05372 -0.99853
vn -0.36727 -0.26107 0.89272
vn 0.01241 0.04701 -0.99882
vn -0.26374 -0.3768 0.88795
vn 0.02048 0.04309 -0.99886
vn -0.12392 -0.44446 0.88719
vn 0.02945 0.04257 -0.99866
vn 0.03126 -0.45383 0.89054
vn 0.03789 0.04554 -0.99824
vn 0.17777 -0.40299 0.89777
vn 0.04443 0.05157 -0.99768
vn 0.29376 -0.29972 0.90767
vn 0.04837 0.05955 -0.99705
vn 0.36149 -0.16014 0.91852
vn 0.37043 -0.00538 0.92884
vn 0.31919 0.14115 0.93712
vn 0.21577 0.25714 0.94198
vn 0.12423 0.44572 -0.88651
vn 0.23986 0.34626 -0.90696
vn 0.07579 0.32482 0.94274
vn -0.43953 0.79609 -0.416
vn -0.69859 0.56569 -0.43814
vn -0.84943 0.25382 -0.46265
vn -0.86906 -0.09197 -0.48608
vn -0.75461 -0.4196 -0.50448
vn -0.52376 -0.67851 -0.51507
vn -0.21087 -0.82968 -0.51688
vn 0.1354 -0.84977 -0.50948
vn 0.463 -0.73616 -0.49366
vn 0.72228 -0.50594 -0.47153
vn 0.87317 -0.19427 -0.44702
vn 0.893 0.15139 -0.42383
vn 0.77866 0.47933 -0.40487
vn 0.54778 0.73824 -0.39363
vn 0.2349 0.88954 -0.39185
vn -0.1116 0.90984 -0.39966
vn 0.0586 0.03762 0.99757
vn 0.06198 0.03663 0.99741
vn 0.06183 0.03613 0.99743
vn 0.05859 0.03711 0.99759
vn 0.05516 0.03724 0.99778
vn 0.05638 0.03308 0.99786
vn 0.05803 0.03331 0.99776
vn 0.05206 0.03554 0.99801
vn 0.05478 0.03221 0.99798
vn 0.04985 0.03279 0.99822
vn 0.0537 0.03083 0.99808
vn 0.04887 0.0294 0.99837
vn 0.05325 0.02905 0.99816
vn 0.04928 0.02588 0.99845
vn 0.05342 0.02717 0.9982
vn 0.05093 0.02285 0.99844
vn 0.05412 0.02575 0.9982
vn 0.05369 0.02064 0.99834
vn -0.03026 -0.169 0.98515
vn 0.05791 0.02861 0.99791
vn -0.00288 0.05901 0.99825
vn 0.16365 0.20743 0.96447
vn 0.05788 0.02859 0.99791
vn 0.05789 0.0286 0.99791
vn 0.05792 0.02862 0.99791
vn 0.05791 0.0286 0.99791
vn 0.05793 0.0286 0.99791
vn 0.05792 0.02861 0.99791
vn -0.9957 0.08654 0.03308
vn -0.9526 -0.30137 0.0416
vn -0.82193 -0.25479 0.50942
vn -0.86025 0.09065 0.50175
vn -0.76477 -0.64303 0.04046
vn -0.65446 -0.55947 0.50861
vn -0.46068 -0.88707 0.02971
vn -0.38337 -0.77714 0.49907
vn -0.08675 -0.99617 0.01133
vn -0.04952 -0.8741 0.48322
vn 0.30042 -0.95373 -0.01206
vn 0.29503 -0.83612 0.46245
vn 0.64158 -0.76615 -0.03721
vn 0.59906 -0.6693 0.43951
vn 0.88465 -0.46242 -0.0597
vn 0.81599 -0.39799 0.41923
vn 0.99321 -0.08768 -0.07643
vn 0.91228 -0.06472 0.40443
vn 0.95004 0.30003 -0.08605
vn 0.87409 0.28075 0.39641
vn 0.76239 0.64144 -0.08554
vn 0.70683 0.5856 0.39681
vn 0.45823 0.88576 -0.0739
vn 0.43586 0.80307 0.40632
vn 0.08413 0.99494 -0.05495
vn 0.10226 0.90012 0.42348
vn -0.30264 0.95259 -0.03115
vn -0.24268 0.86231 0.44444
vn -0.64383 0.76515 -0.00593
vn -0.54687 0.6952 0.4665
vn -0.88726 0.46098 0.01631
vn -0.7635 0.42426 0.48691
vn 0.05794 0.0286 0.99791
vn 0.05791 0.02859 0.99791
vn -0.11517 -0.98725 -0.10992
vn -0.05712 -0.01984 -0.99817
vn -0.05384 -0.02082 -0.99833
vn -0.4163 -0.8985 -0.13927
vn -0.06057 -0.02019 -0.99796
vn 0.28392 -0.95417 -0.09464
vn -0.06359 -0.02184 -0.99774
vn 0.63188 -0.76935 -0.09397
vn -0.06573 -0.02452 -0.99754
vn 0.88011 -0.46233 -0.10794
vn -0.06669 -0.02782 -0.99739
vn 0.9874 -0.08378 -0.13427
vn -0.0663 -0.03125 -0.99731
vn 0.93699 0.3059 -0.16875
vn -0.06461 -0.03426 -0.99732
vn 0.73277 0.64854 -0.206
vn -0.3703 -0.92814 0.03781
vn -0.66948 0.39706 0.62781
vn 0.0011 0.05915 0.99825
vn -0.68015 0.37638 0.62908
vn 0.54387 0.83654 -0.06647
vn 0.30442 -0.94863 -0.08622
vn -0.08759 -0.99107 -0.10052
vn -0.41717 -0.90057 -0.12227
vn -0.93308 0.34926 -0.08592
vn -0.93212 0.35095 -0.08939
vn 0.64139 -0.76236 -0.08617
vn 0.88106 -0.46233 -0.09992
vn 0.98757 -0.09474 -0.12538
vn 0.94477 0.28668 -0.15883
vn -0.82844 0.55085 -0.10123
vn -0.82812 0.552 -0.09753
vn 0.52552 0.81706 -0.23716
vn 0.52712 0.82075 -0.22027
vn 0.7522 0.62924 -0.1956
vn -0.77563 0.40506 0.48408
vn -0.87417 0.41949 0.24466
vn 0.58079 0.81211 -0.05616
vn 0.58127 0.80971 -0.08058
vn -0.31527 -0.94779 0.04799
vn -0.83529 0.4949 0.23951
vn -0.75707 0.44623 0.4772
vn -0.32385 -0.94582 0.02323
vn 0.3653 0.50424 -0.7825
vn 0.40413 0.45871 -0.79137
vn -0.04963 -0.02526 -0.99845
vn 0.60437 0.79461 -0.05764
vn 0.68059 0.73015 -0.06061
vn -0.06192 -0.03639 -0.99742
vn -0.20638 -0.69303 -0.69074
vn -0.05905 -0.03738 -0.99756
vn -0.23668 -0.97061 0.04363
vn 0.64143 0.76079 -0.09882
vn 0.47864 0.55242 0.68245
vn 0.06471 0.03458 0.99731
vn 0.2474 -0.44333 0.86154
vn -0.12894 -0.55433 0.82225
vn 0.38755 -0.92184 0.00326
vn -0.30091 -0.95262 0.04428
vn 0.06677 0.03198 0.99726
vn 0.05694 0.01957 0.99819
vn 0.05401 0.02103 0.99832
vn -0.05796 -0.02894 -0.9979
vn -0.05631 -0.02873 -0.998
vn -0.30078 -0.95266 0.04452
vn -0.30413 -0.95158 0.04472
vn -0.30412 -0.95159 0.04451
vn -0.05673 -0.03011 -0.99794
vn -0.05751 -0.02823 -0.99795
vn 0.6043 0.79466 -0.05776
vn 0.6043 0.79461 -0.05847
vn 0.95859 0.27749 -0.06411
vn 0.95875 0.27703 -0.06369
vn 0.38856 -0.92141 0.00388
vn 0.60427 0.79463 -0.05848
vn 0.60435 0.79462 -0.05779
vn -0.20487 -0.97794 0.04073
vn -0.20487 -0.978 0.03924
vn -0.24514 -0.96922 0.02263
vn -0.25434 -0.96711 0.00292
vn 0.64922 0.75641 -0.07979
vn 0.68059 0.73013 -0.06098
vn 0.68059 0.73012 -0.06098
vn 0.60431 0.79466 -0.05764
vn 0.95846 0.27805 -0.06354
vn 0.38901 -0.92122 0.00431
vn -0.30083 -0.95257 0.04585
vn -0.30406 -0.95155 0.04588
vn -0.20509 -0.97794 0.03961
vn 0.65617 0.75233 -0.05861
vn 0.41014 0.49817 -0.76394
vn -0.05139 -0.02261 -0.99842
vn -0.17898 -0.667 -0.72324
vn -0.05588 -0.0373 -0.99774
vn -0.23964 -0.65848 -0.71342
vn -0.22068 -0.59682 -0.77143
vn 0.33132 0.46189 -0.82273
vn 0.48919 0.49974 0.71481
vn 0.44983 0.54449 0.70794
vn 0.42385 0.50877 0.74934
vn -0.14286 -0.6487 0.74752
vn -0.09235 -0.62661 0.77384
vn 0.06024 0.01937 0.998
vn -0.15352 -0.61727 0.77163
vn 0.50136 0.1559 0.85108
vn 0.14569 -0.48496 -0.86232
vn 0.40057 0.10593 -0.91012
vn 0.05533 0.03676 0.99779
vn 0.05238 0.03517 0.99801
vn 0.05029 0.03256 0.9982
vn 0.04937 0.02935 0.99835
vn 0.04975 0.02602 0.99842
vn 0.05134 0.02314 0.99841
vn -0.76527 0.42514 0.48334
vn -0.67489 0.38669 0.62849
vn -0.85388 0.45725 0.24862
vn -0.88506 0.45638 -0.09157
vn -0.88486 0.4561 -0.09487
vn 0.01322 0.0518 0.99857
vn -0.42232 0.00587 -0.90643
vn -0.34302 0.06093 0.93735
vn -0.32599 -0.09342 0.94075
vn -0.25102 -0.22959 0.94036
vn -0.06838 -0.04887 -0.99646
vn -0.12981 -0.32671 0.93617
vn -0.0598 -0.05128 -0.99689
vn 0.01895 -0.37035 0.9287
vn -0.05096 -0.05048 -0.99742
vn 0.17329 -0.35344 0.91927
vn -0.0431 -0.04621 -0.998
vn 0.3091 -0.27861 0.9093
vn -0.03749 -0.03922 -0.99853
vn 0.40595 -0.15765 0.9002
vn -0.035 -0.0306 -0.99892
vn 0.44933 -0.0085 0.89332
vn -0.03603 -0.0217 -0.99912
vn 0.43213 0.14576 0.88995
vn -0.04047 -0.01397 -0.99908
vn 0.35721 0.28204 0.89042
vn -0.04738 -0.00833 -0.99884
vn 0.23618 0.37958 0.8945
vn 0.08723 0.42311 0.90187
vn -0.06711 0.40612 0.91135
vn -0.20306 0.33148 0.92135
vn -0.40719 0.15831 -0.89952
vn -0.28458 0.24748 -0.92616
vn -0.29988 0.21019 0.93053
vn -0.87356 -0.28044 -0.3978
vn -0.70619 -0.58499 -0.39886
vn -0.43556 -0.80228 -0.40821
vn -0.10249 -0.89936 -0.42502
vn 0.24221 -0.86147 -0.44633
vn 0.54584 -0.69471 -0.46843
vn 0.76258 -0.42382 -0.48872
vn 0.85863 -0.09074 -0.5045
vn 0.8203 0.25407 -0.51239
vn 0.65317 0.5588 -0.51099
vn 0.38263 0.77604 -0.50135
vn 0.04986 0.87318 -0.48485
vn -0.29523 0.83552 -0.46341
vn -0.59879 0.66861 -0.44091
vn -0.81542 0.39784 -0.42048
vn -0.91194 0.06478 -0.40517
vn -0.05036 -0.05185 0.99738
vn -0.05005 -0.05538 0.99721
vn -0.05056 -0.05542 0.99718
vn -0.05083 -0.05203 0.99735
vn -0.05196 -0.0488 0.99746
vn -0.05527 -0.05144 0.99715
vn -0.0545 -0.05291 0.99711
vn -0.05467 -0.04652 0.99742
vn -0.05665 -0.05021 0.99713
vn -0.05804 -0.04544 0.99728
vn -0.0584 -0.04972 0.99705
vn -0.06155 -0.04576 0.99705
vn -0.06027 -0.04989 0.99693
vn -0.06468 -0.0474 0.99678
vn -0.06202 -0.05068 0.99679
vn -0.06689 -0.05003 0.9965
vn -0.06307 -0.05192 0.99666
vn -0.06794 -0.05341 0.99626
vn -0.2723 -0.04328 0.96124
vn -0.05899 -0.05445 0.99677
vn -0.05264 0.01318 0.99853
vn 0.14936 -0.08876 0.98479
vn -0.05903 -0.05446 0.99677
vn -0.05901 -0.05445 0.99677
vn -0.05897 -0.05446 0.99677
vn -0.059 -0.05446 0.99677
vn -0.059 -0.05448 0.99677
vn -0.05898 -0.05447 0.99677
vn -0.2806 0.95973 0.01379
vn -0.62564 0.77993 -0.01665
vn -0.58543 0.6696 0.45706
vn -0.27799 0.82984 0.48382
vn -0.87499 0.48178 -0.04782
vn -0.80772 0.40379 0.42958
vn -0.99106 0.1103 -0.07509
vn -0.91129 0.07272 0.4053
vn -0.95611 -0.27744 -0.09425
vn -0.87974 -0.27351 0.38891
vn -0.77536 -0.62327 -0.10176
vn -0.7186 -0.58104 0.3821
vn -0.47641 -0.87376 -0.09781
vn -0.4524 -0.80443 0.38501
vn -0.10488 -0.99108 -0.08223
vn -0.12103 -0.90903 0.39877
vn 0.28335 -0.95732 -0.05692
vn 0.2241 -0.87879 0.42131
vn 0.62815 -0.77761 -0.02752
vn 0.53192 -0.71867 0.44786
vn 0.87752 -0.47954 0.00283
vn 0.7544 -0.45306 0.475
vn 0.99367 -0.10802 0.03073
vn 0.85765 -0.12213 0.49953
vn 0.95867 0.28001 0.05051
vn 0.82629 0.22387 0.51685
vn 0.77803 0.62547 0.05879
vn 0.66533 0.53204 0.52371
vn 0.47909 0.87606 0.05461
vn 0.39876 0.75531 0.52009
vn 0.10753 0.99345 0.03866
vn 0.0675 0.85972 0.50629
vn -0.05898 -0.05454 0.99677
vn -0.059 -0.05447 0.99677
vn -0.94513 -0.24641 -0.21452
vn 0.06743 0.05689 -0.9961
vn 0.06772 0.05348 -0.99627
vn -0.96767 0.06697 -0.24316
vn 0.06585 0.05998 -0.99603
vn -0.77281 -0.60722 -0.18453
vn 0.06321 0.0622 -0.99606
vn -0.4766 -0.86536 -0.15493
vn 0.05994 0.06324 -0.9962
vn -0.10145 -0.9863 -0.13008
vn 0.05651 0.06293 -0.99642
vn 0.29091 -0.94991 -0.11418
vn 0.05347 0.06134 -0.99668
vn 0.63801 -0.76218 -0.10964
vn 0.05128 0.05868 -0.99696
vn 0.88627 -0.44812 -0.11708
vn -0.99766 0.01089 -0.06743
vn 0.06108 0.76071 0.64621
vn -0.05108 0.0097 0.99865
vn 0.03793 0.7631 0.64516
vn 0.97789 -0.20558 0.03841
vn -0.76119 -0.62447 -0.17501
vn -0.93979 -0.27363 -0.20475
vn -0.97174 0.06686 -0.22637
vn -0.00169 0.99712 -0.07584
vn 0.00059 0.99687 -0.07906
vn -0.46754 -0.8718 -0.14618
vn -0.10196 -0.98727 -0.12209
vn 0.27982 -0.95413 -0.10645
vn 0.62198 -0.77642 -0.10153
vn 0.22427 0.97221 -0.06724
vn 0.22505 0.97228 -0.06347
vn 0.9715 -0.19374 -0.13659
vn 0.9737 -0.19407 -0.11937
vn 0.87424 -0.47329 -0.10821
vn 0.04567 0.86399 0.50143
vn 0.04922 0.96387 0.26178
vn 0.96747 -0.24901 0.04468
vn 0.96804 -0.25001 0.01978
vn -0.99711 -0.04729 -0.05945
vn 0.13381 0.95489 0.2651
vn 0.09131 0.86165 0.49921
vn -0.99571 -0.03845 -0.08412
vn 0.68027 -0.15034 -0.71737
vn 0.65545 -0.20378 -0.72723
vn 0.06512 0.04796 -0.99672
vn 0.95985 -0.27734 0.04206
vn 0.92771 -0.37169 0.03469
vn 0.05029 0.05541 -0.9972
vn -0.64369 -0.04976 -0.76367
vn 0.05042 0.05237 -0.99735
vn -0.98963 -0.12887 -0.06351
vn 0.94621 -0.32355 -0.0008
vn 0.61102 -0.25509 0.74939
vn -0.05096 -0.05866 0.99698
vn -0.4143 -0.39921 0.81792
vn -0.64585 -0.08777 0.7584
vn -0.71679 -0.69259 -0.08083
vn -0.99608 -0.06251 -0.06255
vn -0.05261 -0.0615 0.99672
vn -0.06775 -0.05682 0.99608
vn -0.06746 -0.05356 0.99628
vn 0.05865 0.05434 -0.9968
vn 0.0595 0.05283 -0.99683
vn -0.9961 -0.06261 -0.06224
vn -0.99632 -0.05912 -0.06204
vn -0.9963 -0.05914 -0.06238
vn 0.05802 0.05283 -0.99692
vn 0.05945 0.0542 -0.99676
vn 0.95988 -0.2773 0.04158
vn 0.9599 -0.2773 0.04126
vn 0.60833 -0.79365 -0.00773
vn 0.60794 -0.79395 -0.0073
vn -0.71592 -0.69355 -0.08026
vn 0.9599 -0.27727 0.04127
vn 0.95987 -0.27736 0.04158
vn -0.98469 -0.16112 -0.06658
vn -0.9846 -0.16105 -0.06806
vn -0.98912 -0.1202 -0.08484
vn -0.98845 -0.11063 -0.10359
vn 0.94289 -0.33266 0.01703
vn 0.92772 -0.37171 0.03412
vn 0.92771 -0.3717 0.03452
vn 0.95987 -0.27727 0.04205
vn 0.60852 -0.7935 -0.0076
vn -0.71532 -0.69417 -0.08029
vn -0.9961 -0.06253 -0.0622
vn -0.99632 -0.05915 -0.06202
vn -0.9847 -0.16109 -0.06648
vn 0.93934 -0.34085 0.03823
vn 0.69008 -0.19496 -0.69697
vn 0.06694 0.05055 -0.99648
vn -0.60659 -0.06549 -0.79231
vn 0.05165 0.04944 -0.99744
vn -0.61665 -0.00545 -0.78722
vn -0.54949 -0.00055 -0.8355
vn 0.6359 -0.13437 -0.75998
vn 0.56482 -0.28499 0.77444
vn 0.59081 -0.23142 0.77291
vn 0.54588 -0.22086 0.80823
vn -0.73153 -0.10828 0.67316
vn -0.69554 -0.14731 0.70323
vn -0.06673 -0.05996 0.99597
vn -0.70958 -0.08697 0.69924
vn 0.23522 -0.42247 0.87532
vn -0.30483 -0.30058 -0.90373
vn 0.33692 -0.32382 -0.8841
vn -0.05235 -0.04912 0.99742
vn -0.05491 -0.04697 0.99739
vn -0.05809 -0.04595 0.99725
vn -0.06141 -0.04624 0.99704
vn -0.06438 -0.04779 0.99678
vn -0.06647 -0.05031 0.99652
vn 0.06812 0.86159 0.50301
vn 0.04945 0.76198 0.64571
vn 0.09116 0.95855 0.26993
vn 0.1154 0.99092 -0.06903
vn 0.11557 0.99066 -0.07231
vn -0.05358 -0.0044 0.99855
vn -0.04953 0.40597 -0.91254
vn -0.16649 0.3319 0.92851
vn -0.30385 0.26043 0.91643
vn -0.40318 0.14148 0.90412
vn 0.03631 0.05693 -0.99772
vn -0.44925 -0.00653 0.89338
vn 0.03719 0.04807 -0.99815
vn -0.43546 -0.16092 0.88571
vn 0.04115 0.04011 -0.99835
vn -0.36369 -0.29888 0.88227
vn 0.048 0.03433 -0.99826
vn -0.24449 -0.39867 0.8839
vn 0.05655 0.03162 -0.9979
vn -0.09644 -0.44531 0.89017
vn 0.06547 0.03239 -0.99733
vn 0.05827 -0.43205 0.89996
vn 0.07338 0.03656 -0.99663
vn 0.19545 -0.36041 0.91209
vn 0.07895 0.04347 -0.99593
vn 0.29479 -0.24139 0.92457
vn 0.08168 0.05195 -0.9953
vn 0.34132 -0.09339 0.9353
vn 0.32745 0.0611 0.94289
vn 0.25536 0.1988 0.94619
vn 0.13632 0.29875 0.94455
vn 0.09655 0.44671 -0.88945
vn 0.22604 0.36464 -0.90329
vn -0.01182 0.34535 0.9384
vn -0.53121 0.71847 -0.44901
vn -0.75331 0.45254 -0.47721
vn -0.85658 0.12212 -0.50136
vn -0.82543 -0.22342 -0.51841
vn -0.66444 -0.53112 -0.52576
vn -0.39837 -0.75429 -0.52187
vn -0.06734 -0.85865 -0.50812
vn 0.27757 -0.82823 -0.48681
vn 0.58454 -0.66833 -0.46005
vn 0.80691 -0.40282 -0.43201
vn 0.9102 -0.07235 -0.4078
vn 0.87922 0.27286 -0.39055
vn 0.71833 0.58112 -0.38249
vn 0.45231 0.80407 -0.38586
vn 0.121 0.90855 -0.39987
vn -0.22407 0.87858 -0.42178
vn 0.08274 -0.07002 0.99411
vn 0.08589 -0.0716 0.99373
vn 0.08565 -0.07205 0.99372
vn 0.08264 -0.07052 0.99408
vn 0.07929 -0.0698 0.9944
vn 0.07985 -0.0742 0.99404
vn 0.08143 -0.07416 0.99392
vn 0.07593 -0.07092 0.99459
vn 0.07811 -0.07479 0.99414
vn 0.07327 -0.07323 0.99462
vn 0.07671 -0.07592 0.99416
vn 0.07169 -0.07639 0.9945
vn 0.07584 -0.07752 0.9941
vn 0.07144 -0.07991 0.99424
vn 0.07552 -0.07941 0.99398
vn 0.07251 -0.08317 0.99389
vn 0.07614 -0.08088 0.99381
vn 0.07483 -0.08584 0.9935
vn -0.04236 -0.25474 0.96608
vn 0.0804 -0.07872 0.99365
vn 0.02618 -0.03794 0.99894
vn 0.21704 0.08064 0.97283
vn 0.08034 -0.07878 0.99365
vn 0.08036 -0.07873 0.99365
vn 0.08041 -0.07869 0.99365
vn 0.08039 -0.07875 0.99365
vn 0.08044 -0.07882 0.99364
vn 0.0804 -0.07875 0.99365
vn -0.96208 0.2619 0.07628
vn -0.99085 -0.12625 0.04767
vn -0.84536 -0.14962 0.51281
vn -0.81966 0.19629 0.53817
vn -0.86899 -0.49476 0.00844
vn -0.73676 -0.47807 0.47816
vn -0.61528 -0.7875 -0.0356
vn -0.51048 -0.73943 0.43892
vn -0.26805 -0.96029 -0.0774
vn -0.2005 -0.89327 0.40234
vn 0.11978 -0.98664 -0.11041
vn 0.14489 -0.91638 0.37317
vn 0.48903 -0.86251 -0.13008
vn 0.47389 -0.80588 0.35494
vn 0.78349 -0.60695 -0.13326
vn 0.7363 -0.57792 0.35196
vn 0.95864 -0.2583 -0.11953
vn 0.89198 -0.26767 0.36431
vn 0.98728 0.12971 -0.0919
vn 0.91786 0.07835 0.38909
vn 0.86556 0.49796 -0.05335
vn 0.80946 0.40676 0.42346
vn 0.61172 0.79102 -0.00894
vn 0.58311 0.66758 0.46294
vn 0.26438 0.96385 0.03306
vn 0.27365 0.82133 0.50054
vn -0.12303 0.99018 0.06644
vn -0.07202 0.84502 0.52987
vn -0.49246 0.86602 0.08655
vn -0.40109 0.73457 0.5473
vn -0.78698 0.61039 0.08993
vn -0.6636 0.50656 0.55048
vn 0.08043 -0.07877 0.99364
vn 0.08044 -0.07882 0.99364
vn -0.29649 -0.93478 -0.19567
vn -0.07804 0.08722 -0.99313
vn -0.07501 0.08569 -0.99349
vn -0.57713 -0.79022 -0.20606
vn -0.08146 0.08748 -0.99283
vn 0.10207 -0.97614 -0.19163
vn -0.08474 0.08639 -0.99265
vn 0.47773 -0.8585 -0.18644
vn -0.08735 0.08414 -0.99262
vn 0.77803 -0.60157 -0.18105
vn -0.08888 0.08107 -0.99274
vn 0.95254 -0.24803 -0.17647
vn -0.08912 0.07763 -0.99299
vn 0.974 0.1459 -0.17333
vn -0.08802 0.07437 -0.99334
vn 0.83551 0.52195 -0.17177
vn -0.53358 -0.84509 -0.03338
vn -0.57359 0.44936 0.68489
vn 0.03009 -0.03855 0.9988
vn -0.5878 0.4309 0.6847
vn 0.68725 0.72638 -0.00757
vn 0.12339 -0.97525 -0.18345
vn -0.26987 -0.94445 -0.18759
vn -0.57802 -0.79379 -0.18918
vn -0.85432 0.51935 -0.02029
vn -0.85313 0.52116 -0.02362
vn 0.4885 -0.85414 -0.17836
vn 0.7791 -0.60252 -0.1731
vn 0.95086 -0.25967 -0.16861
vn 0.97829 0.12475 -0.16552
vn -0.71484 0.69898 -0.02081
vn -0.71424 0.6997 -0.01711
vn 0.66258 0.72704 -0.17999
vn 0.66514 0.72874 -0.16289
vn 0.85124 0.49853 -0.1639
vn -0.67908 0.49022 0.54638
vn -0.7777 0.5453 0.31278
vn 0.71913 0.69488 -0.00163
vn 0.71865 0.69485 -0.02709
vn -0.48312 -0.87512 -0.02774
vn -0.72568 0.61278 0.31286
vn -0.65315 0.52772 0.54304
vn -0.49164 -0.86922 -0.05242
vn 0.43825 0.50354 -0.74457
vn 0.46793 0.45249 -0.75914
vn -0.07168 0.08058 -0.99417
vn 0.73889 0.67379 -0.00624
vn 0.80195 0.59714 -0.01731
vn -0.08578 0.07182 -0.99372
vn -0.34287 -0.5751 -0.74276
vn -0.08314 0.07035 -0.99405
vn -0.41012 -0.9113 -0.03663
vn 0.76839 0.63793 -0.05117
vn 0.58553 0.38934 0.71104
vn 0.08819 -0.07409 0.99334
vn 0.17715 -0.55954 0.80965
vn -0.21268 -0.59735 0.77327
vn 0.21042 -0.97296 -0.0952
vn -0.4699 -0.88213 -0.03213
vn 0.08972 -0.07698 0.99299
vn 0.0778 -0.08746 0.99313
vn 0.0752 -0.08551 0.9935
vn -0.08042 0.07839 -0.99367
vn -0.07878 0.07833 -0.99381
vn -0.4698 -0.8822 -0.03175
vn -0.47287 -0.88057 -0.03135
vn -0.47286 -0.88057 -0.03174
vn -0.07954 0.07707 -0.99385
vn -0.07996 0.07904 -0.99366
vn 0.73883 0.67385 -0.00672
vn 0.73883 0.67385 -0.00713
vn 0.99189 0.10442 -0.07246
vn 0.99197 0.10383 -0.07215
vn 0.21157 -0.97278 -0.09449
vn 0.7388 0.67389 -0.00714
vn 0.73888 0.67381 -0.00674
vn -0.38031 -0.9239 -0.04217
vn -0.38043 -0.92381 -0.04303
vn -0.4187 -0.90627 -0.05796
vn -0.4277 -0.90072 -0.07597
vn 0.77558 0.63035 -0.03359
vn 0.80189 0.59719 -0.01837
vn 0.8019 0.59718 -0.01799
vn 0.73886 0.67383 -0.00625
vn 0.99192 0.10427 -0.07228
vn 0.21222 -0.97267 -0.09416
vn -0.46987 -0.88217 -0.03151
vn -0.47282 -0.88061 -0.03114
vn -0.38027 -0.92394 -0.04151
vn 0.78214 0.62298 -0.01232
vn 0.48069 0.48689 -0.7293
vn -0.07292 0.08349 -0.99384
vn -0.31202 -0.5522 -0.77313
vn -0.08001 0.06986 -0.99434
vn -0.36867 -0.53055 -0.76329
vn -0.33966 -0.46777 -0.81598
vn 0.39792 0.47334 -0.78588
vn 0.58709 0.33302 0.73785
vn 0.55447 0.38238 0.73916
vn 0.52331 0.34837 0.77768
vn -0.24483 -0.6796 0.69153
vn -0.19087 -0.6691 0.71824
vn 0.08099 -0.08822 0.9928
vn -0.25 -0.65066 0.71703
vn 0.53764 -0.01874 0.84297
vn 0.03724 -0.41822 -0.90758
vn 0.39409 0.11736 -0.91155
vn 0.07936 -0.07028 0.99437
vn 0.07618 -0.07134 0.99454
vn 0.07366 -0.07353 0.99457
vn 0.07217 -0.07652 0.99445
vn 0.07193 -0.07986 0.99421
vn 0.07295 -0.08296 0.99388
vn -0.66511 0.50801 0.54731
vn -0.5808 0.44014 0.6848
vn -0.75076 0.57831 0.31924
vn -0.78762 0.61591 -0.01786
vn -0.78753 0.61592 -0.02115
vn 0.04073 -0.048 0.99802
vn -0.43058 0.16979 -0.88644
vn -0.30898 0.03136 0.95055
vn -0.32051 -0.12312 0.93921
vn -0.27191 -0.27004 0.92366
vn -0.09441 0.06069 -0.99368
vn -0.17058 -0.38665 0.90631
vn -0.08643 0.05681 -0.99464
vn -0.03243 -0.45529 0.88975
vn -0.07758 0.05604 -0.99541
vn 0.12209 -0.46576 0.87645
vn -0.06909 0.05886 -0.99587
vn 0.26912 -0.41629 0.86849
vn -0.06231 0.06473 -0.99596
vn 0.38645 -0.31459 0.867
vn -0.05828 0.07277 -0.99564
vn 0.4563 -0.17585 0.87228
vn -0.05766 0.08168 -0.99499
vn 0.46767 -0.02149 0.88364
vn -0.06059 0.09003 -0.99409
vn 0.41906 0.12534 0.89926
vn -0.06635 0.09679 -0.99309
vn 0.31816 0.24224 0.91657
vn 0.1799 0.31116 0.93317
vn 0.02537 0.32151 0.94657
vn -0.12176 0.2721 0.95453
vn -0.38758 0.31553 -0.86615
vn -0.25123 0.38316 -0.88886
vn -0.23907 0.17024 0.95596
vn -0.91739 -0.07793 -0.39028
vn -0.80884 -0.40609 -0.42528
vn -0.58282 -0.66679 -0.46445
vn -0.27375 -0.82055 -0.50176
vn 0.07168 -0.84415 -0.5313
vn 0.40037 -0.73381 -0.54884
vn 0.66265 -0.50576 -0.55236
vn 0.81787 -0.19575 -0.54108
vn 0.84353 0.14939 -0.51588
vn 0.73522 0.47775 -0.48085
vn 0.50935 0.73833 -0.44208
vn 0.2006 0.89213 -0.40481
vn -0.14511 0.9159 -0.37426
vn -0.47363 0.80546 -0.35623
vn -0.73597 0.57757 -0.35321
vn -0.89175 0.26754 -0.36497
vn -0.00561 -0.00423 0.99998
vn -0.00627 -0.00076 0.99998
vn -0.00577 -0.00066 0.99998
vn -0.00515 -0.004 0.99998
vn -0.00369 -0.00711 0.99997
vn -0.00051 -0.00397 0.99999
vn -0.00144 -0.00267 1
vn -0.00075 -0.0091 0.99996
vn 0.00097 -0.00504 0.99999
vn 0.00271 -0.00982 0.99995
vn 0.00271 -0.00543 0.99998
vn 0.00617 -0.00914 0.99994
vn 0.00447 -0.00503 0.99998
vn 0.00912 -0.00717 0.99993
vn 0.00616 -0.00412 0.99997
vn 0.01106 -0.00431 0.99993
vn 0.00729 -0.0029 0.99997
vn 0.01176 -0.00084 0.99993
vn 0.21875 0.01204 0.97571
vn 0.00273 -0.00073 1
vn 0.00341 -0.06867 0.99763
vn -0.20702 0.01292 0.97825
vn 0.00276 -0.00074 1
vn 0.00274 -0.00074 1
vn 0.00272 -0.00074 1
vn 0.00274 -0.00074 1
vn 0.00274 -0.0007 1
vn 0.00273 -0.00072 1
vn 0.3781 -0.92546 -0.02356
vn 0.70368 -0.71008 -0.02476
vn 0.62847 -0.63361 0.45119
vn 0.33843 -0.82532 0.45201
vn 0.9218 -0.38684 -0.0252
vn 0.82296 -0.34541 0.45103
vn 0.99967 -0.00465 -0.02526
vn 0.89244 -0.00457 0.45113
vn 0.92539 0.37821 -0.02476
vn 0.82572 0.33695 0.45239
vn 0.71013 0.70367 -0.02358
vn 0.63394 0.62654 0.45339
vn 0.38681 0.92188 -0.02272
vn 0.34604 0.82117 0.45379
vn 0.00489 0.99976 -0.02133
vn 0.00522 0.8905 0.45495
vn -0.37846 0.92541 -0.01963
vn -0.33556 0.82416 0.45625
vn -0.70371 0.71021 -0.01976
vn -0.62589 0.63244 0.45637
vn -0.92182 0.3871 -0.02007
vn -0.82052 0.34456 0.45611
vn -0.9998 0.00477 -0.01936
vn -0.88978 0.00387 0.45637
vn -0.92549 -0.37828 -0.01932
vn -0.82336 -0.33747 0.45628
vn -0.7105 -0.70342 -0.01995
vn -0.63161 -0.62751 0.45531
vn -0.38714 -0.92179 -0.02081
vn -0.34334 -0.82196 0.45442
vn -0.00502 -0.99974 -0.02208
vn -0.00281 -0.89122 0.45356
vn 0.00274 -0.00069 1
vn 0.00276 -0.00069 1
vn 0.92377 0.35363 -0.14692
vn -0.0109 -0.00258 -0.99994
vn -0.01153 0.00079 -0.99993
vn 0.9804 0.0464 -0.19149
vn -0.00902 -0.00548 -0.99994
vn 0.71347 0.6925 -0.10676
vn -0.00616 -0.00742 -0.99995
vn 0.39096 0.91696 -0.07963
vn -0.00279 -0.00811 -0.99996
vn 0.0044 0.99759 -0.06927
vn 0.00059 -0.00745 -0.99997
vn -0.38225 0.92081 -0.07745
vn 0.00346 -0.00554 -0.99998
vn -0.70756 0.69912 -0.10291
vn 0.00537 -0.00266 -0.99998
vn -0.92124 0.36223 -0.14182
vn 0.99547 0.09435 -0.01191
vn -0.01385 -0.80068 0.59893
vn 0.00148 -0.0652 0.99787
vn 0.00956 -0.80101 0.59857
vn -0.99465 0.10305 -0.00683
vn 0.69972 0.7078 -0.09696
vn 0.91514 0.3795 -0.13597
vn 0.98357 0.04598 -0.17457
vn 0.10963 -0.98533 -0.13079
vn 0.10748 -0.98512 -0.13414
vn 0.38093 0.92187 -0.07103
vn 0.0044 0.99812 -0.06121
vn -0.37216 0.9256 -0.06894
vn -0.69353 0.71437 -0.09319
vn -0.1178 -0.98401 -0.13357
vn -0.1188 -0.98439 -0.12987
vn -0.97831 0.10239 -0.18009
vn -0.98139 0.10146 -0.16304
vn -0.91235 0.38791 -0.13091
vn 0.01963 -0.89331 0.44901
vn 0.03857 -0.97811 0.20449
vn -0.98917 0.14672 0.00381
vn -0.9886 0.14911 -0.02088
vn 0.98843 0.15166 -0.00057
vn -0.0465 -0.9781 0.20285
vn -0.02588 -0.89542 0.44448
vn 0.98924 0.14406 -0.02538
vn -0.6559 0.12425 -0.74455
vn -0.63573 0.18046 -0.75052
vn -0.0095 0.00657 -0.99993
vn -0.98445 0.17565 0.00289
vn -0.96199 0.27308 0.00275
vn 0.00603 0.0007 -0.99998
vn 0.67282 0.16111 -0.72205
vn 0.00559 0.00371 -0.99998
vn 0.97269 0.2321 -0.0006
vn -0.97354 0.22558 -0.03658
vn -0.67294 0.14602 0.72515
vn -0.0057 0.00261 0.99998
vn 0.32839 0.38749 0.8614
vn 0.5944 0.10636 0.79711
vn 0.64357 0.76538 -0.00161
vn 0.98599 0.16676 -0.00305
vn -0.00434 0.00562 0.99997
vn 0.01123 0.00254 0.99993
vn 0.01126 -0.00074 0.99994
vn -0.00244 0.00092 -1
vn -0.00339 0.00227 -0.99999
vn 0.98598 0.16686 -0.00243
vn 0.98656 0.16339 -0.00242
vn 0.98655 0.16343 -0.00305
vn -0.00192 0.0025 -1
vn -0.00324 0.00092 -0.99999
vn -0.98446 0.1756 0.00251
vn -0.98445 0.17563 0.00233
vn -0.68654 0.72709 0.00199
vn -0.68628 0.72734 0.00241
vn 0.6429 0.76595 -0.00119
vn -0.98446 0.1756 0.00234
vn -0.98445 0.17566 0.00252
vn 0.96458 0.26377 -0.00177
vn 0.96457 0.2638 -0.00324
vn 0.97419 0.22466 -0.022
vn 0.97546 0.21629 -0.04127
vn -0.97212 0.23383 -0.01773
vn -0.96199 0.27307 0.00226
vn -0.962 0.27304 0.0023
vn -0.98446 0.17557 0.00288
vn -0.68665 0.72699 0.00233
vn 0.64231 0.76645 -0.00101
vn 0.98599 0.16677 -0.00223
vn 0.98655 0.16344 -0.00225
vn 0.9646 0.26372 -0.00212
vn -0.9705 0.24107 0.00399
vn -0.67231 0.16657 -0.72128
vn -0.01106 0.00379 -0.99993
vn 0.63538 0.17473 -0.75217
vn 0.00407 0.0065 -0.99997
vn 0.65231 0.11597 -0.74903
vn 0.58746 0.1071 -0.80213
vn -0.60605 0.11518 -0.78705
vn -0.63015 0.17862 0.75565
vn -0.64854 0.12261 0.75124
vn -0.60452 0.11453 0.78831
vn 0.68216 0.14067 0.71755
vn 0.64061 0.17401 0.74789
vn 0.00989 0.00555 0.99994
vn 0.65993 0.1155 0.7424
vn -0.32126 0.34009 0.88381
vn 0.31751 0.38412 -0.86697
vn -0.32511 0.34264 -0.88142
vn -0.00334 -0.00675 0.99997
vn -0.00056 -0.00863 0.99996
vn 0.00271 -0.00931 0.99995
vn 0.00599 -0.00867 0.99994
vn 0.00878 -0.00681 0.99994
vn 0.01061 -0.00408 0.99994
vn -0.00302 -0.89327 0.44951
vn -0.00209 -0.80091 0.59878
vn -0.00406 -0.97765 0.2102
vn -0.00762 -0.99145 -0.13026
vn -0.00764 -0.99101 -0.13354
vn 0.0025 -0.05109 0.99869
vn 0.13744 -0.34225 -0.9295
vn 0.15323 -0.36939 0.91655
vn 0.28276 -0.28364 0.9163
vn 0.36978 -0.15481 0.91613
vn 0.02011 0.00062 -0.9998
vn 0.40072 -0.00253 0.9162
vn 0.01833 0.00938 -0.99979
vn 0.37125 0.14986 0.91636
vn 0.01357 0.01689 -0.99977
vn 0.28547 0.27959 0.9167
vn 0.00615 0.02194 -0.99974
vn 0.15653 0.36628 0.91724
vn -0.00263 0.02375 -0.99971
vn 0.00446 0.39737 0.91765
vn -0.01145 0.02203 -0.99969
vn -0.14827 0.36812 0.91788
vn -0.01891 0.01704 -0.99968
vn -0.27761 0.28241 0.91825
vn -0.02375 0.00957 -0.99967
vn -0.36449 0.15341 0.91849
vn -0.0256 0.00084 -0.99967
vn -0.39574 0.00117 0.91836
vn -0.36632 -0.15138 0.91809
vn -0.28047 -0.28102 0.9178
vn -0.15172 -0.36795 0.91738
vn -0.00452 -0.39882 -0.91702
vn -0.14097 -0.32977 -0.93348
vn 0.00056 -0.39907 0.91692
vn 0.62526 -0.63212 -0.45768
vn 0.81954 -0.34398 -0.45829
vn 0.8888 -0.00382 -0.45828
vn 0.82259 0.33691 -0.45808
vn 0.63095 0.62673 -0.45729
vn 0.3433 0.8211 -0.456
vn 0.00277 0.89031 -0.45535
vn -0.33771 0.82393 -0.45508
vn -0.62723 0.63252 -0.45443
vn -0.82174 0.3446 -0.45386
vn -0.89107 0.00452 -0.45384
vn -0.82512 -0.33602 -0.45417
vn -0.63342 -0.62635 -0.45438
vn -0.34579 -0.82062 -0.45499
vn -0.00518 -0.88996 -0.45602
vn 0.33556 -0.82384 -0.45682
vn -0.46347 0.02484 0.88577
vn -0.46192 0.02796 0.88648
vn -0.46152 0.0277 0.8867
vn -0.46301 0.02473 0.88601
vn -0.46382 0.02143 0.88567
vn -0.46068 0.02172 0.8873
vn -0.4604 0.02346 0.8874
vn -0.46298 0.01804 0.88618
vn -0.45939 0.02005 0.88801
vn -0.46104 0.01525 0.88725
vn -0.45825 0.01901 0.88862
vn -0.45828 0.01356 0.8887
vn -0.45718 0.01757 0.8892
vn -0.45517 0.01319 0.89031
vn -0.45549 0.01723 0.89008
vn -0.45221 0.01415 0.8918
vn -0.45429 0.01836 0.89066
vn -0.44971 0.01638 0.89302
vn -0.29253 -0.10534 0.95044
vn -0.45585 0.02227 0.88978
vn -0.49351 -0.03055 0.8692
vn -0.57981 0.16568 0.79773
vn -0.45581 0.0221 0.8898
vn -0.45584 0.02218 0.88979
vn -0.45591 0.02218 0.88975
vn -0.45586 0.02216 0.88977
vn -0.45577 0.02208 0.88983
vn -0.45582 0.02212 0.88979
vn -0.26655 -0.95394 -0.13763
vn 0.07832 -0.99613 0.03998
vn -0.14614 -0.87751 0.45676
vn -0.45339 -0.83986 0.29845
vn 0.41274 -0.88666 0.2085
vn 0.15181 -0.77998 0.60712
vn 0.6858 -0.64241 0.34202
vn 0.39545 -0.5622 0.72633
vn 0.85589 -0.30046 0.42092
vn 0.5467 -0.25697 0.79692
vn 0.89725 0.08725 0.43281
vn 0.58323 0.08838 0.80749
vn 0.80377 0.4616 0.37534
vn 0.50032 0.42202 0.75603
vn 0.58936 0.7655 0.25818
vn 0.30915 0.69293 0.65136
vn 0.28622 0.95306 0.09875
vn 0.03948 0.85956 0.5095
vn -0.05801 0.99515 -0.07942
vn -0.26787 0.89735 0.35071
vn -0.39183 0.88587 -0.24842
vn -0.56554 0.80006 0.20015
vn -0.66538 0.64145 -0.38186
vn -0.80893 0.58229 0.08105
vn -0.83596 0.29939 -0.45994
vn -0.96073 0.27725 0.01129
vn -0.87762 -0.08802 -0.47121
vn -0.99766 -0.06834 0.00091
vn -0.78398 -0.46252 -0.41406
vn -0.91419 -0.40195 0.05198
vn -0.56953 -0.76638 -0.29713
vn -0.72307 -0.67278 0.15664
vn -0.45583 0.02214 0.88979
vn -0.45584 0.02216 0.88978
vn 0.89662 -0.32123 0.30476
vn 0.44835 -0.01956 -0.89365
vn 0.44986 -0.01657 -0.89295
vn 0.7783 -0.59478 0.20124
vn 0.44796 -0.02299 -0.89376
vn 0.93121 0.07446 0.3568
vn 0.44878 -0.02631 -0.89325
vn 0.82989 0.45367 0.32476
vn 0.45065 -0.02898 -0.89223
vn 0.60981 0.76291 0.21471
vn 0.45333 -0.03063 -0.89081
vn 0.30727 0.95057 0.04464
vn 0.4564 -0.03101 -0.88923
vn -0.02907 0.98701 -0.15799
vn 0.45933 -0.03002 -0.88776
vn -0.35017 0.86331 -0.36342
vn 0.7339 -0.56324 0.37967
vn -0.74483 -0.59245 0.30697
vn -0.4928 -0.02671 0.86973
vn -0.72904 -0.60768 0.31499
vn -0.61118 0.7141 -0.34134
vn 0.92625 0.09526 0.36468
vn 0.90068 -0.29557 0.31845
vn 0.77238 -0.59685 0.21727
vn -0.4341 -0.83117 -0.34745
vn -0.4339 -0.82973 -0.35111
vn 0.822 0.46409 0.33004
vn 0.60645 0.76351 0.22198
vn 0.31294 0.94805 0.0572
vn -0.01525 0.99003 -0.14004
vn -0.5861 -0.68497 -0.43277
vn -0.58866 -0.68457 -0.42994
vn -0.52118 0.69886 -0.48986
vn -0.53173 0.70039 -0.47615
vn -0.33427 0.87771 -0.34336
vn -0.70709 -0.68859 0.16081
vn -0.63136 -0.77202 -0.07328
vn -0.58697 0.74438 -0.31839
vn -0.57397 0.7453 -0.33926
vn 0.75685 -0.51445 0.40314
vn -0.68837 -0.71766 -0.10537
vn -0.73706 -0.66127 0.13947
vn 0.76448 -0.5214 0.3791
vn -0.03131 0.49558 -0.868
vn 0.01731 0.52559 -0.85056
vn 0.45456 -0.01342 -0.89061
vn -0.56654 0.7638 -0.30926
vn -0.49528 0.82429 -0.27433
vn 0.46171 -0.02784 -0.88659
vn 0.8786 -0.32348 -0.35131
vn 0.46315 -0.02524 -0.88592
vn 0.79273 -0.44241 0.41936
vn -0.51259 0.79409 -0.32661
vn -0.70273 0.55839 0.44088
vn -0.45959 0.03019 0.88762
vn 0.05172 0.10988 0.9926
vn 0.09732 -0.27671 0.95601
vn 0.87803 0.17817 0.44421
vn 0.76527 -0.50123 0.4039
vn -0.45693 0.03163 0.88894
vn -0.44814 0.01931 0.89375
vn -0.45 0.01677 0.89287
vn 0.45607 -0.02227 -0.88966
vn 0.45625 -0.02058 -0.88961
vn 0.76502 -0.50116 0.40446
vn 0.76339 -0.50421 0.40373
vn 0.76372 -0.50415 0.40319
vn 0.45737 -0.02137 -0.88902
vn 0.4556 -0.02178 -0.88992
vn -0.56668 0.76361 -0.30947
vn -0.56637 0.76368 -0.30988
vn -0.0467 0.99769 -0.04943
vn -0.04633 0.99772 -0.04906
vn 0.8776 0.17903 0.4447
vn -0.56639 0.76365 -0.30989
vn -0.56664 0.76365 -0.30945
vn 0.80603 -0.41286 0.42409
vn 0.80683 -0.41284 0.42259
vn 0.79923 -0.44959 0.39887
vn 0.80416 -0.4573 0.37975
vn -0.51542 0.80001 -0.30713
vn -0.49504 0.82422 -0.27495
vn -0.49515 0.8242 -0.27481
vn -0.56659 0.76375 -0.3093
vn -0.04693 0.99769 -0.04911
vn 0.87724 0.17914 0.44537
vn 0.76466 -0.50126 0.40502
vn 0.76313 -0.50418 0.40427
vn 0.80627 -0.41295 0.42356
vn -0.51998 0.80514 -0.28526
vn -0.02861 0.53903 -0.8418
vn 0.45191 -0.01455 -0.89194
vn 0.87467 -0.28948 -0.38877
vn 0.46373 -0.02212 -0.8857
vn 0.85087 -0.34589 -0.39545
vn 0.82542 -0.31185 -0.47057
vn 0.01673 0.45559 -0.89003
vn -0.66905 0.55754 0.49145
vn -0.71219 0.52714 0.46359
vn -0.70399 0.49355 0.5107
vn 0.21408 -0.30915 0.9266
vn 0.19224 -0.25661 0.94721
vn -0.44731 0.02249 0.89409
vn 0.17288 -0.31334 0.93377
vn -0.42451 0.48949 0.7617
vn 0.83292 0.07139 -0.54877
vn 0.38051 0.44858 -0.80869
vn -0.46337 0.02149 0.88591
vn -0.46259 0.01828 0.88638
vn -0.46076 0.01563 0.88739
vn -0.45814 0.01403 0.88877
vn -0.4552 0.01369 0.89029
vn -0.45239 0.01462 0.8917
vn -0.72261 -0.67412 0.15295
vn -0.73692 -0.60019 0.31098
vn -0.6626 -0.7443 -0.08348
vn -0.5173 -0.76095 -0.3916
vn -0.51558 -0.76068 -0.39438
vn -0.48441 -0.01642 0.87469
vn 0.32073 -0.37388 -0.87026
vn -0.52827 -0.35964 0.76915
vn -0.39089 -0.37629 0.84001
vn -0.25765 -0.33282 0.90711
vn 0.47112 -0.03688 -0.8813
vn -0.14891 -0.23545 0.96041
vn 0.47496 -0.02901 -0.87953
vn -0.08105 -0.09921 0.99176
vn 0.47606 -0.02019 -0.87918
vn -0.06446 0.05538 0.99638
vn 0.47395 -0.01158 -0.88048
vn -0.10197 0.20438 0.97357
vn 0.46901 -0.00458 -0.88318
vn -0.18737 0.3254 0.92683
vn 0.46204 -0.00028 -0.88686
vn -0.30783 0.40036 0.86311
vn 0.45414 0.00065 -0.89093
vn -0.44504 0.41707 0.79246
vn 0.44653 -0.002 -0.89477
vn -0.57843 0.37331 0.7253
vn 0.44024 -0.00754 -0.89785
vn -0.6873 0.27614 0.67184
vn -0.75511 0.13995 0.64048
vn -0.7716 -0.0146 0.63594
vn -0.73435 -0.16381 0.6587
vn 0.18628 -0.32658 -0.92663
vn 0.14128 -0.18662 -0.97222
vn -0.64894 -0.28506 0.70542
vn 0.2683 -0.89667 -0.35214
vn 0.56608 -0.79917 -0.20219
vn 0.80919 -0.58164 -0.0831
vn 0.96075 -0.27711 -0.0132
vn 0.99767 0.06823 -0.00295
vn 0.91437 0.40131 -0.05367
vn 0.72327 0.67216 -0.15837
vn 0.45432 0.83845 -0.301
vn 0.14772 0.87589 -0.45934
vn -0.15025 0.77852 -0.60937
vn -0.39312 0.56131 -0.72828
vn -0.54495 0.2571 -0.79808
vn -0.58245 -0.08861 -0.80802
vn -0.49927 -0.42171 -0.7569
vn -0.30817 -0.69263 -0.65215
vn -0.03893 -0.85924 -0.51009
vn 0.02224 0.00941 0.99971
vn 0.02318 0.01282 0.99965
vn 0.02367 0.01268 0.99964
vn 0.02275 0.00941 0.9997
vn 0.02268 0.00598 0.99972
vn 0.02646 0.00724 0.99962
vn 0.0262 0.00898 0.99962
vn 0.02442 0.0029 0.9997
vn 0.02753 0.00561 0.99961
vn 0.02721 0.00073 0.99963
vn 0.02907 0.00451 0.99957
vn 0.03062 -0.00021 0.99953
vn 0.03091 0.00398 0.99951
vn 0.03413 0.00024 0.99942
vn 0.03281 0.00422 0.99945
vn 0.03713 0.00194 0.99931
vn 0.03408 0.00519 0.99941
vn 0.0393 0.00474 0.99922
vn 0.22851 -0.07523 0.97063
vn 0.03127 0.00885 0.99947
vn 0.00167 -0.05238 0.99863
vn -0.15159 0.11407 0.98184
vn 0.03127 0.00883 0.99947
vn 0.03127 0.00884 0.99947
vn 0.03124 0.00886 0.99947
vn 0.03126 0.00884 0.99947
vn 0.03129 0.00886 0.99947
vn 0.03127 0.00886 0.99947
vn -0.07208 -0.99734 -0.0109
vn 0.31491 -0.94883 -0.0236
vn 0.29534 -0.84175 0.45193
vn -0.04953 -0.88481 0.46331
vn 0.65364 -0.75595 -0.03605
vn 0.59737 -0.66983 0.44099
vn 0.89278 -0.44809 -0.04642
vn 0.81073 -0.39528 0.43182
vn 0.99601 -0.07191 -0.05279
vn 0.90242 -0.05972 0.4267
vn 0.94747 0.31518 -0.0545
vn 0.85892 0.28502 0.42546
vn 0.75457 0.65419 -0.05151
vn 0.68722 0.58716 0.42775
vn 0.44697 0.89349 -0.04357
vn 0.41271 0.80053 0.43455
vn 0.07066 0.99698 -0.03228
vn 0.07793 0.89235 0.44456
vn -0.31614 0.94849 -0.02074
vn -0.26714 0.84931 0.45532
vn -0.65481 0.75574 -0.00916
vn -0.5691 0.67766 0.46572
vn -0.8942 0.44767 0.00176
vn -0.78221 0.40324 0.47492
vn -0.99739 0.07161 0.00896
vn -0.87404 0.06779 0.48109
vn -0.94893 -0.31529 0.01111
vn -0.83082 -0.2772 0.48259
vn -0.75604 -0.65447 0.00798
vn -0.65893 -0.57943 0.47965
vn -0.44832 -0.89387 0.00018
vn -0.38445 -0.79266 0.47318
vn 0.03128 0.00891 0.99947
vn 0.0313 0.00888 0.99947
vn 0.9801 -0.09462 -0.17452
vn -0.04004 -0.00818 -0.99916
vn -0.03911 -0.00489 -0.99922
vn 0.89336 -0.39545 -0.21338
vn -0.03963 -0.01164 -0.99915
vn 0.94307 0.30282 -0.13754
vn -0.03794 -0.01464 -0.99917
vn 0.75444 0.64733 -0.10857
vn -0.03522 -0.01675 -0.99924
vn 0.44414 0.89125 -0.09178
vn -0.0319 -0.01766 -0.99934
vn 0.06334 0.99392 -0.09002
vn -0.0285 -0.01721 -0.99945
vn -0.32709 0.93931 -0.10351
vn -0.02551 -0.01549 -0.99955
vn -0.66888 0.73187 -0.13022
vn 0.93326 -0.35742 -0.03576
vn -0.34993 -0.70514 0.6167
vn 0.00149 -0.04842 0.99883
vn -0.32925 -0.71586 0.61574
vn -0.84567 0.53356 0.01237
vn 0.93781 0.32275 -0.12781
vn 0.98415 -0.06746 -0.16398
vn 0.89648 -0.39712 -0.19652
vn -0.34247 -0.93296 -0.11086
vn -0.34435 -0.93187 -0.11416
vn 0.74788 0.65627 -0.09991
vn 0.4446 0.89181 -0.08376
vn 0.07479 0.99384 -0.08182
vn -0.3075 0.94685 -0.09441
vn -0.54578 -0.83083 -0.10885
vn -0.54672 -0.83069 -0.10513
vn -0.83642 0.52377 -0.16143
vn -0.83912 0.52447 -0.14428
vn -0.64922 0.75106 -0.12008
vn -0.36533 -0.80432 0.46862
vn -0.39302 -0.89125 0.2263
vn -0.82118 0.57026 0.02159
vn -0.82019 0.57208 -0.00304
vn 0.95272 -0.30282 -0.02492
vn -0.46925 -0.85348 0.22669
vn -0.40702 -0.78597 0.46538
vn 0.94941 -0.31011 -0.04957
vn -0.55463 0.39473 -0.73251
vn -0.51219 0.43653 -0.73966
vn -0.03474 -0.00062 -0.9994
vn -0.80401 0.59428 0.02012
vn -0.74074 0.67157 0.01742
vn -0.02342 -0.01276 -0.99964
vn 0.65219 -0.16169 -0.74061
vn -0.02248 -0.00987 -0.9997
vn 0.97429 -0.22372 -0.02644
vn -0.77323 0.63378 -0.02084
vn -0.51636 0.43677 0.73662
vn 0.02518 0.01558 0.99956
vn 0.48935 0.21142 0.84607
vn 0.6018 -0.15956 0.78255
vn 0.91564 0.40065 -0.033
vn 0.95719 -0.28811 -0.02795
vn 0.02774 0.01767 0.99946
vn 0.04031 0.00801 0.99916
vn 0.03889 0.00505 0.99923
vn -0.03091 -0.00889 -0.99948
vn -0.03116 -0.00717 -0.99949
vn 0.95724 -0.28801 -0.02713
vn 0.95622 -0.29138 -0.02704
vn 0.95621 -0.29135 -0.02788
vn -0.02971 -0.00759 -0.99953
vn -0.03163 -0.00845 -0.99946
vn -0.80408 0.5942 0.01952
vn -0.80405 0.59424 0.01933
vn -0.29237 0.95631 0.00037
vn -0.29186 0.95646 0.00061
vn 0.91526 0.40157 -0.03226
vn -0.80408 0.59421 0.01931
vn -0.80405 0.59425 0.0195
vn 0.98106 -0.19168 -0.02808
vn 0.981 -0.19167 -0.03007
vn 0.97173 -0.23122 -0.04767
vn 0.96857 -0.23945 -0.06732
vn -0.76779 0.6407 -0.00235
vn -0.74078 0.67155 0.01626
vn -0.74078 0.67155 0.01634
vn -0.80406 0.59421 0.02009
vn -0.29326 0.95603 0.00031
vn 0.91512 0.40189 -0.03221
vn 0.95721 -0.2881 -0.02734
vn 0.95623 -0.29134 -0.02727
vn 0.98103 -0.19171 -0.02866
vn -0.76256 0.64663 0.01932
vn -0.5498 0.44012 -0.70994
vn -0.03736 -0.00242 -0.9993
vn 0.62429 -0.13328 -0.76974
vn -0.02261 -0.0067 -0.99972
vn 0.61425 -0.19366 -0.76498
vn 0.54936 -0.173 -0.81748
vn -0.5154 0.36416 -0.77572
vn -0.46175 0.44643 0.76648
vn -0.50635 0.40673 0.76038
vn -0.46787 0.37929 0.79827
vn 0.69429 -0.16889 0.6996
vn 0.67227 -0.12019 0.73049
vn 0.04046 0.01131 0.99912
vn 0.66349 -0.18122 0.72591
vn -0.11122 0.45782 0.88206
vn 0.42917 0.19456 -0.88202
vn -0.16491 0.44199 -0.88173
vn 0.02315 0.00615 0.99971
vn 0.02479 0.00323 0.99969
vn 0.02743 0.00117 0.99962
vn 0.03066 0.00029 0.99953
vn 0.03398 0.00072 0.99942
vn 0.03682 0.00235 0.99932
vn -0.3855 -0.79419 0.46973
vn -0.3396 -0.71059 0.61623
vn -0.43075 -0.87188 0.23297
vn -0.45018 -0.88641 -0.10773
vn -0.45011 -0.88605 -0.111
vn 0.00868 -0.03621 0.99931
vn -0.05564 -0.37761 -0.92429
vn 0.00026 -0.38926 0.92113
vn 0.15433 -0.36994 0.91615
vn 0.28932 -0.293 0.91129
vn -0.01083 -0.01908 -0.99976
vn 0.38456 -0.17022 0.90727
vn -0.00855 -0.01044 -0.99991
vn 0.42575 -0.02059 0.90461
vn -0.00948 -0.00161 -0.99995
vn 0.40643 0.13369 0.90385
vn -0.01389 0.00621 -0.99988
vn 0.32945 0.26865 0.90515
vn -0.02095 0.01173 -0.99971
vn 0.20693 0.36405 0.9081
vn -0.02962 0.0141 -0.99946
vn 0.05715 0.40552 0.9123
vn -0.03852 0.01295 -0.99917
vn -0.09682 0.38619 0.91733
vn -0.04616 0.0084 -0.9989
vn -0.23191 0.30914 0.92231
vn -0.05169 0.0014 -0.99866
vn -0.3274 0.18653 0.92629
vn -0.36856 0.03676 0.92888
vn -0.3491 -0.11751 0.92969
vn -0.27232 -0.2526 0.92846
vn -0.20762 -0.36527 -0.90745
vn -0.29968 -0.24295 -0.92259
vn -0.14967 -0.348 0.92547
vn 0.26662 -0.84885 -0.45647
vn 0.56838 -0.67697 -0.4676
vn 0.78134 -0.40278 -0.47673
vn 0.87306 -0.06795 -0.48285
vn 0.82976 0.27682 -0.48463
vn 0.65827 0.57849 -0.4817
vn 0.38386 0.79174 -0.47518
vn 0.0494 0.88336 -0.46608
vn -0.29477 0.84021 -0.45515
vn -0.59663 0.66856 -0.44391
vn -0.80949 0.39465 -0.43471
vn -0.90143 0.05998 -0.42874
vn -0.85841 -0.2851 -0.42644
vn -0.68685 -0.58683 -0.4288
vn -0.41244 -0.80011 -0.43556
vn -0.07803 -0.89204 -0.44516
vn 0.21991 0.00361 0.97551
vn 0.22068 0.00707 0.97532
vn 0.22117 0.00694 0.97521
vn 0.22041 0.00363 0.9754
vn 0.22048 0.00021 0.97539
vn 0.22475 0.00194 0.97441
vn 0.22415 0.00333 0.97455
vn 0.22231 -0.00279 0.97497
vn 0.22578 0.00061 0.97418
vn 0.22513 -0.00485 0.97432
vn 0.22699 -0.0004 0.9739
vn 0.22849 -0.00563 0.97353
vn 0.22855 -0.00102 0.97353
vn 0.23188 -0.00502 0.97273
vn 0.23035 -0.00096 0.97311
vn 0.23472 -0.00319 0.97206
vn 0.2318 -0.00019 0.97276
vn 0.23672 -0.0003 0.97158
vn 0.42004 -0.07181 0.90466
vn 0.22869 0.00342 0.97349
vn 0.20213 -0.05905 0.97758
vn 0.04243 0.10016 0.99407
vn 0.22868 0.00341 0.9735
vn 0.22868 0.00342 0.97349
vn 0.22872 0.00343 0.97349
vn 0.2287 0.00341 0.97349
vn 0.22875 0.00346 0.97348
vn 0.22874 0.00345 0.97348
vn -0.03104 -0.99945 -0.0118
vn 0.34328 -0.93387 -0.10028
vn 0.41418 -0.83099 0.37137
vn 0.08043 -0.88933 0.45014
vn 0.66449 -0.72614 -0.17657
vn 0.70047 -0.6458 0.30378
vn 0.8838 -0.40785 -0.22925
vn 0.896 -0.36217 0.25694
vn 0.96779 -0.02773 -0.25022
vn 0.97083 -0.02277 0.2387
vn 0.90381 0.35685 -0.23619
vn 0.91359 0.31974 0.25123
vn 0.70135 0.68712 -0.18965
vn 0.73323 0.61393 0.29236
vn 0.3916 0.91262 -0.11739
vn 0.45688 0.81484 0.35679
vn 0.02093 0.99931 -0.03059
vn 0.12735 0.89186 0.43402
vn -0.35344 0.93374 0.05666
vn -0.20674 0.83374 0.51199
vn -0.67461 0.72621 0.13241
vn -0.49316 0.6489 0.57942
vn -0.89395 0.40787 0.18573
vn -0.6885 0.3652 0.62658
vn -0.97785 0.02742 0.20751
vn -0.76309 0.02604 0.64577
vn -0.91368 -0.357 0.19429
vn -0.70596 -0.31663 0.63353
vn -0.7113 -0.68719 0.14772
vn -0.52553 -0.61105 0.59198
vn -0.40155 -0.91274 0.07522
vn -0.2493 -0.81197 0.52778
vn 0.22876 0.00342 0.97348
vn 0.22874 0.00343 0.97348
vn 0.929 -0.05024 -0.36664
vn -0.23729 -0.00319 -0.97143
vn -0.23653 0.00015 -0.97162
vn 0.84899 -0.35407 -0.39224
vn -0.23674 -0.0066 -0.97155
vn 0.88348 0.34497 -0.31696
vn -0.23496 -0.00953 -0.97196
vn 0.69015 0.6806 -0.24592
vn -0.23223 -0.01153 -0.97259
vn 0.3795 0.91049 -0.16427
vn -0.22896 -0.01228 -0.97336
vn 0.00255 0.99633 -0.08551
vn -0.22566 -0.01169 -0.97414
vn -0.38016 0.92465 -0.0222
vn -0.22282 -0.00982 -0.97481
vn -0.71145 0.70256 0.01614
vn 0.92193 -0.31547 -0.22476
vn -0.19076 -0.72401 0.66288
vn 0.20189 -0.05495 0.97787
vn -0.17017 -0.73373 0.65779
vn -0.8481 0.49573 0.18703
vn 0.87942 0.36462 -0.30606
vn 0.93394 -0.023 -0.35668
vn 0.85548 -0.3557 -0.37633
vn -0.31822 -0.94641 -0.05518
vn -0.32078 -0.94537 -0.05803
vn 0.68512 0.68914 -0.236
vn 0.38157 0.91099 -0.15651
vn 0.01534 0.9967 -0.07974
vn -0.35952 0.93298 -0.01706
vn -0.52128 -0.85331 -0.01132
vn -0.5215 -0.85322 -0.00748
vn -0.87282 0.48779 0.01552
vn -0.87208 0.48825 0.03287
vn -0.69097 0.72253 0.02247
vn -0.23107 -0.82283 0.51919
vn -0.3027 -0.90939 0.28528
vn -0.82355 0.53342 0.19294
vn -0.82765 0.53539 0.1684
vn 0.9407 -0.26017 -0.2177
vn -0.37883 -0.87482 0.30196
vn -0.27336 -0.80629 0.52456
vn 0.93278 -0.26755 -0.24153
vn -0.70518 0.37482 -0.60186
vn -0.66559 0.41733 -0.61873
vn -0.23246 0.00462 -0.9726
vn -0.80817 0.55811 0.18809
vn -0.7501 0.63816 0.1735
vn -0.2209 -0.00702 -0.97527
vn 0.49889 -0.12783 -0.85718
vn -0.22012 -0.0041 -0.97546
vn 0.95814 -0.18043 -0.22229
vn -0.78783 0.59921 0.14239
vn -0.37812 0.40886 0.83058
vn 0.22251 0.00992 0.97488
vn 0.63978 0.22538 0.73477
vn 0.75229 -0.13843 0.64412
vn 0.87342 0.44043 -0.20776
vn 0.94376 -0.24549 -0.22146
vn 0.22491 0.01212 0.9743
vn 0.23756 0.00301 0.97137
vn 0.23632 -1E-05 0.97168
vn -0.22836 -0.00352 -0.97357
vn -0.22864 -0.00182 -0.97351
vn 0.94391 -0.24541 -0.22093
vn 0.94307 -0.24881 -0.22069
vn 0.94296 -0.24875 -0.22124
vn -0.22735 -0.00218 -0.97381
vn -0.22909 -0.00305 -0.9734
vn -0.80831 0.55809 0.18751
vn -0.80836 0.5581 0.18727
vn -0.32648 0.94239 0.07284
vn -0.3262 0.94249 0.07281
vn 0.87309 0.44148 -0.2069
vn -0.80839 0.55806 0.18728
vn -0.80828 0.55814 0.18752
vn 0.96304 -0.14809 -0.22501
vn 0.96273 -0.14803 -0.22637
vn 0.9517 -0.18784 -0.24288
vn 0.9452 -0.19607 -0.26105
vn -0.77904 0.60624 0.15994
vn -0.75018 0.63808 0.17345
vn -0.75018 0.63803 0.17363
vn -0.80821 0.55805 0.18811
vn -0.32629 0.94244 0.07308
vn 0.87309 0.44184 -0.20615
vn 0.94402 -0.24549 -0.22037
vn 0.9432 -0.24874 -0.22021
vn 0.96293 -0.14816 -0.22542
vn -0.76989 0.61229 0.17991
vn -0.69682 0.41964 -0.58167
vn -0.23493 0.00272 -0.97201
vn 0.46452 -0.10041 -0.87985
vn -0.2204 -0.00092 -0.97541
vn 0.45782 -0.16116 -0.87432
vn 0.3841 -0.14331 -0.9121
vn -0.6742 0.34637 -0.65229
vn -0.32039 0.42177 0.84821
vn -0.36215 0.37935 0.85144
vn -0.31563 0.35331 0.88065
vn 0.82567 -0.14277 0.54578
vn 0.80877 -0.09543 0.58033
vn 0.23756 0.00632 0.97135
vn 0.80197 -0.15684 0.57641
vn 0.04839 0.44548 0.89398
vn 0.23609 0.21864 -0.94681
vn -0.35573 0.43954 -0.82478
vn 0.22093 0.00039 0.97529
vn 0.22266 -0.00244 0.97489
vn 0.22533 -0.00439 0.97427
vn 0.22852 -0.00514 0.97353
vn 0.23172 -0.00456 0.97277
vn 0.23442 -0.00281 0.97213
vn -0.25103 -0.81361 0.52443
vn -0.18041 -0.729 0.66031
vn -0.33915 -0.89163 0.29995
vn -0.42506 -0.90467 -0.03002
vn -0.42566 -0.90428 -0.03324
vn 0.20851 -0.04249 0.9771
vn -0.22225 -0.37352 -0.9006
vn 0.19946 -0.39518 0.89669
vn 0.3486 -0.36905 0.86156
vn 0.47663 -0.2862 0.83121
vn -0.20835 -0.01277 -0.97797
vn 0.56389 -0.15927 0.81035
vn -0.20651 -0.00406 -0.97844
vn 0.59734 -0.00791 0.80195
vn -0.20779 0.00475 -0.97816
vn 0.57187 0.14534 0.80737
vn -0.21242 0.01236 -0.9771
vn 0.49107 0.27676 0.82598
vn -0.21954 0.01756 -0.97544
vn 0.36776 0.36659 0.85461
vn -0.22808 0.01956 -0.97345
vn 0.22014 0.40142 0.88904
vn -0.23668 0.01802 -0.97142
vn 0.07123 0.37525 0.92418
vn -0.24392 0.01314 -0.96971
vn -0.05678 0.29225 0.95466
vn -0.249 0.00589 -0.96849
vn -0.14429 0.16558 0.97558
vn -0.17793 0.01418 0.98394
vn -0.15244 -0.13909 0.97848
vn -0.07184 -0.27067 0.95999
vn -0.36818 -0.36796 -0.85385
vn -0.46639 -0.24971 -0.8486
vn 0.05176 -0.36058 0.93129
vn 0.20594 -0.8331 -0.51335
vn 0.49181 -0.64787 -0.58171
vn 0.68689 -0.3647 -0.62863
vn 0.76167 -0.02613 -0.64744
vn 0.70462 0.3163 -0.63518
vn 0.52473 0.61019 -0.59357
vn 0.24852 0.8112 -0.52933
vn -0.08101 0.88786 -0.45292
vn -0.41406 0.82956 -0.37467
vn -0.70042 0.64465 -0.30635
vn -0.89551 0.36153 -0.25953
vn -0.97034 0.02322 -0.24062
vn -0.91333 -0.3196 -0.25234
vn -0.7332 -0.61348 -0.29337
vn -0.45687 -0.81453 -0.35751
vn -0.12745 -0.89162 -0.43448
vn -0.00143 -0.03597 0.99935
vn 0.01948 -0.02781 0.99942
vn 0.04282 -0.06126 0.9972
vn -0 -0.0594 0.99823
vn -0.02257 -0.10135 0.99459
vn 0.03087 -0.09268 0.99522
vn -0.0429 -0.07182 0.99649
vn -0.03624 -0.0537 0.9979
vn -0.03633 -0.07011 0.99688
vn -0.03424 -0.07336 0.99672
vn -0.02206 -0.05205 0.9984
vn -0.00427 -0.04872 0.9988
vn -0.00931 -0.05206 0.9986
vn -0.97091 0.15836 -0.17962
vn -0.98784 0.15429 0.0192
vn -0.9341 -0.35684 -0.0112
vn -0.91569 -0.34471 -0.20661
vn -0.62256 -0.78182 -0.03429
vn -0.61244 -0.75741 -0.22639
vn -0.15585 -0.98682 -0.04347
vn -0.15781 -0.95967 -0.23267
vn 0.33963 -0.93964 -0.04162
vn 0.3348 -0.91439 -0.22761
vn 0.77131 -0.6359 -0.02665
vn 0.76326 -0.60923 -0.21511
vn 0.98722 -0.15935 0.00058
vn 0.97027 -0.14476 -0.19397
vn 0.92996 0.3661 0.03373
vn 0.91245 0.37762 -0.1576
vn 0.62432 0.77874 0.06158
vn 0.61508 0.77859 -0.12436
vn 0.17257 0.98226 0.07336
vn 0.18289 0.97633 -0.11548
vn -0.34546 0.93602 0.06725
vn -0.33566 0.93336 -0.12714
vn -0.77501 0.63016 0.04754
vn -0.7609 0.63053 -0.15318
vn -0.88527 0.15974 -0.43679
vn -0.84616 -0.30492 -0.43708
vn -0.54877 -0.70798 -0.44454
vn -0.11447 -0.86476 -0.48896
vn 0.31015 -0.80858 -0.50001
vn 0.71164 -0.53941 -0.45012
vn 0.8938 -0.11912 -0.43236
vn 0.83762 0.3772 -0.39511
vn 0.55532 0.74986 -0.35962
vn 0.18345 0.90605 -0.38134
vn -0.30123 0.87193 -0.38601
vn -0.69604 0.59246 -0.40561
vn -0.12082 -0.01001 0.99262
vn -0.98406 0.15235 0.09171
vn -0.93036 -0.36021 0.06838
vn -0.0875 -0.06154 0.99426
vn -0.10347 0.02479 0.99432
vn -0.77263 0.62323 0.12095
vn -0.58785 -0.80798 0.04008
vn -0.01952 -0.16337 0.98637
vn -0.11247 -0.99347 0.01924
vn 0.02526 -0.22237 0.97463
vn 0.3283 -0.94431 0.02238
vn 0.00541 -0.22792 0.97366
vn 0.77421 -0.63061 0.0541
vn 0.03697 -0.14993 0.988
vn 0.98327 -0.16451 0.07817
vn 0.07542 -0.0716 0.99458
vn 0.91717 0.38293 0.11031
vn 0.07472 -0.02675 0.99685
vn 0.59665 0.79061 0.13763
vn 0.02659 0.02415 0.99935
vn 0.19669 0.97029 0.14088
vn -0.00193 0.07165 0.99743
vn -0.33453 0.93192 0.14003
vn -0.04586 0.06867 0.99659
vn 0.01997 -0.00648 0.99978
vn 0.0321 0.01241 0.99941
vn 0.07063 -0.00102 0.9975
vn 0.03487 -0.02463 0.99909
vn 0.04123 -0.07191 0.99656
vn 0.0794 -0.03351 0.99628
vn 0.00743 -0.05989 0.99818
vn 0.00219 -0.04129 0.99915
vn 0.01175 -0.05465 0.99844
vn 0.01536 -0.05606 0.99831
vn 0.01269 -0.03161 0.99942
vn 0.02515 -0.01847 0.99951
vn 0.02303 -0.02413 0.99944
vn -0.87897 -0.44585 -0.16919
vn -0.89029 -0.45441 0.02988
vn -0.54672 -0.83727 0.00848
vn -0.53895 -0.82124 -0.18736
vn -0.04502 -0.99893 -0.01082
vn -0.05116 -0.97774 -0.20348
vn 0.45313 -0.89116 -0.02254
vn 0.4356 -0.87477 -0.21218
vn 0.82656 -0.56213 -0.02842
vn 0.80783 -0.54889 -0.21478
vn 0.99772 -0.06261 -0.02519
vn 0.97555 -0.05018 -0.21399
vn 0.89276 0.45042 -0.01
vn 0.87047 0.44771 -0.20455
vn 0.53796 0.84286 0.01393
vn 0.51702 0.83741 -0.17732
vn 0.04828 0.99811 0.03814
vn 0.04089 0.9882 -0.14762
vn -0.43695 0.89797 0.05229
vn -0.4251 0.89479 -0.13653
vn -0.82914 0.55641 0.05419
vn -0.81965 0.55543 -0.14022
vn -0.99734 0.05631 0.04623
vn -0.98614 0.06016 -0.15462
vn -0.81046 -0.40052 -0.42748
vn -0.50602 -0.75364 -0.41948
vn -0.02863 -0.9055 -0.42338
vn 0.41498 -0.77855 -0.4708
vn 0.72575 -0.48413 -0.48878
vn 0.89276 -0.02949 -0.44956
vn 0.7935 0.41801 -0.4423
vn 0.45668 0.78758 -0.41372
vn 0.00937 0.92435 -0.38144
vn -0.38339 0.83199 -0.40101
vn -0.75571 0.51983 -0.39834
vn -0.91129 0.0615 -0.40715
vn -0.09193 -0.05569 0.99421
vn -0.8861 -0.45205 0.10235
vn -0.54171 -0.83594 0.08804
vn -0.0347 -0.07779 0.99637
vn -0.09831 -0.0173 0.99501
vn -0.99135 0.05382 0.11971
vn -0.00158 -0.99798 0.06352
vn 0.08011 -0.1205 0.98948
vn 0.49218 -0.86959 0.03967
vn 0.151 -0.14225 0.97825
vn 0.82013 -0.57106 0.03581
vn 0.13817 -0.15841 0.97766
vn 0.99696 -0.05476 0.0554
vn 0.11795 -0.07643 0.99007
vn 0.89258 0.44577 0.0677
vn 0.10308 0.00968 0.99463
vn 0.51769 0.85079 0.09034
vn 0.07619 0.04561 0.99605
vn 0.0189 0.99326 0.11433
vn 0.00735 0.05861 0.99825
vn -0.41038 0.90403 0.11967
vn -0.04362 0.08029 0.99582
vn -0.8179 0.5612 0.12687
vn -0.07743 0.05207 0.99564
vn -0.04156 -0.06105 0.99727
vn -0.06107 -0.04995 0.99688
vn -0.0498 -0.01072 0.9987
vn -0.02428 -0.04518 0.99868
vn 0.02262 -0.03611 0.99909
vn -0.01785 -0.00016 0.99984
vn 0.0125 -0.07052 0.99743
vn -0.0058 -0.07681 0.99703
vn 0.00701 -0.06653 0.99776
vn 0.00821 -0.06285 0.99799
vn -0.01606 -0.0669 0.99763
vn -0.02988 -0.05522 0.99803
vn -0.02411 -0.05702 0.99808
vn 0.5031 -0.83716 -0.2146
vn 0.50296 -0.86415 -0.01685
vn 0.86598 -0.5 0.00847
vn 0.85873 -0.4772 -0.18673
vn 0.99927 0.00948 0.03695
vn 0.98753 0.01791 -0.15642
vn 0.86373 0.5005 0.05889
vn 0.85729 0.4976 -0.13212
vn 0.51442 0.85504 0.06548
vn 0.51103 0.85083 -0.12219
vn 0.00631 0.99838 0.0565
vn 0.00404 0.99099 -0.13386
vn -0.50002 0.86522 0.03704
vn -0.48692 0.85899 -0.15827
vn -0.8721 0.48916 0.01285
vn -0.8565 0.48415 -0.17891
vn -0.99992 -0.00846 -0.00947
vn -0.9809 -0.00019 -0.19449
vn -0.87285 -0.48716 -0.02836
vn -0.86151 -0.45986 -0.21525
vn -0.50977 -0.85939 -0.03973
vn -0.50023 -0.8341 -0.23249
vn -0.00101 -0.99938 -0.03519
vn 0.00391 -0.97211 -0.23448
vn 0.46602 -0.75044 -0.46868
vn 0.80031 -0.42919 -0.41869
vn 0.9245 0.05439 -0.37729
vn 0.77463 0.49295 -0.39616
vn 0.46401 0.78794 -0.40477
vn -0.00081 0.92664 -0.37594
vn -0.44172 0.80331 -0.39946
vn -0.79226 0.44599 -0.41644
vn -0.90446 -0.00916 -0.42645
vn -0.78888 -0.39351 -0.47205
vn -0.4563 -0.74756 -0.48264
vn 0.01011 -0.87715 -0.48012
vn 0.01421 -0.16932 0.98546
vn 0.4969 -0.86603 0.05552
vn 0.86064 -0.50155 0.08804
vn 0.03286 -0.11135 0.99324
vn -0.02375 -0.17778 0.98378
vn -0.00232 -0.99925 0.03853
vn 0.99234 0.04667 0.11436
vn 0.06918 0.00577 0.99759
vn 0.83706 0.53316 0.12279
vn 0.08732 0.07838 0.99309
vn 0.52068 0.84389 0.12939
vn 0.1042 0.06653 0.99233
vn -0.00529 0.99066 0.13626
vn 0.02303 0.04101 0.99889
vn -0.499 0.85899 0.11461
vn -0.06221 0.02124 0.99784
vn -0.88242 0.46236 0.08693
vn -0.09656 -0.00755 0.9953
vn -0.99697 -0.04365 0.06432
vn -0.10568 -0.07696 0.99142
vn -0.88358 -0.46653 0.0405
vn -0.12424 -0.12865 0.98388
vn -0.5186 -0.85437 0.03324
vn -0.09415 -0.16077 0.98249
vn -0.02239 -0.00714 0.99972
vn -0.03542 0.01114 0.99931
vn -0.00863 0.04199 0.99908
vn 0 -0 1
vn 0.04634 -0.01157 0.99886
vn 0.02482 0.03811 0.99897
vn 0.02262 -0.03853 0.999
vn 0.00338 -0.03652 0.99933
vn 0.01934 -0.03258 0.99928
vn 0.02199 -0.02975 0.99932
vn -0.00173 -0.02319 0.99973
vn -0.00932 -0.00676 0.99993
vn -0.00484 -0.01083 0.99993
vn 0.09487 -0.97744 -0.18873
vn 0.09151 -0.99575 0.00999
vn 0.57479 -0.81824 0.01002
vn 0.56979 -0.80052 -0.18578
vn 0.91112 -0.41196 0.01222
vn 0.89608 -0.40532 -0.18101
vn 0.99576 0.09077 0.01522
vn 0.98085 0.08499 -0.17526
vn 0.82863 0.55962 0.01427
vn 0.81608 0.55147 -0.17289
vn 0.42808 0.90367 0.01117
vn 0.4151 0.89208 -0.17854
vn -0.08759 0.99611 0.01005
vn -0.08636 0.97893 -0.18503
vn -0.58402 0.81165 0.01192
vn -0.57986 0.79464 -0.17975
vn -0.91014 0.41403 0.01521
vn -0.89702 0.40781 -0.1704
vn -0.99715 -0.0739 0.01489
vn -0.98306 -0.0597 -0.17327
vn -0.82518 -0.56475 0.01153
vn -0.81381 -0.55178 -0.18235
vn -0.42282 -0.90616 0.01003
vn -0.41508 -0.88965 -0.19036
vn 0.08735 -0.89101 -0.44549
vn 0.52753 -0.73949 -0.41818
vn 0.84521 -0.35249 -0.4017
vn 0.89314 0.10755 -0.43673
vn 0.7354 0.50566 -0.45111
vn 0.37369 0.82838 -0.4173
vn -0.07872 0.90199 -0.42452
vn -0.54745 0.72566 -0.41681
vn -0.84104 0.36031 -0.40352
vn -0.89987 -0.03811 -0.4345
vn -0.74787 -0.49961 -0.43712
vn -0.3796 -0.81378 -0.44009
vn -0.01789 -0.12913 0.99147
vn 0.08825 -0.99267 0.08254
vn 0.57256 -0.81494 0.08971
vn 0.02372 -0.08425 0.99616
vn -0.05591 -0.12084 0.9911
vn -0.42093 -0.90322 0.08374
vn 0.92365 -0.37299 0.08803
vn 0.10609 0.00667 0.99433
vn 0.98795 0.13357 0.07823
vn 0.1529 0.06468 0.98612
vn 0.83224 0.54884 0.07846
vn 0.16318 0.04679 0.98549
vn 0.4176 0.90401 0.09148
vn 0.07914 0.05813 0.99517
vn -0.0861 0.99241 0.08782
vn -0.00646 0.07616 0.99707
vn -0.60159 0.79401 0.08741
vn -0.04981 0.06448 0.99667
vn -0.91924 0.38318 0.09045
vn -0.08743 0.00533 0.99616
vn -0.99537 -0.04857 0.08299
vn -0.12632 -0.03389 0.99141
vn -0.82808 -0.55422 0.08443
vn -0.11262 -0.07575 0.99075
vn -0.02057 0.01136 0.99972
vn -0.01624 0.03339 0.99931
vn 0.02457 0.03511 0.99908
vn 0 0 1
vn 0.02344 -0.04162 0.99886
vn 0.04475 0.00815 0.99897
vn -0.01245 -0.04291 0.999
vn -0.02422 -0.02755 0.99933
vn -0.01039 -0.03643 0.99928
vn -0.00651 -0.03641 0.99932
vn -0.01804 -0.01467 0.99973
vn -0.01132 0.00214 0.99993
vn -0.0112 -0.00392 0.99993
vn -0.64499 -0.74052 -0.18873
vn -0.66061 -0.75066 0.00999
vn -0.19957 -0.97983 0.01001
vn -0.19013 -0.96402 -0.18579
vn 0.32672 -0.94504 0.01221
vn 0.32121 -0.92955 -0.18101
vn 0.75015 -0.6611 0.01523
vn 0.7357 -0.65424 -0.17526
vn 0.97594 -0.21755 0.01427
vn 0.9614 -0.21403 -0.17289
vn 0.9507 0.3099 0.01117
vn 0.93336 0.31137 -0.17855
vn 0.66355 0.74806 0.01005
vn 0.65192 0.73537 -0.18504
vn 0.18844 0.98201 0.01192
vn 0.17893 0.9673 -0.17975
vn -0.32452 0.94576 0.01521
vn -0.32003 0.93196 -0.17039
vn -0.73884 0.67372 0.01489
vn -0.71883 0.67324 -0.17326
vn -0.97731 0.21148 0.01153
vn -0.96008 0.21214 -0.18235
vn -0.9489 -0.3154 0.01002
vn -0.93159 -0.30969 -0.19036
vn -0.58736 -0.67569 -0.44547
vn -0.17483 -0.89139 -0.41816
vn 0.32463 -0.85631 -0.40169
vn 0.69181 -0.57502 -0.43675
vn 0.87269 -0.18689 -0.4511
vn 0.85863 0.29766 -0.41731
vn 0.60125 0.67696 -0.42452
vn 0.15109 0.89635 -0.4168
vn -0.31608 0.85864 -0.40351
vn -0.64599 0.62763 -0.43449
vn -0.87686 0.20009 -0.43712
vn -0.85208 -0.28335 -0.44008
vn -0.10611 -0.07573 0.99147
vn -0.66061 -0.74618 0.08254
vn -0.19872 -0.97594 0.08973
vn -0.04492 -0.07511 0.99616
vn -0.12622 -0.04241 0.9911
vn -0.94548 -0.31475 0.08371
vn 0.36362 -0.92738 0.08805
vn 0.07774 -0.0725 0.99433
vn 0.77587 -0.62602 0.07825
vn 0.15206 -0.06666 0.98612
vn 0.9706 -0.22757 0.07846
vn 0.14613 -0.08641 0.98548
vn 0.94376 0.31773 0.09148
vn 0.09662 -0.01757 0.99517
vn 0.66188 0.74445 0.08781
vn 0.0509 0.05703 0.99707
vn 0.16355 0.98266 0.08739
vn 0.01263 0.08051 0.99667
vn -0.3532 0.93117 0.09044
vn -0.05621 0.06719 0.99616
vn -0.71921 0.68982 0.08301
vn -0.11141 0.0685 0.99141
vn -0.97165 0.22084 0.08442
vn -0.13241 0.02978 0.99075
vn 0 -0 1
vn -0.00862 -0.00013 0.99996
vn -0 0 1
vn 5E-05 0.0009 1
vn -0.00857 0.00022 0.99996
vn 0.00237 0.00863 0.99996
vn 0.0103 0.0247 0.99964
vn 0.03896 0.0815 0.99591
vn 0.01219 0.02944 0.99949
vn -0.00327 0.00296 0.99999
vn 0.00012 0.00412 0.99999
vn -0.0047 0.00261 0.99999
vn -0.00023 0.00364 0.99999
vn -0.00755 0.00018 0.99997
vn -0.00024 0.00065 1
vn -1E-05 5E-05 1
vn -0.00015 0.00083 1
vn -0.00325 0.00107 0.99999
vn -0.00473 0.0009 0.99999
vn -0.00755 -0.00012 0.99997
vn -0.00755 -0.00012 0.99997
vn -0.00755 -0.00012 0.99997
vn -0.00211 0.00208 1
vn -0.00903 0.00768 0.99993
vn -2E-05 1E-05 1
vn 0 0 1
vn 0 0 1
vn 0 0 1
vn 0 0 1
vn -0.00802 0.03427 0.99938
vn -0.01303 0.02978 0.99947
vn -0.03713 0.08134 0.99599
vn -0.02102 0.09024 0.9957
vn -0.00048 0.00067 1
vn -0.00068 0.00049 1
vn -0 0 1
vn -0 0 1
vn 0 0 1
vn 0 0 1
vn -0 0 1
vn -0.00084 0.00042 1
vn -0.01595 -0.00048 0.99987
vn -0.01091 0.00379 0.99993
vn -0.00499 0.00551 0.99997
vn 0.03433 0.06065 0.99757
vn 0.08329 0.17458 0.98111
vn 0.12655 0.16571 0.97802
vn 0.07553 0.08286 0.9937
vn 0.02636 0.0304 0.99919
vn -0.00057 0.00171 1
vn -0.01713 0.00779 0.99982
vn -0.05746 0.05613 0.99677
vn -0.03137 0.06179 0.9976
vn -0 0 1
vn 0 0 1
vn -0.00036 0.00014 1
vn -0.01294 0.01521 0.9998
vn -0.04685 0.04528 0.99788
vn -0.08101 0.03364 0.99615
vn -1E-05 0.00278 1
vn -0.00744 -0.00062 0.99997
vn -0.00814 0.00109 0.99997
vn -0.00755 -0.00012 0.99997
vn -0 0 1
vn -0 0 1
vn -0.00129 -0.00044 1
vn -0 0 1
vn -0.00798 -0.00363 0.99996
vn -0.01517 -0.0012 0.99988
vn -0.01025 0.00408 0.99994
vn -0.00461 0.00649 0.99997
vn 0.02982 0.0698 0.99712
vn 0.06543 0.19093 0.97942
vn 0.09407 0.17653 0.97979
vn 0.13771 0.13742 0.98089
vn 0.10146 0.14508 0.9842
vn 0.08756 0.07024 0.99368
vn 0.03131 0.02585 0.99918
vn -0.00077 0.00124 1
vn -0.01933 0.00473 0.9998
vn -0.08905 0.01815 0.99586
vn -0.06307 0.03057 0.99754
vn -0.03388 0.03374 0.99886
vn -0.65331 -0.752 -0.08762
vn -0.49398 -0.57697 -0.65045
vn -0.51901 -0.55349 -0.65137
vn -0.64932 -0.6938 -0.31149
vn -0.64571 -0.73927 0.19116
vn -0.6713 -0.71718 0.18711
vn -0.69192 -0.68697 -0.22209
vn -0.69526 -0.69507 0.183
vn -0.54116 -0.53165 -0.65153
vn 0.01194 0.03197 0.99942
vn 0.0475 0.06526 0.99674
vn 0.03777 0.057 0.99766
vn 0.00791 0.03119 0.99948
vn -0.02544 0.03327 0.99912
vn -0.04772 0.0441 0.99789
vn -0.0551 0.06465 0.99639
vn -0.0259 0.0428 0.99875
vn -0.00745 0.02499 0.99966
vn -0.0139 0.02665 0.99955
vn 0.0005 0.02355 0.99972
vn 0.0023 0.02389 0.99971
vn -0.01086 0.01956 0.99975
vn -0.00953 0.02077 0.99974
vn -0.00323 0.01889 0.99982
vn -0.00041 0.01881 0.99982
vn -0.00043 0.01909 0.99982
vn -0.00021 0.01914 0.99982
vn -0.0303 -0.02947 0.99911
vn -0.02114 -0.02242 0.99953
vn -0.12884 -0.12772 0.98341
vn -0.1859 -0.15326 0.97054
vn -0.00195 -0.00891 0.99996
vn -0.00207 -0.00598 0.99998
vn 0.00083 -0.00859 0.99996
vn 0.00065 -0.00589 0.99998
vn 0.00014 -0.01157 0.99993
vn 0.00048 -0.00874 0.99996
vn 0.00118 -0.00903 0.99996
vn 0.00173 -0.01148 0.99993
vn 0.13661 0.12947 0.98213
vn 0.14847 0.16991 0.97421
vn 0.00551 0.01432 0.99988
vn -0.02167 0.01609 0.99964
vn -0.07633 0.0367 0.99641
vn -0.09566 0.06595 0.99323
vn -0.09879 0.08221 0.99171
vn -0.05527 0.07425 0.99571
vn -0.02365 0.04686 0.99862
vn -0.01366 0.01586 0.99978
vn -0.25577 -0.26038 0.93101
vn -0.31254 -0.28163 0.9072
vn 0.00048 -0.00096 1
vn 0.00041 -0.00106 1
vn 0.00031 0.0001 1
vn -0.00208 -0.00045 1
vn -0.00855 -0.00568 0.99995
vn -0.03652 -0.03662 0.99866
vn -0.11201 -0.10903 0.98771
vn 0.02461 0.03297 0.99915
vn 0.05774 0.03603 0.99768
vn 0.00803 0.0266 0.99961
vn -0.0001 0.01897 0.99982
vn 0.00052 -0.00027 1
vn 0.00198 -0.00983 0.99995
vn 0.00149 -0.00734 0.99997
vn -0.09959 0.08769 0.99116
vn -0.05559 0.07761 0.99543
vn -0.02333 0.04853 0.99855
vn -0.01459 0.01241 0.99982
vn -0.12705 -0.14569 0.98114
vn -0.26269 -0.30663 0.91486
vn -0.30978 -0.31998 0.89535
vn 0.01064 0.01359 0.99985
vn 0.03479 0.03626 0.99874
vn 0.0258 0.03112 0.99918
vn 0.00703 0.01289 0.99989
vn -0.01663 0.01453 0.99976
vn -0.02957 0.02377 0.99928
vn -0.0435 0.04032 0.99824
vn -0.03058 0.02429 0.99924
vn -0.00564 0.00416 0.99998
vn -0.0113 0.0067 0.99991
vn -0.00015 0.00014 1
vn -0.00038 0.00028 1
vn 0.00303 0.00325 0.99999
vn 0.00722 0.006 0.99996
vn -0.00574 0.00172 0.99998
vn -0.01942 0.00401 0.9998
vn -0.00126 0.00018 1
vn -0 -0 1
vn -0 -0 1
vn 0 -0 1
vn 0 -0 1
vn -0.00453 -0.00493 0.99998
vn -0.0192 -0.01114 0.99975
vn -0.00122 -0.0009 1
vn -0 0 1
vn 0 -0 1
vn 0 -0 1
vn 0 -0 1
vn -0.07331 -0.10539 0.99172
vn -0.01848 -0.03705 0.99914
vn -0.01316 -0.03089 0.99944
vn -0.05239 -0.08869 0.99468
vn -0.00201 -0.00013 1
vn -0.00197 -0.00029 1
vn -0 0 1
vn -0 0 1
vn 0 -0 1
vn 0 -0 1
vn -0 0 1
vn 0 0 1
vn -0 0 1
vn -0 0 1
vn 0.11599 0.1034 0.98785
vn 0.09999 0.07832 0.9919
vn 0.01357 0.00764 0.99988
vn -0.00073 0.00037 1
vn -0.01861 0.00478 0.99982
vn -0.04815 0.02202 0.9986
vn -0.06544 0.04357 0.9969
vn -0.07058 0.07215 0.99489
vn -0.05149 0.05386 0.99722
vn -0.04299 0.03124 0.99859
vn -0.05279 0.00413 0.9986
vn -0.08722 -0.03675 0.99551
vn -0.2188 -0.2375 0.94642
vn -0.26756 -0.25471 0.92927
vn 0.01333 0.01219 0.99984
vn 0.02982 0.01738 0.9994
vn 0.00526 0.00643 0.99997
vn -0 -0 1
vn 0 -0 1
vn 0 -0 1
vn 0 -0 1
vn 0.15921 0.12791 0.97892
vn 0.17298 0.16508 0.97099
vn 0.03872 0.03017 0.99879
vn 0.01547 0.01335 0.99979
vn -0.00084 0.00043 1
vn -0.01975 0.00307 0.9998
vn -0.05324 0.01982 0.99839
vn -0.07472 0.04432 0.99622
vn -0.08108 0.08079 0.99343
vn -0.07097 0.07675 0.99452
vn -0.08151 0.08646 0.99292
vn -0.0377 0.05535 0.99775
vn -0.01692 0.03153 0.99936
vn -0.03 0.00142 0.99955
vn -0.08506 -0.05042 0.9951
vn -0.22739 -0.28416 0.93142
vn -0.26781 -0.29421 0.91745
vn 0.10843 0.06883 0.99172
vn 0.0218 0.03093 0.99928
vn 0.02141 0.03595 0.99912
vn 0.11962 0.09188 0.98856
vn -0.04061 0.0526 0.99779
vn -0.04006 0.03233 0.99867
vn -0.06624 0.0339 0.99723
vn -0.0777 0.06305 0.99498
vn -0.02539 0.01697 0.99953
vn -0.04123 0.0159 0.99902
vn -0.00263 0.00322 0.99999
vn -0.00435 0.00255 0.99999
vn 0.00762 0.0047 0.99996
vn 0.01356 0.00519 0.99989
vn -0.01993 0.0187 0.99963
vn -0.01729 0.02928 0.99942
vn -0.01222 0.00976 0.99988
vn -0.00102 0.00159 1
vn 0.00286 0.00228 0.99999
vn -0.00135 0.01176 0.99993
vn 0.00044 0.01182 0.99993
vn -0.00672 0.00142 0.99998
vn -0.01021 0.00252 0.99994
vn -0.004 0.00048 0.99999
vn -5E-05 -1E-05 1
vn -0 0 1
vn 0 -0 1
vn -0 -0 1
vn -0.00609 -0.00516 0.99997
vn -0.02605 -0.01916 0.99948
vn -0.00377 -0.0017 0.99999
vn -8E-05 -6E-05 1
vn -0 0 1
vn 0 -0 1
vn 0 0 1
vn -0.0319 -0.01834 0.99932
vn -0.02256 -0.01487 0.99963
vn -0.137 -0.10927 0.98453
vn -0.1947 -0.12761 0.97253
vn -0.00545 -0.0008 0.99998
vn -0.0054 -0.00054 0.99999
vn -0.00015 -2E-05 1
vn -0.00015 -5E-05 1
vn -0 -0 1
vn -0 -0 1
vn 0 -0 1
vn 0 -0 1
vn 0 -0 1
vn 0 -0 1
vn -0.07881 0.07879 0.99377
vn -0.03991 0.06166 0.9973
vn -0.01559 0.03289 0.99934
vn -0.03204 -0.00168 0.99949
vn -0.09194 -0.0473 0.99464
vn -0.27581 -0.23033 0.93321
vn -0.33405 -0.24483 0.9102
vn 0.02361 0.0142 0.99962
vn 0.04975 0.01837 0.99859
vn 0.00801 0.0071 0.99994
vn -0 0 1
vn -0 0 1
vn -0 -0 1
vn -0 -0 1
vn 0.20081 0.12392 0.97176
vn 0.21858 0.16058 0.96252
vn 0.06869 0.03142 0.99714
vn 0.01576 0.00504 0.99986
vn -0.00472 0.00015 0.99999
vn -0.04699 0.01533 0.99878
vn -0.07781 0.03409 0.99639
vn -0.09759 0.0654 0.99308
vn -0.09967 0.08212 0.99163
vn -0.07917 0.08419 0.9933
vn -0.10008 0.08772 0.9911
vn -0.03992 0.06491 0.99709
vn -0.01523 0.03437 0.99929
vn -0.0375 -0.00494 0.99928
vn -0.10782 -0.06238 0.99221
vn -0.28693 -0.27586 0.91737
vn -0.33518 -0.28344 0.89851
vn -0.61721 0.78634 -0.02701
vn -0.58994 0.75088 -0.29689
vn -0.59136 0.74957 -0.29738
vn -0.61941 0.78477 -0.02168
vn -0.31406 0.39984 -0.8611
vn -0.00092 0.00547 -0.99998
vn -0.00567 0.00637 -0.99996
vn -0.33217 0.34787 -0.87673
vn 0.00631 0.99977 -0.02071
vn -0.28258 0.95911 -0.01606
vn -0.28201 0.95927 0.01627
vn 0.00631 0.99977 0.02071
vn -0.6172 0.78635 0.02692
vn -0.00092 0.00547 0.99998
vn -0.31573 0.402 0.85949
vn -0.3336 0.34992 0.87537
vn -0.00571 0.00643 0.99996
vn -0.59029 0.75138 0.29494
vn -0.61941 0.78477 0.02162
vn -0.59169 0.75008 0.29544
vn 0.00251 0.00281 0.99999
vn 0.3315 0.36073 0.87177
vn 0.32385 0.38352 0.86489
vn 0.00043 0.00536 0.99999
vn 0.61717 0.72716 0.30056
vn 0.6471 0.76208 0.02204
vn 0.64466 0.76398 0.02725
vn 0.6156 0.72872 0.30002
vn -0.00202 0.99979 0.0206
vn 0.29618 0.955 0.01596
vn 0.29558 0.95518 -0.01619
vn -0.00203 0.99979 -0.02061
vn 0.64465 0.76399 -0.02717
vn 0.6471 0.76209 -0.02199
vn 0.61749 0.72762 -0.29881
vn 0.61592 0.72917 -0.29824
vn 0.33314 0.36279 -0.87029
vn 0.00253 0.00283 -0.99999
vn 0.00043 0.00536 -0.99999
vn 0.3256 0.38563 -0.86329
vn 0.00192 0.99981 -0.01926
vn 0.00187 0.9714 -0.23745
vn 0.00536 0.97139 -0.23744
vn 0.00552 0.9998 -0.01926
vn 0.0011 0.57454 -0.81847
vn 3E-05 0.01302 -0.99992
vn 7E-05 0.01284 -0.99992
vn 0.00318 0.57452 -0.81848
vn 3E-05 0.01302 0.99992
vn 0.0011 0.57453 0.81848
vn 0.00318 0.57453 0.81848
vn 7E-05 0.01284 0.99992
vn 0.00186 0.9714 0.23745
vn 0.00192 0.99981 0.01925
vn 0.00552 0.9998 0.01926
vn 0.00536 0.97139 0.23745
vn 1E-05 0.01114 -0.99994
vn 0.00052 0.58259 -0.81277
vn -0.00015 0.57453 -0.81848
vn -0 0.013 -0.99992
vn 0.00086 0.97038 -0.2416
vn 0.00088 0.9998 -0.01979
vn -0.00025 0.99981 -0.01924
vn -0.00024 0.97141 -0.23742
vn 0.00087 0.9998 0.0198
vn 0.00086 0.97037 0.24162
vn -0.00025 0.97139 0.23747
vn -0.00025 0.99982 0.01923
vn 0.00052 0.58263 0.81274
vn 1E-05 0.01114 0.99994
vn -0 0.013 0.99992
vn -0.00015 0.57456 0.81847
vn 0.00674 -0.99979 -0.01925
vn 0.26205 -0.96498 -0.01234
vn 0.26204 -0.96498 0.01235
vn 0.00674 -0.99979 0.01925
vn 0.84855 -0.5288 -0.01811
vn 0.99272 -0.11742 -0.02668
vn 0.99272 -0.11741 0.02668
vn 0.84855 -0.5288 0.01811
vn 0.00073 -0.05889 -0.99826
vn 0.00413 -0.57439 -0.81857
vn 0.00294 -0.57448 -0.81851
vn 0.00027 -0.05313 -0.99859
vn 0.00636 -0.9714 -0.23738
vn 0.00511 -0.9998 -0.01924
vn 0.00497 -0.97139 -0.23742
vn 0.00636 -0.9714 0.23736
vn 0.00497 -0.9714 0.23741
vn 0.00511 -0.9998 0.01924
vn 0.00413 -0.57444 0.81854
vn 0.00073 -0.05887 0.99827
vn 0.00027 -0.05313 0.99859
vn 0.00294 -0.57452 0.81849
vn -0.00075 -0.99981 -0.01925
vn -0.00073 -0.97139 -0.23747
vn 0.00067 -0.9714 -0.23745
vn 0.00069 -0.99981 -0.01926
vn -0.00043 -0.57451 -0.8185
vn -3E-05 -0.03686 -0.99932
vn 3E-05 -0.0368 -0.99932
vn 0.0004 -0.57452 -0.81849
vn 0.00069 -0.99981 0.01925
vn 0.00067 -0.9714 0.23745
vn -0.00073 -0.9714 0.23745
vn -0.00075 -0.99981 0.01925
vn 0.0004 -0.57452 0.81849
vn 3E-05 -0.0368 0.99932
vn -3E-05 -0.03686 0.99932
vn -0.00043 -0.57451 0.8185
vn 0.00539 -0.9998 -0.01928
vn 0.00523 -0.97141 -0.23733
vn -0.00328 -0.9714 -0.23743
vn -0.00338 -0.99981 -0.01925
vn 0.00311 -0.57462 -0.81842
vn 0.00023 -0.0421 -0.99911
vn -0.00012 -0.03683 -0.99932
vn -0.00194 -0.57451 -0.8185
vn -0.00338 -0.99981 0.01925
vn -0.00328 -0.9714 0.23744
vn 0.00523 -0.97141 0.23735
vn 0.00539 -0.9998 0.01927
vn -0.00194 -0.57454 0.81847
vn -0.00012 -0.03683 0.99932
vn 0.00023 -0.04209 0.99911
vn 0.00311 -0.57466 0.81838
vn -0.998 -0.05654 -0.02809
vn -0.84753 -0.53044 -0.01809
vn -0.84753 -0.53044 0.01809
vn -0.998 -0.05655 0.02809
vn -0.25995 -0.96554 -0.01234
vn 0.01011 -0.99976 -0.01921
vn 0.01011 -0.99976 0.01921
vn -0.25994 -0.96554 0.01234
vn -2E-05 0.01146 0.99993
vn -0 -0 1
vn -0.00145 0.9998 -0.01994
vn -0.00145 0.9998 0.01993
vn 0 -0 -1
vn -2E-05 0.01146 -0.99993
vn -0 -0 -1
vn -0 -0 -1
vn 0 -0 1
vn 0 0 1
vn 0 -0 -1
vn 0 -0 -1
vn -0 0 1
vn 0 0 1
vn 0.99962 0.00155 -0.02734
vn 0.99963 0.00155 0.02734
vn -0.00087 -0.04754 -0.99887
vn -0.00087 -0.04754 0.99887
vn -0.99962 -0.00233 0.02752
vn -0.99962 -0.00233 -0.02752
vn -0.41674 -0.04052 0.90812
vn -0.93767 -0.00223 0.34753
vn -0.93791 -0.036 0.34501
vn -0.93766 -0.00223 -0.34754
vn -0.9379 -0.036 -0.34502
vn -0.41674 -0.04052 -0.90812
vn 0.93753 0.0015 0.3479
vn 0.93677 -0.0757 0.34166
vn 0.41138 -0.09184 0.90682
vn 0.4114 -0.0918 -0.90682
vn 0.93753 0.0015 -0.34791
vn 0.93677 -0.0757 -0.34167
vn -0.00205 0.96975 -0.2441
vn -0.0014 0.97009 -0.24273
vn -0.00116 0.58923 -0.80797
vn -0.00086 0.58593 -0.81036
vn -0.00117 0.5892 0.80799
vn -0.00086 0.58591 0.81038
vn -0.00206 0.96974 0.24413
vn -0.0014 0.97009 0.24275
vn 0.00368 0.58982 -0.80753
vn 0.00633 0.96952 -0.24492
vn 0.00632 0.96952 0.24493
vn 0.00366 0.58986 0.8075
vn 0.00528 -0.57452 -0.81847
vn 0.01022 -0.97141 -0.23719
vn 0.01022 -0.97141 0.2372
vn 0.00528 -0.57457 0.81844
vn -0.26961 0.93298 -0.23845
vn -0.1981 0.67604 -0.70973
vn -0.20295 0.67708 0.70737
vn -0.27345 0.93226 0.23689
vn 0.2827 0.92925 0.23784
vn 0.20692 0.67087 0.71212
vn 0.21181 0.67174 -0.70986
vn 0.28655 0.92847 -0.2363
vn 0.8404 -0.46658 -0.27574
vn 0.23005 -0.95119 -0.20569
vn 0.32845 -0.49788 -0.80264
vn 0.32837 -0.49807 0.80256
vn 0.22998 -0.95122 0.20566
vn 0.84037 -0.46663 0.27576
vn -0.22806 -0.95175 -0.20533
vn -0.83954 -0.46848 -0.27514
vn -0.32762 -0.49914 -0.80219
vn -0.83956 -0.46845 0.27514
vn -0.22805 -0.95175 0.20532
vn -0.32762 -0.49914 0.8022
vn -0.01639 -0.00518 0.99985
vn 0.00531 -0.00145 0.99998
vn 0.00782 0.00011 0.99997
vn -0.00893 1E-05 0.99996
vn 0.51913 -0.67153 0.52873
vn 0.48471 -0.61698 0.61999
vn 0.61057 -0.79163 0.02288
vn -0.25987 -0.96539 0.022
vn -0.26723 -0.96322 -0.02825
vn 0.61056 -0.79162 -0.02341
vn -0.99962 0.0065 0.02684
vn -0.99961 0.00658 -0.02698
vn 0.61742 -0.78623 0.02517
vn 0.99925 0.02115 0.03254
vn 0.87371 -0.48593 0.02224
vn 0.87435 -0.48477 -0.02255
vn 0.99925 0.02116 -0.03249
vn 0.61741 -0.78623 -0.0254
vn -0.02035 0.00546 0.99978
vn -0.7937 -0.00394 0.60829
vn -0.72608 0.00148 0.68761
vn -0.00965 5E-05 0.99995
vn -0.99964 -0.00452 0.02632
vn -0.9995 0.00175 0.03163
vn 0.66646 0.74519 0.02271
vn 0.57054 0.63543 0.5203
vn 0.52887 0.57907 0.62046
vn 0.67401 0.73824 0.02658
vn 0.0057 0.00143 0.99998
vn -0.26118 0.96472 0.03306
vn -0.25243 0.96728 -0.02536
vn -0.99965 -0.00444 -0.02617
vn 0.66645 0.74522 -0.02213
vn 0.99936 0.0134 0.03321
vn 0.72609 0.00976 0.68753
vn 0.75007 0.00456 0.66134
vn 0.9995 0.00602 0.03108
vn 0.00907 8E-05 0.99996
vn 0.88114 0.47227 0.02356
vn 0.88059 0.47332 -0.0233
vn 0.67402 0.73823 -0.02685
vn 0.99936 0.01341 -0.03327
vn 0.51979 -0.67284 -0.52641
vn 0.48871 -0.62253 -0.61124
vn -0.01671 -0.00527 -0.99985
vn 0.00547 -0.00147 -0.99998
vn -0.79369 -0.00415 -0.6083
vn -0.72603 0.00148 -0.68766
vn -0.9995 0.00175 -0.03154
vn -0.02044 0.00541 -0.99978
vn -0.00965 5E-05 -0.99995
vn 0.57089 0.63531 -0.52006
vn 0.52184 0.57092 -0.63383
vn 0.00565 0.00139 -0.99998
vn 0.72605 0.00973 -0.68757
vn 0.75011 0.00456 -0.66129
vn 0.00906 8E-05 -0.99996
vn 0.9995 0.00602 -0.03111
vn -0.72504 0.00459 0.68869
vn -0.79051 0.00564 0.61242
vn -0.99949 0.0065 0.03129
vn -0.00894 3E-05 -0.99996
vn -0.7228 0.00458 -0.69104
vn -0.74566 0.00546 -0.66631
vn -0.00938 7E-05 -0.99996
vn -0.99949 0.0065 -0.03137
vn -0.99952 0.00732 -0.03008
vn 0.99931 0.01999 0.03126
vn 0.75077 0.01499 0.6604
vn 0.72922 0.01545 0.6841
vn 0.99931 0.01999 -0.03122
vn 0.7508 0.01499 -0.66036
vn 0.7444 0.00484 -0.66772
vn 0.99952 0.00649 -0.03014
vn 0.0079 0.00013 -0.99997
vn 0.00925 6E-05 -0.99996
vn -0.99952 0.00732 0.03008
vn 0.99952 0.0065 0.03016
vn 0.00925 6E-05 0.99996
vn -0.00938 7E-05 0.99996
vn -0.74566 0.00546 0.66631
vn -0.79101 0.00542 -0.61177
vn 0.74435 0.00484 0.66777
vn 0.72937 0.01543 -0.68395
vn -0.2466 -0.71274 0.65665
vn 0.76455 -0.4278 0.48213
vn -0.16727 0.72832 0.66451
vn 0.76545 0.42305 0.48488
vn -0.18043 -0.74661 -0.64033
vn -0.23969 0.68041 -0.69253
vn 0.76748 0.41533 -0.48834
vn 0.7625 -0.43558 -0.4784
vn 0.99965 0.00353 -0.02632
vn 0.92252 0.00237 -0.38593
vn 0.92932 0.00708 -0.36922
vn 0.99951 0.00751 -0.03054
vn 0.38417 -0.00069 -0.92326
vn 0.01943 -0.00392 -0.9998
vn 0.00957 7E-05 -0.99995
vn 0.39953 0.00291 -0.91672
vn -0.15412 -0.98804 0.00386
vn -0.15412 -0.98804 0.00386
vn -0.15412 -0.98804 0.00386
vn -0.15412 -0.98804 0.00386
vn 0.70559 -0.70861 0.00202
vn 0.70559 -0.70861 0.00202
vn 0.70559 -0.70861 0.00202
vn -0.27951 -0.35655 -0.89149
vn -0.29623 -0.35673 -0.886
vn -0.00545 -0.00101 -0.99998
vn -0.59848 -0.72444 -0.34208
vn -0.63615 -0.77123 -0.02275
vn -0.63756 -0.76998 -0.02563
vn -0.59921 -0.72398 -0.34177
vn 0.01941 -0.00396 0.9998
vn 0.38403 -0.0009 0.92332
vn 0.39954 0.00291 0.91671
vn 0.00957 7E-05 0.99995
vn 0.92251 0.00225 0.38596
vn 0.99965 0.00351 0.02632
vn 0.99951 0.00751 0.03054
vn 0.92932 0.00708 0.36922
vn -0.63577 -0.77151 0.02383
vn -0.59707 -0.72924 0.33423
vn -0.60083 -0.7265 0.33346
vn -0.63754 -0.76999 0.02577
vn -0.29214 -0.37052 0.88168
vn -0.00548 -0.00104 0.99998
vn -0.3067 -0.36981 0.87703
vn -0.43613 0.00256 -0.89988
vn -0.42821 -0.00104 -0.90368
vn -0.00877 -2E-05 -0.99996
vn -0.9303 0.00602 -0.36675
vn -0.99947 0.00626 -0.03209
vn -0.99953 -0.00218 -0.03047
vn -0.93366 -0.00194 -0.35815
vn -0.87696 -0.48003 -0.02273
vn -0.87762 -0.47881 0.02302
vn -0.99947 0.00626 0.03209
vn -0.9303 0.006 0.36674
vn -0.93366 -0.00194 0.35815
vn -0.99953 -0.00218 0.03047
vn -0.43613 0.00254 0.89988
vn -0.00877 -2E-05 0.99996
vn -0.42822 -0.00104 0.90367
vn -0.15949 0.98719 -0.00446
vn -0.15949 0.98719 -0.00446
vn -0.15949 0.98719 -0.00446
vn -0.15949 0.98719 -0.00446
vn 0.71074 0.70345 -0.00225
vn 0.71074 0.70345 -0.00225
vn 0.71074 0.70345 -0.00225
vn 0.0176 0.01082 0.99979
vn -0.2667 0.34742 0.89898
vn -0.28474 0.34837 0.89306
vn -0.00627 0.0031 0.99998
vn -0.59062 0.7261 0.35205
vn -0.6302 0.7761 0.02271
vn -0.63186 0.77465 0.02599
vn -0.5915 0.72555 0.35171
vn -0.99913 0.02622 0.03247
vn -0.87935 0.47561 0.02325
vn -0.87996 0.47446 -0.02354
vn -0.99913 0.0262 -0.03247
vn -0.63183 0.77466 -0.02641
vn -0.6298 0.77638 -0.02421
vn -0.58968 0.73141 -0.34253
vn -0.59347 0.72873 -0.34168
vn -0.28059 0.363 -0.88854
vn 0.01754 0.01096 -0.99979
vn -0.00636 0.00322 -0.99997
vn -0.29613 0.36285 -0.88354
vn 0.00954 -3E-05 -0.99995
vn 0.41979 -0.00116 -0.90762
vn 0.41999 0.00338 -0.90752
vn 0.00942 8E-05 -0.99996
vn 0.93758 -0.0026 -0.34776
vn 0.99957 -0.00277 -0.0291
vn 0.99954 0.00803 -0.02914
vn 0.93765 0.00753 -0.34751
vn 0.00954 -3E-05 0.99995
vn 0.41981 -0.00116 0.90761
vn 0.39976 -0.00711 0.91659
vn 0.01022 -0.00018 0.99995
vn 0.93758 -0.0026 0.34776
vn 0.99957 -0.00277 0.0291
vn 0.99936 -0.01852 0.0305
vn 0.92937 -0.01686 0.36875
vn -0.99956 0.00547 0.0291
vn -0.93754 0.00513 0.34785
vn -0.93394 0.01279 0.35719
vn -0.99945 0.01333 0.03023
vn -0.41975 0.0023 0.90763
vn -0.00954 5E-05 0.99995
vn -0.00849 0.00011 0.99996
vn -0.42671 0.00555 0.90437
vn -0.00954 5E-05 -0.99995
vn -0.41973 0.0023 -0.90764
vn -0.4267 0.00555 -0.90437
vn -0.00848 0.00011 -0.99996
vn -0.93754 0.00513 -0.34784
vn -0.99956 0.00547 -0.0291
vn -0.99945 0.01333 -0.03023
vn -0.93395 0.01279 -0.35718
vn 0.99954 0.00803 0.02914
vn 0.99936 -0.01852 -0.0305
vn 0.00942 8E-05 0.99996
vn -0.0096 -7E-05 0.99995
vn -0.99955 -0.00722 0.02904
vn -0.99955 -0.00722 -0.02903
vn -0.0096 -7E-05 -0.99995
vn 0.99918 -0.03124 -0.02568
vn 0.99918 -0.03128 0.02568
vn 0.01022 -0.00018 -0.99995
vn 0.92937 -0.01686 -0.36876
vn 0.39976 -0.00711 -0.91659
vn 0.42001 0.00338 0.90751
vn 0.93765 0.00753 0.3475
vn 0.37916 -0.00567 -0.92531
vn 0.92162 -0.02634 -0.38719
vn 0.92165 -0.02668 0.3871
vn 0.37965 -0.00632 0.92511
vn -0.93759 -0.00678 0.34766
vn -0.41996 -0.00303 0.90754
vn -0.43744 0.01199 0.89917
vn -0.92912 0.02382 0.36902
vn -0.41994 -0.00303 -0.90754
vn -0.9376 -0.00678 -0.34766
vn -0.92912 0.02388 -0.36901
vn -0.43747 0.01206 -0.89915
vn 0.12023 -0.30746 -0.94394
vn 0.71993 -0.53461 -0.4426
vn 0.71993 -0.53461 -0.4426
vn -0.16716 -0.90628 -0.38822
vn -0.16716 -0.90628 -0.38822
vn -0.16716 -0.90628 -0.38822
vn 0.67368 -0.59615 0.43676
vn 0.08229 -0.34679 0.93433
vn -0.22031 -0.90761 0.35736
vn -0.22031 -0.90761 0.35736
vn -0.82624 -0.45629 -0.33035
vn -0.52388 -0.28663 -0.80211
vn -0.52469 -0.29533 0.79842
vn -0.82377 -0.46286 0.32736
vn 0.11865 0.28637 0.95074
vn 0.72303 0.5149 0.46056
vn 0.72303 0.5149 0.46056
vn -0.16858 0.8961 0.41058
vn -0.16858 0.8961 0.41058
vn -0.16858 0.8961 0.41058
vn -0.82693 0.45146 0.33523
vn -0.52506 0.28393 0.8023
vn 0.67237 0.58332 -0.45569
vn 0.67237 0.58332 -0.45569
vn 0.07669 0.32827 -0.94147
vn -0.23109 0.89823 -0.37388
vn -0.23109 0.89823 -0.37388
vn -0.52603 0.29271 -0.79851
vn -0.82455 0.45805 -0.33213
vn -0.66942 -0.74236 -0.02799
vn -0.31118 -0.95021 -0.01655
vn -0.31176 -0.95002 0.01633
vn -0.66943 -0.74235 0.02807
vn -0.01501 -0.99967 -0.02085
vn -0.01501 -0.99967 0.02085
vn -0.00156 -0.00591 -0.99998
vn -0.33365 -0.36973 -0.86717
vn -0.3432 -0.33885 -0.87601
vn -0.00758 -0.00775 -0.99994
vn -0.63864 -0.70745 -0.30275
vn -0.6719 -0.74029 -0.02281
vn -0.64022 -0.70578 -0.30331
vn -0.63826 -0.70696 0.30468
vn -0.63985 -0.70529 0.30522
vn -0.6719 -0.74029 0.02285
vn -0.33184 -0.3677 0.86872
vn -0.00155 -0.00591 0.99998
vn -0.00753 -0.00769 0.99994
vn -0.34155 -0.33688 0.87741
vn 0.63854 -0.76909 -0.02778
vn 0.60954 -0.73333 -0.30115
vn 0.61121 -0.73171 -0.30171
vn 0.64112 -0.76711 -0.02249
vn 0.32081 -0.38604 -0.8649
vn 0.00078 -0.00542 -0.99998
vn 0.00398 -0.00444 -0.99998
vn 0.3294 -0.36101 -0.87245
vn 0.00558 -0.99976 -0.021
vn 0.2931 -0.95594 -0.01642
vn 0.29253 -0.95611 0.01664
vn 0.00557 -0.99976 0.02102
vn 0.63853 -0.7691 0.02768
vn 0.0006 -0.00531 0.99999
vn 0.32249 -0.3881 0.86335
vn 0.33071 -0.3637 0.87083
vn 0.00383 -0.00441 0.99998
vn 0.60987 -0.7338 0.29932
vn 0.64111 -0.76712 0.02243
vn 0.61154 -0.73218 0.2999
vn -0.00263 -0.01261 0.99992
vn -0.00339 -0.57448 0.81851
vn 0.00173 -0.58155 0.81351
vn 3E-05 -0.01152 0.99993
vn -0.00263 -0.9714 0.23742
vn -0.00211 -0.99981 0.01959
vn 0.00301 -0.9998 0.02001
vn 0.00296 -0.97048 0.24115
vn -0.00202 -0.99981 -0.01947
vn -0.00138 -0.97141 -0.2374
vn 0.00296 -0.97048 -0.24117
vn 0.00301 -0.9998 -0.02001
vn 0.00102 -0.57451 -0.81849
vn 0.00257 -0.01264 -0.99992
vn 4E-05 -0.01158 -0.99993
vn 0.00172 -0.58161 -0.81347
vn 0.01616 -0.99968 0.01963
vn 0.01663 -0.97125 0.23747
vn 0.0003 -0.97059 0.24073
vn 0.00046 -0.9998 0.01992
vn 0.01266 -0.57442 0.81846
vn 0.00435 -0.01295 0.99991
vn 1E-05 -0.01128 0.99994
vn 0.00033 -0.58111 0.81383
vn -0.00393 -0.01299 -0.99991
vn 0.0058 -0.57449 -0.81849
vn 0.00033 -0.58114 -0.8138
vn 1E-05 -0.01128 -0.99994
vn 0.01463 -0.9713 -0.23742
vn 0.01601 -0.99968 -0.01944
vn 0.00045 -0.9998 -0.01993
vn 0.0003 -0.97061 -0.24068
vn 0.99421 0.10378 -0.02795
vn 0.84887 0.52836 -0.01612
vn 0.84982 0.52675 0.01838
vn 0.99417 0.10435 0.02716
vn 0.26367 0.96453 -0.01254
vn 0.01513 0.99969 -0.01954
vn 0.01512 0.99969 0.01954
vn 0.26367 0.96453 0.01254
vn 0.01442 0.97131 -0.2374
vn 0.00817 0.97139 -0.23736
vn 0.0084 0.99977 -0.01952
vn 0.00937 0.59937 -0.80042
vn 0.00155 0.06058 -0.99816
vn 0.00036 0.04628 -0.99893
vn 0.00487 0.58714 -0.80947
vn 0.00139 0.06055 0.99816
vn 0.00903 0.57412 0.81872
vn 0.00481 0.57432 0.81862
vn 0.00041 0.04629 0.99893
vn 0.01438 0.97131 0.2374
vn 0.0084 0.99977 0.01951
vn 0.00817 0.97138 0.2374
vn 0.00075 0.99981 -0.01973
vn 0.00072 0.97141 -0.23742
vn -0.00926 0.97137 -0.23737
vn -0.00856 0.99977 -0.01941
vn 0.00038 0.57454 -0.81847
vn -0.00032 0.0314 -0.99951
vn -0.00447 0.03059 -0.99952
vn -0.00834 0.57457 -0.81841
vn -0.00845 0.99977 0.0196
vn -0.00731 0.9714 0.23734
vn 0.00071 0.97141 0.2374
vn 0.00075 0.99981 0.01936
vn -0.00137 0.57463 0.81841
vn 0.00394 0.03053 0.99953
vn 0.00036 0.03154 0.9995
vn 0.00051 0.57455 0.81847
vn -0.00208 0.99981 -0.01959
vn -0.24957 0.96827 -0.01263
vn -0.24971 0.96824 0.01233
vn -0.00208 0.99981 0.01956
vn -0.84084 0.54097 -0.01839
vn -0.9906 0.13392 -0.02775
vn -0.99058 0.13412 0.0277
vn -0.84099 0.54074 0.01837
vn 0 2E-05 1
vn -0 -2E-05 -1
vn -0.00961 0.99976 -0.01956
vn -0.00961 0.99976 0.01956
vn 0.00065 0.99981 0.01958
vn 0.00075 0.99981 -0.01944
vn -0.00267 -1E-05 1
vn 4E-05 -0 1
vn 8E-05 -0.01284 0.99992
vn 0.00539 -0.9998 0.01939
vn 0.00539 -0.99979 -0.01978
vn 6E-05 -0.01277 -0.99992
vn -4E-05 0 -1
vn 0.00267 1E-05 -1
vn -0 0 1
vn -0 0 -1
vn 0.0042 0 0.99999
vn -0.0042 -0 -0.99999
vn 0.99953 -0.01285 0.02778
vn 0.99952 -0.01284 -0.0282
vn -0.00035 0.03688 -0.99932
vn -0.00035 0.03682 0.99932
vn 0.00294 0.03542 -0.99937
vn -0.00289 0.03527 0.99937
vn -0.00114 0.04505 -0.99898
vn -0.99824 0.05255 -0.02757
vn -0.99824 0.05255 0.02757
vn -0.00113 0.04506 0.99898
vn -0.93722 0.05025 0.3451
vn -0.93481 0.10213 0.34016
vn -0.41561 0.08559 0.90551
vn 0.41141 0.08475 0.9075
vn 0.93732 -0.01238 0.34825
vn 0.93739 0.06344 0.34245
vn -0.4155 0.08625 -0.90549
vn -0.93722 0.05025 -0.34509
vn -0.93477 0.10267 -0.34009
vn 0.93719 -0.01218 -0.3486
vn 0.93793 0.06786 -0.34012
vn 0.41324 0.08331 -0.9068
vn 0.00524 -0.96947 0.24514
vn 0.00326 -0.58982 0.80753
vn 0.0034 -0.58986 -0.8075
vn 0.00528 -0.96946 -0.24518
vn 0.00526 -0.97138 0.23746
vn 0.00304 -0.57446 0.81853
vn -0.00895 -0.58954 0.80769
vn -0.01421 -0.96959 0.24433
vn 0.00309 -0.57444 -0.81854
vn 0.00525 -0.97139 -0.23743
vn -0.01424 -0.9696 -0.24428
vn -0.00898 -0.58957 -0.80767
vn 0.00263 0.57444 -0.81854
vn 0.00132 0.97144 -0.2373
vn -0.00929 0.97146 -0.23701
vn -0.0056 0.5752 -0.818
vn -0.0056 0.57453 0.81846
vn -0.0093 0.97137 0.23738
vn 5E-05 0.97142 0.23736
vn -0.00185 0.57441 0.81857
vn -0.00151 0.97159 -0.23666
vn -0.00195 0.57549 -0.81781
vn -0.00196 0.57428 0.81865
vn -0.0015 0.97143 0.23734
vn -0.22218 -0.66651 -0.71162
vn -0.30144 -0.92336 -0.23778
vn -0.2975 -0.9242 0.23947
vn -0.21721 -0.66587 0.71375
vn 0.27961 -0.92966 -0.23988
vn 0.20529 -0.67297 -0.71061
vn 0.21007 -0.67388 0.70835
vn 0.28341 -0.92892 0.23828
vn 0.23184 0.9507 -0.20597
vn 0.83293 0.49116 -0.25492
vn 0.32055 0.55374 -0.76852
vn 0.84133 0.46472 0.27605
vn 0.23182 0.95071 0.20596
vn 0.32918 0.49703 0.80287
vn -0.83333 0.48079 -0.27277
vn -0.21743 0.95457 -0.20378
vn -0.32313 0.5057 -0.79991
vn -0.32446 0.50194 0.80174
vn -0.21921 0.95385 0.20521
vn -0.83507 0.47721 0.27375
vn 0 0 1
vn 0 0 1
vn 0 0 1
vn -0 0 1
vn 0 -0 1
vn -0 -0 1
vn -0 0 1
vn 0 -0 1
vn 0 -0 1
vn -0 -0 1
vn -0 -0 1
vn 0 -0 1
vn 0 -0 1
vn -0 0 1
vn -0 -0 1
vn -0 -0 1
vn 0 -0 1
vn 0 -0 1
vn -0 -0 1
vn -0 0 1
vn 0 -0 1
vn 0 -0 1
vn 0.87093 -0.48735 -0.06307
vn 0.67552 -0.37021 -0.63767
vn 0.63092 -0.43512 -0.64234
vn 0.78555 -0.54 -0.30219
vn 0.85217 -0.48041 0.2074
vn 0.80757 -0.55516 0.19905
vn 0.75201 -0.6261 -0.20611
vn 0.75703 -0.62537 0.18923
vn 0.58557 -0.49349 -0.64309
vn -0 0 1
vn -0 0 1
vn -0 0 1
vn 0 0 1
vn 0 0 1
vn -0 0 1
vn 0 0 1
vn 0 0 1
vn -0 0 1
vn -0 -0 1
vn -0 -0 1
vn -0 0 1
vn 0 -0 1
vn -0 0 1
vn -0 0 1
vn 0 0 1
vn 0 -0 1
vn -0 0 1
vn -0 0 1
vn -0 -0 1
vn -0 0 1
vn -0 0 1
vn 0 0 1
vt 0.78391 0.24155
vt 0.78637 0.24472
vt 0.78416 0.2413
vt 0.7805 0.23965
vt 0.78059 0.23941
vt 0.77685 0.23898
vt 0.77849 0.24669
vt 0.77648 0.32531
vt 0.77291 0.32614
vt 0.77503 0.33343
vt 0.77662 0.23884
vt 0.77646 0.23855
vt 0.77629 0.23884
vt 0.77664 0.32486
vt 0.77658 0.32516
vt 0.7767 0.32516
vt 0.77609 0.23899
vt 0.77241 0.23972
vt 0.77445 0.24678
vt 0.78034 0.32624
vt 0.77677 0.32531
vt 0.77806 0.33346
vt 0.7838 0.32806
vt 0.78629 0.33124
vt 0.78405 0.32781
vt 0.76685 0.33102
vt 0.76946 0.32794
vt 0.76917 0.32763
vt 0.77281 0.3259
vt 0.77233 0.23948
vt 0.78044 0.326
vt 0.78057 0.32569
vt 0.27374 0.24812
vt 0.2794 0.24175
vt 0.27411 0.24218
vt 0.28119 0.24812
vt 0.2856 0.24345
vt 0.2804 0.24277
vt 0.27524 0.24812
vt 0.2856 0.23585
vt 0.27979 0.2362
vt 0.2856 0.24812
vt 0.2856 0.23698
vt 0.32447 0.11624
vt 0.30694 0.13319
vt 0.32447 0.13247
vt 0.30227 0.11624
vt 0.28897 0.12844
vt 0.30381 0.13032
vt 0.31943 0.11624
vt 0.28897 0.15006
vt 0.30694 0.14882
vt 0.28897 0.11624
vt 0.28897 0.14712
vt 0.4177 0.2062
vt 0.35353 0.24812
vt 0.4177 0.24812
vt 0.47649 0.1823
vt 0.47647 0.18972
vt 0.48199 0.18231
vt 0.47153 0.19338
vt 0.47157 0.18961
vt 0.47374 0.20398
vt 0.47155 0.19908
vt 0.47153 0.20401
vt 0.47645 0.20381
vt 0.47635 0.20066
vt 0.47842 0.20381
vt 0.47161 0.21031
vt 0.77269 0.3256
vt 0.76899 0.24171
vt 0.76656 0.245
vt 0.76874 0.24145
vt 0.77464 0.24939
vt 0.77445 0.24879
vt 0.76602 0.24908
vt 0.76706 0.25299
vt 0.77511 0.25003
vt 0.77514 0.25
vt 0.77468 0.24938
vt 0.77579 0.25044
vt 0.7758 0.25041
vt 0.77656 0.25058
vt 0.77656 0.25054
vt 0.77733 0.2504
vt 0.77732 0.25036
vt 0.77798 0.24995
vt 0.77795 0.24992
vt 0.77841 0.24929
vt 0.77837 0.24928
vt 0.77857 0.24868
vt 0.77853 0.24868
vt 0.77473 0.24936
vt 0.77458 0.24881
vt 0.77449 0.24879
vt 0.77582 0.25036
vt 0.77518 0.24996
vt 0.7773 0.25031
vt 0.77656 0.25048
vt 0.77833 0.24926
vt 0.7779 0.24988
vt 0.772 0.23856
vt 0.76831 0.24102
vt 0.76845 0.24116
vt 0.77207 0.23875
vt 0.76599 0.24478
vt 0.76618 0.24485
vt 0.76541 0.24911
vt 0.7656 0.2491
vt 0.76651 0.25326
vt 0.76668 0.25317
vt 0.76907 0.25666
vt 0.7692 0.25651
vt 0.77269 0.25884
vt 0.77276 0.25866
vt 0.77685 0.25952
vt 0.77684 0.25932
vt 0.78094 0.2586
vt 0.78086 0.25842
vt 0.7844 0.25624
vt 0.78426 0.2561
vt 0.78674 0.25278
vt 0.78656 0.25271
vt 0.78764 0.24869
vt 0.78744 0.24869
vt 0.78693 0.24449
vt 0.78675 0.24456
vt 0.78459 0.24086
vt 0.78445 0.241
vt 0.78091 0.23849
vt 0.78085 0.23868
vt 0.77646 0.23793
vt 0.77646 0.23813
vt 0.77221 0.23914
vt 0.78071 0.23907
vt 0.77827 0.33596
vt 0.7783 0.33598
vt 0.77846 0.3352
vt 0.77842 0.3352
vt 0.77788 0.3366
vt 0.77785 0.33657
vt 0.77724 0.33701
vt 0.77723 0.33698
vt 0.7765 0.33715
vt 0.7765 0.33712
vt 0.77576 0.337
vt 0.77577 0.33696
vt 0.77514 0.33657
vt 0.77516 0.33654
vt 0.77472 0.33593
vt 0.77476 0.33592
vt 0.77849 0.24864
vt 0.77844 0.24867
vt 0.77844 0.24871
vt 0.77458 0.24877
vt 0.77452 0.24875
vt 0.71663 0.50893
vt 0.71369 0.50064
vt 0.71298 0.50084
vt 0.71651 0.50897
vt 0.71224 0.50109
vt 0.71639 0.509
vt 0.71795 0.50899
vt 0.72177 0.50091
vt 0.72172 0.50089
vt 0.71788 0.50895
vt 0.71514 0.50031
vt 0.71441 0.50046
vt 0.71675 0.5089
vt 0.71686 0.50888
vt 0.71659 0.50005
vt 0.71586 0.50017
vt 0.71698 0.50886
vt 0.7171 0.50884
vt 0.71738 0.50883
vt 0.71814 0.49992
vt 0.71811 0.49991
vt 0.71734 0.50883
vt 0.71733 0.49996
vt 0.71722 0.50883
vt 0.7747 0.24854
vt 0.7748 0.2484
vt 0.77477 0.24838
vt 0.77467 0.24851
vt 0.77823 0.2483
vt 0.77821 0.24831
vt 0.7783 0.24845
vt 0.77834 0.24841
vt 0.77801 0.33348
vt 0.77812 0.33389
vt 0.77816 0.33387
vt 0.77497 0.24688
vt 0.77494 0.24687
vt 0.77486 0.24726
vt 0.77489 0.24726
vt 0.77459 0.33515
vt 0.77462 0.33515
vt 0.77477 0.33447
vt 0.77474 0.33445
vt 0.77822 0.24828
vt 0.77816 0.24773
vt 0.77813 0.24773
vt 0.7744 0.24787
vt 0.77437 0.24787
vt 0.77434 0.24787
vt 0.77657 0.2389
vt 0.77683 0.23901
vt 0.77654 0.23895
vt 0.77682 0.23904
vt 0.77439 0.2472
vt 0.77862 0.24776
vt 0.78703 0.24868
vt 0.7767 0.23929
vt 0.77819 0.24675
vt 0.77841 0.24671
vt 0.77612 0.23904
vt 0.77624 0.23929
vt 0.77641 0.23925
vt 0.77637 0.23895
vt 0.77651 0.23924
vt 0.77475 0.24684
vt 0.77453 0.2468
vt 0.77825 0.24716
vt 0.77848 0.24713
vt 0.77834 0.24775
vt 0.77855 0.24776
vt 0.7746 0.24784
vt 0.77467 0.24724
vt 0.77445 0.24722
vt 0.77634 0.2395
vt 0.77642 0.23939
vt 0.77649 0.23938
vt 0.77659 0.2395
vt 0.77801 0.24679
vt 0.77805 0.24719
vt 0.77477 0.24782
vt 0.77829 0.33451
vt 0.77832 0.33449
vt 0.7748 0.24781
vt 0.77479 0.24837
vt 0.77495 0.33385
vt 0.77492 0.33383
vt 0.77801 0.2472
vt 0.77507 0.33344
vt 0.77798 0.2468
vt 0.77652 0.32532
vt 0.77657 0.23951
vt 0.77636 0.23951
vt 0.77673 0.32532
vt 0.77442 0.24722
vt 0.77449 0.24679
vt 0.77611 0.23901
vt 0.77858 0.24776
vt 0.77852 0.24712
vt 0.77855 0.24711
vt 0.77845 0.2467
vt 0.77634 0.2389
vt 0.7766 0.32519
vt 0.77668 0.32519
vt 0.7765 0.23939
vt 0.77645 0.2394
vt 0.7764 0.23942
vt 0.77819 0.24828
vt 0.76947 0.2562
vt 0.7729 0.25827
vt 0.77683 0.25891
vt 0.7807 0.25804
vt 0.78396 0.25581
vt 0.78618 0.25254
vt 0.77483 0.24837
vt 0.77649 0.24856
vt 0.7765 0.24885
vt 0.77648 0.24837
vt 0.77647 0.24831
vt 0.71994 0.50039
vt 0.71766 0.50885
vt 0.7765 0.24888
vt 0.78066 0.32548
vt 0.77213 0.23893
vt 0.76858 0.24129
vt 0.76636 0.24492
vt 0.78704 0.33528
vt 0.76579 0.24909
vt 0.7862 0.3393
vt 0.76686 0.25309
vt 0.78387 0.34268
vt 0.76933 0.25637
vt 0.78044 0.34492
vt 0.77282 0.25848
vt 0.7764 0.34568
vt 0.77683 0.25913
vt 0.77238 0.34483
vt 0.78079 0.25825
vt 0.769 0.34251
vt 0.78412 0.25597
vt 0.76676 0.33907
vt 0.78638 0.25263
vt 0.766 0.33503
vt 0.78725 0.24868
vt 0.78657 0.24463
vt 0.78432 0.24114
vt 0.78078 0.23886
vt 0.77665 0.32464
vt 0.77261 0.32539
vt 0.77646 0.23832
vt 0.78418 0.32768
vt 0.78646 0.33118
vt 0.78665 0.3311
vt 0.78432 0.32754
vt 0.78723 0.33528
vt 0.78743 0.33528
vt 0.78636 0.33937
vt 0.78655 0.33945
vt 0.784 0.34281
vt 0.78414 0.34296
vt 0.7805 0.34509
vt 0.78058 0.34528
vt 0.7764 0.34586
vt 0.7764 0.34606
vt 0.77231 0.345
vt 0.77223 0.34518
vt 0.76887 0.34264
vt 0.76872 0.34278
vt 0.76659 0.33914
vt 0.7664 0.33921
vt 0.76582 0.33503
vt 0.76562 0.33503
vt 0.76668 0.33095
vt 0.7665 0.33087
vt 0.76904 0.3275
vt 0.7689 0.32736
vt 0.77254 0.32522
vt 0.77247 0.32503
vt 0.77665 0.32445
vt 0.77665 0.32425
vt 0.78073 0.32532
vt 0.78081 0.32513
vt 0.76646 0.36149
vt 0.76646 0.47912
vt 0.78828 0.47912
vt 0.78828 0.36149
vt 0.74183 0.36149
vt 0.74183 0.47912
vt 0.71333 0.36149
vt 0.71333 0.47912
vt 0.03109 0.9911
vt 0.50623 0.9911
vt 0.50623 0.25126
vt 0.03109 0.25126
vt 0.09415 0.03431
vt 0.03109 0.03431
vt 0.03109 0.07442
vt 0.09415 0.07442
vt 0.39586 0.00789
vt 0.36733 0.00785
vt 0.36734 0.01153
vt 0.3958 0.01165
vt 0.31159 0.00755
vt 0.3116 0.01123
vt 0.29456 0.00736
vt 0.28972 0.00848
vt 0.2889 0.01099
vt 0.29458 0.01105
vt 0.28921 0.10363
vt 0.28911 0.11106
vt 0.29489 0.11111
vt 0.29492 0.10367
vt 0.31197 0.10389
vt 0.312 0.11125
vt 0.36774 0.11145
vt 0.36768 0.10409
vt 0.39622 0.11156
vt 0.39609 0.10419
vt 0.39907 0.11158
vt 0.39894 0.10419
vt 0.39875 0.01152
vt 0.39893 0.00772
vt 0.28892 0.01467
vt 0.28894 0.02203
vt 0.29461 0.02209
vt 0.29459 0.01473
vt 0.31161 0.01491
vt 0.31163 0.02227
vt 0.36738 0.02257
vt 0.36735 0.01521
vt 0.39575 0.02289
vt 0.39575 0.01545
vt 0.39859 0.02292
vt 0.39862 0.0154
vt 0.40192 0.11159
vt 0.40178 0.1042
vt 0.40147 0.01544
vt 0.40143 0.02296
vt 0.40167 0.01154
vt 0.40191 0.00774
vt 0.40162 0.07945
vt 0.40153 0.05828
vt 0.39869 0.05826
vt 0.39878 0.07944
vt 0.39585 0.05824
vt 0.39594 0.07942
vt 0.36761 0.05804
vt 0.36756 0.0792
vt 0.31176 0.0578
vt 0.31184 0.07896
vt 0.29474 0.05759
vt 0.29482 0.07877
vt 0.28905 0.05754
vt 0.28913 0.07871
vt 0.74083 0.18472
vt 0.74083 0.25691
vt 0.75422 0.25691
vt 0.75422 0.18472
vt 0.72571 0.18472
vt 0.72571 0.25691
vt 0.70821 0.18472
vt 0.70821 0.25691
vt 0.76638 0.24906
vt 0.76738 0.25283
vt 0.7669 0.24513
vt 0.76971 0.25593
vt 0.77302 0.25793
vt 0.77681 0.25855
vt 0.78055 0.25772
vt 0.78371 0.25556
vt 0.78584 0.25241
vt 0.78667 0.24868
vt 0.78603 0.24485
vt 0.42478 0.07244
vt 0.42646 0.07071
vt 0.42708 0.06835
vt 0.42241 0.06837
vt 0.42476 0.06429
vt 0.42645 0.066
vt 0.4224 0.06367
vt 0.42005 0.06432
vt 0.41775 0.06839
vt 0.41836 0.06602
vt 0.41838 0.07075
vt 0.42008 0.07246
vt 0.42243 0.07306
vt 0.22916 0.03567
vt 0.22916 0.07554
vt 0.23186 0.07554
vt 0.23186 0.03567
vt 0.19926 0.03567
vt 0.19926 0.07554
vt 0.20196 0.07554
vt 0.20196 0.03567
vt 0.20466 0.07554
vt 0.20466 0.03567
vt 0.20738 0.07554
vt 0.20738 0.03567
vt 0.2101 0.07554
vt 0.2101 0.03567
vt 0.21284 0.07554
vt 0.21284 0.03567
vt 0.21557 0.07554
vt 0.21557 0.03567
vt 0.21827 0.07554
vt 0.21827 0.03567
vt 0.22098 0.07554
vt 0.22098 0.03567
vt 0.2237 0.07554
vt 0.2237 0.03567
vt 0.22644 0.07554
vt 0.22644 0.03567
vt 0.15802 0.03108
vt 0.16187 0.02443
vt 0.15999 0.02253
vt 0.15333 0.0264
vt 0.15929 0.01995
vt 0.15159 0.01994
vt 0.15999 0.01737
vt 0.15333 0.01351
vt 0.16187 0.01546
vt 0.15801 0.0088
vt 0.16446 0.01476
vt 0.16446 0.00707
vt 0.16706 0.01546
vt 0.17091 0.0088
vt 0.16897 0.01737
vt 0.17563 0.01351
vt 0.16964 0.01995
vt 0.17734 0.01995
vt 0.16897 0.02253
vt 0.17563 0.0264
vt 0.16706 0.02443
vt 0.17091 0.03108
vt 0.16446 0.02514
vt 0.16446 0.03282
vt 0.42849 0.07887
vt 0.429 0.07973
vt 0.4337 0.07487
vt 0.4328 0.07435
vt 0.42247 0.08032
vt 0.42247 0.08137
vt 0.43544 0.06836
vt 0.43439 0.06834
vt 0.43369 0.06186
vt 0.43278 0.06237
vt 0.42894 0.05706
vt 0.42841 0.05794
vt 0.4224 0.05526
vt 0.42239 0.05631
vt 0.41592 0.05713
vt 0.41646 0.05807
vt 0.41105 0.06182
vt 0.41195 0.06231
vt 0.4094 0.06844
vt 0.41047 0.06842
vt 0.41117 0.07498
vt 0.41208 0.07447
vt 0.41595 0.07974
vt 0.41648 0.07886
vt 0.43122 0.08339
vt 0.43762 0.07721
vt 0.44005 0.06848
vt 0.43778 0.05968
vt 0.43141 0.05316
vt 0.42252 0.05063
vt 0.41342 0.05282
vt 0.40732 0.05976
vt 0.40484 0.06839
vt 0.40712 0.07719
vt 0.41354 0.08373
vt 0.42248 0.08637
vt 0.28552 0.12842
vt 0.28552 0.0923
vt 0.27979 0.0923
vt 0.27979 0.12842
vt 0.05432 0.12842
vt 0.05432 0.0923
vt 0.04263 0.0923
vt 0.04263 0.12842
vt 0.07754 0.12842
vt 0.07754 0.0923
vt 0.21656 0.12842
vt 0.21656 0.0923
vt 0.2629 0.12842
vt 0.2629 0.0923
vt 0.05432 0.1764
vt 0.04263 0.1764
vt 0.07754 0.1764
vt 0.21656 0.1764
vt 0.2629 0.1764
vt 0.28552 0.1764
vt 0.27979 0.1764
vt 0.05432 0.22441
vt 0.04263 0.22441
vt 0.07754 0.22441
vt 0.21656 0.22441
vt 0.2629 0.22441
vt 0.28552 0.22441
vt 0.27979 0.22441
vt 0.05432 0.24798
vt 0.05432 0.24211
vt 0.04263 0.24211
vt 0.04263 0.24798
vt 0.07754 0.24798
vt 0.07754 0.24211
vt 0.21656 0.24798
vt 0.21656 0.24211
vt 0.2629 0.24798
vt 0.2629 0.24211
vt 0.28552 0.08627
vt 0.27979 0.08627
vt 0.2629 0.08627
vt 0.21656 0.08627
vt 0.07754 0.08627
vt 0.05432 0.08627
vt 0.04263 0.08627
vt 0.03684 0.08627
vt 0.03684 0.0923
vt 0.03684 0.12842
vt 0.03684 0.1764
vt 0.03684 0.22441
vt 0.03684 0.24211
vt 0.03684 0.24798
vt 0.2629 0.2362
vt 0.21656 0.2362
vt 0.07754 0.2362
vt 0.05432 0.2362
vt 0.04263 0.2362
vt 0.03684 0.2362
vt 0.27411 0.0923
vt 0.27411 0.08627
vt 0.27411 0.12842
vt 0.27411 0.1764
vt 0.27411 0.22441
vt 0.27411 0.2362
vt 0.27979 0.08026
vt 0.28552 0.08026
vt 0.27411 0.08026
vt 0.2629 0.08026
vt 0.21656 0.08026
vt 0.07754 0.08026
vt 0.05432 0.08026
vt 0.04263 0.08026
vt 0.03684 0.08026
vt 0.03109 0.08627
vt 0.03109 0.08026
vt 0.03109 0.0923
vt 0.03109 0.12842
vt 0.03109 0.1764
vt 0.03109 0.22441
vt 0.03109 0.2362
vt 0.03109 0.24211
vt 0.03109 0.24798
vt 0.27426 0.24812
vt 0.27976 0.24223
vt 0.2856 0.23616
vt 0.87532 0.022
vt 0.8335 0.022
vt 0.8335 0.0252
vt 0.87532 0.0252
vt 0.87532 0.15078
vt 0.8335 0.15078
vt 0.8335 0.1573
vt 0.87532 0.1573
vt 0.87532 0.12501
vt 0.8335 0.12501
vt 0.87532 0.0478
vt 0.8335 0.0478
vt 0.92542 0.15078
vt 0.92542 0.1573
vt 0.92542 0.12501
vt 0.92542 0.0478
vt 0.92542 0.022
vt 0.92542 0.0252
vt 0.94214 0.15078
vt 0.93797 0.15078
vt 0.93797 0.1573
vt 0.94214 0.1573
vt 0.94214 0.12501
vt 0.93797 0.12501
vt 0.94214 0.0478
vt 0.93797 0.0478
vt 0.94196 0.022
vt 0.93797 0.022
vt 0.93797 0.0252
vt 0.94214 0.0252
vt 0.82514 0.0252
vt 0.82514 0.022
vt 0.82514 0.0478
vt 0.82514 0.12501
vt 0.82514 0.15078
vt 0.82514 0.1573
vt 0.82514 0.16054
vt 0.8335 0.16054
vt 0.87532 0.16054
vt 0.92542 0.16054
vt 0.93797 0.16054
vt 0.94214 0.16054
vt 0.9338 0.0252
vt 0.9338 0.022
vt 0.9338 0.0478
vt 0.9338 0.12501
vt 0.9338 0.15078
vt 0.9338 0.1573
vt 0.9338 0.16054
vt 0.8335 0.02846
vt 0.82514 0.02846
vt 0.87532 0.02846
vt 0.92542 0.02846
vt 0.9338 0.02846
vt 0.94214 0.02846
vt 0.93797 0.02846
vt 0.82514 0.16378
vt 0.8335 0.16378
vt 0.87532 0.16378
vt 0.92542 0.16378
vt 0.9338 0.16378
vt 0.93797 0.16378
vt 0.94214 0.16378
vt 0.67434 0.9911
vt 0.76512 0.9911
vt 0.76506 0.98254
vt 0.67434 0.98254
vt 0.67434 0.63205
vt 0.76517 0.63205
vt 0.76528 0.57171
vt 0.67434 0.57171
vt 0.67434 0.71214
vt 0.76513 0.71214
vt 0.67434 0.79219
vt 0.76512 0.79219
vt 0.67434 0.87225
vt 0.76511 0.87225
vt 0.59144 0.63205
vt 0.59144 0.57171
vt 0.59144 0.71214
vt 0.59144 0.79219
vt 0.59144 0.87225
vt 0.59144 0.9911
vt 0.59144 0.98254
vt 0.52922 0.63205
vt 0.52922 0.57171
vt 0.52922 0.71214
vt 0.52922 0.79219
vt 0.52922 0.87225
vt 0.52922 0.9911
vt 0.52922 0.98254
vt 0.50953 0.57171
vt 0.50953 0.63205
vt 0.51875 0.63205
vt 0.51875 0.57171
vt 0.50953 0.71214
vt 0.51875 0.71214
vt 0.50953 0.79219
vt 0.51875 0.79219
vt 0.50953 0.87225
vt 0.51875 0.87225
vt 0.50953 0.9911
vt 0.51875 0.9911
vt 0.51875 0.98254
vt 0.50953 0.98254
vt 0.78851 0.9911
vt 0.78855 0.98254
vt 0.78852 0.87225
vt 0.78852 0.79219
vt 0.78852 0.71214
vt 0.78853 0.63205
vt 0.78857 0.57171
vt 0.78863 0.56144
vt 0.76533 0.56144
vt 0.67434 0.56144
vt 0.59144 0.56144
vt 0.52922 0.56144
vt 0.51875 0.56144
vt 0.50953 0.56144
vt 0.76496 0.97245
vt 0.78846 0.97245
vt 0.67434 0.97245
vt 0.59144 0.97245
vt 0.52922 0.97245
vt 0.50953 0.97245
vt 0.51875 0.97245
vt 0.79891 0.98254
vt 0.79891 0.9911
vt 0.79891 0.97245
vt 0.79891 0.87225
vt 0.79891 0.79219
vt 0.79891 0.71214
vt 0.79891 0.63205
vt 0.79891 0.57171
vt 0.79891 0.56144
vt 0.78868 0.55132
vt 0.79891 0.55132
vt 0.76538 0.55132
vt 0.67434 0.55132
vt 0.59144 0.55132
vt 0.52922 0.55132
vt 0.51875 0.55132
vt 0.50953 0.55132
vt 0.70885 0.0395
vt 0.72142 0.0395
vt 0.72142 0.0363
vt 0.70885 0.0363
vt 0.72142 0.17159
vt 0.72142 0.16508
vt 0.70885 0.16508
vt 0.70885 0.17159
vt 0.72142 0.1393
vt 0.70885 0.1393
vt 0.72142 0.11357
vt 0.70885 0.11357
vt 0.72142 0.0621
vt 0.70885 0.0621
vt 0.75485 0.16508
vt 0.75485 0.17159
vt 0.75485 0.1393
vt 0.75485 0.11357
vt 0.75485 0.0621
vt 0.75485 0.0363
vt 0.75485 0.0395
vt 0.78825 0.16508
vt 0.78825 0.17159
vt 0.78825 0.1393
vt 0.78825 0.11357
vt 0.78825 0.0621
vt 0.78825 0.0363
vt 0.78825 0.0395
vt 0.81333 0.16508
vt 0.81333 0.17159
vt 0.81333 0.1393
vt 0.81333 0.11357
vt 0.81333 0.0621
vt 0.81333 0.0363
vt 0.81333 0.0395
vt 0.82167 0.16508
vt 0.8175 0.16508
vt 0.8175 0.17159
vt 0.82167 0.17159
vt 0.82167 0.1393
vt 0.8175 0.1393
vt 0.82167 0.11357
vt 0.8175 0.11357
vt 0.82167 0.0621
vt 0.8175 0.0621
vt 0.82175 0.0363
vt 0.8175 0.0363
vt 0.8175 0.0395
vt 0.82167 0.0395
vt 0.70885 0.17483
vt 0.72142 0.17483
vt 0.75485 0.17483
vt 0.78825 0.17483
vt 0.81333 0.17483
vt 0.8175 0.17483
vt 0.82167 0.17483
vt 0.72142 0.04275
vt 0.70885 0.04275
vt 0.75485 0.04275
vt 0.78825 0.04275
vt 0.81333 0.04275
vt 0.82167 0.04275
vt 0.8175 0.04275
vt 0.70467 0.0395
vt 0.70467 0.0363
vt 0.70467 0.04275
vt 0.70467 0.0621
vt 0.70466 0.11357
vt 0.70466 0.1393
vt 0.70467 0.16508
vt 0.70467 0.17159
vt 0.70467 0.17483
vt 0.70885 0.17807
vt 0.70467 0.17807
vt 0.72142 0.17807
vt 0.75485 0.17807
vt 0.78825 0.17807
vt 0.81333 0.17807
vt 0.8175 0.17807
vt 0.82167 0.17807
vt 0.94884 0.9522
vt 0.94809 0.9526
vt 0.97837 0.99097
vt 0.97912 0.99063
vt 0.94537 0.94637
vt 0.94518 0.94566
vt 0.91517 0.98335
vt 0.91533 0.98416
vt 0.9465 0.94533
vt 0.94648 0.94604
vt 0.95544 0.94597
vt 0.95542 0.94526
vt 0.94845 0.95169
vt 0.95596 0.94686
vt 0.9556 0.94632
vt 0.95674 0.94556
vt 0.95655 0.94627
vt 0.98681 0.98448
vt 0.98704 0.98373
vt 0.98628 0.98512
vt 0.98269 0.17528
vt 0.98246 0.17453
vt 0.9537 0.21056
vt 0.95393 0.21125
vt 0.9219 0.16851
vt 0.9212 0.16892
vt 0.95008 0.20429
vt 0.9508 0.20386
vt 0.95261 0.21157
vt 0.95265 0.21086
vt 0.94367 0.21091
vt 0.94371 0.21162
vt 0.95269 0.21023
vt 0.94362 0.21027
vt 0.91419 0.17452
vt 0.91364 0.17511
vt 0.9426 0.21061
vt 0.94317 0.20998
vt 0.91343 0.17588
vt 0.94239 0.21132
vt 0.94488 0.57987
vt 0.94409 0.57987
vt 0.94445 0.65875
vt 0.94524 0.65874
vt 0.94354 0.57987
vt 0.9439 0.65875
vt 0.95522 0.57982
vt 0.95466 0.57982
vt 0.95504 0.6587
vt 0.9556 0.6587
vt 0.95387 0.57982
vt 0.95425 0.65871
vt 0.94445 0.82325
vt 0.94501 0.82325
vt 0.94478 0.72112
vt 0.94423 0.72112
vt 0.9458 0.82325
vt 0.94557 0.72112
vt 0.95483 0.82319
vt 0.95562 0.82318
vt 0.95531 0.72109
vt 0.95452 0.72109
vt 0.95618 0.82318
vt 0.95586 0.72109
vt 0.91045 0.17596
vt 0.91057 0.17526
vt 0.90156 0.17471
vt 0.90148 0.17542
vt 0.91069 0.17474
vt 0.90159 0.17418
vt 0.91179 0.17598
vt 0.91124 0.176
vt 0.9105 0.50116
vt 0.91105 0.50116
vt 0.9097 0.50116
vt 0.90069 0.17538
vt 0.89992 0.50118
vt 0.90072 0.50118
vt 0.98489 0.17524
vt 0.98434 0.17527
vt 0.98702 0.50082
vt 0.98757 0.50081
vt 0.91012 0.65879
vt 0.91091 0.65879
vt 0.91078 0.57997
vt 0.90999 0.57997
vt 0.91147 0.65879
vt 0.91134 0.57996
vt 0.90101 0.57999
vt 0.90021 0.57999
vt 0.90034 0.65881
vt 0.90113 0.6588
vt 0.98796 0.57962
vt 0.98741 0.57963
vt 0.98802 0.65843
vt 0.98858 0.65842
vt 0.91119 0.82334
vt 0.91199 0.82334
vt 0.91089 0.72123
vt 0.9101 0.72124
vt 0.91254 0.82334
vt 0.91145 0.72123
vt 0.90112 0.72128
vt 0.90033 0.72129
vt 0.90141 0.82333
vt 0.9022 0.82334
vt 0.98922 0.72093
vt 0.98866 0.72093
vt 0.98807 0.823
vt 0.98862 0.823
vt 0.90997 0.98399
vt 0.90974 0.9835
vt 0.90075 0.98456
vt 0.90084 0.98513
vt 0.90951 0.98282
vt 0.9006 0.98381
vt 0.95491 0.50095
vt 0.97882 0.50085
vt 0.94452 0.50099
vt 0.95356 0.50095
vt 0.91925 0.50112
vt 0.94317 0.501
vt 0.91953 0.57994
vt 0.91967 0.65877
vt 0.97922 0.57968
vt 0.97983 0.65849
vt 0.91963 0.7212
vt 0.92076 0.8233
vt 0.97987 0.82302
vt 0.98047 0.72096
vt 0.92012 0.16741
vt 0.91293 0.17312
vt 0.91083 0.98275
vt 0.99145 0.98367
vt 0.90183 0.9898
vt 0.91085 0.98843
vt 0.99149 0.98442
vt 0.98676 0.9853
vt 0.9915 0.98524
vt 0.91515 0.98497
vt 0.91053 0.98338
vt 0.92083 0.16697
vt 0.98437 0.17452
vt 0.91157 0.17522
vt 0.91235 0.17373
vt 0.9429 0.21161
vt 0.94373 0.501
vt 0.95342 0.21155
vt 0.95435 0.50095
vt 0.94569 0.94536
vt 0.95623 0.94527
vt 0.91029 0.98275
vt 0.89981 0.98386
vt 0.992 0.98369
vt 0.94577 0.94596
vt 0.94791 0.95211
vt 0.95616 0.9459
vt 0.95335 0.21098
vt 0.94296 0.21104
vt 0.9112 0.17547
vt 0.9848 0.17462
vt 0.90091 0.17476
vt 0.90074 0.17437
vt 0.91023 0.98321
vt 0.89994 0.98493
vt 0.90008 0.98452
vt 0.99192 0.9843
vt 0.59763 0.02283
vt 0.56087 0.04883
vt 0.55944 0.16758
vt 0.59387 0.1688
vt 0.59767 0.0221
vt 0.56058 0.04834
vt 0.59744 0.02152
vt 0.59805 0.02148
vt 0.5949 0.01398
vt 0.59424 0.01412
vt 0.59901 0.0216
vt 0.59906 0.02213
vt 0.60711 0.0222
vt 0.60711 0.02166
vt 0.56006 0.04768
vt 0.55938 0.04908
vt 0.55942 0.04861
vt 0.55062 0.04854
vt 0.55064 0.04902
vt 0.55949 0.04808
vt 0.55057 0.048
vt 0.59387 0.54106
vt 0.5946 0.54202
vt 0.5946 0.397
vt 0.59387 0.397
vt 0.59551 0.54192
vt 0.59551 0.397
vt 0.51729 0.54683
vt 0.51792 0.54729
vt 0.55074 0.51836
vt 0.55024 0.51769
vt 0.59387 0.54203
vt 0.55537 0.50999
vt 0.55503 0.51044
vt 0.5163 0.54771
vt 0.51673 0.54729
vt 0.51092 0.54035
vt 0.51048 0.54076
vt 0.51148 0.53997
vt 0.55388 0.50968
vt 0.55473 0.50972
vt 0.55681 0.39638
vt 0.556 0.39637
vt 0.55755 0.39639
vt 0.55394 0.51069
vt 0.5539 0.51016
vt 0.54508 0.51008
vt 0.54501 0.51061
vt 0.54512 0.50961
vt 0.59375 0.01363
vt 0.55475 0.03962
vt 0.55516 0.04034
vt 0.50961 0.01649
vt 0.50957 0.01733
vt 0.54916 0.04874
vt 0.54947 0.04827
vt 0.50964 0.53938
vt 0.51043 0.539
vt 0.51236 0.39616
vt 0.51155 0.39616
vt 0.51124 0.5384
vt 0.51311 0.39616
vt 0.51126 0.53923
vt 0.54393 0.51037
vt 0.54362 0.5099
vt 0.54452 0.51097
vt 0.54427 0.50964
vt 0.54637 0.39628
vt 0.54562 0.39628
vt 0.54717 0.39629
vt 0.5946 0.1688
vt 0.59836 0.02227
vt 0.59551 0.1688
vt 0.51161 0.16785
vt 0.51086 0.16785
vt 0.51172 0.24621
vt 0.51247 0.2462
vt 0.51006 0.16787
vt 0.51092 0.24621
vt 0.55788 0.16755
vt 0.55869 0.16757
vt 0.56021 0.04906
vt 0.54902 0.16749
vt 0.54821 0.16749
vt 0.54757 0.24614
vt 0.54838 0.24614
vt 0.54746 0.16749
vt 0.54683 0.24614
vt 0.60641 0.54192
vt 0.60641 0.397
vt 0.60641 0.24692
vt 0.59551 0.24692
vt 0.55722 0.2462
vt 0.55877 0.24622
vt 0.59387 0.24692
vt 0.60641 0.1688
vt 0.5946 0.24692
vt 0.50796 0.01651
vt 0.50873 0.01678
vt 0.55802 0.24621
vt 0.54981 0.04899
vt 0.59823 0.02186
vt 0.56013 0.04868
vt 0.51708 0.54818
vt 0.51721 0.54766
vt 0.59425 0.54203
vt 0.55463 0.51009
vt 0.50831 0.01599
vt 0.50886 0.01633
vt 0.59443 0.01347
vt 0.51066 0.53958
vt 0.51011 0.53991
vt 0.54436 0.51002
vt 0.5499 0.04861
vt 0.61769 0.53901
vt 0.61848 0.53874
vt 0.62073 0.34984
vt 0.61991 0.34985
vt 0.61931 0.53817
vt 0.62149 0.34981
vt 0.61949 0.53975
vt 0.61886 0.54008
vt 0.62399 0.54778
vt 0.62462 0.54734
vt 0.61789 0.53959
vt 0.61055 0.53978
vt 0.61055 0.5404
vt 0.61928 0.53903
vt 0.65445 0.51217
vt 0.65417 0.51166
vt 0.65504 0.5128
vt 0.70089 0.53952
vt 0.70173 0.54008
vt 0.6999 0.34976
vt 0.69914 0.34974
vt 0.70252 0.54036
vt 0.70071 0.34976
vt 0.62518 0.54788
vt 0.66085 0.52073
vt 0.66039 0.52001
vt 0.70085 0.54037
vt 0.66621 0.51169
vt 0.66591 0.51219
vt 0.65484 0.51145
vt 0.65499 0.3487
vt 0.65423 0.34873
vt 0.6557 0.51145
vt 0.65581 0.34869
vt 0.65568 0.51192
vt 0.66469 0.51193
vt 0.66468 0.51145
vt 0.65545 0.51246
vt 0.66083 0.51969
vt 0.66554 0.51146
vt 0.66563 0.34868
vt 0.66481 0.34868
vt 0.66639 0.34871
vt 0.70021 0.01169
vt 0.70091 0.01148
vt 0.69596 0.00356
vt 0.69531 0.00396
vt 0.61055 0.00856
vt 0.61055 0.00917
vt 0.62155 0.01006
vt 0.62172 0.00948
vt 0.70033 0.01331
vt 0.70037 0.01242
vt 0.66634 0.03903
vt 0.66666 0.03952
vt 0.66576 0.03838
vt 0.66514 0.03983
vt 0.66518 0.03935
vt 0.65623 0.03941
vt 0.65624 0.03988
vt 0.66524 0.03883
vt 0.65618 0.03887
vt 0.69473 0.00344
vt 0.65995 0.03043
vt 0.66039 0.03117
vt 0.62321 0.0101
vt 0.62314 0.01099
vt 0.65474 0.03959
vt 0.65509 0.03913
vt 0.62119 0.14747
vt 0.62044 0.14746
vt 0.62056 0.20964
vt 0.62132 0.20964
vt 0.61962 0.14746
vt 0.61975 0.20964
vt 0.69859 0.14741
vt 0.69934 0.14741
vt 0.69934 0.0856
vt 0.69858 0.08562
vt 0.70016 0.14741
vt 0.70016 0.08559
vt 0.66444 0.14756
vt 0.66526 0.14756
vt 0.66537 0.08579
vt 0.66456 0.0858
vt 0.66601 0.14755
vt 0.66613 0.08578
vt 0.65385 0.14756
vt 0.65461 0.14757
vt 0.65472 0.08579
vt 0.65396 0.08577
vt 0.65542 0.14757
vt 0.65554 0.08579
vt 0.61055 0.34981
vt 0.61055 0.14747
vt 0.61055 0.20964
vt 0.61978 0.08503
vt 0.61055 0.08494
vt 0.69879 0.20944
vt 0.6661 0.20939
vt 0.66454 0.20938
vt 0.65557 0.2094
vt 0.654 0.20941
vt 0.62136 0.08506
vt 0.6206 0.08504
vt 0.69955 0.20945
vt 0.70037 0.20944
vt 0.62232 0.01035
vt 0.70193 0.01215
vt 0.70117 0.01264
vt 0.66535 0.20938
vt 0.666 0.0398
vt 0.65476 0.20941
vt 0.65539 0.03986
vt 0.61865 0.5393
vt 0.70217 0.54091
vt 0.70161 0.54056
vt 0.62454 0.54818
vt 0.65492 0.5119
vt 0.66544 0.51187
vt 0.66115 0.52032
vt 0.70088 0.01214
vt 0.66591 0.03941
vt 0.62241 0.00984
vt 0.6954 0.00314
vt 0.65549 0.03948
vt 0.81522 0.95166
vt 0.81479 0.95117
vt 0.80846 0.95758
vt 0.80892 0.95802
vt 0.81462 0.9507
vt 0.81456 0.94998
vt 0.80563 0.9503
vt 0.80566 0.95101
vt 0.81591 0.95022
vt 0.81575 0.95097
vt 0.84716 0.98333
vt 0.84728 0.98253
vt 0.84689 0.98415
vt 0.80824 0.95853
vt 0.8401 0.9911
vt 0.84078 0.99063
vt 0.89471 0.95056
vt 0.89455 0.94983
vt 0.86365 0.98294
vt 0.86376 0.98377
vt 0.81393 0.2095
vt 0.81449 0.21015
vt 0.84268 0.17632
vt 0.84217 0.17566
vt 0.8147 0.21086
vt 0.84281 0.17716
vt 0.81336 0.21115
vt 0.81345 0.21044
vt 0.80451 0.20997
vt 0.80444 0.21069
vt 0.81355 0.20981
vt 0.80456 0.20932
vt 0.88687 0.20919
vt 0.88703 0.20845
vt 0.85794 0.1762
vt 0.85785 0.17704
vt 0.80641 0.20324
vt 0.80714 0.20369
vt 0.83535 0.16988
vt 0.83462 0.16949
vt 0.89393 0.57972
vt 0.89449 0.57971
vt 0.89309 0.38582
vt 0.89253 0.38583
vt 0.80255 0.57998
vt 0.80335 0.57998
vt 0.80315 0.38626
vt 0.80235 0.38626
vt 0.81231 0.57997
vt 0.81311 0.57997
vt 0.81292 0.3863
vt 0.81211 0.3863
vt 0.81367 0.57997
vt 0.81348 0.3863
vt 0.80304 0.77386
vt 0.80223 0.77386
vt 0.80303 0.86923
vt 0.80384 0.86922
vt 0.89637 0.7735
vt 0.89581 0.7735
vt 0.89563 0.86882
vt 0.89619 0.86883
vt 0.81335 0.77386
vt 0.81279 0.77386
vt 0.8136 0.86911
vt 0.81416 0.8691
vt 0.81199 0.77387
vt 0.81279 0.86912
vt 0.84558 0.17612
vt 0.84574 0.17665
vt 0.85491 0.17658
vt 0.85506 0.17605
vt 0.84587 0.17737
vt 0.85479 0.17731
vt 0.84507 0.17742
vt 0.84774 0.38633
vt 0.84855 0.38632
vt 0.84456 0.17741
vt 0.84718 0.38632
vt 0.85615 0.17732
vt 0.85559 0.17735
vt 0.85831 0.38626
vt 0.85888 0.38625
vt 0.85751 0.38627
vt 0.84946 0.67844
vt 0.84866 0.67844
vt 0.84931 0.7734
vt 0.85011 0.7734
vt 0.84809 0.67843
vt 0.84875 0.77341
vt 0.85904 0.77339
vt 0.85984 0.77339
vt 0.85924 0.67839
vt 0.85843 0.6784
vt 0.8604 0.77339
vt 0.8598 0.67838
vt 0.85107 0.98222
vt 0.85091 0.98297
vt 0.85998 0.98313
vt 0.85987 0.9824
vt 0.85071 0.98351
vt 0.86012 0.98367
vt 0.86681 0.38614
vt 0.83924 0.38631
vt 0.85039 0.86847
vt 0.85943 0.86844
vt 0.85828 0.57993
vt 0.84933 0.57999
vt 0.86849 0.5798
vt 0.86975 0.67827
vt 0.89312 0.67817
vt 0.80446 0.67848
vt 0.81342 0.67849
vt 0.81478 0.6785
vt 0.83815 0.6784
vt 0.83912 0.57992
vt 0.87121 0.86861
vt 0.83859 0.8687
vt 0.87069 0.77341
vt 0.83846 0.77354
vt 0.85503 0.17408
vt 0.84559 0.17415
vt 0.84901 0.86849
vt 0.86081 0.86846
vt 0.84797 0.57998
vt 0.85965 0.57991
vt 0.84974 0.98218
vt 0.85067 0.98626
vt 0.86001 0.98643
vt 0.8612 0.98239
vt 0.86344 0.98458
vt 0.86084 0.98304
vt 0.8558 0.17667
vt 0.85756 0.17539
vt 0.85006 0.98285
vt 0.84305 0.17551
vt 0.84489 0.17676
vt 0.80361 0.21062
vt 0.8874 0.20947
vt 0.81418 0.21115
vt 0.80366 0.67848
vt 0.89368 0.67816
vt 0.89507 0.94957
vt 0.80481 0.95036
vt 0.81422 0.6785
vt 0.81539 0.94996
vt 0.84853 0.57999
vt 0.84958 0.86848
vt 0.86024 0.86845
vt 0.85909 0.57992
vt 0.85029 0.98216
vt 0.86065 0.98236
vt 0.81534 0.95063
vt 0.80498 0.95095
vt 0.89509 0.95021
vt 0.80799 0.95808
vt 0.81413 0.21058
vt 0.88741 0.20883
vt 0.80382 0.21
vt 0.80368 0.2095
vt 0.84517 0.17693
vt 0.85549 0.17686
vt 0.85037 0.98267
vt 0.86054 0.98286
vt 0.47604 0.24812
vt 0.47651 0.21026
vt 0.47171 0.24812
vt 0.47171 0.11624
vt 0.47171 0.13292
vt 0.47617 0.13292
vt 0.47617 0.11624
vt 0.35353 0.11624
vt 0.35353 0.13292
vt 0.4177 0.13292
vt 0.4177 0.11624
vt 0.30694 0.18171
vt 0.28897 0.18171
vt 0.4177 0.14943
vt 0.35353 0.14943
vt 0.35353 0.18171
vt 0.4177 0.18171
vt 0.47617 0.14943
vt 0.47171 0.14943
vt 0.47159 0.18228
vt 0.32447 0.14833
vt 0.32447 0.18171
vt 0.32205 0.11624
vt 0.30547 0.13202
vt 0.28897 0.14928
vt 0.35353 0.19332
vt 0.4177 0.19332
vt 0.32447 0.19332
vt 0.30694 0.19332
vt 0.28897 0.19332
vt 0.32447 0.24812
vt 0.30694 0.24812
vt 0.28897 0.24812
vt 0.46116 0.11624
vt 0.46116 0.13292
vt 0.46116 0.14943
vt 0.46137 0.1822
vt 0.46138 0.18954
vt 0.46138 0.21032
vt 0.46116 0.24812
vt 0.46138 0.20399
vt 0.48199 0.21027
vt 0.48199 0.24812
vt 0.48199 0.14943
vt 0.48199 0.13292
vt 0.48199 0.11624
vt 0.46139 0.19338
vt 0.4614 0.19631
vt 0.4706 0.19635
vt 0.46139 0.19906
usemtl mat0
f 1/1/1 2/2/2 3/3/3
f 4/4/4 1/1/1 5/5/5
f 4/4/4 6/6/6 7/7/7
f 8/8/8 9/9/9 10/10/10
f 11/11/11 12/12/12 13/13/13
f 14/14/14 15/15/15 16/16/16
f 17/17/17 18/18/18 19/19/19
f 20/20/20 21/21/21 22/22/22
f 23/23/23 24/24/24 25/25/25
f 26/26/26 27/27/27 28/28/28
f 29/11/29 30/7/30 31/5/31
f 32/10/32 33/15/33 34/29/34
f 35/19/35 36/13/36 37/30/37
f 38/31/38 39/16/39 40/22/40
f 29/11/29 41/12/41 36/13/36
f 42/14/42 33/15/33 39/16/39
f 43/23/43 44/24/44 45/25/45
f 38/31/38 43/23/43 46/32/46
f 47/26/47 48/27/48 49/28/49
f 50/1/50 51/2/51 52/3/52
f 53/4/53 50/1/50 54/5/54
f 53/4/53 55/6/55 56/7/56
f 57/8/57 58/9/58 59/10/59
f 60/11/60 61/12/61 62/13/62
f 63/14/63 64/15/64 65/16/65
f 66/17/66 67/18/67 68/19/68
f 69/20/69 70/21/70 71/22/71
f 72/23/72 73/24/73 74/25/74
f 75/26/75 76/27/76 77/28/77
f 78/11/78 79/7/79 80/5/80
f 81/10/81 82/15/82 83/29/83
f 84/19/84 85/13/85 86/30/86
f 87/31/87 88/16/88 89/22/89
f 78/11/78 90/12/90 85/13/85
f 91/14/91 82/15/82 88/16/88
f 92/23/92 93/24/93 94/25/94
f 87/31/87 92/23/92 95/32/95
f 96/26/96 97/27/97 98/28/98
f 99/2/99 100/3/100 101/1/101
f 102/4/102 101/1/101 103/5/103
f 102/4/102 104/6/104 105/7/105
f 106/8/106 107/9/107 108/10/108
f 109/11/109 110/12/110 111/13/111
f 112/14/112 113/15/113 114/16/114
f 115/17/115 116/18/116 117/19/117
f 118/20/118 119/21/119 120/22/120
f 121/23/121 122/24/122 123/25/123
f 124/26/124 125/27/125 126/28/126
f 127/11/127 128/7/128 129/5/129
f 130/10/130 131/15/131 132/29/132
f 133/19/133 134/13/134 135/30/135
f 136/31/136 137/16/137 138/22/138
f 127/11/127 139/12/139 134/13/134
f 140/14/140 131/15/131 137/16/137
f 141/23/141 142/24/142 143/25/143
f 136/31/136 141/23/141 144/32/144
f 145/26/145 146/27/146 147/28/147
f 148/1/148 149/2/149 150/3/150
f 151/4/151 148/1/148 152/5/152
f 151/4/151 153/6/153 154/7/154
f 155/8/155 156/9/156 157/10/157
f 158/11/158 159/12/159 160/13/160
f 161/14/161 162/15/162 163/16/163
f 164/17/164 165/18/165 166/19/166
f 167/20/167 168/21/168 169/22/169
f 170/23/170 171/24/171 172/25/172
f 173/26/173 174/27/174 175/28/175
f 176/1/176 177/2/177 178/3/178
f 179/4/179 176/1/176 180/5/180
f 179/4/179 181/6/181 182/7/182
f 183/8/183 184/9/184 185/10/185
f 186/11/186 187/12/187 188/13/188
f 189/14/189 190/15/190 191/16/191
f 192/17/192 193/18/193 194/19/194
f 195/20/195 196/21/196 197/22/197
f 198/23/198 199/24/199 200/25/200
f 201/26/201 202/27/202 203/28/203
f 204/1/204 205/2/205 206/3/206
f 207/4/207 204/1/204 208/5/208
f 207/4/207 209/6/209 210/7/210
f 211/8/211 212/9/212 213/10/213
f 214/11/214 215/12/215 216/13/216
f 217/14/217 218/15/218 219/16/219
f 220/17/220 221/18/221 222/19/222
f 223/20/223 224/21/224 225/22/225
f 226/23/226 227/24/227 228/25/228
f 229/26/229 230/27/230 231/28/231
f 232/1/232 233/2/233 234/3/234
f 235/4/235 232/1/232 236/5/236
f 235/4/235 237/6/237 238/7/238
f 239/8/239 240/9/240 241/10/241
f 242/11/242 243/12/243 244/13/244
f 245/14/245 246/15/246 247/16/247
f 248/17/248 249/18/249 250/19/250
f 251/20/251 252/21/252 253/22/253
f 254/23/254 255/24/255 256/25/256
f 257/26/257 258/27/258 259/28/259
f 260/1/260 261/2/261 262/3/262
f 263/4/263 260/1/260 264/5/264
f 263/4/263 265/6/265 266/7/266
f 267/8/267 268/9/268 269/10/269
f 270/11/270 271/12/271 272/13/272
f 273/14/273 274/15/274 275/16/275
f 276/17/276 277/18/277 278/19/278
f 279/20/279 280/21/280 281/22/281
f 282/23/282 283/24/283 284/25/284
f 285/26/285 286/27/286 287/28/287
f 288/1/288 289/2/289 290/3/290
f 291/4/291 288/1/288 292/5/292
f 291/4/291 293/6/293 294/7/294
f 295/8/295 296/9/296 297/10/297
f 298/11/298 299/12/299 300/13/300
f 301/14/301 302/15/302 303/16/303
f 304/17/304 305/18/305 306/19/306
f 307/20/307 308/21/308 309/22/309
f 310/23/310 311/24/311 312/25/312
f 313/26/313 314/27/314 315/28/315
f 316/1/316 317/2/317 318/3/318
f 319/4/319 316/1/316 320/5/320
f 319/4/319 321/6/321 322/7/322
f 323/8/323 324/9/324 325/10/325
f 326/11/326 327/12/327 328/13/328
f 329/14/329 330/15/330 331/16/331
f 332/17/332 333/18/333 334/19/334
f 335/20/335 336/21/336 337/22/337
f 338/23/338 339/24/339 340/25/340
f 341/26/341 342/27/342 343/28/343
f 344/1/344 345/2/345 346/3/346
f 347/4/347 344/1/344 348/5/348
f 347/4/347 349/6/349 350/7/350
f 351/8/351 352/9/352 353/10/353
f 354/11/354 355/12/355 356/13/356
f 357/14/357 358/15/358 359/16/359
f 360/17/360 361/18/361 362/19/362
f 363/20/363 364/21/364 365/22/365
f 366/23/366 367/24/367 368/25/368
f 369/26/369 370/27/370 371/28/371
f 372/1/372 373/2/373 374/3/374
f 375/4/375 372/1/372 376/5/376
f 375/4/375 377/6/377 378/7/378
f 379/8/379 380/9/380 381/10/381
f 382/11/382 383/12/383 384/13/384
f 385/14/385 386/15/386 387/16/387
f 388/17/388 389/18/389 390/19/390
f 391/20/391 392/21/392 393/22/393
f 394/23/394 395/24/395 396/25/396
f 397/26/397 398/27/398 399/28/399
f 400/33/400 401/34/401 402/35/402
f 403/36/403 404/37/404 405/38/405
f 406/39/406 403/36/403 405/38/405
f 407/40/407 408/41/407 401/34/401
f 403/36/403 409/42/408 404/37/404
f 404/37/404 410/43/409 405/38/405
f 411/44/410 412/45/411 413/46/412
f 414/47/413 415/48/414 416/49/415
f 417/50/416 414/47/413 416/49/415
f 418/51/417 419/52/418 412/45/411
f 414/47/413 420/53/419 415/48/414
f 415/48/414 421/54/420 416/49/415
f 422/55/421 423/56/422 424/57/423
f 425/58/424 426/59/425 427/60/426
f 428/61/427 426/59/425 429/62/428
f 430/63/429 431/64/430 432/65/431
f 433/66/432 434/67/433 430/63/429
f 435/68/434 434/67/433 433/66/432
f 436/69/435 430/63/429 432/65/431
f 146/27/146 132/29/132 437/70/436
f 97/27/97 83/29/83 438/70/437
f 48/27/48 34/29/34 439/70/438
f 440/71/439 116/18/116 441/30/440
f 442/72/441 440/71/439 443/73/442
f 444/71/443 18/18/18 445/30/444
f 446/72/445 444/71/443 447/73/446
f 448/71/447 193/18/193 449/30/448
f 450/72/449 448/71/447 451/73/450
f 452/71/451 221/18/221 453/30/452
f 454/72/453 452/71/451 455/73/454
f 456/71/455 249/18/249 457/30/456
f 458/72/457 456/71/455 459/73/458
f 460/71/459 277/18/277 461/30/460
f 462/72/461 460/71/459 463/73/462
f 464/71/463 389/18/389 465/30/464
f 466/72/465 464/71/463 467/73/466
f 468/71/467 67/18/67 469/30/468
f 470/72/469 468/71/467 471/73/470
f 472/71/471 165/18/165 473/30/472
f 474/72/473 472/71/471 475/73/474
f 476/71/475 305/18/305 477/30/476
f 478/72/477 476/71/475 479/73/478
f 480/71/479 361/18/361 481/30/480
f 482/72/481 480/71/479 483/73/482
f 484/71/483 333/18/333 485/30/484
f 486/72/485 484/71/483 487/73/486
f 488/74/487 489/75/488 490/76/489
f 488/74/487 490/76/489 491/77/490
f 488/74/487 492/78/491 493/79/492
f 488/74/487 493/79/492 494/80/493
f 492/78/491 495/81/494 496/82/495
f 492/78/491 496/82/495 493/79/492
f 495/81/494 497/83/496 498/84/497
f 495/81/494 498/84/497 496/82/495
f 497/83/496 499/85/498 500/86/499
f 497/83/496 500/86/499 498/84/497
f 499/85/498 501/87/500 502/88/501
f 499/85/498 502/88/501 500/86/499
f 501/87/500 503/89/502 504/90/503
f 501/87/500 504/90/503 502/88/501
f 504/90/503 503/89/502 505/91/504
f 504/90/503 505/91/504 506/92/505
f 494/80/493 507/93/506 508/94/507
f 494/80/493 508/94/507 509/95/508
f 496/82/495 510/96/509 511/97/510
f 496/82/495 511/97/510 493/79/492
f 500/86/499 512/98/511 513/99/512
f 500/86/499 513/99/512 498/84/497
f 504/90/503 514/100/513 515/101/514
f 504/90/503 515/101/514 502/88/501
f 516/102/515 517/103/516 518/104/517
f 516/102/515 518/104/517 519/105/518
f 517/103/516 520/106/519 521/107/520
f 517/103/516 521/107/520 518/104/517
f 520/106/519 522/108/521 523/109/522
f 520/106/519 523/109/522 521/107/520
f 522/108/521 524/110/523 525/111/524
f 522/108/521 525/111/524 523/109/522
f 524/110/523 526/112/525 527/113/526
f 524/110/523 527/113/526 525/111/524
f 526/112/525 528/114/527 529/115/528
f 526/112/525 529/115/528 527/113/526
f 528/114/527 530/116/529 531/117/530
f 528/114/527 531/117/530 529/115/528
f 530/116/529 532/118/531 533/119/532
f 530/116/529 533/119/532 531/117/530
f 532/118/531 534/120/533 535/121/534
f 532/118/531 535/121/534 533/119/532
f 534/120/533 536/122/535 537/123/536
f 534/120/533 537/123/536 535/121/534
f 536/122/535 538/124/537 539/125/538
f 536/122/535 539/125/538 537/123/536
f 538/124/537 540/126/539 541/127/540
f 538/124/537 541/127/540 539/125/538
f 540/126/539 542/128/541 543/129/542
f 540/126/539 543/129/542 541/127/540
f 542/128/541 544/130/543 545/131/544
f 542/128/541 545/131/544 543/129/542
f 544/130/543 546/132/545 547/133/546
f 544/130/543 547/133/546 545/131/544
f 546/132/545 516/102/515 519/105/518
f 546/132/545 519/105/518 547/133/546
f 548/134/547 447/73/446 444/71/443
f 548/134/547 444/71/443 445/30/444
f 3/3/3 549/135/548 5/5/5
f 3/3/3 5/5/5 1/1/1
f 550/136/549 551/137/550 552/138/551
f 550/136/549 552/138/551 553/139/552
f 554/140/553 551/137/550 550/136/549
f 554/140/553 550/136/549 555/141/554
f 556/142/555 554/140/553 555/141/554
f 556/142/555 555/141/554 557/143/556
f 558/144/557 556/142/555 557/143/556
f 558/144/557 557/143/556 559/145/558
f 560/146/559 558/144/557 559/145/558
f 560/146/559 559/145/558 561/147/560
f 562/148/561 560/146/559 561/147/560
f 562/148/561 561/147/560 563/149/562
f 564/150/563 562/148/561 563/149/562
f 564/150/563 563/149/562 565/151/564
f 566/152/565 567/153/566 568/154/567
f 566/152/565 568/154/567 506/92/505
f 508/94/507 569/155/568 570/156/569
f 508/94/507 570/156/569 509/95/508
f 571/157/570 572/158/554 573/159/549
f 571/157/570 573/159/549 574/160/571
f 574/160/571 573/159/549 575/161/552
f 574/160/571 575/161/552 576/162/572
f 577/163/572 578/164/552 579/165/573
f 577/163/572 579/165/573 580/166/574
f 581/167/558 582/168/556 583/169/575
f 581/167/558 583/169/575 584/170/576
f 582/168/556 572/158/554 571/157/570
f 582/168/556 571/157/570 583/169/575
f 585/171/562 586/172/560 587/173/577
f 585/171/562 587/173/577 588/174/578
f 586/172/560 581/167/558 584/170/576
f 586/172/560 584/170/576 587/173/577
f 589/175/579 590/176/580 591/177/581
f 589/175/579 591/177/581 592/178/582
f 592/178/582 591/177/581 593/179/564
f 592/178/582 593/179/564 594/180/583
f 593/179/564 585/171/562 588/174/578
f 593/179/564 588/174/578 594/180/583
f 595/181/584 596/182/585 597/183/586
f 595/181/584 597/183/586 598/184/587
f 599/185/588 600/186/589 601/187/590
f 599/185/588 601/187/590 602/188/591
f 22/22/22 603/189/592 604/190/593
f 22/22/22 604/190/593 605/191/594
f 606/192/592 607/193/595 608/194/596
f 606/192/592 608/194/596 609/195/593
f 610/196/597 611/197/581 612/198/598
f 610/196/597 612/198/598 613/199/599
f 614/200/581 599/185/588 615/201/600
f 614/200/581 615/201/600 616/202/598
f 617/203/601 618/204/602 509/95/508
f 617/203/601 509/95/508 570/156/569
f 618/204/602 619/205/603 489/75/488
f 618/204/602 489/75/488 509/95/508
f 11/11/11 620/206/604 621/207/605
f 11/11/11 621/207/605 6/6/6
f 620/206/604 622/208/606 623/209/607
f 620/206/604 623/209/607 621/207/605
f 444/71/443 624/210/608 19/19/19
f 444/71/443 19/19/19 18/18/18
f 446/72/445 619/205/603 624/210/608
f 446/72/445 624/210/608 444/71/443
f 489/75/488 619/205/603 446/72/445
f 489/75/488 446/72/445 490/76/489
f 2/2/2 625/211/609 505/91/504
f 2/2/2 505/91/504 626/212/610
f 12/12/12 548/134/547 445/30/444
f 12/12/12 445/30/444 13/13/13
f 14/14/14 16/16/16 627/31/611
f 14/14/14 627/31/611 628/32/612
f 623/209/607 629/213/613 630/214/614
f 623/209/607 630/214/614 631/215/615
f 13/13/13 445/30/444 18/18/18
f 13/13/13 18/18/18 17/17/17
f 549/135/548 12/12/12 11/11/11
f 549/135/548 11/11/11 5/5/5
f 632/70/616 633/29/617 15/15/15
f 632/70/616 15/15/15 14/14/14
f 634/216/618 635/217/619 636/218/620
f 634/216/618 636/218/620 637/219/621
f 627/31/611 16/16/16 21/21/21
f 627/31/611 21/21/21 20/20/20
f 636/218/620 638/220/622 622/208/606
f 636/218/620 622/208/606 637/219/621
f 639/221/623 635/217/619 634/216/618
f 639/221/623 634/216/618 640/222/624
f 5/5/5 11/11/11 6/6/6
f 5/5/5 6/6/6 4/4/4
f 622/208/606 638/220/622 629/213/613
f 622/208/606 629/213/613 623/209/607
f 15/15/15 633/29/617 9/9/9
f 15/15/15 9/9/9 8/8/8
f 630/214/614 641/223/625 642/224/626
f 630/214/614 642/224/626 631/215/615
f 641/223/625 643/225/627 644/226/628
f 641/223/625 644/226/628 642/224/626
f 643/225/627 602/188/591 566/152/565
f 643/225/627 566/152/565 644/226/628
f 598/184/587 645/227/629 617/203/601
f 598/184/587 617/203/601 570/156/569
f 645/227/629 646/228/630 647/229/631
f 645/227/629 647/229/631 617/203/601
f 646/228/630 639/221/623 640/222/624
f 646/228/630 640/222/624 647/229/631
f 607/193/595 648/230/632 635/217/619
f 607/193/595 635/217/619 639/221/623
f 636/218/620 635/217/619 648/230/632
f 636/218/620 648/230/632 649/231/633
f 650/232/634 638/220/622 636/218/620
f 650/232/634 636/218/620 649/231/633
f 629/213/613 638/220/622 650/232/634
f 629/213/613 650/232/634 651/233/635
f 630/214/614 629/213/613 651/233/635
f 630/214/614 651/233/635 652/234/636
f 652/234/636 653/235/637 641/223/625
f 652/234/636 641/223/625 630/214/614
f 653/235/637 615/201/600 643/225/627
f 653/235/637 643/225/627 641/223/625
f 615/201/600 599/185/588 602/188/591
f 615/201/600 602/188/591 643/225/627
f 597/183/586 654/236/638 645/227/629
f 597/183/586 645/227/629 598/184/587
f 654/236/638 608/194/596 646/228/630
f 654/236/638 646/228/630 645/227/629
f 608/194/596 607/193/595 639/221/623
f 608/194/596 639/221/623 646/228/630
f 605/191/594 604/190/593 655/237/639
f 605/191/594 655/237/639 656/238/640
f 609/195/593 608/194/596 654/236/638
f 609/195/593 654/236/638 657/239/639
f 656/238/640 655/237/639 553/139/552
f 656/238/640 553/139/552 552/138/551
f 657/239/639 654/236/638 597/183/586
f 657/239/639 597/183/586 658/240/552
f 613/199/599 612/198/598 659/241/641
f 613/199/599 659/241/641 660/242/642
f 616/202/598 615/201/600 653/235/637
f 616/202/598 653/235/637 661/243/641
f 660/242/642 659/241/641 662/244/643
f 660/242/642 662/244/643 10/10/10
f 661/243/641 653/235/637 652/234/636
f 661/243/641 652/234/636 663/245/643
f 10/10/10 662/244/643 664/246/644
f 10/10/10 664/246/644 8/8/8
f 663/245/643 652/234/636 651/233/635
f 663/245/643 651/233/635 665/247/644
f 607/193/595 606/192/592 666/248/645
f 607/193/595 666/248/645 648/230/632
f 603/189/592 22/22/22 21/21/21
f 603/189/592 21/21/21 667/249/645
f 624/210/608 668/250/646 669/251/647
f 624/210/608 669/251/647 19/19/19
f 668/250/646 647/229/631 640/222/624
f 668/250/646 640/222/624 669/251/647
f 19/19/19 669/251/647 670/252/648
f 19/19/19 670/252/648 17/17/17
f 669/251/647 640/222/624 634/216/618
f 669/251/647 634/216/618 670/252/648
f 647/229/631 668/250/646 618/204/602
f 647/229/631 618/204/602 617/203/601
f 668/250/646 624/210/608 619/205/603
f 668/250/646 619/205/603 618/204/602
f 566/152/565 506/92/505 671/253/649
f 566/152/565 671/253/649 644/226/628
f 506/92/505 505/91/504 625/211/609
f 506/92/505 625/211/609 671/253/649
f 644/226/628 671/253/649 672/254/650
f 644/226/628 672/254/650 642/224/626
f 671/253/649 625/211/609 673/255/651
f 671/253/649 673/255/651 672/254/650
f 642/224/626 672/254/650 674/256/652
f 642/224/626 674/256/652 631/215/615
f 672/254/650 673/255/651 7/7/7
f 672/254/650 7/7/7 674/256/652
f 622/208/606 620/206/604 675/257/653
f 622/208/606 675/257/653 637/219/621
f 620/206/604 11/11/11 13/13/13
f 620/206/604 13/13/13 675/257/653
f 631/215/615 674/256/652 621/207/605
f 631/215/615 621/207/605 623/209/607
f 674/256/652 7/7/7 6/6/6
f 674/256/652 6/6/6 621/207/605
f 15/15/15 676/258/654 677/259/655
f 15/15/15 677/259/655 16/16/16
f 678/260/654 650/232/634 649/231/633
f 678/260/654 649/231/633 679/261/655
f 650/232/634 678/260/654 665/247/644
f 650/232/634 665/247/644 651/233/635
f 676/258/654 15/15/15 8/8/8
f 676/258/654 8/8/8 664/246/644
f 17/17/17 670/252/648 675/257/653
f 17/17/17 675/257/653 13/13/13
f 670/252/648 634/216/618 637/219/621
f 670/252/648 637/219/621 675/257/653
f 648/230/632 666/248/645 680/262/655
f 648/230/632 680/262/655 649/231/633
f 667/249/645 21/21/21 16/16/16
f 667/249/645 16/16/16 677/259/655
f 599/185/588 614/200/581 681/263/580
f 599/185/588 681/263/580 600/186/589
f 610/196/597 564/150/563 565/151/564
f 610/196/597 565/151/564 611/197/581
f 492/78/491 488/74/487 491/77/490
f 492/78/491 491/77/490 682/264/656
f 495/81/494 492/78/491 682/264/656
f 495/81/494 682/264/656 683/265/657
f 497/83/496 495/81/494 683/265/657
f 497/83/496 683/265/657 684/266/658
f 499/85/498 497/83/496 684/266/658
f 499/85/498 684/266/658 685/267/659
f 501/87/500 499/85/498 685/267/659
f 501/87/500 685/267/659 686/268/660
f 503/89/502 501/87/500 686/268/660
f 503/89/502 686/268/660 687/269/661
f 489/75/488 488/74/487 494/80/493
f 489/75/488 494/80/493 509/95/508
f 505/91/504 503/89/502 687/269/661
f 505/91/504 687/269/661 626/212/610
f 602/188/591 601/187/590 567/153/566
f 602/188/591 567/153/566 566/152/565
f 569/155/568 595/181/584 598/184/587
f 569/155/568 598/184/587 570/156/569
f 597/183/586 596/182/585 688/270/573
f 597/183/586 688/270/573 658/240/552
f 689/271/662 595/181/584 569/155/568
f 689/271/662 569/155/568 690/272/663
f 691/273/664 596/182/585 595/181/584
f 691/273/664 595/181/584 689/271/662
f 688/270/573 596/182/585 691/273/664
f 688/270/573 691/273/664 692/274/665
f 579/165/573 693/275/665 694/276/666
f 579/165/573 694/276/666 580/166/574
f 694/276/666 693/275/665 590/176/580
f 694/276/666 590/176/580 589/175/579
f 600/186/589 681/263/580 692/274/665
f 600/186/589 692/274/665 691/273/664
f 601/187/590 600/186/589 691/273/664
f 601/187/590 691/273/664 689/271/662
f 567/153/566 601/187/590 689/271/662
f 567/153/566 689/271/662 690/272/663
f 568/154/567 567/153/566 690/272/663
f 568/154/567 690/272/663 695/277/667
f 695/277/667 515/101/514 514/100/513
f 695/277/667 514/100/513 568/154/567
f 695/277/667 513/99/512 512/98/511
f 695/277/667 512/98/511 515/101/514
f 695/277/667 511/97/510 510/96/509
f 695/277/667 510/96/509 513/99/512
f 508/94/507 507/93/506 511/97/510
f 508/94/507 511/97/510 695/277/667
f 695/277/667 690/272/663 569/155/568
f 695/277/667 569/155/568 508/94/507
f 494/80/493 493/79/492 511/97/510
f 494/80/493 511/97/510 507/93/506
f 513/99/512 510/96/509 496/82/495
f 513/99/512 496/82/495 498/84/497
f 515/101/514 512/98/511 500/86/499
f 515/101/514 500/86/499 502/88/501
f 568/154/567 514/100/513 504/90/503
f 568/154/567 504/90/503 506/92/505
f 628/32/612 23/23/23 25/25/25
f 628/32/612 25/25/25 696/278/668
f 447/73/446 548/134/547 697/279/669
f 447/73/446 697/279/669 698/280/670
f 446/72/445 447/73/446 698/280/670
f 446/72/445 698/280/670 699/281/671
f 552/138/551 700/282/672 24/24/24
f 552/138/551 24/24/24 656/238/640
f 490/76/489 446/72/445 699/281/671
f 490/76/489 699/281/671 701/283/673
f 551/137/550 702/284/674 700/282/672
f 551/137/550 700/282/672 552/138/551
f 491/77/490 490/76/489 701/283/673
f 491/77/490 701/283/673 703/285/675
f 554/140/553 704/286/676 702/284/674
f 554/140/553 702/284/674 551/137/550
f 682/264/656 491/77/490 703/285/675
f 682/264/656 703/285/675 705/287/677
f 556/142/555 706/288/678 704/286/676
f 556/142/555 704/286/676 554/140/553
f 683/265/657 682/264/656 705/287/677
f 683/265/657 705/287/677 707/289/679
f 558/144/557 708/290/680 706/288/678
f 558/144/557 706/288/678 556/142/555
f 684/266/658 683/265/657 707/289/679
f 684/266/658 707/289/679 709/291/681
f 560/146/559 710/292/682 708/290/680
f 560/146/559 708/290/680 558/144/557
f 685/267/659 684/266/658 709/291/681
f 685/267/659 709/291/681 711/293/683
f 562/148/561 712/294/684 710/292/682
f 562/148/561 710/292/682 560/146/559
f 686/268/660 685/267/659 711/293/683
f 686/268/660 711/293/683 713/295/685
f 564/150/563 714/296/686 712/294/684
f 564/150/563 712/294/684 562/148/561
f 687/269/661 686/268/660 713/295/685
f 687/269/661 713/295/685 715/297/687
f 610/196/597 716/298/688 714/296/686
f 610/196/597 714/296/686 564/150/563
f 626/212/610 687/269/661 715/297/687
f 626/212/610 715/297/687 717/299/689
f 613/199/599 26/26/26 716/298/688
f 613/199/599 716/298/688 610/196/597
f 2/2/2 626/212/610 717/299/689
f 2/2/2 717/299/689 718/300/690
f 660/242/642 27/27/27 26/26/26
f 660/242/642 26/26/26 613/199/599
f 3/3/3 2/2/2 718/300/690
f 3/3/3 718/300/690 719/301/691
f 9/9/9 27/27/27 660/242/642
f 9/9/9 660/242/642 10/10/10
f 549/135/548 3/3/3 719/301/691
f 549/135/548 719/301/691 720/302/692
f 632/70/616 14/14/14 721/303/693
f 632/70/616 721/303/693 722/304/694
f 12/12/12 549/135/548 720/302/692
f 12/12/12 720/302/692 723/305/695
f 14/14/14 628/32/612 696/278/668
f 14/14/14 696/278/668 721/303/693
f 548/134/547 12/12/12 723/305/695
f 548/134/547 723/305/695 697/279/669
f 724/306/696 725/307/697 726/308/519
f 724/306/696 726/308/519 727/309/516
f 725/307/697 728/310/698 729/311/521
f 725/307/697 729/311/521 726/308/519
f 728/310/698 730/312/699 731/313/523
f 728/310/698 731/313/523 729/311/521
f 730/312/699 732/314/700 733/315/525
f 730/312/699 733/315/525 731/313/523
f 732/314/700 734/316/701 735/317/527
f 732/314/700 735/317/527 733/315/525
f 734/316/701 736/318/702 737/319/529
f 734/316/701 737/319/529 735/317/527
f 736/318/702 738/320/703 739/321/531
f 736/318/702 739/321/531 737/319/529
f 738/320/703 740/322/704 741/323/533
f 738/320/703 741/323/533 739/321/531
f 740/322/704 742/324/705 743/325/535
f 740/322/704 743/325/535 741/323/533
f 742/324/705 744/326/706 745/327/537
f 742/324/705 745/327/537 743/325/535
f 744/326/706 746/328/707 747/329/539
f 744/326/706 747/329/539 745/327/537
f 746/328/707 748/330/708 749/331/541
f 746/328/707 749/331/541 747/329/539
f 748/330/708 750/332/709 751/333/543
f 748/330/708 751/333/543 749/331/541
f 750/332/709 752/334/710 753/335/545
f 750/332/709 753/335/545 751/333/543
f 752/334/710 754/336/711 755/337/515
f 752/334/710 755/337/515 753/335/545
f 754/336/711 724/306/696 727/309/516
f 754/336/711 727/309/516 755/337/515
f 519/105/518 518/104/517 698/280/670
f 519/105/518 698/280/670 697/279/669
f 547/133/546 519/105/518 697/279/669
f 547/133/546 697/279/669 723/305/695
f 545/131/544 547/133/546 723/305/695
f 545/131/544 723/305/695 720/302/692
f 543/129/542 545/131/544 720/302/692
f 543/129/542 720/302/692 719/301/691
f 541/127/540 543/129/542 719/301/691
f 541/127/540 719/301/691 718/300/690
f 539/125/538 541/127/540 718/300/690
f 539/125/538 718/300/690 717/299/689
f 537/123/536 539/125/538 717/299/689
f 537/123/536 717/299/689 715/297/687
f 535/121/534 537/123/536 715/297/687
f 535/121/534 715/297/687 713/295/685
f 533/119/532 535/121/534 713/295/685
f 533/119/532 713/295/685 711/293/683
f 531/117/530 533/119/532 711/293/683
f 531/117/530 711/293/683 709/291/681
f 529/115/528 531/117/530 709/291/681
f 529/115/528 709/291/681 707/289/679
f 527/113/526 529/115/528 707/289/679
f 527/113/526 707/289/679 705/287/677
f 525/111/524 527/113/526 705/287/677
f 525/111/524 705/287/677 703/285/675
f 523/109/522 525/111/524 703/285/675
f 523/109/522 703/285/675 701/283/673
f 521/107/520 523/109/522 701/283/673
f 521/107/520 701/283/673 699/281/671
f 518/104/517 521/107/520 699/281/671
f 518/104/517 699/281/671 698/280/670
f 25/25/25 24/24/24 725/307/697
f 25/25/25 725/307/697 724/306/696
f 24/24/24 700/282/672 728/310/698
f 24/24/24 728/310/698 725/307/697
f 700/282/672 702/284/674 730/312/699
f 700/282/672 730/312/699 728/310/698
f 702/284/674 704/286/676 732/314/700
f 702/284/674 732/314/700 730/312/699
f 704/286/676 706/288/678 734/316/701
f 704/286/676 734/316/701 732/314/700
f 706/288/678 708/290/680 736/318/702
f 706/288/678 736/318/702 734/316/701
f 708/290/680 710/292/682 738/320/703
f 708/290/680 738/320/703 736/318/702
f 710/292/682 712/294/684 740/322/704
f 710/292/682 740/322/704 738/320/703
f 712/294/684 714/296/686 742/324/705
f 712/294/684 742/324/705 740/322/704
f 714/296/686 716/298/688 744/326/706
f 714/296/686 744/326/706 742/324/705
f 716/298/688 26/26/26 746/328/707
f 716/298/688 746/328/707 744/326/706
f 26/26/26 28/28/28 748/330/708
f 26/26/26 748/330/708 746/328/707
f 28/28/28 722/304/694 750/332/709
f 28/28/28 750/332/709 748/330/708
f 722/304/694 721/303/693 752/334/710
f 722/304/694 752/334/710 750/332/709
f 721/303/693 696/278/668 754/336/711
f 721/303/693 754/336/711 752/334/710
f 696/278/668 25/25/25 724/306/696
f 696/278/668 724/306/696 754/336/711
f 605/191/594 23/23/23 20/20/20
f 605/191/594 20/20/20 22/22/22
f 20/20/20 23/23/23 628/32/612
f 20/20/20 628/32/612 627/31/611
f 632/70/616 722/304/694 28/28/28
f 632/70/616 28/28/28 27/27/27
f 632/70/616 27/27/27 9/9/9
f 632/70/616 9/9/9 633/29/617
f 656/238/640 24/24/24 23/23/23
f 656/238/640 23/23/23 605/191/594
f 756/338/712 757/339/713 758/340/714
f 756/338/712 758/340/714 759/341/715
f 760/342/716 761/343/717 757/339/713
f 760/342/716 757/339/713 756/338/712
f 762/344/718 763/345/718 761/343/717
f 762/344/718 761/343/717 760/342/716
f 764/346/719 765/347/719 766/348/719
f 764/346/719 766/348/719 767/349/719
f 768/350/720 769/351/721 770/352/722
f 768/350/720 770/352/722 771/353/723
f 772/354/724 773/355/725 774/356/726
f 772/354/724 774/356/726 775/357/727
f 773/355/725 776/358/728 777/359/729
f 773/355/725 777/359/729 774/356/726
f 778/360/730 779/361/731 780/362/732
f 778/360/730 780/362/732 781/363/733
f 782/364/734 783/365/735 784/366/736
f 782/364/734 784/366/736 785/367/737
f 786/368/738 787/369/739 788/370/740
f 786/368/738 788/370/740 789/371/741
f 789/371/741 788/370/740 790/372/742
f 789/371/741 790/372/742 791/373/743
f 792/374/744 793/375/745 791/373/743
f 792/374/744 791/373/743 790/372/742
f 772/354/724 775/357/727 794/376/746
f 772/354/724 794/376/746 795/377/747
f 796/378/748 797/379/749 798/380/750
f 796/378/748 798/380/750 799/381/751
f 800/382/752 801/383/753 802/384/754
f 800/382/752 802/384/754 803/385/755
f 803/385/755 802/384/754 804/386/756
f 803/385/755 804/386/756 805/387/757
f 806/388/758 807/389/759 805/387/757
f 806/388/758 805/387/757 804/386/756
f 786/368/738 785/367/737 784/366/736
f 786/368/738 784/366/736 787/369/739
f 800/382/752 799/381/751 798/380/750
f 800/382/752 798/380/750 801/383/753
f 776/358/728 778/360/730 781/363/733
f 776/358/728 781/363/733 777/359/729
f 808/390/760 809/391/761 793/375/745
f 808/390/760 793/375/745 792/374/744
f 810/392/762 807/389/759 806/388/758
f 810/392/762 806/388/758 811/393/763
f 795/377/747 794/376/746 812/394/764
f 795/377/747 812/394/764 813/395/765
f 780/362/732 796/378/748 799/381/751
f 780/362/732 799/381/751 781/363/733
f 781/363/733 799/381/751 800/382/752
f 781/363/733 800/382/752 777/359/729
f 777/359/729 800/382/752 803/385/755
f 777/359/729 803/385/755 774/356/726
f 774/356/726 803/385/755 805/387/757
f 774/356/726 805/387/757 775/357/727
f 794/376/746 775/357/727 805/387/757
f 794/376/746 805/387/757 807/389/759
f 812/394/764 794/376/746 807/389/759
f 812/394/764 807/389/759 810/392/762
f 814/396/766 815/397/767 816/398/768
f 814/396/766 816/398/768 817/399/769
f 817/399/769 816/398/768 818/400/770
f 817/399/769 818/400/770 819/401/771
f 819/401/771 818/400/770 820/402/772
f 819/401/771 820/402/772 821/403/773
f 821/403/773 820/402/772 822/404/774
f 821/403/773 822/404/774 823/405/775
f 823/405/775 822/404/774 824/406/776
f 823/405/775 824/406/776 825/407/777
f 825/407/777 824/406/776 826/408/778
f 825/407/777 826/408/778 827/409/779
f 825/407/777 827/409/779 782/364/734
f 825/407/777 782/364/734 785/367/737
f 789/371/741 791/373/743 819/401/771
f 789/371/741 819/401/771 821/403/773
f 821/403/773 823/405/775 786/368/738
f 821/403/773 786/368/738 789/371/741
f 820/402/772 818/400/770 804/386/756
f 820/402/772 804/386/756 802/384/754
f 802/384/754 801/383/753 822/404/774
f 802/384/754 822/404/774 820/402/772
f 798/380/750 797/379/749 826/408/778
f 798/380/750 826/408/778 824/406/776
f 819/401/771 791/373/743 793/375/745
f 819/401/771 793/375/745 817/399/769
f 804/386/756 818/400/770 816/398/768
f 804/386/756 816/398/768 806/388/758
f 823/405/775 825/407/777 785/367/737
f 823/405/775 785/367/737 786/368/738
f 801/383/753 798/380/750 824/406/776
f 801/383/753 824/406/776 822/404/774
f 793/375/745 809/391/761 814/396/766
f 793/375/745 814/396/766 817/399/769
f 816/398/768 815/397/767 811/393/763
f 816/398/768 811/393/763 806/388/758
f 828/410/780 829/411/781 830/412/782
f 828/410/780 830/412/782 831/413/783
f 832/414/784 833/415/785 829/411/781
f 832/414/784 829/411/781 828/410/780
f 834/416/786 835/417/787 833/415/785
f 834/416/786 833/415/785 832/414/784
f 836/74/788 837/75/789 838/418/790
f 836/74/788 838/418/790 839/419/791
f 836/74/788 840/78/792 841/79/793
f 836/74/788 841/79/793 842/80/794
f 840/78/792 843/81/795 844/82/796
f 840/78/792 844/82/796 841/79/793
f 843/81/795 845/83/797 846/84/798
f 843/81/795 846/84/798 844/82/796
f 845/83/797 847/85/799 848/86/800
f 845/83/797 848/86/800 846/84/798
f 847/85/799 849/87/801 850/88/802
f 847/85/799 850/88/802 848/86/800
f 849/87/801 851/89/803 852/90/804
f 849/87/801 852/90/804 850/88/802
f 852/90/804 851/89/803 853/91/805
f 852/90/804 853/91/805 854/92/806
f 842/80/794 855/93/807 856/94/808
f 842/80/794 856/94/808 857/95/809
f 844/82/796 858/96/810 859/97/811
f 844/82/796 859/97/811 841/79/793
f 848/86/800 860/98/812 861/99/813
f 848/86/800 861/99/813 846/84/798
f 852/90/804 862/100/814 863/101/815
f 852/90/804 863/101/815 850/88/802
f 864/102/816 865/103/817 866/104/818
f 864/102/816 866/104/818 867/105/819
f 865/103/817 868/106/820 869/107/821
f 865/103/817 869/107/821 866/104/818
f 868/106/820 870/108/822 871/109/823
f 868/106/820 871/109/823 869/107/821
f 870/108/822 872/110/824 873/111/825
f 870/108/822 873/111/825 871/109/823
f 872/110/824 874/112/826 875/113/827
f 872/110/824 875/113/827 873/111/825
f 874/112/826 876/114/828 877/115/829
f 874/112/826 877/115/829 875/113/827
f 876/114/828 878/116/830 879/117/831
f 876/114/828 879/117/831 877/115/829
f 878/116/830 880/118/832 881/119/833
f 878/116/830 881/119/833 879/117/831
f 880/118/832 882/120/834 883/121/835
f 880/118/832 883/121/835 881/119/833
f 882/120/834 884/122/836 885/123/837
f 882/120/834 885/123/837 883/121/835
f 884/122/836 886/124/838 887/125/839
f 884/122/836 887/125/839 885/123/837
f 886/124/838 888/126/840 889/127/841
f 886/124/838 889/127/841 887/125/839
f 888/126/840 890/128/842 891/129/843
f 888/126/840 891/129/843 889/127/841
f 890/128/842 892/130/844 893/131/845
f 890/128/842 893/131/845 891/129/843
f 892/130/844 894/132/846 895/133/847
f 892/130/844 895/133/847 893/131/845
f 894/132/846 864/102/816 867/105/819
f 894/132/846 867/105/819 895/133/847
f 896/71/848 37/30/37 897/279/849
f 896/71/848 897/279/849 898/280/850
f 899/420/851 896/71/848 898/280/850
f 899/420/851 898/280/850 900/281/852
f 838/418/790 899/420/851 900/281/852
f 838/418/790 900/281/852 901/283/853
f 839/419/791 838/418/790 901/283/853
f 839/419/791 901/283/853 902/285/854
f 903/421/855 839/419/791 902/285/854
f 903/421/855 902/285/854 904/287/856
f 905/422/857 903/421/855 904/287/856
f 905/422/857 904/287/856 906/289/858
f 907/423/859 905/422/857 906/289/858
f 907/423/859 906/289/858 908/291/860
f 909/424/861 907/423/859 908/291/860
f 909/424/861 908/291/860 910/293/862
f 911/425/863 909/424/861 910/293/862
f 911/425/863 910/293/862 912/295/864
f 913/426/865 911/425/863 912/295/864
f 913/426/865 912/295/864 914/297/866
f 915/427/867 913/426/865 914/297/866
f 915/427/867 914/297/866 916/299/868
f 917/428/869 915/427/867 916/299/868
f 917/428/869 916/299/868 918/300/870
f 919/1/871 917/428/869 918/300/870
f 919/1/871 918/300/870 920/301/872
f 31/5/31 919/1/871 920/301/872
f 31/5/31 920/301/872 921/302/873
f 922/136/874 923/137/875 924/138/876
f 922/136/874 924/138/876 925/139/877
f 926/140/878 923/137/875 922/136/874
f 926/140/878 922/136/874 927/141/879
f 928/142/880 926/140/878 927/141/879
f 928/142/880 927/141/879 929/143/881
f 930/144/882 928/142/880 929/143/881
f 930/144/882 929/143/881 931/145/883
f 932/146/884 930/144/882 931/145/883
f 932/146/884 931/145/883 933/147/885
f 934/148/886 932/146/884 933/147/885
f 934/148/886 933/147/885 935/149/887
f 936/150/888 934/148/886 935/149/887
f 936/150/888 935/149/887 937/151/889
f 938/152/890 939/153/891 940/154/892
f 938/152/890 940/154/892 854/92/806
f 856/94/808 941/155/893 942/156/894
f 856/94/808 942/156/894 857/95/809
f 943/157/895 944/158/879 945/159/874
f 943/157/895 945/159/874 946/160/896
f 946/160/896 945/159/874 947/161/877
f 946/160/896 947/161/877 948/162/897
f 949/163/897 950/164/877 951/165/898
f 949/163/897 951/165/898 952/166/899
f 953/167/883 954/168/881 955/169/900
f 953/167/883 955/169/900 956/170/901
f 954/168/881 944/158/879 943/157/895
f 954/168/881 943/157/895 955/169/900
f 957/171/887 958/172/885 959/173/902
f 957/171/887 959/173/902 960/174/903
f 958/172/885 953/167/883 956/170/901
f 958/172/885 956/170/901 959/173/902
f 961/175/904 962/176/905 963/177/906
f 961/175/904 963/177/906 964/178/907
f 964/178/907 963/177/906 965/179/889
f 964/178/907 965/179/889 966/180/908
f 965/179/889 957/171/887 960/174/903
f 965/179/889 960/174/903 966/180/908
f 967/181/909 968/182/910 969/183/911
f 967/181/909 969/183/911 970/184/912
f 971/185/913 972/186/914 973/187/915
f 971/185/913 973/187/915 974/188/916
f 40/22/40 975/189/917 976/190/918
f 40/22/40 976/190/918 977/191/919
f 978/192/917 979/193/920 980/194/921
f 978/192/917 980/194/921 981/195/918
f 982/196/922 983/197/906 984/198/923
f 982/196/922 984/198/923 985/199/924
f 986/200/906 971/185/913 987/201/925
f 986/200/906 987/201/925 988/202/923
f 989/203/926 990/204/927 857/95/809
f 989/203/926 857/95/809 942/156/894
f 990/204/927 991/205/928 837/75/789
f 990/204/927 837/75/789 857/95/809
f 29/11/29 992/206/929 993/256/930
f 29/11/29 993/256/930 30/7/30
f 992/206/929 994/208/931 995/215/932
f 992/206/929 995/215/932 993/256/930
f 896/71/848 996/210/933 35/19/35
f 896/71/848 35/19/35 37/30/37
f 899/420/851 991/205/928 996/210/933
f 899/420/851 996/210/933 896/71/848
f 837/75/789 991/205/928 899/420/851
f 837/75/789 899/420/851 838/418/790
f 917/428/869 997/211/934 853/91/805
f 917/428/869 853/91/805 915/427/867
f 919/1/871 998/255/935 997/211/934
f 919/1/871 997/211/934 917/428/869
f 30/7/30 998/255/935 919/1/871
f 30/7/30 919/1/871 31/5/31
f 42/14/42 39/16/39 38/31/38
f 42/14/42 38/31/38 46/32/46
f 999/214/936 995/215/932 994/208/931
f 999/214/936 994/208/931 1000/220/937
f 439/70/438 34/29/34 33/15/33
f 439/70/438 33/15/33 42/14/42
f 1001/218/938 1002/219/939 1003/222/940
f 1001/218/938 1003/222/940 1004/221/941
f 1001/218/938 1000/220/937 994/208/931
f 1001/218/938 994/208/931 1002/219/939
f 999/214/936 1005/223/942 1006/224/943
f 999/214/936 1006/224/943 995/215/932
f 1005/223/942 1007/225/944 1008/226/945
f 1005/223/942 1008/226/945 1006/224/943
f 1007/225/944 974/188/916 938/152/890
f 1007/225/944 938/152/890 1008/226/945
f 970/184/912 1009/227/946 989/203/926
f 970/184/912 989/203/926 942/156/894
f 1009/227/946 1010/228/947 1011/229/948
f 1009/227/946 1011/229/948 989/203/926
f 1010/228/947 1004/221/941 1003/222/940
f 1010/228/947 1003/222/940 1011/229/948
f 1001/218/938 1004/221/941 979/193/920
f 1001/218/938 979/193/920 1012/231/949
f 1013/232/950 1000/220/937 1001/218/938
f 1013/232/950 1001/218/938 1012/231/949
f 999/214/936 1000/220/937 1013/232/950
f 999/214/936 1013/232/950 1014/234/951
f 1014/234/951 1015/235/952 1005/223/942
f 1014/234/951 1005/223/942 999/214/936
f 1015/235/952 987/201/925 1007/225/944
f 1015/235/952 1007/225/944 1005/223/942
f 987/201/925 971/185/913 974/188/916
f 987/201/925 974/188/916 1007/225/944
f 969/183/911 1016/236/953 1009/227/946
f 969/183/911 1009/227/946 970/184/912
f 1016/236/953 980/194/921 1010/228/947
f 1016/236/953 1010/228/947 1009/227/946
f 980/194/921 979/193/920 1004/221/941
f 980/194/921 1004/221/941 1010/228/947
f 977/191/919 976/190/918 1017/237/954
f 977/191/919 1017/237/954 1018/238/955
f 981/195/918 980/194/921 1016/236/953
f 981/195/918 1016/236/953 1019/239/954
f 1018/238/955 1017/237/954 925/139/877
f 1018/238/955 925/139/877 924/138/876
f 1019/239/954 1016/236/953 969/183/911
f 1019/239/954 969/183/911 1020/240/877
f 985/199/924 984/198/923 1021/241/956
f 985/199/924 1021/241/956 1022/242/957
f 988/202/923 987/201/925 1015/235/952
f 988/202/923 1015/235/952 1023/243/956
f 1022/242/957 1021/241/956 1024/244/958
f 1022/242/957 1024/244/958 32/10/32
f 1023/243/956 1015/235/952 1014/234/951
f 1023/243/956 1014/234/951 1025/245/958
f 32/10/32 1024/244/958 1026/258/959
f 32/10/32 1026/258/959 33/15/33
f 1025/245/958 1014/234/951 1013/232/950
f 1025/245/958 1013/232/950 1027/260/959
f 996/210/933 1028/250/960 1029/251/961
f 996/210/933 1029/251/961 35/19/35
f 1028/250/960 1011/229/948 1003/222/940
f 1028/250/960 1003/222/940 1029/251/961
f 35/19/35 1029/251/961 1030/257/962
f 35/19/35 1030/257/962 36/13/36
f 1029/251/961 1003/222/940 1002/219/939
f 1029/251/961 1002/219/939 1030/257/962
f 1011/229/948 1028/250/960 990/204/927
f 1011/229/948 990/204/927 989/203/926
f 1028/250/960 996/210/933 991/205/928
f 1028/250/960 991/205/928 990/204/927
f 938/152/890 854/92/806 1031/253/963
f 938/152/890 1031/253/963 1008/226/945
f 854/92/806 853/91/805 997/211/934
f 854/92/806 997/211/934 1031/253/963
f 1008/226/945 1031/253/963 1032/254/964
f 1008/226/945 1032/254/964 1006/224/943
f 1031/253/963 997/211/934 998/255/935
f 1031/253/963 998/255/935 1032/254/964
f 1006/224/943 1032/254/964 993/256/930
f 1006/224/943 993/256/930 995/215/932
f 1032/254/964 998/255/935 30/7/30
f 1032/254/964 30/7/30 993/256/930
f 994/208/931 992/206/929 1030/257/962
f 994/208/931 1030/257/962 1002/219/939
f 992/206/929 29/11/29 36/13/36
f 992/206/929 36/13/36 1030/257/962
f 33/15/33 1026/258/959 1033/259/965
f 33/15/33 1033/259/965 39/16/39
f 1027/260/959 1013/232/950 1012/231/949
f 1027/260/959 1012/231/949 1034/261/965
f 978/192/917 1035/262/965 1012/231/949
f 978/192/917 1012/231/949 979/193/920
f 39/16/39 1033/259/965 975/189/917
f 39/16/39 975/189/917 40/22/40
f 971/185/913 986/200/906 1036/263/905
f 971/185/913 1036/263/905 972/186/914
f 982/196/922 936/150/888 937/151/889
f 982/196/922 937/151/889 983/197/906
f 840/78/792 836/74/788 839/419/791
f 840/78/792 839/419/791 903/421/855
f 843/81/795 840/78/792 903/421/855
f 843/81/795 903/421/855 905/422/857
f 845/83/797 843/81/795 905/422/857
f 845/83/797 905/422/857 907/423/859
f 847/85/799 845/83/797 907/423/859
f 847/85/799 907/423/859 909/424/861
f 849/87/801 847/85/799 909/424/861
f 849/87/801 909/424/861 911/425/863
f 851/89/803 849/87/801 911/425/863
f 851/89/803 911/425/863 913/426/865
f 837/75/789 836/74/788 842/80/794
f 837/75/789 842/80/794 857/95/809
f 853/91/805 851/89/803 913/426/865
f 853/91/805 913/426/865 915/427/867
f 974/188/916 973/187/915 939/153/891
f 974/188/916 939/153/891 938/152/890
f 941/155/893 967/181/909 970/184/912
f 941/155/893 970/184/912 942/156/894
f 969/183/911 968/182/910 1037/270/898
f 969/183/911 1037/270/898 1020/240/877
f 1038/271/966 967/181/909 941/155/893
f 1038/271/966 941/155/893 1039/272/967
f 1040/273/968 968/182/910 967/181/909
f 1040/273/968 967/181/909 1038/271/966
f 1037/270/898 968/182/910 1040/273/968
f 1037/270/898 1040/273/968 1041/274/969
f 951/165/898 1042/275/969 1043/276/970
f 951/165/898 1043/276/970 952/166/899
f 1043/276/970 1042/275/969 962/176/905
f 1043/276/970 962/176/905 961/175/904
f 972/186/914 1036/263/905 1041/274/969
f 972/186/914 1041/274/969 1040/273/968
f 973/187/915 972/186/914 1040/273/968
f 973/187/915 1040/273/968 1038/271/966
f 939/153/891 973/187/915 1038/271/966
f 939/153/891 1038/271/966 1039/272/967
f 940/154/892 939/153/891 1039/272/967
f 940/154/892 1039/272/967 1044/277/971
f 1044/277/971 863/101/815 862/100/814
f 1044/277/971 862/100/814 940/154/892
f 1044/277/971 861/99/813 860/98/812
f 1044/277/971 860/98/812 863/101/815
f 1044/277/971 859/97/811 858/96/810
f 1044/277/971 858/96/810 861/99/813
f 856/94/808 855/93/807 859/97/811
f 856/94/808 859/97/811 1044/277/971
f 1044/277/971 1039/272/967 941/155/893
f 1044/277/971 941/155/893 856/94/808
f 842/80/794 841/79/793 859/97/811
f 842/80/794 859/97/811 855/93/807
f 861/99/813 858/96/810 844/82/796
f 861/99/813 844/82/796 846/84/798
f 863/101/815 860/98/812 848/86/800
f 863/101/815 848/86/800 850/88/802
f 940/154/892 862/100/814 852/90/804
f 940/154/892 852/90/804 854/92/806
f 46/32/46 43/23/43 45/25/45
f 46/32/46 45/25/45 1045/278/972
f 924/138/876 1046/282/973 44/24/44
f 924/138/876 44/24/44 1018/238/955
f 923/137/875 1047/284/974 1046/282/973
f 923/137/875 1046/282/973 924/138/876
f 926/140/878 1048/286/975 1047/284/974
f 926/140/878 1047/284/974 923/137/875
f 928/142/880 1049/288/976 1048/286/975
f 928/142/880 1048/286/975 926/140/878
f 930/144/882 1050/290/977 1049/288/976
f 930/144/882 1049/288/976 928/142/880
f 932/146/884 1051/292/978 1050/290/977
f 932/146/884 1050/290/977 930/144/882
f 934/148/886 1052/294/979 1051/292/978
f 934/148/886 1051/292/978 932/146/884
f 936/150/888 1053/296/980 1052/294/979
f 936/150/888 1052/294/979 934/148/886
f 982/196/922 1054/298/981 1053/296/980
f 982/196/922 1053/296/980 936/150/888
f 985/199/924 47/26/47 1054/298/981
f 985/199/924 1054/298/981 982/196/922
f 1022/242/957 48/27/48 47/26/47
f 1022/242/957 47/26/47 985/199/924
f 48/27/48 1022/242/957 32/10/32
f 48/27/48 32/10/32 34/29/34
f 439/70/438 42/14/42 1055/303/982
f 439/70/438 1055/303/982 1056/304/983
f 42/14/42 46/32/46 1045/278/972
f 42/14/42 1045/278/972 1055/303/982
f 1057/306/984 1058/307/985 1059/308/820
f 1057/306/984 1059/308/820 1060/309/817
f 1058/307/985 1061/310/986 1062/311/822
f 1058/307/985 1062/311/822 1059/308/820
f 1061/310/986 1063/312/987 1064/313/824
f 1061/310/986 1064/313/824 1062/311/822
f 1063/312/987 1065/314/988 1066/315/826
f 1063/312/987 1066/315/826 1064/313/824
f 1065/314/988 1067/316/989 1068/317/828
f 1065/314/988 1068/317/828 1066/315/826
f 1067/316/989 1069/318/990 1070/319/830
f 1067/316/989 1070/319/830 1068/317/828
f 1069/318/990 1071/320/991 1072/321/832
f 1069/318/990 1072/321/832 1070/319/830
f 1071/320/991 1073/322/992 1074/323/834
f 1071/320/991 1074/323/834 1072/321/832
f 1073/322/992 1075/324/993 1076/325/836
f 1073/322/992 1076/325/836 1074/323/834
f 1075/324/993 1077/326/994 1078/327/838
f 1075/324/993 1078/327/838 1076/325/836
f 1077/326/994 1079/328/995 1080/329/840
f 1077/326/994 1080/329/840 1078/327/838
f 1079/328/995 1081/330/996 1082/331/842
f 1079/328/995 1082/331/842 1080/329/840
f 1081/330/996 1083/332/997 1084/333/844
f 1081/330/996 1084/333/844 1082/331/842
f 1083/332/997 1085/334/998 1086/335/846
f 1083/332/997 1086/335/846 1084/333/844
f 1085/334/998 1087/336/999 1088/337/816
f 1085/334/998 1088/337/816 1086/335/846
f 1087/336/999 1057/306/984 1060/309/817
f 1087/336/999 1060/309/817 1088/337/816
f 867/105/819 866/104/818 898/280/850
f 867/105/819 898/280/850 897/279/849
f 895/133/847 867/105/819 897/279/849
f 895/133/847 897/279/849 1089/305/1000
f 893/131/845 895/133/847 1089/305/1000
f 893/131/845 1089/305/1000 921/302/873
f 891/129/843 893/131/845 921/302/873
f 891/129/843 921/302/873 920/301/872
f 889/127/841 891/129/843 920/301/872
f 889/127/841 920/301/872 918/300/870
f 887/125/839 889/127/841 918/300/870
f 887/125/839 918/300/870 916/299/868
f 885/123/837 887/125/839 916/299/868
f 885/123/837 916/299/868 914/297/866
f 883/121/835 885/123/837 914/297/866
f 883/121/835 914/297/866 912/295/864
f 881/119/833 883/121/835 912/295/864
f 881/119/833 912/295/864 910/293/862
f 879/117/831 881/119/833 910/293/862
f 879/117/831 910/293/862 908/291/860
f 877/115/829 879/117/831 908/291/860
f 877/115/829 908/291/860 906/289/858
f 875/113/827 877/115/829 906/289/858
f 875/113/827 906/289/858 904/287/856
f 873/111/825 875/113/827 904/287/856
f 873/111/825 904/287/856 902/285/854
f 871/109/823 873/111/825 902/285/854
f 871/109/823 902/285/854 901/283/853
f 869/107/821 871/109/823 901/283/853
f 869/107/821 901/283/853 900/281/852
f 866/104/818 869/107/821 900/281/852
f 866/104/818 900/281/852 898/280/850
f 45/25/45 44/24/44 1058/307/985
f 45/25/45 1058/307/985 1057/306/984
f 44/24/44 1046/282/973 1061/310/986
f 44/24/44 1061/310/986 1058/307/985
f 1046/282/973 1047/284/974 1063/312/987
f 1046/282/973 1063/312/987 1061/310/986
f 1047/284/974 1048/286/975 1065/314/988
f 1047/284/974 1065/314/988 1063/312/987
f 1048/286/975 1049/288/976 1067/316/989
f 1048/286/975 1067/316/989 1065/314/988
f 1049/288/976 1050/290/977 1069/318/990
f 1049/288/976 1069/318/990 1067/316/989
f 1050/290/977 1051/292/978 1071/320/991
f 1050/290/977 1071/320/991 1069/318/990
f 1051/292/978 1052/294/979 1073/322/992
f 1051/292/978 1073/322/992 1071/320/991
f 1052/294/979 1053/296/980 1075/324/993
f 1052/294/979 1075/324/993 1073/322/992
f 1053/296/980 1054/298/981 1077/326/994
f 1053/296/980 1077/326/994 1075/324/993
f 1054/298/981 47/26/47 1079/328/995
f 1054/298/981 1079/328/995 1077/326/994
f 47/26/47 49/28/49 1081/330/996
f 47/26/47 1081/330/996 1079/328/995
f 49/28/49 1056/304/983 1083/332/997
f 49/28/49 1083/332/997 1081/330/996
f 1056/304/983 1055/303/982 1085/334/998
f 1056/304/983 1085/334/998 1083/332/997
f 1055/303/982 1045/278/972 1087/336/999
f 1055/303/982 1087/336/999 1085/334/998
f 1045/278/972 45/25/45 1057/306/984
f 1045/278/972 1057/306/984 1087/336/999
f 439/70/438 1056/304/983 49/28/49
f 439/70/438 49/28/49 48/27/48
f 1018/238/955 44/24/44 43/23/43
f 1018/238/955 43/23/43 977/191/919
f 1090/74/1001 1091/75/1002 1092/76/1003
f 1090/74/1001 1092/76/1003 1093/77/1004
f 1090/74/1001 1094/78/1005 1095/79/1006
f 1090/74/1001 1095/79/1006 1096/80/1007
f 1094/78/1005 1097/81/1008 1098/82/1009
f 1094/78/1005 1098/82/1009 1095/79/1006
f 1097/81/1008 1099/83/1010 1100/84/1011
f 1097/81/1008 1100/84/1011 1098/82/1009
f 1099/83/1010 1101/85/1012 1102/86/1013
f 1099/83/1010 1102/86/1013 1100/84/1011
f 1101/85/1012 1103/87/1014 1104/88/1015
f 1101/85/1012 1104/88/1015 1102/86/1013
f 1103/87/1014 1105/89/1016 1106/90/1017
f 1103/87/1014 1106/90/1017 1104/88/1015
f 1106/90/1017 1105/89/1016 1107/91/1018
f 1106/90/1017 1107/91/1018 1108/92/1019
f 1096/80/1007 1109/93/1020 1110/94/1021
f 1096/80/1007 1110/94/1021 1111/95/1022
f 1098/82/1009 1112/96/1023 1113/97/1024
f 1098/82/1009 1113/97/1024 1095/79/1006
f 1102/86/1013 1114/98/1025 1115/99/1026
f 1102/86/1013 1115/99/1026 1100/84/1011
f 1106/90/1017 1116/100/1027 1117/101/1028
f 1106/90/1017 1117/101/1028 1104/88/1015
f 1118/102/1029 1119/103/1030 1120/104/1031
f 1118/102/1029 1120/104/1031 1121/105/1032
f 1119/103/1030 1122/106/1033 1123/107/1034
f 1119/103/1030 1123/107/1034 1120/104/1031
f 1122/106/1033 1124/108/1035 1125/109/1036
f 1122/106/1033 1125/109/1036 1123/107/1034
f 1124/108/1035 1126/110/1037 1127/111/1038
f 1124/108/1035 1127/111/1038 1125/109/1036
f 1126/110/1037 1128/112/1039 1129/113/1040
f 1126/110/1037 1129/113/1040 1127/111/1038
f 1128/112/1039 1130/114/1041 1131/115/1042
f 1128/112/1039 1131/115/1042 1129/113/1040
f 1130/114/1041 1132/116/1043 1133/117/1044
f 1130/114/1041 1133/117/1044 1131/115/1042
f 1132/116/1043 1134/118/1045 1135/119/1046
f 1132/116/1043 1135/119/1046 1133/117/1044
f 1134/118/1045 1136/120/1047 1137/121/1048
f 1134/118/1045 1137/121/1048 1135/119/1046
f 1136/120/1047 1138/122/1049 1139/123/1050
f 1136/120/1047 1139/123/1050 1137/121/1048
f 1138/122/1049 1140/124/1051 1141/125/1052
f 1138/122/1049 1141/125/1052 1139/123/1050
f 1140/124/1051 1142/126/1053 1143/127/1054
f 1140/124/1051 1143/127/1054 1141/125/1052
f 1142/126/1053 1144/128/1055 1145/129/1056
f 1142/126/1053 1145/129/1056 1143/127/1054
f 1144/128/1055 1146/130/1057 1147/131/1058
f 1144/128/1055 1147/131/1058 1145/129/1056
f 1146/130/1057 1148/132/1059 1149/133/1060
f 1146/130/1057 1149/133/1060 1147/131/1058
f 1148/132/1059 1118/102/1029 1121/105/1032
f 1148/132/1059 1121/105/1032 1149/133/1060
f 1150/134/1061 471/73/470 468/71/467
f 1150/134/1061 468/71/467 469/30/468
f 52/3/52 1151/135/1062 54/5/54
f 52/3/52 54/5/54 50/1/50
f 1152/136/1063 1153/137/1064 1154/138/1065
f 1152/136/1063 1154/138/1065 1155/139/1066
f 1156/140/1067 1153/137/1064 1152/136/1063
f 1156/140/1067 1152/136/1063 1157/141/1068
f 1158/142/1069 1156/140/1067 1157/141/1068
f 1158/142/1069 1157/141/1068 1159/143/1070
f 1160/144/1071 1158/142/1069 1159/143/1070
f 1160/144/1071 1159/143/1070 1161/145/1072
f 1162/146/1073 1160/144/1071 1161/145/1072
f 1162/146/1073 1161/145/1072 1163/147/1074
f 1164/148/1075 1162/146/1073 1163/147/1074
f 1164/148/1075 1163/147/1074 1165/149/1076
f 1166/150/1077 1164/148/1075 1165/149/1076
f 1166/150/1077 1165/149/1076 1167/151/1078
f 1168/152/1079 1169/153/1080 1170/154/1081
f 1168/152/1079 1170/154/1081 1108/92/1019
f 1110/94/1021 1171/155/1082 1172/156/1083
f 1110/94/1021 1172/156/1083 1111/95/1022
f 1173/157/1084 1174/158/1068 1175/159/1063
f 1173/157/1084 1175/159/1063 1176/160/1085
f 1176/160/1085 1175/159/1063 1177/161/1066
f 1176/160/1085 1177/161/1066 1178/162/1086
f 1179/163/1086 1180/164/1066 1181/165/1087
f 1179/163/1086 1181/165/1087 1182/166/1088
f 1183/167/1072 1184/168/1070 1185/169/1089
f 1183/167/1072 1185/169/1089 1186/170/1090
f 1184/168/1070 1174/158/1068 1173/157/1084
f 1184/168/1070 1173/157/1084 1185/169/1089
f 1187/171/1076 1188/172/1074 1189/173/1091
f 1187/171/1076 1189/173/1091 1190/174/1092
f 1188/172/1074 1183/167/1072 1186/170/1090
f 1188/172/1074 1186/170/1090 1189/173/1091
f 1191/175/1093 1192/176/1094 1193/177/1095
f 1191/175/1093 1193/177/1095 1194/178/1096
f 1194/178/1096 1193/177/1095 1195/179/1078
f 1194/178/1096 1195/179/1078 1196/180/1097
f 1195/179/1078 1187/171/1076 1190/174/1092
f 1195/179/1078 1190/174/1092 1196/180/1097
f 1197/181/1098 1198/182/1099 1199/183/1100
f 1197/181/1098 1199/183/1100 1200/184/1101
f 1201/185/1102 1202/186/1103 1203/187/1104
f 1201/185/1102 1203/187/1104 1204/188/1105
f 71/22/71 1205/189/1106 1206/190/1107
f 71/22/71 1206/190/1107 1207/191/1108
f 1208/192/1106 1209/193/1109 1210/194/1110
f 1208/192/1106 1210/194/1110 1211/195/1107
f 1212/196/1111 1213/197/1095 1214/198/1112
f 1212/196/1111 1214/198/1112 1215/199/1113
f 1216/200/1095 1201/185/1102 1217/201/1114
f 1216/200/1095 1217/201/1114 1218/202/1112
f 1219/203/1115 1220/204/1116 1111/95/1022
f 1219/203/1115 1111/95/1022 1172/156/1083
f 1220/204/1116 1221/205/1117 1091/75/1002
f 1220/204/1116 1091/75/1002 1111/95/1022
f 60/11/60 1222/206/1118 1223/207/1119
f 60/11/60 1223/207/1119 55/6/55
f 1222/206/1118 1224/208/1120 1225/209/1121
f 1222/206/1118 1225/209/1121 1223/207/1119
f 468/71/467 1226/210/1122 68/19/68
f 468/71/467 68/19/68 67/18/67
f 470/72/469 1221/205/1117 1226/210/1122
f 470/72/469 1226/210/1122 468/71/467
f 1091/75/1002 1221/205/1117 470/72/469
f 1091/75/1002 470/72/469 1092/76/1003
f 51/2/51 1227/211/1123 1107/91/1018
f 51/2/51 1107/91/1018 1228/212/1124
f 61/12/61 1150/134/1061 469/30/468
f 61/12/61 469/30/468 62/13/62
f 63/14/63 65/16/65 1229/31/1125
f 63/14/63 1229/31/1125 1230/32/1126
f 1225/209/1121 1231/213/1127 1232/214/1128
f 1225/209/1121 1232/214/1128 1233/215/1129
f 62/13/62 469/30/468 67/18/67
f 62/13/62 67/18/67 66/17/66
f 1151/135/1062 61/12/61 60/11/60
f 1151/135/1062 60/11/60 54/5/54
f 1234/70/1130 1235/29/1131 64/15/64
f 1234/70/1130 64/15/64 63/14/63
f 1236/216/1132 1237/217/1133 1238/218/1134
f 1236/216/1132 1238/218/1134 1239/219/1135
f 1229/31/1125 65/16/65 70/21/70
f 1229/31/1125 70/21/70 69/20/69
f 1238/218/1134 1240/220/1136 1224/208/1120
f 1238/218/1134 1224/208/1120 1239/219/1135
f 1241/221/1137 1237/217/1133 1236/216/1132
f 1241/221/1137 1236/216/1132 1242/222/1138
f 54/5/54 60/11/60 55/6/55
f 54/5/54 55/6/55 53/4/53
f 1224/208/1120 1240/220/1136 1231/213/1127
f 1224/208/1120 1231/213/1127 1225/209/1121
f 64/15/64 1235/29/1131 58/9/58
f 64/15/64 58/9/58 57/8/57
f 1232/214/1128 1243/223/1139 1244/224/1140
f 1232/214/1128 1244/224/1140 1233/215/1129
f 1243/223/1139 1245/225/1141 1246/226/1142
f 1243/223/1139 1246/226/1142 1244/224/1140
f 1245/225/1141 1204/188/1105 1168/152/1079
f 1245/225/1141 1168/152/1079 1246/226/1142
f 1200/184/1101 1247/227/1143 1219/203/1115
f 1200/184/1101 1219/203/1115 1172/156/1083
f 1247/227/1143 1248/228/1144 1249/229/1145
f 1247/227/1143 1249/229/1145 1219/203/1115
f 1248/228/1144 1241/221/1137 1242/222/1138
f 1248/228/1144 1242/222/1138 1249/229/1145
f 1209/193/1109 1250/230/1146 1237/217/1133
f 1209/193/1109 1237/217/1133 1241/221/1137
f 1238/218/1134 1237/217/1133 1250/230/1146
f 1238/218/1134 1250/230/1146 1251/231/1147
f 1252/232/1148 1240/220/1136 1238/218/1134
f 1252/232/1148 1238/218/1134 1251/231/1147
f 1231/213/1127 1240/220/1136 1252/232/1148
f 1231/213/1127 1252/232/1148 1253/233/1149
f 1232/214/1128 1231/213/1127 1253/233/1149
f 1232/214/1128 1253/233/1149 1254/234/1150
f 1254/234/1150 1255/235/1151 1243/223/1139
f 1254/234/1150 1243/223/1139 1232/214/1128
f 1255/235/1151 1217/201/1114 1245/225/1141
f 1255/235/1151 1245/225/1141 1243/223/1139
f 1217/201/1114 1201/185/1102 1204/188/1105
f 1217/201/1114 1204/188/1105 1245/225/1141
f 1199/183/1100 1256/236/1152 1247/227/1143
f 1199/183/1100 1247/227/1143 1200/184/1101
f 1256/236/1152 1210/194/1110 1248/228/1144
f 1256/236/1152 1248/228/1144 1247/227/1143
f 1210/194/1110 1209/193/1109 1241/221/1137
f 1210/194/1110 1241/221/1137 1248/228/1144
f 1207/191/1108 1206/190/1107 1257/237/1153
f 1207/191/1108 1257/237/1153 1258/238/1154
f 1211/195/1107 1210/194/1110 1256/236/1152
f 1211/195/1107 1256/236/1152 1259/239/1153
f 1258/238/1154 1257/237/1153 1155/139/1066
f 1258/238/1154 1155/139/1066 1154/138/1065
f 1259/239/1153 1256/236/1152 1199/183/1100
f 1259/239/1153 1199/183/1100 1260/240/1066
f 1215/199/1113 1214/198/1112 1261/241/1155
f 1215/199/1113 1261/241/1155 1262/242/1156
f 1218/202/1112 1217/201/1114 1255/235/1151
f 1218/202/1112 1255/235/1151 1263/243/1155
f 1262/242/1156 1261/241/1155 1264/244/1157
f 1262/242/1156 1264/244/1157 59/10/59
f 1263/243/1155 1255/235/1151 1254/234/1150
f 1263/243/1155 1254/234/1150 1265/245/1157
f 59/10/59 1264/244/1157 1266/246/1158
f 59/10/59 1266/246/1158 57/8/57
f 1265/245/1157 1254/234/1150 1253/233/1149
f 1265/245/1157 1253/233/1149 1267/247/1158
f 1209/193/1109 1208/192/1106 1268/248/1159
f 1209/193/1109 1268/248/1159 1250/230/1146
f 1205/189/1106 71/22/71 70/21/70
f 1205/189/1106 70/21/70 1269/249/1159
f 1226/210/1122 1270/250/1160 1271/251/1161
f 1226/210/1122 1271/251/1161 68/19/68
f 1270/250/1160 1249/229/1145 1242/222/1138
f 1270/250/1160 1242/222/1138 1271/251/1161
f 68/19/68 1271/251/1161 1272/252/1162
f 68/19/68 1272/252/1162 66/17/66
f 1271/251/1161 1242/222/1138 1236/216/1132
f 1271/251/1161 1236/216/1132 1272/252/1162
f 1249/229/1145 1270/250/1160 1220/204/1116
f 1249/229/1145 1220/204/1116 1219/203/1115
f 1270/250/1160 1226/210/1122 1221/205/1117
f 1270/250/1160 1221/205/1117 1220/204/1116
f 1168/152/1079 1108/92/1019 1273/253/1163
f 1168/152/1079 1273/253/1163 1246/226/1142
f 1108/92/1019 1107/91/1018 1227/211/1123
f 1108/92/1019 1227/211/1123 1273/253/1163
f 1246/226/1142 1273/253/1163 1274/254/1164
f 1246/226/1142 1274/254/1164 1244/224/1140
f 1273/253/1163 1227/211/1123 1275/255/1165
f 1273/253/1163 1275/255/1165 1274/254/1164
f 1244/224/1140 1274/254/1164 1276/256/1166
f 1244/224/1140 1276/256/1166 1233/215/1129
f 1274/254/1164 1275/255/1165 56/7/56
f 1274/254/1164 56/7/56 1276/256/1166
f 1224/208/1120 1222/206/1118 1277/257/1167
f 1224/208/1120 1277/257/1167 1239/219/1135
f 1222/206/1118 60/11/60 62/13/62
f 1222/206/1118 62/13/62 1277/257/1167
f 1233/215/1129 1276/256/1166 1223/207/1119
f 1233/215/1129 1223/207/1119 1225/209/1121
f 1276/256/1166 56/7/56 55/6/55
f 1276/256/1166 55/6/55 1223/207/1119
f 64/15/64 1278/258/1168 1279/259/1169
f 64/15/64 1279/259/1169 65/16/65
f 1280/260/1168 1252/232/1148 1251/231/1147
f 1280/260/1168 1251/231/1147 1281/261/1169
f 1252/232/1148 1280/260/1168 1267/247/1158
f 1252/232/1148 1267/247/1158 1253/233/1149
f 1278/258/1168 64/15/64 57/8/57
f 1278/258/1168 57/8/57 1266/246/1158
f 66/17/66 1272/252/1162 1277/257/1167
f 66/17/66 1277/257/1167 62/13/62
f 1272/252/1162 1236/216/1132 1239/219/1135
f 1272/252/1162 1239/219/1135 1277/257/1167
f 1250/230/1146 1268/248/1159 1282/262/1169
f 1250/230/1146 1282/262/1169 1251/231/1147
f 1269/249/1159 70/21/70 65/16/65
f 1269/249/1159 65/16/65 1279/259/1169
f 1201/185/1102 1216/200/1095 1283/263/1094
f 1201/185/1102 1283/263/1094 1202/186/1103
f 1212/196/1111 1166/150/1077 1167/151/1078
f 1212/196/1111 1167/151/1078 1213/197/1095
f 1094/78/1005 1090/74/1001 1093/77/1004
f 1094/78/1005 1093/77/1004 1284/264/1170
f 1097/81/1008 1094/78/1005 1284/264/1170
f 1097/81/1008 1284/264/1170 1285/265/1171
f 1099/83/1010 1097/81/1008 1285/265/1171
f 1099/83/1010 1285/265/1171 1286/266/1172
f 1101/85/1012 1099/83/1010 1286/266/1172
f 1101/85/1012 1286/266/1172 1287/267/1173
f 1103/87/1014 1101/85/1012 1287/267/1173
f 1103/87/1014 1287/267/1173 1288/268/1174
f 1105/89/1016 1103/87/1014 1288/268/1174
f 1105/89/1016 1288/268/1174 1289/269/1175
f 1091/75/1002 1090/74/1001 1096/80/1007
f 1091/75/1002 1096/80/1007 1111/95/1022
f 1107/91/1018 1105/89/1016 1289/269/1175
f 1107/91/1018 1289/269/1175 1228/212/1124
f 1204/188/1105 1203/187/1104 1169/153/1080
f 1204/188/1105 1169/153/1080 1168/152/1079
f 1171/155/1082 1197/181/1098 1200/184/1101
f 1171/155/1082 1200/184/1101 1172/156/1083
f 1199/183/1100 1198/182/1099 1290/270/1087
f 1199/183/1100 1290/270/1087 1260/240/1066
f 1291/271/1176 1197/181/1098 1171/155/1082
f 1291/271/1176 1171/155/1082 1292/272/1177
f 1293/273/1178 1198/182/1099 1197/181/1098
f 1293/273/1178 1197/181/1098 1291/271/1176
f 1290/270/1087 1198/182/1099 1293/273/1178
f 1290/270/1087 1293/273/1178 1294/274/1179
f 1181/165/1087 1295/275/1179 1296/276/1180
f 1181/165/1087 1296/276/1180 1182/166/1088
f 1296/276/1180 1295/275/1179 1192/176/1094
f 1296/276/1180 1192/176/1094 1191/175/1093
f 1202/186/1103 1283/263/1094 1294/274/1179
f 1202/186/1103 1294/274/1179 1293/273/1178
f 1203/187/1104 1202/186/1103 1293/273/1178
f 1203/187/1104 1293/273/1178 1291/271/1176
f 1169/153/1080 1203/187/1104 1291/271/1176
f 1169/153/1080 1291/271/1176 1292/272/1177
f 1170/154/1081 1169/153/1080 1292/272/1177
f 1170/154/1081 1292/272/1177 1297/277/1181
f 1297/277/1181 1117/101/1028 1116/100/1027
f 1297/277/1181 1116/100/1027 1170/154/1081
f 1297/277/1181 1115/99/1026 1114/98/1025
f 1297/277/1181 1114/98/1025 1117/101/1028
f 1297/277/1181 1113/97/1024 1112/96/1023
f 1297/277/1181 1112/96/1023 1115/99/1026
f 1110/94/1021 1109/93/1020 1113/97/1024
f 1110/94/1021 1113/97/1024 1297/277/1181
f 1297/277/1181 1292/272/1177 1171/155/1082
f 1297/277/1181 1171/155/1082 1110/94/1021
f 1096/80/1007 1095/79/1006 1113/97/1024
f 1096/80/1007 1113/97/1024 1109/93/1020
f 1115/99/1026 1112/96/1023 1098/82/1009
f 1115/99/1026 1098/82/1009 1100/84/1011
f 1117/101/1028 1114/98/1025 1102/86/1013
f 1117/101/1028 1102/86/1013 1104/88/1015
f 1170/154/1081 1116/100/1027 1106/90/1017
f 1170/154/1081 1106/90/1017 1108/92/1019
f 1230/32/1126 72/23/72 74/25/74
f 1230/32/1126 74/25/74 1298/278/1182
f 471/73/470 1150/134/1061 1299/279/1183
f 471/73/470 1299/279/1183 1300/280/1184
f 470/72/469 471/73/470 1300/280/1184
f 470/72/469 1300/280/1184 1301/281/1185
f 1154/138/1065 1302/282/1186 73/24/73
f 1154/138/1065 73/24/73 1258/238/1154
f 1092/76/1003 470/72/469 1301/281/1185
f 1092/76/1003 1301/281/1185 1303/283/1187
f 1153/137/1064 1304/284/1188 1302/282/1186
f 1153/137/1064 1302/282/1186 1154/138/1065
f 1093/77/1004 1092/76/1003 1303/283/1187
f 1093/77/1004 1303/283/1187 1305/285/1189
f 1156/140/1067 1306/286/1190 1304/284/1188
f 1156/140/1067 1304/284/1188 1153/137/1064
f 1284/264/1170 1093/77/1004 1305/285/1189
f 1284/264/1170 1305/285/1189 1307/287/1191
f 1158/142/1069 1308/288/1192 1306/286/1190
f 1158/142/1069 1306/286/1190 1156/140/1067
f 1285/265/1171 1284/264/1170 1307/287/1191
f 1285/265/1171 1307/287/1191 1309/289/1193
f 1160/144/1071 1310/290/1194 1308/288/1192
f 1160/144/1071 1308/288/1192 1158/142/1069
f 1286/266/1172 1285/265/1171 1309/289/1193
f 1286/266/1172 1309/289/1193 1311/291/1195
f 1162/146/1073 1312/292/1196 1310/290/1194
f 1162/146/1073 1310/290/1194 1160/144/1071
f 1287/267/1173 1286/266/1172 1311/291/1195
f 1287/267/1173 1311/291/1195 1313/293/1197
f 1164/148/1075 1314/294/1198 1312/292/1196
f 1164/148/1075 1312/292/1196 1162/146/1073
f 1288/268/1174 1287/267/1173 1313/293/1197
f 1288/268/1174 1313/293/1197 1315/295/1199
f 1166/150/1077 1316/296/1200 1314/294/1198
f 1166/150/1077 1314/294/1198 1164/148/1075
f 1289/269/1175 1288/268/1174 1315/295/1199
f 1289/269/1175 1315/295/1199 1317/297/1201
f 1212/196/1111 1318/298/1202 1316/296/1200
f 1212/196/1111 1316/296/1200 1166/150/1077
f 1228/212/1124 1289/269/1175 1317/297/1201
f 1228/212/1124 1317/297/1201 1319/299/1203
f 1215/199/1113 75/26/75 1318/298/1202
f 1215/199/1113 1318/298/1202 1212/196/1111
f 51/2/51 1228/212/1124 1319/299/1203
f 51/2/51 1319/299/1203 1320/300/1204
f 1262/242/1156 76/27/76 75/26/75
f 1262/242/1156 75/26/75 1215/199/1113
f 52/3/52 51/2/51 1320/300/1204
f 52/3/52 1320/300/1204 1321/301/1205
f 58/9/58 76/27/76 1262/242/1156
f 58/9/58 1262/242/1156 59/10/59
f 1151/135/1062 52/3/52 1321/301/1205
f 1151/135/1062 1321/301/1205 1322/302/1206
f 1234/70/1130 63/14/63 1323/303/1207
f 1234/70/1130 1323/303/1207 1324/304/1208
f 61/12/61 1151/135/1062 1322/302/1206
f 61/12/61 1322/302/1206 1325/305/1209
f 63/14/63 1230/32/1126 1298/278/1182
f 63/14/63 1298/278/1182 1323/303/1207
f 1150/134/1061 61/12/61 1325/305/1209
f 1150/134/1061 1325/305/1209 1299/279/1183
f 1326/306/1210 1327/307/1211 1328/308/1033
f 1326/306/1210 1328/308/1033 1329/309/1030
f 1327/307/1211 1330/310/1212 1331/311/1035
f 1327/307/1211 1331/311/1035 1328/308/1033
f 1330/310/1212 1332/312/1213 1333/313/1037
f 1330/310/1212 1333/313/1037 1331/311/1035
f 1332/312/1213 1334/314/1214 1335/315/1039
f 1332/312/1213 1335/315/1039 1333/313/1037
f 1334/314/1214 1336/316/1215 1337/317/1041
f 1334/314/1214 1337/317/1041 1335/315/1039
f 1336/316/1215 1338/318/1216 1339/319/1043
f 1336/316/1215 1339/319/1043 1337/317/1041
f 1338/318/1216 1340/320/1217 1341/321/1045
f 1338/318/1216 1341/321/1045 1339/319/1043
f 1340/320/1217 1342/322/1218 1343/323/1047
f 1340/320/1217 1343/323/1047 1341/321/1045
f 1342/322/1218 1344/324/1219 1345/325/1049
f 1342/322/1218 1345/325/1049 1343/323/1047
f 1344/324/1219 1346/326/1220 1347/327/1051
f 1344/324/1219 1347/327/1051 1345/325/1049
f 1346/326/1220 1348/328/1221 1349/329/1053
f 1346/326/1220 1349/329/1053 1347/327/1051
f 1348/328/1221 1350/330/1222 1351/331/1055
f 1348/328/1221 1351/331/1055 1349/329/1053
f 1350/330/1222 1352/332/1223 1353/333/1057
f 1350/330/1222 1353/333/1057 1351/331/1055
f 1352/332/1223 1354/334/1224 1355/335/1059
f 1352/332/1223 1355/335/1059 1353/333/1057
f 1354/334/1224 1356/336/1225 1357/337/1029
f 1354/334/1224 1357/337/1029 1355/335/1059
f 1356/336/1225 1326/306/1210 1329/309/1030
f 1356/336/1225 1329/309/1030 1357/337/1029
f 1121/105/1032 1120/104/1031 1300/280/1184
f 1121/105/1032 1300/280/1184 1299/279/1183
f 1149/133/1060 1121/105/1032 1299/279/1183
f 1149/133/1060 1299/279/1183 1325/305/1209
f 1147/131/1058 1149/133/1060 1325/305/1209
f 1147/131/1058 1325/305/1209 1322/302/1206
f 1145/129/1056 1147/131/1058 1322/302/1206
f 1145/129/1056 1322/302/1206 1321/301/1205
f 1143/127/1054 1145/129/1056 1321/301/1205
f 1143/127/1054 1321/301/1205 1320/300/1204
f 1141/125/1052 1143/127/1054 1320/300/1204
f 1141/125/1052 1320/300/1204 1319/299/1203
f 1139/123/1050 1141/125/1052 1319/299/1203
f 1139/123/1050 1319/299/1203 1317/297/1201
f 1137/121/1048 1139/123/1050 1317/297/1201
f 1137/121/1048 1317/297/1201 1315/295/1199
f 1135/119/1046 1137/121/1048 1315/295/1199
f 1135/119/1046 1315/295/1199 1313/293/1197
f 1133/117/1044 1135/119/1046 1313/293/1197
f 1133/117/1044 1313/293/1197 1311/291/1195
f 1131/115/1042 1133/117/1044 1311/291/1195
f 1131/115/1042 1311/291/1195 1309/289/1193
f 1129/113/1040 1131/115/1042 1309/289/1193
f 1129/113/1040 1309/289/1193 1307/287/1191
f 1127/111/1038 1129/113/1040 1307/287/1191
f 1127/111/1038 1307/287/1191 1305/285/1189
f 1125/109/1036 1127/111/1038 1305/285/1189
f 1125/109/1036 1305/285/1189 1303/283/1187
f 1123/107/1034 1125/109/1036 1303/283/1187
f 1123/107/1034 1303/283/1187 1301/281/1185
f 1120/104/1031 1123/107/1034 1301/281/1185
f 1120/104/1031 1301/281/1185 1300/280/1184
f 74/25/74 73/24/73 1327/307/1211
f 74/25/74 1327/307/1211 1326/306/1210
f 73/24/73 1302/282/1186 1330/310/1212
f 73/24/73 1330/310/1212 1327/307/1211
f 1302/282/1186 1304/284/1188 1332/312/1213
f 1302/282/1186 1332/312/1213 1330/310/1212
f 1304/284/1188 1306/286/1190 1334/314/1214
f 1304/284/1188 1334/314/1214 1332/312/1213
f 1306/286/1190 1308/288/1192 1336/316/1215
f 1306/286/1190 1336/316/1215 1334/314/1214
f 1308/288/1192 1310/290/1194 1338/318/1216
f 1308/288/1192 1338/318/1216 1336/316/1215
f 1310/290/1194 1312/292/1196 1340/320/1217
f 1310/290/1194 1340/320/1217 1338/318/1216
f 1312/292/1196 1314/294/1198 1342/322/1218
f 1312/292/1196 1342/322/1218 1340/320/1217
f 1314/294/1198 1316/296/1200 1344/324/1219
f 1314/294/1198 1344/324/1219 1342/322/1218
f 1316/296/1200 1318/298/1202 1346/326/1220
f 1316/296/1200 1346/326/1220 1344/324/1219
f 1318/298/1202 75/26/75 1348/328/1221
f 1318/298/1202 1348/328/1221 1346/326/1220
f 75/26/75 77/28/77 1350/330/1222
f 75/26/75 1350/330/1222 1348/328/1221
f 77/28/77 1324/304/1208 1352/332/1223
f 77/28/77 1352/332/1223 1350/330/1222
f 1324/304/1208 1323/303/1207 1354/334/1224
f 1324/304/1208 1354/334/1224 1352/332/1223
f 1323/303/1207 1298/278/1182 1356/336/1225
f 1323/303/1207 1356/336/1225 1354/334/1224
f 1298/278/1182 74/25/74 1326/306/1210
f 1298/278/1182 1326/306/1210 1356/336/1225
f 1207/191/1108 72/23/72 69/20/69
f 1207/191/1108 69/20/69 71/22/71
f 69/20/69 72/23/72 1230/32/1126
f 69/20/69 1230/32/1126 1229/31/1125
f 1234/70/1130 1324/304/1208 77/28/77
f 1234/70/1130 77/28/77 76/27/76
f 1234/70/1130 76/27/76 58/9/58
f 1234/70/1130 58/9/58 1235/29/1131
f 1258/238/1154 73/24/73 72/23/72
f 1258/238/1154 72/23/72 1207/191/1108
f 1358/74/1226 1359/75/1227 1360/418/1228
f 1358/74/1226 1360/418/1228 1361/419/1229
f 1358/74/1226 1362/78/1230 1363/79/1231
f 1358/74/1226 1363/79/1231 1364/80/1232
f 1362/78/1230 1365/81/1233 1366/82/1234
f 1362/78/1230 1366/82/1234 1363/79/1231
f 1365/81/1233 1367/83/1235 1368/84/1236
f 1365/81/1233 1368/84/1236 1366/82/1234
f 1367/83/1235 1369/85/1237 1370/86/1238
f 1367/83/1235 1370/86/1238 1368/84/1236
f 1369/85/1237 1371/87/1239 1372/88/1240
f 1369/85/1237 1372/88/1240 1370/86/1238
f 1371/87/1239 1373/89/1241 1374/90/1242
f 1371/87/1239 1374/90/1242 1372/88/1240
f 1374/90/1242 1373/89/1241 1375/91/1243
f 1374/90/1242 1375/91/1243 1376/92/1244
f 1364/80/1232 1377/93/1245 1378/94/1246
f 1364/80/1232 1378/94/1246 1379/95/1247
f 1366/82/1234 1380/96/1248 1381/97/1249
f 1366/82/1234 1381/97/1249 1363/79/1231
f 1370/86/1238 1382/98/1250 1383/99/1251
f 1370/86/1238 1383/99/1251 1368/84/1236
f 1374/90/1242 1384/100/1252 1385/101/1253
f 1374/90/1242 1385/101/1253 1372/88/1240
f 1386/102/1254 1387/103/1255 1388/104/1256
f 1386/102/1254 1388/104/1256 1389/105/1257
f 1387/103/1255 1390/106/1258 1391/107/1259
f 1387/103/1255 1391/107/1259 1388/104/1256
f 1390/106/1258 1392/108/1260 1393/109/1261
f 1390/106/1258 1393/109/1261 1391/107/1259
f 1392/108/1260 1394/110/1262 1395/111/1263
f 1392/108/1260 1395/111/1263 1393/109/1261
f 1394/110/1262 1396/112/1264 1397/113/1265
f 1394/110/1262 1397/113/1265 1395/111/1263
f 1396/112/1264 1398/114/1266 1399/115/1267
f 1396/112/1264 1399/115/1267 1397/113/1265
f 1398/114/1266 1400/116/1268 1401/117/1269
f 1398/114/1266 1401/117/1269 1399/115/1267
f 1400/116/1268 1402/118/1270 1403/119/1271
f 1400/116/1268 1403/119/1271 1401/117/1269
f 1402/118/1270 1404/120/1272 1405/121/1273
f 1402/118/1270 1405/121/1273 1403/119/1271
f 1404/120/1272 1406/122/1274 1407/123/1275
f 1404/120/1272 1407/123/1275 1405/121/1273
f 1406/122/1274 1408/124/1276 1409/125/1277
f 1406/122/1274 1409/125/1277 1407/123/1275
f 1408/124/1276 1410/126/1278 1411/127/1279
f 1408/124/1276 1411/127/1279 1409/125/1277
f 1410/126/1278 1412/128/1280 1413/129/1281
f 1410/126/1278 1413/129/1281 1411/127/1279
f 1412/128/1280 1414/130/1282 1415/131/1283
f 1412/128/1280 1415/131/1283 1413/129/1281
f 1414/130/1282 1416/132/1284 1417/133/1285
f 1414/130/1282 1417/133/1285 1415/131/1283
f 1416/132/1284 1386/102/1254 1389/105/1257
f 1416/132/1284 1389/105/1257 1417/133/1285
f 1418/71/1286 86/30/86 1419/279/1287
f 1418/71/1286 1419/279/1287 1420/280/1288
f 1421/420/1289 1418/71/1286 1420/280/1288
f 1421/420/1289 1420/280/1288 1422/281/1290
f 1360/418/1228 1421/420/1289 1422/281/1290
f 1360/418/1228 1422/281/1290 1423/283/1291
f 1361/419/1229 1360/418/1228 1423/283/1291
f 1361/419/1229 1423/283/1291 1424/285/1292
f 1425/421/1293 1361/419/1229 1424/285/1292
f 1425/421/1293 1424/285/1292 1426/287/1294
f 1427/422/1295 1425/421/1293 1426/287/1294
f 1427/422/1295 1426/287/1294 1428/289/1296
f 1429/423/1297 1427/422/1295 1428/289/1296
f 1429/423/1297 1428/289/1296 1430/291/1298
f 1431/424/1299 1429/423/1297 1430/291/1298
f 1431/424/1299 1430/291/1298 1432/293/1300
f 1433/425/1301 1431/424/1299 1432/293/1300
f 1433/425/1301 1432/293/1300 1434/295/1302
f 1435/426/1303 1433/425/1301 1434/295/1302
f 1435/426/1303 1434/295/1302 1436/297/1304
f 1437/427/1305 1435/426/1303 1436/297/1304
f 1437/427/1305 1436/297/1304 1438/299/1306
f 1439/428/1307 1437/427/1305 1438/299/1306
f 1439/428/1307 1438/299/1306 1440/300/1308
f 1441/1/1309 1439/428/1307 1440/300/1308
f 1441/1/1309 1440/300/1308 1442/301/1310
f 80/5/80 1441/1/1309 1442/301/1310
f 80/5/80 1442/301/1310 1443/302/1311
f 1444/136/1312 1445/137/1313 1446/138/1314
f 1444/136/1312 1446/138/1314 1447/139/1315
f 1448/140/1316 1445/137/1313 1444/136/1312
f 1448/140/1316 1444/136/1312 1449/141/1317
f 1450/142/1318 1448/140/1316 1449/141/1317
f 1450/142/1318 1449/141/1317 1451/143/1319
f 1452/144/1320 1450/142/1318 1451/143/1319
f 1452/144/1320 1451/143/1319 1453/145/1321
f 1454/146/1322 1452/144/1320 1453/145/1321
f 1454/146/1322 1453/145/1321 1455/147/1323
f 1456/148/1324 1454/146/1322 1455/147/1323
f 1456/148/1324 1455/147/1323 1457/149/1325
f 1458/150/1326 1456/148/1324 1457/149/1325
f 1458/150/1326 1457/149/1325 1459/151/1327
f 1460/152/1328 1461/153/1329 1462/154/1330
f 1460/152/1328 1462/154/1330 1376/92/1244
f 1378/94/1246 1463/155/1331 1464/156/1332
f 1378/94/1246 1464/156/1332 1379/95/1247
f 1465/157/1333 1466/158/1317 1467/159/1312
f 1465/157/1333 1467/159/1312 1468/160/1334
f 1468/160/1334 1467/159/1312 1469/161/1315
f 1468/160/1334 1469/161/1315 1470/162/1335
f 1471/163/1335 1472/164/1315 1473/165/1336
f 1471/163/1335 1473/165/1336 1474/166/1337
f 1475/167/1321 1476/168/1319 1477/169/1338
f 1475/167/1321 1477/169/1338 1478/170/1339
f 1476/168/1319 1466/158/1317 1465/157/1333
f 1476/168/1319 1465/157/1333 1477/169/1338
f 1479/171/1325 1480/172/1323 1481/173/1340
f 1479/171/1325 1481/173/1340 1482/174/1341
f 1480/172/1323 1475/167/1321 1478/170/1339
f 1480/172/1323 1478/170/1339 1481/173/1340
f 1483/175/1342 1484/176/1343 1485/177/1344
f 1483/175/1342 1485/177/1344 1486/178/1345
f 1486/178/1345 1485/177/1344 1487/179/1327
f 1486/178/1345 1487/179/1327 1488/180/1346
f 1487/179/1327 1479/171/1325 1482/174/1341
f 1487/179/1327 1482/174/1341 1488/180/1346
f 1489/181/1347 1490/182/1348 1491/183/1349
f 1489/181/1347 1491/183/1349 1492/184/1350
f 1493/185/1351 1494/186/1352 1495/187/1353
f 1493/185/1351 1495/187/1353 1496/188/1354
f 89/22/89 1497/189/1355 1498/190/1356
f 89/22/89 1498/190/1356 1499/191/1357
f 1500/192/1355 1501/193/1358 1502/194/1359
f 1500/192/1355 1502/194/1359 1503/195/1356
f 1504/196/1360 1505/197/1344 1506/198/1361
f 1504/196/1360 1506/198/1361 1507/199/1362
f 1508/200/1344 1493/185/1351 1509/201/1363
f 1508/200/1344 1509/201/1363 1510/202/1361
f 1511/203/1364 1512/204/1365 1379/95/1247
f 1511/203/1364 1379/95/1247 1464/156/1332
f 1512/204/1365 1513/205/1366 1359/75/1227
f 1512/204/1365 1359/75/1227 1379/95/1247
f 78/11/78 1514/206/1367 1515/256/1368
f 78/11/78 1515/256/1368 79/7/79
f 1514/206/1367 1516/208/1369 1517/215/1370
f 1514/206/1367 1517/215/1370 1515/256/1368
f 1418/71/1286 1518/210/1371 84/19/84
f 1418/71/1286 84/19/84 86/30/86
f 1421/420/1289 1513/205/1366 1518/210/1371
f 1421/420/1289 1518/210/1371 1418/71/1286
f 1359/75/1227 1513/205/1366 1421/420/1289
f 1359/75/1227 1421/420/1289 1360/418/1228
f 1439/428/1307 1519/211/1372 1375/91/1243
f 1439/428/1307 1375/91/1243 1437/427/1305
f 1441/1/1309 1520/255/1373 1519/211/1372
f 1441/1/1309 1519/211/1372 1439/428/1307
f 79/7/79 1520/255/1373 1441/1/1309
f 79/7/79 1441/1/1309 80/5/80
f 91/14/91 88/16/88 87/31/87
f 91/14/91 87/31/87 95/32/95
f 1521/214/1374 1517/215/1370 1516/208/1369
f 1521/214/1374 1516/208/1369 1522/220/1375
f 438/70/437 83/29/83 82/15/82
f 438/70/437 82/15/82 91/14/91
f 1523/218/1376 1524/219/1377 1525/222/1378
f 1523/218/1376 1525/222/1378 1526/221/1379
f 1523/218/1376 1522/220/1375 1516/208/1369
f 1523/218/1376 1516/208/1369 1524/219/1377
f 1521/214/1374 1527/223/1380 1528/224/1381
f 1521/214/1374 1528/224/1381 1517/215/1370
f 1527/223/1380 1529/225/1382 1530/226/1383
f 1527/223/1380 1530/226/1383 1528/224/1381
f 1529/225/1382 1496/188/1354 1460/152/1328
f 1529/225/1382 1460/152/1328 1530/226/1383
f 1492/184/1350 1531/227/1384 1511/203/1364
f 1492/184/1350 1511/203/1364 1464/156/1332
f 1531/227/1384 1532/228/1385 1533/229/1386
f 1531/227/1384 1533/229/1386 1511/203/1364
f 1532/228/1385 1526/221/1379 1525/222/1378
f 1532/228/1385 1525/222/1378 1533/229/1386
f 1523/218/1376 1526/221/1379 1501/193/1358
f 1523/218/1376 1501/193/1358 1534/231/1387
f 1535/232/1388 1522/220/1375 1523/218/1376
f 1535/232/1388 1523/218/1376 1534/231/1387
f 1521/214/1374 1522/220/1375 1535/232/1388
f 1521/214/1374 1535/232/1388 1536/234/1389
f 1536/234/1389 1537/235/1390 1527/223/1380
f 1536/234/1389 1527/223/1380 1521/214/1374
f 1537/235/1390 1509/201/1363 1529/225/1382
f 1537/235/1390 1529/225/1382 1527/223/1380
f 1509/201/1363 1493/185/1351 1496/188/1354
f 1509/201/1363 1496/188/1354 1529/225/1382
f 1491/183/1349 1538/236/1391 1531/227/1384
f 1491/183/1349 1531/227/1384 1492/184/1350
f 1538/236/1391 1502/194/1359 1532/228/1385
f 1538/236/1391 1532/228/1385 1531/227/1384
f 1502/194/1359 1501/193/1358 1526/221/1379
f 1502/194/1359 1526/221/1379 1532/228/1385
f 1499/191/1357 1498/190/1356 1539/237/1392
f 1499/191/1357 1539/237/1392 1540/238/1393
f 1503/195/1356 1502/194/1359 1538/236/1391
f 1503/195/1356 1538/236/1391 1541/239/1392
f 1540/238/1393 1539/237/1392 1447/139/1315
f 1540/238/1393 1447/139/1315 1446/138/1314
f 1541/239/1392 1538/236/1391 1491/183/1349
f 1541/239/1392 1491/183/1349 1542/240/1315
f 1507/199/1362 1506/198/1361 1543/241/1394
f 1507/199/1362 1543/241/1394 1544/242/1395
f 1510/202/1361 1509/201/1363 1537/235/1390
f 1510/202/1361 1537/235/1390 1545/243/1394
f 1544/242/1395 1543/241/1394 1546/244/1396
f 1544/242/1395 1546/244/1396 81/10/81
f 1545/243/1394 1537/235/1390 1536/234/1389
f 1545/243/1394 1536/234/1389 1547/245/1396
f 81/10/81 1546/244/1396 1548/258/1397
f 81/10/81 1548/258/1397 82/15/82
f 1547/245/1396 1536/234/1389 1535/232/1388
f 1547/245/1396 1535/232/1388 1549/260/1397
f 1518/210/1371 1550/250/1398 1551/251/1399
f 1518/210/1371 1551/251/1399 84/19/84
f 1550/250/1398 1533/229/1386 1525/222/1378
f 1550/250/1398 1525/222/1378 1551/251/1399
f 84/19/84 1551/251/1399 1552/257/1400
f 84/19/84 1552/257/1400 85/13/85
f 1551/251/1399 1525/222/1378 1524/219/1377
f 1551/251/1399 1524/219/1377 1552/257/1400
f 1533/229/1386 1550/250/1398 1512/204/1365
f 1533/229/1386 1512/204/1365 1511/203/1364
f 1550/250/1398 1518/210/1371 1513/205/1366
f 1550/250/1398 1513/205/1366 1512/204/1365
f 1460/152/1328 1376/92/1244 1553/253/1401
f 1460/152/1328 1553/253/1401 1530/226/1383
f 1376/92/1244 1375/91/1243 1519/211/1372
f 1376/92/1244 1519/211/1372 1553/253/1401
f 1530/226/1383 1553/253/1401 1554/254/1402
f 1530/226/1383 1554/254/1402 1528/224/1381
f 1553/253/1401 1519/211/1372 1520/255/1373
f 1553/253/1401 1520/255/1373 1554/254/1402
f 1528/224/1381 1554/254/1402 1515/256/1368
f 1528/224/1381 1515/256/1368 1517/215/1370
f 1554/254/1402 1520/255/1373 79/7/79
f 1554/254/1402 79/7/79 1515/256/1368
f 1516/208/1369 1514/206/1367 1552/257/1400
f 1516/208/1369 1552/257/1400 1524/219/1377
f 1514/206/1367 78/11/78 85/13/85
f 1514/206/1367 85/13/85 1552/257/1400
f 82/15/82 1548/258/1397 1555/259/1403
f 82/15/82 1555/259/1403 88/16/88
f 1549/260/1397 1535/232/1388 1534/231/1387
f 1549/260/1397 1534/231/1387 1556/261/1403
f 1500/192/1355 1557/262/1403 1534/231/1387
f 1500/192/1355 1534/231/1387 1501/193/1358
f 88/16/88 1555/259/1403 1497/189/1355
f 88/16/88 1497/189/1355 89/22/89
f 1493/185/1351 1508/200/1344 1558/263/1343
f 1493/185/1351 1558/263/1343 1494/186/1352
f 1504/196/1360 1458/150/1326 1459/151/1327
f 1504/196/1360 1459/151/1327 1505/197/1344
f 1362/78/1230 1358/74/1226 1361/419/1229
f 1362/78/1230 1361/419/1229 1425/421/1293
f 1365/81/1233 1362/78/1230 1425/421/1293
f 1365/81/1233 1425/421/1293 1427/422/1295
f 1367/83/1235 1365/81/1233 1427/422/1295
f 1367/83/1235 1427/422/1295 1429/423/1297
f 1369/85/1237 1367/83/1235 1429/423/1297
f 1369/85/1237 1429/423/1297 1431/424/1299
f 1371/87/1239 1369/85/1237 1431/424/1299
f 1371/87/1239 1431/424/1299 1433/425/1301
f 1373/89/1241 1371/87/1239 1433/425/1301
f 1373/89/1241 1433/425/1301 1435/426/1303
f 1359/75/1227 1358/74/1226 1364/80/1232
f 1359/75/1227 1364/80/1232 1379/95/1247
f 1375/91/1243 1373/89/1241 1435/426/1303
f 1375/91/1243 1435/426/1303 1437/427/1305
f 1496/188/1354 1495/187/1353 1461/153/1329
f 1496/188/1354 1461/153/1329 1460/152/1328
f 1463/155/1331 1489/181/1347 1492/184/1350
f 1463/155/1331 1492/184/1350 1464/156/1332
f 1491/183/1349 1490/182/1348 1559/270/1336
f 1491/183/1349 1559/270/1336 1542/240/1315
f 1560/271/1404 1489/181/1347 1463/155/1331
f 1560/271/1404 1463/155/1331 1561/272/1405
f 1562/273/1406 1490/182/1348 1489/181/1347
f 1562/273/1406 1489/181/1347 1560/271/1404
f 1559/270/1336 1490/182/1348 1562/273/1406
f 1559/270/1336 1562/273/1406 1563/274/1407
f 1473/165/1336 1564/275/1407 1565/276/1408
f 1473/165/1336 1565/276/1408 1474/166/1337
f 1565/276/1408 1564/275/1407 1484/176/1343
f 1565/276/1408 1484/176/1343 1483/175/1342
f 1494/186/1352 1558/263/1343 1563/274/1407
f 1494/186/1352 1563/274/1407 1562/273/1406
f 1495/187/1353 1494/186/1352 1562/273/1406
f 1495/187/1353 1562/273/1406 1560/271/1404
f 1461/153/1329 1495/187/1353 1560/271/1404
f 1461/153/1329 1560/271/1404 1561/272/1405
f 1462/154/1330 1461/153/1329 1561/272/1405
f 1462/154/1330 1561/272/1405 1566/277/1409
f 1566/277/1409 1385/101/1253 1384/100/1252
f 1566/277/1409 1384/100/1252 1462/154/1330
f 1566/277/1409 1383/99/1251 1382/98/1250
f 1566/277/1409 1382/98/1250 1385/101/1253
f 1566/277/1409 1381/97/1249 1380/96/1248
f 1566/277/1409 1380/96/1248 1383/99/1251
f 1378/94/1246 1377/93/1245 1381/97/1249
f 1378/94/1246 1381/97/1249 1566/277/1409
f 1566/277/1409 1561/272/1405 1463/155/1331
f 1566/277/1409 1463/155/1331 1378/94/1246
f 1364/80/1232 1363/79/1231 1381/97/1249
f 1364/80/1232 1381/97/1249 1377/93/1245
f 1383/99/1251 1380/96/1248 1366/82/1234
f 1383/99/1251 1366/82/1234 1368/84/1236
f 1385/101/1253 1382/98/1250 1370/86/1238
f 1385/101/1253 1370/86/1238 1372/88/1240
f 1462/154/1330 1384/100/1252 1374/90/1242
f 1462/154/1330 1374/90/1242 1376/92/1244
f 95/32/95 92/23/92 94/25/94
f 95/32/95 94/25/94 1567/278/1410
f 1446/138/1314 1568/282/1411 93/24/93
f 1446/138/1314 93/24/93 1540/238/1393
f 1445/137/1313 1569/284/1412 1568/282/1411
f 1445/137/1313 1568/282/1411 1446/138/1314
f 1448/140/1316 1570/286/1413 1569/284/1412
f 1448/140/1316 1569/284/1412 1445/137/1313
f 1450/142/1318 1571/288/1414 1570/286/1413
f 1450/142/1318 1570/286/1413 1448/140/1316
f 1452/144/1320 1572/290/1415 1571/288/1414
f 1452/144/1320 1571/288/1414 1450/142/1318
f 1454/146/1322 1573/292/1416 1572/290/1415
f 1454/146/1322 1572/290/1415 1452/144/1320
f 1456/148/1324 1574/294/1417 1573/292/1416
f 1456/148/1324 1573/292/1416 1454/146/1322
f 1458/150/1326 1575/296/1418 1574/294/1417
f 1458/150/1326 1574/294/1417 1456/148/1324
f 1504/196/1360 1576/298/1419 1575/296/1418
f 1504/196/1360 1575/296/1418 1458/150/1326
f 1507/199/1362 96/26/96 1576/298/1419
f 1507/199/1362 1576/298/1419 1504/196/1360
f 1544/242/1395 97/27/97 96/26/96
f 1544/242/1395 96/26/96 1507/199/1362
f 97/27/97 1544/242/1395 81/10/81
f 97/27/97 81/10/81 83/29/83
f 438/70/437 91/14/91 1577/303/1420
f 438/70/437 1577/303/1420 1578/304/1421
f 91/14/91 95/32/95 1567/278/1410
f 91/14/91 1567/278/1410 1577/303/1420
f 1579/306/1422 1580/307/1423 1581/308/1258
f 1579/306/1422 1581/308/1258 1582/309/1255
f 1580/307/1423 1583/310/1424 1584/311/1260
f 1580/307/1423 1584/311/1260 1581/308/1258
f 1583/310/1424 1585/312/1425 1586/313/1262
f 1583/310/1424 1586/313/1262 1584/311/1260
f 1585/312/1425 1587/314/1426 1588/315/1264
f 1585/312/1425 1588/315/1264 1586/313/1262
f 1587/314/1426 1589/316/1427 1590/317/1266
f 1587/314/1426 1590/317/1266 1588/315/1264
f 1589/316/1427 1591/318/1428 1592/319/1268
f 1589/316/1427 1592/319/1268 1590/317/1266
f 1591/318/1428 1593/320/1429 1594/321/1270
f 1591/318/1428 1594/321/1270 1592/319/1268
f 1593/320/1429 1595/322/1430 1596/323/1272
f 1593/320/1429 1596/323/1272 1594/321/1270
f 1595/322/1430 1597/324/1431 1598/325/1274
f 1595/322/1430 1598/325/1274 1596/323/1272
f 1597/324/1431 1599/326/1432 1600/327/1276
f 1597/324/1431 1600/327/1276 1598/325/1274
f 1599/326/1432 1601/328/1433 1602/329/1278
f 1599/326/1432 1602/329/1278 1600/327/1276
f 1601/328/1433 1603/330/1434 1604/331/1280
f 1601/328/1433 1604/331/1280 1602/329/1278
f 1603/330/1434 1605/332/1435 1606/333/1282
f 1603/330/1434 1606/333/1282 1604/331/1280
f 1605/332/1435 1607/334/1436 1608/335/1284
f 1605/332/1435 1608/335/1284 1606/333/1282
f 1607/334/1436 1609/336/1437 1610/337/1254
f 1607/334/1436 1610/337/1254 1608/335/1284
f 1609/336/1437 1579/306/1422 1582/309/1255
f 1609/336/1437 1582/309/1255 1610/337/1254
f 1389/105/1257 1388/104/1256 1420/280/1288
f 1389/105/1257 1420/280/1288 1419/279/1287
f 1417/133/1285 1389/105/1257 1419/279/1287
f 1417/133/1285 1419/279/1287 1611/305/1438
f 1415/131/1283 1417/133/1285 1611/305/1438
f 1415/131/1283 1611/305/1438 1443/302/1311
f 1413/129/1281 1415/131/1283 1443/302/1311
f 1413/129/1281 1443/302/1311 1442/301/1310
f 1411/127/1279 1413/129/1281 1442/301/1310
f 1411/127/1279 1442/301/1310 1440/300/1308
f 1409/125/1277 1411/127/1279 1440/300/1308
f 1409/125/1277 1440/300/1308 1438/299/1306
f 1407/123/1275 1409/125/1277 1438/299/1306
f 1407/123/1275 1438/299/1306 1436/297/1304
f 1405/121/1273 1407/123/1275 1436/297/1304
f 1405/121/1273 1436/297/1304 1434/295/1302
f 1403/119/1271 1405/121/1273 1434/295/1302
f 1403/119/1271 1434/295/1302 1432/293/1300
f 1401/117/1269 1403/119/1271 1432/293/1300
f 1401/117/1269 1432/293/1300 1430/291/1298
f 1399/115/1267 1401/117/1269 1430/291/1298
f 1399/115/1267 1430/291/1298 1428/289/1296
f 1397/113/1265 1399/115/1267 1428/289/1296
f 1397/113/1265 1428/289/1296 1426/287/1294
f 1395/111/1263 1397/113/1265 1426/287/1294
f 1395/111/1263 1426/287/1294 1424/285/1292
f 1393/109/1261 1395/111/1263 1424/285/1292
f 1393/109/1261 1424/285/1292 1423/283/1291
f 1391/107/1259 1393/109/1261 1423/283/1291
f 1391/107/1259 1423/283/1291 1422/281/1290
f 1388/104/1256 1391/107/1259 1422/281/1290
f 1388/104/1256 1422/281/1290 1420/280/1288
f 94/25/94 93/24/93 1580/307/1423
f 94/25/94 1580/307/1423 1579/306/1422
f 93/24/93 1568/282/1411 1583/310/1424
f 93/24/93 1583/310/1424 1580/307/1423
f 1568/282/1411 1569/284/1412 1585/312/1425
f 1568/282/1411 1585/312/1425 1583/310/1424
f 1569/284/1412 1570/286/1413 1587/314/1426
f 1569/284/1412 1587/314/1426 1585/312/1425
f 1570/286/1413 1571/288/1414 1589/316/1427
f 1570/286/1413 1589/316/1427 1587/314/1426
f 1571/288/1414 1572/290/1415 1591/318/1428
f 1571/288/1414 1591/318/1428 1589/316/1427
f 1572/290/1415 1573/292/1416 1593/320/1429
f 1572/290/1415 1593/320/1429 1591/318/1428
f 1573/292/1416 1574/294/1417 1595/322/1430
f 1573/292/1416 1595/322/1430 1593/320/1429
f 1574/294/1417 1575/296/1418 1597/324/1431
f 1574/294/1417 1597/324/1431 1595/322/1430
f 1575/296/1418 1576/298/1419 1599/326/1432
f 1575/296/1418 1599/326/1432 1597/324/1431
f 1576/298/1419 96/26/96 1601/328/1433
f 1576/298/1419 1601/328/1433 1599/326/1432
f 96/26/96 98/28/98 1603/330/1434
f 96/26/96 1603/330/1434 1601/328/1433
f 98/28/98 1578/304/1421 1605/332/1435
f 98/28/98 1605/332/1435 1603/330/1434
f 1578/304/1421 1577/303/1420 1607/334/1436
f 1578/304/1421 1607/334/1436 1605/332/1435
f 1577/303/1420 1567/278/1410 1609/336/1437
f 1577/303/1420 1609/336/1437 1607/334/1436
f 1567/278/1410 94/25/94 1579/306/1422
f 1567/278/1410 1579/306/1422 1609/336/1437
f 438/70/437 1578/304/1421 98/28/98
f 438/70/437 98/28/98 97/27/97
f 1540/238/1393 93/24/93 92/23/92
f 1540/238/1393 92/23/92 1499/191/1357
f 1612/74/1439 1613/75/1440 1614/76/1441
f 1612/74/1439 1614/76/1441 1615/77/1442
f 1612/74/1439 1616/78/1443 1617/79/1444
f 1612/74/1439 1617/79/1444 1618/80/1445
f 1616/78/1443 1619/81/1446 1620/82/1447
f 1616/78/1443 1620/82/1447 1617/79/1444
f 1619/81/1446 1621/83/1448 1622/84/1449
f 1619/81/1446 1622/84/1449 1620/82/1447
f 1621/83/1448 1623/85/1450 1624/86/1451
f 1621/83/1448 1624/86/1451 1622/84/1449
f 1623/85/1450 1625/87/1452 1626/88/1453
f 1623/85/1450 1626/88/1453 1624/86/1451
f 1625/87/1452 1627/89/1454 1628/90/1455
f 1625/87/1452 1628/90/1455 1626/88/1453
f 1628/90/1455 1627/89/1454 1629/91/1456
f 1628/90/1455 1629/91/1456 1630/92/1457
f 1618/80/1445 1631/93/1458 1632/94/1459
f 1618/80/1445 1632/94/1459 1633/95/1460
f 1620/82/1447 1634/96/1461 1635/97/1462
f 1620/82/1447 1635/97/1462 1617/79/1444
f 1624/86/1451 1636/98/1463 1637/99/1464
f 1624/86/1451 1637/99/1464 1622/84/1449
f 1628/90/1455 1638/100/1465 1639/101/1466
f 1628/90/1455 1639/101/1466 1626/88/1453
f 1640/102/1467 1641/103/1468 1642/104/1469
f 1640/102/1467 1642/104/1469 1643/105/1470
f 1641/103/1468 1644/106/1471 1645/107/1472
f 1641/103/1468 1645/107/1472 1642/104/1469
f 1644/106/1471 1646/108/1473 1647/109/1474
f 1644/106/1471 1647/109/1474 1645/107/1472
f 1646/108/1473 1648/110/1475 1649/111/1476
f 1646/108/1473 1649/111/1476 1647/109/1474
f 1648/110/1475 1650/112/1477 1651/113/1478
f 1648/110/1475 1651/113/1478 1649/111/1476
f 1650/112/1477 1652/114/1479 1653/115/1480
f 1650/112/1477 1653/115/1480 1651/113/1478
f 1652/114/1479 1654/116/1481 1655/117/1482
f 1652/114/1479 1655/117/1482 1653/115/1480
f 1654/116/1481 1656/118/1483 1657/119/1484
f 1654/116/1481 1657/119/1484 1655/117/1482
f 1656/118/1483 1658/120/1485 1659/121/1486
f 1656/118/1483 1659/121/1486 1657/119/1484
f 1658/120/1485 1660/122/1487 1661/123/1488
f 1658/120/1485 1661/123/1488 1659/121/1486
f 1660/122/1487 1662/124/1489 1663/125/1490
f 1660/122/1487 1663/125/1490 1661/123/1488
f 1662/124/1489 1664/126/1491 1665/127/1492
f 1662/124/1489 1665/127/1492 1663/125/1490
f 1664/126/1491 1666/128/1493 1667/129/1494
f 1664/126/1491 1667/129/1494 1665/127/1492
f 1666/128/1493 1668/130/1495 1669/131/1496
f 1666/128/1493 1669/131/1496 1667/129/1494
f 1668/130/1495 1670/132/1497 1671/133/1498
f 1668/130/1495 1671/133/1498 1669/131/1496
f 1670/132/1497 1640/102/1467 1643/105/1470
f 1670/132/1497 1643/105/1470 1671/133/1498
f 1672/134/1499 443/73/442 440/71/439
f 1672/134/1499 440/71/439 441/30/440
f 100/3/100 1673/135/1500 103/5/103
f 100/3/100 103/5/103 101/1/101
f 1674/136/1501 1675/137/1502 1676/138/1503
f 1674/136/1501 1676/138/1503 1677/139/1504
f 1678/140/1505 1675/137/1502 1674/136/1501
f 1678/140/1505 1674/136/1501 1679/141/1506
f 1680/142/1507 1678/140/1505 1679/141/1506
f 1680/142/1507 1679/141/1506 1681/143/1508
f 1682/144/1509 1680/142/1507 1681/143/1508
f 1682/144/1509 1681/143/1508 1683/145/1510
f 1684/146/1511 1682/144/1509 1683/145/1510
f 1684/146/1511 1683/145/1510 1685/147/1512
f 1686/148/1513 1684/146/1511 1685/147/1512
f 1686/148/1513 1685/147/1512 1687/149/1514
f 1688/150/1515 1686/148/1513 1687/149/1514
f 1688/150/1515 1687/149/1514 1689/151/1516
f 1690/152/1517 1691/153/1518 1692/154/1519
f 1690/152/1517 1692/154/1519 1630/92/1457
f 1632/94/1459 1693/155/1520 1694/156/1521
f 1632/94/1459 1694/156/1521 1633/95/1460
f 1695/157/1522 1696/158/1506 1697/159/1501
f 1695/157/1522 1697/159/1501 1698/160/1523
f 1698/160/1523 1697/159/1501 1699/161/1504
f 1698/160/1523 1699/161/1504 1700/162/1524
f 1701/163/1524 1702/164/1504 1703/165/1525
f 1701/163/1524 1703/165/1525 1704/166/1526
f 1705/167/1510 1706/168/1508 1707/169/1527
f 1705/167/1510 1707/169/1527 1708/170/1528
f 1706/168/1508 1696/158/1506 1695/157/1522
f 1706/168/1508 1695/157/1522 1707/169/1527
f 1709/171/1514 1710/172/1512 1711/173/1529
f 1709/171/1514 1711/173/1529 1712/174/1530
f 1710/172/1512 1705/167/1510 1708/170/1528
f 1710/172/1512 1708/170/1528 1711/173/1529
f 1713/175/1531 1714/176/1532 1715/177/1533
f 1713/175/1531 1715/177/1533 1716/178/1534
f 1716/178/1534 1715/177/1533 1717/179/1516
f 1716/178/1534 1717/179/1516 1718/180/1535
f 1717/179/1516 1709/171/1514 1712/174/1530
f 1717/179/1516 1712/174/1530 1718/180/1535
f 1719/181/1536 1720/182/1537 1721/183/1538
f 1719/181/1536 1721/183/1538 1722/184/1539
f 1723/185/1540 1724/186/1541 1725/187/1542
f 1723/185/1540 1725/187/1542 1726/188/1543
f 120/22/120 1727/189/1544 1728/190/1545
f 120/22/120 1728/190/1545 1729/191/1546
f 1730/192/1544 1731/193/1547 1732/194/1548
f 1730/192/1544 1732/194/1548 1733/195/1545
f 1734/196/1549 1735/197/1533 1736/198/1550
f 1734/196/1549 1736/198/1550 1737/199/1551
f 1738/200/1533 1723/185/1540 1739/201/1552
f 1738/200/1533 1739/201/1552 1740/202/1550
f 1741/203/1553 1742/204/1554 1633/95/1460
f 1741/203/1553 1633/95/1460 1694/156/1521
f 1742/204/1554 1743/205/1555 1613/75/1440
f 1742/204/1554 1613/75/1440 1633/95/1460
f 109/11/109 1744/206/1556 1745/207/1557
f 109/11/109 1745/207/1557 104/6/104
f 1744/206/1556 1746/208/1558 1747/209/1559
f 1744/206/1556 1747/209/1559 1745/207/1557
f 440/71/439 1748/210/1560 117/19/117
f 440/71/439 117/19/117 116/18/116
f 442/72/441 1743/205/1555 1748/210/1560
f 442/72/441 1748/210/1560 440/71/439
f 1613/75/1440 1743/205/1555 442/72/441
f 1613/75/1440 442/72/441 1614/76/1441
f 1749/212/1561 99/2/99 1750/211/1562
f 1749/212/1561 1750/211/1562 1629/91/1456
f 101/1/101 1751/255/1563 1750/211/1562
f 101/1/101 1750/211/1562 99/2/99
f 110/12/110 1672/134/1499 441/30/440
f 110/12/110 441/30/440 111/13/111
f 112/14/112 114/16/114 1752/31/1564
f 112/14/112 1752/31/1564 1753/32/1565
f 1747/209/1559 1754/213/1566 1755/214/1567
f 1747/209/1559 1755/214/1567 1756/215/1568
f 111/13/111 441/30/440 116/18/116
f 111/13/111 116/18/116 115/17/115
f 1673/135/1500 110/12/110 109/11/109
f 1673/135/1500 109/11/109 103/5/103
f 1757/70/1569 1758/29/1570 113/15/113
f 1757/70/1569 113/15/113 112/14/112
f 1759/216/1571 1760/217/1572 1761/218/1573
f 1759/216/1571 1761/218/1573 1762/219/1574
f 1752/31/1564 114/16/114 119/21/119
f 1752/31/1564 119/21/119 118/20/118
f 1761/218/1573 1763/220/1575 1746/208/1558
f 1761/218/1573 1746/208/1558 1762/219/1574
f 1764/221/1576 1760/217/1572 1759/216/1571
f 1764/221/1576 1759/216/1571 1765/222/1577
f 103/5/103 109/11/109 104/6/104
f 103/5/103 104/6/104 102/4/102
f 1746/208/1558 1763/220/1575 1754/213/1566
f 1746/208/1558 1754/213/1566 1747/209/1559
f 113/15/113 1758/29/1570 107/9/107
f 113/15/113 107/9/107 106/8/106
f 1755/214/1567 1766/223/1578 1767/224/1579
f 1755/214/1567 1767/224/1579 1756/215/1568
f 1766/223/1578 1768/225/1580 1769/226/1581
f 1766/223/1578 1769/226/1581 1767/224/1579
f 1768/225/1580 1726/188/1543 1690/152/1517
f 1768/225/1580 1690/152/1517 1769/226/1581
f 1722/184/1539 1770/227/1582 1741/203/1553
f 1722/184/1539 1741/203/1553 1694/156/1521
f 1770/227/1582 1771/228/1583 1772/229/1584
f 1770/227/1582 1772/229/1584 1741/203/1553
f 1771/228/1583 1764/221/1576 1765/222/1577
f 1771/228/1583 1765/222/1577 1772/229/1584
f 1731/193/1547 1773/230/1585 1760/217/1572
f 1731/193/1547 1760/217/1572 1764/221/1576
f 1761/218/1573 1760/217/1572 1773/230/1585
f 1761/218/1573 1773/230/1585 1774/231/1586
f 1775/232/1587 1763/220/1575 1761/218/1573
f 1775/232/1587 1761/218/1573 1774/231/1586
f 1754/213/1566 1763/220/1575 1775/232/1587
f 1754/213/1566 1775/232/1587 1776/233/1588
f 1755/214/1567 1754/213/1566 1776/233/1588
f 1755/214/1567 1776/233/1588 1777/234/1589
f 1777/234/1589 1778/235/1590 1766/223/1578
f 1777/234/1589 1766/223/1578 1755/214/1567
f 1778/235/1590 1739/201/1552 1768/225/1580
f 1778/235/1590 1768/225/1580 1766/223/1578
f 1739/201/1552 1723/185/1540 1726/188/1543
f 1739/201/1552 1726/188/1543 1768/225/1580
f 1721/183/1538 1779/236/1591 1770/227/1582
f 1721/183/1538 1770/227/1582 1722/184/1539
f 1779/236/1591 1732/194/1548 1771/228/1583
f 1779/236/1591 1771/228/1583 1770/227/1582
f 1732/194/1548 1731/193/1547 1764/221/1576
f 1732/194/1548 1764/221/1576 1771/228/1583
f 1729/191/1546 1728/190/1545 1780/237/1592
f 1729/191/1546 1780/237/1592 1781/238/1593
f 1733/195/1545 1732/194/1548 1779/236/1591
f 1733/195/1545 1779/236/1591 1782/239/1592
f 1781/238/1593 1780/237/1592 1677/139/1504
f 1781/238/1593 1677/139/1504 1676/138/1503
f 1782/239/1592 1779/236/1591 1721/183/1538
f 1782/239/1592 1721/183/1538 1783/240/1504
f 1737/199/1551 1736/198/1550 1784/241/1594
f 1737/199/1551 1784/241/1594 1785/242/1595
f 1740/202/1550 1739/201/1552 1778/235/1590
f 1740/202/1550 1778/235/1590 1786/243/1594
f 1785/242/1595 1784/241/1594 1787/244/1596
f 1785/242/1595 1787/244/1596 108/10/108
f 1786/243/1594 1778/235/1590 1777/234/1589
f 1786/243/1594 1777/234/1589 1788/245/1596
f 108/10/108 1787/244/1596 1789/246/1597
f 108/10/108 1789/246/1597 106/8/106
f 1788/245/1596 1777/234/1589 1776/233/1588
f 1788/245/1596 1776/233/1588 1790/247/1597
f 1731/193/1547 1730/192/1544 1791/248/1598
f 1731/193/1547 1791/248/1598 1773/230/1585
f 1727/189/1544 120/22/120 119/21/119
f 1727/189/1544 119/21/119 1792/249/1598
f 1748/210/1560 1793/250/1599 1794/251/1600
f 1748/210/1560 1794/251/1600 117/19/117
f 1793/250/1599 1772/229/1584 1765/222/1577
f 1793/250/1599 1765/222/1577 1794/251/1600
f 117/19/117 1794/251/1600 1795/252/1601
f 117/19/117 1795/252/1601 115/17/115
f 1794/251/1600 1765/222/1577 1759/216/1571
f 1794/251/1600 1759/216/1571 1795/252/1601
f 1772/229/1584 1793/250/1599 1742/204/1554
f 1772/229/1584 1742/204/1554 1741/203/1553
f 1793/250/1599 1748/210/1560 1743/205/1555
f 1793/250/1599 1743/205/1555 1742/204/1554
f 1690/152/1517 1630/92/1457 1796/253/1602
f 1690/152/1517 1796/253/1602 1769/226/1581
f 1630/92/1457 1629/91/1456 1750/211/1562
f 1630/92/1457 1750/211/1562 1796/253/1602
f 1769/226/1581 1796/253/1602 1797/254/1603
f 1769/226/1581 1797/254/1603 1767/224/1579
f 1796/253/1602 1750/211/1562 1751/255/1563
f 1796/253/1602 1751/255/1563 1797/254/1603
f 1767/224/1579 1797/254/1603 1798/256/1604
f 1767/224/1579 1798/256/1604 1756/215/1568
f 1797/254/1603 1751/255/1563 105/7/105
f 1797/254/1603 105/7/105 1798/256/1604
f 1746/208/1558 1744/206/1556 1799/257/1605
f 1746/208/1558 1799/257/1605 1762/219/1574
f 1744/206/1556 109/11/109 111/13/111
f 1744/206/1556 111/13/111 1799/257/1605
f 1756/215/1568 1798/256/1604 1745/207/1557
f 1756/215/1568 1745/207/1557 1747/209/1559
f 1798/256/1604 105/7/105 104/6/104
f 1798/256/1604 104/6/104 1745/207/1557
f 113/15/113 1800/258/1606 1801/259/1607
f 113/15/113 1801/259/1607 114/16/114
f 1802/260/1606 1775/232/1587 1774/231/1586
f 1802/260/1606 1774/231/1586 1803/261/1607
f 1775/232/1587 1802/260/1606 1790/247/1597
f 1775/232/1587 1790/247/1597 1776/233/1588
f 1800/258/1606 113/15/113 106/8/106
f 1800/258/1606 106/8/106 1789/246/1597
f 115/17/115 1795/252/1601 1799/257/1605
f 115/17/115 1799/257/1605 111/13/111
f 1795/252/1601 1759/216/1571 1762/219/1574
f 1795/252/1601 1762/219/1574 1799/257/1605
f 1773/230/1585 1791/248/1598 1804/262/1607
f 1773/230/1585 1804/262/1607 1774/231/1586
f 1792/249/1598 119/21/119 114/16/114
f 1792/249/1598 114/16/114 1801/259/1607
f 1723/185/1540 1738/200/1533 1805/263/1532
f 1723/185/1540 1805/263/1532 1724/186/1541
f 1734/196/1549 1688/150/1515 1689/151/1516
f 1734/196/1549 1689/151/1516 1735/197/1533
f 1616/78/1443 1612/74/1439 1615/77/1442
f 1616/78/1443 1615/77/1442 1806/264/1608
f 1619/81/1446 1616/78/1443 1806/264/1608
f 1619/81/1446 1806/264/1608 1807/265/1609
f 1621/83/1448 1619/81/1446 1807/265/1609
f 1621/83/1448 1807/265/1609 1808/266/1610
f 1623/85/1450 1621/83/1448 1808/266/1610
f 1623/85/1450 1808/266/1610 1809/267/1611
f 1625/87/1452 1623/85/1450 1809/267/1611
f 1625/87/1452 1809/267/1611 1810/268/1612
f 1627/89/1454 1625/87/1452 1810/268/1612
f 1627/89/1454 1810/268/1612 1811/269/1613
f 1613/75/1440 1612/74/1439 1618/80/1445
f 1613/75/1440 1618/80/1445 1633/95/1460
f 1629/91/1456 1627/89/1454 1811/269/1613
f 1629/91/1456 1811/269/1613 1749/212/1561
f 1726/188/1543 1725/187/1542 1691/153/1518
f 1726/188/1543 1691/153/1518 1690/152/1517
f 1693/155/1520 1719/181/1536 1722/184/1539
f 1693/155/1520 1722/184/1539 1694/156/1521
f 1721/183/1538 1720/182/1537 1812/270/1525
f 1721/183/1538 1812/270/1525 1783/240/1504
f 1813/271/1614 1719/181/1536 1693/155/1520
f 1813/271/1614 1693/155/1520 1814/272/1615
f 1815/273/1616 1720/182/1537 1719/181/1536
f 1815/273/1616 1719/181/1536 1813/271/1614
f 1812/270/1525 1720/182/1537 1815/273/1616
f 1812/270/1525 1815/273/1616 1816/274/1617
f 1703/165/1525 1817/275/1617 1818/276/1618
f 1703/165/1525 1818/276/1618 1704/166/1526
f 1818/276/1618 1817/275/1617 1714/176/1532
f 1818/276/1618 1714/176/1532 1713/175/1531
f 1724/186/1541 1805/263/1532 1816/274/1617
f 1724/186/1541 1816/274/1617 1815/273/1616
f 1725/187/1542 1724/186/1541 1815/273/1616
f 1725/187/1542 1815/273/1616 1813/271/1614
f 1691/153/1518 1725/187/1542 1813/271/1614
f 1691/153/1518 1813/271/1614 1814/272/1615
f 1692/154/1519 1691/153/1518 1814/272/1615
f 1692/154/1519 1814/272/1615 1819/277/1619
f 1819/277/1619 1639/101/1466 1638/100/1465
f 1819/277/1619 1638/100/1465 1692/154/1519
f 1819/277/1619 1637/99/1464 1636/98/1463
f 1819/277/1619 1636/98/1463 1639/101/1466
f 1819/277/1619 1635/97/1462 1634/96/1461
f 1819/277/1619 1634/96/1461 1637/99/1464
f 1632/94/1459 1631/93/1458 1635/97/1462
f 1632/94/1459 1635/97/1462 1819/277/1619
f 1819/277/1619 1814/272/1615 1693/155/1520
f 1819/277/1619 1693/155/1520 1632/94/1459
f 1618/80/1445 1617/79/1444 1635/97/1462
f 1618/80/1445 1635/97/1462 1631/93/1458
f 1637/99/1464 1634/96/1461 1620/82/1447
f 1637/99/1464 1620/82/1447 1622/84/1449
f 1639/101/1466 1636/98/1463 1624/86/1451
f 1639/101/1466 1624/86/1451 1626/88/1453
f 1692/154/1519 1638/100/1465 1628/90/1455
f 1692/154/1519 1628/90/1455 1630/92/1457
f 1753/32/1565 121/23/121 123/25/123
f 1753/32/1565 123/25/123 1820/278/1620
f 443/73/442 1672/134/1499 1821/279/1621
f 443/73/442 1821/279/1621 1822/280/1622
f 442/72/441 443/73/442 1822/280/1622
f 442/72/441 1822/280/1622 1823/281/1623
f 1676/138/1503 1824/282/1624 122/24/122
f 1676/138/1503 122/24/122 1781/238/1593
f 1614/76/1441 442/72/441 1823/281/1623
f 1614/76/1441 1823/281/1623 1825/283/1625
f 1675/137/1502 1826/284/1626 1824/282/1624
f 1675/137/1502 1824/282/1624 1676/138/1503
f 1615/77/1442 1614/76/1441 1825/283/1625
f 1615/77/1442 1825/283/1625 1827/285/1627
f 1678/140/1505 1828/286/1628 1826/284/1626
f 1678/140/1505 1826/284/1626 1675/137/1502
f 1806/264/1608 1615/77/1442 1827/285/1627
f 1806/264/1608 1827/285/1627 1829/287/1629
f 1680/142/1507 1830/288/1630 1828/286/1628
f 1680/142/1507 1828/286/1628 1678/140/1505
f 1807/265/1609 1806/264/1608 1829/287/1629
f 1807/265/1609 1829/287/1629 1831/289/1631
f 1682/144/1509 1832/290/1632 1830/288/1630
f 1682/144/1509 1830/288/1630 1680/142/1507
f 1808/266/1610 1807/265/1609 1831/289/1631
f 1808/266/1610 1831/289/1631 1833/291/1633
f 1684/146/1511 1834/292/1634 1832/290/1632
f 1684/146/1511 1832/290/1632 1682/144/1509
f 1809/267/1611 1808/266/1610 1833/291/1633
f 1809/267/1611 1833/291/1633 1835/293/1635
f 1686/148/1513 1836/294/1636 1834/292/1634
f 1686/148/1513 1834/292/1634 1684/146/1511
f 1810/268/1612 1809/267/1611 1835/293/1635
f 1810/268/1612 1835/293/1635 1837/295/1637
f 1688/150/1515 1838/296/1638 1836/294/1636
f 1688/150/1515 1836/294/1636 1686/148/1513
f 1811/269/1613 1810/268/1612 1837/295/1637
f 1811/269/1613 1837/295/1637 1839/297/1639
f 1734/196/1549 1840/298/1640 1838/296/1638
f 1734/196/1549 1838/296/1638 1688/150/1515
f 1749/212/1561 1811/269/1613 1839/297/1639
f 1749/212/1561 1839/297/1639 1841/299/1641
f 1737/199/1551 124/26/124 1840/298/1640
f 1737/199/1551 1840/298/1640 1734/196/1549
f 99/2/99 1749/212/1561 1841/299/1641
f 99/2/99 1841/299/1641 1842/300/1642
f 1785/242/1595 125/27/125 124/26/124
f 1785/242/1595 124/26/124 1737/199/1551
f 100/3/100 99/2/99 1842/300/1642
f 100/3/100 1842/300/1642 1843/301/1643
f 107/9/107 125/27/125 1785/242/1595
f 107/9/107 1785/242/1595 108/10/108
f 1673/135/1500 100/3/100 1843/301/1643
f 1673/135/1500 1843/301/1643 1844/302/1644
f 1757/70/1569 112/14/112 1845/303/1645
f 1757/70/1569 1845/303/1645 1846/304/1646
f 110/12/110 1673/135/1500 1844/302/1644
f 110/12/110 1844/302/1644 1847/305/1647
f 112/14/112 1753/32/1565 1820/278/1620
f 112/14/112 1820/278/1620 1845/303/1645
f 1672/134/1499 110/12/110 1847/305/1647
f 1672/134/1499 1847/305/1647 1821/279/1621
f 1848/306/1648 1849/307/1649 1850/308/1471
f 1848/306/1648 1850/308/1471 1851/309/1468
f 1849/307/1649 1852/310/1650 1853/311/1473
f 1849/307/1649 1853/311/1473 1850/308/1471
f 1852/310/1650 1854/312/1651 1855/313/1475
f 1852/310/1650 1855/313/1475 1853/311/1473
f 1854/312/1651 1856/314/1652 1857/315/1477
f 1854/312/1651 1857/315/1477 1855/313/1475
f 1856/314/1652 1858/316/1653 1859/317/1479
f 1856/314/1652 1859/317/1479 1857/315/1477
f 1858/316/1653 1860/318/1654 1861/319/1481
f 1858/316/1653 1861/319/1481 1859/317/1479
f 1860/318/1654 1862/320/1655 1863/321/1483
f 1860/318/1654 1863/321/1483 1861/319/1481
f 1862/320/1655 1864/322/1656 1865/323/1485
f 1862/320/1655 1865/323/1485 1863/321/1483
f 1864/322/1656 1866/324/1657 1867/325/1487
f 1864/322/1656 1867/325/1487 1865/323/1485
f 1866/324/1657 1868/326/1658 1869/327/1489
f 1866/324/1657 1869/327/1489 1867/325/1487
f 1868/326/1658 1870/328/1659 1871/329/1491
f 1868/326/1658 1871/329/1491 1869/327/1489
f 1870/328/1659 1872/330/1660 1873/331/1493
f 1870/328/1659 1873/331/1493 1871/329/1491
f 1872/330/1660 1874/332/1661 1875/333/1495
f 1872/330/1660 1875/333/1495 1873/331/1493
f 1874/332/1661 1876/334/1662 1877/335/1497
f 1874/332/1661 1877/335/1497 1875/333/1495
f 1876/334/1662 1878/336/1663 1879/337/1467
f 1876/334/1662 1879/337/1467 1877/335/1497
f 1878/336/1663 1848/306/1648 1851/309/1468
f 1878/336/1663 1851/309/1468 1879/337/1467
f 1643/105/1470 1642/104/1469 1822/280/1622
f 1643/105/1470 1822/280/1622 1821/279/1621
f 1671/133/1498 1643/105/1470 1821/279/1621
f 1671/133/1498 1821/279/1621 1847/305/1647
f 1669/131/1496 1671/133/1498 1847/305/1647
f 1669/131/1496 1847/305/1647 1844/302/1644
f 1667/129/1494 1669/131/1496 1844/302/1644
f 1667/129/1494 1844/302/1644 1843/301/1643
f 1665/127/1492 1667/129/1494 1843/301/1643
f 1665/127/1492 1843/301/1643 1842/300/1642
f 1663/125/1490 1665/127/1492 1842/300/1642
f 1663/125/1490 1842/300/1642 1841/299/1641
f 1661/123/1488 1663/125/1490 1841/299/1641
f 1661/123/1488 1841/299/1641 1839/297/1639
f 1659/121/1486 1661/123/1488 1839/297/1639
f 1659/121/1486 1839/297/1639 1837/295/1637
f 1657/119/1484 1659/121/1486 1837/295/1637
f 1657/119/1484 1837/295/1637 1835/293/1635
f 1655/117/1482 1657/119/1484 1835/293/1635
f 1655/117/1482 1835/293/1635 1833/291/1633
f 1653/115/1480 1655/117/1482 1833/291/1633
f 1653/115/1480 1833/291/1633 1831/289/1631
f 1651/113/1478 1653/115/1480 1831/289/1631
f 1651/113/1478 1831/289/1631 1829/287/1629
f 1649/111/1476 1651/113/1478 1829/287/1629
f 1649/111/1476 1829/287/1629 1827/285/1627
f 1647/109/1474 1649/111/1476 1827/285/1627
f 1647/109/1474 1827/285/1627 1825/283/1625
f 1645/107/1472 1647/109/1474 1825/283/1625
f 1645/107/1472 1825/283/1625 1823/281/1623
f 1642/104/1469 1645/107/1472 1823/281/1623
f 1642/104/1469 1823/281/1623 1822/280/1622
f 123/25/123 122/24/122 1849/307/1649
f 123/25/123 1849/307/1649 1848/306/1648
f 122/24/122 1824/282/1624 1852/310/1650
f 122/24/122 1852/310/1650 1849/307/1649
f 1824/282/1624 1826/284/1626 1854/312/1651
f 1824/282/1624 1854/312/1651 1852/310/1650
f 1826/284/1626 1828/286/1628 1856/314/1652
f 1826/284/1626 1856/314/1652 1854/312/1651
f 1828/286/1628 1830/288/1630 1858/316/1653
f 1828/286/1628 1858/316/1653 1856/314/1652
f 1830/288/1630 1832/290/1632 1860/318/1654
f 1830/288/1630 1860/318/1654 1858/316/1653
f 1832/290/1632 1834/292/1634 1862/320/1655
f 1832/290/1632 1862/320/1655 1860/318/1654
f 1834/292/1634 1836/294/1636 1864/322/1656
f 1834/292/1634 1864/322/1656 1862/320/1655
f 1836/294/1636 1838/296/1638 1866/324/1657
f 1836/294/1636 1866/324/1657 1864/322/1656
f 1838/296/1638 1840/298/1640 1868/326/1658
f 1838/296/1638 1868/326/1658 1866/324/1657
f 1840/298/1640 124/26/124 1870/328/1659
f 1840/298/1640 1870/328/1659 1868/326/1658
f 124/26/124 126/28/126 1872/330/1660
f 124/26/124 1872/330/1660 1870/328/1659
f 126/28/126 1846/304/1646 1874/332/1661
f 126/28/126 1874/332/1661 1872/330/1660
f 1846/304/1646 1845/303/1645 1876/334/1662
f 1846/304/1646 1876/334/1662 1874/332/1661
f 1845/303/1645 1820/278/1620 1878/336/1663
f 1845/303/1645 1878/336/1663 1876/334/1662
f 1820/278/1620 123/25/123 1848/306/1648
f 1820/278/1620 1848/306/1648 1878/336/1663
f 1729/191/1546 121/23/121 118/20/118
f 1729/191/1546 118/20/118 120/22/120
f 118/20/118 121/23/121 1753/32/1565
f 118/20/118 1753/32/1565 1752/31/1564
f 1757/70/1569 1846/304/1646 126/28/126
f 1757/70/1569 126/28/126 125/27/125
f 1757/70/1569 125/27/125 107/9/107
f 1757/70/1569 107/9/107 1758/29/1570
f 1781/238/1593 122/24/122 121/23/121
f 1781/238/1593 121/23/121 1729/191/1546
f 1880/74/1664 1881/75/1665 1882/418/1666
f 1880/74/1664 1882/418/1666 1883/419/1667
f 1880/74/1664 1884/78/1668 1885/79/1669
f 1880/74/1664 1885/79/1669 1886/80/1670
f 1884/78/1668 1887/81/1671 1888/82/1672
f 1884/78/1668 1888/82/1672 1885/79/1669
f 1887/81/1671 1889/83/1673 1890/84/1674
f 1887/81/1671 1890/84/1674 1888/82/1672
f 1889/83/1673 1891/85/1675 1892/86/1676
f 1889/83/1673 1892/86/1676 1890/84/1674
f 1891/85/1675 1893/87/1677 1894/88/1678
f 1891/85/1675 1894/88/1678 1892/86/1676
f 1893/87/1677 1895/89/1679 1896/90/1680
f 1893/87/1677 1896/90/1680 1894/88/1678
f 1896/90/1680 1895/89/1679 1897/91/1681
f 1896/90/1680 1897/91/1681 1898/92/1682
f 1886/80/1670 1899/93/1683 1900/94/1684
f 1886/80/1670 1900/94/1684 1901/95/1685
f 1888/82/1672 1902/96/1686 1903/97/1687
f 1888/82/1672 1903/97/1687 1885/79/1669
f 1892/86/1676 1904/98/1688 1905/99/1689
f 1892/86/1676 1905/99/1689 1890/84/1674
f 1896/90/1680 1906/100/1690 1907/101/1691
f 1896/90/1680 1907/101/1691 1894/88/1678
f 1908/102/1692 1909/103/1693 1910/280/1694
f 1908/102/1692 1910/280/1694 1911/279/1695
f 1910/280/1694 1909/103/1693 1912/106/1696
f 1910/280/1694 1912/106/1696 1913/281/1697
f 1912/106/1696 1914/108/1698 1915/283/1699
f 1912/106/1696 1915/283/1699 1913/281/1697
f 1914/108/1698 1916/110/1700 1917/285/1701
f 1914/108/1698 1917/285/1701 1915/283/1699
f 1916/110/1700 1918/112/1702 1919/287/1703
f 1916/110/1700 1919/287/1703 1917/285/1701
f 1918/112/1702 1920/114/1704 1921/289/1705
f 1918/112/1702 1921/289/1705 1919/287/1703
f 1920/114/1704 1922/116/1706 1923/291/1707
f 1920/114/1704 1923/291/1707 1921/289/1705
f 1922/116/1706 1924/118/1708 1925/293/1709
f 1922/116/1706 1925/293/1709 1923/291/1707
f 1924/118/1708 1926/120/1710 1927/295/1711
f 1924/118/1708 1927/295/1711 1925/293/1709
f 1926/120/1710 1928/122/1712 1929/297/1713
f 1926/120/1710 1929/297/1713 1927/295/1711
f 1928/122/1712 1930/124/1714 1931/299/1715
f 1928/122/1712 1931/299/1715 1929/297/1713
f 1930/124/1714 1932/126/1716 1933/300/1717
f 1930/124/1714 1933/300/1717 1931/299/1715
f 1932/126/1716 1934/128/1718 1935/301/1719
f 1932/126/1716 1935/301/1719 1933/300/1717
f 1934/128/1718 1936/130/1720 1937/302/1721
f 1934/128/1718 1937/302/1721 1935/301/1719
f 1936/130/1720 1938/132/1722 1939/305/1723
f 1936/130/1720 1939/305/1723 1937/302/1721
f 1938/132/1722 1908/102/1692 1911/279/1695
f 1938/132/1722 1911/279/1695 1939/305/1723
f 1940/134/1724 1941/73/1725 1942/71/1726
f 1940/134/1724 1942/71/1726 135/30/135
f 1941/73/1725 1943/72/1727 1944/420/1728
f 1941/73/1725 1944/420/1728 1942/71/1726
f 1943/72/1727 1945/76/1729 1882/418/1666
f 1943/72/1727 1882/418/1666 1944/420/1728
f 1945/76/1729 1946/77/1730 1883/419/1667
f 1945/76/1729 1883/419/1667 1882/418/1666
f 1946/77/1730 1947/264/1731 1948/421/1732
f 1946/77/1730 1948/421/1732 1883/419/1667
f 1947/264/1731 1949/265/1733 1950/422/1734
f 1947/264/1731 1950/422/1734 1948/421/1732
f 1949/265/1733 1951/266/1735 1952/423/1736
f 1949/265/1733 1952/423/1736 1950/422/1734
f 1951/266/1735 1953/267/1737 1954/424/1738
f 1951/266/1735 1954/424/1738 1952/423/1736
f 1953/267/1737 1955/268/1739 1956/425/1740
f 1953/267/1737 1956/425/1740 1954/424/1738
f 1955/268/1739 1957/269/1741 1958/426/1742
f 1955/268/1739 1958/426/1742 1956/425/1740
f 1957/269/1741 1959/212/1743 1960/427/1744
f 1957/269/1741 1960/427/1744 1958/426/1742
f 1959/212/1743 1961/2/1745 1962/428/1746
f 1959/212/1743 1962/428/1746 1960/427/1744
f 1961/2/1745 1963/3/1747 1964/1/1748
f 1961/2/1745 1964/1/1748 1962/428/1746
f 1963/3/1747 1965/135/1749 129/5/129
f 1963/3/1747 129/5/129 1964/1/1748
f 1966/136/1750 1967/137/1751 1968/138/1752
f 1966/136/1750 1968/138/1752 1969/139/1753
f 1970/140/1754 1967/137/1751 1966/136/1750
f 1970/140/1754 1966/136/1750 1971/141/1755
f 1972/142/1756 1970/140/1754 1971/141/1755
f 1972/142/1756 1971/141/1755 1973/143/1757
f 1974/144/1758 1972/142/1756 1973/143/1757
f 1974/144/1758 1973/143/1757 1975/145/1759
f 1976/146/1760 1974/144/1758 1975/145/1759
f 1976/146/1760 1975/145/1759 1977/147/1761
f 1978/148/1762 1976/146/1760 1977/147/1761
f 1978/148/1762 1977/147/1761 1979/149/1763
f 1980/150/1764 1978/148/1762 1979/149/1763
f 1980/150/1764 1979/149/1763 1981/151/1765
f 1982/152/1766 1983/153/1767 1984/154/1768
f 1982/152/1766 1984/154/1768 1898/92/1682
f 1900/94/1684 1985/155/1769 1986/156/1770
f 1900/94/1684 1986/156/1770 1901/95/1685
f 1987/157/1771 1988/158/1755 1989/159/1750
f 1987/157/1771 1989/159/1750 1990/160/1772
f 1990/160/1772 1989/159/1750 1991/161/1753
f 1990/160/1772 1991/161/1753 1992/162/1773
f 1993/163/1773 1994/164/1753 1995/165/1774
f 1993/163/1773 1995/165/1774 1996/166/1775
f 1997/167/1759 1998/168/1757 1999/169/1776
f 1997/167/1759 1999/169/1776 2000/170/1777
f 1998/168/1757 1988/158/1755 1987/157/1771
f 1998/168/1757 1987/157/1771 1999/169/1776
f 2001/171/1763 2002/172/1761 2003/173/1778
f 2001/171/1763 2003/173/1778 2004/174/1779
f 2002/172/1761 1997/167/1759 2000/170/1777
f 2002/172/1761 2000/170/1777 2003/173/1778
f 2005/175/1780 2006/176/1781 2007/177/1782
f 2005/175/1780 2007/177/1782 2008/178/1783
f 2008/178/1783 2007/177/1782 2009/179/1765
f 2008/178/1783 2009/179/1765 2010/180/1784
f 2009/179/1765 2001/171/1763 2004/174/1779
f 2009/179/1765 2004/174/1779 2010/180/1784
f 2011/181/1785 2012/182/1786 2013/183/1787
f 2011/181/1785 2013/183/1787 2014/184/1788
f 2015/185/1789 2016/186/1790 2017/187/1791
f 2015/185/1789 2017/187/1791 2018/188/1792
f 138/22/138 2019/189/1793 2020/190/1794
f 138/22/138 2020/190/1794 2021/191/1795
f 2022/192/1793 2023/193/1796 2024/194/1797
f 2022/192/1793 2024/194/1797 2025/195/1794
f 2026/196/1798 2027/197/1782 2028/198/1799
f 2026/196/1798 2028/198/1799 2029/199/1800
f 2030/200/1782 2015/185/1789 2031/201/1801
f 2030/200/1782 2031/201/1801 2032/202/1799
f 2033/203/1802 2034/204/1803 1901/95/1685
f 2033/203/1802 1901/95/1685 1986/156/1770
f 2034/204/1803 2035/205/1804 1881/75/1665
f 2034/204/1803 1881/75/1665 1901/95/1685
f 127/11/127 2036/206/1805 2037/256/1806
f 127/11/127 2037/256/1806 128/7/128
f 2036/206/1805 2038/208/1807 2039/215/1808
f 2036/206/1805 2039/215/1808 2037/256/1806
f 1942/71/1726 2040/210/1809 133/19/133
f 1942/71/1726 133/19/133 135/30/135
f 1944/420/1728 2035/205/1804 2040/210/1809
f 1944/420/1728 2040/210/1809 1942/71/1726
f 1881/75/1665 2035/205/1804 1944/420/1728
f 1881/75/1665 1944/420/1728 1882/418/1666
f 1962/428/1746 2041/211/1810 1897/91/1681
f 1962/428/1746 1897/91/1681 1960/427/1744
f 1964/1/1748 2042/255/1811 2041/211/1810
f 1964/1/1748 2041/211/1810 1962/428/1746
f 128/7/128 2042/255/1811 1964/1/1748
f 128/7/128 1964/1/1748 129/5/129
f 139/12/139 1940/134/1724 135/30/135
f 139/12/139 135/30/135 134/13/134
f 140/14/140 137/16/137 136/31/136
f 140/14/140 136/31/136 144/32/144
f 2043/214/1812 2039/215/1808 2038/208/1807
f 2043/214/1812 2038/208/1807 2044/220/1813
f 1965/135/1749 139/12/139 127/11/127
f 1965/135/1749 127/11/127 129/5/129
f 437/70/436 132/29/132 131/15/131
f 437/70/436 131/15/131 140/14/140
f 2045/218/1814 2046/219/1815 2047/222/1816
f 2045/218/1814 2047/222/1816 2048/221/1817
f 2045/218/1814 2044/220/1813 2038/208/1807
f 2045/218/1814 2038/208/1807 2046/219/1815
f 2043/214/1812 2049/223/1818 2050/224/1819
f 2043/214/1812 2050/224/1819 2039/215/1808
f 2049/223/1818 2051/225/1820 2052/226/1821
f 2049/223/1818 2052/226/1821 2050/224/1819
f 2051/225/1820 2018/188/1792 1982/152/1766
f 2051/225/1820 1982/152/1766 2052/226/1821
f 2014/184/1788 2053/227/1822 2033/203/1802
f 2014/184/1788 2033/203/1802 1986/156/1770
f 2053/227/1822 2054/228/1823 2055/229/1824
f 2053/227/1822 2055/229/1824 2033/203/1802
f 2054/228/1823 2048/221/1817 2047/222/1816
f 2054/228/1823 2047/222/1816 2055/229/1824
f 2045/218/1814 2048/221/1817 2023/193/1796
f 2045/218/1814 2023/193/1796 2056/231/1825
f 2057/232/1826 2044/220/1813 2045/218/1814
f 2057/232/1826 2045/218/1814 2056/231/1825
f 2043/214/1812 2044/220/1813 2057/232/1826
f 2043/214/1812 2057/232/1826 2058/234/1827
f 2058/234/1827 2059/235/1828 2049/223/1818
f 2058/234/1827 2049/223/1818 2043/214/1812
f 2059/235/1828 2031/201/1801 2051/225/1820
f 2059/235/1828 2051/225/1820 2049/223/1818
f 2031/201/1801 2015/185/1789 2018/188/1792
f 2031/201/1801 2018/188/1792 2051/225/1820
f 2013/183/1787 2060/236/1829 2053/227/1822
f 2013/183/1787 2053/227/1822 2014/184/1788
f 2060/236/1829 2024/194/1797 2054/228/1823
f 2060/236/1829 2054/228/1823 2053/227/1822
f 2024/194/1797 2023/193/1796 2048/221/1817
f 2024/194/1797 2048/221/1817 2054/228/1823
f 2021/191/1795 2020/190/1794 2061/237/1830
f 2021/191/1795 2061/237/1830 2062/238/1831
f 2025/195/1794 2024/194/1797 2060/236/1829
f 2025/195/1794 2060/236/1829 2063/239/1830
f 2062/238/1831 2061/237/1830 1969/139/1753
f 2062/238/1831 1969/139/1753 1968/138/1752
f 2063/239/1830 2060/236/1829 2013/183/1787
f 2063/239/1830 2013/183/1787 2064/240/1753
f 2029/199/1800 2028/198/1799 2065/241/1832
f 2029/199/1800 2065/241/1832 2066/242/1833
f 2032/202/1799 2031/201/1801 2059/235/1828
f 2032/202/1799 2059/235/1828 2067/243/1832
f 2066/242/1833 2065/241/1832 2068/244/1834
f 2066/242/1833 2068/244/1834 130/10/130
f 2067/243/1832 2059/235/1828 2058/234/1827
f 2067/243/1832 2058/234/1827 2069/245/1834
f 130/10/130 2068/244/1834 2070/258/1835
f 130/10/130 2070/258/1835 131/15/131
f 2069/245/1834 2058/234/1827 2057/232/1826
f 2069/245/1834 2057/232/1826 2071/260/1835
f 2040/210/1809 2072/250/1836 2073/251/1837
f 2040/210/1809 2073/251/1837 133/19/133
f 2072/250/1836 2055/229/1824 2047/222/1816
f 2072/250/1836 2047/222/1816 2073/251/1837
f 133/19/133 2073/251/1837 2074/257/1838
f 133/19/133 2074/257/1838 134/13/134
f 2073/251/1837 2047/222/1816 2046/219/1815
f 2073/251/1837 2046/219/1815 2074/257/1838
f 2055/229/1824 2072/250/1836 2034/204/1803
f 2055/229/1824 2034/204/1803 2033/203/1802
f 2072/250/1836 2040/210/1809 2035/205/1804
f 2072/250/1836 2035/205/1804 2034/204/1803
f 1982/152/1766 1898/92/1682 2075/253/1839
f 1982/152/1766 2075/253/1839 2052/226/1821
f 1898/92/1682 1897/91/1681 2041/211/1810
f 1898/92/1682 2041/211/1810 2075/253/1839
f 2052/226/1821 2075/253/1839 2076/254/1840
f 2052/226/1821 2076/254/1840 2050/224/1819
f 2075/253/1839 2041/211/1810 2042/255/1811
f 2075/253/1839 2042/255/1811 2076/254/1840
f 2050/224/1819 2076/254/1840 2037/256/1806
f 2050/224/1819 2037/256/1806 2039/215/1808
f 2076/254/1840 2042/255/1811 128/7/128
f 2076/254/1840 128/7/128 2037/256/1806
f 2038/208/1807 2036/206/1805 2074/257/1838
f 2038/208/1807 2074/257/1838 2046/219/1815
f 2036/206/1805 127/11/127 134/13/134
f 2036/206/1805 134/13/134 2074/257/1838
f 131/15/131 2070/258/1835 2077/259/1841
f 131/15/131 2077/259/1841 137/16/137
f 2071/260/1835 2057/232/1826 2056/231/1825
f 2071/260/1835 2056/231/1825 2078/261/1841
f 2022/192/1793 2079/262/1841 2056/231/1825
f 2022/192/1793 2056/231/1825 2023/193/1796
f 137/16/137 2077/259/1841 2019/189/1793
f 137/16/137 2019/189/1793 138/22/138
f 2015/185/1789 2030/200/1782 2080/263/1781
f 2015/185/1789 2080/263/1781 2016/186/1790
f 2026/196/1798 1980/150/1764 1981/151/1765
f 2026/196/1798 1981/151/1765 2027/197/1782
f 1884/78/1668 1880/74/1664 1883/419/1667
f 1884/78/1668 1883/419/1667 1948/421/1732
f 1887/81/1671 1884/78/1668 1948/421/1732
f 1887/81/1671 1948/421/1732 1950/422/1734
f 1889/83/1673 1887/81/1671 1950/422/1734
f 1889/83/1673 1950/422/1734 1952/423/1736
f 1891/85/1675 1889/83/1673 1952/423/1736
f 1891/85/1675 1952/423/1736 1954/424/1738
f 1893/87/1677 1891/85/1675 1954/424/1738
f 1893/87/1677 1954/424/1738 1956/425/1740
f 1895/89/1679 1893/87/1677 1956/425/1740
f 1895/89/1679 1956/425/1740 1958/426/1742
f 1881/75/1665 1880/74/1664 1886/80/1670
f 1881/75/1665 1886/80/1670 1901/95/1685
f 1897/91/1681 1895/89/1679 1958/426/1742
f 1897/91/1681 1958/426/1742 1960/427/1744
f 2018/188/1792 2017/187/1791 1983/153/1767
f 2018/188/1792 1983/153/1767 1982/152/1766
f 1985/155/1769 2011/181/1785 2014/184/1788
f 1985/155/1769 2014/184/1788 1986/156/1770
f 2013/183/1787 2012/182/1786 2081/270/1774
f 2013/183/1787 2081/270/1774 2064/240/1753
f 2082/271/1842 2011/181/1785 1985/155/1769
f 2082/271/1842 1985/155/1769 2083/272/1843
f 2084/273/1844 2012/182/1786 2011/181/1785
f 2084/273/1844 2011/181/1785 2082/271/1842
f 2081/270/1774 2012/182/1786 2084/273/1844
f 2081/270/1774 2084/273/1844 2085/274/1845
f 1995/165/1774 2086/275/1845 2087/276/1846
f 1995/165/1774 2087/276/1846 1996/166/1775
f 2087/276/1846 2086/275/1845 2006/176/1781
f 2087/276/1846 2006/176/1781 2005/175/1780
f 2016/186/1790 2080/263/1781 2085/274/1845
f 2016/186/1790 2085/274/1845 2084/273/1844
f 2017/187/1791 2016/186/1790 2084/273/1844
f 2017/187/1791 2084/273/1844 2082/271/1842
f 1983/153/1767 2017/187/1791 2082/271/1842
f 1983/153/1767 2082/271/1842 2083/272/1843
f 1984/154/1768 1983/153/1767 2083/272/1843
f 1984/154/1768 2083/272/1843 2088/277/1847
f 2088/277/1847 1907/101/1691 1906/100/1690
f 2088/277/1847 1906/100/1690 1984/154/1768
f 2088/277/1847 1905/99/1689 1904/98/1688
f 2088/277/1847 1904/98/1688 1907/101/1691
f 2088/277/1847 1903/97/1687 1902/96/1686
f 2088/277/1847 1902/96/1686 1905/99/1689
f 1900/94/1684 1899/93/1683 1903/97/1687
f 1900/94/1684 1903/97/1687 2088/277/1847
f 2088/277/1847 2083/272/1843 1985/155/1769
f 2088/277/1847 1985/155/1769 1900/94/1684
f 1886/80/1670 1885/79/1669 1903/97/1687
f 1886/80/1670 1903/97/1687 1899/93/1683
f 1905/99/1689 1902/96/1686 1888/82/1672
f 1905/99/1689 1888/82/1672 1890/84/1674
f 1907/101/1691 1904/98/1688 1892/86/1676
f 1907/101/1691 1892/86/1676 1894/88/1678
f 1984/154/1768 1906/100/1690 1896/90/1680
f 1984/154/1768 1896/90/1680 1898/92/1682
f 144/32/144 141/23/141 143/25/143
f 144/32/144 143/25/143 2089/278/1848
f 1941/73/1725 1940/134/1724 1911/279/1695
f 1941/73/1725 1911/279/1695 1910/280/1694
f 1943/72/1727 1941/73/1725 1910/280/1694
f 1943/72/1727 1910/280/1694 1913/281/1697
f 1968/138/1752 2090/282/1849 142/24/142
f 1968/138/1752 142/24/142 2062/238/1831
f 1945/76/1729 1943/72/1727 1913/281/1697
f 1945/76/1729 1913/281/1697 1915/283/1699
f 1967/137/1751 2091/284/1850 2090/282/1849
f 1967/137/1751 2090/282/1849 1968/138/1752
f 1946/77/1730 1945/76/1729 1915/283/1699
f 1946/77/1730 1915/283/1699 1917/285/1701
f 1970/140/1754 2092/286/1851 2091/284/1850
f 1970/140/1754 2091/284/1850 1967/137/1751
f 1947/264/1731 1946/77/1730 1917/285/1701
f 1947/264/1731 1917/285/1701 1919/287/1703
f 1972/142/1756 2093/288/1852 2092/286/1851
f 1972/142/1756 2092/286/1851 1970/140/1754
f 1949/265/1733 1947/264/1731 1919/287/1703
f 1949/265/1733 1919/287/1703 1921/289/1705
f 1974/144/1758 2094/290/1853 2093/288/1852
f 1974/144/1758 2093/288/1852 1972/142/1756
f 1951/266/1735 1949/265/1733 1921/289/1705
f 1951/266/1735 1921/289/1705 1923/291/1707
f 1976/146/1760 2095/292/1854 2094/290/1853
f 1976/146/1760 2094/290/1853 1974/144/1758
f 1953/267/1737 1951/266/1735 1923/291/1707
f 1953/267/1737 1923/291/1707 1925/293/1709
f 1978/148/1762 2096/294/1855 2095/292/1854
f 1978/148/1762 2095/292/1854 1976/146/1760
f 1955/268/1739 1953/267/1737 1925/293/1709
f 1955/268/1739 1925/293/1709 1927/295/1711
f 1980/150/1764 2097/296/1856 2096/294/1855
f 1980/150/1764 2096/294/1855 1978/148/1762
f 1957/269/1741 1955/268/1739 1927/295/1711
f 1957/269/1741 1927/295/1711 1929/297/1713
f 2026/196/1798 2098/298/1857 2097/296/1856
f 2026/196/1798 2097/296/1856 1980/150/1764
f 1959/212/1743 1957/269/1741 1929/297/1713
f 1959/212/1743 1929/297/1713 1931/299/1715
f 2029/199/1800 145/26/145 2098/298/1857
f 2029/199/1800 2098/298/1857 2026/196/1798
f 1961/2/1745 1959/212/1743 1931/299/1715
f 1961/2/1745 1931/299/1715 1933/300/1717
f 2066/242/1833 146/27/146 145/26/145
f 2066/242/1833 145/26/145 2029/199/1800
f 1963/3/1747 1961/2/1745 1933/300/1717
f 1963/3/1747 1933/300/1717 1935/301/1719
f 146/27/146 2066/242/1833 130/10/130
f 146/27/146 130/10/130 132/29/132
f 1965/135/1749 1963/3/1747 1935/301/1719
f 1965/135/1749 1935/301/1719 1937/302/1721
f 437/70/436 140/14/140 2099/303/1858
f 437/70/436 2099/303/1858 2100/304/1859
f 139/12/139 1965/135/1749 1937/302/1721
f 139/12/139 1937/302/1721 1939/305/1723
f 140/14/140 144/32/144 2089/278/1848
f 140/14/140 2089/278/1848 2099/303/1858
f 1940/134/1724 139/12/139 1939/305/1723
f 1940/134/1724 1939/305/1723 1911/279/1695
f 2101/306/1860 2102/307/1861 2103/308/1696
f 2101/306/1860 2103/308/1696 2104/309/1693
f 2102/307/1861 2105/310/1862 2106/311/1698
f 2102/307/1861 2106/311/1698 2103/308/1696
f 2105/310/1862 2107/312/1863 2108/313/1700
f 2105/310/1862 2108/313/1700 2106/311/1698
f 2107/312/1863 2109/314/1864 2110/315/1702
f 2107/312/1863 2110/315/1702 2108/313/1700
f 2109/314/1864 2111/316/1865 2112/317/1704
f 2109/314/1864 2112/317/1704 2110/315/1702
f 2111/316/1865 2113/318/1866 2114/319/1706
f 2111/316/1865 2114/319/1706 2112/317/1704
f 2113/318/1866 2115/320/1867 2116/321/1708
f 2113/318/1866 2116/321/1708 2114/319/1706
f 2115/320/1867 2117/322/1868 2118/323/1710
f 2115/320/1867 2118/323/1710 2116/321/1708
f 2117/322/1868 2119/324/1869 2120/325/1712
f 2117/322/1868 2120/325/1712 2118/323/1710
f 2119/324/1869 2121/326/1870 2122/327/1714
f 2119/324/1869 2122/327/1714 2120/325/1712
f 2121/326/1870 2123/328/1871 2124/329/1716
f 2121/326/1870 2124/329/1716 2122/327/1714
f 2123/328/1871 2125/330/1872 2126/331/1718
f 2123/328/1871 2126/331/1718 2124/329/1716
f 2125/330/1872 2127/332/1873 2128/333/1720
f 2125/330/1872 2128/333/1720 2126/331/1718
f 2127/332/1873 2129/334/1874 2130/335/1722
f 2127/332/1873 2130/335/1722 2128/333/1720
f 2129/334/1874 2131/336/1875 2132/337/1692
f 2129/334/1874 2132/337/1692 2130/335/1722
f 2131/336/1875 2101/306/1860 2104/309/1693
f 2131/336/1875 2104/309/1693 2132/337/1692
f 143/25/143 142/24/142 2102/307/1861
f 143/25/143 2102/307/1861 2101/306/1860
f 142/24/142 2090/282/1849 2105/310/1862
f 142/24/142 2105/310/1862 2102/307/1861
f 2090/282/1849 2091/284/1850 2107/312/1863
f 2090/282/1849 2107/312/1863 2105/310/1862
f 2091/284/1850 2092/286/1851 2109/314/1864
f 2091/284/1850 2109/314/1864 2107/312/1863
f 2092/286/1851 2093/288/1852 2111/316/1865
f 2092/286/1851 2111/316/1865 2109/314/1864
f 2093/288/1852 2094/290/1853 2113/318/1866
f 2093/288/1852 2113/318/1866 2111/316/1865
f 2094/290/1853 2095/292/1854 2115/320/1867
f 2094/290/1853 2115/320/1867 2113/318/1866
f 2095/292/1854 2096/294/1855 2117/322/1868
f 2095/292/1854 2117/322/1868 2115/320/1867
f 2096/294/1855 2097/296/1856 2119/324/1869
f 2096/294/1855 2119/324/1869 2117/322/1868
f 2097/296/1856 2098/298/1857 2121/326/1870
f 2097/296/1856 2121/326/1870 2119/324/1869
f 2098/298/1857 145/26/145 2123/328/1871
f 2098/298/1857 2123/328/1871 2121/326/1870
f 145/26/145 147/28/147 2125/330/1872
f 145/26/145 2125/330/1872 2123/328/1871
f 147/28/147 2100/304/1859 2127/332/1873
f 147/28/147 2127/332/1873 2125/330/1872
f 2100/304/1859 2099/303/1858 2129/334/1874
f 2100/304/1859 2129/334/1874 2127/332/1873
f 2099/303/1858 2089/278/1848 2131/336/1875
f 2099/303/1858 2131/336/1875 2129/334/1874
f 2089/278/1848 143/25/143 2101/306/1860
f 2089/278/1848 2101/306/1860 2131/336/1875
f 437/70/436 2100/304/1859 147/28/147
f 437/70/436 147/28/147 146/27/146
f 2062/238/1831 142/24/142 141/23/141
f 2062/238/1831 141/23/141 2021/191/1795
f 2133/74/1876 2134/75/1877 2135/76/1878
f 2133/74/1876 2135/76/1878 2136/77/1879
f 2133/74/1876 2137/78/1880 2138/79/1881
f 2133/74/1876 2138/79/1881 2139/80/1882
f 2137/78/1880 2140/81/1883 2141/82/1884
f 2137/78/1880 2141/82/1884 2138/79/1881
f 2140/81/1883 2142/83/1885 2143/84/1886
f 2140/81/1883 2143/84/1886 2141/82/1884
f 2142/83/1885 2144/85/1887 2145/86/1888
f 2142/83/1885 2145/86/1888 2143/84/1886
f 2144/85/1887 2146/87/1889 2147/88/1890
f 2144/85/1887 2147/88/1890 2145/86/1888
f 2146/87/1889 2148/89/1891 2149/90/1892
f 2146/87/1889 2149/90/1892 2147/88/1890
f 2149/90/1892 2148/89/1891 2150/91/1893
f 2149/90/1892 2150/91/1893 2151/92/1894
f 2139/80/1882 2152/93/1895 2153/94/1896
f 2139/80/1882 2153/94/1896 2154/95/1897
f 2141/82/1884 2155/96/1898 2156/97/1899
f 2141/82/1884 2156/97/1899 2138/79/1881
f 2145/86/1888 2157/98/1900 2158/99/1901
f 2145/86/1888 2158/99/1901 2143/84/1886
f 2149/90/1892 2159/100/1902 2160/101/1903
f 2149/90/1892 2160/101/1903 2147/88/1890
f 2161/102/1904 2162/103/1905 2163/104/1906
f 2161/102/1904 2163/104/1906 2164/105/1907
f 2162/103/1905 2165/106/1908 2166/107/1909
f 2162/103/1905 2166/107/1909 2163/104/1906
f 2165/106/1908 2167/108/1910 2168/109/1911
f 2165/106/1908 2168/109/1911 2166/107/1909
f 2167/108/1910 2169/110/1912 2170/111/1913
f 2167/108/1910 2170/111/1913 2168/109/1911
f 2169/110/1912 2171/112/1914 2172/113/1915
f 2169/110/1912 2172/113/1915 2170/111/1913
f 2171/112/1914 2173/114/1916 2174/115/1917
f 2171/112/1914 2174/115/1917 2172/113/1915
f 2173/114/1916 2175/116/1918 2176/117/1919
f 2173/114/1916 2176/117/1919 2174/115/1917
f 2175/116/1918 2177/118/1920 2178/119/1921
f 2175/116/1918 2178/119/1921 2176/117/1919
f 2177/118/1920 2179/120/1922 2180/121/1923
f 2177/118/1920 2180/121/1923 2178/119/1921
f 2179/120/1922 2181/122/1924 2182/123/1925
f 2179/120/1922 2182/123/1925 2180/121/1923
f 2181/122/1924 2183/124/1926 2184/125/1927
f 2181/122/1924 2184/125/1927 2182/123/1925
f 2183/124/1926 2185/126/1928 2186/127/1929
f 2183/124/1926 2186/127/1929 2184/125/1927
f 2185/126/1928 2187/128/1930 2188/129/1931
f 2185/126/1928 2188/129/1931 2186/127/1929
f 2187/128/1930 2189/130/1932 2190/131/1933
f 2187/128/1930 2190/131/1933 2188/129/1931
f 2189/130/1932 2191/132/1934 2192/133/1935
f 2189/130/1932 2192/133/1935 2190/131/1933
f 2191/132/1934 2161/102/1904 2164/105/1907
f 2191/132/1934 2164/105/1907 2192/133/1935
f 2193/134/1936 475/73/474 472/71/471
f 2193/134/1936 472/71/471 473/30/472
f 150/3/150 2194/135/1937 152/5/152
f 150/3/150 152/5/152 148/1/148
f 2195/136/1938 2196/137/1939 2197/138/1940
f 2195/136/1938 2197/138/1940 2198/139/1941
f 2199/140/1942 2196/137/1939 2195/136/1938
f 2199/140/1942 2195/136/1938 2200/141/1943
f 2201/142/1944 2199/140/1942 2200/141/1943
f 2201/142/1944 2200/141/1943 2202/143/1945
f 2203/144/1946 2201/142/1944 2202/143/1945
f 2203/144/1946 2202/143/1945 2204/145/1947
f 2205/146/1948 2203/144/1946 2204/145/1947
f 2205/146/1948 2204/145/1947 2206/147/1949
f 2207/148/1950 2205/146/1948 2206/147/1949
f 2207/148/1950 2206/147/1949 2208/149/1951
f 2209/150/1952 2207/148/1950 2208/149/1951
f 2209/150/1952 2208/149/1951 2210/151/1953
f 2211/152/1954 2212/153/1955 2213/154/1956
f 2211/152/1954 2213/154/1956 2151/92/1894
f 2153/94/1896 2214/155/1957 2215/156/1958
f 2153/94/1896 2215/156/1958 2154/95/1897
f 2216/157/1959 2217/158/1943 2218/159/1938
f 2216/157/1959 2218/159/1938 2219/160/1960
f 2219/160/1960 2218/159/1938 2220/161/1941
f 2219/160/1960 2220/161/1941 2221/162/1961
f 2222/163/1961 2223/164/1941 2224/165/1962
f 2222/163/1961 2224/165/1962 2225/166/1963
f 2226/167/1947 2227/168/1945 2228/169/1964
f 2226/167/1947 2228/169/1964 2229/170/1965
f 2227/168/1945 2217/158/1943 2216/157/1959
f 2227/168/1945 2216/157/1959 2228/169/1964
f 2230/171/1951 2231/172/1949 2232/173/1966
f 2230/171/1951 2232/173/1966 2233/174/1967
f 2231/172/1949 2226/167/1947 2229/170/1965
f 2231/172/1949 2229/170/1965 2232/173/1966
f 2234/175/1968 2235/176/1969 2236/177/1970
f 2234/175/1968 2236/177/1970 2237/178/1971
f 2237/178/1971 2236/177/1970 2238/179/1953
f 2237/178/1971 2238/179/1953 2239/180/1972
f 2238/179/1953 2230/171/1951 2233/174/1967
f 2238/179/1953 2233/174/1967 2239/180/1972
f 2240/181/1973 2241/182/1974 2242/183/1975
f 2240/181/1973 2242/183/1975 2243/184/1976
f 2244/185/1977 2245/186/1978 2246/187/1979
f 2244/185/1977 2246/187/1979 2247/188/1980
f 169/22/169 2248/189/1981 2249/190/1982
f 169/22/169 2249/190/1982 2250/191/1983
f 2251/192/1981 2252/193/1984 2253/194/1985
f 2251/192/1981 2253/194/1985 2254/195/1982
f 2255/196/1986 2256/197/1970 2257/198/1987
f 2255/196/1986 2257/198/1987 2258/199/1988
f 2259/200/1970 2244/185/1977 2260/201/1989
f 2259/200/1970 2260/201/1989 2261/202/1987
f 2262/203/1990 2263/204/1991 2154/95/1897
f 2262/203/1990 2154/95/1897 2215/156/1958
f 2263/204/1991 2264/205/1992 2134/75/1877
f 2263/204/1991 2134/75/1877 2154/95/1897
f 158/11/158 2265/206/1993 2266/207/1994
f 158/11/158 2266/207/1994 153/6/153
f 2265/206/1993 2267/208/1995 2268/209/1996
f 2265/206/1993 2268/209/1996 2266/207/1994
f 472/71/471 2269/210/1997 166/19/166
f 472/71/471 166/19/166 165/18/165
f 474/72/473 2264/205/1992 2269/210/1997
f 474/72/473 2269/210/1997 472/71/471
f 2134/75/1877 2264/205/1992 474/72/473
f 2134/75/1877 474/72/473 2135/76/1878
f 149/2/149 2270/211/1998 2150/91/1893
f 149/2/149 2150/91/1893 2271/212/1999
f 159/12/159 2193/134/1936 473/30/472
f 159/12/159 473/30/472 160/13/160
f 161/14/161 163/16/163 2272/31/2000
f 161/14/161 2272/31/2000 2273/32/2001
f 2268/209/1996 2274/213/2002 2275/214/2003
f 2268/209/1996 2275/214/2003 2276/215/2004
f 160/13/160 473/30/472 165/18/165
f 160/13/160 165/18/165 164/17/164
f 2194/135/1937 159/12/159 158/11/158
f 2194/135/1937 158/11/158 152/5/152
f 2277/70/2005 2278/29/2006 162/15/162
f 2277/70/2005 162/15/162 161/14/161
f 2279/216/2007 2280/217/2008 2281/218/2009
f 2279/216/2007 2281/218/2009 2282/219/2010
f 2272/31/2000 163/16/163 168/21/168
f 2272/31/2000 168/21/168 167/20/167
f 2281/218/2009 2283/220/2011 2267/208/1995
f 2281/218/2009 2267/208/1995 2282/219/2010
f 2284/221/2012 2280/217/2008 2279/216/2007
f 2284/221/2012 2279/216/2007 2285/222/2013
f 152/5/152 158/11/158 153/6/153
f 152/5/152 153/6/153 151/4/151
f 2267/208/1995 2283/220/2011 2274/213/2002
f 2267/208/1995 2274/213/2002 2268/209/1996
f 162/15/162 2278/29/2006 156/9/156
f 162/15/162 156/9/156 155/8/155
f 2275/214/2003 2286/223/2014 2287/224/2015
f 2275/214/2003 2287/224/2015 2276/215/2004
f 2286/223/2014 2288/225/2016 2289/226/2017
f 2286/223/2014 2289/226/2017 2287/224/2015
f 2288/225/2016 2247/188/1980 2211/152/1954
f 2288/225/2016 2211/152/1954 2289/226/2017
f 2243/184/1976 2290/227/2018 2262/203/1990
f 2243/184/1976 2262/203/1990 2215/156/1958
f 2290/227/2018 2291/228/2019 2292/229/2020
f 2290/227/2018 2292/229/2020 2262/203/1990
f 2291/228/2019 2284/221/2012 2285/222/2013
f 2291/228/2019 2285/222/2013 2292/229/2020
f 2252/193/1984 2293/230/2021 2280/217/2008
f 2252/193/1984 2280/217/2008 2284/221/2012
f 2281/218/2009 2280/217/2008 2293/230/2021
f 2281/218/2009 2293/230/2021 2294/231/2022
f 2295/232/2023 2283/220/2011 2281/218/2009
f 2295/232/2023 2281/218/2009 2294/231/2022
f 2274/213/2002 2283/220/2011 2295/232/2023
f 2274/213/2002 2295/232/2023 2296/233/2024
f 2275/214/2003 2274/213/2002 2296/233/2024
f 2275/214/2003 2296/233/2024 2297/234/2025
f 2297/234/2025 2298/235/2026 2286/223/2014
f 2297/234/2025 2286/223/2014 2275/214/2003
f 2298/235/2026 2260/201/1989 2288/225/2016
f 2298/235/2026 2288/225/2016 2286/223/2014
f 2260/201/1989 2244/185/1977 2247/188/1980
f 2260/201/1989 2247/188/1980 2288/225/2016
f 2242/183/1975 2299/236/2027 2290/227/2018
f 2242/183/1975 2290/227/2018 2243/184/1976
f 2299/236/2027 2253/194/1985 2291/228/2019
f 2299/236/2027 2291/228/2019 2290/227/2018
f 2253/194/1985 2252/193/1984 2284/221/2012
f 2253/194/1985 2284/221/2012 2291/228/2019
f 2250/191/1983 2249/190/1982 2300/237/2028
f 2250/191/1983 2300/237/2028 2301/238/2029
f 2254/195/1982 2253/194/1985 2299/236/2027
f 2254/195/1982 2299/236/2027 2302/239/2028
f 2301/238/2029 2300/237/2028 2198/139/1941
f 2301/238/2029 2198/139/1941 2197/138/1940
f 2302/239/2028 2299/236/2027 2242/183/1975
f 2302/239/2028 2242/183/1975 2303/240/1941
f 2258/199/1988 2257/198/1987 2304/241/2030
f 2258/199/1988 2304/241/2030 2305/242/2031
f 2261/202/1987 2260/201/1989 2298/235/2026
f 2261/202/1987 2298/235/2026 2306/243/2030
f 2305/242/2031 2304/241/2030 2307/244/2032
f 2305/242/2031 2307/244/2032 157/10/157
f 2306/243/2030 2298/235/2026 2297/234/2025
f 2306/243/2030 2297/234/2025 2308/245/2032
f 157/10/157 2307/244/2032 2309/246/2033
f 157/10/157 2309/246/2033 155/8/155
f 2308/245/2032 2297/234/2025 2296/233/2024
f 2308/245/2032 2296/233/2024 2310/247/2033
f 2252/193/1984 2251/192/1981 2311/248/2034
f 2252/193/1984 2311/248/2034 2293/230/2021
f 2248/189/1981 169/22/169 168/21/168
f 2248/189/1981 168/21/168 2312/249/2034
f 2269/210/1997 2313/250/2035 2314/251/2036
f 2269/210/1997 2314/251/2036 166/19/166
f 2313/250/2035 2292/229/2020 2285/222/2013
f 2313/250/2035 2285/222/2013 2314/251/2036
f 166/19/166 2314/251/2036 2315/252/2037
f 166/19/166 2315/252/2037 164/17/164
f 2314/251/2036 2285/222/2013 2279/216/2007
f 2314/251/2036 2279/216/2007 2315/252/2037
f 2292/229/2020 2313/250/2035 2263/204/1991
f 2292/229/2020 2263/204/1991 2262/203/1990
f 2313/250/2035 2269/210/1997 2264/205/1992
f 2313/250/2035 2264/205/1992 2263/204/1991
f 2211/152/1954 2151/92/1894 2316/253/2038
f 2211/152/1954 2316/253/2038 2289/226/2017
f 2151/92/1894 2150/91/1893 2270/211/1998
f 2151/92/1894 2270/211/1998 2316/253/2038
f 2289/226/2017 2316/253/2038 2317/254/2039
f 2289/226/2017 2317/254/2039 2287/224/2015
f 2316/253/2038 2270/211/1998 2318/255/2040
f 2316/253/2038 2318/255/2040 2317/254/2039
f 2287/224/2015 2317/254/2039 2319/256/2041
f 2287/224/2015 2319/256/2041 2276/215/2004
f 2317/254/2039 2318/255/2040 154/7/154
f 2317/254/2039 154/7/154 2319/256/2041
f 2267/208/1995 2265/206/1993 2320/257/2042
f 2267/208/1995 2320/257/2042 2282/219/2010
f 2265/206/1993 158/11/158 160/13/160
f 2265/206/1993 160/13/160 2320/257/2042
f 2276/215/2004 2319/256/2041 2266/207/1994
f 2276/215/2004 2266/207/1994 2268/209/1996
f 2319/256/2041 154/7/154 153/6/153
f 2319/256/2041 153/6/153 2266/207/1994
f 162/15/162 2321/258/2043 2322/259/2044
f 162/15/162 2322/259/2044 163/16/163
f 2323/260/2043 2295/232/2023 2294/231/2022
f 2323/260/2043 2294/231/2022 2324/261/2044
f 2295/232/2023 2323/260/2043 2310/247/2033
f 2295/232/2023 2310/247/2033 2296/233/2024
f 2321/258/2043 162/15/162 155/8/155
f 2321/258/2043 155/8/155 2309/246/2033
f 164/17/164 2315/252/2037 2320/257/2042
f 164/17/164 2320/257/2042 160/13/160
f 2315/252/2037 2279/216/2007 2282/219/2010
f 2315/252/2037 2282/219/2010 2320/257/2042
f 2293/230/2021 2311/248/2034 2325/262/2044
f 2293/230/2021 2325/262/2044 2294/231/2022
f 2312/249/2034 168/21/168 163/16/163
f 2312/249/2034 163/16/163 2322/259/2044
f 2244/185/1977 2259/200/1970 2326/263/1969
f 2244/185/1977 2326/263/1969 2245/186/1978
f 2255/196/1986 2209/150/1952 2210/151/1953
f 2255/196/1986 2210/151/1953 2256/197/1970
f 2137/78/1880 2133/74/1876 2136/77/1879
f 2137/78/1880 2136/77/1879 2327/264/2045
f 2140/81/1883 2137/78/1880 2327/264/2045
f 2140/81/1883 2327/264/2045 2328/265/2046
f 2142/83/1885 2140/81/1883 2328/265/2046
f 2142/83/1885 2328/265/2046 2329/266/2047
f 2144/85/1887 2142/83/1885 2329/266/2047
f 2144/85/1887 2329/266/2047 2330/267/2048
f 2146/87/1889 2144/85/1887 2330/267/2048
f 2146/87/1889 2330/267/2048 2331/268/2049
f 2148/89/1891 2146/87/1889 2331/268/2049
f 2148/89/1891 2331/268/2049 2332/269/2050
f 2134/75/1877 2133/74/1876 2139/80/1882
f 2134/75/1877 2139/80/1882 2154/95/1897
f 2150/91/1893 2148/89/1891 2332/269/2050
f 2150/91/1893 2332/269/2050 2271/212/1999
f 2247/188/1980 2246/187/1979 2212/153/1955
f 2247/188/1980 2212/153/1955 2211/152/1954
f 2214/155/1957 2240/181/1973 2243/184/1976
f 2214/155/1957 2243/184/1976 2215/156/1958
f 2242/183/1975 2241/182/1974 2333/270/1962
f 2242/183/1975 2333/270/1962 2303/240/1941
f 2334/271/2051 2240/181/1973 2214/155/1957
f 2334/271/2051 2214/155/1957 2335/272/2052
f 2336/273/2053 2241/182/1974 2240/181/1973
f 2336/273/2053 2240/181/1973 2334/271/2051
f 2333/270/1962 2241/182/1974 2336/273/2053
f 2333/270/1962 2336/273/2053 2337/274/2054
f 2224/165/1962 2338/275/2054 2339/276/2055
f 2224/165/1962 2339/276/2055 2225/166/1963
f 2339/276/2055 2338/275/2054 2235/176/1969
f 2339/276/2055 2235/176/1969 2234/175/1968
f 2245/186/1978 2326/263/1969 2337/274/2054
f 2245/186/1978 2337/274/2054 2336/273/2053
f 2246/187/1979 2245/186/1978 2336/273/2053
f 2246/187/1979 2336/273/2053 2334/271/2051
f 2212/153/1955 2246/187/1979 2334/271/2051
f 2212/153/1955 2334/271/2051 2335/272/2052
f 2213/154/1956 2212/153/1955 2335/272/2052
f 2213/154/1956 2335/272/2052 2340/277/2056
f 2340/277/2056 2160/101/1903 2159/100/1902
f 2340/277/2056 2159/100/1902 2213/154/1956
f 2340/277/2056 2158/99/1901 2157/98/1900
f 2340/277/2056 2157/98/1900 2160/101/1903
f 2340/277/2056 2156/97/1899 2155/96/1898
f 2340/277/2056 2155/96/1898 2158/99/1901
f 2153/94/1896 2152/93/1895 2156/97/1899
f 2153/94/1896 2156/97/1899 2340/277/2056
f 2340/277/2056 2335/272/2052 2214/155/1957
f 2340/277/2056 2214/155/1957 2153/94/1896
f 2139/80/1882 2138/79/1881 2156/97/1899
f 2139/80/1882 2156/97/1899 2152/93/1895
f 2158/99/1901 2155/96/1898 2141/82/1884
f 2158/99/1901 2141/82/1884 2143/84/1886
f 2160/101/1903 2157/98/1900 2145/86/1888
f 2160/101/1903 2145/86/1888 2147/88/1890
f 2213/154/1956 2159/100/1902 2149/90/1892
f 2213/154/1956 2149/90/1892 2151/92/1894
f 2273/32/2001 170/23/170 172/25/172
f 2273/32/2001 172/25/172 2341/278/2057
f 475/73/474 2193/134/1936 2342/279/2058
f 475/73/474 2342/279/2058 2343/280/2059
f 474/72/473 475/73/474 2343/280/2059
f 474/72/473 2343/280/2059 2344/281/2060
f 2197/138/1940 2345/282/2061 171/24/171
f 2197/138/1940 171/24/171 2301/238/2029
f 2135/76/1878 474/72/473 2344/281/2060
f 2135/76/1878 2344/281/2060 2346/283/2062
f 2196/137/1939 2347/284/2063 2345/282/2061
f 2196/137/1939 2345/282/2061 2197/138/1940
f 2136/77/1879 2135/76/1878 2346/283/2062
f 2136/77/1879 2346/283/2062 2348/285/2064
f 2199/140/1942 2349/286/2065 2347/284/2063
f 2199/140/1942 2347/284/2063 2196/137/1939
f 2327/264/2045 2136/77/1879 2348/285/2064
f 2327/264/2045 2348/285/2064 2350/287/2066
f 2201/142/1944 2351/288/2067 2349/286/2065
f 2201/142/1944 2349/286/2065 2199/140/1942
f 2328/265/2046 2327/264/2045 2350/287/2066
f 2328/265/2046 2350/287/2066 2352/289/2068
f 2203/144/1946 2353/290/2069 2351/288/2067
f 2203/144/1946 2351/288/2067 2201/142/1944
f 2329/266/2047 2328/265/2046 2352/289/2068
f 2329/266/2047 2352/289/2068 2354/291/2070
f 2205/146/1948 2355/292/2071 2353/290/2069
f 2205/146/1948 2353/290/2069 2203/144/1946
f 2330/267/2048 2329/266/2047 2354/291/2070
f 2330/267/2048 2354/291/2070 2356/293/2072
f 2207/148/1950 2357/294/2073 2355/292/2071
f 2207/148/1950 2355/292/2071 2205/146/1948
f 2331/268/2049 2330/267/2048 2356/293/2072
f 2331/268/2049 2356/293/2072 2358/295/2074
f 2209/150/1952 2359/296/2075 2357/294/2073
f 2209/150/1952 2357/294/2073 2207/148/1950
f 2332/269/2050 2331/268/2049 2358/295/2074
f 2332/269/2050 2358/295/2074 2360/297/2076
f 2255/196/1986 2361/298/2077 2359/296/2075
f 2255/196/1986 2359/296/2075 2209/150/1952
f 2271/212/1999 2332/269/2050 2360/297/2076
f 2271/212/1999 2360/297/2076 2362/299/2078
f 2258/199/1988 173/26/173 2361/298/2077
f 2258/199/1988 2361/298/2077 2255/196/1986
f 149/2/149 2271/212/1999 2362/299/2078
f 149/2/149 2362/299/2078 2363/300/2079
f 2305/242/2031 174/27/174 173/26/173
f 2305/242/2031 173/26/173 2258/199/1988
f 150/3/150 149/2/149 2363/300/2079
f 150/3/150 2363/300/2079 2364/301/2080
f 156/9/156 174/27/174 2305/242/2031
f 156/9/156 2305/242/2031 157/10/157
f 2194/135/1937 150/3/150 2364/301/2080
f 2194/135/1937 2364/301/2080 2365/302/2081
f 2277/70/2005 161/14/161 2366/303/2082
f 2277/70/2005 2366/303/2082 2367/304/2083
f 159/12/159 2194/135/1937 2365/302/2081
f 159/12/159 2365/302/2081 2368/305/2084
f 161/14/161 2273/32/2001 2341/278/2057
f 161/14/161 2341/278/2057 2366/303/2082
f 2193/134/1936 159/12/159 2368/305/2084
f 2193/134/1936 2368/305/2084 2342/279/2058
f 2369/306/2085 2370/307/2086 2371/308/1908
f 2369/306/2085 2371/308/1908 2372/309/1905
f 2370/307/2086 2373/310/2087 2374/311/1910
f 2370/307/2086 2374/311/1910 2371/308/1908
f 2373/310/2087 2375/312/2088 2376/313/1912
f 2373/310/2087 2376/313/1912 2374/311/1910
f 2375/312/2088 2377/314/2089 2378/315/1914
f 2375/312/2088 2378/315/1914 2376/313/1912
f 2377/314/2089 2379/316/2090 2380/317/1916
f 2377/314/2089 2380/317/1916 2378/315/1914
f 2379/316/2090 2381/318/2091 2382/319/1918
f 2379/316/2090 2382/319/1918 2380/317/1916
f 2381/318/2091 2383/320/2092 2384/321/1920
f 2381/318/2091 2384/321/1920 2382/319/1918
f 2383/320/2092 2385/322/2093 2386/323/1922
f 2383/320/2092 2386/323/1922 2384/321/1920
f 2385/322/2093 2387/324/2094 2388/325/1924
f 2385/322/2093 2388/325/1924 2386/323/1922
f 2387/324/2094 2389/326/2095 2390/327/1926
f 2387/324/2094 2390/327/1926 2388/325/1924
f 2389/326/2095 2391/328/2096 2392/329/1928
f 2389/326/2095 2392/329/1928 2390/327/1926
f 2391/328/2096 2393/330/2097 2394/331/1930
f 2391/328/2096 2394/331/1930 2392/329/1928
f 2393/330/2097 2395/332/2098 2396/333/1932
f 2393/330/2097 2396/333/1932 2394/331/1930
f 2395/332/2098 2397/334/2099 2398/335/1934
f 2395/332/2098 2398/335/1934 2396/333/1932
f 2397/334/2099 2399/336/2100 2400/337/1904
f 2397/334/2099 2400/337/1904 2398/335/1934
f 2399/336/2100 2369/306/2085 2372/309/1905
f 2399/336/2100 2372/309/1905 2400/337/1904
f 2164/105/1907 2163/104/1906 2343/280/2059
f 2164/105/1907 2343/280/2059 2342/279/2058
f 2192/133/1935 2164/105/1907 2342/279/2058
f 2192/133/1935 2342/279/2058 2368/305/2084
f 2190/131/1933 2192/133/1935 2368/305/2084
f 2190/131/1933 2368/305/2084 2365/302/2081
f 2188/129/1931 2190/131/1933 2365/302/2081
f 2188/129/1931 2365/302/2081 2364/301/2080
f 2186/127/1929 2188/129/1931 2364/301/2080
f 2186/127/1929 2364/301/2080 2363/300/2079
f 2184/125/1927 2186/127/1929 2363/300/2079
f 2184/125/1927 2363/300/2079 2362/299/2078
f 2182/123/1925 2184/125/1927 2362/299/2078
f 2182/123/1925 2362/299/2078 2360/297/2076
f 2180/121/1923 2182/123/1925 2360/297/2076
f 2180/121/1923 2360/297/2076 2358/295/2074
f 2178/119/1921 2180/121/1923 2358/295/2074
f 2178/119/1921 2358/295/2074 2356/293/2072
f 2176/117/1919 2178/119/1921 2356/293/2072
f 2176/117/1919 2356/293/2072 2354/291/2070
f 2174/115/1917 2176/117/1919 2354/291/2070
f 2174/115/1917 2354/291/2070 2352/289/2068
f 2172/113/1915 2174/115/1917 2352/289/2068
f 2172/113/1915 2352/289/2068 2350/287/2066
f 2170/111/1913 2172/113/1915 2350/287/2066
f 2170/111/1913 2350/287/2066 2348/285/2064
f 2168/109/1911 2170/111/1913 2348/285/2064
f 2168/109/1911 2348/285/2064 2346/283/2062
f 2166/107/1909 2168/109/1911 2346/283/2062
f 2166/107/1909 2346/283/2062 2344/281/2060
f 2163/104/1906 2166/107/1909 2344/281/2060
f 2163/104/1906 2344/281/2060 2343/280/2059
f 172/25/172 171/24/171 2370/307/2086
f 172/25/172 2370/307/2086 2369/306/2085
f 171/24/171 2345/282/2061 2373/310/2087
f 171/24/171 2373/310/2087 2370/307/2086
f 2345/282/2061 2347/284/2063 2375/312/2088
f 2345/282/2061 2375/312/2088 2373/310/2087
f 2347/284/2063 2349/286/2065 2377/314/2089
f 2347/284/2063 2377/314/2089 2375/312/2088
f 2349/286/2065 2351/288/2067 2379/316/2090
f 2349/286/2065 2379/316/2090 2377/314/2089
f 2351/288/2067 2353/290/2069 2381/318/2091
f 2351/288/2067 2381/318/2091 2379/316/2090
f 2353/290/2069 2355/292/2071 2383/320/2092
f 2353/290/2069 2383/320/2092 2381/318/2091
f 2355/292/2071 2357/294/2073 2385/322/2093
f 2355/292/2071 2385/322/2093 2383/320/2092
f 2357/294/2073 2359/296/2075 2387/324/2094
f 2357/294/2073 2387/324/2094 2385/322/2093
f 2359/296/2075 2361/298/2077 2389/326/2095
f 2359/296/2075 2389/326/2095 2387/324/2094
f 2361/298/2077 173/26/173 2391/328/2096
f 2361/298/2077 2391/328/2096 2389/326/2095
f 173/26/173 175/28/175 2393/330/2097
f 173/26/173 2393/330/2097 2391/328/2096
f 175/28/175 2367/304/2083 2395/332/2098
f 175/28/175 2395/332/2098 2393/330/2097
f 2367/304/2083 2366/303/2082 2397/334/2099
f 2367/304/2083 2397/334/2099 2395/332/2098
f 2366/303/2082 2341/278/2057 2399/336/2100
f 2366/303/2082 2399/336/2100 2397/334/2099
f 2341/278/2057 172/25/172 2369/306/2085
f 2341/278/2057 2369/306/2085 2399/336/2100
f 2250/191/1983 170/23/170 167/20/167
f 2250/191/1983 167/20/167 169/22/169
f 167/20/167 170/23/170 2273/32/2001
f 167/20/167 2273/32/2001 2272/31/2000
f 2277/70/2005 2367/304/2083 175/28/175
f 2277/70/2005 175/28/175 174/27/174
f 2277/70/2005 174/27/174 156/9/156
f 2277/70/2005 156/9/156 2278/29/2006
f 2301/238/2029 171/24/171 170/23/170
f 2301/238/2029 170/23/170 2250/191/1983
f 2401/74/2101 2402/75/2102 2403/76/2103
f 2401/74/2101 2403/76/2103 2404/77/2104
f 2401/74/2101 2405/78/2105 2406/79/2106
f 2401/74/2101 2406/79/2106 2407/80/2107
f 2405/78/2105 2408/81/2108 2409/82/2109
f 2405/78/2105 2409/82/2109 2406/79/2106
f 2408/81/2108 2410/83/2110 2411/84/2111
f 2408/81/2108 2411/84/2111 2409/82/2109
f 2410/83/2110 2412/85/2112 2413/86/2113
f 2410/83/2110 2413/86/2113 2411/84/2111
f 2412/85/2112 2414/87/2114 2415/88/2115
f 2412/85/2112 2415/88/2115 2413/86/2113
f 2414/87/2114 2416/89/2116 2417/90/2117
f 2414/87/2114 2417/90/2117 2415/88/2115
f 2417/90/2117 2416/89/2116 2418/91/2118
f 2417/90/2117 2418/91/2118 2419/92/2119
f 2407/80/2107 2420/93/2120 2421/94/2121
f 2407/80/2107 2421/94/2121 2422/95/2122
f 2409/82/2109 2423/96/2123 2424/97/2124
f 2409/82/2109 2424/97/2124 2406/79/2106
f 2413/86/2113 2425/98/2125 2426/99/2126
f 2413/86/2113 2426/99/2126 2411/84/2111
f 2417/90/2117 2427/100/2127 2428/101/2128
f 2417/90/2117 2428/101/2128 2415/88/2115
f 2429/102/2129 2430/103/2130 2431/104/2131
f 2429/102/2129 2431/104/2131 2432/105/2132
f 2430/103/2130 2433/106/2133 2434/107/2134
f 2430/103/2130 2434/107/2134 2431/104/2131
f 2433/106/2133 2435/108/2135 2436/109/2136
f 2433/106/2133 2436/109/2136 2434/107/2134
f 2435/108/2135 2437/110/2137 2438/111/2138
f 2435/108/2135 2438/111/2138 2436/109/2136
f 2437/110/2137 2439/112/2139 2440/113/2140
f 2437/110/2137 2440/113/2140 2438/111/2138
f 2439/112/2139 2441/114/2141 2442/115/2142
f 2439/112/2139 2442/115/2142 2440/113/2140
f 2441/114/2141 2443/116/2143 2444/117/2144
f 2441/114/2141 2444/117/2144 2442/115/2142
f 2443/116/2143 2445/118/2145 2446/119/2146
f 2443/116/2143 2446/119/2146 2444/117/2144
f 2445/118/2145 2447/120/2147 2448/121/2148
f 2445/118/2145 2448/121/2148 2446/119/2146
f 2447/120/2147 2449/122/2149 2450/123/2150
f 2447/120/2147 2450/123/2150 2448/121/2148
f 2449/122/2149 2451/124/2151 2452/125/2152
f 2449/122/2149 2452/125/2152 2450/123/2150
f 2451/124/2151 2453/126/2153 2454/127/2154
f 2451/124/2151 2454/127/2154 2452/125/2152
f 2453/126/2153 2455/128/2155 2456/129/2156
f 2453/126/2153 2456/129/2156 2454/127/2154
f 2455/128/2155 2457/130/2157 2458/131/2158
f 2455/128/2155 2458/131/2158 2456/129/2156
f 2457/130/2157 2459/132/2159 2460/133/2160
f 2457/130/2157 2460/133/2160 2458/131/2158
f 2459/132/2159 2429/102/2129 2432/105/2132
f 2459/132/2159 2432/105/2132 2460/133/2160
f 2461/134/2161 451/73/450 448/71/447
f 2461/134/2161 448/71/447 449/30/448
f 178/3/178 2462/135/2162 180/5/180
f 178/3/178 180/5/180 176/1/176
f 2463/136/2163 2464/137/2164 2465/138/2165
f 2463/136/2163 2465/138/2165 2466/139/2166
f 2467/140/2167 2464/137/2164 2463/136/2163
f 2467/140/2167 2463/136/2163 2468/141/2168
f 2469/142/2169 2467/140/2167 2468/141/2168
f 2469/142/2169 2468/141/2168 2470/143/2170
f 2471/144/2171 2469/142/2169 2470/143/2170
f 2471/144/2171 2470/143/2170 2472/145/2172
f 2473/146/2173 2471/144/2171 2472/145/2172
f 2473/146/2173 2472/145/2172 2474/147/2174
f 2475/148/2175 2473/146/2173 2474/147/2174
f 2475/148/2175 2474/147/2174 2476/149/2176
f 2477/150/2177 2475/148/2175 2476/149/2176
f 2477/150/2177 2476/149/2176 2478/151/2178
f 2479/152/2179 2480/153/2180 2481/154/2181
f 2479/152/2179 2481/154/2181 2419/92/2119
f 2421/94/2121 2482/155/2182 2483/156/2183
f 2421/94/2121 2483/156/2183 2422/95/2122
f 2484/157/2184 2485/158/2168 2486/159/2163
f 2484/157/2184 2486/159/2163 2487/160/2185
f 2487/160/2185 2486/159/2163 2488/161/2166
f 2487/160/2185 2488/161/2166 2489/162/2186
f 2490/163/2186 2491/164/2166 2492/165/2187
f 2490/163/2186 2492/165/2187 2493/166/2188
f 2494/167/2172 2495/168/2170 2496/169/2189
f 2494/167/2172 2496/169/2189 2497/170/2190
f 2495/168/2170 2485/158/2168 2484/157/2184
f 2495/168/2170 2484/157/2184 2496/169/2189
f 2498/171/2176 2499/172/2174 2500/173/2191
f 2498/171/2176 2500/173/2191 2501/174/2192
f 2499/172/2174 2494/167/2172 2497/170/2190
f 2499/172/2174 2497/170/2190 2500/173/2191
f 2502/175/2193 2503/176/2194 2504/177/2195
f 2502/175/2193 2504/177/2195 2505/178/2196
f 2505/178/2196 2504/177/2195 2506/179/2178
f 2505/178/2196 2506/179/2178 2507/180/2197
f 2506/179/2178 2498/171/2176 2501/174/2192
f 2506/179/2178 2501/174/2192 2507/180/2197
f 2508/181/2198 2509/182/2199 2510/183/2200
f 2508/181/2198 2510/183/2200 2511/184/2201
f 2512/185/2202 2513/186/2203 2514/187/2204
f 2512/185/2202 2514/187/2204 2515/188/2205
f 197/22/197 2516/189/2206 2517/190/2207
f 197/22/197 2517/190/2207 2518/191/2208
f 2519/192/2206 2520/193/2209 2521/194/2210
f 2519/192/2206 2521/194/2210 2522/195/2207
f 2523/196/2211 2524/197/2195 2525/198/2212
f 2523/196/2211 2525/198/2212 2526/199/2213
f 2527/200/2195 2512/185/2202 2528/201/2214
f 2527/200/2195 2528/201/2214 2529/202/2212
f 2530/203/2215 2531/204/2216 2422/95/2122
f 2530/203/2215 2422/95/2122 2483/156/2183
f 2531/204/2216 2532/205/2217 2402/75/2102
f 2531/204/2216 2402/75/2102 2422/95/2122
f 186/11/186 2533/206/2218 2534/207/2219
f 186/11/186 2534/207/2219 181/6/181
f 2533/206/2218 2535/208/2220 2536/209/2221
f 2533/206/2218 2536/209/2221 2534/207/2219
f 448/71/447 2537/210/2222 194/19/194
f 448/71/447 194/19/194 193/18/193
f 450/72/449 2532/205/2217 2537/210/2222
f 450/72/449 2537/210/2222 448/71/447
f 2402/75/2102 2532/205/2217 450/72/449
f 2402/75/2102 450/72/449 2403/76/2103
f 177/2/177 2538/211/2223 2418/91/2118
f 177/2/177 2418/91/2118 2539/212/2224
f 187/12/187 2461/134/2161 449/30/448
f 187/12/187 449/30/448 188/13/188
f 189/14/189 191/16/191 2540/31/2225
f 189/14/189 2540/31/2225 2541/32/2226
f 2536/209/2221 2542/213/2227 2543/214/2228
f 2536/209/2221 2543/214/2228 2544/215/2229
f 188/13/188 449/30/448 193/18/193
f 188/13/188 193/18/193 192/17/192
f 2462/135/2162 187/12/187 186/11/186
f 2462/135/2162 186/11/186 180/5/180
f 2545/70/2230 2546/29/2231 190/15/190
f 2545/70/2230 190/15/190 189/14/189
f 2547/216/2232 2548/217/2233 2549/218/2234
f 2547/216/2232 2549/218/2234 2550/219/2235
f 2540/31/2225 191/16/191 196/21/196
f 2540/31/2225 196/21/196 195/20/195
f 2549/218/2234 2551/220/2236 2535/208/2220
f 2549/218/2234 2535/208/2220 2550/219/2235
f 2552/221/2237 2548/217/2233 2547/216/2232
f 2552/221/2237 2547/216/2232 2553/222/2238
f 180/5/180 186/11/186 181/6/181
f 180/5/180 181/6/181 179/4/179
f 2535/208/2220 2551/220/2236 2542/213/2227
f 2535/208/2220 2542/213/2227 2536/209/2221
f 190/15/190 2546/29/2231 184/9/184
f 190/15/190 184/9/184 183/8/183
f 2543/214/2228 2554/223/2239 2555/224/2240
f 2543/214/2228 2555/224/2240 2544/215/2229
f 2554/223/2239 2556/225/2241 2557/226/2242
f 2554/223/2239 2557/226/2242 2555/224/2240
f 2556/225/2241 2515/188/2205 2479/152/2179
f 2556/225/2241 2479/152/2179 2557/226/2242
f 2511/184/2201 2558/227/2243 2530/203/2215
f 2511/184/2201 2530/203/2215 2483/156/2183
f 2558/227/2243 2559/228/2244 2560/229/2245
f 2558/227/2243 2560/229/2245 2530/203/2215
f 2559/228/2244 2552/221/2237 2553/222/2238
f 2559/228/2244 2553/222/2238 2560/229/2245
f 2520/193/2209 2561/230/2246 2548/217/2233
f 2520/193/2209 2548/217/2233 2552/221/2237
f 2549/218/2234 2548/217/2233 2561/230/2246
f 2549/218/2234 2561/230/2246 2562/231/2247
f 2563/232/2248 2551/220/2236 2549/218/2234
f 2563/232/2248 2549/218/2234 2562/231/2247
f 2542/213/2227 2551/220/2236 2563/232/2248
f 2542/213/2227 2563/232/2248 2564/233/2249
f 2543/214/2228 2542/213/2227 2564/233/2249
f 2543/214/2228 2564/233/2249 2565/234/2250
f 2565/234/2250 2566/235/2251 2554/223/2239
f 2565/234/2250 2554/223/2239 2543/214/2228
f 2566/235/2251 2528/201/2214 2556/225/2241
f 2566/235/2251 2556/225/2241 2554/223/2239
f 2528/201/2214 2512/185/2202 2515/188/2205
f 2528/201/2214 2515/188/2205 2556/225/2241
f 2510/183/2200 2567/236/2252 2558/227/2243
f 2510/183/2200 2558/227/2243 2511/184/2201
f 2567/236/2252 2521/194/2210 2559/228/2244
f 2567/236/2252 2559/228/2244 2558/227/2243
f 2521/194/2210 2520/193/2209 2552/221/2237
f 2521/194/2210 2552/221/2237 2559/228/2244
f 2518/191/2208 2517/190/2207 2568/237/2253
f 2518/191/2208 2568/237/2253 2569/238/2254
f 2522/195/2207 2521/194/2210 2567/236/2252
f 2522/195/2207 2567/236/2252 2570/239/2253
f 2569/238/2254 2568/237/2253 2466/139/2166
f 2569/238/2254 2466/139/2166 2465/138/2165
f 2570/239/2253 2567/236/2252 2510/183/2200
f 2570/239/2253 2510/183/2200 2571/240/2166
f 2526/199/2213 2525/198/2212 2572/241/2255
f 2526/199/2213 2572/241/2255 2573/242/2256
f 2529/202/2212 2528/201/2214 2566/235/2251
f 2529/202/2212 2566/235/2251 2574/243/2255
f 2573/242/2256 2572/241/2255 2575/244/2257
f 2573/242/2256 2575/244/2257 185/10/185
f 2574/243/2255 2566/235/2251 2565/234/2250
f 2574/243/2255 2565/234/2250 2576/245/2257
f 185/10/185 2575/244/2257 2577/246/2258
f 185/10/185 2577/246/2258 183/8/183
f 2576/245/2257 2565/234/2250 2564/233/2249
f 2576/245/2257 2564/233/2249 2578/247/2258
f 2520/193/2209 2519/192/2206 2579/248/2259
f 2520/193/2209 2579/248/2259 2561/230/2246
f 2516/189/2206 197/22/197 196/21/196
f 2516/189/2206 196/21/196 2580/249/2259
f 2537/210/2222 2581/250/2260 2582/251/2261
f 2537/210/2222 2582/251/2261 194/19/194
f 2581/250/2260 2560/229/2245 2553/222/2238
f 2581/250/2260 2553/222/2238 2582/251/2261
f 194/19/194 2582/251/2261 2583/252/2262
f 194/19/194 2583/252/2262 192/17/192
f 2582/251/2261 2553/222/2238 2547/216/2232
f 2582/251/2261 2547/216/2232 2583/252/2262
f 2560/229/2245 2581/250/2260 2531/204/2216
f 2560/229/2245 2531/204/2216 2530/203/2215
f 2581/250/2260 2537/210/2222 2532/205/2217
f 2581/250/2260 2532/205/2217 2531/204/2216
f 2479/152/2179 2419/92/2119 2584/253/2263
f 2479/152/2179 2584/253/2263 2557/226/2242
f 2419/92/2119 2418/91/2118 2538/211/2223
f 2419/92/2119 2538/211/2223 2584/253/2263
f 2557/226/2242 2584/253/2263 2585/254/2264
f 2557/226/2242 2585/254/2264 2555/224/2240
f 2584/253/2263 2538/211/2223 2586/255/2265
f 2584/253/2263 2586/255/2265 2585/254/2264
f 2555/224/2240 2585/254/2264 2587/256/2266
f 2555/224/2240 2587/256/2266 2544/215/2229
f 2585/254/2264 2586/255/2265 182/7/182
f 2585/254/2264 182/7/182 2587/256/2266
f 2535/208/2220 2533/206/2218 2588/257/2267
f 2535/208/2220 2588/257/2267 2550/219/2235
f 2533/206/2218 186/11/186 188/13/188
f 2533/206/2218 188/13/188 2588/257/2267
f 2544/215/2229 2587/256/2266 2534/207/2219
f 2544/215/2229 2534/207/2219 2536/209/2221
f 2587/256/2266 182/7/182 181/6/181
f 2587/256/2266 181/6/181 2534/207/2219
f 190/15/190 2589/258/2268 2590/259/2269
f 190/15/190 2590/259/2269 191/16/191
f 2591/260/2268 2563/232/2248 2562/231/2247
f 2591/260/2268 2562/231/2247 2592/261/2269
f 2563/232/2248 2591/260/2268 2578/247/2258
f 2563/232/2248 2578/247/2258 2564/233/2249
f 2589/258/2268 190/15/190 183/8/183
f 2589/258/2268 183/8/183 2577/246/2258
f 192/17/192 2583/252/2262 2588/257/2267
f 192/17/192 2588/257/2267 188/13/188
f 2583/252/2262 2547/216/2232 2550/219/2235
f 2583/252/2262 2550/219/2235 2588/257/2267
f 2561/230/2246 2579/248/2259 2593/262/2269
f 2561/230/2246 2593/262/2269 2562/231/2247
f 2580/249/2259 196/21/196 191/16/191
f 2580/249/2259 191/16/191 2590/259/2269
f 2512/185/2202 2527/200/2195 2594/263/2194
f 2512/185/2202 2594/263/2194 2513/186/2203
f 2523/196/2211 2477/150/2177 2478/151/2178
f 2523/196/2211 2478/151/2178 2524/197/2195
f 2405/78/2105 2401/74/2101 2404/77/2104
f 2405/78/2105 2404/77/2104 2595/264/2270
f 2408/81/2108 2405/78/2105 2595/264/2270
f 2408/81/2108 2595/264/2270 2596/265/2271
f 2410/83/2110 2408/81/2108 2596/265/2271
f 2410/83/2110 2596/265/2271 2597/266/2272
f 2412/85/2112 2410/83/2110 2597/266/2272
f 2412/85/2112 2597/266/2272 2598/267/2273
f 2414/87/2114 2412/85/2112 2598/267/2273
f 2414/87/2114 2598/267/2273 2599/268/2274
f 2416/89/2116 2414/87/2114 2599/268/2274
f 2416/89/2116 2599/268/2274 2600/269/2275
f 2402/75/2102 2401/74/2101 2407/80/2107
f 2402/75/2102 2407/80/2107 2422/95/2122
f 2418/91/2118 2416/89/2116 2600/269/2275
f 2418/91/2118 2600/269/2275 2539/212/2224
f 2515/188/2205 2514/187/2204 2480/153/2180
f 2515/188/2205 2480/153/2180 2479/152/2179
f 2482/155/2182 2508/181/2198 2511/184/2201
f 2482/155/2182 2511/184/2201 2483/156/2183
f 2510/183/2200 2509/182/2199 2601/270/2187
f 2510/183/2200 2601/270/2187 2571/240/2166
f 2602/271/2276 2508/181/2198 2482/155/2182
f 2602/271/2276 2482/155/2182 2603/272/2277
f 2604/273/2278 2509/182/2199 2508/181/2198
f 2604/273/2278 2508/181/2198 2602/271/2276
f 2601/270/2187 2509/182/2199 2604/273/2278
f 2601/270/2187 2604/273/2278 2605/274/2279
f 2492/165/2187 2606/275/2279 2607/276/2280
f 2492/165/2187 2607/276/2280 2493/166/2188
f 2607/276/2280 2606/275/2279 2503/176/2194
f 2607/276/2280 2503/176/2194 2502/175/2193
f 2513/186/2203 2594/263/2194 2605/274/2279
f 2513/186/2203 2605/274/2279 2604/273/2278
f 2514/187/2204 2513/186/2203 2604/273/2278
f 2514/187/2204 2604/273/2278 2602/271/2276
f 2480/153/2180 2514/187/2204 2602/271/2276
f 2480/153/2180 2602/271/2276 2603/272/2277
f 2481/154/2181 2480/153/2180 2603/272/2277
f 2481/154/2181 2603/272/2277 2608/277/2281
f 2608/277/2281 2428/101/2128 2427/100/2127
f 2608/277/2281 2427/100/2127 2481/154/2181
f 2608/277/2281 2426/99/2126 2425/98/2125
f 2608/277/2281 2425/98/2125 2428/101/2128
f 2608/277/2281 2424/97/2124 2423/96/2123
f 2608/277/2281 2423/96/2123 2426/99/2126
f 2421/94/2121 2420/93/2120 2424/97/2124
f 2421/94/2121 2424/97/2124 2608/277/2281
f 2608/277/2281 2603/272/2277 2482/155/2182
f 2608/277/2281 2482/155/2182 2421/94/2121
f 2407/80/2107 2406/79/2106 2424/97/2124
f 2407/80/2107 2424/97/2124 2420/93/2120
f 2426/99/2126 2423/96/2123 2409/82/2109
f 2426/99/2126 2409/82/2109 2411/84/2111
f 2428/101/2128 2425/98/2125 2413/86/2113
f 2428/101/2128 2413/86/2113 2415/88/2115
f 2481/154/2181 2427/100/2127 2417/90/2117
f 2481/154/2181 2417/90/2117 2419/92/2119
f 2541/32/2226 198/23/198 200/25/200
f 2541/32/2226 200/25/200 2609/278/2282
f 451/73/450 2461/134/2161 2610/279/2283
f 451/73/450 2610/279/2283 2611/280/2284
f 450/72/449 451/73/450 2611/280/2284
f 450/72/449 2611/280/2284 2612/281/2285
f 2465/138/2165 2613/282/2286 199/24/199
f 2465/138/2165 199/24/199 2569/238/2254
f 2403/76/2103 450/72/449 2612/281/2285
f 2403/76/2103 2612/281/2285 2614/283/2287
f 2464/137/2164 2615/284/2288 2613/282/2286
f 2464/137/2164 2613/282/2286 2465/138/2165
f 2404/77/2104 2403/76/2103 2614/283/2287
f 2404/77/2104 2614/283/2287 2616/285/2289
f 2467/140/2167 2617/286/2290 2615/284/2288
f 2467/140/2167 2615/284/2288 2464/137/2164
f 2595/264/2270 2404/77/2104 2616/285/2289
f 2595/264/2270 2616/285/2289 2618/287/2291
f 2469/142/2169 2619/288/2292 2617/286/2290
f 2469/142/2169 2617/286/2290 2467/140/2167
f 2596/265/2271 2595/264/2270 2618/287/2291
f 2596/265/2271 2618/287/2291 2620/289/2293
f 2471/144/2171 2621/290/2294 2619/288/2292
f 2471/144/2171 2619/288/2292 2469/142/2169
f 2597/266/2272 2596/265/2271 2620/289/2293
f 2597/266/2272 2620/289/2293 2622/291/2295
f 2473/146/2173 2623/292/2296 2621/290/2294
f 2473/146/2173 2621/290/2294 2471/144/2171
f 2598/267/2273 2597/266/2272 2622/291/2295
f 2598/267/2273 2622/291/2295 2624/293/2297
f 2475/148/2175 2625/294/2298 2623/292/2296
f 2475/148/2175 2623/292/2296 2473/146/2173
f 2599/268/2274 2598/267/2273 2624/293/2297
f 2599/268/2274 2624/293/2297 2626/295/2299
f 2477/150/2177 2627/296/2300 2625/294/2298
f 2477/150/2177 2625/294/2298 2475/148/2175
f 2600/269/2275 2599/268/2274 2626/295/2299
f 2600/269/2275 2626/295/2299 2628/297/2301
f 2523/196/2211 2629/298/2302 2627/296/2300
f 2523/196/2211 2627/296/2300 2477/150/2177
f 2539/212/2224 2600/269/2275 2628/297/2301
f 2539/212/2224 2628/297/2301 2630/299/2303
f 2526/199/2213 201/26/201 2629/298/2302
f 2526/199/2213 2629/298/2302 2523/196/2211
f 177/2/177 2539/212/2224 2630/299/2303
f 177/2/177 2630/299/2303 2631/300/2304
f 2573/242/2256 202/27/202 201/26/201
f 2573/242/2256 201/26/201 2526/199/2213
f 178/3/178 177/2/177 2631/300/2304
f 178/3/178 2631/300/2304 2632/301/2305
f 184/9/184 202/27/202 2573/242/2256
f 184/9/184 2573/242/2256 185/10/185
f 2462/135/2162 178/3/178 2632/301/2305
f 2462/135/2162 2632/301/2305 2633/302/2306
f 2545/70/2230 189/14/189 2634/303/2307
f 2545/70/2230 2634/303/2307 2635/304/2308
f 187/12/187 2462/135/2162 2633/302/2306
f 187/12/187 2633/302/2306 2636/305/2309
f 189/14/189 2541/32/2226 2609/278/2282
f 189/14/189 2609/278/2282 2634/303/2307
f 2461/134/2161 187/12/187 2636/305/2309
f 2461/134/2161 2636/305/2309 2610/279/2283
f 2637/306/2310 2638/307/2311 2639/308/2133
f 2637/306/2310 2639/308/2133 2640/309/2130
f 2638/307/2311 2641/310/2312 2642/311/2135
f 2638/307/2311 2642/311/2135 2639/308/2133
f 2641/310/2312 2643/312/2313 2644/313/2137
f 2641/310/2312 2644/313/2137 2642/311/2135
f 2643/312/2313 2645/314/2314 2646/315/2139
f 2643/312/2313 2646/315/2139 2644/313/2137
f 2645/314/2314 2647/316/2315 2648/317/2141
f 2645/314/2314 2648/317/2141 2646/315/2139
f 2647/316/2315 2649/318/2316 2650/319/2143
f 2647/316/2315 2650/319/2143 2648/317/2141
f 2649/318/2316 2651/320/2317 2652/321/2145
f 2649/318/2316 2652/321/2145 2650/319/2143
f 2651/320/2317 2653/322/2318 2654/323/2147
f 2651/320/2317 2654/323/2147 2652/321/2145
f 2653/322/2318 2655/324/2319 2656/325/2149
f 2653/322/2318 2656/325/2149 2654/323/2147
f 2655/324/2319 2657/326/2320 2658/327/2151
f 2655/324/2319 2658/327/2151 2656/325/2149
f 2657/326/2320 2659/328/2321 2660/329/2153
f 2657/326/2320 2660/329/2153 2658/327/2151
f 2659/328/2321 2661/330/2322 2662/331/2155
f 2659/328/2321 2662/331/2155 2660/329/2153
f 2661/330/2322 2663/332/2323 2664/333/2157
f 2661/330/2322 2664/333/2157 2662/331/2155
f 2663/332/2323 2665/334/2324 2666/335/2159
f 2663/332/2323 2666/335/2159 2664/333/2157
f 2665/334/2324 2667/336/2325 2668/337/2129
f 2665/334/2324 2668/337/2129 2666/335/2159
f 2667/336/2325 2637/306/2310 2640/309/2130
f 2667/336/2325 2640/309/2130 2668/337/2129
f 2432/105/2132 2431/104/2131 2611/280/2284
f 2432/105/2132 2611/280/2284 2610/279/2283
f 2460/133/2160 2432/105/2132 2610/279/2283
f 2460/133/2160 2610/279/2283 2636/305/2309
f 2458/131/2158 2460/133/2160 2636/305/2309
f 2458/131/2158 2636/305/2309 2633/302/2306
f 2456/129/2156 2458/131/2158 2633/302/2306
f 2456/129/2156 2633/302/2306 2632/301/2305
f 2454/127/2154 2456/129/2156 2632/301/2305
f 2454/127/2154 2632/301/2305 2631/300/2304
f 2452/125/2152 2454/127/2154 2631/300/2304
f 2452/125/2152 2631/300/2304 2630/299/2303
f 2450/123/2150 2452/125/2152 2630/299/2303
f 2450/123/2150 2630/299/2303 2628/297/2301
f 2448/121/2148 2450/123/2150 2628/297/2301
f 2448/121/2148 2628/297/2301 2626/295/2299
f 2446/119/2146 2448/121/2148 2626/295/2299
f 2446/119/2146 2626/295/2299 2624/293/2297
f 2444/117/2144 2446/119/2146 2624/293/2297
f 2444/117/2144 2624/293/2297 2622/291/2295
f 2442/115/2142 2444/117/2144 2622/291/2295
f 2442/115/2142 2622/291/2295 2620/289/2293
f 2440/113/2140 2442/115/2142 2620/289/2293
f 2440/113/2140 2620/289/2293 2618/287/2291
f 2438/111/2138 2440/113/2140 2618/287/2291
f 2438/111/2138 2618/287/2291 2616/285/2289
f 2436/109/2136 2438/111/2138 2616/285/2289
f 2436/109/2136 2616/285/2289 2614/283/2287
f 2434/107/2134 2436/109/2136 2614/283/2287
f 2434/107/2134 2614/283/2287 2612/281/2285
f 2431/104/2131 2434/107/2134 2612/281/2285
f 2431/104/2131 2612/281/2285 2611/280/2284
f 200/25/200 199/24/199 2638/307/2311
f 200/25/200 2638/307/2311 2637/306/2310
f 199/24/199 2613/282/2286 2641/310/2312
f 199/24/199 2641/310/2312 2638/307/2311
f 2613/282/2286 2615/284/2288 2643/312/2313
f 2613/282/2286 2643/312/2313 2641/310/2312
f 2615/284/2288 2617/286/2290 2645/314/2314
f 2615/284/2288 2645/314/2314 2643/312/2313
f 2617/286/2290 2619/288/2292 2647/316/2315
f 2617/286/2290 2647/316/2315 2645/314/2314
f 2619/288/2292 2621/290/2294 2649/318/2316
f 2619/288/2292 2649/318/2316 2647/316/2315
f 2621/290/2294 2623/292/2296 2651/320/2317
f 2621/290/2294 2651/320/2317 2649/318/2316
f 2623/292/2296 2625/294/2298 2653/322/2318
f 2623/292/2296 2653/322/2318 2651/320/2317
f 2625/294/2298 2627/296/2300 2655/324/2319
f 2625/294/2298 2655/324/2319 2653/322/2318
f 2627/296/2300 2629/298/2302 2657/326/2320
f 2627/296/2300 2657/326/2320 2655/324/2319
f 2629/298/2302 201/26/201 2659/328/2321
f 2629/298/2302 2659/328/2321 2657/326/2320
f 201/26/201 203/28/203 2661/330/2322
f 201/26/201 2661/330/2322 2659/328/2321
f 203/28/203 2635/304/2308 2663/332/2323
f 203/28/203 2663/332/2323 2661/330/2322
f 2635/304/2308 2634/303/2307 2665/334/2324
f 2635/304/2308 2665/334/2324 2663/332/2323
f 2634/303/2307 2609/278/2282 2667/336/2325
f 2634/303/2307 2667/336/2325 2665/334/2324
f 2609/278/2282 200/25/200 2637/306/2310
f 2609/278/2282 2637/306/2310 2667/336/2325
f 2518/191/2208 198/23/198 195/20/195
f 2518/191/2208 195/20/195 197/22/197
f 195/20/195 198/23/198 2541/32/2226
f 195/20/195 2541/32/2226 2540/31/2225
f 2545/70/2230 2635/304/2308 203/28/203
f 2545/70/2230 203/28/203 202/27/202
f 2545/70/2230 202/27/202 184/9/184
f 2545/70/2230 184/9/184 2546/29/2231
f 2569/238/2254 199/24/199 198/23/198
f 2569/238/2254 198/23/198 2518/191/2208
f 2669/74/2326 2670/75/2327 2671/76/2328
f 2669/74/2326 2671/76/2328 2672/77/2329
f 2669/74/2326 2673/78/2330 2674/79/2331
f 2669/74/2326 2674/79/2331 2675/80/2332
f 2673/78/2330 2676/81/2333 2677/82/2334
f 2673/78/2330 2677/82/2334 2674/79/2331
f 2676/81/2333 2678/83/2335 2679/84/2336
f 2676/81/2333 2679/84/2336 2677/82/2334
f 2678/83/2335 2680/85/2337 2681/86/2338
f 2678/83/2335 2681/86/2338 2679/84/2336
f 2680/85/2337 2682/87/2339 2683/88/2340
f 2680/85/2337 2683/88/2340 2681/86/2338
f 2682/87/2339 2684/89/2341 2685/90/2342
f 2682/87/2339 2685/90/2342 2683/88/2340
f 2685/90/2342 2684/89/2341 2686/91/2343
f 2685/90/2342 2686/91/2343 2687/92/2344
f 2675/80/2332 2688/93/2345 2689/94/2346
f 2675/80/2332 2689/94/2346 2690/95/2347
f 2677/82/2334 2691/96/2348 2692/97/2349
f 2677/82/2334 2692/97/2349 2674/79/2331
f 2681/86/2338 2693/98/2350 2694/99/2351
f 2681/86/2338 2694/99/2351 2679/84/2336
f 2685/90/2342 2695/100/2352 2696/101/2353
f 2685/90/2342 2696/101/2353 2683/88/2340
f 2697/102/2354 2698/103/2355 2699/104/2356
f 2697/102/2354 2699/104/2356 2700/105/2357
f 2698/103/2355 2701/106/2358 2702/107/2359
f 2698/103/2355 2702/107/2359 2699/104/2356
f 2701/106/2358 2703/108/2360 2704/109/2361
f 2701/106/2358 2704/109/2361 2702/107/2359
f 2703/108/2360 2705/110/2362 2706/111/2363
f 2703/108/2360 2706/111/2363 2704/109/2361
f 2705/110/2362 2707/112/2364 2708/113/2365
f 2705/110/2362 2708/113/2365 2706/111/2363
f 2707/112/2364 2709/114/2366 2710/115/2367
f 2707/112/2364 2710/115/2367 2708/113/2365
f 2709/114/2366 2711/116/2368 2712/117/2369
f 2709/114/2366 2712/117/2369 2710/115/2367
f 2711/116/2368 2713/118/2370 2714/119/2371
f 2711/116/2368 2714/119/2371 2712/117/2369
f 2713/118/2370 2715/120/2372 2716/121/2373
f 2713/118/2370 2716/121/2373 2714/119/2371
f 2715/120/2372 2717/122/2374 2718/123/2375
f 2715/120/2372 2718/123/2375 2716/121/2373
f 2717/122/2374 2719/124/2376 2720/125/2377
f 2717/122/2374 2720/125/2377 2718/123/2375
f 2719/124/2376 2721/126/2378 2722/127/2379
f 2719/124/2376 2722/127/2379 2720/125/2377
f 2721/126/2378 2723/128/2380 2724/129/2381
f 2721/126/2378 2724/129/2381 2722/127/2379
f 2723/128/2380 2725/130/2382 2726/131/2383
f 2723/128/2380 2726/131/2383 2724/129/2381
f 2725/130/2382 2727/132/2384 2728/133/2385
f 2725/130/2382 2728/133/2385 2726/131/2383
f 2727/132/2384 2697/102/2354 2700/105/2357
f 2727/132/2384 2700/105/2357 2728/133/2385
f 2729/134/2386 455/73/454 452/71/451
f 2729/134/2386 452/71/451 453/30/452
f 206/3/206 2730/135/2387 208/5/208
f 206/3/206 208/5/208 204/1/204
f 2731/136/2388 2732/137/2389 2733/138/2390
f 2731/136/2388 2733/138/2390 2734/139/2391
f 2735/140/2392 2732/137/2389 2731/136/2388
f 2735/140/2392 2731/136/2388 2736/141/2393
f 2737/142/2394 2735/140/2392 2736/141/2393
f 2737/142/2394 2736/141/2393 2738/143/2395
f 2739/144/2396 2737/142/2394 2738/143/2395
f 2739/144/2396 2738/143/2395 2740/145/2397
f 2741/146/2398 2739/144/2396 2740/145/2397
f 2741/146/2398 2740/145/2397 2742/147/2399
f 2743/148/2400 2741/146/2398 2742/147/2399
f 2743/148/2400 2742/147/2399 2744/149/2401
f 2745/150/2402 2743/148/2400 2744/149/2401
f 2745/150/2402 2744/149/2401 2746/151/2403
f 2747/152/2404 2748/153/2405 2749/154/2406
f 2747/152/2404 2749/154/2406 2687/92/2344
f 2689/94/2346 2750/155/2407 2751/156/2408
f 2689/94/2346 2751/156/2408 2690/95/2347
f 2752/157/2409 2753/158/2393 2754/159/2388
f 2752/157/2409 2754/159/2388 2755/160/2410
f 2755/160/2410 2754/159/2388 2756/161/2391
f 2755/160/2410 2756/161/2391 2757/162/2411
f 2758/163/2411 2759/164/2391 2760/165/2412
f 2758/163/2411 2760/165/2412 2761/166/2413
f 2762/167/2397 2763/168/2395 2764/169/2414
f 2762/167/2397 2764/169/2414 2765/170/2415
f 2763/168/2395 2753/158/2393 2752/157/2409
f 2763/168/2395 2752/157/2409 2764/169/2414
f 2766/171/2401 2767/172/2399 2768/173/2416
f 2766/171/2401 2768/173/2416 2769/174/2417
f 2767/172/2399 2762/167/2397 2765/170/2415
f 2767/172/2399 2765/170/2415 2768/173/2416
f 2770/175/2418 2771/176/2419 2772/177/2420
f 2770/175/2418 2772/177/2420 2773/178/2421
f 2773/178/2421 2772/177/2420 2774/179/2403
f 2773/178/2421 2774/179/2403 2775/180/2422
f 2774/179/2403 2766/171/2401 2769/174/2417
f 2774/179/2403 2769/174/2417 2775/180/2422
f 2776/181/2423 2777/182/2424 2778/183/2425
f 2776/181/2423 2778/183/2425 2779/184/2426
f 2780/185/2427 2781/186/2428 2782/187/2429
f 2780/185/2427 2782/187/2429 2783/188/2430
f 225/22/225 2784/189/2431 2785/190/2432
f 225/22/225 2785/190/2432 2786/191/2433
f 2787/192/2431 2788/193/2434 2789/194/2435
f 2787/192/2431 2789/194/2435 2790/195/2432
f 2791/196/2436 2792/197/2420 2793/198/2437
f 2791/196/2436 2793/198/2437 2794/199/2438
f 2795/200/2420 2780/185/2427 2796/201/2439
f 2795/200/2420 2796/201/2439 2797/202/2437
f 2798/203/2440 2799/204/2441 2690/95/2347
f 2798/203/2440 2690/95/2347 2751/156/2408
f 2799/204/2441 2800/205/2442 2670/75/2327
f 2799/204/2441 2670/75/2327 2690/95/2347
f 214/11/214 2801/206/2443 2802/207/2444
f 214/11/214 2802/207/2444 209/6/209
f 2801/206/2443 2803/208/2445 2804/209/2446
f 2801/206/2443 2804/209/2446 2802/207/2444
f 452/71/451 2805/210/2447 222/19/222
f 452/71/451 222/19/222 221/18/221
f 454/72/453 2800/205/2442 2805/210/2447
f 454/72/453 2805/210/2447 452/71/451
f 2670/75/2327 2800/205/2442 454/72/453
f 2670/75/2327 454/72/453 2671/76/2328
f 205/2/205 2806/211/2448 2686/91/2343
f 205/2/205 2686/91/2343 2807/212/2449
f 215/12/215 2729/134/2386 453/30/452
f 215/12/215 453/30/452 216/13/216
f 217/14/217 219/16/219 2808/31/2450
f 217/14/217 2808/31/2450 2809/32/2451
f 2804/209/2446 2810/213/2452 2811/214/2453
f 2804/209/2446 2811/214/2453 2812/215/2454
f 216/13/216 453/30/452 221/18/221
f 216/13/216 221/18/221 220/17/220
f 2730/135/2387 215/12/215 214/11/214
f 2730/135/2387 214/11/214 208/5/208
f 2813/70/2455 2814/29/2456 218/15/218
f 2813/70/2455 218/15/218 217/14/217
f 2815/216/2457 2816/217/2458 2817/218/2459
f 2815/216/2457 2817/218/2459 2818/219/2460
f 2808/31/2450 219/16/219 224/21/224
f 2808/31/2450 224/21/224 223/20/223
f 2817/218/2459 2819/220/2461 2803/208/2445
f 2817/218/2459 2803/208/2445 2818/219/2460
f 2820/221/2462 2816/217/2458 2815/216/2457
f 2820/221/2462 2815/216/2457 2821/222/2463
f 208/5/208 214/11/214 209/6/209
f 208/5/208 209/6/209 207/4/207
f 2803/208/2445 2819/220/2461 2810/213/2452
f 2803/208/2445 2810/213/2452 2804/209/2446
f 218/15/218 2814/29/2456 212/9/212
f 218/15/218 212/9/212 211/8/211
f 2811/214/2453 2822/223/2464 2823/224/2465
f 2811/214/2453 2823/224/2465 2812/215/2454
f 2822/223/2464 2824/225/2466 2825/226/2467
f 2822/223/2464 2825/226/2467 2823/224/2465
f 2824/225/2466 2783/188/2430 2747/152/2404
f 2824/225/2466 2747/152/2404 2825/226/2467
f 2779/184/2426 2826/227/2468 2798/203/2440
f 2779/184/2426 2798/203/2440 2751/156/2408
f 2826/227/2468 2827/228/2469 2828/229/2470
f 2826/227/2468 2828/229/2470 2798/203/2440
f 2827/228/2469 2820/221/2462 2821/222/2463
f 2827/228/2469 2821/222/2463 2828/229/2470
f 2788/193/2434 2829/230/2471 2816/217/2458
f 2788/193/2434 2816/217/2458 2820/221/2462
f 2817/218/2459 2816/217/2458 2829/230/2471
f 2817/218/2459 2829/230/2471 2830/231/2472
f 2831/232/2473 2819/220/2461 2817/218/2459
f 2831/232/2473 2817/218/2459 2830/231/2472
f 2810/213/2452 2819/220/2461 2831/232/2473
f 2810/213/2452 2831/232/2473 2832/233/2474
f 2811/214/2453 2810/213/2452 2832/233/2474
f 2811/214/2453 2832/233/2474 2833/234/2475
f 2833/234/2475 2834/235/2476 2822/223/2464
f 2833/234/2475 2822/223/2464 2811/214/2453
f 2834/235/2476 2796/201/2439 2824/225/2466
f 2834/235/2476 2824/225/2466 2822/223/2464
f 2796/201/2439 2780/185/2427 2783/188/2430
f 2796/201/2439 2783/188/2430 2824/225/2466
f 2778/183/2425 2835/236/2477 2826/227/2468
f 2778/183/2425 2826/227/2468 2779/184/2426
f 2835/236/2477 2789/194/2435 2827/228/2469
f 2835/236/2477 2827/228/2469 2826/227/2468
f 2789/194/2435 2788/193/2434 2820/221/2462
f 2789/194/2435 2820/221/2462 2827/228/2469
f 2786/191/2433 2785/190/2432 2836/237/2478
f 2786/191/2433 2836/237/2478 2837/238/2479
f 2790/195/2432 2789/194/2435 2835/236/2477
f 2790/195/2432 2835/236/2477 2838/239/2478
f 2837/238/2479 2836/237/2478 2734/139/2391
f 2837/238/2479 2734/139/2391 2733/138/2390
f 2838/239/2478 2835/236/2477 2778/183/2425
f 2838/239/2478 2778/183/2425 2839/240/2391
f 2794/199/2438 2793/198/2437 2840/241/2480
f 2794/199/2438 2840/241/2480 2841/242/2481
f 2797/202/2437 2796/201/2439 2834/235/2476
f 2797/202/2437 2834/235/2476 2842/243/2480
f 2841/242/2481 2840/241/2480 2843/244/2482
f 2841/242/2481 2843/244/2482 213/10/213
f 2842/243/2480 2834/235/2476 2833/234/2475
f 2842/243/2480 2833/234/2475 2844/245/2482
f 213/10/213 2843/244/2482 2845/246/2483
f 213/10/213 2845/246/2483 211/8/211
f 2844/245/2482 2833/234/2475 2832/233/2474
f 2844/245/2482 2832/233/2474 2846/247/2483
f 2788/193/2434 2787/192/2431 2847/248/2484
f 2788/193/2434 2847/248/2484 2829/230/2471
f 2784/189/2431 225/22/225 224/21/224
f 2784/189/2431 224/21/224 2848/249/2484
f 2805/210/2447 2849/250/2485 2850/251/2486
f 2805/210/2447 2850/251/2486 222/19/222
f 2849/250/2485 2828/229/2470 2821/222/2463
f 2849/250/2485 2821/222/2463 2850/251/2486
f 222/19/222 2850/251/2486 2851/252/2487
f 222/19/222 2851/252/2487 220/17/220
f 2850/251/2486 2821/222/2463 2815/216/2457
f 2850/251/2486 2815/216/2457 2851/252/2487
f 2828/229/2470 2849/250/2485 2799/204/2441
f 2828/229/2470 2799/204/2441 2798/203/2440
f 2849/250/2485 2805/210/2447 2800/205/2442
f 2849/250/2485 2800/205/2442 2799/204/2441
f 2747/152/2404 2687/92/2344 2852/253/2488
f 2747/152/2404 2852/253/2488 2825/226/2467
f 2687/92/2344 2686/91/2343 2806/211/2448
f 2687/92/2344 2806/211/2448 2852/253/2488
f 2825/226/2467 2852/253/2488 2853/254/2489
f 2825/226/2467 2853/254/2489 2823/224/2465
f 2852/253/2488 2806/211/2448 2854/255/2490
f 2852/253/2488 2854/255/2490 2853/254/2489
f 2823/224/2465 2853/254/2489 2855/256/2491
f 2823/224/2465 2855/256/2491 2812/215/2454
f 2853/254/2489 2854/255/2490 210/7/210
f 2853/254/2489 210/7/210 2855/256/2491
f 2803/208/2445 2801/206/2443 2856/257/2492
f 2803/208/2445 2856/257/2492 2818/219/2460
f 2801/206/2443 214/11/214 216/13/216
f 2801/206/2443 216/13/216 2856/257/2492
f 2812/215/2454 2855/256/2491 2802/207/2444
f 2812/215/2454 2802/207/2444 2804/209/2446
f 2855/256/2491 210/7/210 209/6/209
f 2855/256/2491 209/6/209 2802/207/2444
f 218/15/218 2857/258/2493 2858/259/2494
f 218/15/218 2858/259/2494 219/16/219
f 2859/260/2493 2831/232/2473 2830/231/2472
f 2859/260/2493 2830/231/2472 2860/261/2494
f 2831/232/2473 2859/260/2493 2846/247/2483
f 2831/232/2473 2846/247/2483 2832/233/2474
f 2857/258/2493 218/15/218 211/8/211
f 2857/258/2493 211/8/211 2845/246/2483
f 220/17/220 2851/252/2487 2856/257/2492
f 220/17/220 2856/257/2492 216/13/216
f 2851/252/2487 2815/216/2457 2818/219/2460
f 2851/252/2487 2818/219/2460 2856/257/2492
f 2829/230/2471 2847/248/2484 2861/262/2494
f 2829/230/2471 2861/262/2494 2830/231/2472
f 2848/249/2484 224/21/224 219/16/219
f 2848/249/2484 219/16/219 2858/259/2494
f 2780/185/2427 2795/200/2420 2862/263/2419
f 2780/185/2427 2862/263/2419 2781/186/2428
f 2791/196/2436 2745/150/2402 2746/151/2403
f 2791/196/2436 2746/151/2403 2792/197/2420
f 2673/78/2330 2669/74/2326 2672/77/2329
f 2673/78/2330 2672/77/2329 2863/264/2495
f 2676/81/2333 2673/78/2330 2863/264/2495
f 2676/81/2333 2863/264/2495 2864/265/2496
f 2678/83/2335 2676/81/2333 2864/265/2496
f 2678/83/2335 2864/265/2496 2865/266/2497
f 2680/85/2337 2678/83/2335 2865/266/2497
f 2680/85/2337 2865/266/2497 2866/267/2498
f 2682/87/2339 2680/85/2337 2866/267/2498
f 2682/87/2339 2866/267/2498 2867/268/2499
f 2684/89/2341 2682/87/2339 2867/268/2499
f 2684/89/2341 2867/268/2499 2868/269/2500
f 2670/75/2327 2669/74/2326 2675/80/2332
f 2670/75/2327 2675/80/2332 2690/95/2347
f 2686/91/2343 2684/89/2341 2868/269/2500
f 2686/91/2343 2868/269/2500 2807/212/2449
f 2783/188/2430 2782/187/2429 2748/153/2405
f 2783/188/2430 2748/153/2405 2747/152/2404
f 2750/155/2407 2776/181/2423 2779/184/2426
f 2750/155/2407 2779/184/2426 2751/156/2408
f 2778/183/2425 2777/182/2424 2869/270/2412
f 2778/183/2425 2869/270/2412 2839/240/2391
f 2870/271/2501 2776/181/2423 2750/155/2407
f 2870/271/2501 2750/155/2407 2871/272/2502
f 2872/273/2503 2777/182/2424 2776/181/2423
f 2872/273/2503 2776/181/2423 2870/271/2501
f 2869/270/2412 2777/182/2424 2872/273/2503
f 2869/270/2412 2872/273/2503 2873/274/2504
f 2760/165/2412 2874/275/2504 2875/276/2505
f 2760/165/2412 2875/276/2505 2761/166/2413
f 2875/276/2505 2874/275/2504 2771/176/2419
f 2875/276/2505 2771/176/2419 2770/175/2418
f 2781/186/2428 2862/263/2419 2873/274/2504
f 2781/186/2428 2873/274/2504 2872/273/2503
f 2782/187/2429 2781/186/2428 2872/273/2503
f 2782/187/2429 2872/273/2503 2870/271/2501
f 2748/153/2405 2782/187/2429 2870/271/2501
f 2748/153/2405 2870/271/2501 2871/272/2502
f 2749/154/2406 2748/153/2405 2871/272/2502
f 2749/154/2406 2871/272/2502 2876/277/2506
f 2876/277/2506 2696/101/2353 2695/100/2352
f 2876/277/2506 2695/100/2352 2749/154/2406
f 2876/277/2506 2694/99/2351 2693/98/2350
f 2876/277/2506 2693/98/2350 2696/101/2353
f 2876/277/2506 2692/97/2349 2691/96/2348
f 2876/277/2506 2691/96/2348 2694/99/2351
f 2689/94/2346 2688/93/2345 2692/97/2349
f 2689/94/2346 2692/97/2349 2876/277/2506
f 2876/277/2506 2871/272/2502 2750/155/2407
f 2876/277/2506 2750/155/2407 2689/94/2346
f 2675/80/2332 2674/79/2331 2692/97/2349
f 2675/80/2332 2692/97/2349 2688/93/2345
f 2694/99/2351 2691/96/2348 2677/82/2334
f 2694/99/2351 2677/82/2334 2679/84/2336
f 2696/101/2353 2693/98/2350 2681/86/2338
f 2696/101/2353 2681/86/2338 2683/88/2340
f 2749/154/2406 2695/100/2352 2685/90/2342
f 2749/154/2406 2685/90/2342 2687/92/2344
f 2809/32/2451 226/23/226 228/25/228
f 2809/32/2451 228/25/228 2877/278/2507
f 455/73/454 2729/134/2386 2878/279/2508
f 455/73/454 2878/279/2508 2879/280/2509
f 454/72/453 455/73/454 2879/280/2509
f 454/72/453 2879/280/2509 2880/281/2510
f 2733/138/2390 2881/282/2511 227/24/227
f 2733/138/2390 227/24/227 2837/238/2479
f 2671/76/2328 454/72/453 2880/281/2510
f 2671/76/2328 2880/281/2510 2882/283/2512
f 2732/137/2389 2883/284/2513 2881/282/2511
f 2732/137/2389 2881/282/2511 2733/138/2390
f 2672/77/2329 2671/76/2328 2882/283/2512
f 2672/77/2329 2882/283/2512 2884/285/2514
f 2735/140/2392 2885/286/2515 2883/284/2513
f 2735/140/2392 2883/284/2513 2732/137/2389
f 2863/264/2495 2672/77/2329 2884/285/2514
f 2863/264/2495 2884/285/2514 2886/287/2516
f 2737/142/2394 2887/288/2517 2885/286/2515
f 2737/142/2394 2885/286/2515 2735/140/2392
f 2864/265/2496 2863/264/2495 2886/287/2516
f 2864/265/2496 2886/287/2516 2888/289/2518
f 2739/144/2396 2889/290/2519 2887/288/2517
f 2739/144/2396 2887/288/2517 2737/142/2394
f 2865/266/2497 2864/265/2496 2888/289/2518
f 2865/266/2497 2888/289/2518 2890/291/2520
f 2741/146/2398 2891/292/2521 2889/290/2519
f 2741/146/2398 2889/290/2519 2739/144/2396
f 2866/267/2498 2865/266/2497 2890/291/2520
f 2866/267/2498 2890/291/2520 2892/293/2522
f 2743/148/2400 2893/294/2523 2891/292/2521
f 2743/148/2400 2891/292/2521 2741/146/2398
f 2867/268/2499 2866/267/2498 2892/293/2522
f 2867/268/2499 2892/293/2522 2894/295/2524
f 2745/150/2402 2895/296/2525 2893/294/2523
f 2745/150/2402 2893/294/2523 2743/148/2400
f 2868/269/2500 2867/268/2499 2894/295/2524
f 2868/269/2500 2894/295/2524 2896/297/2526
f 2791/196/2436 2897/298/2527 2895/296/2525
f 2791/196/2436 2895/296/2525 2745/150/2402
f 2807/212/2449 2868/269/2500 2896/297/2526
f 2807/212/2449 2896/297/2526 2898/299/2528
f 2794/199/2438 229/26/229 2897/298/2527
f 2794/199/2438 2897/298/2527 2791/196/2436
f 205/2/205 2807/212/2449 2898/299/2528
f 205/2/205 2898/299/2528 2899/300/2529
f 2841/242/2481 230/27/230 229/26/229
f 2841/242/2481 229/26/229 2794/199/2438
f 206/3/206 205/2/205 2899/300/2529
f 206/3/206 2899/300/2529 2900/301/2530
f 212/9/212 230/27/230 2841/242/2481
f 212/9/212 2841/242/2481 213/10/213
f 2730/135/2387 206/3/206 2900/301/2530
f 2730/135/2387 2900/301/2530 2901/302/2531
f 2813/70/2455 217/14/217 2902/303/2532
f 2813/70/2455 2902/303/2532 2903/304/2533
f 215/12/215 2730/135/2387 2901/302/2531
f 215/12/215 2901/302/2531 2904/305/2534
f 217/14/217 2809/32/2451 2877/278/2507
f 217/14/217 2877/278/2507 2902/303/2532
f 2729/134/2386 215/12/215 2904/305/2534
f 2729/134/2386 2904/305/2534 2878/279/2508
f 2905/306/2535 2906/307/2536 2907/308/2358
f 2905/306/2535 2907/308/2358 2908/309/2355
f 2906/307/2536 2909/310/2537 2910/311/2360
f 2906/307/2536 2910/311/2360 2907/308/2358
f 2909/310/2537 2911/312/2538 2912/313/2362
f 2909/310/2537 2912/313/2362 2910/311/2360
f 2911/312/2538 2913/314/2539 2914/315/2364
f 2911/312/2538 2914/315/2364 2912/313/2362
f 2913/314/2539 2915/316/2540 2916/317/2366
f 2913/314/2539 2916/317/2366 2914/315/2364
f 2915/316/2540 2917/318/2541 2918/319/2368
f 2915/316/2540 2918/319/2368 2916/317/2366
f 2917/318/2541 2919/320/2542 2920/321/2370
f 2917/318/2541 2920/321/2370 2918/319/2368
f 2919/320/2542 2921/322/2543 2922/323/2372
f 2919/320/2542 2922/323/2372 2920/321/2370
f 2921/322/2543 2923/324/2544 2924/325/2374
f 2921/322/2543 2924/325/2374 2922/323/2372
f 2923/324/2544 2925/326/2545 2926/327/2376
f 2923/324/2544 2926/327/2376 2924/325/2374
f 2925/326/2545 2927/328/2546 2928/329/2378
f 2925/326/2545 2928/329/2378 2926/327/2376
f 2927/328/2546 2929/330/2547 2930/331/2380
f 2927/328/2546 2930/331/2380 2928/329/2378
f 2929/330/2547 2931/332/2548 2932/333/2382
f 2929/330/2547 2932/333/2382 2930/331/2380
f 2931/332/2548 2933/334/2549 2934/335/2384
f 2931/332/2548 2934/335/2384 2932/333/2382
f 2933/334/2549 2935/336/2550 2936/337/2354
f 2933/334/2549 2936/337/2354 2934/335/2384
f 2935/336/2550 2905/306/2535 2908/309/2355
f 2935/336/2550 2908/309/2355 2936/337/2354
f 2700/105/2357 2699/104/2356 2879/280/2509
f 2700/105/2357 2879/280/2509 2878/279/2508
f 2728/133/2385 2700/105/2357 2878/279/2508
f 2728/133/2385 2878/279/2508 2904/305/2534
f 2726/131/2383 2728/133/2385 2904/305/2534
f 2726/131/2383 2904/305/2534 2901/302/2531
f 2724/129/2381 2726/131/2383 2901/302/2531
f 2724/129/2381 2901/302/2531 2900/301/2530
f 2722/127/2379 2724/129/2381 2900/301/2530
f 2722/127/2379 2900/301/2530 2899/300/2529
f 2720/125/2377 2722/127/2379 2899/300/2529
f 2720/125/2377 2899/300/2529 2898/299/2528
f 2718/123/2375 2720/125/2377 2898/299/2528
f 2718/123/2375 2898/299/2528 2896/297/2526
f 2716/121/2373 2718/123/2375 2896/297/2526
f 2716/121/2373 2896/297/2526 2894/295/2524
f 2714/119/2371 2716/121/2373 2894/295/2524
f 2714/119/2371 2894/295/2524 2892/293/2522
f 2712/117/2369 2714/119/2371 2892/293/2522
f 2712/117/2369 2892/293/2522 2890/291/2520
f 2710/115/2367 2712/117/2369 2890/291/2520
f 2710/115/2367 2890/291/2520 2888/289/2518
f 2708/113/2365 2710/115/2367 2888/289/2518
f 2708/113/2365 2888/289/2518 2886/287/2516
f 2706/111/2363 2708/113/2365 2886/287/2516
f 2706/111/2363 2886/287/2516 2884/285/2514
f 2704/109/2361 2706/111/2363 2884/285/2514
f 2704/109/2361 2884/285/2514 2882/283/2512
f 2702/107/2359 2704/109/2361 2882/283/2512
f 2702/107/2359 2882/283/2512 2880/281/2510
f 2699/104/2356 2702/107/2359 2880/281/2510
f 2699/104/2356 2880/281/2510 2879/280/2509
f 228/25/228 227/24/227 2906/307/2536
f 228/25/228 2906/307/2536 2905/306/2535
f 227/24/227 2881/282/2511 2909/310/2537
f 227/24/227 2909/310/2537 2906/307/2536
f 2881/282/2511 2883/284/2513 2911/312/2538
f 2881/282/2511 2911/312/2538 2909/310/2537
f 2883/284/2513 2885/286/2515 2913/314/2539
f 2883/284/2513 2913/314/2539 2911/312/2538
f 2885/286/2515 2887/288/2517 2915/316/2540
f 2885/286/2515 2915/316/2540 2913/314/2539
f 2887/288/2517 2889/290/2519 2917/318/2541
f 2887/288/2517 2917/318/2541 2915/316/2540
f 2889/290/2519 2891/292/2521 2919/320/2542
f 2889/290/2519 2919/320/2542 2917/318/2541
f 2891/292/2521 2893/294/2523 2921/322/2543
f 2891/292/2521 2921/322/2543 2919/320/2542
f 2893/294/2523 2895/296/2525 2923/324/2544
f 2893/294/2523 2923/324/2544 2921/322/2543
f 2895/296/2525 2897/298/2527 2925/326/2545
f 2895/296/2525 2925/326/2545 2923/324/2544
f 2897/298/2527 229/26/229 2927/328/2546
f 2897/298/2527 2927/328/2546 2925/326/2545
f 229/26/229 231/28/231 2929/330/2547
f 229/26/229 2929/330/2547 2927/328/2546
f 231/28/231 2903/304/2533 2931/332/2548
f 231/28/231 2931/332/2548 2929/330/2547
f 2903/304/2533 2902/303/2532 2933/334/2549
f 2903/304/2533 2933/334/2549 2931/332/2548
f 2902/303/2532 2877/278/2507 2935/336/2550
f 2902/303/2532 2935/336/2550 2933/334/2549
f 2877/278/2507 228/25/228 2905/306/2535
f 2877/278/2507 2905/306/2535 2935/336/2550
f 2786/191/2433 226/23/226 223/20/223
f 2786/191/2433 223/20/223 225/22/225
f 223/20/223 226/23/226 2809/32/2451
f 223/20/223 2809/32/2451 2808/31/2450
f 2813/70/2455 2903/304/2533 231/28/231
f 2813/70/2455 231/28/231 230/27/230
f 2813/70/2455 230/27/230 212/9/212
f 2813/70/2455 212/9/212 2814/29/2456
f 2837/238/2479 227/24/227 226/23/226
f 2837/238/2479 226/23/226 2786/191/2433
f 2937/74/2551 2938/75/2552 2939/76/2553
f 2937/74/2551 2939/76/2553 2940/77/2554
f 2937/74/2551 2941/78/2555 2942/79/2556
f 2937/74/2551 2942/79/2556 2943/80/2557
f 2941/78/2555 2944/81/2558 2945/82/2559
f 2941/78/2555 2945/82/2559 2942/79/2556
f 2944/81/2558 2946/83/2560 2947/84/2561
f 2944/81/2558 2947/84/2561 2945/82/2559
f 2946/83/2560 2948/85/2562 2949/86/2563
f 2946/83/2560 2949/86/2563 2947/84/2561
f 2948/85/2562 2950/87/2564 2951/88/2565
f 2948/85/2562 2951/88/2565 2949/86/2563
f 2950/87/2564 2952/89/2566 2953/90/2567
f 2950/87/2564 2953/90/2567 2951/88/2565
f 2953/90/2567 2952/89/2566 2954/91/2568
f 2953/90/2567 2954/91/2568 2955/92/2569
f 2943/80/2557 2956/93/2570 2957/94/2571
f 2943/80/2557 2957/94/2571 2958/95/2572
f 2945/82/2559 2959/96/2573 2960/97/2574
f 2945/82/2559 2960/97/2574 2942/79/2556
f 2949/86/2563 2961/98/2575 2962/99/2576
f 2949/86/2563 2962/99/2576 2947/84/2561
f 2953/90/2567 2963/100/2577 2964/101/2578
f 2953/90/2567 2964/101/2578 2951/88/2565
f 2965/102/2579 2966/103/2580 2967/104/2581
f 2965/102/2579 2967/104/2581 2968/105/2582
f 2966/103/2580 2969/106/2583 2970/107/2584
f 2966/103/2580 2970/107/2584 2967/104/2581
f 2969/106/2583 2971/108/2585 2972/109/2586
f 2969/106/2583 2972/109/2586 2970/107/2584
f 2971/108/2585 2973/110/2587 2974/111/2588
f 2971/108/2585 2974/111/2588 2972/109/2586
f 2973/110/2587 2975/112/2589 2976/113/2590
f 2973/110/2587 2976/113/2590 2974/111/2588
f 2975/112/2589 2977/114/2591 2978/115/2592
f 2975/112/2589 2978/115/2592 2976/113/2590
f 2977/114/2591 2979/116/2593 2980/117/2594
f 2977/114/2591 2980/117/2594 2978/115/2592
f 2979/116/2593 2981/118/2595 2982/119/2596
f 2979/116/2593 2982/119/2596 2980/117/2594
f 2981/118/2595 2983/120/2597 2984/121/2598
f 2981/118/2595 2984/121/2598 2982/119/2596
f 2983/120/2597 2985/122/2599 2986/123/2600
f 2983/120/2597 2986/123/2600 2984/121/2598
f 2985/122/2599 2987/124/2601 2988/125/2602
f 2985/122/2599 2988/125/2602 2986/123/2600
f 2987/124/2601 2989/126/2603 2990/127/2604
f 2987/124/2601 2990/127/2604 2988/125/2602
f 2989/126/2603 2991/128/2605 2992/129/2606
f 2989/126/2603 2992/129/2606 2990/127/2604
f 2991/128/2605 2993/130/2607 2994/131/2608
f 2991/128/2605 2994/131/2608 2992/129/2606
f 2993/130/2607 2995/132/2609 2996/133/2610
f 2993/130/2607 2996/133/2610 2994/131/2608
f 2995/132/2609 2965/102/2579 2968/105/2582
f 2995/132/2609 2968/105/2582 2996/133/2610
f 2997/134/2611 459/73/458 456/71/455
f 2997/134/2611 456/71/455 457/30/456
f 234/3/234 2998/135/2612 236/5/236
f 234/3/234 236/5/236 232/1/232
f 2999/136/2613 3000/137/2614 3001/138/2615
f 2999/136/2613 3001/138/2615 3002/139/2616
f 3003/140/2617 3000/137/2614 2999/136/2613
f 3003/140/2617 2999/136/2613 3004/141/2618
f 3005/142/2619 3003/140/2617 3004/141/2618
f 3005/142/2619 3004/141/2618 3006/143/2620
f 3007/144/2621 3005/142/2619 3006/143/2620
f 3007/144/2621 3006/143/2620 3008/145/2622
f 3009/146/2623 3007/144/2621 3008/145/2622
f 3009/146/2623 3008/145/2622 3010/147/2624
f 3011/148/2625 3009/146/2623 3010/147/2624
f 3011/148/2625 3010/147/2624 3012/149/2626
f 3013/150/2627 3011/148/2625 3012/149/2626
f 3013/150/2627 3012/149/2626 3014/151/2628
f 3015/152/2629 3016/153/2630 3017/154/2631
f 3015/152/2629 3017/154/2631 2955/92/2569
f 2957/94/2571 3018/155/2632 3019/156/2633
f 2957/94/2571 3019/156/2633 2958/95/2572
f 3020/157/2634 3021/158/2618 3022/159/2613
f 3020/157/2634 3022/159/2613 3023/160/2635
f 3023/160/2635 3022/159/2613 3024/161/2616
f 3023/160/2635 3024/161/2616 3025/162/2636
f 3026/163/2636 3027/164/2616 3028/165/2637
f 3026/163/2636 3028/165/2637 3029/166/2638
f 3030/167/2622 3031/168/2620 3032/169/2639
f 3030/167/2622 3032/169/2639 3033/170/2640
f 3031/168/2620 3021/158/2618 3020/157/2634
f 3031/168/2620 3020/157/2634 3032/169/2639
f 3034/171/2626 3035/172/2624 3036/173/2641
f 3034/171/2626 3036/173/2641 3037/174/2642
f 3035/172/2624 3030/167/2622 3033/170/2640
f 3035/172/2624 3033/170/2640 3036/173/2641
f 3038/175/2643 3039/176/2644 3040/177/2645
f 3038/175/2643 3040/177/2645 3041/178/2646
f 3041/178/2646 3040/177/2645 3042/179/2628
f 3041/178/2646 3042/179/2628 3043/180/2647
f 3042/179/2628 3034/171/2626 3037/174/2642
f 3042/179/2628 3037/174/2642 3043/180/2647
f 3044/181/2648 3045/182/2649 3046/183/2650
f 3044/181/2648 3046/183/2650 3047/184/2651
f 3048/185/2652 3049/186/2653 3050/187/2654
f 3048/185/2652 3050/187/2654 3051/188/2655
f 253/22/253 3052/189/2656 3053/190/2657
f 253/22/253 3053/190/2657 3054/191/2658
f 3055/192/2656 3056/193/2659 3057/194/2660
f 3055/192/2656 3057/194/2660 3058/195/2657
f 3059/196/2661 3060/197/2645 3061/198/2662
f 3059/196/2661 3061/198/2662 3062/199/2663
f 3063/200/2645 3048/185/2652 3064/201/2664
f 3063/200/2645 3064/201/2664 3065/202/2662
f 3066/203/2665 3067/204/2666 2958/95/2572
f 3066/203/2665 2958/95/2572 3019/156/2633
f 3067/204/2666 3068/205/2667 2938/75/2552
f 3067/204/2666 2938/75/2552 2958/95/2572
f 242/11/242 3069/206/2668 3070/207/2669
f 242/11/242 3070/207/2669 237/6/237
f 3069/206/2668 3071/208/2670 3072/209/2671
f 3069/206/2668 3072/209/2671 3070/207/2669
f 456/71/455 3073/210/2672 250/19/250
f 456/71/455 250/19/250 249/18/249
f 458/72/457 3068/205/2667 3073/210/2672
f 458/72/457 3073/210/2672 456/71/455
f 2938/75/2552 3068/205/2667 458/72/457
f 2938/75/2552 458/72/457 2939/76/2553
f 233/2/233 3074/211/2673 2954/91/2568
f 233/2/233 2954/91/2568 3075/212/2674
f 243/12/243 2997/134/2611 457/30/456
f 243/12/243 457/30/456 244/13/244
f 245/14/245 247/16/247 3076/31/2675
f 245/14/245 3076/31/2675 3077/32/2676
f 3072/209/2671 3078/213/2677 3079/214/2678
f 3072/209/2671 3079/214/2678 3080/215/2679
f 244/13/244 457/30/456 249/18/249
f 244/13/244 249/18/249 248/17/248
f 2998/135/2612 243/12/243 242/11/242
f 2998/135/2612 242/11/242 236/5/236
f 3081/70/2680 3082/29/2681 246/15/246
f 3081/70/2680 246/15/246 245/14/245
f 3083/216/2682 3084/217/2683 3085/218/2684
f 3083/216/2682 3085/218/2684 3086/219/2685
f 3076/31/2675 247/16/247 252/21/252
f 3076/31/2675 252/21/252 251/20/251
f 3085/218/2684 3087/220/2686 3071/208/2670
f 3085/218/2684 3071/208/2670 3086/219/2685
f 3088/221/2687 3084/217/2683 3083/216/2682
f 3088/221/2687 3083/216/2682 3089/222/2688
f 236/5/236 242/11/242 237/6/237
f 236/5/236 237/6/237 235/4/235
f 3071/208/2670 3087/220/2686 3078/213/2677
f 3071/208/2670 3078/213/2677 3072/209/2671
f 246/15/246 3082/29/2681 240/9/240
f 246/15/246 240/9/240 239/8/239
f 3079/214/2678 3090/223/2689 3091/224/2690
f 3079/214/2678 3091/224/2690 3080/215/2679
f 3090/223/2689 3092/225/2691 3093/226/2692
f 3090/223/2689 3093/226/2692 3091/224/2690
f 3092/225/2691 3051/188/2655 3015/152/2629
f 3092/225/2691 3015/152/2629 3093/226/2692
f 3047/184/2651 3094/227/2693 3066/203/2665
f 3047/184/2651 3066/203/2665 3019/156/2633
f 3094/227/2693 3095/228/2694 3096/229/2695
f 3094/227/2693 3096/229/2695 3066/203/2665
f 3095/228/2694 3088/221/2687 3089/222/2688
f 3095/228/2694 3089/222/2688 3096/229/2695
f 3056/193/2659 3097/230/2696 3084/217/2683
f 3056/193/2659 3084/217/2683 3088/221/2687
f 3085/218/2684 3084/217/2683 3097/230/2696
f 3085/218/2684 3097/230/2696 3098/231/2697
f 3099/232/2698 3087/220/2686 3085/218/2684
f 3099/232/2698 3085/218/2684 3098/231/2697
f 3078/213/2677 3087/220/2686 3099/232/2698
f 3078/213/2677 3099/232/2698 3100/233/2699
f 3079/214/2678 3078/213/2677 3100/233/2699
f 3079/214/2678 3100/233/2699 3101/234/2700
f 3101/234/2700 3102/235/2701 3090/223/2689
f 3101/234/2700 3090/223/2689 3079/214/2678
f 3102/235/2701 3064/201/2664 3092/225/2691
f 3102/235/2701 3092/225/2691 3090/223/2689
f 3064/201/2664 3048/185/2652 3051/188/2655
f 3064/201/2664 3051/188/2655 3092/225/2691
f 3046/183/2650 3103/236/2702 3094/227/2693
f 3046/183/2650 3094/227/2693 3047/184/2651
f 3103/236/2702 3057/194/2660 3095/228/2694
f 3103/236/2702 3095/228/2694 3094/227/2693
f 3057/194/2660 3056/193/2659 3088/221/2687
f 3057/194/2660 3088/221/2687 3095/228/2694
f 3054/191/2658 3053/190/2657 3104/237/2703
f 3054/191/2658 3104/237/2703 3105/238/2704
f 3058/195/2657 3057/194/2660 3103/236/2702
f 3058/195/2657 3103/236/2702 3106/239/2703
f 3105/238/2704 3104/237/2703 3002/139/2616
f 3105/238/2704 3002/139/2616 3001/138/2615
f 3106/239/2703 3103/236/2702 3046/183/2650
f 3106/239/2703 3046/183/2650 3107/240/2616
f 3062/199/2663 3061/198/2662 3108/241/2705
f 3062/199/2663 3108/241/2705 3109/242/2706
f 3065/202/2662 3064/201/2664 3102/235/2701
f 3065/202/2662 3102/235/2701 3110/243/2705
f 3109/242/2706 3108/241/2705 3111/244/2707
f 3109/242/2706 3111/244/2707 241/10/241
f 3110/243/2705 3102/235/2701 3101/234/2700
f 3110/243/2705 3101/234/2700 3112/245/2707
f 241/10/241 3111/244/2707 3113/246/2708
f 241/10/241 3113/246/2708 239/8/239
f 3112/245/2707 3101/234/2700 3100/233/2699
f 3112/245/2707 3100/233/2699 3114/247/2708
f 3056/193/2659 3055/192/2656 3115/248/2709
f 3056/193/2659 3115/248/2709 3097/230/2696
f 3052/189/2656 253/22/253 252/21/252
f 3052/189/2656 252/21/252 3116/249/2709
f 3073/210/2672 3117/250/2710 3118/251/2711
f 3073/210/2672 3118/251/2711 250/19/250
f 3117/250/2710 3096/229/2695 3089/222/2688
f 3117/250/2710 3089/222/2688 3118/251/2711
f 250/19/250 3118/251/2711 3119/252/2712
f 250/19/250 3119/252/2712 248/17/248
f 3118/251/2711 3089/222/2688 3083/216/2682
f 3118/251/2711 3083/216/2682 3119/252/2712
f 3096/229/2695 3117/250/2710 3067/204/2666
f 3096/229/2695 3067/204/2666 3066/203/2665
f 3117/250/2710 3073/210/2672 3068/205/2667
f 3117/250/2710 3068/205/2667 3067/204/2666
f 3015/152/2629 2955/92/2569 3120/253/2713
f 3015/152/2629 3120/253/2713 3093/226/2692
f 2955/92/2569 2954/91/2568 3074/211/2673
f 2955/92/2569 3074/211/2673 3120/253/2713
f 3093/226/2692 3120/253/2713 3121/254/2714
f 3093/226/2692 3121/254/2714 3091/224/2690
f 3120/253/2713 3074/211/2673 3122/255/2715
f 3120/253/2713 3122/255/2715 3121/254/2714
f 3091/224/2690 3121/254/2714 3123/256/2716
f 3091/224/2690 3123/256/2716 3080/215/2679
f 3121/254/2714 3122/255/2715 238/7/238
f 3121/254/2714 238/7/238 3123/256/2716
f 3071/208/2670 3069/206/2668 3124/257/2717
f 3071/208/2670 3124/257/2717 3086/219/2685
f 3069/206/2668 242/11/242 244/13/244
f 3069/206/2668 244/13/244 3124/257/2717
f 3080/215/2679 3123/256/2716 3070/207/2669
f 3080/215/2679 3070/207/2669 3072/209/2671
f 3123/256/2716 238/7/238 237/6/237
f 3123/256/2716 237/6/237 3070/207/2669
f 246/15/246 3125/258/2718 3126/259/2719
f 246/15/246 3126/259/2719 247/16/247
f 3127/260/2718 3099/232/2698 3098/231/2697
f 3127/260/2718 3098/231/2697 3128/261/2719
f 3099/232/2698 3127/260/2718 3114/247/2708
f 3099/232/2698 3114/247/2708 3100/233/2699
f 3125/258/2718 246/15/246 239/8/239
f 3125/258/2718 239/8/239 3113/246/2708
f 248/17/248 3119/252/2712 3124/257/2717
f 248/17/248 3124/257/2717 244/13/244
f 3119/252/2712 3083/216/2682 3086/219/2685
f 3119/252/2712 3086/219/2685 3124/257/2717
f 3097/230/2696 3115/248/2709 3129/262/2719
f 3097/230/2696 3129/262/2719 3098/231/2697
f 3116/249/2709 252/21/252 247/16/247
f 3116/249/2709 247/16/247 3126/259/2719
f 3048/185/2652 3063/200/2645 3130/263/2644
f 3048/185/2652 3130/263/2644 3049/186/2653
f 3059/196/2661 3013/150/2627 3014/151/2628
f 3059/196/2661 3014/151/2628 3060/197/2645
f 2941/78/2555 2937/74/2551 2940/77/2554
f 2941/78/2555 2940/77/2554 3131/264/2720
f 2944/81/2558 2941/78/2555 3131/264/2720
f 2944/81/2558 3131/264/2720 3132/265/2721
f 2946/83/2560 2944/81/2558 3132/265/2721
f 2946/83/2560 3132/265/2721 3133/266/2722
f 2948/85/2562 2946/83/2560 3133/266/2722
f 2948/85/2562 3133/266/2722 3134/267/2723
f 2950/87/2564 2948/85/2562 3134/267/2723
f 2950/87/2564 3134/267/2723 3135/268/2724
f 2952/89/2566 2950/87/2564 3135/268/2724
f 2952/89/2566 3135/268/2724 3136/269/2725
f 2938/75/2552 2937/74/2551 2943/80/2557
f 2938/75/2552 2943/80/2557 2958/95/2572
f 2954/91/2568 2952/89/2566 3136/269/2725
f 2954/91/2568 3136/269/2725 3075/212/2674
f 3051/188/2655 3050/187/2654 3016/153/2630
f 3051/188/2655 3016/153/2630 3015/152/2629
f 3018/155/2632 3044/181/2648 3047/184/2651
f 3018/155/2632 3047/184/2651 3019/156/2633
f 3046/183/2650 3045/182/2649 3137/270/2637
f 3046/183/2650 3137/270/2637 3107/240/2616
f 3138/271/2726 3044/181/2648 3018/155/2632
f 3138/271/2726 3018/155/2632 3139/272/2727
f 3140/273/2728 3045/182/2649 3044/181/2648
f 3140/273/2728 3044/181/2648 3138/271/2726
f 3137/270/2637 3045/182/2649 3140/273/2728
f 3137/270/2637 3140/273/2728 3141/274/2729
f 3028/165/2637 3142/275/2729 3143/276/2730
f 3028/165/2637 3143/276/2730 3029/166/2638
f 3143/276/2730 3142/275/2729 3039/176/2644
f 3143/276/2730 3039/176/2644 3038/175/2643
f 3049/186/2653 3130/263/2644 3141/274/2729
f 3049/186/2653 3141/274/2729 3140/273/2728
f 3050/187/2654 3049/186/2653 3140/273/2728
f 3050/187/2654 3140/273/2728 3138/271/2726
f 3016/153/2630 3050/187/2654 3138/271/2726
f 3016/153/2630 3138/271/2726 3139/272/2727
f 3017/154/2631 3016/153/2630 3139/272/2727
f 3017/154/2631 3139/272/2727 3144/277/2731
f 3144/277/2731 2964/101/2578 2963/100/2577
f 3144/277/2731 2963/100/2577 3017/154/2631
f 3144/277/2731 2962/99/2576 2961/98/2575
f 3144/277/2731 2961/98/2575 2964/101/2578
f 3144/277/2731 2960/97/2574 2959/96/2573
f 3144/277/2731 2959/96/2573 2962/99/2576
f 2957/94/2571 2956/93/2570 2960/97/2574
f 2957/94/2571 2960/97/2574 3144/277/2731
f 3144/277/2731 3139/272/2727 3018/155/2632
f 3144/277/2731 3018/155/2632 2957/94/2571
f 2943/80/2557 2942/79/2556 2960/97/2574
f 2943/80/2557 2960/97/2574 2956/93/2570
f 2962/99/2576 2959/96/2573 2945/82/2559
f 2962/99/2576 2945/82/2559 2947/84/2561
f 2964/101/2578 2961/98/2575 2949/86/2563
f 2964/101/2578 2949/86/2563 2951/88/2565
f 3017/154/2631 2963/100/2577 2953/90/2567
f 3017/154/2631 2953/90/2567 2955/92/2569
f 3077/32/2676 254/23/254 256/25/256
f 3077/32/2676 256/25/256 3145/278/2732
f 459/73/458 2997/134/2611 3146/279/2733
f 459/73/458 3146/279/2733 3147/280/2734
f 458/72/457 459/73/458 3147/280/2734
f 458/72/457 3147/280/2734 3148/281/2735
f 3001/138/2615 3149/282/2736 255/24/255
f 3001/138/2615 255/24/255 3105/238/2704
f 2939/76/2553 458/72/457 3148/281/2735
f 2939/76/2553 3148/281/2735 3150/283/2737
f 3000/137/2614 3151/284/2738 3149/282/2736
f 3000/137/2614 3149/282/2736 3001/138/2615
f 2940/77/2554 2939/76/2553 3150/283/2737
f 2940/77/2554 3150/283/2737 3152/285/2739
f 3003/140/2617 3153/286/2740 3151/284/2738
f 3003/140/2617 3151/284/2738 3000/137/2614
f 3131/264/2720 2940/77/2554 3152/285/2739
f 3131/264/2720 3152/285/2739 3154/287/2741
f 3005/142/2619 3155/288/2742 3153/286/2740
f 3005/142/2619 3153/286/2740 3003/140/2617
f 3132/265/2721 3131/264/2720 3154/287/2741
f 3132/265/2721 3154/287/2741 3156/289/2743
f 3007/144/2621 3157/290/2744 3155/288/2742
f 3007/144/2621 3155/288/2742 3005/142/2619
f 3133/266/2722 3132/265/2721 3156/289/2743
f 3133/266/2722 3156/289/2743 3158/291/2745
f 3009/146/2623 3159/292/2746 3157/290/2744
f 3009/146/2623 3157/290/2744 3007/144/2621
f 3134/267/2723 3133/266/2722 3158/291/2745
f 3134/267/2723 3158/291/2745 3160/293/2747
f 3011/148/2625 3161/294/2748 3159/292/2746
f 3011/148/2625 3159/292/2746 3009/146/2623
f 3135/268/2724 3134/267/2723 3160/293/2747
f 3135/268/2724 3160/293/2747 3162/295/2749
f 3013/150/2627 3163/296/2750 3161/294/2748
f 3013/150/2627 3161/294/2748 3011/148/2625
f 3136/269/2725 3135/268/2724 3162/295/2749
f 3136/269/2725 3162/295/2749 3164/297/2751
f 3059/196/2661 3165/298/2752 3163/296/2750
f 3059/196/2661 3163/296/2750 3013/150/2627
f 3075/212/2674 3136/269/2725 3164/297/2751
f 3075/212/2674 3164/297/2751 3166/299/2753
f 3062/199/2663 257/26/257 3165/298/2752
f 3062/199/2663 3165/298/2752 3059/196/2661
f 233/2/233 3075/212/2674 3166/299/2753
f 233/2/233 3166/299/2753 3167/300/2754
f 3109/242/2706 258/27/258 257/26/257
f 3109/242/2706 257/26/257 3062/199/2663
f 234/3/234 233/2/233 3167/300/2754
f 234/3/234 3167/300/2754 3168/301/2755
f 240/9/240 258/27/258 3109/242/2706
f 240/9/240 3109/242/2706 241/10/241
f 2998/135/2612 234/3/234 3168/301/2755
f 2998/135/2612 3168/301/2755 3169/302/2756
f 3081/70/2680 245/14/245 3170/303/2757
f 3081/70/2680 3170/303/2757 3171/304/2758
f 243/12/243 2998/135/2612 3169/302/2756
f 243/12/243 3169/302/2756 3172/305/2759
f 245/14/245 3077/32/2676 3145/278/2732
f 245/14/245 3145/278/2732 3170/303/2757
f 2997/134/2611 243/12/243 3172/305/2759
f 2997/134/2611 3172/305/2759 3146/279/2733
f 3173/306/2760 3174/307/2761 3175/308/2583
f 3173/306/2760 3175/308/2583 3176/309/2580
f 3174/307/2761 3177/310/2762 3178/311/2585
f 3174/307/2761 3178/311/2585 3175/308/2583
f 3177/310/2762 3179/312/2763 3180/313/2587
f 3177/310/2762 3180/313/2587 3178/311/2585
f 3179/312/2763 3181/314/2764 3182/315/2589
f 3179/312/2763 3182/315/2589 3180/313/2587
f 3181/314/2764 3183/316/2765 3184/317/2591
f 3181/314/2764 3184/317/2591 3182/315/2589
f 3183/316/2765 3185/318/2766 3186/319/2593
f 3183/316/2765 3186/319/2593 3184/317/2591
f 3185/318/2766 3187/320/2767 3188/321/2595
f 3185/318/2766 3188/321/2595 3186/319/2593
f 3187/320/2767 3189/322/2768 3190/323/2597
f 3187/320/2767 3190/323/2597 3188/321/2595
f 3189/322/2768 3191/324/2769 3192/325/2599
f 3189/322/2768 3192/325/2599 3190/323/2597
f 3191/324/2769 3193/326/2770 3194/327/2601
f 3191/324/2769 3194/327/2601 3192/325/2599
f 3193/326/2770 3195/328/2771 3196/329/2603
f 3193/326/2770 3196/329/2603 3194/327/2601
f 3195/328/2771 3197/330/2772 3198/331/2605
f 3195/328/2771 3198/331/2605 3196/329/2603
f 3197/330/2772 3199/332/2773 3200/333/2607
f 3197/330/2772 3200/333/2607 3198/331/2605
f 3199/332/2773 3201/334/2774 3202/335/2609
f 3199/332/2773 3202/335/2609 3200/333/2607
f 3201/334/2774 3203/336/2775 3204/337/2579
f 3201/334/2774 3204/337/2579 3202/335/2609
f 3203/336/2775 3173/306/2760 3176/309/2580
f 3203/336/2775 3176/309/2580 3204/337/2579
f 2968/105/2582 2967/104/2581 3147/280/2734
f 2968/105/2582 3147/280/2734 3146/279/2733
f 2996/133/2610 2968/105/2582 3146/279/2733
f 2996/133/2610 3146/279/2733 3172/305/2759
f 2994/131/2608 2996/133/2610 3172/305/2759
f 2994/131/2608 3172/305/2759 3169/302/2756
f 2992/129/2606 2994/131/2608 3169/302/2756
f 2992/129/2606 3169/302/2756 3168/301/2755
f 2990/127/2604 2992/129/2606 3168/301/2755
f 2990/127/2604 3168/301/2755 3167/300/2754
f 2988/125/2602 2990/127/2604 3167/300/2754
f 2988/125/2602 3167/300/2754 3166/299/2753
f 2986/123/2600 2988/125/2602 3166/299/2753
f 2986/123/2600 3166/299/2753 3164/297/2751
f 2984/121/2598 2986/123/2600 3164/297/2751
f 2984/121/2598 3164/297/2751 3162/295/2749
f 2982/119/2596 2984/121/2598 3162/295/2749
f 2982/119/2596 3162/295/2749 3160/293/2747
f 2980/117/2594 2982/119/2596 3160/293/2747
f 2980/117/2594 3160/293/2747 3158/291/2745
f 2978/115/2592 2980/117/2594 3158/291/2745
f 2978/115/2592 3158/291/2745 3156/289/2743
f 2976/113/2590 2978/115/2592 3156/289/2743
f 2976/113/2590 3156/289/2743 3154/287/2741
f 2974/111/2588 2976/113/2590 3154/287/2741
f 2974/111/2588 3154/287/2741 3152/285/2739
f 2972/109/2586 2974/111/2588 3152/285/2739
f 2972/109/2586 3152/285/2739 3150/283/2737
f 2970/107/2584 2972/109/2586 3150/283/2737
f 2970/107/2584 3150/283/2737 3148/281/2735
f 2967/104/2581 2970/107/2584 3148/281/2735
f 2967/104/2581 3148/281/2735 3147/280/2734
f 256/25/256 255/24/255 3174/307/2761
f 256/25/256 3174/307/2761 3173/306/2760
f 255/24/255 3149/282/2736 3177/310/2762
f 255/24/255 3177/310/2762 3174/307/2761
f 3149/282/2736 3151/284/2738 3179/312/2763
f 3149/282/2736 3179/312/2763 3177/310/2762
f 3151/284/2738 3153/286/2740 3181/314/2764
f 3151/284/2738 3181/314/2764 3179/312/2763
f 3153/286/2740 3155/288/2742 3183/316/2765
f 3153/286/2740 3183/316/2765 3181/314/2764
f 3155/288/2742 3157/290/2744 3185/318/2766
f 3155/288/2742 3185/318/2766 3183/316/2765
f 3157/290/2744 3159/292/2746 3187/320/2767
f 3157/290/2744 3187/320/2767 3185/318/2766
f 3159/292/2746 3161/294/2748 3189/322/2768
f 3159/292/2746 3189/322/2768 3187/320/2767
f 3161/294/2748 3163/296/2750 3191/324/2769
f 3161/294/2748 3191/324/2769 3189/322/2768
f 3163/296/2750 3165/298/2752 3193/326/2770
f 3163/296/2750 3193/326/2770 3191/324/2769
f 3165/298/2752 257/26/257 3195/328/2771
f 3165/298/2752 3195/328/2771 3193/326/2770
f 257/26/257 259/28/259 3197/330/2772
f 257/26/257 3197/330/2772 3195/328/2771
f 259/28/259 3171/304/2758 3199/332/2773
f 259/28/259 3199/332/2773 3197/330/2772
f 3171/304/2758 3170/303/2757 3201/334/2774
f 3171/304/2758 3201/334/2774 3199/332/2773
f 3170/303/2757 3145/278/2732 3203/336/2775
f 3170/303/2757 3203/336/2775 3201/334/2774
f 3145/278/2732 256/25/256 3173/306/2760
f 3145/278/2732 3173/306/2760 3203/336/2775
f 3054/191/2658 254/23/254 251/20/251
f 3054/191/2658 251/20/251 253/22/253
f 251/20/251 254/23/254 3077/32/2676
f 251/20/251 3077/32/2676 3076/31/2675
f 3081/70/2680 3171/304/2758 259/28/259
f 3081/70/2680 259/28/259 258/27/258
f 3081/70/2680 258/27/258 240/9/240
f 3081/70/2680 240/9/240 3082/29/2681
f 3105/238/2704 255/24/255 254/23/254
f 3105/238/2704 254/23/254 3054/191/2658
f 3205/74/2776 3206/75/2777 3207/76/2778
f 3205/74/2776 3207/76/2778 3208/77/2779
f 3205/74/2776 3209/78/2780 3210/79/2781
f 3205/74/2776 3210/79/2781 3211/80/2782
f 3209/78/2780 3212/81/2783 3213/82/2784
f 3209/78/2780 3213/82/2784 3210/79/2781
f 3212/81/2783 3214/83/2785 3215/84/2786
f 3212/81/2783 3215/84/2786 3213/82/2784
f 3214/83/2785 3216/85/2787 3217/86/2788
f 3214/83/2785 3217/86/2788 3215/84/2786
f 3216/85/2787 3218/87/2789 3219/88/2790
f 3216/85/2787 3219/88/2790 3217/86/2788
f 3218/87/2789 3220/89/2791 3221/90/2792
f 3218/87/2789 3221/90/2792 3219/88/2790
f 3221/90/2792 3220/89/2791 3222/91/2793
f 3221/90/2792 3222/91/2793 3223/92/2794
f 3211/80/2782 3224/93/2795 3225/94/2796
f 3211/80/2782 3225/94/2796 3226/95/2797
f 3213/82/2784 3227/96/2798 3228/97/2799
f 3213/82/2784 3228/97/2799 3210/79/2781
f 3217/86/2788 3229/98/2800 3230/99/2801
f 3217/86/2788 3230/99/2801 3215/84/2786
f 3221/90/2792 3231/100/2802 3232/101/2803
f 3221/90/2792 3232/101/2803 3219/88/2790
f 3233/102/2804 3234/103/2805 3235/104/2806
f 3233/102/2804 3235/104/2806 3236/105/2807
f 3234/103/2805 3237/106/2808 3238/107/2809
f 3234/103/2805 3238/107/2809 3235/104/2806
f 3237/106/2808 3239/108/2810 3240/109/2811
f 3237/106/2808 3240/109/2811 3238/107/2809
f 3239/108/2810 3241/110/2812 3242/111/2813
f 3239/108/2810 3242/111/2813 3240/109/2811
f 3241/110/2812 3243/112/2814 3244/113/2815
f 3241/110/2812 3244/113/2815 3242/111/2813
f 3243/112/2814 3245/114/2816 3246/115/2817
f 3243/112/2814 3246/115/2817 3244/113/2815
f 3245/114/2816 3247/116/2818 3248/117/2819
f 3245/114/2816 3248/117/2819 3246/115/2817
f 3247/116/2818 3249/118/2820 3250/119/2821
f 3247/116/2818 3250/119/2821 3248/117/2819
f 3249/118/2820 3251/120/2822 3252/121/2823
f 3249/118/2820 3252/121/2823 3250/119/2821
f 3251/120/2822 3253/122/2824 3254/123/2825
f 3251/120/2822 3254/123/2825 3252/121/2823
f 3253/122/2824 3255/124/2826 3256/125/2827
f 3253/122/2824 3256/125/2827 3254/123/2825
f 3255/124/2826 3257/126/2828 3258/127/2829
f 3255/124/2826 3258/127/2829 3256/125/2827
f 3257/126/2828 3259/128/2830 3260/129/2831
f 3257/126/2828 3260/129/2831 3258/127/2829
f 3259/128/2830 3261/130/2832 3262/131/2833
f 3259/128/2830 3262/131/2833 3260/129/2831
f 3261/130/2832 3263/132/2834 3264/133/2835
f 3261/130/2832 3264/133/2835 3262/131/2833
f 3263/132/2834 3233/102/2804 3236/105/2807
f 3263/132/2834 3236/105/2807 3264/133/2835
f 3265/134/2836 463/73/462 460/71/459
f 3265/134/2836 460/71/459 461/30/460
f 262/3/262 3266/135/2837 264/5/264
f 262/3/262 264/5/264 260/1/260
f 3267/136/2838 3268/137/2839 3269/138/2840
f 3267/136/2838 3269/138/2840 3270/139/2841
f 3271/140/2842 3268/137/2839 3267/136/2838
f 3271/140/2842 3267/136/2838 3272/141/2843
f 3273/142/2844 3271/140/2842 3272/141/2843
f 3273/142/2844 3272/141/2843 3274/143/2845
f 3275/144/2846 3273/142/2844 3274/143/2845
f 3275/144/2846 3274/143/2845 3276/145/2847
f 3277/146/2848 3275/144/2846 3276/145/2847
f 3277/146/2848 3276/145/2847 3278/147/2849
f 3279/148/2850 3277/146/2848 3278/147/2849
f 3279/148/2850 3278/147/2849 3280/149/2851
f 3281/150/2852 3279/148/2850 3280/149/2851
f 3281/150/2852 3280/149/2851 3282/151/2853
f 3283/152/2854 3284/153/2855 3285/154/2856
f 3283/152/2854 3285/154/2856 3223/92/2794
f 3225/94/2796 3286/155/2857 3287/156/2858
f 3225/94/2796 3287/156/2858 3226/95/2797
f 3288/157/2859 3289/158/2843 3290/159/2838
f 3288/157/2859 3290/159/2838 3291/160/2860
f 3291/160/2860 3290/159/2838 3292/161/2841
f 3291/160/2860 3292/161/2841 3293/162/2861
f 3294/163/2861 3295/164/2841 3296/165/2862
f 3294/163/2861 3296/165/2862 3297/166/2863
f 3298/167/2847 3299/168/2845 3300/169/2864
f 3298/167/2847 3300/169/2864 3301/170/2865
f 3299/168/2845 3289/158/2843 3288/157/2859
f 3299/168/2845 3288/157/2859 3300/169/2864
f 3302/171/2851 3303/172/2849 3304/173/2866
f 3302/171/2851 3304/173/2866 3305/174/2867
f 3303/172/2849 3298/167/2847 3301/170/2865
f 3303/172/2849 3301/170/2865 3304/173/2866
f 3306/175/2868 3307/176/2869 3308/177/2870
f 3306/175/2868 3308/177/2870 3309/178/2871
f 3309/178/2871 3308/177/2870 3310/179/2853
f 3309/178/2871 3310/179/2853 3311/180/2872
f 3310/179/2853 3302/171/2851 3305/174/2867
f 3310/179/2853 3305/174/2867 3311/180/2872
f 3312/181/2873 3313/182/2874 3314/183/2875
f 3312/181/2873 3314/183/2875 3315/184/2876
f 3316/185/2877 3317/186/2878 3318/187/2879
f 3316/185/2877 3318/187/2879 3319/188/2880
f 281/22/281 3320/189/2881 3321/190/2882
f 281/22/281 3321/190/2882 3322/191/2883
f 3323/192/2881 3324/193/2884 3325/194/2885
f 3323/192/2881 3325/194/2885 3326/195/2882
f 3327/196/2886 3328/197/2870 3329/198/2887
f 3327/196/2886 3329/198/2887 3330/199/2888
f 3331/200/2870 3316/185/2877 3332/201/2889
f 3331/200/2870 3332/201/2889 3333/202/2887
f 3334/203/2890 3335/204/2891 3226/95/2797
f 3334/203/2890 3226/95/2797 3287/156/2858
f 3335/204/2891 3336/205/2892 3206/75/2777
f 3335/204/2891 3206/75/2777 3226/95/2797
f 270/11/270 3337/206/2893 3338/207/2894
f 270/11/270 3338/207/2894 265/6/265
f 3337/206/2893 3339/208/2895 3340/209/2896
f 3337/206/2893 3340/209/2896 3338/207/2894
f 460/71/459 3341/210/2897 278/19/278
f 460/71/459 278/19/278 277/18/277
f 462/72/461 3336/205/2892 3341/210/2897
f 462/72/461 3341/210/2897 460/71/459
f 3206/75/2777 3336/205/2892 462/72/461
f 3206/75/2777 462/72/461 3207/76/2778
f 261/2/261 3342/211/2898 3222/91/2793
f 261/2/261 3222/91/2793 3343/212/2899
f 271/12/271 3265/134/2836 461/30/460
f 271/12/271 461/30/460 272/13/272
f 273/14/273 275/16/275 3344/31/2900
f 273/14/273 3344/31/2900 3345/32/2901
f 3340/209/2896 3346/213/2902 3347/214/2903
f 3340/209/2896 3347/214/2903 3348/215/2904
f 272/13/272 461/30/460 277/18/277
f 272/13/272 277/18/277 276/17/276
f 3266/135/2837 271/12/271 270/11/270
f 3266/135/2837 270/11/270 264/5/264
f 3349/70/2905 3350/29/2906 274/15/274
f 3349/70/2905 274/15/274 273/14/273
f 3351/216/2907 3352/217/2908 3353/218/2909
f 3351/216/2907 3353/218/2909 3354/219/2910
f 3344/31/2900 275/16/275 280/21/280
f 3344/31/2900 280/21/280 279/20/279
f 3353/218/2909 3355/220/2911 3339/208/2895
f 3353/218/2909 3339/208/2895 3354/219/2910
f 3356/221/2912 3352/217/2908 3351/216/2907
f 3356/221/2912 3351/216/2907 3357/222/2913
f 264/5/264 270/11/270 265/6/265
f 264/5/264 265/6/265 263/4/263
f 3339/208/2895 3355/220/2911 3346/213/2902
f 3339/208/2895 3346/213/2902 3340/209/2896
f 274/15/274 3350/29/2906 268/9/268
f 274/15/274 268/9/268 267/8/267
f 3347/214/2903 3358/223/2914 3359/224/2915
f 3347/214/2903 3359/224/2915 3348/215/2904
f 3358/223/2914 3360/225/2916 3361/226/2917
f 3358/223/2914 3361/226/2917 3359/224/2915
f 3360/225/2916 3319/188/2880 3283/152/2854
f 3360/225/2916 3283/152/2854 3361/226/2917
f 3315/184/2876 3362/227/2918 3334/203/2890
f 3315/184/2876 3334/203/2890 3287/156/2858
f 3362/227/2918 3363/228/2919 3364/229/2920
f 3362/227/2918 3364/229/2920 3334/203/2890
f 3363/228/2919 3356/221/2912 3357/222/2913
f 3363/228/2919 3357/222/2913 3364/229/2920
f 3324/193/2884 3365/230/2921 3352/217/2908
f 3324/193/2884 3352/217/2908 3356/221/2912
f 3353/218/2909 3352/217/2908 3365/230/2921
f 3353/218/2909 3365/230/2921 3366/231/2922
f 3367/232/2923 3355/220/2911 3353/218/2909
f 3367/232/2923 3353/218/2909 3366/231/2922
f 3346/213/2902 3355/220/2911 3367/232/2923
f 3346/213/2902 3367/232/2923 3368/233/2924
f 3347/214/2903 3346/213/2902 3368/233/2924
f 3347/214/2903 3368/233/2924 3369/234/2925
f 3369/234/2925 3370/235/2926 3358/223/2914
f 3369/234/2925 3358/223/2914 3347/214/2903
f 3370/235/2926 3332/201/2889 3360/225/2916
f 3370/235/2926 3360/225/2916 3358/223/2914
f 3332/201/2889 3316/185/2877 3319/188/2880
f 3332/201/2889 3319/188/2880 3360/225/2916
f 3314/183/2875 3371/236/2927 3362/227/2918
f 3314/183/2875 3362/227/2918 3315/184/2876
f 3371/236/2927 3325/194/2885 3363/228/2919
f 3371/236/2927 3363/228/2919 3362/227/2918
f 3325/194/2885 3324/193/2884 3356/221/2912
f 3325/194/2885 3356/221/2912 3363/228/2919
f 3322/191/2883 3321/190/2882 3372/237/2928
f 3322/191/2883 3372/237/2928 3373/238/2929
f 3326/195/2882 3325/194/2885 3371/236/2927
f 3326/195/2882 3371/236/2927 3374/239/2928
f 3373/238/2929 3372/237/2928 3270/139/2841
f 3373/238/2929 3270/139/2841 3269/138/2840
f 3374/239/2928 3371/236/2927 3314/183/2875
f 3374/239/2928 3314/183/2875 3375/240/2841
f 3330/199/2888 3329/198/2887 3376/241/2930
f 3330/199/2888 3376/241/2930 3377/242/2931
f 3333/202/2887 3332/201/2889 3370/235/2926
f 3333/202/2887 3370/235/2926 3378/243/2930
f 3377/242/2931 3376/241/2930 3379/244/2932
f 3377/242/2931 3379/244/2932 269/10/269
f 3378/243/2930 3370/235/2926 3369/234/2925
f 3378/243/2930 3369/234/2925 3380/245/2932
f 269/10/269 3379/244/2932 3381/246/2933
f 269/10/269 3381/246/2933 267/8/267
f 3380/245/2932 3369/234/2925 3368/233/2924
f 3380/245/2932 3368/233/2924 3382/247/2933
f 3324/193/2884 3323/192/2881 3383/248/2934
f 3324/193/2884 3383/248/2934 3365/230/2921
f 3320/189/2881 281/22/281 280/21/280
f 3320/189/2881 280/21/280 3384/249/2934
f 3341/210/2897 3385/250/2935 3386/251/2936
f 3341/210/2897 3386/251/2936 278/19/278
f 3385/250/2935 3364/229/2920 3357/222/2913
f 3385/250/2935 3357/222/2913 3386/251/2936
f 278/19/278 3386/251/2936 3387/252/2937
f 278/19/278 3387/252/2937 276/17/276
f 3386/251/2936 3357/222/2913 3351/216/2907
f 3386/251/2936 3351/216/2907 3387/252/2937
f 3364/229/2920 3385/250/2935 3335/204/2891
f 3364/229/2920 3335/204/2891 3334/203/2890
f 3385/250/2935 3341/210/2897 3336/205/2892
f 3385/250/2935 3336/205/2892 3335/204/2891
f 3283/152/2854 3223/92/2794 3388/253/2938
f 3283/152/2854 3388/253/2938 3361/226/2917
f 3223/92/2794 3222/91/2793 3342/211/2898
f 3223/92/2794 3342/211/2898 3388/253/2938
f 3361/226/2917 3388/253/2938 3389/254/2939
f 3361/226/2917 3389/254/2939 3359/224/2915
f 3388/253/2938 3342/211/2898 3390/255/2940
f 3388/253/2938 3390/255/2940 3389/254/2939
f 3359/224/2915 3389/254/2939 3391/256/2941
f 3359/224/2915 3391/256/2941 3348/215/2904
f 3389/254/2939 3390/255/2940 266/7/266
f 3389/254/2939 266/7/266 3391/256/2941
f 3339/208/2895 3337/206/2893 3392/257/2942
f 3339/208/2895 3392/257/2942 3354/219/2910
f 3337/206/2893 270/11/270 272/13/272
f 3337/206/2893 272/13/272 3392/257/2942
f 3348/215/2904 3391/256/2941 3338/207/2894
f 3348/215/2904 3338/207/2894 3340/209/2896
f 3391/256/2941 266/7/266 265/6/265
f 3391/256/2941 265/6/265 3338/207/2894
f 274/15/274 3393/258/2943 3394/259/2944
f 274/15/274 3394/259/2944 275/16/275
f 3395/260/2943 3367/232/2923 3366/231/2922
f 3395/260/2943 3366/231/2922 3396/261/2944
f 3367/232/2923 3395/260/2943 3382/247/2933
f 3367/232/2923 3382/247/2933 3368/233/2924
f 3393/258/2943 274/15/274 267/8/267
f 3393/258/2943 267/8/267 3381/246/2933
f 276/17/276 3387/252/2937 3392/257/2942
f 276/17/276 3392/257/2942 272/13/272
f 3387/252/2937 3351/216/2907 3354/219/2910
f 3387/252/2937 3354/219/2910 3392/257/2942
f 3365/230/2921 3383/248/2934 3397/262/2944
f 3365/230/2921 3397/262/2944 3366/231/2922
f 3384/249/2934 280/21/280 275/16/275
f 3384/249/2934 275/16/275 3394/259/2944
f 3316/185/2877 3331/200/2870 3398/263/2869
f 3316/185/2877 3398/263/2869 3317/186/2878
f 3327/196/2886 3281/150/2852 3282/151/2853
f 3327/196/2886 3282/151/2853 3328/197/2870
f 3209/78/2780 3205/74/2776 3208/77/2779
f 3209/78/2780 3208/77/2779 3399/264/2945
f 3212/81/2783 3209/78/2780 3399/264/2945
f 3212/81/2783 3399/264/2945 3400/265/2946
f 3214/83/2785 3212/81/2783 3400/265/2946
f 3214/83/2785 3400/265/2946 3401/266/2947
f 3216/85/2787 3214/83/2785 3401/266/2947
f 3216/85/2787 3401/266/2947 3402/267/2948
f 3218/87/2789 3216/85/2787 3402/267/2948
f 3218/87/2789 3402/267/2948 3403/268/2949
f 3220/89/2791 3218/87/2789 3403/268/2949
f 3220/89/2791 3403/268/2949 3404/269/2950
f 3206/75/2777 3205/74/2776 3211/80/2782
f 3206/75/2777 3211/80/2782 3226/95/2797
f 3222/91/2793 3220/89/2791 3404/269/2950
f 3222/91/2793 3404/269/2950 3343/212/2899
f 3319/188/2880 3318/187/2879 3284/153/2855
f 3319/188/2880 3284/153/2855 3283/152/2854
f 3286/155/2857 3312/181/2873 3315/184/2876
f 3286/155/2857 3315/184/2876 3287/156/2858
f 3314/183/2875 3313/182/2874 3405/270/2862
f 3314/183/2875 3405/270/2862 3375/240/2841
f 3406/271/2951 3312/181/2873 3286/155/2857
f 3406/271/2951 3286/155/2857 3407/272/2952
f 3408/273/2953 3313/182/2874 3312/181/2873
f 3408/273/2953 3312/181/2873 3406/271/2951
f 3405/270/2862 3313/182/2874 3408/273/2953
f 3405/270/2862 3408/273/2953 3409/274/2954
f 3296/165/2862 3410/275/2954 3411/276/2955
f 3296/165/2862 3411/276/2955 3297/166/2863
f 3411/276/2955 3410/275/2954 3307/176/2869
f 3411/276/2955 3307/176/2869 3306/175/2868
f 3317/186/2878 3398/263/2869 3409/274/2954
f 3317/186/2878 3409/274/2954 3408/273/2953
f 3318/187/2879 3317/186/2878 3408/273/2953
f 3318/187/2879 3408/273/2953 3406/271/2951
f 3284/153/2855 3318/187/2879 3406/271/2951
f 3284/153/2855 3406/271/2951 3407/272/2952
f 3285/154/2856 3284/153/2855 3407/272/2952
f 3285/154/2856 3407/272/2952 3412/277/2956
f 3412/277/2956 3232/101/2803 3231/100/2802
f 3412/277/2956 3231/100/2802 3285/154/2856
f 3412/277/2956 3230/99/2801 3229/98/2800
f 3412/277/2956 3229/98/2800 3232/101/2803
f 3412/277/2956 3228/97/2799 3227/96/2798
f 3412/277/2956 3227/96/2798 3230/99/2801
f 3225/94/2796 3224/93/2795 3228/97/2799
f 3225/94/2796 3228/97/2799 3412/277/2956
f 3412/277/2956 3407/272/2952 3286/155/2857
f 3412/277/2956 3286/155/2857 3225/94/2796
f 3211/80/2782 3210/79/2781 3228/97/2799
f 3211/80/2782 3228/97/2799 3224/93/2795
f 3230/99/2801 3227/96/2798 3213/82/2784
f 3230/99/2801 3213/82/2784 3215/84/2786
f 3232/101/2803 3229/98/2800 3217/86/2788
f 3232/101/2803 3217/86/2788 3219/88/2790
f 3285/154/2856 3231/100/2802 3221/90/2792
f 3285/154/2856 3221/90/2792 3223/92/2794
f 3345/32/2901 282/23/282 284/25/284
f 3345/32/2901 284/25/284 3413/278/2957
f 463/73/462 3265/134/2836 3414/279/2958
f 463/73/462 3414/279/2958 3415/280/2959
f 462/72/461 463/73/462 3415/280/2959
f 462/72/461 3415/280/2959 3416/281/2960
f 3269/138/2840 3417/282/2961 283/24/283
f 3269/138/2840 283/24/283 3373/238/2929
f 3207/76/2778 462/72/461 3416/281/2960
f 3207/76/2778 3416/281/2960 3418/283/2962
f 3268/137/2839 3419/284/2963 3417/282/2961
f 3268/137/2839 3417/282/2961 3269/138/2840
f 3208/77/2779 3207/76/2778 3418/283/2962
f 3208/77/2779 3418/283/2962 3420/285/2964
f 3271/140/2842 3421/286/2965 3419/284/2963
f 3271/140/2842 3419/284/2963 3268/137/2839
f 3399/264/2945 3208/77/2779 3420/285/2964
f 3399/264/2945 3420/285/2964 3422/287/2966
f 3273/142/2844 3423/288/2967 3421/286/2965
f 3273/142/2844 3421/286/2965 3271/140/2842
f 3400/265/2946 3399/264/2945 3422/287/2966
f 3400/265/2946 3422/287/2966 3424/289/2968
f 3275/144/2846 3425/290/2969 3423/288/2967
f 3275/144/2846 3423/288/2967 3273/142/2844
f 3401/266/2947 3400/265/2946 3424/289/2968
f 3401/266/2947 3424/289/2968 3426/291/2970
f 3277/146/2848 3427/292/2971 3425/290/2969
f 3277/146/2848 3425/290/2969 3275/144/2846
f 3402/267/2948 3401/266/2947 3426/291/2970
f 3402/267/2948 3426/291/2970 3428/293/2972
f 3279/148/2850 3429/294/2973 3427/292/2971
f 3279/148/2850 3427/292/2971 3277/146/2848
f 3403/268/2949 3402/267/2948 3428/293/2972
f 3403/268/2949 3428/293/2972 3430/295/2974
f 3281/150/2852 3431/296/2975 3429/294/2973
f 3281/150/2852 3429/294/2973 3279/148/2850
f 3404/269/2950 3403/268/2949 3430/295/2974
f 3404/269/2950 3430/295/2974 3432/297/2976
f 3327/196/2886 3433/298/2977 3431/296/2975
f 3327/196/2886 3431/296/2975 3281/150/2852
f 3343/212/2899 3404/269/2950 3432/297/2976
f 3343/212/2899 3432/297/2976 3434/299/2978
f 3330/199/2888 285/26/285 3433/298/2977
f 3330/199/2888 3433/298/2977 3327/196/2886
f 261/2/261 3343/212/2899 3434/299/2978
f 261/2/261 3434/299/2978 3435/300/2979
f 3377/242/2931 286/27/286 285/26/285
f 3377/242/2931 285/26/285 3330/199/2888
f 262/3/262 261/2/261 3435/300/2979
f 262/3/262 3435/300/2979 3436/301/2980
f 268/9/268 286/27/286 3377/242/2931
f 268/9/268 3377/242/2931 269/10/269
f 3266/135/2837 262/3/262 3436/301/2980
f 3266/135/2837 3436/301/2980 3437/302/2981
f 3349/70/2905 273/14/273 3438/303/2982
f 3349/70/2905 3438/303/2982 3439/304/2983
f 271/12/271 3266/135/2837 3437/302/2981
f 271/12/271 3437/302/2981 3440/305/2984
f 273/14/273 3345/32/2901 3413/278/2957
f 273/14/273 3413/278/2957 3438/303/2982
f 3265/134/2836 271/12/271 3440/305/2984
f 3265/134/2836 3440/305/2984 3414/279/2958
f 3441/306/2985 3442/307/2986 3443/308/2808
f 3441/306/2985 3443/308/2808 3444/309/2805
f 3442/307/2986 3445/310/2987 3446/311/2810
f 3442/307/2986 3446/311/2810 3443/308/2808
f 3445/310/2987 3447/312/2988 3448/313/2812
f 3445/310/2987 3448/313/2812 3446/311/2810
f 3447/312/2988 3449/314/2989 3450/315/2814
f 3447/312/2988 3450/315/2814 3448/313/2812
f 3449/314/2989 3451/316/2990 3452/317/2816
f 3449/314/2989 3452/317/2816 3450/315/2814
f 3451/316/2990 3453/318/2991 3454/319/2818
f 3451/316/2990 3454/319/2818 3452/317/2816
f 3453/318/2991 3455/320/2992 3456/321/2820
f 3453/318/2991 3456/321/2820 3454/319/2818
f 3455/320/2992 3457/322/2993 3458/323/2822
f 3455/320/2992 3458/323/2822 3456/321/2820
f 3457/322/2993 3459/324/2994 3460/325/2824
f 3457/322/2993 3460/325/2824 3458/323/2822
f 3459/324/2994 3461/326/2995 3462/327/2826
f 3459/324/2994 3462/327/2826 3460/325/2824
f 3461/326/2995 3463/328/2996 3464/329/2828
f 3461/326/2995 3464/329/2828 3462/327/2826
f 3463/328/2996 3465/330/2997 3466/331/2830
f 3463/328/2996 3466/331/2830 3464/329/2828
f 3465/330/2997 3467/332/2998 3468/333/2832
f 3465/330/2997 3468/333/2832 3466/331/2830
f 3467/332/2998 3469/334/2999 3470/335/2834
f 3467/332/2998 3470/335/2834 3468/333/2832
f 3469/334/2999 3471/336/3000 3472/337/2804
f 3469/334/2999 3472/337/2804 3470/335/2834
f 3471/336/3000 3441/306/2985 3444/309/2805
f 3471/336/3000 3444/309/2805 3472/337/2804
f 3236/105/2807 3235/104/2806 3415/280/2959
f 3236/105/2807 3415/280/2959 3414/279/2958
f 3264/133/2835 3236/105/2807 3414/279/2958
f 3264/133/2835 3414/279/2958 3440/305/2984
f 3262/131/2833 3264/133/2835 3440/305/2984
f 3262/131/2833 3440/305/2984 3437/302/2981
f 3260/129/2831 3262/131/2833 3437/302/2981
f 3260/129/2831 3437/302/2981 3436/301/2980
f 3258/127/2829 3260/129/2831 3436/301/2980
f 3258/127/2829 3436/301/2980 3435/300/2979
f 3256/125/2827 3258/127/2829 3435/300/2979
f 3256/125/2827 3435/300/2979 3434/299/2978
f 3254/123/2825 3256/125/2827 3434/299/2978
f 3254/123/2825 3434/299/2978 3432/297/2976
f 3252/121/2823 3254/123/2825 3432/297/2976
f 3252/121/2823 3432/297/2976 3430/295/2974
f 3250/119/2821 3252/121/2823 3430/295/2974
f 3250/119/2821 3430/295/2974 3428/293/2972
f 3248/117/2819 3250/119/2821 3428/293/2972
f 3248/117/2819 3428/293/2972 3426/291/2970
f 3246/115/2817 3248/117/2819 3426/291/2970
f 3246/115/2817 3426/291/2970 3424/289/2968
f 3244/113/2815 3246/115/2817 3424/289/2968
f 3244/113/2815 3424/289/2968 3422/287/2966
f 3242/111/2813 3244/113/2815 3422/287/2966
f 3242/111/2813 3422/287/2966 3420/285/2964
f 3240/109/2811 3242/111/2813 3420/285/2964
f 3240/109/2811 3420/285/2964 3418/283/2962
f 3238/107/2809 3240/109/2811 3418/283/2962
f 3238/107/2809 3418/283/2962 3416/281/2960
f 3235/104/2806 3238/107/2809 3416/281/2960
f 3235/104/2806 3416/281/2960 3415/280/2959
f 284/25/284 283/24/283 3442/307/2986
f 284/25/284 3442/307/2986 3441/306/2985
f 283/24/283 3417/282/2961 3445/310/2987
f 283/24/283 3445/310/2987 3442/307/2986
f 3417/282/2961 3419/284/2963 3447/312/2988
f 3417/282/2961 3447/312/2988 3445/310/2987
f 3419/284/2963 3421/286/2965 3449/314/2989
f 3419/284/2963 3449/314/2989 3447/312/2988
f 3421/286/2965 3423/288/2967 3451/316/2990
f 3421/286/2965 3451/316/2990 3449/314/2989
f 3423/288/2967 3425/290/2969 3453/318/2991
f 3423/288/2967 3453/318/2991 3451/316/2990
f 3425/290/2969 3427/292/2971 3455/320/2992
f 3425/290/2969 3455/320/2992 3453/318/2991
f 3427/292/2971 3429/294/2973 3457/322/2993
f 3427/292/2971 3457/322/2993 3455/320/2992
f 3429/294/2973 3431/296/2975 3459/324/2994
f 3429/294/2973 3459/324/2994 3457/322/2993
f 3431/296/2975 3433/298/2977 3461/326/2995
f 3431/296/2975 3461/326/2995 3459/324/2994
f 3433/298/2977 285/26/285 3463/328/2996
f 3433/298/2977 3463/328/2996 3461/326/2995
f 285/26/285 287/28/287 3465/330/2997
f 285/26/285 3465/330/2997 3463/328/2996
f 287/28/287 3439/304/2983 3467/332/2998
f 287/28/287 3467/332/2998 3465/330/2997
f 3439/304/2983 3438/303/2982 3469/334/2999
f 3439/304/2983 3469/334/2999 3467/332/2998
f 3438/303/2982 3413/278/2957 3471/336/3000
f 3438/303/2982 3471/336/3000 3469/334/2999
f 3413/278/2957 284/25/284 3441/306/2985
f 3413/278/2957 3441/306/2985 3471/336/3000
f 3322/191/2883 282/23/282 279/20/279
f 3322/191/2883 279/20/279 281/22/281
f 279/20/279 282/23/282 3345/32/2901
f 279/20/279 3345/32/2901 3344/31/2900
f 3349/70/2905 3439/304/2983 287/28/287
f 3349/70/2905 287/28/287 286/27/286
f 3349/70/2905 286/27/286 268/9/268
f 3349/70/2905 268/9/268 3350/29/2906
f 3373/238/2929 283/24/283 282/23/282
f 3373/238/2929 282/23/282 3322/191/2883
f 3473/74/3001 3474/75/3002 3475/76/3003
f 3473/74/3001 3475/76/3003 3476/77/3004
f 3473/74/3001 3477/78/3005 3478/79/3006
f 3473/74/3001 3478/79/3006 3479/80/3007
f 3477/78/3005 3480/81/3008 3481/82/3009
f 3477/78/3005 3481/82/3009 3478/79/3006
f 3480/81/3008 3482/83/3010 3483/84/3011
f 3480/81/3008 3483/84/3011 3481/82/3009
f 3482/83/3010 3484/85/3012 3485/86/3013
f 3482/83/3010 3485/86/3013 3483/84/3011
f 3484/85/3012 3486/87/3014 3487/88/3015
f 3484/85/3012 3487/88/3015 3485/86/3013
f 3486/87/3014 3488/89/3016 3489/90/3017
f 3486/87/3014 3489/90/3017 3487/88/3015
f 3489/90/3017 3488/89/3016 3490/91/3018
f 3489/90/3017 3490/91/3018 3491/92/3019
f 3479/80/3007 3492/93/3020 3493/94/3021
f 3479/80/3007 3493/94/3021 3494/95/3022
f 3481/82/3009 3495/96/3023 3496/97/3024
f 3481/82/3009 3496/97/3024 3478/79/3006
f 3485/86/3013 3497/98/3025 3498/99/3026
f 3485/86/3013 3498/99/3026 3483/84/3011
f 3489/90/3017 3499/100/3027 3500/101/3028
f 3489/90/3017 3500/101/3028 3487/88/3015
f 3501/102/3029 3502/103/3030 3503/104/3031
f 3501/102/3029 3503/104/3031 3504/105/3032
f 3502/103/3030 3505/106/3033 3506/107/3034
f 3502/103/3030 3506/107/3034 3503/104/3031
f 3505/106/3033 3507/108/3035 3508/109/3036
f 3505/106/3033 3508/109/3036 3506/107/3034
f 3507/108/3035 3509/110/3037 3510/111/3038
f 3507/108/3035 3510/111/3038 3508/109/3036
f 3509/110/3037 3511/112/3039 3512/113/3040
f 3509/110/3037 3512/113/3040 3510/111/3038
f 3511/112/3039 3513/114/3041 3514/115/3042
f 3511/112/3039 3514/115/3042 3512/113/3040
f 3513/114/3041 3515/116/3043 3516/117/3044
f 3513/114/3041 3516/117/3044 3514/115/3042
f 3515/116/3043 3517/118/3045 3518/119/3046
f 3515/116/3043 3518/119/3046 3516/117/3044
f 3517/118/3045 3519/120/3047 3520/121/3048
f 3517/118/3045 3520/121/3048 3518/119/3046
f 3519/120/3047 3521/122/3049 3522/123/3050
f 3519/120/3047 3522/123/3050 3520/121/3048
f 3521/122/3049 3523/124/3051 3524/125/3052
f 3521/122/3049 3524/125/3052 3522/123/3050
f 3523/124/3051 3525/126/3053 3526/127/3054
f 3523/124/3051 3526/127/3054 3524/125/3052
f 3525/126/3053 3527/128/3055 3528/129/3056
f 3525/126/3053 3528/129/3056 3526/127/3054
f 3527/128/3055 3529/130/3057 3530/131/3058
f 3527/128/3055 3530/131/3058 3528/129/3056
f 3529/130/3057 3531/132/3059 3532/133/3060
f 3529/130/3057 3532/133/3060 3530/131/3058
f 3531/132/3059 3501/102/3029 3504/105/3032
f 3531/132/3059 3504/105/3032 3532/133/3060
f 3533/134/3061 479/73/478 476/71/475
f 3533/134/3061 476/71/475 477/30/476
f 290/3/290 3534/135/3062 292/5/292
f 290/3/290 292/5/292 288/1/288
f 3535/136/3063 3536/137/3064 3537/138/3065
f 3535/136/3063 3537/138/3065 3538/139/3066
f 3539/140/3067 3536/137/3064 3535/136/3063
f 3539/140/3067 3535/136/3063 3540/141/3068
f 3541/142/3069 3539/140/3067 3540/141/3068
f 3541/142/3069 3540/141/3068 3542/143/3070
f 3543/144/3071 3541/142/3069 3542/143/3070
f 3543/144/3071 3542/143/3070 3544/145/3072
f 3545/146/3073 3543/144/3071 3544/145/3072
f 3545/146/3073 3544/145/3072 3546/147/3074
f 3547/148/3075 3545/146/3073 3546/147/3074
f 3547/148/3075 3546/147/3074 3548/149/3076
f 3549/150/3077 3547/148/3075 3548/149/3076
f 3549/150/3077 3548/149/3076 3550/151/3078
f 3551/152/3079 3552/153/3080 3553/154/3081
f 3551/152/3079 3553/154/3081 3491/92/3019
f 3493/94/3021 3554/155/3082 3555/156/3083
f 3493/94/3021 3555/156/3083 3494/95/3022
f 3556/157/3084 3557/158/3068 3558/159/3063
f 3556/157/3084 3558/159/3063 3559/160/3085
f 3559/160/3085 3558/159/3063 3560/161/3066
f 3559/160/3085 3560/161/3066 3561/162/3086
f 3562/163/3086 3563/164/3066 3564/165/3087
f 3562/163/3086 3564/165/3087 3565/166/3088
f 3566/167/3072 3567/168/3070 3568/169/3089
f 3566/167/3072 3568/169/3089 3569/170/3090
f 3567/168/3070 3557/158/3068 3556/157/3084
f 3567/168/3070 3556/157/3084 3568/169/3089
f 3570/171/3076 3571/172/3074 3572/173/3091
f 3570/171/3076 3572/173/3091 3573/174/3092
f 3571/172/3074 3566/167/3072 3569/170/3090
f 3571/172/3074 3569/170/3090 3572/173/3091
f 3574/175/3093 3575/176/3094 3576/177/3095
f 3574/175/3093 3576/177/3095 3577/178/3096
f 3577/178/3096 3576/177/3095 3578/179/3078
f 3577/178/3096 3578/179/3078 3579/180/3097
f 3578/179/3078 3570/171/3076 3573/174/3092
f 3578/179/3078 3573/174/3092 3579/180/3097
f 3580/181/3098 3581/182/3099 3582/183/3100
f 3580/181/3098 3582/183/3100 3583/184/3101
f 3584/185/3102 3585/186/3103 3586/187/3104
f 3584/185/3102 3586/187/3104 3587/188/3105
f 309/22/309 3588/189/3106 3589/190/3107
f 309/22/309 3589/190/3107 3590/191/3108
f 3591/192/3106 3592/193/3109 3593/194/3110
f 3591/192/3106 3593/194/3110 3594/195/3107
f 3595/196/3111 3596/197/3095 3597/198/3112
f 3595/196/3111 3597/198/3112 3598/199/3113
f 3599/200/3095 3584/185/3102 3600/201/3114
f 3599/200/3095 3600/201/3114 3601/202/3112
f 3602/203/3115 3603/204/3116 3494/95/3022
f 3602/203/3115 3494/95/3022 3555/156/3083
f 3603/204/3116 3604/205/3117 3474/75/3002
f 3603/204/3116 3474/75/3002 3494/95/3022
f 298/11/298 3605/206/3118 3606/207/3119
f 298/11/298 3606/207/3119 293/6/293
f 3605/206/3118 3607/208/3120 3608/209/3121
f 3605/206/3118 3608/209/3121 3606/207/3119
f 476/71/475 3609/210/3122 306/19/306
f 476/71/475 306/19/306 305/18/305
f 478/72/477 3604/205/3117 3609/210/3122
f 478/72/477 3609/210/3122 476/71/475
f 3474/75/3002 3604/205/3117 478/72/477
f 3474/75/3002 478/72/477 3475/76/3003
f 289/2/289 3610/211/3123 3490/91/3018
f 289/2/289 3490/91/3018 3611/212/3124
f 299/12/299 3533/134/3061 477/30/476
f 299/12/299 477/30/476 300/13/300
f 301/14/301 303/16/303 3612/31/3125
f 301/14/301 3612/31/3125 3613/32/3126
f 3608/209/3121 3614/213/3127 3615/214/3128
f 3608/209/3121 3615/214/3128 3616/215/3129
f 300/13/300 477/30/476 305/18/305
f 300/13/300 305/18/305 304/17/304
f 3534/135/3062 299/12/299 298/11/298
f 3534/135/3062 298/11/298 292/5/292
f 3617/70/3130 3618/29/3131 302/15/302
f 3617/70/3130 302/15/302 301/14/301
f 3619/216/3132 3620/217/3133 3621/218/3134
f 3619/216/3132 3621/218/3134 3622/219/3135
f 3612/31/3125 303/16/303 308/21/308
f 3612/31/3125 308/21/308 307/20/307
f 3621/218/3134 3623/220/3136 3607/208/3120
f 3621/218/3134 3607/208/3120 3622/219/3135
f 3624/221/3137 3620/217/3133 3619/216/3132
f 3624/221/3137 3619/216/3132 3625/222/3138
f 292/5/292 298/11/298 293/6/293
f 292/5/292 293/6/293 291/4/291
f 3607/208/3120 3623/220/3136 3614/213/3127
f 3607/208/3120 3614/213/3127 3608/209/3121
f 302/15/302 3618/29/3131 296/9/296
f 302/15/302 296/9/296 295/8/295
f 3615/214/3128 3626/223/3139 3627/224/3140
f 3615/214/3128 3627/224/3140 3616/215/3129
f 3626/223/3139 3628/225/3141 3629/226/3142
f 3626/223/3139 3629/226/3142 3627/224/3140
f 3628/225/3141 3587/188/3105 3551/152/3079
f 3628/225/3141 3551/152/3079 3629/226/3142
f 3583/184/3101 3630/227/3143 3602/203/3115
f 3583/184/3101 3602/203/3115 3555/156/3083
f 3630/227/3143 3631/228/3144 3632/229/3145
f 3630/227/3143 3632/229/3145 3602/203/3115
f 3631/228/3144 3624/221/3137 3625/222/3138
f 3631/228/3144 3625/222/3138 3632/229/3145
f 3592/193/3109 3633/230/3146 3620/217/3133
f 3592/193/3109 3620/217/3133 3624/221/3137
f 3621/218/3134 3620/217/3133 3633/230/3146
f 3621/218/3134 3633/230/3146 3634/231/3147
f 3635/232/3148 3623/220/3136 3621/218/3134
f 3635/232/3148 3621/218/3134 3634/231/3147
f 3614/213/3127 3623/220/3136 3635/232/3148
f 3614/213/3127 3635/232/3148 3636/233/3149
f 3615/214/3128 3614/213/3127 3636/233/3149
f 3615/214/3128 3636/233/3149 3637/234/3150
f 3637/234/3150 3638/235/3151 3626/223/3139
f 3637/234/3150 3626/223/3139 3615/214/3128
f 3638/235/3151 3600/201/3114 3628/225/3141
f 3638/235/3151 3628/225/3141 3626/223/3139
f 3600/201/3114 3584/185/3102 3587/188/3105
f 3600/201/3114 3587/188/3105 3628/225/3141
f 3582/183/3100 3639/236/3152 3630/227/3143
f 3582/183/3100 3630/227/3143 3583/184/3101
f 3639/236/3152 3593/194/3110 3631/228/3144
f 3639/236/3152 3631/228/3144 3630/227/3143
f 3593/194/3110 3592/193/3109 3624/221/3137
f 3593/194/3110 3624/221/3137 3631/228/3144
f 3590/191/3108 3589/190/3107 3640/237/3153
f 3590/191/3108 3640/237/3153 3641/238/3154
f 3594/195/3107 3593/194/3110 3639/236/3152
f 3594/195/3107 3639/236/3152 3642/239/3153
f 3641/238/3154 3640/237/3153 3538/139/3066
f 3641/238/3154 3538/139/3066 3537/138/3065
f 3642/239/3153 3639/236/3152 3582/183/3100
f 3642/239/3153 3582/183/3100 3643/240/3066
f 3598/199/3113 3597/198/3112 3644/241/3155
f 3598/199/3113 3644/241/3155 3645/242/3156
f 3601/202/3112 3600/201/3114 3638/235/3151
f 3601/202/3112 3638/235/3151 3646/243/3155
f 3645/242/3156 3644/241/3155 3647/244/3157
f 3645/242/3156 3647/244/3157 297/10/297
f 3646/243/3155 3638/235/3151 3637/234/3150
f 3646/243/3155 3637/234/3150 3648/245/3157
f 297/10/297 3647/244/3157 3649/246/3158
f 297/10/297 3649/246/3158 295/8/295
f 3648/245/3157 3637/234/3150 3636/233/3149
f 3648/245/3157 3636/233/3149 3650/247/3158
f 3592/193/3109 3591/192/3106 3651/248/3159
f 3592/193/3109 3651/248/3159 3633/230/3146
f 3588/189/3106 309/22/309 308/21/308
f 3588/189/3106 308/21/308 3652/249/3159
f 3609/210/3122 3653/250/3160 3654/251/3161
f 3609/210/3122 3654/251/3161 306/19/306
f 3653/250/3160 3632/229/3145 3625/222/3138
f 3653/250/3160 3625/222/3138 3654/251/3161
f 306/19/306 3654/251/3161 3655/252/3162
f 306/19/306 3655/252/3162 304/17/304
f 3654/251/3161 3625/222/3138 3619/216/3132
f 3654/251/3161 3619/216/3132 3655/252/3162
f 3632/229/3145 3653/250/3160 3603/204/3116
f 3632/229/3145 3603/204/3116 3602/203/3115
f 3653/250/3160 3609/210/3122 3604/205/3117
f 3653/250/3160 3604/205/3117 3603/204/3116
f 3551/152/3079 3491/92/3019 3656/253/3163
f 3551/152/3079 3656/253/3163 3629/226/3142
f 3491/92/3019 3490/91/3018 3610/211/3123
f 3491/92/3019 3610/211/3123 3656/253/3163
f 3629/226/3142 3656/253/3163 3657/254/3164
f 3629/226/3142 3657/254/3164 3627/224/3140
f 3656/253/3163 3610/211/3123 3658/255/3165
f 3656/253/3163 3658/255/3165 3657/254/3164
f 3627/224/3140 3657/254/3164 3659/256/3166
f 3627/224/3140 3659/256/3166 3616/215/3129
f 3657/254/3164 3658/255/3165 294/7/294
f 3657/254/3164 294/7/294 3659/256/3166
f 3607/208/3120 3605/206/3118 3660/257/3167
f 3607/208/3120 3660/257/3167 3622/219/3135
f 3605/206/3118 298/11/298 300/13/300
f 3605/206/3118 300/13/300 3660/257/3167
f 3616/215/3129 3659/256/3166 3606/207/3119
f 3616/215/3129 3606/207/3119 3608/209/3121
f 3659/256/3166 294/7/294 293/6/293
f 3659/256/3166 293/6/293 3606/207/3119
f 302/15/302 3661/258/3168 3662/259/3169
f 302/15/302 3662/259/3169 303/16/303
f 3663/260/3168 3635/232/3148 3634/231/3147
f 3663/260/3168 3634/231/3147 3664/261/3169
f 3635/232/3148 3663/260/3168 3650/247/3158
f 3635/232/3148 3650/247/3158 3636/233/3149
f 3661/258/3168 302/15/302 295/8/295
f 3661/258/3168 295/8/295 3649/246/3158
f 304/17/304 3655/252/3162 3660/257/3167
f 304/17/304 3660/257/3167 300/13/300
f 3655/252/3162 3619/216/3132 3622/219/3135
f 3655/252/3162 3622/219/3135 3660/257/3167
f 3633/230/3146 3651/248/3159 3665/262/3169
f 3633/230/3146 3665/262/3169 3634/231/3147
f 3652/249/3159 308/21/308 303/16/303
f 3652/249/3159 303/16/303 3662/259/3169
f 3584/185/3102 3599/200/3095 3666/263/3094
f 3584/185/3102 3666/263/3094 3585/186/3103
f 3595/196/3111 3549/150/3077 3550/151/3078
f 3595/196/3111 3550/151/3078 3596/197/3095
f 3477/78/3005 3473/74/3001 3476/77/3004
f 3477/78/3005 3476/77/3004 3667/264/3170
f 3480/81/3008 3477/78/3005 3667/264/3170
f 3480/81/3008 3667/264/3170 3668/265/3171
f 3482/83/3010 3480/81/3008 3668/265/3171
f 3482/83/3010 3668/265/3171 3669/266/3172
f 3484/85/3012 3482/83/3010 3669/266/3172
f 3484/85/3012 3669/266/3172 3670/267/3173
f 3486/87/3014 3484/85/3012 3670/267/3173
f 3486/87/3014 3670/267/3173 3671/268/3174
f 3488/89/3016 3486/87/3014 3671/268/3174
f 3488/89/3016 3671/268/3174 3672/269/3175
f 3474/75/3002 3473/74/3001 3479/80/3007
f 3474/75/3002 3479/80/3007 3494/95/3022
f 3490/91/3018 3488/89/3016 3672/269/3175
f 3490/91/3018 3672/269/3175 3611/212/3124
f 3587/188/3105 3586/187/3104 3552/153/3080
f 3587/188/3105 3552/153/3080 3551/152/3079
f 3554/155/3082 3580/181/3098 3583/184/3101
f 3554/155/3082 3583/184/3101 3555/156/3083
f 3582/183/3100 3581/182/3099 3673/270/3087
f 3582/183/3100 3673/270/3087 3643/240/3066
f 3674/271/3176 3580/181/3098 3554/155/3082
f 3674/271/3176 3554/155/3082 3675/272/3177
f 3676/273/3178 3581/182/3099 3580/181/3098
f 3676/273/3178 3580/181/3098 3674/271/3176
f 3673/270/3087 3581/182/3099 3676/273/3178
f 3673/270/3087 3676/273/3178 3677/274/3179
f 3564/165/3087 3678/275/3179 3679/276/3180
f 3564/165/3087 3679/276/3180 3565/166/3088
f 3679/276/3180 3678/275/3179 3575/176/3094
f 3679/276/3180 3575/176/3094 3574/175/3093
f 3585/186/3103 3666/263/3094 3677/274/3179
f 3585/186/3103 3677/274/3179 3676/273/3178
f 3586/187/3104 3585/186/3103 3676/273/3178
f 3586/187/3104 3676/273/3178 3674/271/3176
f 3552/153/3080 3586/187/3104 3674/271/3176
f 3552/153/3080 3674/271/3176 3675/272/3177
f 3553/154/3081 3552/153/3080 3675/272/3177
f 3553/154/3081 3675/272/3177 3680/277/3181
f 3680/277/3181 3500/101/3028 3499/100/3027
f 3680/277/3181 3499/100/3027 3553/154/3081
f 3680/277/3181 3498/99/3026 3497/98/3025
f 3680/277/3181 3497/98/3025 3500/101/3028
f 3680/277/3181 3496/97/3024 3495/96/3023
f 3680/277/3181 3495/96/3023 3498/99/3026
f 3493/94/3021 3492/93/3020 3496/97/3024
f 3493/94/3021 3496/97/3024 3680/277/3181
f 3680/277/3181 3675/272/3177 3554/155/3082
f 3680/277/3181 3554/155/3082 3493/94/3021
f 3479/80/3007 3478/79/3006 3496/97/3024
f 3479/80/3007 3496/97/3024 3492/93/3020
f 3498/99/3026 3495/96/3023 3481/82/3009
f 3498/99/3026 3481/82/3009 3483/84/3011
f 3500/101/3028 3497/98/3025 3485/86/3013
f 3500/101/3028 3485/86/3013 3487/88/3015
f 3553/154/3081 3499/100/3027 3489/90/3017
f 3553/154/3081 3489/90/3017 3491/92/3019
f 3613/32/3126 310/23/310 312/25/312
f 3613/32/3126 312/25/312 3681/278/3182
f 479/73/478 3533/134/3061 3682/279/3183
f 479/73/478 3682/279/3183 3683/280/3184
f 478/72/477 479/73/478 3683/280/3184
f 478/72/477 3683/280/3184 3684/281/3185
f 3537/138/3065 3685/282/3186 311/24/311
f 3537/138/3065 311/24/311 3641/238/3154
f 3475/76/3003 478/72/477 3684/281/3185
f 3475/76/3003 3684/281/3185 3686/283/3187
f 3536/137/3064 3687/284/3188 3685/282/3186
f 3536/137/3064 3685/282/3186 3537/138/3065
f 3476/77/3004 3475/76/3003 3686/283/3187
f 3476/77/3004 3686/283/3187 3688/285/3189
f 3539/140/3067 3689/286/3190 3687/284/3188
f 3539/140/3067 3687/284/3188 3536/137/3064
f 3667/264/3170 3476/77/3004 3688/285/3189
f 3667/264/3170 3688/285/3189 3690/287/3191
f 3541/142/3069 3691/288/3192 3689/286/3190
f 3541/142/3069 3689/286/3190 3539/140/3067
f 3668/265/3171 3667/264/3170 3690/287/3191
f 3668/265/3171 3690/287/3191 3692/289/3193
f 3543/144/3071 3693/290/3194 3691/288/3192
f 3543/144/3071 3691/288/3192 3541/142/3069
f 3669/266/3172 3668/265/3171 3692/289/3193
f 3669/266/3172 3692/289/3193 3694/291/3195
f 3545/146/3073 3695/292/3196 3693/290/3194
f 3545/146/3073 3693/290/3194 3543/144/3071
f 3670/267/3173 3669/266/3172 3694/291/3195
f 3670/267/3173 3694/291/3195 3696/293/3197
f 3547/148/3075 3697/294/3198 3695/292/3196
f 3547/148/3075 3695/292/3196 3545/146/3073
f 3671/268/3174 3670/267/3173 3696/293/3197
f 3671/268/3174 3696/293/3197 3698/295/3199
f 3549/150/3077 3699/296/3200 3697/294/3198
f 3549/150/3077 3697/294/3198 3547/148/3075
f 3672/269/3175 3671/268/3174 3698/295/3199
f 3672/269/3175 3698/295/3199 3700/297/3201
f 3595/196/3111 3701/298/3202 3699/296/3200
f 3595/196/3111 3699/296/3200 3549/150/3077
f 3611/212/3124 3672/269/3175 3700/297/3201
f 3611/212/3124 3700/297/3201 3702/299/3203
f 3598/199/3113 313/26/313 3701/298/3202
f 3598/199/3113 3701/298/3202 3595/196/3111
f 289/2/289 3611/212/3124 3702/299/3203
f 289/2/289 3702/299/3203 3703/300/3204
f 3645/242/3156 314/27/314 313/26/313
f 3645/242/3156 313/26/313 3598/199/3113
f 290/3/290 289/2/289 3703/300/3204
f 290/3/290 3703/300/3204 3704/301/3205
f 296/9/296 314/27/314 3645/242/3156
f 296/9/296 3645/242/3156 297/10/297
f 3534/135/3062 290/3/290 3704/301/3205
f 3534/135/3062 3704/301/3205 3705/302/3206
f 3617/70/3130 301/14/301 3706/303/3207
f 3617/70/3130 3706/303/3207 3707/304/3208
f 299/12/299 3534/135/3062 3705/302/3206
f 299/12/299 3705/302/3206 3708/305/3209
f 301/14/301 3613/32/3126 3681/278/3182
f 301/14/301 3681/278/3182 3706/303/3207
f 3533/134/3061 299/12/299 3708/305/3209
f 3533/134/3061 3708/305/3209 3682/279/3183
f 3709/306/3210 3710/307/3211 3711/308/3033
f 3709/306/3210 3711/308/3033 3712/309/3030
f 3710/307/3211 3713/310/3212 3714/311/3035
f 3710/307/3211 3714/311/3035 3711/308/3033
f 3713/310/3212 3715/312/3213 3716/313/3037
f 3713/310/3212 3716/313/3037 3714/311/3035
f 3715/312/3213 3717/314/3214 3718/315/3039
f 3715/312/3213 3718/315/3039 3716/313/3037
f 3717/314/3214 3719/316/3215 3720/317/3041
f 3717/314/3214 3720/317/3041 3718/315/3039
f 3719/316/3215 3721/318/3216 3722/319/3043
f 3719/316/3215 3722/319/3043 3720/317/3041
f 3721/318/3216 3723/320/3217 3724/321/3045
f 3721/318/3216 3724/321/3045 3722/319/3043
f 3723/320/3217 3725/322/3218 3726/323/3047
f 3723/320/3217 3726/323/3047 3724/321/3045
f 3725/322/3218 3727/324/3219 3728/325/3049
f 3725/322/3218 3728/325/3049 3726/323/3047
f 3727/324/3219 3729/326/3220 3730/327/3051
f 3727/324/3219 3730/327/3051 3728/325/3049
f 3729/326/3220 3731/328/3221 3732/329/3053
f 3729/326/3220 3732/329/3053 3730/327/3051
f 3731/328/3221 3733/330/3222 3734/331/3055
f 3731/328/3221 3734/331/3055 3732/329/3053
f 3733/330/3222 3735/332/3223 3736/333/3057
f 3733/330/3222 3736/333/3057 3734/331/3055
f 3735/332/3223 3737/334/3224 3738/335/3059
f 3735/332/3223 3738/335/3059 3736/333/3057
f 3737/334/3224 3739/336/3225 3740/337/3029
f 3737/334/3224 3740/337/3029 3738/335/3059
f 3739/336/3225 3709/306/3210 3712/309/3030
f 3739/336/3225 3712/309/3030 3740/337/3029
f 3504/105/3032 3503/104/3031 3683/280/3184
f 3504/105/3032 3683/280/3184 3682/279/3183
f 3532/133/3060 3504/105/3032 3682/279/3183
f 3532/133/3060 3682/279/3183 3708/305/3209
f 3530/131/3058 3532/133/3060 3708/305/3209
f 3530/131/3058 3708/305/3209 3705/302/3206
f 3528/129/3056 3530/131/3058 3705/302/3206
f 3528/129/3056 3705/302/3206 3704/301/3205
f 3526/127/3054 3528/129/3056 3704/301/3205
f 3526/127/3054 3704/301/3205 3703/300/3204
f 3524/125/3052 3526/127/3054 3703/300/3204
f 3524/125/3052 3703/300/3204 3702/299/3203
f 3522/123/3050 3524/125/3052 3702/299/3203
f 3522/123/3050 3702/299/3203 3700/297/3201
f 3520/121/3048 3522/123/3050 3700/297/3201
f 3520/121/3048 3700/297/3201 3698/295/3199
f 3518/119/3046 3520/121/3048 3698/295/3199
f 3518/119/3046 3698/295/3199 3696/293/3197
f 3516/117/3044 3518/119/3046 3696/293/3197
f 3516/117/3044 3696/293/3197 3694/291/3195
f 3514/115/3042 3516/117/3044 3694/291/3195
f 3514/115/3042 3694/291/3195 3692/289/3193
f 3512/113/3040 3514/115/3042 3692/289/3193
f 3512/113/3040 3692/289/3193 3690/287/3191
f 3510/111/3038 3512/113/3040 3690/287/3191
f 3510/111/3038 3690/287/3191 3688/285/3189
f 3508/109/3036 3510/111/3038 3688/285/3189
f 3508/109/3036 3688/285/3189 3686/283/3187
f 3506/107/3034 3508/109/3036 3686/283/3187
f 3506/107/3034 3686/283/3187 3684/281/3185
f 3503/104/3031 3506/107/3034 3684/281/3185
f 3503/104/3031 3684/281/3185 3683/280/3184
f 312/25/312 311/24/311 3710/307/3211
f 312/25/312 3710/307/3211 3709/306/3210
f 311/24/311 3685/282/3186 3713/310/3212
f 311/24/311 3713/310/3212 3710/307/3211
f 3685/282/3186 3687/284/3188 3715/312/3213
f 3685/282/3186 3715/312/3213 3713/310/3212
f 3687/284/3188 3689/286/3190 3717/314/3214
f 3687/284/3188 3717/314/3214 3715/312/3213
f 3689/286/3190 3691/288/3192 3719/316/3215
f 3689/286/3190 3719/316/3215 3717/314/3214
f 3691/288/3192 3693/290/3194 3721/318/3216
f 3691/288/3192 3721/318/3216 3719/316/3215
f 3693/290/3194 3695/292/3196 3723/320/3217
f 3693/290/3194 3723/320/3217 3721/318/3216
f 3695/292/3196 3697/294/3198 3725/322/3218
f 3695/292/3196 3725/322/3218 3723/320/3217
f 3697/294/3198 3699/296/3200 3727/324/3219
f 3697/294/3198 3727/324/3219 3725/322/3218
f 3699/296/3200 3701/298/3202 3729/326/3220
f 3699/296/3200 3729/326/3220 3727/324/3219
f 3701/298/3202 313/26/313 3731/328/3221
f 3701/298/3202 3731/328/3221 3729/326/3220
f 313/26/313 315/28/315 3733/330/3222
f 313/26/313 3733/330/3222 3731/328/3221
f 315/28/315 3707/304/3208 3735/332/3223
f 315/28/315 3735/332/3223 3733/330/3222
f 3707/304/3208 3706/303/3207 3737/334/3224
f 3707/304/3208 3737/334/3224 3735/332/3223
f 3706/303/3207 3681/278/3182 3739/336/3225
f 3706/303/3207 3739/336/3225 3737/334/3224
f 3681/278/3182 312/25/312 3709/306/3210
f 3681/278/3182 3709/306/3210 3739/336/3225
f 3590/191/3108 310/23/310 307/20/307
f 3590/191/3108 307/20/307 309/22/309
f 307/20/307 310/23/310 3613/32/3126
f 307/20/307 3613/32/3126 3612/31/3125
f 3617/70/3130 3707/304/3208 315/28/315
f 3617/70/3130 315/28/315 314/27/314
f 3617/70/3130 314/27/314 296/9/296
f 3617/70/3130 296/9/296 3618/29/3131
f 3641/238/3154 311/24/311 310/23/310
f 3641/238/3154 310/23/310 3590/191/3108
f 3741/74/3226 3742/75/3227 3743/76/3228
f 3741/74/3226 3743/76/3228 3744/77/3229
f 3741/74/3226 3745/78/3230 3746/79/3231
f 3741/74/3226 3746/79/3231 3747/80/3232
f 3745/78/3230 3748/81/3233 3749/82/3234
f 3745/78/3230 3749/82/3234 3746/79/3231
f 3748/81/3233 3750/83/3235 3751/84/3236
f 3748/81/3233 3751/84/3236 3749/82/3234
f 3750/83/3235 3752/85/3237 3753/86/3238
f 3750/83/3235 3753/86/3238 3751/84/3236
f 3752/85/3237 3754/87/3239 3755/88/3240
f 3752/85/3237 3755/88/3240 3753/86/3238
f 3754/87/3239 3756/89/3241 3757/90/3242
f 3754/87/3239 3757/90/3242 3755/88/3240
f 3757/90/3242 3756/89/3241 3758/91/3243
f 3757/90/3242 3758/91/3243 3759/92/3244
f 3747/80/3232 3760/93/3245 3761/94/3246
f 3747/80/3232 3761/94/3246 3762/95/3247
f 3749/82/3234 3763/96/3248 3764/97/3249
f 3749/82/3234 3764/97/3249 3746/79/3231
f 3753/86/3238 3765/98/3250 3766/99/3251
f 3753/86/3238 3766/99/3251 3751/84/3236
f 3757/90/3242 3767/100/3252 3768/101/3253
f 3757/90/3242 3768/101/3253 3755/88/3240
f 3769/102/3254 3770/103/3255 3771/104/3256
f 3769/102/3254 3771/104/3256 3772/105/3257
f 3770/103/3255 3773/106/3258 3774/107/3259
f 3770/103/3255 3774/107/3259 3771/104/3256
f 3773/106/3258 3775/108/3260 3776/109/3261
f 3773/106/3258 3776/109/3261 3774/107/3259
f 3775/108/3260 3777/110/3262 3778/111/3263
f 3775/108/3260 3778/111/3263 3776/109/3261
f 3777/110/3262 3779/112/3264 3780/113/3265
f 3777/110/3262 3780/113/3265 3778/111/3263
f 3779/112/3264 3781/114/3266 3782/115/3267
f 3779/112/3264 3782/115/3267 3780/113/3265
f 3781/114/3266 3783/116/3268 3784/117/3269
f 3781/114/3266 3784/117/3269 3782/115/3267
f 3783/116/3268 3785/118/3270 3786/119/3271
f 3783/116/3268 3786/119/3271 3784/117/3269
f 3785/118/3270 3787/120/3272 3788/121/3273
f 3785/118/3270 3788/121/3273 3786/119/3271
f 3787/120/3272 3789/122/3274 3790/123/3275
f 3787/120/3272 3790/123/3275 3788/121/3273
f 3789/122/3274 3791/124/3276 3792/125/3277
f 3789/122/3274 3792/125/3277 3790/123/3275
f 3791/124/3276 3793/126/3278 3794/127/3279
f 3791/124/3276 3794/127/3279 3792/125/3277
f 3793/126/3278 3795/128/3280 3796/129/3281
f 3793/126/3278 3796/129/3281 3794/127/3279
f 3795/128/3280 3797/130/3282 3798/131/3283
f 3795/128/3280 3798/131/3283 3796/129/3281
f 3797/130/3282 3799/132/3284 3800/133/3285
f 3797/130/3282 3800/133/3285 3798/131/3283
f 3799/132/3284 3769/102/3254 3772/105/3257
f 3799/132/3284 3772/105/3257 3800/133/3285
f 3801/134/3286 487/73/486 484/71/483
f 3801/134/3286 484/71/483 485/30/484
f 318/3/318 3802/135/3287 320/5/320
f 318/3/318 320/5/320 316/1/316
f 3803/136/3288 3804/137/3289 3805/138/3290
f 3803/136/3288 3805/138/3290 3806/139/3291
f 3807/140/3292 3804/137/3289 3803/136/3288
f 3807/140/3292 3803/136/3288 3808/141/3293
f 3809/142/3294 3807/140/3292 3808/141/3293
f 3809/142/3294 3808/141/3293 3810/143/3295
f 3811/144/3296 3809/142/3294 3810/143/3295
f 3811/144/3296 3810/143/3295 3812/145/3297
f 3813/146/3298 3811/144/3296 3812/145/3297
f 3813/146/3298 3812/145/3297 3814/147/3299
f 3815/148/3300 3813/146/3298 3814/147/3299
f 3815/148/3300 3814/147/3299 3816/149/3301
f 3817/150/3302 3815/148/3300 3816/149/3301
f 3817/150/3302 3816/149/3301 3818/151/3303
f 3819/152/3304 3820/153/3305 3821/154/3306
f 3819/152/3304 3821/154/3306 3759/92/3244
f 3761/94/3246 3822/155/3307 3823/156/3308
f 3761/94/3246 3823/156/3308 3762/95/3247
f 3824/157/3309 3825/158/3293 3826/159/3288
f 3824/157/3309 3826/159/3288 3827/160/3310
f 3827/160/3310 3826/159/3288 3828/161/3291
f 3827/160/3310 3828/161/3291 3829/162/3311
f 3830/163/3311 3831/164/3291 3832/165/3312
f 3830/163/3311 3832/165/3312 3833/166/3313
f 3834/167/3297 3835/168/3295 3836/169/3314
f 3834/167/3297 3836/169/3314 3837/170/3315
f 3835/168/3295 3825/158/3293 3824/157/3309
f 3835/168/3295 3824/157/3309 3836/169/3314
f 3838/171/3301 3839/172/3299 3840/173/3316
f 3838/171/3301 3840/173/3316 3841/174/3317
f 3839/172/3299 3834/167/3297 3837/170/3315
f 3839/172/3299 3837/170/3315 3840/173/3316
f 3842/175/3318 3843/176/3319 3844/177/3320
f 3842/175/3318 3844/177/3320 3845/178/3321
f 3845/178/3321 3844/177/3320 3846/179/3303
f 3845/178/3321 3846/179/3303 3847/180/3322
f 3846/179/3303 3838/171/3301 3841/174/3317
f 3846/179/3303 3841/174/3317 3847/180/3322
f 3848/181/3323 3849/182/3324 3850/183/3325
f 3848/181/3323 3850/183/3325 3851/184/3326
f 3852/185/3327 3853/186/3328 3854/187/3329
f 3852/185/3327 3854/187/3329 3855/188/3330
f 337/22/337 3856/189/3331 3857/190/3332
f 337/22/337 3857/190/3332 3858/191/3333
f 3859/192/3331 3860/193/3334 3861/194/3335
f 3859/192/3331 3861/194/3335 3862/195/3332
f 3863/196/3336 3864/197/3320 3865/198/3337
f 3863/196/3336 3865/198/3337 3866/199/3338
f 3867/200/3320 3852/185/3327 3868/201/3339
f 3867/200/3320 3868/201/3339 3869/202/3337
f 3870/203/3340 3871/204/3341 3762/95/3247
f 3870/203/3340 3762/95/3247 3823/156/3308
f 3871/204/3341 3872/205/3342 3742/75/3227
f 3871/204/3341 3742/75/3227 3762/95/3247
f 326/11/326 3873/206/3343 3874/207/3344
f 326/11/326 3874/207/3344 321/6/321
f 3873/206/3343 3875/208/3345 3876/209/3346
f 3873/206/3343 3876/209/3346 3874/207/3344
f 484/71/483 3877/210/3347 334/19/334
f 484/71/483 334/19/334 333/18/333
f 486/72/485 3872/205/3342 3877/210/3347
f 486/72/485 3877/210/3347 484/71/483
f 3742/75/3227 3872/205/3342 486/72/485
f 3742/75/3227 486/72/485 3743/76/3228
f 317/2/317 3878/211/3348 3758/91/3243
f 317/2/317 3758/91/3243 3879/212/3349
f 327/12/327 3801/134/3286 485/30/484
f 327/12/327 485/30/484 328/13/328
f 329/14/329 331/16/331 3880/31/3350
f 329/14/329 3880/31/3350 3881/32/3351
f 3876/209/3346 3882/213/3352 3883/214/3353
f 3876/209/3346 3883/214/3353 3884/215/3354
f 328/13/328 485/30/484 333/18/333
f 328/13/328 333/18/333 332/17/332
f 3802/135/3287 327/12/327 326/11/326
f 3802/135/3287 326/11/326 320/5/320
f 3885/70/3355 3886/29/3356 330/15/330
f 3885/70/3355 330/15/330 329/14/329
f 3887/216/3357 3888/217/3358 3889/218/3359
f 3887/216/3357 3889/218/3359 3890/219/3360
f 3880/31/3350 331/16/331 336/21/336
f 3880/31/3350 336/21/336 335/20/335
f 3889/218/3359 3891/220/3361 3875/208/3345
f 3889/218/3359 3875/208/3345 3890/219/3360
f 3892/221/3362 3888/217/3358 3887/216/3357
f 3892/221/3362 3887/216/3357 3893/222/3363
f 320/5/320 326/11/326 321/6/321
f 320/5/320 321/6/321 319/4/319
f 3875/208/3345 3891/220/3361 3882/213/3352
f 3875/208/3345 3882/213/3352 3876/209/3346
f 330/15/330 3886/29/3356 324/9/324
f 330/15/330 324/9/324 323/8/323
f 3883/214/3353 3894/223/3364 3895/224/3365
f 3883/214/3353 3895/224/3365 3884/215/3354
f 3894/223/3364 3896/225/3366 3897/226/3367
f 3894/223/3364 3897/226/3367 3895/224/3365
f 3896/225/3366 3855/188/3330 3819/152/3304
f 3896/225/3366 3819/152/3304 3897/226/3367
f 3851/184/3326 3898/227/3368 3870/203/3340
f 3851/184/3326 3870/203/3340 3823/156/3308
f 3898/227/3368 3899/228/3369 3900/229/3370
f 3898/227/3368 3900/229/3370 3870/203/3340
f 3899/228/3369 3892/221/3362 3893/222/3363
f 3899/228/3369 3893/222/3363 3900/229/3370
f 3860/193/3334 3901/230/3371 3888/217/3358
f 3860/193/3334 3888/217/3358 3892/221/3362
f 3889/218/3359 3888/217/3358 3901/230/3371
f 3889/218/3359 3901/230/3371 3902/231/3372
f 3903/232/3373 3891/220/3361 3889/218/3359
f 3903/232/3373 3889/218/3359 3902/231/3372
f 3882/213/3352 3891/220/3361 3903/232/3373
f 3882/213/3352 3903/232/3373 3904/233/3374
f 3883/214/3353 3882/213/3352 3904/233/3374
f 3883/214/3353 3904/233/3374 3905/234/3375
f 3905/234/3375 3906/235/3376 3894/223/3364
f 3905/234/3375 3894/223/3364 3883/214/3353
f 3906/235/3376 3868/201/3339 3896/225/3366
f 3906/235/3376 3896/225/3366 3894/223/3364
f 3868/201/3339 3852/185/3327 3855/188/3330
f 3868/201/3339 3855/188/3330 3896/225/3366
f 3850/183/3325 3907/236/3377 3898/227/3368
f 3850/183/3325 3898/227/3368 3851/184/3326
f 3907/236/3377 3861/194/3335 3899/228/3369
f 3907/236/3377 3899/228/3369 3898/227/3368
f 3861/194/3335 3860/193/3334 3892/221/3362
f 3861/194/3335 3892/221/3362 3899/228/3369
f 3858/191/3333 3857/190/3332 3908/237/3378
f 3858/191/3333 3908/237/3378 3909/238/3379
f 3862/195/3332 3861/194/3335 3907/236/3377
f 3862/195/3332 3907/236/3377 3910/239/3378
f 3909/238/3379 3908/237/3378 3806/139/3291
f 3909/238/3379 3806/139/3291 3805/138/3290
f 3910/239/3378 3907/236/3377 3850/183/3325
f 3910/239/3378 3850/183/3325 3911/240/3291
f 3866/199/3338 3865/198/3337 3912/241/3380
f 3866/199/3338 3912/241/3380 3913/242/3381
f 3869/202/3337 3868/201/3339 3906/235/3376
f 3869/202/3337 3906/235/3376 3914/243/3380
f 3913/242/3381 3912/241/3380 3915/244/3382
f 3913/242/3381 3915/244/3382 325/10/325
f 3914/243/3380 3906/235/3376 3905/234/3375
f 3914/243/3380 3905/234/3375 3916/245/3382
f 325/10/325 3915/244/3382 3917/246/3383
f 325/10/325 3917/246/3383 323/8/323
f 3916/245/3382 3905/234/3375 3904/233/3374
f 3916/245/3382 3904/233/3374 3918/247/3383
f 3860/193/3334 3859/192/3331 3919/248/3384
f 3860/193/3334 3919/248/3384 3901/230/3371
f 3856/189/3331 337/22/337 336/21/336
f 3856/189/3331 336/21/336 3920/249/3384
f 3877/210/3347 3921/250/3385 3922/251/3386
f 3877/210/3347 3922/251/3386 334/19/334
f 3921/250/3385 3900/229/3370 3893/222/3363
f 3921/250/3385 3893/222/3363 3922/251/3386
f 334/19/334 3922/251/3386 3923/252/3387
f 334/19/334 3923/252/3387 332/17/332
f 3922/251/3386 3893/222/3363 3887/216/3357
f 3922/251/3386 3887/216/3357 3923/252/3387
f 3900/229/3370 3921/250/3385 3871/204/3341
f 3900/229/3370 3871/204/3341 3870/203/3340
f 3921/250/3385 3877/210/3347 3872/205/3342
f 3921/250/3385 3872/205/3342 3871/204/3341
f 3819/152/3304 3759/92/3244 3924/253/3388
f 3819/152/3304 3924/253/3388 3897/226/3367
f 3759/92/3244 3758/91/3243 3878/211/3348
f 3759/92/3244 3878/211/3348 3924/253/3388
f 3897/226/3367 3924/253/3388 3925/254/3389
f 3897/226/3367 3925/254/3389 3895/224/3365
f 3924/253/3388 3878/211/3348 3926/255/3390
f 3924/253/3388 3926/255/3390 3925/254/3389
f 3895/224/3365 3925/254/3389 3927/256/3391
f 3895/224/3365 3927/256/3391 3884/215/3354
f 3925/254/3389 3926/255/3390 322/7/322
f 3925/254/3389 322/7/322 3927/256/3391
f 3875/208/3345 3873/206/3343 3928/257/3392
f 3875/208/3345 3928/257/3392 3890/219/3360
f 3873/206/3343 326/11/326 328/13/328
f 3873/206/3343 328/13/328 3928/257/3392
f 3884/215/3354 3927/256/3391 3874/207/3344
f 3884/215/3354 3874/207/3344 3876/209/3346
f 3927/256/3391 322/7/322 321/6/321
f 3927/256/3391 321/6/321 3874/207/3344
f 330/15/330 3929/258/3393 3930/259/3394
f 330/15/330 3930/259/3394 331/16/331
f 3931/260/3393 3903/232/3373 3902/231/3372
f 3931/260/3393 3902/231/3372 3932/261/3394
f 3903/232/3373 3931/260/3393 3918/247/3383
f 3903/232/3373 3918/247/3383 3904/233/3374
f 3929/258/3393 330/15/330 323/8/323
f 3929/258/3393 323/8/323 3917/246/3383
f 332/17/332 3923/252/3387 3928/257/3392
f 332/17/332 3928/257/3392 328/13/328
f 3923/252/3387 3887/216/3357 3890/219/3360
f 3923/252/3387 3890/219/3360 3928/257/3392
f 3901/230/3371 3919/248/3384 3933/262/3394
f 3901/230/3371 3933/262/3394 3902/231/3372
f 3920/249/3384 336/21/336 331/16/331
f 3920/249/3384 331/16/331 3930/259/3394
f 3852/185/3327 3867/200/3320 3934/263/3319
f 3852/185/3327 3934/263/3319 3853/186/3328
f 3863/196/3336 3817/150/3302 3818/151/3303
f 3863/196/3336 3818/151/3303 3864/197/3320
f 3745/78/3230 3741/74/3226 3744/77/3229
f 3745/78/3230 3744/77/3229 3935/264/3395
f 3748/81/3233 3745/78/3230 3935/264/3395
f 3748/81/3233 3935/264/3395 3936/265/3396
f 3750/83/3235 3748/81/3233 3936/265/3396
f 3750/83/3235 3936/265/3396 3937/266/3397
f 3752/85/3237 3750/83/3235 3937/266/3397
f 3752/85/3237 3937/266/3397 3938/267/3398
f 3754/87/3239 3752/85/3237 3938/267/3398
f 3754/87/3239 3938/267/3398 3939/268/3399
f 3756/89/3241 3754/87/3239 3939/268/3399
f 3756/89/3241 3939/268/3399 3940/269/3400
f 3742/75/3227 3741/74/3226 3747/80/3232
f 3742/75/3227 3747/80/3232 3762/95/3247
f 3758/91/3243 3756/89/3241 3940/269/3400
f 3758/91/3243 3940/269/3400 3879/212/3349
f 3855/188/3330 3854/187/3329 3820/153/3305
f 3855/188/3330 3820/153/3305 3819/152/3304
f 3822/155/3307 3848/181/3323 3851/184/3326
f 3822/155/3307 3851/184/3326 3823/156/3308
f 3850/183/3325 3849/182/3324 3941/270/3312
f 3850/183/3325 3941/270/3312 3911/240/3291
f 3942/271/3401 3848/181/3323 3822/155/3307
f 3942/271/3401 3822/155/3307 3943/272/3402
f 3944/273/3403 3849/182/3324 3848/181/3323
f 3944/273/3403 3848/181/3323 3942/271/3401
f 3941/270/3312 3849/182/3324 3944/273/3403
f 3941/270/3312 3944/273/3403 3945/274/3404
f 3832/165/3312 3946/275/3404 3947/276/3405
f 3832/165/3312 3947/276/3405 3833/166/3313
f 3947/276/3405 3946/275/3404 3843/176/3319
f 3947/276/3405 3843/176/3319 3842/175/3318
f 3853/186/3328 3934/263/3319 3945/274/3404
f 3853/186/3328 3945/274/3404 3944/273/3403
f 3854/187/3329 3853/186/3328 3944/273/3403
f 3854/187/3329 3944/273/3403 3942/271/3401
f 3820/153/3305 3854/187/3329 3942/271/3401
f 3820/153/3305 3942/271/3401 3943/272/3402
f 3821/154/3306 3820/153/3305 3943/272/3402
f 3821/154/3306 3943/272/3402 3948/277/3406
f 3948/277/3406 3768/101/3253 3767/100/3252
f 3948/277/3406 3767/100/3252 3821/154/3306
f 3948/277/3406 3766/99/3251 3765/98/3250
f 3948/277/3406 3765/98/3250 3768/101/3253
f 3948/277/3406 3764/97/3249 3763/96/3248
f 3948/277/3406 3763/96/3248 3766/99/3251
f 3761/94/3246 3760/93/3245 3764/97/3249
f 3761/94/3246 3764/97/3249 3948/277/3406
f 3948/277/3406 3943/272/3402 3822/155/3307
f 3948/277/3406 3822/155/3307 3761/94/3246
f 3747/80/3232 3746/79/3231 3764/97/3249
f 3747/80/3232 3764/97/3249 3760/93/3245
f 3766/99/3251 3763/96/3248 3749/82/3234
f 3766/99/3251 3749/82/3234 3751/84/3236
f 3768/101/3253 3765/98/3250 3753/86/3238
f 3768/101/3253 3753/86/3238 3755/88/3240
f 3821/154/3306 3767/100/3252 3757/90/3242
f 3821/154/3306 3757/90/3242 3759/92/3244
f 3881/32/3351 338/23/338 340/25/340
f 3881/32/3351 340/25/340 3949/278/3407
f 487/73/486 3801/134/3286 3950/279/3408
f 487/73/486 3950/279/3408 3951/280/3409
f 486/72/485 487/73/486 3951/280/3409
f 486/72/485 3951/280/3409 3952/281/3410
f 3805/138/3290 3953/282/3411 339/24/339
f 3805/138/3290 339/24/339 3909/238/3379
f 3743/76/3228 486/72/485 3952/281/3410
f 3743/76/3228 3952/281/3410 3954/283/3412
f 3804/137/3289 3955/284/3413 3953/282/3411
f 3804/137/3289 3953/282/3411 3805/138/3290
f 3744/77/3229 3743/76/3228 3954/283/3412
f 3744/77/3229 3954/283/3412 3956/285/3414
f 3807/140/3292 3957/286/3415 3955/284/3413
f 3807/140/3292 3955/284/3413 3804/137/3289
f 3935/264/3395 3744/77/3229 3956/285/3414
f 3935/264/3395 3956/285/3414 3958/287/3416
f 3809/142/3294 3959/288/3417 3957/286/3415
f 3809/142/3294 3957/286/3415 3807/140/3292
f 3936/265/3396 3935/264/3395 3958/287/3416
f 3936/265/3396 3958/287/3416 3960/289/3418
f 3811/144/3296 3961/290/3419 3959/288/3417
f 3811/144/3296 3959/288/3417 3809/142/3294
f 3937/266/3397 3936/265/3396 3960/289/3418
f 3937/266/3397 3960/289/3418 3962/291/3420
f 3813/146/3298 3963/292/3421 3961/290/3419
f 3813/146/3298 3961/290/3419 3811/144/3296
f 3938/267/3398 3937/266/3397 3962/291/3420
f 3938/267/3398 3962/291/3420 3964/293/3422
f 3815/148/3300 3965/294/3423 3963/292/3421
f 3815/148/3300 3963/292/3421 3813/146/3298
f 3939/268/3399 3938/267/3398 3964/293/3422
f 3939/268/3399 3964/293/3422 3966/295/3424
f 3817/150/3302 3967/296/3425 3965/294/3423
f 3817/150/3302 3965/294/3423 3815/148/3300
f 3940/269/3400 3939/268/3399 3966/295/3424
f 3940/269/3400 3966/295/3424 3968/297/3426
f 3863/196/3336 3969/298/3427 3967/296/3425
f 3863/196/3336 3967/296/3425 3817/150/3302
f 3879/212/3349 3940/269/3400 3968/297/3426
f 3879/212/3349 3968/297/3426 3970/299/3428
f 3866/199/3338 341/26/341 3969/298/3427
f 3866/199/3338 3969/298/3427 3863/196/3336
f 317/2/317 3879/212/3349 3970/299/3428
f 317/2/317 3970/299/3428 3971/300/3429
f 3913/242/3381 342/27/342 341/26/341
f 3913/242/3381 341/26/341 3866/199/3338
f 318/3/318 317/2/317 3971/300/3429
f 318/3/318 3971/300/3429 3972/301/3430
f 324/9/324 342/27/342 3913/242/3381
f 324/9/324 3913/242/3381 325/10/325
f 3802/135/3287 318/3/318 3972/301/3430
f 3802/135/3287 3972/301/3430 3973/302/3431
f 3885/70/3355 329/14/329 3974/303/3432
f 3885/70/3355 3974/303/3432 3975/304/3433
f 327/12/327 3802/135/3287 3973/302/3431
f 327/12/327 3973/302/3431 3976/305/3434
f 329/14/329 3881/32/3351 3949/278/3407
f 329/14/329 3949/278/3407 3974/303/3432
f 3801/134/3286 327/12/327 3976/305/3434
f 3801/134/3286 3976/305/3434 3950/279/3408
f 3977/306/3435 3978/307/3436 3979/308/3258
f 3977/306/3435 3979/308/3258 3980/309/3255
f 3978/307/3436 3981/310/3437 3982/311/3260
f 3978/307/3436 3982/311/3260 3979/308/3258
f 3981/310/3437 3983/312/3438 3984/313/3262
f 3981/310/3437 3984/313/3262 3982/311/3260
f 3983/312/3438 3985/314/3439 3986/315/3264
f 3983/312/3438 3986/315/3264 3984/313/3262
f 3985/314/3439 3987/316/3440 3988/317/3266
f 3985/314/3439 3988/317/3266 3986/315/3264
f 3987/316/3440 3989/318/3441 3990/319/3268
f 3987/316/3440 3990/319/3268 3988/317/3266
f 3989/318/3441 3991/320/3442 3992/321/3270
f 3989/318/3441 3992/321/3270 3990/319/3268
f 3991/320/3442 3993/322/3443 3994/323/3272
f 3991/320/3442 3994/323/3272 3992/321/3270
f 3993/322/3443 3995/324/3444 3996/325/3274
f 3993/322/3443 3996/325/3274 3994/323/3272
f 3995/324/3444 3997/326/3445 3998/327/3276
f 3995/324/3444 3998/327/3276 3996/325/3274
f 3997/326/3445 3999/328/3446 4000/329/3278
f 3997/326/3445 4000/329/3278 3998/327/3276
f 3999/328/3446 4001/330/3447 4002/331/3280
f 3999/328/3446 4002/331/3280 4000/329/3278
f 4001/330/3447 4003/332/3448 4004/333/3282
f 4001/330/3447 4004/333/3282 4002/331/3280
f 4003/332/3448 4005/334/3449 4006/335/3284
f 4003/332/3448 4006/335/3284 4004/333/3282
f 4005/334/3449 4007/336/3450 4008/337/3254
f 4005/334/3449 4008/337/3254 4006/335/3284
f 4007/336/3450 3977/306/3435 3980/309/3255
f 4007/336/3450 3980/309/3255 4008/337/3254
f 3772/105/3257 3771/104/3256 3951/280/3409
f 3772/105/3257 3951/280/3409 3950/279/3408
f 3800/133/3285 3772/105/3257 3950/279/3408
f 3800/133/3285 3950/279/3408 3976/305/3434
f 3798/131/3283 3800/133/3285 3976/305/3434
f 3798/131/3283 3976/305/3434 3973/302/3431
f 3796/129/3281 3798/131/3283 3973/302/3431
f 3796/129/3281 3973/302/3431 3972/301/3430
f 3794/127/3279 3796/129/3281 3972/301/3430
f 3794/127/3279 3972/301/3430 3971/300/3429
f 3792/125/3277 3794/127/3279 3971/300/3429
f 3792/125/3277 3971/300/3429 3970/299/3428
f 3790/123/3275 3792/125/3277 3970/299/3428
f 3790/123/3275 3970/299/3428 3968/297/3426
f 3788/121/3273 3790/123/3275 3968/297/3426
f 3788/121/3273 3968/297/3426 3966/295/3424
f 3786/119/3271 3788/121/3273 3966/295/3424
f 3786/119/3271 3966/295/3424 3964/293/3422
f 3784/117/3269 3786/119/3271 3964/293/3422
f 3784/117/3269 3964/293/3422 3962/291/3420
f 3782/115/3267 3784/117/3269 3962/291/3420
f 3782/115/3267 3962/291/3420 3960/289/3418
f 3780/113/3265 3782/115/3267 3960/289/3418
f 3780/113/3265 3960/289/3418 3958/287/3416
f 3778/111/3263 3780/113/3265 3958/287/3416
f 3778/111/3263 3958/287/3416 3956/285/3414
f 3776/109/3261 3778/111/3263 3956/285/3414
f 3776/109/3261 3956/285/3414 3954/283/3412
f 3774/107/3259 3776/109/3261 3954/283/3412
f 3774/107/3259 3954/283/3412 3952/281/3410
f 3771/104/3256 3774/107/3259 3952/281/3410
f 3771/104/3256 3952/281/3410 3951/280/3409
f 340/25/340 339/24/339 3978/307/3436
f 340/25/340 3978/307/3436 3977/306/3435
f 339/24/339 3953/282/3411 3981/310/3437
f 339/24/339 3981/310/3437 3978/307/3436
f 3953/282/3411 3955/284/3413 3983/312/3438
f 3953/282/3411 3983/312/3438 3981/310/3437
f 3955/284/3413 3957/286/3415 3985/314/3439
f 3955/284/3413 3985/314/3439 3983/312/3438
f 3957/286/3415 3959/288/3417 3987/316/3440
f 3957/286/3415 3987/316/3440 3985/314/3439
f 3959/288/3417 3961/290/3419 3989/318/3441
f 3959/288/3417 3989/318/3441 3987/316/3440
f 3961/290/3419 3963/292/3421 3991/320/3442
f 3961/290/3419 3991/320/3442 3989/318/3441
f 3963/292/3421 3965/294/3423 3993/322/3443
f 3963/292/3421 3993/322/3443 3991/320/3442
f 3965/294/3423 3967/296/3425 3995/324/3444
f 3965/294/3423 3995/324/3444 3993/322/3443
f 3967/296/3425 3969/298/3427 3997/326/3445
f 3967/296/3425 3997/326/3445 3995/324/3444
f 3969/298/3427 341/26/341 3999/328/3446
f 3969/298/3427 3999/328/3446 3997/326/3445
f 341/26/341 343/28/343 4001/330/3447
f 341/26/341 4001/330/3447 3999/328/3446
f 343/28/343 3975/304/3433 4003/332/3448
f 343/28/343 4003/332/3448 4001/330/3447
f 3975/304/3433 3974/303/3432 4005/334/3449
f 3975/304/3433 4005/334/3449 4003/332/3448
f 3974/303/3432 3949/278/3407 4007/336/3450
f 3974/303/3432 4007/336/3450 4005/334/3449
f 3949/278/3407 340/25/340 3977/306/3435
f 3949/278/3407 3977/306/3435 4007/336/3450
f 3858/191/3333 338/23/338 335/20/335
f 3858/191/3333 335/20/335 337/22/337
f 335/20/335 338/23/338 3881/32/3351
f 335/20/335 3881/32/3351 3880/31/3350
f 3885/70/3355 3975/304/3433 343/28/343
f 3885/70/3355 343/28/343 342/27/342
f 3885/70/3355 342/27/342 324/9/324
f 3885/70/3355 324/9/324 3886/29/3356
f 3909/238/3379 339/24/339 338/23/338
f 3909/238/3379 338/23/338 3858/191/3333
f 4009/74/3451 4010/75/3452 4011/76/3453
f 4009/74/3451 4011/76/3453 4012/77/3454
f 4009/74/3451 4013/78/3455 4014/79/3456
f 4009/74/3451 4014/79/3456 4015/80/3457
f 4013/78/3455 4016/81/3458 4017/82/3459
f 4013/78/3455 4017/82/3459 4014/79/3456
f 4016/81/3458 4018/83/3460 4019/84/3461
f 4016/81/3458 4019/84/3461 4017/82/3459
f 4018/83/3460 4020/85/3462 4021/86/3463
f 4018/83/3460 4021/86/3463 4019/84/3461
f 4020/85/3462 4022/87/3464 4023/88/3465
f 4020/85/3462 4023/88/3465 4021/86/3463
f 4022/87/3464 4024/89/3466 4025/90/3467
f 4022/87/3464 4025/90/3467 4023/88/3465
f 4025/90/3467 4024/89/3466 4026/91/3468
f 4025/90/3467 4026/91/3468 4027/92/3469
f 4015/80/3457 4028/93/3470 4029/94/3471
f 4015/80/3457 4029/94/3471 4030/95/3472
f 4017/82/3459 4031/96/3473 4032/97/3474
f 4017/82/3459 4032/97/3474 4014/79/3456
f 4021/86/3463 4033/98/3475 4034/99/3476
f 4021/86/3463 4034/99/3476 4019/84/3461
f 4025/90/3467 4035/100/3477 4036/101/3478
f 4025/90/3467 4036/101/3478 4023/88/3465
f 4037/102/3479 4038/103/3480 4039/104/3481
f 4037/102/3479 4039/104/3481 4040/105/3482
f 4038/103/3480 4041/106/3483 4042/107/3484
f 4038/103/3480 4042/107/3484 4039/104/3481
f 4041/106/3483 4043/108/3485 4044/109/3486
f 4041/106/3483 4044/109/3486 4042/107/3484
f 4043/108/3485 4045/110/3487 4046/111/3488
f 4043/108/3485 4046/111/3488 4044/109/3486
f 4045/110/3487 4047/112/3489 4048/113/3490
f 4045/110/3487 4048/113/3490 4046/111/3488
f 4047/112/3489 4049/114/3491 4050/115/3492
f 4047/112/3489 4050/115/3492 4048/113/3490
f 4049/114/3491 4051/116/3493 4052/117/3494
f 4049/114/3491 4052/117/3494 4050/115/3492
f 4051/116/3493 4053/118/3495 4054/119/3496
f 4051/116/3493 4054/119/3496 4052/117/3494
f 4053/118/3495 4055/120/3497 4056/121/3498
f 4053/118/3495 4056/121/3498 4054/119/3496
f 4055/120/3497 4057/122/3499 4058/123/3500
f 4055/120/3497 4058/123/3500 4056/121/3498
f 4057/122/3499 4059/124/3501 4060/125/3502
f 4057/122/3499 4060/125/3502 4058/123/3500
f 4059/124/3501 4061/126/3503 4062/127/3504
f 4059/124/3501 4062/127/3504 4060/125/3502
f 4061/126/3503 4063/128/3505 4064/129/3506
f 4061/126/3503 4064/129/3506 4062/127/3504
f 4063/128/3505 4065/130/3507 4066/131/3508
f 4063/128/3505 4066/131/3508 4064/129/3506
f 4065/130/3507 4067/132/3509 4068/133/3510
f 4065/130/3507 4068/133/3510 4066/131/3508
f 4067/132/3509 4037/102/3479 4040/105/3482
f 4067/132/3509 4040/105/3482 4068/133/3510
f 4069/134/3511 483/73/482 480/71/479
f 4069/134/3511 480/71/479 481/30/480
f 346/3/346 4070/135/3512 348/5/348
f 346/3/346 348/5/348 344/1/344
f 4071/136/3513 4072/137/3514 4073/138/3515
f 4071/136/3513 4073/138/3515 4074/139/3516
f 4075/140/3517 4072/137/3514 4071/136/3513
f 4075/140/3517 4071/136/3513 4076/141/3518
f 4077/142/3519 4075/140/3517 4076/141/3518
f 4077/142/3519 4076/141/3518 4078/143/3520
f 4079/144/3521 4077/142/3519 4078/143/3520
f 4079/144/3521 4078/143/3520 4080/145/3522
f 4081/146/3523 4079/144/3521 4080/145/3522
f 4081/146/3523 4080/145/3522 4082/147/3524
f 4083/148/3525 4081/146/3523 4082/147/3524
f 4083/148/3525 4082/147/3524 4084/149/3526
f 4085/150/3527 4083/148/3525 4084/149/3526
f 4085/150/3527 4084/149/3526 4086/151/3528
f 4087/152/3529 4088/153/3530 4089/154/3531
f 4087/152/3529 4089/154/3531 4027/92/3469
f 4029/94/3471 4090/155/3532 4091/156/3533
f 4029/94/3471 4091/156/3533 4030/95/3472
f 4092/157/3534 4093/158/3518 4094/159/3513
f 4092/157/3534 4094/159/3513 4095/160/3535
f 4095/160/3535 4094/159/3513 4096/161/3516
f 4095/160/3535 4096/161/3516 4097/162/3536
f 4098/163/3536 4099/164/3516 4100/165/3537
f 4098/163/3536 4100/165/3537 4101/166/3538
f 4102/167/3522 4103/168/3520 4104/169/3539
f 4102/167/3522 4104/169/3539 4105/170/3540
f 4103/168/3520 4093/158/3518 4092/157/3534
f 4103/168/3520 4092/157/3534 4104/169/3539
f 4106/171/3526 4107/172/3524 4108/173/3541
f 4106/171/3526 4108/173/3541 4109/174/3542
f 4107/172/3524 4102/167/3522 4105/170/3540
f 4107/172/3524 4105/170/3540 4108/173/3541
f 4110/175/3543 4111/176/3544 4112/177/3545
f 4110/175/3543 4112/177/3545 4113/178/3546
f 4113/178/3546 4112/177/3545 4114/179/3528
f 4113/178/3546 4114/179/3528 4115/180/3547
f 4114/179/3528 4106/171/3526 4109/174/3542
f 4114/179/3528 4109/174/3542 4115/180/3547
f 4116/181/3548 4117/182/3549 4118/183/3550
f 4116/181/3548 4118/183/3550 4119/184/3551
f 4120/185/3552 4121/186/3553 4122/187/3554
f 4120/185/3552 4122/187/3554 4123/188/3555
f 365/22/365 4124/189/3556 4125/190/3557
f 365/22/365 4125/190/3557 4126/191/3558
f 4127/192/3556 4128/193/3559 4129/194/3560
f 4127/192/3556 4129/194/3560 4130/195/3557
f 4131/196/3561 4132/197/3545 4133/198/3562
f 4131/196/3561 4133/198/3562 4134/199/3563
f 4135/200/3545 4120/185/3552 4136/201/3564
f 4135/200/3545 4136/201/3564 4137/202/3562
f 4138/203/3565 4139/204/3566 4030/95/3472
f 4138/203/3565 4030/95/3472 4091/156/3533
f 4139/204/3566 4140/205/3567 4010/75/3452
f 4139/204/3566 4010/75/3452 4030/95/3472
f 354/11/354 4141/206/3568 4142/207/3569
f 354/11/354 4142/207/3569 349/6/349
f 4141/206/3568 4143/208/3570 4144/209/3571
f 4141/206/3568 4144/209/3571 4142/207/3569
f 480/71/479 4145/210/3572 362/19/362
f 480/71/479 362/19/362 361/18/361
f 482/72/481 4140/205/3567 4145/210/3572
f 482/72/481 4145/210/3572 480/71/479
f 4010/75/3452 4140/205/3567 482/72/481
f 4010/75/3452 482/72/481 4011/76/3453
f 345/2/345 4146/211/3573 4026/91/3468
f 345/2/345 4026/91/3468 4147/212/3574
f 355/12/355 4069/134/3511 481/30/480
f 355/12/355 481/30/480 356/13/356
f 357/14/357 359/16/359 4148/31/3575
f 357/14/357 4148/31/3575 4149/32/3576
f 4144/209/3571 4150/213/3577 4151/214/3578
f 4144/209/3571 4151/214/3578 4152/215/3579
f 356/13/356 481/30/480 361/18/361
f 356/13/356 361/18/361 360/17/360
f 4070/135/3512 355/12/355 354/11/354
f 4070/135/3512 354/11/354 348/5/348
f 4153/70/3580 4154/29/3581 358/15/358
f 4153/70/3580 358/15/358 357/14/357
f 4155/216/3582 4156/217/3583 4157/218/3584
f 4155/216/3582 4157/218/3584 4158/219/3585
f 4148/31/3575 359/16/359 364/21/364
f 4148/31/3575 364/21/364 363/20/363
f 4157/218/3584 4159/220/3586 4143/208/3570
f 4157/218/3584 4143/208/3570 4158/219/3585
f 4160/221/3587 4156/217/3583 4155/216/3582
f 4160/221/3587 4155/216/3582 4161/222/3588
f 348/5/348 354/11/354 349/6/349
f 348/5/348 349/6/349 347/4/347
f 4143/208/3570 4159/220/3586 4150/213/3577
f 4143/208/3570 4150/213/3577 4144/209/3571
f 358/15/358 4154/29/3581 352/9/352
f 358/15/358 352/9/352 351/8/351
f 4151/214/3578 4162/223/3589 4163/224/3590
f 4151/214/3578 4163/224/3590 4152/215/3579
f 4162/223/3589 4164/225/3591 4165/226/3592
f 4162/223/3589 4165/226/3592 4163/224/3590
f 4164/225/3591 4123/188/3555 4087/152/3529
f 4164/225/3591 4087/152/3529 4165/226/3592
f 4119/184/3551 4166/227/3593 4138/203/3565
f 4119/184/3551 4138/203/3565 4091/156/3533
f 4166/227/3593 4167/228/3594 4168/229/3595
f 4166/227/3593 4168/229/3595 4138/203/3565
f 4167/228/3594 4160/221/3587 4161/222/3588
f 4167/228/3594 4161/222/3588 4168/229/3595
f 4128/193/3559 4169/230/3596 4156/217/3583
f 4128/193/3559 4156/217/3583 4160/221/3587
f 4157/218/3584 4156/217/3583 4169/230/3596
f 4157/218/3584 4169/230/3596 4170/231/3597
f 4171/232/3598 4159/220/3586 4157/218/3584
f 4171/232/3598 4157/218/3584 4170/231/3597
f 4150/213/3577 4159/220/3586 4171/232/3598
f 4150/213/3577 4171/232/3598 4172/233/3599
f 4151/214/3578 4150/213/3577 4172/233/3599
f 4151/214/3578 4172/233/3599 4173/234/3600
f 4173/234/3600 4174/235/3601 4162/223/3589
f 4173/234/3600 4162/223/3589 4151/214/3578
f 4174/235/3601 4136/201/3564 4164/225/3591
f 4174/235/3601 4164/225/3591 4162/223/3589
f 4136/201/3564 4120/185/3552 4123/188/3555
f 4136/201/3564 4123/188/3555 4164/225/3591
f 4118/183/3550 4175/236/3602 4166/227/3593
f 4118/183/3550 4166/227/3593 4119/184/3551
f 4175/236/3602 4129/194/3560 4167/228/3594
f 4175/236/3602 4167/228/3594 4166/227/3593
f 4129/194/3560 4128/193/3559 4160/221/3587
f 4129/194/3560 4160/221/3587 4167/228/3594
f 4126/191/3558 4125/190/3557 4176/237/3603
f 4126/191/3558 4176/237/3603 4177/238/3604
f 4130/195/3557 4129/194/3560 4175/236/3602
f 4130/195/3557 4175/236/3602 4178/239/3603
f 4177/238/3604 4176/237/3603 4074/139/3516
f 4177/238/3604 4074/139/3516 4073/138/3515
f 4178/239/3603 4175/236/3602 4118/183/3550
f 4178/239/3603 4118/183/3550 4179/240/3516
f 4134/199/3563 4133/198/3562 4180/241/3605
f 4134/199/3563 4180/241/3605 4181/242/3606
f 4137/202/3562 4136/201/3564 4174/235/3601
f 4137/202/3562 4174/235/3601 4182/243/3605
f 4181/242/3606 4180/241/3605 4183/244/3607
f 4181/242/3606 4183/244/3607 353/10/353
f 4182/243/3605 4174/235/3601 4173/234/3600
f 4182/243/3605 4173/234/3600 4184/245/3607
f 353/10/353 4183/244/3607 4185/246/3608
f 353/10/353 4185/246/3608 351/8/351
f 4184/245/3607 4173/234/3600 4172/233/3599
f 4184/245/3607 4172/233/3599 4186/247/3608
f 4128/193/3559 4127/192/3556 4187/248/3609
f 4128/193/3559 4187/248/3609 4169/230/3596
f 4124/189/3556 365/22/365 364/21/364
f 4124/189/3556 364/21/364 4188/249/3609
f 4145/210/3572 4189/250/3610 4190/251/3611
f 4145/210/3572 4190/251/3611 362/19/362
f 4189/250/3610 4168/229/3595 4161/222/3588
f 4189/250/3610 4161/222/3588 4190/251/3611
f 362/19/362 4190/251/3611 4191/252/3612
f 362/19/362 4191/252/3612 360/17/360
f 4190/251/3611 4161/222/3588 4155/216/3582
f 4190/251/3611 4155/216/3582 4191/252/3612
f 4168/229/3595 4189/250/3610 4139/204/3566
f 4168/229/3595 4139/204/3566 4138/203/3565
f 4189/250/3610 4145/210/3572 4140/205/3567
f 4189/250/3610 4140/205/3567 4139/204/3566
f 4087/152/3529 4027/92/3469 4192/253/3613
f 4087/152/3529 4192/253/3613 4165/226/3592
f 4027/92/3469 4026/91/3468 4146/211/3573
f 4027/92/3469 4146/211/3573 4192/253/3613
f 4165/226/3592 4192/253/3613 4193/254/3614
f 4165/226/3592 4193/254/3614 4163/224/3590
f 4192/253/3613 4146/211/3573 4194/255/3615
f 4192/253/3613 4194/255/3615 4193/254/3614
f 4163/224/3590 4193/254/3614 4195/256/3616
f 4163/224/3590 4195/256/3616 4152/215/3579
f 4193/254/3614 4194/255/3615 350/7/350
f 4193/254/3614 350/7/350 4195/256/3616
f 4143/208/3570 4141/206/3568 4196/257/3617
f 4143/208/3570 4196/257/3617 4158/219/3585
f 4141/206/3568 354/11/354 356/13/356
f 4141/206/3568 356/13/356 4196/257/3617
f 4152/215/3579 4195/256/3616 4142/207/3569
f 4152/215/3579 4142/207/3569 4144/209/3571
f 4195/256/3616 350/7/350 349/6/349
f 4195/256/3616 349/6/349 4142/207/3569
f 358/15/358 4197/258/3618 4198/259/3619
f 358/15/358 4198/259/3619 359/16/359
f 4199/260/3618 4171/232/3598 4170/231/3597
f 4199/260/3618 4170/231/3597 4200/261/3619
f 4171/232/3598 4199/260/3618 4186/247/3608
f 4171/232/3598 4186/247/3608 4172/233/3599
f 4197/258/3618 358/15/358 351/8/351
f 4197/258/3618 351/8/351 4185/246/3608
f 360/17/360 4191/252/3612 4196/257/3617
f 360/17/360 4196/257/3617 356/13/356
f 4191/252/3612 4155/216/3582 4158/219/3585
f 4191/252/3612 4158/219/3585 4196/257/3617
f 4169/230/3596 4187/248/3609 4201/262/3619
f 4169/230/3596 4201/262/3619 4170/231/3597
f 4188/249/3609 364/21/364 359/16/359
f 4188/249/3609 359/16/359 4198/259/3619
f 4120/185/3552 4135/200/3545 4202/263/3544
f 4120/185/3552 4202/263/3544 4121/186/3553
f 4131/196/3561 4085/150/3527 4086/151/3528
f 4131/196/3561 4086/151/3528 4132/197/3545
f 4013/78/3455 4009/74/3451 4012/77/3454
f 4013/78/3455 4012/77/3454 4203/264/3620
f 4016/81/3458 4013/78/3455 4203/264/3620
f 4016/81/3458 4203/264/3620 4204/265/3621
f 4018/83/3460 4016/81/3458 4204/265/3621
f 4018/83/3460 4204/265/3621 4205/266/3622
f 4020/85/3462 4018/83/3460 4205/266/3622
f 4020/85/3462 4205/266/3622 4206/267/3623
f 4022/87/3464 4020/85/3462 4206/267/3623
f 4022/87/3464 4206/267/3623 4207/268/3624
f 4024/89/3466 4022/87/3464 4207/268/3624
f 4024/89/3466 4207/268/3624 4208/269/3625
f 4010/75/3452 4009/74/3451 4015/80/3457
f 4010/75/3452 4015/80/3457 4030/95/3472
f 4026/91/3468 4024/89/3466 4208/269/3625
f 4026/91/3468 4208/269/3625 4147/212/3574
f 4123/188/3555 4122/187/3554 4088/153/3530
f 4123/188/3555 4088/153/3530 4087/152/3529
f 4090/155/3532 4116/181/3548 4119/184/3551
f 4090/155/3532 4119/184/3551 4091/156/3533
f 4118/183/3550 4117/182/3549 4209/270/3537
f 4118/183/3550 4209/270/3537 4179/240/3516
f 4210/271/3626 4116/181/3548 4090/155/3532
f 4210/271/3626 4090/155/3532 4211/272/3627
f 4212/273/3628 4117/182/3549 4116/181/3548
f 4212/273/3628 4116/181/3548 4210/271/3626
f 4209/270/3537 4117/182/3549 4212/273/3628
f 4209/270/3537 4212/273/3628 4213/274/3629
f 4100/165/3537 4214/275/3629 4215/276/3630
f 4100/165/3537 4215/276/3630 4101/166/3538
f 4215/276/3630 4214/275/3629 4111/176/3544
f 4215/276/3630 4111/176/3544 4110/175/3543
f 4121/186/3553 4202/263/3544 4213/274/3629
f 4121/186/3553 4213/274/3629 4212/273/3628
f 4122/187/3554 4121/186/3553 4212/273/3628
f 4122/187/3554 4212/273/3628 4210/271/3626
f 4088/153/3530 4122/187/3554 4210/271/3626
f 4088/153/3530 4210/271/3626 4211/272/3627
f 4089/154/3531 4088/153/3530 4211/272/3627
f 4089/154/3531 4211/272/3627 4216/277/3631
f 4216/277/3631 4036/101/3478 4035/100/3477
f 4216/277/3631 4035/100/3477 4089/154/3531
f 4216/277/3631 4034/99/3476 4033/98/3475
f 4216/277/3631 4033/98/3475 4036/101/3478
f 4216/277/3631 4032/97/3474 4031/96/3473
f 4216/277/3631 4031/96/3473 4034/99/3476
f 4029/94/3471 4028/93/3470 4032/97/3474
f 4029/94/3471 4032/97/3474 4216/277/3631
f 4216/277/3631 4211/272/3627 4090/155/3532
f 4216/277/3631 4090/155/3532 4029/94/3471
f 4015/80/3457 4014/79/3456 4032/97/3474
f 4015/80/3457 4032/97/3474 4028/93/3470
f 4034/99/3476 4031/96/3473 4017/82/3459
f 4034/99/3476 4017/82/3459 4019/84/3461
f 4036/101/3478 4033/98/3475 4021/86/3463
f 4036/101/3478 4021/86/3463 4023/88/3465
f 4089/154/3531 4035/100/3477 4025/90/3467
f 4089/154/3531 4025/90/3467 4027/92/3469
f 4149/32/3576 366/23/366 368/25/368
f 4149/32/3576 368/25/368 4217/278/3632
f 483/73/482 4069/134/3511 4218/279/3633
f 483/73/482 4218/279/3633 4219/280/3634
f 482/72/481 483/73/482 4219/280/3634
f 482/72/481 4219/280/3634 4220/281/3635
f 4073/138/3515 4221/282/3636 367/24/367
f 4073/138/3515 367/24/367 4177/238/3604
f 4011/76/3453 482/72/481 4220/281/3635
f 4011/76/3453 4220/281/3635 4222/283/3637
f 4072/137/3514 4223/284/3638 4221/282/3636
f 4072/137/3514 4221/282/3636 4073/138/3515
f 4012/77/3454 4011/76/3453 4222/283/3637
f 4012/77/3454 4222/283/3637 4224/285/3639
f 4075/140/3517 4225/286/3640 4223/284/3638
f 4075/140/3517 4223/284/3638 4072/137/3514
f 4203/264/3620 4012/77/3454 4224/285/3639
f 4203/264/3620 4224/285/3639 4226/287/3641
f 4077/142/3519 4227/288/3642 4225/286/3640
f 4077/142/3519 4225/286/3640 4075/140/3517
f 4204/265/3621 4203/264/3620 4226/287/3641
f 4204/265/3621 4226/287/3641 4228/289/3643
f 4079/144/3521 4229/290/3644 4227/288/3642
f 4079/144/3521 4227/288/3642 4077/142/3519
f 4205/266/3622 4204/265/3621 4228/289/3643
f 4205/266/3622 4228/289/3643 4230/291/3645
f 4081/146/3523 4231/292/3646 4229/290/3644
f 4081/146/3523 4229/290/3644 4079/144/3521
f 4206/267/3623 4205/266/3622 4230/291/3645
f 4206/267/3623 4230/291/3645 4232/293/3647
f 4083/148/3525 4233/294/3648 4231/292/3646
f 4083/148/3525 4231/292/3646 4081/146/3523
f 4207/268/3624 4206/267/3623 4232/293/3647
f 4207/268/3624 4232/293/3647 4234/295/3649
f 4085/150/3527 4235/296/3650 4233/294/3648
f 4085/150/3527 4233/294/3648 4083/148/3525
f 4208/269/3625 4207/268/3624 4234/295/3649
f 4208/269/3625 4234/295/3649 4236/297/3651
f 4131/196/3561 4237/298/3652 4235/296/3650
f 4131/196/3561 4235/296/3650 4085/150/3527
f 4147/212/3574 4208/269/3625 4236/297/3651
f 4147/212/3574 4236/297/3651 4238/299/3653
f 4134/199/3563 369/26/369 4237/298/3652
f 4134/199/3563 4237/298/3652 4131/196/3561
f 345/2/345 4147/212/3574 4238/299/3653
f 345/2/345 4238/299/3653 4239/300/3654
f 4181/242/3606 370/27/370 369/26/369
f 4181/242/3606 369/26/369 4134/199/3563
f 346/3/346 345/2/345 4239/300/3654
f 346/3/346 4239/300/3654 4240/301/3655
f 352/9/352 370/27/370 4181/242/3606
f 352/9/352 4181/242/3606 353/10/353
f 4070/135/3512 346/3/346 4240/301/3655
f 4070/135/3512 4240/301/3655 4241/302/3656
f 4153/70/3580 357/14/357 4242/303/3657
f 4153/70/3580 4242/303/3657 4243/304/3658
f 355/12/355 4070/135/3512 4241/302/3656
f 355/12/355 4241/302/3656 4244/305/3659
f 357/14/357 4149/32/3576 4217/278/3632
f 357/14/357 4217/278/3632 4242/303/3657
f 4069/134/3511 355/12/355 4244/305/3659
f 4069/134/3511 4244/305/3659 4218/279/3633
f 4245/306/3660 4246/307/3661 4247/308/3483
f 4245/306/3660 4247/308/3483 4248/309/3480
f 4246/307/3661 4249/310/3662 4250/311/3485
f 4246/307/3661 4250/311/3485 4247/308/3483
f 4249/310/3662 4251/312/3663 4252/313/3487
f 4249/310/3662 4252/313/3487 4250/311/3485
f 4251/312/3663 4253/314/3664 4254/315/3489
f 4251/312/3663 4254/315/3489 4252/313/3487
f 4253/314/3664 4255/316/3665 4256/317/3491
f 4253/314/3664 4256/317/3491 4254/315/3489
f 4255/316/3665 4257/318/3666 4258/319/3493
f 4255/316/3665 4258/319/3493 4256/317/3491
f 4257/318/3666 4259/320/3667 4260/321/3495
f 4257/318/3666 4260/321/3495 4258/319/3493
f 4259/320/3667 4261/322/3668 4262/323/3497
f 4259/320/3667 4262/323/3497 4260/321/3495
f 4261/322/3668 4263/324/3669 4264/325/3499
f 4261/322/3668 4264/325/3499 4262/323/3497
f 4263/324/3669 4265/326/3670 4266/327/3501
f 4263/324/3669 4266/327/3501 4264/325/3499
f 4265/326/3670 4267/328/3671 4268/329/3503
f 4265/326/3670 4268/329/3503 4266/327/3501
f 4267/328/3671 4269/330/3672 4270/331/3505
f 4267/328/3671 4270/331/3505 4268/329/3503
f 4269/330/3672 4271/332/3673 4272/333/3507
f 4269/330/3672 4272/333/3507 4270/331/3505
f 4271/332/3673 4273/334/3674 4274/335/3509
f 4271/332/3673 4274/335/3509 4272/333/3507
f 4273/334/3674 4275/336/3675 4276/337/3479
f 4273/334/3674 4276/337/3479 4274/335/3509
f 4275/336/3675 4245/306/3660 4248/309/3480
f 4275/336/3675 4248/309/3480 4276/337/3479
f 4040/105/3482 4039/104/3481 4219/280/3634
f 4040/105/3482 4219/280/3634 4218/279/3633
f 4068/133/3510 4040/105/3482 4218/279/3633
f 4068/133/3510 4218/279/3633 4244/305/3659
f 4066/131/3508 4068/133/3510 4244/305/3659
f 4066/131/3508 4244/305/3659 4241/302/3656
f 4064/129/3506 4066/131/3508 4241/302/3656
f 4064/129/3506 4241/302/3656 4240/301/3655
f 4062/127/3504 4064/129/3506 4240/301/3655
f 4062/127/3504 4240/301/3655 4239/300/3654
f 4060/125/3502 4062/127/3504 4239/300/3654
f 4060/125/3502 4239/300/3654 4238/299/3653
f 4058/123/3500 4060/125/3502 4238/299/3653
f 4058/123/3500 4238/299/3653 4236/297/3651
f 4056/121/3498 4058/123/3500 4236/297/3651
f 4056/121/3498 4236/297/3651 4234/295/3649
f 4054/119/3496 4056/121/3498 4234/295/3649
f 4054/119/3496 4234/295/3649 4232/293/3647
f 4052/117/3494 4054/119/3496 4232/293/3647
f 4052/117/3494 4232/293/3647 4230/291/3645
f 4050/115/3492 4052/117/3494 4230/291/3645
f 4050/115/3492 4230/291/3645 4228/289/3643
f 4048/113/3490 4050/115/3492 4228/289/3643
f 4048/113/3490 4228/289/3643 4226/287/3641
f 4046/111/3488 4048/113/3490 4226/287/3641
f 4046/111/3488 4226/287/3641 4224/285/3639
f 4044/109/3486 4046/111/3488 4224/285/3639
f 4044/109/3486 4224/285/3639 4222/283/3637
f 4042/107/3484 4044/109/3486 4222/283/3637
f 4042/107/3484 4222/283/3637 4220/281/3635
f 4039/104/3481 4042/107/3484 4220/281/3635
f 4039/104/3481 4220/281/3635 4219/280/3634
f 368/25/368 367/24/367 4246/307/3661
f 368/25/368 4246/307/3661 4245/306/3660
f 367/24/367 4221/282/3636 4249/310/3662
f 367/24/367 4249/310/3662 4246/307/3661
f 4221/282/3636 4223/284/3638 4251/312/3663
f 4221/282/3636 4251/312/3663 4249/310/3662
f 4223/284/3638 4225/286/3640 4253/314/3664
f 4223/284/3638 4253/314/3664 4251/312/3663
f 4225/286/3640 4227/288/3642 4255/316/3665
f 4225/286/3640 4255/316/3665 4253/314/3664
f 4227/288/3642 4229/290/3644 4257/318/3666
f 4227/288/3642 4257/318/3666 4255/316/3665
f 4229/290/3644 4231/292/3646 4259/320/3667
f 4229/290/3644 4259/320/3667 4257/318/3666
f 4231/292/3646 4233/294/3648 4261/322/3668
f 4231/292/3646 4261/322/3668 4259/320/3667
f 4233/294/3648 4235/296/3650 4263/324/3669
f 4233/294/3648 4263/324/3669 4261/322/3668
f 4235/296/3650 4237/298/3652 4265/326/3670
f 4235/296/3650 4265/326/3670 4263/324/3669
f 4237/298/3652 369/26/369 4267/328/3671
f 4237/298/3652 4267/328/3671 4265/326/3670
f 369/26/369 371/28/371 4269/330/3672
f 369/26/369 4269/330/3672 4267/328/3671
f 371/28/371 4243/304/3658 4271/332/3673
f 371/28/371 4271/332/3673 4269/330/3672
f 4243/304/3658 4242/303/3657 4273/334/3674
f 4243/304/3658 4273/334/3674 4271/332/3673
f 4242/303/3657 4217/278/3632 4275/336/3675
f 4242/303/3657 4275/336/3675 4273/334/3674
f 4217/278/3632 368/25/368 4245/306/3660
f 4217/278/3632 4245/306/3660 4275/336/3675
f 4126/191/3558 366/23/366 363/20/363
f 4126/191/3558 363/20/363 365/22/365
f 363/20/363 366/23/366 4149/32/3576
f 363/20/363 4149/32/3576 4148/31/3575
f 4153/70/3580 4243/304/3658 371/28/371
f 4153/70/3580 371/28/371 370/27/370
f 4153/70/3580 370/27/370 352/9/352
f 4153/70/3580 352/9/352 4154/29/3581
f 4177/238/3604 367/24/367 366/23/366
f 4177/238/3604 366/23/366 4126/191/3558
f 4277/74/3676 4278/75/3677 4279/76/3678
f 4277/74/3676 4279/76/3678 4280/77/3679
f 4277/74/3676 4281/78/3680 4282/79/3681
f 4277/74/3676 4282/79/3681 4283/80/3682
f 4281/78/3680 4284/81/3683 4285/82/3684
f 4281/78/3680 4285/82/3684 4282/79/3681
f 4284/81/3683 4286/83/3685 4287/84/3686
f 4284/81/3683 4287/84/3686 4285/82/3684
f 4286/83/3685 4288/85/3687 4289/86/3688
f 4286/83/3685 4289/86/3688 4287/84/3686
f 4288/85/3687 4290/87/3689 4291/88/3690
f 4288/85/3687 4291/88/3690 4289/86/3688
f 4290/87/3689 4292/89/3691 4293/90/3692
f 4290/87/3689 4293/90/3692 4291/88/3690
f 4293/90/3692 4292/89/3691 4294/91/3693
f 4293/90/3692 4294/91/3693 4295/92/3694
f 4283/80/3682 4296/93/3695 4297/94/3696
f 4283/80/3682 4297/94/3696 4298/95/3697
f 4285/82/3684 4299/96/3698 4300/97/3699
f 4285/82/3684 4300/97/3699 4282/79/3681
f 4289/86/3688 4301/98/3700 4302/99/3701
f 4289/86/3688 4302/99/3701 4287/84/3686
f 4293/90/3692 4303/100/3702 4304/101/3703
f 4293/90/3692 4304/101/3703 4291/88/3690
f 4305/102/3704 4306/103/3705 4307/104/3706
f 4305/102/3704 4307/104/3706 4308/105/3707
f 4306/103/3705 4309/106/3708 4310/107/3709
f 4306/103/3705 4310/107/3709 4307/104/3706
f 4309/106/3708 4311/108/3710 4312/109/3711
f 4309/106/3708 4312/109/3711 4310/107/3709
f 4311/108/3710 4313/110/3712 4314/111/3713
f 4311/108/3710 4314/111/3713 4312/109/3711
f 4313/110/3712 4315/112/3714 4316/113/3715
f 4313/110/3712 4316/113/3715 4314/111/3713
f 4315/112/3714 4317/114/3716 4318/115/3717
f 4315/112/3714 4318/115/3717 4316/113/3715
f 4317/114/3716 4319/116/3718 4320/117/3719
f 4317/114/3716 4320/117/3719 4318/115/3717
f 4319/116/3718 4321/118/3720 4322/119/3721
f 4319/116/3718 4322/119/3721 4320/117/3719
f 4321/118/3720 4323/120/3722 4324/121/3723
f 4321/118/3720 4324/121/3723 4322/119/3721
f 4323/120/3722 4325/122/3724 4326/123/3725
f 4323/120/3722 4326/123/3725 4324/121/3723
f 4325/122/3724 4327/124/3726 4328/125/3727
f 4325/122/3724 4328/125/3727 4326/123/3725
f 4327/124/3726 4329/126/3728 4330/127/3729
f 4327/124/3726 4330/127/3729 4328/125/3727
f 4329/126/3728 4331/128/3730 4332/129/3731
f 4329/126/3728 4332/129/3731 4330/127/3729
f 4331/128/3730 4333/130/3732 4334/131/3733
f 4331/128/3730 4334/131/3733 4332/129/3731
f 4333/130/3732 4335/132/3734 4336/133/3735
f 4333/130/3732 4336/133/3735 4334/131/3733
f 4335/132/3734 4305/102/3704 4308/105/3707
f 4335/132/3734 4308/105/3707 4336/133/3735
f 4337/134/3736 467/73/466 464/71/463
f 4337/134/3736 464/71/463 465/30/464
f 374/3/374 4338/135/3737 376/5/376
f 374/3/374 376/5/376 372/1/372
f 4339/136/3738 4340/137/3739 4341/138/3740
f 4339/136/3738 4341/138/3740 4342/139/3741
f 4343/140/3742 4340/137/3739 4339/136/3738
f 4343/140/3742 4339/136/3738 4344/141/3743
f 4345/142/3744 4343/140/3742 4344/141/3743
f 4345/142/3744 4344/141/3743 4346/143/3745
f 4347/144/3746 4345/142/3744 4346/143/3745
f 4347/144/3746 4346/143/3745 4348/145/3747
f 4349/146/3748 4347/144/3746 4348/145/3747
f 4349/146/3748 4348/145/3747 4350/147/3749
f 4351/148/3750 4349/146/3748 4350/147/3749
f 4351/148/3750 4350/147/3749 4352/149/3751
f 4353/150/3752 4351/148/3750 4352/149/3751
f 4353/150/3752 4352/149/3751 4354/151/3753
f 4355/152/3754 4356/153/3755 4357/154/3756
f 4355/152/3754 4357/154/3756 4295/92/3694
f 4297/94/3696 4358/155/3757 4359/156/3758
f 4297/94/3696 4359/156/3758 4298/95/3697
f 4360/157/3759 4361/158/3743 4362/159/3738
f 4360/157/3759 4362/159/3738 4363/160/3760
f 4363/160/3760 4362/159/3738 4364/161/3741
f 4363/160/3760 4364/161/3741 4365/162/3761
f 4366/163/3761 4367/164/3741 4368/165/3762
f 4366/163/3761 4368/165/3762 4369/166/3763
f 4370/167/3747 4371/168/3745 4372/169/3764
f 4370/167/3747 4372/169/3764 4373/170/3765
f 4371/168/3745 4361/158/3743 4360/157/3759
f 4371/168/3745 4360/157/3759 4372/169/3764
f 4374/171/3751 4375/172/3749 4376/173/3766
f 4374/171/3751 4376/173/3766 4377/174/3767
f 4375/172/3749 4370/167/3747 4373/170/3765
f 4375/172/3749 4373/170/3765 4376/173/3766
f 4378/175/3768 4379/176/3769 4380/177/3770
f 4378/175/3768 4380/177/3770 4381/178/3771
f 4381/178/3771 4380/177/3770 4382/179/3753
f 4381/178/3771 4382/179/3753 4383/180/3772
f 4382/179/3753 4374/171/3751 4377/174/3767
f 4382/179/3753 4377/174/3767 4383/180/3772
f 4384/181/3773 4385/182/3774 4386/183/3775
f 4384/181/3773 4386/183/3775 4387/184/3776
f 4388/185/3777 4389/186/3778 4390/187/3779
f 4388/185/3777 4390/187/3779 4391/188/3780
f 393/22/393 4392/189/3781 4393/190/3782
f 393/22/393 4393/190/3782 4394/191/3783
f 4395/192/3781 4396/193/3784 4397/194/3785
f 4395/192/3781 4397/194/3785 4398/195/3782
f 4399/196/3786 4400/197/3770 4401/198/3787
f 4399/196/3786 4401/198/3787 4402/199/3788
f 4403/200/3770 4388/185/3777 4404/201/3789
f 4403/200/3770 4404/201/3789 4405/202/3787
f 4406/203/3790 4407/204/3791 4298/95/3697
f 4406/203/3790 4298/95/3697 4359/156/3758
f 4407/204/3791 4408/205/3792 4278/75/3677
f 4407/204/3791 4278/75/3677 4298/95/3697
f 382/11/382 4409/206/3793 4410/207/3794
f 382/11/382 4410/207/3794 377/6/377
f 4409/206/3793 4411/208/3795 4412/209/3796
f 4409/206/3793 4412/209/3796 4410/207/3794
f 464/71/463 4413/210/3797 390/19/390
f 464/71/463 390/19/390 389/18/389
f 466/72/465 4408/205/3792 4413/210/3797
f 466/72/465 4413/210/3797 464/71/463
f 4278/75/3677 4408/205/3792 466/72/465
f 4278/75/3677 466/72/465 4279/76/3678
f 373/2/373 4414/211/3798 4294/91/3693
f 373/2/373 4294/91/3693 4415/212/3799
f 383/12/383 4337/134/3736 465/30/464
f 383/12/383 465/30/464 384/13/384
f 385/14/385 387/16/387 4416/31/3800
f 385/14/385 4416/31/3800 4417/32/3801
f 4412/209/3796 4418/213/3802 4419/214/3803
f 4412/209/3796 4419/214/3803 4420/215/3804
f 384/13/384 465/30/464 389/18/389
f 384/13/384 389/18/389 388/17/388
f 4338/135/3737 383/12/383 382/11/382
f 4338/135/3737 382/11/382 376/5/376
f 4421/70/3805 4422/29/3806 386/15/386
f 4421/70/3805 386/15/386 385/14/385
f 4423/216/3807 4424/217/3808 4425/218/3809
f 4423/216/3807 4425/218/3809 4426/219/3810
f 4416/31/3800 387/16/387 392/21/392
f 4416/31/3800 392/21/392 391/20/391
f 4425/218/3809 4427/220/3811 4411/208/3795
f 4425/218/3809 4411/208/3795 4426/219/3810
f 4428/221/3812 4424/217/3808 4423/216/3807
f 4428/221/3812 4423/216/3807 4429/222/3813
f 376/5/376 382/11/382 377/6/377
f 376/5/376 377/6/377 375/4/375
f 4411/208/3795 4427/220/3811 4418/213/3802
f 4411/208/3795 4418/213/3802 4412/209/3796
f 386/15/386 4422/29/3806 380/9/380
f 386/15/386 380/9/380 379/8/379
f 4419/214/3803 4430/223/3814 4431/224/3815
f 4419/214/3803 4431/224/3815 4420/215/3804
f 4430/223/3814 4432/225/3816 4433/226/3817
f 4430/223/3814 4433/226/3817 4431/224/3815
f 4432/225/3816 4391/188/3780 4355/152/3754
f 4432/225/3816 4355/152/3754 4433/226/3817
f 4387/184/3776 4434/227/3818 4406/203/3790
f 4387/184/3776 4406/203/3790 4359/156/3758
f 4434/227/3818 4435/228/3819 4436/229/3820
f 4434/227/3818 4436/229/3820 4406/203/3790
f 4435/228/3819 4428/221/3812 4429/222/3813
f 4435/228/3819 4429/222/3813 4436/229/3820
f 4396/193/3784 4437/230/3821 4424/217/3808
f 4396/193/3784 4424/217/3808 4428/221/3812
f 4425/218/3809 4424/217/3808 4437/230/3821
f 4425/218/3809 4437/230/3821 4438/231/3822
f 4439/232/3823 4427/220/3811 4425/218/3809
f 4439/232/3823 4425/218/3809 4438/231/3822
f 4418/213/3802 4427/220/3811 4439/232/3823
f 4418/213/3802 4439/232/3823 4440/233/3824
f 4419/214/3803 4418/213/3802 4440/233/3824
f 4419/214/3803 4440/233/3824 4441/234/3825
f 4441/234/3825 4442/235/3826 4430/223/3814
f 4441/234/3825 4430/223/3814 4419/214/3803
f 4442/235/3826 4404/201/3789 4432/225/3816
f 4442/235/3826 4432/225/3816 4430/223/3814
f 4404/201/3789 4388/185/3777 4391/188/3780
f 4404/201/3789 4391/188/3780 4432/225/3816
f 4386/183/3775 4443/236/3827 4434/227/3818
f 4386/183/3775 4434/227/3818 4387/184/3776
f 4443/236/3827 4397/194/3785 4435/228/3819
f 4443/236/3827 4435/228/3819 4434/227/3818
f 4397/194/3785 4396/193/3784 4428/221/3812
f 4397/194/3785 4428/221/3812 4435/228/3819
f 4394/191/3783 4393/190/3782 4444/237/3828
f 4394/191/3783 4444/237/3828 4445/238/3829
f 4398/195/3782 4397/194/3785 4443/236/3827
f 4398/195/3782 4443/236/3827 4446/239/3828
f 4445/238/3829 4444/237/3828 4342/139/3741
f 4445/238/3829 4342/139/3741 4341/138/3740
f 4446/239/3828 4443/236/3827 4386/183/3775
f 4446/239/3828 4386/183/3775 4447/240/3741
f 4402/199/3788 4401/198/3787 4448/241/3830
f 4402/199/3788 4448/241/3830 4449/242/3831
f 4405/202/3787 4404/201/3789 4442/235/3826
f 4405/202/3787 4442/235/3826 4450/243/3830
f 4449/242/3831 4448/241/3830 4451/244/3832
f 4449/242/3831 4451/244/3832 381/10/381
f 4450/243/3830 4442/235/3826 4441/234/3825
f 4450/243/3830 4441/234/3825 4452/245/3832
f 381/10/381 4451/244/3832 4453/246/3833
f 381/10/381 4453/246/3833 379/8/379
f 4452/245/3832 4441/234/3825 4440/233/3824
f 4452/245/3832 4440/233/3824 4454/247/3833
f 4396/193/3784 4395/192/3781 4455/248/3834
f 4396/193/3784 4455/248/3834 4437/230/3821
f 4392/189/3781 393/22/393 392/21/392
f 4392/189/3781 392/21/392 4456/249/3834
f 4413/210/3797 4457/250/3835 4458/251/3836
f 4413/210/3797 4458/251/3836 390/19/390
f 4457/250/3835 4436/229/3820 4429/222/3813
f 4457/250/3835 4429/222/3813 4458/251/3836
f 390/19/390 4458/251/3836 4459/252/3837
f 390/19/390 4459/252/3837 388/17/388
f 4458/251/3836 4429/222/3813 4423/216/3807
f 4458/251/3836 4423/216/3807 4459/252/3837
f 4436/229/3820 4457/250/3835 4407/204/3791
f 4436/229/3820 4407/204/3791 4406/203/3790
f 4457/250/3835 4413/210/3797 4408/205/3792
f 4457/250/3835 4408/205/3792 4407/204/3791
f 4355/152/3754 4295/92/3694 4460/253/3838
f 4355/152/3754 4460/253/3838 4433/226/3817
f 4295/92/3694 4294/91/3693 4414/211/3798
f 4295/92/3694 4414/211/3798 4460/253/3838
f 4433/226/3817 4460/253/3838 4461/254/3839
f 4433/226/3817 4461/254/3839 4431/224/3815
f 4460/253/3838 4414/211/3798 4462/255/3840
f 4460/253/3838 4462/255/3840 4461/254/3839
f 4431/224/3815 4461/254/3839 4463/256/3841
f 4431/224/3815 4463/256/3841 4420/215/3804
f 4461/254/3839 4462/255/3840 378/7/378
f 4461/254/3839 378/7/378 4463/256/3841
f 4411/208/3795 4409/206/3793 4464/257/3842
f 4411/208/3795 4464/257/3842 4426/219/3810
f 4409/206/3793 382/11/382 384/13/384
f 4409/206/3793 384/13/384 4464/257/3842
f 4420/215/3804 4463/256/3841 4410/207/3794
f 4420/215/3804 4410/207/3794 4412/209/3796
f 4463/256/3841 378/7/378 377/6/377
f 4463/256/3841 377/6/377 4410/207/3794
f 386/15/386 4465/258/3843 4466/259/3844
f 386/15/386 4466/259/3844 387/16/387
f 4467/260/3843 4439/232/3823 4438/231/3822
f 4467/260/3843 4438/231/3822 4468/261/3844
f 4439/232/3823 4467/260/3843 4454/247/3833
f 4439/232/3823 4454/247/3833 4440/233/3824
f 4465/258/3843 386/15/386 379/8/379
f 4465/258/3843 379/8/379 4453/246/3833
f 388/17/388 4459/252/3837 4464/257/3842
f 388/17/388 4464/257/3842 384/13/384
f 4459/252/3837 4423/216/3807 4426/219/3810
f 4459/252/3837 4426/219/3810 4464/257/3842
f 4437/230/3821 4455/248/3834 4469/262/3844
f 4437/230/3821 4469/262/3844 4438/231/3822
f 4456/249/3834 392/21/392 387/16/387
f 4456/249/3834 387/16/387 4466/259/3844
f 4388/185/3777 4403/200/3770 4470/263/3769
f 4388/185/3777 4470/263/3769 4389/186/3778
f 4399/196/3786 4353/150/3752 4354/151/3753
f 4399/196/3786 4354/151/3753 4400/197/3770
f 4281/78/3680 4277/74/3676 4280/77/3679
f 4281/78/3680 4280/77/3679 4471/264/3845
f 4284/81/3683 4281/78/3680 4471/264/3845
f 4284/81/3683 4471/264/3845 4472/265/3846
f 4286/83/3685 4284/81/3683 4472/265/3846
f 4286/83/3685 4472/265/3846 4473/266/3847
f 4288/85/3687 4286/83/3685 4473/266/3847
f 4288/85/3687 4473/266/3847 4474/267/3848
f 4290/87/3689 4288/85/3687 4474/267/3848
f 4290/87/3689 4474/267/3848 4475/268/3849
f 4292/89/3691 4290/87/3689 4475/268/3849
f 4292/89/3691 4475/268/3849 4476/269/3850
f 4278/75/3677 4277/74/3676 4283/80/3682
f 4278/75/3677 4283/80/3682 4298/95/3697
f 4294/91/3693 4292/89/3691 4476/269/3850
f 4294/91/3693 4476/269/3850 4415/212/3799
f 4391/188/3780 4390/187/3779 4356/153/3755
f 4391/188/3780 4356/153/3755 4355/152/3754
f 4358/155/3757 4384/181/3773 4387/184/3776
f 4358/155/3757 4387/184/3776 4359/156/3758
f 4386/183/3775 4385/182/3774 4477/270/3762
f 4386/183/3775 4477/270/3762 4447/240/3741
f 4478/271/3851 4384/181/3773 4358/155/3757
f 4478/271/3851 4358/155/3757 4479/272/3852
f 4480/273/3853 4385/182/3774 4384/181/3773
f 4480/273/3853 4384/181/3773 4478/271/3851
f 4477/270/3762 4385/182/3774 4480/273/3853
f 4477/270/3762 4480/273/3853 4481/274/3854
f 4368/165/3762 4482/275/3854 4483/276/3855
f 4368/165/3762 4483/276/3855 4369/166/3763
f 4483/276/3855 4482/275/3854 4379/176/3769
f 4483/276/3855 4379/176/3769 4378/175/3768
f 4389/186/3778 4470/263/3769 4481/274/3854
f 4389/186/3778 4481/274/3854 4480/273/3853
f 4390/187/3779 4389/186/3778 4480/273/3853
f 4390/187/3779 4480/273/3853 4478/271/3851
f 4356/153/3755 4390/187/3779 4478/271/3851
f 4356/153/3755 4478/271/3851 4479/272/3852
f 4357/154/3756 4356/153/3755 4479/272/3852
f 4357/154/3756 4479/272/3852 4484/277/3856
f 4484/277/3856 4304/101/3703 4303/100/3702
f 4484/277/3856 4303/100/3702 4357/154/3756
f 4484/277/3856 4302/99/3701 4301/98/3700
f 4484/277/3856 4301/98/3700 4304/101/3703
f 4484/277/3856 4300/97/3699 4299/96/3698
f 4484/277/3856 4299/96/3698 4302/99/3701
f 4297/94/3696 4296/93/3695 4300/97/3699
f 4297/94/3696 4300/97/3699 4484/277/3856
f 4484/277/3856 4479/272/3852 4358/155/3757
f 4484/277/3856 4358/155/3757 4297/94/3696
f 4283/80/3682 4282/79/3681 4300/97/3699
f 4283/80/3682 4300/97/3699 4296/93/3695
f 4302/99/3701 4299/96/3698 4285/82/3684
f 4302/99/3701 4285/82/3684 4287/84/3686
f 4304/101/3703 4301/98/3700 4289/86/3688
f 4304/101/3703 4289/86/3688 4291/88/3690
f 4357/154/3756 4303/100/3702 4293/90/3692
f 4357/154/3756 4293/90/3692 4295/92/3694
f 4417/32/3801 394/23/394 396/25/396
f 4417/32/3801 396/25/396 4485/278/3857
f 467/73/466 4337/134/3736 4486/279/3858
f 467/73/466 4486/279/3858 4487/280/3859
f 466/72/465 467/73/466 4487/280/3859
f 466/72/465 4487/280/3859 4488/281/3860
f 4341/138/3740 4489/282/3861 395/24/395
f 4341/138/3740 395/24/395 4445/238/3829
f 4279/76/3678 466/72/465 4488/281/3860
f 4279/76/3678 4488/281/3860 4490/283/3862
f 4340/137/3739 4491/284/3863 4489/282/3861
f 4340/137/3739 4489/282/3861 4341/138/3740
f 4280/77/3679 4279/76/3678 4490/283/3862
f 4280/77/3679 4490/283/3862 4492/285/3864
f 4343/140/3742 4493/286/3865 4491/284/3863
f 4343/140/3742 4491/284/3863 4340/137/3739
f 4471/264/3845 4280/77/3679 4492/285/3864
f 4471/264/3845 4492/285/3864 4494/287/3866
f 4345/142/3744 4495/288/3867 4493/286/3865
f 4345/142/3744 4493/286/3865 4343/140/3742
f 4472/265/3846 4471/264/3845 4494/287/3866
f 4472/265/3846 4494/287/3866 4496/289/3868
f 4347/144/3746 4497/290/3869 4495/288/3867
f 4347/144/3746 4495/288/3867 4345/142/3744
f 4473/266/3847 4472/265/3846 4496/289/3868
f 4473/266/3847 4496/289/3868 4498/291/3870
f 4349/146/3748 4499/292/3871 4497/290/3869
f 4349/146/3748 4497/290/3869 4347/144/3746
f 4474/267/3848 4473/266/3847 4498/291/3870
f 4474/267/3848 4498/291/3870 4500/293/3872
f 4351/148/3750 4501/294/3873 4499/292/3871
f 4351/148/3750 4499/292/3871 4349/146/3748
f 4475/268/3849 4474/267/3848 4500/293/3872
f 4475/268/3849 4500/293/3872 4502/295/3874
f 4353/150/3752 4503/296/3875 4501/294/3873
f 4353/150/3752 4501/294/3873 4351/148/3750
f 4476/269/3850 4475/268/3849 4502/295/3874
f 4476/269/3850 4502/295/3874 4504/297/3876
f 4399/196/3786 4505/298/3877 4503/296/3875
f 4399/196/3786 4503/296/3875 4353/150/3752
f 4415/212/3799 4476/269/3850 4504/297/3876
f 4415/212/3799 4504/297/3876 4506/299/3878
f 4402/199/3788 397/26/397 4505/298/3877
f 4402/199/3788 4505/298/3877 4399/196/3786
f 373/2/373 4415/212/3799 4506/299/3878
f 373/2/373 4506/299/3878 4507/300/3879
f 4449/242/3831 398/27/398 397/26/397
f 4449/242/3831 397/26/397 4402/199/3788
f 374/3/374 373/2/373 4507/300/3879
f 374/3/374 4507/300/3879 4508/301/3880
f 380/9/380 398/27/398 4449/242/3831
f 380/9/380 4449/242/3831 381/10/381
f 4338/135/3737 374/3/374 4508/301/3880
f 4338/135/3737 4508/301/3880 4509/302/3881
f 4421/70/3805 385/14/385 4510/303/3882
f 4421/70/3805 4510/303/3882 4511/304/3883
f 383/12/383 4338/135/3737 4509/302/3881
f 383/12/383 4509/302/3881 4512/305/3884
f 385/14/385 4417/32/3801 4485/278/3857
f 385/14/385 4485/278/3857 4510/303/3882
f 4337/134/3736 383/12/383 4512/305/3884
f 4337/134/3736 4512/305/3884 4486/279/3858
f 4513/306/3885 4514/307/3886 4515/308/3708
f 4513/306/3885 4515/308/3708 4516/309/3705
f 4514/307/3886 4517/310/3887 4518/311/3710
f 4514/307/3886 4518/311/3710 4515/308/3708
f 4517/310/3887 4519/312/3888 4520/313/3712
f 4517/310/3887 4520/313/3712 4518/311/3710
f 4519/312/3888 4521/314/3889 4522/315/3714
f 4519/312/3888 4522/315/3714 4520/313/3712
f 4521/314/3889 4523/316/3890 4524/317/3716
f 4521/314/3889 4524/317/3716 4522/315/3714
f 4523/316/3890 4525/318/3891 4526/319/3718
f 4523/316/3890 4526/319/3718 4524/317/3716
f 4525/318/3891 4527/320/3892 4528/321/3720
f 4525/318/3891 4528/321/3720 4526/319/3718
f 4527/320/3892 4529/322/3893 4530/323/3722
f 4527/320/3892 4530/323/3722 4528/321/3720
f 4529/322/3893 4531/324/3894 4532/325/3724
f 4529/322/3893 4532/325/3724 4530/323/3722
f 4531/324/3894 4533/326/3895 4534/327/3726
f 4531/324/3894 4534/327/3726 4532/325/3724
f 4533/326/3895 4535/328/3896 4536/329/3728
f 4533/326/3895 4536/329/3728 4534/327/3726
f 4535/328/3896 4537/330/3897 4538/331/3730
f 4535/328/3896 4538/331/3730 4536/329/3728
f 4537/330/3897 4539/332/3898 4540/333/3732
f 4537/330/3897 4540/333/3732 4538/331/3730
f 4539/332/3898 4541/334/3899 4542/335/3734
f 4539/332/3898 4542/335/3734 4540/333/3732
f 4541/334/3899 4543/336/3900 4544/337/3704
f 4541/334/3899 4544/337/3704 4542/335/3734
f 4543/336/3900 4513/306/3885 4516/309/3705
f 4543/336/3900 4516/309/3705 4544/337/3704
f 4308/105/3707 4307/104/3706 4487/280/3859
f 4308/105/3707 4487/280/3859 4486/279/3858
f 4336/133/3735 4308/105/3707 4486/279/3858
f 4336/133/3735 4486/279/3858 4512/305/3884
f 4334/131/3733 4336/133/3735 4512/305/3884
f 4334/131/3733 4512/305/3884 4509/302/3881
f 4332/129/3731 4334/131/3733 4509/302/3881
f 4332/129/3731 4509/302/3881 4508/301/3880
f 4330/127/3729 4332/129/3731 4508/301/3880
f 4330/127/3729 4508/301/3880 4507/300/3879
f 4328/125/3727 4330/127/3729 4507/300/3879
f 4328/125/3727 4507/300/3879 4506/299/3878
f 4326/123/3725 4328/125/3727 4506/299/3878
f 4326/123/3725 4506/299/3878 4504/297/3876
f 4324/121/3723 4326/123/3725 4504/297/3876
f 4324/121/3723 4504/297/3876 4502/295/3874
f 4322/119/3721 4324/121/3723 4502/295/3874
f 4322/119/3721 4502/295/3874 4500/293/3872
f 4320/117/3719 4322/119/3721 4500/293/3872
f 4320/117/3719 4500/293/3872 4498/291/3870
f 4318/115/3717 4320/117/3719 4498/291/3870
f 4318/115/3717 4498/291/3870 4496/289/3868
f 4316/113/3715 4318/115/3717 4496/289/3868
f 4316/113/3715 4496/289/3868 4494/287/3866
f 4314/111/3713 4316/113/3715 4494/287/3866
f 4314/111/3713 4494/287/3866 4492/285/3864
f 4312/109/3711 4314/111/3713 4492/285/3864
f 4312/109/3711 4492/285/3864 4490/283/3862
f 4310/107/3709 4312/109/3711 4490/283/3862
f 4310/107/3709 4490/283/3862 4488/281/3860
f 4307/104/3706 4310/107/3709 4488/281/3860
f 4307/104/3706 4488/281/3860 4487/280/3859
f 396/25/396 395/24/395 4514/307/3886
f 396/25/396 4514/307/3886 4513/306/3885
f 395/24/395 4489/282/3861 4517/310/3887
f 395/24/395 4517/310/3887 4514/307/3886
f 4489/282/3861 4491/284/3863 4519/312/3888
f 4489/282/3861 4519/312/3888 4517/310/3887
f 4491/284/3863 4493/286/3865 4521/314/3889
f 4491/284/3863 4521/314/3889 4519/312/3888
f 4493/286/3865 4495/288/3867 4523/316/3890
f 4493/286/3865 4523/316/3890 4521/314/3889
f 4495/288/3867 4497/290/3869 4525/318/3891
f 4495/288/3867 4525/318/3891 4523/316/3890
f 4497/290/3869 4499/292/3871 4527/320/3892
f 4497/290/3869 4527/320/3892 4525/318/3891
f 4499/292/3871 4501/294/3873 4529/322/3893
f 4499/292/3871 4529/322/3893 4527/320/3892
f 4501/294/3873 4503/296/3875 4531/324/3894
f 4501/294/3873 4531/324/3894 4529/322/3893
f 4503/296/3875 4505/298/3877 4533/326/3895
f 4503/296/3875 4533/326/3895 4531/324/3894
f 4505/298/3877 397/26/397 4535/328/3896
f 4505/298/3877 4535/328/3896 4533/326/3895
f 397/26/397 399/28/399 4537/330/3897
f 397/26/397 4537/330/3897 4535/328/3896
f 399/28/399 4511/304/3883 4539/332/3898
f 399/28/399 4539/332/3898 4537/330/3897
f 4511/304/3883 4510/303/3882 4541/334/3899
f 4511/304/3883 4541/334/3899 4539/332/3898
f 4510/303/3882 4485/278/3857 4543/336/3900
f 4510/303/3882 4543/336/3900 4541/334/3899
f 4485/278/3857 396/25/396 4513/306/3885
f 4485/278/3857 4513/306/3885 4543/336/3900
f 4394/191/3783 394/23/394 391/20/391
f 4394/191/3783 391/20/391 393/22/393
f 391/20/391 394/23/394 4417/32/3801
f 391/20/391 4417/32/3801 4416/31/3800
f 4421/70/3805 4511/304/3883 399/28/399
f 4421/70/3805 399/28/399 398/27/398
f 4421/70/3805 398/27/398 380/9/380
f 4421/70/3805 380/9/380 4422/29/3806
f 4445/238/3829 395/24/395 394/23/394
f 4445/238/3829 394/23/394 4394/191/3783
f 4545/429/3901 4546/430/3902 4547/431/3903
f 4545/429/3901 4547/431/3903 4548/432/3904
f 4549/433/3905 4548/432/3904 4547/431/3903
f 4549/433/3905 4547/431/3903 4550/434/3906
f 4548/432/3904 4549/433/3905 4551/435/3907
f 4548/432/3904 4551/435/3907 4552/436/3908
f 4553/437/3909 4548/432/3904 4552/436/3908
f 4553/437/3909 4552/436/3908 4554/438/3910
f 4548/432/3904 4553/437/3909 4555/439/3911
f 4548/432/3904 4555/439/3911 4556/440/3912
f 4557/441/3913 4545/429/3901 4548/432/3904
f 4557/441/3913 4548/432/3904 4556/440/3912
f 4558/442/3914 4559/443/3915 4560/444/3916
f 4558/442/3914 4560/444/3916 4561/445/3917
f 4562/446/3917 4563/447/3916 4564/448/3918
f 4562/446/3917 4564/448/3918 4565/449/3919
f 4565/449/3919 4564/448/3918 4566/450/3920
f 4565/449/3919 4566/450/3920 4567/451/3921
f 4566/450/3920 4568/452/3922 4569/453/3923
f 4566/450/3920 4569/453/3923 4567/451/3921
f 4569/453/3923 4568/452/3922 4570/454/3924
f 4569/453/3923 4570/454/3924 4571/455/3925
f 4570/454/3924 4572/456/3926 4573/457/3927
f 4570/454/3924 4573/457/3927 4571/455/3925
f 4573/457/3927 4572/456/3926 4574/458/3928
f 4573/457/3927 4574/458/3928 4575/459/3929
f 4574/458/3928 4576/460/3930 4577/461/3931
f 4574/458/3928 4577/461/3931 4575/459/3929
f 4577/461/3931 4576/460/3930 4578/462/3932
f 4577/461/3931 4578/462/3932 4579/463/3933
f 4578/462/3932 4580/464/3934 4581/465/3935
f 4578/462/3932 4581/465/3935 4579/463/3933
f 4580/464/3934 4582/466/3936 4583/467/3937
f 4580/464/3934 4583/467/3937 4581/465/3935
f 4582/466/3936 4559/443/3915 4558/442/3914
f 4582/466/3936 4558/442/3914 4583/467/3937
f 4584/468/3938 4585/469/3914 4586/470/3917
f 4584/468/3938 4586/470/3917 4587/471/3939
f 4587/471/3939 4586/470/3917 4588/472/3919
f 4587/471/3939 4588/472/3919 4589/473/3940
f 4589/473/3940 4588/472/3919 4590/474/3921
f 4589/473/3940 4590/474/3921 4591/475/3941
f 4592/476/3923 4593/477/3942 4591/475/3941
f 4592/476/3923 4591/475/3941 4590/474/3921
f 4593/477/3942 4592/476/3923 4594/478/3925
f 4593/477/3942 4594/478/3925 4595/479/3943
f 4596/480/3927 4597/481/3944 4595/479/3943
f 4596/480/3927 4595/479/3943 4594/478/3925
f 4597/481/3944 4596/480/3927 4598/482/3929
f 4597/481/3944 4598/482/3929 4599/483/3945
f 4600/484/3931 4601/485/3946 4599/483/3945
f 4600/484/3931 4599/483/3945 4598/482/3929
f 4601/485/3946 4600/484/3931 4602/486/3933
f 4601/485/3946 4602/486/3933 4603/487/3947
f 4604/488/3935 4605/489/3948 4603/487/3947
f 4604/488/3935 4603/487/3947 4602/486/3933
f 4606/490/3937 4607/491/3949 4605/489/3948
f 4606/490/3937 4605/489/3948 4604/488/3935
f 4585/469/3914 4584/468/3938 4607/491/3949
f 4585/469/3914 4607/491/3949 4606/490/3937
f 4608/492/3950 4609/493/3951 4610/494/3952
f 4608/492/3950 4610/494/3952 4611/495/3953
f 4609/493/3951 4608/492/3950 4612/496/3954
f 4609/493/3951 4612/496/3954 4613/497/3955
f 4611/495/3953 4610/494/3952 4614/498/3956
f 4611/495/3953 4614/498/3956 4615/499/3957
f 4615/499/3957 4614/498/3956 4616/500/3958
f 4615/499/3957 4616/500/3958 4617/501/3959
f 4618/502/3960 4619/503/3961 4617/501/3959
f 4618/502/3960 4617/501/3959 4616/500/3958
f 4619/503/3961 4618/502/3960 4620/504/3962
f 4619/503/3961 4620/504/3962 4621/505/3963
f 4622/506/3964 4623/507/3965 4621/505/3963
f 4622/506/3964 4621/505/3963 4620/504/3962
f 4623/507/3965 4622/506/3964 4624/508/3966
f 4623/507/3965 4624/508/3966 4625/509/3967
f 4626/510/3968 4627/511/3969 4625/509/3967
f 4626/510/3968 4625/509/3967 4624/508/3966
f 4627/511/3969 4626/510/3968 4628/512/3970
f 4627/511/3969 4628/512/3970 4629/513/3971
f 4630/514/3972 4631/515/3973 4629/513/3971
f 4630/514/3972 4629/513/3971 4628/512/3970
f 4613/497/3955 4612/496/3954 4631/515/3973
f 4613/497/3955 4631/515/3973 4630/514/3972
f 4545/429/3901 4608/492/3950 4611/495/3953
f 4545/429/3901 4611/495/3953 4546/430/3902
f 4546/430/3902 4611/495/3953 4615/499/3957
f 4546/430/3902 4615/499/3957 4547/431/3903
f 4547/431/3903 4615/499/3957 4617/501/3959
f 4547/431/3903 4617/501/3959 4550/434/3906
f 4619/503/3961 4549/433/3905 4550/434/3906
f 4619/503/3961 4550/434/3906 4617/501/3959
f 4549/433/3905 4619/503/3961 4621/505/3963
f 4549/433/3905 4621/505/3963 4551/435/3907
f 4623/507/3965 4552/436/3908 4551/435/3907
f 4623/507/3965 4551/435/3907 4621/505/3963
f 4552/436/3908 4623/507/3965 4625/509/3967
f 4552/436/3908 4625/509/3967 4554/438/3910
f 4627/511/3969 4553/437/3909 4554/438/3910
f 4627/511/3969 4554/438/3910 4625/509/3967
f 4553/437/3909 4627/511/3969 4629/513/3971
f 4553/437/3909 4629/513/3971 4555/439/3911
f 4631/515/3973 4556/440/3912 4555/439/3911
f 4631/515/3973 4555/439/3911 4629/513/3971
f 4612/496/3954 4557/441/3913 4556/440/3912
f 4612/496/3954 4556/440/3912 4631/515/3973
f 4608/492/3950 4545/429/3901 4557/441/3913
f 4608/492/3950 4557/441/3913 4612/496/3954
f 4609/493/3951 4632/516/3938 4633/517/3939
f 4609/493/3951 4633/517/3939 4610/494/3952
f 4610/494/3952 4633/517/3939 4634/518/3940
f 4610/494/3952 4634/518/3940 4614/498/3956
f 4614/498/3956 4634/518/3940 4635/519/3941
f 4614/498/3956 4635/519/3941 4616/500/3958
f 4636/520/3942 4618/502/3960 4616/500/3958
f 4636/520/3942 4616/500/3958 4635/519/3941
f 4618/502/3960 4636/520/3942 4637/521/3943
f 4618/502/3960 4637/521/3943 4620/504/3962
f 4638/522/3944 4622/506/3964 4620/504/3962
f 4638/522/3944 4620/504/3962 4637/521/3943
f 4622/506/3964 4638/522/3944 4639/523/3945
f 4622/506/3964 4639/523/3945 4624/508/3966
f 4640/524/3946 4626/510/3968 4624/508/3966
f 4640/524/3946 4624/508/3966 4639/523/3945
f 4626/510/3968 4640/524/3946 4641/525/3947
f 4626/510/3968 4641/525/3947 4628/512/3970
f 4642/526/3948 4630/514/3972 4628/512/3970
f 4642/526/3948 4628/512/3970 4641/525/3947
f 4643/527/3949 4613/497/3955 4630/514/3972
f 4643/527/3949 4630/514/3972 4642/526/3948
f 4632/516/3938 4609/493/3951 4613/497/3955
f 4632/516/3938 4613/497/3955 4643/527/3949
f 4644/429/3974 4645/430/3975 4646/431/3976
f 4644/429/3974 4646/431/3976 4647/432/3977
f 4648/433/3978 4647/432/3977 4646/431/3976
f 4648/433/3978 4646/431/3976 4649/434/3979
f 4647/432/3977 4648/433/3978 4650/435/3980
f 4647/432/3977 4650/435/3980 4651/436/3981
f 4652/437/3982 4647/432/3977 4651/436/3981
f 4652/437/3982 4651/436/3981 4653/438/3983
f 4647/432/3977 4652/437/3982 4654/439/3984
f 4647/432/3977 4654/439/3984 4655/440/3985
f 4656/441/3986 4644/429/3974 4647/432/3977
f 4656/441/3986 4647/432/3977 4655/440/3985
f 4657/442/3987 4658/443/3988 4659/444/3989
f 4657/442/3987 4659/444/3989 4660/445/3990
f 4661/446/3990 4662/447/3989 4663/448/3991
f 4661/446/3990 4663/448/3991 4664/449/3992
f 4664/449/3992 4663/448/3991 4665/450/3993
f 4664/449/3992 4665/450/3993 4666/451/3994
f 4665/450/3993 4667/452/3995 4668/453/3996
f 4665/450/3993 4668/453/3996 4666/451/3994
f 4668/453/3996 4667/452/3995 4669/454/3997
f 4668/453/3996 4669/454/3997 4670/455/3998
f 4669/454/3997 4671/456/3999 4672/457/4000
f 4669/454/3997 4672/457/4000 4670/455/3998
f 4672/457/4000 4671/456/3999 4673/458/4001
f 4672/457/4000 4673/458/4001 4674/459/4002
f 4673/458/4001 4675/460/4003 4676/461/4004
f 4673/458/4001 4676/461/4004 4674/459/4002
f 4676/461/4004 4675/460/4003 4677/462/4005
f 4676/461/4004 4677/462/4005 4678/463/4006
f 4677/462/4005 4679/464/4007 4680/465/4008
f 4677/462/4005 4680/465/4008 4678/463/4006
f 4679/464/4007 4681/466/4009 4682/467/4010
f 4679/464/4007 4682/467/4010 4680/465/4008
f 4681/466/4009 4658/443/3988 4657/442/3987
f 4681/466/4009 4657/442/3987 4682/467/4010
f 4683/468/4011 4684/469/3987 4685/470/3990
f 4683/468/4011 4685/470/3990 4686/471/4012
f 4686/471/4012 4685/470/3990 4687/472/3992
f 4686/471/4012 4687/472/3992 4688/473/4013
f 4688/473/4013 4687/472/3992 4689/474/3994
f 4688/473/4013 4689/474/3994 4690/475/4014
f 4691/476/3996 4692/477/4015 4690/475/4014
f 4691/476/3996 4690/475/4014 4689/474/3994
f 4692/477/4015 4691/476/3996 4693/478/3998
f 4692/477/4015 4693/478/3998 4694/479/4016
f 4695/480/4000 4696/481/4017 4694/479/4016
f 4695/480/4000 4694/479/4016 4693/478/3998
f 4696/481/4017 4695/480/4000 4697/482/4002
f 4696/481/4017 4697/482/4002 4698/483/4018
f 4699/484/4004 4700/485/4019 4698/483/4018
f 4699/484/4004 4698/483/4018 4697/482/4002
f 4700/485/4019 4699/484/4004 4701/486/4006
f 4700/485/4019 4701/486/4006 4702/487/4020
f 4703/488/4008 4704/489/4021 4702/487/4020
f 4703/488/4008 4702/487/4020 4701/486/4006
f 4705/490/4010 4706/491/4022 4704/489/4021
f 4705/490/4010 4704/489/4021 4703/488/4008
f 4684/469/3987 4683/468/4011 4706/491/4022
f 4684/469/3987 4706/491/4022 4705/490/4010
f 4707/492/4023 4708/493/4024 4709/494/4025
f 4707/492/4023 4709/494/4025 4710/495/4026
f 4708/493/4024 4707/492/4023 4711/496/4027
f 4708/493/4024 4711/496/4027 4712/497/4028
f 4710/495/4026 4709/494/4025 4713/498/4029
f 4710/495/4026 4713/498/4029 4714/499/4030
f 4714/499/4030 4713/498/4029 4715/500/4031
f 4714/499/4030 4715/500/4031 4716/501/4032
f 4717/502/4033 4718/503/4034 4716/501/4032
f 4717/502/4033 4716/501/4032 4715/500/4031
f 4718/503/4034 4717/502/4033 4719/504/4035
f 4718/503/4034 4719/504/4035 4720/505/4036
f 4721/506/4037 4722/507/4038 4720/505/4036
f 4721/506/4037 4720/505/4036 4719/504/4035
f 4722/507/4038 4721/506/4037 4723/508/4039
f 4722/507/4038 4723/508/4039 4724/509/4040
f 4725/510/4041 4726/511/4042 4724/509/4040
f 4725/510/4041 4724/509/4040 4723/508/4039
f 4726/511/4042 4725/510/4041 4727/512/4043
f 4726/511/4042 4727/512/4043 4728/513/4044
f 4729/514/4045 4730/515/4046 4728/513/4044
f 4729/514/4045 4728/513/4044 4727/512/4043
f 4712/497/4028 4711/496/4027 4730/515/4046
f 4712/497/4028 4730/515/4046 4729/514/4045
f 4644/429/3974 4707/492/4023 4710/495/4026
f 4644/429/3974 4710/495/4026 4645/430/3975
f 4645/430/3975 4710/495/4026 4714/499/4030
f 4645/430/3975 4714/499/4030 4646/431/3976
f 4646/431/3976 4714/499/4030 4716/501/4032
f 4646/431/3976 4716/501/4032 4649/434/3979
f 4718/503/4034 4648/433/3978 4649/434/3979
f 4718/503/4034 4649/434/3979 4716/501/4032
f 4648/433/3978 4718/503/4034 4720/505/4036
f 4648/433/3978 4720/505/4036 4650/435/3980
f 4722/507/4038 4651/436/3981 4650/435/3980
f 4722/507/4038 4650/435/3980 4720/505/4036
f 4651/436/3981 4722/507/4038 4724/509/4040
f 4651/436/3981 4724/509/4040 4653/438/3983
f 4726/511/4042 4652/437/3982 4653/438/3983
f 4726/511/4042 4653/438/3983 4724/509/4040
f 4652/437/3982 4726/511/4042 4728/513/4044
f 4652/437/3982 4728/513/4044 4654/439/3984
f 4730/515/4046 4655/440/3985 4654/439/3984
f 4730/515/4046 4654/439/3984 4728/513/4044
f 4711/496/4027 4656/441/3986 4655/440/3985
f 4711/496/4027 4655/440/3985 4730/515/4046
f 4707/492/4023 4644/429/3974 4656/441/3986
f 4707/492/4023 4656/441/3986 4711/496/4027
f 4708/493/4024 4731/516/4011 4732/517/4012
f 4708/493/4024 4732/517/4012 4709/494/4025
f 4709/494/4025 4732/517/4012 4733/518/4013
f 4709/494/4025 4733/518/4013 4713/498/4029
f 4713/498/4029 4733/518/4013 4734/519/4014
f 4713/498/4029 4734/519/4014 4715/500/4031
f 4735/520/4015 4717/502/4033 4715/500/4031
f 4735/520/4015 4715/500/4031 4734/519/4014
f 4717/502/4033 4735/520/4015 4736/521/4016
f 4717/502/4033 4736/521/4016 4719/504/4035
f 4737/522/4017 4721/506/4037 4719/504/4035
f 4737/522/4017 4719/504/4035 4736/521/4016
f 4721/506/4037 4737/522/4017 4738/523/4018
f 4721/506/4037 4738/523/4018 4723/508/4039
f 4739/524/4019 4725/510/4041 4723/508/4039
f 4739/524/4019 4723/508/4039 4738/523/4018
f 4725/510/4041 4739/524/4019 4740/525/4020
f 4725/510/4041 4740/525/4020 4727/512/4043
f 4741/526/4021 4729/514/4045 4727/512/4043
f 4741/526/4021 4727/512/4043 4740/525/4020
f 4742/527/4022 4712/497/4028 4729/514/4045
f 4742/527/4022 4729/514/4045 4741/526/4021
f 4731/516/4011 4708/493/4024 4712/497/4028
f 4731/516/4011 4712/497/4028 4742/527/4022
f 4743/429/4047 4744/430/4048 4745/431/4049
f 4743/429/4047 4745/431/4049 4746/432/4050
f 4747/433/4051 4746/432/4050 4745/431/4049
f 4747/433/4051 4745/431/4049 4748/434/4052
f 4746/432/4050 4747/433/4051 4749/435/4053
f 4746/432/4050 4749/435/4053 4750/436/4054
f 4751/437/4055 4746/432/4050 4750/436/4054
f 4751/437/4055 4750/436/4054 4752/438/4056
f 4746/432/4050 4751/437/4055 4753/439/4057
f 4746/432/4050 4753/439/4057 4754/440/4058
f 4755/441/4059 4743/429/4047 4746/432/4050
f 4755/441/4059 4746/432/4050 4754/440/4058
f 4756/442/4060 4757/443/4061 4758/444/4062
f 4756/442/4060 4758/444/4062 4759/445/4063
f 4760/446/4063 4761/447/4062 4762/448/4064
f 4760/446/4063 4762/448/4064 4763/449/4065
f 4763/449/4065 4762/448/4064 4764/450/4066
f 4763/449/4065 4764/450/4066 4765/451/4067
f 4764/450/4066 4766/452/4068 4767/453/4069
f 4764/450/4066 4767/453/4069 4765/451/4067
f 4767/453/4069 4766/452/4068 4768/454/4070
f 4767/453/4069 4768/454/4070 4769/455/4071
f 4768/454/4070 4770/456/4072 4771/457/4073
f 4768/454/4070 4771/457/4073 4769/455/4071
f 4771/457/4073 4770/456/4072 4772/458/4074
f 4771/457/4073 4772/458/4074 4773/459/4075
f 4772/458/4074 4774/460/4076 4775/461/4077
f 4772/458/4074 4775/461/4077 4773/459/4075
f 4775/461/4077 4774/460/4076 4776/462/4078
f 4775/461/4077 4776/462/4078 4777/463/4079
f 4776/462/4078 4778/464/4080 4779/465/4081
f 4776/462/4078 4779/465/4081 4777/463/4079
f 4778/464/4080 4780/466/4082 4781/467/4083
f 4778/464/4080 4781/467/4083 4779/465/4081
f 4780/466/4082 4757/443/4061 4756/442/4060
f 4780/466/4082 4756/442/4060 4781/467/4083
f 4782/468/4084 4783/469/4060 4784/470/4063
f 4782/468/4084 4784/470/4063 4785/471/4085
f 4785/471/4085 4784/470/4063 4786/472/4065
f 4785/471/4085 4786/472/4065 4787/473/4086
f 4787/473/4086 4786/472/4065 4788/474/4067
f 4787/473/4086 4788/474/4067 4789/475/4087
f 4790/476/4069 4791/477/4088 4789/475/4087
f 4790/476/4069 4789/475/4087 4788/474/4067
f 4791/477/4088 4790/476/4069 4792/478/4071
f 4791/477/4088 4792/478/4071 4793/479/4089
f 4794/480/4073 4795/481/4090 4793/479/4089
f 4794/480/4073 4793/479/4089 4792/478/4071
f 4795/481/4090 4794/480/4073 4796/482/4075
f 4795/481/4090 4796/482/4075 4797/483/4091
f 4798/484/4077 4799/485/4092 4797/483/4091
f 4798/484/4077 4797/483/4091 4796/482/4075
f 4799/485/4092 4798/484/4077 4800/486/4079
f 4799/485/4092 4800/486/4079 4801/487/4093
f 4802/488/4081 4803/489/4094 4801/487/4093
f 4802/488/4081 4801/487/4093 4800/486/4079
f 4804/490/4083 4805/491/4095 4803/489/4094
f 4804/490/4083 4803/489/4094 4802/488/4081
f 4783/469/4060 4782/468/4084 4805/491/4095
f 4783/469/4060 4805/491/4095 4804/490/4083
f 4806/492/4096 4807/493/4097 4808/494/4098
f 4806/492/4096 4808/494/4098 4809/495/4099
f 4807/493/4097 4806/492/4096 4810/496/4100
f 4807/493/4097 4810/496/4100 4811/497/4101
f 4809/495/4099 4808/494/4098 4812/498/4102
f 4809/495/4099 4812/498/4102 4813/499/4103
f 4813/499/4103 4812/498/4102 4814/500/4104
f 4813/499/4103 4814/500/4104 4815/501/4105
f 4816/502/4106 4817/503/4107 4815/501/4105
f 4816/502/4106 4815/501/4105 4814/500/4104
f 4817/503/4107 4816/502/4106 4818/504/4108
f 4817/503/4107 4818/504/4108 4819/505/4109
f 4820/506/4110 4821/507/4111 4819/505/4109
f 4820/506/4110 4819/505/4109 4818/504/4108
f 4821/507/4111 4820/506/4110 4822/508/4112
f 4821/507/4111 4822/508/4112 4823/509/4113
f 4824/510/4114 4825/511/4115 4823/509/4113
f 4824/510/4114 4823/509/4113 4822/508/4112
f 4825/511/4115 4824/510/4114 4826/512/4116
f 4825/511/4115 4826/512/4116 4827/513/4117
f 4828/514/4118 4829/515/4119 4827/513/4117
f 4828/514/4118 4827/513/4117 4826/512/4116
f 4811/497/4101 4810/496/4100 4829/515/4119
f 4811/497/4101 4829/515/4119 4828/514/4118
f 4743/429/4047 4806/492/4096 4809/495/4099
f 4743/429/4047 4809/495/4099 4744/430/4048
f 4744/430/4048 4809/495/4099 4813/499/4103
f 4744/430/4048 4813/499/4103 4745/431/4049
f 4745/431/4049 4813/499/4103 4815/501/4105
f 4745/431/4049 4815/501/4105 4748/434/4052
f 4817/503/4107 4747/433/4051 4748/434/4052
f 4817/503/4107 4748/434/4052 4815/501/4105
f 4747/433/4051 4817/503/4107 4819/505/4109
f 4747/433/4051 4819/505/4109 4749/435/4053
f 4821/507/4111 4750/436/4054 4749/435/4053
f 4821/507/4111 4749/435/4053 4819/505/4109
f 4750/436/4054 4821/507/4111 4823/509/4113
f 4750/436/4054 4823/509/4113 4752/438/4056
f 4825/511/4115 4751/437/4055 4752/438/4056
f 4825/511/4115 4752/438/4056 4823/509/4113
f 4751/437/4055 4825/511/4115 4827/513/4117
f 4751/437/4055 4827/513/4117 4753/439/4057
f 4829/515/4119 4754/440/4058 4753/439/4057
f 4829/515/4119 4753/439/4057 4827/513/4117
f 4810/496/4100 4755/441/4059 4754/440/4058
f 4810/496/4100 4754/440/4058 4829/515/4119
f 4806/492/4096 4743/429/4047 4755/441/4059
f 4806/492/4096 4755/441/4059 4810/496/4100
f 4807/493/4097 4830/516/4084 4831/517/4085
f 4807/493/4097 4831/517/4085 4808/494/4098
f 4808/494/4098 4831/517/4085 4832/518/4086
f 4808/494/4098 4832/518/4086 4812/498/4102
f 4812/498/4102 4832/518/4086 4833/519/4087
f 4812/498/4102 4833/519/4087 4814/500/4104
f 4834/520/4088 4816/502/4106 4814/500/4104
f 4834/520/4088 4814/500/4104 4833/519/4087
f 4816/502/4106 4834/520/4088 4835/521/4089
f 4816/502/4106 4835/521/4089 4818/504/4108
f 4836/522/4090 4820/506/4110 4818/504/4108
f 4836/522/4090 4818/504/4108 4835/521/4089
f 4820/506/4110 4836/522/4090 4837/523/4091
f 4820/506/4110 4837/523/4091 4822/508/4112
f 4838/524/4092 4824/510/4114 4822/508/4112
f 4838/524/4092 4822/508/4112 4837/523/4091
f 4824/510/4114 4838/524/4092 4839/525/4093
f 4824/510/4114 4839/525/4093 4826/512/4116
f 4840/526/4094 4828/514/4118 4826/512/4116
f 4840/526/4094 4826/512/4116 4839/525/4093
f 4841/527/4095 4811/497/4101 4828/514/4118
f 4841/527/4095 4828/514/4118 4840/526/4094
f 4830/516/4084 4807/493/4097 4811/497/4101
f 4830/516/4084 4811/497/4101 4841/527/4095
f 4842/429/4120 4843/430/4121 4844/431/4122
f 4842/429/4120 4844/431/4122 4845/432/4123
f 4846/433/4124 4845/432/4123 4844/431/4122
f 4846/433/4124 4844/431/4122 4847/434/4125
f 4845/432/4123 4846/433/4124 4848/435/4126
f 4845/432/4123 4848/435/4126 4849/436/4127
f 4850/437/4128 4845/432/4123 4849/436/4127
f 4850/437/4128 4849/436/4127 4851/438/4129
f 4845/432/4123 4850/437/4128 4852/439/4130
f 4845/432/4123 4852/439/4130 4853/440/4131
f 4854/441/4132 4842/429/4120 4845/432/4123
f 4854/441/4132 4845/432/4123 4853/440/4131
f 4855/442/4133 4856/443/4134 4857/444/4135
f 4855/442/4133 4857/444/4135 4858/445/4136
f 4859/446/4136 4860/447/4135 4861/448/4137
f 4859/446/4136 4861/448/4137 4862/449/4138
f 4862/449/4138 4861/448/4137 4863/450/4139
f 4862/449/4138 4863/450/4139 4864/451/4140
f 4863/450/4139 4865/452/4141 4866/453/4142
f 4863/450/4139 4866/453/4142 4864/451/4140
f 4866/453/4142 4865/452/4141 4867/454/4143
f 4866/453/4142 4867/454/4143 4868/455/4144
f 4867/454/4143 4869/456/4145 4870/457/4146
f 4867/454/4143 4870/457/4146 4868/455/4144
f 4870/457/4146 4869/456/4145 4871/458/4147
f 4870/457/4146 4871/458/4147 4872/459/4148
f 4871/458/4147 4873/460/4149 4874/461/4150
f 4871/458/4147 4874/461/4150 4872/459/4148
f 4874/461/4150 4873/460/4149 4875/462/4151
f 4874/461/4150 4875/462/4151 4876/463/4152
f 4875/462/4151 4877/464/4153 4878/465/4154
f 4875/462/4151 4878/465/4154 4876/463/4152
f 4877/464/4153 4879/466/4155 4880/467/4156
f 4877/464/4153 4880/467/4156 4878/465/4154
f 4879/466/4155 4856/443/4134 4855/442/4133
f 4879/466/4155 4855/442/4133 4880/467/4156
f 4881/468/4157 4882/469/4133 4883/470/4136
f 4881/468/4157 4883/470/4136 4884/471/4158
f 4884/471/4158 4883/470/4136 4885/472/4138
f 4884/471/4158 4885/472/4138 4886/473/4159
f 4886/473/4159 4885/472/4138 4887/474/4140
f 4886/473/4159 4887/474/4140 4888/475/4160
f 4889/476/4142 4890/477/4161 4888/475/4160
f 4889/476/4142 4888/475/4160 4887/474/4140
f 4890/477/4161 4889/476/4142 4891/478/4144
f 4890/477/4161 4891/478/4144 4892/479/4162
f 4893/480/4146 4894/481/4163 4892/479/4162
f 4893/480/4146 4892/479/4162 4891/478/4144
f 4894/481/4163 4893/480/4146 4895/482/4148
f 4894/481/4163 4895/482/4148 4896/483/4164
f 4897/484/4150 4898/485/4165 4896/483/4164
f 4897/484/4150 4896/483/4164 4895/482/4148
f 4898/485/4165 4897/484/4150 4899/486/4152
f 4898/485/4165 4899/486/4152 4900/487/4166
f 4901/488/4154 4902/489/4167 4900/487/4166
f 4901/488/4154 4900/487/4166 4899/486/4152
f 4903/490/4156 4904/491/4168 4902/489/4167
f 4903/490/4156 4902/489/4167 4901/488/4154
f 4882/469/4133 4881/468/4157 4904/491/4168
f 4882/469/4133 4904/491/4168 4903/490/4156
f 4905/492/4169 4906/493/4170 4907/494/4171
f 4905/492/4169 4907/494/4171 4908/495/4172
f 4906/493/4170 4905/492/4169 4909/496/4173
f 4906/493/4170 4909/496/4173 4910/497/4174
f 4908/495/4172 4907/494/4171 4911/498/4175
f 4908/495/4172 4911/498/4175 4912/499/4176
f 4912/499/4176 4911/498/4175 4913/500/4177
f 4912/499/4176 4913/500/4177 4914/501/4178
f 4915/502/4179 4916/503/4180 4914/501/4178
f 4915/502/4179 4914/501/4178 4913/500/4177
f 4916/503/4180 4915/502/4179 4917/504/4181
f 4916/503/4180 4917/504/4181 4918/505/4182
f 4919/506/4183 4920/507/4184 4918/505/4182
f 4919/506/4183 4918/505/4182 4917/504/4181
f 4920/507/4184 4919/506/4183 4921/508/4185
f 4920/507/4184 4921/508/4185 4922/509/4186
f 4923/510/4187 4924/511/4188 4922/509/4186
f 4923/510/4187 4922/509/4186 4921/508/4185
f 4924/511/4188 4923/510/4187 4925/512/4189
f 4924/511/4188 4925/512/4189 4926/513/4190
f 4927/514/4191 4928/515/4192 4926/513/4190
f 4927/514/4191 4926/513/4190 4925/512/4189
f 4910/497/4174 4909/496/4173 4928/515/4192
f 4910/497/4174 4928/515/4192 4927/514/4191
f 4842/429/4120 4905/492/4169 4908/495/4172
f 4842/429/4120 4908/495/4172 4843/430/4121
f 4843/430/4121 4908/495/4172 4912/499/4176
f 4843/430/4121 4912/499/4176 4844/431/4122
f 4844/431/4122 4912/499/4176 4914/501/4178
f 4844/431/4122 4914/501/4178 4847/434/4125
f 4916/503/4180 4846/433/4124 4847/434/4125
f 4916/503/4180 4847/434/4125 4914/501/4178
f 4846/433/4124 4916/503/4180 4918/505/4182
f 4846/433/4124 4918/505/4182 4848/435/4126
f 4920/507/4184 4849/436/4127 4848/435/4126
f 4920/507/4184 4848/435/4126 4918/505/4182
f 4849/436/4127 4920/507/4184 4922/509/4186
f 4849/436/4127 4922/509/4186 4851/438/4129
f 4924/511/4188 4850/437/4128 4851/438/4129
f 4924/511/4188 4851/438/4129 4922/509/4186
f 4850/437/4128 4924/511/4188 4926/513/4190
f 4850/437/4128 4926/513/4190 4852/439/4130
f 4928/515/4192 4853/440/4131 4852/439/4130
f 4928/515/4192 4852/439/4130 4926/513/4190
f 4909/496/4173 4854/441/4132 4853/440/4131
f 4909/496/4173 4853/440/4131 4928/515/4192
f 4905/492/4169 4842/429/4120 4854/441/4132
f 4905/492/4169 4854/441/4132 4909/496/4173
f 4906/493/4170 4929/516/4157 4930/517/4158
f 4906/493/4170 4930/517/4158 4907/494/4171
f 4907/494/4171 4930/517/4158 4931/518/4159
f 4907/494/4171 4931/518/4159 4911/498/4175
f 4911/498/4175 4931/518/4159 4932/519/4160
f 4911/498/4175 4932/519/4160 4913/500/4177
f 4933/520/4161 4915/502/4179 4913/500/4177
f 4933/520/4161 4913/500/4177 4932/519/4160
f 4915/502/4179 4933/520/4161 4934/521/4162
f 4915/502/4179 4934/521/4162 4917/504/4181
f 4935/522/4163 4919/506/4183 4917/504/4181
f 4935/522/4163 4917/504/4181 4934/521/4162
f 4919/506/4183 4935/522/4163 4936/523/4164
f 4919/506/4183 4936/523/4164 4921/508/4185
f 4937/524/4165 4923/510/4187 4921/508/4185
f 4937/524/4165 4921/508/4185 4936/523/4164
f 4923/510/4187 4937/524/4165 4938/525/4166
f 4923/510/4187 4938/525/4166 4925/512/4189
f 4939/526/4167 4927/514/4191 4925/512/4189
f 4939/526/4167 4925/512/4189 4938/525/4166
f 4940/527/4168 4910/497/4174 4927/514/4191
f 4940/527/4168 4927/514/4191 4939/526/4167
f 4929/516/4157 4906/493/4170 4910/497/4174
f 4929/516/4157 4910/497/4174 4940/527/4168
f 4941/429/4193 4942/430/4194 4943/431/4195
f 4941/429/4193 4943/431/4195 4944/432/4196
f 4945/433/4197 4944/432/4196 4943/431/4195
f 4945/433/4197 4943/431/4195 4946/434/4198
f 4944/432/4196 4945/433/4197 4947/435/4199
f 4944/432/4196 4947/435/4199 4948/436/4200
f 4949/437/4201 4944/432/4196 4948/436/4200
f 4949/437/4201 4948/436/4200 4950/438/4202
f 4944/432/4196 4949/437/4201 4951/439/4203
f 4944/432/4196 4951/439/4203 4952/440/4204
f 4953/441/4205 4941/429/4193 4944/432/4196
f 4953/441/4205 4944/432/4196 4952/440/4204
f 4954/442/4206 4955/443/4207 4956/444/4208
f 4954/442/4206 4956/444/4208 4957/445/4209
f 4958/446/4209 4959/447/4208 4960/448/4210
f 4958/446/4209 4960/448/4210 4961/449/4211
f 4961/449/4211 4960/448/4210 4962/450/4212
f 4961/449/4211 4962/450/4212 4963/451/4213
f 4962/450/4212 4964/452/4214 4965/453/4215
f 4962/450/4212 4965/453/4215 4963/451/4213
f 4965/453/4215 4964/452/4214 4966/454/4216
f 4965/453/4215 4966/454/4216 4967/455/4217
f 4966/454/4216 4968/456/4218 4969/457/4219
f 4966/454/4216 4969/457/4219 4967/455/4217
f 4969/457/4219 4968/456/4218 4970/458/4220
f 4969/457/4219 4970/458/4220 4971/459/4221
f 4970/458/4220 4972/460/4222 4973/461/4223
f 4970/458/4220 4973/461/4223 4971/459/4221
f 4973/461/4223 4972/460/4222 4974/462/4224
f 4973/461/4223 4974/462/4224 4975/463/4225
f 4974/462/4224 4976/464/4226 4977/465/4227
f 4974/462/4224 4977/465/4227 4975/463/4225
f 4976/464/4226 4978/466/4228 4979/467/4229
f 4976/464/4226 4979/467/4229 4977/465/4227
f 4978/466/4228 4955/443/4207 4954/442/4206
f 4978/466/4228 4954/442/4206 4979/467/4229
f 4980/468/4230 4981/469/4206 4982/470/4209
f 4980/468/4230 4982/470/4209 4983/471/4231
f 4983/471/4231 4982/470/4209 4984/472/4211
f 4983/471/4231 4984/472/4211 4985/473/4232
f 4985/473/4232 4984/472/4211 4986/474/4213
f 4985/473/4232 4986/474/4213 4987/475/4233
f 4988/476/4215 4989/477/4234 4987/475/4233
f 4988/476/4215 4987/475/4233 4986/474/4213
f 4989/477/4234 4988/476/4215 4990/478/4217
f 4989/477/4234 4990/478/4217 4991/479/4235
f 4992/480/4219 4993/481/4236 4991/479/4235
f 4992/480/4219 4991/479/4235 4990/478/4217
f 4993/481/4236 4992/480/4219 4994/482/4221
f 4993/481/4236 4994/482/4221 4995/483/4237
f 4996/484/4223 4997/485/4238 4995/483/4237
f 4996/484/4223 4995/483/4237 4994/482/4221
f 4997/485/4238 4996/484/4223 4998/486/4225
f 4997/485/4238 4998/486/4225 4999/487/4239
f 5000/488/4227 5001/489/4240 4999/487/4239
f 5000/488/4227 4999/487/4239 4998/486/4225
f 5002/490/4229 5003/491/4241 5001/489/4240
f 5002/490/4229 5001/489/4240 5000/488/4227
f 4981/469/4206 4980/468/4230 5003/491/4241
f 4981/469/4206 5003/491/4241 5002/490/4229
f 5004/492/4242 5005/493/4243 5006/494/4244
f 5004/492/4242 5006/494/4244 5007/495/4245
f 5005/493/4243 5004/492/4242 5008/496/4246
f 5005/493/4243 5008/496/4246 5009/497/4247
f 5007/495/4245 5006/494/4244 5010/498/4248
f 5007/495/4245 5010/498/4248 5011/499/4249
f 5011/499/4249 5010/498/4248 5012/500/4250
f 5011/499/4249 5012/500/4250 5013/501/4251
f 5014/502/4252 5015/503/4253 5013/501/4251
f 5014/502/4252 5013/501/4251 5012/500/4250
f 5015/503/4253 5014/502/4252 5016/504/4254
f 5015/503/4253 5016/504/4254 5017/505/4255
f 5018/506/4256 5019/507/4257 5017/505/4255
f 5018/506/4256 5017/505/4255 5016/504/4254
f 5019/507/4257 5018/506/4256 5020/508/4258
f 5019/507/4257 5020/508/4258 5021/509/4259
f 5022/510/4260 5023/511/4261 5021/509/4259
f 5022/510/4260 5021/509/4259 5020/508/4258
f 5023/511/4261 5022/510/4260 5024/512/4262
f 5023/511/4261 5024/512/4262 5025/513/4263
f 5026/514/4264 5027/515/4265 5025/513/4263
f 5026/514/4264 5025/513/4263 5024/512/4262
f 5009/497/4247 5008/496/4246 5027/515/4265
f 5009/497/4247 5027/515/4265 5026/514/4264
f 4941/429/4193 5004/492/4242 5007/495/4245
f 4941/429/4193 5007/495/4245 4942/430/4194
f 4942/430/4194 5007/495/4245 5011/499/4249
f 4942/430/4194 5011/499/4249 4943/431/4195
f 4943/431/4195 5011/499/4249 5013/501/4251
f 4943/431/4195 5013/501/4251 4946/434/4198
f 5015/503/4253 4945/433/4197 4946/434/4198
f 5015/503/4253 4946/434/4198 5013/501/4251
f 4945/433/4197 5015/503/4253 5017/505/4255
f 4945/433/4197 5017/505/4255 4947/435/4199
f 5019/507/4257 4948/436/4200 4947/435/4199
f 5019/507/4257 4947/435/4199 5017/505/4255
f 4948/436/4200 5019/507/4257 5021/509/4259
f 4948/436/4200 5021/509/4259 4950/438/4202
f 5023/511/4261 4949/437/4201 4950/438/4202
f 5023/511/4261 4950/438/4202 5021/509/4259
f 4949/437/4201 5023/511/4261 5025/513/4263
f 4949/437/4201 5025/513/4263 4951/439/4203
f 5027/515/4265 4952/440/4204 4951/439/4203
f 5027/515/4265 4951/439/4203 5025/513/4263
f 5008/496/4246 4953/441/4205 4952/440/4204
f 5008/496/4246 4952/440/4204 5027/515/4265
f 5004/492/4242 4941/429/4193 4953/441/4205
f 5004/492/4242 4953/441/4205 5008/496/4246
f 5005/493/4243 5028/516/4230 5029/517/4231
f 5005/493/4243 5029/517/4231 5006/494/4244
f 5006/494/4244 5029/517/4231 5030/518/4232
f 5006/494/4244 5030/518/4232 5010/498/4248
f 5010/498/4248 5030/518/4232 5031/519/4233
f 5010/498/4248 5031/519/4233 5012/500/4250
f 5032/520/4234 5014/502/4252 5012/500/4250
f 5032/520/4234 5012/500/4250 5031/519/4233
f 5014/502/4252 5032/520/4234 5033/521/4235
f 5014/502/4252 5033/521/4235 5016/504/4254
f 5034/522/4236 5018/506/4256 5016/504/4254
f 5034/522/4236 5016/504/4254 5033/521/4235
f 5018/506/4256 5034/522/4236 5035/523/4237
f 5018/506/4256 5035/523/4237 5020/508/4258
f 5036/524/4238 5022/510/4260 5020/508/4258
f 5036/524/4238 5020/508/4258 5035/523/4237
f 5022/510/4260 5036/524/4238 5037/525/4239
f 5022/510/4260 5037/525/4239 5024/512/4262
f 5038/526/4240 5026/514/4264 5024/512/4262
f 5038/526/4240 5024/512/4262 5037/525/4239
f 5039/527/4241 5009/497/4247 5026/514/4264
f 5039/527/4241 5026/514/4264 5038/526/4240
f 5028/516/4230 5005/493/4243 5009/497/4247
f 5028/516/4230 5009/497/4247 5039/527/4241
f 5040/346/4266 5041/347/4266 5042/348/4266
f 5040/346/4266 5042/348/4266 5043/349/4266
f 5044/528/4267 5045/529/4268 5046/530/4269
f 5044/528/4267 5046/530/4269 5047/531/4270
f 5048/532/4271 5049/533/4272 5050/534/4273
f 5048/532/4271 5050/534/4273 5051/535/4274
f 5052/536/4275 5053/537/4276 5049/533/4272
f 5052/536/4275 5049/533/4272 5048/532/4271
f 5052/536/4275 5054/538/4277 5055/539/4278
f 5052/536/4275 5055/539/4278 5053/537/4276
f 5056/540/4279 5057/541/4280 5055/539/4278
f 5056/540/4279 5055/539/4278 5054/538/4277
f 5058/542/4281 5048/532/4271 5051/535/4274
f 5058/542/4281 5051/535/4274 5059/543/4282
f 5052/536/4275 5048/532/4271 5058/542/4281
f 5052/536/4275 5058/542/4281 5060/544/4283
f 5061/545/4284 5054/538/4277 5052/536/4275
f 5061/545/4284 5052/536/4275 5060/544/4283
f 5056/540/4279 5054/538/4277 5061/545/4284
f 5056/540/4279 5061/545/4284 5062/546/4285
f 5063/547/4286 5044/528/4267 5047/531/4270
f 5063/547/4286 5047/531/4270 5064/548/4287
f 5065/549/4288 5058/542/4281 5059/543/4282
f 5065/549/4288 5059/543/4282 5066/550/4289
f 5060/544/4283 5058/542/4281 5065/549/4288
f 5060/544/4283 5065/549/4288 5067/551/4290
f 5067/551/4290 5068/552/4291 5061/545/4284
f 5067/551/4290 5061/545/4284 5060/544/4283
f 5062/546/4285 5061/545/4284 5068/552/4291
f 5062/546/4285 5068/552/4291 5069/553/4292
f 5070/554/4293 5063/547/4286 5064/548/4287
f 5070/554/4293 5064/548/4287 5071/555/4294
f 5072/556/4295 5073/557/4296 5074/558/4297
f 5072/556/4295 5074/558/4297 5075/559/4298
f 5076/560/4299 5077/561/4300 5073/557/4296
f 5076/560/4299 5073/557/4296 5072/556/4295
f 5076/560/4299 5078/562/4301 5079/563/4302
f 5076/560/4299 5079/563/4302 5077/561/4300
f 5078/562/4301 5080/564/4303 5081/565/4304
f 5078/562/4301 5081/565/4304 5079/563/4302
f 5082/566/4305 5083/567/4306 5046/530/4269
f 5082/566/4305 5046/530/4269 5045/529/4268
f 5055/539/4278 5057/541/4280 5084/568/4307
f 5055/539/4278 5084/568/4307 5085/569/4308
f 5053/537/4276 5055/539/4278 5085/569/4308
f 5053/537/4276 5085/569/4308 5086/570/4309
f 5049/533/4272 5053/537/4276 5086/570/4309
f 5049/533/4272 5086/570/4309 5087/571/4310
f 5087/571/4310 5088/572/4311 5050/534/4273
f 5087/571/4310 5050/534/4273 5049/533/4272
f 5089/573/4312 5090/574/4313 5050/534/4273
f 5089/573/4312 5050/534/4273 5088/572/4311
f 5051/535/4274 5050/534/4273 5090/574/4313
f 5051/535/4274 5090/574/4313 5091/575/4314
f 5059/543/4282 5051/535/4274 5091/575/4314
f 5059/543/4282 5091/575/4314 5092/576/4315
f 5066/550/4289 5059/543/4282 5092/576/4315
f 5066/550/4289 5092/576/4315 5093/577/4316
f 5075/559/4298 5074/558/4297 5094/578/4317
f 5075/559/4298 5094/578/4317 5095/579/4318
f 5071/555/4294 408/41/407 407/40/407
f 5071/555/4294 407/40/407 5070/554/4293
f 5096/580/4319 5069/553/4292 5068/552/4291
f 5096/580/4319 5068/552/4291 5097/581/4320
f 5097/581/4320 5068/552/4291 5067/551/4290
f 5097/581/4320 5067/551/4290 5098/582/4321
f 5099/583/4322 5098/582/4321 5067/551/4290
f 5099/583/4322 5067/551/4290 5065/549/4288
f 5100/584/4323 5099/583/4322 5065/549/4288
f 5100/584/4323 5065/549/4288 5066/550/4289
f 5093/577/4316 5101/585/4324 5100/584/4323
f 5093/577/4316 5100/584/4323 5066/550/4289
f 5057/541/4280 5102/586/4325 5103/587/4326
f 5057/541/4280 5103/587/4326 5084/568/4307
f 5102/586/4325 5057/541/4280 5056/540/4279
f 5102/586/4325 5056/540/4279 5104/588/4327
f 5104/588/4327 5056/540/4279 5062/546/4285
f 5104/588/4327 5062/546/4285 5105/589/4328
f 5105/589/4328 5062/546/4285 5069/553/4292
f 5105/589/4328 5069/553/4292 5106/590/4329
f 5096/580/4319 5107/591/4330 5106/590/4329
f 5096/580/4319 5106/590/4329 5069/553/4292
f 5108/592/4331 5083/567/4306 5082/566/4305
f 5108/592/4331 5082/566/4305 5109/593/4332
f 5084/568/4307 5103/587/4326 5110/594/4333
f 5084/568/4307 5110/594/4333 5111/595/4334
f 5084/568/4307 5111/595/4334 5112/596/4335
f 5084/568/4307 5112/596/4335 5085/569/4308
f 5085/569/4308 5112/596/4335 5113/597/4336
f 5085/569/4308 5113/597/4336 5086/570/4309
f 5087/571/4310 5086/570/4309 5113/597/4336
f 5087/571/4310 5113/597/4336 5114/598/4337
f 5115/599/4338 5088/572/4311 5087/571/4310
f 5115/599/4338 5087/571/4310 5114/598/4337
f 5116/600/4339 5089/573/4312 5088/572/4311
f 5116/600/4339 5088/572/4311 5115/599/4338
f 5117/601/4340 5089/573/4312 5116/600/4339
f 5117/601/4340 5116/600/4339 5118/602/4341
f 5119/603/4342 5090/574/4313 5089/573/4312
f 5119/603/4342 5089/573/4312 5117/601/4340
f 5090/574/4313 5119/603/4342 5120/604/4343
f 5090/574/4313 5120/604/4343 5091/575/4314
f 5091/575/4314 5120/604/4343 5121/605/4344
f 5091/575/4314 5121/605/4344 5092/576/4315
f 5092/576/4315 5121/605/4344 5122/606/4345
f 5092/576/4315 5122/606/4345 5093/577/4316
f 5123/607/4346 5101/585/4324 5093/577/4316
f 5123/607/4346 5093/577/4316 5122/606/4345
f 5095/579/4318 5094/578/4317 5124/608/4347
f 5095/579/4318 5124/608/4347 5125/609/4348
f 5081/565/4304 5096/580/4319 5097/581/4320
f 5081/565/4304 5097/581/4320 5079/563/4302
f 5079/563/4302 5097/581/4320 5098/582/4321
f 5079/563/4302 5098/582/4321 5077/561/4300
f 5073/557/4296 5077/561/4300 5098/582/4321
f 5073/557/4296 5098/582/4321 5099/583/4322
f 5074/558/4297 5073/557/4296 5099/583/4322
f 5074/558/4297 5099/583/4322 5100/584/4323
f 5094/578/4317 5074/558/4297 5100/584/4323
f 5094/578/4317 5100/584/4323 5101/585/4324
f 5124/608/4347 5094/578/4317 5101/585/4324
f 5124/608/4347 5101/585/4324 5123/607/4346
f 5110/594/4333 5103/587/4326 5083/567/4306
f 5110/594/4333 5083/567/4306 5108/592/4331
f 5046/530/4269 5083/567/4306 5103/587/4326
f 5046/530/4269 5103/587/4326 5102/586/4325
f 5046/530/4269 5102/586/4325 5104/588/4327
f 5046/530/4269 5104/588/4327 5047/531/4270
f 5047/531/4270 5104/588/4327 5105/589/4328
f 5047/531/4270 5105/589/4328 5064/548/4287
f 5064/548/4287 5105/589/4328 5106/590/4329
f 5064/548/4287 5106/590/4329 5071/555/4294
f 5106/590/4329 5107/591/4330 408/41/407
f 5106/590/4329 408/41/407 5071/555/4294
f 5126/610/4349 406/39/4350 405/38/4351
f 5126/610/4349 405/38/4351 5127/611/4352
f 400/33/4353 5126/610/4349 5127/611/4352
f 400/33/4353 5127/611/4352 401/34/4354
f 401/34/401 408/41/407 5107/591/4330
f 401/34/401 5107/591/4330 402/35/402
f 5081/565/4304 402/35/402 5107/591/4330
f 5081/565/4304 5107/591/4330 5096/580/4319
f 400/33/400 402/35/402 5081/565/4304
f 400/33/400 5081/565/4304 5080/564/4303
f 401/34/4354 5127/611/4352 5128/612/4355
f 401/34/4354 5128/612/4355 407/40/4356
f 5127/611/4352 405/38/4351 410/43/4357
f 5127/611/4352 410/43/4357 5128/612/4355
f 5129/613/4358 5130/614/4359 5131/615/4360
f 5129/613/4358 5131/615/4360 5132/616/4361
f 5133/617/4362 5134/618/4363 5135/619/4364
f 5133/617/4362 5135/619/4364 5136/620/4365
f 5137/621/4366 5138/622/4367 5134/618/4363
f 5137/621/4366 5134/618/4363 5133/617/4362
f 5137/621/4366 5139/623/4368 5140/624/4369
f 5137/621/4366 5140/624/4369 5138/622/4367
f 5141/625/4370 5133/617/4362 5136/620/4365
f 5141/625/4370 5136/620/4365 5142/626/4371
f 5137/621/4366 5133/617/4362 5141/625/4370
f 5137/621/4366 5141/625/4370 5143/627/4372
f 5143/627/4372 5144/628/4373 5139/623/4368
f 5143/627/4372 5139/623/4368 5137/621/4366
f 5145/629/4374 5129/613/4358 5132/616/4361
f 5145/629/4374 5132/616/4361 5146/630/4375
f 5147/631/4376 5148/632/4377 5149/633/4378
f 5147/631/4376 5149/633/4378 5150/634/4379
f 5147/631/4376 5151/635/4380 5152/636/4381
f 5147/631/4376 5152/636/4381 5148/632/4377
f 5151/635/4380 5153/637/4382 5154/638/4383
f 5151/635/4380 5154/638/4383 5152/636/4381
f 5155/639/4384 5156/640/4385 5157/641/4386
f 5155/639/4384 5157/641/4386 5158/642/4387
f 5159/643/4388 5131/615/4360 5130/614/4359
f 5159/643/4388 5130/614/4359 5160/644/4389
f 5140/624/4369 5161/645/4390 5162/646/4391
f 5140/624/4369 5162/646/4391 5138/622/4367
f 5134/618/4363 5138/622/4367 5162/646/4391
f 5134/618/4363 5162/646/4391 5163/647/4392
f 5135/619/4364 5134/618/4363 5163/647/4392
f 5135/619/4364 5163/647/4392 5164/648/4393
f 5165/649/4394 5166/650/4395 5135/619/4364
f 5165/649/4394 5135/619/4364 5164/648/4393
f 5136/620/4365 5135/619/4364 5166/650/4395
f 5136/620/4365 5166/650/4395 5167/651/4396
f 5142/626/4371 5136/620/4365 5167/651/4396
f 5142/626/4371 5167/651/4396 5168/652/4397
f 5150/634/4379 5149/633/4378 5169/653/4398
f 5150/634/4379 5169/653/4398 5170/654/4399
f 5146/630/4375 5171/655/4400 5172/656/4401
f 5146/630/4375 5172/656/4401 5145/629/4374
f 5173/657/4402 5144/628/4373 5143/627/4372
f 5173/657/4402 5143/627/4372 5174/658/4403
f 5174/658/4403 5143/627/4372 5141/625/4370
f 5174/658/4403 5141/625/4370 5175/659/4404
f 5176/660/4405 5175/659/4404 5141/625/4370
f 5176/660/4405 5141/625/4370 5142/626/4371
f 5168/652/4397 5177/661/4406 5176/660/4405
f 5168/652/4397 5176/660/4405 5142/626/4371
f 5140/624/4369 5178/662/4407 5179/663/4408
f 5140/624/4369 5179/663/4408 5161/645/4390
f 5139/623/4368 5180/664/4409 5178/662/4407
f 5139/623/4368 5178/662/4407 5140/624/4369
f 5144/628/4373 5181/665/4410 5180/664/4409
f 5144/628/4373 5180/664/4409 5139/623/4368
f 5173/657/4402 5182/666/4411 5181/665/4410
f 5173/657/4402 5181/665/4410 5144/628/4373
f 5153/637/4382 5183/667/4412 5184/668/4413
f 5153/637/4382 5184/668/4413 5154/638/4383
f 5185/669/4414 5186/670/4415 5166/650/4395
f 5185/669/4414 5166/650/4395 5165/649/4394
f 5166/650/4395 5186/670/4415 5187/671/4416
f 5166/650/4395 5187/671/4416 5167/651/4396
f 5167/651/4396 5187/671/4416 5188/672/4417
f 5167/651/4396 5188/672/4417 5168/652/4397
f 5189/673/4418 5177/661/4406 5168/652/4397
f 5189/673/4418 5168/652/4397 5188/672/4417
f 5170/654/4399 5169/653/4398 5190/674/4419
f 5170/654/4399 5190/674/4419 5191/675/4420
f 5171/655/4400 5157/641/4386 5156/640/4385
f 5171/655/4400 5156/640/4385 5172/656/4401
f 5184/668/4413 5182/666/4411 5173/657/4402
f 5184/668/4413 5173/657/4402 5154/638/4383
f 5154/638/4383 5173/657/4402 5174/658/4403
f 5154/638/4383 5174/658/4403 5152/636/4381
f 5152/636/4381 5174/658/4403 5175/659/4404
f 5152/636/4381 5175/659/4404 5148/632/4377
f 5149/633/4378 5148/632/4377 5175/659/4404
f 5149/633/4378 5175/659/4404 5176/660/4405
f 5169/653/4398 5149/633/4378 5176/660/4405
f 5169/653/4398 5176/660/4405 5177/661/4406
f 5190/674/4419 5169/653/4398 5177/661/4406
f 5190/674/4419 5177/661/4406 5189/673/4418
f 5179/663/4408 5178/662/4407 5131/615/4360
f 5179/663/4408 5131/615/4360 5159/643/4388
f 5131/615/4360 5178/662/4407 5180/664/4409
f 5131/615/4360 5180/664/4409 5132/616/4361
f 5132/616/4361 5180/664/4409 5181/665/4410
f 5132/616/4361 5181/665/4410 5146/630/4375
f 5181/665/4410 5182/666/4411 5171/655/4400
f 5181/665/4410 5171/655/4400 5146/630/4375
f 5184/668/4413 5157/641/4386 5171/655/4400
f 5184/668/4413 5171/655/4400 5182/666/4411
f 5158/642/4387 5157/641/4386 5184/668/4413
f 5158/642/4387 5184/668/4413 5183/667/4412
f 5192/676/4421 5193/677/4422 5194/678/4423
f 5192/676/4421 5194/678/4423 5195/679/4424
f 5196/680/4425 5197/681/4426 5198/682/4427
f 5196/680/4425 5198/682/4427 5199/683/4428
f 5200/684/4429 5201/685/4430 5197/681/4426
f 5200/684/4429 5197/681/4426 5196/680/4425
f 5202/686/4431 5203/687/4432 5201/685/4430
f 5202/686/4431 5201/685/4430 5200/684/4429
f 5204/688/4433 5205/689/4434 5203/687/4432
f 5204/688/4433 5203/687/4432 5202/686/4431
f 5206/690/4435 5196/680/4425 5199/683/4428
f 5206/690/4435 5199/683/4428 5207/691/4436
f 5200/684/4429 5196/680/4425 5206/690/4435
f 5200/684/4429 5206/690/4435 5208/692/4437
f 5202/686/4431 5200/684/4429 5208/692/4437
f 5202/686/4431 5208/692/4437 5209/693/4438
f 5204/688/4433 5202/686/4431 5209/693/4438
f 5204/688/4433 5209/693/4438 5210/694/4439
f 5211/695/4440 5192/676/4421 5195/679/4424
f 5211/695/4440 5195/679/4424 5212/696/4441
f 5213/697/4442 5206/690/4435 5207/691/4436
f 5213/697/4442 5207/691/4436 5214/698/4443
f 5208/692/4437 5206/690/4435 5213/697/4442
f 5208/692/4437 5213/697/4442 5215/699/4444
f 5209/693/4438 5208/692/4437 5215/699/4444
f 5209/693/4438 5215/699/4444 5216/700/4445
f 5210/694/4439 5209/693/4438 5216/700/4445
f 5210/694/4439 5216/700/4445 5217/701/4446
f 5218/702/4447 5211/695/4440 5212/696/4441
f 5218/702/4447 5212/696/4441 5219/703/4448
f 5220/704/4449 5221/705/4450 5222/706/4451
f 5220/704/4449 5222/706/4451 5223/707/4452
f 5221/705/4450 5224/708/4453 5225/709/4454
f 5221/705/4450 5225/709/4454 5222/706/4451
f 5224/708/4453 5226/710/4455 5227/711/4456
f 5224/708/4453 5227/711/4456 5225/709/4454
f 5226/710/4455 5228/712/4457 5229/713/4458
f 5226/710/4455 5229/713/4458 5227/711/4456
f 5230/714/4459 5231/715/4460 5232/716/4461
f 5230/714/4459 5232/716/4461 5233/717/4462
f 5234/718/4463 5235/719/4464 5194/678/4423
f 5234/718/4463 5194/678/4423 5193/677/4422
f 5203/687/4432 5205/689/4434 5236/720/4465
f 5203/687/4432 5236/720/4465 5237/721/4466
f 5201/685/4430 5203/687/4432 5237/721/4466
f 5201/685/4430 5237/721/4466 5238/722/4467
f 5197/681/4426 5201/685/4430 5238/722/4467
f 5197/681/4426 5238/722/4467 5239/723/4468
f 5198/682/4427 5197/681/4426 5239/723/4468
f 5198/682/4427 5239/723/4468 5240/724/4469
f 5241/725/4470 5242/726/4471 5198/682/4427
f 5241/725/4470 5198/682/4427 5240/724/4469
f 5199/683/4428 5198/682/4427 5242/726/4471
f 5199/683/4428 5242/726/4471 5243/727/4472
f 5207/691/4436 5199/683/4428 5243/727/4472
f 5207/691/4436 5243/727/4472 5244/728/4473
f 5214/698/4443 5207/691/4436 5244/728/4473
f 5214/698/4443 5244/728/4473 5245/729/4474
f 5220/704/4449 5223/707/4452 5246/730/4475
f 5220/704/4449 5246/730/4475 5247/731/4476
f 5205/689/4434 5248/732/4477 5249/733/4478
f 5205/689/4434 5249/733/4478 5236/720/4465
f 5204/688/4433 5250/734/4479 5248/732/4477
f 5204/688/4433 5248/732/4477 5205/689/4434
f 5251/735/4480 5250/734/4479 5204/688/4433
f 5251/735/4480 5204/688/4433 5210/694/4439
f 5217/701/4446 5252/736/4481 5251/735/4480
f 5217/701/4446 5251/735/4480 5210/694/4439
f 5228/712/4457 5253/737/4482 5254/738/4483
f 5228/712/4457 5254/738/4483 5229/713/4458
f 5255/739/4484 5235/719/4464 5234/718/4463
f 5255/739/4484 5234/718/4463 5256/740/4485
f 5249/733/4478 5257/741/4486 5258/742/4487
f 5249/733/4478 5258/742/4487 5236/720/4465
f 5236/720/4465 5258/742/4487 5259/743/4488
f 5236/720/4465 5259/743/4488 5237/721/4466
f 5237/721/4466 5259/743/4488 5260/744/4489
f 5237/721/4466 5260/744/4489 5238/722/4467
f 5238/722/4467 5260/744/4489 5261/745/4490
f 5238/722/4467 5261/745/4490 5239/723/4468
f 5239/723/4468 5261/745/4490 5262/746/4491
f 5239/723/4468 5262/746/4491 5240/724/4469
f 5263/747/4492 5241/725/4470 5240/724/4469
f 5263/747/4492 5240/724/4469 5262/746/4491
f 5264/748/4493 5241/725/4470 5263/747/4492
f 5264/748/4493 5263/747/4492 5265/749/4494
f 5266/750/4495 5242/726/4471 5241/725/4470
f 5266/750/4495 5241/725/4470 5264/748/4493
f 5242/726/4471 5266/750/4495 5267/751/4496
f 5242/726/4471 5267/751/4496 5243/727/4472
f 5243/727/4472 5267/751/4496 5268/752/4497
f 5243/727/4472 5268/752/4497 5244/728/4473
f 5244/728/4473 5268/752/4497 5269/753/4498
f 5244/728/4473 5269/753/4498 5245/729/4474
f 5247/731/4476 5246/730/4475 5270/754/4499
f 5247/731/4476 5270/754/4499 5271/755/4500
f 5219/703/4448 5232/716/4461 5231/715/4460
f 5219/703/4448 5231/715/4460 5218/702/4447
f 5254/738/4483 5252/736/4481 5217/701/4446
f 5254/738/4483 5217/701/4446 5229/713/4458
f 5229/713/4458 5217/701/4446 5216/700/4445
f 5229/713/4458 5216/700/4445 5227/711/4456
f 5227/711/4456 5216/700/4445 5215/699/4444
f 5227/711/4456 5215/699/4444 5225/709/4454
f 5225/709/4454 5215/699/4444 5213/697/4442
f 5225/709/4454 5213/697/4442 5222/706/4451
f 5222/706/4451 5213/697/4442 5214/698/4443
f 5222/706/4451 5214/698/4443 5223/707/4452
f 5246/730/4475 5223/707/4452 5214/698/4443
f 5246/730/4475 5214/698/4443 5245/729/4474
f 5270/754/4499 5246/730/4475 5245/729/4474
f 5270/754/4499 5245/729/4474 5269/753/4498
f 5257/741/4486 5249/733/4478 5235/719/4464
f 5257/741/4486 5235/719/4464 5255/739/4484
f 5194/678/4423 5235/719/4464 5249/733/4478
f 5194/678/4423 5249/733/4478 5248/732/4477
f 5194/678/4423 5248/732/4477 5250/734/4479
f 5194/678/4423 5250/734/4479 5195/679/4424
f 5195/679/4424 5250/734/4479 5251/735/4480
f 5195/679/4424 5251/735/4480 5212/696/4441
f 5212/696/4441 5251/735/4480 5252/736/4481
f 5212/696/4441 5252/736/4481 5219/703/4448
f 5254/738/4483 5232/716/4461 5219/703/4448
f 5254/738/4483 5219/703/4448 5252/736/4481
f 5233/717/4462 5232/716/4461 5254/738/4483
f 5233/717/4462 5254/738/4483 5253/737/4482
f 5272/756/4501 5273/757/4502 5274/758/4503
f 5272/756/4501 5274/758/4503 5275/759/4504
f 5276/760/4505 5277/761/4506 5278/762/4507
f 5276/760/4505 5278/762/4507 5279/763/4508
f 5277/761/4506 5280/764/4509 5281/765/4510
f 5277/761/4506 5281/765/4510 5278/762/4507
f 5280/764/4509 5282/766/4511 5283/767/4512
f 5280/764/4509 5283/767/4512 5281/765/4510
f 5282/766/4511 5284/768/4513 5285/769/4514
f 5282/766/4511 5285/769/4514 5283/767/4512
f 5286/770/4515 5277/761/4506 5276/760/4505
f 5286/770/4515 5276/760/4505 5287/771/4516
f 5280/764/4509 5277/761/4506 5286/770/4515
f 5280/764/4509 5286/770/4515 5288/772/4517
f 5282/766/4511 5280/764/4509 5288/772/4517
f 5282/766/4511 5288/772/4517 5289/773/4518
f 5290/774/4519 5284/768/4513 5282/766/4511
f 5290/774/4519 5282/766/4511 5289/773/4518
f 5291/775/4520 5274/758/4503 5273/757/4502
f 5291/775/4520 5273/757/4502 5292/776/4521
f 5293/777/4522 5286/770/4515 5287/771/4516
f 5293/777/4522 5287/771/4516 5294/778/4523
f 5288/772/4517 5286/770/4515 5293/777/4522
f 5288/772/4517 5293/777/4522 5295/779/4524
f 5289/773/4518 5288/772/4517 5295/779/4524
f 5289/773/4518 5295/779/4524 5296/780/4525
f 5297/781/4526 5290/774/4519 5289/773/4518
f 5297/781/4526 5289/773/4518 5296/780/4525
f 5298/782/4527 5291/775/4520 5292/776/4521
f 5298/782/4527 5292/776/4521 5299/783/4528
f 5300/784/4529 5293/777/4522 5294/778/4523
f 5300/784/4529 5294/778/4523 5301/785/4530
f 5295/779/4524 5293/777/4522 5300/784/4529
f 5295/779/4524 5300/784/4529 5302/786/4531
f 5296/780/4525 5295/779/4524 5302/786/4531
f 5296/780/4525 5302/786/4531 5303/787/4532
f 5304/788/4533 5297/781/4526 5296/780/4525
f 5304/788/4533 5296/780/4525 5303/787/4532
f 5305/789/4534 5298/782/4527 5299/783/4528
f 5305/789/4534 5299/783/4528 5306/790/4535
f 5307/791/4536 5308/792/4537 5309/793/4538
f 5307/791/4536 5309/793/4538 5310/794/4539
f 5307/791/4536 5311/795/4540 5312/796/4541
f 5307/791/4536 5312/796/4541 5308/792/4537
f 5311/795/4540 5313/797/4542 5314/798/4543
f 5311/795/4540 5314/798/4543 5312/796/4541
f 5313/797/4542 5315/799/4544 5316/800/4545
f 5313/797/4542 5316/800/4545 5314/798/4543
f 5317/801/4546 5318/802/4547 5319/803/4548
f 5317/801/4546 5319/803/4548 5320/804/4549
f 5321/805/4550 5322/806/4551 5276/760/4505
f 5321/805/4550 5276/760/4505 5279/763/4508
f 5287/771/4516 5276/760/4505 5322/806/4551
f 5287/771/4516 5322/806/4551 5323/807/4552
f 5294/778/4523 5287/771/4516 5323/807/4552
f 5294/778/4523 5323/807/4552 5324/808/4553
f 5301/785/4530 5294/778/4523 5324/808/4553
f 5301/785/4530 5324/808/4553 5325/809/4554
f 5310/794/4539 5309/793/4538 5326/810/4555
f 5310/794/4539 5326/810/4555 5327/811/4556
f 5284/768/4513 5328/812/4557 5329/813/4558
f 5284/768/4513 5329/813/4558 5285/769/4514
f 5328/812/4557 5284/768/4513 5290/774/4519
f 5328/812/4557 5290/774/4519 5330/814/4559
f 5330/814/4559 5290/774/4519 5297/781/4526
f 5330/814/4559 5297/781/4526 5331/815/4560
f 5331/815/4560 5297/781/4526 5304/788/4533
f 5331/815/4560 5304/788/4533 5332/816/4561
f 5315/799/4544 5333/817/4562 5334/818/4563
f 5315/799/4544 5334/818/4563 5316/800/4545
f 5335/819/4564 5272/756/4501 5275/759/4504
f 5335/819/4564 5275/759/4504 5336/820/4565
f 5329/813/4558 5337/821/4566 5338/822/4567
f 5329/813/4558 5338/822/4567 5285/769/4514
f 5285/769/4514 5338/822/4567 5339/823/4568
f 5285/769/4514 5339/823/4568 5283/767/4512
f 5283/767/4512 5339/823/4568 5340/824/4569
f 5283/767/4512 5340/824/4569 5281/765/4510
f 5281/765/4510 5340/824/4569 5341/825/4570
f 5281/765/4510 5341/825/4570 5278/762/4507
f 5342/826/4571 5279/763/4508 5278/762/4507
f 5342/826/4571 5278/762/4507 5341/825/4570
f 5343/827/4572 5321/805/4550 5279/763/4508
f 5343/827/4572 5279/763/4508 5342/826/4571
f 5344/828/4573 5321/805/4550 5343/827/4572
f 5344/828/4573 5343/827/4572 5345/829/4574
f 5344/828/4573 5346/830/4575 5322/806/4551
f 5344/828/4573 5322/806/4551 5321/805/4550
f 5322/806/4551 5346/830/4575 5347/831/4576
f 5322/806/4551 5347/831/4576 5323/807/4552
f 5323/807/4552 5347/831/4576 5348/832/4577
f 5323/807/4552 5348/832/4577 5324/808/4553
f 5324/808/4553 5348/832/4577 5349/833/4578
f 5324/808/4553 5349/833/4578 5325/809/4554
f 5327/811/4556 5326/810/4555 5350/834/4579
f 5327/811/4556 5350/834/4579 5351/835/4580
f 5306/790/4535 5319/803/4548 5318/802/4547
f 5306/790/4535 5318/802/4547 5305/789/4534
f 5334/818/4563 5332/816/4561 5304/788/4533
f 5334/818/4563 5304/788/4533 5316/800/4545
f 5316/800/4545 5304/788/4533 5303/787/4532
f 5316/800/4545 5303/787/4532 5314/798/4543
f 5314/798/4543 5303/787/4532 5302/786/4531
f 5314/798/4543 5302/786/4531 5312/796/4541
f 5312/796/4541 5302/786/4531 5300/784/4529
f 5312/796/4541 5300/784/4529 5308/792/4537
f 5309/793/4538 5308/792/4537 5300/784/4529
f 5309/793/4538 5300/784/4529 5301/785/4530
f 5326/810/4555 5309/793/4538 5301/785/4530
f 5326/810/4555 5301/785/4530 5325/809/4554
f 5350/834/4579 5326/810/4555 5325/809/4554
f 5350/834/4579 5325/809/4554 5349/833/4578
f 5337/821/4566 5329/813/4558 5272/756/4501
f 5337/821/4566 5272/756/4501 5335/819/4564
f 5329/813/4558 5328/812/4557 5273/757/4502
f 5329/813/4558 5273/757/4502 5272/756/4501
f 5273/757/4502 5328/812/4557 5330/814/4559
f 5273/757/4502 5330/814/4559 5292/776/4521
f 5292/776/4521 5330/814/4559 5331/815/4560
f 5292/776/4521 5331/815/4560 5299/783/4528
f 5299/783/4528 5331/815/4560 5332/816/4561
f 5299/783/4528 5332/816/4561 5306/790/4535
f 5334/818/4563 5319/803/4548 5306/790/4535
f 5334/818/4563 5306/790/4535 5332/816/4561
f 5320/804/4549 5319/803/4548 5334/818/4563
f 5320/804/4549 5334/818/4563 5333/817/4562
f 5352/836/4581 5353/837/4582 5354/838/4583
f 5352/836/4581 5354/838/4583 5355/839/4584
f 5356/840/4585 5357/841/4586 5358/842/4587
f 5356/840/4585 5358/842/4587 5359/843/4588
f 5360/844/4589 5361/845/4590 5362/846/4591
f 5360/844/4589 5362/846/4591 5363/847/4592
f 5364/848/4590 5352/836/4581 5365/849/4593
f 5364/848/4590 5365/849/4593 5366/850/4591
f 5367/851/4594 5368/852/4595 5369/853/4596
f 5367/851/4594 5369/853/4596 5370/854/4597
f 5368/852/4598 5365/849/4593 5371/855/4599
f 5368/852/4598 5371/855/4599 5369/853/4600
f 5372/856/4601 5373/857/4602 5374/858/4603
f 5372/856/4601 5374/858/4603 5375/859/4604
f 5376/860/4605 5377/861/4606 5378/862/4607
f 5376/860/4605 5378/862/4607 5379/863/4608
f 5380/864/4609 5381/865/4610 5382/866/4611
f 5380/864/4609 5382/866/4611 5383/867/4612
f 5381/865/4610 5384/868/4607 5385/869/4613
f 5381/865/4610 5385/869/4613 5382/866/4611
f 5386/870/4614 5387/871/4615 5388/872/4616
f 5386/870/4614 5388/872/4616 5389/873/4613
f 5387/871/4617 5390/874/4618 5391/875/4619
f 5387/871/4617 5391/875/4619 5388/872/4620
f 5392/876/4621 5393/877/4622 5394/878/4623
f 5392/876/4621 5394/878/4623 5395/879/4624
f 5393/877/4625 5396/880/4626 5397/881/4627
f 5393/877/4625 5397/881/4627 5394/878/4628
f 5398/882/4629 5399/883/4630 5400/884/4631
f 5398/882/4629 5400/884/4631 5401/885/4632
f 5399/883/4633 5402/886/4634 5403/887/4635
f 5399/883/4633 5403/887/4635 5400/884/4636
f 5404/888/4637 5405/889/4638 5406/890/4639
f 5404/888/4637 5406/890/4639 5407/891/4640
f 5405/889/4641 5408/892/4642 5409/893/4643
f 5405/889/4641 5409/893/4643 5406/890/4644
f 5410/894/4645 5411/895/4646 5412/896/4647
f 5410/894/4645 5412/896/4647 5413/897/4648
f 5411/895/4649 5414/898/4650 5415/899/4651
f 5411/895/4649 5415/899/4651 5412/896/4652
f 5416/900/4653 5417/901/4654 5418/902/4655
f 5416/900/4653 5418/902/4655 5419/903/4656
f 5417/901/4657 5420/904/4658 5421/905/4659
f 5417/901/4657 5421/905/4659 5418/902/4660
f 5422/906/4661 5423/907/4662 5424/908/4663
f 5422/906/4661 5424/908/4663 5425/909/4664
f 5423/907/4665 5416/900/4653 5426/910/4666
f 5423/907/4665 5426/910/4666 5424/908/4667
f 5419/903/4656 5427/911/4668 5428/912/4669
f 5419/903/4656 5428/912/4669 5429/913/4670
f 5430/914/4671 5431/915/4672 5432/916/4673
f 5430/914/4671 5432/916/4673 5433/917/4674
f 5434/918/4675 5435/919/4676 5436/920/4677
f 5434/918/4675 5436/920/4677 5437/921/4678
f 5435/919/4679 5438/922/4680 5439/923/4681
f 5435/919/4679 5439/923/4681 5436/920/4682
f 5440/924/4683 5441/925/4684 5442/926/4685
f 5440/924/4683 5442/926/4685 5443/927/4686
f 5444/928/4687 5445/929/4688 5446/930/4689
f 5444/928/4687 5446/930/4689 5447/931/4690
f 5448/932/4691 5449/933/4692 5450/934/4693
f 5448/932/4691 5450/934/4693 5451/935/4694
f 5449/933/4695 5452/936/4696 5453/937/4697
f 5449/933/4695 5453/937/4697 5450/934/4698
f 5454/938/4699 5455/939/4700 5456/940/4701
f 5454/938/4699 5456/940/4701 5457/941/4702
f 5458/942/4703 5459/943/4704 5460/944/4705
f 5458/942/4703 5460/944/4705 5461/945/4706
f 5462/946/4707 5463/947/4708 5464/948/4709
f 5462/946/4707 5464/948/4709 5465/949/4710
f 5463/947/4711 5466/950/4712 5467/951/4713
f 5463/947/4711 5467/951/4713 5464/948/4714
f 5468/952/4715 5469/953/4716 5372/856/4601
f 5468/952/4715 5372/856/4601 5375/859/4604
f 5429/913/4670 5426/910/4666 5416/900/4653
f 5429/913/4670 5416/900/4653 5419/903/4656
f 5383/867/4612 5470/954/4717 5471/955/4718
f 5383/867/4612 5471/955/4718 5380/864/4609
f 5390/874/4618 5472/956/4719 5473/957/4720
f 5390/874/4618 5473/957/4720 5391/875/4619
f 5472/956/4719 5474/958/4721 5396/880/4626
f 5472/956/4719 5396/880/4626 5473/957/4720
f 5474/958/4721 5475/959/4722 5397/881/4627
f 5474/958/4721 5397/881/4627 5396/880/4626
f 5470/954/4717 5392/876/4621 5402/886/4634
f 5470/954/4717 5402/886/4634 5471/955/4718
f 5392/876/4621 5395/879/4624 5403/887/4635
f 5392/876/4621 5403/887/4635 5402/886/4634
f 5468/952/4715 5398/882/4629 5476/960/4723
f 5468/952/4715 5476/960/4723 5469/953/4716
f 5398/882/4629 5401/885/4632 5477/961/4724
f 5398/882/4629 5477/961/4724 5476/960/4723
f 5434/918/4675 5437/921/4678 5440/924/4683
f 5434/918/4675 5440/924/4683 5443/927/4686
f 5437/921/4678 5426/910/4666 5429/913/4670
f 5437/921/4678 5429/913/4670 5440/924/4683
f 5448/932/4691 5451/935/4694 5454/938/4699
f 5448/932/4691 5454/938/4699 5457/941/4702
f 5478/962/4725 5479/963/4726 5404/888/4637
f 5478/962/4725 5404/888/4637 5407/891/4640
f 5409/893/4643 5408/892/4642 5410/894/4645
f 5409/893/4643 5410/894/4645 5413/897/4648
f 5415/899/4651 5414/898/4650 5480/964/4727
f 5415/899/4651 5480/964/4727 5481/965/4728
f 5404/888/4637 5479/963/4726 5358/842/4587
f 5404/888/4637 5358/842/4587 5357/841/4586
f 5410/894/4645 5408/892/4642 5360/844/4589
f 5410/894/4645 5360/844/4589 5363/847/4592
f 5370/854/4597 5480/964/4727 5414/898/4650
f 5370/854/4597 5414/898/4650 5367/851/4594
f 5466/950/4712 5448/932/4691 5457/941/4702
f 5466/950/4712 5457/941/4702 5467/951/4713
f 5397/881/4627 5475/959/4722 5478/962/4725
f 5397/881/4627 5478/962/4725 5407/891/4640
f 5403/887/4635 5395/879/4624 5409/893/4643
f 5403/887/4635 5409/893/4643 5413/897/4648
f 5415/899/4651 5481/965/4728 5477/961/4724
f 5415/899/4651 5477/961/4724 5401/885/4632
f 5454/938/4699 5451/935/4694 5434/918/4675
f 5454/938/4699 5434/918/4675 5443/927/4686
f 5371/855/4599 5365/849/4593 5352/836/4581
f 5371/855/4599 5352/836/4581 5355/839/4584
f 5378/862/4607 5377/861/4606 5386/870/4614
f 5378/862/4607 5386/870/4614 5389/873/4613
f 5472/956/4719 5390/874/4618 5422/906/4661
f 5472/956/4719 5422/906/4661 5425/909/4664
f 5386/870/4729 5377/861/4730 5482/966/4659
f 5386/870/4729 5482/966/4659 5483/967/4658
f 5372/856/4601 5469/953/4716 5432/916/4673
f 5372/856/4601 5432/916/4673 5431/915/4672
f 5475/959/4722 5474/958/4721 5439/923/4681
f 5475/959/4722 5439/923/4681 5438/922/4680
f 5476/960/4723 5477/961/4724 5446/930/4689
f 5476/960/4723 5446/930/4689 5445/929/4688
f 5474/958/4721 5472/956/4719 5425/909/4664
f 5474/958/4721 5425/909/4664 5439/923/4681
f 5469/953/4716 5476/960/4723 5445/929/4688
f 5469/953/4716 5445/929/4688 5432/916/4673
f 5479/963/4726 5478/962/4725 5453/937/4697
f 5479/963/4726 5453/937/4697 5452/936/4696
f 5481/965/4728 5480/964/4727 5460/944/4705
f 5481/965/4728 5460/944/4705 5459/943/4704
f 5358/842/4587 5479/963/4726 5452/936/4696
f 5358/842/4587 5452/936/4696 5484/968/4731
f 5480/964/4727 5370/854/4597 5485/969/4732
f 5480/964/4727 5485/969/4732 5460/944/4705
f 5486/970/4733 5487/971/4734 5462/946/4707
f 5486/970/4733 5462/946/4707 5465/949/4710
f 5478/962/4725 5475/959/4722 5438/922/4680
f 5478/962/4725 5438/922/4680 5453/937/4697
f 5477/961/4724 5481/965/4728 5459/943/4704
f 5477/961/4724 5459/943/4704 5446/930/4689
f 5370/854/4597 5369/853/4596 5488/972/4735
f 5370/854/4597 5488/972/4735 5485/969/4732
f 5369/853/4736 5489/973/4733 5490/974/4710
f 5369/853/4736 5490/974/4710 5488/972/4737
f 5491/975/4734 5359/843/4738 5492/976/4739
f 5491/975/4734 5492/976/4739 5462/946/4707
f 5359/843/4588 5358/842/4587 5484/968/4731
f 5359/843/4588 5484/968/4731 5492/976/4740
f 5377/861/4730 5376/860/4741 5493/977/4742
f 5377/861/4730 5493/977/4742 5482/966/4659
f 5373/857/4602 5372/856/4601 5431/915/4672
f 5373/857/4602 5431/915/4672 5494/978/4743
f 5390/874/4618 5387/871/4617 5495/979/4744
f 5390/874/4618 5495/979/4744 5422/906/4661
f 5387/871/4745 5386/870/4729 5483/967/4658
f 5387/871/4745 5483/967/4658 5496/980/4746
f 5383/867/4612 5497/981/4747 5498/982/4748
f 5383/867/4612 5498/982/4748 5470/954/4717
f 5497/981/4749 5391/875/4619 5473/957/4720
f 5497/981/4749 5473/957/4720 5498/982/4750
f 5470/954/4717 5498/982/4748 5393/877/4622
f 5470/954/4717 5393/877/4622 5392/876/4621
f 5498/982/4750 5473/957/4720 5396/880/4626
f 5498/982/4750 5396/880/4626 5393/877/4625
f 5375/859/4604 5499/983/4751 5500/984/4752
f 5375/859/4604 5500/984/4752 5468/952/4715
f 5499/983/4753 5380/864/4609 5471/955/4718
f 5499/983/4753 5471/955/4718 5500/984/4754
f 5468/952/4715 5500/984/4752 5399/883/4630
f 5468/952/4715 5399/883/4630 5398/882/4629
f 5500/984/4754 5471/955/4718 5402/886/4634
f 5500/984/4754 5402/886/4634 5399/883/4633
f 5357/841/4586 5501/985/4755 5405/889/4638
f 5357/841/4586 5405/889/4638 5404/888/4637
f 5501/985/4756 5360/844/4589 5408/892/4642
f 5501/985/4756 5408/892/4642 5405/889/4641
f 5395/879/4624 5394/878/4623 5406/890/4644
f 5395/879/4624 5406/890/4644 5409/893/4643
f 5394/878/4628 5397/881/4627 5407/891/4640
f 5394/878/4628 5407/891/4640 5406/890/4639
f 5363/847/4592 5502/986/4757 5411/895/4646
f 5363/847/4592 5411/895/4646 5410/894/4645
f 5502/986/4758 5367/851/4594 5414/898/4650
f 5502/986/4758 5414/898/4650 5411/895/4649
f 5401/885/4632 5400/884/4631 5412/896/4652
f 5401/885/4632 5412/896/4652 5415/899/4651
f 5400/884/4636 5403/887/4635 5413/897/4648
f 5400/884/4636 5413/897/4648 5412/896/4647
f 5425/909/4664 5424/908/4663 5436/920/4682
f 5425/909/4664 5436/920/4682 5439/923/4681
f 5424/908/4667 5426/910/4666 5437/921/4678
f 5424/908/4667 5437/921/4678 5436/920/4677
f 5429/913/4670 5428/912/4669 5441/925/4684
f 5429/913/4670 5441/925/4684 5440/924/4683
f 5433/917/4674 5432/916/4673 5445/929/4688
f 5433/917/4674 5445/929/4688 5444/928/4687
f 5452/936/4696 5449/933/4695 5503/987/4759
f 5452/936/4696 5503/987/4759 5484/968/4731
f 5449/933/4692 5448/932/4691 5466/950/4712
f 5449/933/4692 5466/950/4712 5503/987/4760
f 5438/922/4680 5435/919/4679 5450/934/4698
f 5438/922/4680 5450/934/4698 5453/937/4697
f 5435/919/4676 5434/918/4675 5451/935/4694
f 5435/919/4676 5451/935/4694 5450/934/4693
f 5443/927/4686 5442/926/4685 5455/939/4700
f 5443/927/4686 5455/939/4700 5454/938/4699
f 5447/931/4690 5446/930/4689 5459/943/4704
f 5447/931/4690 5459/943/4704 5458/942/4703
f 5457/941/4702 5456/940/4701 5504/988/4761
f 5457/941/4702 5504/988/4761 5467/951/4713
f 5461/945/4706 5460/944/4705 5485/969/4732
f 5461/945/4706 5485/969/4732 5505/989/4762
f 5361/845/4590 5360/844/4589 5501/985/4756
f 5361/845/4590 5501/985/4756 5506/990/4763
f 5501/985/4755 5357/841/4586 5356/840/4585
f 5501/985/4755 5356/840/4585 5506/990/4764
f 5353/837/4582 5352/836/4581 5364/848/4590
f 5353/837/4582 5364/848/4590 5507/991/4763
f 5368/852/4595 5367/851/4594 5502/986/4758
f 5368/852/4595 5502/986/4758 5508/992/4765
f 5502/986/4757 5363/847/4592 5362/846/4591
f 5502/986/4757 5362/846/4591 5508/992/4766
f 5366/850/4591 5365/849/4593 5368/852/4598
f 5366/850/4591 5368/852/4598 5508/992/4766
f 5381/865/4610 5380/864/4609 5499/983/4753
f 5381/865/4610 5499/983/4753 5509/993/4767
f 5499/983/4751 5375/859/4604 5374/858/4603
f 5499/983/4751 5374/858/4603 5509/993/4768
f 5374/858/4608 5384/868/4607 5381/865/4610
f 5374/858/4608 5381/865/4610 5509/993/4767
f 5388/872/4620 5391/875/4619 5497/981/4749
f 5388/872/4620 5497/981/4749 5510/994/4769
f 5497/981/4747 5383/867/4612 5382/866/4611
f 5497/981/4747 5382/866/4611 5510/994/4770
f 5382/866/4611 5385/869/4613 5388/872/4616
f 5382/866/4611 5388/872/4616 5510/994/4770
f 5495/979/4746 5420/904/4658 5417/901/4657
f 5495/979/4746 5417/901/4657 5511/995/4771
f 5417/901/4654 5416/900/4653 5423/907/4665
f 5417/901/4654 5423/907/4665 5511/995/4772
f 5423/907/4662 5422/906/4661 5495/979/4744
f 5423/907/4662 5495/979/4744 5511/995/4773
f 5494/978/4743 5431/915/4672 5430/914/4671
f 5494/978/4743 5430/914/4671 5512/996/4774
f 5427/911/4668 5419/903/4656 5418/902/4655
f 5427/911/4668 5418/902/4655 5513/997/4775
f 5418/902/4660 5421/905/4659 5514/998/4742
f 5418/902/4660 5514/998/4742 5513/997/4776
f 5503/987/4760 5466/950/4712 5463/947/4711
f 5503/987/4760 5463/947/4711 5515/999/4777
f 5463/947/4708 5462/946/4707 5492/976/4739
f 5463/947/4708 5492/976/4739 5515/999/4778
f 5492/976/4740 5484/968/4731 5503/987/4759
f 5492/976/4740 5503/987/4759 5515/999/4779
f 5516/1000/4737 5465/949/4710 5464/948/4709
f 5516/1000/4737 5464/948/4709 5517/1001/4780
f 5464/948/4714 5467/951/4713 5504/988/4761
f 5464/948/4714 5504/988/4761 5517/1001/4781
f 5505/989/4762 5485/969/4732 5488/972/4735
f 5505/989/4762 5488/972/4735 5518/1002/4782
f 5519/1003/4783 5520/1004/4784 5521/1005/4785
f 5519/1003/4783 5521/1005/4785 5522/1006/4786
f 5523/1007/4787 5524/1008/4788 5520/1004/4784
f 5523/1007/4787 5520/1004/4784 5519/1003/4783
f 5525/1009/4789 5526/1010/4790 5527/1011/4791
f 5525/1009/4789 5527/1011/4791 5528/1012/4792
f 5529/1013/4790 5530/1014/4793 5531/1015/4794
f 5529/1013/4790 5531/1015/4794 5532/1016/4791
f 5523/1007/4787 5525/1009/4789 5533/1017/4795
f 5523/1007/4787 5533/1017/4795 5524/1008/4788
f 5534/1018/4796 5535/1019/4797 5536/1020/4798
f 5534/1018/4796 5536/1020/4798 5537/1021/4799
f 5535/1019/4797 5538/1022/4795 5539/1023/4800
f 5535/1019/4797 5539/1023/4800 5536/1020/4798
f 5540/1024/4801 5541/1025/4802 5542/1026/4803
f 5540/1024/4801 5542/1026/4803 5543/1027/4804
f 5541/1025/4802 5544/1028/4805 5545/1029/4806
f 5541/1025/4802 5545/1029/4806 5542/1026/4803
f 5546/1030/4807 5547/1031/4808 5548/1032/4809
f 5546/1030/4807 5548/1032/4809 5549/1033/4810
f 5550/1034/4808 5540/1024/4801 5551/1035/4811
f 5550/1034/4808 5551/1035/4811 5552/1036/4809
f 5553/1037/4805 5554/1038/4812 5555/1039/4813
f 5553/1037/4805 5555/1039/4813 5556/1040/4814
f 5554/1038/4812 5546/1030/4807 5557/1041/4815
f 5554/1038/4812 5557/1041/4815 5555/1039/4813
f 5558/1042/4816 5559/1043/4817 5560/1044/4818
f 5558/1042/4816 5560/1044/4818 5561/1045/4819
f 5559/1043/4817 5551/1035/4811 5562/1046/4820
f 5559/1043/4817 5562/1046/4820 5560/1044/4818
f 5563/1047/4810 5564/1048/4821 5565/1049/4822
f 5563/1047/4810 5565/1049/4822 5566/1050/4823
f 5564/1048/4821 5558/1042/4816 5567/1051/4824
f 5564/1048/4821 5567/1051/4824 5565/1049/4822
f 5528/1012/4792 5568/1052/4825 5569/1053/4826
f 5528/1012/4792 5569/1053/4826 5570/1054/4800
f 5571/1055/4825 5572/1056/4827 5573/1057/4828
f 5571/1055/4825 5573/1057/4828 5574/1058/4826
f 5575/1059/4814 5576/1060/4829 5577/1061/4830
f 5575/1059/4814 5577/1061/4830 5578/1062/4831
f 5576/1060/4829 5579/1063/4832 5580/1064/4833
f 5576/1060/4829 5580/1064/4833 5577/1061/4830
f 5579/1063/4832 5581/1065/4834 5582/1066/4835
f 5579/1063/4832 5582/1066/4835 5583/1067/4836
f 5581/1065/4834 5557/1041/4815 5584/1068/4823
f 5581/1065/4834 5584/1068/4823 5582/1066/4835
f 5583/1067/4836 5585/1069/4837 5586/1070/4838
f 5583/1067/4836 5586/1070/4838 5587/1071/4839
f 5585/1069/4837 5567/1051/4824 5588/1072/4840
f 5585/1069/4837 5588/1072/4840 5586/1070/4838
f 5519/1003/4783 5522/1006/4786 5589/1073/4841
f 5519/1003/4783 5589/1073/4841 5590/1074/4842
f 5590/1074/4842 5589/1073/4841 5591/1075/4843
f 5590/1074/4842 5591/1075/4843 5530/1014/4793
f 5592/1076/4844 5593/1077/4845 5594/1078/4846
f 5592/1076/4844 5594/1078/4846 5595/1079/4847
f 5593/1077/4845 5596/1080/4848 5597/1081/4849
f 5593/1077/4845 5597/1081/4849 5594/1078/4846
f 5598/1082/4850 5599/1083/4851 5600/1084/4852
f 5598/1082/4850 5600/1084/4852 5534/1018/4796
f 5600/1084/4852 5599/1083/4851 5521/1005/4785
f 5600/1084/4852 5521/1005/4785 5520/1004/4784
f 5601/1085/4853 5602/1086/4854 5603/1087/4855
f 5601/1085/4853 5603/1087/4855 5604/1088/4856
f 5602/1086/4854 5605/1089/4857 5606/1090/4858
f 5602/1086/4854 5606/1090/4858 5603/1087/4855
f 5587/1071/4839 5580/1064/4833 5579/1063/4832
f 5587/1071/4839 5579/1063/4832 5583/1067/4836
f 5561/1045/4819 5588/1072/4840 5567/1051/4824
f 5561/1045/4819 5567/1051/4824 5558/1042/4816
f 5540/1024/4801 5543/1027/4804 5562/1046/4820
f 5540/1024/4801 5562/1046/4820 5551/1035/4811
f 5607/1091/4814 5608/1092/4831 5545/1029/4806
f 5607/1091/4814 5545/1029/4806 5544/1028/4805
f 5608/1092/4831 5609/1093/4849 5610/1094/4859
f 5608/1092/4831 5610/1094/4859 5545/1029/4806
f 5595/1079/4847 5580/1064/4833 5587/1071/4839
f 5595/1079/4847 5587/1071/4839 5606/1090/4858
f 5604/1088/4856 5588/1072/4840 5561/1045/4819
f 5604/1088/4856 5561/1045/4819 5611/1095/4860
f 5612/1096/4861 5562/1046/4820 5543/1027/4804
f 5612/1096/4861 5543/1027/4804 5613/1097/4862
f 5531/1015/4794 5530/1014/4793 5591/1075/4843
f 5531/1015/4794 5591/1075/4843 5614/1098/4848
f 5598/1082/4850 5534/1018/4796 5537/1021/4799
f 5598/1082/4850 5537/1021/4799 5601/1085/4853
f 5609/1093/4849 5614/1098/4848 5591/1075/4843
f 5609/1093/4849 5591/1075/4843 5610/1094/4859
f 5613/1097/4862 5522/1006/4786 5521/1005/4785
f 5613/1097/4862 5521/1005/4785 5612/1096/4861
f 5592/1076/4844 5595/1079/4847 5606/1090/4858
f 5592/1076/4844 5606/1090/4858 5605/1089/4857
f 5601/1085/4853 5604/1088/4856 5611/1095/4860
f 5601/1085/4853 5611/1095/4860 5598/1082/4850
f 5533/1017/4795 5525/1009/4789 5528/1012/4792
f 5533/1017/4795 5528/1012/4792 5570/1054/4800
f 5546/1030/4807 5549/1033/4810 5584/1068/4823
f 5546/1030/4807 5584/1068/4823 5557/1041/4815
f 5543/1027/4804 5542/1026/4803 5615/1099/4863
f 5543/1027/4804 5615/1099/4863 5613/1097/4862
f 5542/1026/4803 5545/1029/4806 5610/1094/4859
f 5542/1026/4803 5610/1094/4859 5615/1099/4863
f 5613/1097/4862 5615/1099/4863 5589/1073/4841
f 5613/1097/4862 5589/1073/4841 5522/1006/4786
f 5615/1099/4863 5610/1094/4859 5591/1075/4843
f 5615/1099/4863 5591/1075/4843 5589/1073/4841
f 5616/1100/4794 5596/1080/4848 5593/1077/4845
f 5616/1100/4794 5593/1077/4845 5617/1101/4864
f 5617/1101/4864 5593/1077/4845 5592/1076/4844
f 5617/1101/4864 5592/1076/4844 5572/1056/4827
f 5578/1062/4831 5577/1061/4830 5594/1078/4846
f 5578/1062/4831 5594/1078/4846 5597/1081/4849
f 5577/1061/4830 5580/1064/4833 5595/1079/4847
f 5577/1061/4830 5595/1079/4847 5594/1078/4846
f 5561/1045/4819 5560/1044/4818 5618/1102/4865
f 5561/1045/4819 5618/1102/4865 5611/1095/4860
f 5560/1044/4818 5562/1046/4820 5612/1096/4861
f 5560/1044/4818 5612/1096/4861 5618/1102/4865
f 5611/1095/4860 5618/1102/4865 5599/1083/4851
f 5611/1095/4860 5599/1083/4851 5598/1082/4850
f 5618/1102/4865 5612/1096/4861 5521/1005/4785
f 5618/1102/4865 5521/1005/4785 5599/1083/4851
f 5573/1057/4828 5605/1089/4857 5602/1086/4854
f 5573/1057/4828 5602/1086/4854 5619/1103/4866
f 5619/1103/4866 5602/1086/4854 5601/1085/4853
f 5619/1103/4866 5601/1085/4853 5537/1021/4799
f 5587/1071/4839 5586/1070/4838 5603/1087/4855
f 5587/1071/4839 5603/1087/4855 5606/1090/4858
f 5586/1070/4838 5588/1072/4840 5604/1088/4856
f 5586/1070/4838 5604/1088/4856 5603/1087/4855
f 5523/1007/4787 5519/1003/4783 5590/1074/4842
f 5523/1007/4787 5590/1074/4842 5620/1104/4867
f 5590/1074/4842 5530/1014/4793 5529/1013/4790
f 5590/1074/4842 5529/1013/4790 5620/1104/4867
f 5526/1010/4790 5525/1009/4789 5523/1007/4787
f 5526/1010/4790 5523/1007/4787 5620/1104/4867
f 5535/1019/4797 5534/1018/4796 5600/1084/4852
f 5535/1019/4797 5600/1084/4852 5621/1105/4868
f 5600/1084/4852 5520/1004/4784 5524/1008/4788
f 5600/1084/4852 5524/1008/4788 5621/1105/4868
f 5524/1008/4788 5538/1022/4795 5535/1019/4797
f 5524/1008/4788 5535/1019/4797 5621/1105/4868
f 5554/1038/4812 5553/1037/4805 5622/1106/4802
f 5554/1038/4812 5622/1106/4802 5623/1107/4869
f 5541/1025/4802 5540/1024/4801 5550/1034/4808
f 5541/1025/4802 5550/1034/4808 5624/1108/4869
f 5547/1031/4808 5546/1030/4807 5554/1038/4812
f 5547/1031/4808 5554/1038/4812 5623/1107/4869
f 5552/1036/4809 5551/1035/4811 5559/1043/4817
f 5552/1036/4809 5559/1043/4817 5625/1109/4870
f 5559/1043/4817 5558/1042/4816 5564/1048/4821
f 5559/1043/4817 5564/1048/4821 5625/1109/4870
f 5564/1048/4821 5563/1047/4810 5552/1036/4809
f 5564/1048/4821 5552/1036/4809 5625/1109/4870
f 5626/1110/4791 5616/1100/4794 5617/1101/4864
f 5626/1110/4791 5617/1101/4864 5627/1111/4871
f 5617/1101/4864 5572/1056/4827 5571/1055/4825
f 5617/1101/4864 5571/1055/4825 5627/1111/4871
f 5568/1052/4825 5528/1012/4792 5527/1011/4791
f 5568/1052/4825 5527/1011/4791 5628/1112/4871
f 5581/1065/4834 5579/1063/4832 5576/1060/4829
f 5581/1065/4834 5576/1060/4829 5629/1113/4872
f 5576/1060/4829 5575/1059/4814 5630/1114/4813
f 5576/1060/4829 5630/1114/4813 5629/1113/4872
f 5555/1039/4813 5557/1041/4815 5581/1065/4834
f 5555/1039/4813 5581/1065/4834 5629/1113/4872
f 5565/1049/4822 5567/1051/4824 5585/1069/4837
f 5565/1049/4822 5585/1069/4837 5631/1115/4873
f 5585/1069/4837 5583/1067/4836 5582/1066/4835
f 5585/1069/4837 5582/1066/4835 5631/1115/4873
f 5582/1066/4835 5566/1050/4823 5565/1049/4822
f 5582/1066/4835 5565/1049/4822 5631/1115/4873
f 5574/1058/4826 5573/1057/4828 5619/1103/4866
f 5574/1058/4826 5619/1103/4866 5632/1116/4874
f 5619/1103/4866 5537/1021/4799 5536/1020/4798
f 5619/1103/4866 5536/1020/4798 5632/1116/4874
f 5536/1020/4798 5539/1023/4800 5574/1058/4826
f 5536/1020/4798 5574/1058/4826 5632/1116/4874
f 5572/1056/4827 5592/1076/4844 5605/1089/4857
f 5572/1056/4827 5605/1089/4857 5573/1057/4828
f 5633/1117/4875 5634/1118/4876 5635/1119/4877
f 5633/1117/4875 5635/1119/4877 5636/1120/4878
f 5634/1118/4879 5637/1121/4880 5638/1122/4881
f 5634/1118/4879 5638/1122/4881 5635/1119/4882
f 5639/1123/4883 5640/1124/4884 5641/1125/4885
f 5639/1123/4883 5641/1125/4885 5642/1126/4886
f 5643/1127/4887 5633/1117/4888 5644/1128/4889
f 5643/1127/4887 5644/1128/4889 5645/1129/4889
f 5637/1121/4880 5646/1130/4890 5647/1131/4891
f 5637/1121/4880 5647/1131/4891 5648/1132/4892
f 5646/1130/4893 5639/1123/4894 5649/1133/4895
f 5646/1130/4893 5649/1133/4895 5647/1131/4896
f 5650/1134/4897 5651/1135/4898 5652/1136/4899
f 5650/1134/4897 5652/1136/4899 5653/1137/4900
f 5651/1135/4901 5654/1138/4902 5655/1139/4903
f 5651/1135/4901 5655/1139/4903 5652/1136/4904
f 5642/1126/4905 5656/1140/4906 5657/1141/4907
f 5642/1126/4905 5657/1141/4907 5658/1142/4908
f 5659/1143/4909 5650/1134/4897 5660/1144/4910
f 5659/1143/4909 5660/1144/4910 5661/1145/4911
f 5648/1132/4892 5662/1146/4912 5663/1147/4913
f 5648/1132/4892 5663/1147/4913 5664/1148/4914
f 5662/1146/4915 5665/1149/4916 5666/1150/4917
f 5662/1146/4915 5666/1150/4917 5663/1147/4918
f 5665/1149/4916 5667/1151/4919 5668/1152/4920
f 5665/1149/4916 5668/1152/4920 5669/1153/4921
f 5670/1154/4919 5649/1133/4895 5658/1142/4908
f 5670/1154/4919 5658/1142/4908 5671/1155/4920
f 5669/1153/4921 5672/1156/4922 5673/1157/4923
f 5669/1153/4921 5673/1157/4923 5674/1158/4924
f 5672/1156/4925 5660/1144/4910 5675/1159/4926
f 5672/1156/4925 5675/1159/4926 5673/1157/4927
f 5676/1160/4928 5677/1161/4929 5678/1162/4930
f 5676/1160/4928 5678/1162/4930 5679/1163/4931
f 5680/1164/4932 5681/1165/4933 5682/1166/4934
f 5680/1164/4932 5682/1166/4934 5683/1167/4934
f 5684/1168/4935 5685/1169/4936 5686/1170/4937
f 5684/1168/4935 5686/1170/4937 5687/1171/4938
f 5685/1169/4939 5676/1160/4940 5688/1172/4941
f 5685/1169/4939 5688/1172/4941 5686/1170/4942
f 5689/1173/4943 5690/1174/4944 5691/1175/4945
f 5689/1173/4943 5691/1175/4945 5692/1176/4946
f 5690/1174/4944 5693/1177/4941 5694/1178/4947
f 5690/1174/4944 5694/1178/4947 5691/1175/4945
f 5679/1163/4948 5695/1179/4949 5696/1180/4950
f 5679/1163/4948 5696/1180/4950 5697/1181/4947
f 5698/1182/4951 5699/1183/4952 5700/1184/4953
f 5698/1182/4951 5700/1184/4953 5701/1185/4954
f 5702/1186/4955 5703/1187/4956 5704/1188/4957
f 5702/1186/4955 5704/1188/4957 5705/1189/4958
f 5703/1187/4959 5706/1190/4960 5707/1191/4961
f 5703/1187/4959 5707/1191/4961 5704/1188/4962
f 5708/1192/4963 5709/1193/4964 5710/1194/4965
f 5708/1192/4963 5710/1194/4965 5711/1195/4966
f 5709/1193/4967 5712/1196/4968 5713/1197/4969
f 5709/1193/4967 5713/1197/4969 5710/1194/4970
f 5714/1198/4971 5715/1199/4972 5716/1200/4973
f 5714/1198/4971 5716/1200/4973 5717/1201/4974
f 5715/1199/4975 5718/1202/4976 5719/1203/4977
f 5715/1199/4975 5719/1203/4977 5716/1200/4978
f 5720/1204/4979 5721/1205/4980 5722/1206/4981
f 5720/1204/4979 5722/1206/4981 5723/1207/4982
f 5721/1205/4983 5724/1208/4984 5725/1209/4985
f 5721/1205/4983 5725/1209/4985 5722/1206/4986
f 5650/1134/4897 5653/1137/4900 5675/1159/4926
f 5650/1134/4897 5675/1159/4926 5660/1144/4910
f 5633/1117/4875 5636/1120/4878 5726/1210/4903
f 5633/1117/4875 5726/1210/4903 5644/1128/4902
f 5674/1158/4924 5666/1150/4917 5665/1149/4916
f 5674/1158/4924 5665/1149/4916 5669/1153/4921
f 5664/1148/4914 5638/1122/4881 5637/1121/4880
f 5664/1148/4914 5637/1121/4880 5648/1132/4892
f 5688/1172/4941 5676/1160/4940 5679/1163/4948
f 5688/1172/4941 5679/1163/4948 5697/1181/4947
f 5642/1126/4905 5658/1142/4908 5649/1133/4895
f 5642/1126/4905 5649/1133/4895 5639/1123/4894
f 5707/1191/4961 5706/1190/4960 5727/1211/4968
f 5707/1191/4961 5727/1211/4968 5728/1212/4987
f 5706/1190/4960 5729/1213/4988 5730/1214/4969
f 5706/1190/4960 5730/1214/4969 5727/1211/4968
f 5726/1210/4903 5636/1120/4878 5707/1191/4961
f 5726/1210/4903 5707/1191/4961 5728/1212/4987
f 5675/1159/4926 5653/1137/4900 5731/1215/4989
f 5675/1159/4926 5731/1215/4989 5732/1216/4990
f 5733/1217/4991 5734/1218/4992 5666/1150/4917
f 5733/1217/4991 5666/1150/4917 5674/1158/4924
f 5735/1219/4993 5705/1189/4958 5638/1122/4881
f 5735/1219/4993 5638/1122/4881 5664/1148/4914
f 5730/1214/4969 5729/1213/4988 5682/1166/4994
f 5730/1214/4969 5682/1166/4994 5681/1165/4995
f 5719/1203/4977 5711/1195/4966 5684/1168/4935
f 5719/1203/4977 5684/1168/4935 5687/1171/4938
f 5692/1176/4946 5725/1209/4985 5717/1201/4974
f 5692/1176/4946 5717/1201/4974 5689/1173/4943
f 5699/1183/4952 5736/1220/4996 5723/1207/4982
f 5699/1183/4952 5723/1207/4982 5700/1184/4953
f 5731/1215/4989 5708/1192/4963 5718/1202/4976
f 5731/1215/4989 5718/1202/4976 5732/1216/4990
f 5708/1192/4963 5711/1195/4966 5719/1203/4977
f 5708/1192/4963 5719/1203/4977 5718/1202/4976
f 5733/1217/4991 5714/1198/4971 5724/1208/4984
f 5733/1217/4991 5724/1208/4984 5734/1218/4992
f 5714/1198/4971 5717/1201/4974 5725/1209/4985
f 5714/1198/4971 5725/1209/4985 5724/1208/4984
f 5736/1220/4996 5702/1186/4955 5720/1204/4979
f 5736/1220/4996 5720/1204/4979 5723/1207/4982
f 5702/1186/4955 5705/1189/4958 5735/1219/4993
f 5702/1186/4955 5735/1219/4993 5720/1204/4979
f 5706/1190/4960 5703/1187/4959 5737/1221/4997
f 5706/1190/4960 5737/1221/4997 5729/1213/4988
f 5703/1187/4956 5702/1186/4955 5736/1220/4996
f 5703/1187/4956 5736/1220/4996 5737/1221/4998
f 5636/1120/4878 5635/1119/4877 5704/1188/4962
f 5636/1120/4878 5704/1188/4962 5707/1191/4961
f 5635/1119/4882 5638/1122/4881 5705/1189/4958
f 5635/1119/4882 5705/1189/4958 5704/1188/4957
f 5653/1137/4900 5652/1136/4899 5738/1222/4999
f 5653/1137/4900 5738/1222/4999 5731/1215/4989
f 5652/1136/4904 5655/1139/4903 5739/1223/4987
f 5652/1136/4904 5739/1223/4987 5738/1222/5000
f 5731/1215/4989 5738/1222/4999 5709/1193/4964
f 5731/1215/4989 5709/1193/4964 5708/1192/4963
f 5738/1222/5000 5739/1223/4987 5712/1196/4968
f 5738/1222/5000 5712/1196/4968 5709/1193/4967
f 5699/1183/4952 5740/1224/5001 5737/1221/4998
f 5699/1183/4952 5737/1221/4998 5736/1220/4996
f 5740/1224/5002 5682/1166/4994 5729/1213/4988
f 5740/1224/5002 5729/1213/4988 5737/1221/4997
f 5741/1225/4995 5742/1226/5003 5710/1194/4970
f 5741/1225/4995 5710/1194/4970 5713/1197/4969
f 5742/1226/5004 5684/1168/4935 5711/1195/4966
f 5742/1226/5004 5711/1195/4966 5710/1194/4965
f 5674/1158/4924 5673/1157/4923 5743/1227/5005
f 5674/1158/4924 5743/1227/5005 5733/1217/4991
f 5673/1157/4927 5675/1159/4926 5732/1216/4990
f 5673/1157/4927 5732/1216/4990 5743/1227/5006
f 5733/1217/4991 5743/1227/5005 5715/1199/4972
f 5733/1217/4991 5715/1199/4972 5714/1198/4971
f 5743/1227/5006 5732/1216/4990 5718/1202/4976
f 5743/1227/5006 5718/1202/4976 5715/1199/4975
f 5687/1171/4938 5744/1228/5007 5716/1200/4978
f 5687/1171/4938 5716/1200/4978 5719/1203/4977
f 5744/1228/5008 5689/1173/4943 5717/1201/4974
f 5744/1228/5008 5717/1201/4974 5716/1200/4973
f 5664/1148/4914 5663/1147/4913 5745/1229/5009
f 5664/1148/4914 5745/1229/5009 5735/1219/4993
f 5663/1147/4918 5666/1150/4917 5734/1218/4992
f 5663/1147/4918 5734/1218/4992 5745/1229/5010
f 5735/1219/4993 5745/1229/5009 5721/1205/4980
f 5735/1219/4993 5721/1205/4980 5720/1204/4979
f 5745/1229/5010 5734/1218/4992 5724/1208/4984
f 5745/1229/5010 5724/1208/4984 5721/1205/4983
f 5692/1176/4946 5746/1230/5011 5722/1206/4986
f 5692/1176/4946 5722/1206/4986 5725/1209/4985
f 5746/1230/5012 5700/1184/4953 5723/1207/4982
f 5746/1230/5012 5723/1207/4982 5722/1206/4981
f 5646/1130/4890 5637/1121/4880 5634/1118/4879
f 5646/1130/4890 5634/1118/4879 5747/1231/5013
f 5634/1118/4876 5633/1117/4875 5643/1127/5014
f 5634/1118/4876 5643/1127/5014 5747/1231/5015
f 5640/1124/5016 5639/1123/5017 5646/1130/5018
f 5640/1124/5016 5646/1130/5018 5747/1231/5016
f 5748/1232/5019 5654/1138/4902 5651/1135/4901
f 5748/1232/5019 5651/1135/4901 5749/1233/5019
f 5651/1135/4898 5650/1134/4897 5659/1143/4909
f 5651/1135/4898 5659/1143/4909 5749/1233/5020
f 5656/1140/4906 5642/1126/4905 5641/1125/5021
f 5656/1140/4906 5641/1125/5021 5750/1234/5022
f 5667/1151/4919 5665/1149/4916 5662/1146/4915
f 5667/1151/4919 5662/1146/4915 5751/1235/5023
f 5662/1146/4912 5648/1132/4892 5647/1131/4891
f 5662/1146/4912 5647/1131/4891 5751/1235/5024
f 5647/1131/4896 5649/1133/4895 5670/1154/4919
f 5647/1131/4896 5670/1154/4919 5751/1235/5023
f 5661/1145/4911 5660/1144/4910 5672/1156/4925
f 5661/1145/4911 5672/1156/4925 5752/1236/5025
f 5672/1156/4922 5669/1153/4921 5668/1152/4920
f 5672/1156/4922 5668/1152/4920 5752/1236/5026
f 5671/1155/4920 5658/1142/4908 5657/1141/4907
f 5671/1155/4920 5657/1141/4907 5753/1237/5026
f 5685/1169/4936 5684/1168/4935 5742/1226/5004
f 5685/1169/4936 5742/1226/5004 5754/1238/5027
f 5742/1226/5003 5741/1225/4995 5677/1161/5028
f 5742/1226/5003 5677/1161/5028 5754/1238/5029
f 5677/1161/5030 5676/1160/5031 5685/1169/5032
f 5677/1161/5030 5685/1169/5032 5754/1238/5030
f 5690/1174/4944 5689/1173/4943 5744/1228/5008
f 5690/1174/4944 5744/1228/5008 5755/1239/5033
f 5744/1228/5007 5687/1171/4938 5686/1170/4937
f 5744/1228/5007 5686/1170/4937 5755/1239/5034
f 5686/1170/4942 5693/1177/4941 5690/1174/4944
f 5686/1170/4942 5690/1174/4944 5755/1239/5033
f 5683/1167/5035 5682/1166/4994 5740/1224/5002
f 5683/1167/5035 5740/1224/5002 5756/1240/5036
f 5740/1224/5001 5699/1183/4952 5698/1182/4951
f 5740/1224/5001 5698/1182/4951 5756/1240/5037
f 5695/1179/4949 5679/1163/4948 5678/1162/5038
f 5695/1179/4949 5678/1162/5038 5757/1241/5039
f 5701/1185/4954 5700/1184/4953 5746/1230/5012
f 5701/1185/4954 5746/1230/5012 5758/1242/5040
f 5746/1230/5011 5692/1176/4946 5691/1175/4945
f 5746/1230/5011 5691/1175/4945 5758/1242/5041
f 5691/1175/4945 5694/1178/4947 5701/1185/4950
f 5691/1175/4945 5701/1185/4950 5758/1242/5041
f 5759/1243/5042 5760/1244/5043 5761/1245/5044
f 5759/1243/5042 5761/1245/5044 5762/1246/5045
f 5763/1247/5043 5764/1248/5046 5765/1249/5047
f 5763/1247/5043 5765/1249/5047 5766/1250/5044
f 5767/1251/5048 5768/1252/5049 5769/1253/5050
f 5767/1251/5048 5769/1253/5050 5770/1254/5051
f 5768/1252/5052 5759/1243/5042 5771/1255/5053
f 5768/1252/5052 5771/1255/5053 5769/1253/5054
f 5762/1246/5045 5772/1256/5055 5773/1257/5056
f 5762/1246/5045 5773/1257/5056 5774/1258/5057
f 5775/1259/5058 5776/1260/5059 5777/1261/5060
f 5775/1259/5058 5777/1261/5060 5778/1262/5061
f 5779/1263/5062 5780/1264/5063 5781/1265/5064
f 5779/1263/5062 5781/1265/5064 5782/1266/5065
f 5780/1264/5066 5783/1267/5067 5784/1268/5068
f 5780/1264/5066 5784/1268/5068 5781/1265/5069
f 5785/1269/5070 5786/1270/5071 5787/1271/5072
f 5785/1269/5070 5787/1271/5072 5788/1272/5073
f 5786/1270/5071 5789/1273/5062 5790/1274/5074
f 5786/1270/5071 5790/1274/5074 5787/1271/5072
f 5791/1275/5075 5792/1276/5076 5793/1277/5077
f 5791/1275/5075 5793/1277/5077 5794/1278/5078
f 5795/1279/5079 5796/1280/5074 5797/1281/5080
f 5795/1279/5079 5797/1281/5080 5798/1282/5081
f 5799/1283/5082 5800/1284/5083 5801/1285/5084
f 5799/1283/5082 5801/1285/5084 5802/1286/5085
f 5803/1287/5086 5804/1288/5087 5805/1289/5088
f 5803/1287/5086 5805/1289/5088 5806/1290/5089
f 5807/1291/5090 5808/1292/5091 5809/1293/5092
f 5807/1291/5090 5809/1293/5092 5810/1294/5093
f 5808/1292/5094 5811/1295/5095 5812/1296/5096
f 5808/1292/5094 5812/1296/5096 5809/1293/5097
f 5813/1297/5098 5814/1298/5099 5815/1299/5100
f 5813/1297/5098 5815/1299/5100 5816/1300/5101
f 5817/1301/5102 5818/1302/5103 5819/1303/5104
f 5817/1301/5102 5819/1303/5104 5820/1304/5105
f 5821/1305/5106 5822/1306/5107 5823/1307/5108
f 5821/1305/5106 5823/1307/5108 5824/1308/5109
f 5822/1306/5110 5825/1309/5111 5826/1310/5112
f 5822/1306/5110 5826/1310/5112 5823/1307/5113
f 5827/1311/5114 5828/1312/5115 5829/1313/5116
f 5827/1311/5114 5829/1313/5116 5830/1314/5117
f 5828/1312/5118 5831/1315/5119 5832/1316/5120
f 5828/1312/5118 5832/1316/5120 5829/1313/5121
f 5831/1315/5119 5833/1317/5122 5834/1318/5123
f 5831/1315/5119 5834/1318/5123 5835/1319/5124
f 5833/1317/5125 5836/1320/5126 5837/1321/5127
f 5833/1317/5125 5837/1321/5127 5834/1318/5128
f 5838/1322/5129 5839/1323/5130 5840/1324/5131
f 5838/1322/5129 5840/1324/5131 5841/1325/5132
f 5839/1323/5133 5832/1316/5120 5842/1326/5134
f 5839/1323/5133 5842/1326/5134 5840/1324/5135
f 5843/1327/5136 5844/1328/5137 5845/1329/5138
f 5843/1327/5136 5845/1329/5138 5846/1330/5139
f 5844/1328/5140 5847/1331/5141 5848/1332/5142
f 5844/1328/5140 5848/1332/5142 5845/1329/5143
f 5849/1333/5144 5850/1334/5145 5851/1335/5146
f 5849/1333/5144 5851/1335/5146 5852/1336/5147
f 5850/1334/5148 5853/1337/5149 5854/1338/5150
f 5850/1334/5148 5854/1338/5150 5851/1335/5151
f 5855/1339/5152 5856/1340/5153 5857/1341/5154
f 5855/1339/5152 5857/1341/5154 5858/1342/5155
f 5856/1340/5156 5859/1343/5157 5860/1344/5158
f 5856/1340/5156 5860/1344/5158 5857/1341/5159
f 5794/1278/5078 5861/1345/5160 5802/1286/5085
f 5794/1278/5078 5802/1286/5085 5791/1275/5075
f 5831/1315/5119 5835/1319/5124 5842/1326/5134
f 5831/1315/5119 5842/1326/5134 5832/1316/5120
f 5805/1289/5088 5810/1294/5093 5785/1269/5070
f 5805/1289/5088 5785/1269/5070 5788/1272/5073
f 5812/1296/5096 5862/1346/5161 5784/1268/5068
f 5812/1296/5096 5784/1268/5068 5783/1267/5067
f 5843/1327/5136 5846/1330/5139 5849/1333/5144
f 5843/1327/5136 5849/1333/5144 5852/1336/5147
f 5846/1330/5139 5863/1347/5162 5864/1348/5163
f 5846/1330/5139 5864/1348/5163 5849/1333/5144
f 5865/1349/5164 5866/1350/5165 5843/1327/5136
f 5865/1349/5164 5843/1327/5136 5852/1336/5147
f 5799/1283/5082 5867/1351/5166 5868/1352/5167
f 5799/1283/5082 5868/1352/5167 5869/1353/5168
f 5870/1354/5169 5871/1355/5170 5807/1291/5090
f 5870/1354/5169 5807/1291/5090 5804/1288/5087
f 5872/1356/5171 5873/1357/5172 5874/1358/5173
f 5872/1356/5171 5874/1358/5173 5811/1295/5095
f 5864/1348/5163 5863/1347/5162 5855/1339/5152
f 5864/1348/5163 5855/1339/5152 5858/1342/5155
f 5819/1303/5104 5875/1359/5174 5777/1261/5060
f 5819/1303/5104 5777/1261/5060 5776/1260/5059
f 5764/1248/5046 5826/1310/5112 5816/1300/5101
f 5764/1248/5046 5816/1300/5101 5765/1249/5047
f 5770/1254/5051 5876/1360/5175 5824/1308/5109
f 5770/1254/5051 5824/1308/5109 5767/1251/5048
f 5868/1352/5167 5877/1361/5176 5818/1302/5103
f 5868/1352/5167 5818/1302/5103 5869/1353/5168
f 5877/1361/5176 5875/1359/5174 5819/1303/5104
f 5877/1361/5176 5819/1303/5104 5818/1302/5103
f 5870/1354/5169 5813/1297/5098 5825/1309/5111
f 5870/1354/5169 5825/1309/5111 5871/1355/5170
f 5813/1297/5098 5816/1300/5101 5826/1310/5112
f 5813/1297/5098 5826/1310/5112 5825/1309/5111
f 5876/1360/5175 5878/1362/5177 5821/1305/5106
f 5876/1360/5175 5821/1305/5106 5824/1308/5109
f 5878/1362/5177 5873/1357/5172 5872/1356/5171
f 5878/1362/5177 5872/1356/5171 5821/1305/5106
f 5842/1326/5134 5835/1319/5124 5866/1350/5165
f 5842/1326/5134 5866/1350/5165 5865/1349/5164
f 5802/1286/5085 5861/1345/5160 5867/1351/5166
f 5802/1286/5085 5867/1351/5166 5799/1283/5082
f 5804/1288/5087 5807/1291/5090 5810/1294/5093
f 5804/1288/5087 5810/1294/5093 5805/1289/5088
f 5811/1295/5095 5874/1358/5173 5862/1346/5161
f 5811/1295/5095 5862/1346/5161 5812/1296/5096
f 5762/1246/5045 5774/1258/5057 5771/1255/5053
f 5762/1246/5045 5771/1255/5053 5759/1243/5042
f 5797/1281/5080 5796/1280/5074 5779/1263/5062
f 5797/1281/5080 5779/1263/5062 5782/1266/5065
f 5784/1268/5068 5862/1346/5161 5837/1321/5127
f 5784/1268/5068 5837/1321/5127 5836/1320/5126
f 5861/1345/5160 5794/1278/5078 5838/1322/5129
f 5861/1345/5160 5838/1322/5129 5841/1325/5132
f 5879/1363/5178 5880/1364/5179 5827/1311/5114
f 5879/1363/5178 5827/1311/5114 5830/1314/5117
f 5873/1357/5172 5878/1362/5177 5848/1332/5142
f 5873/1357/5172 5848/1332/5142 5847/1331/5141
f 5877/1361/5176 5868/1352/5167 5854/1338/5150
f 5877/1361/5176 5854/1338/5150 5853/1337/5149
f 5878/1362/5177 5876/1360/5175 5881/1365/5180
f 5878/1362/5177 5881/1365/5180 5848/1332/5142
f 5875/1359/5174 5877/1361/5176 5853/1337/5149
f 5875/1359/5174 5853/1337/5149 5882/1366/5181
f 5874/1358/5173 5873/1357/5172 5847/1331/5141
f 5874/1358/5173 5847/1331/5141 5883/1367/5182
f 5868/1352/5167 5867/1351/5166 5884/1368/5183
f 5868/1352/5167 5884/1368/5183 5854/1338/5150
f 5876/1360/5175 5770/1254/5051 5885/1369/5184
f 5876/1360/5175 5885/1369/5184 5881/1365/5180
f 5886/1370/5185 5887/1371/5186 5860/1344/5158
f 5886/1370/5185 5860/1344/5158 5859/1343/5157
f 5777/1261/5060 5875/1359/5174 5882/1366/5181
f 5777/1261/5060 5882/1366/5181 5888/1372/5187
f 5862/1346/5161 5874/1358/5173 5883/1367/5182
f 5862/1346/5161 5883/1367/5182 5837/1321/5127
f 5867/1351/5166 5861/1345/5160 5841/1325/5132
f 5867/1351/5166 5841/1325/5132 5884/1368/5183
f 5889/1373/5186 5778/1262/5188 5890/1374/5189
f 5889/1373/5186 5890/1374/5189 5860/1344/5158
f 5778/1262/5061 5777/1261/5060 5888/1372/5187
f 5778/1262/5061 5888/1372/5187 5890/1374/5190
f 5794/1278/5078 5793/1277/5077 5891/1375/5191
f 5794/1278/5078 5891/1375/5191 5838/1322/5129
f 5793/1277/5192 5892/1376/5178 5830/1314/5117
f 5793/1277/5192 5830/1314/5117 5891/1375/5193
f 5770/1254/5051 5769/1253/5050 5893/1377/5194
f 5770/1254/5051 5893/1377/5194 5885/1369/5184
f 5769/1253/5195 5771/1255/5185 5859/1343/5157
f 5769/1253/5195 5859/1343/5157 5893/1377/5196
f 5894/1378/5179 5781/1265/5197 5895/1379/5198
f 5894/1378/5179 5895/1379/5198 5827/1311/5114
f 5781/1265/5069 5784/1268/5068 5836/1320/5126
f 5781/1265/5069 5836/1320/5126 5895/1379/5199
f 5788/1272/5073 5896/1380/5200 5806/1290/5089
f 5788/1272/5073 5806/1290/5089 5805/1289/5088
f 5897/1381/5201 5791/1275/5075 5802/1286/5085
f 5897/1381/5201 5802/1286/5085 5801/1285/5084
f 5783/1267/5067 5898/1382/5202 5809/1293/5097
f 5783/1267/5067 5809/1293/5097 5812/1296/5096
f 5898/1382/5203 5785/1269/5070 5810/1294/5093
f 5898/1382/5203 5810/1294/5093 5809/1293/5092
f 5804/1288/5087 5803/1287/5086 5899/1383/5204
f 5804/1288/5087 5899/1383/5204 5870/1354/5169
f 5800/1284/5083 5799/1283/5082 5869/1353/5168
f 5800/1284/5083 5869/1353/5168 5900/1384/5205
f 5870/1354/5169 5899/1383/5204 5814/1298/5099
f 5870/1354/5169 5814/1298/5099 5813/1297/5098
f 5900/1384/5205 5869/1353/5168 5818/1302/5103
f 5900/1384/5205 5818/1302/5103 5817/1301/5102
f 5776/1260/5059 5901/1385/5206 5820/1304/5105
f 5776/1260/5059 5820/1304/5105 5819/1303/5104
f 5902/1386/5207 5765/1249/5047 5816/1300/5101
f 5902/1386/5207 5816/1300/5101 5815/1299/5100
f 5811/1295/5095 5808/1292/5094 5903/1387/5208
f 5811/1295/5095 5903/1387/5208 5872/1356/5171
f 5808/1292/5091 5807/1291/5090 5871/1355/5170
f 5808/1292/5091 5871/1355/5170 5903/1387/5209
f 5872/1356/5171 5903/1387/5208 5822/1306/5107
f 5872/1356/5171 5822/1306/5107 5821/1305/5106
f 5903/1387/5209 5871/1355/5170 5825/1309/5111
f 5903/1387/5209 5825/1309/5111 5822/1306/5110
f 5764/1248/5046 5904/1388/5210 5823/1307/5113
f 5764/1248/5046 5823/1307/5113 5826/1310/5112
f 5904/1388/5211 5767/1251/5048 5824/1308/5109
f 5904/1388/5211 5824/1308/5109 5823/1307/5108
f 5847/1331/5141 5844/1328/5140 5905/1389/5212
f 5847/1331/5141 5905/1389/5212 5883/1367/5182
f 5844/1328/5137 5843/1327/5136 5866/1350/5165
f 5844/1328/5137 5866/1350/5165 5905/1389/5213
f 5846/1330/5139 5845/1329/5138 5906/1390/5214
f 5846/1330/5139 5906/1390/5214 5863/1347/5162
f 5845/1329/5143 5848/1332/5142 5881/1365/5180
f 5845/1329/5143 5881/1365/5180 5906/1390/5215
f 5853/1337/5149 5850/1334/5148 5907/1391/5216
f 5853/1337/5149 5907/1391/5216 5882/1366/5181
f 5850/1334/5145 5849/1333/5144 5864/1348/5163
f 5850/1334/5145 5864/1348/5163 5907/1391/5217
f 5852/1336/5147 5851/1335/5146 5908/1392/5218
f 5852/1336/5147 5908/1392/5218 5865/1349/5164
f 5851/1335/5151 5854/1338/5150 5884/1368/5183
f 5851/1335/5151 5884/1368/5183 5908/1392/5219
f 5863/1347/5162 5906/1390/5214 5909/1393/5220
f 5863/1347/5162 5909/1393/5220 5855/1339/5152
f 5906/1390/5215 5881/1365/5180 5885/1369/5184
f 5906/1390/5215 5885/1369/5184 5909/1393/5221
f 5882/1366/5181 5907/1391/5216 5910/1394/5222
f 5882/1366/5181 5910/1394/5222 5888/1372/5187
f 5907/1391/5217 5864/1348/5163 5858/1342/5155
f 5907/1391/5217 5858/1342/5155 5910/1394/5223
f 5835/1319/5124 5834/1318/5123 5905/1389/5213
f 5835/1319/5124 5905/1389/5213 5866/1350/5165
f 5834/1318/5128 5837/1321/5127 5883/1367/5182
f 5834/1318/5128 5883/1367/5182 5905/1389/5212
f 5841/1325/5132 5840/1324/5131 5908/1392/5219
f 5841/1325/5132 5908/1392/5219 5884/1368/5183
f 5840/1324/5135 5842/1326/5134 5865/1349/5164
f 5840/1324/5135 5865/1349/5164 5908/1392/5218
f 5768/1252/5049 5767/1251/5048 5904/1388/5211
f 5768/1252/5049 5904/1388/5211 5911/1395/5224
f 5904/1388/5210 5764/1248/5046 5763/1247/5043
f 5904/1388/5210 5763/1247/5043 5911/1395/5225
f 5760/1244/5043 5759/1243/5042 5768/1252/5052
f 5760/1244/5043 5768/1252/5052 5911/1395/5225
f 5766/1250/5044 5765/1249/5047 5902/1386/5207
f 5766/1250/5044 5902/1386/5207 5912/1396/5226
f 5901/1385/5206 5776/1260/5059 5775/1259/5058
f 5901/1385/5206 5775/1259/5058 5913/1397/5227
f 5772/1256/5055 5762/1246/5045 5761/1245/5044
f 5772/1256/5055 5761/1245/5044 5914/1398/5226
f 5786/1270/5071 5785/1269/5070 5898/1382/5203
f 5786/1270/5071 5898/1382/5203 5915/1399/5228
f 5898/1382/5202 5783/1267/5067 5780/1264/5066
f 5898/1382/5202 5780/1264/5066 5915/1399/5229
f 5780/1264/5063 5789/1273/5062 5786/1270/5071
f 5780/1264/5063 5786/1270/5071 5915/1399/5228
f 5792/1276/5076 5791/1275/5075 5897/1381/5201
f 5792/1276/5076 5897/1381/5201 5916/1400/5230
f 5896/1380/5200 5788/1272/5073 5787/1271/5072
f 5896/1380/5200 5787/1271/5072 5917/1401/5231
f 5787/1271/5072 5790/1274/5074 5918/1402/5079
f 5787/1271/5072 5918/1402/5079 5917/1401/5231
f 5833/1317/5122 5831/1315/5119 5828/1312/5118
f 5833/1317/5122 5828/1312/5118 5919/1403/5232
f 5828/1312/5115 5827/1311/5114 5895/1379/5198
f 5828/1312/5115 5895/1379/5198 5919/1403/5233
f 5895/1379/5199 5836/1320/5126 5833/1317/5125
f 5895/1379/5199 5833/1317/5125 5919/1403/5234
f 5891/1375/5193 5830/1314/5117 5829/1313/5116
f 5891/1375/5193 5829/1313/5116 5920/1404/5235
f 5829/1313/5121 5832/1316/5120 5839/1323/5133
f 5829/1313/5121 5839/1323/5133 5920/1404/5236
f 5839/1323/5130 5838/1322/5129 5891/1375/5191
f 5839/1323/5130 5891/1375/5191 5920/1404/5237
f 5893/1377/5196 5859/1343/5157 5856/1340/5156
f 5893/1377/5196 5856/1340/5156 5921/1405/5238
f 5856/1340/5153 5855/1339/5152 5909/1393/5220
f 5856/1340/5153 5909/1393/5220 5921/1405/5239
f 5909/1393/5221 5885/1369/5184 5893/1377/5194
f 5909/1393/5221 5893/1377/5194 5921/1405/5240
f 5890/1374/5190 5888/1372/5187 5910/1394/5222
f 5890/1374/5190 5910/1394/5222 5922/1406/5241
f 5910/1394/5223 5858/1342/5155 5857/1341/5154
f 5910/1394/5223 5857/1341/5154 5922/1406/5242
f 5857/1341/5159 5860/1344/5158 5890/1374/5189
f 5857/1341/5159 5890/1374/5189 5922/1406/5243
f 5923/1407/5244 5924/1408/5245 436/69/435
f 5923/1407/5244 436/69/435 5925/1409/5246
f 5926/1410/5247 5927/1411/5248 5928/1412/5249
f 5926/1410/5247 5928/1412/5249 5929/1413/5250
f 5930/1414/5251 5931/1415/5252 5932/1416/5253
f 5930/1414/5251 5932/1416/5253 5933/1417/5254
f 5934/1418/5255 419/52/418 418/51/417
f 5934/1418/5255 418/51/417 5935/1419/5256
f 5936/1420/5257 5937/1421/5258 5938/1422/5259
f 5936/1420/5257 5938/1422/5259 5939/1423/5260
f 425/58/424 5940/1424/5261 5941/1425/5262
f 425/58/424 5941/1425/5262 5942/1426/5263
f 5937/1421/5258 5943/1427/5264 5944/1428/5265
f 5937/1421/5258 5944/1428/5265 5938/1422/5259
f 5932/1416/5253 5931/1415/5252 5937/1421/5258
f 5932/1416/5253 5937/1421/5258 5936/1420/5257
f 5940/1424/5261 5928/1412/5249 5927/1411/5248
f 5940/1424/5261 5927/1411/5248 5941/1425/5262
f 5944/1428/5265 5943/1427/5264 419/52/418
f 5944/1428/5265 419/52/418 5934/1418/5255
f 5945/1429/5266 417/50/5267 416/49/5268
f 5945/1429/5266 416/49/5268 5946/1430/5269
f 411/44/5270 5945/1429/5266 5946/1430/5269
f 411/44/5270 5946/1430/5269 412/45/5271
f 412/45/411 419/52/418 5943/1427/5264
f 412/45/411 5943/1427/5264 413/46/412
f 5931/1415/5252 413/46/412 5943/1427/5264
f 5931/1415/5252 5943/1427/5264 5937/1421/5258
f 411/44/410 413/46/412 5931/1415/5252
f 411/44/410 5931/1415/5252 5930/1414/5251
f 412/45/5271 5946/1430/5269 5947/1431/5272
f 412/45/5271 5947/1431/5272 418/51/5273
f 5946/1430/5269 416/49/5268 421/54/5274
f 5946/1430/5269 421/54/5274 5947/1431/5272
f 5942/1426/5263 429/62/428 426/59/425
f 5942/1426/5263 426/59/425 425/58/424
f 5939/1423/5260 5938/1422/5259 5948/1432/5275
f 5939/1423/5260 5948/1432/5275 5949/1433/5276
f 5938/1422/5259 5944/1428/5265 5950/1434/5277
f 5938/1422/5259 5950/1434/5277 5948/1432/5275
f 5944/1428/5265 5934/1418/5255 5951/1435/5278
f 5944/1428/5265 5951/1435/5278 5950/1434/5277
f 5934/1418/5255 5935/1419/5256 5952/1436/5279
f 5934/1418/5255 5952/1436/5279 5951/1435/5278
f 5950/1434/5277 5953/1437/5280 423/56/422
f 5950/1434/5277 423/56/422 5948/1432/5275
f 5951/1435/5278 5954/1438/5281 5953/1437/5280
f 5951/1435/5278 5953/1437/5280 5950/1434/5277
f 5952/1436/5279 5955/1439/5282 5954/1438/5281
f 5952/1436/5279 5954/1438/5281 5951/1435/5278
f 5956/1440/5283 5957/1441/5284 5927/1411/5248
f 5956/1440/5283 5927/1411/5248 5926/1410/5247
f 5941/1425/5262 5927/1411/5248 5957/1441/5284
f 5941/1425/5262 5957/1441/5284 5958/1442/5285
f 5942/1426/5263 5941/1425/5262 5958/1442/5285
f 5942/1426/5263 5958/1442/5285 5959/1443/5286
f 5959/1443/5286 5960/1444/5287 429/62/428
f 5959/1443/5286 429/62/428 5942/1426/5263
f 5925/1409/5246 436/69/435 5961/1445/5288
f 5925/1409/5246 5961/1445/5288 5962/1446/5289
f 5933/1417/5254 5932/1416/5253 5957/1441/5284
f 5933/1417/5254 5957/1441/5284 5956/1440/5283
f 5958/1442/5285 5957/1441/5284 5932/1416/5253
f 5958/1442/5285 5932/1416/5253 5936/1420/5257
f 5959/1443/5286 5958/1442/5285 5936/1420/5257
f 5959/1443/5286 5936/1420/5257 5939/1423/5260
f 5960/1444/5287 5959/1443/5286 5939/1423/5260
f 5960/1444/5287 5939/1423/5260 5949/1433/5276
f 5961/1445/5288 422/55/421 424/57/423
f 5961/1445/5288 424/57/423 5962/1446/5289
f 436/69/435 432/65/431 5963/1447/5290
f 436/69/435 5963/1447/5290 5961/1445/5288
f 5924/1408/5245 433/66/432 430/63/429
f 5924/1408/5245 430/63/429 436/69/435
f 5964/1448/407 5924/1408/5245 5923/1407/5244
f 5964/1448/407 5923/1407/5244 5965/1449/407
f 5966/1450/5291 5940/1424/5261 425/58/424
f 5966/1450/5291 425/58/424 427/60/426
f 5967/1451/5292 5928/1412/5249 5940/1424/5261
f 5967/1451/5292 5940/1424/5261 5966/1450/5291
f 5929/1413/5250 5928/1412/5249 5967/1451/5292
f 5929/1413/5250 5967/1451/5292 5968/1452/5293
f 428/61/427 5969/1453/5294 5970/1454/5295
f 428/61/427 5970/1454/5295 5971/1455/5296
f 5963/1447/5290 432/65/431 431/64/430
f 5963/1447/5290 431/64/430 5972/1456/5297
f 5964/1448/407 435/68/434 433/66/432
f 5964/1448/407 433/66/432 5924/1408/5245
f 429/62/428 5960/1444/5287 5969/1453/5294
f 429/62/428 5969/1453/5294 428/61/427
f 5972/1456/5297 431/64/430 5971/1455/5296
f 5972/1456/5297 5971/1455/5296 5970/1454/5295
f 5949/1433/5276 422/55/421 5972/1456/5297
f 5949/1433/5276 5972/1456/5297 5970/1454/5295
f 5972/1456/5297 422/55/421 5961/1445/5288
f 5972/1456/5297 5961/1445/5288 5963/1447/5290
f 5949/1433/5276 5970/1454/5295 5969/1453/5294
f 5949/1433/5276 5969/1453/5294 5960/1444/5287
f 5948/1432/5275 423/56/422 422/55/421
f 5948/1432/5275 422/55/421 5949/1433/5276
f 136/31/136 138/22/138 2021/191/1795
f 136/31/136 2021/191/1795 141/23/141
f 87/31/87 89/22/89 1499/191/1357
f 87/31/87 1499/191/1357 92/23/92
f 38/31/38 40/22/40 977/191/919
f 38/31/38 977/191/919 43/23/43
f 102/4/102 105/7/105 1751/255/1563
f 102/4/102 1751/255/1563 101/1/101
f 4/4/4 7/7/7 673/255/651
f 4/4/4 673/255/651 1/1/1
f 1/1/1 673/255/651 625/211/609
f 1/1/1 625/211/609 2/2/2
f 179/4/179 182/7/182 2586/255/2265
f 179/4/179 2586/255/2265 176/1/176
f 176/1/176 2586/255/2265 2538/211/2223
f 176/1/176 2538/211/2223 177/2/177
f 207/4/207 210/7/210 2854/255/2490
f 207/4/207 2854/255/2490 204/1/204
f 204/1/204 2854/255/2490 2806/211/2448
f 204/1/204 2806/211/2448 205/2/205
f 235/4/235 238/7/238 3122/255/2715
f 235/4/235 3122/255/2715 232/1/232
f 232/1/232 3122/255/2715 3074/211/2673
f 232/1/232 3074/211/2673 233/2/233
f 263/4/263 266/7/266 3390/255/2940
f 263/4/263 3390/255/2940 260/1/260
f 260/1/260 3390/255/2940 3342/211/2898
f 260/1/260 3342/211/2898 261/2/261
f 375/4/375 378/7/378 4462/255/3840
f 375/4/375 4462/255/3840 372/1/372
f 372/1/372 4462/255/3840 4414/211/3798
f 372/1/372 4414/211/3798 373/2/373
f 53/4/53 56/7/56 1275/255/1165
f 53/4/53 1275/255/1165 50/1/50
f 50/1/50 1275/255/1165 1227/211/1123
f 50/1/50 1227/211/1123 51/2/51
f 151/4/151 154/7/154 2318/255/2040
f 151/4/151 2318/255/2040 148/1/148
f 148/1/148 2318/255/2040 2270/211/1998
f 148/1/148 2270/211/1998 149/2/149
f 291/4/291 294/7/294 3658/255/3165
f 291/4/291 3658/255/3165 288/1/288
f 288/1/288 3658/255/3165 3610/211/3123
f 288/1/288 3610/211/3123 289/2/289
f 347/4/347 350/7/350 4194/255/3615
f 347/4/347 4194/255/3615 344/1/344
f 344/1/344 4194/255/3615 4146/211/3573
f 344/1/344 4146/211/3573 345/2/345
f 319/4/319 322/7/322 3926/255/3390
f 319/4/319 3926/255/3390 316/1/316
f 316/1/316 3926/255/3390 3878/211/3348
f 316/1/316 3878/211/3348 317/2/317
f 897/279/849 41/12/41 1089/305/1000
f 41/12/41 897/279/849 36/13/36
f 36/13/36 897/279/849 37/30/37
f 1089/305/1000 31/5/31 921/302/873
f 31/5/31 1089/305/1000 29/11/29
f 29/11/29 1089/305/1000 41/12/41
f 90/12/90 86/30/86 85/13/85
f 86/30/86 90/12/90 1419/279/1287
f 1419/279/1287 90/12/90 1611/305/1438
f 1443/302/1311 78/11/78 80/5/80
f 78/11/78 1443/302/1311 1611/305/1438
f 78/11/78 1611/305/1438 90/12/90
# Vertices: 5972, normals: 5297, texture coordinates: 1456, faces: 9729

