# File generated by ImageToStl.com - Free Image and 3D model conversion tools

mtllib office_phone.mtl

o obj1
v 3.68281007 3.03403991 -2.70844007
v 3.68281007 3.13174003 -2.15434003
v 6.11380005 3.13174003 -2.15434003
v 6.11380005 2.7725901 -4.19118977
v 5.70738983 2.7725901 -4.19118977
v 5.52406979 2.84944004 -3.7553401
v 4.23308992 3.02146 -2.77977991
v 4.7458601 2.98457998 -2.98895001
v 5.18619013 2.92590994 -3.3217001
v -4.38294983 0.93608993 -7.02031994
v -4.2156601 0.94223994 -7.02140999
v -4.38294983 0.86447996 -7.00769997
v 6.11380005 4.49478978 5.57587004
v 6.11380005 4.38876981 4.97460985
v 5.62171984 4.38876981 4.97460985
v 5.52406979 4.42970008 5.20676994
v 5.61967993 4.6440298 6.42224979
v 5.98008013 4.58144015 6.06731987
v 3.68281007 4.66724986 6.55392981
v 5.1206398 4.66724986 6.55392981
v 4.23307991 4.60172004 6.18233013
v 3.68281007 4.61429995 6.25368023
v 4.7458601 4.56484002 5.97315979
v 5.18619013 4.50616997 5.64041996
v 1.40820003 3.37830991 6.83021021
v 1.24091005 3.38445991 6.82913017
v 1.40820003 3.30669993 6.84284019
v 6.11380005 4.1373598 3.54882002
v 5.70738983 4.1373598 3.54882002
v 5.73647022 4.14955014 3.61795998
v 5.80890989 4.24511021 4.15987015
v 5.73647022 4.3406598 4.70178986
v 1.62915003 4.14955014 3.61795998
v 1.65822995 4.1373598 3.54882002
v 1.40771997 4.1373598 3.54882002
v 1.40771997 4.38876981 4.97460985
v 1.74389994 4.38876981 4.97460985
v 1.62915003 4.3406598 4.70178986
v 1.55669999 4.24511021 4.15987015
v 5.52406979 2.48025006 -5.84914017
v 5.62171984 2.52119011 -5.61698008
v 6.11380005 2.52119011 -5.61698008
v 6.11380005 2.41516989 -6.21822977
v 5.98008013 2.32850999 -6.70968008
v 5.61967993 2.26592988 -7.06461
v 5.12064981 2.24271005 -7.19630003
v 3.68281007 2.24271005 -7.19630003
v 3.68281007 2.29564995 -6.89603996
v 4.23307991 2.3082301 -6.82469988
v 5.18619013 2.40378994 -6.28278017
v 4.7458601 2.34511989 -6.61553001
v 1.40771997 3.13174003 -2.15434003
v 3.13252997 3.02146 -2.77977991
v 1.65822995 2.7725901 -4.19118977
v 1.40771997 2.7725901 -4.19118977
v 1.84154999 2.84944004 -3.7553401
v 2.61976004 2.98457998 -2.98895001
v 2.17943001 2.92590994 -3.3217001
v 5.73647022 2.7604 -4.26032019
v 5.73647022 2.5692901 -5.34416008
v 5.80890989 2.66484994 -4.80223989
v 1.24091005 0.94223994 -7.02140999
v 1.40820003 0.93608993 -7.02031994
v 1.40820003 0.86447996 -7.00769997
v 6.11380005 3.77820987 1.51198006
v 3.68281007 3.77820987 1.51198006
v 3.68281007 3.87590998 2.06607008
v 4.23307991 3.8884899 2.13740993
v 5.52406979 4.06050986 3.11297011
v 4.7458601 3.92537993 2.34658003
v 5.18619013 3.98404998 2.67933011
v 1.62915003 2.5692901 -5.34416008
v 1.74389994 2.52119011 -5.61698008
v 1.40771997 2.52119011 -5.61698008
v 1.62915003 2.7604 -4.26032019
v 1.55669999 2.66484994 -4.80223989
v -4.21567011 3.38445991 6.82913017
v -4.38294983 3.37830991 6.83021021
v -4.38294983 3.30669993 6.84284019
v 5.47397995 2.42880005 -5.81069994
v 5.47397995 1.46684998 -5.64108992
v 5.68060017 1.55346996 -5.14983988
v 5.68060017 2.5154199 -5.31945992
v 5.55964994 2.46470994 -5.6070199
v 5.47397995 4.00906008 3.1514101
v 5.47397995 3.04711002 3.3210299
v 5.68060017 3.13372988 3.81226993
v 5.68060017 4.09567994 3.64264989
v 5.64531994 4.08088988 3.55877995
v 1.89163995 4.36821002 5.18825006
v 1.89163995 3.40625995 5.3578701
v 1.68501997 3.3196401 4.86662006
v 1.68501997 4.28159016 4.69700003
v 1.80596995 4.33229989 4.98457003
v 3.14750004 1.99333996 -2.65522003
v 3.68281007 2.00557989 -2.58581996
v 4.2181201 1.99333996 -2.65522003
v 4.71693993 1.95746011 -2.85871005
v 5.1452899 1.90038007 -3.18239999
v 5.47397995 1.82599992 -3.60423994
v 5.68060017 1.73938006 -4.09548998
v 5.75107002 1.64642996 -4.62266016
v 5.1452899 1.39246994 -6.06293011
v 4.71693993 1.33539003 -6.38662004
v 4.21811008 1.29950994 -6.59009981
v 3.68281007 1.28727001 -6.65951014
v 3.14750004 1.29950994 -6.59009981
v 2.64867997 1.33539003 -6.38662004
v 2.22031999 1.39246994 -6.06293011
v 1.89163995 1.46684998 -5.64108992
v 1.68501997 1.55346996 -5.14983988
v 1.61453998 1.64642996 -4.62266016
v 1.68501997 1.73938006 -4.09548998
v 1.89163995 1.82599992 -3.60423994
v 2.22031999 1.90038007 -3.18239999
v 2.64867997 1.95746011 -2.85871005
v 3.14750004 3.57359999 6.30689001
v 3.68281007 3.58583993 6.37628984
v 4.21811008 3.57359999 6.30689001
v 4.71693993 3.53771991 6.10340977
v 5.1452899 3.48063987 5.77970982
v 5.47397995 3.40625995 5.3578701
v 5.68060017 3.3196401 4.86662006
v 5.75107002 3.22668999 4.33944988
v 5.1452899 2.9727301 2.89917994
v 4.71693993 2.91565007 2.57549
v 4.21811008 2.87976998 2.37200999
v 3.68281007 2.86754006 2.30259991
v 3.14750004 2.87976998 2.37200999
v 2.64866996 2.91565007 2.57549
v 2.22031999 2.9727301 2.89917994
v 1.89163995 3.04711002 3.3210299
v 1.68501997 3.13372988 3.81226993
v 1.61453998 3.22668999 4.33944988
v 2.22031999 3.48063987 5.77970982
v 2.64866996 3.53771991 6.10340977
v 1.89163995 2.78794998 -3.77385998
v 1.68501997 2.70132989 -4.26511002
v 1.72029996 2.71611995 -4.18123007
v 1.68501997 2.5154199 -5.31945992
v 1.89163995 2.42880005 -5.81069994
v 1.80596995 2.46470994 -5.6070199
v 5.68060017 2.70132989 -4.26511002
v 5.47397995 2.78794998 -3.77385998
v 5.64531994 2.71611995 -4.18123007
v 1.68501997 4.09567994 3.6426599
v 1.89163995 4.00906008 3.1514101
v 1.72029996 4.08088988 3.55877995
v 5.68060017 4.28159016 4.69700003
v 5.47397995 4.36821002 5.18825006
v 5.55964994 4.33229989 4.98457003
v -4.78712988 4.66724986 6.55392981
v -4.38343 4.66724986 6.55392981
v -4.38343 4.38876981 4.97460985
v -5.78029013 4.38876981 4.97460985
v -5.78029013 4.53069991 5.77955008
v -5.64657021 4.58144015 6.06730986
v -5.28615999 4.6440298 6.42224979
v -5.78028011 2.52119011 -5.61698008
v -4.38343 2.52119011 -5.61698008
v -4.38343 2.24271005 -7.19630003
v -4.78712988 2.24271005 -7.19630003
v -5.28615999 2.26592988 -7.06461
v -5.64657021 2.32850999 -6.70968008
v -5.78028011 2.41516989 -6.21822977
v 1.40771997 4.66724986 6.55392981
v 3.13252997 4.60172004 6.18233013
v 1.84154999 4.42970008 5.20676994
v 2.61975002 4.56484002 5.97315979
v 2.17941999 4.50616997 5.64041996
v -4.47235012 0 -6.39729023
v -1.72221994 0 -6.39729023
v -1.72221994 0 -4.68951988
v -5.16017008 0 -4.68951988
v -5.16017008 0 -5.72742987
v -5.06801987 0 -6.06235981
v -4.81625986 0 -6.30753994
v 1.71572995 -0 4.58123016
v 5.42003012 -0 4.58123016
v 5.42003012 -0 5.63295984
v 5.33214998 -0 5.96097994
v 5.09203005 -0 6.20109987
v 4.76401997 -0 6.28900003
v 1.71572995 -0 6.28900003
v -5.16017008 -0 4.58122015
v -1.72221994 -0 4.58123016
v -1.72221994 -0 6.28900003
v -4.50422001 -0 6.28899002
v -4.83220005 -0 6.20109987
v -5.07228994 -0 5.96097994
v -5.16017008 -0 5.63295984
v 1.71572995 0 -6.39729023
v 4.73054981 0 -6.39729023
v 5.07530022 0 -6.30754995
v 5.32766008 0 -6.06238985
v 5.42004013 0 -5.72749996
v 5.42004013 0 -4.68951988
v 1.71572995 0 -4.68951988
v 2.52122998 3.61559004 -3.46013999
v 2.59000993 3.92990988 -3.33291006
v 2.1473999 3.59197992 -3.87986994
v 3.68281007 4.8754198 -5.10652018
v 3.41460991 5.08848017 -4.25096989
v 3.68281007 5.0893299 -4.24793005
v 1.87662995 3.76583022 -4.8417902
v 2.03171992 3.91443986 -4.37656021
v 2.30732012 4.47905988 -4.60362005
v 2.68878007 4.93184012 -4.77677011
v 2.68489003 4.90213984 -4.89141989
v 5.0267601 4.33821982 -4.17311001
v 5.05830002 4.47905988 -4.60362005
v 4.92585993 4.59028977 -4.31163979
v 5.30212021 4.05240983 -4.96844006
v 5.11526012 4.3536498 -5.01282978
v 2.2702601 4.05497998 -3.98443007
v 1.94403994 3.54587001 -4.24053001
v 2.06349993 4.05240983 -4.96844006
v 1.76435995 3.38300008 -4.76347017
v 2.73476005 4.78429002 -5.40455008
v 2.75472999 4.76725978 -5.47600985
v 2.96792006 4.68742007 -5.83273983
v 3.02451992 4.6762802 -5.88742018
v 3.39163995 4.63449019 -6.09260988
v 3.47140002 4.6302802 -6.11325979
v 2.71029997 5.04331988 -4.33658981
v 3.89422011 4.6302802 -6.11325979
v 3.97397995 4.63449019 -6.09260988
v 4.34110022 4.6762802 -5.88742018
v 4.39769983 4.68742007 -5.83273983
v 4.61088991 4.76725978 -5.47600985
v 4.63085985 4.78429002 -5.40455008
v 4.68072987 4.90213984 -4.89141989
v 4.67682981 4.93184012 -4.77677011
v 4.65532017 5.04331988 -4.33658981
v 2.25036001 4.3536498 -5.01282978
v 5.42157984 3.54587001 -4.24053001
v 5.60126019 3.38300008 -4.76347017
v 5.48898983 3.76583022 -4.8417902
v 5.33389997 3.91443986 -4.37656021
v 4.77560997 3.92990988 -3.33290005
v 5.21821022 3.59197992 -3.87986994
v 5.09534979 4.05497998 -3.98443007
v 2.33885002 4.33821982 -4.17311001
v 2.43975997 4.59028977 -4.31163979
v 3.95100999 5.08848017 -4.25096989
v 4.84438992 3.61559004 -3.46013999
v 2.52122998 4.66424006 2.48707008
v 2.1473999 4.7856099 2.88957
v 2.59000993 4.91609019 2.25999999
v 3.68281007 6.41119021 3.60327005
v 3.68281007 6.31854981 2.72330999
v 3.41460991 6.31879014 2.72643995
v 1.87662995 5.27798003 3.73400998
v 2.30732012 5.86672992 3.26626992
v 2.03171992 5.2584998 3.24601007
v 2.68878007 6.35143012 3.27412009
v 2.68489003 6.36273021 3.39200997
v 5.0267601 5.58713979 2.90988994
v 4.92585993 5.87139004 2.95386004
v 5.05830002 5.86672992 3.26626992
v 5.30212021 5.59059018 3.75500989
v 5.11526012 5.8888399 3.69369006
v 2.2702601 5.25644988 2.82945991
v 1.94403994 4.86563987 3.24424005
v 2.06348991 5.59059018 3.75500989
v 1.76435995 4.89145011 3.79134989
v 2.73476005 6.42749995 3.9145
v 2.75471997 6.43591994 3.98746991
v 2.96792006 6.48290986 4.3499999
v 3.02451992 6.49115008 4.40518999
v 3.39162993 6.52205008 4.61230993
v 3.47140002 6.52516001 4.63314009
v 2.71029997 6.30562991 2.82235003
v 3.89422011 6.52516001 4.63314009
v 3.97397995 6.52205008 4.61230993
v 4.34110022 6.49115008 4.40518999
v 4.39769983 6.48290986 4.3499999
v 4.61088991 6.43591994 3.98746991
v 4.63085985 6.42749995 3.9145
v 4.68072987 6.36273021 3.39200997
v 4.67682981 6.35143012 3.27412009
v 4.65532017 6.30562991 2.82235003
v 2.25036001 5.8888399 3.69369006
v 5.42157984 4.86563987 3.24424005
v 5.48898983 5.27798003 3.73400998
v 5.60126019 4.89145011 3.79134989
v 5.33389997 5.2584998 3.24601007
v 4.77560997 4.91609019 2.26001
v 5.09534979 5.25644988 2.82945991
v 5.21821022 4.7856099 2.88957
v 2.33885002 5.58713979 2.90988994
v 2.43975997 5.87139004 2.95386004
v 3.95100999 6.31879014 2.72643995
v 4.8443799 4.66424006 2.48707008
v 3.13252997 3.8884899 2.13740993
v 1.40771997 3.77820987 1.51198006
v 1.84154999 4.06050986 3.11297011
v 2.61976004 3.92537993 2.34659004
v 2.17941999 3.98404998 2.67933011
v 3.13252997 2.3082301 -6.82469988
v 1.40771997 2.24271005 -7.19630003
v 1.84154999 2.48025006 -5.84914017
v 2.61975002 2.34511989 -6.61552
v 2.17943001 2.40378994 -6.28278017
v 6.11428022 0.38361001 -5.86272001
v 6.11428022 0.48961997 -5.26145983
v 3.68329 0.48961997 -5.26145983
v 3.68329 0.21114999 -6.84077978
v 5.12112999 0.21114999 -6.84077978
v 5.6201601 0.23436999 -6.70909977
v 5.98055983 0.29694998 -6.35416985
v 3.68329 2.6356799 6.90945005
v 3.68329 2.3572101 5.33012009
v 6.11428022 2.3572101 5.33012009
v 6.11428022 2.46322006 5.9313798
v 5.98055983 2.54987997 6.4228301
v 5.62015009 2.61246008 6.77776003
v 5.12111998 2.6356799 6.90945005
v -4.78665018 0.21114999 -6.84078979
v -4.38294983 0.21114999 -6.84078979
v -4.38294983 0.48961997 -5.26145983
v -5.77979994 0.48961997 -5.26145983
v -5.77979994 0.3836 -5.86272001
v -5.64609003 0.29694998 -6.35416985
v -5.28567982 0.23435998 -6.70909977
v -5.77980995 2.35720009 5.33012009
v -4.38294983 2.35720009 5.33012009
v -4.38294983 2.6356799 6.90944004
v -4.78665018 2.6356799 6.90944004
v -5.28567982 2.61246008 6.77776003
v -5.64609003 2.54987997 6.4228301
v -5.77980995 2.49913996 6.13505983
v 1.40820003 0.93608993 -7.02031994
v 1.24091005 0.94223994 -7.02140999
v 1.07315004 1.63139993 -7.14022017
v 1.07315004 2.18371004 -7.23760986
v 1.40771997 2.18371004 -7.23760986
v 1.40771997 4.62593001 6.61292982
v 1.07315004 4.62593001 6.61292982
v 1.07315004 4.07362002 6.71032
v 1.24091005 3.38445991 6.82913017
v 1.40820003 3.37830991 6.83021021
v -4.38294983 3.37830991 6.83021021
v -4.21567011 3.38445991 6.82913017
v -4.04886007 4.07362002 6.71032
v -4.04886007 4.62593001 6.61292982
v -4.38343 4.62593001 6.61292982
v -4.38343 2.18371004 -7.23760986
v -4.04886007 2.18371004 -7.23760986
v -4.04886007 1.63139993 -7.14022017
v -4.2156601 0.94223994 -7.02140999
v -4.38294983 0.93608993 -7.02031994
v 0.67334002 1.23764998 -7.07078981
v 0.87325001 1.29039997 -7.08009005
v 1.01959002 1.43451995 -7.10551023
v -3.99530005 1.43451995 -7.10551023
v -3.84894991 1.29039997 -7.08009005
v -3.64905 1.23764998 -7.07078981
v 1.01958001 3.87674016 6.74502993
v 0.87323999 3.73261994 6.7704401
v 0.67334002 3.67987007 6.77974987
v -3.64905 3.67987007 6.77974987
v -3.84895992 3.73261994 6.7704401
v -3.99530005 3.87674016 6.74502993
v 3.85015011 2.70348996 -7.26729012
v 3.91521001 2.61590999 -7.18975019
v 3.90453005 2.51511997 -7.27675009
v 3.84013009 2.59006995 -7.36634016
v 3.5640099 2.69661993 -7.06647015
v 3.62708998 2.59504002 -7.00186014
v 3.63399005 2.64343995 -6.91899014
v 3.57222009 2.75483006 -6.96490002
v 3.62020993 2.52944988 -7.07974005
v 3.55609012 2.6189701 -7.15936995
v 3.54635 2.53000993 -7.24476004
v 3.60979009 2.45285004 -7.15213013
v 3.8685801 2.86404008 -7.03830004
v 3.93156004 2.75482005 -6.99391985
v 3.92331004 2.69632 -7.09571981
v 3.85881996 2.79544991 -7.15797997
v 3.86418009 2.52753991 -7.10031986
v 3.74538994 2.48680991 -7.0503602
v 3.73500991 2.41279 -7.11709023
v 3.85374999 2.44302005 -7.17401981
v 3.87795997 2.64343995 -6.93868017
v 3.75787997 2.59126991 -6.9052
v 3.7518599 2.54748005 -6.97929001
v 3.87137008 2.59487003 -7.02171993
v 3.60881996 2.70588011 -7.24703979
v 3.72675991 2.74560994 -7.29577017
v 3.71753001 2.62952989 -7.4005599
v 3.59943008 2.60059994 -7.34536982
v 3.83369994 2.33283991 -7.23637009
v 3.71511006 2.31912988 -7.17471981
v 3.68404007 2.21243995 -7.22570992
v 3.80313993 2.20894998 -7.29085016
v 3.62726998 2.8640601 -7.0188098
v 3.74609995 2.91519994 -7.05129004
v 3.7358501 2.84206003 -7.17931986
v 3.6178 2.79572004 -7.13838005
v 3.51364994 1.95083994 -7.33338022
v 3.45772004 1.99969 -7.44715977
v 3.37522006 1.75447005 -7.50285006
v 3.42549992 1.69862002 -7.38971996
v 3.5920701 2.36058992 -7.21430016
v 3.53098011 2.42572993 -7.31677008
v 3.50546002 2.30940002 -7.38254976
v 3.56288004 2.25621003 -7.27084017
v 3.82519007 2.44872993 -7.44872999
v 3.88654995 2.38472003 -7.34867001
v 3.8568399 2.2401101 -7.41119003
v 3.79803991 2.29275006 -7.51877022
v 3.58558011 2.47682995 -7.42808008
v 3.70444012 2.48981994 -7.48817015
v 3.67956996 2.33587998 -7.56251001
v 3.56151009 2.33934993 -7.49982977
v 3.30688 1.53887993 -7.69040012
v 3.41340995 1.49430996 -7.75431013
v 3.2885201 1.49159998 -7.86697006
v 3.13283992 1.55870003 -7.77346992
v 3.74714994 1.94829005 -7.58716011
v 3.80159998 1.89935011 -7.47458982
v 3.70457006 1.61375004 -7.53221989
v 3.6559999 1.66862994 -7.64464998
v 3.51392007 2.01605004 -7.56983995
v 3.63188004 1.9978599 -7.63416004
v 3.54729009 1.73176998 -7.69162989
v 3.43226004 1.76465005 -7.6263299
v 3.74647999 1.88268989 -7.35340023
v 3.6310699 1.90071005 -7.28790998
v 3.53637004 1.63455003 -7.34489012
v 3.64848995 1.60321003 -7.41113997
v 3.54777002 1.34796995 -7.60531998
v 3.49265003 1.33968002 -7.48667002
v 3.4138701 1.27424997 -7.46141005
v 3.49541998 1.28425997 -7.64611006
v 3.38910007 1.3883 -7.42148018
v 3.25564003 1.35229999 -7.36756992
v 3.25482011 1.53236002 -7.57195997
v 3.05430007 1.55180997 -7.59745979
v 3.29035997 1.47011 -7.46304989
v 3.11062002 1.46619993 -7.43283987
v 3.51091003 1.41320997 -7.71595001
v 3.54777002 1.34796995 -7.60531998
v 3.49541998 1.28425997 -7.64611006
v 3.43606997 1.37884003 -7.80917978
v 3.70457006 1.61375004 -7.53221989
v 3.80159998 1.89935011 -7.47458982
v 3.8568399 2.2401101 -7.41119003
v 3.92189002 2.63535994 -6.90772009
v 3.92462993 2.66970009 -6.76457024
v 3.76869011 2.59796995 -6.74622011
v 3.76531005 2.56396002 -6.88372993
v 3.99451995 2.78699011 -6.9526
v 3.99686003 2.82341999 -6.79707003
v 3.88654995 2.38472003 -7.34867001
v 3.90453005 2.51511997 -7.27675009
v 3.91805005 2.93532008 -6.99275017
v 3.92252994 2.9758901 -6.82632017
v 3.99686003 2.82341999 -6.79707003
v 3.99451995 2.78699011 -6.9526
v 3.76223993 3.00506991 -7.00854015
v 3.76645994 3.04707998 -6.8368001
v 3.93156004 2.75482005 -6.99391985
v 3.92331004 2.69632 -7.09571981
v 3.91521001 2.61590999 -7.18975019
v 3.60738993 2.93532008 -6.98510981
v 3.61109996 2.9758901 -6.81865978
v 3.53298998 2.78699011 -6.94124985
v 3.53830004 2.82341999 -6.78578997
v 3.60773993 2.63535994 -6.89999008
v 3.61204004 2.66970009 -6.75687981
v 3.32705998 1.04905003 -7.70909023
v 3.28026009 1.14376003 -7.87478018
v 2.97711992 1.28683001 -7.49320984
v 3.10749006 1.15115994 -7.43155003
v 3.00667 1.37305003 -7.84223986
v 2.93000007 1.38198 -7.66058016
v 3.25082994 1.05635995 -7.52777004
v 3.32705998 1.04905003 -7.70909023
v 3.15082002 1.27763003 -7.93708992
v 3.01372004 0.88133997 -7.96964979
v 2.89330006 1.03863996 -8.02542019
v 2.97937012 0.77948993 -7.61032009
v 3.05381989 0.77033001 -7.8013401
v 2.75685 1.15007001 -7.9175601
v 2.68290997 1.16036993 -7.72501993
v 2.72443008 1.04898995 -7.55615997
v 2.84457994 0.89015001 -7.50192022
v 3.05381989 0.77033001 -7.8013401
v 2.5021801 0.92523998 -7.97315979
v 2.43210006 0.93598002 -7.77991009
v 2.72922993 0.49633998 -7.89132023
v 2.70791006 0.62410998 -8.0492897
v 2.61666989 0.80160993 -8.0901804
v 2.66009998 0.50466001 -7.69894981
v 2.72922993 0.49633998 -7.89132023
v 2.45612001 0.80838996 -7.61854982
v 2.54882002 0.62773997 -7.57944012
v 2.12826991 0.71957999 -7.80744982
v 2.14004993 0.58301997 -7.65138006
v 2.20272994 0.38872999 -7.62382984
v 2.28494 0.25326997 -7.75118017
v 2.18651009 0.70283002 -8.00535011
v 2.34236002 0.23956996 -7.94622993
v 2.33538008 0.37434 -8.09850025
v 2.27373004 0.56505001 -8.13000965
v 2.34236002 0.23956996 -7.94622993
v 0.40616 0.48482996 -7.89335012
v 0.41040999 0.33573002 -8.01428986
v -3.40684009 0.32843 -7.92490005
v -3.40739012 0.48939002 -7.81958008
v 0.42708999 0.39151001 -7.55910015
v 0.41255999 0.51420999 -7.70523024
v -3.4059999 0.52372998 -7.65296984
v -3.40332007 0.39368999 -7.52232981
v 0.43998 0.20139998 -7.52955008
v -3.40140009 0.19114 -7.49411011
v 1.55261004 0.03054997 -7.75068998
v 1.51707995 0.17617998 -7.61299992
v 1.10376 0.19066998 -7.56838989
v 1.10746002 0.04543999 -7.69616985
v 0.42390999 0.14712998 -7.98309994
v 0.43838 0.02598998 -7.83771992
v -3.40120006 -0.00361001 -7.76528978
v -3.40458012 0.12594998 -7.89624023
v 1.88023996 0.24342996 -7.62871981
v 1.93779004 0.10437998 -7.76657009
v 1.97294998 0.09233999 -7.96786022
v 1.95968997 0.23251998 -8.11631012
v -5.32045984 0.32672 -7.91111994
v -5.31931019 0.12439999 -7.88321018
v -5.55737019 0.12337998 -7.92130995
v -5.54632998 0.32744998 -7.94774008
v 1.83232999 0.44339997 -7.64680004
v 1.91129994 0.42951 -8.13805962
v 1.85082996 0.57201999 -8.00181961
v 1.81641996 0.58639997 -7.79699993
v 1.97294998 0.09233999 -7.96786022
v 0.43838 0.02598998 -7.83771992
v 0.44408 0.05447 -7.65114021
v -3.40011001 0.03092998 -7.59925985
v -3.40120006 -0.00361001 -7.76528978
v 1.50329995 0.49931002 -7.99170017
v 1.48264003 0.51920998 -7.78622007
v 1.53921998 0.34855998 -8.1277504
v 1.57571995 0.01303998 -7.95208979
v 1.49012995 0.37910998 -7.63445997
v 1.56842995 0.14956999 -8.10227013
v 1.57571995 0.01303998 -7.95208979
v -5.33111 0.52227998 -7.64756012
v -5.32512999 0.48825997 -7.81012011
v -5.59397984 0.48948997 -7.85397005
v -5.66993999 0.52121001 -7.70551014
v -5.33267021 0.19127998 -7.49404001
v -5.3337698 0.39164001 -7.52140999
v -5.72701979 0.39039999 -7.59352016
v -5.73795986 0.19209999 -7.56877995
v 1.08699 0.14920998 -8.03610992
v 1.07356 0.34143001 -8.06597042
v 1.07626998 0.51599997 -7.74411011
v 1.09098005 0.38577998 -7.59502983
v -5.32176018 -0.00551 -7.75514984
v -5.61479998 -0.00627002 -7.80138016
v -5.32176018 -0.00551 -7.75514984
v -5.32758999 0.03112999 -7.59414005
v -5.68956995 0.03256997 -7.65658998
v -5.61479998 -0.00627002 -7.80138016
v 1.10149002 0.02217999 -7.88841009
v 1.10149002 0.02217999 -7.88841009
v -5.70929003 0.48965997 -7.93545008
v -5.85312986 0.52160001 -7.84557009
v -5.69575024 0.12247998 -8.0603199
v -5.81947994 -0.00621 -8.00430012
v -5.84260988 -0.0063 -8.14712048
v -5.7066102 0.12316999 -8.13951015
v -5.81947994 -0.00621 -8.00430012
v -5.9707098 0.03175998 -7.93612003
v -6.00880003 0.03242999 -8.15795994
v -5.84260988 -0.0063 -8.14712048
v -6.06494999 0.19147998 -7.89419985
v -6.11116982 0.19189999 -8.16596985
v -6.0405302 0.39124 -7.90801001
v -5.9235301 0.52164 -7.96301985
v -5.95498991 0.52122998 -8.15974998
v -6.08347988 0.39042997 -8.1663599
v -5.64184999 0.12270999 -7.97668982
v -5.61808014 0.32792997 -7.99429989
v -5.76870012 0.48975998 -8.03147984
v -5.66900015 0.32813996 -8.07388973
v -5.67732 0.32783002 -8.13904953
v -5.78502989 0.48966998 -8.14785957
v -5.96299982 0.39113998 -7.77806997
v -5.98605013 0.19152999 -7.76264
v -5.75426006 -0.00620002 -7.90068007
v -5.89617014 0.03187999 -7.81371021
v -5.75426006 -0.00620002 -7.90068007
v -5.75539017 0.48966998 -8.23511982
v -5.89615011 0.52165997 -8.32826996
v -5.63632011 0.12307999 -8.25164032
v -5.73721981 -0.00614002 -8.34160042
v -5.59285021 -0.00563002 -8.41460991
v -5.53484011 0.12495998 -8.29887962
v -5.69202995 0.48961997 -8.30700016
v -5.6134901 0.32818002 -8.23332977
v -5.52116013 0.32725 -8.27550983
v -5.56446981 0.48842001 -8.36830044
v -6.00405979 0.39120996 -8.39871025
v -6.02806997 0.19134998 -8.41265965
v -5.69082022 0.12279999 -8.18959045
v -5.66564989 0.32817 -8.17483044
v -5.91887999 0.39128 -8.50125027
v -5.81883001 0.52168 -8.4190197
v -5.63831997 0.52200997 -8.51591969
v -5.69912004 0.39094996 -8.62767982
v -5.73721981 -0.00614002 -8.34160042
v -5.86314011 0.03158 -8.44999027
v -5.66730022 0.03142998 -8.56002998
v -5.59285021 -0.00563002 -8.41460991
v -5.9421401 0.19119999 -8.51716042
v -5.71404982 0.19114998 -8.65036964
v -5.56654978 0.39094996 -8.66407967
v -5.5136199 0.52225 -8.54642963
v -5.16671991 0.52263999 -8.5717001
v -5.18045998 0.39148998 -8.69674015
v -5.47528982 -0.00529 -8.44064045
v -5.5394001 0.03123 -8.5936203
v -5.17668009 0.03066999 -8.62261009
v -5.16222 -0.00505 -8.46218014
v -5.58030987 0.19101 -8.6879797
v -5.18548012 0.19055 -8.72268009
v -5.42546988 0.12586999 -8.31987953
v -5.47528982 -0.00529 -8.44064045
v -5.16222 -0.00505 -8.46218014
v -5.14975977 0.1259 -8.33687973
v -5.45035982 0.48773998 -8.39163971
v -5.41274023 0.32673001 -8.29531956
v -5.14500999 0.32664001 -8.31093979
v -5.15255022 0.48747998 -8.41067028
v -5.94322014 0.03169999 -8.35369015
v 3.25297999 0.39371997 -8.59727955
v 3.23828006 0.52410001 -8.44073963
v 3.97835994 0.52731997 -8.25069046
v 4.03699017 0.39658999 -8.39630985
v 3.23920989 0.03204998 -8.50214005
v 3.25459003 0.19309998 -8.6303196
v 4.05627012 0.20063001 -8.42345047
v 4.02185011 0.03689 -8.29518986
v 3.21806002 -0.00284001 -8.30368042
v 3.96150994 0.00305 -8.10844994
v 3.21720004 0.49054998 -8.23873997
v 3.20228004 0.32892001 -8.10993958
v 3.88242006 0.33225 -7.92736006
v 3.91460991 0.49496001 -8.05513954
v -5.80501986 -0.00616002 -8.26194
v -5.80501986 -0.00616002 -8.26194
v -2.85334992 0.12472999 -8.31492043
v -2.86453009 -0.00492001 -8.44517994
v 2.57473993 -0.00535002 -8.34947968
v 2.56023002 0.12393999 -8.19046021
v -2.87654996 0.02950999 -8.61096001
v -2.88316989 0.18981999 -8.71615982
v 2.61121011 0.19007999 -8.67488956
v 2.59599996 0.03004 -8.54889011
v -2.86746001 0.52316999 -8.55692959
v -2.85531998 0.48774999 -8.39109039
v 2.57363009 0.48846996 -8.2823801
v 2.59458995 0.52271998 -8.48316956
v 3.20359993 0.12566 -8.14466953
v 3.21806002 -0.00284001 -8.30368042
v 3.96150994 0.00305 -8.10844994
v 3.90458012 0.12952 -7.9580698
v -2.84873009 0.32677996 -8.28654957
v 2.55884004 0.32731998 -8.15530014
v -2.87870002 0.39336997 -8.68797016
v 2.6094501 0.39258999 -8.64066982
v -2.86453009 -0.00492001 -8.44517994
v 2.57473993 -0.00535002 -8.34947968
v 4.03610992 0.38336998 -7.86815023
v 4.05838013 0.53744 -8.00599003
v 4.15857983 0.57186997 -8.18457031
v 4.23814011 0.08163998 -7.97914982
v 4.11504984 0.19516 -7.86563015
v 4.28384018 0.45343 -8.29524994
v 4.36327982 0.27033997 -8.28623009
v 4.33776999 0.11729997 -8.14597034
v 4.23814011 0.08163998 -7.97914982
v 4.58741999 0.44323999 -8.14361
v 4.60587978 0.32687998 -7.98046017
v 4.19729996 0.49416 -7.76573992
v 4.17394018 0.61794001 -7.93247986
v 4.27340984 0.65638 -8.11322021
v 4.51025009 0.28735 -7.80727005
v 4.34165001 0.35907 -7.72329998
v 4.44510984 0.57910997 -8.19419003
v 4.51025009 0.28735 -7.80727005
v 4.23421001 0.75710994 -7.85516977
v 4.32745981 0.80426997 -8.03314972
v 4.52151012 0.79886001 -7.52382994
v 4.71386003 0.78808004 -7.58816004
v 4.73795986 1.01160997 -7.50639009
v 4.54649019 1.01151997 -7.44702005
v 4.28496981 0.93171996 -7.77918005
v 4.34015989 0.85636002 -7.59544992
v 4.37119007 1.05417997 -7.52237988
v 4.31732988 1.11843997 -7.69646978
v 4.52182007 0.78372997 -8.09603024
v 4.69942999 0.71417004 -8.02095985
v 4.46076012 0.60474998 -7.59938002
v 4.28212023 0.67425996 -7.67156982
v 4.56838989 0.96960002 -8.02248001
v 4.37353992 0.98089999 -7.95904016
v 4.3972702 1.17095 -7.86392021
v 4.58087015 1.18039995 -7.92213011
v 4.71386003 0.78808004 -7.58816004
v 4.8015399 0.83700997 -7.76525021
v 4.82070017 1.07031995 -7.68120003
v 4.73795986 1.01160997 -7.50639009
v 4.74963999 0.91157001 -7.94749022
v 4.75872993 1.14379996 -7.85375023
v 4.65348005 0.58585 -7.66340017
v 4.74514008 0.63344002 -7.83919001
v 4.65348005 0.58585 -7.66340017
v 4.51200008 1.18607002 -7.76011992
v 4.63418007 1.19264001 -7.80100012
v 4.79705 1.10767001 -7.64110994
v 4.74292994 1.06716996 -7.52761984
v 4.61632013 1.06274003 -7.48617983
v 4.49606991 1.09709996 -7.53253984
v 4.75801992 1.16317993 -7.75608015
v 4.45839024 1.14597994 -7.65031004
v 4.74292994 1.06716996 -7.52761984
v 4.74729013 1.29201001 -7.45159006
v 4.62259007 1.27823001 -7.41465998
v 4.64319992 1.42287999 -7.7097702
v 4.76036978 1.39791995 -7.66585016
v 4.52115011 1.41005999 -7.67477989
v 4.80009985 1.34277993 -7.55740023
v 4.74729013 1.29201001 -7.45159006
v 4.50312996 1.30526 -7.46066999
v 4.46618986 1.36076003 -7.57051992
v 4.51183987 1.43810993 -7.35200977
v 4.47794008 1.53728002 -7.42500019
v 4.53576994 1.62567002 -7.49561977
v 4.75531006 1.41385001 -7.35116005
v 4.62986994 1.38971001 -7.3235302
v 4.65825987 1.64857 -7.52134991
v 4.77390003 1.60259002 -7.49498987
v 4.81093979 1.50392002 -7.42336988
v 4.75531006 1.41385001 -7.35116005
v 4.6401701 1.45908004 -7.19625998
v 4.52406979 1.51739997 -7.20698977
v 4.79126978 1.71556991 -7.2905798
v 4.82446003 1.59600002 -7.25438023
v 4.4923501 1.63736004 -7.24385023
v 4.55208015 1.74482006 -7.28278017
v 4.76581001 1.48760003 -7.21492004
v 4.67632008 1.77249998 -7.30068016
v 4.76581001 1.48760003 -7.21492004
v 4.56708002 1.79246992 -7.12119007
v 4.68943024 1.82115 -7.13740015
v 4.83432007 1.64252001 -7.10304022
v 4.77540016 1.53371996 -7.07175016
v 4.6519599 1.50396997 -7.05524015
v 4.53866005 1.56358999 -7.0618701
v 4.80174017 1.76266998 -7.13066006
v 4.50709009 1.68437999 -7.08978987
v 4.77540016 1.53371996 -7.07175016
v -3.30571008 0.18989998 -8.72665977
v -3.30111003 0.39265001 -8.69927979
v -3.29866004 0.02978998 -8.6196804
v -3.27644992 0.12538999 -8.32794952
v -3.28697991 -0.00491002 -8.45608997
v -3.27198005 0.32672 -8.30066967
v -3.28963995 0.52305001 -8.56690025
v -3.27806997 0.48754996 -8.40312958
v -3.28697991 -0.00491002 -8.45608997
v 1.06949997 0.49087 -7.93955994
v -1.48785996 3.65304989 6.62088013
v -1.48785996 4.45104998 6.48016977
v -4.04886007 4.45104998 6.48016977
v -4.04886007 3.65304989 6.62088013
v 1.07315004 3.65304989 6.62088013
v 1.07315004 4.45104998 6.48016977
v -1.48785996 4.48214978 6.45986986
v -4.04886007 4.48214978 6.45986986
v 1.07315004 4.48214978 6.45986986
v -1.48785996 4.48996991 6.42275
v -4.04886007 4.48996991 6.42275
v -1.48785996 4.47840995 6.35720015
v -4.04886007 4.47840995 6.35720015
v 1.07315004 4.48996991 6.42275
v -1.48785996 3.97846001 3.52183008
v -4.04886007 3.97846001 3.52183008
v 1.07315004 4.47840995 6.35720015
v -1.48785996 3.62407988 1.51201999
v -4.04886007 3.62407988 1.51201999
v 1.07315004 3.97846001 3.52183008
v -1.48785996 3.30560988 -0.29409999
v -4.04886007 3.30560988 -0.29409999
v 1.07315004 3.62407988 1.51201999
v -1.48785996 2.06455988 -7.05429983
v -1.48785996 1.26656002 -6.91358995
v -4.04886007 1.26656002 -6.91358995
v -4.04886007 2.06455988 -7.05429983
v -1.48785996 2.98713988 -2.10022998
v -4.04886007 2.98713988 -2.10022998
v 1.07315004 3.30560988 -0.29409999
v 1.07315004 2.06455988 -7.05429983
v 1.07315004 1.26656002 -6.91358995
v -4.04886007 2.10072988 -7.04586983
v -1.48785996 2.10072988 -7.04586983
v -1.48785996 2.63275999 -4.11004019
v -4.04886007 2.63275999 -4.11004019
v 1.07315004 2.98713988 -2.10022998
v 1.07315004 2.10072988 -7.04586983
v -4.04886007 2.12076992 -7.01365995
v -1.48785996 2.12076992 -7.01365995
v -1.48785996 2.14087003 -6.89967012
v -4.04886007 2.14087003 -6.89967012
v 1.07315004 2.63275999 -4.11004019
v 1.07315004 2.12076992 -7.01365995
v 1.07315004 2.14087003 -6.89967012
v 1.78778994 2.50465006 -5.61405993
v 1.66865003 2.55458993 -5.33081007
v 1.74389994 2.52119011 -5.61698008
v 1.62915003 2.5692901 -5.34416008
v 1.61453998 2.60837001 -4.7922802
v 1.59759998 2.64830989 -4.79932022
v 1.55669999 2.66484994 -4.80223989
v 1.66865003 2.74202007 -4.2678299
v 1.62915003 2.7604 -4.26032019
v 1.70211995 2.75605005 -4.18827009
v 1.65822995 2.7725901 -4.19118977
v 5.1452899 2.35441989 -6.23255014
v 5.48864985 2.46726006 -5.82608986
v 5.15726995 2.39227003 -6.25138998
v 5.52406979 2.48025006 -5.84914017
v 5.18619013 2.40378994 -6.28278017
v 4.71693993 2.2973401 -6.55624008
v 4.72540998 2.33473009 -6.57773018
v 4.7458601 2.34511989 -6.61553001
v 3.68281007 2.96751994 -2.75544
v 3.14750004 2.95529002 -2.82484007
v 3.14312005 2.99805993 -2.81576991
v 3.68281007 3.0104 -2.74580002
v 3.13252997 3.02146 -2.77977991
v 3.68281007 3.03403991 -2.70844007
v 5.66349983 2.75605005 -4.18827009
v 5.69695997 2.74202007 -4.2678299
v 5.70738983 2.7725901 -4.19118977
v 5.73647022 2.7604 -4.26032019
v 5.75107002 2.60837001 -4.7922802
v 5.76801014 2.64830989 -4.79932022
v 5.69695997 2.55458993 -5.33081007
v 5.80890989 2.66484994 -4.80223989
v 5.73647022 2.5692901 -5.34416008
v 5.57782984 2.50465006 -5.61405993
v 5.62171984 2.52119011 -5.61698008
v 4.71693993 2.91940993 -3.02832007
v 4.2181201 2.95529002 -2.82484007
v 4.22249985 2.99805993 -2.81576991
v 4.72540998 2.96188992 -3.02092004
v 4.23308992 3.02146 -2.77977991
v 4.7458601 2.98457998 -2.98895001
v 5.52406979 4.42970008 5.20676994
v 5.62171984 4.38876981 4.97460985
v 5.57782984 4.37222975 4.97753
v 5.48864985 4.40960997 5.18954992
v 5.18619013 4.50616997 5.64041996
v 5.15726995 4.48460978 5.61485004
v 5.1452899 4.44258994 5.61009979
v 5.48864985 2.82934994 -3.77255988
v 5.52406979 2.84944004 -3.7553401
v 1.87697005 4.04751986 3.13601995
v 1.70211995 4.12082022 3.55173993
v 1.84154999 4.06050986 3.11297011
v 1.65822995 4.1373598 3.54882002
v 2.64866996 3.8775999 2.40586996
v 3.14750004 3.84171981 2.20238996
v 3.14312005 3.87881011 2.17922997
v 2.6401999 3.91499013 2.3843801
v 3.13252997 3.8884899 2.13740993
v 2.61976004 3.92537993 2.34659004
v 5.75107002 4.18863982 4.16982985
v 5.76801014 4.22857016 4.16278982
v 5.69695997 4.1348502 3.63129997
v 5.80890989 4.24511021 4.15987015
v 5.73647022 4.14955014 3.61795998
v 3.13252997 4.60172004 6.18233013
v 3.68281007 4.61429995 6.25368023
v 3.68281007 4.5906598 6.21632004
v 3.14312005 4.57832021 6.14633989
v 3.68281007 4.54778975 6.20666981
v 3.14750004 4.53554982 6.13726997
v 4.23307991 4.60172004 6.18233013
v 4.22249985 4.57832021 6.14633989
v 4.21811008 4.53554982 6.13726997
v 1.55669999 4.24511021 4.15987015
v 1.62915003 4.3406598 4.70178986
v 1.66865003 4.32228011 4.69428015
v 1.59759998 4.22857016 4.16278982
v 1.61453998 4.18863982 4.16982985
v 4.7458601 4.56484002 5.97315979
v 4.72540998 4.5421502 5.94119978
v 5.63716984 3.25958008 6.69714022
v 6.01619005 3.19376987 6.3238802
v 6.02621984 3.21662992 6.33202982
v 5.64652014 3.28256005 6.70596981
v 5.99196005 3.17485994 6.29779005
v 6.13009024 3.08534998 5.79013014
v 6.1549201 3.10386008 5.81399012
v 6.13009024 2.9790501 5.18727016
v 6.06543016 3.05670995 5.72454977
v 6.06543016 2.9520399 5.13088989
v 5.09910011 0.83741003 -6.95855999
v 5.61460018 0.86139995 -6.82252979
v 5.55581999 0.85854 -6.74193001
v 5.0461998 0.83482999 -6.87641001
v 3.66599989 0.83741003 -6.95855999
v 3.67823005 0.84592003 -6.99142981
v 5.11942005 0.84592003 -6.99142981
v 3.68329 0.86447996 -7.00769997
v 1.40797997 0.84592003 -6.99142981
v 5.11941004 3.28366989 6.8337698
v 5.12783003 3.30669993 6.84284019
v 5.61459017 3.24039 6.66942978
v 5.92888021 3.14520997 6.22642994
v 3.63416004 0.83482999 -6.87641001
v 1.40745997 0.83741003 -6.95855999
v -1.48497999 0.84592003 -6.99142981
v -1.48738003 0.86447996 -7.00769997
v 3.67822003 3.28366989 6.8337698
v 3.68329 3.30669993 6.84284019
v 5.09910011 3.26437992 6.80545998
v 5.55581999 3.20998996 6.5938201
v 3.68329 3.37830991 6.83021021
v 1.40610003 0.83482999 -6.87641001
v -1.47920001 0.83741003 -6.95855999
v -4.37682009 0.84592003 -6.99142981
v 1.40797997 3.28366989 6.8337698
v 3.66599989 3.26437992 6.80545998
v 5.0461998 3.23369998 6.72830009
v -1.46414995 0.83482999 -6.87641001
v -4.36204004 0.83741003 -6.95855999
v -4.78536987 0.84592003 -6.99142981
v -4.79335022 0.86447996 -7.00769997
v -1.48738003 3.30669993 6.84284019
v -1.48497999 3.28366989 6.8337698
v 1.40745997 3.26437992 6.80545998
v 3.63416004 3.23369998 6.72830009
v -4.32354021 0.83482999 -6.87641001
v -4.76609993 0.83741003 -6.95855999
v -5.30312014 0.87000996 -6.85481024
v -5.31203985 0.88860995 -6.87083006
v -4.37682009 3.28366989 6.8337698
v -1.47920001 3.26437992 6.80545998
v 1.40610003 3.23369998 6.72830009
v -4.71591997 0.83482999 -6.87641001
v -5.2816 0.86139995 -6.82252979
v -5.68214989 0.93582994 -6.4815402
v -5.69175005 0.95454997 -6.49689007
v -4.79336023 3.30669993 6.84284019
v -4.78536987 3.28366989 6.8337698
v -4.36204004 3.26437992 6.80545998
v -1.46414995 3.23369998 6.72830009
v -5.22553015 0.85854 -6.74193001
v -5.65895987 0.92693001 -6.45089006
v -5.82087994 1.02572995 -5.97166014
v -5.83072996 1.04460996 -5.98608017
v -4.79336023 3.37830991 6.83021021
v -5.30313015 3.25958008 6.69714022
v -5.31204987 3.28256005 6.70596981
v -4.76609993 3.26437992 6.80545998
v -4.32354021 3.23369998 6.72830009
v -5.59859991 0.92332 -6.37453985
v -5.79709005 1.01643997 -5.94323015
v -5.82087994 1.13271993 -5.3648901
v -5.83072996 1.15179998 -5.37822008
v -5.68214989 3.19376987 6.3238802
v -5.69175005 3.21662992 6.33202982
v -5.2816 3.24039 6.66942978
v -4.71591997 3.23369998 6.72830009
v -5.73514986 1.01181 -5.87266016
v -5.79709005 1.12296003 -5.3391099
v -5.83072996 1.40319997 -3.95243001
v -5.82087994 1.38374001 -3.94130993
v -5.83072996 1.22340995 -5.39085007
v -5.83072996 1.11621994 -5.99871016
v -5.82087994 3.13977998 6.01767015
v -5.83072996 3.16247004 6.02490997
v -5.65895987 3.17485994 6.29779005
v -5.22553015 3.20998996 6.5938201
v -5.73514986 1.11711997 -5.27544022
v -5.79709005 1.37304002 -3.92085004
v -5.83072996 1.76235002 -1.91559005
v -5.82087994 1.74223989 -1.90813994
v -5.83072996 1.47480994 -3.96506
v -5.82087994 2.99694008 5.2075901
v -5.83072996 3.01938003 5.21335983
v -5.79709005 3.12126011 5.99381018
v -5.59859991 3.14520997 6.22641993
v -5.73514986 1.36475998 -3.87102008
v -5.79709005 1.72997993 -1.89654005
v -5.82087994 2.06483001 -0.07865
v -5.83072996 2.08559006 -0.08243
v -5.83072996 1.83396 -1.92822003
v -5.83072996 2.76797003 3.78757
v -5.82087994 2.74591988 3.78400993
v -5.79709005 2.9790501 5.18727016
v -5.73514986 3.09263009 5.92822981
v -5.73514986 1.71763009 -1.86980999
v -5.79709005 2.05101007 -0.07592
v -5.82087994 2.38741988 1.75083995
v -5.83072996 2.40882009 1.75073004
v -5.83072996 2.15720004 -0.09506
v -5.79709005 2.72896999 3.76900005
v -5.73514986 2.9520399 5.13088989
v -5.73514986 2.03457993 -0.07228
v -5.79709005 2.37202996 1.74469995
v -5.73514986 2.7044 3.72646999
v -5.73514986 2.35153002 1.72526002
v -5.83072996 3.23409003 6.01227999
v -5.83072996 3.09099001 5.20073986
v 5.12783003 3.37830991 6.83021021
v -1.48738003 3.38445991 6.82913017
v 6.16520977 1.47480994 -3.96506
v 6.16520977 1.83396 -1.92821002
v 6.16520977 1.76235002 -1.91559005
v 6.16520977 1.40319997 -3.95243001
v 3.68329 0.93608993 -7.02031994
v 6.16520977 1.11621994 -5.99871016
v 6.16520977 1.22340995 -5.39085007
v 6.16520977 1.15179998 -5.37822008
v 6.16520977 1.04460996 -5.98608017
v -5.69175005 1.02615994 -6.50952005
v -5.31203985 0.96022004 -6.88345003
v -1.48738003 0.94223994 -7.02140999
v -5.31204987 3.35417002 6.69333982
v -4.79335022 0.93608993 -7.02031994
v 5.64652014 3.35417002 6.69333982
v 6.16520023 3.19816989 5.80859995
v 6.02621984 3.2882399 6.31940985
v 6.16520023 3.12655991 5.82122993
v -5.83072996 2.83958 3.77495003
v -5.83072996 2.48043007 1.73810005
v -5.69175005 3.2882399 6.31939983
v 6.16520977 2.15720004 -0.09505
v 6.16520977 2.48043007 1.73810005
v 6.16520977 2.40882009 1.75073004
v 6.16520977 2.08559006 -0.08243
v 5.12783003 0.93608993 -7.02031994
v 5.12783003 0.86447996 -7.00769997
v 6.1549201 1.74223989 -1.90813005
v 6.1549201 1.38374001 -3.94129992
v 6.1549201 2.06483001 -0.07865
v 6.13009024 1.72997993 -1.89654005
v 6.13009024 1.37304002 -3.92085004
v 6.1549201 1.13271993 -5.3648901
v 6.16520977 2.83958 3.77495003
v 6.16520977 2.76797003 3.78757
v 6.1549201 2.38741988 1.75083995
v 6.13009024 2.05101007 -0.07592
v 6.06543016 1.71763009 -1.86979997
v 6.06543016 1.36475998 -3.87102008
v 6.13009024 1.12296003 -5.3391099
v 6.1549201 1.02572995 -5.97165012
v 6.02622986 0.95454997 -6.49689007
v 6.02621984 1.02614993 -6.50951004
v 6.1549201 2.74591988 3.78400993
v 6.16520023 3.09099001 5.20073986
v 6.16520023 3.01938003 5.21336985
v 6.13009024 2.37202996 1.74469995
v 6.06543016 2.03457993 -0.07227
v 6.06543016 1.11711997 -5.2754302
v 6.13009024 1.01643997 -5.94323015
v 6.01619005 0.93582994 -6.4815402
v 5.64652014 0.88860995 -6.87083006
v 5.64652014 0.96022004 -6.88345003
v 6.1549201 2.99694008 5.2075901
v 6.13009024 2.72896999 3.76900005
v 6.06543016 2.35153002 1.72526002
v 6.06543016 1.01181 -5.87266016
v 5.99196005 0.92693001 -6.45089006
v 5.63716984 0.87000996 -6.85481024
v 6.06543016 2.7044 3.72646999
v 5.92888021 0.92332 -6.37453985
v 5.1452899 2.8623299 -3.35202003
v 2.64867997 2.91940993 -3.02832007
v 4.21811008 2.26146001 -6.75971985
v 3.68281007 2.24922007 -6.82913017
v 3.68281007 3.82948989 2.13298988
v 2.22031999 2.8623299 -3.35202003
v 2.64867997 2.2973401 -6.55624008
v 2.22031999 2.35441989 -6.23255014
v 3.14750004 2.26146001 -6.75971985
v 2.22031999 3.93468016 2.7295599
v 2.22031999 4.44258994 5.61009979
v 2.64866996 4.49967021 5.93379021
v 4.71693993 4.49967021 5.93379021
v 4.21811008 3.84171981 2.20238996
v 4.71693993 3.8775999 2.40586996
v 5.1452899 3.93468016 2.7295599
v 5.15726995 2.90433997 -3.34726
v 5.18619013 2.92590994 -3.3217001
v 2.64020991 2.96188992 -3.02092004
v 2.61976004 2.98457998 -2.98895001
v 2.20834994 2.90433997 -3.34726
v 2.17943001 2.92590994 -3.3217001
v 1.87697005 2.82934994 -3.77255988
v 1.84154999 2.84944004 -3.7553401
v 4.22249985 2.29855007 -6.78287983
v 3.68281007 2.28621 -6.85284996
v 4.23307991 2.3082301 -6.82469988
v 3.68281007 2.29564995 -6.89603996
v 4.22249985 3.87881011 2.17922997
v 3.68281007 3.86648005 2.10926008
v 4.23307991 3.8884899 2.13740993
v 3.68281007 3.87590998 2.06607008
v 4.72540998 3.91499013 2.3843801
v 4.7458601 3.92537993 2.34658003
v 5.15726995 3.97253007 2.71073008
v 5.18619013 3.98404998 2.67933011
v 1.87697005 2.46726006 -5.82607985
v 1.84154999 2.48025006 -5.84914017
v 2.20834994 2.39227003 -6.25138998
v 2.17943001 2.40378994 -6.28278017
v 2.64020991 2.33473009 -6.57773018
v 2.61975002 2.34511989 -6.61552
v 3.14312005 2.29855007 -6.78287983
v 3.13252997 2.3082301 -6.82469988
v 5.69695997 4.32228011 4.69428015
v 5.73647022 4.3406598 4.70178986
v 1.62915003 4.14955014 3.61795998
v 1.66865003 4.1348502 3.63129997
v 1.74389994 4.38876981 4.97460985
v 1.84154999 4.42970008 5.20676994
v 1.87697005 4.40960997 5.18954992
v 1.78778994 4.37222975 4.97753
v 2.17941999 4.50616997 5.64041996
v 2.20833993 4.48460978 5.61485004
v 2.61975002 4.56484002 5.97315979
v 2.6401999 4.5421502 5.94119978
v 5.66349983 4.12082022 3.55173993
v 5.70738983 4.1373598 3.54882002
v 2.20833993 3.97253007 2.71073008
v 2.17941999 3.98404998 2.67933011
v 5.48864985 4.04751986 3.13601995
v 5.52406979 4.06050986 3.11297011
v 0.67334002 1.23764998 -7.07078981
v -1.48784995 1.23764998 -7.07078981
v -1.48784995 1.26656002 -6.91358995
v 0.67334002 1.26656002 -6.91358995
v -4.04886007 1.63139993 -7.14022017
v -4.04886007 2.18371004 -7.23760986
v -4.04886007 2.06455988 -7.05429983
v -4.04886007 1.66029996 -6.98301983
v -4.04886007 4.62593001 6.61292982
v -4.04886007 4.07362002 6.71032
v -4.04886007 4.04679984 6.55144978
v -4.04886007 4.45104998 6.48016977
v -1.48785996 3.67987007 6.77974987
v 0.67334002 3.67987007 6.77974987
v 0.67334002 3.65304989 6.62088013
v -1.48785996 3.65304989 6.62088013
v -3.64905 3.67987007 6.77974987
v -3.64905 3.65304989 6.62088013
v 1.07315004 4.65880984 6.59198999
v 1.07315004 4.66724986 6.55392981
v 1.07315004 4.48996991 6.42275
v 1.07315004 4.48214978 6.45986986
v 1.07315004 4.62593001 6.61292982
v 1.07315004 4.45104998 6.48016977
v 1.07315004 4.38876981 4.97460985
v 1.07315004 4.22700995 4.93140984
v 1.07315004 4.1373598 3.54882002
v 1.07315004 3.97846001 3.52183008
v 1.07315004 3.77820987 1.51198006
v 1.07315004 3.62407988 1.51201999
v 1.07315004 3.45498008 -0.32117999
v 1.07315004 3.30560988 -0.29409999
v 1.07315004 3.13174003 -2.15434003
v 1.07315004 2.98713988 -2.10022998
v -4.04886007 4.65880984 6.59197998
v -4.04886007 4.48214978 6.45986986
v 1.07315004 2.7725901 -4.19118977
v 1.07315004 2.63275999 -4.11004019
v -4.04886007 4.66724986 6.55392981
v -4.04886007 4.48996991 6.42275
v 1.07315004 2.52119011 -5.61698008
v 1.07315004 2.38421005 -5.51960993
v -4.04886007 4.38876981 4.97460985
v -4.04886007 4.22700995 4.93140984
v 1.07315004 2.24271005 -7.19630003
v 1.07315004 2.12076992 -7.01365995
v -4.04886007 4.1373598 3.54882002
v -4.04886007 3.97846001 3.52183008
v 1.07315004 2.22176999 -7.22916985
v 1.07315004 2.10072988 -7.04586983
v -4.04886007 3.77820987 1.51197004
v -4.04886007 3.62407988 1.51201999
v 1.07315004 2.18371004 -7.23760986
v 1.07315004 2.06455988 -7.05429983
v -4.04886007 3.45498008 -0.32117999
v -4.04886007 3.30560988 -0.29409999
v -4.04886007 3.13174003 -2.15434003
v -4.04886007 2.98713988 -2.10022998
v 1.07315004 1.63139993 -7.14022017
v 1.07315004 1.66029996 -6.98301983
v -4.04886007 2.7725901 -4.19118977
v -4.04886007 2.63275999 -4.11004019
v 1.07315004 4.07362002 6.71032
v 1.07315004 4.04679984 6.55144978
v -4.04886007 2.52119011 -5.61698008
v -4.04886007 2.38421005 -5.51960993
v -3.64905 1.23764998 -7.07078981
v -3.64905 1.26656002 -6.91358995
v -4.04886007 2.24271005 -7.19630003
v -4.04886007 2.12076992 -7.01365995
v -4.04886007 2.22176999 -7.22916985
v -4.04886007 2.10072988 -7.04586983
v -3.84895992 3.70579976 6.61156988
v -3.84895992 3.73261994 6.7704401
v -3.84895992 3.73261994 6.7704401
v -3.84895992 3.70579976 6.61156988
v -3.99530005 3.84991997 6.58616018
v -3.99530005 3.87674016 6.74502993
v 0.87323999 3.73261994 6.7704401
v 0.87323999 3.70579976 6.6115799
v 0.87323999 3.70579976 6.6115799
v 0.87323999 3.73261994 6.7704401
v 1.01958001 3.87674016 6.74502993
v 1.01958001 3.84991997 6.58616018
v 1.01959002 1.43451995 -7.10551023
v 1.01959002 1.46342999 -6.9483099
v 0.87325001 1.29039997 -7.08009005
v 0.87325001 1.31931001 -6.92289019
v 0.87325001 1.31931001 -6.92289019
v 0.87325001 1.29039997 -7.08009005
v -3.99530005 1.46342999 -6.9483099
v -3.99530005 1.43451995 -7.10551023
v -3.84894991 1.31931001 -6.92289019
v -3.84894991 1.29039997 -7.08009005
v -3.84894991 1.29039997 -7.08009005
v -3.84894991 1.31931001 -6.92289019
v -5.81629992 4.12266988 3.55140996
v -5.81629992 3.76351994 1.51455998
v -5.83121014 3.72805995 1.52082002
v -5.83121014 4.08720988 3.5576601
v -5.81629992 3.44028991 -0.31858999
v -5.83121014 3.40481991 -0.31233999
v -5.83121014 4.33860987 4.98344994
v -5.81629992 4.37407988 4.97720003
v -5.78029013 4.1373598 3.54882002
v -5.78028011 3.77820987 1.51197004
v -5.78028011 3.45498008 -0.32117999
v -5.83121014 3.08158988 -2.14549994
v -5.81629992 3.11704987 -2.15175009
v -5.81629992 4.51683015 5.78680992
v -5.83121014 4.48171014 5.79500008
v -4.38343 4.1373598 3.54882002
v -4.38343 3.77820987 1.51197004
v -5.78028011 3.13174003 -2.15434003
v -4.38343 3.45498008 -0.32117999
v -5.83121014 2.72243994 -4.18234015
v -5.81629992 2.75789994 -4.18860006
v -4.04886007 4.1373598 3.54882002
v -4.04886007 3.77820987 1.51197004
v -5.67886019 4.56998986 6.08826017
v -5.69223022 4.53586978 6.10211992
v -5.30480003 4.63493985 6.45663023
v -4.04886007 3.45498008 -0.32117999
v -5.78028011 2.7725901 -4.19118977
v -4.38343 3.13174003 -2.15434003
v -5.81629992 2.50649995 -5.6143899
v -5.83121014 2.47102994 -5.60812998
v -4.04886007 4.38876981 4.97460985
v -5.31253004 4.60180014 6.47605991
v -4.79187012 4.65880984 6.59197998
v -4.04886007 3.13174003 -2.15434003
v -4.38343 2.7725901 -4.19118977
v -5.8162899 2.39966005 -6.22031021
v -5.83121014 2.36385006 -6.21599007
v -4.04886007 4.66724986 6.55392981
v -4.79383993 4.62593001 6.61292982
v -4.38343 4.65880984 6.59197998
v -4.04886007 2.7725901 -4.19118977
v -5.67886019 2.31058997 -6.72545004
v -5.30480003 2.24562997 -7.0938201
v -5.69223022 2.27378005 -6.72679996
v -4.04886007 4.65880984 6.59197998
v -4.38343 4.62593001 6.61292982
v -4.04886007 2.52119011 -5.61698008
v -4.79187012 2.22176999 -7.22916985
v -5.31252003 2.20784992 -7.10073996
v -4.04886007 4.62593001 6.61292982
v -4.04886007 2.24271005 -7.19630003
v -4.38343 2.22176999 -7.22916985
v -4.79382992 2.18371004 -7.23760986
v -4.04886007 2.22176999 -7.22916985
v -4.38343 2.18371004 -7.23760986
v -4.04886007 2.18371004 -7.23760986
v 1.07315004 4.65880984 6.59198999
v 1.07315004 4.62593001 6.61292982
v 1.40771997 4.62593001 6.61292982
v 1.40771997 4.65880984 6.59198999
v 3.68281007 4.65880984 6.59198999
v 3.68281007 4.62593001 6.61292982
v 1.07315004 4.66724986 6.55392981
v 5.12539005 4.65880984 6.59198999
v 5.12734985 4.62593001 6.61292982
v 1.07315004 4.38876981 4.97460985
v 1.07315004 2.18371004 -7.23760986
v 1.07315004 2.22176999 -7.22916985
v 1.40771997 2.22176999 -7.22916985
v 1.40771997 2.18371004 -7.23760986
v 5.63831997 4.63493985 6.45663977
v 5.64603996 4.60180014 6.47605991
v 6.01237011 4.56998986 6.08826017
v 1.07315004 4.1373598 3.54882002
v 1.07315004 2.24271005 -7.19630003
v 3.68281007 2.18371004 -7.23760986
v 3.68281007 2.22176999 -7.22916985
v 6.02574015 4.53586978 6.10211992
v 6.14980984 4.48092002 5.58312988
v 1.07315004 3.77820987 1.51198006
v -5.32154989 1.81909007 2.27831006
v -5.32154989 1.42341 0.03433
v -5.16017008 0 -0.05415
v -5.16017008 -0 2.14156008
v 1.76741004 0.28035998 -6.44826984
v 4.89700985 0.28035998 -6.44826984
v 4.73054981 0 -6.39729023
v 1.71572995 0 -6.39729023
v 5.58649015 1.81909007 2.27831006
v 5.58649015 2.2587201 4.7716198
v 5.42003012 -0 4.58123016
v 5.42003012 -0 2.14156008
v 4.93048 2.56647009 6.5169301
v 1.76741004 2.56647009 6.5169301
v 1.71572995 -0 6.28900003
v 4.76401997 -0 6.28900003
v -1.77707005 2.56647009 6.5169301
v -1.72221994 -0 6.28900003
v 5.58649015 1.02773994 -2.20965004
v 5.58649015 1.42341 0.03433
v 5.42004013 0 -0.05415
v 5.42004013 0 -2.24985003
v -5.32154989 1.02773994 -2.20965004
v -5.16017008 0 -2.24985003
v -5.32154989 0.58810002 -4.70296001
v -5.32154989 0.39419001 -5.80269003
v -5.16017008 0 -5.72742987
v -5.16017008 0 -4.68951988
v 5.58649015 2.44956011 5.85390997
v 5.42003012 -0 5.63295984
v -5.32154989 2.44956011 5.85390997
v -5.32154989 2.2587201 4.7716198
v -5.16017008 -0 4.58122015
v -5.16017008 -0 5.63295984
v -4.66559982 2.56647009 6.5169301
v -4.50422001 -0 6.28899002
v -4.63371992 0.28035998 -6.44826984
v -1.77707005 0.28035998 -6.44826984
v -1.72221994 0 -6.39729023
v -4.47235012 0 -6.39729023
v 5.58649015 0.58810002 -4.70295
v 5.42004013 0 -4.68951988
v 1.76741004 0.28035998 -6.44826984
v 1.71572995 0 -6.39729023
v 0.28321999 3.58210009 -1.21922004
v 0.28321999 3.69057006 -0.60407001
v 0.35789999 3.25489992 -0.47097999
v 0.35789999 3.12718004 -1.19526994
v -0.53605998 3.69057006 -0.60407001
v -0.61072999 3.25489992 -0.47097999
v -0.53605998 3.58210009 -1.21922004
v -0.61072999 3.12718004 -1.19526994
v -0.95774001 3.58210009 -1.21922004
v -0.95774001 3.69057006 -0.60407001
v -0.88305998 3.25489992 -0.47097999
v -0.88305998 3.12718004 -1.19526994
v -1.77701998 3.69057006 -0.60407001
v -1.85169005 3.25489992 -0.47097999
v -1.77701998 3.58210009 -1.21922004
v -1.85169005 3.12718004 -1.19526994
v -2.19868994 3.58210009 -1.21922004
v -2.19868994 3.69057006 -0.60407001
v -2.1240201 3.25489992 -0.47097999
v -2.1240201 3.12718004 -1.19526994
v -3.01797009 3.69057006 -0.60407001
v -3.09264994 3.25489992 -0.47097999
v -3.01797009 3.58210009 -1.21922004
v -3.09264994 3.12718004 -1.19526994
v 0.28321999 3.43844002 -2.03395009
v 0.28321999 3.54690999 -1.41881001
v 0.35789999 3.11124009 -1.28570998
v 0.35789999 2.98351997 -2.01001
v -0.53605998 3.54690999 -1.41881001
v -0.61072999 3.11124009 -1.28570998
v -0.53605998 3.43844002 -2.03395009
v -0.61072999 2.98351997 -2.01001
v -0.95774001 3.43844002 -2.03395009
v -0.95774001 3.54690999 -1.41881001
v -0.88305998 3.11124009 -1.28570998
v -0.88305998 2.98351997 -2.01001
v -1.77701998 3.54690999 -1.41881001
v -1.85169005 3.11124009 -1.28570998
v -1.77701998 3.43844002 -2.03395009
v -1.85169005 2.98351997 -2.01001
v -2.19868994 3.43844002 -2.03395009
v -2.19868994 3.54690999 -1.41881001
v -2.1240201 3.11124009 -1.28570998
v -2.1240201 2.98351997 -2.01001
v -3.01797009 3.54690999 -1.41881001
v -3.09264994 3.11124009 -1.28570998
v -3.01797009 3.43844002 -2.03395009
v -3.09264994 2.98351997 -2.01001
v 0.28321999 3.29477996 -2.84869003
v 0.28321999 3.40324992 -2.23354006
v 0.35789999 2.96758002 -2.10045004
v 0.35789999 2.8398599 -2.82474995
v -0.53605998 3.40324992 -2.23354006
v -0.61072999 2.96758002 -2.10045004
v -0.53605998 3.29477996 -2.84869003
v -0.61072999 2.8398599 -2.82474995
v -0.95774001 3.29477996 -2.84869003
v -0.95774001 3.40324992 -2.23354006
v -0.88305998 2.96758002 -2.10045004
v -0.88305998 2.8398599 -2.82474995
v -1.77701998 3.40324992 -2.23354006
v -1.85169005 2.96758002 -2.10045004
v -1.77701998 3.29477996 -2.84869003
v -1.85169005 2.8398599 -2.82474995
v -2.19868994 3.29477996 -2.84869003
v -2.19868994 3.40324992 -2.23354006
v -2.1240201 2.96758002 -2.10045004
v -2.1240201 2.8398599 -2.82474995
v -3.01797009 3.40324992 -2.23355007
v -3.09264994 2.96758002 -2.10045004
v -3.01797009 3.29477996 -2.84869003
v -3.09264994 2.8398599 -2.82474995
v 0.28321999 3.15111989 -3.66342998
v 0.28321999 3.25959009 -3.04828
v 0.35789999 2.82391995 -2.91518998
v 0.35789999 2.69620007 -3.63948989
v -0.53605998 3.25959009 -3.04828
v -0.61072999 2.82391995 -2.91518998
v -0.53605998 3.15111989 -3.66342998
v -0.61072999 2.69620007 -3.63948989
v -0.95774001 3.15111989 -3.66342998
v -0.95774001 3.25959009 -3.04828
v -0.88305998 2.82391995 -2.91518998
v -0.88305998 2.69620007 -3.63948989
v -1.77701998 3.25959009 -3.04828
v -1.85169005 2.82391995 -2.91518998
v -1.77701998 3.15111989 -3.66342998
v -1.85169005 2.69620007 -3.63948989
v -2.19868994 3.15111989 -3.66342998
v -2.19868994 3.25959009 -3.04828
v -2.1240201 2.82391995 -2.91518998
v -2.1240201 2.69620007 -3.63948989
v -3.01797009 3.25959009 -3.04828
v -3.09264994 2.82391995 -2.91518998
v -3.01797009 3.15111989 -3.66342998
v -3.09264994 2.69620007 -3.63948989
v 0.28323001 2.72013992 -6.10763979
v 0.28321999 2.82860988 -5.49248981
v 0.35789999 2.39293998 -5.3593998
v 0.35789999 2.26522011 -6.08370018
v -0.53605998 2.82860988 -5.49248981
v -0.61072999 2.39293998 -5.3593998
v -0.53605998 2.72013992 -6.10763979
v -0.61072999 2.26522011 -6.08370018
v -0.75090998 2.72013992 -6.10763979
v -0.75090998 2.82860988 -5.49248981
v -0.67623001 2.39293998 -5.3593998
v -0.67623001 2.26522011 -6.08370018
v -1.57018995 2.82860988 -5.49248981
v -1.64486003 2.39293998 -5.3593998
v -1.57018995 2.72013992 -6.10763979
v -1.64486003 2.26522011 -6.08370018
v -1.78504002 2.72013992 -6.10763979
v -1.78504002 2.82860988 -5.49248981
v -1.71036994 2.39293998 -5.3593998
v -1.71036994 2.26522011 -6.08370018
v -2.60432005 2.82860988 -5.49248981
v -2.6789999 2.39293998 -5.3593998
v -2.60432005 2.72013992 -6.10763979
v -2.6789999 2.26522011 -6.08370018
v -2.81917 2.72013992 -6.10763979
v -2.81917 2.82860988 -5.49248981
v -2.74449992 2.39293998 -5.3593998
v -2.74449992 2.26522011 -6.08370018
v -3.63844991 2.82860988 -5.49248981
v -3.71313 2.39293998 -5.3593998
v -3.63844991 2.72013992 -6.10763979
v -3.71313 2.26522011 -6.08370018
v 0.28321999 3.9053399 0.61394
v 0.28321999 4.01379985 1.22908998
v 0.35789999 3.57812995 1.36217999
v 0.35789999 3.45042008 0.63788998
v -0.53605998 4.01379985 1.22908998
v -0.61072999 3.57812995 1.36217999
v -0.53605998 3.9053399 0.61394
v -0.61072999 3.45042008 0.63788998
v -0.95774001 3.9053399 0.61394
v -0.95774001 4.01379985 1.22908998
v -0.88305998 3.57812995 1.36217999
v -0.88305998 3.45042008 0.63788998
v -1.77701998 4.01379985 1.22908998
v -1.85169005 3.57812995 1.36217999
v -1.77701998 3.9053399 0.61394
v -1.85169005 3.45042008 0.63788998
v -2.19868994 3.9053399 0.61394
v -2.19868994 4.01379985 1.22908998
v -2.1240201 3.57812995 1.36217999
v -2.1240201 3.45042008 0.63788998
v -3.01797009 4.01379985 1.22908998
v -3.09264994 3.57812995 1.36217999
v -3.01797009 3.9053399 0.61394
v -3.09264994 3.45042008 0.63788998
v -3.62290001 4.22858018 2.44709992
v -3.62290001 4.37294978 3.26592994
v -2.57801008 4.37294978 3.26592994
v -2.57801008 4.22858018 2.44709992
v -2.50332999 3.77364987 2.47104001
v -3.69757009 3.77364987 2.47104001
v -3.69757009 3.93727988 3.39901996
v -2.50332999 3.93727988 3.39902997
v 5.24174976 0.29561001 -6.36178017
v 5.07530022 0 -6.30754995
v 5.49412012 0.33726996 -6.12548018
v 5.32766008 0 -6.06238985
v 5.58649015 0.39419001 -5.80269003
v 5.42004013 0 -5.72749996
v -4.81625986 0 -6.30753994
v -4.97764015 0.29561001 -6.36178017
v -5.06801987 0 -6.06235981
v -5.22940016 0.33726996 -6.12548018
v 5.49860001 2.5080201 6.18542004
v 5.33214998 -0 5.96097994
v 5.25849009 2.55081004 6.42810011
v 5.09203005 -0 6.20109987
v -5.07228994 -0 5.96097994
v -5.23367023 2.5080201 6.18542004
v -4.83220005 -0 6.20109987
v -4.99356985 2.55081004 6.42810011
v 5.42004013 0 -2.24985003
v 1.71572995 -0.00016001 -2.24985003
v 5.42004013 0 -0.05415
v 1.71572995 0 -0.05415
v -1.72221994 0 -2.24985003
v 5.42003012 -0 2.14156008
v 1.71572995 -0 2.14156008
v -1.72221994 0 -0.05415
v -5.16017008 0 -2.24985003
v -1.72221994 -0 2.14156008
v -5.16017008 0 -0.05415
v -5.16017008 -0 2.14156008
v 4.74148989 5.1233198 -3.8448
v 4.77113008 5.00512999 -4.32251978
v 4.7175498 5.0281598 -4.34487009
v 4.6872201 5.14684981 -3.86320996
v 2.69940996 4.74933022 -5.50804996
v 2.67023993 4.77413005 -5.40286016
v 2.65312004 5.56247014 -2.02361989
v 2.58267999 5.44199008 -1.99438
v 2.58252001 5.6865198 -0.75923997
v 2.65301991 5.80876988 -0.78079998
v 4.71186018 5.24219006 -3.32069993
v 4.7125001 5.56247014 -2.02361989
v 4.78293991 5.44199008 -1.99438
v 4.78249979 5.09603995 -3.39099002
v 4.88950014 4.75538987 -3.83711004
v 4.97626019 4.50586003 -3.70113993
v 2.51957011 3.13353008 -3.37593007
v 2.1222899 3.06383008 -3.76705003
v 2.24953008 3.00855988 -3.83181
v 2.59302998 3.06881994 -3.49363995
v 4.92769003 5.02149981 -1.89358997
v 4.8533802 5.27007979 -1.95606005
v 4.85359001 5.51283997 -0.72861999
v 4.92792988 5.26046008 -0.68412
v 2.46708989 4.36496991 -3.0631001
v 2.36868 4.21501988 -3.53542995
v 2.67412996 4.03897017 -3.12054992
v 2.75825 4.13319987 -2.89106989
v 3.47170997 3.68640989 -3.07533002
v 3.47170997 3.81774014 -3.03790998
v 2.96489 3.79391021 -3.1716001
v 2.92954993 3.6609301 -3.21834993
v 1.82846999 3.63247007 -5.23511982
v 2.05263996 3.95369977 -5.34478998
v 2.16552997 3.87450999 -5.78915024
v 1.97139001 3.53888005 -5.76024008
v 4.92574978 4.66716021 -3.19771004
v 4.85313988 4.91766995 -3.32439995
v 1.76624 2.82775992 -5.09171009
v 1.91750002 2.72871989 -5.64745998
v 2.04473996 2.69921988 -5.56759024
v 1.91315997 2.78537005 -5.08414984
v 2.93376994 3.17569989 -3.13930988
v 3.47170997 3.2009899 -2.99740005
v 3.47170997 3.21085995 -2.97650003
v 2.92262006 3.18504995 -3.12135005
v 1.74394 2.83371991 -5.0927701
v 1.89818001 2.73272008 -5.65950012
v 2.64880991 4.71970004 -5.54016018
v 2.61046004 4.75210017 -5.39939022
v 2.90743995 2.55503005 -6.62207985
v 3.47160006 2.52851003 -6.77089977
v 3.47160006 2.51189989 -6.61871004
v 2.98090005 2.53496999 -6.4892602
v 2.27680993 4.27905005 -5.43138981
v 2.44362998 4.5391199 -5.43437004
v 2.50424004 4.49579018 -5.65697002
v 2.35966992 4.22479981 -5.73581982
v 2.12115002 3.14703006 -6.09783983
v 2.1824801 3.47471994 -6.12026978
v 2.57277989 3.40623993 -6.50451994
v 2.53736997 3.07401007 -6.50760984
v 2.93855 3.36918992 -6.71243
v 3.05064011 3.71921986 -6.66057014
v 3.47160006 3.69942993 -6.7716198
v 3.47160006 3.34412998 -6.85305023
v 2.57076001 4.16063994 -6.09584999
v 2.7154901 4.42502993 -6.01618004
v 2.88077998 4.39520997 -6.17838001
v 2.7969501 4.12094992 -6.31853008
v 2.90314007 3.03695005 -6.71551991
v 3.47160006 3.01023 -6.86547995
v 2.89629006 2.55759996 -6.64215994
v 3.47160006 2.53054994 -6.79392004
v 2.96460009 4.62238997 -6.00026989
v 2.86021996 4.64233989 -5.89856005
v 2.91204 4.67026013 -5.86531019
v 2.99293995 4.65448016 -5.9436698
v 3.16272998 4.08390015 -6.52645016
v 3.24694991 4.35644978 -6.38556004
v 3.47151995 4.34561986 -6.44458008
v 3.47160006 4.06937999 -6.60793018
v 5.53714991 3.63247007 -5.23511982
v 5.31298018 3.95369977 -5.34478998
v 3.47143006 4.57478017 -6.24326992
v 3.33117008 4.58192986 -6.20669985
v 3.35987997 4.61309975 -6.14925003
v 3.47140002 4.60727996 -6.17818022
v 4.68074989 3.75627011 -6.45265007
v 4.79284 3.40623993 -6.50451994
v 4.42706013 3.36918992 -6.71243
v 4.31498003 3.71921986 -6.66057014
v 5.20008993 3.87450999 -5.78915024
v 5.00594997 4.22479981 -5.73581982
v 5.08880997 4.27905005 -5.43138981
v 3.13716006 4.00315017 -2.79327989
v 3.46893001 4.00371999 -2.79175997
v 3.46893001 4.34646004 -1.68112004
v 3.13718009 4.3462202 -1.68169999
v 4.69538021 4.77413005 -5.40286016
v 4.66621017 4.74933022 -5.50804996
v 1.89853001 3.00890988 -4.1097002
v 1.74415004 2.90782994 -4.67687988
v 1.76645994 2.90186995 -4.67581987
v 1.91784 3.00100011 -4.11961985
v 2.12859011 2.66455001 -6.00749016
v 2.54167008 2.59208006 -6.41415977
v 2.61512995 2.57201999 -6.28134012
v 2.25583005 2.63506001 -5.92761993
v 1.91338003 2.8594901 -4.66827011
v 2.04507995 2.94572991 -4.18438005
v 2.46594 4.71493977 -1.82002997
v 2.43793011 5.02149981 -1.89358997
v 2.43987012 4.66716021 -3.19771004
v 3.14640999 5.62290019 -2.03412008
v 2.77062011 5.59916991 -2.03253007
v 2.77062988 5.84605998 -0.78737003
v 3.14640999 5.86925 -0.79145998
v 2.75905991 4.47791022 -1.73137999
v 2.38935995 4.50586003 -3.70113993
v 1.75765002 3.31099004 -5.17782021
v 1.91006005 3.21118993 -5.73781013
v 2.43769002 5.26046008 -0.68412
v 2.46585011 4.94617003 -0.62870002
v 2.75970006 4.69762009 -0.58486998
v 2.43885994 4.70360011 -4.75255013
v 2.40751004 4.62582988 -5.0181098
v 3.68281007 5.30450982 -3.34129
v 3.14640999 5.30297011 -3.34739995
v 3.68281007 5.62368983 -2.03178
v 2.77062011 5.27919978 -3.34090996
v 2.37662005 3.81035012 -6.14918995
v 2.68487 3.75627011 -6.45265007
v 3.68281007 5.86941975 -0.79149002
v 1.72660995 2.87607998 -5.10031986
v 1.88318002 2.77355999 -5.67558002
v 3.89401007 3.69942993 -6.7716198
v 3.89401007 3.34412998 -6.85305023
v 3.00724006 3.11098999 -3.25702
v 3.47170997 3.13283008 -3.13449001
v 1.88352001 3.05279988 -4.10871983
v 1.72681999 2.95020002 -4.68443012
v 2.56465006 4.8660199 -4.88512993
v 2.57041001 4.89615983 -4.76319981
v 2.62571001 4.91751021 -4.78537989
v 2.62171006 4.8908698 -4.88942003
v 3.46893001 4.56020993 -0.56063998
v 3.13718009 4.56023997 -0.56064999
v 2.59449005 5.00512999 -4.32251978
v 2.51711988 4.81370991 -4.38621998
v 2.55012012 4.9553501 -3.91008997
v 2.62413001 5.1233198 -3.8448
v 3.47170997 3.46602005 -3.00779009
v 2.91564012 3.43988007 -3.15446997
v 2.91395998 3.23005003 -3.11412001
v 3.47170997 3.25626987 -2.96698999
v 2.70871997 5.26660985 -3.33451009
v 2.67839003 5.14684981 -3.86320996
v 2.65375996 5.24219006 -3.32069993
v 2.74045992 5.16063994 -3.8624301
v 2.70852995 5.5866701 -2.02979994
v 3.47031999 3.91951007 -2.92165995
v 3.05102992 3.90729016 -2.98925996
v 2.70850992 5.83342999 -0.78514999
v 2.88761997 2.59733003 -6.66449022
v 3.47160006 2.56987995 -6.81853008
v 2.50840998 3.1428799 -3.35797
v 2.10296988 3.07174009 -3.75712991
v 2.4997499 3.18787998 -3.35074997
v 2.08796 3.11563009 -3.75615001
v 2.1092701 2.66855997 -6.01952982
v 2.53050995 2.59464997 -6.43423986
v 2.09426999 2.70939988 -6.0356102
v 2.52185011 2.63438004 -6.45657015
v 4.47800016 2.59733003 -6.66449022
v 4.84377003 2.63438004 -6.45657015
v 4.83510017 2.59464997 -6.43423986
v 4.46932983 2.55759996 -6.64215994
v 4.82824993 3.07401007 -6.50760984
v 4.46248007 3.03695005 -6.71551991
v 2.09731007 3.32279009 -3.79943991
v 2.50309992 3.39678997 -3.39261007
v 5.27134991 2.70939988 -6.0356102
v 5.48243999 2.77355999 -5.67558002
v 5.46743011 2.73272008 -5.65950012
v 5.25634003 2.66855997 -6.01952982
v 1.73201001 3.15973991 -4.72229004
v 1.89241004 3.25977987 -4.15289021
v 1.88604999 2.98398989 -5.71140003
v 1.72992003 3.08621997 -5.13777018
v 2.52350998 2.84502 -6.49118996
v 2.09714007 2.91983002 -6.07143021
v 3.47160006 2.78059 -6.85271978
v 2.88928008 2.80796999 -6.69911003
v 5.1831398 3.47471994 -6.12026978
v 5.39422989 3.53888005 -5.76024008
v 5.45556021 3.21118993 -5.73781013
v 5.24447012 3.14703006 -6.09783983
v 5.60797024 3.31099004 -5.17782021
v 5.63900995 2.87607998 -5.10031986
v 5.63879013 2.95020002 -4.68443012
v 5.62145996 2.90782994 -4.67687988
v 5.62167978 2.83371991 -5.0927701
v 5.48210001 3.05279988 -4.10871983
v 5.27764988 3.11563009 -3.75615001
v 5.26265001 3.07174009 -3.75712991
v 5.46709013 3.00890988 -4.1097002
v 4.86587 3.18787998 -3.35074997
v 4.45166016 3.23005003 -3.11412001
v 4.44299984 3.18504995 -3.12135005
v 4.85720015 3.1428799 -3.35797
v 4.40073013 3.79391021 -3.1716001
v 4.43606997 3.6609301 -3.21834993
v 4.47633982 2.80796999 -6.69911003
v 4.84211016 2.84502 -6.49118996
v 5.47956991 2.98398989 -5.71140003
v 5.26847982 2.91983002 -6.07143021
v 5.63360977 3.15973991 -4.72229004
v 5.63569021 3.08621997 -5.13777018
v 5.47320986 3.25977987 -4.15289021
v 5.26831007 3.32279009 -3.79943991
v 4.86252022 3.39678997 -3.39261007
v 4.44997978 3.43988007 -3.15446997
v 4.35837984 3.11098999 -3.25702
v 4.77259016 3.06881994 -3.49363995
v 4.84604979 3.13353008 -3.37593007
v 4.43183994 3.17569989 -3.13930988
v 5.11608982 3.00855988 -3.83181
v 5.32053995 2.94572991 -4.18438005
v 5.44777012 3.00100011 -4.11960983
v 5.24333 3.06383008 -3.76704001
v 5.45223999 2.8594901 -4.66827011
v 5.45245981 2.78537005 -5.08414984
v 5.59938002 2.82775992 -5.09171009
v 5.59916019 2.90186995 -4.67581987
v 4.45817995 2.55503005 -6.62207985
v 4.82394981 2.59208006 -6.41415977
v 4.75049019 2.57201999 -6.28134012
v 4.38471985 2.53496999 -6.4892602
v 5.32087994 2.69921988 -5.56759024
v 5.10978985 2.63506001 -5.92761993
v 5.23703003 2.66455001 -6.00749016
v 5.44812012 2.72871989 -5.64745998
v 4.03445005 4.58192986 -6.20669985
v 4.40101004 4.62238997 -6.00026989
v 4.48483992 4.39520997 -6.17838001
v 4.11866999 4.35644978 -6.38556004
v 4.50540018 4.64233989 -5.89856005
v 4.71681023 4.71970004 -5.54016018
v 4.8613801 4.49579018 -5.65697002
v 4.6501298 4.42502993 -6.01618004
v 4.75515985 4.75210017 -5.39939022
v 4.80096006 4.8660199 -4.88512993
v 4.95810986 4.62582988 -5.0181098
v 4.9219799 4.5391199 -5.43437004
v 4.37268019 4.65448016 -5.9436698
v 4.00574017 4.61309975 -6.14925003
v 4.4535799 4.67026013 -5.86531019
v 3.89390993 3.81774014 -3.03790998
v 3.89529991 3.91951007 -2.92165995
v 3.47031999 3.91951007 -2.92165995
v 3.47170997 3.81774014 -3.03790998
v 3.89401007 4.06937999 -6.60793018
v 4.73991013 4.91751021 -4.78537989
v 4.74389982 4.8908698 -4.88942003
v 4.79520988 4.89615983 -4.76319981
v 4.84849024 4.81370991 -4.38620996
v 4.92675018 4.70360011 -4.75255013
v 4.22842979 4.3462202 -1.68169999
v 4.60656023 4.47791022 -1.73137999
v 4.60591984 4.69762009 -0.58486998
v 4.22842979 4.56023997 -0.56064999
v 4.22844982 4.00315017 -2.79327989
v 4.6073699 4.13319987 -2.89106989
v 4.20288992 4.08390015 -6.52645016
v 4.5686698 4.12094992 -6.31853008
v 3.46893001 4.34646004 -1.68112004
v 3.46893001 4.00371999 -2.79175997
v 3.89668989 4.00371999 -2.79175997
v 3.89668989 4.34646004 -1.68112004
v 3.46893001 4.56020993 -0.56063998
v 3.89668989 4.56020993 -0.56063998
v 2.6480701 5.0281598 -4.34487009
v 3.89422011 4.60727996 -6.17818022
v 3.89419007 4.57478017 -6.24326992
v 4.79485989 4.16063994 -6.09584999
v 4.98899984 3.81035012 -6.14918995
v 3.89409995 4.34561986 -6.44458008
v 4.31458998 3.90729016 -2.98925996
v 4.69149017 4.03897017 -3.12054992
v 3.89401007 2.53054994 -6.79392004
v 3.89401007 2.52851003 -6.77089977
v 3.89390993 3.2009899 -2.99740005
v 3.89390993 3.21085995 -2.97650003
v 3.47170997 3.21085995 -2.97650003
v 3.47170997 3.2009899 -2.99740005
v 3.89401007 2.51189989 -6.61871004
v 3.89390993 3.13283008 -3.13449001
v 3.47170997 3.13283008 -3.13449001
v 3.89390993 3.46602005 -3.00779009
v 3.89390993 3.68640989 -3.07533002
v 3.47170997 3.68640989 -3.07533002
v 3.47170997 3.46602005 -3.00779009
v 3.89390993 3.25626987 -2.96698999
v 3.47170997 3.25626987 -2.96698999
v 3.89401007 3.01023 -6.86547995
v 3.89401007 2.78059 -6.85271978
v 3.89401007 2.56987995 -6.81853008
v 4.65711021 5.83342999 -0.78514999
v 4.71260023 5.80876988 -0.78079998
v 4.65708017 5.5866701 -2.02979994
v 4.59498978 5.84605998 -0.78737003
v 4.59499979 5.59916991 -2.03253007
v 4.59499979 5.27919978 -3.34090996
v 4.65689993 5.26660985 -3.33451009
v 4.62516022 5.16063994 -3.8624301
v 4.81549978 4.9553501 -3.91008997
v 4.21921015 5.86925 -0.79145998
v 4.21921015 5.62290019 -2.03412008
v 4.21921015 5.30297011 -3.34739995
v 2.51223993 5.27007979 -1.95606005
v 2.51247001 4.91766995 -3.32439995
v 2.51202989 5.51283997 -0.72861999
v 2.47612 4.75538987 -3.83711004
v 4.89976978 4.94617003 -0.62870002
v 4.89967012 4.71493977 -1.82002997
v 2.58312011 5.09603995 -3.39099002
v 4.89853001 4.36496991 -3.0631001
v 4.99694014 4.21501988 -3.53542995
v 4.78309011 5.6865198 -0.75923997
v 4.74148989 6.21260995 2.33285999
v 4.6872201 6.2410199 2.34210992
v 4.7175498 6.29422015 2.83532
v 4.77113008 6.26493996 2.82219005
v 2.67023993 6.41737002 3.91637993
v 2.69940996 6.43004006 4.02371979
v 2.65311003 6.00239009 0.47132
v 2.58267999 5.87918013 0.48504001
v 4.71186018 6.14505976 1.79971004
v 4.78249979 6.03175992 1.91575003
v 4.78293991 5.87918013 0.48504001
v 4.7125001 6.00239009 0.47132
v 4.97626019 5.58325022 2.40903997
v 4.88950014 5.86422986 2.4514699
v 2.51957011 4.18245 2.57280993
v 2.59302998 4.16190976 2.70554996
v 2.24953008 4.22093982 3.04395008
v 2.1222899 4.2507202 2.96417999
v 4.92769003 5.44957989 0.53413999
v 4.8533802 5.70452994 0.50783002
v 2.46708989 5.23262995 1.85766995
v 2.75825 4.95601004 1.77529001
v 2.67412996 4.9459402 2.02315998
v 2.36868 5.25326985 2.35279989
v 3.47170997 4.59917992 2.10123992
v 2.92954993 4.62414998 2.24434996
v 2.96489 4.73313016 2.15493989
v 3.47170997 4.70978993 2.02115989
v 1.82846999 5.28718013 4.14923
v 1.97139001 5.37884015 4.67468977
v 2.16552997 5.70411986 4.58706999
v 2.05263996 5.62655991 4.14241982
v 4.92574978 5.56263989 1.88081002
v 4.85313988 5.84136981 1.91418004
v 1.76624 4.48194999 4.28970003
v 1.91315997 4.43954009 4.29710007
v 2.04473996 4.52392977 4.78083992
v 1.91750002 4.57896012 4.84580994
v 2.93376994 4.14115018 2.33604002
v 2.92262006 4.14378995 2.31596994
v 3.47170997 4.11850995 2.17103004
v 3.47170997 4.11637992 2.19404006
v 1.74392998 4.48790997 4.28866005
v 1.89818001 4.58683985 4.85575008
v 2.61046004 6.39547986 3.92067003
v 2.64880991 6.41318005 4.06402016
v 2.90743995 4.7490899 5.82106018
v 2.98090005 4.68480986 5.70311022
v 3.47160006 4.70741004 5.83264017
v 3.47160006 4.77505988 5.96997023
v 2.27680993 5.96189994 4.11252022
v 2.35966992 6.0150401 4.41714001
v 2.50424004 6.24271983 4.25036001
v 2.44362998 6.20729989 4.02638006
v 2.12115002 5.12608975 5.12595987
v 2.53736997 5.19761008 5.53598022
v 2.57277989 5.50876015 5.41944981
v 2.1824801 5.44169015 5.03495979
v 2.93855 5.54504985 5.62750006
v 3.47160006 5.56959981 5.76820993
v 3.47160006 5.87562007 5.57016993
v 3.05064011 5.85622996 5.45905018
v 2.57076001 6.0778901 4.77741003
v 2.7969501 6.11675996 5.00023985
v 2.88077998 6.32654017 4.77474022
v 2.7154901 6.29909009 4.61212015
v 2.90314007 5.23390979 5.74404001
v 3.47160006 5.26008004 5.89409018
v 3.47160006 4.78485984 5.99091005
v 2.89629006 4.7583701 5.83904982
v 2.96460009 6.47909993 4.52966976
v 2.99292994 6.48989981 4.46550989
v 2.91202998 6.47792977 4.38646984
v 2.86021996 6.46306008 4.42726994
v 3.16271996 6.15305012 5.2082901
v 3.47160006 6.1672799 5.28982019
v 3.47150993 6.37098998 5.04184008
v 3.24694991 6.36098021 4.98266983
v 5.31298018 5.62655991 4.14241982
v 5.53714991 5.28718013 4.14923
v 3.47143006 6.51748008 4.77429008
v 3.47140002 6.52574986 4.70202017
v 3.35987997 6.52133006 4.67284012
v 3.33117008 6.51167983 4.73749018
v 4.68074989 5.81993979 5.25099993
v 4.31498003 5.85622996 5.45905018
v 4.42706013 5.54504985 5.62750006
v 4.79284 5.50876015 5.41944981
v 5.20008993 5.70411986 4.58706999
v 5.08879995 5.96189994 4.11252022
v 5.00594997 6.0150401 4.41714001
v 3.13716006 4.80034989 1.72786999
v 3.13718009 4.74255008 0.56598997
v 3.46893001 4.74258012 0.56536001
v 3.46893001 4.80036992 1.72625005
v 4.66621017 6.43004006 4.02371979
v 4.6953702 6.41737002 3.91637993
v 1.89851999 4.31631011 3.30495
v 1.91784 4.31226987 3.31697989
v 1.76645994 4.40936011 3.87353992
v 1.74415004 4.4153201 3.87249994
v 2.12859011 4.64181012 5.20606995
v 2.25583005 4.58676976 5.14109993
v 2.61512995 4.64852017 5.49505997
v 2.54167008 4.71279019 5.61299992
v 2.04507995 4.28247994 3.39673996
v 1.91338003 4.36695021 3.88093996
v 2.43986011 5.56263989 1.88081002
v 2.43793011 5.44957989 0.53413999
v 2.46594 5.13634986 0.56987
v 3.14640999 6.06277007 0.46050999
v 2.77062011 6.03993005 0.46713001
v 2.75905991 4.88328999 0.56764001
v 2.38935995 5.58325022 2.40903997
v 1.75765002 4.96549004 4.20534992
v 1.91006005 5.06323975 4.76568985
v 2.40751004 6.14642018 3.60556006
v 2.43885994 6.12866992 3.32941008
v 3.68281007 6.21066016 1.79775
v 3.68281007 6.06270999 0.45804
v 3.14640999 6.21130008 1.80401003
v 2.77061009 6.18675011 1.80604005
v 2.68485999 5.81993979 5.25099993
v 2.37662005 5.76696986 4.94734001
v 1.88317001 4.63071984 4.85690022
v 1.72660005 4.53030986 4.28126001
v 3.89401007 5.56959981 5.76820993
v 3.89401007 5.87562007 5.57016993
v 3.47170997 4.09921998 2.34617996
v 3.00723004 4.12059993 2.46878004
v 1.72681999 4.45770997 3.86510992
v 1.88352001 4.35721987 3.28902006
v 2.56465006 6.32663983 3.3984499
v 2.62171006 6.35146016 3.39398003
v 2.62571001 6.34091014 3.28711009
v 2.57041001 6.31325978 3.27357006
v 2.59449005 6.26493996 2.82219005
v 2.62413001 6.21260995 2.33285999
v 2.55012012 6.07709998 2.45165992
v 2.51711988 6.10683984 2.94752002
v 3.47170997 4.36898011 2.11314988
v 3.47170997 4.15792006 2.14655995
v 2.91395998 4.18361014 2.2937901
v 2.91564012 4.39459008 2.25993991
v 2.70871997 6.17273015 1.80434
v 2.65375996 6.14505976 1.79971004
v 2.67839003 6.2410199 2.34210992
v 2.74045992 6.25370997 2.33666992
v 2.70852995 6.02724999 0.46884
v 3.05102992 4.77730006 1.94482005
v 3.47031999 4.76565999 1.87712002
v 3.47160006 4.83022994 6.00058985
v 2.88761997 4.80334014 5.84643984
v 2.10296988 4.25476998 2.95215011
v 2.50840998 4.18509978 2.5527401
v 2.08796 4.29568022 2.93621993
v 2.4997499 4.22490996 2.53056002
v 2.53050995 4.72207993 5.63099003
v 2.1092701 4.64968985 5.21602011
v 2.52185011 4.76704997 5.63838005
v 2.09425998 4.69356984 5.21716022
v 4.47799015 4.80334014 5.84643984
v 4.46932983 4.7583701 5.83904982
v 4.83510017 4.72207993 5.63099003
v 4.84377003 4.76704997 5.63838005
v 4.46247005 5.23390979 5.74404001
v 4.82824993 5.19761008 5.53598022
v 2.50309992 4.43554991 2.49845004
v 2.09731007 4.50515002 2.90604997
v 5.27134991 4.69356984 5.21716022
v 5.25634003 4.64968985 5.21602011
v 5.46743011 4.58683985 4.8557601
v 5.48243999 4.63071984 4.85690022
v 1.73201001 4.66756982 3.82902002
v 1.89241004 4.56682986 3.2597301
v 1.88604999 4.84070987 4.81858015
v 1.72992003 4.74057978 4.24457979
v 2.09714007 4.90355986 5.17885017
v 2.52350998 4.97683018 5.5988698
v 2.88928008 5.01311988 5.80692005
v 3.47160006 5.03993005 5.96063995
v 5.1831398 5.44169015 5.03495979
v 5.24447012 5.12608975 5.12595987
v 5.45556021 5.06323975 4.76568985
v 5.39422989 5.37884015 4.67468977
v 5.60797024 4.96549004 4.20534992
v 5.63900995 4.53030986 4.28126001
v 5.62167978 4.48790997 4.28866005
v 5.62145996 4.4153201 3.87249994
v 5.63879013 4.45770997 3.86510992
v 5.48210001 4.35721987 3.28902006
v 5.46709013 4.31631011 3.30495
v 5.26265001 4.25476998 2.95215011
v 5.27764988 4.29568022 2.93621993
v 4.86587 4.22490996 2.53056002
v 4.85720015 4.18509978 2.5527401
v 4.44298983 4.14378995 2.31596994
v 4.45166016 4.18361014 2.2937901
v 4.43606997 4.62414998 2.24434996
v 4.40073013 4.73313016 2.15493989
v 4.47633982 5.01311988 5.80692005
v 4.84211016 4.97683018 5.5988698
v 5.26847982 4.90355986 5.17885017
v 5.47956991 4.84070987 4.81858015
v 5.63569021 4.74057978 4.24457979
v 5.63360977 4.66756982 3.82902002
v 5.47320986 4.56682986 3.2597301
v 5.26831007 4.50515002 2.90604997
v 4.8625102 4.43554991 2.49845004
v 4.44997978 4.39459008 2.25993991
v 4.35837984 4.12059993 2.46878004
v 4.43183994 4.14115018 2.33604002
v 4.84604979 4.18245 2.57280993
v 4.77259016 4.16190976 2.70554996
v 5.11608982 4.22093982 3.04395008
v 5.24333 4.2507202 2.96417999
v 5.44777012 4.31226987 3.31697989
v 5.32053995 4.28247994 3.39673996
v 5.45223999 4.36695021 3.88093996
v 5.59916019 4.40936011 3.87353992
v 5.59938002 4.48194999 4.28970003
v 5.4524498 4.43954009 4.29710007
v 4.45817995 4.7490899 5.82106018
v 4.38471985 4.68480986 5.70311022
v 4.75049019 4.64852017 5.49505997
v 4.82394981 4.71279019 5.61299992
v 5.32087994 4.52392977 4.78083992
v 5.44812012 4.57896012 4.84580994
v 5.23702002 4.64181012 5.20606995
v 5.10978985 4.58676976 5.14109993
v 4.03445005 6.51167983 4.73749018
v 4.11866999 6.36098021 4.98266983
v 4.48483992 6.32654017 4.77474022
v 4.40101004 6.47909993 4.52966976
v 4.50540018 6.46306008 4.42726994
v 4.6501298 6.29909009 4.61212015
v 4.8613801 6.24271983 4.25036001
v 4.71681023 6.41318005 4.06402016
v 4.75515985 6.39547986 3.92067003
v 4.9219799 6.20729989 4.02638006
v 4.95810986 6.14642018 3.60557008
v 4.80096006 6.32663983 3.3984499
v 4.00574017 6.52133006 4.67284012
v 4.37268019 6.48989981 4.46550989
v 4.4535799 6.47792977 4.38646984
v 3.89390993 4.70978993 2.02115989
v 3.47170997 4.70978993 2.02115989
v 3.47031999 4.76565999 1.87712002
v 3.89529991 4.76565999 1.87712002
v 3.89401007 6.1672799 5.28982019
v 4.73991013 6.34091014 3.28711009
v 4.74389982 6.35146016 3.39398003
v 4.79520988 6.31325978 3.27357006
v 4.92675018 6.12866992 3.32941008
v 4.84849024 6.10683984 2.94752002
v 4.22842979 4.74255008 0.56598997
v 4.60656023 4.88328999 0.56764001
v 4.6073699 4.95601004 1.77529001
v 4.22844982 4.80034989 1.72786999
v 4.20288992 6.15305012 5.2082901
v 4.56865978 6.11675996 5.00023985
v 3.46893001 4.74258012 0.56536001
v 3.89668012 4.74258012 0.56536001
v 3.89668012 4.80036992 1.72625005
v 3.46893001 4.80036992 1.72625005
v 2.6480701 6.29422015 2.83532
v 3.8942101 6.52574986 4.70202017
v 3.89419007 6.51748008 4.77429008
v 4.79485989 6.0778901 4.77741003
v 4.98899984 5.76696986 4.94734001
v 3.89409995 6.37098998 5.04184008
v 4.69149017 4.9459402 2.02315998
v 4.31458998 4.77730006 1.94482005
v 3.89401007 4.78485984 5.99091005
v 3.89401007 4.77505988 5.96997023
v 3.89390993 4.11637992 2.19404006
v 3.47170997 4.11637992 2.19404006
v 3.47170997 4.11850995 2.17103004
v 3.89390993 4.11850995 2.17103004
v 3.89401007 4.70741004 5.83264017
v 3.89390993 4.09921998 2.34617996
v 3.47170997 4.09921998 2.34617996
v 3.89390993 4.36898011 2.11314988
v 3.47170997 4.36898011 2.11314988
v 3.47170997 4.59917992 2.10123992
v 3.89390993 4.59917992 2.10123992
v 3.89390993 4.15792006 2.14655995
v 3.47170997 4.15792006 2.14655995
v 3.89401007 5.26008004 5.89409018
v 3.89401007 5.03993005 5.96063995
v 3.89401007 4.83022994 6.00058985
v 4.65708017 6.02724999 0.46884
v 4.59499979 6.03993005 0.46713001
v 4.59499979 6.18675011 1.80604005
v 4.62516022 6.25370997 2.33666992
v 4.65689993 6.17273015 1.80434
v 4.81549978 6.07709998 2.45165992
v 4.21921015 6.06277007 0.46050999
v 4.21921015 6.21130008 1.80401003
v 2.51247001 5.84136981 1.91418004
v 2.51223993 5.70452994 0.50783002
v 2.47610998 5.86422986 2.4514699
v 4.89967012 5.13634986 0.56987
v 2.58312011 6.03175992 1.91575003
v 4.99694014 5.25326985 2.35279989
v 4.89853001 5.23262995 1.85766995
v 1.07315004 2.52119011 -5.61698008
v 5.12539005 2.22176999 -7.22916985
v 5.12734985 2.18371004 -7.23760986
v 6.16472006 4.44580001 5.59131002
v 6.14980984 4.37407988 4.97720003
v 1.07315004 3.45498008 -0.32117999
v 1.40771997 3.45498008 -0.32117999
v 1.07315004 2.7725901 -4.19118977
v 5.63831997 2.24562997 -7.0938201
v 6.01237011 2.31058997 -6.72545004
v 5.64603996 2.20784992 -7.10073996
v 1.07315004 3.13174003 -2.15434003
v 6.16472006 4.33860987 4.98344994
v 6.14980984 4.12266988 3.55140996
v 3.68281007 3.45498008 -0.32117999
v 6.14980984 2.39966005 -6.22031021
v 6.02574015 2.27378005 -6.72679996
v 6.16473007 4.08720988 3.5576601
v 6.14980984 3.76351994 1.51457
v 6.11380005 3.45498008 -0.32117999
v 6.14980984 2.50649995 -5.6143899
v 6.16473007 2.36385006 -6.21599007
v 3.89194989 2.26460999 -3.05318999
v 3.47367001 2.26460999 -3.05318999
v 3.47367001 2.15057009 -3.24529004
v 3.89194989 2.15057009 -3.24529004
v 4.38673019 2.53505987 -6.48872995
v 4.74898005 2.57175988 -6.28283024
v 4.81128979 2.50627989 -6.38078022
v 4.44903994 2.46957988 -6.58667994
v 4.45735979 2.45282 -6.59833002
v 4.81960011 2.48951 -6.39242983
v 4.8252902 2.4513399 -6.38335991
v 4.45258999 2.41357988 -6.59520006
v 5.11117983 2.6353001 -5.92624998
v 5.32033014 2.69885987 -5.56962013
v 5.42824984 2.64138001 -5.62267017
v 5.21911001 2.57783002 -5.97929001
v 5.23351002 2.56212991 -5.98494005
v 5.44264984 2.62568992 -5.62832022
v 5.44645977 2.58795995 -5.61674976
v 5.23127985 2.52257007 -5.98367023
v 5.45289993 2.78566998 -5.08250999
v 5.45289993 2.85904998 -4.6707201
v 5.57751989 2.81250995 -4.6624198
v 5.57751989 2.73911995 -5.07421017
v 5.59415007 2.72488993 -5.07168007
v 5.59415007 2.79826993 -4.65988016
v 5.59506989 2.76077002 -4.64706993
v 5.59506989 2.68526 -5.07075024
v 5.32033014 2.94586009 -4.18360996
v 5.11117983 3.0094201 -3.82698011
v 5.21911001 2.97379988 -3.75733995
v 5.42824984 2.91024989 -4.1139698
v 5.44264984 2.89746994 -4.10324001
v 5.23351002 2.96102995 -3.74661994
v 5.23127985 2.92345995 -3.73414993
v 5.44645977 2.85807008 -4.10106993
v 4.74898005 3.07297009 -3.47039008
v 4.38673019 3.10966009 -3.2644999
v 4.44903994 3.08205003 -3.14995003
v 4.81128979 3.04535002 -3.35584998
v 4.81960011 3.0336501 -3.33912992
v 4.45735979 3.0703401 -3.13322997
v 4.45258999 3.03243989 -3.12261009
v 4.8252902 2.99468988 -3.33445001
v 4.40463018 1.86080998 -6.40005016
v 4.76687002 1.89749998 -6.19414997
v 4.71257019 1.72728008 -6.06829023
v 4.35032988 1.69058996 -6.27417994
v 4.60800982 1.68170995 -5.8762002
v 4.24575996 1.64501995 -6.08209991
v 5.04813004 1.78614992 -5.73793983
v 5.25726986 1.84970993 -5.38130999
v 5.07615995 1.79070991 -5.26458979
v 4.86702013 1.72715992 -5.6212101
v 5.14216995 1.96335 -5.82466984
v 5.35131979 2.02691001 -5.46803999
v 5.38009024 1.93012995 -4.93003988
v 5.38009024 2.00351995 -4.51824999
v 5.17095995 1.92617005 -4.50445986
v 5.17095995 1.85279006 -4.91625977
v 5.4886899 2.11685008 -4.96331978
v 5.4886899 2.19024009 -4.55151987
v 5.35131979 2.28018993 -4.04680014
v 5.14216995 2.34373993 -3.69018006
v 5.04813004 2.14748996 -3.71036005
v 5.25726986 2.08393997 -4.06697989
v 4.86702013 2.05179995 -3.79951
v 5.07615995 1.98824996 -4.15613985
v 4.76687002 2.40958995 -3.32068992
v 4.40463018 2.44627994 -3.11478996
v 4.35032988 2.24306005 -3.17410994
v 4.71257019 2.20636004 -3.38000989
v 4.24575996 2.13393992 -3.33861995
v 4.60800982 2.09724993 -3.5445199
v 2.61664009 3.07297009 -3.47039008
v 2.25443006 3.0094201 -3.82698011
v 2.14650989 2.97379988 -3.75733995
v 2.55433011 3.04535002 -3.35584998
v 3.47367001 3.13291997 -3.13398004
v 2.97887993 3.10966009 -3.2644999
v 2.91657996 3.08205003 -3.14995003
v 3.47367001 3.10824007 -3.00300002
v 2.25443006 2.6353001 -5.92624998
v 2.61664009 2.57175988 -6.28283024
v 2.55433011 2.50627989 -6.38078022
v 2.14650989 2.57783002 -5.97929001
v 2.04528999 2.94586009 -4.18360996
v 1.91270995 2.85904998 -4.6707201
v 1.7881 2.81250995 -4.6624198
v 1.93736994 2.91024989 -4.1139698
v 3.47367001 3.09691995 -2.98408008
v 2.90826011 3.0703401 -3.13322997
v 2.91302991 3.03243989 -3.12261009
v 3.46762991 3.05851001 -2.97631001
v 2.01430011 2.28018993 -4.04680014
v 1.87693 2.19024009 -4.55151987
v 1.98553002 2.00351995 -4.51824999
v 2.10835004 2.08393997 -4.06697989
v 2.54601002 3.0336501 -3.33912992
v 2.13211012 2.96102995 -3.74661994
v 2.13433003 2.92345995 -3.73414993
v 2.54032993 2.99468988 -3.33445001
v 1.92297006 2.89746994 -4.10325003
v 1.77146006 2.79826993 -4.65988016
v 1.77055001 2.76077002 -4.64706993
v 1.91916001 2.85807008 -4.10106993
v 1.87693 2.11685008 -4.96331978
v 2.01430011 2.02691001 -5.46803999
v 2.10835004 1.84970993 -5.38130999
v 1.98553002 1.93012995 -4.93003988
v 1.77146006 2.72488993 -5.07168007
v 1.92297006 2.62568992 -5.62832022
v 1.91916001 2.58795995 -5.61674976
v 1.77055001 2.68526 -5.07075024
v 2.65304995 1.72728008 -6.06829023
v 2.3174901 1.78614992 -5.73793983
v 2.22343993 1.96335 -5.82466984
v 2.59875011 1.89749998 -6.19414997
v 3.47367001 1.66904002 -6.39510012
v 3.01529002 1.69058996 -6.27417994
v 2.96098995 1.86080998 -6.40005016
v 3.47367001 1.83670992 -6.53528976
v 2.13211012 2.56212991 -5.98494005
v 2.54601002 2.48951 -6.39242983
v 2.54032993 2.4513399 -6.38335991
v 2.13433003 2.52257007 -5.98367023
v 2.90826011 2.45282 -6.59833002
v 3.47367001 2.42623991 -6.74747992
v 3.46762991 2.38751 -6.74150991
v 2.91302991 2.41357988 -6.59520006
v 3.01529002 2.24306005 -3.17410994
v 3.47367001 2.47038001 -2.97954988
v 2.96098995 2.44627994 -3.11478996
v 2.3174901 2.14748996 -3.71036005
v 2.65304995 2.20636004 -3.38000989
v 2.59875011 2.40958995 -3.32068992
v 2.22343993 2.34373993 -3.69018006
v 3.11984992 2.13393992 -3.33861995
v 2.19464993 1.92617005 -4.50445986
v 2.28945994 1.98824996 -4.15613985
v 2.97887993 2.53505987 -6.48872995
v 3.47367001 2.51179999 -6.61924982
v 3.47367001 2.44339007 -6.73364019
v 2.91657996 2.46957988 -6.58667994
v 2.28945994 1.79070991 -5.26458979
v 2.19464993 1.85279006 -4.91625977
v 2.75761008 1.68170995 -5.8762002
v 2.49860001 1.72715992 -5.6212101
v 2.49860001 2.05179995 -3.79951
v 2.75761008 2.09724993 -3.5445199
v 3.47367001 1.62839001 -6.17542982
v 3.11984992 1.64501995 -6.08209991
v 1.91270995 2.78566998 -5.08250999
v 2.04528999 2.69885987 -5.56962013
v 1.93736994 2.64138001 -5.62267017
v 1.7881 2.73911995 -5.07421017
v 3.89194989 2.42623991 -6.74747992
v 3.89194989 2.44339007 -6.73364019
v 3.89194989 1.62839001 -6.17542982
v 3.89194989 1.66904002 -6.39510012
v 3.89194989 2.51179999 -6.61924982
v 3.89194989 3.10824007 -3.00300002
v 3.89194989 3.09691995 -2.98408008
v 3.89194989 2.47038001 -2.97954988
v 3.89798999 2.38751 -6.7414999
v 3.89194989 1.83670992 -6.53528976
v 3.89798999 3.05852002 -2.97631001
v 3.89194989 3.13291997 -3.13398004
v 3.89194989 3.25555009 2.56673002
v 3.89194989 3.21410006 2.7862401
v 3.47367001 3.21410006 2.7862401
v 3.47367001 3.25555009 2.56673002
v 4.38673019 4.68472022 5.70257998
v 4.44903994 4.65668982 5.81701994
v 4.81128979 4.62075013 5.61099005
v 4.74898005 4.64878005 5.49655008
v 4.45735979 4.64492005 5.83369017
v 4.45258999 4.60698003 5.84418011
v 4.8252902 4.56999987 5.63219976
v 4.81960011 4.60897988 5.6276598
v 5.11117983 4.58652991 5.13972998
v 5.2191 4.55065984 5.20923996
v 5.42824984 4.48841017 4.8523798
v 5.32032013 4.52427977 4.78286982
v 5.23351002 4.53785008 5.21991014
v 5.23127985 4.50024003 5.23225021
v 5.44645977 4.43618983 4.86508989
v 5.44264984 4.47559994 4.86306
v 5.45289993 4.43926018 4.29545021
v 5.57751989 4.39267987 4.30357981
v 5.57751989 4.32080001 3.89151001
v 5.45289993 4.36736983 3.88338995
v 5.59415007 4.37843007 4.30605984
v 5.59506989 4.3408801 4.31873989
v 5.59506989 4.26692981 3.89477992
v 5.59415007 4.3065502 3.89400005
v 5.32032013 4.28234977 3.39597011
v 5.42824984 4.22506016 3.34271002
v 5.2191 4.16281003 2.9858501
v 5.11117983 4.22009009 3.03910995
v 5.44264984 4.20938987 3.33699989
v 5.44645977 4.17162007 3.34842992
v 5.23127985 4.10756987 2.98128009
v 5.23351002 4.1471402 2.98014998
v 4.74898005 4.15784997 2.68229008
v 4.81128979 4.09273022 2.58410001
v 4.44903994 4.05679005 2.37807012
v 4.38673019 4.1219098 2.47625995
v 4.81960011 4.07600993 2.57240009
v 4.8252902 4.03780001 2.58132005
v 4.45258999 4.00081986 2.36934996
v 4.45735979 4.04006976 2.36636996
v 4.40462017 4.02079982 5.84985018
v 4.35031986 3.81779021 5.78980017
v 4.71257019 3.78185004 5.5837698
v 4.76687002 3.98486012 5.64381981
v 4.24575996 3.70927018 5.62487984
v 4.60800982 3.67334002 5.41884995
v 5.04812002 3.72418994 5.25320005
v 4.86701012 3.62881988 5.1637001
v 5.07615995 3.56656998 4.80683994
v 5.25726986 3.66194004 4.89634991
v 5.14216995 3.92035979 5.27409983
v 5.35130978 3.85811013 4.91724014
v 5.38009024 3.58316988 4.44478989
v 5.17095995 3.50576991 4.4582901
v 5.17095995 3.43389004 4.04622984
v 5.38009024 3.51128 4.0327301
v 5.4886899 3.77001017 4.41219997
v 5.4886899 3.69813007 4.00013018
v 5.35130978 3.6100201 3.49509001
v 5.25726986 3.43251008 3.58117008
v 5.04812002 3.37025994 3.22431993
v 5.14216995 3.54776996 3.13823009
v 5.07615995 3.37308997 3.69768
v 4.86702013 3.31084007 3.34083009
v 4.76687002 3.48327988 2.7685101
v 4.71257019 3.31260008 2.89374995
v 4.35032988 3.27665991 2.68772006
v 4.40462017 3.44733995 2.56247997
v 4.60800982 3.26632994 3.08566999
v 4.24575996 3.23039001 2.8796401
v 2.61664009 4.15784997 2.68229008
v 2.55433011 4.09273022 2.58410001
v 2.14650989 4.16281003 2.9858501
v 2.25443006 4.22009009 3.03910995
v 3.47367001 4.09912986 2.34565997
v 3.47367001 4.03114003 2.23101997
v 2.91656995 4.05679005 2.37807012
v 2.97887993 4.1219098 2.47625995
v 2.25443006 4.58652991 5.13972998
v 2.14650989 4.55065984 5.20923996
v 2.55433011 4.62075013 5.61099005
v 2.61664009 4.64878005 5.49655008
v 2.04528999 4.28234977 3.39597011
v 1.93736994 4.22506016 3.34271002
v 1.7881 4.32080001 3.89151001
v 1.91270995 4.36736983 3.88338995
v 3.47367001 4.01403016 2.21711993
v 3.46762991 3.97527999 2.22294998
v 2.91302991 4.00081986 2.36934996
v 2.90826011 4.04006976 2.36636996
v 2.01430011 3.6100201 3.49509001
v 2.10835004 3.43251008 3.58117008
v 1.98553002 3.51128 4.0327301
v 1.87693 3.69813007 4.00013018
v 2.54601002 4.07600993 2.57240009
v 2.54032993 4.03780001 2.58132005
v 2.13433003 4.10756987 2.98128009
v 2.13211012 4.1471402 2.98014998
v 1.92296004 4.20938987 3.33699989
v 1.91914999 4.17162007 3.34842992
v 1.77055001 4.26692981 3.89477992
v 1.77146006 4.3065502 3.89400005
v 1.87693 3.77001017 4.41218996
v 1.98553002 3.58316988 4.44478989
v 2.10835004 3.66194004 4.89634991
v 2.01430011 3.85811013 4.91724014
v 1.77146006 4.37843007 4.30605984
v 1.77055001 4.3408801 4.31873989
v 1.91914999 4.43618983 4.86508989
v 1.92296004 4.47559994 4.86306
v 2.65303993 3.78185004 5.5837698
v 2.59875011 3.98486012 5.64381981
v 2.22343993 3.92035979 5.27409983
v 2.3174901 3.72418994 5.25320005
v 3.47367001 3.83889979 5.91078997
v 3.47367001 4.04439992 5.9851799
v 2.96098995 4.02079982 5.84985018
v 3.01529002 3.81779021 5.78980017
v 2.13211012 4.53785008 5.21991014
v 2.13433003 4.50024003 5.2322402
v 2.54032993 4.56999987 5.63219976
v 2.54601002 4.60897988 5.6276598
v 2.90826011 4.64492005 5.83369017
v 2.91302991 4.60698003 5.84418011
v 3.46762991 4.6325199 5.99057007
v 3.47367001 4.67095011 5.9829402
v 3.01529002 3.27665991 2.68772006
v 2.96098995 3.44733995 2.56247997
v 3.47367001 3.42373008 2.42715001
v 2.3174901 3.37025994 3.22431993
v 2.22343993 3.54776996 3.13823009
v 2.59875011 3.48327988 2.7685101
v 2.65304995 3.31260008 2.89374995
v 3.11984992 3.23039001 2.8796401
v 2.28945994 3.37308997 3.69768
v 2.19464993 3.43389004 4.04622984
v 2.97887993 4.68472022 5.70257998
v 2.91656995 4.65668982 5.81701994
v 3.47367001 4.68233985 5.96406984
v 3.47367001 4.70750016 5.83317995
v 2.19464993 3.50576991 4.4582901
v 2.28945994 3.56656998 4.80683994
v 2.75761008 3.67334002 5.41884995
v 2.49860001 3.62881988 5.16369009
v 2.49860001 3.31084007 3.34082007
v 2.75761008 3.26632994 3.08566999
v 3.47367001 3.7255699 5.71827984
v 3.11984992 3.70927018 5.62487984
v 1.91270995 4.43926018 4.29545021
v 1.7881 4.39267987 4.30357981
v 1.93736994 4.48841017 4.8523798
v 2.04528999 4.52427977 4.78286982
v 3.89194989 4.67095011 5.9829402
v 3.89194989 4.68233985 5.96406984
v 3.89194989 3.7255699 5.71827984
v 3.89194989 3.83889979 5.91078997
v 3.89194989 4.70750016 5.83317995
v 3.89194989 4.01403016 2.21711993
v 3.89194989 4.03114003 2.23101997
v 3.89194989 3.42373008 2.42715001
v 3.89798999 4.6325199 5.99057007
v 3.89194989 4.04439992 5.9851799
v 3.89798999 3.97527999 2.22294998
v 3.89194989 4.09912986 2.34565997
v 6.16473007 3.72805995 1.52082002
v 6.14980984 3.44028991 -0.31858999
v 6.14980984 2.75789994 -4.18859005
v 6.16473007 2.47102994 -5.60812998
v 6.14980984 3.11704987 -2.15175009
v 6.16473007 3.40481991 -0.31233999
v 6.16473007 2.72243994 -4.18234015
v 6.16473007 3.08158988 -2.14549994
v 6.06543016 1.36475998 -3.87102008
v 6.06543016 1.71763009 -1.86979997
v 6.13227987 1.69617003 -1.89140999
v 6.13227987 1.33908993 -3.91650009
v 6.06543016 1.11711997 -5.2754302
v 6.13227987 1.08892995 -5.33522987
v 6.06543016 2.03457993 -0.07227
v 6.13227987 2.01732987 -0.07001
v 6.15556002 1.68117994 -1.89760995
v 6.15556002 1.32264 -3.93101001
v 6.06543016 1.01181 -5.87266016
v 6.13227987 0.98236996 -5.93957996
v 6.15556002 1.07159001 -5.35474014
v 6.06543016 2.35153002 1.72526002
v 6.13227987 2.33848995 1.75138998
v 6.15556002 2.00380987 -0.0679
v 6.16520977 1.65993994 -1.89752996
v 6.16520977 1.30079001 -3.93437004
v 5.92888021 0.92332 -6.37453985
v 5.99410009 0.89281994 -6.44744015
v 6.15556002 0.96459001 -5.96156979
v 6.16520977 1.04938 -5.36015987
v 6.06543016 2.7044 3.72646999
v 6.13227987 2.69556993 3.77647996
v 6.15556002 2.32644004 1.76181996
v 6.16520977 1.98316997 -0.06437
v 6.16520977 1.61753994 -1.89005005
v 6.16520977 1.25839001 -3.92689991
v 5.55581999 0.85854 -6.74193001
v 5.61659002 0.82725996 -6.81922007
v 6.01681995 0.87467998 -6.47150993
v 6.16520977 0.94220001 -5.96801996
v 6.16520977 1.00699002 -5.35269022
v 6.06543016 2.9520399 5.13088989
v 6.13227987 2.94572991 5.19520998
v 6.15556002 2.68498009 3.7952199
v 6.16520977 2.30641001 1.76879001
v 6.16520977 1.9407801 -0.05689
v 6.15029001 1.11487001 -1.80141997
v 6.15029001 0.75571996 -3.83825994
v 6.16520977 0.79117996 -3.84451008
v 6.16520977 1.15033001 -1.80767
v 5.0461998 0.83482999 -6.87641001
v 5.10089016 0.80327004 -6.95529985
v 5.63775015 0.80884999 -6.84482002
v 6.02622986 0.85213 -6.47882986
v 6.16520977 0.89981002 -5.96054983
v 6.16520977 0.53977996 -5.27029991
v 6.15029001 0.50431001 -5.26405001
v 6.06543016 3.05670995 5.72454977
v 6.13227987 3.05208987 5.79838991
v 6.15556002 2.93602008 5.21893978
v 6.16520977 2.66555995 3.80562997
v 6.16520977 2.26401991 1.77626002
v 6.15029001 1.43810004 0.03174
v 6.16520977 1.47356993 0.02549
v 6.11428022 1.10017997 -1.79883003
v 6.11428022 0.74103004 -3.83566999
v 3.63416004 0.83482999 -6.87641001
v 3.66707993 0.80327004 -6.95529985
v 5.1199398 0.78475994 -6.98145008
v 5.64652014 0.78619999 -6.85276985
v 6.02622986 0.80974001 -6.47135019
v 6.15029001 0.39747 -5.86997986
v 6.16520977 0.43259001 -5.87816
v 6.11428022 0.48961997 -5.26145983
v 5.92888021 3.14520997 6.22642994
v 5.99410009 3.14163989 6.3062501
v 6.15556002 3.04295987 5.82542992
v 6.16520023 2.91696995 5.23142004
v 6.16520977 2.62317008 3.81311011
v 6.15029001 1.76134008 1.86489999
v 6.16520977 1.79680008 1.85864997
v 6.11428022 1.42341 0.03433
v 6.11428022 1.10017997 -1.79883003
v 3.68329 1.10017997 -1.79883003
v 3.68329 0.74103004 -3.83566999
v 6.11428022 0.74103004 -3.83566999
v 1.40610003 0.83482999 -6.87641001
v 1.40751004 0.80327004 -6.95529985
v 3.67853999 0.78475994 -6.98146009
v 5.12783003 0.76205999 -6.98964024
v 5.64652014 0.74379998 -6.84529018
v 6.01284981 0.30839998 -6.37511015
v 6.02622986 0.34253001 -6.3889699
v 6.11428022 0.38361001 -5.86272001
v 5.55581999 3.20998996 6.5938201
v 5.61659002 3.20718998 6.67803001
v 6.01680994 3.13287991 6.33538008
v 6.16520023 3.02415007 5.83928013
v 6.16520023 2.87457007 5.23890018
v 6.16520977 2.15595001 3.89548993
v 6.15029001 2.12049001 3.90174007
v 6.11428022 1.74664992 1.86749005
v 6.11428022 1.42341 0.03433
v 3.68329 1.42341 0.03433
v -1.46414995 0.83482999 -6.87641001
v -1.47970998 0.80327004 -6.95529985
v 1.40799999 0.78475994 -6.98146009
v 3.68329 0.76205999 -6.98964024
v 5.12783003 0.71967 -6.98216009
v 5.63880014 0.24344999 -6.74349022
v 5.64652014 0.27658999 -6.76290989
v 5.98055983 0.29694998 -6.35416985
v 5.0461998 3.23369998 6.72830009
v 5.10089016 3.23118991 6.8141098
v 5.63775015 3.19869989 6.70868015
v 6.02621984 3.11422008 6.35009003
v 6.16520023 2.98174995 5.8467598
v 6.16520023 2.40736002 5.32128
v 6.15029001 2.37189001 5.32752991
v 6.11428022 2.10580009 3.90433002
v 6.11428022 1.74664992 1.86749005
v 3.68329 1.74664992 1.86749005
v -4.32354021 0.83482999 -6.87641001
v -4.3633399 0.80327004 -6.95530987
v -1.48512995 0.78475994 -6.98146009
v 1.40820003 0.76205999 -6.98964024
v 3.68329 0.71967 -6.98216009
v 5.12587023 0.21957999 -6.87883997
v 5.12783003 0.25244999 -6.8997798
v 5.6201601 0.23436999 -6.70909977
v 1.40820003 0.48961997 -5.26145983
v 1.40820003 0.21114999 -6.84077978
v 5.12112999 0.21114999 -6.84077978
v 3.68329 0.21114999 -6.84077978
v 3.68329 0.21957999 -6.87883997
v 3.63416004 3.23369998 6.72830009
v 3.66707993 3.23118991 6.8141098
v 5.1199398 3.22278994 6.84532022
v 5.64652014 3.18014997 6.72403002
v 6.02621984 3.07181996 6.35757017
v 6.16520023 2.5145399 5.92914009
v 6.15029001 2.47873992 5.93346024
v 6.11428022 2.3572101 5.33012009
v 6.11428022 2.10580009 3.90433002
v 3.68329 2.10580009 3.90433002
v -4.71591997 0.83482999 -6.87641001
v -4.76779985 0.80327004 -6.95530987
v -4.37720013 0.78475994 -6.98146009
v -1.48738003 0.76205999 -6.98964024
v 1.40820003 0.71967 -6.98216009
v 3.68329 0.25244999 -6.8997798
v 1.40820003 0.21957999 -6.87883997
v 1.40820003 0.21114999 -6.84077978
v -1.48738003 0.48961997 -5.26145983
v -1.48738003 0.21114999 -6.84077978
v 1.40610003 3.23369998 6.72830009
v 1.40750003 3.23118991 6.8141098
v 3.67853999 3.22278994 6.84532022
v 5.12783003 3.20429009 6.86089993
v 5.64652014 3.1377601 6.73150015
v 6.01284981 2.56779999 6.43860006
v 6.02621984 2.60460991 6.43994999
v 6.11428022 2.46322006 5.9313798
v -4.38294983 0.74103004 -3.83566999
v -4.38294983 1.10017997 -1.79883003
v -5.77979994 1.10017997 -1.79883003
v -5.77979994 0.74103004 -3.83566999
v -5.22553015 0.85854 -6.74193001
v -5.28349018 0.82725996 -6.81922007
v -4.78587008 0.78475994 -6.98146009
v -4.38294983 0.76205999 -6.98964024
v -1.48738003 0.71967 -6.98216009
v 1.40820003 0.25244999 -6.8997798
v -1.48738003 0.21114999 -6.84077978
v -1.48738003 0.21957999 -6.87883997
v 1.40610003 3.23369998 6.72830009
v -1.46414995 3.23369998 6.72830009
v -1.47970998 3.23118991 6.8141098
v 1.40750003 3.23118991 6.8141098
v 1.40798998 3.22278994 6.84532022
v 3.68329 3.20429009 6.86089993
v 5.12783003 3.16188997 6.86837006
v 5.63880014 2.63275999 6.80697012
v 5.64652014 2.67054003 6.81388998
v 5.98055983 2.54987997 6.4228301
v -4.38294983 1.42341 0.03433
v -5.77979994 1.42341 0.03433
v -5.81582022 1.11487001 -1.80141997
v -5.81582022 0.75571996 -3.83825994
v -5.77979994 0.74103004 -3.83566999
v -5.77979994 1.10017997 -1.79883003
v -5.59859991 0.92332 -6.37453985
v -5.66100979 0.89281994 -6.44744015
v -5.30367994 0.80884999 -6.84482002
v -4.79335022 0.76205999 -6.98964024
v -4.38294983 0.71967 -6.98216009
v -1.48738003 0.25244999 -6.8997798
v -4.38294983 0.21114999 -6.84078979
v -4.38294983 0.21957999 -6.87883997
v -5.81582022 0.50431001 -5.26405001
v -5.77979994 0.48961997 -5.26145983
v -4.32354021 3.23369998 6.72830009
v -4.3633399 3.23118991 6.8141098
v -1.48512995 3.22278994 6.84532022
v 1.40798998 3.22278994 6.84532022
v 1.40820003 3.20429009 6.86089993
v 3.68329 3.16188997 6.86837006
v 5.12586021 2.65661997 6.94231987
v 5.12783003 2.69467992 6.95075989
v 5.62015009 2.61246008 6.77776003
v 1.40820003 2.6356799 6.90944004
v 1.40820003 2.35720009 5.33012009
v 5.12111998 2.6356799 6.90945005
v 3.68329 2.6356799 6.90945005
v 3.68329 2.65661997 6.94231987
v -4.38294983 1.74664992 1.86749005
v -5.77979994 1.74664992 1.86749005
v -5.77979994 1.42341 0.03433
v -5.81582022 1.43810004 0.03174
v -5.83072996 1.15033001 -1.80767
v -5.83072996 0.79117996 -3.84452009
v -5.73514986 1.01181 -5.87266016
v -5.79919004 0.98236996 -5.93957996
v -5.68274021 0.87467998 -6.47150993
v -5.31203985 0.78619999 -6.85276985
v -4.79335022 0.71967 -6.98216009
v -4.38294983 0.25246 -6.8997798
v -4.78665018 0.21114999 -6.84078979
v -4.79138994 0.21957999 -6.87883997
v -5.77979994 0.3836 -5.86272001
v -5.8158102 0.39747 -5.86997986
v -5.64609003 0.29694998 -6.35416985
v -5.67838001 0.30839998 -6.37512016
v -5.28567982 0.23435998 -6.70909977
v -5.30431986 0.24344999 -6.74349022
v -5.83072996 0.53977996 -5.27030993
v -4.71591997 3.23369998 6.72830009
v -4.76779985 3.23118991 6.8141098
v -4.37721014 3.22278994 6.84532022
v -1.48738003 3.20429009 6.86089993
v 1.40820003 3.20429009 6.86089993
v 1.40820003 3.16188997 6.86837006
v 3.68329 2.69467992 6.95075989
v 1.40820003 2.6356799 6.90944004
v 1.40820003 2.65661997 6.94231987
v -1.48738003 2.6356799 6.90944004
v -1.48738003 2.35720009 5.33012009
v -4.38294983 2.10580009 3.90433002
v -5.77980995 2.10580009 3.90433002
v -5.77979994 1.74664992 1.86749005
v -5.81582022 1.76134008 1.86489999
v -5.83072996 1.47356993 0.02549
v -5.83072996 1.65993994 -1.89752996
v -5.83072996 1.30079001 -3.93437004
v -5.83072996 1.25839001 -3.92689991
v -5.83072996 1.61754996 -1.89005995
v -5.73514986 1.11711997 -5.27544022
v -5.79919004 1.08892995 -5.33523989
v -5.82148981 0.96459001 -5.96156979
v -5.69175005 0.85213 -6.47882986
v -5.31203985 0.74379998 -6.84529018
v -4.79335022 0.25246 -6.8997798
v -5.83072996 0.43259001 -5.87816
v -5.69175005 0.34253001 -6.3889699
v -5.31203985 0.27658999 -6.76290989
v -5.83072996 1.04938 -5.36015987
v -5.83072996 1.00699002 -5.35269022
v -5.22553015 3.20998996 6.5938201
v -5.28350019 3.20718998 6.67803001
v -4.78587008 3.22278994 6.84532022
v -4.38294983 3.20429009 6.86089993
v -1.48738003 3.16188997 6.86837006
v 1.40820003 3.16188997 6.86837006
v 1.40820003 2.69467992 6.95075989
v 1.40820003 2.65661997 6.94231987
v -1.48738003 2.65661997 6.94231987
v -1.48738003 2.6356799 6.90944004
v 1.40820003 2.6356799 6.90944004
v -5.77980995 2.10580009 3.90433002
v -5.81582022 2.12049001 3.90174007
v -5.83072996 1.79680008 1.85864997
v -5.83072996 1.98316997 -0.06437
v -5.83072996 1.9407801 -0.0569
v -5.82148981 1.68117994 -1.89760995
v -5.82148981 1.32264 -3.93101001
v -5.73514986 1.36475998 -3.87102008
v -5.79919004 1.33908993 -3.91650009
v -5.82148981 1.07159001 -5.35474014
v -5.83072996 0.94220001 -5.96801996
v -5.69175005 0.80974001 -6.47136021
v -5.83072996 0.89981002 -5.96054983
v -5.59859991 3.14520997 6.22641993
v -5.66100979 3.14163989 6.3062501
v -5.30367994 3.19869989 6.70868015
v -4.79336023 3.20429009 6.86089993
v -4.38294983 3.16188997 6.86837006
v 1.40820003 2.69467992 6.95075989
v -1.48738003 2.69467992 6.95075989
v -4.38294983 2.6356799 6.90944004
v -4.38294983 2.65661997 6.94231987
v -5.81582022 2.37189001 5.32752991
v -5.77980995 2.35720009 5.33012009
v -5.83072996 2.15595001 3.89548993
v -5.83072996 2.30641001 1.76879001
v -5.83072996 2.26401991 1.77626002
v -5.82148981 2.00380987 -0.0679
v -5.79919004 1.69617003 -1.89140999
v -5.73514986 1.71763009 -1.86980999
v -5.73514986 3.09263009 5.92822981
v -5.79919004 3.088 6.00206995
v -5.68275023 3.13287991 6.33537006
v -5.31204987 3.18014997 6.72403002
v -4.79336023 3.16188997 6.86837006
v -4.38294983 2.69467992 6.95075989
v -4.79138994 2.65662998 6.94231987
v -4.78665018 2.6356799 6.90944004
v -5.28567982 2.61246008 6.77776003
v -5.30431986 2.63275999 6.80697012
v -5.64609003 2.54987997 6.4228301
v -5.67838001 2.56779999 6.43860006
v -5.77980995 2.49913996 6.13505983
v -5.81582022 2.51465005 6.1371398
v -5.83072996 2.40736002 5.32128
v -5.83072996 2.66555995 3.80562997
v -5.83072996 2.62317008 3.81311011
v -5.82148981 2.32644004 1.76181996
v -5.79919004 2.01732987 -0.07001
v -5.73514986 2.03457993 -0.07228
v -5.73514986 2.9520399 5.13088989
v -5.79919004 2.94572991 5.19520998
v -5.82148981 3.07887 6.02910995
v -5.69175005 3.11422008 6.35009003
v -5.31204987 3.1377601 6.73150015
v -4.79336023 2.69467992 6.95075989
v -5.31204987 2.67054003 6.81388998
v -5.69175005 2.60460991 6.43994999
v -5.83072996 2.55045003 6.13282013
v -5.83072996 2.91695994 5.23142004
v -5.83072996 2.87457007 5.23890018
v -5.82148981 2.68498009 3.7952199
v -5.79919004 2.33848995 1.75138998
v -5.73514986 2.35153002 1.72526002
v -5.73514986 2.7044 3.72646999
v -5.79919004 2.69556993 3.77647996
v -5.82148981 2.93602008 5.21893978
v -5.83072996 3.06005996 6.04296017
v -5.69175005 3.07181996 6.35756016
v -5.83072996 3.01767009 6.05043983
v 5.12734985 4.62593001 6.61292982
v 5.12783003 3.37830991 6.83021021
v 5.64652014 3.35417002 6.69333982
v 5.64603996 4.60180014 6.47605991
v 3.68281007 4.62593001 6.61292982
v 3.68329 3.37830991 6.83021021
v -1.48784995 1.23764998 -7.07078981
v -1.48738003 0.94223994 -7.02140999
v -4.79335022 0.93608993 -7.02031994
v -4.79382992 2.18371004 -7.23760986
v -5.31203985 0.96022004 -6.88345003
v -5.31252003 2.20784992 -7.10073996
v -5.69175005 1.02615994 -6.50952005
v -5.69223022 2.27378005 -6.72679996
v -5.83072996 1.11621994 -5.99871016
v -5.83121014 2.36385006 -6.21599007
v -5.31253004 4.60180014 6.47605991
v -5.31204987 3.35417002 6.69333982
v -4.79336023 3.37830991 6.83021021
v -4.79383993 4.62593001 6.61292982
v -5.69223022 4.53586978 6.10211992
v -5.69175005 3.2882399 6.31939983
v -5.83121014 4.48171014 5.79500008
v -5.83072996 3.23409003 6.01227999
v -5.83121014 4.33860987 4.98344994
v -5.83072996 3.09099001 5.20073986
v -5.83121014 4.08720988 3.5576601
v -5.83072996 2.83958 3.77495003
v -5.83121014 3.72805995 1.52082002
v -5.83121014 3.40481991 -0.31233999
v -5.83072996 2.15720004 -0.09506
v -5.83072996 2.48043007 1.73810005
v -1.48785996 3.67987007 6.77974987
v -1.48738003 3.38445991 6.82913017
v 5.64652014 0.96022004 -6.88345003
v 5.12783003 0.93608993 -7.02031994
v 5.12734985 2.18371004 -7.23760986
v 5.64603996 2.20784992 -7.10073996
v -5.83072996 1.22340995 -5.39085007
v -5.83121014 2.47102994 -5.60812998
v 1.40820003 3.37830991 6.83021021
v 1.40771997 4.62593001 6.61292982
v -5.83072996 1.47480994 -3.96506
v -5.83121014 2.72243994 -4.18234015
v 6.16520977 2.83958 3.77495003
v 6.16520977 2.48043007 1.73810005
v 6.16473007 3.72805995 1.52082002
v 6.16473007 4.08720988 3.5576601
v 6.16520977 1.11621994 -5.99871016
v 6.02621984 1.02614993 -6.50951004
v 6.02574015 2.27378005 -6.72679996
v 6.16473007 2.36385006 -6.21599007
v -5.83072996 1.83396 -1.92822003
v -5.83121014 3.08158988 -2.14549994
v 6.16520023 3.09099001 5.20073986
v 6.16472006 4.33860987 4.98344994
v 6.16520023 3.19816989 5.80859995
v 6.16472006 4.44580001 5.59131002
v 6.16473007 3.08158988 -2.14549994
v 6.16520977 1.83396 -1.92821002
v 6.16520977 1.47480994 -3.96506
v 6.16473007 2.72243994 -4.18234015
v 6.16473007 3.40481991 -0.31233999
v 6.16520977 2.15720004 -0.09505
v 6.16520977 1.22340995 -5.39085007
v 6.16473007 2.47102994 -5.60812998
v 6.02574015 4.53586978 6.10211992
v 6.02621984 3.2882399 6.31940985
v 3.68281007 2.18371004 -7.23760986
v 3.68329 0.93608993 -7.02031994
v 1.40820003 0.93608993 -7.02031994
v 1.40771997 2.18371004 -7.23760986
vn 0 0.34614 0.93818
vn 0 0.17362 0.98481
vn 0.19507 0.17029 0.96589
vn -0.18024 0.24381 0.95293
vn -0.16813 0.26595 0.94921
vn -0.05023 0.35502 0.93351
vn -0.09705 0.33593 0.93688
vn -0.13727 0.30552 0.94224
vn 0.00049 0.98498 -0.17268
vn 0.0011 0.98512 -0.17188
vn 0 0.90168 -0.4324
vn 0.20723 0.14292 0.9678
vn -0.18021 0.24382 0.95293
vn 0.10956 -0.01746 0.99383
vn 0.18976 0.06149 0.9799
vn 0 -0.02182 0.99976
vn 0.02728 -0.03427 0.99904
vn 0.00049 -0.98498 0.17268
vn 0.0011 -0.98512 0.17188
vn 0 -0.99496 -0.10031
vn -0.18025 0.09677 0.97885
vn -0.18754 0.12085 0.97479
vn -0.19413 0.17032 0.96608
vn -0.18751 0.21982 0.95735
vn 0.18751 0.12085 0.9748
vn 0.18022 0.09677 0.97885
vn 0.18021 0.24382 0.95293
vn 0.18751 0.21982 0.95735
vn 0.19413 0.17032 0.96608
vn -0.16813 0.07474 0.98293
vn 0.20722 0.19666 0.95832
vn 0.18976 0.27733 0.94185
vn 0.10956 0.35632 0.92792
vn 0.02728 0.37389 0.92707
vn 0 0.36244 0.93201
vn 0 -0.00439 0.99999
vn -0.05023 -0.01431 0.99864
vn -0.13727 0.03513 0.98991
vn -0.09705 0.00476 0.99527
vn 0.05023 0.35502 0.93351
vn 0.18024 0.24381 0.95293
vn 0.16813 0.26595 0.94921
vn 0.09705 0.33593 0.93688
vn 0.13727 0.30552 0.94224
vn -0.18751 0.12085 0.9748
vn -0.0011 0.98512 -0.17188
vn -0.00049 0.98498 -0.17268
vn -0.0011 -0.98512 0.17188
vn -0.00049 -0.98498 0.17268
vn 0 -0.99496 -0.10028
vn -0.84856 -0.44778 0.28185
vn -0.86603 -0.4924 0.08679
vn -0.96593 -0.25487 0.04492
vn -0.94646 -0.21503 0.24079
vn -0.90613 -0.33574 0.25731
vn 0.84856 0.51718 0.1117
vn 0.86603 0.4924 -0.08679
vn 0.96593 0.25487 -0.04492
vn 0.94645 0.28443 0.15271
vn 0.90613 0.40351 0.12696
vn 0.90614 0.40349 0.12693
vn 0.94646 -0.21503 0.24079
vn 0.96593 -0.25487 0.04492
vn 0.86603 -0.4924 0.08679
vn 0.84856 -0.44778 0.28185
vn 0.90613 -0.33574 0.25731
vn -0.94645 0.28443 0.15271
vn -0.96593 0.25487 -0.04492
vn -0.86603 0.4924 -0.08679
vn -0.84856 0.51718 0.1117
vn -0.90614 0.40349 0.12693
vn 0.90613 -0.33573 0.2573
vn -0.90613 0.40349 0.12696
vn -0.02728 -0.0343 0.99904
vn -0.19507 0.17029 0.96589
vn -0.21092 0.12256 0.96979
vn -0.17441 0.04871 0.98347
vn -0.10956 -0.01746 0.99383
vn 0 0.36242 0.93202
vn -0.02725 0.37389 0.92707
vn -0.10956 0.35632 0.92792
vn -0.18976 0.27733 0.94185
vn -0.20722 0.19666 0.95832
vn 0 0 -1
vn -0.65139 -0.75488 0.07645
vn -0.72591 -0.61295 -0.312
vn -0.81359 -0.50644 0.28566
vn 0 0.23683 0.97155
vn -0.01764 0.23951 0.97073
vn 0 0.23631 0.97168
vn -0.91306 -0.05222 0.40447
vn -0.87859 -0.26332 0.39843
vn -0.86749 -0.09864 0.48758
vn -0.1081 0.24125 0.96442
vn -0.10324 0.239 0.96552
vn 0.91182 -0.1464 0.3836
vn 0.86749 -0.09864 0.48758
vn 0.91158 -0.07175 0.40481
vn 0.84506 0.08386 0.52805
vn 0.85189 0.09491 0.51505
vn -0.90855 -0.31269 0.27705
vn -0.89784 -0.33123 0.29012
vn -0.84506 0.08386 0.52805
vn -0.96694 -0.11417 0.22801
vn -0.09458 0.24379 0.96521
vn -0.08756 0.25817 0.96212
vn -0.07651 0.26641 0.96082
vn -0.0611 0.27459 0.95962
vn -0.03552 0.28492 0.95789
vn -0.01312 0.28925 0.95716
vn -0.11615 0.23668 0.96462
vn 0.01312 0.28925 0.95716
vn 0.03552 0.28492 0.95789
vn 0.0611 0.27459 0.95962
vn 0.07651 0.26641 0.96082
vn 0.08756 0.25817 0.96212
vn 0.09458 0.24379 0.96521
vn 0.10324 0.23903 0.96551
vn 0.1081 0.24125 0.96442
vn 0.11615 0.23668 0.96462
vn -0.85189 0.09491 0.51505
vn 0.89784 -0.33123 0.29012
vn 0.96694 -0.11417 0.22801
vn 0.91306 -0.05222 0.40447
vn 0.87859 -0.26332 0.39843
vn 0.72591 -0.61295 -0.312
vn 0.81359 -0.50644 0.28566
vn 0.90855 -0.31269 0.27705
vn -0.91182 -0.1464 0.3836
vn -0.91158 -0.07175 0.40481
vn 0.01764 0.23951 0.97073
vn 0.65139 -0.75488 0.07648
vn -0.6514 0.73551 -0.18628
vn -0.81357 0.57361 0.09522
vn -0.72591 0.46927 -0.50284
vn 0 0.10971 0.99396
vn 0 0.11023 0.99391
vn -0.01764 0.10694 0.99411
vn -0.91307 0.18741 0.3622
vn -0.86749 0.25945 0.42444
vn -0.87858 0.38372 0.28434
vn -0.10807 0.10312 0.98878
vn -0.10321 0.10559 0.98904
vn 0.91182 0.26879 0.31038
vn 0.91158 0.20588 0.35586
vn 0.86749 0.25945 0.42444
vn 0.84505 0.10178 0.5249
vn 0.85189 0.08695 0.51645
vn -0.90855 0.38859 0.15339
vn -0.89784 0.41048 0.15934
vn -0.84505 0.10178 0.5249
vn -0.96694 0.18525 0.17521
vn -0.09458 0.10102 0.99038
vn -0.08756 0.08646 0.9924
vn -0.07651 0.07825 0.99399
vn -0.0611 0.07016 0.99566
vn -0.03552 0.05985 0.99758
vn -0.01312 0.05554 0.99837
vn -0.11615 0.10749 0.9874
vn 0.01312 0.05554 0.99837
vn 0.03552 0.05985 0.99758
vn 0.0611 0.07016 0.99566
vn 0.07651 0.07825 0.99399
vn 0.08756 0.08646 0.9924
vn 0.09458 0.10102 0.99038
vn 0.10321 0.10559 0.98904
vn 0.1081 0.10312 0.98878
vn 0.11615 0.10749 0.9874
vn -0.85189 0.08695 0.51645
vn 0.89784 0.41048 0.15934
vn 0.91307 0.18741 0.3622
vn 0.96694 0.18525 0.17521
vn 0.87858 0.38372 0.28434
vn 0.72591 0.46927 -0.50284
vn 0.90855 0.38859 0.15339
vn 0.81357 0.57361 0.09522
vn -0.91182 0.26879 0.31038
vn -0.91158 0.20588 0.35586
vn 0.01764 0.10694 0.99411
vn 0.6514 0.73551 -0.18632
vn 0.05023 -0.01431 0.99864
vn 0.16813 0.07474 0.98293
vn 0.09705 0.00476 0.99527
vn 0.13727 0.03513 0.98991
vn 0.20723 -0.14292 -0.9678
vn 0.19507 -0.17029 -0.96589
vn 0 -0.17362 -0.98481
vn 0 0.02179 -0.99976
vn 0.02725 0.03424 -0.99904
vn 0.10956 0.01746 -0.99383
vn 0.18976 -0.06153 -0.9799
vn 0 -0.36242 -0.93202
vn 0.20722 -0.19666 -0.95832
vn 0.18976 -0.27733 -0.94185
vn 0.10956 -0.3563 -0.92793
vn 0.02725 -0.37389 -0.92707
vn -0.02728 0.03427 -0.99904
vn -0.19504 -0.17029 -0.9659
vn -0.20723 -0.14292 -0.9678
vn -0.18976 -0.06149 -0.9799
vn -0.10956 0.01746 -0.99383
vn -0.19507 -0.17029 -0.96589
vn -0.02728 -0.37389 -0.92707
vn -0.10956 -0.35632 -0.92792
vn -0.17442 -0.29058 -0.94082
vn -0.21094 -0.2165 -0.95322
vn -0.00281 0.98513 -0.17179
vn -0.00101 0.99974 0.02271
vn -0.00049 0.99974 0.02277
vn 0.00049 -0.93237 0.3615
vn 0.00101 -0.93235 0.36155
vn 0.00281 -0.98513 0.17179
vn -0.00281 -0.98513 0.17179
vn -0.00101 -0.93235 0.36156
vn -0.00049 -0.93237 0.3615
vn 0.00049 0.99974 0.02277
vn 0.00101 0.99974 0.02271
vn 0.00281 0.98513 -0.17179
vn -0.00034 0.98621 -0.1655
vn -0.00247 0.98566 -0.16874
vn -0.00623 0.98524 -0.17109
vn 0.00626 0.98524 -0.17109
vn 0.00247 0.98566 -0.16874
vn 0.00034 0.98621 -0.1655
vn 0.00623 -0.98523 0.17112
vn 0.00247 -0.98566 0.16874
vn 0.00034 -0.98621 0.1655
vn -0.00034 -0.98621 0.1655
vn -0.00247 -0.98566 0.16874
vn -0.00626 -0.98524 0.17109
vn 0.65437 0.55802 0.51031
vn 0.99418 0.10752 0.00711
vn 0.99158 0.12552 -0.03189
vn 0.65895 0.63905 0.39675
vn -0.99758 -0.06262 0.03012
vn -0.68201 -0.45958 -0.5689
vn -0.62986 0.2325 -0.7411
vn -0.89339 0.41421 -0.17402
vn -0.67375 -0.54691 -0.49694
vn -0.99709 -0.06925 0.03189
vn -0.99501 -0.06986 0.07117
vn -0.67878 -0.62418 -0.38686
vn 0.56422 0.70298 0.43298
vn 0.84477 0.51486 -0.14585
vn 0.99453 0.10083 0.02734
vn 0.6545 0.46753 0.59418
vn 0.74909 -0.42107 -0.51144
vn 0.05551 -0.69216 -0.7196
vn 0.05499 -0.79442 -0.60487
vn 0.74946 -0.4808 -0.45513
vn 0.61887 0.27846 -0.73448
vn 0.04065 -0.50411 -0.86268
vn 0.04669 -0.57669 -0.81563
vn 0.74661 -0.34261 -0.57025
vn -0.72359 0.43875 0.53284
vn -0.04584 0.68964 0.7227
vn -0.03409 0.79625 0.60401
vn -0.71503 0.51211 0.47589
vn 0.72722 -0.53878 -0.42529
vn 0.03623 -0.87341 -0.48563
vn 0.01224 -0.94782 -0.31858
vn 0.72605 -0.60046 -0.33512
vn -0.6583 0.62232 0.42352
vn -0.05832 0.76378 0.64283
vn -0.04413 0.56671 0.82273
vn -0.71907 0.35531 0.59724
vn -0.66207 -0.74938 0.009
vn -0.97286 -0.06177 0.223
vn -0.91982 -0.08975 0.38195
vn -0.64596 -0.75746 0.09482
vn -0.68175 -0.68584 -0.25466
vn -0.98802 -0.0792 0.13248
vn -0.98517 -0.0282 0.16926
vn -0.7045 -0.7016 -0.10691
vn 0.67468 0.69061 0.26049
vn 0.98695 0.11658 -0.11109
vn 0.98341 0.11066 -0.14371
vn 0.66986 0.73175 0.1258
vn -0.69877 0.56689 0.4363
vn -0.00928 0.87519 0.48369
vn -0.01465 0.94561 0.32497
vn -0.69319 0.6348 0.34136
vn -0.20268 0.40218 0.89285
vn 0.31661 0.80779 0.49723
vn 0.22581 0.78089 0.58243
vn -0.25414 0.41293 0.87459
vn 0.68699 0.72651 -0.01514
vn 0.97122 0.06287 -0.22975
vn 0.91398 0.07395 -0.39897
vn 0.67075 0.73126 -0.12391
vn -0.68577 0.66111 0.3044
vn 0.01242 0.97863 0.20524
vn 0.04083 0.97523 0.21741
vn -0.63315 0.6409 0.43401
vn 0.70783 -0.63476 -0.30993
vn 0.04666 -0.976 -0.21271
vn 0.01077 -0.96704 -0.25441
vn 0.64347 -0.61768 -0.45212
vn 0.83328 0.08148 -0.54682
vn 0.61524 -0.55469 -0.56019
vn 0.54693 -0.67297 -0.49798
vn 0.81607 0.14261 -0.56009
vn 0.19431 -0.97523 -0.10569
vn 0.07294 -0.99521 0.06513
vn 0.06177 -0.28593 0.95626
vn -0.4894 -0.1948 0.85002
vn -0.26583 -0.80835 0.52527
vn -0.3481 -0.75862 0.55075
vn 0.7314 0.66605 -0.1464
vn 0.68705 0.7266 0.0032
vn -0.88306 -0.09598 0.45935
vn 0.64997 0.25151 -0.71714
vn 0.71528 -0.15143 -0.68223
vn 0.00583 -0.23775 -0.97131
vn 0.01071 0.20014 -0.97971
vn 0.90893 0.40826 -0.08472
vn 0.99962 0.02319 0.01508
vn 0.63318 0.5628 0.53137
vn 0.69432 0.18445 0.69563
vn -0.00913 0.60865 0.79339
vn -0.00583 0.23756 0.97135
vn -0.65733 0.5178 0.54755
vn -0.70255 0.15009 0.69562
vn -0.93288 0.35518 -0.05982
vn -0.99955 -0.02594 0.01508
vn -0.66423 0.22457 -0.713
vn -0.70697 -0.18644 -0.68222
vn 0.7773 0.10208 -0.62079
vn 0.61167 0.74357 -0.27013
vn -0.57819 -0.76564 0.28194
vn -0.04492 -0.96794 -0.24711
vn -0.46658 0.62207 0.62875
vn -0.75407 -0.09781 0.64947
vn 0.51086 -0.60068 -0.61499
vn 0.10672 0.96453 0.24144
vn 0.53639 0.77686 -0.32981
vn 0.06284 0.96813 0.24244
vn 0.46209 -0.57965 -0.67117
vn 0.6959 0.13596 -0.70515
vn -0.44323 0.58975 0.67508
vn -0.67929 -0.13428 0.72148
vn -0.50954 -0.78849 0.34446
vn -0.0311 -0.97005 -0.24091
vn -0.44525 0.57848 0.68346
vn -0.63279 -0.15956 0.75771
vn 0.61161 0.18758 -0.7686
vn 0.44095 0.81423 -0.37762
vn 0.00262 0.97526 0.22105
vn 0.43758 -0.53805 -0.72043
vn -0.43301 -0.82346 0.36663
vn 0.02231 -0.9646 -0.26276
vn -0.48145 -0.22829 0.84622
vn -0.26671 -0.87535 0.40328
vn 0.09369 -0.95457 -0.28288
vn 0.37636 -0.49271 -0.7846
vn -0.37856 0.54641 0.74708
vn 0.46634 0.24501 -0.85
vn 0.30263 0.85024 -0.43072
vn -0.04376 0.97487 0.21845
vn -0.02521 0.50579 0.86229
vn -0.04859 0.96717 0.24943
vn -0.01395 0.9742 0.22524
vn -0.00684 0.54772 0.83663
vn 0.03018 -0.87883 0.47619
vn 0.00876 -0.28398 0.95879
vn 0.00195 -0.2849 0.95856
vn 0.00497 -0.89024 0.45547
vn 0.0322 -0.96664 -0.25411
vn 0.00595 -0.97357 -0.22832
vn 0.10309 -0.43292 -0.89552
vn 0.09259 -0.93953 -0.32973
vn 0.07297 -0.95681 -0.28142
vn 0.02478 -0.47165 -0.88144
vn -0.04251 0.87256 -0.48666
vn -0.01395 0.27001 -0.96276
vn -0.00046 0.277 -0.96087
vn -0.01102 0.88751 -0.46065
vn 0.10996 -0.94093 -0.32024
vn 0.25764 -0.44756 -0.85634
vn 0.27436 0.30375 -0.91239
vn 0.13956 0.88174 -0.45062
vn 0.07654 0.97363 0.21492
vn 0.06925 0.89037 -0.44994
vn 0.32183 0.82399 -0.46633
vn 0.35396 0.90809 0.2238
vn -0.10599 -0.90392 0.41436
vn -0.07971 0.96308 0.25715
vn -0.25968 0.48837 0.8331
vn -0.27134 -0.30708 0.91218
vn 0.01651 -0.509 -0.86061
vn 0.00641 -0.54989 -0.83521
vn -0.13715 0.4808 0.86604
vn -0.07419 -0.31029 0.94774
vn -0.1099 0.96165 0.25129
vn 0.0611 0.31441 -0.94732
vn 0.02615 -0.89787 0.43948
vn -0.02313 0.87736 -0.47927
vn -0.03116 -0.31798 0.94759
vn 0.04367 0.55294 0.83208
vn 0.19785 0.48181 0.85365
vn -0.14609 -0.33437 0.93105
vn -0.08701 -0.97445 -0.20705
vn -0.08112 -0.89937 0.42959
vn -0.37307 -0.8283 0.41802
vn -0.40254 -0.89326 -0.20011
vn -0.09491 0.86688 -0.4894
vn -0.10382 0.9582 0.26658
vn 0.0192 -0.29573 0.95508
vn 0.07221 -0.87733 0.47442
vn 0.01791 0.25483 -0.96682
vn 0.07651 0.18699 -0.97938
vn -0.05249 -0.58999 -0.8057
vn -0.24694 -0.56674 -0.78602
vn -0.04331 0.28389 -0.95788
vn 0.37713 0.35366 0.85598
vn -0.25637 -0.23906 0.93655
vn 0.82228 0.30339 -0.48147
vn 0.19053 0.07556 -0.97877
vn 0.19407 -0.01492 -0.98087
vn 0.87642 -0.07498 -0.47567
vn -0.56518 -0.20867 -0.79814
vn -0.61099 0.04709 -0.79024
vn -0.91644 -0.34206 -0.20769
vn -0.97594 0.07614 -0.20432
vn -0.84738 -0.31179 0.42981
vn -0.32865 -0.11481 0.93745
vn -0.36262 0.03241 0.93137
vn -0.90316 0.07419 0.42284
vn 0.62501 0.61912 -0.47546
vn 0.69023 0.68592 0.23042
vn 0.4808 0.17536 0.85912
vn 0.9143 0.33016 0.23461
vn 0.96875 -0.09009 0.23109
vn 0.50671 -0.0477 0.86079
vn -0.67951 -0.59672 0.42684
vn -0.73626 -0.64457 -0.20604
vn 0.15381 0.13886 -0.97829
vn -0.4473 -0.40903 -0.79537
vn 0.44546 -0.2593 0.85693
vn -0.30443 0.16675 0.93783
vn 0.52955 -0.70552 -0.47098
vn 0.1344 -0.16318 -0.9774
vn 0.08063 -0.22993 -0.96986
vn 0.28035 -0.84927 -0.44738
vn 0.31624 -0.41193 0.85458
vn 0.5759 -0.78384 0.23223
vn 0.29805 -0.9288 0.2202
vn 0.17722 -0.51763 0.83705
vn -0.7874 0.44305 0.42861
vn -0.85334 0.47787 -0.20844
vn 0.76587 -0.43102 -0.47714
vn 0.84458 -0.48152 0.23414
vn -0.58295 0.69066 0.42798
vn -0.21526 0.2723 0.93783
vn -0.12278 0.3088 0.94317
vn -0.34694 0.83676 0.42364
vn -0.38366 0.46298 -0.79903
vn -0.22553 0.55398 -0.8014
vn -0.63627 0.74254 -0.20928
vn -0.37987 0.90122 -0.20856
vn -0.15897 0.89164 0.42391
vn -0.04975 0.31548 0.94763
vn -0.01245 0.30074 0.95363
vn -0.03845 0.90199 0.43005
vn 0.03854 -0.26189 -0.96433
vn -0.09915 0.58426 -0.80549
vn -0.0242 0.58062 -0.81382
vn 0.0083 -0.27885 -0.9603
vn -0.17685 0.96164 -0.20969
vn -0.04297 0.97587 -0.21406
vn 0.1135 -0.89239 -0.43676
vn 0.02582 -0.89983 -0.43548
vn 0.07526 -0.55813 0.82633
vn 0.11844 -0.96948 0.21468
vn 0.02676 -0.97657 0.21351
vn 0.01672 -0.57025 0.8213
vn -0.52783 0.2896 -0.79845
vn 0.13681 0.86171 0.48861
vn 0.04321 0.28112 0.9587
vn -0.01694 0.3174 0.94814
vn 0.23567 0.85677 0.4587
vn 0.08991 0.51578 -0.85199
vn 0.15574 0.95593 -0.24889
vn 0.34682 0.89466 -0.28159
vn 0.26342 0.44095 -0.85801
vn -0.03061 -0.22379 -0.97416
vn 0.04068 -0.25443 -0.96623
vn -0.08243 -0.48083 0.87293
vn -0.16156 -0.95296 0.25645
vn -0.33544 -0.91531 0.22289
vn -0.26177 -0.44076 0.85861
vn 0.17978 -0.1059 -0.97799
vn -0.02362 -0.88729 -0.46061
vn -0.00778 -0.27913 -0.96022
vn -0.01025 -0.25095 -0.96794
vn -0.03922 -0.86836 -0.49438
vn 0.00897 0.5488 -0.8359
vn 0.01621 0.9734 -0.22855
vn 0.03861 0.96959 -0.24166
vn 0.02246 0.52855 -0.8486
vn 0.00415 0.27248 0.96215
vn -0.0144 -0.55424 0.83223
vn -0.02429 -0.51757 0.8553
vn 0.00864 0.27138 0.96243
vn -0.13887 -0.84429 -0.51758
vn -0.20655 -0.82335 -0.52862
vn -0.02655 -0.97427 0.2238
vn -0.04495 -0.96944 0.24119
vn 0.01535 0.88713 0.46127
vn 0.03305 0.87409 0.48464
vn -0.51445 -0.83102 0.21152
vn -0.51821 -0.28516 0.80631
vn -0.19581 0.43932 0.87673
vn 0.23464 -0.37353 -0.89745
vn -0.19196 -0.84214 -0.50393
vn 0.2516 0.87346 0.41686
vn 0.556 0.78241 -0.28053
vn 0.53599 0.26845 -0.80041
vn 0.72922 0.66562 -0.1587
vn 0.80799 0.08209 -0.58345
vn -0.66798 -0.74122 0.06632
vn -0.80751 -0.11167 0.57919
vn -0.40923 0.59326 0.69324
vn 0.46783 -0.53092 -0.70658
vn -0.12705 -0.87892 -0.45974
vn 0.22666 0.89817 0.37672
vn -0.94195 -0.00797 0.33565
vn -0.57943 0.64875 0.49334
vn -0.0661 -0.93907 -0.3373
vn 0.64511 -0.66779 -0.37133
vn 0.62134 -0.78166 -0.05426
vn -0.06589 -0.99172 0.11026
vn -0.9729 0.01544 0.23069
vn -0.74409 -0.66226 -0.08798
vn -0.61707 -0.70555 0.34847
vn -0.98543 0.00726 0.1699
vn 0.13648 0.92381 0.35769
vn 0.77155 0.63617 0.00247
vn -0.09461 -0.92263 -0.37389
vn -0.74176 -0.67014 -0.02664
vn 0.11145 0.91908 0.37798
vn -0.60869 0.67067 0.42392
vn -0.51636 0.38567 0.76461
vn 0.07398 0.62515 0.77699
vn 0.98309 -0.02829 -0.18094
vn 0.98658 -0.08185 0.1413
vn 0.77047 0.62479 0.12653
vn 0.68168 0.45748 0.57099
vn 0.59054 -0.63769 -0.49459
vn 0.93963 -0.01001 -0.34203
vn -0.16556 -0.052 0.98483
vn 0.12131 0.57327 0.81034
vn 0.97546 -0.17522 0.13334
vn 0.71121 -0.70285 -0.01337
vn 0.07794 -0.99046 0.11368
vn -0.50921 -0.75877 0.40618
vn 0.76921 0.36556 0.5241
vn -0.27718 -0.2918 0.91544
vn -0.27909 -0.31672 0.90653
vn 0.68373 -0.62522 -0.3763
vn -0.06595 -0.87358 -0.4822
vn 0.05194 0.86177 0.50463
vn 0.71674 0.61197 0.33433
vn -0.65699 0.69462 0.29305
vn -0.63237 0.65361 0.41583
vn 0.99947 -0.00131 -0.03262
vn -0.77748 -0.56458 -0.27709
vn -0.99702 0.05039 0.05838
vn -0.99199 0.07746 0.0998
vn -0.78858 -0.42947 -0.44012
vn -0.98852 0.04413 0.14451
vn -0.61279 0.47601 0.6308
vn 0.66935 -0.44095 -0.59794
vn -0.08435 -0.64108 -0.76282
vn 0.07154 0.63935 0.76558
vn 0.72529 0.4736 0.49966
vn 0.99742 0.02911 -0.06561
vn -0.10129 -0.40142 -0.91028
vn -0.78642 -0.30056 -0.53964
vn 0.75424 0.30248 0.58278
vn 0.99478 0.03336 -0.09644
vn -0.9878 -0.01947 0.15448
vn -0.6102 0.26316 0.74726
vn 0.64195 -0.261 -0.72096
vn 0.09561 0.39062 0.91557
vn -0.6094 0.17383 0.77357
vn 0.10834 0.28804 0.95147
vn 0.99368 0.02936 -0.10837
vn 0.63291 -0.19542 -0.74916
vn -0.10538 -0.3134 -0.94376
vn -0.78288 -0.25514 -0.56745
vn 0.76921 0.22939 0.59641
vn -0.98728 -0.051 0.15061
vn 0.01096 0.97535 -0.2204
vn 0.01068 0.89726 0.44137
vn 0.00632 0.5671 -0.82362
vn -0.01602 -0.89774 -0.44023
vn -0.00504 -0.28513 -0.95847
vn -0.01813 -0.97646 0.21492
vn 0.0033 0.28563 0.95834
vn -0.00986 -0.5701 0.82152
vn -0.0557 0.47337 0.8791
vn -0.03705 0.69905 -0.71412
vn 0 -0.98481 0.17362
vn 0 -0.93001 0.36754
vn 0 -0.93002 0.36751
vn 0 -0.56469 0.8253
vn 0 -0.56467 0.82531
vn 0 -0.01648 0.99986
vn 0 0.99963 0.02725
vn 0 0.98481 -0.17362
vn 0 0.81293 0.58236
vn 0 0.35747 0.93392
vn 0.65329 -0.14368 0.74335
vn 0.66474 -0.04941 0.74544
vn 0.97984 0.03467 0.19675
vn 0.68821 0.12598 0.71449
vn 0.66476 0.30138 0.68356
vn 0.65329 0.38926 0.64938
vn -0.69285 -0.64762 0.3171
vn -0.59602 -0.21288 0.77424
vn -0.48664 -0.35326 0.79899
vn -0.48992 -0.80098 0.34411
vn -0.3441 -0.46095 0.818
vn 0 0.99965 0.02661
vn 0.25358 0.96677 0.03241
vn 0.17811 0.78064 0.59906
vn 0 0.80375 0.59497
vn -0.65329 0.38926 0.64938
vn -0.66475 0.30138 0.68358
vn -0.97984 0.03467 0.19675
vn -0.68821 0.12598 0.71449
vn -0.66474 -0.04941 0.74544
vn -0.65329 -0.14368 0.74335
vn -0.48991 0.87037 0.04941
vn -0.25359 0.96677 0.03241
vn -0.17811 0.78064 0.59906
vn -0.34411 0.71293 0.611
vn -0.65327 0.38927 0.64939
vn -0.59601 0.46484 0.65475
vn -0.48663 0.60522 0.63
vn -0.69285 0.71702 0.07645
vn -0.59601 0.46487 0.65472
vn 0.59602 -0.21288 0.77424
vn 0.48992 -0.80098 0.34411
vn 0.25358 -0.89738 0.36111
vn 0.17811 -0.52867 0.82993
vn 0.3441 -0.46095 0.818
vn -0.66476 -0.04941 0.74542
vn 0 0.80372 0.59501
vn -0.25358 0.96677 0.03241
vn 0.66475 0.30138 0.68358
vn 0.31138 -0.67358 -0.67032
vn 0.56859 -0.44209 -0.69373
vn 0.82305 -0.53196 -0.19905
vn 0.48038 -0.8638 -0.15196
vn 0.26075 -0.30073 -0.91737
vn 0.3518 -0.19823 -0.91485
vn 0.69938 -0.20787 -0.68385
vn 0.37575 -0.16089 -0.91265
vn 0.23552 -0.1844 -0.95422
vn 0.25164 -0.16804 -0.95312
vn 0.03388 0.12986 -0.99095
vn 0.13507 0.07083 -0.9883
vn 0.08133 -0.02399 -0.9964
vn 0.0173 0.02029 -0.99964
vn 0 0.14185 -0.98989
vn 0 0.52449 -0.85141
vn 0.08078 0.50924 -0.85683
vn 0 0.52451 -0.8514
vn 0.08036 -0.76912 -0.63403
vn 0.13361 -0.98446 -0.11393
vn 0.13428 -0.40295 -0.90532
vn 0.16614 -0.24953 -0.95401
vn 0 0.03143 -0.99951
vn 0 0.14188 -0.98988
vn 0 -0.78133 -0.62412
vn 0.03363 -0.45848 -0.88807
vn 0.08087 -0.31706 -0.94495
vn 0 -0.985 0.17258
vn 0 -0.46917 -0.88311
vn 0.01721 -0.35915 -0.93312
vn -0.08127 0.51056 -0.85599
vn -0.1333 0.88763 -0.44085
vn 0 -0.36944 -0.92925
vn -0.0343 0.13068 -0.99083
vn -0.3153 0.40998 -0.85586
vn -0.48055 0.76204 -0.43401
vn 0 -0.78134 -0.62411
vn -0.01776 0.0206 -0.99963
vn -0.13736 0.07355 -0.98779
vn -0.57666 0.184 -0.79599
vn -0.82438 0.43414 -0.36321
vn -0.13315 -0.98466 -0.11277
vn -0.08087 -0.77006 -0.63282
vn 0 -0.46915 -0.88312
vn -0.0831 -0.02246 -0.99629
vn -0.26847 -0.02719 -0.9629
vn -0.71008 -0.03485 -0.70325
vn -0.96021 0.09571 -0.26237
vn -0.1305 -0.97657 0.17109
vn -0.31423 -0.67619 -0.66636
vn -0.48016 -0.86446 -0.14884
vn -0.03403 -0.45919 -0.88768
vn -0.17188 -0.08954 -0.98104
vn -0.36379 -0.12468 -0.9231
vn -0.74084 -0.11661 -0.66148
vn -0.97625 -0.0376 -0.21335
vn -0.53181 -0.48679 -0.69298
vn -0.78413 -0.59039 -0.19126
vn -0.13654 -0.40527 -0.90394
vn -0.01767 -0.35943 -0.933
vn -0.24506 -0.15232 -0.95747
vn -0.38927 -0.15995 -0.90713
vn -0.97624 -0.0376 -0.21339
vn -1 -3E-05 -0.00018
vn -0.99144 0.1286 -0.02271
vn -0.69158 -0.2559 -0.67544
vn -0.94226 -0.25969 -0.21147
vn -0.24021 -0.32244 -0.91561
vn -0.08261 -0.31843 -0.94434
vn -0.26192 -0.16758 -0.95043
vn -0.74082 -0.11661 -0.6615
vn -0.97624 -0.03763 -0.21342
vn -0.35058 -0.21772 -0.91087
vn -0.15348 -0.26631 -0.95159
vn -0.97624 -0.03763 -0.21339
vn -0.23426 -0.19416 -0.95259
vn -0.38924 -0.15995 -0.90714
vn -0.26189 -0.16758 -0.95044
vn -0.97814 -0.20484 0.03571
vn 0.13053 -0.97656 0.17116
vn 0 -0.98557 0.16926
vn 1 3E-05 0.00018
vn 0.97439 -0.03903 -0.22145
vn 0 0.985 -0.17258
vn 0.99144 0.12867 -0.02234
vn 0.95845 0.09394 -0.26936
vn -0.86594 0.49261 -0.08649
vn -0.4999 0.85307 -0.14957
vn 0 0.98557 -0.16926
vn -0.50006 -0.85301 0.14936
vn -0.1305 0.97656 -0.17116
vn 0.5001 -0.85296 0.14955
vn 0.99146 -0.12842 0.02268
vn 0.8661 -0.49233 0.08643
vn 0.95832 -0.18061 -0.22135
vn -0.82407 -0.55801 0.0976
vn 0.13053 0.97657 -0.17109
vn 0.13376 0.88705 -0.44187
vn 0.72883 -0.11887 -0.6743
vn 0.6998 -0.03827 -0.71332
vn 0.82343 0.43193 -0.36796
vn 0.86596 0.49264 -0.08615
vn 0.35207 -0.12644 -0.92739
vn 0.56964 0.17927 -0.8021
vn 0.48077 0.76033 -0.43676
vn 0.49994 0.85308 -0.1494
vn 0.72884 -0.11887 -0.67428
vn 0.23558 -0.15293 -0.95975
vn 0.2616 -0.0304 -0.9647
vn 0.31246 0.40612 -0.85874
vn 0.16663 -0.09128 -0.98179
vn -0.70711 0.69637 -0.12278
vn -1 0 0
vn 0.48991 0.87037 0.04941
vn 0.25881 0.95125 -0.16773
vn 0.5 0.85287 -0.15037
vn -0.25881 -0.95125 0.16773
vn -0.25358 -0.89738 0.36111
vn 0 -0.93026 0.3669
vn 0.25881 -0.95125 0.16773
vn 1 0 0
vn 0.69285 0.71702 0.07645
vn 0.70711 0.69637 -0.12278
vn 0.5 -0.85287 0.15037
vn 0.48992 -0.80097 0.34413
vn 0.69285 -0.64762 0.3171
vn 0.70711 -0.69637 0.12278
vn 0.25358 -0.89737 0.36113
vn 0.69286 -0.64762 0.31707
vn -0.5 -0.85287 0.15037
vn -0.70711 -0.69637 0.12278
vn -0.5 0.85287 -0.15037
vn -0.25881 0.95125 -0.16773
vn -0.48992 -0.80097 0.34413
vn -0.48664 0.60523 0.62998
vn 0.34411 0.71293 0.611
vn 0.48664 0.60523 0.62998
vn 0.596 0.46486 0.65474
vn -0.17811 -0.52865 0.82994
vn 0 -0.55176 0.83401
vn -0.48664 -0.35323 0.799
vn 0.48664 -0.35326 0.79899
vn 0.66476 -0.04941 0.74542
vn 0.59601 0.46484 0.65475
vn 0.65327 0.38927 0.64939
vn 0.48663 0.60522 0.63
vn -0.59598 -0.21287 0.77427
vn -0.13044 0.1793 0.97511
vn 0 0.18085 0.98351
vn -0.13059 0.1793 0.97509
vn 0.99137 0.02371 0.12894
vn 0.99152 0.02347 0.12778
vn 0.99137 0.02182 0.12928
vn 0.99152 0.02161 0.12812
vn 0 0.16648 0.98604
vn -0.13044 0.16504 0.97762
vn -0.13059 0.16505 0.9776
vn 0.13044 0.16504 0.97762
vn 0.13059 0.16505 0.9776
vn -0.99137 0.02371 0.12894
vn -0.99152 0.02347 0.12778
vn -0.99137 0.02182 0.12928
vn -0.99152 0.02161 0.12812
vn 0.13044 0.1793 0.97511
vn 0.13059 0.1793 0.97509
vn 0.50051 0.14411 0.85365
vn 0.49949 0.1442 0.85424
vn 0.86656 0.08307 0.49212
vn 0.86552 0.08338 0.49389
vn -0.49949 0.1442 0.85424
vn -0.50051 0.14411 0.85365
vn -0.86552 0.08338 0.49389
vn -0.86656 0.08307 0.49212
vn -0.8655 0.09058 0.49265
vn -0.86655 0.09024 0.49087
vn -0.49948 0.15668 0.85204
vn -0.50051 0.15656 0.85146
vn 0.86655 0.09024 0.49087
vn 0.8655 0.09058 0.49265
vn 0.50051 0.15656 0.85146
vn 0.49948 0.15668 0.85204
vn -0.70712 0.12278 0.69635
vn -0.98083 0.03381 0.19191
vn -0.70714 0.12278 0.69634
vn -0.98083 0.03381 0.19193
vn -0.70711 0.12278 0.69637
vn -0.70975 -0.03021 0.7038
vn -0.95993 -0.166 0.22579
vn -0.59632 -0.28517 0.75039
vn -0.80934 -0.51293 0.28615
vn -0.3641 -0.50204 0.78447
vn -0.49045 -0.80303 0.33852
vn -0.094 -0.58283 0.80714
vn -0.71415 0.21303 0.66679
vn -0.97274 0.15961 0.16825
vn -0.12809 -0.92471 0.35848
vn 0 -0.57361 0.81913
vn -0.63063 0.47757 0.61174
vn -0.3641 0.74006 0.56546
vn -0.84944 0.51669 0.10718
vn -0.094 0.82373 0.55913
vn -0.49043 0.8703 0.04529
vn 0 0.81916 0.57357
vn -0.12806 0.99151 0.02268
vn 0 0.81917 0.57355
vn 0 -0.57358 0.81915
vn 0 -0.9324 0.36144
vn 0.094 -0.58283 0.80714
vn 0.12806 -0.9247 0.35851
vn 0.3641 -0.50204 0.78447
vn 0.49039 -0.803 0.3387
vn 0.63062 -0.23955 0.7382
vn 0 0.99974 0.02283
vn 0.84939 -0.44934 0.27681
vn 0.71412 0.02786 0.69947
vn -0.99609 -0.00781 -0.08795
vn -0.99354 -0.01007 -0.11304
vn -0.9932 -0.01032 -0.116
vn -0.99591 -0.008 -0.09003
vn 0 0.98387 -0.1789
vn 0.16263 0.94981 -0.26722
vn 0.08417 0.97062 -0.22541
vn 0.99585 -0.00806 -0.0907
vn 0.99711 -0.00674 -0.07562
vn 0.99702 -0.00684 -0.07678
vn 0.99565 -0.00827 -0.09284
vn 0.13175 -0.9866 -0.09622
vn 0 -0.99608 -0.08844
vn 0.12506 -0.98751 -0.09586
vn 0.98632 -0.01462 -0.16422
vn 0.99313 -0.01038 -0.11655
vn 0.99276 -0.01065 -0.1196
vn 0.98541 -0.01511 -0.16953
vn -0.98712 -0.01419 -0.15935
vn -0.98627 -0.01465 -0.16449
vn -0.96849 -0.02231 -0.24805
vn -0.92452 0.08853 -0.37072
vn -0.92628 0.08249 -0.36769
vn -0.96732 -0.02274 -0.25255
vn 0.9842 -0.15711 -0.0817
vn 0.98833 -0.1297 -0.07987
vn -0.98439 -0.15696 -0.07962
vn -0.99729 -0.00653 -0.07331
vn -0.9972 -0.00662 -0.07447
vn -0.98852 -0.12952 -0.07779
vn -0.13163 -0.98664 -0.09595
vn -0.12525 -0.98751 -0.09561
vn -0.16211 0.95074 -0.26424
vn -0.08545 0.97068 -0.22465
vn 0.96658 -0.02298 -0.25533
vn 0.96534 -0.02341 -0.25993
vn 0.98664 0.02829 0.16047
vn 0 -0.95637 0.29215
vn -0.98664 0.02829 0.16047
vn 0 0.99862 -0.05255
vn 0.98664 0.02829 0.16044
vn 0 0.17365 0.98481
vn -0.98664 0.02829 0.16044
vn 0.50925 0.75576 -0.4117
vn 0.41158 0.82992 -0.37661
vn 0.79552 0.39873 -0.45626
vn 0.77245 0.44016 -0.4578
vn 0.92084 0.08725 -0.38005
vn 0.92254 0.08155 -0.37719
vn -0.41476 0.83062 -0.37154
vn -0.51019 0.75897 -0.40456
vn -0.77705 0.44146 -0.44866
vn -0.79922 0.40175 -0.44704
vn 0.84184 -0.52975 -0.10331
vn 0.8626 -0.49554 -0.10175
vn 0.48336 -0.86861 -0.10901
vn 0.49301 -0.86314 -0.1092
vn -0.86292 -0.49535 -0.09998
vn -0.84199 -0.52984 -0.10163
vn -0.49338 -0.86306 -0.10822
vn -0.48324 -0.86879 -0.10807
vn 0.71126 0.12418 0.69188
vn 0.71324 0.12217 0.69019
vn 0.32351 0.21147 0.92229
vn 0.32854 0.19963 0.92315
vn -0.23436 0.30577 0.92281
vn -0.26537 0.26229 0.92779
vn -0.67447 0.16022 0.7207
vn -0.90209 0.09421 0.42113
vn -0.90073 0.07541 0.42778
vn -0.6713 0.1287 0.72992
vn 0.68707 0.15632 0.70957
vn 0.67447 0.16022 0.7207
vn 0.90209 0.09421 0.42113
vn 0.91414 0.06806 0.39965
vn 0.94466 0.03015 0.32665
vn 0.97241 -0.04202 0.22948
vn -0.16678 -0.38155 -0.90918
vn -0.21659 -0.33217 -0.91802
vn -0.22349 -0.34037 -0.91334
vn -0.1757 -0.38775 -0.90486
vn 0.99515 0.02234 0.09577
vn 0.94734 0.07123 0.3122
vn 0.9454 0.05658 0.32097
vn 0.99507 0.01721 0.09772
vn -0.91538 -0.20856 -0.34435
vn -0.95287 -0.26139 -0.154
vn -0.62678 -0.47861 -0.61488
vn -0.54978 -0.35448 -0.75636
vn -0.13169 -0.99127 0.00565
vn -0.08545 -0.82126 -0.56412
vn -0.36092 -0.79501 -0.48755
vn -0.39767 -0.91734 0.01846
vn -0.92272 0.16541 0.34817
vn -0.83743 0.21047 0.5044
vn -0.78578 0.41619 0.45754
vn -0.86616 0.40832 0.28816
vn 0.99019 -0.01837 0.13849
vn 0.94787 0.05139 0.3145
vn -0.27056 -0.1333 -0.95343
vn -0.25237 -0.06638 -0.96535
vn -0.26351 -0.06433 -0.96251
vn -0.28096 -0.12854 -0.95107
vn -0.10425 -0.41711 -0.90286
vn -0.0361 -0.43518 -0.89962
vn -0.09049 -0.79693 -0.59725
vn -0.26223 -0.75163 -0.60522
vn -0.67981 -0.03873 -0.73236
vn -0.63394 0.1297 -0.76243
vn -0.51101 0.37307 0.7744
vn -0.57444 0.26757 0.77358
vn -0.10401 0.07965 -0.99138
vn -0.0361 0.0976 -0.99457
vn -0.04035 0.10837 -0.99329
vn -0.1055 0.09119 -0.99023
vn -0.82755 0.23258 0.51095
vn -0.78418 0.25239 0.56689
vn -0.70494 0.41088 0.57813
vn -0.75975 0.41161 0.50335
vn -0.78283 0.61965 0.05661
vn -0.75184 0.6178 0.23035
vn -0.57987 0.79452 0.18025
vn -0.60016 0.7995 0.02454
vn -0.36867 0.9179 0.14676
vn -0.33227 0.88515 0.32576
vn -0.11499 0.94377 0.30996
vn -0.12394 0.98404 0.12766
vn -0.64255 0.5935 0.48464
vn -0.58368 0.56863 0.57965
vn -0.43659 0.68694 0.58095
vn -0.48928 0.73471 0.4699
vn -0.37786 0.92586 0.00201
vn -0.12833 0.99168 -0.00967
vn -0.26148 0.49642 -0.82776
vn -0.09049 0.54153 -0.8358
vn -0.30348 0.54735 0.77994
vn -0.4121 0.47553 0.7772
vn -0.18922 0.34268 0.9202
vn -0.14063 0.36794 0.91915
vn -0.3044 0.83526 0.45791
vn -0.26763 0.76939 0.58001
vn -0.09162 0.80952 0.5799
vn -0.10468 0.88564 0.45242
vn 0.92272 0.16541 0.34817
vn 0.83743 0.21047 0.5044
vn -0.06238 0.62043 0.78178
vn -0.18152 0.59739 0.78114
vn -0.08222 0.38726 0.9183
vn -0.02826 0.3959 0.91786
vn 0.52747 0.76994 0.35912
vn 0.57987 0.79452 0.18025
vn 0.36867 0.9179 0.14676
vn 0.33227 0.88515 0.32576
vn 0.78578 0.41619 0.45754
vn 0.75975 0.41161 0.50335
vn 0.82755 0.23258 0.51095
vn -0.18541 -0.39562 -0.8995
vn -0.00757 -0.40874 -0.91262
vn 9E-05 -0.24146 -0.97041
vn -0.18073 -0.23582 -0.95484
vn 0.26537 0.26229 0.92779
vn 0.23436 0.30577 0.92281
vn -0.63432 -0.38357 -0.67121
vn -0.67972 -0.21696 -0.70065
vn -0.27059 -0.20438 -0.94075
vn -0.2527 -0.27062 -0.92893
vn -0.21625 -0.00479 -0.97633
vn -0.16654 0.04413 -0.98505
vn -0.17545 0.05142 -0.98314
vn -0.22312 0.00446 -0.97478
vn -0.28095 -0.20804 -0.9369
vn -0.26384 -0.2715 -0.92557
vn -0.89596 -0.10401 -0.43179
vn -0.99515 0.02234 0.09577
vn -0.9902 -0.01837 0.13846
vn -0.03177 0.21558 0.97597
vn -0.13465 0.21412 0.96748
vn -0.13248 0.1721 0.97613
vn -0.03153 0.17356 0.98432
vn -0.51681 -0.20231 -0.83185
vn -0.97241 -0.04202 0.22948
vn -0.97763 0.1435 0.15376
vn -0.91117 0.4008 0.09558
vn -0.99507 0.01721 0.09772
vn -0.89061 -0.07895 -0.44787
vn -0.50634 -0.14972 -0.84923
vn -0.86057 0.00974 0.50924
vn -0.82372 0.12697 0.55259
vn 0 0.23386 0.97227
vn -0.02884 0.23484 0.97161
vn 0 0.21555 0.97649
vn -0.13129 0.22776 0.96482
vn -0.6811 0.6124 0.40133
vn -0.52747 0.76994 0.35912
vn -0.97608 0.09268 -0.19666
vn -0.90835 0.34105 -0.24205
vn 0.11499 0.94377 0.30996
vn 0.12394 0.98404 0.12766
vn -0.10578 -0.42751 -0.8978
vn -0.04035 -0.44482 -0.89471
vn -0.91096 -0.40145 -0.09479
vn -0.97666 -0.15687 -0.1467
vn -0.62724 0.17322 0.75932
vn -0.66886 0.12833 0.73222
vn -0.30776 0.22001 0.92568
vn -0.29079 0.2299 0.92876
vn 6E-05 -0.17362 -0.98481
vn -0.17566 -0.17093 -0.9695
vn -0.71322 0.12217 0.69021
vn -0.90335 -0.00653 0.42885
vn -0.92613 0.04425 0.37459
vn -0.71126 0.12418 0.69188
vn -0.12967 -0.96208 0.23997
vn -0.38622 -0.8927 0.23223
vn -0.37993 -0.92489 -0.01498
vn -0.12653 -0.99195 -0.00439
vn -0.32246 0.20817 0.92341
vn -0.32854 0.19963 0.92315
vn -0.68707 0.15632 0.70957
vn -0.12467 0.22652 0.966
vn -0.31368 0.20564 0.927
vn -0.0311 -0.57268 -0.81919
vn -0.26069 -0.5578 -0.78797
vn -0.30785 0.16521 0.93698
vn -0.37829 0.86293 -0.33504
vn -0.12653 0.92934 -0.34688
vn -0.41878 -0.66218 -0.62141
vn -0.54467 -0.5383 -0.6431
vn -0.60063 -0.79891 -0.0314
vn -0.78611 -0.61554 -0.05603
vn -0.54346 0.28405 -0.78991
vn -0.41827 0.40731 -0.81188
vn -0.78181 0.55685 -0.28051
vn -0.5975 0.73832 -0.31286
vn 0.37829 0.86293 -0.33504
vn 0.5975 0.73832 -0.31286
vn 0.41827 0.40731 -0.81188
vn 0.26149 0.4964 -0.82778
vn 0.60016 0.7995 0.02454
vn 0.37786 0.92586 0.00201
vn -0.79354 -0.56644 0.22237
vn -0.61459 -0.75489 0.22895
vn 0.78181 0.55685 -0.28051
vn 0.90835 0.34105 -0.24205
vn 0.63394 0.1297 -0.76243
vn 0.54345 0.28405 -0.78992
vn -0.98615 -0.12119 0.11319
vn -0.9155 -0.35809 0.1834
vn -0.9216 0.38814 -0.00082
vn -0.98944 0.13684 0.04776
vn -0.60696 0.7914 -0.0727
vn -0.79192 0.6093 -0.04022
vn -0.12967 0.98573 -0.1073
vn -0.38235 0.91908 -0.09543
vn 0.75184 0.6178 0.23035
vn 0.86616 0.40832 0.28816
vn 0.91117 0.4008 0.09558
vn 0.78283 0.61965 0.05661
vn 0.97763 0.1435 0.15376
vn 0.97608 0.09268 -0.19666
vn 0.97666 -0.15687 -0.1467
vn 0.67972 -0.21696 -0.70065
vn 0.67981 -0.03873 -0.73236
vn 0.91096 -0.40145 -0.09479
vn 0.78611 -0.61554 -0.05603
vn 0.54467 -0.5383 -0.6431
vn 0.63432 -0.38357 -0.67121
vn 0.60063 -0.79891 -0.0314
vn 0.37993 -0.92489 -0.01498
vn 0.26223 -0.75163 -0.60522
vn 0.41878 -0.66218 -0.62141
vn 0.36092 -0.79501 -0.48755
vn 0.39767 -0.91734 0.01846
vn 0.38235 0.91908 -0.09543
vn 0.60696 0.7914 -0.0727
vn 0.9216 0.38814 -0.00082
vn 0.79192 0.6093 -0.04022
vn 0.98615 -0.12119 0.11319
vn 0.98944 0.13684 0.04776
vn 0.9155 -0.35809 0.1834
vn 0.79354 -0.56644 0.22237
vn 0.61459 -0.75489 0.22895
vn 0.38622 -0.8927 0.23223
vn 0.10578 -0.42751 -0.8978
vn 0.1757 -0.38775 -0.90486
vn 0.16681 -0.38155 -0.90917
vn 0.10425 -0.41711 -0.90286
vn 0.22349 -0.34037 -0.91334
vn 0.26384 -0.2715 -0.92557
vn 0.2527 -0.27062 -0.92893
vn 0.21659 -0.33219 -0.91801
vn 0.28095 -0.20804 -0.9369
vn 0.28096 -0.12854 -0.95107
vn 0.27056 -0.1333 -0.95343
vn 0.27059 -0.20438 -0.94075
vn 0.10401 0.07965 -0.99138
vn 0.16654 0.04413 -0.98505
vn 0.17545 0.05142 -0.98314
vn 0.1055 0.09119 -0.99023
vn 0.26351 -0.06433 -0.96251
vn 0.22312 0.00446 -0.97478
vn 0.21625 -0.00479 -0.97633
vn 0.25237 -0.06638 -0.96535
vn 0.18152 0.59739 0.78114
vn 0.30348 0.54735 0.77994
vn 0.43659 0.68694 0.58095
vn 0.26763 0.76939 0.58001
vn 0.4121 0.47553 0.7772
vn 0.51101 0.37307 0.7744
vn 0.70494 0.41088 0.57813
vn 0.58368 0.56863 0.57965
vn 0.57444 0.26757 0.77358
vn 0.62724 0.17322 0.75932
vn 0.82374 0.12696 0.55257
vn 0.78418 0.25239 0.56689
vn 0.14063 0.36794 0.91915
vn 0.08222 0.38726 0.9183
vn 0.18922 0.34268 0.9202
vn 0.08545 -0.82126 -0.56412
vn 0.0311 -0.57268 -0.81919
vn 0.10468 0.88564 0.45242
vn 0.30776 0.22001 0.92568
vn 0.29079 0.2299 0.92876
vn 0.66886 0.12833 0.73222
vn 0.90335 -0.00653 0.42885
vn 0.86057 0.00974 0.50924
vn 0.18073 -0.23582 -0.95484
vn 0.51681 -0.20231 -0.83185
vn 0.50632 -0.14973 -0.84925
vn 0.17566 -0.17093 -0.9695
vn 0.18541 -0.39562 -0.8995
vn 0.54978 -0.35448 -0.75636
vn 0.3044 0.83526 0.45791
vn 0.48928 0.73471 0.4699
vn 0.00757 -0.40874 -0.91262
vn -9E-05 -0.24146 -0.97041
vn -6E-05 -0.17362 -0.98481
vn -0.32348 0.21147 0.9223
vn 0.02826 0.3959 0.91786
vn 0.06238 0.62043 0.78178
vn 0.64255 0.5935 0.48464
vn 0.6811 0.6124 0.40133
vn 0.09162 0.80952 0.5799
vn 0.26069 -0.5578 -0.78797
vn 0.62677 -0.4786 -0.6149
vn 0.09049 0.54153 -0.8358
vn 0.0361 0.0976 -0.99457
vn 0.0361 -0.43518 -0.89962
vn 0.09049 -0.79693 -0.59725
vn 0.04035 0.10837 -0.99329
vn 0.04035 -0.44482 -0.89471
vn 0.12967 -0.96208 0.23997
vn 0.13169 -0.99127 0.00565
vn 0.12653 -0.99195 -0.00439
vn 0.12833 0.99168 -0.00967
vn 0.12967 0.98573 -0.1073
vn 0.12653 0.92934 -0.34688
vn 0.30785 0.16521 0.93698
vn 0.6713 0.1287 0.72992
vn 0.31368 0.20564 0.927
vn 0.13248 0.1721 0.97613
vn 0.13465 0.21412 0.96748
vn 0.13129 0.22776 0.96482
vn 0.32246 0.20817 0.92341
vn 0.12467 0.22652 0.966
vn 0.92613 0.04425 0.37459
vn 0.03153 0.17356 0.98432
vn 0.03177 0.21558 0.97597
vn 0.02884 0.23484 0.97161
vn -0.94734 0.07123 0.3122
vn -0.94787 0.05139 0.3145
vn -0.9454 0.05658 0.32097
vn -0.94466 0.03015 0.32665
vn 0.89061 -0.07895 -0.44787
vn 0.89596 -0.10401 -0.43179
vn -0.91414 0.06806 0.39965
vn 0.91538 -0.20856 -0.34435
vn 0.95287 -0.26139 -0.154
vn 0.90073 0.07541 0.42778
vn 0.71125 0.11991 0.69264
vn 0.32854 0.12812 0.93576
vn 0.32348 0.11673 0.93901
vn 0.71321 0.12122 0.69038
vn -0.26534 0.07083 0.96155
vn -0.23436 0.02826 0.97174
vn -0.67448 0.09589 0.73204
vn -0.90209 0.05548 0.42797
vn 0.68707 0.09577 0.72025
vn 0.91413 0.07273 0.39885
vn 0.90209 0.05548 0.42797
vn 0.67448 0.09589 0.73204
vn 0.97241 0.11798 0.20125
vn 0.94467 0.08335 0.31725
vn -0.16681 0.04758 -0.98484
vn -0.17571 0.05487 -0.98291
vn -0.22349 0.00745 -0.97468
vn -0.21659 -0.0018 -0.97626
vn 0.99515 0.01175 0.09763
vn 0.94733 0.03983 0.31776
vn -0.91538 0.07822 -0.39492
vn -0.54978 0.0744 -0.83199
vn -0.62678 0.23943 -0.7415
vn -0.95287 0.19297 -0.23411
vn -0.13169 0.93344 -0.3337
vn -0.39766 0.86835 -0.29637
vn -0.36092 0.5803 -0.73006
vn -0.08545 0.57877 -0.811
vn -0.92272 -0.03635 0.38375
vn -0.86617 -0.28511 0.41045
vn -0.78578 -0.2346 0.57229
vn -0.83743 -0.02524 0.54597
vn 0.99019 0.06464 0.12384
vn 0.94786 0.05927 0.31313
vn -0.27059 -0.20081 -0.94152
vn -0.28096 -0.20448 -0.93768
vn -0.26351 -0.26873 -0.92647
vn -0.2524 -0.26778 -0.92983
vn -0.10425 0.08313 -0.99107
vn -0.26223 0.4993 -0.8258
vn -0.09049 0.54458 -0.83381
vn -0.0361 0.10123 -0.99421
vn -0.67983 -0.21407 -0.70144
vn -0.63397 -0.38265 -0.67206
vn -0.57444 0.01312 0.81844
vn -0.51101 -0.0857 0.85529
vn -0.10401 -0.41393 -0.90435
vn -0.1055 -0.42437 -0.89932
vn -0.04038 -0.44158 -0.89631
vn -0.0361 -0.43188 -0.90121
vn -0.82755 -0.04379 0.55969
vn -0.75975 -0.21462 0.61378
vn -0.70493 -0.18833 0.68381
vn -0.78418 -0.04328 0.61902
vn -0.78284 -0.56292 0.26511
vn -0.60016 -0.74289 0.29652
vn -0.57987 -0.68495 0.44112
vn -0.75185 -0.50174 0.42777
vn -0.36867 -0.81234 0.45187
vn -0.12394 -0.88103 0.45654
vn -0.11499 -0.78085 0.61405
vn -0.33227 -0.72035 0.60885
vn -0.64254 -0.39195 0.65841
vn -0.48929 -0.52967 0.69286
vn -0.43658 -0.4468 0.78087
vn -0.58368 -0.33607 0.73917
vn -0.37786 -0.86934 0.31856
vn -0.12833 -0.93519 0.33007
vn -0.09049 -0.79474 -0.60016
vn -0.26149 -0.74959 -0.60806
vn -0.30349 -0.24758 0.92011
vn -0.14066 -0.0314 0.98956
vn -0.18921 -0.00729 0.98191
vn -0.41211 -0.18102 0.89297
vn -0.3044 -0.62827 0.71598
vn -0.10468 -0.6775 0.72804
vn -0.09162 -0.56237 0.82179
vn -0.26763 -0.52462 0.80818
vn 0.83743 -0.02524 0.54597
vn 0.92272 -0.03635 0.38375
vn -0.06241 -0.31563 0.94683
vn -0.02826 -0.05808 0.99791
vn -0.08225 -0.04984 0.99536
vn -0.18153 -0.29418 0.93835
vn 0.52746 -0.60068 0.6008
vn 0.33227 -0.72035 0.60885
vn 0.36867 -0.81234 0.45187
vn 0.57987 -0.68495 0.44112
vn 0.78578 -0.2346 0.57229
vn 0.82755 -0.04379 0.55969
vn 0.75974 -0.21464 0.61377
vn -0.18543 0.06409 -0.98057
vn -0.18073 -0.10495 -0.97792
vn 9E-05 -0.10495 -0.99448
vn -0.00754 0.07193 -0.99738
vn 0.23436 0.02826 0.97174
vn 0.26537 0.07083 0.96154
vn -0.63434 0.13086 -0.7619
vn -0.25272 -0.06339 -0.96546
vn -0.27058 -0.12967 -0.95392
vn -0.67971 -0.03574 -0.73261
vn -0.21626 -0.3294 -0.91909
vn -0.22313 -0.33761 -0.91446
vn -0.17545 -0.38459 -0.90626
vn -0.16655 -0.37835 -0.91055
vn -0.26384 -0.0614 -0.96261
vn -0.28096 -0.12491 -0.95156
vn -0.99019 0.06464 0.12384
vn -0.99515 0.01175 0.09763
vn -0.89595 -0.04993 -0.44134
vn -0.03177 0.1312 0.99085
vn -0.13465 0.12967 0.98237
vn -0.51681 -0.09436 -0.85088
vn -0.97241 0.11798 0.20125
vn -0.97763 -0.08225 0.19359
vn -0.91117 -0.34391 0.22691
vn -0.82374 0.06967 0.56267
vn -0.86057 0.16498 0.48187
vn 0 0.11274 0.99362
vn 0 0.13141 0.99133
vn -0.02884 0.11158 0.99334
vn -0.13129 0.11591 0.98454
vn -0.52746 -0.60068 0.6008
vn -0.6811 -0.43819 0.58659
vn -0.90835 -0.40328 -0.11078
vn -0.97609 -0.15433 -0.15308
vn 0.12394 -0.88103 0.45654
vn 0.11499 -0.78085 0.61405
vn -0.04035 0.112 -0.99289
vn -0.10578 0.09464 -0.98988
vn -0.97667 0.0972 -0.1915
vn -0.91096 0.34481 -0.22639
vn -0.62723 0.0969 0.77278
vn -0.29079 0.10157 0.95138
vn -0.30775 0.10981 0.94511
vn -0.66885 0.12983 0.73197
vn -0.71321 0.12122 0.69038
vn -0.71125 0.11991 0.69264
vn -0.92613 0.08652 0.36715
vn -0.90336 0.15281 0.40074
vn -0.12967 0.98613 -0.10355
vn -0.12653 0.93063 -0.3434
vn -0.37993 0.864 -0.3304
vn -0.38622 0.91829 -0.08707
vn -0.32247 0.12018 0.93892
vn -0.68707 0.09577 0.72025
vn -0.32854 0.12812 0.93576
vn -0.12467 0.11753 0.98521
vn -0.31368 0.12378 0.94143
vn -0.2607 0.25466 -0.93123
vn -0.0311 0.25795 -0.96566
vn -0.12653 -0.99193 -0.00809
vn -0.37829 -0.92548 -0.01968
vn -0.54468 0.28588 -0.78841
vn -0.41878 0.40972 -0.81041
vn -0.78611 0.55925 -0.26319
vn -0.60062 0.74 -0.30275
vn -0.41827 -0.6604 -0.62363
vn -0.54345 -0.53711 -0.64511
vn -0.5975 -0.8008 -0.04144
vn -0.7818 -0.61923 -0.07312
vn 0.37829 -0.92548 -0.01968
vn 0.26149 -0.74959 -0.60806
vn 0.41827 -0.6604 -0.62363
vn 0.5975 -0.8008 -0.04144
vn 0.37786 -0.86934 0.31856
vn 0.60016 -0.74289 0.29652
vn -0.6146 0.78767 -0.043
vn -0.79353 0.60834 0.0152
vn 0.7818 -0.61923 -0.07312
vn 0.54345 -0.53711 -0.64511
vn 0.63397 -0.38265 -0.67206
vn 0.90835 -0.40328 -0.11078
vn -0.98616 0.15259 0.06491
vn -0.9155 0.39923 0.04984
vn -0.9216 -0.36501 0.13196
vn -0.98944 -0.11225 0.09171
vn -0.79192 -0.58631 0.17058
vn -0.60696 -0.76854 0.20234
vn -0.38235 -0.89629 0.22466
vn -0.12967 -0.963 0.23627
vn 0.75185 -0.50174 0.42777
vn 0.78284 -0.56292 0.26511
vn 0.91117 -0.34391 0.22691
vn 0.86617 -0.28511 0.41045
vn 0.97763 -0.08225 0.19359
vn 0.97609 -0.15433 -0.15308
vn 0.67984 -0.21406 -0.70142
vn 0.67973 -0.03574 -0.73259
vn 0.97667 0.0972 -0.1915
vn 0.91097 0.34481 -0.22637
vn 0.63434 0.13086 -0.7619
vn 0.54468 0.28588 -0.78841
vn 0.78611 0.55925 -0.26319
vn 0.60062 0.74 -0.30275
vn 0.41878 0.40972 -0.81041
vn 0.26223 0.4993 -0.8258
vn 0.37993 0.864 -0.3304
vn 0.39766 0.86835 -0.29637
vn 0.36092 0.5803 -0.73006
vn 0.38235 -0.89629 0.22466
vn 0.60696 -0.76854 0.20234
vn 0.79192 -0.58631 0.17058
vn 0.9216 -0.36501 0.13196
vn 0.98944 -0.11225 0.09171
vn 0.98616 0.15259 0.06491
vn 0.9155 0.39923 0.04984
vn 0.79353 0.60834 0.0152
vn 0.6146 0.78767 -0.043
vn 0.38622 0.91829 -0.08707
vn 0.10578 0.09464 -0.98988
vn 0.10425 0.08313 -0.99107
vn 0.16681 0.04758 -0.98484
vn 0.17571 0.05487 -0.98291
vn 0.22349 0.00745 -0.97468
vn 0.21659 -0.0018 -0.97626
vn 0.25272 -0.06339 -0.96546
vn 0.26384 -0.0614 -0.96261
vn 0.28096 -0.12491 -0.95156
vn 0.27058 -0.12967 -0.95392
vn 0.27059 -0.20081 -0.94152
vn 0.28096 -0.20448 -0.93768
vn 0.10401 -0.41393 -0.90435
vn 0.1055 -0.42437 -0.89932
vn 0.17545 -0.38459 -0.90626
vn 0.16655 -0.37835 -0.91055
vn 0.26351 -0.26873 -0.92647
vn 0.2524 -0.26778 -0.92983
vn 0.21626 -0.3294 -0.91909
vn 0.22313 -0.33761 -0.91446
vn 0.18153 -0.29418 0.93835
vn 0.26763 -0.52462 0.80818
vn 0.43658 -0.4468 0.78087
vn 0.30349 -0.24758 0.92011
vn 0.41211 -0.18102 0.89297
vn 0.58368 -0.33607 0.73917
vn 0.70493 -0.18836 0.68381
vn 0.51101 -0.0857 0.85529
vn 0.57444 0.01312 0.81844
vn 0.78418 -0.04328 0.61902
vn 0.82374 0.06967 0.56267
vn 0.62723 0.0969 0.77278
vn 0.08222 -0.04984 0.99537
vn 0.14066 -0.0314 0.98956
vn 0.18921 -0.00729 0.98191
vn 0.08545 0.57877 -0.811
vn 0.0311 0.25795 -0.96566
vn 0.10468 -0.6775 0.72804
vn 0.30773 0.10981 0.94512
vn 0.29079 0.10157 0.95138
vn 0.66885 0.12983 0.73197
vn 0.86057 0.16498 0.48187
vn 0.90336 0.15281 0.40074
vn 0.18073 -0.10495 -0.97792
vn 0.51681 -0.09436 -0.85088
vn 0.54978 0.0744 -0.83199
vn 0.18543 0.06409 -0.98057
vn 0.3044 -0.62827 0.71598
vn 0.48928 -0.52969 0.69284
vn -9E-05 -0.10495 -0.99448
vn 0.00754 0.07193 -0.99738
vn -0.32348 0.11673 0.93901
vn 0.02826 -0.05808 0.99791
vn 0.06241 -0.31563 0.94683
vn 0.64254 -0.39195 0.65841
vn 0.6811 -0.43819 0.58659
vn 0.09162 -0.56237 0.82179
vn 0.62678 0.23943 -0.7415
vn 0.2607 0.25466 -0.93123
vn 0.09049 -0.79474 -0.60016
vn 0.0361 -0.43188 -0.90121
vn 0.0361 0.10123 -0.99421
vn 0.09049 0.54458 -0.83381
vn 0.04038 -0.44158 -0.89631
vn 0.04035 0.112 -0.99289
vn 0.12967 0.98613 -0.10355
vn 0.13169 0.93344 -0.3337
vn 0.12653 0.93063 -0.3434
vn 0.12833 -0.93519 0.33007
vn 0.12967 -0.963 0.23627
vn 0.12653 -0.99193 -0.00809
vn 0.31368 0.12378 0.94143
vn 0.13465 0.12967 0.98237
vn 0.13129 0.11591 0.98454
vn 0.12467 0.11753 0.98521
vn 0.32247 0.12018 0.93892
vn 0.92613 0.08652 0.36715
vn 0.03177 0.1312 0.99085
vn 0.02884 0.11158 0.99334
vn -0.94786 0.05924 0.31313
vn -0.94733 0.03983 0.31776
vn -0.94467 0.08335 0.31725
vn 0.89595 -0.04993 -0.44134
vn -0.91414 0.07273 0.39883
vn 0.95287 0.19297 -0.23411
vn 0.91538 0.07822 -0.39492
vn 0.094 0.82375 0.55911
vn 0.12803 0.99151 0.02271
vn 0.97269 -0.09256 0.21284
vn 0.70711 0.12278 0.69637
vn 0.3641 0.74006 0.56546
vn 0.63063 0.47757 0.61174
vn 0.49035 0.87034 0.04547
vn 0.98075 0.03391 0.1923
vn 0.71412 0.21303 0.66682
vn 0.84938 0.51672 0.10749
vn 0.70712 0.12278 0.69635
vn 0.97266 0.15967 0.16865
vn 0.08814 -0.781 -0.61827
vn -0.08814 -0.781 -0.61827
vn -0.05033 -0.5098 -0.85882
vn 0.05033 -0.5098 -0.85882
vn 0.13315 0.49087 0.861
vn 0.22111 0.44087 0.86991
vn 0.32225 0.55979 0.76341
vn 0.20014 0.62918 0.75105
vn 0.35619 0.89563 0.26641
vn 0.54501 0.78831 0.28554
vn 0.61185 0.76399 -0.20484
vn 0.37655 0.89773 -0.22869
vn 0.28142 0.38152 0.88048
vn 0.3322 0.29491 0.89592
vn 0.48767 0.34615 0.80147
vn 0.41718 0.46634 0.78006
vn 0.72598 0.61014 0.3173
vn 0.83498 0.42428 0.35042
vn 0.92393 0.35884 -0.13263
vn 0.78808 0.59049 -0.17393
vn 0.35426 0.21381 0.91038
vn 0.35426 0.1138 0.9282
vn 0.5224 0.07968 0.84897
vn 0.5224 0.21849 0.82423
vn 0.90123 0.18088 0.39379
vn 0.90122 -0.03372 0.43205
vn 0.98842 -0.14557 -0.04276
vn 0.98842 0.12186 -0.0904
vn 0.33219 0.03272 0.94264
vn 0.28141 -0.05383 0.95808
vn 0.41717 -0.16813 0.89314
vn 0.48764 -0.04794 0.87173
vn 0.83498 -0.27709 0.47543
vn 0.72597 -0.46296 0.50855
vn 0.78807 -0.61424 0.04074
vn 0.92392 -0.38259 -0.00052
vn 0.22112 -0.11322 0.96865
vn 0.13315 -0.16321 0.97756
vn 0.20014 -0.331 0.92216
vn 0.32222 -0.26158 0.90981
vn 0.54501 -0.64111 0.54031
vn 0.35619 -0.74846 0.55941
vn 0.37655 -0.92146 0.09549
vn 0.61185 -0.78772 0.07166
vn 0.36167 0.79627 -0.48492
vn 0.57171 0.67688 -0.46365
vn 0.40654 0.38884 -0.82676
vn 0.25385 0.47561 -0.84223
vn 0.21922 0.11063 -0.96938
vn 0.13199 0.16019 -0.97822
vn 0.52787 0.2694 -0.80547
vn 0.616 0.11908 -0.77869
vn 0.32934 -0.03406 -0.9436
vn 0.27897 0.05176 -0.9589
vn 0.74773 0.50361 -0.43277
vn 0.869 0.2968 -0.39593
vn 0.66041 -0.04404 -0.74962
vn 0.66042 -0.21761 -0.71868
vn 0.35122 -0.2136 -0.9116
vn 0.35122 -0.11444 -0.92927
vn 0.93341 0.06012 -0.35375
vn 0.93341 -0.17863 -0.31118
vn 0.869 -0.41531 -0.269
vn 0.74772 -0.62211 -0.23216
vn 0.52786 -0.53107 -0.66282
vn 0.616 -0.38076 -0.68961
vn 0.27898 -0.37984 -0.88198
vn 0.32933 -0.29398 -0.89728
vn 0.57172 -0.79537 -0.20128
vn 0.36167 -0.91476 -0.18
vn 0.25386 -0.73729 -0.62607
vn 0.40654 -0.6505 -0.64153
vn 0.13199 -0.48828 -0.86265
vn 0.21922 -0.43869 -0.87149
vn -0.22112 -0.11322 0.96865
vn -0.28141 -0.05383 0.95808
vn -0.41717 -0.16813 0.89314
vn -0.32221 -0.2616 0.9098
vn -0.05075 -0.18492 0.98144
vn -0.13315 -0.16321 0.97756
vn -0.20014 -0.33098 0.92217
vn -0.07047 -0.36519 0.92826
vn -0.28142 0.38149 0.88049
vn -0.22111 0.44087 0.86991
vn -0.32225 0.55979 0.76341
vn -0.41718 0.46634 0.78006
vn -0.33219 0.03272 0.94264
vn -0.35426 0.1138 0.9282
vn -0.5224 0.07968 0.84897
vn -0.48764 -0.04794 0.87173
vn -0.10898 -0.81365 0.57105
vn -0.35619 -0.74846 0.55941
vn -0.37655 -0.92146 0.09549
vn -0.13584 -0.98496 0.10681
vn -0.869 -0.41531 -0.269
vn -0.93341 -0.17863 -0.31118
vn -0.66042 -0.21761 -0.71868
vn -0.616 -0.38076 -0.68961
vn -0.54501 -0.64111 0.54031
vn -0.72597 -0.46296 0.50855
vn -0.78807 -0.61424 0.04074
vn -0.61185 -0.78772 0.07166
vn -0.83498 -0.27709 0.47543
vn -0.90122 -0.03372 0.43205
vn -0.98842 -0.14557 -0.04273
vn -0.92392 -0.38258 -0.00052
vn -0.93341 0.06012 -0.35375
vn -0.869 0.2968 -0.39593
vn -0.616 0.11908 -0.77869
vn -0.66041 -0.04404 -0.74962
vn -0.90123 0.18088 0.39379
vn -0.83498 0.42428 0.35042
vn -0.92393 0.35884 -0.13263
vn -0.98842 0.12186 -0.0904
vn -0.40654 0.38884 -0.82676
vn -0.52787 0.2694 -0.80547
vn -0.74773 0.50361 -0.43277
vn -0.57172 0.67687 -0.46366
vn -0.08814 0.51934 -0.85001
vn -0.25385 0.47561 -0.84223
vn -0.36167 0.79627 -0.48492
vn -0.12125 0.85968 -0.49623
vn -0.72599 0.61014 0.31728
vn -0.54501 0.78831 0.28554
vn -0.61185 0.76399 -0.20484
vn -0.78808 0.59049 -0.17393
vn -0.35619 0.89562 0.26644
vn -0.10898 0.96083 0.25481
vn -0.13584 0.96123 -0.23997
vn -0.37655 0.89773 -0.22869
vn -0.25386 -0.73729 -0.62607
vn -0.12125 -0.97818 -0.16869
vn -0.36168 -0.91476 -0.18001
vn -0.52786 -0.53107 -0.66282
vn -0.40654 -0.6505 -0.64153
vn -0.57172 -0.79537 -0.20128
vn -0.74772 -0.62211 -0.23216
vn -0.13199 -0.48828 -0.86265
vn -0.35122 -0.2136 -0.9116
vn -0.32934 -0.29399 -0.89727
vn -0.13315 0.49087 0.861
vn -0.05078 0.5126 0.85713
vn -0.07047 0.66339 0.74495
vn -0.20014 0.62918 0.75105
vn -0.32934 -0.03406 -0.9436
vn -0.35122 -0.11444 -0.92927
vn -0.21922 0.11063 -0.96938
vn -0.27897 0.05176 -0.9589
vn -0.27898 -0.37984 -0.88198
vn -0.21922 -0.43869 -0.87149
vn -0.05033 0.18174 -0.98206
vn -0.13199 0.16019 -0.97822
vn -0.35426 0.21381 0.91038
vn -0.3322 0.29491 0.89592
vn -0.48767 0.34615 0.80147
vn -0.5224 0.21849 0.82423
vn 0.10898 0.96084 0.25478
vn 0.07047 0.66339 0.74495
vn 0.05033 0.18174 -0.98206
vn 0.08814 0.51934 -0.85001
vn 0.05078 0.5126 0.85713
vn 0.07047 -0.36519 0.92826
vn 0.10898 -0.81365 0.57105
vn 0.12125 -0.97818 -0.16869
vn 0.13584 0.96122 -0.24
vn 0.12125 0.85969 -0.49621
vn 0.13584 -0.98496 0.10681
vn 0.05075 -0.18492 0.98144
vn 0.08814 0.52244 -0.84811
vn 0.05033 0.18531 -0.98139
vn -0.05033 0.18531 -0.98139
vn -0.08814 0.52244 -0.84811
vn 0.13315 -0.16679 0.97696
vn 0.20014 -0.33437 0.92095
vn 0.32225 -0.26494 0.90883
vn 0.22111 -0.11676 0.96823
vn 0.3562 -0.75048 0.55669
vn 0.37655 -0.9218 0.09214
vn 0.61185 -0.78798 0.06879
vn 0.54501 -0.6431 0.53796
vn 0.28142 -0.05734 0.95787
vn 0.41718 -0.1714 0.89252
vn 0.48767 -0.05115 0.87153
vn 0.33219 0.02927 0.94276
vn 0.72597 -0.46482 0.50687
vn 0.78807 -0.61438 0.03851
vn 0.92392 -0.38258 -0.00189
vn 0.83498 -0.27883 0.47442
vn 0.35426 0.11042 0.9286
vn 0.5224 0.07657 0.84926
vn 0.5224 0.21546 0.82503
vn 0.35427 0.21049 0.91115
vn 0.90122 -0.03528 0.43193
vn 0.98842 -0.14542 -0.04328
vn 0.98842 0.1222 -0.08997
vn 0.90122 0.17945 0.39446
vn 0.3322 0.29164 0.89699
vn 0.48766 0.34321 0.80274
vn 0.41717 0.46349 0.78175
vn 0.28142 0.37829 0.88188
vn 0.83498 0.423 0.35198
vn 0.92392 0.35933 -0.13132
vn 0.78808 0.59113 -0.17177
vn 0.72598 0.60898 0.31953
vn 0.22112 0.43768 0.87152
vn 0.32225 0.557 0.76545
vn 0.20015 0.62644 0.75334
vn 0.13315 0.48773 0.86278
vn 0.54502 0.78725 0.28844
vn 0.61186 0.76473 -0.20204
vn 0.37655 0.89856 -0.22539
vn 0.35619 0.89465 0.2697
vn 0.36168 -0.9141 -0.18332
vn 0.25386 -0.735 -0.62876
vn 0.40655 -0.64816 -0.64389
vn 0.57172 -0.79464 -0.20418
vn 0.13199 -0.4851 -0.86444
vn 0.21921 -0.43551 -0.87309
vn 0.52786 -0.52862 -0.66477
vn 0.27898 -0.37661 -0.88336
vn 0.32933 -0.29069 -0.89835
vn 0.61601 -0.37823 -0.69099
vn 0.74773 -0.62125 -0.23442
vn 0.86899 -0.41433 -0.27052
vn 0.66042 -0.21498 -0.71947
vn 0.35122 -0.21025 -0.91238
vn 0.35122 -0.11106 -0.92968
vn 0.66041 -0.04129 -0.74977
vn 0.9334 -0.1775 -0.31185
vn 0.93341 0.06143 -0.35351
vn 0.86899 0.29826 -0.39483
vn 0.61601 0.12192 -0.77825
vn 0.52786 0.27233 -0.80449
vn 0.74772 0.50518 -0.43093
vn 0.32934 -0.03061 -0.94372
vn 0.27898 0.05527 -0.95871
vn 0.57171 0.67857 -0.46118
vn 0.40655 0.39187 -0.82532
vn 0.25386 0.4787 -0.84048
vn 0.36167 0.79803 -0.48201
vn 0.21921 0.11417 -0.96897
vn 0.13199 0.16376 -0.97763
vn -0.22112 0.43768 0.87152
vn -0.32225 0.557 0.76545
vn -0.41717 0.46349 0.78175
vn -0.28142 0.37829 0.88188
vn -0.05078 0.50946 0.85899
vn -0.07047 0.66066 0.74737
vn -0.20015 0.62644 0.75334
vn -0.13315 0.48773 0.86278
vn -0.28142 -0.05734 0.95787
vn -0.41717 -0.17139 0.89252
vn -0.32222 -0.26494 0.90884
vn -0.22111 -0.11676 0.96823
vn -0.3322 0.29164 0.89699
vn -0.48766 0.34321 0.80274
vn -0.5224 0.21546 0.82503
vn -0.35427 0.21049 0.91115
vn -0.10898 0.95989 0.25832
vn -0.13584 0.96209 -0.23649
vn -0.37655 0.89855 -0.22542
vn -0.35619 0.89465 0.2697
vn -0.86899 0.29826 -0.39483
vn -0.61601 0.12192 -0.77825
vn -0.66041 -0.04129 -0.74977
vn -0.93341 0.06143 -0.35351
vn -0.54502 0.78725 0.28841
vn -0.61186 0.76473 -0.20204
vn -0.78808 0.59113 -0.17177
vn -0.72598 0.60898 0.31953
vn -0.83498 0.423 0.35198
vn -0.92392 0.35933 -0.13132
vn -0.98842 0.1222 -0.08997
vn -0.90122 0.17946 0.39447
vn -0.9334 -0.1775 -0.31185
vn -0.66042 -0.21498 -0.71947
vn -0.61601 -0.37823 -0.69099
vn -0.86899 -0.41433 -0.27052
vn -0.90122 -0.03528 0.43193
vn -0.98842 -0.14542 -0.04328
vn -0.92392 -0.38258 -0.00189
vn -0.83498 -0.27883 0.47442
vn -0.40655 -0.64816 -0.64389
vn -0.57172 -0.79464 -0.20418
vn -0.74773 -0.62125 -0.23442
vn -0.52787 -0.52863 -0.66475
vn -0.08814 -0.77874 -0.62113
vn -0.12125 -0.97756 -0.17225
vn -0.36168 -0.9141 -0.18332
vn -0.25386 -0.735 -0.62876
vn -0.72597 -0.46482 0.50687
vn -0.78807 -0.61438 0.03848
vn -0.61185 -0.78798 0.06879
vn -0.54501 -0.6431 0.53796
vn -0.3562 -0.75048 0.55669
vn -0.37655 -0.9218 0.09214
vn -0.13584 -0.98534 0.10321
vn -0.10898 -0.81575 0.56805
vn -0.25386 0.4787 -0.84048
vn -0.36167 0.79803 -0.48201
vn -0.12125 0.8615 -0.49307
vn -0.52786 0.27233 -0.80449
vn -0.74772 0.50518 -0.43093
vn -0.57171 0.67857 -0.46118
vn -0.40655 0.39187 -0.82532
vn -0.13199 0.16376 -0.97763
vn -0.32934 -0.03061 -0.94372
vn -0.35122 -0.11106 -0.92968
vn -0.13315 -0.16679 0.97696
vn -0.20014 -0.33437 0.92095
vn -0.07047 -0.3686 0.92691
vn -0.05075 -0.18851 0.98076
vn -0.35122 -0.21025 -0.91238
vn -0.32933 -0.29069 -0.89835
vn -0.21921 -0.43551 -0.87309
vn -0.27898 -0.37661 -0.88336
vn -0.27898 0.05527 -0.95871
vn -0.21921 0.11417 -0.96897
vn -0.05033 -0.50666 -0.86068
vn -0.13199 -0.4851 -0.86444
vn -0.35426 0.11042 0.9286
vn -0.5224 0.07657 0.84926
vn -0.48764 -0.05112 0.87155
vn -0.33219 0.02927 0.94276
vn 0.10898 -0.81575 0.56805
vn 0.07047 -0.3686 0.92691
vn 0.05033 -0.50666 -0.86068
vn 0.08814 -0.77874 -0.62113
vn 0.05075 -0.18851 0.98076
vn 0.10898 0.95989 0.25832
vn 0.07047 0.66066 0.74737
vn 0.12125 0.8615 -0.49307
vn 0.13584 -0.98534 0.10321
vn 0.12125 -0.97756 -0.17225
vn 0.13584 0.96209 -0.23649
vn 0.05078 0.50946 0.85899
vn 0.98076 0.03391 0.19227
vn 0.25164 0.16804 0.95312
vn 0.38283 0.16041 0.90978
vn 0.38286 0.16041 0.90977
vn 0.74146 0.11649 0.6608
vn 0.23557 0.18451 0.95418
vn 0.35937 0.19849 0.91184
vn 0.74144 0.11649 0.66083
vn 0.9768 0.03717 0.21091
vn 0.16663 0.24998 0.9538
vn 0.26774 0.30406 0.91425
vn 0.71245 0.20812 0.67015
vn 0.97679 0.03717 0.21094
vn 0.08133 0.31823 0.94452
vn 0.13825 0.4099 0.90159
vn 0.58178 0.44833 0.67862
vn 0.9613 0.17848 0.20986
vn 0.2516 0.16804 0.95313
vn 0.70711 -0.12278 -0.69637
vn 0.98079 -0.03385 -0.19211
vn 0.98079 -0.03388 -0.19211
vn 0.0173 0.36098 0.93241
vn 0.03455 0.46712 0.88352
vn 0.32015 0.68587 0.65352
vn 0.82649 0.53122 0.18632
vn 0.99145 0.12854 -0.02264
vn 0.70709 -0.12278 -0.69638
vn 0.23552 0.15305 0.95974
vn 0.35909 0.12549 0.92483
vn 0 0.37139 0.92848
vn 0 0.47784 0.87845
vn 0.08307 0.78328 0.61609
vn 0.48251 0.8649 0.13831
vn 0.71412 -0.02786 -0.69947
vn 0.97271 0.0925 -0.21278
vn 0.16614 0.0918 0.98182
vn 0.26686 0.02771 0.96334
vn 0.71204 0.03388 0.70133
vn 0 0.7958 0.60555
vn 0.13401 0.98597 0.09952
vn 0.63062 0.23955 -0.7382
vn 0.84941 0.44912 -0.27712
vn 0.08087 0.02524 0.99641
vn 0.13742 -0.07492 0.98768
vn 0.58075 -0.18809 0.79206
vn 0.96118 -0.09601 0.25868
vn 0 0.99633 0.0856
vn 0.1305 0.97639 -0.17212
vn 0.3641 0.50204 -0.78447
vn 0.49041 0.80266 -0.33947
vn 0.01721 -0.01834 0.99968
vn 0.0343 -0.13395 0.99039
vn 0.31911 -0.4186 0.85026
vn 0.82612 -0.43532 0.3578
vn 0.99145 -0.12851 0.02264
vn 0 0.47785 0.87844
vn 0 0.79579 0.60557
vn 0.094 0.58281 -0.80716
vn 0.12806 0.92433 -0.35946
vn 0 0.57355 -0.81917
vn 0 -0.0293 0.99957
vn 0 -0.14545 0.98937
vn 0.08264 -0.52201 0.84893
vn 0.48211 -0.76487 0.42724
vn 0.97271 -0.1597 -0.16831
vn 0.71412 -0.21303 -0.66682
vn -0.01776 0.36126 0.9323
vn -0.03497 0.46786 0.88311
vn 0 0.93202 -0.36242
vn 0 0.57357 -0.81916
vn 0 -0.53699 0.84359
vn 0.13388 -0.89157 0.43263
vn 0.63062 -0.47757 -0.61176
vn 0.84941 -0.51681 -0.10678
vn -0.08307 0.31963 0.9439
vn -0.14058 0.41229 0.90014
vn -0.08356 0.78421 0.61484
vn 0 0.99633 0.08563
vn 0 0.98481 -0.17365
vn 0 -0.90598 0.42332
vn 0.1305 -0.97639 0.17215
vn 0.3641 -0.74006 -0.56546
vn 0.49041 -0.87035 -0.04447
vn -0.70711 -0.12278 -0.69637
vn -0.70712 -0.12278 -0.69635
vn -0.17189 0.25136 0.95251
vn -0.2747 0.30647 0.91138
vn -0.32293 0.68843 0.64945
vn -0.13355 0.98614 0.09842
vn 0 -0.14548 0.98936
vn 0 -0.53701 0.84358
vn 0.094 -0.82372 -0.55915
vn 0.12806 -0.99153 -0.02167
vn 0 -0.81913 -0.57361
vn -0.98079 -0.03385 -0.19208
vn -0.24506 0.1843 0.95183
vn -0.3712 0.19868 0.90705
vn -0.58856 0.45065 0.6712
vn -0.48227 0.86553 0.1352
vn -0.1305 0.97639 -0.17215
vn -0.094 0.58283 -0.80714
vn -0.71413 -0.02783 -0.69945
vn -0.63062 0.23955 -0.7382
vn -0.3641 0.50204 -0.78447
vn -0.01767 -0.01862 0.99967
vn -0.0347 -0.13477 0.99027
vn 0 -0.98481 0.17365
vn 0 -0.99976 -0.02182
vn -0.97849 0.0358 0.20316
vn -0.9785 0.0358 0.20313
vn -0.26192 0.16758 0.95043
vn -0.39645 0.15941 0.90411
vn -0.72243 0.20787 0.65946
vn -0.82738 0.53161 0.18119
vn -0.12806 0.92433 -0.35946
vn -0.97271 0.0925 -0.21278
vn -0.84941 0.44912 -0.27712
vn -0.49041 0.80266 -0.33947
vn -0.08261 0.02374 0.9963
vn -0.13974 -0.07764 0.98714
vn -0.08313 -0.52334 0.84806
vn 0 -0.90599 0.4233
vn -0.7531 0.11424 0.64791
vn -0.75312 0.11423 0.64789
vn -0.26189 0.16758 0.95044
vn -0.96293 0.17774 0.20289
vn -0.86603 0.4924 -0.08683
vn -0.99145 0.12851 -0.02264
vn -0.15348 0.0752 0.98529
vn -0.24577 0.00629 0.96931
vn -0.32189 -0.42239 0.84734
vn -0.13343 -0.89213 0.43162
vn 0 -0.81915 -0.57358
vn -0.75309 0.11423 0.64793
vn -0.23427 0.14335 0.96155
vn -0.35802 0.10535 0.92775
vn -0.5437 -0.23107 0.80684
vn -0.4819 -0.76649 0.42458
vn -0.1305 -0.97639 0.17215
vn -0.094 -0.82373 -0.55913
vn -0.3641 -0.74006 -0.56546
vn -0.59631 -0.52462 -0.6076
vn -0.70975 -0.26911 -0.65103
vn -0.98079 -0.03388 -0.19211
vn -0.97848 0.03583 0.2032
vn -0.39648 0.1594 0.9041
vn -0.7038 -0.01541 0.71024
vn -0.78712 -0.49328 0.37029
vn -0.12806 -0.99153 -0.02167
vn -0.49041 -0.87035 -0.04447
vn -0.80926 -0.57984 -0.09421
vn -0.95988 -0.23313 -0.1558
vn -0.94517 -0.1738 0.27647
vn -0.82402 -0.55795 0.09836
vn -0.97812 -0.20491 0.0361
vn 0 0.98632 -0.16486
vn 0 -0.98632 0.16486
vt 0.88425 0.23058
vt 0.87067 0.23058
vt 0.87067 0.28925
vt 0.92059 0.28925
vt 0.92059 0.27944
vt 0.90991 0.27501
vt 0.886 0.24386
vt 0.89112 0.25623
vt 0.89928 0.26686
vt 0.10396 0.89378
vt 0.10621 0.89372
vt 0.10394 0.89275
vt 0.68124 0.28925
vt 0.69597 0.28925
vt 0.69597 0.27737
vt 0.69028 0.27501
vt 0.6605 0.27732
vt 0.66919 0.28602
vt 0.65727 0.23058
vt 0.65727 0.26528
vt 0.66638 0.24386
vt 0.66463 0.23058
vt 0.6715 0.25623
vt 0.67966 0.26686
vt 0.17029 0.71016
vt 0.16821 0.71021
vt 0.17033 0.71108
vt 0.73091 0.28925
vt 0.73091 0.27944
vt 0.72922 0.28014
vt 0.71594 0.28189
vt 0.70266 0.28014
vt 0.72922 0.18102
vt 0.73091 0.18172
vt 0.73091 0.17567
vt 0.69597 0.17567
vt 0.69597 0.18379
vt 0.70266 0.18102
vt 0.71594 0.17927
vt 0.96122 0.27501
vt 0.95553 0.27737
vt 0.95553 0.28925
vt 0.97026 0.28925
vt 0.9823 0.28602
vt 0.991 0.27732
vt 0.99423 0.26528
vt 0.99423 0.23058
vt 0.98687 0.23058
vt 0.98512 0.24386
vt 0.97184 0.26686
vt 0.98 0.25623
vt 0.87067 0.17567
vt 0.886 0.2173
vt 0.92059 0.18172
vt 0.92059 0.17567
vt 0.90991 0.18614
vt 0.89112 0.20492
vt 0.89928 0.1943
vt 0.92228 0.28014
vt 0.94884 0.28014
vt 0.93556 0.28189
vt 0.1704 0.89323
vt 0.17245 0.89318
vt 0.17246 0.89228
vt 0.78083 0.28925
vt 0.78083 0.23058
vt 0.76725 0.23058
vt 0.7655 0.24386
vt 0.74159 0.27501
vt 0.76037 0.25623
vt 0.75222 0.26686
vt 0.94884 0.18102
vt 0.95553 0.18379
vt 0.95553 0.17567
vt 0.92228 0.18102
vt 0.93556 0.17927
vt 0.10509 0.71297
vt 0.10297 0.71306
vt 0.10301 0.71402
vt 0.94072 0.27669
vt 0.93861 0.25909
vt 0.93098 0.25925
vt 0.92867 0.27667
vt 0.93548 0.27678
vt 0.75641 0.25227
vt 0.74145 0.24407
vt 0.73693 0.25
vt 0.74973 0.26157
vt 0.75106 0.2598
vt 0.67595 0.20708
vt 0.69172 0.21574
vt 0.69609 0.20976
vt 0.68299 0.19704
vt 0.67894 0.20263
vt 0.91237 0.2132
vt 0.90842 0.21976
vt 0.90635 0.22707
vt 0.90609 0.23449
vt 0.90801 0.24179
vt 0.91174 0.24824
vt 0.91702 0.25343
vt 0.9236 0.25707
vt 0.94602 0.25702
vt 0.95268 0.25315
vt 0.95816 0.24774
vt 0.96209 0.24113
vt 0.96428 0.23391
vt 0.96445 0.2264
vt 0.96259 0.2191
vt 0.95884 0.21255
vt 0.95348 0.20725
vt 0.94689 0.20358
vt 0.93953 0.2018
vt 0.93185 0.20166
vt 0.92454 0.20383
vt 0.91794 0.20781
vt 0.68974 0.23812
vt 0.69251 0.24518
vt 0.69714 0.25117
vt 0.70308 0.25563
vt 0.70997 0.25831
vt 0.71734 0.25911
vt 0.72464 0.25792
vt 0.73142 0.25486
vt 0.74396 0.23708
vt 0.74465 0.22962
vt 0.7439 0.22217
vt 0.74089 0.2153
vt 0.73626 0.2094
vt 0.7303 0.20489
vt 0.72339 0.2021
vt 0.71602 0.20121
vt 0.70878 0.20204
vt 0.70189 0.20507
vt 0.68911 0.22284
vt 0.68847 0.23043
vt 0.92958 0.18398
vt 0.94168 0.18367
vt 0.93934 0.18368
vt 0.96486 0.19281
vt 0.97352 0.20171
vt 0.96983 0.19778
vt 0.90591 0.2677
vt 0.89733 0.25915
vt 0.90423 0.26609
vt 0.7044 0.18508
vt 0.71617 0.18316
vt 0.7067 0.18465
vt 0.73004 0.27457
vt 0.71825 0.27687
vt 0.72341 0.27596
vt 0.65769 0.14538
vt 0.65769 0.15512
vt 0.69639 0.15512
vt 0.69639 0.12141
vt 0.67666 0.12141
vt 0.66961 0.12464
vt 0.66092 0.13334
vt 0.95594 0.12141
vt 0.95594 0.15512
vt 0.99465 0.15512
vt 0.99465 0.14538
vt 0.99142 0.13334
vt 0.98272 0.12464
vt 0.97068 0.12141
vt 0.65727 0.17567
vt 0.66638 0.2173
vt 0.69028 0.18614
vt 0.6715 0.20492
vt 0.67966 0.1943
vt 0.12713 0.85523
vt 0.15089 0.85523
vt 0.15089 0.84048
vt 0.12118 0.84048
vt 0.12118 0.84945
vt 0.12198 0.85234
vt 0.12415 0.85446
vt 0.18061 0.76036
vt 0.21262 0.76036
vt 0.21262 0.75127
vt 0.21186 0.74843
vt 0.20978 0.74636
vt 0.20695 0.7456
vt 0.18061 0.7456
vt 0.12118 0.76036
vt 0.15089 0.76036
vt 0.15089 0.7456
vt 0.12685 0.7456
vt 0.12402 0.74636
vt 0.12194 0.74843
vt 0.12118 0.75127
vt 0.18061 0.85523
vt 0.20666 0.85523
vt 0.20964 0.85446
vt 0.21182 0.85234
vt 0.21262 0.84945
vt 0.21262 0.84048
vt 0.18061 0.84048
vt 0.52951 0.18216
vt 0.51315 0.18992
vt 0.55054 0.19762
vt 0.55523 0.2989
vt 0.52496 0.28942
vt 0.5249 0.29954
vt 0.5758 0.2262
vt 0.55887 0.22008
vt 0.55149 0.24343
vt 0.5475 0.26587
vt 0.55139 0.26637
vt 0.54236 0.36815
vt 0.554 0.35471
vt 0.54118 0.35572
vt 0.57466 0.35948
vt 0.56831 0.34978
vt 0.53968 0.21574
vt 0.56491 0.20625
vt 0.57175 0.2377
vt 0.58358 0.21493
vt 0.56689 0.2714
vt 0.56891 0.2723
vt 0.5778 0.27952
vt 0.57917 0.2812
vt 0.58381 0.29085
vt 0.58432 0.29296
vt 0.53104 0.26355
vt 0.58457 0.30347
vt 0.58416 0.3056
vt 0.57998 0.31547
vt 0.5787 0.31721
vt 0.57014 0.32488
vt 0.56815 0.32587
vt 0.55284 0.33164
vt 0.54895 0.33233
vt 0.53252 0.33539
vt 0.56591 0.24764
vt 0.56935 0.39147
vt 0.58769 0.38177
vt 0.5793 0.37084
vt 0.56256 0.37786
vt 0.51782 0.41094
vt 0.55532 0.40092
vt 0.54341 0.38322
vt 0.53935 0.23067
vt 0.53874 0.24302
vt 0.52536 0.30966
vt 0.53498 0.4178
vt 0.20657 0.18268
vt 0.1856 0.19816
vt 0.22294 0.19041
vt 0.18119 0.2995
vt 0.21153 0.30003
vt 0.21143 0.28991
vt 0.16036 0.2268
vt 0.18474 0.24399
vt 0.17731 0.22064
vt 0.1888 0.26643
vt 0.18491 0.26695
vt 0.19434 0.36868
vt 0.19547 0.35625
vt 0.18265 0.3553
vt 0.16202 0.36014
vt 0.16833 0.35043
vt 0.1965 0.21626
vt 0.17124 0.2068
vt 0.16444 0.23831
vt 0.15253 0.21551
vt 0.16942 0.27203
vt 0.16739 0.27294
vt 0.15852 0.2802
vt 0.15716 0.28188
vt 0.15255 0.29155
vt 0.15205 0.29367
vt 0.20526 0.26406
vt 0.15185 0.30419
vt 0.15227 0.30632
vt 0.1565 0.31618
vt 0.15779 0.31792
vt 0.16639 0.32555
vt 0.16838 0.32653
vt 0.18372 0.33224
vt 0.1876 0.3329
vt 0.20405 0.33589
vt 0.17032 0.24824
vt 0.16743 0.39209
vt 0.15744 0.37151
vt 0.14908 0.38245
vt 0.17418 0.37846
vt 0.21909 0.41131
vt 0.19335 0.38375
vt 0.1815 0.4015
vt 0.19686 0.23119
vt 0.19749 0.24354
vt 0.2111 0.31015
vt 0.20195 0.41828
vt 0.7655 0.2173
vt 0.78083 0.17567
vt 0.74159 0.18614
vt 0.76037 0.20492
vt 0.75222 0.1943
vt 0.98512 0.2173
vt 0.99423 0.17567
vt 0.96122 0.18614
vt 0.98 0.20492
vt 0.97184 0.1943
vt 0.08872 0.73043
vt 0.08872 0.73778
vt 0.11798 0.73778
vt 0.11798 0.71848
vt 0.10068 0.71848
vt 0.09467 0.72009
vt 0.09033 0.72443
vt 0.11798 0.88653
vt 0.11798 0.86723
vt 0.08872 0.86723
vt 0.08872 0.87458
vt 0.09033 0.88058
vt 0.09467 0.88492
vt 0.10068 0.88653
vt 0.21993 0.71848
vt 0.21507 0.71848
vt 0.21507 0.73778
vt 0.23188 0.73778
vt 0.23188 0.73043
vt 0.23027 0.72443
vt 0.22593 0.72009
vt 0.23188 0.86723
vt 0.21507 0.86723
vt 0.21507 0.88653
vt 0.21993 0.88653
vt 0.22593 0.88492
vt 0.23027 0.88058
vt 0.23188 0.87707
vt 0.00743 0.05351
vt 0.01336 0.05329
vt 0.0193 0.02847
vt 0.01929 0.00857
vt 0.00742 0.00857
vt 0.98768 0.00749
vt 0.97581 0.00749
vt 0.97581 0.02739
vt 0.98175 0.0522
vt 0.98768 0.05243
vt 0.78219 0.05235
vt 0.78813 0.05213
vt 0.79406 0.02732
vt 0.79406 0.00742
vt 0.78219 0.00742
vt 0.21291 0.00849
vt 0.20104 0.00849
vt 0.20105 0.02839
vt 0.20698 0.0532
vt 0.21292 0.05342
vt 0.0335 0.04265
vt 0.0264 0.04075
vt 0.02121 0.03556
vt 0.19915 0.03549
vt 0.19396 0.04068
vt 0.18687 0.04258
vt 0.9739 0.03448
vt 0.96871 0.03967
vt 0.96161 0.04157
vt 0.80824 0.04151
vt 0.80115 0.03961
vt 0.79596 0.03442
vt 0.02127 0.09196
vt 0.01605 0.09281
vt 0.01671 0.0981
vt 0.02181 0.09758
vt 0.03732 0.08452
vt 0.04458 0.08446
vt 0.04496 0.07882
vt 0.03745 0.07844
vt 0.04455 0.09022
vt 0.03757 0.09047
vt 0.03774 0.09636
vt 0.04459 0.096
vt 0.01891 0.08094
vt 0.01351 0.08308
vt 0.01508 0.08784
vt 0.02041 0.08649
vt 0.05939 0.09094
vt 0.05218 0.0903
vt 0.05195 0.09587
vt 0.05882 0.09626
vt 0.0609 0.08081
vt 0.05302 0.07942
vt 0.05253 0.08477
vt 0.06015 0.08582
vt 0.0316 0.09083
vt 0.02632 0.09128
vt 0.02671 0.09712
vt 0.03187 0.09673
vt 0.05807 0.10206
vt 0.0516 0.10179
vt 0.05118 0.10801
vt 0.05758 0.10826
vt 0.03068 0.07878
vt 0.02456 0.07939
vt 0.02559 0.08546
vt 0.03109 0.08489
vt 0.04578 0.12312
vt 0.03937 0.12312
vt 0.03977 0.1361
vt 0.04638 0.13606
vt 0.04463 0.10193
vt 0.038 0.10234
vt 0.038 0.1085
vt 0.04439 0.10808
vt 0.02202 0.10362
vt 0.01693 0.104
vt 0.01728 0.11027
vt 0.02235 0.11002
vt 0.03216 0.10279
vt 0.02697 0.10322
vt 0.02727 0.10957
vt 0.03235 0.10904
vt 0.03301 0.14999
vt 0.02615 0.1498
vt 0.02824 0.15633
vt 0.03391 0.15803
vt 0.02151 0.12366
vt 0.01622 0.12381
vt 0.0154 0.13568
vt 0.02081 0.13584
vt 0.03302 0.12329
vt 0.02701 0.12341
vt 0.02662 0.13598
vt 0.03312 0.13613
vt 0.05773 0.12295
vt 0.05191 0.12315
vt 0.05262 0.13582
vt 0.05831 0.1353
vt 0.06475 0.1474
vt 0.05958 0.1486
vt 0.05838 0.15259
vt 0.06597 0.15066
vt 0.05376 0.14974
vt 0.05123 0.15531
vt 0.03989 0.14968
vt 0.03956 0.15862
vt 0.04691 0.15
vt 0.04515 0.15735
vt 0.01986 0.14908
vt 0.01434 0.14839
vt 0.01452 0.15184
vt 0.02185 0.15366
vt 0.06371 0.13467
vt 0.06312 0.12253
vt 0.06325 0.10856
vt 0.06247 0.0756
vt 0.06275 0.06834
vt 0.05418 0.06802
vt 0.05381 0.07496
vt 0.07067 0.07683
vt 0.0714 0.06875
vt 0.06367 0.10251
vt 0.06456 0.09695
vt 0.01787 0.07446
vt 0.01546 0.06796
vt 0.00886 0.07133
vt 0.0118 0.07755
vt 0.02373 0.07278
vt 0.02263 0.066
vt 0.06762 0.0826
vt 0.06639 0.08715
vt 0.06534 0.0919
vt 0.02993 0.07283
vt 0.03019 0.0655
vt 0.03673 0.07335
vt 0.03783 0.06634
vt 0.04477 0.07469
vt 0.0457 0.06751
vt 0.01171 0.16231
vt 0.01867 0.1635
vt 0.04661 0.16533
vt 0.05382 0.16419
vt 0.03228 0.16552
vt 0.03932 0.16583
vt 0.06094 0.16282
vt 0.06807 0.16139
vt 0.02543 0.16464
vt 0.01733 0.17704
vt 0.02463 0.17742
vt 0.06295 0.17727
vt 0.07044 0.17597
vt 0.03202 0.17792
vt 0.03968 0.17839
vt 0.04753 0.17853
vt 0.05536 0.1782
vt 0.00995 0.17669
vt 0.03171 0.19106
vt 0.04 0.19195
vt 0.00905 0.19235
vt 0.01643 0.19151
vt 0.02386 0.19083
vt 0.06497 0.19325
vt 0.07251 0.19177
vt 0.04852 0.19318
vt 0.05697 0.19384
vt 0.04063 0.20829
vt 0.04972 0.21002
vt 0.05837 0.21103
vt 0.06652 0.21055
vt 0.03166 0.20705
vt 0.00821 0.20938
vt 0.01554 0.2079
vt 0.02315 0.20681
vt 0.07399 0.20901
vt 0.03406 0.28172
vt 0.02674 0.28146
vt 0.02773 0.42619
vt 0.03496 0.42621
vt 0.04857 0.28145
vt 0.04133 0.28176
vt 0.04135 0.42617
vt 0.04833 0.42607
vt 0.05582 0.28109
vt 0.05612 0.426
vt 0.06643 0.23931
vt 0.05871 0.24
vt 0.05682 0.25603
vt 0.06416 0.25594
vt 0.01946 0.2812
vt 0.01232 0.28115
vt 0.01312 0.42614
vt 0.02005 0.42617
vt 0.05918 0.22533
vt 0.06706 0.22474
vt 0.00843 0.22396
vt 0.01593 0.22275
vt 0.0287 0.5009
vt 0.02005 0.50047
vt 0.01961 0.51164
vt 0.03042 0.51226
vt 0.05061 0.22488
vt 0.02381 0.22214
vt 0.03238 0.2226
vt 0.0415 0.22375
vt 0.07458 0.22365
vt 0.0701 0.28097
vt 0.063 0.28088
vt 0.06339 0.42593
vt 0.06978 0.42593
vt 0.03259 0.23785
vt 0.04137 0.23901
vt 0.02431 0.23717
vt 0.07397 0.23855
vt 0.0502 0.23982
vt 0.0165 0.23754
vt 0.00913 0.23881
vt 0.04302 0.49858
vt 0.03667 0.49989
vt 0.04 0.51053
vt 0.04646 0.50928
vt 0.05657 0.49705
vt 0.04951 0.4975
vt 0.05201 0.50849
vt 0.05763 0.50812
vt 0.01843 0.25579
vt 0.02601 0.25559
vt 0.04144 0.25604
vt 0.04923 0.25613
vt 0.013 0.49911
vt 0.01153 0.51007
vt 0.06935 0.49818
vt 0.06325 0.49743
vt 0.06323 0.50785
vt 0.06932 0.5078
vt 0.07146 0.25612
vt 0.01103 0.25638
vt 0.04093 0.51659
vt 0.04758 0.5165
vt 0.01875 0.52219
vt 0.0095 0.52094
vt 0.00913 0.52656
vt 0.01849 0.52662
vt 0.06958 0.5205
vt 0.063 0.52008
vt 0.06281 0.52639
vt 0.06877 0.52662
vt 0.05799 0.51996
vt 0.05793 0.52633
vt 0.05316 0.52025
vt 0.04806 0.52071
vt 0.04843 0.52658
vt 0.05329 0.52647
vt 0.01907 0.51678
vt 0.0307 0.51709
vt 0.04142 0.52152
vt 0.03087 0.52282
vt 0.03102 0.52677
vt 0.04187 0.52655
vt 0.05287 0.5164
vt 0.05799 0.51622
vt 0.01028 0.51621
vt 0.06318 0.51579
vt 0.06952 0.51504
vt 0.04177 0.53056
vt 0.04818 0.53175
vt 0.01895 0.534
vt 0.01032 0.53506
vt 0.01184 0.54062
vt 0.01975 0.53971
vt 0.04111 0.53477
vt 0.03076 0.53375
vt 0.03033 0.53957
vt 0.03972 0.54083
vt 0.05307 0.53223
vt 0.05781 0.53227
vt 0.01851 0.5295
vt 0.03093 0.529
vt 0.05277 0.53551
vt 0.04764 0.53531
vt 0.04623 0.54167
vt 0.0519 0.54218
vt 0.06931 0.53632
vt 0.06301 0.53588
vt 0.06335 0.54278
vt 0.06954 0.54316
vt 0.05779 0.53558
vt 0.05762 0.54245
vt 0.05126 0.54623
vt 0.04514 0.54596
vt 0.04238 0.55785
vt 0.04911 0.55805
vt 0.06984 0.54811
vt 0.0636 0.54716
vt 0.0634 0.55811
vt 0.06963 0.55814
vt 0.05749 0.54655
vt 0.05648 0.55815
vt 0.02039 0.54492
vt 0.01281 0.54491
vt 0.01336 0.55765
vt 0.02032 0.55744
vt 0.0385 0.54574
vt 0.02983 0.54521
vt 0.02844 0.55745
vt 0.03602 0.55765
vt 0.06288 0.53215
vt 0.0491 0.87705
vt 0.0413 0.87762
vt 0.04256 0.90999
vt 0.0512 0.90853
vt 0.06414 0.87656
vt 0.05651 0.87665
vt 0.05875 0.90696
vt 0.06636 0.90598
vt 0.07183 0.87674
vt 0.07344 0.90572
vt 0.03312 0.87807
vt 0.02465 0.87805
vt 0.02247 0.90885
vt 0.03255 0.91026
vt 0.0095 0.53115
vt 0.06933 0.53173
vt 0.01993 0.64568
vt 0.01298 0.64506
vt 0.00954 0.85186
vt 0.01733 0.85185
vt 0.06359 0.64477
vt 0.05626 0.64447
vt 0.0564 0.85305
vt 0.06408 0.85263
vt 0.04135 0.64513
vt 0.03492 0.64568
vt 0.03309 0.85248
vt 0.04086 0.85292
vt 0.01634 0.87737
vt 0.00828 0.87632
vt 0.00561 0.90578
vt 0.01345 0.907
vt 0.02765 0.64596
vt 0.02525 0.85206
vt 0.04839 0.64465
vt 0.04862 0.85313
vt 0.07003 0.64531
vt 0.07177 0.85214
vt 0.02198 0.91714
vt 0.03263 0.91853
vt 0.04337 0.91943
vt 0.00522 0.91695
vt 0.01292 0.91663
vt 0.0526 0.91933
vt 0.06006 0.91885
vt 0.06717 0.91801
vt 0.07406 0.91722
vt 0.05967 0.92953
vt 0.06627 0.93032
vt 0.02218 0.92778
vt 0.03253 0.92692
vt 0.04314 0.92722
vt 0.00589 0.93089
vt 0.0135 0.92928
vt 0.05224 0.92836
vt 0.07328 0.93103
vt 0.03301 0.93518
vt 0.04201 0.93523
vt 0.01949 0.9486
vt 0.01264 0.95209
vt 0.01738 0.95996
vt 0.0237 0.95579
vt 0.03384 0.94325
vt 0.02648 0.94536
vt 0.02906 0.95229
vt 0.03446 0.95026
vt 0.04998 0.93717
vt 0.05679 0.9397
vt 0.01675 0.94077
vt 0.02439 0.93742
vt 0.0483 0.94425
vt 0.04136 0.94284
vt 0.04014 0.94965
vt 0.04568 0.95113
vt 0.06743 0.95192
vt 0.06064 0.94906
vt 0.05712 0.95653
vt 0.06348 0.95993
vt 0.05458 0.94649
vt 0.05115 0.95351
vt 0.00962 0.94408
vt 0.06334 0.94202
vt 0.07045 0.94398
vt 0.0407 0.95566
vt 0.04648 0.95587
vt 0.05712 0.95858
vt 0.06145 0.96086
vt 0.02283 0.95917
vt 0.02868 0.95735
vt 0.05213 0.95685
vt 0.0349 0.95607
vt 0.01807 0.96195
vt 0.02136 0.96978
vt 0.0261 0.96863
vt 0.04541 0.96541
vt 0.04956 0.96601
vt 0.04117 0.96541
vt 0.05373 0.96712
vt 0.05797 0.96846
vt 0.03146 0.96719
vt 0.03665 0.96603
vt 0.03259 0.97427
vt 0.03724 0.97425
vt 0.0414 0.97434
vt 0.02219 0.97512
vt 0.02721 0.97455
vt 0.04526 0.97443
vt 0.04904 0.97437
vt 0.05297 0.97418
vt 0.05736 0.97399
vt 0.02744 0.98044
vt 0.03239 0.98075
vt 0.04953 0.98157
vt 0.05375 0.98064
vt 0.03705 0.9814
vt 0.04136 0.98194
vt 0.0225 0.98069
vt 0.04546 0.98207
vt 0.05818 0.97949
vt 0.04116 0.98776
vt 0.04577 0.98778
vt 0.05496 0.98619
vt 0.05947 0.98489
vt 0.02731 0.98606
vt 0.03187 0.9864
vt 0.05037 0.98727
vt 0.03648 0.98717
vt 0.02262 0.98621
vt 0.05624 0.62841
vt 0.04849 0.62859
vt 0.06353 0.62873
vt 0.02007 0.62959
vt 0.01313 0.62906
vt 0.02781 0.62983
vt 0.04144 0.62908
vt 0.03508 0.62958
vt 0.06987 0.62923
vt 0.0337 0.25577
vt 0.24482 0.8685
vt 0.28425 0.86851
vt 0.28425 0.7439
vt 0.24484 0.7439
vt 0.24482 0.99311
vt 0.28425 0.99311
vt 0.28642 0.86851
vt 0.28642 0.74391
vt 0.28642 0.99311
vt 0.2886 0.86851
vt 0.28859 0.74391
vt 0.29184 0.86851
vt 0.29183 0.74391
vt 0.2886 0.99312
vt 0.43192 0.86851
vt 0.43191 0.74391
vt 0.29183 0.99312
vt 0.53121 0.86851
vt 0.53121 0.74391
vt 0.43192 0.99312
vt 0.62044 0.86851
vt 0.62044 0.7439
vt 0.53121 0.99311
vt 0.95677 0.86851
vt 0.99619 0.86851
vt 0.99619 0.74391
vt 0.95677 0.74391
vt 0.70967 0.86851
vt 0.70967 0.7439
vt 0.62044 0.99311
vt 0.95677 0.99311
vt 0.99618 0.99312
vt 0.95459 0.74391
vt 0.95459 0.86851
vt 0.80897 0.86851
vt 0.80897 0.7439
vt 0.70968 0.99311
vt 0.9546 0.99311
vt 0.95242 0.7439
vt 0.95242 0.8685
vt 0.94679 0.8685
vt 0.94679 0.7439
vt 0.80897 0.99311
vt 0.95243 0.99311
vt 0.94679 0.99311
vt 0.97045 0.19698
vt 0.96546 0.19201
vt 0.9709 0.19599
vt 0.96607 0.1912
vt 0.95399 0.18663
vt 0.95437 0.18568
vt 0.95475 0.18471
vt 0.94175 0.18261
vt 0.94184 0.18154
vt 0.93953 0.18265
vt 0.93992 0.1816
vt 0.95265 0.27368
vt 0.94084 0.2777
vt 0.95302 0.27459
vt 0.94097 0.27873
vt 0.9534 0.27553
vt 0.96333 0.26769
vt 0.96392 0.26849
vt 0.96453 0.26929
vt 0.89176 0.21227
vt 0.89823 0.20171
vt 0.89744 0.20108
vt 0.89084 0.21187
vt 0.89665 0.20044
vt 0.88992 0.21146
vt 0.90366 0.26697
vt 0.90525 0.26851
vt 0.90322 0.26801
vt 0.90459 0.26936
vt 0.91683 0.27379
vt 0.91647 0.27472
vt 0.92854 0.27764
vt 0.9161 0.27565
vt 0.92841 0.27862
vt 0.93534 0.27775
vt 0.93497 0.27873
vt 0.88843 0.23654
vt 0.8883 0.22418
vt 0.88731 0.22404
vt 0.88744 0.23667
vt 0.88629 0.2239
vt 0.88644 0.2368
vt 0.71838 0.27893
vt 0.72429 0.27777
vt 0.72373 0.27689
vt 0.71832 0.2779
vt 0.70544 0.27791
vt 0.70567 0.27691
vt 0.7059 0.27594
vt 0.89653 0.25973
vt 0.89573 0.26032
vt 0.71618 0.18218
vt 0.70633 0.18369
vt 0.71618 0.1812
vt 0.70577 0.18275
vt 0.73937 0.18964
vt 0.74886 0.1971
vt 0.74956 0.19642
vt 0.73987 0.18879
vt 0.75027 0.19573
vt 0.74037 0.18793
vt 0.74064 0.26926
vt 0.74117 0.27006
vt 0.75049 0.26222
vt 0.7417 0.27087
vt 0.75125 0.26289
vt 0.67013 0.24364
vt 0.6753 0.25537
vt 0.67618 0.25485
vt 0.6711 0.24337
vt 0.67704 0.25434
vt 0.67205 0.24309
vt 0.68311 0.26558
vt 0.68382 0.26486
vt 0.68452 0.26414
vt 0.69177 0.18783
vt 0.68158 0.19566
vt 0.68229 0.19635
vt 0.69227 0.18872
vt 0.69276 0.18959
vt 0.69351 0.27313
vt 0.69399 0.27224
vt 0.22813 0.71244
vt 0.23328 0.71749
vt 0.23356 0.71724
vt 0.22834 0.71212
vt 0.23293 0.71791
vt 0.23514 0.72485
vt 0.23551 0.72445
vt 0.23571 0.73348
vt 0.23427 0.72587
vt 0.2348 0.73439
vt 0.22099 0.89195
vt 0.22779 0.89014
vt 0.22704 0.8891
vt 0.22029 0.89083
vt 0.20122 0.89164
vt 0.20139 0.89213
vt 0.22127 0.89241
vt 0.20147 0.89253
vt 0.17245 0.89174
vt 0.22095 0.71046
vt 0.22109 0.71011
vt 0.2278 0.7129
vt 0.23209 0.71896
vt 0.20082 0.89054
vt 0.17245 0.8912
vt 0.13839 0.89174
vt 0.13834 0.89234
vt 0.20013 0.71056
vt 0.2002 0.71014
vt 0.22066 0.71095
vt 0.227 0.714
vt 0.20019 0.70913
vt 0.17244 0.89019
vt 0.13849 0.89115
vt 0.10405 0.89232
vt 0.17035 0.71163
vt 0.19996 0.71107
vt 0.21991 0.71214
vt 0.13866 0.89017
vt 0.10427 0.89178
vt 0.09804 0.89231
vt 0.09791 0.89266
vt 0.13622 0.71249
vt 0.13631 0.71307
vt 0.17036 0.71218
vt 0.19954 0.71222
vt 0.10476 0.8907
vt 0.09832 0.89183
vt 0.09094 0.89031
vt 0.09074 0.89062
vt 0.10312 0.71441
vt 0.13643 0.71365
vt 0.17039 0.71321
vt 0.09906 0.89065
vt 0.09125 0.88986
vt 0.08587 0.88545
vt 0.08561 0.88569
vt 0.09747 0.71429
vt 0.09761 0.71461
vt 0.10335 0.71491
vt 0.13665 0.71461
vt 0.092 0.88878
vt 0.0862 0.88505
vt 0.08373 0.87873
vt 0.08343 0.87892
vt 0.0973 0.71333
vt 0.09105 0.71672
vt 0.09086 0.71643
vt 0.09789 0.71505
vt 0.10385 0.71593
vt 0.08696 0.88404
vt 0.08407 0.87836
vt 0.08319 0.87032
vt 0.08286 0.87047
vt 0.08625 0.72149
vt 0.08601 0.72125
vt 0.09136 0.71714
vt 0.09861 0.71612
vt 0.08489 0.87738
vt 0.08355 0.86998
vt 0.08232 0.85084
vt 0.08269 0.85071
vt 0.08185 0.87052
vt 0.08242 0.87912
vt 0.08451 0.72535
vt 0.08423 0.72517
vt 0.08658 0.72188
vt 0.0921 0.71815
vt 0.0844 0.86909
vt 0.08308 0.85044
vt 0.08197 0.82589
vt 0.08239 0.82582
vt 0.08139 0.85086
vt 0.08395 0.73581
vt 0.08364 0.73567
vt 0.08484 0.7257
vt 0.08735 0.72284
vt 0.08388 0.84983
vt 0.08281 0.82568
vt 0.08252 0.80225
vt 0.08211 0.80224
vt 0.08107 0.8259
vt 0.08318 0.75443
vt 0.08354 0.75455
vt 0.08429 0.73612
vt 0.08561 0.7266
vt 0.0836 0.82538
vt 0.08292 0.80225
vt 0.08289 0.77886
vt 0.08247 0.77878
vt 0.08119 0.80223
vt 0.08392 0.75481
vt 0.0851 0.73693
vt 0.08373 0.80224
vt 0.0833 0.779
vt 0.08469 0.75539
vt 0.08407 0.77929
vt 0.08329 0.72492
vt 0.08268 0.73563
vt 0.22124 0.70903
vt 0.13618 0.71157
vt 0.23821 0.85229
vt 0.23881 0.82744
vt 0.2379 0.82743
vt 0.23729 0.85226
vt 0.20146 0.89349
vt 0.23662 0.87978
vt 0.23738 0.87152
vt 0.23641 0.87146
vt 0.23568 0.87957
vt 0.08476 0.88623
vt 0.0902 0.89154
vt 0.13834 0.89327
vt 0.09033 0.71556
vt 0.09775 0.89374
vt 0.2289 0.71119
vt 0.23685 0.72406
vt 0.23446 0.71669
vt 0.23583 0.72426
vt 0.08229 0.7544
vt 0.08159 0.77876
vt 0.08522 0.72071
vt 0.23881 0.80348
vt 0.23853 0.77919
vt 0.2376 0.77921
vt 0.23787 0.80349
vt 0.22154 0.89378
vt 0.2214 0.89275
vt 0.23748 0.82736
vt 0.23693 0.85212
vt 0.23745 0.80349
vt 0.23706 0.82721
vt 0.23654 0.85186
vt 0.23609 0.8713
vt 0.23806 0.75334
vt 0.2371 0.75337
vt 0.23717 0.77928
vt 0.23703 0.80348
vt 0.23624 0.82691
vt 0.23572 0.85124
vt 0.23574 0.87096
vt 0.23539 0.87938
vt 0.23333 0.88611
vt 0.23417 0.88665
vt 0.23672 0.7535
vt 0.23746 0.73293
vt 0.23643 0.73298
vt 0.23674 0.77942
vt 0.23617 0.80348
vt 0.2349 0.87009
vt 0.23505 0.879
vt 0.23307 0.88587
vt 0.22829 0.89088
vt 0.22881 0.89177
vt 0.23609 0.73314
vt 0.2363 0.75377
vt 0.23589 0.77972
vt 0.23426 0.87804
vt 0.23275 0.88546
vt 0.2281 0.89058
vt 0.23544 0.7544
vt 0.23199 0.88445
vt 0.89142 0.24842
vt 0.90718 0.19316
vt 0.97212 0.25916
vt 0.97847 0.24872
vt 0.75606 0.2067
vt 0.91785 0.18717
vt 0.98243 0.22482
vt 0.9796 0.21274
vt 0.98199 0.23706
vt 0.72819 0.18486
vt 0.67137 0.21871
vt 0.6703 0.23096
vt 0.69448 0.27136
vt 0.76054 0.21776
vt 0.76235 0.22956
vt 0.76079 0.24137
vt 0.8905 0.24878
vt 0.88957 0.24915
vt 0.90658 0.19236
vt 0.90598 0.19154
vt 0.91748 0.18626
vt 0.91711 0.18535
vt 0.92943 0.18301
vt 0.92927 0.18203
vt 0.9729 0.25978
vt 0.97937 0.24912
vt 0.97368 0.2604
vt 0.98028 0.24953
vt 0.76147 0.2175
vt 0.7569 0.20622
vt 0.76242 0.21724
vt 0.75776 0.20574
vt 0.76332 0.22955
vt 0.7643 0.22954
vt 0.76172 0.24161
vt 0.76267 0.24186
vt 0.97435 0.20108
vt 0.9752 0.20045
vt 0.98054 0.21238
vt 0.98152 0.21201
vt 0.98342 0.22472
vt 0.98443 0.22463
vt 0.98297 0.23722
vt 0.98395 0.23738
vt 0.73036 0.27547
vt 0.73068 0.27638
vt 0.70391 0.18301
vt 0.70417 0.18405
vt 0.67762 0.20106
vt 0.67412 0.20608
vt 0.67504 0.20658
vt 0.67821 0.20195
vt 0.66939 0.21825
vt 0.67038 0.21848
vt 0.66832 0.23102
vt 0.66931 0.23099
vt 0.75172 0.26053
vt 0.75229 0.26142
vt 0.72846 0.18392
vt 0.72872 0.18296
vt 0.75723 0.2527
vt 0.75806 0.25315
vt 0.97753 0.651
vt 0.9014 0.651
vt 0.9014 0.65663
vt 0.97753 0.65663
vt 0.50133 0.61203
vt 0.50133 0.63178
vt 0.50696 0.62653
vt 0.50696 0.61207
vt 0.9968 0.63178
vt 0.9968 0.61203
vt 0.99112 0.61207
vt 0.99112 0.62653
vt 0.9014 0.66776
vt 0.97753 0.66776
vt 0.97753 0.66208
vt 0.9014 0.66208
vt 0.82526 0.66776
vt 0.82526 0.66208
vt 0.99563 0.63909
vt 0.99436 0.63856
vt 0.98872 0.64391
vt 0.98996 0.64441
vt 0.99615 0.64036
vt 0.99048 0.64561
vt 0.93786 0.63856
vt 0.93537 0.64391
vt 0.88686 0.63856
vt 0.88495 0.64391
vt 0.814 0.63856
vt 0.81305 0.64391
vt 0.74842 0.63856
vt 0.74844 0.64391
vt 0.68284 0.63856
vt 0.68383 0.64391
vt 0.99627 0.63305
vt 0.99061 0.62773
vt 0.60998 0.63856
vt 0.61194 0.64391
vt 0.995 0.63357
vt 0.98937 0.62823
vt 0.55897 0.63856
vt 0.56151 0.64391
vt 0.93851 0.63357
vt 0.93602 0.62823
vt 0.50248 0.63856
vt 0.50807 0.64391
vt 0.8875 0.63357
vt 0.88559 0.62823
vt 0.50121 0.63909
vt 0.50683 0.64441
vt 0.81464 0.63357
vt 0.8137 0.62823
vt 0.50068 0.64036
vt 0.50631 0.64561
vt 0.74906 0.63357
vt 0.74909 0.62823
vt 0.68349 0.63357
vt 0.68448 0.62823
vt 0.50068 0.6601
vt 0.50631 0.66006
vt 0.61062 0.63357
vt 0.61258 0.62823
vt 0.99615 0.6601
vt 0.99048 0.66006
vt 0.55962 0.63357
vt 0.56216 0.62823
vt 0.82526 0.651
vt 0.82526 0.65663
vt 0.50312 0.63357
vt 0.50871 0.62823
vt 0.50185 0.63305
vt 0.50747 0.62773
vt 0.81822 0.66208
vt 0.81822 0.66776
vt 0.9968 0.59961
vt 0.99112 0.59965
vt 0.99112 0.60497
vt 0.9968 0.60493
vt 0.98458 0.66776
vt 0.98458 0.66208
vt 0.99048 0.67248
vt 0.99615 0.67252
vt 0.99615 0.6672
vt 0.99048 0.66716
vt 0.50068 0.6672
vt 0.50631 0.66716
vt 0.50068 0.67252
vt 0.50631 0.67248
vt 0.98458 0.65663
vt 0.98458 0.651
vt 0.50696 0.60497
vt 0.50133 0.60493
vt 0.50696 0.59965
vt 0.50133 0.59961
vt 0.81822 0.651
vt 0.81822 0.65663
vt 0.73133 0.12054
vt 0.78124 0.12054
vt 0.78124 0.12018
vt 0.73133 0.12018
vt 0.82617 0.12054
vt 0.82617 0.12018
vt 0.69639 0.12018
vt 0.69639 0.12054
vt 0.73133 0.12141
vt 0.78124 0.12141
vt 0.82617 0.12141
vt 0.87109 0.12018
vt 0.87109 0.12054
vt 0.67655 0.12054
vt 0.6765 0.12018
vt 0.73133 0.15512
vt 0.78124 0.15512
vt 0.87109 0.12141
vt 0.82617 0.15512
vt 0.921 0.12018
vt 0.921 0.12054
vt 0.73133 0.1632
vt 0.78124 0.1632
vt 0.66916 0.12386
vt 0.66898 0.12354
vt 0.66014 0.13289
vt 0.82617 0.1632
vt 0.921 0.12141
vt 0.87109 0.15512
vt 0.95594 0.12054
vt 0.95594 0.12018
vt 0.69639 0.1632
vt 0.65981 0.1327
vt 0.65682 0.14527
vt 0.87109 0.1632
vt 0.921 0.15512
vt 0.97079 0.12054
vt 0.97084 0.12018
vt 0.65769 0.1632
vt 0.65646 0.14522
vt 0.65682 0.15512
vt 0.921 0.1632
vt 0.98317 0.12386
vt 0.9922 0.13289
vt 0.98336 0.12354
vt 0.65682 0.1632
vt 0.65646 0.15512
vt 0.95594 0.1632
vt 0.99552 0.14527
vt 0.99252 0.1327
vt 0.65646 0.1632
vt 0.99465 0.1632
vt 0.99552 0.15512
vt 0.99588 0.14522
vt 0.99552 0.1632
vt 0.99588 0.15512
vt 0.99588 0.1632
vt 0.6564 0.1676
vt 0.65604 0.1676
vt 0.65604 0.17567
vt 0.6564 0.17567
vt 0.6564 0.23058
vt 0.65604 0.23058
vt 0.65727 0.1676
vt 0.6564 0.26539
vt 0.65604 0.26544
vt 0.69597 0.1676
vt 0.99546 0.1676
vt 0.9951 0.1676
vt 0.9951 0.17567
vt 0.99546 0.17567
vt 0.65972 0.27777
vt 0.65939 0.27796
vt 0.66874 0.2868
vt 0.73091 0.1676
vt 0.99423 0.1676
vt 0.99546 0.23058
vt 0.9951 0.23058
vt 0.66856 0.28712
vt 0.68112 0.29012
vt 0.78083 0.1676
vt 0.48742 0.68529
vt 0.44994 0.69193
vt 0.4485 0.71585
vt 0.48517 0.7158
vt 0.99317 0.70424
vt 0.9409 0.7039
vt 0.94365 0.70868
vt 0.994 0.70901
vt 0.80074 0.68515
vt 0.75909 0.67783
vt 0.76228 0.71566
vt 0.80303 0.71566
vt 0.72547 0.67213
vt 0.67264 0.67212
vt 0.67176 0.71516
vt 0.72268 0.71517
vt 0.61344 0.67211
vt 0.61434 0.71514
vt 0.87572 0.69829
vt 0.83823 0.69173
vt 0.8397 0.71566
vt 0.87638 0.71568
vt 0.41246 0.69855
vt 0.41182 0.71593
vt 0.37081 0.70588
vt 0.36319 0.70613
vt 0.36014 0.71268
vt 0.37107 0.71607
vt 0.74101 0.67466
vt 0.74471 0.71566
vt 0.54713 0.67472
vt 0.52906 0.67792
vt 0.52592 0.71575
vt 0.54349 0.71573
vt 0.56519 0.67209
vt 0.56787 0.71513
vt 0.34617 0.70322
vt 0.29845 0.70316
vt 0.29753 0.70792
vt 0.34347 0.70797
vt 0.91738 0.70557
vt 0.91713 0.71577
vt 0.23925 0.70309
vt 0.24011 0.70785
vt 0.67558 0.40074
vt 0.67558 0.36134
vt 0.67087 0.35785
vt 0.67087 0.40424
vt 0.72726 0.36134
vt 0.73197 0.35785
vt 0.72726 0.40074
vt 0.73197 0.40424
vt 0.74399 0.4015
vt 0.74399 0.3621
vt 0.73928 0.35861
vt 0.73928 0.405
vt 0.79567 0.3621
vt 0.80038 0.35861
vt 0.79567 0.4015
vt 0.80038 0.405
vt 0.81316 0.39998
vt 0.81316 0.36058
vt 0.80845 0.35709
vt 0.80845 0.40348
vt 0.86484 0.36058
vt 0.86955 0.35709
vt 0.86484 0.39998
vt 0.86955 0.40348
vt 0.67558 0.45293
vt 0.67558 0.41353
vt 0.67087 0.41003
vt 0.67087 0.45643
vt 0.72726 0.41353
vt 0.73197 0.41003
vt 0.72726 0.45293
vt 0.73197 0.45643
vt 0.74399 0.45369
vt 0.74399 0.41429
vt 0.73928 0.41079
vt 0.73928 0.45718
vt 0.79567 0.41429
vt 0.80038 0.41079
vt 0.79567 0.45369
vt 0.80038 0.45718
vt 0.81316 0.45217
vt 0.81316 0.41277
vt 0.80845 0.40927
vt 0.80845 0.45567
vt 0.86484 0.41277
vt 0.86955 0.40927
vt 0.86484 0.45217
vt 0.86955 0.45567
vt 0.67558 0.50512
vt 0.67558 0.46571
vt 0.67087 0.46222
vt 0.67087 0.50861
vt 0.72726 0.46571
vt 0.73197 0.46222
vt 0.72726 0.50512
vt 0.73197 0.50861
vt 0.74399 0.50587
vt 0.74399 0.46647
vt 0.73928 0.46298
vt 0.73928 0.50937
vt 0.79567 0.46647
vt 0.80038 0.46298
vt 0.79567 0.50587
vt 0.80038 0.50937
vt 0.81316 0.50436
vt 0.81316 0.46495
vt 0.80845 0.46146
vt 0.80845 0.50785
vt 0.86484 0.46495
vt 0.86955 0.46146
vt 0.86484 0.50436
vt 0.86955 0.50785
vt 0.67558 0.5573
vt 0.67558 0.5179
vt 0.67087 0.5144
vt 0.67087 0.5608
vt 0.72726 0.5179
vt 0.73197 0.5144
vt 0.72726 0.5573
vt 0.73197 0.5608
vt 0.74399 0.55806
vt 0.74399 0.51866
vt 0.73928 0.51516
vt 0.73928 0.56156
vt 0.79567 0.51866
vt 0.80038 0.51516
vt 0.79567 0.55806
vt 0.80038 0.56156
vt 0.81316 0.55654
vt 0.81316 0.51714
vt 0.80845 0.51365
vt 0.80845 0.56004
vt 0.86484 0.51714
vt 0.86955 0.51365
vt 0.86484 0.55654
vt 0.86955 0.56004
vt 0.67654 0.61438
vt 0.67654 0.57497
vt 0.67183 0.57148
vt 0.67183 0.61787
vt 0.72822 0.57497
vt 0.73293 0.57148
vt 0.72822 0.61438
vt 0.73293 0.61787
vt 0.74177 0.61438
vt 0.74177 0.57497
vt 0.73706 0.57148
vt 0.73706 0.61787
vt 0.79345 0.57497
vt 0.79816 0.57148
vt 0.79345 0.61438
vt 0.79816 0.61787
vt 0.807 0.61438
vt 0.807 0.57497
vt 0.80229 0.57148
vt 0.80229 0.61787
vt 0.85868 0.57497
vt 0.86339 0.57148
vt 0.85868 0.61438
vt 0.86339 0.61787
vt 0.87224 0.61438
vt 0.87224 0.57497
vt 0.86752 0.57148
vt 0.86752 0.61787
vt 0.92391 0.57497
vt 0.92863 0.57148
vt 0.92391 0.61438
vt 0.92863 0.61787
vt 0.67503 0.34692
vt 0.67503 0.30752
vt 0.67032 0.30402
vt 0.67032 0.35041
vt 0.72671 0.30752
vt 0.73142 0.30402
vt 0.72671 0.34692
vt 0.73142 0.35041
vt 0.74422 0.34692
vt 0.74422 0.30752
vt 0.73951 0.30402
vt 0.73951 0.35041
vt 0.7959 0.30752
vt 0.80061 0.30402
vt 0.7959 0.34692
vt 0.80061 0.35041
vt 0.81341 0.34548
vt 0.81341 0.30608
vt 0.8087 0.30259
vt 0.8087 0.34898
vt 0.86509 0.30608
vt 0.8698 0.30259
vt 0.86509 0.34548
vt 0.8698 0.34898
vt 0.98128 0.39926
vt 0.98128 0.34114
vt 0.90825 0.34114
vt 0.90825 0.39926
vt 0.90303 0.40313
vt 0.9865 0.40313
vt 0.9865 0.33727
vt 0.90303 0.33727
vt 0.93496 0.70398
vt 0.93771 0.70901
vt 0.9292 0.70482
vt 0.93203 0.71052
vt 0.92385 0.70676
vt 0.92694 0.71332
vt 0.34939 0.70835
vt 0.35209 0.70334
vt 0.35506 0.70989
vt 0.35784 0.7042
vt 0.73676 0.67372
vt 0.734 0.71578
vt 0.73114 0.67254
vt 0.72835 0.71531
vt 0.55655 0.71573
vt 0.5539 0.67367
vt 0.5622 0.71527
vt 0.55952 0.6725
vt 0.21262 0.81939
vt 0.18061 0.81939
vt 0.21262 0.80042
vt 0.18061 0.80042
vt 0.15089 0.81939
vt 0.21262 0.78144
vt 0.18061 0.78144
vt 0.15089 0.80042
vt 0.12118 0.81939
vt 0.15089 0.78144
vt 0.12118 0.80042
vt 0.12118 0.78144
vt 0.51375 0.34331
vt 0.53343 0.34008
vt 0.5335 0.33767
vt 0.5138 0.3407
vt 0.57015 0.27092
vt 0.56727 0.2695
vt 0.42685 0.25303
vt 0.4268 0.24639
vt 0.36812 0.24637
vt 0.36813 0.253
vt 0.49003 0.34586
vt 0.42763 0.34912
vt 0.42769 0.35585
vt 0.49547 0.35211
vt 0.52029 0.35918
vt 0.52045 0.37267
vt 0.54453 0.16389
vt 0.56336 0.17822
vt 0.5665 0.17265
vt 0.5495 0.15942
vt 0.42782 0.37776
vt 0.4279 0.36487
vt 0.36828 0.36536
vt 0.36829 0.37806
vt 0.49121 0.20798
vt 0.51699 0.21124
vt 0.49959 0.18853
vt 0.48557 0.18675
vt 0.49512 0.14344
vt 0.48955 0.14643
vt 0.50432 0.16807
vt 0.51151 0.16579
vt 0.58811 0.23168
vt 0.58275 0.24302
vt 0.59329 0.25178
vt 0.60031 0.24309
vt 0.49476 0.37602
vt 0.49569 0.36172
vt 0.60611 0.21036
vt 0.62093 0.22541
vt 0.6247 0.22118
vt 0.61062 0.20647
vt 0.5295 0.14945
vt 0.51437 0.1292
vt 0.51337 0.12961
vt 0.52882 0.15023
vt 0.60547 0.21089
vt 0.62038 0.22603
vt 0.5715 0.26965
vt 0.56774 0.26768
vt 0.64476 0.26926
vt 0.64852 0.28926
vt 0.65387 0.28795
vt 0.65051 0.26836
vt 0.57751 0.25394
vt 0.57244 0.26141
vt 0.57804 0.26499
vt 0.5849 0.25949
vt 0.61594 0.24665
vt 0.60806 0.25244
vt 0.6158 0.26592
vt 0.62474 0.2621
vt 0.61998 0.2767
vt 0.61112 0.28105
vt 0.61334 0.29207
vt 0.62301 0.29147
vt 0.5928 0.26779
vt 0.5863 0.27269
vt 0.58974 0.27759
vt 0.59736 0.2748
vt 0.62904 0.27377
vt 0.63241 0.2908
vt 0.64395 0.26937
vt 0.64776 0.28944
vt 0.5825 0.2799
vt 0.58021 0.27688
vt 0.57895 0.27815
vt 0.58079 0.28051
vt 0.6015 0.28468
vt 0.59405 0.2872
vt 0.59532 0.29277
vt 0.6032 0.29248
vt 0.5914 0.3647
vt 0.58545 0.35358
vt 0.58787 0.29294
vt 0.58704 0.28944
vt 0.58538 0.29011
vt 0.58606 0.29295
vt 0.60846 0.32451
vt 0.61746 0.32894
vt 0.62114 0.3179
vt 0.61198 0.314
vt 0.5956 0.34426
vt 0.58679 0.33694
vt 0.57965 0.34288
vt 0.47991 0.16593
vt 0.4762 0.15046
vt 0.42164 0.15586
vt 0.42256 0.17165
vt 0.56862 0.32776
vt 0.57144 0.3262
vt 0.57595 0.18818
vt 0.59398 0.20127
vt 0.59441 0.20055
vt 0.57656 0.18753
vt 0.6299 0.23735
vt 0.63981 0.25551
vt 0.64456 0.25257
vt 0.63518 0.23472
vt 0.59737 0.19556
vt 0.58073 0.18307
vt 0.42632 0.20968
vt 0.42659 0.22484
vt 0.49222 0.22498
vt 0.42658 0.27618
vt 0.42682 0.25877
vt 0.36814 0.25877
vt 0.36816 0.27625
vt 0.42427 0.19104
vt 0.51755 0.22723
vt 0.59459 0.22344
vt 0.60799 0.23648
vt 0.36809 0.225
vt 0.36806 0.20991
vt 0.36804 0.19157
vt 0.55144 0.25418
vt 0.56055 0.25616
vt 0.48725 0.30023
vt 0.48767 0.27703
vt 0.42659 0.30094
vt 0.48868 0.26038
vt 0.60102 0.26071
vt 0.60707 0.27078
vt 0.3682 0.3012
vt 0.60429 0.21207
vt 0.61918 0.22715
vt 0.61357 0.30285
vt 0.62323 0.30291
vt 0.53403 0.14432
vt 0.52088 0.12653
vt 0.57484 0.18958
vt 0.59299 0.20267
vt 0.55236 0.26243
vt 0.54822 0.26155
vt 0.54831 0.26375
vt 0.55184 0.26437
vt 0.36799 0.15679
vt 0.36801 0.17251
vt 0.53175 0.25885
vt 0.53718 0.25254
vt 0.51734 0.25018
vt 0.51212 0.25645
vt 0.50359 0.13673
vt 0.51999 0.15827
vt 0.52734 0.15168
vt 0.51152 0.13074
vt 0.48873 0.25753
vt 0.51226 0.25903
vt 0.48858 0.25475
vt 0.51173 0.26162
vt 0.42685 0.25584
vt 0.4829 0.14873
vt 0.49194 0.16732
vt 0.36813 0.25583
vt 0.6424 0.26973
vt 0.64619 0.28968
vt 0.54379 0.16455
vt 0.56291 0.17904
vt 0.54241 0.16602
vt 0.56186 0.18062
vt 0.62915 0.23771
vt 0.63913 0.25593
vt 0.62775 0.23853
vt 0.6377 0.25665
vt 0.64395 0.32373
vt 0.63991 0.33713
vt 0.64139 0.33778
vt 0.64554 0.324
vt 0.6266 0.33232
vt 0.63029 0.32037
vt 0.5569 0.18767
vt 0.53633 0.17335
vt 0.63083 0.35581
vt 0.62285 0.36764
vt 0.6241 0.3687
vt 0.63228 0.35657
vt 0.58837 0.20866
vt 0.57047 0.19631
vt 0.61365 0.23172
vt 0.59944 0.21762
vt 0.63125 0.25936
vt 0.62186 0.24251
vt 0.63933 0.29026
vt 0.63573 0.2717
vt 0.61038 0.34285
vt 0.60307 0.35262
vt 0.61113 0.35887
vt 0.61858 0.34826
vt 0.59834 0.37264
vt 0.60869 0.38356
vt 0.59776 0.39363
vt 0.59883 0.39498
vt 0.60994 0.38469
vt 0.5802 0.40769
vt 0.56767 0.41739
vt 0.56881 0.41891
vt 0.58138 0.40903
vt 0.5491 0.43316
vt 0.53524 0.4487
vt 0.53685 0.45
vt 0.55059 0.43453
vt 0.5102 0.43412
vt 0.51783 0.43587
vt 0.63714 0.3221
vt 0.63329 0.33473
vt 0.61705 0.36335
vt 0.62472 0.35212
vt 0.59282 0.38784
vt 0.60351 0.37824
vt 0.57545 0.40117
vt 0.56228 0.41059
vt 0.54248 0.42624
vt 0.52715 0.44272
vt 0.54254 0.45537
vt 0.55662 0.43918
vt 0.55138 0.43514
vt 0.53759 0.45071
vt 0.57284 0.42512
vt 0.58644 0.41389
vt 0.58201 0.40964
vt 0.56931 0.4197
vt 0.60253 0.40058
vt 0.61536 0.38888
vt 0.61062 0.3852
vt 0.5993 0.3957
vt 0.64636 0.32407
vt 0.64209 0.33817
vt 0.64701 0.34089
vt 0.65222 0.32467
vt 0.62868 0.37333
vt 0.63848 0.35925
vt 0.63305 0.35689
vt 0.62468 0.36928
vt 0.58745 0.30685
vt 0.58338 0.31661
vt 0.59074 0.31856
vt 0.59457 0.30873
vt 0.58123 0.31974
vt 0.57286 0.32741
vt 0.57964 0.33177
vt 0.58754 0.32364
vt 0.56918 0.32956
vt 0.55399 0.33556
vt 0.56251 0.34147
vt 0.57419 0.33563
vt 0.58164 0.31609
vt 0.58576 0.30627
vt 0.57991 0.31853
vt 0.49629 0.45897
vt 0.48865 0.45676
vt 0.48314 0.47694
vt 0.49008 0.47888
vt 0.60343 0.30298
vt 0.54986 0.33442
vt 0.55338 0.33363
vt 0.54987 0.33663
vt 0.53918 0.3462
vt 0.55345 0.34389
vt 0.42428 0.43238
vt 0.4259 0.4124
vt 0.36832 0.41207
vt 0.36833 0.43149
vt 0.4845 0.438
vt 0.4895 0.41575
vt 0.60215 0.31087
vt 0.59852 0.32098
vt 0.42196 0.46911
vt 0.47617 0.47517
vt 0.48102 0.45494
vt 0.42331 0.44869
vt 0.36834 0.46787
vt 0.36834 0.44751
vt 0.53192 0.26124
vt 0.5863 0.3034
vt 0.58811 0.30332
vt 0.5943 0.32822
vt 0.6029 0.33491
vt 0.59555 0.3031
vt 0.49727 0.43585
vt 0.50396 0.41317
vt 0.64817 0.30351
vt 0.64896 0.30365
vt 0.52488 0.47189
vt 0.5239 0.47155
vt 0.51695 0.48919
vt 0.51795 0.48958
vt 0.65456 0.30463
vt 0.53137 0.47411
vt 0.52446 0.49211
vt 0.51326 0.46648
vt 0.50285 0.46143
vt 0.49608 0.48087
vt 0.50583 0.48463
vt 0.52198 0.47071
vt 0.51497 0.48841
vt 0.63276 0.3031
vt 0.63971 0.30323
vt 0.64659 0.30336
vt 0.36826 0.34683
vt 0.36826 0.34969
vt 0.42759 0.34628
vt 0.36826 0.34387
vt 0.42752 0.34332
vt 0.48996 0.34017
vt 0.4901 0.34305
vt 0.51317 0.33812
vt 0.51927 0.34944
vt 0.36823 0.32624
vt 0.42699 0.32577
vt 0.48842 0.32345
vt 0.42686 0.2375
vt 0.49364 0.23896
vt 0.36811 0.23752
vt 0.51795 0.24052
vt 0.36831 0.39339
vt 0.42777 0.39325
vt 0.49374 0.24842
vt 0.4944 0.3935
vt 0.52062 0.38895
vt 0.36827 0.35639
vt 0.22284 0.34374
vt 0.22278 0.34113
vt 0.20307 0.33818
vt 0.20315 0.34059
vt 0.16903 0.27013
vt 0.16615 0.27156
vt 0.30941 0.25321
vt 0.30944 0.24657
vt 0.24655 0.3462
vt 0.24114 0.35247
vt 0.30887 0.35599
vt 0.30891 0.34927
vt 0.21626 0.3731
vt 0.21637 0.35962
vt 0.19154 0.16445
vt 0.18658 0.15999
vt 0.16963 0.17324
vt 0.17277 0.1788
vt 0.3088 0.37789
vt 0.30868 0.36501
vt 0.24492 0.20838
vt 0.25049 0.18714
vt 0.23648 0.18897
vt 0.21916 0.21172
vt 0.24066 0.14388
vt 0.22451 0.16636
vt 0.23169 0.16858
vt 0.24626 0.14682
vt 0.14804 0.23234
vt 0.13586 0.24381
vt 0.14293 0.25248
vt 0.15345 0.24367
vt 0.24194 0.37634
vt 0.24095 0.36207
vt 0.12982 0.21099
vt 0.12523 0.20711
vt 0.11126 0.22207
vt 0.11508 0.22627
vt 0.20654 0.15003
vt 0.20723 0.1508
vt 0.22254 0.13022
vt 0.22155 0.12981
vt 0.13047 0.21154
vt 0.11562 0.22687
vt 0.16855 0.26831
vt 0.1648 0.2703
vt 0.09146 0.27014
vt 0.08572 0.26924
vt 0.08237 0.28886
vt 0.08774 0.29016
vt 0.15873 0.25459
vt 0.15135 0.26017
vt 0.15823 0.26565
vt 0.16383 0.26205
vt 0.12018 0.24744
vt 0.11144 0.26295
vt 0.12037 0.26666
vt 0.12818 0.25322
vt 0.11627 0.27752
vt 0.11328 0.29233
vt 0.12297 0.2929
vt 0.12516 0.28184
vt 0.14347 0.26851
vt 0.13892 0.27553
vt 0.14657 0.27831
vt 0.15 0.27339
vt 0.10724 0.27465
vt 0.10388 0.29169
vt 0.0885 0.29035
vt 0.09227 0.27025
vt 0.15383 0.2806
vt 0.15554 0.28119
vt 0.15737 0.27883
vt 0.15611 0.27756
vt 0.13481 0.28544
vt 0.13314 0.29327
vt 0.14103 0.29352
vt 0.14228 0.28795
vt 0.15122 0.35431
vt 0.14533 0.36543
vt 0.1485 0.29366
vt 0.15031 0.29366
vt 0.15098 0.29082
vt 0.14932 0.29016
vt 0.12805 0.32539
vt 0.12447 0.31488
vt 0.11536 0.31883
vt 0.11902 0.32991
vt 0.14104 0.34506
vt 0.15697 0.34359
vt 0.1498 0.33769
vt 0.25605 0.16629
vt 0.31345 0.1718
vt 0.31431 0.156
vt 0.25968 0.15078
vt 0.16509 0.32687
vt 0.16791 0.32842
vt 0.16022 0.18872
vt 0.15962 0.18807
vt 0.14164 0.20104
vt 0.14207 0.20176
vt 0.10621 0.23823
vt 0.10092 0.23565
vt 0.09166 0.25347
vt 0.0964 0.2564
vt 0.15546 0.18371
vt 0.13854 0.19594
vt 0.24396 0.22537
vt 0.30959 0.22502
vt 0.30981 0.20985
vt 0.30975 0.27636
vt 0.30946 0.25895
vt 0.3118 0.1912
vt 0.21865 0.22769
vt 0.14151 0.22412
vt 0.12808 0.2372
vt 0.17571 0.25676
vt 0.18482 0.25475
vt 0.24918 0.30058
vt 0.30982 0.30111
vt 0.24867 0.27739
vt 0.24762 0.26076
vt 0.12917 0.27153
vt 0.13522 0.26145
vt 0.11683 0.22799
vt 0.13167 0.21271
vt 0.11305 0.30382
vt 0.12278 0.30371
vt 0.21505 0.12718
vt 0.20201 0.14492
vt 0.14306 0.20317
vt 0.16133 0.19012
vt 0.18393 0.263
vt 0.18445 0.26495
vt 0.18798 0.26432
vt 0.18807 0.26211
vt 0.20454 0.25936
vt 0.22417 0.2569
vt 0.21892 0.25064
vt 0.19908 0.25306
vt 0.23234 0.13739
vt 0.22438 0.13134
vt 0.20871 0.15225
vt 0.21596 0.15874
vt 0.24756 0.25791
vt 0.2477 0.25513
vt 0.22403 0.25948
vt 0.22456 0.26206
vt 0.30942 0.25602
vt 0.24403 0.16775
vt 0.25295 0.14908
vt 0.09007 0.29058
vt 0.09383 0.2706
vt 0.17323 0.17961
vt 0.19228 0.16511
vt 0.17426 0.18118
vt 0.19367 0.16659
vt 0.09708 0.25681
vt 0.10696 0.23858
vt 0.09852 0.25753
vt 0.10836 0.2394
vt 0.0924 0.32478
vt 0.0908 0.32506
vt 0.0951 0.33895
vt 0.09659 0.33827
vt 0.10614 0.32131
vt 0.10992 0.33326
vt 0.19975 0.17388
vt 0.17924 0.18822
vt 0.10596 0.35683
vt 0.10453 0.3576
vt 0.11274 0.3696
vt 0.11398 0.36854
vt 0.14772 0.2092
vt 0.16568 0.19685
vt 0.12241 0.23253
vt 0.13658 0.21827
vt 0.11426 0.24334
vt 0.10495 0.26024
vt 0.10051 0.27259
vt 0.09695 0.29115
vt 0.1263 0.34372
vt 0.11803 0.34922
vt 0.12557 0.35977
vt 0.13362 0.35346
vt 0.13845 0.37338
vt 0.12817 0.38434
vt 0.12693 0.38546
vt 0.13797 0.39565
vt 0.13903 0.39431
vt 0.15661 0.40834
vt 0.15542 0.40969
vt 0.16807 0.41958
vt 0.16921 0.41805
vt 0.1879 0.43377
vt 0.18642 0.43515
vt 0.20029 0.45052
vt 0.20189 0.4492
vt 0.21929 0.43609
vt 0.22684 0.43434
vt 0.09923 0.32311
vt 0.10323 0.33579
vt 0.112 0.35309
vt 0.11973 0.36421
vt 0.13329 0.37901
vt 0.14397 0.38853
vt 0.16135 0.40181
vt 0.17458 0.41121
vt 0.19448 0.42679
vt 0.20987 0.44321
vt 0.19468 0.45594
vt 0.19956 0.45123
vt 0.18564 0.43577
vt 0.18041 0.43985
vt 0.16405 0.42583
vt 0.16757 0.42038
vt 0.15478 0.41031
vt 0.15035 0.41457
vt 0.13429 0.40122
vt 0.13751 0.39636
vt 0.12626 0.38596
vt 0.12155 0.38963
vt 0.08997 0.32513
vt 0.08407 0.32575
vt 0.08932 0.34212
vt 0.0944 0.33935
vt 0.10819 0.37423
vt 0.11216 0.37019
vt 0.10377 0.35793
vt 0.09846 0.36019
vt 0.14898 0.30759
vt 0.14186 0.30951
vt 0.14575 0.31933
vt 0.15311 0.31733
vt 0.15527 0.32046
vt 0.14898 0.32439
vt 0.15692 0.33248
vt 0.16368 0.32809
vt 0.16736 0.33022
vt 0.16238 0.33632
vt 0.17409 0.3421
vt 0.18258 0.33616
vt 0.15067 0.307
vt 0.15484 0.31681
vt 0.15658 0.31925
vt 0.24064 0.45909
vt 0.24689 0.47879
vt 0.25376 0.47687
vt 0.24825 0.45686
vt 0.13295 0.30379
vt 0.1867 0.33499
vt 0.18318 0.33422
vt 0.1867 0.33721
vt 0.18316 0.34448
vt 0.19743 0.34672
vt 0.31243 0.43244
vt 0.31078 0.41249
vt 0.24735 0.41598
vt 0.25237 0.43816
vt 0.13428 0.31169
vt 0.13798 0.32179
vt 0.31476 0.4691
vt 0.3134 0.44873
vt 0.25584 0.45503
vt 0.26069 0.47511
vt 0.20438 0.26175
vt 0.15011 0.30413
vt 0.14831 0.30406
vt 0.14224 0.32902
vt 0.13369 0.33576
vt 0.14085 0.30388
vt 0.23293 0.41346
vt 0.23967 0.43603
vt 0.08811 0.30445
vt 0.08732 0.3046
vt 0.21248 0.47212
vt 0.2196 0.4895
vt 0.22058 0.4891
vt 0.21345 0.47177
vt 0.08169 0.30559
vt 0.20608 0.47442
vt 0.21321 0.49211
vt 0.22405 0.46661
vt 0.23145 0.48447
vt 0.24097 0.48076
vt 0.23413 0.46158
vt 0.21533 0.47091
vt 0.22254 0.48829
vt 0.10359 0.30399
vt 0.09661 0.30416
vt 0.0897 0.30431
vt 0.30894 0.34643
vt 0.30901 0.34347
vt 0.2466 0.34052
vt 0.2234 0.33855
vt 0.24647 0.34339
vt 0.21734 0.34989
vt 0.30949 0.32593
vt 0.24808 0.3238
vt 0.24259 0.23936
vt 0.30935 0.23767
vt 0.21828 0.24099
vt 0.30888 0.39337
vt 0.24251 0.24882
vt 0.21616 0.38937
vt 0.24237 0.3938
vt 0.95553 0.1676
vt 0.9951 0.26539
vt 0.99546 0.26544
vt 0.68108 0.29048
vt 0.69597 0.29012
vt 0.82575 0.1676
vt 0.82575 0.17567
vt 0.92059 0.1676
vt 0.99178 0.27777
vt 0.98275 0.2868
vt 0.9921 0.27796
vt 0.87067 0.1676
vt 0.69597 0.29048
vt 0.73091 0.29012
vt 0.82575 0.23058
vt 0.97037 0.29012
vt 0.98294 0.28712
vt 0.73091 0.29048
vt 0.78083 0.29012
vt 0.82575 0.28925
vt 0.95553 0.29012
vt 0.97042 0.29048
vt 0.15883 0.54431
vt 0.14628 0.55161
vt 0.15025 0.5583
vt 0.16265 0.55112
vt 0.26463 0.65902
vt 0.27646 0.63788
vt 0.26936 0.63595
vt 0.25937 0.65412
vt 0.25855 0.65337
vt 0.26831 0.63566
vt 0.26662 0.63469
vt 0.25679 0.65245
vt 0.28297 0.60994
vt 0.28284 0.58612
vt 0.27602 0.58796
vt 0.2763 0.60829
vt 0.27523 0.60807
vt 0.27494 0.58821
vt 0.27301 0.58819
vt 0.27329 0.60814
vt 0.27556 0.55849
vt 0.26355 0.53771
vt 0.25843 0.54274
vt 0.26874 0.56048
vt 0.26771 0.5608
vt 0.25761 0.5435
vt 0.25587 0.54444
vt 0.26604 0.56181
vt 0.24339 0.5167
vt 0.22218 0.50476
vt 0.2202 0.51168
vt 0.23823 0.52207
vt 0.23748 0.52286
vt 0.21988 0.51275
vt 0.21887 0.51443
vt 0.23651 0.52458
vt 0.19413 0.49742
vt 0.1696 0.49716
vt 0.17143 0.50441
vt 0.1923 0.50418
vt 0.19206 0.50527
vt 0.1717 0.50551
vt 0.1717 0.50747
vt 0.19212 0.50725
vt 0.23608 0.63828
vt 0.24373 0.62485
vt 0.23663 0.62146
vt 0.22945 0.63396
vt 0.22996 0.61765
vt 0.22282 0.63001
vt 0.24085 0.60572
vt 0.24088 0.59131
vt 0.23315 0.59136
vt 0.23318 0.60559
vt 0.2487 0.60616
vt 0.24864 0.59082
vt 0.23659 0.57553
vt 0.22933 0.56299
vt 0.22268 0.56698
vt 0.22988 0.5793
vt 0.24371 0.57212
vt 0.23601 0.55856
vt 0.222 0.545
vt 0.20859 0.53707
vt 0.20508 0.54436
vt 0.21761 0.5515
vt 0.2013 0.55108
vt 0.21374 0.55818
vt 0.1897 0.53244
vt 0.17428 0.53227
vt 0.17478 0.54025
vt 0.18923 0.54021
vt 0.17486 0.54794
vt 0.18917 0.54791
vt 0.08859 0.55852
vt 0.08025 0.58627
vt 0.08747 0.58812
vt 0.09529 0.5604
vt 0.12117 0.51772
vt 0.10045 0.53757
vt 0.10573 0.54266
vt 0.126 0.5226
vt 0.14173 0.6926
vt 0.16996 0.70104
vt 0.1718 0.6937
vt 0.14366 0.68586
vt 0.08025 0.61086
vt 0.08825 0.639
vt 0.09522 0.63709
vt 0.0873 0.6091
vt 0.12673 0.52339
vt 0.10654 0.54343
vt 0.10823 0.54438
vt 0.12766 0.52509
vt 0.11563 0.60654
vt 0.12036 0.62547
vt 0.1276 0.622
vt 0.12344 0.60613
vt 0.09633 0.56072
vt 0.08855 0.58839
vt 0.09053 0.58837
vt 0.09799 0.56175
vt 0.08839 0.60883
vt 0.0963 0.63675
vt 0.09798 0.63573
vt 0.09039 0.60887
vt 0.12827 0.63901
vt 0.14223 0.65269
vt 0.14664 0.64612
vt 0.13491 0.6346
vt 0.10629 0.65432
vt 0.12668 0.67454
vt 0.12763 0.67283
vt 0.10801 0.65337
vt 0.17516 0.65736
vt 0.15924 0.65328
vt 0.15571 0.66042
vt 0.17465 0.66527
vt 0.20548 0.65286
vt 0.18966 0.65721
vt 0.19015 0.66507
vt 0.20912 0.66014
vt 0.14399 0.68481
vt 0.17207 0.69259
vt 0.17205 0.69059
vt 0.14504 0.68314
vt 0.1928 0.69265
vt 0.22091 0.68436
vt 0.21986 0.68269
vt 0.19283 0.69063
vt 0.13486 0.56337
vt 0.14187 0.54511
vt 0.12821 0.55897
vt 0.12336 0.59166
vt 0.12763 0.57585
vt 0.12051 0.57243
vt 0.11557 0.59117
vt 0.14148 0.56727
vt 0.13436 0.61821
vt 0.13113 0.6061
vt 0.19492 0.70087
vt 0.22331 0.69245
vt 0.22126 0.68545
vt 0.19307 0.69374
vt 0.15049 0.6394
vt 0.14154 0.63058
vt 0.17512 0.64962
vt 0.16295 0.64648
vt 0.1311 0.59177
vt 0.13434 0.57967
vt 0.2016 0.64616
vt 0.18948 0.6495
vt 0.10029 0.66001
vt 0.12083 0.68043
vt 0.12591 0.67535
vt 0.10549 0.65506
vt 0.23846 0.67405
vt 0.23923 0.67486
vt 0.21398 0.63892
vt 0.21793 0.64555
vt 0.24425 0.67973
vt 0.14359 0.51244
vt 0.14393 0.51349
vt 0.15522 0.53715
vt 0.23749 0.67234
vt 0.22241 0.65197
vt 0.14496 0.51515
vt 0.14161 0.50556
vt 0.37034 0.63616
vt 0.37405 0.62944
vt 0.36174 0.62237
vt 0.35783 0.62905
vt 0.47553 0.51918
vt 0.47026 0.52437
vt 0.48093 0.5429
vt 0.48826 0.5408
vt 0.46944 0.52516
vt 0.46767 0.52616
vt 0.4781 0.54425
vt 0.47983 0.54323
vt 0.49525 0.56966
vt 0.48815 0.57144
vt 0.48798 0.59234
vt 0.49497 0.59415
vt 0.48707 0.57167
vt 0.48506 0.57161
vt 0.4849 0.59209
vt 0.48688 0.59207
vt 0.48685 0.622
vt 0.48011 0.62018
vt 0.46978 0.63815
vt 0.47513 0.64326
vt 0.47904 0.61985
vt 0.47737 0.61883
vt 0.46724 0.63644
vt 0.46897 0.63739
vt 0.4542 0.66333
vt 0.44928 0.65837
vt 0.43127 0.66864
vt 0.43335 0.67578
vt 0.44854 0.65757
vt 0.4476 0.65585
vt 0.42996 0.66587
vt 0.43095 0.66756
vt 0.40504 0.68282
vt 0.40324 0.67584
vt 0.38257 0.67588
vt 0.3808 0.68282
vt 0.40299 0.67477
vt 0.40305 0.67279
vt 0.38281 0.67284
vt 0.38283 0.67479
vt 0.44674 0.54134
vt 0.44016 0.54581
vt 0.44759 0.55828
vt 0.45472 0.55475
vt 0.43359 0.54979
vt 0.44089 0.5622
vt 0.45205 0.57418
vt 0.44426 0.57435
vt 0.44426 0.58869
vt 0.45197 0.58875
vt 0.45995 0.57365
vt 0.45999 0.58928
vt 0.44787 0.60472
vt 0.44107 0.60085
vt 0.43375 0.61321
vt 0.44037 0.61712
vt 0.45496 0.60831
vt 0.4469 0.62157
vt 0.43325 0.63532
vt 0.42887 0.62878
vt 0.4163 0.63601
vt 0.41986 0.64317
vt 0.4249 0.62213
vt 0.41253 0.62931
vt 0.40094 0.64835
vt 0.40048 0.64045
vt 0.38605 0.64023
vt 0.38549 0.64806
vt 0.40041 0.63263
vt 0.38608 0.63263
vt 0.30112 0.62232
vt 0.30765 0.6205
vt 0.2997 0.59351
vt 0.29292 0.59536
vt 0.33294 0.66246
vt 0.33774 0.65766
vt 0.31779 0.63786
vt 0.31259 0.64284
vt 0.35156 0.48784
vt 0.35368 0.49482
vt 0.38174 0.4871
vt 0.37982 0.48012
vt 0.29228 0.5715
vt 0.29921 0.57312
vt 0.30559 0.54514
vt 0.29864 0.54331
vt 0.33848 0.65687
vt 0.3394 0.65519
vt 0.32023 0.63619
vt 0.31857 0.63712
vt 0.32685 0.57476
vt 0.3347 0.57523
vt 0.33866 0.55941
vt 0.33159 0.55606
vt 0.30866 0.62017
vt 0.31029 0.61916
vt 0.3027 0.59323
vt 0.30077 0.59323
vt 0.30027 0.57333
vt 0.30221 0.57324
vt 0.30838 0.54641
vt 0.30667 0.54544
vt 0.33876 0.54236
vt 0.34547 0.54659
vt 0.35709 0.53488
vt 0.35253 0.52826
vt 0.31649 0.52774
vt 0.31824 0.52865
vt 0.33745 0.50827
vt 0.33644 0.50655
vt 0.38541 0.52307
vt 0.38478 0.51519
vt 0.36598 0.52032
vt 0.36954 0.52736
vt 0.41578 0.52688
vt 0.4193 0.51961
vt 0.40024 0.51509
vt 0.39982 0.523
vt 0.35401 0.49588
vt 0.35507 0.49757
vt 0.382 0.49016
vt 0.38201 0.48819
vt 0.40221 0.4878
vt 0.40228 0.48977
vt 0.42922 0.49667
vt 0.43022 0.49495
vt 0.34647 0.61749
vt 0.34003 0.62186
vt 0.35348 0.63557
vt 0.33491 0.58956
vt 0.32702 0.59016
vt 0.33213 0.60881
vt 0.3391 0.60525
vt 0.35295 0.61358
vt 0.34238 0.57516
vt 0.34543 0.56302
vt 0.40414 0.47996
vt 0.40244 0.48673
vt 0.43053 0.49386
vt 0.43244 0.48687
vt 0.35227 0.55043
vt 0.36109 0.54146
vt 0.38549 0.53078
vt 0.37339 0.53412
vt 0.34254 0.58939
vt 0.34577 0.6014
vt 0.41199 0.53376
vt 0.3998 0.53065
vt 0.31039 0.52203
vt 0.31567 0.527
vt 0.33564 0.50573
vt 0.33031 0.50041
vt 0.44815 0.50489
vt 0.4489 0.50405
vt 0.42458 0.5409
vt 0.42856 0.53408
vt 0.45396 0.49875
vt 0.35544 0.66683
vt 0.35511 0.66786
vt 0.36684 0.64318
vt 0.44723 0.50665
vt 0.43294 0.52746
vt 0.35646 0.6652
vt 0.35314 0.67466
vt 0.78083 0.29048
vt 0.82575 0.29012
vt 0.92059 0.29012
vt 0.95553 0.29048
vt 0.87067 0.29012
vt 0.82575 0.29048
vt 0.92059 0.29048
vt 0.87067 0.29048
vt 0.48145 0.72447
vt 0.44996 0.72467
vt 0.45035 0.72576
vt 0.48224 0.72558
vt 0.50559 0.72461
vt 0.50663 0.72579
vt 0.42073 0.72455
vt 0.42074 0.72565
vt 0.45053 0.72629
vt 0.48256 0.72608
vt 0.51566 0.72509
vt 0.51663 0.7263
vt 0.50698 0.72625
vt 0.39149 0.72459
vt 0.39112 0.72568
vt 0.42074 0.72617
vt 0.45061 0.72683
vt 0.48271 0.72655
vt 0.52387 0.72493
vt 0.52451 0.72628
vt 0.51695 0.72677
vt 0.50713 0.72666
vt 0.35998 0.7243
vt 0.35921 0.72541
vt 0.39095 0.72621
vt 0.42074 0.72669
vt 0.45061 0.7275
vt 0.48271 0.72724
vt 0.53294 0.72483
vt 0.53265 0.72631
vt 0.52472 0.72676
vt 0.51708 0.72713
vt 0.50711 0.72737
vt 0.33581 0.72441
vt 0.3348 0.72559
vt 0.35891 0.72591
vt 0.39087 0.72675
vt 0.42074 0.72738
vt 0.45047 0.73561
vt 0.4829 0.7357
vt 0.4829 0.73507
vt 0.45048 0.735
vt 0.54114 0.72497
vt 0.54046 0.72637
vt 0.53256 0.72684
vt 0.52481 0.72711
vt 0.51706 0.7278
vt 0.50716 0.73548
vt 0.50717 0.73614
vt 0.32582 0.72489
vt 0.32484 0.7261
vt 0.33445 0.72605
vt 0.35876 0.72638
vt 0.39087 0.72743
vt 0.42073 0.73558
vt 0.42073 0.73496
vt 0.45047 0.73623
vt 0.48289 0.73634
vt 0.56373 0.72469
vt 0.56323 0.72599
vt 0.54023 0.72688
vt 0.53251 0.7272
vt 0.52485 0.72772
vt 0.51727 0.73571
vt 0.51722 0.73509
vt 0.50718 0.73679
vt 0.31747 0.72526
vt 0.31714 0.72671
vt 0.32452 0.72656
vt 0.3343 0.72645
vt 0.35876 0.72708
vt 0.39099 0.73556
vt 0.39099 0.73495
vt 0.42073 0.7362
vt 0.08872 0.7801
vt 0.11798 0.7801
vt 0.11798 0.75521
vt 0.08872 0.75521
vt 0.59669 0.72512
vt 0.59666 0.72627
vt 0.56304 0.72653
vt 0.54013 0.72726
vt 0.53247 0.72779
vt 0.52541 0.7349
vt 0.52534 0.7343
vt 0.51731 0.73634
vt 0.30957 0.72589
vt 0.3098 0.72738
vt 0.31704 0.72722
vt 0.32439 0.72693
vt 0.33432 0.72717
vt 0.35858 0.73487
vt 0.35858 0.7355
vt 0.39099 0.73618
vt 0.08872 0.80251
vt 0.11798 0.80251
vt 0.63299 0.72535
vt 0.63318 0.72642
vt 0.59665 0.72688
vt 0.56294 0.727
vt 0.54013 0.72792
vt 0.53179 0.73496
vt 0.53186 0.73437
vt 0.52548 0.7355
vt 0.30148 0.72586
vt 0.30212 0.72725
vt 0.30988 0.72791
vt 0.31703 0.72758
vt 0.3244 0.72759
vt 0.3343 0.73527
vt 0.3343 0.73593
vt 0.35859 0.73613
vt 0.08872 0.82491
vt 0.11798 0.82491
vt 0.66899 0.72516
vt 0.66952 0.72634
vt 0.63329 0.72705
vt 0.59664 0.72749
vt 0.56294 0.72766
vt 0.5399 0.73572
vt 0.53993 0.73511
vt 0.53173 0.73559
vt 0.14537 0.73778
vt 0.14537 0.71848
vt 0.53987 0.73634
vt 0.56278 0.73636
vt 0.56278 0.73575
vt 0.2795 0.72504
vt 0.27996 0.72634
vt 0.30233 0.72776
vt 0.30992 0.72826
vt 0.31712 0.72818
vt 0.32424 0.73486
vt 0.32419 0.7355
vt 0.33429 0.73658
vt 0.08872 0.8498
vt 0.11798 0.8498
vt 0.67526 0.72525
vt 0.67589 0.72666
vt 0.66974 0.7269
vt 0.63335 0.72769
vt 0.59663 0.72813
vt 0.56278 0.73514
vt 0.59674 0.73522
vt 0.59675 0.73583
vt 0.18022 0.73778
vt 0.18022 0.71848
vt 0.24752 0.72445
vt 0.24752 0.72569
vt 0.28013 0.72687
vt 0.30241 0.72814
vt 0.30994 0.72886
vt 0.31807 0.73527
vt 0.318 0.73467
vt 0.32415 0.73613
vt 0.21507 0.75521
vt 0.21507 0.7801
vt 0.23188 0.7801
vt 0.23188 0.75521
vt 0.68682 0.72511
vt 0.68669 0.72654
vt 0.67609 0.72716
vt 0.66985 0.72736
vt 0.63335 0.72833
vt 0.59673 0.73461
vt 0.63331 0.73566
vt 0.63332 0.73502
vt 0.99375 0.72598
vt 0.95628 0.72635
vt 0.95608 0.72747
vt 0.99377 0.7271
vt 0.24752 0.72625
vt 0.28021 0.72732
vt 0.3024 0.72877
vt 0.31029 0.73593
vt 0.31024 0.73534
vt 0.31814 0.73589
vt 0.21507 0.80251
vt 0.23188 0.80251
vt 0.76471 0.73621
vt 0.73373 0.73631
vt 0.73374 0.73692
vt 0.76471 0.7368
vt 0.69441 0.72624
vt 0.69378 0.72748
vt 0.68665 0.72704
vt 0.67617 0.72752
vt 0.66985 0.72801
vt 0.63332 0.73439
vt 0.67004 0.73624
vt 0.67004 0.73562
vt 0.71043 0.73688
vt 0.71043 0.73751
vt 0.91899 0.7264
vt 0.91845 0.72763
vt 0.95597 0.72813
vt 0.99379 0.72776
vt 0.24751 0.72682
vt 0.28019 0.72797
vt 0.30241 0.73641
vt 0.3024 0.73581
vt 0.31033 0.73652
vt 0.14537 0.88653
vt 0.14537 0.86723
vt 0.30243 0.73701
vt 0.28018 0.73653
vt 0.2802 0.73594
vt 0.21507 0.82491
vt 0.23188 0.82491
vt 0.79314 0.73668
vt 0.79313 0.73608
vt 0.7647 0.73562
vt 0.73372 0.73571
vt 0.70223 0.72638
vt 0.7013 0.7275
vt 0.69357 0.72794
vt 0.6866 0.72739
vt 0.67616 0.72815
vt 0.67004 0.73499
vt 0.67634 0.73602
vt 0.67631 0.73544
vt 0.70059 0.73712
vt 0.70063 0.73651
vt 0.69269 0.73626
vt 0.69277 0.73568
vt 0.68519 0.73524
vt 0.68529 0.73465
vt 0.71044 0.73625
vt 0.91256 0.72657
vt 0.91194 0.72803
vt 0.91823 0.72821
vt 0.95591 0.72879
vt 0.9938 0.72841
vt 0.2475 0.72744
vt 0.28021 0.73535
vt 0.24716 0.73546
vt 0.24718 0.73489
vt 0.18022 0.88653
vt 0.18022 0.86723
vt 0.21507 0.8498
vt 0.23188 0.8498
vt 0.82156 0.73656
vt 0.82156 0.73597
vt 0.79313 0.73549
vt 0.76455 0.72779
vt 0.73384 0.72758
vt 0.73384 0.72824
vt 0.76455 0.72844
vt 0.71184 0.72587
vt 0.71085 0.72697
vt 0.70099 0.72793
vt 0.69348 0.72827
vt 0.68649 0.72796
vt 0.67628 0.73484
vt 0.70068 0.7359
vt 0.69283 0.73511
vt 0.68537 0.73408
vt 0.71037 0.72778
vt 0.71039 0.72847
vt 0.90443 0.72666
vt 0.90422 0.72813
vt 0.91174 0.72855
vt 0.91812 0.72868
vt 0.95592 0.72945
vt 0.9938 0.72907
vt 0.2472 0.73431
vt 0.99388 0.73593
vt 0.95603 0.73636
vt 0.95604 0.73702
vt 0.99389 0.73659
vt 0.85255 0.73651
vt 0.85255 0.73591
vt 0.82156 0.73538
vt 0.7931 0.72758
vt 0.79311 0.72824
vt 0.76463 0.72728
vt 0.73399 0.72712
vt 0.73505 0.72563
vt 0.73429 0.72665
vt 0.71051 0.7274
vt 0.70087 0.72828
vt 0.69344 0.72885
vt 0.70088 0.72892
vt 0.89656 0.72586
vt 0.89684 0.72733
vt 0.90415 0.72865
vt 0.91166 0.72892
vt 0.91813 0.72936
vt 0.99387 0.73527
vt 0.95602 0.7357
vt 0.91811 0.73785
vt 0.91812 0.7372
vt 0.87583 0.73625
vt 0.87585 0.73687
vt 0.85255 0.73531
vt 0.82165 0.72757
vt 0.82165 0.72822
vt 0.7931 0.72709
vt 0.7648 0.72677
vt 0.76518 0.72577
vt 0.88706 0.7258
vt 0.88798 0.72692
vt 0.89692 0.72785
vt 0.90412 0.72901
vt 0.91168 0.72957
vt 0.91811 0.73655
vt 0.91161 0.73708
vt 0.91158 0.73769
vt 0.90358 0.7372
vt 0.90362 0.73659
vt 0.89581 0.73661
vt 0.89583 0.73602
vt 0.8888 0.7362
vt 0.88871 0.7356
vt 0.87582 0.73562
vt 0.85233 0.72714
vt 0.85233 0.7278
vt 0.82157 0.72706
vt 0.79311 0.7266
vt 0.79311 0.72558
vt 0.87432 0.72522
vt 0.87529 0.7263
vt 0.88828 0.72735
vt 0.89693 0.72821
vt 0.90409 0.72959
vt 0.91163 0.73647
vt 0.90366 0.736
vt 0.89588 0.73542
vt 0.88866 0.735
vt 0.87576 0.72712
vt 0.87575 0.7278
vt 0.85219 0.72668
vt 0.82141 0.72655
vt 0.82105 0.72555
vt 0.85115 0.7252
vt 0.85189 0.72622
vt 0.87562 0.72673
vt 0.8884 0.7277
vt 0.89685 0.72881
vt 0.8884 0.72833
vt 0.85283 0.11107
vt 0.85283 0.06613
vt 0.83377 0.06611
vt 0.83377 0.11105
vt 0.90408 0.11108
vt 0.90408 0.06615
vt 0.11018 0.04262
vt 0.11017 0.05324
vt 0.22748 0.05342
vt 0.22748 0.00848
vt 0.24653 0.0534
vt 0.24653 0.00846
vt 0.26559 0.05336
vt 0.26559 0.00843
vt 0.28464 0.05332
vt 0.28464 0.00839
vt 0.74858 0.00742
vt 0.74858 0.05235
vt 0.76763 0.05235
vt 0.76763 0.00741
vt 0.72952 0.00744
vt 0.72952 0.05238
vt 0.71741 0.00746
vt 0.71741 0.0524
vt 0.68817 0.00752
vt 0.68817 0.05246
vt 0.63679 0.00763
vt 0.63679 0.05257
vt 0.5634 0.00779
vt 0.49735 0.00793
vt 0.49735 0.05287
vt 0.56341 0.05273
vt 0.88493 0.04154
vt 0.88494 0.05217
vt 0.33213 0.06508
vt 0.31307 0.06508
vt 0.31307 0.11002
vt 0.33213 0.11002
vt 0.30654 0.05328
vt 0.30654 0.00834
vt 0.98481 0.06618
vt 0.98481 0.11112
vt 0.35792 0.05317
vt 0.35791 0.00823
vt 0.72239 0.06588
vt 0.649 0.06573
vt 0.649 0.11067
vt 0.72239 0.11082
vt 0.37024 0.06514
vt 0.35118 0.06511
vt 0.35118 0.11004
vt 0.37024 0.11008
vt 0.4313 0.05301
vt 0.4313 0.00807
vt 0.77376 0.06599
vt 0.77376 0.11093
vt 0.79566 0.06604
vt 0.79566 0.11097
vt 0.5169 0.11039
vt 0.5169 0.06545
vt 0.44351 0.0653
vt 0.44351 0.11023
vt 0.58295 0.11053
vt 0.58295 0.06559
vt 0.39214 0.06519
vt 0.39214 0.11013
vt 0.81472 0.11101
vt 0.81472 0.06608
vt 0.26182 0.11004
vt 0.26182 0.0651
vt 0.18109 0.06513
vt 0.18109 0.11007
usemtl mat0
f 1/1/1 2/2/2 3/3/3
f 3/3/3 4/4/3 5/5/4
f 3/3/3 5/5/4 6/6/5
f 7/7/6 1/1/1 3/3/3
f 8/8/7 7/7/6 3/3/3
f 3/3/3 6/6/5 9/9/8
f 3/3/3 9/9/8 8/8/7
f 10/10/9 11/11/10 12/12/11
f 13/13/12 14/14/3 15/15/13
f 13/13/12 15/15/13 16/16/5
f 17/17/14 18/18/15 13/13/12
f 19/19/16 20/20/17 17/17/14
f 21/21/6 22/22/1 19/19/16
f 23/23/7 21/21/6 19/19/16
f 19/19/16 17/17/14 13/13/12
f 13/13/12 16/16/5 24/24/8
f 23/23/7 19/19/16 13/13/12
f 24/24/8 23/23/7 13/13/12
f 25/25/18 26/26/19 27/27/20
f 28/28/3 29/29/21 30/30/22
f 28/28/3 30/30/22 31/31/23
f 32/32/24 15/15/13 14/14/3
f 28/28/3 31/31/23 32/32/24
f 28/28/3 32/32/24 14/14/3
f 33/33/25 34/34/26 35/35/2
f 36/36/2 37/37/27 38/38/28
f 39/39/29 33/33/25 35/35/2
f 36/36/2 38/38/28 39/39/29
f 35/35/2 36/36/2 39/39/29
f 40/40/30 41/41/21 42/42/3
f 42/42/3 43/43/31 44/44/32
f 44/44/32 45/45/33 46/46/34
f 46/46/34 47/47/35 48/48/36
f 46/46/34 48/48/36 49/49/37
f 42/42/3 44/44/32 46/46/34
f 50/50/38 40/40/30 42/42/3
f 46/46/34 49/49/37 51/51/39
f 51/51/39 50/50/38 42/42/3
f 42/42/3 46/46/34 51/51/39
f 52/52/2 2/2/2 1/1/1
f 52/52/2 1/1/1 53/53/40
f 54/54/41 55/55/2 52/52/2
f 56/56/42 54/54/41 52/52/2
f 52/52/2 53/53/40 57/57/43
f 58/58/44 56/56/42 52/52/2
f 57/57/43 58/58/44 52/52/2
f 59/59/24 5/5/4 4/4/3
f 42/42/3 41/41/21 60/60/45
f 61/61/23 59/59/24 4/4/3
f 42/42/3 60/60/45 61/61/23
f 4/4/3 42/42/3 61/61/23
f 62/62/46 63/63/47 64/64/11
f 65/65/3 66/66/2 67/67/36
f 65/65/3 67/67/36 68/68/37
f 29/29/21 28/28/3 65/65/3
f 69/69/30 29/29/21 65/65/3
f 65/65/3 68/68/37 70/70/39
f 71/71/38 69/69/30 65/65/3
f 65/65/3 70/70/39 71/71/38
f 72/72/25 73/73/26 74/74/2
f 55/55/2 54/54/41 75/75/28
f 76/76/29 72/72/25 74/74/2
f 55/55/2 75/75/28 76/76/29
f 74/74/2 55/55/2 76/76/29
f 77/77/48 78/78/49 79/79/50
f 80/80/51 81/81/52 82/82/53
f 82/82/53 83/83/54 84/84/55
f 82/82/53 84/84/55 80/80/51
f 85/85/51 86/86/52 87/87/53
f 87/87/53 88/88/54 89/89/55
f 87/87/53 89/89/55 85/85/51
f 90/90/56 91/91/57 92/92/58
f 92/92/58 93/93/59 94/94/60
f 92/92/58 94/94/60 90/90/56
f 95/95/2 96/96/2 97/97/2
f 97/97/2 98/98/2 99/99/2
f 99/99/2 100/100/2 101/101/2
f 101/101/2 102/102/2 82/82/2
f 82/82/2 81/81/2 103/103/2
f 103/103/2 104/104/2 105/105/2
f 105/105/2 106/106/2 107/107/2
f 107/107/2 108/108/2 109/109/2
f 109/109/2 110/110/2 111/111/2
f 111/111/2 112/112/2 113/113/2
f 113/113/2 114/114/2 115/115/2
f 115/115/2 116/116/2 95/95/2
f 95/95/2 97/97/2 99/99/2
f 99/99/2 101/101/2 82/82/2
f 82/82/2 103/103/2 105/105/2
f 105/105/2 107/107/2 109/109/2
f 109/109/2 111/111/2 113/113/2
f 113/113/2 115/115/2 95/95/2
f 95/95/2 99/99/2 82/82/2
f 82/82/2 105/105/2 109/109/2
f 109/109/2 113/113/2 95/95/2
f 82/82/2 109/109/2 95/95/2
f 117/117/2 118/118/2 119/119/2
f 119/119/2 120/120/2 121/121/2
f 121/121/2 122/122/2 123/123/2
f 123/123/2 124/124/2 87/87/2
f 87/87/2 86/86/2 125/125/2
f 125/125/2 126/126/2 127/127/2
f 127/127/2 128/128/2 129/129/2
f 129/129/2 130/130/2 131/131/2
f 131/131/2 132/132/2 133/133/2
f 133/133/2 134/134/2 92/92/2
f 92/92/2 91/91/2 135/135/2
f 135/135/2 136/136/2 117/117/2
f 117/117/2 119/119/2 121/121/2
f 121/121/2 123/123/2 87/87/2
f 87/87/2 125/125/2 127/127/2
f 127/127/2 129/129/2 131/131/2
f 131/131/2 133/133/2 92/92/2
f 92/92/2 135/135/2 117/117/2
f 117/117/2 121/121/2 87/87/2
f 87/87/2 127/127/2 131/131/2
f 131/131/2 92/92/2 117/117/2
f 87/87/2 131/131/2 117/117/2
f 137/137/56 114/114/57 113/113/58
f 113/113/58 138/138/59 139/139/61
f 113/113/58 139/139/61 137/137/56
f 140/140/62 111/111/63 110/110/64
f 110/110/64 141/141/65 142/142/66
f 110/110/64 142/142/66 140/140/62
f 143/143/67 101/101/68 100/100/69
f 100/100/69 144/144/70 145/145/71
f 100/100/69 145/145/71 143/143/67
f 146/146/62 133/133/63 132/132/64
f 132/132/64 147/147/65 148/148/72
f 132/132/64 148/148/72 146/146/62
f 149/149/67 123/123/68 122/122/69
f 122/122/69 150/150/70 151/151/73
f 122/122/69 151/151/73 149/149/67
f 152/152/74 153/153/16 154/154/2
f 154/154/2 155/155/75 156/156/76
f 156/156/76 157/157/77 158/158/78
f 158/158/78 152/152/74 154/154/2
f 154/154/2 156/156/76 158/158/78
f 159/159/75 160/160/2 161/161/79
f 161/161/79 162/162/80 163/163/81
f 163/163/81 164/164/82 165/165/83
f 165/165/83 159/159/75 161/161/79
f 161/161/79 163/163/81 165/165/83
f 166/166/16 19/19/16 22/22/1
f 166/166/16 22/22/1 167/167/40
f 37/37/27 36/36/2 166/166/16
f 168/168/42 37/37/27 166/166/16
f 166/166/16 167/167/40 169/169/43
f 170/170/44 168/168/42 166/166/16
f 169/169/43 170/170/44 166/166/16
f 171/171/84 172/172/84 173/173/84
f 173/173/84 174/174/84 175/175/84
f 175/175/84 176/176/84 177/177/84
f 177/177/84 171/171/84 173/173/84
f 173/173/84 175/175/84 177/177/84
f 178/178/84 179/179/84 180/180/84
f 180/180/84 181/181/84 182/182/84
f 182/182/84 183/183/84 184/184/84
f 184/184/84 178/178/84 180/180/84
f 180/180/84 182/182/84 184/184/84
f 185/185/84 186/186/84 187/187/84
f 187/187/84 188/188/84 189/189/84
f 189/189/84 190/190/84 191/191/84
f 191/191/84 185/185/84 187/187/84
f 187/187/84 189/189/84 191/191/84
f 192/192/84 193/193/84 194/194/84
f 194/194/84 195/195/84 196/196/84
f 196/196/84 197/197/84 198/198/84
f 198/198/84 192/192/84 194/194/84
f 194/194/84 196/196/84 198/198/84
f 199/199/85 200/200/86 201/201/87
f 202/202/88 203/203/89 204/204/90
f 205/205/91 206/206/92 207/207/93
f 208/208/94 202/202/88 209/209/95
f 210/210/96 211/211/97 212/212/98
f 213/213/99 214/214/100 211/211/97
f 200/200/86 215/215/101 201/201/87
f 216/216/102 206/206/92 205/205/91
f 205/205/91 207/207/93 217/217/103
f 216/216/102 205/205/91 218/218/104
f 219/219/105 202/202/88 220/220/106
f 221/221/107 202/202/88 222/222/108
f 223/223/109 202/202/88 224/224/110
f 208/208/94 225/225/111 202/202/88
f 219/219/105 209/209/95 202/202/88
f 221/221/107 220/220/106 202/202/88
f 223/223/109 222/222/108 202/202/88
f 226/226/112 224/224/110 202/202/88
f 227/227/113 202/202/88 228/228/114
f 229/229/115 202/202/88 230/230/116
f 231/231/117 202/202/88 232/232/118
f 233/233/119 202/202/88 234/234/120
f 217/217/103 207/207/93 235/235/121
f 227/227/113 226/226/112 202/202/88
f 229/229/115 228/228/114 202/202/88
f 231/231/117 230/230/116 202/202/88
f 236/236/122 237/237/123 238/238/124
f 238/238/124 213/213/99 211/211/97
f 236/236/122 238/238/124 239/239/125
f 240/240/126 241/241/127 242/242/128
f 243/243/129 244/244/130 207/207/93
f 233/233/119 232/232/118 202/202/88
f 238/238/124 211/211/97 239/239/125
f 202/202/88 204/204/90 245/245/131
f 246/246/132 241/241/127 240/240/126
f 247/247/133 248/248/134 249/249/135
f 250/250/136 251/251/137 252/252/138
f 253/253/139 254/254/140 255/255/141
f 256/256/142 257/257/143 250/250/136
f 258/258/144 259/259/145 260/260/146
f 261/261/147 260/260/146 262/262/148
f 249/249/135 248/248/134 263/263/149
f 264/264/150 253/253/139 255/255/141
f 253/253/139 265/265/151 254/254/140
f 264/264/150 266/266/152 253/253/139
f 267/267/153 268/268/154 250/250/136
f 269/269/155 270/270/156 250/250/136
f 271/271/157 272/272/158 250/250/136
f 256/256/142 250/250/136 273/273/159
f 267/267/153 250/250/136 257/257/143
f 269/269/155 250/250/136 268/268/154
f 271/271/157 250/250/136 270/270/156
f 274/274/160 250/250/136 272/272/158
f 275/275/161 276/276/162 250/250/136
f 277/277/163 278/278/164 250/250/136
f 279/279/165 280/280/166 250/250/136
f 281/281/167 282/282/168 250/250/136
f 265/265/151 283/283/169 254/254/140
f 275/275/161 250/250/136 274/274/160
f 277/277/163 250/250/136 276/276/162
f 279/279/165 250/250/136 278/278/164
f 284/284/170 285/285/171 286/286/172
f 285/285/171 260/260/146 261/261/147
f 284/284/170 287/287/173 285/285/171
f 288/288/174 289/289/175 290/290/176
f 291/291/177 254/254/140 292/292/178
f 281/281/167 250/250/136 280/280/166
f 285/285/171 287/287/173 260/260/146
f 250/250/136 293/293/179 251/251/137
f 294/294/180 288/288/174 290/290/176
f 295/295/181 67/67/36 66/66/2
f 296/296/2 35/35/2 34/34/26
f 296/296/2 34/34/26 297/297/182
f 295/295/181 66/66/2 296/296/2
f 298/298/183 295/295/181 296/296/2
f 296/296/2 297/297/182 299/299/184
f 296/296/2 299/299/184 298/298/183
f 300/300/181 48/48/36 47/47/35
f 301/301/79 74/74/2 73/73/26
f 301/301/79 73/73/26 302/302/182
f 300/300/181 47/47/35 301/301/79
f 303/303/183 300/300/181 301/301/79
f 301/301/79 302/302/182 304/304/184
f 301/301/79 304/304/184 303/303/183
f 305/305/185 306/306/186 307/307/187
f 307/307/187 308/308/188 309/309/189
f 309/309/189 310/310/190 311/311/191
f 311/311/191 305/305/185 307/307/187
f 307/307/187 309/309/189 311/311/191
f 312/312/192 313/313/187 314/314/186
f 314/314/186 315/315/193 316/316/194
f 316/316/194 317/317/195 318/318/196
f 318/318/196 312/312/192 314/314/186
f 314/314/186 316/316/194 318/318/196
f 319/319/197 320/320/188 321/321/187
f 321/321/187 322/322/198 323/323/199
f 323/323/199 324/324/200 325/325/201
f 325/325/201 319/319/197 321/321/187
f 321/321/187 323/323/199 325/325/201
f 326/326/202 327/327/187 328/328/192
f 328/328/192 329/329/203 330/330/204
f 330/330/204 331/331/205 332/332/206
f 332/332/206 326/326/202 328/328/192
f 328/328/192 330/330/204 332/332/206
f 333/333/47 334/334/46 335/335/207
f 335/335/207 336/336/208 337/337/209
f 335/335/207 337/337/209 333/333/47
f 338/338/210 339/339/211 340/340/212
f 340/340/212 341/341/19 342/342/18
f 340/340/212 342/342/18 338/338/210
f 343/343/49 344/344/48 345/345/213
f 345/345/213 346/346/214 347/347/215
f 345/345/213 347/347/215 343/343/49
f 348/348/216 349/349/217 350/350/218
f 350/350/218 351/351/10 352/352/9
f 350/350/218 352/352/9 348/348/216
f 353/353/219 354/354/220 334/334/46
f 354/354/220 355/355/221 334/334/46
f 355/355/221 335/335/207 334/334/46
f 350/350/218 356/356/222 351/351/10
f 356/356/222 357/357/223 351/351/10
f 357/357/223 358/358/224 351/351/10
f 340/340/212 359/359/225 341/341/19
f 359/359/225 360/360/226 341/341/19
f 360/360/226 361/361/227 341/341/19
f 362/362/228 363/363/229 344/344/48
f 363/363/229 364/364/230 344/344/48
f 364/364/230 345/345/213 344/344/48
f 365/365/231 366/366/232 367/367/233
f 365/365/231 367/367/233 368/368/234
f 369/369/235 370/370/236 371/371/237
f 369/369/235 371/371/237 372/372/238
f 373/373/239 374/374/240 375/375/241
f 373/373/239 375/375/241 376/376/242
f 377/377/243 378/378/244 379/379/245
f 377/377/243 379/379/245 380/380/246
f 381/381/247 382/382/248 383/383/249
f 381/381/247 383/383/249 384/384/250
f 385/385/251 386/386/252 387/387/253
f 385/385/251 387/387/253 388/388/254
f 389/389/255 390/390/256 391/391/257
f 389/389/255 391/391/257 392/392/258
f 393/393/259 394/394/260 395/395/261
f 393/393/259 395/395/261 396/396/262
f 397/397/263 398/398/264 399/399/265
f 397/397/263 399/399/265 400/400/266
f 401/401/267 402/402/268 403/403/269
f 401/401/267 403/403/269 404/404/270
f 405/405/271 406/406/272 407/407/273
f 405/405/271 407/407/273 408/408/274
f 409/409/275 410/410/276 411/411/277
f 409/409/275 411/411/277 412/412/278
f 413/413/279 414/414/280 415/415/281
f 413/413/279 415/415/281 416/416/282
f 417/417/283 418/418/284 419/419/285
f 417/417/283 419/419/285 420/420/286
f 421/421/287 422/422/288 423/423/289
f 421/421/287 423/423/289 424/424/290
f 425/425/291 426/426/292 427/427/293
f 425/425/291 427/427/293 428/428/294
f 429/429/295 430/430/296 431/431/297
f 429/429/295 431/431/297 432/432/298
f 433/433/299 434/434/300 435/435/301
f 433/433/299 435/435/301 436/436/302
f 434/434/300 437/437/303 438/438/304
f 434/434/300 438/438/304 435/435/301
f 439/439/305 417/417/283 420/420/286
f 439/439/305 420/420/286 440/440/306
f 441/441/307 439/439/305 440/440/306
f 441/441/307 440/440/306 442/442/308
f 427/427/293 424/424/290 443/443/309
f 427/427/293 443/443/309 418/418/284
f 424/424/290 423/423/289 444/444/299
f 424/424/290 444/444/299 443/443/309
f 443/443/309 444/444/299 445/445/302
f 443/443/309 445/445/302 446/446/310
f 431/431/297 404/404/270 441/441/307
f 431/431/297 441/441/307 437/437/303
f 404/404/270 403/403/269 439/439/311
f 404/404/270 439/439/311 441/441/307
f 437/437/303 441/441/307 442/442/308
f 437/437/303 442/442/308 438/438/304
f 447/447/289 432/432/298 434/434/300
f 447/447/289 434/434/300 433/433/299
f 432/432/298 431/431/297 437/437/303
f 432/432/298 437/437/303 434/434/300
f 448/448/288 429/429/295 432/432/298
f 448/448/288 432/432/298 447/447/289
f 449/449/277 396/396/262 429/429/295
f 449/449/277 429/429/295 448/448/288
f 396/396/262 395/395/261 430/430/296
f 396/396/262 430/430/296 429/429/295
f 402/402/268 425/425/291 428/428/294
f 402/402/268 428/428/294 403/403/269
f 407/407/273 416/416/282 425/425/291
f 407/407/273 425/425/291 402/402/268
f 416/416/282 415/415/281 426/426/292
f 416/416/282 426/426/292 425/425/291
f 426/426/292 421/421/287 424/424/290
f 426/426/292 424/424/290 427/427/293
f 415/415/281 412/412/278 421/421/287
f 415/415/281 421/421/287 426/426/292
f 412/412/278 411/411/277 422/422/288
f 412/412/278 422/422/288 421/421/287
f 418/418/284 443/443/309 446/446/310
f 418/418/284 446/446/310 419/419/285
f 403/403/269 428/428/294 417/417/283
f 403/403/269 417/417/283 439/439/311
f 428/428/294 427/427/293 418/418/284
f 428/428/294 418/418/284 417/417/283
f 406/406/272 413/413/279 416/416/282
f 406/406/272 416/416/282 407/407/273
f 375/375/241 392/392/258 413/413/279
f 375/375/241 413/413/279 406/406/272
f 392/392/258 391/391/257 414/414/280
f 392/392/258 414/414/280 413/413/279
f 414/414/280 409/409/275 412/412/278
f 414/414/280 412/412/278 415/415/281
f 391/391/257 368/368/234 409/409/275
f 391/391/257 409/409/275 414/414/280
f 368/368/234 367/367/233 410/410/276
f 368/368/234 410/410/276 409/409/275
f 394/394/260 405/405/271 408/408/274
f 394/394/260 408/408/274 395/395/261
f 383/383/249 376/376/242 405/405/271
f 383/383/249 405/405/271 394/394/260
f 376/376/242 375/375/241 406/406/272
f 376/376/242 406/406/272 405/405/271
f 430/430/296 401/401/267 404/404/270
f 430/430/296 404/404/270 431/431/297
f 395/395/261 408/408/274 401/401/267
f 395/395/261 401/401/267 430/430/296
f 408/408/274 407/407/273 402/402/268
f 408/408/274 402/402/268 401/401/267
f 400/400/266 369/369/235 372/372/238
f 400/400/266 372/372/238 397/397/263
f 450/450/312 451/451/313 452/452/314
f 450/450/312 452/452/314 453/453/315
f 454/454/316 455/455/317 451/451/313
f 454/454/316 451/451/313 450/450/312
f 456/456/276 393/393/259 396/396/262
f 456/456/276 396/396/262 449/449/277
f 457/457/233 384/384/250 393/393/259
f 457/457/233 393/393/259 456/456/276
f 384/384/250 383/383/249 394/394/260
f 384/384/250 394/394/260 393/393/259
f 374/374/240 389/389/255 392/392/258
f 374/374/240 392/392/258 375/375/241
f 369/369/235 400/400/266 389/389/255
f 369/369/235 389/389/255 374/374/240
f 400/400/266 399/399/265 390/390/256
f 400/400/266 390/390/256 389/389/255
f 458/458/318 459/459/319 460/460/317
f 458/458/318 460/460/317 461/461/316
f 462/462/320 463/463/321 459/459/319
f 462/462/320 459/459/319 458/458/318
f 464/464/244 385/385/251 388/388/254
f 464/464/244 388/388/254 465/465/245
f 466/466/232 381/381/247 384/384/250
f 466/466/232 384/384/250 457/457/233
f 465/465/245 388/388/254 381/381/247
f 465/465/245 381/381/247 466/466/232
f 388/388/254 387/387/253 382/382/248
f 388/388/254 382/382/248 381/381/247
f 467/467/322 468/468/323 463/463/321
f 467/467/322 463/463/321 462/462/320
f 469/469/324 470/470/325 468/468/323
f 469/469/324 468/468/323 467/467/322
f 398/398/264 377/377/243 380/380/246
f 398/398/264 380/380/246 399/399/265
f 382/382/248 373/373/239 376/376/242
f 382/382/248 376/376/242 383/383/249
f 387/387/253 370/370/236 373/373/239
f 387/387/253 373/373/239 382/382/248
f 370/370/236 369/369/235 374/374/240
f 370/370/236 374/374/240 373/373/239
f 471/471/326 472/472/327 470/470/325
f 471/471/326 470/470/325 469/469/324
f 453/453/315 452/452/314 472/472/327
f 453/453/315 472/472/327 471/471/326
f 386/386/252 371/371/237 370/370/236
f 386/386/252 370/370/236 387/387/253
f 390/390/256 365/365/231 368/368/234
f 390/390/256 368/368/234 391/391/257
f 399/399/265 380/380/246 365/365/231
f 399/399/265 365/365/231 390/390/256
f 380/380/246 379/379/245 366/366/232
f 380/380/246 366/366/232 365/365/231
f 446/446/310 445/445/302 473/473/328
f 446/446/310 473/473/328 474/474/329
f 438/438/304 442/442/308 475/475/330
f 438/438/304 475/475/330 476/476/331
f 440/440/306 420/420/286 477/477/332
f 440/440/306 477/477/332 478/478/333
f 435/435/301 438/438/304 476/476/331
f 435/435/301 476/476/331 479/479/334
f 442/442/308 440/440/306 478/478/333
f 442/442/308 478/478/333 475/475/330
f 436/436/302 435/435/301 479/479/334
f 436/436/302 479/479/334 480/480/328
f 419/419/285 446/446/310 474/474/329
f 419/419/285 474/474/329 481/481/335
f 420/420/286 419/419/285 481/481/335
f 420/420/286 481/481/335 477/477/332
f 481/481/335 474/474/329 482/482/336
f 481/481/335 482/482/336 483/483/337
f 480/480/328 479/479/334 484/484/338
f 480/480/328 484/484/338 485/485/339
f 477/477/332 481/481/335 483/483/337
f 477/477/332 483/483/337 486/486/340
f 475/475/330 478/478/333 487/487/341
f 475/475/330 487/487/341 488/488/342
f 476/476/331 475/475/330 488/488/342
f 476/476/331 488/488/342 489/489/343
f 479/479/334 476/476/331 489/489/343
f 479/479/334 489/489/343 484/484/338
f 478/478/333 477/477/332 486/486/340
f 478/478/333 486/486/340 487/487/341
f 474/474/329 473/473/328 490/490/339
f 474/474/329 490/490/339 482/482/336
f 487/487/341 486/486/340 491/491/344
f 487/487/341 491/491/344 492/492/345
f 482/482/336 490/490/339 493/493/346
f 482/482/336 493/493/346 494/494/347
f 483/483/337 482/482/336 494/494/347
f 483/483/337 494/494/347 495/495/348
f 485/485/339 484/484/338 496/496/349
f 485/485/339 496/496/349 497/497/346
f 486/486/340 483/483/337 495/495/348
f 486/486/340 495/495/348 491/491/344
f 488/488/342 487/487/341 492/492/345
f 488/488/342 492/492/345 498/498/350
f 489/489/343 488/488/342 498/498/350
f 489/489/343 498/498/350 499/499/351
f 484/484/338 489/489/343 499/499/351
f 484/484/338 499/499/351 496/496/349
f 498/498/350 492/492/345 500/500/352
f 498/498/350 500/500/352 501/501/353
f 499/499/351 498/498/350 501/501/353
f 499/499/351 501/501/353 502/502/354
f 496/496/349 499/499/351 502/502/354
f 496/496/349 502/502/354 503/503/355
f 492/492/345 491/491/344 504/504/356
f 492/492/345 504/504/356 500/500/352
f 494/494/347 493/493/346 505/505/357
f 494/494/347 505/505/357 506/506/358
f 495/495/348 494/494/347 506/506/358
f 495/495/348 506/506/358 507/507/359
f 497/497/346 496/496/349 503/503/355
f 497/497/346 503/503/355 508/508/357
f 491/491/344 495/495/348 507/507/359
f 491/491/344 507/507/359 504/504/356
f 509/509/360 510/510/361 511/511/362
f 509/509/360 511/511/362 512/512/363
f 513/513/364 514/514/365 515/515/366
f 513/513/364 515/515/366 516/516/367
f 517/517/368 513/513/364 516/516/367
f 517/517/368 516/516/367 518/518/369
f 519/519/370 520/520/371 521/521/372
f 519/519/370 521/521/372 522/522/373
f 514/514/365 509/509/360 512/512/363
f 514/514/365 512/512/363 515/515/366
f 523/523/374 524/524/375 525/525/376
f 523/523/374 525/525/376 526/526/377
f 510/510/361 523/523/374 526/526/377
f 510/510/361 526/526/377 511/511/362
f 503/503/355 502/502/354 527/527/378
f 503/503/355 527/527/378 528/528/379
f 506/506/358 505/505/357 529/529/380
f 506/506/358 529/529/380 530/530/381
f 531/531/382 532/532/383 533/533/384
f 531/531/382 533/533/384 534/534/385
f 502/502/354 501/501/353 535/535/386
f 502/502/354 535/535/386 527/527/378
f 504/504/356 507/507/359 536/536/387
f 504/504/356 536/536/387 537/537/388
f 501/501/353 500/500/352 538/538/389
f 501/501/353 538/538/389 535/535/386
f 507/507/359 506/506/358 530/530/381
f 507/507/359 530/530/381 536/536/387
f 508/508/357 503/503/355 528/528/379
f 508/508/357 528/528/379 539/539/380
f 540/540/375 541/541/390 542/542/391
f 540/540/375 542/542/391 543/543/376
f 544/544/392 545/545/393 538/538/389
f 544/544/392 538/538/389 537/537/388
f 546/546/394 544/544/392 537/537/388
f 546/546/394 537/537/388 536/536/387
f 520/520/371 519/519/370 528/528/379
f 520/520/371 528/528/379 527/527/378
f 519/519/370 547/547/395 539/539/380
f 519/519/370 539/539/380 528/528/379
f 548/548/396 520/520/371 527/527/378
f 548/548/396 527/527/378 535/535/386
f 549/549/397 546/546/394 536/536/387
f 549/549/397 536/536/387 530/530/381
f 545/545/393 548/548/396 535/535/386
f 545/545/393 535/535/386 538/538/389
f 550/550/395 549/549/397 530/530/381
f 550/550/395 530/530/381 529/529/380
f 500/500/352 504/504/356 537/537/388
f 500/500/352 537/537/388 538/538/389
f 551/551/398 552/552/399 553/553/400
f 551/551/398 553/553/400 554/554/401
f 555/555/402 556/556/403 557/557/404
f 555/555/402 557/557/404 558/558/405
f 546/546/394 549/549/397 559/559/406
f 546/546/394 559/559/406 560/560/407
f 548/548/396 545/545/393 561/561/408
f 548/548/396 561/561/408 562/562/409
f 532/532/383 563/563/410 564/564/411
f 532/532/383 564/564/411 533/533/384
f 552/552/399 531/531/382 534/534/385
f 552/552/399 534/534/385 553/553/400
f 565/565/410 566/566/412 567/567/413
f 565/565/410 567/567/413 568/568/411
f 556/556/403 551/551/398 554/554/401
f 556/556/403 554/554/401 557/557/404
f 547/547/395 519/519/370 522/522/373
f 547/547/395 522/522/373 569/569/414
f 566/566/412 555/555/402 558/558/405
f 566/566/412 558/558/405 567/567/413
f 520/520/371 548/548/396 562/562/409
f 520/520/371 562/562/409 521/521/372
f 549/549/397 550/550/395 570/570/414
f 549/549/397 570/570/414 559/559/406
f 541/541/390 517/517/368 518/518/369
f 541/541/390 518/518/369 542/542/391
f 554/554/401 553/553/400 571/571/415
f 554/554/401 571/571/415 572/572/416
f 573/573/417 574/574/418 575/575/419
f 573/573/417 575/575/419 576/576/420
f 577/577/418 578/578/421 579/579/422
f 577/577/418 579/579/422 580/580/419
f 578/578/421 581/581/423 582/582/424
f 578/578/421 582/582/424 579/579/422
f 583/583/425 584/584/426 585/585/427
f 583/583/425 585/585/427 586/586/428
f 534/534/385 533/533/384 587/587/429
f 534/534/385 587/587/429 588/588/430
f 589/589/431 590/590/432 591/591/433
f 589/589/431 591/591/433 592/592/434
f 558/558/405 557/557/404 593/593/435
f 558/558/405 593/593/435 594/594/436
f 553/553/400 534/534/385 588/588/430
f 553/553/400 588/588/430 571/571/415
f 533/533/384 564/564/411 595/595/437
f 533/533/384 595/595/437 587/587/429
f 584/584/426 589/589/431 592/592/434
f 584/584/426 592/592/434 585/585/427
f 557/557/404 554/554/401 572/572/416
f 557/557/404 572/572/416 593/593/435
f 567/567/413 558/558/405 594/594/436
f 567/567/413 594/594/436 596/596/438
f 581/581/423 583/583/425 586/586/428
f 581/581/423 586/586/428 582/582/424
f 568/568/411 567/567/413 596/596/438
f 568/568/411 596/596/438 597/597/437
f 585/585/427 592/592/434 598/598/439
f 585/585/427 598/598/439 599/599/440
f 600/600/441 601/601/442 602/602/443
f 600/600/441 602/602/443 603/603/444
f 604/604/445 605/605/446 606/606/447
f 604/604/445 606/606/447 607/607/448
f 582/582/424 586/586/428 608/608/449
f 582/582/424 608/608/449 609/609/450
f 591/591/433 576/576/420 610/610/451
f 591/591/433 610/610/451 611/611/452
f 612/612/453 613/613/454 614/614/455
f 612/612/453 614/614/455 615/615/456
f 616/616/442 617/617/457 618/618/458
f 616/616/442 618/618/458 619/619/443
f 617/617/457 620/620/459 621/621/460
f 617/617/457 621/621/460 618/618/458
f 622/622/461 623/623/462 624/624/463
f 622/622/461 624/624/463 625/625/464
f 626/626/465 627/627/466 628/628/467
f 626/626/465 628/628/467 629/629/468
f 627/627/466 630/630/469 631/631/470
f 627/627/466 631/631/470 628/628/467
f 586/586/428 585/585/427 599/599/440
f 586/586/428 599/599/440 608/608/449
f 632/632/471 633/633/465 634/634/468
f 632/632/471 634/634/468 635/635/472
f 636/636/473 637/637/474 638/638/475
f 636/636/473 638/638/475 639/639/476
f 579/579/422 582/582/424 609/609/450
f 579/579/422 609/609/450 640/640/477
f 592/592/434 591/591/433 611/611/452
f 592/592/434 611/611/452 598/598/439
f 613/613/454 604/604/445 607/607/448
f 613/613/454 607/607/448 614/614/455
f 641/641/478 642/642/479 643/643/480
f 641/641/478 643/643/480 644/644/481
f 645/645/482 646/646/483 647/647/484
f 645/645/482 647/647/484 648/648/485
f 620/620/459 612/612/453 615/615/456
f 620/620/459 615/615/456 621/621/460
f 649/649/486 645/645/482 648/648/485
f 649/649/486 648/648/485 650/650/487
f 651/651/488 652/652/489 653/653/490
f 651/651/488 653/653/490 654/654/491
f 576/576/420 575/575/419 655/655/492
f 576/576/420 655/655/492 610/610/451
f 580/580/419 579/579/422 640/640/477
f 580/580/419 640/640/477 656/656/492
f 623/623/462 636/636/473 639/639/476
f 623/623/462 639/639/476 624/624/463
f 646/646/483 641/641/478 644/644/481
f 646/646/483 644/644/481 647/647/484
f 630/630/469 622/622/461 625/625/464
f 630/630/469 625/625/464 631/631/470
f 657/657/493 658/658/494 659/659/495
f 657/657/493 659/659/495 660/660/496
f 661/661/497 662/662/498 663/663/499
f 661/661/497 663/663/499 664/664/500
f 665/665/501 666/666/502 667/667/503
f 665/665/501 667/667/503 668/668/504
f 669/669/505 670/670/486 671/671/487
f 669/669/505 671/671/487 672/672/506
f 666/666/502 673/673/507 674/674/508
f 666/666/502 674/674/508 667/667/503
f 662/662/498 675/675/509 676/676/510
f 662/662/498 676/676/510 663/663/499
f 673/673/507 657/657/493 660/660/496
f 673/673/507 660/660/496 674/674/508
f 675/675/509 665/665/501 668/668/504
f 675/675/509 668/668/504 676/676/510
f 677/677/494 661/661/497 664/664/500
f 677/677/494 664/664/500 678/678/495
f 654/654/491 653/653/490 679/679/511
f 654/654/491 679/679/511 680/680/512
f 643/643/480 654/654/491 680/680/512
f 643/643/480 680/680/512 681/681/513
f 672/672/506 671/671/487 682/682/514
f 672/672/506 682/682/514 683/683/515
f 647/647/484 644/644/481 684/684/516
f 647/647/484 684/684/516 685/685/517
f 644/644/481 643/643/480 681/681/513
f 644/644/481 681/681/513 684/684/516
f 650/650/487 648/648/485 686/686/518
f 650/650/487 686/686/518 687/687/514
f 653/653/490 672/672/506 683/683/515
f 653/653/490 683/683/515 679/679/511
f 648/648/485 647/647/484 685/685/517
f 648/648/485 685/685/517 686/686/518
f 686/686/518 685/685/517 688/688/519
f 686/686/518 688/688/519 689/689/520
f 680/680/512 679/679/511 690/690/521
f 680/680/512 690/690/521 691/691/522
f 681/681/513 680/680/512 691/691/522
f 681/681/513 691/691/522 692/692/523
f 683/683/515 682/682/514 693/693/524
f 683/683/515 693/693/524 694/694/525
f 685/685/517 684/684/516 695/695/526
f 685/685/517 695/695/526 688/688/519
f 684/684/516 681/681/513 692/692/523
f 684/684/516 692/692/523 695/695/526
f 687/687/514 686/686/518 689/689/520
f 687/687/514 689/689/520 696/696/524
f 679/679/511 683/683/515 694/694/525
f 679/679/511 694/694/525 690/690/521
f 692/692/523 691/691/522 697/697/527
f 692/692/523 697/697/527 698/698/528
f 699/699/529 700/700/530 701/701/531
f 699/699/529 701/701/531 702/702/532
f 703/703/533 704/704/534 705/705/535
f 703/703/533 705/705/535 706/706/536
f 688/688/519 695/695/526 707/707/537
f 688/688/519 707/707/537 708/708/538
f 690/690/521 694/694/525 709/709/539
f 690/690/521 709/709/539 710/710/540
f 711/711/541 712/712/542 713/713/543
f 711/711/541 713/713/543 714/714/544
f 715/715/530 716/716/545 717/717/546
f 715/715/530 717/717/546 718/718/531
f 716/716/545 719/719/547 720/720/548
f 716/716/545 720/720/548 717/717/546
f 694/694/525 693/693/524 721/721/549
f 694/694/525 721/721/549 709/709/539
f 712/712/542 703/703/533 706/706/536
f 712/712/542 706/706/536 713/713/543
f 695/695/526 692/692/523 698/698/528
f 695/695/526 698/698/528 707/707/537
f 689/689/520 688/688/519 708/708/538
f 689/689/520 708/708/538 722/722/550
f 719/719/547 711/711/541 714/714/544
f 719/719/547 714/714/544 720/720/548
f 696/696/524 689/689/520 722/722/550
f 696/696/524 722/722/550 723/723/549
f 691/691/522 690/690/521 710/710/540
f 691/691/522 710/710/540 697/697/527
f 714/714/544 713/713/543 724/724/551
f 714/714/544 724/724/551 725/725/552
f 718/718/531 717/717/546 726/726/553
f 718/718/531 726/726/553 727/727/554
f 705/705/535 702/702/532 728/728/555
f 705/705/535 728/728/555 729/729/556
f 717/717/546 720/720/548 730/730/557
f 717/717/546 730/730/557 726/726/553
f 706/706/558 705/705/535 729/729/556
f 706/706/558 729/729/556 731/731/559
f 713/713/543 706/706/558 731/731/559
f 713/713/543 731/731/559 724/724/551
f 702/702/532 701/701/531 732/732/554
f 702/702/532 732/732/554 728/728/555
f 720/720/548 714/714/544 725/725/552
f 720/720/548 725/725/552 730/730/557
f 728/728/555 732/732/554 733/733/560
f 728/728/555 733/733/560 734/734/561
f 730/730/557 725/725/552 735/735/562
f 730/730/557 735/735/562 736/736/563
f 725/725/552 724/724/564 737/737/565
f 725/725/552 737/737/565 735/735/562
f 727/727/554 726/726/553 738/738/566
f 727/727/554 738/738/566 739/739/560
f 729/729/556 728/728/555 734/734/561
f 729/729/556 734/734/561 740/740/567
f 726/726/553 730/730/557 736/736/563
f 726/726/553 736/736/563 738/738/566
f 731/731/568 729/729/556 740/740/567
f 731/731/568 740/740/567 741/741/569
f 724/724/564 731/731/568 741/741/569
f 724/724/564 741/741/569 737/737/565
f 741/741/569 740/740/567 742/742/570
f 741/741/569 742/742/570 743/743/571
f 737/737/565 741/741/569 743/743/571
f 737/737/565 743/743/571 744/744/572
f 734/734/561 733/733/560 745/745/573
f 734/734/561 745/745/573 746/746/574
f 736/736/563 735/735/562 747/747/575
f 736/736/563 747/747/575 748/748/576
f 735/735/562 737/737/565 744/744/572
f 735/735/562 744/744/572 747/747/575
f 739/739/560 738/738/566 749/749/577
f 739/739/560 749/749/577 750/750/573
f 740/740/567 734/734/561 746/746/574
f 740/740/567 746/746/574 742/742/570
f 738/738/566 736/736/563 748/748/576
f 738/738/566 748/748/576 749/749/577
f 742/742/570 746/746/574 751/751/578
f 742/742/570 751/751/578 752/752/579
f 749/749/577 748/748/576 753/753/580
f 749/749/577 753/753/580 754/754/581
f 743/743/571 742/742/570 752/752/579
f 743/743/571 752/752/579 755/755/582
f 744/744/572 743/743/571 755/755/582
f 744/744/572 755/755/582 756/756/583
f 746/746/574 745/745/573 757/757/584
f 746/746/574 757/757/584 751/751/578
f 748/748/576 747/747/575 758/758/585
f 748/748/576 758/758/585 753/753/580
f 747/747/575 744/744/572 756/756/583
f 747/747/575 756/756/583 758/758/585
f 750/750/573 749/749/577 754/754/581
f 750/750/573 754/754/581 759/759/584
f 758/758/585 756/756/583 760/760/586
f 758/758/585 760/760/586 761/761/587
f 759/759/584 754/754/581 762/762/588
f 759/759/584 762/762/588 763/763/589
f 752/752/579 751/751/578 764/764/590
f 752/752/579 764/764/590 765/765/591
f 754/754/581 753/753/580 766/766/592
f 754/754/581 766/766/592 762/762/588
f 755/755/582 752/752/579 765/765/591
f 755/755/582 765/765/591 767/767/593
f 756/756/583 755/755/582 767/767/593
f 756/756/583 767/767/593 760/760/586
f 751/751/578 757/757/584 768/768/589
f 751/751/578 768/768/589 764/764/590
f 753/753/580 758/758/585 761/761/587
f 753/753/580 761/761/587 766/766/592
f 675/675/509 662/662/498 769/769/594
f 675/675/509 769/769/594 770/770/595
f 770/770/595 769/769/594 631/631/470
f 770/770/595 631/631/470 625/625/464
f 662/662/498 661/661/497 771/771/596
f 662/662/498 771/771/596 769/769/594
f 769/769/594 771/771/596 628/628/467
f 769/769/594 628/628/467 631/631/470
f 658/658/494 657/657/493 772/772/597
f 658/658/494 772/772/597 773/773/598
f 773/773/598 772/772/597 635/635/472
f 773/773/598 635/635/472 634/634/468
f 657/657/493 673/673/507 774/774/599
f 657/657/493 774/774/599 772/772/597
f 772/772/597 774/774/599 638/638/475
f 772/772/597 638/638/475 635/635/472
f 666/666/502 665/665/501 775/775/600
f 666/666/502 775/775/600 776/776/601
f 776/776/601 775/775/600 624/624/463
f 776/776/601 624/624/463 639/639/476
f 661/661/497 677/677/494 777/777/598
f 661/661/497 777/777/598 771/771/596
f 771/771/596 777/777/598 629/629/468
f 771/771/596 629/629/468 628/628/467
f 673/673/507 666/666/502 776/776/601
f 673/673/507 776/776/601 774/774/599
f 774/774/599 776/776/601 639/639/476
f 774/774/599 639/639/476 638/638/475
f 665/665/501 675/675/509 770/770/595
f 665/665/501 770/770/595 775/775/600
f 775/775/600 770/770/595 625/625/464
f 775/775/600 625/625/464 624/624/463
f 642/642/479 651/651/488 654/654/491
f 642/642/479 654/654/491 643/643/480
f 531/531/382 552/552/399 512/512/363
f 531/531/382 512/512/363 511/511/362
f 566/566/412 565/565/410 543/543/376
f 566/566/412 543/543/376 542/542/391
f 532/532/383 531/531/382 511/511/362
f 532/532/383 511/511/362 526/526/377
f 563/563/410 532/532/383 526/526/377
f 563/563/410 526/526/377 525/525/376
f 551/551/398 556/556/403 516/516/367
f 551/551/398 516/516/367 515/515/366
f 552/552/399 551/551/398 515/515/366
f 552/552/399 515/515/366 512/512/363
f 555/555/402 566/566/412 542/542/391
f 555/555/402 542/542/391 518/518/369
f 556/556/403 555/555/402 518/518/369
f 556/556/403 518/518/369 516/516/367
f 544/544/392 546/546/394 560/560/407
f 544/544/392 560/560/407 778/778/602
f 622/622/461 630/630/469 621/621/460
f 622/622/461 621/621/460 615/615/456
f 630/630/469 627/627/466 618/618/458
f 630/630/469 618/618/458 621/621/460
f 633/633/465 632/632/471 603/603/444
f 633/633/465 603/603/444 602/602/443
f 632/632/471 637/637/474 606/606/447
f 632/632/471 606/606/447 603/603/444
f 636/636/473 623/623/462 614/614/455
f 636/636/473 614/614/455 607/607/448
f 627/627/466 626/626/465 619/619/443
f 627/627/466 619/619/443 618/618/458
f 637/637/474 636/636/473 607/607/448
f 637/637/474 607/607/448 606/606/447
f 623/623/462 622/622/461 615/615/456
f 623/623/462 615/615/456 614/614/455
f 637/637/474 632/632/471 635/635/472
f 637/637/474 635/635/472 638/638/475
f 612/612/453 620/620/459 609/609/450
f 612/612/453 609/609/450 608/608/449
f 620/620/459 617/617/457 640/640/477
f 620/620/459 640/640/477 609/609/450
f 601/601/442 600/600/441 610/610/451
f 601/601/442 610/610/451 655/655/492
f 600/600/441 605/605/446 611/611/452
f 600/600/441 611/611/452 610/610/451
f 604/604/445 613/613/454 599/599/440
f 604/604/445 599/599/440 598/598/439
f 617/617/457 616/616/442 656/656/492
f 617/617/457 656/656/492 640/640/477
f 605/605/446 604/604/445 598/598/439
f 605/605/446 598/598/439 611/611/452
f 613/613/454 612/612/453 608/608/449
f 613/613/454 608/608/449 599/599/440
f 605/605/446 600/600/441 603/603/444
f 605/605/446 603/603/444 606/606/447
f 583/583/425 581/581/423 594/594/436
f 583/583/425 594/594/436 593/593/435
f 581/581/423 578/578/421 596/596/438
f 581/581/423 596/596/438 594/594/436
f 574/574/418 573/573/417 587/587/429
f 574/574/418 587/587/429 595/595/437
f 573/573/417 590/590/432 588/588/430
f 573/573/417 588/588/430 587/587/429
f 589/589/431 584/584/426 572/572/416
f 589/589/431 572/572/416 571/571/415
f 578/578/421 577/577/418 597/597/437
f 578/578/421 597/597/437 596/596/438
f 590/590/432 589/589/431 571/571/415
f 590/590/432 571/571/415 588/588/430
f 584/584/426 583/583/425 593/593/435
f 584/584/426 593/593/435 572/572/416
f 590/590/432 573/573/417 576/576/420
f 590/590/432 576/576/420 591/591/433
f 711/711/541 719/719/547 708/708/538
f 711/711/541 708/708/538 707/707/537
f 719/719/547 716/716/545 722/722/550
f 719/719/547 722/722/550 708/708/538
f 700/700/530 699/699/529 709/709/539
f 700/700/530 709/709/539 721/721/549
f 699/699/529 704/704/534 710/710/540
f 699/699/529 710/710/540 709/709/539
f 703/703/533 712/712/542 698/698/528
f 703/703/533 698/698/528 697/697/527
f 716/716/545 715/715/530 723/723/549
f 716/716/545 723/723/549 722/722/550
f 704/704/534 703/703/533 697/697/527
f 704/704/534 697/697/527 710/710/540
f 712/712/542 711/711/541 707/707/537
f 712/712/542 707/707/537 698/698/528
f 704/704/534 699/699/529 702/702/532
f 704/704/534 702/702/532 705/705/535
f 469/469/324 467/467/322 397/397/263
f 469/469/324 397/397/263 372/372/238
f 467/467/322 462/462/320 398/398/264
f 467/467/322 398/398/264 397/397/263
f 454/454/316 450/450/312 385/385/251
f 454/454/316 385/385/251 464/464/244
f 450/450/312 453/453/315 386/386/603
f 450/450/312 386/386/603 385/385/251
f 462/462/320 458/458/318 377/377/243
f 462/462/320 377/377/243 398/398/264
f 458/458/318 461/461/316 378/378/244
f 458/458/318 378/378/244 377/377/243
f 453/453/315 471/471/326 371/371/237
f 453/453/315 371/371/237 386/386/603
f 471/471/326 469/469/324 372/372/238
f 471/471/326 372/372/238 371/371/237
f 779/779/604 780/780/605 781/781/606
f 779/779/604 781/781/606 782/782/604
f 783/783/604 784/784/605 780/780/605
f 783/783/604 780/780/605 779/779/604
f 781/781/606 780/780/605 785/785/607
f 781/781/606 785/785/607 786/786/607
f 780/780/605 784/784/605 787/787/608
f 780/780/605 787/787/608 785/785/607
f 786/786/607 785/785/607 788/788/609
f 786/786/607 788/788/609 789/789/609
f 788/788/609 790/790/2 791/791/2
f 788/788/609 791/791/2 789/789/609
f 785/785/607 787/787/608 792/792/609
f 785/785/607 792/792/609 788/788/609
f 790/790/2 793/793/2 794/794/2
f 790/790/2 794/794/2 791/791/2
f 792/792/609 795/795/2 790/790/2
f 792/792/609 790/790/2 788/788/609
f 793/793/2 796/796/2 797/797/2
f 793/793/2 797/797/2 794/794/2
f 795/795/2 798/798/2 793/793/2
f 795/795/2 793/793/2 790/790/2
f 796/796/2 799/799/2 800/800/2
f 796/796/2 800/800/2 797/797/2
f 798/798/2 801/801/2 796/796/2
f 798/798/2 796/796/2 793/793/2
f 802/802/610 803/803/611 804/804/611
f 802/802/610 804/804/611 805/805/610
f 799/799/2 806/806/2 807/807/2
f 799/799/2 807/807/2 800/800/2
f 801/801/2 808/808/2 799/799/2
f 801/801/2 799/799/2 796/796/2
f 809/809/610 810/810/611 803/803/611
f 809/809/610 803/803/611 802/802/610
f 811/811/612 812/812/612 802/802/610
f 811/811/612 802/802/610 805/805/610
f 806/806/2 813/813/2 814/814/2
f 806/806/2 814/814/2 807/807/2
f 808/808/2 815/815/2 806/806/2
f 808/808/2 806/806/2 799/799/2
f 812/812/612 816/816/612 809/809/610
f 812/812/612 809/809/610 802/802/610
f 817/817/613 818/818/613 812/812/612
f 817/817/613 812/812/612 811/811/612
f 813/813/2 819/819/2 820/820/2
f 813/813/2 820/820/2 814/814/2
f 815/815/2 821/821/2 813/813/2
f 815/815/2 813/813/2 806/806/2
f 819/819/2 818/818/613 817/817/613
f 819/819/2 817/817/613 820/820/2
f 818/818/613 822/822/613 816/816/612
f 818/818/613 816/816/612 812/812/612
f 821/821/2 823/823/2 819/819/2
f 821/821/2 819/819/2 813/813/2
f 823/823/2 822/822/613 818/818/613
f 823/823/2 818/818/613 819/819/2
f 140/140/62 142/142/66 824/824/614
f 140/140/62 824/824/614 825/825/615
f 825/825/615 824/824/614 826/826/26
f 825/825/615 826/826/26 827/827/25
f 828/828/616 140/140/62 825/825/615
f 828/828/616 825/825/615 829/829/617
f 829/829/617 825/825/615 827/827/25
f 829/829/617 827/827/25 830/830/29
f 138/138/59 828/828/616 829/829/617
f 138/138/59 829/829/617 831/831/618
f 831/831/618 829/829/617 830/830/29
f 831/831/618 830/830/29 832/832/28
f 139/139/61 138/138/59 831/831/618
f 139/139/61 831/831/618 833/833/619
f 833/833/619 831/831/618 832/832/28
f 833/833/619 832/832/28 834/834/41
f 835/835/620 80/80/51 836/836/621
f 835/835/620 836/836/621 837/837/622
f 837/837/622 836/836/621 838/838/30
f 837/837/622 838/838/30 839/839/38
f 840/840/623 835/835/620 837/837/622
f 840/840/623 837/837/622 841/841/624
f 841/841/624 837/837/622 839/839/38
f 841/841/624 839/839/38 842/842/39
f 843/843/625 844/844/626 845/845/627
f 843/843/625 845/845/627 846/846/628
f 846/846/628 845/845/627 847/847/40
f 846/846/628 847/847/40 848/848/1
f 143/143/67 145/145/71 849/849/629
f 143/143/67 849/849/629 850/850/630
f 850/850/630 849/849/629 851/851/4
f 850/850/630 851/851/4 852/852/24
f 83/83/54 853/853/631 854/854/632
f 83/83/54 854/854/632 855/855/633
f 855/855/633 854/854/632 856/856/23
f 855/855/633 856/856/23 857/857/45
f 84/84/55 83/83/54 855/855/633
f 84/84/55 855/855/633 858/858/634
f 858/858/634 855/855/633 857/857/45
f 858/858/634 857/857/45 859/859/21
f 860/860/635 861/861/636 862/862/637
f 860/860/635 862/862/637 863/863/638
f 863/863/638 862/862/637 864/864/6
f 863/863/638 864/864/6 865/865/7
f 866/866/5 867/867/13 868/868/639
f 866/866/5 868/868/639 869/869/640
f 869/869/640 868/868/639 151/151/73
f 869/869/640 151/151/73 150/150/70
f 870/870/8 866/866/5 869/869/640
f 870/870/8 869/869/640 871/871/641
f 871/871/641 869/869/640 150/150/70
f 871/871/641 150/150/70 872/872/642
f 145/145/71 144/144/70 873/873/643
f 145/145/71 873/873/643 849/849/629
f 849/849/629 873/873/643 874/874/5
f 849/849/629 874/874/5 851/851/4
f 861/861/636 843/843/625 846/846/628
f 861/861/636 846/846/628 862/862/637
f 862/862/637 846/846/628 848/848/1
f 862/862/637 848/848/1 864/864/6
f 148/148/72 147/147/65 875/875/644
f 148/148/72 875/875/644 876/876/614
f 876/876/614 875/875/644 877/877/182
f 876/876/614 877/877/182 878/878/26
f 879/879/645 880/880/646 881/881/647
f 879/879/645 881/881/647 882/882/648
f 882/882/648 881/881/647 883/883/181
f 882/882/648 883/883/181 884/884/183
f 88/88/54 885/885/631 886/886/632
f 88/88/54 886/886/632 887/887/649
f 887/887/649 886/886/632 888/888/23
f 887/887/649 888/888/23 889/889/22
f 890/890/40 891/891/1 892/892/650
f 890/890/40 892/892/650 893/893/627
f 893/893/627 892/892/650 894/894/625
f 893/893/627 894/894/625 895/895/626
f 891/891/1 896/896/6 897/897/637
f 891/891/1 897/897/637 892/892/650
f 892/892/650 897/897/637 898/898/651
f 892/892/650 898/898/651 894/894/625
f 899/899/29 900/900/28 901/901/652
f 899/899/29 901/901/652 902/902/617
f 902/902/617 901/901/652 93/93/59
f 902/902/617 93/93/59 903/903/616
f 896/896/6 904/904/7 905/905/638
f 896/896/6 905/905/638 897/897/637
f 906/906/653 907/907/654 908/908/655
f 906/906/653 908/908/655 909/909/656
f 910/910/657 911/911/658 912/912/659
f 910/910/657 912/912/659 907/907/654
f 913/913/660 911/911/658 914/914/661
f 913/913/660 914/914/661 915/915/662
f 916/916/663 917/917/664 918/918/665
f 916/916/663 918/918/665 919/919/666
f 916/916/663 920/920/667 921/921/668
f 916/916/663 921/921/668 922/922/669
f 64/64/11 923/923/11 921/921/668
f 64/64/11 921/921/668 924/924/670
f 925/925/671 906/906/653 909/909/656
f 925/925/671 909/909/656 926/926/672
f 927/927/673 910/910/657 907/907/654
f 927/927/673 907/907/654 906/906/653
f 911/911/658 910/910/657 928/928/674
f 911/911/658 928/928/674 914/914/661
f 920/920/667 916/916/663 919/919/666
f 920/920/667 919/919/666 929/929/675
f 924/924/670 921/921/668 920/920/667
f 924/924/670 920/920/667 930/930/676
f 924/924/670 931/931/670 932/932/11
f 924/924/670 932/932/11 64/64/11
f 933/933/677 925/925/671 926/926/672
f 933/933/677 926/926/672 934/934/20
f 935/935/678 927/927/673 906/906/653
f 935/935/678 906/906/653 925/925/671
f 910/910/657 927/927/673 936/936/679
f 910/910/657 936/936/679 928/928/674
f 934/934/20 937/937/680 25/25/18
f 934/934/20 25/25/18 27/27/20
f 930/930/676 920/920/667 929/929/675
f 930/930/676 929/929/675 938/938/675
f 930/930/676 939/939/676 931/931/670
f 930/930/676 931/931/670 924/924/670
f 931/931/670 940/940/670 12/12/11
f 931/931/670 12/12/11 932/932/11
f 941/941/677 933/933/677 934/934/20
f 941/941/677 934/934/20 27/27/20
f 942/942/681 935/935/678 925/925/671
f 942/942/681 925/925/671 933/933/677
f 927/927/673 935/935/678 943/943/682
f 927/927/673 943/943/682 936/936/679
f 939/939/676 930/930/676 938/938/675
f 939/939/676 938/938/675 944/944/675
f 939/939/676 945/945/667 940/940/670
f 939/939/676 940/940/670 931/931/670
f 940/940/670 946/946/683 947/947/684
f 940/940/670 947/947/684 12/12/11
f 27/27/20 948/948/50 949/949/677
f 27/27/20 949/949/677 941/941/677
f 950/950/681 942/942/681 933/933/677
f 950/950/681 933/933/677 941/941/677
f 935/935/678 942/942/681 951/951/685
f 935/935/678 951/951/685 943/943/682
f 945/945/667 939/939/676 944/944/675
f 945/945/667 944/944/675 952/952/675
f 945/945/667 953/953/686 946/946/683
f 945/945/667 946/946/683 940/940/670
f 946/946/683 954/954/687 955/955/688
f 946/946/683 955/955/688 947/947/684
f 956/956/689 949/949/677 948/948/50
f 956/956/689 948/948/50 79/79/50
f 941/941/677 949/949/677 957/957/681
f 941/941/677 957/957/681 950/950/681
f 942/942/681 950/950/681 958/958/685
f 942/942/681 958/958/685 951/951/685
f 953/953/686 945/945/667 952/952/675
f 953/953/686 952/952/675 959/959/690
f 953/953/686 960/960/691 954/954/687
f 953/953/686 954/954/687 946/946/683
f 954/954/687 961/961/692 962/962/693
f 954/954/687 962/962/693 955/955/688
f 79/79/50 963/963/694 964/964/695
f 79/79/50 964/964/695 956/956/689
f 965/965/696 957/957/681 949/949/677
f 965/965/696 949/949/677 956/956/689
f 950/950/681 957/957/681 966/966/685
f 950/950/681 966/966/685 958/958/685
f 960/960/691 953/953/686 959/959/690
f 960/960/691 959/959/690 967/967/697
f 960/960/691 968/968/698 961/961/692
f 960/960/691 961/961/692 954/954/687
f 961/961/692 969/969/699 970/970/700
f 961/961/692 970/970/700 962/962/693
f 79/79/50 78/78/49 971/971/701
f 79/79/50 971/971/701 963/963/694
f 972/972/702 964/964/695 963/963/694
f 972/972/702 963/963/694 973/973/703
f 956/956/689 964/964/695 974/974/704
f 956/956/689 974/974/704 965/965/696
f 957/957/681 965/965/696 975/975/685
f 957/957/681 975/975/685 966/966/685
f 968/968/698 960/960/691 967/967/697
f 968/968/698 967/967/697 976/976/705
f 968/968/698 977/977/706 969/969/699
f 968/968/698 969/969/699 961/961/692
f 969/969/699 978/978/707 979/979/708
f 969/969/699 979/979/708 970/970/700
f 980/980/709 972/972/702 973/973/703
f 980/980/709 973/973/703 981/981/710
f 982/982/711 974/974/704 964/964/695
f 982/982/711 964/964/695 972/972/702
f 965/965/696 974/974/704 983/983/712
f 965/965/696 983/983/712 975/975/685
f 977/977/706 968/968/698 976/976/705
f 977/977/706 976/976/705 984/984/713
f 977/977/706 985/985/714 978/978/707
f 977/977/706 978/978/707 969/969/699
f 986/986/715 979/979/708 978/978/707
f 986/986/715 978/978/707 987/987/707
f 979/979/708 988/988/716 989/989/717
f 979/979/708 989/989/717 970/970/700
f 990/990/718 980/980/709 981/981/710
f 990/990/718 981/981/710 991/991/719
f 992/992/720 982/982/711 972/972/702
f 992/992/720 972/972/702 980/980/709
f 974/974/704 982/982/711 993/993/721
f 974/974/704 993/993/721 983/983/712
f 985/985/714 977/977/706 984/984/713
f 985/985/714 984/984/713 994/994/722
f 987/987/707 978/978/707 985/985/714
f 987/987/707 985/985/714 995/995/714
f 996/996/715 986/986/715 987/987/707
f 996/996/715 987/987/707 997/997/723
f 986/986/715 998/998/716 988/988/716
f 986/986/715 988/988/716 979/979/708
f 999/999/723 990/990/718 991/991/719
f 999/999/723 991/991/719 1000/1000/724
f 1001/1001/725 992/992/720 980/980/709
f 1001/1001/725 980/980/709 990/990/718
f 982/982/711 992/992/720 1002/1002/726
f 982/982/711 1002/1002/726 993/993/721
f 995/995/714 985/985/714 994/994/722
f 995/995/714 994/994/722 1003/1003/722
f 997/997/723 987/987/707 995/995/714
f 997/997/723 995/995/714 1004/1004/714
f 997/997/723 1005/1005/723 1006/1006/727
f 997/997/723 1006/1006/727 996/996/715
f 996/996/715 1007/1007/716 998/998/716
f 996/996/715 998/998/716 986/986/715
f 1000/1000/724 1008/1008/724 1009/1009/723
f 1000/1000/724 1009/1009/723 999/999/723
f 1010/1010/714 1001/1001/725 990/990/718
f 1010/1010/714 990/990/718 999/999/723
f 992/992/720 1001/1001/725 1011/1011/728
f 992/992/720 1011/1011/728 1002/1002/726
f 1004/1004/714 995/995/714 1003/1003/722
f 1004/1004/714 1003/1003/722 1012/1012/722
f 1004/1004/714 1013/1013/714 1005/1005/723
f 1004/1004/714 1005/1005/723 997/997/723
f 1005/1005/723 1014/1014/723 1015/1015/727
f 1005/1005/723 1015/1015/727 1006/1006/727
f 1006/1006/727 1016/1016/716 1007/1007/716
f 1006/1006/727 1007/1007/716 996/996/715
f 1014/1014/723 1009/1009/723 1008/1008/724
f 1014/1014/723 1008/1008/724 1015/1015/727
f 999/999/723 1009/1009/723 1017/1017/729
f 999/999/723 1017/1017/729 1010/1010/714
f 1001/1001/725 1010/1010/714 1018/1018/730
f 1001/1001/725 1018/1018/730 1011/1011/728
f 1013/1013/714 1004/1004/714 1012/1012/722
f 1013/1013/714 1012/1012/722 1019/1019/722
f 1013/1013/714 1020/1020/714 1014/1014/723
f 1013/1013/714 1014/1014/723 1005/1005/723
f 1020/1020/714 1017/1017/729 1009/1009/723
f 1020/1020/714 1009/1009/723 1014/1014/723
f 1010/1010/714 1017/1017/729 1021/1021/722
f 1010/1010/714 1021/1021/722 1018/1018/730
f 1020/1020/714 1013/1013/714 1019/1019/722
f 1020/1020/714 1019/1019/722 1022/1022/722
f 1017/1017/729 1020/1020/714 1022/1022/722
f 1017/1017/729 1022/1022/722 1021/1021/722
f 1023/1023/731 1024/1024/716 1000/1000/724
f 1023/1023/731 1000/1000/724 991/991/719
f 1025/1025/732 937/937/680 934/934/20
f 1025/1025/732 934/934/20 926/926/672
f 26/26/19 1026/1026/733 948/948/50
f 26/26/19 948/948/50 27/27/20
f 1027/1027/734 1028/1028/734 1029/1029/735
f 1027/1027/734 1029/1029/735 1030/1030/735
f 63/63/47 1031/1031/736 923/923/11
f 63/63/47 923/923/11 64/64/11
f 1032/1032/737 1033/1033/734 1034/1034/735
f 1032/1032/737 1034/1034/735 1035/1035/738
f 1036/1036/739 1037/1037/740 955/955/688
f 1036/1036/739 955/955/688 962/962/693
f 989/989/717 1036/1036/739 962/962/693
f 989/989/717 962/962/693 970/970/700
f 1038/1038/741 62/62/46 64/64/11
f 1038/1038/741 64/64/11 932/932/11
f 1033/1033/734 1027/1027/734 1030/1030/735
f 1033/1033/734 1030/1030/735 1034/1034/735
f 971/971/701 1039/1039/742 973/973/703
f 971/971/701 973/973/703 963/963/694
f 1040/1040/743 10/10/9 12/12/11
f 1040/1040/743 12/12/11 947/947/684
f 1041/1041/744 1025/1025/732 926/926/672
f 1041/1041/744 926/926/672 909/909/656
f 1042/1042/745 1043/1043/746 908/908/655
f 1042/1042/745 908/908/655 1044/1044/747
f 1024/1024/716 1045/1045/716 1008/1008/724
f 1024/1024/716 1008/1008/724 1000/1000/724
f 1046/1046/716 1016/1016/716 1006/1006/727
f 1046/1046/716 1006/1006/727 1015/1015/727
f 11/11/10 1038/1038/741 932/932/11
f 11/11/10 932/932/11 12/12/11
f 1039/1039/742 1047/1047/748 981/981/710
f 1039/1039/742 981/981/710 973/973/703
f 1026/1026/733 77/77/48 79/79/50
f 1026/1026/733 79/79/50 948/948/50
f 1045/1045/716 1046/1046/716 1015/1015/727
f 1045/1045/716 1015/1015/727 1008/1008/724
f 1048/1048/734 1049/1049/734 1050/1050/735
f 1048/1048/734 1050/1050/735 1051/1051/735
f 1043/1043/746 1041/1041/744 909/909/656
f 1043/1043/746 909/909/656 908/908/655
f 1028/1028/734 1048/1048/734 1051/1051/735
f 1028/1028/734 1051/1051/735 1029/1029/735
f 1031/1031/736 1052/1052/749 1053/1053/750
f 1031/1031/736 1053/1053/750 923/923/11
f 1047/1047/748 1023/1023/731 991/991/719
f 1047/1047/748 991/991/719 981/981/710
f 1037/1037/740 1040/1040/743 947/947/684
f 1037/1037/740 947/947/684 955/955/688
f 1054/1054/751 1055/1055/751 1030/1030/735
f 1054/1054/751 1030/1030/735 1029/1029/735
f 1056/1056/751 1054/1054/751 1029/1029/735
f 1056/1056/751 1029/1029/735 1051/1051/735
f 1057/1057/660 1058/1058/660 1055/1055/751
f 1057/1057/660 1055/1055/751 1054/1054/751
f 1034/1034/735 1030/1030/735 1055/1055/751
f 1034/1034/735 1055/1055/751 1059/1059/751
f 1050/1050/735 1049/1049/734 1060/1060/734
f 1050/1050/735 1060/1060/734 1061/1061/735
f 1062/1062/751 1056/1056/751 1051/1051/735
f 1062/1062/751 1051/1051/735 1050/1050/735
f 1063/1063/660 1057/1057/660 1054/1054/751
f 1063/1063/660 1054/1054/751 1056/1056/751
f 1058/1058/660 1057/1057/660 1064/1064/662
f 1058/1058/660 1064/1064/662 1065/1065/662
f 1059/1059/751 1055/1055/751 1058/1058/660
f 1059/1059/751 1058/1058/660 1066/1066/660
f 1059/1059/751 1067/1067/752 1035/1035/738
f 1059/1059/751 1035/1035/738 1034/1034/735
f 1068/1068/753 1069/1069/754 1032/1032/737
f 1068/1068/753 1032/1032/737 1035/1035/738
f 1050/1050/735 1061/1061/735 1070/1070/751
f 1050/1050/735 1070/1070/751 1062/1062/751
f 1061/1061/735 1060/1060/734 1071/1071/734
f 1061/1061/735 1071/1071/734 1072/1072/735
f 1073/1073/660 1063/1063/660 1056/1056/751
f 1073/1073/660 1056/1056/751 1062/1062/751
f 1057/1057/660 1063/1063/660 1074/1074/662
f 1057/1057/660 1074/1074/662 1064/1064/662
f 1066/1066/660 1058/1058/660 1065/1065/662
f 1066/1066/660 1065/1065/662 1075/1075/662
f 1066/1066/660 1076/1076/755 1067/1067/752
f 1066/1066/660 1067/1067/752 1059/1059/751
f 1067/1067/752 1077/1077/756 1068/1068/753
f 1067/1067/752 1068/1068/753 1035/1035/738
f 1078/1078/757 1079/1079/758 1069/1069/754
f 1078/1078/757 1069/1069/754 1068/1068/753
f 1061/1061/735 1072/1072/735 1080/1080/759
f 1061/1061/735 1080/1080/759 1070/1070/751
f 1062/1062/751 1070/1070/751 1081/1081/660
f 1062/1062/751 1081/1081/660 1073/1073/660
f 1072/1072/735 1071/1071/734 1042/1042/745
f 1072/1072/735 1042/1042/745 1044/1044/747
f 1063/1063/660 1073/1073/660 1082/1082/662
f 1063/1063/660 1082/1082/662 1074/1074/662
f 1076/1076/755 1066/1066/660 1075/1075/662
f 1076/1076/755 1075/1075/662 1083/1083/760
f 1076/1076/755 1084/1084/761 1077/1077/756
f 1076/1076/755 1077/1077/756 1067/1067/752
f 1077/1077/756 1085/1085/762 1078/1078/757
f 1077/1077/756 1078/1078/757 1068/1068/753
f 1053/1053/750 1052/1052/749 1079/1079/758
f 1053/1053/750 1079/1079/758 1078/1078/757
f 1072/1072/735 1044/1044/747 912/912/659
f 1072/1072/735 912/912/659 1080/1080/759
f 1070/1070/751 1080/1080/759 913/913/660
f 1070/1070/751 913/913/660 1081/1081/660
f 1073/1073/660 1081/1081/660 1086/1086/662
f 1073/1073/660 1086/1086/662 1082/1082/662
f 1084/1084/761 1076/1076/755 1083/1083/760
f 1084/1084/761 1083/1083/760 1087/1087/763
f 1084/1084/761 917/917/664 1085/1085/762
f 1084/1084/761 1085/1085/762 1077/1077/756
f 1085/1085/762 922/922/669 1053/1053/750
f 1085/1085/762 1053/1053/750 1078/1078/757
f 907/907/654 912/912/659 1044/1044/747
f 907/907/654 1044/1044/747 908/908/655
f 1080/1080/759 912/912/659 911/911/658
f 1080/1080/759 911/911/658 913/913/660
f 1081/1081/660 913/913/660 915/915/662
f 1081/1081/660 915/915/662 1086/1086/662
f 917/917/664 1084/1084/761 1087/1087/763
f 917/917/664 1087/1087/763 918/918/665
f 917/917/664 916/916/663 922/922/669
f 917/917/664 922/922/669 1085/1085/762
f 922/922/669 921/921/668 923/923/11
f 922/922/669 923/923/11 1053/1053/750
f 1088/1088/642 144/144/70 100/100/69
f 1088/1088/642 100/100/69 99/99/764
f 143/143/67 853/853/631 102/102/765
f 143/143/67 102/102/765 101/101/68
f 1089/1089/766 844/844/626 95/95/767
f 1089/1089/766 95/95/767 116/116/768
f 106/106/604 105/105/769 1090/1090/770
f 106/106/604 1090/1090/770 1091/1091/771
f 1092/1092/771 880/880/646 129/129/772
f 1092/1092/771 129/129/772 128/128/604
f 146/146/62 903/903/616 134/134/773
f 146/146/62 134/134/773 133/133/63
f 1093/1093/774 1089/1089/766 116/116/768
f 1093/1093/774 116/116/768 115/115/775
f 844/844/626 843/843/625 96/96/611
f 844/844/626 96/96/611 95/95/767
f 880/880/646 879/879/645 130/130/776
f 880/880/646 130/130/776 129/129/772
f 137/137/56 1093/1093/774 115/115/775
f 137/137/56 115/115/775 114/114/57
f 828/828/616 138/138/59 113/113/58
f 828/828/616 113/113/58 112/112/773
f 140/140/62 828/828/616 112/112/773
f 140/140/62 112/112/773 111/111/63
f 1094/1094/777 1095/1095/778 109/109/779
f 1094/1094/777 109/109/779 108/108/776
f 1096/1096/780 1094/1094/777 108/108/776
f 1096/1096/780 108/108/776 107/107/772
f 1097/1097/781 147/147/65 132/132/64
f 1097/1097/781 132/132/64 131/131/779
f 840/840/623 1090/1090/770 105/105/769
f 840/840/623 105/105/769 104/104/782
f 1091/1091/771 1096/1096/780 107/107/772
f 1091/1091/771 107/107/772 106/106/604
f 835/835/620 840/840/623 104/104/782
f 835/835/620 104/104/782 103/103/783
f 80/80/51 835/835/620 103/103/783
f 80/80/51 103/103/783 81/81/52
f 853/853/631 83/83/54 82/82/53
f 853/853/631 82/82/53 102/102/765
f 860/860/635 1088/1088/642 99/99/764
f 860/860/635 99/99/764 98/98/784
f 861/861/636 860/860/635 98/98/784
f 861/861/636 98/98/784 97/97/785
f 1098/1098/774 1099/1099/766 136/136/768
f 1098/1098/774 136/136/768 135/135/775
f 895/895/626 894/894/625 118/118/611
f 895/895/626 118/118/611 117/117/767
f 90/90/56 1098/1098/774 135/135/775
f 90/90/56 135/135/775 91/91/57
f 843/843/625 861/861/636 97/97/785
f 843/843/625 97/97/785 96/96/611
f 898/898/651 1100/1100/635 120/120/784
f 898/898/651 120/120/784 119/119/785
f 872/872/642 150/150/70 122/122/69
f 872/872/642 122/122/69 121/121/764
f 879/879/645 1097/1097/781 131/131/779
f 879/879/645 131/131/779 130/130/776
f 149/149/67 885/885/631 124/124/765
f 149/149/67 124/124/765 123/123/68
f 885/885/631 88/88/54 87/87/53
f 885/885/631 87/87/53 124/124/765
f 128/128/604 127/127/769 1101/1101/770
f 128/128/604 1101/1101/770 1092/1092/771
f 1102/1102/786 1101/1101/770 127/127/769
f 1102/1102/786 127/127/769 126/126/782
f 1103/1103/620 1102/1102/786 126/126/782
f 1103/1103/620 126/126/782 125/125/783
f 85/85/51 1103/1103/620 125/125/783
f 85/85/51 125/125/783 86/86/52
f 1095/1095/778 141/141/65 110/110/64
f 1095/1095/778 110/110/64 109/109/779
f 903/903/616 93/93/59 92/92/58
f 903/903/616 92/92/58 134/134/773
f 1100/1100/635 872/872/642 121/121/764
f 1100/1100/635 121/121/764 120/120/784
f 1099/1099/766 895/895/626 117/117/767
f 1099/1099/766 117/117/767 136/136/768
f 894/894/625 898/898/651 119/119/785
f 894/894/625 119/119/785 118/118/611
f 144/144/70 1088/1088/642 1104/1104/787
f 144/144/70 1104/1104/787 873/873/643
f 873/873/643 1104/1104/787 1105/1105/8
f 873/873/643 1105/1105/8 874/874/5
f 1088/1088/642 860/860/635 863/863/638
f 1088/1088/642 863/863/638 1104/1104/787
f 1104/1104/787 863/863/638 865/865/7
f 1104/1104/787 865/865/7 1105/1105/8
f 853/853/631 143/143/67 850/850/630
f 853/853/631 850/850/630 854/854/632
f 854/854/632 850/850/630 852/852/24
f 854/854/632 852/852/24 856/856/23
f 844/844/626 1089/1089/766 1106/1106/788
f 844/844/626 1106/1106/788 845/845/627
f 845/845/627 1106/1106/788 1107/1107/43
f 845/845/627 1107/1107/43 847/847/40
f 1089/1089/766 1093/1093/774 1108/1108/789
f 1089/1089/766 1108/1108/789 1106/1106/788
f 1106/1106/788 1108/1108/789 1109/1109/44
f 1106/1106/788 1109/1109/44 1107/1107/43
f 1093/1093/774 137/137/56 1110/1110/790
f 1093/1093/774 1110/1110/790 1108/1108/789
f 1108/1108/789 1110/1110/790 1111/1111/42
f 1108/1108/789 1111/1111/42 1109/1109/44
f 137/137/56 139/139/61 833/833/619
f 137/137/56 833/833/619 1110/1110/790
f 1110/1110/790 833/833/619 834/834/41
f 1110/1110/790 834/834/41 1111/1111/42
f 1091/1091/771 1090/1090/770 1112/1112/791
f 1091/1091/771 1112/1112/791 1113/1113/792
f 1113/1113/792 1112/1112/791 1114/1114/37
f 1113/1113/792 1114/1114/37 1115/1115/36
f 1090/1090/770 840/840/623 841/841/624
f 1090/1090/770 841/841/624 1112/1112/791
f 1112/1112/791 841/841/624 842/842/39
f 1112/1112/791 842/842/39 1114/1114/37
f 80/80/51 84/84/55 858/858/634
f 80/80/51 858/858/634 836/836/621
f 836/836/621 858/858/634 859/859/21
f 836/836/621 859/859/21 838/838/30
f 1092/1092/771 1101/1101/770 1116/1116/791
f 1092/1092/771 1116/1116/791 1117/1117/792
f 1117/1117/792 1116/1116/791 1118/1118/37
f 1117/1117/792 1118/1118/37 1119/1119/36
f 1101/1101/770 1102/1102/786 1120/1120/624
f 1101/1101/770 1120/1120/624 1116/1116/791
f 1116/1116/791 1120/1120/624 1121/1121/39
f 1116/1116/791 1121/1121/39 1118/1118/37
f 1102/1102/786 1103/1103/620 1122/1122/793
f 1102/1102/786 1122/1122/793 1120/1120/624
f 1120/1120/624 1122/1122/793 1123/1123/38
f 1120/1120/624 1123/1123/38 1121/1121/39
f 142/142/66 141/141/65 1124/1124/644
f 142/142/66 1124/1124/644 824/824/614
f 824/824/614 1124/1124/644 1125/1125/182
f 824/824/614 1125/1125/182 826/826/26
f 141/141/65 1095/1095/778 1126/1126/794
f 141/141/65 1126/1126/794 1124/1124/644
f 1124/1124/644 1126/1126/794 1127/1127/184
f 1124/1124/644 1127/1127/184 1125/1125/182
f 1095/1095/778 1094/1094/777 1128/1128/648
f 1095/1095/778 1128/1128/648 1126/1126/794
f 1126/1126/794 1128/1128/648 1129/1129/183
f 1126/1126/794 1129/1129/183 1127/1127/184
f 1094/1094/777 1096/1096/780 1130/1130/647
f 1094/1094/777 1130/1130/647 1128/1128/648
f 1128/1128/648 1130/1130/647 1131/1131/181
f 1128/1128/648 1131/1131/181 1129/1129/183
f 149/149/67 151/151/73 868/868/639
f 149/149/67 868/868/639 1132/1132/630
f 1132/1132/630 868/868/639 867/867/13
f 1132/1132/630 867/867/13 1133/1133/24
f 904/904/7 870/870/8 871/871/641
f 904/904/7 871/871/641 905/905/638
f 905/905/638 871/871/641 872/872/642
f 905/905/638 872/872/642 1100/1100/635
f 878/878/26 1134/1134/25 1135/1135/795
f 878/878/26 1135/1135/795 876/876/614
f 876/876/614 1135/1135/795 146/146/62
f 876/876/614 146/146/62 148/148/72
f 1134/1134/25 899/899/29 902/902/617
f 1134/1134/25 902/902/617 1135/1135/795
f 1135/1135/795 902/902/617 903/903/616
f 1135/1135/795 903/903/616 146/146/62
f 1136/1136/27 1137/1137/42 1138/1138/796
f 1136/1136/27 1138/1138/796 1139/1139/797
f 1139/1139/797 1138/1138/796 90/90/56
f 1139/1139/797 90/90/56 94/94/60
f 900/900/28 1136/1136/27 1139/1139/797
f 900/900/28 1139/1139/797 901/901/652
f 901/901/652 1139/1139/797 94/94/60
f 901/901/652 94/94/60 93/93/59
f 1137/1137/42 1140/1140/44 1141/1141/798
f 1137/1137/42 1141/1141/798 1138/1138/796
f 1138/1138/796 1141/1141/798 1098/1098/774
f 1138/1138/796 1098/1098/774 90/90/56
f 1142/1142/43 890/890/40 893/893/627
f 1142/1142/43 893/893/627 1143/1143/788
f 1143/1143/788 893/893/627 895/895/626
f 1143/1143/788 895/895/626 1099/1099/766
f 885/885/631 149/149/67 1132/1132/630
f 885/885/631 1132/1132/630 886/886/632
f 886/886/632 1132/1132/630 1133/1133/24
f 886/886/632 1133/1133/24 888/888/23
f 89/89/55 88/88/54 887/887/649
f 89/89/55 887/887/649 1144/1144/634
f 1144/1144/634 887/887/649 889/889/22
f 1144/1144/634 889/889/22 1145/1145/21
f 880/880/646 1092/1092/771 1117/1117/792
f 880/880/646 1117/1117/792 881/881/647
f 881/881/647 1117/1117/792 1119/1119/36
f 881/881/647 1119/1119/36 883/883/181
f 1140/1140/44 1142/1142/43 1143/1143/788
f 1140/1140/44 1143/1143/788 1141/1141/798
f 1141/1141/798 1143/1143/788 1099/1099/766
f 1141/1141/798 1099/1099/766 1098/1098/774
f 1097/1097/781 879/879/645 882/882/648
f 1097/1097/781 882/882/648 1146/1146/794
f 1146/1146/794 882/882/648 884/884/183
f 1146/1146/794 884/884/183 1147/1147/184
f 147/147/65 1097/1097/781 1146/1146/794
f 147/147/65 1146/1146/794 875/875/644
f 875/875/644 1146/1146/794 1147/1147/184
f 875/875/644 1147/1147/184 877/877/182
f 1096/1096/780 1091/1091/771 1113/1113/792
f 1096/1096/780 1113/1113/792 1130/1130/647
f 1130/1130/647 1113/1113/792 1115/1115/36
f 1130/1130/647 1115/1115/36 1131/1131/181
f 85/85/51 89/89/55 1144/1144/634
f 85/85/51 1144/1144/634 1148/1148/799
f 1148/1148/799 1144/1144/634 1145/1145/21
f 1148/1148/799 1145/1145/21 1149/1149/30
f 1103/1103/620 85/85/51 1148/1148/799
f 1103/1103/620 1148/1148/799 1122/1122/793
f 1122/1122/793 1148/1148/799 1149/1149/30
f 1122/1122/793 1149/1149/30 1123/1123/38
f 1150/1150/800 1151/1151/801 1152/1152/801
f 1150/1150/800 1152/1152/801 1153/1153/802
f 1154/1154/803 1155/1155/773 1156/1156/773
f 1154/1154/803 1156/1156/773 1157/1157/804
f 1158/1158/773 1159/1159/805 1160/1160/806
f 1158/1158/773 1160/1160/806 1161/1161/773
f 1162/1162/807 1163/1163/808 1164/1164/809
f 1162/1162/807 1164/1164/809 1165/1165/807
f 1166/1166/810 1162/1162/807 1165/1165/807
f 1166/1166/810 1165/1165/807 1167/1167/811
f 1168/1168/765 1169/1169/765 1170/1170/765
f 1168/1168/765 1170/1170/765 1171/1171/765
f 1172/1172/765 1168/1168/765 1171/1171/765
f 1172/1172/765 1171/1171/765 1173/1173/765
f 1169/1169/765 1174/1174/765 1175/1175/765
f 1169/1169/765 1175/1175/765 1170/1170/765
f 1174/1174/765 1176/1176/765 1177/1177/765
f 1174/1174/765 1177/1177/765 1175/1175/765
f 1176/1176/765 1178/1178/765 1179/1179/765
f 1176/1176/765 1179/1179/765 1177/1177/765
f 1178/1178/765 1180/1180/765 1181/1181/765
f 1178/1178/765 1181/1181/765 1179/1179/765
f 1180/1180/765 1182/1182/765 1183/1183/765
f 1180/1180/765 1183/1183/765 1181/1181/765
f 1184/1184/773 1158/1158/773 1161/1161/773
f 1184/1184/773 1161/1161/773 1185/1185/773
f 1182/1182/765 1186/1186/765 1187/1187/765
f 1182/1182/765 1187/1187/765 1183/1183/765
f 1188/1188/773 1184/1184/773 1185/1185/773
f 1188/1188/773 1185/1185/773 1189/1189/773
f 1186/1186/765 1190/1190/765 1191/1191/765
f 1186/1186/765 1191/1191/765 1187/1187/765
f 1192/1192/773 1188/1188/773 1189/1189/773
f 1192/1192/773 1189/1189/773 1193/1193/773
f 1190/1190/765 1194/1194/765 1195/1195/765
f 1190/1190/765 1195/1195/765 1191/1191/765
f 1196/1196/773 1192/1192/773 1193/1193/773
f 1196/1196/773 1193/1193/773 1197/1197/773
f 1194/1194/765 1198/1198/765 1199/1199/765
f 1194/1194/765 1199/1199/765 1195/1195/765
f 1200/1200/773 1196/1196/773 1197/1197/773
f 1200/1200/773 1197/1197/773 1201/1201/773
f 1198/1198/765 1202/1202/765 1203/1203/765
f 1198/1198/765 1203/1203/765 1199/1199/765
f 1204/1204/773 1200/1200/773 1201/1201/773
f 1204/1204/773 1201/1201/773 1205/1205/773
f 1206/1206/773 1204/1204/773 1205/1205/773
f 1206/1206/773 1205/1205/773 1207/1207/773
f 1202/1202/765 1208/1208/812 1209/1209/813
f 1202/1202/765 1209/1209/813 1203/1203/765
f 1210/1210/773 1206/1206/773 1207/1207/773
f 1210/1210/773 1207/1207/773 1211/1211/773
f 1212/1212/814 1172/1172/765 1173/1173/765
f 1212/1212/814 1173/1173/765 1213/1213/815
f 1214/1214/773 1210/1210/773 1211/1211/773
f 1214/1214/773 1211/1211/773 1215/1215/773
f 1151/1151/801 1216/1216/816 1217/1217/817
f 1151/1151/801 1217/1217/817 1152/1152/801
f 1218/1218/773 1214/1214/773 1215/1215/773
f 1218/1218/773 1215/1215/773 1219/1219/773
f 1155/1155/773 1220/1220/773 1221/1221/773
f 1155/1155/773 1221/1221/773 1156/1156/773
f 1220/1220/773 1218/1218/773 1219/1219/773
f 1220/1220/773 1219/1219/773 1221/1221/773
f 1166/1166/810 1167/1167/811 1222/1222/818
f 1166/1166/810 1222/1222/818 1223/1223/819
f 1224/1224/819 1225/1225/818 1226/1226/820
f 1224/1224/819 1226/1226/820 1227/1227/821
f 1227/1227/821 1226/1226/820 1160/1160/806
f 1227/1227/821 1160/1160/806 1159/1159/805
f 1164/1164/809 1163/1163/808 1228/1228/822
f 1164/1164/809 1228/1228/822 1229/1229/823
f 1230/1230/823 1231/1231/822 1232/1232/824
f 1230/1230/823 1232/1232/824 1233/1233/825
f 1233/1233/825 1232/1232/824 1212/1212/814
f 1233/1233/825 1212/1212/814 1213/1213/815
f 1209/1209/813 1208/1208/812 1234/1234/826
f 1209/1209/813 1234/1234/826 1235/1235/827
f 1235/1235/827 1234/1234/826 1236/1236/828
f 1235/1235/827 1236/1236/828 1237/1237/829
f 1238/1238/829 1239/1239/828 1150/1150/800
f 1238/1238/829 1150/1150/800 1153/1153/802
f 1154/1154/803 1157/1157/804 1240/1240/830
f 1154/1154/803 1240/1240/830 1241/1241/831
f 1241/1241/831 1240/1240/830 1242/1242/832
f 1241/1241/831 1242/1242/832 1243/1243/833
f 1244/1244/833 1245/1245/832 1217/1217/817
f 1244/1244/833 1217/1217/817 1216/1216/816
f 1246/1246/834 1247/1247/834 1248/1248/835
f 1246/1246/834 1248/1248/835 1249/1249/835
f 1247/1247/834 1250/1250/836 1251/1251/835
f 1247/1247/834 1251/1251/835 1248/1248/835
f 1249/1249/835 1252/1252/837 1253/1253/838
f 1249/1249/835 1253/1253/838 1246/1246/834
f 1254/1254/75 1255/1255/75 1247/1247/834
f 1254/1254/75 1247/1247/834 1246/1246/834
f 1255/1255/75 1256/1256/75 1250/1250/836
f 1255/1255/75 1250/1250/836 1247/1247/834
f 1257/1257/835 1251/1251/835 1250/1250/836
f 1257/1257/835 1250/1250/836 1258/1258/836
f 1259/1259/839 1253/1253/838 1252/1252/837
f 1259/1259/839 1252/1252/837 1260/1260/840
f 1246/1246/834 1253/1253/838 155/155/75
f 1246/1246/834 155/155/75 1254/1254/75
f 1261/1261/2 1262/1262/2 1255/1255/75
f 1261/1261/2 1255/1255/75 1254/1254/75
f 1258/1258/836 1250/1250/836 1256/1256/75
f 1258/1258/836 1256/1256/75 1263/1263/75
f 1262/1262/2 1264/1264/2 1256/1256/75
f 1262/1262/2 1256/1256/75 1255/1255/75
f 1265/1265/835 1257/1257/835 1258/1258/836
f 1265/1265/835 1258/1258/836 1266/1266/834
f 1267/1267/2 1268/1268/2 1262/1262/2
f 1267/1267/2 1262/1262/2 1261/1261/2
f 1269/1269/841 1259/1259/839 1260/1260/840
f 1269/1269/841 1260/1260/840 1270/1270/842
f 158/158/78 157/157/77 1269/1269/841
f 158/158/78 1269/1269/841 1271/1271/843
f 157/157/77 156/156/76 1259/1259/839
f 157/157/77 1259/1259/839 1269/1269/841
f 156/156/76 155/155/75 1253/1253/838
f 156/156/76 1253/1253/838 1259/1259/839
f 154/154/2 1261/1261/2 1254/1254/75
f 154/154/2 1254/1254/75 155/155/75
f 1268/1268/2 1272/1272/2 1264/1264/2
f 1268/1268/2 1264/1264/2 1262/1262/2
f 1266/1266/834 1258/1258/836 1263/1263/75
f 1266/1266/834 1263/1263/75 1273/1273/75
f 1264/1264/2 1274/1274/2 1263/1263/75
f 1264/1264/2 1263/1263/75 1256/1256/75
f 1266/1266/834 1275/1275/834 1276/1276/835
f 1266/1266/834 1276/1276/835 1265/1265/835
f 1277/1277/2 1267/1267/2 1261/1261/2
f 1277/1277/2 1261/1261/2 154/154/2
f 1271/1271/843 1269/1269/841 1270/1270/842
f 1271/1271/843 1270/1270/842 1278/1278/844
f 152/152/74 158/158/78 1271/1271/843
f 152/152/74 1271/1271/843 1279/1279/845
f 1272/1272/2 1280/1280/2 1274/1274/2
f 1272/1272/2 1274/1274/2 1264/1264/2
f 1273/1273/75 159/159/75 1275/1275/834
f 1273/1273/75 1275/1275/834 1266/1266/834
f 1274/1274/2 1281/1281/2 1273/1273/75
f 1274/1274/2 1273/1273/75 1263/1263/75
f 1275/1275/834 1282/1282/846 1283/1283/847
f 1275/1275/834 1283/1283/847 1276/1276/835
f 1284/1284/16 1277/1277/2 154/154/2
f 1284/1284/16 154/154/2 153/153/16
f 1279/1279/845 1271/1271/843 1278/1278/844
f 1279/1279/845 1278/1278/844 1285/1285/848
f 153/153/16 152/152/74 1279/1279/845
f 153/153/16 1279/1279/845 1286/1286/849
f 1280/1280/2 1287/1287/2 1281/1281/2
f 1280/1280/2 1281/1281/2 1274/1274/2
f 159/159/75 165/165/83 1282/1282/846
f 159/159/75 1282/1282/846 1275/1275/834
f 165/165/83 164/164/82 1288/1288/850
f 165/165/83 1288/1288/850 1282/1282/846
f 1281/1281/2 160/160/2 159/159/75
f 1281/1281/2 159/159/75 1273/1273/75
f 164/164/82 163/163/81 1289/1289/851
f 164/164/82 1289/1289/851 1288/1288/850
f 1282/1282/846 1288/1288/850 1290/1290/852
f 1282/1282/846 1290/1290/852 1283/1283/847
f 1291/1291/849 1284/1284/16 153/153/16
f 1291/1291/849 153/153/16 1286/1286/849
f 1286/1286/849 1279/1279/845 1285/1285/848
f 1286/1286/849 1285/1285/848 1292/1292/215
f 1287/1287/2 1293/1293/2 160/160/2
f 1287/1287/2 160/160/2 1281/1281/2
f 163/163/81 162/162/80 1294/1294/853
f 163/163/81 1294/1294/853 1289/1289/851
f 1288/1288/850 1289/1289/851 1295/1295/854
f 1288/1288/850 1295/1295/854 1290/1290/852
f 1296/1296/214 1291/1291/849 1286/1286/849
f 1296/1296/214 1286/1286/849 1292/1292/215
f 1293/1293/2 1297/1297/79 161/161/79
f 1293/1293/2 161/161/79 160/160/2
f 162/162/80 161/161/79 1298/1298/855
f 162/162/80 1298/1298/855 1294/1294/853
f 1289/1289/851 1294/1294/853 1299/1299/856
f 1289/1289/851 1299/1299/856 1295/1295/854
f 1297/1297/79 1300/1300/857 1298/1298/855
f 1297/1297/79 1298/1298/855 161/161/79
f 1294/1294/853 1298/1298/855 1301/1301/216
f 1294/1294/853 1301/1301/216 1299/1299/856
f 897/897/637 905/905/638 1100/1100/635
f 897/897/637 1100/1100/635 898/898/651
f 1300/1300/857 1302/1302/217 1301/1301/216
f 1300/1300/857 1301/1301/216 1298/1298/855
f 1303/1303/858 1304/1304/211 1305/1305/210
f 1303/1303/858 1305/1305/210 1306/1306/858
f 1307/1307/858 1306/1306/858 1305/1305/210
f 1307/1307/858 1305/1305/210 1308/1308/859
f 1309/1309/16 1303/1303/858 1306/1306/858
f 1309/1309/16 1306/1306/858 166/166/16
f 1310/1310/860 1307/1307/858 1308/1308/859
f 1310/1310/860 1308/1308/859 1311/1311/861
f 19/19/16 166/166/16 1306/1306/858
f 19/19/16 1306/1306/858 1307/1307/858
f 1312/1312/2 1309/1309/16 166/166/16
f 1312/1312/2 166/166/16 36/36/2
f 1313/1313/208 1314/1314/855 1315/1315/857
f 1313/1313/208 1315/1315/857 1316/1316/209
f 1317/1317/862 1310/1310/860 1311/1311/861
f 1317/1317/862 1311/1311/861 1318/1318/863
f 18/18/15 17/17/14 1317/1317/862
f 18/18/15 1317/1317/862 1319/1319/864
f 17/17/14 20/20/17 1310/1310/860
f 17/17/14 1310/1310/860 1317/1317/862
f 20/20/17 19/19/16 1307/1307/858
f 20/20/17 1307/1307/858 1310/1310/860
f 1320/1320/2 1312/1312/2 36/36/2
f 1320/1320/2 36/36/2 35/35/2
f 1314/1314/855 1321/1321/79 301/301/79
f 1314/1314/855 301/301/79 1315/1315/857
f 1322/1322/865 1316/1316/209 1315/1315/857
f 1322/1322/865 1315/1315/857 1323/1323/857
f 1319/1319/864 1317/1317/862 1318/1318/863
f 1319/1319/864 1318/1318/863 1324/1324/866
f 13/13/12 18/18/15 1319/1319/864
f 13/13/12 1319/1319/864 1325/1325/867
f 1326/1326/2 1320/1320/2 35/35/2
f 1326/1326/2 35/35/2 296/296/2
f 1327/1327/868 1328/1328/869 1329/1329/870
f 1327/1327/868 1329/1329/870 1330/1330/871
f 1331/1331/872 1332/1332/873 1333/1333/874
f 1331/1331/872 1333/1333/874 1334/1334/872
f 1335/1335/875 1336/1336/876 1337/1337/877
f 1335/1335/875 1337/1337/877 1338/1338/878
f 1339/1339/879 1340/1340/880 1341/1341/880
f 1339/1339/879 1341/1341/880 1342/1342/881
f 1340/1340/880 1343/1343/880 1344/1344/880
f 1340/1340/880 1344/1344/880 1341/1341/880
f 1345/1345/882 1346/1346/883 1347/1347/884
f 1345/1345/882 1347/1347/884 1348/1348/885
f 1328/1328/869 1349/1349/886 1350/1350/887
f 1328/1328/869 1350/1350/887 1329/1329/870
f 1351/1351/888 1352/1352/889 1353/1353/890
f 1351/1351/888 1353/1353/890 1354/1354/891
f 1336/1336/876 1355/1355/892 1356/1356/893
f 1336/1336/876 1356/1356/893 1337/1337/877
f 1357/1357/894 1358/1358/895 1359/1359/896
f 1357/1357/894 1359/1359/896 1360/1360/897
f 1358/1358/895 1327/1327/868 1330/1330/871
f 1358/1358/895 1330/1330/871 1359/1359/896
f 1343/1343/880 1361/1361/898 1362/1362/899
f 1343/1343/880 1362/1362/899 1344/1344/880
f 1363/1363/900 1364/1364/872 1365/1365/872
f 1363/1363/900 1365/1365/872 1366/1366/901
f 1349/1349/886 1351/1351/888 1354/1354/891
f 1349/1349/886 1354/1354/891 1350/1350/887
f 1367/1367/902 1345/1345/882 1348/1348/885
f 1367/1367/902 1348/1348/885 1368/1368/903
f 1364/1364/872 1369/1369/872 1370/1370/872
f 1364/1364/872 1370/1370/872 1365/1365/872
f 1346/1346/883 1335/1335/875 1338/1338/878
f 1346/1346/883 1338/1338/878 1347/1347/884
f 1371/1371/904 1372/1372/904 1373/1373/904
f 1371/1371/904 1373/1373/904 1374/1374/904
f 1372/1372/905 1375/1375/905 1376/1376/905
f 1372/1372/905 1376/1376/905 1373/1373/905
f 1375/1375/906 1377/1377/906 1378/1378/906
f 1375/1375/906 1378/1378/906 1376/1376/906
f 1377/1377/907 1371/1371/907 1374/1374/907
f 1377/1377/907 1374/1374/907 1378/1378/907
f 1377/1377/2 1375/1375/2 1372/1372/2
f 1377/1377/2 1372/1372/2 1371/1371/2
f 1379/1379/904 1380/1380/904 1381/1381/904
f 1379/1379/904 1381/1381/904 1382/1382/904
f 1380/1380/905 1383/1383/905 1384/1384/905
f 1380/1380/905 1384/1384/905 1381/1381/905
f 1383/1383/906 1385/1385/906 1386/1386/906
f 1383/1383/906 1386/1386/906 1384/1384/906
f 1385/1385/907 1379/1379/907 1382/1382/907
f 1385/1385/907 1382/1382/907 1386/1386/907
f 1385/1385/2 1383/1383/2 1380/1380/2
f 1385/1385/2 1380/1380/2 1379/1379/2
f 1387/1387/904 1388/1388/904 1389/1389/904
f 1387/1387/904 1389/1389/904 1390/1390/904
f 1388/1388/905 1391/1391/905 1392/1392/905
f 1388/1388/905 1392/1392/905 1389/1389/905
f 1391/1391/906 1393/1393/906 1394/1394/906
f 1391/1391/906 1394/1394/906 1392/1392/906
f 1393/1393/907 1387/1387/907 1390/1390/907
f 1393/1393/907 1390/1390/907 1394/1394/907
f 1393/1393/2 1391/1391/2 1388/1388/2
f 1393/1393/2 1388/1388/2 1387/1387/2
f 1395/1395/904 1396/1396/904 1397/1397/908
f 1395/1395/904 1397/1397/908 1398/1398/908
f 1396/1396/905 1399/1399/905 1400/1400/905
f 1396/1396/905 1400/1400/905 1397/1397/905
f 1399/1399/906 1401/1401/906 1402/1402/906
f 1399/1399/906 1402/1402/906 1400/1400/906
f 1401/1401/907 1395/1395/907 1398/1398/907
f 1401/1401/907 1398/1398/907 1402/1402/907
f 1401/1401/909 1399/1399/909 1396/1396/909
f 1401/1401/909 1396/1396/909 1395/1395/909
f 1403/1403/904 1404/1404/904 1405/1405/904
f 1403/1403/904 1405/1405/904 1406/1406/904
f 1404/1404/905 1407/1407/905 1408/1408/905
f 1404/1404/905 1408/1408/905 1405/1405/905
f 1407/1407/906 1409/1409/906 1410/1410/906
f 1407/1407/906 1410/1410/906 1408/1408/906
f 1409/1409/907 1403/1403/907 1406/1406/907
f 1409/1409/907 1406/1406/907 1410/1410/907
f 1409/1409/909 1407/1407/909 1404/1404/909
f 1409/1409/909 1404/1404/909 1403/1403/909
f 1411/1411/904 1412/1412/904 1413/1413/904
f 1411/1411/904 1413/1413/904 1414/1414/904
f 1412/1412/905 1415/1415/905 1416/1416/905
f 1412/1412/905 1416/1416/905 1413/1413/905
f 1415/1415/906 1417/1417/906 1418/1418/906
f 1415/1415/906 1418/1418/906 1416/1416/906
f 1417/1417/907 1411/1411/907 1414/1414/907
f 1417/1417/907 1414/1414/907 1418/1418/907
f 1417/1417/909 1415/1415/909 1412/1412/909
f 1417/1417/909 1412/1412/909 1411/1411/909
f 1419/1419/908 1420/1420/908 1421/1421/908
f 1419/1419/908 1421/1421/908 1422/1422/908
f 1420/1420/905 1423/1423/905 1424/1424/905
f 1420/1420/905 1424/1424/905 1421/1421/905
f 1423/1423/906 1425/1425/906 1426/1426/906
f 1423/1423/906 1426/1426/906 1424/1424/906
f 1425/1425/907 1419/1419/907 1422/1422/907
f 1425/1425/907 1422/1422/907 1426/1426/907
f 1425/1425/2 1423/1423/2 1420/1420/2
f 1425/1425/2 1420/1420/2 1419/1419/2
f 1427/1427/904 1428/1428/904 1429/1429/904
f 1427/1427/904 1429/1429/904 1430/1430/904
f 1428/1428/905 1431/1431/905 1432/1432/905
f 1428/1428/905 1432/1432/905 1429/1429/905
f 1431/1431/906 1433/1433/906 1434/1434/906
f 1431/1431/906 1434/1434/906 1432/1432/906
f 1433/1433/907 1427/1427/907 1430/1430/907
f 1433/1433/907 1430/1430/907 1434/1434/907
f 1433/1433/2 1431/1431/2 1428/1428/2
f 1433/1433/2 1428/1428/2 1427/1427/2
f 1435/1435/908 1436/1436/908 1437/1437/908
f 1435/1435/908 1437/1437/908 1438/1438/908
f 1436/1436/905 1439/1439/905 1440/1440/905
f 1436/1436/905 1440/1440/905 1437/1437/905
f 1439/1439/906 1441/1441/906 1442/1442/906
f 1439/1439/906 1442/1442/906 1440/1440/906
f 1441/1441/907 1435/1435/907 1438/1438/907
f 1441/1441/907 1438/1438/907 1442/1442/907
f 1441/1441/2 1439/1439/2 1436/1436/2
f 1441/1441/2 1436/1436/2 1435/1435/2
f 1443/1443/908 1444/1444/908 1445/1445/908
f 1443/1443/908 1445/1445/908 1446/1446/908
f 1444/1444/905 1447/1447/905 1448/1448/905
f 1444/1444/905 1448/1448/905 1445/1445/905
f 1447/1447/906 1449/1449/906 1450/1450/906
f 1447/1447/906 1450/1450/906 1448/1448/906
f 1449/1449/907 1443/1443/907 1446/1446/907
f 1449/1449/907 1446/1446/907 1450/1450/907
f 1449/1449/2 1447/1447/2 1444/1444/2
f 1449/1449/2 1444/1444/2 1443/1443/2
f 1451/1451/904 1452/1452/904 1453/1453/904
f 1451/1451/904 1453/1453/904 1454/1454/904
f 1452/1452/905 1455/1455/905 1456/1456/905
f 1452/1452/905 1456/1456/905 1453/1453/905
f 1455/1455/906 1457/1457/906 1458/1458/906
f 1455/1455/906 1458/1458/906 1456/1456/906
f 1457/1457/907 1451/1451/907 1454/1454/907
f 1457/1457/907 1454/1454/907 1458/1458/907
f 1457/1457/2 1455/1455/2 1452/1452/2
f 1457/1457/2 1452/1452/2 1451/1451/2
f 1459/1459/908 1460/1460/908 1461/1461/908
f 1459/1459/908 1461/1461/908 1462/1462/908
f 1460/1460/905 1463/1463/905 1464/1464/905
f 1460/1460/905 1464/1464/905 1461/1461/905
f 1463/1463/906 1465/1465/906 1466/1466/906
f 1463/1463/906 1466/1466/906 1464/1464/906
f 1465/1465/907 1459/1459/907 1462/1462/907
f 1465/1465/907 1462/1462/907 1466/1466/907
f 1465/1465/2 1463/1463/2 1460/1460/2
f 1465/1465/2 1460/1460/2 1459/1459/2
f 1467/1467/904 1468/1468/904 1469/1469/904
f 1467/1467/904 1469/1469/904 1470/1470/904
f 1468/1468/905 1471/1471/905 1472/1472/905
f 1468/1468/905 1472/1472/905 1469/1469/905
f 1471/1471/906 1473/1473/906 1474/1474/906
f 1471/1471/906 1474/1474/906 1472/1472/906
f 1473/1473/907 1467/1467/907 1470/1470/907
f 1473/1473/907 1470/1470/907 1474/1474/907
f 1473/1473/2 1471/1471/2 1468/1468/2
f 1473/1473/2 1468/1468/2 1467/1467/2
f 1475/1475/904 1476/1476/904 1477/1477/904
f 1475/1475/904 1477/1477/904 1478/1478/904
f 1476/1476/905 1479/1479/905 1480/1480/905
f 1476/1476/905 1480/1480/905 1477/1477/905
f 1479/1479/906 1481/1481/906 1482/1482/906
f 1479/1479/906 1482/1482/906 1480/1480/906
f 1481/1481/907 1475/1475/907 1478/1478/907
f 1481/1481/907 1478/1478/907 1482/1482/907
f 1481/1481/2 1479/1479/2 1476/1476/2
f 1481/1481/2 1476/1476/2 1475/1475/2
f 1483/1483/904 1484/1484/904 1485/1485/904
f 1483/1483/904 1485/1485/904 1486/1486/904
f 1484/1484/905 1487/1487/905 1488/1488/905
f 1484/1484/905 1488/1488/905 1485/1485/905
f 1487/1487/906 1489/1489/906 1490/1490/906
f 1487/1487/906 1490/1490/906 1488/1488/906
f 1489/1489/907 1483/1483/907 1486/1486/907
f 1489/1489/907 1486/1486/907 1490/1490/907
f 1489/1489/2 1487/1487/2 1484/1484/2
f 1489/1489/2 1484/1484/2 1483/1483/2
f 1491/1491/908 1492/1492/908 1493/1493/908
f 1491/1491/908 1493/1493/908 1494/1494/908
f 1492/1492/905 1495/1495/905 1496/1496/905
f 1492/1492/905 1496/1496/905 1493/1493/905
f 1495/1495/906 1497/1497/906 1498/1498/906
f 1495/1495/906 1498/1498/906 1496/1496/906
f 1497/1497/907 1491/1491/907 1494/1494/907
f 1497/1497/907 1494/1494/907 1498/1498/907
f 1497/1497/2 1495/1495/2 1492/1492/2
f 1497/1497/2 1492/1492/2 1491/1491/2
f 1499/1499/904 1500/1500/904 1501/1501/904
f 1499/1499/904 1501/1501/904 1502/1502/904
f 1500/1500/905 1503/1503/905 1504/1504/905
f 1500/1500/905 1504/1504/905 1501/1501/905
f 1503/1503/906 1505/1505/906 1506/1506/906
f 1503/1503/906 1506/1506/906 1504/1504/906
f 1505/1505/907 1499/1499/907 1502/1502/907
f 1505/1505/907 1502/1502/907 1506/1506/907
f 1505/1505/2 1503/1503/2 1500/1500/2
f 1505/1505/2 1500/1500/2 1499/1499/2
f 1507/1507/904 1508/1508/904 1509/1509/904
f 1507/1507/904 1509/1509/904 1510/1510/904
f 1508/1508/905 1511/1511/905 1512/1512/905
f 1508/1508/905 1512/1512/905 1509/1509/905
f 1511/1511/906 1513/1513/906 1514/1514/906
f 1511/1511/906 1514/1514/906 1512/1512/906
f 1513/1513/907 1507/1507/907 1510/1510/907
f 1513/1513/907 1510/1510/907 1514/1514/907
f 1513/1513/2 1511/1511/2 1508/1508/2
f 1513/1513/2 1508/1508/2 1507/1507/2
f 1515/1515/904 1516/1516/904 1517/1517/904
f 1515/1515/904 1517/1517/904 1518/1518/904
f 1516/1516/905 1519/1519/905 1520/1520/905
f 1516/1516/905 1520/1520/905 1517/1517/905
f 1519/1519/906 1521/1521/906 1522/1522/906
f 1519/1519/906 1522/1522/906 1520/1520/906
f 1521/1521/907 1515/1515/907 1518/1518/907
f 1521/1521/907 1518/1518/907 1522/1522/907
f 1521/1521/2 1519/1519/2 1516/1516/2
f 1521/1521/2 1516/1516/2 1515/1515/2
f 1523/1523/2 1524/1524/2 1525/1525/2
f 1523/1523/2 1525/1525/2 1526/1526/2
f 1523/1523/907 1526/1526/907 1527/1527/907
f 1523/1523/907 1527/1527/907 1528/1528/907
f 1524/1524/910 1523/1523/910 1528/1528/910
f 1524/1524/910 1528/1528/910 1529/1529/910
f 1525/1525/905 1524/1524/905 1529/1529/905
f 1525/1525/905 1529/1529/905 1530/1530/905
f 1526/1526/904 1525/1525/904 1530/1530/904
f 1526/1526/904 1530/1530/904 1527/1527/904
f 1333/1333/874 1332/1332/873 1531/1531/911
f 1333/1333/874 1531/1531/911 1532/1532/912
f 1532/1532/912 1531/1531/911 1533/1533/913
f 1532/1532/912 1533/1533/913 1534/1534/914
f 1534/1534/914 1533/1533/913 1535/1535/915
f 1534/1534/914 1535/1535/915 1536/1536/916
f 1363/1363/900 1366/1366/901 1537/1537/917
f 1363/1363/900 1537/1537/917 1538/1538/918
f 1538/1538/918 1537/1537/917 1539/1539/919
f 1538/1538/918 1539/1539/919 1540/1540/920
f 1540/1540/920 1539/1539/919 1353/1353/890
f 1540/1540/920 1353/1353/890 1352/1352/889
f 1356/1356/893 1355/1355/892 1541/1541/921
f 1356/1356/893 1541/1541/921 1542/1542/922
f 1542/1542/922 1541/1541/921 1543/1543/923
f 1542/1542/922 1543/1543/923 1544/1544/924
f 1544/1544/924 1543/1543/923 1339/1339/879
f 1544/1544/924 1339/1339/879 1342/1342/881
f 1357/1357/894 1360/1360/897 1545/1545/925
f 1357/1357/894 1545/1545/925 1546/1546/926
f 1546/1546/926 1545/1545/925 1547/1547/927
f 1546/1546/926 1547/1547/927 1548/1548/928
f 1548/1548/928 1547/1547/927 1362/1362/899
f 1548/1548/928 1362/1362/899 1361/1361/898
f 1535/1535/915 1367/1367/902 1368/1368/903
f 1535/1535/915 1368/1368/903 1536/1536/916
f 197/197/84 1549/1549/84 1550/1550/84
f 197/197/84 1550/1550/84 198/198/84
f 1549/1549/84 1551/1551/84 1552/1552/84
f 1549/1549/84 1552/1552/84 1550/1550/84
f 198/198/84 1550/1550/84 1553/1553/84
f 198/198/84 1553/1553/84 173/173/84
f 192/192/84 198/198/84 173/173/84
f 192/192/84 173/173/84 172/172/84
f 1551/1551/84 1554/1554/84 1555/1555/84
f 1551/1551/84 1555/1555/84 1552/1552/84
f 1550/1550/84 1552/1552/84 1556/1556/84
f 1550/1550/84 1556/1556/84 1553/1553/84
f 173/173/84 1553/1553/84 1557/1557/84
f 173/173/84 1557/1557/84 174/174/84
f 1554/1554/84 179/179/84 178/178/84
f 1554/1554/84 178/178/84 1555/1555/84
f 1552/1552/84 1555/1555/84 1558/1558/84
f 1552/1552/84 1558/1558/84 1556/1556/84
f 1553/1553/84 1556/1556/84 1559/1559/84
f 1553/1553/84 1559/1559/84 1557/1557/84
f 1555/1555/84 178/178/84 186/186/84
f 1555/1555/84 186/186/84 1558/1558/84
f 1556/1556/84 1558/1558/84 1560/1560/84
f 1556/1556/84 1560/1560/84 1559/1559/84
f 178/178/84 184/184/84 187/187/84
f 178/178/84 187/187/84 186/186/84
f 1558/1558/84 186/186/84 185/185/84
f 1558/1558/84 185/185/84 1560/1560/84
f 1561/1561/929 1562/1562/930 1563/1563/931
f 1561/1561/929 1563/1563/931 1564/1564/932
f 219/219/105 220/220/106 1565/1565/933
f 219/219/105 1565/1565/933 1566/1566/934
f 1567/1567/935 1568/1568/936 1569/1569/937
f 1567/1567/935 1569/1569/937 1570/1570/938
f 1571/1571/939 1572/1572/940 1573/1573/941
f 1571/1571/939 1573/1573/941 1574/1574/942
f 210/210/96 212/212/98 1575/1575/943
f 210/210/96 1575/1575/943 1576/1576/944
f 1577/1577/945 1578/1578/946 1579/1579/947
f 1577/1577/945 1579/1579/947 1580/1580/948
f 1581/1581/949 1582/1582/950 1583/1583/951
f 1581/1581/949 1583/1583/951 1584/1584/952
f 1585/1585/953 1586/1586/954 1587/1587/955
f 1585/1585/953 1587/1587/955 1588/1588/956
f 1589/1589/957 1590/1590/958 1591/1591/959
f 1589/1589/957 1591/1591/959 1592/1592/960
f 1593/1593/961 1594/1594/962 1595/1595/963
f 1593/1593/961 1595/1595/963 1596/1596/964
f 1597/1597/965 1598/1598/966 1582/1582/950
f 1597/1597/965 1582/1582/950 1581/1581/949
f 1599/1599/967 1600/1600/968 1601/1601/969
f 1599/1599/967 1601/1601/969 1602/1602/970
f 1603/1603/971 1604/1604/972 1605/1605/973
f 1603/1603/971 1605/1605/973 1606/1606/974
f 1607/1607/975 1608/1608/976 1600/1600/968
f 1607/1607/975 1600/1600/968 1599/1599/967
f 1566/1566/934 1565/1565/933 1609/1609/977
f 1566/1566/934 1609/1609/977 1610/1610/978
f 1611/1611/979 1612/1612/980 1613/1613/981
f 1611/1611/979 1613/1613/981 1614/1614/982
f 1615/1615/983 1616/1616/984 1617/1617/985
f 1615/1615/983 1617/1617/985 1618/1618/986
f 1619/1619/987 1620/1620/988 1621/1621/989
f 1619/1619/987 1621/1621/989 1622/1622/990
f 1623/1623/991 1624/1624/992 1625/1625/993
f 1623/1623/991 1625/1625/993 1626/1626/994
f 1627/1627/995 1628/1628/996 1629/1629/997
f 1627/1627/995 1629/1629/997 1630/1630/998
f 1631/1631/999 1623/1623/991 1626/1626/994
f 1631/1631/999 1626/1626/994 1632/1632/1000
f 1612/1612/980 1611/1611/979 1633/1633/1001
f 1612/1612/980 1633/1633/1001 1634/1634/1002
f 1635/1635/1003 1636/1636/1004 1637/1637/1005
f 1635/1635/1003 1637/1637/1005 1638/1638/1006
f 1639/1639/1007 1640/1640/1008 1641/1641/1009
f 1639/1639/1007 1641/1641/1009 1642/1642/1010
f 213/213/99 238/238/124 1643/1643/1011
f 213/213/99 1643/1643/1011 1644/1644/1012
f 1645/1645/1013 1646/1646/1014 1647/1647/1015
f 1645/1645/1013 1647/1647/1015 1648/1648/1016
f 1649/1649/1017 1650/1650/1018 1651/1651/1019
f 1649/1649/1017 1651/1651/1019 1652/1652/1020
f 1653/1653/1021 1654/1654/1022 1655/1655/1023
f 1653/1653/1021 1655/1655/1023 1644/1644/1012
f 1656/1656/1024 1657/1657/1025 1658/1658/1026
f 1656/1656/1024 1658/1658/1026 1659/1659/1027
f 231/231/117 1660/1660/1028 1661/1661/1029
f 231/231/117 1661/1661/1029 230/230/116
f 1662/1662/1030 1663/1663/1031 1664/1664/1032
f 1662/1662/1030 1664/1664/1032 1665/1665/1033
f 1666/1666/1034 1667/1667/1035 1668/1668/1036
f 1666/1666/1034 1668/1668/1036 1669/1669/1037
f 1665/1665/1033 1664/1664/1032 1670/1670/1038
f 1665/1665/1033 1670/1670/1038 1671/1671/1039
f 1585/1585/953 1672/1672/1040 1673/1673/1041
f 1585/1585/953 1673/1673/1041 1674/1674/1042
f 1675/1675/1043 1676/1676/1044 1677/1677/1045
f 1675/1675/1043 1677/1677/1045 1678/1678/1046
f 1588/1588/956 1679/1679/1047 1672/1672/1040
f 1588/1588/956 1672/1672/1040 1585/1585/953
f 1674/1674/1042 1680/1680/1048 1586/1586/954
f 1674/1674/1042 1586/1586/954 1585/1585/953
f 1681/1681/1049 1593/1593/961 1596/1596/964
f 1681/1681/1049 1596/1596/964 1682/1682/1050
f 1683/1683/1051 1673/1673/1041 1672/1672/1040
f 1683/1683/1051 1672/1672/1040 1684/1684/1052
f 1684/1684/1052 1672/1672/1040 1679/1679/1047
f 1684/1684/1052 1679/1679/1047 1685/1685/1053
f 207/207/93 1686/1686/1054 1687/1687/1055
f 207/207/93 1687/1687/1055 235/235/121
f 1688/1688/1056 1689/1689/1057 1675/1675/1043
f 1688/1688/1056 1675/1675/1043 1690/1690/1058
f 1689/1689/1057 1691/1691/1059 1676/1676/1044
f 1689/1689/1057 1676/1676/1044 1675/1675/1043
f 1620/1620/988 1692/1692/1060 1693/1693/1061
f 1620/1620/988 1693/1693/1061 1621/1621/989
f 1690/1690/1058 1675/1675/1043 1678/1678/1046
f 1690/1690/1058 1678/1678/1046 1694/1694/2
f 1607/1607/975 1695/1695/1062 1696/1696/1063
f 1607/1607/975 1696/1696/1063 1608/1608/976
f 1625/1625/993 1624/1624/992 1639/1639/1007
f 1625/1625/993 1639/1639/1007 1642/1642/1010
f 1625/1625/993 1697/1697/1064 1698/1698/1065
f 1625/1625/993 1698/1698/1065 1626/1626/994
f 1604/1604/972 1603/1603/971 1699/1699/1066
f 1604/1604/972 1699/1699/1066 1700/1700/1067
f 1662/1662/1030 1701/1701/1068 1702/1702/1069
f 1662/1662/1030 1702/1702/1069 1663/1663/1031
f 207/207/93 206/206/92 215/215/101
f 207/207/93 215/215/101 243/243/129
f 1703/1703/1070 1704/1704/1071 1705/1705/1072
f 1703/1703/1070 1705/1705/1072 1706/1706/1073
f 1659/1659/1027 1658/1658/1026 1707/1707/1074
f 1659/1659/1027 1707/1707/1074 1708/1708/1075
f 1709/1709/1076 1710/1710/1077 1711/1711/1078
f 1709/1709/1076 1711/1711/1078 1712/1712/1079
f 1713/1713/1080 1714/1714/1081 1715/1715/1082
f 1713/1713/1080 1715/1715/1082 1716/1716/1083
f 1717/1717/1084 1718/1718/1085 1712/1712/1079
f 1717/1717/1084 1712/1712/1079 1719/1719/1086
f 202/202/88 225/225/111 1720/1720/1087
f 202/202/88 1720/1720/1087 203/203/89
f 1638/1638/1006 1637/1637/1005 221/221/107
f 1638/1638/1006 221/221/107 222/222/108
f 1648/1648/1016 1647/1647/1015 223/223/109
f 1648/1648/1016 223/223/109 224/224/110
f 1676/1676/1044 1691/1691/1059 1717/1717/1084
f 1676/1676/1044 1717/1717/1084 1721/1721/1088
f 1721/1721/1088 1717/1717/1084 1719/1719/1086
f 1721/1721/1088 1719/1719/1086 1567/1567/935
f 1595/1595/963 1692/1692/1060 1620/1620/988
f 1595/1595/963 1620/1620/988 1596/1596/964
f 1591/1591/959 1590/1590/958 1722/1722/1089
f 1591/1591/959 1722/1722/1089 1723/1723/1090
f 1706/1706/1073 1705/1705/1072 208/208/94
f 1706/1706/1073 208/208/94 209/209/95
f 1691/1691/1059 1720/1720/1087 1718/1718/1085
f 1691/1691/1059 1718/1718/1085 1717/1717/1084
f 1677/1677/1045 1676/1676/1044 1721/1721/1088
f 1677/1677/1045 1721/1721/1088 1724/1724/1091
f 1724/1724/1091 1721/1721/1088 1567/1567/935
f 1724/1724/1091 1567/1567/935 1570/1570/938
f 1693/1693/1061 1692/1692/1060 1627/1627/995
f 1693/1693/1061 1627/1627/995 1630/1630/998
f 1633/1633/1001 1725/1725/1092 1726/1726/1093
f 1633/1633/1001 1726/1726/1093 1634/1634/1002
f 1578/1578/946 1577/1577/945 1727/1727/1094
f 1578/1578/946 1727/1727/1094 1728/1728/1095
f 1727/1727/1094 1729/1729/1096 1730/1730/1097
f 1727/1727/1094 1730/1730/1097 1728/1728/1095
f 1605/1605/973 1716/1716/1083 1715/1715/1082
f 1605/1605/973 1715/1715/1082 1606/1606/974
f 1667/1667/1035 1666/1666/1034 1731/1731/1098
f 1667/1667/1035 1731/1731/1098 1732/1732/1099
f 1731/1731/1098 1733/1733/1100 1734/1734/1101
f 1731/1731/1098 1734/1734/1101 1732/1732/1099
f 1735/1735/1102 1736/1736/1103 1737/1737/1104
f 1735/1735/1102 1737/1737/1104 1738/1738/1105
f 1651/1651/1019 1650/1650/1018 1739/1739/1106
f 1651/1651/1019 1739/1739/1106 1740/1740/1107
f 199/199/85 201/201/87 1741/1741/1108
f 199/199/85 1741/1741/1108 1742/1742/1109
f 1743/1743/1110 1744/1744/1111 1745/1745/1112
f 1743/1743/1110 1745/1745/1112 1746/1746/1113
f 1742/1742/1109 1741/1741/1108 1730/1730/1097
f 1742/1742/1109 1730/1730/1097 1729/1729/1096
f 1747/1747/1114 1748/1748/1115 216/216/102
f 1747/1747/1114 216/216/102 218/218/104
f 1749/1749/1116 1750/1750/1117 1681/1681/1049
f 1749/1749/1116 1681/1681/1049 1682/1682/1050
f 1702/1702/1069 1701/1701/1068 1748/1748/1115
f 1702/1702/1069 1748/1748/1115 1747/1747/1114
f 1619/1619/987 1622/1622/990 1751/1751/1118
f 1619/1619/987 1751/1751/1118 1752/1752/1119
f 1696/1696/1063 1695/1695/1062 1750/1750/1117
f 1696/1696/1063 1750/1750/1117 1749/1749/1116
f 1752/1752/1119 1751/1751/1118 1734/1734/1101
f 1752/1752/1119 1734/1734/1101 1733/1733/1100
f 1631/1631/999 1632/1632/1000 1753/1753/1120
f 1631/1631/999 1753/1753/1120 1754/1754/1121
f 1754/1754/1121 1753/1753/1120 1726/1726/1093
f 1754/1754/1121 1726/1726/1093 1725/1725/1092
f 1755/1755/1122 1756/1756/1123 1757/1757/1124
f 1755/1755/1122 1757/1757/1124 1758/1758/1125
f 239/239/125 242/242/128 241/241/127
f 239/239/125 241/241/127 236/236/122
f 1643/1643/1011 238/238/124 237/237/123
f 1643/1643/1011 237/237/123 1759/1759/1126
f 1760/1760/1127 1761/1761/1128 1762/1762/1129
f 1760/1760/1127 1762/1762/1129 1763/1763/1130
f 1764/1764/1131 1765/1765/1132 1766/1766/1133
f 1764/1764/1131 1766/1766/1133 1767/1767/1134
f 1768/1768/1135 1769/1769/1136 1770/1770/1137
f 1768/1768/1135 1770/1770/1137 1771/1771/1138
f 240/240/126 1772/1772/1139 1773/1773/1140
f 240/240/126 1773/1773/1140 246/246/132
f 1774/1774/1141 1775/1775/1142 1736/1736/1103
f 1774/1774/1141 1736/1736/1103 1735/1735/1102
f 1589/1589/957 1592/1592/960 1714/1714/1081
f 1589/1589/957 1714/1714/1081 1713/1713/1080
f 1740/1740/1107 1739/1739/1106 1775/1775/1142
f 1740/1740/1107 1775/1775/1142 1774/1774/1141
f 1758/1758/1125 1757/1757/1124 1776/1776/1143
f 1758/1758/1125 1776/1776/1143 1777/1777/1144
f 1777/1777/1144 1776/1776/1143 1744/1744/1111
f 1777/1777/1144 1744/1744/1111 1743/1743/1110
f 1759/1759/1126 237/237/123 1778/1778/1145
f 1759/1759/1126 1778/1778/1145 1779/1779/1146
f 1779/1779/1146 1778/1778/1145 1761/1761/1128
f 1779/1779/1146 1761/1761/1128 1760/1760/1127
f 1780/1780/1147 1781/1781/1148 1765/1765/1132
f 1780/1780/1147 1765/1765/1132 1764/1764/1131
f 236/236/122 241/241/127 1781/1781/1148
f 236/236/122 1781/1781/1148 1780/1780/1147
f 1782/1782/1149 1783/1783/1150 1769/1769/1136
f 1782/1782/1149 1769/1769/1136 1768/1768/1135
f 246/246/132 1773/1773/1140 1783/1783/1150
f 246/246/132 1783/1783/1150 1782/1782/1149
f 1784/1784/1151 1785/1785/1152 1786/1786/1153
f 1784/1784/1151 1786/1786/1153 1787/1787/1154
f 1788/1788/1155 1789/1789/1156 1790/1790/1157
f 1788/1788/1155 1790/1790/1157 1791/1791/1158
f 1792/1792/1159 1793/1793/1160 1794/1794/1161
f 1792/1792/1159 1794/1794/1161 1795/1795/1162
f 1796/1796/1163 1797/1797/1164 1798/1798/1165
f 1796/1796/1163 1798/1798/1165 1799/1799/1166
f 1800/1800/1167 1801/1801/1168 1802/1802/1169
f 1800/1800/1167 1802/1802/1169 1803/1803/1170
f 1746/1746/1113 1745/1745/1112 1803/1803/1170
f 1746/1746/1113 1803/1803/1170 1802/1802/1169
f 1787/1787/1154 1786/1786/1153 1771/1771/1138
f 1787/1787/1154 1771/1771/1138 1770/1770/1137
f 1763/1763/1130 1762/1762/1129 1795/1795/1162
f 1763/1763/1130 1795/1795/1162 1794/1794/1161
f 1791/1791/1158 1790/1790/1157 1767/1767/1134
f 1791/1791/1158 1767/1767/1134 1766/1766/1133
f 1797/1797/1164 1796/1796/1163 1738/1738/1105
f 1797/1797/1164 1738/1738/1105 1737/1737/1104
f 1804/1804/1171 1805/1805/1172 1806/1806/1173
f 1804/1804/1171 1806/1806/1173 1807/1807/1174
f 1808/1808/1175 1809/1809/1176 1810/1810/1177
f 1808/1808/1175 1810/1810/1177 1811/1811/1178
f 1812/1812/1179 1813/1813/1180 1814/1814/1181
f 1812/1812/1179 1814/1814/1181 1815/1815/1182
f 227/227/113 228/228/114 1816/1816/1183
f 227/227/113 1816/1816/1183 1817/1817/1184
f 1817/1817/1184 1816/1816/1183 1805/1805/1172
f 1817/1817/1184 1805/1805/1172 1804/1804/1171
f 1818/1818/1185 1661/1661/1029 1809/1809/1176
f 1818/1818/1185 1809/1809/1176 1808/1808/1175
f 229/229/115 230/230/116 1661/1661/1029
f 229/229/115 1661/1661/1029 1818/1818/1185
f 1588/1588/956 1587/1587/955 1723/1723/1090
f 1588/1588/956 1723/1723/1090 1656/1656/1024
f 1819/1819/1186 1820/1820/1187 1821/1821/1089
f 1819/1819/1186 1821/1821/1089 1822/1822/958
f 1615/1615/983 1594/1594/962 217/217/103
f 1615/1615/983 217/217/103 235/235/121
f 1627/1627/995 1692/1692/1060 1595/1595/963
f 1627/1627/995 1595/1595/963 1618/1618/986
f 1639/1639/1007 1624/1624/992 1693/1693/1061
f 1639/1639/1007 1693/1693/1061 1630/1630/998
f 1823/1823/1188 1697/1697/1064 1625/1625/993
f 1823/1823/1188 1625/1625/993 1642/1642/1010
f 1563/1563/931 1824/1824/1189 233/233/119
f 1563/1563/931 233/233/119 234/234/120
f 231/231/117 232/232/118 1825/1825/1190
f 231/231/117 1825/1825/1190 1660/1660/1028
f 1562/1562/930 1826/1826/1191 1824/1824/1189
f 1562/1562/930 1824/1824/1189 1563/1563/931
f 1660/1660/1028 1825/1825/1190 1813/1813/1180
f 1660/1660/1028 1813/1813/1180 1812/1812/1179
f 1826/1826/1191 1562/1562/930 1827/1827/1192
f 1826/1826/1191 1827/1827/1192 1828/1828/1193
f 1829/1829/1194 1830/1830/1195 1831/1831/1196
f 1829/1829/1194 1831/1831/1196 1832/1832/1197
f 1830/1830/1195 1829/1829/1194 1833/1833/1198
f 1830/1830/1195 1833/1833/1198 1834/1834/1199
f 1835/1835/1200 1836/1836/1201 1649/1649/1017
f 1835/1835/1200 1649/1649/1017 1652/1652/1020
f 1679/1679/1047 1588/1588/956 1656/1656/1024
f 1679/1679/1047 1656/1656/1024 1659/1659/1027
f 1837/1837/1026 1838/1838/1025 1839/1839/1202
f 1837/1837/1026 1839/1839/1202 1840/1840/1203
f 1841/1841/1074 1837/1837/1026 1840/1840/1203
f 1841/1841/1074 1840/1840/1203 1842/1842/1204
f 1659/1659/1027 1708/1708/1075 1685/1685/1053
f 1659/1659/1027 1685/1685/1053 1679/1679/1047
f 1704/1704/1071 1686/1686/1054 1710/1710/1077
f 1704/1704/1071 1710/1710/1077 1709/1709/1076
f 1566/1566/934 1610/1610/978 1703/1703/1070
f 1566/1566/934 1703/1703/1070 1706/1706/1073
f 1709/1709/1076 1843/1843/1205 1705/1705/1072
f 1709/1709/1076 1705/1705/1072 1704/1704/1071
f 219/219/105 1566/1566/934 1706/1706/1073
f 219/219/105 1706/1706/1073 209/209/95
f 1843/1843/1205 225/225/111 208/208/94
f 1843/1843/1205 208/208/94 1705/1705/1072
f 221/221/107 1637/1637/1005 1565/1565/933
f 221/221/107 1565/1565/933 220/220/106
f 1637/1637/1005 1636/1636/1004 1609/1609/977
f 1637/1637/1005 1609/1609/977 1565/1565/933
f 1647/1647/1015 1646/1646/1014 1635/1635/1003
f 1647/1647/1015 1635/1635/1003 1638/1638/1006
f 223/223/109 1647/1647/1015 1638/1638/1006
f 223/223/109 1638/1638/1006 222/222/108
f 1844/1844/1206 1845/1845/1207 1645/1645/1013
f 1844/1844/1206 1645/1645/1013 1648/1648/1016
f 226/226/112 1844/1844/1206 1648/1648/1016
f 226/226/112 1648/1648/1016 224/224/110
f 1846/1846/1208 1654/1654/1022 1653/1653/1021
f 1846/1846/1208 1653/1653/1021 1847/1847/1209
f 1655/1655/1023 214/214/100 213/213/99
f 1655/1655/1023 213/213/99 1644/1644/1012
f 1610/1610/978 1616/1616/984 1687/1687/1055
f 1610/1610/978 1687/1687/1055 1703/1703/1070
f 1636/1636/1004 1628/1628/996 1617/1617/985
f 1636/1636/1004 1617/1617/985 1609/1609/977
f 1646/1646/1014 1640/1640/1008 1629/1629/997
f 1646/1646/1014 1629/1629/997 1635/1635/1003
f 1845/1845/1207 1848/1848/1210 1641/1641/1009
f 1845/1845/1207 1641/1641/1009 1645/1645/1013
f 1834/1834/1199 1833/1833/1198 1849/1849/1211
f 1834/1834/1199 1849/1849/1211 1850/1850/1212
f 1851/1851/1213 1852/1852/1214 1612/1612/980
f 1851/1851/1213 1612/1612/980 1634/1634/1002
f 1667/1667/1035 1732/1732/1099 1633/1633/1001
f 1667/1667/1035 1633/1633/1001 1611/1611/979
f 1578/1578/946 1728/1728/1095 1662/1662/1030
f 1578/1578/946 1662/1662/1030 1665/1665/1033
f 1607/1607/975 1599/1599/967 1664/1664/1032
f 1607/1607/975 1664/1664/1032 1663/1663/1031
f 1603/1603/971 1606/1606/974 1727/1727/1094
f 1603/1603/971 1727/1727/1094 1577/1577/945
f 1853/1853/1215 1854/1854/1216 1855/1855/973
f 1853/1853/1215 1855/1855/973 1856/1856/972
f 1731/1731/1098 1666/1666/1034 1600/1600/968
f 1731/1731/1098 1600/1600/968 1608/1608/976
f 1601/1601/969 1600/1600/968 1666/1666/1034
f 1601/1601/969 1666/1666/1034 1669/1669/1037
f 1611/1611/979 1614/1614/982 1668/1668/1036
f 1611/1611/979 1668/1668/1036 1667/1667/1035
f 1670/1670/1038 1664/1664/1032 1599/1599/967
f 1670/1670/1038 1599/1599/967 1602/1602/970
f 1852/1852/1214 1857/1857/1217 1613/1613/981
f 1852/1852/1214 1613/1613/981 1612/1612/980
f 1579/1579/947 1578/1578/946 1665/1665/1033
f 1579/1579/947 1665/1665/1033 1671/1671/1039
f 1699/1699/1066 1603/1603/971 1577/1577/945
f 1699/1699/1066 1577/1577/945 1580/1580/948
f 1858/1858/1218 1853/1853/1215 1856/1856/972
f 1858/1858/1218 1856/1856/972 1859/1859/1067
f 1860/1860/1219 1861/1861/1220 1862/1862/957
f 1860/1860/1219 1862/1862/957 1863/1863/1080
f 199/199/85 1742/1742/1109 1714/1714/1081
f 199/199/85 1714/1714/1081 1592/1592/960
f 1864/1864/1221 1860/1860/1219 1863/1863/1080
f 1864/1864/1221 1863/1863/1080 1865/1865/1083
f 1742/1742/1109 1729/1729/1096 1715/1715/1082
f 1742/1742/1109 1715/1715/1082 1714/1714/1081
f 216/216/102 1748/1748/1115 1741/1741/1108
f 216/216/102 1741/1741/1108 201/201/87
f 1748/1748/1115 1701/1701/1068 1730/1730/1097
f 1748/1748/1115 1730/1730/1097 1741/1741/1108
f 1750/1750/1117 1695/1695/1062 1702/1702/1069
f 1750/1750/1117 1702/1702/1069 1747/1747/1114
f 1681/1681/1049 1750/1750/1117 1747/1747/1114
f 1681/1681/1049 1747/1747/1114 218/218/104
f 1752/1752/1119 1733/1733/1100 1696/1696/1063
f 1752/1752/1119 1696/1696/1063 1749/1749/1116
f 1619/1619/987 1752/1752/1119 1749/1749/1116
f 1619/1619/987 1749/1749/1116 1682/1682/1050
f 1631/1631/999 1754/1754/1121 1751/1751/1118
f 1631/1631/999 1751/1751/1118 1622/1622/990
f 1754/1754/1121 1725/1725/1092 1734/1734/1101
f 1754/1754/1121 1734/1734/1101 1751/1751/1118
f 1866/1866/1222 1867/1867/1223 1753/1753/1120
f 1866/1866/1222 1753/1753/1120 1632/1632/1000
f 1867/1867/1223 1868/1868/1224 1726/1726/1093
f 1867/1867/1223 1726/1726/1093 1753/1753/1120
f 1861/1861/1220 1819/1819/1186 1822/1822/958
f 1861/1861/1220 1822/1822/958 1862/1862/957
f 200/200/86 199/199/85 1592/1592/960
f 200/200/86 1592/1592/960 1591/1591/959
f 1854/1854/1216 1864/1864/1221 1865/1865/1083
f 1854/1854/1216 1865/1865/1083 1855/1855/973
f 1729/1729/1096 1727/1727/1094 1606/1606/974
f 1729/1729/1096 1606/1606/974 1715/1715/1082
f 1701/1701/1068 1662/1662/1030 1728/1728/1095
f 1701/1701/1068 1728/1728/1095 1730/1730/1097
f 1695/1695/1062 1607/1607/975 1663/1663/1031
f 1695/1695/1062 1663/1663/1031 1702/1702/1069
f 1593/1593/961 1681/1681/1049 218/218/104
f 1593/1593/961 218/218/104 205/205/91
f 206/206/92 216/216/102 201/201/87
f 206/206/92 201/201/87 215/215/101
f 1620/1620/988 1619/1619/987 1682/1682/1050
f 1620/1620/988 1682/1682/1050 1596/1596/964
f 1733/1733/1100 1731/1731/1098 1608/1608/976
f 1733/1733/1100 1608/1608/976 1696/1696/1063
f 1623/1623/991 1631/1631/999 1622/1622/990
f 1623/1623/991 1622/1622/990 1621/1621/989
f 1725/1725/1092 1633/1633/1001 1732/1732/1099
f 1725/1725/1092 1732/1732/1099 1734/1734/1101
f 1698/1698/1065 1866/1866/1222 1632/1632/1000
f 1698/1698/1065 1632/1632/1000 1626/1626/994
f 1868/1868/1224 1851/1851/1213 1634/1634/1002
f 1868/1868/1224 1634/1634/1002 1726/1726/1093
f 1861/1861/1220 1860/1860/1219 1783/1783/1150
f 1861/1861/1220 1783/1783/1150 1773/1773/1140
f 1774/1774/1141 1735/1735/1102 1868/1868/1224
f 1774/1774/1141 1868/1868/1224 1867/1867/1223
f 1740/1740/1107 1774/1774/1141 1867/1867/1223
f 1740/1740/1107 1867/1867/1223 1866/1866/1222
f 1777/1777/1144 1743/1743/1110 1736/1736/1103
f 1777/1777/1144 1736/1736/1103 1775/1775/1142
f 1744/1744/1111 1776/1776/1143 1779/1779/1146
f 1744/1744/1111 1779/1779/1146 1760/1760/1127
f 1758/1758/1125 1777/1777/1144 1775/1775/1142
f 1758/1758/1125 1775/1775/1142 1739/1739/1106
f 1761/1761/1128 1778/1778/1145 1780/1780/1147
f 1761/1761/1128 1780/1780/1147 1764/1764/1131
f 1776/1776/1143 1757/1757/1124 1759/1759/1126
f 1776/1776/1143 1759/1759/1126 1779/1779/1146
f 1778/1778/1145 237/237/123 236/236/122
f 1778/1778/1145 236/236/122 1780/1780/1147
f 1782/1782/1149 1768/1768/1135 1765/1765/1132
f 1782/1782/1149 1765/1765/1132 1781/1781/1148
f 246/246/132 1782/1782/1149 1781/1781/1148
f 246/246/132 1781/1781/1148 241/241/127
f 1746/1746/1113 1737/1737/1104 1736/1736/1103
f 1746/1746/1113 1736/1736/1103 1743/1743/1110
f 1797/1797/1164 1737/1737/1104 1746/1746/1113
f 1797/1797/1164 1746/1746/1113 1802/1802/1169
f 1854/1854/1216 1770/1770/1137 1769/1769/1136
f 1854/1854/1216 1769/1769/1136 1864/1864/1221
f 1771/1771/1138 1766/1766/1133 1765/1765/1132
f 1771/1771/1138 1765/1765/1132 1768/1768/1135
f 1791/1791/1158 1766/1766/1133 1771/1771/1138
f 1791/1791/1158 1771/1771/1138 1786/1786/1153
f 1738/1738/1105 1851/1851/1213 1868/1868/1224
f 1738/1738/1105 1868/1868/1224 1735/1735/1102
f 1649/1649/1017 1836/1836/1201 1846/1846/1208
f 1649/1649/1017 1846/1846/1208 1847/1847/1209
f 1595/1595/963 1594/1594/962 1615/1615/983
f 1595/1595/963 1615/1615/983 1618/1618/986
f 1869/1869/1225 1870/1870/1226 1572/1572/940
f 1869/1869/1225 1572/1572/940 1871/1871/1227
f 1693/1693/1061 1624/1624/992 1623/1623/991
f 1693/1693/1061 1623/1623/991 1621/1621/989
f 217/217/103 1594/1594/962 1593/1593/961
f 217/217/103 1593/1593/961 205/205/91
f 1872/1872/1228 1869/1869/1225 1871/1871/1227
f 1872/1872/1228 1871/1871/1227 1873/1873/1229
f 1874/1874/1230 1875/1875/1231 1564/1564/932
f 1874/1874/1230 1564/1564/932 1876/1876/1232
f 1825/1825/1190 232/232/118 233/233/119
f 1825/1825/1190 233/233/119 1824/1824/1189
f 1772/1772/1139 1849/1849/1211 1820/1820/1187
f 1772/1772/1139 1820/1820/1187 1819/1819/1186
f 1653/1653/1021 1756/1756/1123 1755/1755/1122
f 1653/1653/1021 1755/1755/1122 1847/1847/1209
f 1871/1871/1227 1572/1572/940 1571/1571/939
f 1871/1871/1227 1571/1571/939 1875/1875/1231
f 1873/1873/1229 1871/1871/1227 1875/1875/1231
f 1873/1873/1229 1875/1875/1231 1874/1874/1230
f 1844/1844/1206 226/226/112 227/227/113
f 1844/1844/1206 227/227/113 1817/1817/1184
f 1816/1816/1183 228/228/114 229/229/115
f 1816/1816/1183 229/229/115 1818/1818/1185
f 202/202/88 245/245/131 1876/1876/1232
f 202/202/88 1876/1876/1232 234/234/120
f 1875/1875/1231 1571/1571/939 1561/1561/929
f 1875/1875/1231 1561/1561/929 1564/1564/932
f 1860/1860/1219 1864/1864/1221 1769/1769/1136
f 1860/1860/1219 1769/1769/1136 1783/1783/1150
f 1562/1562/930 1561/1561/929 1877/1877/1233
f 1562/1562/930 1877/1877/1233 1827/1827/1192
f 1829/1829/1194 1832/1832/1197 1842/1842/1204
f 1829/1829/1194 1842/1842/1204 1840/1840/1203
f 1813/1813/1180 1825/1825/1190 1824/1824/1189
f 1813/1813/1180 1824/1824/1189 1826/1826/1191
f 211/211/97 210/210/96 242/242/128
f 211/211/97 242/242/128 239/239/125
f 1767/1767/1134 1762/1762/1129 1761/1761/1128
f 1767/1767/1134 1761/1761/1128 1764/1764/1131
f 1853/1853/1215 1858/1858/1218 1784/1784/1151
f 1853/1853/1215 1784/1784/1151 1787/1787/1154
f 1697/1697/1064 1823/1823/1188 1835/1835/1200
f 1697/1697/1064 1835/1835/1200 1652/1652/1020
f 1763/1763/1130 1745/1745/1112 1744/1744/1111
f 1763/1763/1130 1744/1744/1111 1760/1760/1127
f 1690/1690/1058 1694/1694/2 1878/1878/1234
f 1690/1690/1058 1878/1878/1234 1879/1879/1235
f 1755/1755/1122 1650/1650/1018 1649/1649/1017
f 1755/1755/1122 1649/1649/1017 1847/1847/1209
f 1880/1880/1236 1879/1879/1235 1873/1873/1229
f 1880/1880/1236 1873/1873/1229 1874/1874/1230
f 1688/1688/1056 1690/1690/1058 1879/1879/1235
f 1688/1688/1056 1879/1879/1235 1880/1880/1236
f 1674/1674/1042 1673/1673/1041 1881/1881/1237
f 1674/1674/1042 1881/1881/1237 1882/1882/1238
f 1673/1673/1041 1683/1683/1051 1883/1883/1239
f 1673/1673/1041 1883/1883/1239 1881/1881/1237
f 243/243/129 1680/1680/1048 1884/1884/1240
f 243/243/129 1884/1884/1240 244/244/130
f 211/211/97 214/214/100 1814/1814/1181
f 211/211/97 1814/1814/1181 1828/1828/1193
f 1885/1885/1241 1831/1831/1196 1830/1830/1195
f 1885/1885/1241 1830/1830/1195 1886/1886/1242
f 1584/1584/952 1885/1885/1241 1886/1886/1242
f 1584/1584/952 1886/1886/1242 1581/1581/949
f 1719/1719/1086 1887/1887/1243 1568/1568/936
f 1719/1719/1086 1568/1568/936 1567/1567/935
f 1759/1759/1126 1757/1757/1124 1756/1756/1123
f 1759/1759/1126 1756/1756/1123 1643/1643/1011
f 1597/1597/965 1888/1888/1244 1889/1889/1245
f 1597/1597/965 1889/1889/1245 1576/1576/944
f 1821/1821/1089 1820/1820/1187 1839/1839/1202
f 1821/1821/1089 1839/1839/1202 1838/1838/1025
f 1834/1834/1199 1888/1888/1244 1886/1886/1242
f 1834/1834/1199 1886/1886/1242 1830/1830/1195
f 1712/1712/1079 1718/1718/1085 1843/1843/1205
f 1712/1712/1079 1843/1843/1205 1709/1709/1076
f 1879/1879/1235 1878/1878/1234 1872/1872/1228
f 1879/1879/1235 1872/1872/1228 1873/1873/1229
f 1586/1586/954 1680/1680/1048 243/243/129
f 1586/1586/954 243/243/129 215/215/101
f 1888/1888/1244 1597/1597/965 1581/1581/949
f 1888/1888/1244 1581/1581/949 1886/1886/1242
f 1723/1723/1090 1722/1722/1089 1657/1657/1025
f 1723/1723/1090 1657/1657/1025 1656/1656/1024
f 1718/1718/1085 1720/1720/1087 225/225/111
f 1718/1718/1085 225/225/111 1843/1843/1205
f 1723/1723/1090 1587/1587/955 200/200/86
f 1723/1723/1090 200/200/86 1591/1591/959
f 1790/1790/1157 1789/1789/1156 1792/1792/1159
f 1790/1790/1157 1792/1792/1159 1795/1795/1162
f 1802/1802/1169 1801/1801/1168 1798/1798/1165
f 1802/1802/1169 1798/1798/1165 1797/1797/1164
f 1712/1712/1079 1711/1711/1078 1887/1887/1243
f 1712/1712/1079 1887/1887/1243 1719/1719/1086
f 1587/1587/955 1586/1586/954 215/215/101
f 1587/1587/955 215/215/101 200/200/86
f 1767/1767/1134 1790/1790/1157 1795/1795/1162
f 1767/1767/1134 1795/1795/1162 1762/1762/1129
f 204/204/90 203/203/89 1689/1689/1057
f 204/204/90 1689/1689/1057 1688/1688/1056
f 203/203/89 1720/1720/1087 1691/1691/1059
f 203/203/89 1691/1691/1059 1689/1689/1057
f 1833/1833/1198 1829/1829/1194 1840/1840/1203
f 1833/1833/1198 1840/1840/1203 1839/1839/1202
f 1845/1845/1207 1844/1844/1206 1817/1817/1184
f 1845/1845/1207 1817/1817/1184 1804/1804/1171
f 1884/1884/1240 1680/1680/1048 1674/1674/1042
f 1884/1884/1240 1674/1674/1042 1882/1882/1238
f 1617/1617/985 1628/1628/996 1627/1627/995
f 1617/1617/985 1627/1627/995 1618/1618/986
f 1629/1629/997 1628/1628/996 1636/1636/1004
f 1629/1629/997 1636/1636/1004 1635/1635/1003
f 1711/1711/1078 1710/1710/1077 244/244/130
f 1711/1711/1078 244/244/130 1884/1884/1240
f 1617/1617/985 1616/1616/984 1610/1610/978
f 1617/1617/985 1610/1610/978 1609/1609/977
f 1687/1687/1055 1686/1686/1054 1704/1704/1071
f 1687/1687/1055 1704/1704/1071 1703/1703/1070
f 1629/1629/997 1640/1640/1008 1639/1639/1007
f 1629/1629/997 1639/1639/1007 1630/1630/998
f 1568/1568/936 1887/1887/1243 1882/1882/1238
f 1568/1568/936 1882/1882/1238 1881/1881/1237
f 1887/1887/1243 1711/1711/1078 1884/1884/1240
f 1887/1887/1243 1884/1884/1240 1882/1882/1238
f 1569/1569/937 1568/1568/936 1881/1881/1237
f 1569/1569/937 1881/1881/1237 1883/1883/1239
f 1687/1687/1055 1616/1616/984 1615/1615/983
f 1687/1687/1055 1615/1615/983 235/235/121
f 1710/1710/1077 1686/1686/1054 207/207/93
f 1710/1710/1077 207/207/93 244/244/130
f 1835/1835/1200 1823/1823/1188 1848/1848/1210
f 1835/1835/1200 1848/1848/1210 1807/1807/1174
f 1805/1805/1172 1816/1816/1183 1818/1818/1185
f 1805/1805/1172 1818/1818/1185 1808/1808/1175
f 1852/1852/1214 1851/1851/1213 1738/1738/1105
f 1852/1852/1214 1738/1738/1105 1796/1796/1163
f 1740/1740/1107 1866/1866/1222 1698/1698/1065
f 1740/1740/1107 1698/1698/1065 1651/1651/1019
f 1846/1846/1208 1836/1836/1201 1806/1806/1173
f 1846/1846/1208 1806/1806/1173 1811/1811/1178
f 1651/1651/1019 1698/1698/1065 1697/1697/1064
f 1651/1651/1019 1697/1697/1064 1652/1652/1020
f 1758/1758/1125 1739/1739/1106 1650/1650/1018
f 1758/1758/1125 1650/1650/1018 1755/1755/1122
f 1655/1655/1023 1654/1654/1022 1810/1810/1177
f 1655/1655/1023 1810/1810/1177 1815/1815/1182
f 1796/1796/1163 1799/1799/1166 1857/1857/1217
f 1796/1796/1163 1857/1857/1217 1852/1852/1214
f 1660/1660/1028 1812/1812/1179 1809/1809/1176
f 1660/1660/1028 1809/1809/1176 1661/1661/1029
f 1763/1763/1130 1794/1794/1161 1803/1803/1170
f 1763/1763/1130 1803/1803/1170 1745/1745/1112
f 1641/1641/1009 1640/1640/1008 1646/1646/1014
f 1641/1641/1009 1646/1646/1014 1645/1645/1013
f 1787/1787/1154 1770/1770/1137 1854/1854/1216
f 1787/1787/1154 1854/1854/1216 1853/1853/1215
f 1641/1641/1009 1848/1848/1210 1823/1823/1188
f 1641/1641/1009 1823/1823/1188 1642/1642/1010
f 1889/1889/1245 242/242/128 210/210/96
f 1889/1889/1245 210/210/96 1576/1576/944
f 1794/1794/1161 1793/1793/1160 1800/1800/1167
f 1794/1794/1161 1800/1800/1167 1803/1803/1170
f 1643/1643/1011 1756/1756/1123 1653/1653/1021
f 1643/1643/1011 1653/1653/1021 1644/1644/1012
f 1861/1861/1220 1773/1773/1140 1772/1772/1139
f 1861/1861/1220 1772/1772/1139 1819/1819/1186
f 1888/1888/1244 1834/1834/1199 1850/1850/1212
f 1888/1888/1244 1850/1850/1212 1889/1889/1245
f 1786/1786/1153 1785/1785/1152 1788/1788/1155
f 1786/1786/1153 1788/1788/1155 1791/1791/1158
f 1572/1572/940 1870/1870/1226 1890/1890/1246
f 1572/1572/940 1890/1890/1246 1573/1573/941
f 1849/1849/1211 1833/1833/1198 1839/1839/1202
f 1849/1849/1211 1839/1839/1202 1820/1820/1187
f 1564/1564/932 1563/1563/931 234/234/120
f 1564/1564/932 234/234/120 1876/1876/1232
f 1849/1849/1211 1772/1772/1139 240/240/126
f 1849/1849/1211 240/240/126 1850/1850/1212
f 1561/1561/929 1571/1571/939 1574/1574/942
f 1561/1561/929 1574/1574/942 1877/1877/1233
f 1850/1850/1212 240/240/126 242/242/128
f 1850/1850/1212 242/242/128 1889/1889/1245
f 204/204/90 1688/1688/1056 1880/1880/1236
f 204/204/90 1880/1880/1236 245/245/131
f 245/245/131 1880/1880/1236 1874/1874/1230
f 245/245/131 1874/1874/1230 1876/1876/1232
f 1575/1575/943 1598/1598/966 1597/1597/965
f 1575/1575/943 1597/1597/965 1576/1576/944
f 1810/1810/1177 1654/1654/1022 1846/1846/1208
f 1810/1810/1177 1846/1846/1208 1811/1811/1178
f 1806/1806/1173 1805/1805/1172 1808/1808/1175
f 1806/1806/1173 1808/1808/1175 1811/1811/1178
f 1877/1877/1233 1575/1575/943 212/212/98
f 1877/1877/1233 212/212/98 1827/1827/1192
f 1810/1810/1177 1809/1809/1176 1812/1812/1179
f 1810/1810/1177 1812/1812/1179 1815/1815/1182
f 1814/1814/1181 1813/1813/1180 1826/1826/1191
f 1814/1814/1181 1826/1826/1191 1828/1828/1193
f 1806/1806/1173 1836/1836/1201 1835/1835/1200
f 1806/1806/1173 1835/1835/1200 1807/1807/1174
f 1573/1573/941 1582/1582/950 1598/1598/966
f 1573/1573/941 1598/1598/966 1574/1574/942
f 1574/1574/942 1598/1598/966 1575/1575/943
f 1574/1574/942 1575/1575/943 1877/1877/1233
f 1890/1890/1246 1583/1583/951 1582/1582/950
f 1890/1890/1246 1582/1582/950 1573/1573/941
f 1814/1814/1181 214/214/100 1655/1655/1023
f 1814/1814/1181 1655/1655/1023 1815/1815/1182
f 1827/1827/1192 212/212/98 211/211/97
f 1827/1827/1192 211/211/97 1828/1828/1193
f 1848/1848/1210 1845/1845/1207 1804/1804/1171
f 1848/1848/1210 1804/1804/1171 1807/1807/1174
f 1891/1891/1247 1892/1892/1248 1893/1893/1249
f 1891/1891/1247 1893/1893/1249 1894/1894/1250
f 267/267/153 1895/1895/1251 1896/1896/1252
f 267/267/153 1896/1896/1252 268/268/154
f 1897/1897/1253 1570/1570/938 1569/1569/937
f 1897/1897/1253 1569/1569/937 1898/1898/1254
f 1899/1899/1255 1900/1900/1256 1901/1901/1257
f 1899/1899/1255 1901/1901/1257 1902/1902/1258
f 258/258/144 1903/1903/1259 1904/1904/1260
f 258/258/144 1904/1904/1260 259/259/145
f 1905/1905/1261 1906/1906/1262 1907/1907/1263
f 1905/1905/1261 1907/1907/1263 1908/1908/1264
f 1909/1909/1265 1584/1584/952 1583/1583/951
f 1909/1909/1265 1583/1583/951 1910/1910/1266
f 1911/1911/1267 1912/1912/1268 1913/1913/1269
f 1911/1911/1267 1913/1913/1269 1914/1914/1270
f 1915/1915/1271 1916/1916/1272 1917/1917/1273
f 1915/1915/1271 1917/1917/1273 1918/1918/1274
f 1919/1919/1275 1920/1920/1276 1921/1921/1277
f 1919/1919/1275 1921/1921/1277 1922/1922/1278
f 1923/1923/1279 1909/1909/1265 1910/1910/1266
f 1923/1923/1279 1910/1910/1266 1924/1924/1280
f 1925/1925/1281 1926/1926/1282 1927/1927/1283
f 1925/1925/1281 1927/1927/1283 1928/1928/1284
f 1929/1929/1285 1930/1930/1286 1931/1931/1287
f 1929/1929/1285 1931/1931/1287 1932/1932/1288
f 1933/1933/1289 1925/1925/1281 1928/1928/1284
f 1933/1933/1289 1928/1928/1284 1934/1934/1290
f 1895/1895/1251 1935/1935/1291 1936/1936/1292
f 1895/1895/1251 1936/1936/1292 1896/1896/1252
f 1937/1937/1293 1938/1938/1294 1939/1939/1295
f 1937/1937/1293 1939/1939/1295 1940/1940/1296
f 1941/1941/1297 1942/1942/1298 1943/1943/1299
f 1941/1941/1297 1943/1943/1299 1944/1944/1300
f 1945/1945/1301 1946/1946/1302 1947/1947/1303
f 1945/1945/1301 1947/1947/1303 1948/1948/1304
f 1949/1949/1305 1950/1950/1306 1951/1951/1307
f 1949/1949/1305 1951/1951/1307 1952/1952/1308
f 1953/1953/1309 1954/1954/1310 1955/1955/1311
f 1953/1953/1309 1955/1955/1311 1956/1956/1312
f 1957/1957/1313 1958/1958/1314 1950/1950/1306
f 1957/1957/1313 1950/1950/1306 1949/1949/1305
f 1940/1940/1296 1959/1959/1315 1960/1960/1316
f 1940/1940/1296 1960/1960/1316 1937/1937/1293
f 1961/1961/1317 1962/1962/1318 1963/1963/1319
f 1961/1961/1317 1963/1963/1319 1964/1964/1320
f 1965/1965/1321 1966/1966/1322 1967/1967/1323
f 1965/1965/1321 1967/1967/1323 1968/1968/1324
f 261/261/147 1969/1969/1325 1970/1970/1326
f 261/261/147 1970/1970/1326 285/285/171
f 1971/1971/1327 1972/1972/1328 1973/1973/1329
f 1971/1971/1327 1973/1973/1329 1974/1974/1330
f 1975/1975/1331 1976/1976/1332 1977/1977/1333
f 1975/1975/1331 1977/1977/1333 1978/1978/1334
f 1979/1979/1335 1969/1969/1325 1980/1980/1336
f 1979/1979/1335 1980/1980/1336 1981/1981/1337
f 1982/1982/1338 1983/1983/1339 1984/1984/1340
f 1982/1982/1338 1984/1984/1340 1985/1985/1341
f 279/279/165 278/278/164 1986/1986/1342
f 279/279/165 1986/1986/1342 1987/1987/1343
f 1988/1988/1344 1989/1989/1345 1990/1990/1346
f 1988/1988/1344 1990/1990/1346 1991/1991/1347
f 1992/1992/1348 1993/1993/1349 1994/1994/1350
f 1992/1992/1348 1994/1994/1350 1995/1995/1351
f 1989/1989/1345 1996/1996/1352 1997/1997/1353
f 1989/1989/1345 1997/1997/1353 1990/1990/1346
f 1911/1911/1267 1998/1998/1354 1999/1999/1355
f 1911/1911/1267 1999/1999/1355 2000/2000/1356
f 2001/2001/1357 1678/1678/1046 1677/1677/1045
f 2001/2001/1357 1677/1677/1045 2002/2002/1358
f 1912/1912/1268 1911/1911/1267 2000/2000/1356
f 1912/1912/1268 2000/2000/1356 2003/2003/1359
f 1998/1998/1354 1911/1911/1267 1914/1914/1270
f 1998/1998/1354 1914/1914/1270 2004/2004/1360
f 2005/2005/1361 2006/2006/1362 1920/1920/1276
f 2005/2005/1361 1920/1920/1276 1919/1919/1275
f 1683/1683/1051 1684/1684/1052 2000/2000/1356
f 1683/1683/1051 2000/2000/1356 1999/1999/1355
f 1684/1684/1052 1685/1685/1053 2003/2003/1359
f 1684/1684/1052 2003/2003/1359 2000/2000/1356
f 254/254/140 283/283/169 2007/2007/1363
f 254/254/140 2007/2007/1363 2008/2008/1364
f 2009/2009/1365 2010/2010/1366 2001/2001/1357
f 2009/2009/1365 2001/2001/1357 2011/2011/1367
f 2011/2011/1367 2001/2001/1357 2002/2002/1358
f 2011/2011/1367 2002/2002/1358 2012/2012/1368
f 1948/1948/1304 1947/1947/1303 2013/2013/1369
f 1948/1948/1304 2013/2013/1369 2014/2014/1370
f 2010/2010/1366 1694/1694/2 1678/1678/1046
f 2010/2010/1366 1678/1678/1046 2001/2001/1357
f 1933/1933/1289 1934/1934/1290 2015/2015/1371
f 1933/1933/1289 2015/2015/1371 2016/2016/1372
f 1951/1951/1307 1966/1966/1322 1965/1965/1321
f 1951/1951/1307 1965/1965/1321 1952/1952/1308
f 1951/1951/1307 1950/1950/1306 2017/2017/1373
f 1951/1951/1307 2017/2017/1373 2018/2018/1374
f 1932/1932/1288 2019/2019/1375 2020/2020/1376
f 1932/1932/1288 2020/2020/1376 1929/1929/1285
f 1988/1988/1344 1991/1991/1347 2021/2021/1377
f 1988/1988/1344 2021/2021/1377 2022/2022/1378
f 254/254/140 291/291/177 263/263/149
f 254/254/140 263/263/149 255/255/141
f 2023/2023/1379 2024/2024/1380 2025/2025/1381
f 2023/2023/1379 2025/2025/1381 2026/2026/1382
f 1983/1983/1339 1708/1708/1075 1707/1707/1074
f 1983/1983/1339 1707/1707/1074 1984/1984/1340
f 2027/2027/1383 2028/2028/1384 2029/2029/1385
f 2027/2027/1383 2029/2029/1385 2030/2030/1386
f 2031/2031/1387 2032/2032/1388 2033/2033/1389
f 2031/2031/1387 2033/2033/1389 2034/2034/1390
f 2035/2035/1391 2036/2036/1392 2028/2028/1384
f 2035/2035/1391 2028/2028/1384 2037/2037/1393
f 250/250/136 252/252/138 2038/2038/1394
f 250/250/136 2038/2038/1394 273/273/159
f 1962/1962/1318 270/270/156 269/269/155
f 1962/1962/1318 269/269/155 1963/1963/1319
f 1972/1972/1328 272/272/158 271/271/157
f 1972/1972/1328 271/271/157 1973/1973/1329
f 2002/2002/1358 2039/2039/1395 2035/2035/1391
f 2002/2002/1358 2035/2035/1391 2012/2012/1368
f 2039/2039/1395 1897/1897/1253 2036/2036/1392
f 2039/2039/1395 2036/2036/1392 2035/2035/1391
f 1921/1921/1277 1920/1920/1276 1948/1948/1304
f 1921/1921/1277 1948/1948/1304 2014/2014/1370
f 1917/1917/1273 2040/2040/1396 2041/2041/1397
f 1917/1917/1273 2041/2041/1397 1918/1918/1274
f 2024/2024/1380 257/257/143 256/256/142
f 2024/2024/1380 256/256/142 2025/2025/1381
f 2012/2012/1368 2035/2035/1391 2037/2037/1393
f 2012/2012/1368 2037/2037/1393 2038/2038/1394
f 1677/1677/1045 1724/1724/1091 2039/2039/1395
f 1677/1677/1045 2039/2039/1395 2002/2002/1358
f 1724/1724/1091 1570/1570/938 1897/1897/1253
f 1724/1724/1091 1897/1897/1253 2039/2039/1395
f 2013/2013/1369 1954/1954/1310 1953/1953/1309
f 2013/2013/1369 1953/1953/1309 2014/2014/1370
f 1960/1960/1316 1959/1959/1315 2042/2042/1398
f 1960/1960/1316 2042/2042/1398 2043/2043/1399
f 1908/1908/1264 2044/2044/1400 2045/2045/1401
f 1908/1908/1264 2045/2045/1401 1905/1905/1261
f 2045/2045/1401 2044/2044/1400 2046/2046/1402
f 2045/2045/1401 2046/2046/1402 2047/2047/1403
f 1931/1931/1287 1930/1930/1286 2033/2033/1389
f 1931/1931/1287 2033/2033/1389 2032/2032/1388
f 1995/1995/1351 2048/2048/1404 2049/2049/1405
f 1995/1995/1351 2049/2049/1405 1992/1992/1348
f 2049/2049/1405 2048/2048/1404 2050/2050/1406
f 2049/2049/1405 2050/2050/1406 2051/2051/1407
f 2052/2052/1408 2053/2053/1409 2054/2054/1410
f 2052/2052/1408 2054/2054/1410 2055/2055/1411
f 1977/1977/1333 2056/2056/1412 2057/2057/1413
f 1977/1977/1333 2057/2057/1413 1978/1978/1334
f 247/247/133 2058/2058/1414 2059/2059/1415
f 247/247/133 2059/2059/1415 248/248/134
f 2060/2060/1416 2061/2061/1417 2062/2062/1418
f 2060/2060/1416 2062/2062/1418 2063/2063/1419
f 2058/2058/1414 2047/2047/1403 2046/2046/1402
f 2058/2058/1414 2046/2046/1402 2059/2059/1415
f 2064/2064/1420 266/266/152 264/264/150
f 2064/2064/1420 264/264/150 2065/2065/1421
f 2066/2066/1422 2006/2006/1362 2005/2005/1361
f 2066/2066/1422 2005/2005/1361 2067/2067/1423
f 2021/2021/1377 2064/2064/1420 2065/2065/1421
f 2021/2021/1377 2065/2065/1421 2022/2022/1378
f 1945/1945/1301 2068/2068/1424 2069/2069/1425
f 1945/1945/1301 2069/2069/1425 1946/1946/1302
f 2015/2015/1371 2066/2066/1422 2067/2067/1423
f 2015/2015/1371 2067/2067/1423 2016/2016/1372
f 2068/2068/1424 2051/2051/1407 2050/2050/1406
f 2068/2068/1424 2050/2050/1406 2069/2069/1425
f 1957/1957/1313 2070/2070/1426 2071/2071/1427
f 1957/1957/1313 2071/2071/1427 1958/1958/1314
f 2070/2070/1426 2043/2043/1399 2042/2042/1398
f 2070/2070/1426 2042/2042/1398 2071/2071/1427
f 2072/2072/1428 2073/2073/1429 2074/2074/1430
f 2072/2072/1428 2074/2074/1430 2075/2075/1431
f 287/287/173 284/284/170 290/290/176
f 287/287/173 290/290/176 289/289/175
f 1970/1970/1326 2076/2076/1432 286/286/172
f 1970/1970/1326 286/286/172 285/285/171
f 2077/2077/1433 2078/2078/1434 2079/2079/1435
f 2077/2077/1433 2079/2079/1435 2080/2080/1436
f 2081/2081/1437 2082/2082/1438 2083/2083/1439
f 2081/2081/1437 2083/2083/1439 2084/2084/1440
f 2085/2085/1441 2086/2086/1442 2087/2087/1443
f 2085/2085/1441 2087/2087/1443 2088/2088/1444
f 288/288/174 294/294/180 2089/2089/1445
f 288/288/174 2089/2089/1445 2090/2090/1446
f 2091/2091/1447 2052/2052/1408 2055/2055/1411
f 2091/2091/1447 2055/2055/1411 2092/2092/1448
f 1915/1915/1271 2031/2031/1387 2034/2034/1390
f 1915/1915/1271 2034/2034/1390 1916/1916/1272
f 2056/2056/1412 2091/2091/1447 2092/2092/1448
f 2056/2056/1412 2092/2092/1448 2057/2057/1413
f 2073/2073/1429 2093/2093/1449 2094/2094/1450
f 2073/2073/1429 2094/2094/1450 2074/2074/1430
f 2093/2093/1449 2060/2060/1416 2063/2063/1419
f 2093/2093/1449 2063/2063/1419 2094/2094/1450
f 2076/2076/1432 2095/2095/1451 2096/2096/1452
f 2076/2076/1432 2096/2096/1452 286/286/172
f 2095/2095/1451 2077/2077/1433 2080/2080/1436
f 2095/2095/1451 2080/2080/1436 2096/2096/1452
f 2097/2097/1453 2081/2081/1437 2084/2084/1440
f 2097/2097/1453 2084/2084/1440 2098/2098/1454
f 284/284/170 2097/2097/1453 2098/2098/1454
f 284/284/170 2098/2098/1454 290/290/176
f 2099/2099/1455 2085/2085/1441 2088/2088/1444
f 2099/2099/1455 2088/2088/1444 2100/2100/1456
f 294/294/180 2099/2099/1455 2100/2100/1456
f 294/294/180 2100/2100/1456 2089/2089/1445
f 2101/2101/1457 2102/2102/1458 2103/2103/1459
f 2101/2101/1457 2103/2103/1459 2104/2104/1460
f 2105/2105/1461 2106/2106/1462 2107/2107/1463
f 2105/2105/1461 2107/2107/1463 2108/2108/1464
f 2109/2109/1465 2110/2110/1466 2111/2111/1467
f 2109/2109/1465 2111/2111/1467 2112/2112/1468
f 2113/2113/1469 2114/2114/1470 2115/2115/1471
f 2113/2113/1469 2115/2115/1471 2116/2116/1472
f 2117/2117/1473 2118/2118/1474 2119/2119/1475
f 2117/2117/1473 2119/2119/1475 2120/2120/1476
f 2061/2061/1417 2119/2119/1475 2118/2118/1474
f 2061/2061/1417 2118/2118/1474 2062/2062/1418
f 2102/2102/1458 2087/2087/1443 2086/2086/1442
f 2102/2102/1458 2086/2086/1442 2103/2103/1459
f 2078/2078/1434 2111/2111/1467 2110/2110/1466
f 2078/2078/1434 2110/2110/1466 2079/2079/1435
f 2106/2106/1462 2083/2083/1439 2082/2082/1438
f 2106/2106/1462 2082/2082/1438 2107/2107/1463
f 2116/2116/1472 2054/2054/1410 2053/2053/1409
f 2116/2116/1472 2053/2053/1409 2113/2113/1469
f 2121/2121/1477 2122/2122/1478 2123/2123/1479
f 2121/2121/1477 2123/2123/1479 2124/2124/1480
f 2125/2125/1481 2126/2126/1482 2127/2127/1483
f 2125/2125/1481 2127/2127/1483 2128/2128/1484
f 2129/2129/1485 2130/2130/1486 2131/2131/1487
f 2129/2129/1485 2131/2131/1487 2132/2132/1488
f 275/275/161 2133/2133/1489 2134/2134/1490
f 275/275/161 2134/2134/1490 276/276/162
f 2133/2133/1489 2121/2121/1477 2124/2124/1480
f 2133/2133/1489 2124/2124/1480 2134/2134/1490
f 2135/2135/1491 2125/2125/1481 2128/2128/1484
f 2135/2135/1491 2128/2128/1484 1986/1986/1342
f 277/277/163 2135/2135/1491 1986/1986/1342
f 277/277/163 1986/1986/1342 278/278/164
f 1912/1912/1268 1982/1982/1338 2040/2040/1396
f 1912/1912/1268 2040/2040/1396 1913/1913/1269
f 2136/2136/1492 2137/2137/1274 2138/2138/1397
f 2136/2136/1492 2138/2138/1397 2139/2139/1493
f 1941/1941/1297 283/283/169 265/265/151
f 1941/1941/1297 265/265/151 1922/1922/1278
f 1953/1953/1309 1942/1942/1298 1921/1921/1277
f 1953/1953/1309 1921/1921/1277 2014/2014/1370
f 1965/1965/1321 1954/1954/1310 2013/2013/1369
f 1965/1965/1321 2013/2013/1369 1952/1952/1308
f 2140/2140/1494 1966/1966/1322 1951/1951/1307
f 2140/2140/1494 1951/1951/1307 2018/2018/1374
f 1893/1893/1249 282/282/168 281/281/167
f 1893/1893/1249 281/281/167 2141/2141/1495
f 279/279/165 1987/1987/1343 2142/2142/1496
f 279/279/165 2142/2142/1496 280/280/166
f 1894/1894/1250 1893/1893/1249 2141/2141/1495
f 1894/1894/1250 2141/2141/1495 2143/2143/1497
f 1987/1987/1343 2129/2129/1485 2132/2132/1488
f 1987/1987/1343 2132/2132/1488 2142/2142/1496
f 2143/2143/1497 2144/2144/1498 2145/2145/1499
f 2143/2143/1497 2145/2145/1499 1894/1894/1250
f 2146/2146/1500 1832/1832/1197 1831/1831/1196
f 2146/2146/1500 1831/1831/1196 2147/2147/1501
f 2147/2147/1501 2148/2148/1502 2149/2149/1503
f 2147/2147/1501 2149/2149/1503 2146/2146/1500
f 2150/2150/1504 1976/1976/1332 1975/1975/1331
f 2150/2150/1504 1975/1975/1331 2151/2151/1505
f 2003/2003/1359 1983/1983/1339 1982/1982/1338
f 2003/2003/1359 1982/1982/1338 1912/1912/1268
f 2152/2152/1340 2153/2153/1506 2154/2154/1507
f 2152/2152/1340 2154/2154/1507 2155/2155/1341
f 1841/1841/1074 1842/1842/1204 2153/2153/1506
f 1841/1841/1074 2153/2153/1506 2152/2152/1340
f 1983/1983/1339 2003/2003/1359 1685/1685/1053
f 1983/1983/1339 1685/1685/1053 1708/1708/1075
f 2026/2026/1382 2027/2027/1383 2030/2030/1386
f 2026/2026/1382 2030/2030/1386 2008/2008/1364
f 1895/1895/1251 2024/2024/1380 2023/2023/1379
f 1895/1895/1251 2023/2023/1379 1935/1935/1291
f 2027/2027/1383 2026/2026/1382 2025/2025/1381
f 2027/2027/1383 2025/2025/1381 2156/2156/1508
f 267/267/153 257/257/143 2024/2024/1380
f 267/267/153 2024/2024/1380 1895/1895/1251
f 2156/2156/1508 2025/2025/1381 256/256/142
f 2156/2156/1508 256/256/142 273/273/159
f 269/269/155 268/268/154 1896/1896/1252
f 269/269/155 1896/1896/1252 1963/1963/1319
f 1963/1963/1319 1896/1896/1252 1936/1936/1292
f 1963/1963/1319 1936/1936/1292 1964/1964/1320
f 1973/1973/1329 1962/1962/1318 1961/1961/1317
f 1973/1973/1329 1961/1961/1317 1974/1974/1330
f 271/271/157 270/270/156 1962/1962/1318
f 271/271/157 1962/1962/1318 1973/1973/1329
f 2157/2157/1509 1972/1972/1328 1971/1971/1327
f 2157/2157/1509 1971/1971/1327 2158/2158/1510
f 274/274/160 272/272/158 1972/1972/1328
f 274/274/160 1972/1972/1328 2157/2157/1509
f 2159/2159/1511 2160/2160/1512 1979/1979/1335
f 2159/2159/1511 1979/1979/1335 1981/1981/1337
f 1980/1980/1336 1969/1969/1325 261/261/147
f 1980/1980/1336 261/261/147 262/262/148
f 1935/1935/1291 2023/2023/1379 2007/2007/1363
f 1935/1935/1291 2007/2007/1363 1944/1944/1300
f 1964/1964/1320 1936/1936/1292 1943/1943/1299
f 1964/1964/1320 1943/1943/1299 1956/1956/1312
f 1974/1974/1330 1961/1961/1317 1955/1955/1311
f 1974/1974/1330 1955/1955/1311 1968/1968/1324
f 2158/2158/1510 1971/1971/1327 1967/1967/1323
f 2158/2158/1510 1967/1967/1323 2161/2161/1513
f 2148/2148/1502 2162/2162/1514 2163/2163/1515
f 2148/2148/1502 2163/2163/1515 2149/2149/1503
f 2164/2164/1516 1959/1959/1315 1940/1940/1296
f 2164/2164/1516 1940/1940/1296 2165/2165/1517
f 1995/1995/1351 1937/1937/1293 1960/1960/1316
f 1995/1995/1351 1960/1960/1316 2048/2048/1404
f 1908/1908/1264 1989/1989/1345 1988/1988/1344
f 1908/1908/1264 1988/1988/1344 2044/2044/1400
f 1933/1933/1289 1991/1991/1347 1990/1990/1346
f 1933/1933/1289 1990/1990/1346 1925/1925/1281
f 1929/1929/1285 1905/1905/1261 2045/2045/1401
f 1929/1929/1285 2045/2045/1401 1930/1930/1286
f 2166/2166/1518 2167/2167/1288 2168/2168/1287
f 2166/2166/1518 2168/2168/1287 2169/2169/1519
f 2049/2049/1405 1934/1934/1290 1928/1928/1284
f 2049/2049/1405 1928/1928/1284 1992/1992/1348
f 1927/1927/1283 1993/1993/1349 1992/1992/1348
f 1927/1927/1283 1992/1992/1348 1928/1928/1284
f 1937/1937/1293 1995/1995/1351 1994/1994/1350
f 1937/1937/1293 1994/1994/1350 1938/1938/1294
f 1997/1997/1353 1926/1926/1282 1925/1925/1281
f 1997/1997/1353 1925/1925/1281 1990/1990/1346
f 2165/2165/1517 1940/1940/1296 1939/1939/1295
f 2165/2165/1517 1939/1939/1295 2170/2170/1520
f 1907/1907/1263 1996/1996/1352 1989/1989/1345
f 1907/1907/1263 1989/1989/1345 1908/1908/1264
f 2020/2020/1376 1906/1906/1262 1905/1905/1261
f 2020/2020/1376 1905/1905/1261 1929/1929/1285
f 2171/2171/1521 2172/2172/1375 2167/2167/1288
f 2171/2171/1521 2167/2167/1288 2166/2166/1518
f 2173/2173/1522 2174/2174/1387 2175/2175/1271
f 2173/2173/1522 2175/2175/1271 2176/2176/1523
f 247/247/133 1916/1916/1272 2034/2034/1390
f 247/247/133 2034/2034/1390 2058/2058/1414
f 2177/2177/1524 2178/2178/1388 2174/2174/1387
f 2177/2177/1524 2174/2174/1387 2173/2173/1522
f 2058/2058/1414 2034/2034/1390 2033/2033/1389
f 2058/2058/1414 2033/2033/1389 2047/2047/1403
f 264/264/150 248/248/134 2059/2059/1415
f 264/264/150 2059/2059/1415 2065/2065/1421
f 2065/2065/1421 2059/2059/1415 2046/2046/1402
f 2065/2065/1421 2046/2046/1402 2022/2022/1378
f 2067/2067/1423 2064/2064/1420 2021/2021/1377
f 2067/2067/1423 2021/2021/1377 2016/2016/1372
f 2005/2005/1361 266/266/152 2064/2064/1420
f 2005/2005/1361 2064/2064/1420 2067/2067/1423
f 2068/2068/1424 2066/2066/1422 2015/2015/1371
f 2068/2068/1424 2015/2015/1371 2051/2051/1407
f 1945/1945/1301 2006/2006/1362 2066/2066/1422
f 1945/1945/1301 2066/2066/1422 2068/2068/1424
f 1957/1957/1313 1946/1946/1302 2069/2069/1425
f 1957/1957/1313 2069/2069/1425 2070/2070/1426
f 2070/2070/1426 2069/2069/1425 2050/2050/1406
f 2070/2070/1426 2050/2050/1406 2043/2043/1399
f 2179/2179/1525 1958/1958/1314 2071/2071/1427
f 2179/2179/1525 2071/2071/1427 2180/2180/1526
f 2180/2180/1526 2071/2071/1427 2042/2042/1398
f 2180/2180/1526 2042/2042/1398 2181/2181/1527
f 2176/2176/1523 2175/2175/1271 2137/2137/1274
f 2176/2176/1523 2137/2137/1274 2136/2136/1492
f 249/249/135 1917/1917/1273 1916/1916/1272
f 249/249/135 1916/1916/1272 247/247/133
f 2169/2169/1519 2168/2168/1287 2178/2178/1388
f 2169/2169/1519 2178/2178/1388 2177/2177/1524
f 2047/2047/1403 2033/2033/1389 1930/1930/1286
f 2047/2047/1403 1930/1930/1286 2045/2045/1401
f 2022/2022/1378 2046/2046/1402 2044/2044/1400
f 2022/2022/1378 2044/2044/1400 1988/1988/1344
f 2016/2016/1372 2021/2021/1377 1991/1991/1347
f 2016/2016/1372 1991/1991/1347 1933/1933/1289
f 1919/1919/1275 253/253/139 266/266/152
f 1919/1919/1275 266/266/152 2005/2005/1361
f 255/255/141 263/263/149 248/248/134
f 255/255/141 248/248/134 264/264/150
f 1948/1948/1304 1920/1920/1276 2006/2006/1362
f 1948/1948/1304 2006/2006/1362 1945/1945/1301
f 2051/2051/1407 2015/2015/1371 1934/1934/1290
f 2051/2051/1407 1934/1934/1290 2049/2049/1405
f 1949/1949/1305 1947/1947/1303 1946/1946/1302
f 1949/1949/1305 1946/1946/1302 1957/1957/1313
f 2043/2043/1399 2050/2050/1406 2048/2048/1404
f 2043/2043/1399 2048/2048/1404 1960/1960/1316
f 2017/2017/1373 1950/1950/1306 1958/1958/1314
f 2017/2017/1373 1958/1958/1314 2179/2179/1525
f 2181/2181/1527 2042/2042/1398 1959/1959/1315
f 2181/2181/1527 1959/1959/1315 2164/2164/1516
f 2176/2176/1523 2089/2089/1445 2100/2100/1456
f 2176/2176/1523 2100/2100/1456 2173/2173/1522
f 2091/2091/1447 2180/2180/1526 2181/2181/1527
f 2091/2091/1447 2181/2181/1527 2052/2052/1408
f 2056/2056/1412 2179/2179/1525 2180/2180/1526
f 2056/2056/1412 2180/2180/1526 2091/2091/1447
f 2093/2093/1449 2092/2092/1448 2055/2055/1411
f 2093/2093/1449 2055/2055/1411 2060/2060/1416
f 2063/2063/1419 2077/2077/1433 2095/2095/1451
f 2063/2063/1419 2095/2095/1451 2094/2094/1450
f 2073/2073/1429 2057/2057/1413 2092/2092/1448
f 2073/2073/1429 2092/2092/1448 2093/2093/1449
f 2080/2080/1436 2081/2081/1437 2097/2097/1453
f 2080/2080/1436 2097/2097/1453 2096/2096/1452
f 2094/2094/1450 2095/2095/1451 2076/2076/1432
f 2094/2094/1450 2076/2076/1432 2074/2074/1430
f 2096/2096/1452 2097/2097/1453 284/284/170
f 2096/2096/1452 284/284/170 286/286/172
f 2099/2099/1455 2098/2098/1454 2084/2084/1440
f 2099/2099/1455 2084/2084/1440 2085/2085/1441
f 294/294/180 290/290/176 2098/2098/1454
f 294/294/180 2098/2098/1454 2099/2099/1455
f 2061/2061/1417 2060/2060/1416 2055/2055/1411
f 2061/2061/1417 2055/2055/1411 2054/2054/1410
f 2116/2116/1472 2119/2119/1475 2061/2061/1417
f 2116/2116/1472 2061/2061/1417 2054/2054/1410
f 2169/2169/1519 2177/2177/1524 2088/2088/1444
f 2169/2169/1519 2088/2088/1444 2087/2087/1443
f 2086/2086/1442 2085/2085/1441 2084/2084/1440
f 2086/2086/1442 2084/2084/1440 2083/2083/1439
f 2106/2106/1462 2103/2103/1459 2086/2086/1442
f 2106/2106/1462 2086/2086/1442 2083/2083/1439
f 2053/2053/1409 2052/2052/1408 2181/2181/1527
f 2053/2053/1409 2181/2181/1527 2164/2164/1516
f 1975/1975/1331 2160/2160/1512 2159/2159/1511
f 1975/1975/1331 2159/2159/1511 2151/2151/1505
f 1921/1921/1277 1942/1942/1298 1941/1941/1297
f 1921/1921/1277 1941/1941/1297 1922/1922/1278
f 1869/1869/1225 2182/2182/1528 1902/1902/1258
f 1869/1869/1225 1902/1902/1258 1870/1870/1226
f 2013/2013/1369 1947/1947/1303 1949/1949/1305
f 2013/2013/1369 1949/1949/1305 1952/1952/1308
f 265/265/151 253/253/139 1919/1919/1275
f 265/265/151 1919/1919/1275 1922/1922/1278
f 1872/1872/1228 2183/2183/1529 2182/2182/1528
f 1872/1872/1228 2182/2182/1528 1869/1869/1225
f 2184/2184/1530 2185/2185/1531 1892/1892/1248
f 2184/2184/1530 1892/1892/1248 2186/2186/1532
f 2142/2142/1496 2141/2141/1495 281/281/167
f 2142/2142/1496 281/281/167 280/280/166
f 2090/2090/1446 2136/2136/1492 2139/2139/1493
f 2090/2090/1446 2139/2139/1493 2163/2163/1515
f 1979/1979/1335 2160/2160/1512 2072/2072/1428
f 1979/1979/1335 2072/2072/1428 2075/2075/1431
f 2182/2182/1528 2186/2186/1532 1899/1899/1255
f 2182/2182/1528 1899/1899/1255 1902/1902/1258
f 2183/2183/1529 2184/2184/1530 2186/2186/1532
f 2183/2183/1529 2186/2186/1532 2182/2182/1528
f 2157/2157/1509 2133/2133/1489 275/275/161
f 2157/2157/1509 275/275/161 274/274/160
f 2134/2134/1490 2135/2135/1491 277/277/163
f 2134/2134/1490 277/277/163 276/276/162
f 250/250/136 282/282/168 2185/2185/1531
f 250/250/136 2185/2185/1531 293/293/179
f 2186/2186/1532 1892/1892/1248 1891/1891/1247
f 2186/2186/1532 1891/1891/1247 1899/1899/1255
f 2173/2173/1522 2100/2100/1456 2088/2088/1444
f 2173/2173/1522 2088/2088/1444 2177/2177/1524
f 1894/1894/1250 2145/2145/1499 2187/2187/1533
f 1894/1894/1250 2187/2187/1533 1891/1891/1247
f 2146/2146/1500 2153/2153/1506 1842/1842/1204
f 2146/2146/1500 1842/1842/1204 1832/1832/1197
f 2132/2132/1488 2143/2143/1497 2141/2141/1495
f 2132/2132/1488 2141/2141/1495 2142/2142/1496
f 260/260/146 287/287/173 289/289/175
f 260/260/146 289/289/175 258/258/144
f 2082/2082/1438 2081/2081/1437 2080/2080/1436
f 2082/2082/1438 2080/2080/1436 2079/2079/1435
f 2166/2166/1518 2102/2102/1458 2101/2101/1457
f 2166/2166/1518 2101/2101/1457 2171/2171/1521
f 2018/2018/1374 1976/1976/1332 2150/2150/1504
f 2018/2018/1374 2150/2150/1504 2140/2140/1494
f 2078/2078/1434 2077/2077/1433 2063/2063/1419
f 2078/2078/1434 2063/2063/1419 2062/2062/1418
f 2010/2010/1366 2188/2188/1534 1878/1878/1234
f 2010/2010/1366 1878/1878/1234 1694/1694/2
f 2072/2072/1428 2160/2160/1512 1975/1975/1331
f 2072/2072/1428 1975/1975/1331 1978/1978/1334
f 2189/2189/1535 2184/2184/1530 2183/2183/1529
f 2189/2189/1535 2183/2183/1529 2188/2188/1534
f 2009/2009/1365 2189/2189/1535 2188/2188/1534
f 2009/2009/1365 2188/2188/1534 2010/2010/1366
f 1998/1998/1354 2190/2190/1536 2191/2191/1537
f 1998/1998/1354 2191/2191/1537 1999/1999/1355
f 1999/1999/1355 2191/2191/1537 1883/1883/1239
f 1999/1999/1355 1883/1883/1239 1683/1683/1051
f 291/291/177 292/292/178 2192/2192/1538
f 291/291/177 2192/2192/1538 2004/2004/1360
f 260/260/146 2144/2144/1498 2131/2131/1487
f 260/260/146 2131/2131/1487 262/262/148
f 1885/1885/1241 2193/2193/1539 2147/2147/1501
f 1885/1885/1241 2147/2147/1501 1831/1831/1196
f 1584/1584/952 1909/1909/1265 2193/2193/1539
f 1584/1584/952 2193/2193/1539 1885/1885/1241
f 2036/2036/1392 1897/1897/1253 1898/1898/1254
f 2036/2036/1392 1898/1898/1254 2194/2194/1540
f 2076/2076/1432 1970/1970/1326 2075/2075/1431
f 2076/2076/1432 2075/2075/1431 2074/2074/1430
f 1923/1923/1279 1903/1903/1259 2195/2195/1541
f 1923/1923/1279 2195/2195/1541 2196/2196/1542
f 2138/2138/1397 2155/2155/1341 2154/2154/1507
f 2138/2138/1397 2154/2154/1507 2139/2139/1493
f 2148/2148/1502 2147/2147/1501 2193/2193/1539
f 2148/2148/1502 2193/2193/1539 2196/2196/1542
f 2028/2028/1384 2027/2027/1383 2156/2156/1508
f 2028/2028/1384 2156/2156/1508 2037/2037/1393
f 2188/2188/1534 2183/2183/1529 1872/1872/1228
f 2188/2188/1534 1872/1872/1228 1878/1878/1234
f 1914/1914/1270 263/263/149 291/291/177
f 1914/1914/1270 291/291/177 2004/2004/1360
f 2196/2196/1542 2193/2193/1539 1909/1909/1265
f 2196/2196/1542 1909/1909/1265 1923/1923/1279
f 2040/2040/1396 1982/1982/1338 1985/1985/1341
f 2040/2040/1396 1985/1985/1341 2041/2041/1397
f 2037/2037/1393 2156/2156/1508 273/273/159
f 2037/2037/1393 273/273/159 2038/2038/1394
f 2040/2040/1396 1917/1917/1273 249/249/135
f 2040/2040/1396 249/249/135 1913/1913/1269
f 2107/2107/1463 2110/2110/1466 2109/2109/1465
f 2107/2107/1463 2109/2109/1465 2108/2108/1464
f 2119/2119/1475 2116/2116/1472 2115/2115/1471
f 2119/2119/1475 2115/2115/1471 2120/2120/1476
f 2028/2028/1384 2036/2036/1392 2194/2194/1540
f 2028/2028/1384 2194/2194/1540 2029/2029/1385
f 1913/1913/1269 249/249/135 263/263/149
f 1913/1913/1269 263/263/149 1914/1914/1270
f 2082/2082/1438 2079/2079/1435 2110/2110/1466
f 2082/2082/1438 2110/2110/1466 2107/2107/1463
f 251/251/137 2009/2009/1365 2011/2011/1367
f 251/251/137 2011/2011/1367 252/252/138
f 252/252/138 2011/2011/1367 2012/2012/1368
f 252/252/138 2012/2012/1368 2038/2038/1394
f 2149/2149/1503 2154/2154/1507 2153/2153/1506
f 2149/2149/1503 2153/2153/1506 2146/2146/1500
f 2158/2158/1510 2121/2121/1477 2133/2133/1489
f 2158/2158/1510 2133/2133/1489 2157/2157/1509
f 2192/2192/1538 2190/2190/1536 1998/1998/1354
f 2192/2192/1538 1998/1998/1354 2004/2004/1360
f 1943/1943/1299 1942/1942/1298 1953/1953/1309
f 1943/1943/1299 1953/1953/1309 1956/1956/1312
f 1955/1955/1311 1961/1961/1317 1964/1964/1320
f 1955/1955/1311 1964/1964/1320 1956/1956/1312
f 2029/2029/1385 2192/2192/1538 292/292/178
f 2029/2029/1385 292/292/178 2030/2030/1386
f 1943/1943/1299 1936/1936/1292 1935/1935/1291
f 1943/1943/1299 1935/1935/1291 1944/1944/1300
f 2007/2007/1363 2023/2023/1379 2026/2026/1382
f 2007/2007/1363 2026/2026/1382 2008/2008/1364
f 1955/1955/1311 1954/1954/1310 1965/1965/1321
f 1955/1955/1311 1965/1965/1321 1968/1968/1324
f 1898/1898/1254 2191/2191/1537 2190/2190/1536
f 1898/1898/1254 2190/2190/1536 2194/2194/1540
f 2194/2194/1540 2190/2190/1536 2192/2192/1538
f 2194/2194/1540 2192/2192/1538 2029/2029/1385
f 1569/1569/937 1883/1883/1239 2191/2191/1537
f 1569/1569/937 2191/2191/1537 1898/1898/1254
f 2007/2007/1363 283/283/169 1941/1941/1297
f 2007/2007/1363 1941/1941/1297 1944/1944/1300
f 2030/2030/1386 292/292/178 254/254/140
f 2030/2030/1386 254/254/140 2008/2008/1364
f 2150/2150/1504 2122/2122/1478 2161/2161/1513
f 2150/2150/1504 2161/2161/1513 2140/2140/1494
f 2124/2124/1480 2125/2125/1481 2135/2135/1491
f 2124/2124/1480 2135/2135/1491 2134/2134/1490
f 2165/2165/1517 2113/2113/1469 2053/2053/1409
f 2165/2165/1517 2053/2053/1409 2164/2164/1516
f 2056/2056/1412 1977/1977/1333 2017/2017/1373
f 2056/2056/1412 2017/2017/1373 2179/2179/1525
f 2159/2159/1511 2126/2126/1482 2123/2123/1479
f 2159/2159/1511 2123/2123/1479 2151/2151/1505
f 1977/1977/1333 1976/1976/1332 2018/2018/1374
f 1977/1977/1333 2018/2018/1374 2017/2017/1373
f 2073/2073/1429 2072/2072/1428 1978/1978/1334
f 2073/2073/1429 1978/1978/1334 2057/2057/1413
f 1980/1980/1336 2130/2130/1486 2127/2127/1483
f 1980/1980/1336 2127/2127/1483 1981/1981/1337
f 2113/2113/1469 2165/2165/1517 2170/2170/1520
f 2113/2113/1469 2170/2170/1520 2114/2114/1470
f 1987/1987/1343 1986/1986/1342 2128/2128/1484
f 1987/1987/1343 2128/2128/1484 2129/2129/1485
f 2078/2078/1434 2062/2062/1418 2118/2118/1474
f 2078/2078/1434 2118/2118/1474 2111/2111/1467
f 1967/1967/1323 1971/1971/1327 1974/1974/1330
f 1967/1967/1323 1974/1974/1330 1968/1968/1324
f 2102/2102/1458 2166/2166/1518 2169/2169/1519
f 2102/2102/1458 2169/2169/1519 2087/2087/1443
f 1967/1967/1323 1966/1966/1322 2140/2140/1494
f 1967/1967/1323 2140/2140/1494 2161/2161/1513
f 2195/2195/1541 1903/1903/1259 258/258/144
f 2195/2195/1541 258/258/144 289/289/175
f 2111/2111/1467 2118/2118/1474 2117/2117/1473
f 2111/2111/1467 2117/2117/1473 2112/2112/1468
f 1970/1970/1326 1969/1969/1325 1979/1979/1335
f 1970/1970/1326 1979/1979/1335 2075/2075/1431
f 2176/2176/1523 2136/2136/1492 2090/2090/1446
f 2176/2176/1523 2090/2090/1446 2089/2089/1445
f 2196/2196/1542 2195/2195/1541 2162/2162/1514
f 2196/2196/1542 2162/2162/1514 2148/2148/1502
f 2103/2103/1459 2106/2106/1462 2105/2105/1461
f 2103/2103/1459 2105/2105/1461 2104/2104/1460
f 1902/1902/1258 1901/1901/1257 1890/1890/1246
f 1902/1902/1258 1890/1890/1246 1870/1870/1226
f 2163/2163/1515 2139/2139/1493 2154/2154/1507
f 2163/2163/1515 2154/2154/1507 2149/2149/1503
f 1892/1892/1248 2185/2185/1531 282/282/168
f 1892/1892/1248 282/282/168 1893/1893/1249
f 2163/2163/1515 2162/2162/1514 288/288/174
f 2163/2163/1515 288/288/174 2090/2090/1446
f 1891/1891/1247 2187/2187/1533 1900/1900/1256
f 1891/1891/1247 1900/1900/1256 1899/1899/1255
f 2162/2162/1514 2195/2195/1541 289/289/175
f 2162/2162/1514 289/289/175 288/288/174
f 251/251/137 293/293/179 2189/2189/1535
f 251/251/137 2189/2189/1535 2009/2009/1365
f 293/293/179 2185/2185/1531 2184/2184/1530
f 293/293/179 2184/2184/1530 2189/2189/1535
f 1904/1904/1260 1903/1903/1259 1923/1923/1279
f 1904/1904/1260 1923/1923/1279 1924/1924/1280
f 2127/2127/1483 2126/2126/1482 2159/2159/1511
f 2127/2127/1483 2159/2159/1511 1981/1981/1337
f 2123/2123/1479 2126/2126/1482 2125/2125/1481
f 2123/2123/1479 2125/2125/1481 2124/2124/1480
f 2187/2187/1533 2145/2145/1499 259/259/145
f 2187/2187/1533 259/259/145 1904/1904/1260
f 2127/2127/1483 2130/2130/1486 2129/2129/1485
f 2127/2127/1483 2129/2129/1485 2128/2128/1484
f 2131/2131/1487 2144/2144/1498 2143/2143/1497
f 2131/2131/1487 2143/2143/1497 2132/2132/1488
f 2123/2123/1479 2122/2122/1478 2150/2150/1504
f 2123/2123/1479 2150/2150/1504 2151/2151/1505
f 1901/1901/1257 1900/1900/1256 1924/1924/1280
f 1901/1901/1257 1924/1924/1280 1910/1910/1266
f 1900/1900/1256 2187/2187/1533 1904/1904/1260
f 1900/1900/1256 1904/1904/1260 1924/1924/1280
f 1890/1890/1246 1901/1901/1257 1910/1910/1266
f 1890/1890/1246 1910/1910/1266 1583/1583/951
f 2131/2131/1487 2130/2130/1486 1980/1980/1336
f 2131/2131/1487 1980/1980/1336 262/262/148
f 2145/2145/1499 2144/2144/1498 260/260/146
f 2145/2145/1499 260/260/146 259/259/145
f 2161/2161/1513 2122/2122/1478 2121/2121/1477
f 2161/2161/1513 2121/2121/1477 2158/2158/1510
f 1321/1321/79 2197/2197/2 74/74/2
f 1321/1321/79 74/74/2 301/301/79
f 1323/1323/857 1315/1315/857 301/301/79
f 1323/1323/857 301/301/79 47/47/35
f 1323/1323/857 2198/2198/1543 2199/2199/1544
f 1323/1323/857 2199/2199/1544 1322/1322/865
f 1325/1325/867 1319/1319/864 1324/1324/866
f 1325/1325/867 1324/1324/866 2200/2200/1545
f 14/14/3 13/13/12 1325/1325/867
f 14/14/3 1325/1325/867 2201/2201/1546
f 2202/2202/2 1326/1326/2 296/296/2
f 2202/2202/2 296/296/2 2203/2203/2
f 2197/2197/2 2204/2204/2 55/55/2
f 2197/2197/2 55/55/2 74/74/2
f 47/47/35 46/46/34 2198/2198/1543
f 47/47/35 2198/2198/1543 1323/1323/857
f 46/46/34 45/45/33 2205/2205/1547
f 46/46/34 2205/2205/1547 2198/2198/1543
f 45/45/33 44/44/32 2206/2206/1548
f 45/45/33 2206/2206/1548 2205/2205/1547
f 2198/2198/1543 2205/2205/1547 2207/2207/1549
f 2198/2198/1543 2207/2207/1549 2199/2199/1544
f 2208/2208/2 2202/2202/2 2203/2203/2
f 2208/2208/2 2203/2203/2 52/52/2
f 2201/2201/1546 1325/1325/867 2200/2200/1545
f 2201/2201/1546 2200/2200/1545 2209/2209/1550
f 2201/2201/1546 2210/2210/1546 28/28/3
f 2201/2201/1546 28/28/3 14/14/3
f 66/66/2 2211/2211/2 2203/2203/2
f 66/66/2 2203/2203/2 296/296/2
f 2204/2204/2 2208/2208/2 52/52/2
f 2204/2204/2 52/52/2 55/55/2
f 44/44/32 43/43/31 2212/2212/1551
f 44/44/32 2212/2212/1551 2206/2206/1548
f 2205/2205/1547 2206/2206/1548 2213/2213/1552
f 2205/2205/1547 2213/2213/1552 2207/2207/1549
f 2211/2211/2 2/2/2 52/52/2
f 2211/2211/2 52/52/2 2203/2203/2
f 2209/2209/1550 2214/2214/1550 2210/2210/1546
f 2209/2209/1550 2210/2210/1546 2201/2201/1546
f 2210/2210/1546 2215/2215/1546 65/65/3
f 2210/2210/1546 65/65/3 28/28/3
f 2211/2211/2 66/66/2 65/65/3
f 2211/2211/2 65/65/3 2216/2216/3
f 43/43/31 42/42/3 2217/2217/1553
f 43/43/31 2217/2217/1553 2212/2212/1551
f 2206/2206/1548 2212/2212/1551 2218/2218/1554
f 2206/2206/1548 2218/2218/1554 2213/2213/1552
f 2219/2219/1555 2220/2220/1556 2221/2221/1557
f 2219/2219/1555 2221/2221/1557 2222/2222/1558
f 2223/2223/1559 2224/2224/1560 2225/2225/1561
f 2223/2223/1559 2225/2225/1561 2226/2226/1562
f 2227/2227/1563 2228/2228/1564 2229/2229/1565
f 2227/2227/1563 2229/2229/1565 2230/2230/1566
f 2231/2231/1567 2232/2232/1568 2233/2233/1569
f 2231/2231/1567 2233/2233/1569 2234/2234/1570
f 2235/2235/1571 2236/2236/1572 2237/2237/1573
f 2235/2235/1571 2237/2237/1573 2238/2238/1574
f 2239/2239/1575 2240/2240/1576 2241/2241/1577
f 2239/2239/1575 2241/2241/1577 2242/2242/1578
f 2243/2243/1579 2244/2244/1580 2245/2245/1581
f 2243/2243/1579 2245/2245/1581 2246/2246/1582
f 2247/2247/1583 2248/2248/1584 2249/2249/1585
f 2247/2247/1583 2249/2249/1585 2250/2250/1586
f 2251/2251/1587 2252/2252/1588 2253/2253/1589
f 2251/2251/1587 2253/2253/1589 2254/2254/1590
f 2255/2255/1591 2256/2256/1592 2257/2257/1593
f 2255/2255/1591 2257/2257/1593 2258/2258/1594
f 2259/2259/1595 2260/2260/1596 2261/2261/1597
f 2259/2259/1595 2261/2261/1597 2262/2262/1598
f 2226/2226/1562 2225/2225/1561 2228/2228/1564
f 2226/2226/1562 2228/2228/1564 2227/2227/1563
f 2234/2234/1570 2233/2233/1569 2236/2236/1572
f 2234/2234/1570 2236/2236/1572 2235/2235/1571
f 2242/2242/1578 2241/2241/1577 2244/2244/1580
f 2242/2242/1578 2244/2244/1580 2243/2243/1579
f 2250/2250/1586 2249/2249/1585 2252/2252/1588
f 2250/2250/1586 2252/2252/1588 2251/2251/1587
f 2258/2258/1594 2257/2257/1593 2260/2260/1596
f 2258/2258/1594 2260/2260/1596 2259/2259/1595
f 2263/2263/1599 2264/2264/1600 2265/2265/1601
f 2263/2263/1599 2265/2265/1601 2266/2266/1602
f 2266/2266/1602 2265/2265/1601 2267/2267/1603
f 2266/2266/1602 2267/2267/1603 2268/2268/1604
f 2269/2269/1605 2270/2270/1606 2271/2271/1607
f 2269/2269/1605 2271/2271/1607 2272/2272/1608
f 2273/2273/1609 2274/2274/1610 2270/2270/1606
f 2273/2273/1609 2270/2270/1606 2269/2269/1605
f 2275/2275/1611 2276/2276/1612 2277/2277/1613
f 2275/2275/1611 2277/2277/1613 2278/2278/1614
f 2279/2279/1615 2280/2280/1616 2276/2276/1612
f 2279/2279/1615 2276/2276/1612 2275/2275/1611
f 2281/2281/1617 2282/2282/1618 2283/2283/1619
f 2281/2281/1617 2283/2283/1619 2284/2284/1620
f 2284/2284/1620 2283/2283/1619 2285/2285/1621
f 2284/2284/1620 2285/2285/1621 2286/2286/1622
f 2287/2287/1623 2288/2288/1624 2289/2289/1625
f 2287/2287/1623 2289/2289/1625 2290/2290/1626
f 2290/2290/1626 2289/2289/1625 2291/2291/1627
f 2290/2290/1626 2291/2291/1627 2292/2292/1628
f 2293/2293/1629 2294/2294/1630 2295/2295/1631
f 2293/2293/1629 2295/2295/1631 2296/2296/1632
f 2297/2297/1633 2298/2298/1634 2299/2299/1635
f 2297/2297/1633 2299/2299/1635 2300/2300/1636
f 2301/2301/1637 2302/2302/1638 2303/2303/1639
f 2301/2301/1637 2303/2303/1639 2304/2304/1640
f 2305/2305/1641 2306/2306/1642 2307/2307/1643
f 2305/2305/1641 2307/2307/1643 2308/2308/1644
f 2309/2309/1645 2310/2310/1646 2311/2311/1647
f 2309/2309/1645 2311/2311/1647 2312/2312/1648
f 2313/2313/1649 2314/2314/1650 2315/2315/1651
f 2313/2313/1649 2315/2315/1651 2316/2316/1652
f 2317/2317/1653 2318/2318/1654 2319/2319/1655
f 2317/2317/1653 2319/2319/1655 2320/2320/1656
f 2321/2321/1657 2322/2322/1658 2323/2323/1659
f 2321/2321/1657 2323/2323/1659 2324/2324/1660
f 2325/2325/1661 2326/2326/1662 2327/2327/1663
f 2325/2325/1661 2327/2327/1663 2328/2328/1664
f 2329/2329/1665 2330/2330/1666 2331/2331/1667
f 2329/2329/1665 2331/2331/1667 2332/2332/1668
f 2333/2333/1669 2334/2334/1670 2335/2335/1671
f 2333/2333/1669 2335/2335/1671 2336/2336/1672
f 2337/2337/1673 2338/2338/1674 2339/2339/1675
f 2337/2337/1673 2339/2339/1675 2340/2340/1676
f 2341/2341/1677 2342/2342/1678 2343/2343/1679
f 2341/2341/1677 2343/2343/1679 2344/2344/1680
f 2345/2345/1681 2346/2346/1682 2347/2347/1683
f 2345/2345/1681 2347/2347/1683 2348/2348/1684
f 2349/2349/1685 2220/2220/1556 2350/2350/1686
f 2349/2349/1685 2350/2350/1686 2351/2351/1687
f 2352/2352/1688 2353/2353/1689 2354/2354/1690
f 2352/2352/1688 2354/2354/1690 2355/2355/1691
f 2310/2310/1646 2309/2309/1645 2300/2300/1636
f 2310/2310/1646 2300/2300/1636 2299/2299/1635
f 2356/2356/1692 2221/2221/1557 2220/2220/1556
f 2356/2356/1692 2220/2220/1556 2349/2349/1685
f 2316/2316/1652 2315/2315/1651 2357/2357/1693
f 2316/2316/1652 2357/2357/1693 2358/2358/1694
f 2359/2359/1695 2360/2360/1696 2361/2361/1697
f 2359/2359/1695 2361/2361/1697 2362/2362/1698
f 2328/2328/1664 2327/2327/1663 2363/2363/1699
f 2328/2328/1664 2363/2363/1699 2364/2364/1700
f 2365/2365/1701 2366/2366/1702 2334/2334/1670
f 2365/2365/1701 2334/2334/1670 2333/2333/1669
f 2367/2367/1703 2368/2368/1704 2353/2353/1689
f 2367/2367/1703 2353/2353/1689 2352/2352/1688
f 2369/2369/1705 2370/2370/1706 2338/2338/1674
f 2369/2369/1705 2338/2338/1674 2337/2337/1673
f 2371/2371/1707 2372/2372/1708 2373/2373/1709
f 2371/2371/1707 2373/2373/1709 2374/2374/1710
f 2308/2308/1644 2307/2307/1643 2322/2322/1658
f 2308/2308/1644 2322/2322/1658 2321/2321/1657
f 2374/2374/1710 2373/2373/1709 2330/2330/1666
f 2374/2374/1710 2330/2330/1666 2329/2329/1665
f 2342/2342/1678 2341/2341/1677 2304/2304/1640
f 2342/2342/1678 2304/2304/1640 2303/2303/1639
f 2346/2346/1682 2345/2345/1681 2362/2362/1698
f 2346/2346/1682 2362/2362/1698 2361/2361/1697
f 2318/2318/1654 2317/2317/1653 2296/2296/1632
f 2318/2318/1654 2296/2296/1632 2295/2295/1631
f 2252/2252/1588 2249/2249/1585 2258/2258/1594
f 2252/2252/1588 2258/2258/1594 2259/2259/1595
f 2375/2375/1711 2376/2376/1712 2226/2226/1562
f 2375/2375/1711 2226/2226/1562 2227/2227/1563
f 2228/2228/1564 2225/2225/1561 2234/2234/1570
f 2228/2228/1564 2234/2234/1570 2235/2235/1571
f 2242/2242/1578 2243/2243/1579 2236/2236/1572
f 2242/2242/1578 2236/2236/1572 2233/2233/1569
f 2250/2250/1586 2251/2251/1587 2244/2244/1580
f 2250/2250/1586 2244/2244/1580 2241/2241/1577
f 2239/2239/1575 2242/2242/1578 2233/2233/1569
f 2239/2239/1575 2233/2233/1569 2232/2232/1568
f 2377/2377/1713 2378/2378/1714 2266/2266/1602
f 2377/2377/1713 2266/2266/1602 2268/2268/1604
f 2285/2285/1621 2283/2283/1619 2290/2290/1626
f 2285/2285/1621 2290/2290/1626 2292/2292/1628
f 2267/2267/1603 2265/2265/1601 2269/2269/1605
f 2267/2267/1603 2269/2269/1605 2272/2272/1608
f 2275/2275/1611 2278/2278/1614 2271/2271/1607
f 2275/2275/1611 2271/2271/1607 2270/2270/1606
f 2223/2223/1559 2226/2226/1562 2376/2376/1712
f 2223/2223/1559 2376/2376/1712 2379/2379/1715
f 2284/2284/1620 2286/2286/1622 2277/2277/1613
f 2284/2284/1620 2277/2277/1613 2276/2276/1612
f 2291/2291/1627 2289/2289/1625 2219/2219/1555
f 2291/2291/1627 2219/2219/1555 2222/2222/1558
f 2260/2260/1596 2257/2257/1593 2380/2380/1716
f 2260/2260/1596 2380/2380/1716 2381/2381/1717
f 2283/2283/1619 2282/2282/1618 2287/2287/1623
f 2283/2283/1619 2287/2287/1623 2290/2290/1626
f 2289/2289/1625 2288/2288/1624 2382/2382/1718
f 2289/2289/1625 2382/2382/1718 2219/2219/1555
f 2227/2227/1563 2230/2230/1566 2383/2383/1719
f 2227/2227/1563 2383/2383/1719 2375/2375/1711
f 2235/2235/1571 2238/2238/1574 2229/2229/1565
f 2235/2235/1571 2229/2229/1565 2228/2228/1564
f 2378/2378/1714 2384/2384/1720 2263/2263/1599
f 2378/2378/1714 2263/2263/1599 2266/2266/1602
f 2265/2265/1601 2264/2264/1600 2273/2273/1609
f 2265/2265/1601 2273/2273/1609 2269/2269/1605
f 2243/2243/1579 2246/2246/1582 2237/2237/1573
f 2243/2243/1579 2237/2237/1573 2236/2236/1572
f 2279/2279/1615 2275/2275/1611 2270/2270/1606
f 2279/2279/1615 2270/2270/1606 2274/2274/1610
f 2251/2251/1587 2254/2254/1590 2245/2245/1581
f 2251/2251/1587 2245/2245/1581 2244/2244/1580
f 2259/2259/1595 2262/2262/1598 2253/2253/1589
f 2259/2259/1595 2253/2253/1589 2252/2252/1588
f 2281/2281/1617 2284/2284/1620 2276/2276/1612
f 2281/2281/1617 2276/2276/1612 2280/2280/1616
f 2381/2381/1717 2385/2385/1721 2261/2261/1597
f 2381/2381/1717 2261/2261/1597 2260/2260/1596
f 2247/2247/1583 2250/2250/1586 2241/2241/1577
f 2247/2247/1583 2241/2241/1577 2240/2240/1576
f 2350/2350/1686 2220/2220/1556 2219/2219/1555
f 2350/2350/1686 2219/2219/1555 2382/2382/1718
f 2353/2353/1689 2368/2368/1704 2356/2356/1692
f 2353/2353/1689 2356/2356/1692 2349/2349/1685
f 2354/2354/1690 2353/2353/1689 2349/2349/1685
f 2354/2354/1690 2349/2349/1685 2351/2351/1687
f 2316/2316/1652 2358/2358/1694 2367/2367/1703
f 2316/2316/1652 2367/2367/1703 2352/2352/1688
f 2313/2313/1649 2316/2316/1652 2352/2352/1688
f 2313/2313/1649 2352/2352/1688 2355/2355/1691
f 2325/2325/1661 2328/2328/1664 2315/2315/1651
f 2325/2325/1661 2315/2315/1651 2314/2314/1650
f 2328/2328/1664 2364/2364/1700 2357/2357/1693
f 2328/2328/1664 2357/2357/1693 2315/2315/1651
f 2335/2335/1671 2334/2334/1670 2327/2327/1663
f 2335/2335/1671 2327/2327/1663 2326/2326/1662
f 2334/2334/1670 2366/2366/1702 2363/2363/1699
f 2334/2334/1670 2363/2363/1699 2327/2327/1663
f 2338/2338/1674 2370/2370/1706 2365/2365/1701
f 2338/2338/1674 2365/2365/1701 2333/2333/1669
f 2339/2339/1675 2338/2338/1674 2333/2333/1669
f 2339/2339/1675 2333/2333/1669 2336/2336/1672
f 2378/2378/1714 2377/2377/1713 2369/2369/1705
f 2378/2378/1714 2369/2369/1705 2337/2337/1673
f 2384/2384/1720 2378/2378/1714 2337/2337/1673
f 2384/2384/1720 2337/2337/1673 2340/2340/1676
f 2231/2231/1567 2234/2234/1570 2225/2225/1561
f 2231/2231/1567 2225/2225/1561 2224/2224/1560
f 2386/2386/1722 2380/2380/1716 2257/2257/1593
f 2386/2386/1722 2257/2257/1593 2256/2256/1592
f 2255/2255/1591 2258/2258/1594 2249/2249/1585
f 2255/2255/1591 2249/2249/1585 2248/2248/1584
f 2296/2296/1632 2317/2317/1653 2310/2310/1646
f 2296/2296/1632 2310/2310/1646 2299/2299/1635
f 2381/2381/1717 2380/2380/1716 2300/2300/1636
f 2381/2381/1717 2300/2300/1636 2309/2309/1645
f 2308/2308/1644 2321/2321/1657 2318/2318/1654
f 2308/2308/1644 2318/2318/1654 2295/2295/1631
f 2374/2374/1710 2329/2329/1665 2322/2322/1658
f 2374/2374/1710 2322/2322/1658 2307/2307/1643
f 2304/2304/1640 2341/2341/1677 2330/2330/1666
f 2304/2304/1640 2330/2330/1666 2373/2373/1709
f 2362/2362/1698 2345/2345/1681 2342/2342/1678
f 2362/2362/1698 2342/2342/1678 2303/2303/1639
f 2376/2376/1712 2375/2375/1711 2346/2346/1682
f 2376/2376/1712 2346/2346/1682 2361/2361/1697
f 2382/2382/1718 2385/2385/1721 2312/2312/1648
f 2382/2382/1718 2312/2312/1648 2350/2350/1686
f 2317/2317/1653 2320/2320/1656 2311/2311/1647
f 2317/2317/1653 2311/2311/1647 2310/2310/1646
f 2297/2297/1633 2300/2300/1636 2380/2380/1716
f 2297/2297/1633 2380/2380/1716 2386/2386/1722
f 2293/2293/1629 2296/2296/1632 2299/2299/1635
f 2293/2293/1629 2299/2299/1635 2298/2298/1634
f 2321/2321/1657 2324/2324/1660 2319/2319/1655
f 2321/2321/1657 2319/2319/1655 2318/2318/1654
f 2305/2305/1641 2308/2308/1644 2295/2295/1631
f 2305/2305/1641 2295/2295/1631 2294/2294/1630
f 2329/2329/1665 2332/2332/1668 2323/2323/1659
f 2329/2329/1665 2323/2323/1659 2322/2322/1658
f 2371/2371/1707 2374/2374/1710 2307/2307/1643
f 2371/2371/1707 2307/2307/1643 2306/2306/1642
f 2341/2341/1677 2344/2344/1680 2331/2331/1667
f 2341/2341/1677 2331/2331/1667 2330/2330/1666
f 2301/2301/1637 2304/2304/1640 2373/2373/1709
f 2301/2301/1637 2373/2373/1709 2372/2372/1708
f 2345/2345/1681 2348/2348/1684 2343/2343/1679
f 2345/2345/1681 2343/2343/1679 2342/2342/1678
f 2359/2359/1695 2362/2362/1698 2303/2303/1639
f 2359/2359/1695 2303/2303/1639 2302/2302/1638
f 2375/2375/1711 2383/2383/1719 2347/2347/1683
f 2375/2375/1711 2347/2347/1683 2346/2346/1682
f 2379/2379/1715 2376/2376/1712 2361/2361/1697
f 2379/2379/1715 2361/2361/1697 2360/2360/1696
f 2343/2343/1679 2348/2348/1684 2339/2339/1675
f 2343/2343/1679 2339/2339/1675 2336/2336/1672
f 2347/2347/1683 2383/2383/1719 2384/2384/1720
f 2347/2347/1683 2384/2384/1720 2340/2340/1676
f 2344/2344/1680 2343/2343/1679 2336/2336/1672
f 2344/2344/1680 2336/2336/1672 2335/2335/1671
f 2348/2348/1684 2347/2347/1683 2340/2340/1676
f 2348/2348/1684 2340/2340/1676 2339/2339/1675
f 2312/2312/1648 2311/2311/1647 2351/2351/1687
f 2312/2312/1648 2351/2351/1687 2350/2350/1686
f 2311/2311/1647 2320/2320/1656 2354/2354/1690
f 2311/2311/1647 2354/2354/1690 2351/2351/1687
f 2320/2320/1656 2319/2319/1655 2355/2355/1691
f 2320/2320/1656 2355/2355/1691 2354/2354/1690
f 2324/2324/1660 2323/2323/1659 2314/2314/1650
f 2324/2324/1660 2314/2314/1650 2313/2313/1649
f 2332/2332/1668 2331/2331/1667 2326/2326/1662
f 2332/2332/1668 2326/2326/1662 2325/2325/1661
f 2312/2312/1648 2385/2385/1721 2381/2381/1717
f 2312/2312/1648 2381/2381/1717 2309/2309/1645
f 2319/2319/1655 2324/2324/1660 2313/2313/1649
f 2319/2319/1655 2313/2313/1649 2355/2355/1691
f 2323/2323/1659 2332/2332/1668 2325/2325/1661
f 2323/2323/1659 2325/2325/1661 2314/2314/1650
f 2331/2331/1667 2344/2344/1680 2335/2335/1671
f 2331/2331/1667 2335/2335/1671 2326/2326/1662
f 2229/2229/1565 2264/2264/1600 2263/2263/1599
f 2229/2229/1565 2263/2263/1599 2230/2230/1566
f 2238/2238/1574 2273/2273/1609 2264/2264/1600
f 2238/2238/1574 2264/2264/1600 2229/2229/1565
f 2230/2230/1566 2263/2263/1599 2384/2384/1720
f 2230/2230/1566 2384/2384/1720 2383/2383/1719
f 2385/2385/1721 2382/2382/1718 2288/2288/1624
f 2385/2385/1721 2288/2288/1624 2261/2261/1597
f 2261/2261/1597 2288/2288/1624 2287/2287/1623
f 2261/2261/1597 2287/2287/1623 2262/2262/1598
f 2262/2262/1598 2287/2287/1623 2282/2282/1618
f 2262/2262/1598 2282/2282/1618 2253/2253/1589
f 2254/2254/1590 2281/2281/1617 2280/2280/1616
f 2254/2254/1590 2280/2280/1616 2245/2245/1581
f 2246/2246/1582 2279/2279/1615 2274/2274/1610
f 2246/2246/1582 2274/2274/1610 2237/2237/1573
f 2253/2253/1589 2282/2282/1618 2281/2281/1617
f 2253/2253/1589 2281/2281/1617 2254/2254/1590
f 2245/2245/1581 2280/2280/1616 2279/2279/1615
f 2245/2245/1581 2279/2279/1615 2246/2246/1582
f 2237/2237/1573 2274/2274/1610 2273/2273/1609
f 2237/2237/1573 2273/2273/1609 2238/2238/1574
f 2387/2387/1723 2388/2388/1724 2389/2389/1725
f 2387/2387/1723 2389/2389/1725 2390/2390/1726
f 2391/2391/1727 2392/2392/1728 2393/2393/1729
f 2391/2391/1727 2393/2393/1729 2394/2394/1730
f 2395/2395/1731 2396/2396/1732 2397/2397/1733
f 2395/2395/1731 2397/2397/1733 2398/2398/1734
f 2399/2399/1735 2400/2400/1736 2401/2401/1737
f 2399/2399/1735 2401/2401/1737 2402/2402/1738
f 2403/2403/1739 2404/2404/1740 2405/2405/1741
f 2403/2403/1739 2405/2405/1741 2406/2406/1742
f 2407/2407/1743 2408/2408/1744 2409/2409/1745
f 2407/2407/1743 2409/2409/1745 2410/2410/1746
f 2411/2411/1747 2412/2412/1748 2413/2413/1749
f 2411/2411/1747 2413/2413/1749 2414/2414/1750
f 2415/2415/1751 2416/2416/1752 2417/2417/1753
f 2415/2415/1751 2417/2417/1753 2418/2418/1754
f 2419/2419/1755 2420/2420/1756 2421/2421/1757
f 2419/2419/1755 2421/2421/1757 2422/2422/1758
f 2423/2423/1759 2424/2424/1760 2425/2425/1761
f 2423/2423/1759 2425/2425/1761 2426/2426/1762
f 2427/2427/1763 2428/2428/1764 2429/2429/1765
f 2427/2427/1763 2429/2429/1765 2430/2430/1766
f 2392/2392/1728 2395/2395/1731 2398/2398/1734
f 2392/2392/1728 2398/2398/1734 2393/2393/1729
f 2400/2400/1736 2403/2403/1739 2406/2406/1742
f 2400/2400/1736 2406/2406/1742 2401/2401/1737
f 2408/2408/1744 2411/2411/1747 2414/2414/1750
f 2408/2408/1744 2414/2414/1750 2409/2409/1745
f 2416/2416/1752 2419/2419/1755 2422/2422/1758
f 2416/2416/1752 2422/2422/1758 2417/2417/1753
f 2424/2424/1760 2427/2427/1763 2430/2430/1766
f 2424/2424/1760 2430/2430/1766 2425/2425/1761
f 2431/2431/1767 2432/2432/1768 2433/2433/1769
f 2431/2431/1767 2433/2433/1769 2434/2434/1770
f 2432/2432/1768 2435/2435/1771 2436/2436/1772
f 2432/2432/1768 2436/2436/1772 2433/2433/1769
f 2437/2437/1773 2438/2438/1774 2439/2439/1775
f 2437/2437/1773 2439/2439/1775 2440/2440/1776
f 2441/2441/1777 2437/2437/1773 2440/2440/1776
f 2441/2441/1777 2440/2440/1776 2442/2442/1778
f 2443/2443/1779 2444/2444/1780 2445/2445/1781
f 2443/2443/1779 2445/2445/1781 2446/2446/1782
f 2447/2447/1783 2443/2443/1779 2446/2446/1782
f 2447/2447/1783 2446/2446/1782 2448/2448/1784
f 2449/2449/1785 2450/2450/1786 2451/2451/1787
f 2449/2449/1785 2451/2451/1787 2452/2452/1788
f 2450/2450/1786 2453/2453/1789 2454/2454/1790
f 2450/2450/1786 2454/2454/1790 2451/2451/1787
f 2455/2455/1791 2456/2456/1792 2457/2457/1793
f 2455/2455/1791 2457/2457/1793 2458/2458/1794
f 2456/2456/1792 2459/2459/1795 2460/2460/1796
f 2456/2456/1792 2460/2460/1796 2457/2457/1793
f 2461/2461/1797 2462/2462/1798 2463/2463/1799
f 2461/2461/1797 2463/2463/1799 2464/2464/1800
f 2465/2465/1801 2466/2466/1802 2467/2467/1803
f 2465/2465/1801 2467/2467/1803 2468/2468/1804
f 2469/2469/1805 2470/2470/1806 2471/2471/1807
f 2469/2469/1805 2471/2471/1807 2472/2472/1808
f 2473/2473/1809 2474/2474/1810 2475/2475/1811
f 2473/2473/1809 2475/2475/1811 2476/2476/1812
f 2477/2477/1813 2478/2478/1814 2479/2479/1815
f 2477/2477/1813 2479/2479/1815 2480/2480/1816
f 2481/2481/1817 2482/2482/1818 2483/2483/1819
f 2481/2481/1817 2483/2483/1819 2484/2484/1820
f 2485/2485/1821 2486/2486/1822 2487/2487/1823
f 2485/2485/1821 2487/2487/1823 2488/2488/1824
f 2489/2489/1825 2490/2490/1826 2491/2491/1827
f 2489/2489/1825 2491/2491/1827 2492/2492/1828
f 2493/2493/1829 2494/2494/1830 2495/2495/1831
f 2493/2493/1829 2495/2495/1831 2496/2496/1832
f 2497/2497/1833 2498/2498/1834 2499/2499/1835
f 2497/2497/1833 2499/2499/1835 2500/2500/1836
f 2501/2501/1837 2502/2502/1838 2503/2503/1839
f 2501/2501/1837 2503/2503/1839 2504/2504/1840
f 2505/2505/1841 2506/2506/1842 2507/2507/1843
f 2505/2505/1841 2507/2507/1843 2508/2508/1844
f 2509/2509/1845 2510/2510/1846 2511/2511/1847
f 2509/2509/1845 2511/2511/1847 2512/2512/1848
f 2513/2513/1849 2514/2514/1850 2515/2515/1851
f 2513/2513/1849 2515/2515/1851 2516/2516/1852
f 2517/2517/1853 2518/2518/1854 2519/2519/1855
f 2517/2517/1853 2519/2519/1855 2390/2390/1726
f 2520/2520/1856 2521/2521/1857 2522/2522/1858
f 2520/2520/1856 2522/2522/1858 2523/2523/1859
f 2480/2480/1816 2467/2467/1803 2466/2466/1802
f 2480/2480/1816 2466/2466/1802 2477/2477/1813
f 2524/2524/1860 2517/2517/1853 2390/2390/1726
f 2524/2524/1860 2390/2390/1726 2389/2389/1725
f 2482/2482/1818 2525/2525/1861 2526/2526/1862
f 2482/2482/1818 2526/2526/1862 2483/2483/1819
f 2527/2527/1863 2528/2528/1864 2529/2529/1865
f 2527/2527/1863 2529/2529/1865 2530/2530/1866
f 2494/2494/1830 2531/2531/1867 2532/2532/1868
f 2494/2494/1830 2532/2532/1868 2495/2495/1831
f 2533/2533/1869 2501/2501/1837 2504/2504/1840
f 2533/2533/1869 2504/2504/1840 2534/2534/1870
f 2535/2535/1871 2520/2520/1856 2523/2523/1859
f 2535/2535/1871 2523/2523/1859 2536/2536/1872
f 2537/2537/1873 2505/2505/1841 2508/2508/1844
f 2537/2537/1873 2508/2508/1844 2538/2538/1874
f 2539/2539/1875 2540/2540/1876 2541/2541/1877
f 2539/2539/1875 2541/2541/1877 2542/2542/1878
f 2474/2474/1810 2489/2489/1825 2492/2492/1828
f 2474/2474/1810 2492/2492/1828 2475/2475/1811
f 2540/2540/1876 2497/2497/1833 2500/2500/1836
f 2540/2540/1876 2500/2500/1836 2541/2541/1877
f 2512/2512/1848 2471/2471/1807 2470/2470/1806
f 2512/2512/1848 2470/2470/1806 2509/2509/1845
f 2516/2516/1852 2529/2529/1865 2528/2528/1864
f 2516/2516/1852 2528/2528/1864 2513/2513/1849
f 2488/2488/1824 2463/2463/1799 2462/2462/1798
f 2488/2488/1824 2462/2462/1798 2485/2485/1821
f 2422/2422/1758 2427/2427/1763 2424/2424/1760
f 2422/2422/1758 2424/2424/1760 2417/2417/1753
f 2543/2543/1879 2395/2395/1731 2392/2392/1728
f 2543/2543/1879 2392/2392/1728 2544/2544/1880
f 2398/2398/1734 2403/2403/1739 2400/2400/1736
f 2398/2398/1734 2400/2400/1736 2393/2393/1729
f 2408/2408/1744 2401/2401/1737 2406/2406/1742
f 2408/2408/1744 2406/2406/1742 2411/2411/1747
f 2416/2416/1752 2409/2409/1745 2414/2414/1750
f 2416/2416/1752 2414/2414/1750 2419/2419/1755
f 2407/2407/1743 2402/2402/1738 2401/2401/1737
f 2407/2407/1743 2401/2401/1737 2408/2408/1744
f 2545/2545/1881 2435/2435/1771 2432/2432/1768
f 2545/2545/1881 2432/2432/1768 2546/2546/1882
f 2454/2454/1790 2459/2459/1795 2456/2456/1792
f 2454/2454/1790 2456/2456/1792 2451/2451/1787
f 2436/2436/1772 2438/2438/1774 2437/2437/1773
f 2436/2436/1772 2437/2437/1773 2433/2433/1769
f 2443/2443/1779 2440/2440/1776 2439/2439/1775
f 2443/2443/1779 2439/2439/1775 2444/2444/1780
f 2391/2391/1727 2547/2547/1883 2544/2544/1880
f 2391/2391/1727 2544/2544/1880 2392/2392/1728
f 2450/2450/1786 2446/2446/1782 2445/2445/1781
f 2450/2450/1786 2445/2445/1781 2453/2453/1789
f 2460/2460/1796 2388/2388/1724 2387/2387/1723
f 2460/2460/1796 2387/2387/1723 2457/2457/1793
f 2430/2430/1766 2548/2548/1884 2549/2549/1885
f 2430/2430/1766 2549/2549/1885 2425/2425/1761
f 2451/2451/1787 2456/2456/1792 2455/2455/1791
f 2451/2451/1787 2455/2455/1791 2452/2452/1788
f 2457/2457/1793 2387/2387/1723 2550/2550/1886
f 2457/2457/1793 2550/2550/1886 2458/2458/1794
f 2395/2395/1731 2543/2543/1879 2551/2551/1887
f 2395/2395/1731 2551/2551/1887 2396/2396/1732
f 2403/2403/1739 2398/2398/1734 2397/2397/1733
f 2403/2403/1739 2397/2397/1733 2404/2404/1740
f 2546/2546/1882 2432/2432/1768 2431/2431/1767
f 2546/2546/1882 2431/2431/1767 2552/2552/1888
f 2433/2433/1769 2437/2437/1773 2441/2441/1777
f 2433/2433/1769 2441/2441/1777 2434/2434/1770
f 2411/2411/1747 2406/2406/1742 2405/2405/1741
f 2411/2411/1747 2405/2405/1741 2412/2412/1748
f 2447/2447/1783 2442/2442/1778 2440/2440/1776
f 2447/2447/1783 2440/2440/1776 2443/2443/1779
f 2419/2419/1755 2414/2414/1750 2413/2413/1749
f 2419/2419/1755 2413/2413/1749 2420/2420/1756
f 2427/2427/1763 2422/2422/1758 2421/2421/1757
f 2427/2427/1763 2421/2421/1757 2428/2428/1764
f 2449/2449/1785 2448/2448/1784 2446/2446/1782
f 2449/2449/1785 2446/2446/1782 2450/2450/1786
f 2548/2548/1884 2430/2430/1766 2429/2429/1765
f 2548/2548/1884 2429/2429/1765 2553/2553/1889
f 2415/2415/1751 2410/2410/1746 2409/2409/1745
f 2415/2415/1751 2409/2409/1745 2416/2416/1752
f 2519/2519/1855 2550/2550/1886 2387/2387/1723
f 2519/2519/1855 2387/2387/1723 2390/2390/1726
f 2523/2523/1859 2517/2517/1853 2524/2524/1860
f 2523/2523/1859 2524/2524/1860 2536/2536/1872
f 2522/2522/1858 2518/2518/1854 2517/2517/1853
f 2522/2522/1858 2517/2517/1853 2523/2523/1859
f 2482/2482/1818 2520/2520/1856 2535/2535/1871
f 2482/2482/1818 2535/2535/1871 2525/2525/1861
f 2481/2481/1817 2521/2521/1857 2520/2520/1856
f 2481/2481/1817 2520/2520/1856 2482/2482/1818
f 2493/2493/1829 2484/2484/1820 2483/2483/1819
f 2493/2493/1829 2483/2483/1819 2494/2494/1830
f 2494/2494/1830 2483/2483/1819 2526/2526/1862
f 2494/2494/1830 2526/2526/1862 2531/2531/1867
f 2503/2503/1839 2496/2496/1832 2495/2495/1831
f 2503/2503/1839 2495/2495/1831 2504/2504/1840
f 2504/2504/1840 2495/2495/1831 2532/2532/1868
f 2504/2504/1840 2532/2532/1868 2534/2534/1870
f 2508/2508/1844 2501/2501/1837 2533/2533/1869
f 2508/2508/1844 2533/2533/1869 2538/2538/1874
f 2507/2507/1843 2502/2502/1838 2501/2501/1837
f 2507/2507/1843 2501/2501/1837 2508/2508/1844
f 2546/2546/1882 2505/2505/1841 2537/2537/1873
f 2546/2546/1882 2537/2537/1873 2545/2545/1881
f 2552/2552/1888 2506/2506/1842 2505/2505/1841
f 2552/2552/1888 2505/2505/1841 2546/2546/1882
f 2399/2399/1735 2394/2394/1730 2393/2393/1729
f 2399/2399/1735 2393/2393/1729 2400/2400/1736
f 2554/2554/1890 2426/2426/1762 2425/2425/1761
f 2554/2554/1890 2425/2425/1761 2549/2549/1885
f 2423/2423/1759 2418/2418/1754 2417/2417/1753
f 2423/2423/1759 2417/2417/1753 2424/2424/1760
f 2462/2462/1798 2467/2467/1803 2480/2480/1816
f 2462/2462/1798 2480/2480/1816 2485/2485/1821
f 2548/2548/1884 2477/2477/1813 2466/2466/1802
f 2548/2548/1884 2466/2466/1802 2549/2549/1885
f 2474/2474/1810 2463/2463/1799 2488/2488/1824
f 2474/2474/1810 2488/2488/1824 2489/2489/1825
f 2540/2540/1876 2475/2475/1811 2492/2492/1828
f 2540/2540/1876 2492/2492/1828 2497/2497/1833
f 2470/2470/1806 2541/2541/1877 2500/2500/1836
f 2470/2470/1806 2500/2500/1836 2509/2509/1845
f 2528/2528/1864 2471/2471/1807 2512/2512/1848
f 2528/2528/1864 2512/2512/1848 2513/2513/1849
f 2544/2544/1880 2529/2529/1865 2516/2516/1852
f 2544/2544/1880 2516/2516/1852 2543/2543/1879
f 2550/2550/1886 2519/2519/1855 2478/2478/1814
f 2550/2550/1886 2478/2478/1814 2553/2553/1889
f 2485/2485/1821 2480/2480/1816 2479/2479/1815
f 2485/2485/1821 2479/2479/1815 2486/2486/1822
f 2465/2465/1801 2554/2554/1890 2549/2549/1885
f 2465/2465/1801 2549/2549/1885 2466/2466/1802
f 2461/2461/1797 2468/2468/1804 2467/2467/1803
f 2461/2461/1797 2467/2467/1803 2462/2462/1798
f 2489/2489/1825 2488/2488/1824 2487/2487/1823
f 2489/2489/1825 2487/2487/1823 2490/2490/1826
f 2473/2473/1809 2464/2464/1800 2463/2463/1799
f 2473/2473/1809 2463/2463/1799 2474/2474/1810
f 2497/2497/1833 2492/2492/1828 2491/2491/1827
f 2497/2497/1833 2491/2491/1827 2498/2498/1834
f 2539/2539/1875 2476/2476/1812 2475/2475/1811
f 2539/2539/1875 2475/2475/1811 2540/2540/1876
f 2509/2509/1845 2500/2500/1836 2499/2499/1835
f 2509/2509/1845 2499/2499/1835 2510/2510/1846
f 2469/2469/1805 2542/2542/1878 2541/2541/1877
f 2469/2469/1805 2541/2541/1877 2470/2470/1806
f 2513/2513/1849 2512/2512/1848 2511/2511/1847
f 2513/2513/1849 2511/2511/1847 2514/2514/1850
f 2527/2527/1863 2472/2472/1808 2471/2471/1807
f 2527/2527/1863 2471/2471/1807 2528/2528/1864
f 2543/2543/1879 2516/2516/1852 2515/2515/1851
f 2543/2543/1879 2515/2515/1851 2551/2551/1887
f 2547/2547/1883 2530/2530/1866 2529/2529/1865
f 2547/2547/1883 2529/2529/1865 2544/2544/1880
f 2511/2511/1847 2502/2502/1838 2507/2507/1843
f 2511/2511/1847 2507/2507/1843 2514/2514/1850
f 2515/2515/1851 2506/2506/1842 2552/2552/1888
f 2515/2515/1851 2552/2552/1888 2551/2551/1887
f 2510/2510/1846 2503/2503/1839 2502/2502/1838
f 2510/2510/1846 2502/2502/1838 2511/2511/1847
f 2514/2514/1850 2507/2507/1843 2506/2506/1842
f 2514/2514/1850 2506/2506/1842 2515/2515/1851
f 2478/2478/1814 2519/2519/1855 2518/2518/1854
f 2478/2478/1814 2518/2518/1854 2479/2479/1815
f 2479/2479/1815 2518/2518/1854 2522/2522/1858
f 2479/2479/1815 2522/2522/1858 2486/2486/1822
f 2486/2486/1822 2522/2522/1858 2521/2521/1857
f 2486/2486/1822 2521/2521/1857 2487/2487/1823
f 2490/2490/1826 2481/2481/1817 2484/2484/1820
f 2490/2490/1826 2484/2484/1820 2491/2491/1827
f 2498/2498/1834 2493/2493/1829 2496/2496/1832
f 2498/2498/1834 2496/2496/1832 2499/2499/1835
f 2478/2478/1814 2477/2477/1813 2548/2548/1884
f 2478/2478/1814 2548/2548/1884 2553/2553/1889
f 2487/2487/1823 2521/2521/1857 2481/2481/1817
f 2487/2487/1823 2481/2481/1817 2490/2490/1826
f 2491/2491/1827 2484/2484/1820 2493/2493/1829
f 2491/2491/1827 2493/2493/1829 2498/2498/1834
f 2499/2499/1835 2496/2496/1832 2503/2503/1839
f 2499/2499/1835 2503/2503/1839 2510/2510/1846
f 2397/2397/1733 2396/2396/1732 2431/2431/1767
f 2397/2397/1733 2431/2431/1767 2434/2434/1770
f 2404/2404/1740 2397/2397/1733 2434/2434/1770
f 2404/2404/1740 2434/2434/1770 2441/2441/1777
f 2396/2396/1732 2551/2551/1887 2552/2552/1888
f 2396/2396/1732 2552/2552/1888 2431/2431/1767
f 2553/2553/1889 2429/2429/1765 2458/2458/1794
f 2553/2553/1889 2458/2458/1794 2550/2550/1886
f 2429/2429/1765 2428/2428/1764 2455/2455/1791
f 2429/2429/1765 2455/2455/1791 2458/2458/1794
f 2428/2428/1764 2421/2421/1757 2452/2452/1788
f 2428/2428/1764 2452/2452/1788 2455/2455/1791
f 2420/2420/1756 2413/2413/1749 2448/2448/1784
f 2420/2420/1756 2448/2448/1784 2449/2449/1785
f 2412/2412/1748 2405/2405/1741 2442/2442/1778
f 2412/2412/1748 2442/2442/1778 2447/2447/1783
f 2421/2421/1757 2420/2420/1756 2449/2449/1785
f 2421/2421/1757 2449/2449/1785 2452/2452/1788
f 2413/2413/1749 2412/2412/1748 2447/2447/1783
f 2413/2413/1749 2447/2447/1783 2448/2448/1784
f 2405/2405/1741 2404/2404/1740 2441/2441/1777
f 2405/2405/1741 2441/2441/1777 2442/2442/1778
f 2211/2211/2 2216/2216/3 3/3/3
f 2211/2211/2 3/3/3 2/2/2
f 2214/2214/1550 2555/2555/1550 2215/2215/1546
f 2214/2214/1550 2215/2215/1546 2210/2210/1546
f 2216/2216/3 65/65/3 2215/2215/1546
f 2216/2216/3 2215/2215/1546 2556/2556/1553
f 2557/2557/1553 2217/2217/1553 42/42/3
f 2557/2557/1553 42/42/3 4/4/3
f 2212/2212/1551 2217/2217/1553 2558/2558/1550
f 2212/2212/1551 2558/2558/1550 2218/2218/1554
f 2556/2556/1553 2559/2559/1553 3/3/3
f 2556/2556/1553 3/3/3 2216/2216/3
f 2556/2556/1553 2215/2215/1546 2555/2555/1550
f 2556/2556/1553 2555/2555/1550 2560/2560/1550
f 2559/2559/1553 2557/2557/1553 4/4/3
f 2559/2559/1553 4/4/3 3/3/3
f 2561/2561/1550 2558/2558/1550 2217/2217/1553
f 2561/2561/1550 2217/2217/1553 2557/2557/1553
f 2560/2560/1550 2562/2562/1891 2559/2559/1553
f 2560/2560/1550 2559/2559/1553 2556/2556/1553
f 2562/2562/1891 2561/2561/1550 2557/2557/1553
f 2562/2562/1891 2557/2557/1553 2559/2559/1553
f 509/509/360 514/514/365 561/561/408
f 509/509/360 561/561/408 778/778/602
f 510/510/361 509/509/360 778/778/602
f 510/510/361 778/778/602 560/560/407
f 517/517/368 541/541/390 522/522/373
f 517/517/368 522/522/373 521/521/372
f 541/541/390 540/540/375 569/569/414
f 541/541/390 569/569/414 522/522/373
f 513/513/364 517/517/368 521/521/372
f 513/513/364 521/521/372 562/562/409
f 523/523/374 510/510/361 560/560/407
f 523/523/374 560/560/407 559/559/406
f 514/514/365 513/513/364 562/562/409
f 514/514/365 562/562/409 561/561/408
f 524/524/375 523/523/374 559/559/406
f 524/524/375 559/559/406 570/570/414
f 545/545/393 544/544/392 778/778/602
f 545/545/393 778/778/602 561/561/408
f 641/641/478 646/646/483 663/663/499
f 641/641/478 663/663/499 676/676/510
f 646/646/483 645/645/482 664/664/500
f 646/646/483 664/664/500 663/663/499
f 670/670/486 669/669/505 660/660/496
f 670/670/486 660/660/496 659/659/495
f 669/669/505 652/652/489 674/674/508
f 669/669/505 674/674/508 660/660/496
f 651/651/488 642/642/479 668/668/504
f 651/651/488 668/668/504 667/667/503
f 645/645/482 649/649/486 678/678/495
f 645/645/482 678/678/495 664/664/500
f 652/652/489 651/651/488 667/667/503
f 652/652/489 667/667/503 674/674/508
f 642/642/479 641/641/478 676/676/510
f 642/642/479 676/676/510 668/668/504
f 652/652/489 669/669/505 672/672/506
f 652/652/489 672/672/506 653/653/490
f 2563/2563/1892 2564/2564/1892 2565/2565/1893
f 2563/2563/1892 2565/2565/1893 2566/2566/1893
f 2567/2567/1892 2563/2563/1892 2566/2566/1893
f 2567/2567/1892 2566/2566/1893 2568/2568/1893
f 2564/2564/1892 2569/2569/1892 2570/2570/1894
f 2564/2564/1892 2570/2570/1894 2565/2565/1893
f 2571/2571/1895 2572/2572/1895 2566/2566/1893
f 2571/2571/1895 2566/2566/1893 2565/2565/1893
f 2573/2573/1896 2567/2567/1892 2568/2568/1893
f 2573/2573/1896 2568/2568/1893 2574/2574/1897
f 2568/2568/1893 2566/2566/1893 2572/2572/1895
f 2568/2568/1893 2572/2572/1895 2575/2575/1895
f 2569/2569/1892 2576/2576/1892 2577/2577/1894
f 2569/2569/1892 2577/2577/1894 2570/2570/1894
f 2578/2578/1898 2571/2571/1895 2565/2565/1893
f 2578/2578/1898 2565/2565/1893 2570/2570/1894
f 2579/2579/1899 2580/2580/1899 2572/2572/1895
f 2579/2579/1899 2572/2572/1895 2571/2571/1895
f 2581/2581/1900 2573/2573/1896 2574/2574/1897
f 2581/2581/1900 2574/2574/1897 2582/2582/1901
f 2575/2575/1895 2583/2583/1902 2574/2574/1897
f 2575/2575/1895 2574/2574/1897 2568/2568/1893
f 2575/2575/1895 2572/2572/1895 2580/2580/1899
f 2575/2575/1895 2580/2580/1899 2584/2584/1899
f 2576/2576/1892 2585/2585/1892 2586/2586/1894
f 2576/2576/1892 2586/2586/1894 2577/2577/1894
f 2587/2587/1895 2578/2578/1898 2570/2570/1894
f 2587/2587/1895 2570/2570/1894 2577/2577/1894
f 2588/2588/1903 2579/2579/1899 2571/2571/1895
f 2588/2588/1903 2571/2571/1895 2578/2578/1898
f 2580/2580/1899 2579/2579/1899 2589/2589/773
f 2580/2580/1899 2589/2589/773 2590/2590/773
f 2591/2591/1904 2581/2581/1900 2582/2582/1901
f 2591/2591/1904 2582/2582/1901 2592/2592/1905
f 2583/2583/1902 2593/2593/1906 2582/2582/1901
f 2583/2583/1902 2582/2582/1901 2574/2574/1897
f 2584/2584/1899 2594/2594/1907 2583/2583/1902
f 2584/2584/1899 2583/2583/1902 2575/2575/1895
f 2584/2584/1899 2580/2580/1899 2590/2590/773
f 2584/2584/1899 2590/2590/773 2595/2595/773
f 2585/2585/1892 2596/2596/1908 2597/2597/1893
f 2585/2585/1892 2597/2597/1893 2586/2586/1894
f 2577/2577/1894 2586/2586/1894 2598/2598/1895
f 2577/2577/1894 2598/2598/1895 2587/2587/1895
f 2599/2599/1903 2588/2588/1903 2578/2578/1898
f 2599/2599/1903 2578/2578/1898 2587/2587/1895
f 2579/2579/1899 2588/2588/1903 2600/2600/773
f 2579/2579/1899 2600/2600/773 2589/2589/773
f 2601/2601/1909 2602/2602/1909 2603/2603/1910
f 2601/2601/1909 2603/2603/1910 2604/2604/1911
f 2605/2605/1912 2591/2591/1904 2592/2592/1905
f 2605/2605/1912 2592/2592/1905 2606/2606/1913
f 2593/2593/1906 2607/2607/1914 2592/2592/1905
f 2593/2593/1906 2592/2592/1905 2582/2582/1901
f 2594/2594/1907 2608/2608/1915 2593/2593/1906
f 2594/2594/1907 2593/2593/1906 2583/2583/1902
f 2594/2594/1907 2584/2584/1899 2595/2595/773
f 2594/2594/1907 2595/2595/773 2609/2609/1916
f 2610/2610/1911 2603/2603/1910 2602/2602/1909
f 2610/2610/1911 2602/2602/1909 2611/2611/1917
f 2596/2596/1908 2612/2612/1918 2613/2613/1919
f 2596/2596/1908 2613/2613/1919 2597/2597/1893
f 2586/2586/1894 2597/2597/1893 2614/2614/1895
f 2586/2586/1894 2614/2614/1895 2598/2598/1895
f 2587/2587/1895 2598/2598/1895 2615/2615/1899
f 2587/2587/1895 2615/2615/1899 2599/2599/1903
f 2588/2588/1903 2599/2599/1903 2616/2616/773
f 2588/2588/1903 2616/2616/773 2600/2600/773
f 2617/2617/1917 2601/2601/1909 2604/2604/1911
f 2617/2617/1917 2604/2604/1911 2618/2618/1911
f 2619/2619/186 2620/2620/186 2602/2602/1909
f 2619/2619/186 2602/2602/1909 2601/2601/1909
f 2621/2621/1920 2605/2605/1912 2606/2606/1913
f 2621/2621/1920 2606/2606/1913 2622/2622/1921
f 2607/2607/1914 2623/2623/1922 2606/2606/1913
f 2607/2607/1914 2606/2606/1913 2592/2592/1905
f 2608/2608/1915 2624/2624/1923 2607/2607/1914
f 2608/2608/1915 2607/2607/1914 2593/2593/1906
f 2608/2608/1915 2594/2594/1907 2609/2609/1916
f 2608/2608/1915 2609/2609/1916 2625/2625/57
f 2611/2611/1917 2626/2626/1924 2627/2627/1925
f 2611/2611/1917 2627/2627/1925 2610/2610/1911
f 2611/2611/1917 2602/2602/1909 2620/2620/186
f 2611/2611/1917 2620/2620/186 2628/2628/186
f 2612/2612/1918 2629/2629/1926 2630/2630/1927
f 2612/2612/1918 2630/2630/1927 2613/2613/1919
f 2597/2597/1893 2613/2613/1919 2631/2631/1928
f 2597/2597/1893 2631/2631/1928 2614/2614/1895
f 2598/2598/1895 2614/2614/1895 2632/2632/1899
f 2598/2598/1895 2632/2632/1899 2615/2615/1899
f 2599/2599/1903 2615/2615/1899 2633/2633/773
f 2599/2599/1903 2633/2633/773 2616/2616/773
f 2634/2634/1917 2617/2617/1917 2618/2618/1911
f 2634/2634/1917 2618/2618/1911 2635/2635/1911
f 2636/2636/186 2619/2619/186 2601/2601/1909
f 2636/2636/186 2601/2601/1909 2617/2617/1917
f 2637/2637/186 2638/2638/187 2639/2639/187
f 2637/2637/186 2639/2639/187 2640/2640/186
f 2641/2641/1920 2621/2621/1920 2622/2622/1921
f 2641/2641/1920 2622/2622/1921 2642/2642/1921
f 2623/2623/1922 2643/2643/1929 2622/2622/1921
f 2623/2623/1922 2622/2622/1921 2606/2606/1913
f 2624/2624/1923 2644/2644/1930 2623/2623/1922
f 2624/2624/1923 2623/2623/1922 2607/2607/1914
f 2624/2624/1923 2608/2608/1915 2625/2625/57
f 2624/2624/1923 2625/2625/57 2645/2645/768
f 2626/2626/1924 2646/2646/1931 2647/2647/1932
f 2626/2626/1924 2647/2647/1932 2627/2627/1925
f 2628/2628/186 2648/2648/185 2626/2626/1924
f 2628/2628/186 2626/2626/1924 2611/2611/1917
f 2640/2640/186 2639/2639/187 307/307/187
f 2640/2640/186 307/307/187 306/306/186
f 2629/2629/1926 2649/2649/1933 2650/2650/1934
f 2629/2629/1926 2650/2650/1934 2630/2630/1927
f 2651/2651/1935 2631/2631/1928 2613/2613/1919
f 2651/2651/1935 2613/2613/1919 2630/2630/1927
f 2614/2614/1895 2631/2631/1928 2652/2652/1936
f 2614/2614/1895 2652/2652/1936 2632/2632/1899
f 2615/2615/1899 2632/2632/1899 2653/2653/773
f 2615/2615/1899 2653/2653/773 2633/2633/773
f 2635/2635/1911 2654/2654/1911 2655/2655/1917
f 2635/2635/1911 2655/2655/1917 2634/2634/1917
f 2656/2656/186 2636/2636/186 2617/2617/1917
f 2656/2656/186 2617/2617/1917 2634/2634/1917
f 2657/2657/186 2658/2658/187 2638/2638/187
f 2657/2657/186 2638/2638/187 2637/2637/186
f 2659/2659/1920 2641/2641/1920 2642/2642/1921
f 2659/2659/1920 2642/2642/1921 2660/2660/1921
f 2642/2642/1921 2622/2622/1921 2643/2643/1929
f 2642/2642/1921 2643/2643/1929 2661/2661/1929
f 2644/2644/1930 2662/2662/1937 2643/2643/1929
f 2644/2644/1930 2643/2643/1929 2623/2623/1922
f 2644/2644/1930 2624/2624/1923 2645/2645/768
f 2644/2644/1930 2645/2645/768 2663/2663/1938
f 2646/2646/1931 2664/2664/1939 2665/2665/1940
f 2646/2646/1931 2665/2665/1940 2647/2647/1932
f 2648/2648/185 2666/2666/191 2646/2646/1931
f 2648/2648/185 2646/2646/1931 2626/2626/1924
f 2649/2649/1933 2667/2667/1941 2668/2668/1942
f 2649/2649/1933 2668/2668/1942 2650/2650/1934
f 2669/2669/1943 2651/2651/1935 2630/2630/1927
f 2669/2669/1943 2630/2630/1927 2650/2650/1934
f 2670/2670/1944 2652/2652/1936 2631/2631/1928
f 2670/2670/1944 2631/2631/1928 2651/2651/1935
f 2632/2632/1899 2652/2652/1936 2671/2671/1945
f 2632/2632/1899 2671/2671/1945 2653/2653/773
f 2654/2654/1911 2672/2672/1911 2673/2673/1909
f 2654/2654/1911 2673/2673/1909 2655/2655/1917
f 2634/2634/1917 2655/2655/1917 2674/2674/186
f 2634/2634/1917 2674/2674/186 2656/2656/186
f 2657/2657/186 2675/2675/186 2676/2676/187
f 2657/2657/186 2676/2676/187 2658/2658/187
f 2677/2677/1920 2659/2659/1920 2660/2660/1921
f 2677/2677/1920 2660/2660/1921 2678/2678/1946
f 2661/2661/1929 2679/2679/1947 2660/2660/1921
f 2661/2661/1929 2660/2660/1921 2642/2642/1921
f 2661/2661/1929 2643/2643/1929 2662/2662/1937
f 2661/2661/1929 2662/2662/1937 2680/2680/1937
f 2662/2662/1937 2644/2644/1930 2663/2663/1938
f 2662/2662/1937 2663/2663/1938 2681/2681/611
f 2664/2664/1939 2682/2682/1948 2683/2683/1949
f 2664/2664/1939 2683/2683/1949 2665/2665/1940
f 2666/2666/191 2684/2684/190 2664/2664/1939
f 2666/2666/191 2664/2664/1939 2646/2646/1931
f 308/308/188 307/307/187 2685/2685/187
f 308/308/188 2685/2685/187 2686/2686/188
f 2687/2687/189 2688/2688/188 2689/2689/1950
f 2687/2687/189 2689/2689/1950 2682/2682/1948
f 2684/2684/190 2687/2687/189 2682/2682/1948
f 2684/2684/190 2682/2682/1948 2664/2664/1939
f 2667/2667/1941 2690/2690/1951 2691/2691/1952
f 2667/2667/1941 2691/2691/1952 2668/2668/1942
f 2692/2692/1953 2669/2669/1943 2650/2650/1934
f 2692/2692/1953 2650/2650/1934 2668/2668/1942
f 2693/2693/1954 2670/2670/1944 2651/2651/1935
f 2693/2693/1954 2651/2651/1935 2669/2669/1943
f 2652/2652/1936 2670/2670/1944 2694/2694/64
f 2652/2652/1936 2694/2694/64 2671/2671/1945
f 2672/2672/1911 2695/2695/1955 2696/2696/1956
f 2672/2672/1911 2696/2696/1956 2673/2673/1909
f 2655/2655/1917 2673/2673/1909 2697/2697/186
f 2655/2655/1917 2697/2697/186 2674/2674/186
f 2676/2676/187 2675/2675/186 2698/2698/186
f 2676/2676/187 2698/2698/186 2699/2699/187
f 2700/2700/1957 2677/2677/1920 2678/2678/1946
f 2700/2700/1957 2678/2678/1946 2701/2701/1958
f 2679/2679/1947 2702/2702/1947 2678/2678/1946
f 2679/2679/1947 2678/2678/1946 2660/2660/1921
f 2680/2680/1937 2703/2703/1937 2679/2679/1947
f 2680/2680/1937 2679/2679/1947 2661/2661/1929
f 2680/2680/1937 2662/2662/1937 2681/2681/611
f 2680/2680/1937 2681/2681/611 2704/2704/611
f 2682/2682/1948 2689/2689/1950 2705/2705/1959
f 2682/2682/1948 2705/2705/1959 2683/2683/1949
f 2706/2706/1960 2689/2689/1950 2688/2688/188
f 2706/2706/1960 2688/2688/188 2707/2707/188
f 2686/2686/188 2685/2685/187 2708/2708/187
f 2686/2686/188 2708/2708/187 2709/2709/188
f 2690/2690/1951 2710/2710/1951 2711/2711/1952
f 2690/2690/1951 2711/2711/1952 2691/2691/1952
f 2712/2712/1961 2692/2692/1953 2668/2668/1942
f 2712/2712/1961 2668/2668/1942 2691/2691/1952
f 2713/2713/1962 2693/2693/1954 2669/2669/1943
f 2713/2713/1962 2669/2669/1943 2692/2692/1953
f 2670/2670/1944 2693/2693/1954 2714/2714/776
f 2670/2670/1944 2714/2714/776 2694/2694/64
f 2715/2715/1963 2696/2696/1956 2695/2695/1955
f 2715/2715/1963 2695/2695/1955 2716/2716/1964
f 2673/2673/1909 2696/2696/1956 2717/2717/193
f 2673/2673/1909 2717/2717/193 2697/2697/186
f 2699/2699/187 2698/2698/186 314/314/186
f 2699/2699/187 314/314/186 313/313/187
f 2718/2718/187 2719/2719/187 2720/2720/198
f 2718/2718/187 2720/2720/198 2721/2721/198
f 2722/2722/1965 2700/2700/1957 2701/2701/1958
f 2722/2722/1965 2701/2701/1958 2723/2723/1966
f 2702/2702/1947 2724/2724/1967 2701/2701/1958
f 2702/2702/1947 2701/2701/1958 2678/2678/1946
f 2703/2703/1937 2725/2725/1968 2702/2702/1947
f 2703/2703/1937 2702/2702/1947 2679/2679/1947
f 2703/2703/1937 2680/2680/1937 2704/2704/611
f 2703/2703/1937 2704/2704/611 2726/2726/1969
f 2727/2727/1959 2705/2705/1959 2689/2689/1950
f 2727/2727/1959 2689/2689/1950 2706/2706/1960
f 2707/2707/188 2728/2728/188 2729/2729/1960
f 2707/2707/188 2729/2729/1960 2706/2706/1960
f 2709/2709/188 2708/2708/187 321/321/187
f 2709/2709/188 321/321/187 320/320/188
f 321/321/187 2718/2718/187 2721/2721/198
f 321/321/187 2721/2721/198 322/322/198
f 2730/2730/1951 2731/2731/1951 2732/2732/1952
f 2730/2730/1951 2732/2732/1952 2733/2733/1952
f 2734/2734/1961 2712/2712/1961 2691/2691/1952
f 2734/2734/1961 2691/2691/1952 2711/2711/1952
f 2735/2735/1970 2713/2713/1962 2692/2692/1953
f 2735/2735/1970 2692/2692/1953 2712/2712/1961
f 2693/2693/1954 2713/2713/1962 2736/2736/1971
f 2693/2693/1954 2736/2736/1971 2714/2714/776
f 2737/2737/1972 2715/2715/1963 2716/2716/1964
f 2737/2737/1972 2716/2716/1964 2738/2738/1973
f 2739/2739/194 2717/2717/193 2696/2696/1956
f 2739/2739/194 2696/2696/1956 2715/2715/1963
f 2719/2719/187 2740/2740/187 2741/2741/202
f 2719/2719/187 2741/2741/202 2720/2720/198
f 2742/2742/1974 2743/2743/1975 2744/2744/198
f 2742/2742/1974 2744/2744/198 2745/2745/198
f 2746/2746/1976 2722/2722/1965 2723/2723/1966
f 2746/2746/1976 2723/2723/1966 2747/2747/1977
f 2724/2724/1967 2748/2748/1978 2723/2723/1966
f 2724/2724/1967 2723/2723/1966 2701/2701/1958
f 2725/2725/1968 2749/2749/1979 2724/2724/1967
f 2725/2725/1968 2724/2724/1967 2702/2702/1947
f 2725/2725/1968 2703/2703/1937 2726/2726/1969
f 2725/2725/1968 2726/2726/1969 2750/2750/611
f 2706/2706/1960 2729/2729/1960 2751/2751/1959
f 2706/2706/1960 2751/2751/1959 2727/2727/1959
f 2728/2728/188 2752/2752/188 2753/2753/1960
f 2728/2728/188 2753/2753/1960 2729/2729/1960
f 2743/2743/1975 2754/2754/1975 2755/2755/198
f 2743/2743/1975 2755/2755/198 2744/2744/198
f 2731/2731/1951 2756/2756/1951 2757/2757/1980
f 2731/2731/1951 2757/2757/1980 2732/2732/1952
f 2733/2733/1952 2732/2732/1952 2758/2758/1981
f 2733/2733/1952 2758/2758/1981 2759/2759/1961
f 2760/2760/1970 2735/2735/1970 2712/2712/1961
f 2760/2760/1970 2712/2712/1961 2734/2734/1961
f 2713/2713/1962 2735/2735/1970 2761/2761/604
f 2713/2713/1962 2761/2761/604 2736/2736/1971
f 2762/2762/1982 2737/2737/1972 2738/2738/1973
f 2762/2762/1982 2738/2738/1973 2763/2763/1983
f 2764/2764/195 2739/2739/194 2715/2715/1963
f 2764/2764/195 2715/2715/1963 2737/2737/1972
f 313/313/187 312/312/192 2765/2765/192
f 313/313/187 2765/2765/192 2766/2766/187
f 2767/2767/196 2764/2764/195 2737/2737/1972
f 2767/2767/196 2737/2737/1972 2762/2762/1982
f 2768/2768/192 2767/2767/196 2762/2762/1982
f 2768/2768/192 2762/2762/1982 2769/2769/1984
f 2740/2740/187 2770/2770/187 2771/2771/202
f 2740/2740/187 2771/2771/202 2741/2741/202
f 2745/2745/198 2772/2772/202 2773/2773/1975
f 2745/2745/198 2773/2773/1975 2742/2742/1974
f 2774/2774/1985 2775/2775/1985 2743/2743/1975
f 2774/2774/1985 2743/2743/1975 2742/2742/1974
f 2776/2776/1986 2746/2746/1976 2747/2747/1977
f 2776/2776/1986 2747/2747/1977 2777/2777/1987
f 2748/2748/1978 2778/2778/1988 2747/2747/1977
f 2748/2748/1978 2747/2747/1977 2723/2723/1966
f 2749/2749/1979 2779/2779/1989 2748/2748/1978
f 2749/2749/1979 2748/2748/1978 2724/2724/1967
f 2749/2749/1979 2725/2725/1968 2750/2750/611
f 2749/2749/1979 2750/2750/611 2780/2780/1990
f 2729/2729/1960 2753/2753/1960 2781/2781/1959
f 2729/2729/1960 2781/2781/1959 2751/2751/1959
f 2752/2752/188 2782/2782/197 2783/2783/1991
f 2752/2752/188 2783/2783/1991 2753/2753/1960
f 2784/2784/199 2755/2755/198 2754/2754/1975
f 2784/2784/199 2754/2754/1975 2785/2785/1992
f 2786/2786/200 2784/2784/199 2785/2785/1992
f 2786/2786/200 2785/2785/1992 2787/2787/1993
f 2788/2788/201 2786/2786/200 2787/2787/1993
f 2788/2788/201 2787/2787/1993 2789/2789/1994
f 2782/2782/197 2788/2788/201 2789/2789/1994
f 2782/2782/197 2789/2789/1994 2783/2783/1991
f 2775/2775/1985 2790/2790/1985 2754/2754/1975
f 2775/2775/1985 2754/2754/1975 2743/2743/1975
f 2756/2756/1951 2791/2791/1995 2792/2792/1996
f 2756/2756/1951 2792/2792/1996 2757/2757/1980
f 2793/2793/1981 2758/2758/1981 2732/2732/1952
f 2793/2793/1981 2732/2732/1952 2757/2757/1980
f 2759/2759/1961 2758/2758/1981 2794/2794/1970
f 2759/2759/1961 2794/2794/1970 2795/2795/1970
f 2735/2735/1970 2760/2760/1970 2796/2796/1997
f 2735/2735/1970 2796/2796/1997 2761/2761/604
f 2769/2769/1984 2762/2762/1982 2763/2763/1983
f 2769/2769/1984 2763/2763/1983 2797/2797/1998
f 2798/2798/192 2768/2768/192 2769/2769/1984
f 2798/2798/192 2769/2769/1984 2799/2799/1984
f 2766/2766/187 2765/2765/192 2800/2800/192
f 2766/2766/187 2800/2800/192 2801/2801/187
f 2770/2770/187 2802/2802/187 2803/2803/202
f 2770/2770/187 2803/2803/202 2771/2771/202
f 2772/2772/202 2804/2804/202 2805/2805/1975
f 2772/2772/202 2805/2805/1975 2773/2773/1975
f 2742/2742/1974 2773/2773/1975 2806/2806/1985
f 2742/2742/1974 2806/2806/1985 2774/2774/1985
f 2807/2807/1999 2808/2808/2000 2809/2809/765
f 2807/2807/1999 2809/2809/765 2810/2810/765
f 2811/2811/2001 2776/2776/1986 2777/2777/1987
f 2811/2811/2001 2777/2777/1987 2812/2812/2002
f 2778/2778/1988 2813/2813/2003 2777/2777/1987
f 2778/2778/1988 2777/2777/1987 2747/2747/1977
f 2779/2779/1989 2814/2814/2004 2778/2778/1988
f 2779/2779/1989 2778/2778/1988 2748/2748/1978
f 2779/2779/1989 2749/2749/1979 2780/2780/1990
f 2779/2779/1989 2780/2780/1990 2815/2815/784
f 2753/2753/1960 2783/2783/1991 2816/2816/2005
f 2753/2753/1960 2816/2816/2005 2781/2781/1959
f 2785/2785/1992 2754/2754/1975 2790/2790/1985
f 2785/2785/1992 2790/2790/1985 2817/2817/2006
f 2787/2787/1993 2785/2785/1992 2817/2817/2006
f 2787/2787/1993 2817/2817/2006 2818/2818/2007
f 2789/2789/1994 2787/2787/1993 2818/2818/2007
f 2789/2789/1994 2818/2818/2007 2819/2819/2008
f 2783/2783/1991 2789/2789/1994 2819/2819/2008
f 2783/2783/1991 2819/2819/2008 2816/2816/2005
f 2808/2808/2000 2820/2820/2000 2821/2821/765
f 2808/2808/2000 2821/2821/765 2809/2809/765
f 2791/2791/1995 2822/2822/2009 2823/2823/2010
f 2791/2791/1995 2823/2823/2010 2792/2792/1996
f 2757/2757/1980 2792/2792/1996 2824/2824/2011
f 2757/2757/1980 2824/2824/2011 2793/2793/1981
f 2825/2825/2012 2794/2794/1970 2758/2758/1981
f 2825/2825/2012 2758/2758/1981 2793/2793/1981
f 2795/2795/1970 2794/2794/1970 2826/2826/604
f 2795/2795/1970 2826/2826/604 2827/2827/1997
f 2799/2799/1984 2769/2769/1984 2797/2797/1998
f 2799/2799/1984 2797/2797/1998 2828/2828/1998
f 2829/2829/1984 2830/2830/1984 2831/2831/192
f 2829/2829/1984 2831/2831/192 2832/2832/192
f 2801/2801/187 2800/2800/192 328/328/192
f 2801/2801/187 328/328/192 327/327/187
f 2802/2802/187 327/327/187 326/326/202
f 2802/2802/187 326/326/202 2803/2803/202
f 2804/2804/202 2833/2833/202 2834/2834/1974
f 2804/2804/202 2834/2834/1974 2805/2805/1975
f 2773/2773/1975 2805/2805/1975 2835/2835/1985
f 2773/2773/1975 2835/2835/1985 2806/2806/1985
f 2836/2836/1999 2807/2807/1999 2810/2810/765
f 2836/2836/1999 2810/2810/765 2837/2837/765
f 2838/2838/2013 2839/2839/2014 2808/2808/2000
f 2838/2838/2013 2808/2808/2000 2807/2807/1999
f 2840/2840/2015 2811/2811/2001 2812/2812/2002
f 2840/2840/2015 2812/2812/2002 2841/2841/2002
f 2813/2813/2003 2842/2842/2014 2812/2812/2002
f 2813/2813/2003 2812/2812/2002 2777/2777/1987
f 2814/2814/2004 2843/2843/2016 2813/2813/2003
f 2814/2814/2004 2813/2813/2003 2778/2778/1988
f 2814/2814/2004 2779/2779/1989 2815/2815/784
f 2814/2814/2004 2815/2815/784 2844/2844/2017
f 2820/2820/2000 2843/2843/2016 2845/2845/2018
f 2820/2820/2000 2845/2845/2018 2821/2821/765
f 2843/2843/2016 2814/2814/2004 2844/2844/2017
f 2843/2843/2016 2844/2844/2017 2845/2845/2018
f 2839/2839/2014 2842/2842/2014 2820/2820/2000
f 2839/2839/2014 2820/2820/2000 2808/2808/2000
f 2822/2822/2009 2846/2846/2019 2847/2847/2020
f 2822/2822/2009 2847/2847/2020 2823/2823/2010
f 2848/2848/2021 2824/2824/2011 2792/2792/1996
f 2848/2848/2021 2792/2792/1996 2823/2823/2010
f 2793/2793/1981 2824/2824/2011 2849/2849/2022
f 2793/2793/1981 2849/2849/2022 2825/2825/2012
f 2794/2794/1970 2825/2825/2012 2850/2850/604
f 2794/2794/1970 2850/2850/604 2826/2826/604
f 2851/2851/1998 2852/2852/1998 2830/2830/1984
f 2851/2851/1998 2830/2830/1984 2829/2829/1984
f 2853/2853/192 2831/2831/192 2830/2830/1984
f 2853/2853/192 2830/2830/1984 2854/2854/2023
f 2855/2855/1974 2834/2834/1974 2833/2833/202
f 2855/2855/1974 2833/2833/202 2856/2856/202
f 2805/2805/1975 2834/2834/1974 2857/2857/1985
f 2805/2805/1975 2857/2857/1985 2835/2835/1985
f 2858/2858/1999 2836/2836/1999 2837/2837/765
f 2858/2858/1999 2837/2837/765 2859/2859/765
f 2807/2807/1999 2836/2836/1999 2860/2860/2024
f 2807/2807/1999 2860/2860/2024 2838/2838/2013
f 2861/2861/2002 2841/2841/2002 2839/2839/2014
f 2861/2861/2002 2839/2839/2014 2838/2838/2013
f 2862/2862/2015 2840/2840/2015 2841/2841/2002
f 2862/2862/2015 2841/2841/2002 2861/2861/2002
f 2841/2841/2002 2812/2812/2002 2842/2842/2014
f 2841/2841/2002 2842/2842/2014 2839/2839/2014
f 2843/2843/2016 2820/2820/2000 2842/2842/2014
f 2843/2843/2016 2842/2842/2014 2813/2813/2003
f 2846/2846/2019 2863/2863/2025 2864/2864/2026
f 2846/2846/2019 2864/2864/2026 2847/2847/2020
f 2865/2865/2027 2848/2848/2021 2823/2823/2010
f 2865/2865/2027 2823/2823/2010 2847/2847/2020
f 2866/2866/2028 2849/2849/2022 2824/2824/2011
f 2866/2866/2028 2824/2824/2011 2848/2848/2021
f 2825/2825/2012 2849/2849/2022 2867/2867/2029
f 2825/2825/2012 2867/2867/2029 2850/2850/604
f 2854/2854/2023 2830/2830/1984 2852/2852/1998
f 2854/2854/2023 2852/2852/1998 2868/2868/1998
f 2854/2854/2023 2869/2869/2030 2870/2870/203
f 2854/2854/2023 2870/2870/203 2853/2853/192
f 2871/2871/204 2870/2870/203 2869/2869/2030
f 2871/2871/204 2869/2869/2030 2872/2872/2031
f 2873/2873/205 2871/2871/204 2872/2872/2031
f 2873/2873/205 2872/2872/2031 2874/2874/2032
f 2875/2875/206 2873/2873/205 2874/2874/2032
f 2875/2875/206 2874/2874/2032 2876/2876/2033
f 2856/2856/202 2875/2875/206 2876/2876/2033
f 2856/2856/202 2876/2876/2033 2855/2855/1974
f 2877/2877/2034 2857/2857/1985 2834/2834/1974
f 2877/2877/2034 2834/2834/1974 2855/2855/1974
f 2878/2878/2035 2858/2858/1999 2859/2859/765
f 2878/2878/2035 2859/2859/765 2879/2879/765
f 2836/2836/1999 2858/2858/1999 2880/2880/2024
f 2836/2836/1999 2880/2880/2024 2860/2860/2024
f 2838/2838/2013 2860/2860/2024 2881/2881/2002
f 2838/2838/2013 2881/2881/2002 2861/2861/2002
f 2882/2882/2015 2862/2862/2015 2861/2861/2002
f 2882/2882/2015 2861/2861/2002 2881/2881/2002
f 2863/2863/2025 2883/2883/2001 2884/2884/2036
f 2863/2863/2025 2884/2884/2036 2864/2864/2026
f 2885/2885/2037 2865/2865/2027 2847/2847/2020
f 2885/2885/2037 2847/2847/2020 2864/2864/2026
f 2886/2886/2038 2866/2866/2028 2848/2848/2021
f 2886/2886/2038 2848/2848/2021 2865/2865/2027
f 2849/2849/2022 2866/2866/2028 2887/2887/782
f 2849/2849/2022 2887/2887/782 2867/2867/2029
f 2868/2868/1998 2888/2888/2039 2869/2869/2030
f 2868/2868/1998 2869/2869/2030 2854/2854/2023
f 2872/2872/2031 2869/2869/2030 2888/2888/2039
f 2872/2872/2031 2888/2888/2039 2889/2889/2040
f 2874/2874/2032 2872/2872/2031 2889/2889/2040
f 2874/2874/2032 2889/2889/2040 2890/2890/2041
f 2876/2876/2033 2874/2874/2032 2890/2890/2041
f 2876/2876/2033 2890/2890/2041 2891/2891/2042
f 2855/2855/1974 2876/2876/2033 2891/2891/2042
f 2855/2855/1974 2891/2891/2042 2877/2877/2034
f 2892/2892/2035 2878/2878/2035 2879/2879/765
f 2892/2892/2035 2879/2879/765 2893/2893/765
f 2858/2858/1999 2878/2878/2035 2894/2894/2024
f 2858/2858/1999 2894/2894/2024 2880/2880/2024
f 2860/2860/2024 2880/2880/2024 2895/2895/2036
f 2860/2860/2024 2895/2895/2036 2881/2881/2002
f 2896/2896/2001 2882/2882/2015 2881/2881/2002
f 2896/2896/2001 2881/2881/2002 2895/2895/2036
f 2883/2883/2001 2897/2897/2001 2898/2898/2036
f 2883/2883/2001 2898/2898/2036 2884/2884/2036
f 2899/2899/2024 2885/2885/2037 2864/2864/2026
f 2899/2899/2024 2864/2864/2026 2884/2884/2036
f 2900/2900/2043 2886/2886/2038 2865/2865/2027
f 2900/2900/2043 2865/2865/2027 2885/2885/2037
f 2866/2866/2028 2886/2886/2038 2901/2901/2044
f 2866/2866/2028 2901/2901/2044 2887/2887/782
f 2886/2886/2038 2900/2900/2043 2902/2902/2045
f 2886/2886/2038 2902/2902/2045 2901/2901/2044
f 2900/2900/2043 2892/2892/2035 2893/2893/765
f 2900/2900/2043 2893/2893/765 2902/2902/2045
f 2899/2899/2024 2894/2894/2024 2878/2878/2035
f 2899/2899/2024 2878/2878/2035 2892/2892/2035
f 2880/2880/2024 2894/2894/2024 2898/2898/2036
f 2880/2880/2024 2898/2898/2036 2895/2895/2036
f 2897/2897/2001 2896/2896/2001 2895/2895/2036
f 2897/2897/2001 2895/2895/2036 2898/2898/2036
f 2884/2884/2036 2898/2898/2036 2894/2894/2024
f 2884/2884/2036 2894/2894/2024 2899/2899/2024
f 2892/2892/2035 2900/2900/2043 2885/2885/2037
f 2892/2892/2035 2885/2885/2037 2899/2899/2024
f 2879/2879/765 2859/2859/765 2835/2835/1985
f 2879/2879/765 2835/2835/1985 2857/2857/1985
f 2694/2694/64 2714/2714/776 2738/2738/1973
f 2694/2694/64 2738/2738/1973 2716/2716/1964
f 2633/2633/773 2653/2653/773 2672/2672/1911
f 2633/2633/773 2672/2672/1911 2654/2654/1911
f 2653/2653/773 2671/2671/1945 2695/2695/1955
f 2653/2653/773 2695/2695/1955 2672/2672/1911
f 2616/2616/773 2633/2633/773 2654/2654/1911
f 2616/2616/773 2654/2654/1911 2635/2635/1911
f 2810/2810/765 2809/2809/765 2775/2775/1985
f 2810/2810/765 2775/2775/1985 2774/2774/1985
f 2726/2726/1969 2704/2704/611 2727/2727/1959
f 2726/2726/1969 2727/2727/1959 2751/2751/1959
f 2595/2595/773 2590/2590/773 2603/2603/1910
f 2595/2595/773 2603/2603/1910 2610/2610/1911
f 2780/2780/1990 2750/2750/611 2781/2781/1959
f 2780/2780/1990 2781/2781/1959 2816/2816/2005
f 2704/2704/611 2681/2681/611 2705/2705/1959
f 2704/2704/611 2705/2705/1959 2727/2727/1959
f 2850/2850/604 2867/2867/2029 2888/2888/2039
f 2850/2850/604 2888/2888/2039 2868/2868/1998
f 2902/2902/2045 2893/2893/765 2877/2877/2034
f 2902/2902/2045 2877/2877/2034 2891/2891/2042
f 2663/2663/1938 2645/2645/768 2665/2665/1940
f 2663/2663/1938 2665/2665/1940 2683/2683/1949
f 2761/2761/604 2796/2796/1997 2828/2828/1998
f 2761/2761/604 2828/2828/1998 2797/2797/1998
f 2815/2815/784 2780/2780/1990 2816/2816/2005
f 2815/2815/784 2816/2816/2005 2819/2819/2008
f 2809/2809/765 2821/2821/765 2790/2790/1985
f 2809/2809/765 2790/2790/1985 2775/2775/1985
f 2845/2845/2018 2844/2844/2017 2818/2818/2007
f 2845/2845/2018 2818/2818/2007 2817/2817/2006
f 2681/2681/611 2663/2663/1938 2683/2683/1949
f 2681/2681/611 2683/2683/1949 2705/2705/1959
f 2589/2589/773 2600/2600/773 2618/2618/1911
f 2589/2589/773 2618/2618/1911 2604/2604/1911
f 2736/2736/1971 2761/2761/604 2797/2797/1998
f 2736/2736/1971 2797/2797/1998 2763/2763/1983
f 2901/2901/2044 2902/2902/2045 2891/2891/2042
f 2901/2901/2044 2891/2891/2042 2890/2890/2041
f 2887/2887/782 2901/2901/2044 2890/2890/2041
f 2887/2887/782 2890/2890/2041 2889/2889/2040
f 2837/2837/765 2810/2810/765 2774/2774/1985
f 2837/2837/765 2774/2774/1985 2806/2806/1985
f 2821/2821/765 2845/2845/2018 2817/2817/2006
f 2821/2821/765 2817/2817/2006 2790/2790/1985
f 2826/2826/604 2850/2850/604 2868/2868/1998
f 2826/2826/604 2868/2868/1998 2852/2852/1998
f 2859/2859/765 2837/2837/765 2806/2806/1985
f 2859/2859/765 2806/2806/1985 2835/2835/1985
f 2609/2609/1916 2595/2595/773 2610/2610/1911
f 2609/2609/1916 2610/2610/1911 2627/2627/1925
f 2867/2867/2029 2887/2887/782 2889/2889/2040
f 2867/2867/2029 2889/2889/2040 2888/2888/2039
f 2645/2645/768 2625/2625/57 2647/2647/1932
f 2645/2645/768 2647/2647/1932 2665/2665/1940
f 2827/2827/1997 2826/2826/604 2852/2852/1998
f 2827/2827/1997 2852/2852/1998 2851/2851/1998
f 2893/2893/765 2879/2879/765 2857/2857/1985
f 2893/2893/765 2857/2857/1985 2877/2877/2034
f 2750/2750/611 2726/2726/1969 2751/2751/1959
f 2750/2750/611 2751/2751/1959 2781/2781/1959
f 2714/2714/776 2736/2736/1971 2763/2763/1983
f 2714/2714/776 2763/2763/1983 2738/2738/1973
f 2844/2844/2017 2815/2815/784 2819/2819/2008
f 2844/2844/2017 2819/2819/2008 2818/2818/2007
f 2590/2590/773 2589/2589/773 2604/2604/1911
f 2590/2590/773 2604/2604/1911 2603/2603/1910
f 2625/2625/57 2609/2609/1916 2627/2627/1925
f 2625/2625/57 2627/2627/1925 2647/2647/1932
f 2671/2671/1945 2694/2694/64 2716/2716/1964
f 2671/2671/1945 2716/2716/1964 2695/2695/1955
f 2600/2600/773 2616/2616/773 2635/2635/1911
f 2600/2600/773 2635/2635/1911 2618/2618/1911
f 2903/2903/861 2904/2904/732 2905/2905/744
f 2903/2903/861 2905/2905/744 2906/2906/863
f 2903/2903/861 2907/2907/859 2908/2908/680
f 2903/2903/861 2908/2908/680 2904/2904/732
f 351/351/10 358/358/224 2909/2909/2046
f 351/351/10 2909/2909/2046 2910/2910/741
f 348/348/216 352/352/9 2911/2911/743
f 348/348/216 2911/2911/743 2912/2912/856
f 2912/2912/856 2911/2911/743 2913/2913/740
f 2912/2912/856 2913/2913/740 2914/2914/854
f 2914/2914/854 2913/2913/740 2915/2915/739
f 2914/2914/854 2915/2915/739 2916/2916/852
f 2916/2916/852 2915/2915/739 2917/2917/717
f 2916/2916/852 2917/2917/717 2918/2918/847
f 2919/2919/844 2920/2920/742 2921/2921/701
f 2919/2919/844 2921/2921/701 2922/2922/848
f 2923/2923/842 2924/2924/748 2920/2920/742
f 2923/2923/842 2920/2920/742 2919/2919/844
f 2925/2925/840 2926/2926/731 2924/2924/748
f 2925/2925/840 2924/2924/748 2923/2923/842
f 2927/2927/837 2928/2928/716 2926/2926/731
f 2927/2927/837 2926/2926/731 2925/2925/840
f 2929/2929/835 2930/2930/716 2928/2928/716
f 2929/2929/835 2928/2928/716 2927/2927/837
f 2931/2931/835 2932/2932/835 2933/2933/716
f 2931/2931/835 2933/2933/716 2934/2934/716
f 2931/2931/835 2934/2934/716 2930/2930/716
f 2931/2931/835 2930/2930/716 2929/2929/835
f 341/341/19 361/361/227 2935/2935/2047
f 341/341/19 2935/2935/2047 2936/2936/733
f 2935/2935/2047 362/362/228 344/344/48
f 2935/2935/2047 344/344/48 2936/2936/733
f 2937/2937/758 2938/2938/749 2939/2939/1544
f 2937/2937/758 2939/2939/1544 2940/2940/1549
f 2917/2917/717 2941/2941/716 2942/2942/835
f 2917/2917/717 2942/2942/835 2918/2918/847
f 2943/2943/18 2908/2908/680 2907/2907/859
f 2943/2943/18 2907/2907/859 2944/2944/210
f 2941/2941/716 2945/2945/716 2946/2946/835
f 2941/2941/716 2946/2946/835 2942/2942/835
f 2947/2947/734 2948/2948/734 2949/2949/1550
f 2947/2947/734 2949/2949/1550 2950/2950/1550
f 2951/2951/737 2952/2952/754 2953/2953/1552
f 2951/2951/737 2953/2953/1552 2954/2954/1554
f 2945/2945/716 2955/2955/716 2956/2956/835
f 2945/2945/716 2956/2956/835 2946/2946/835
f 2921/2921/701 343/343/49 347/347/215
f 2921/2921/701 347/347/215 2922/2922/848
f 2955/2955/716 2933/2933/716 2932/2932/835
f 2955/2955/716 2932/2932/835 2956/2956/835
f 2957/2957/734 2947/2947/734 2950/2950/1550
f 2957/2957/734 2950/2950/1550 2958/2958/1550
f 2959/2959/745 2957/2957/734 2958/2958/1550
f 2959/2959/745 2958/2958/1550 2960/2960/1545
f 2952/2952/754 2937/2937/758 2940/2940/1549
f 2952/2952/754 2940/2940/1549 2953/2953/1552
f 2961/2961/1891 2962/2962/734 2963/2963/734
f 2961/2961/1891 2963/2963/734 2964/2964/1550
f 2965/2965/1550 2966/2966/734 2962/2962/734
f 2965/2965/1550 2962/2962/734 2961/2961/1891
f 2964/2964/1550 2963/2963/734 2967/2967/734
f 2964/2964/1550 2967/2967/734 2968/2968/1550
f 2965/2965/1550 2949/2949/1550 2948/2948/734
f 2965/2965/1550 2948/2948/734 2966/2966/734
f 2968/2968/1550 2967/2967/734 2951/2951/737
f 2968/2968/1550 2951/2951/737 2954/2954/1554
f 2969/2969/866 2970/2970/746 2959/2959/745
f 2969/2969/866 2959/2959/745 2960/2960/1545
f 2971/2971/865 2939/2939/1544 2938/2938/749
f 2971/2971/865 2938/2938/749 2972/2972/736
f 2906/2906/863 2905/2905/744 2970/2970/746
f 2906/2906/863 2970/2970/746 2969/2969/866
f 2971/2971/865 2972/2972/736 2973/2973/47
f 2971/2971/865 2973/2973/47 2974/2974/209
f 2909/2909/2046 353/353/219 334/334/46
f 2909/2909/2046 334/334/46 2910/2910/741
# Vertices: 2974, normals: 2047, texture coordinates: 2974, faces: 4786

