# File generated by ImageToStl.com - Free Image and 3D model conversion tools

mtllib book_shelf.mtl

o obj1
v 0.00268694 0.06366329 0.01797219
v 0.00843376 0.06580076 0.01544729
v 0.00037867 0.06596329 0.01898634
v -0.01019329 0.06596329 -0.00101738
v -0.01019329 0.06870182 -0.00101738
v -0.00052215 0.06853928 -0.00526644
v 0.02351417 0.06366329 0.00882162
v 0.02582244 0.06596329 0.00780747
v 0.01776735 0.06580076 0.01134652
v 0.01823986 0.06596329 -0.01350964
v 0.00856873 0.06853928 -0.00926057
v 0.01823986 0.06870182 -0.01350964
v 0.00058121 0.00443049 0.01889735
v -0.0079924 0.00443049 -0.00061671
v -0.01141292 0.00443049 -0.00148305
v -0.00109434 0.00443049 0.02200267
v -0.01181628 0.00344448 -0.00158521
v -0.00129193 0.00344448 0.02236886
v -0.00177291 0.00275334 0.02326027
v -0.01279817 0.00275334 -0.00183389
v -0.0134044 -0.00014048 -0.00275216
v -0.00150663 -0.00014048 0.02432789
v -0.0079924 0.02566029 -0.00061671
v 0.00058121 0.02566029 0.01889735
v 0.00058121 0.04472523 0.01889735
v -0.00773522 0.04472523 -3.135E-05
v -0.0079924 0.00443049 -0.00061671
v 0.00058121 0.00443049 0.01889735
v 0.00058121 0.02566029 0.01889735
v 0.00058121 0.00443049 0.01889735
v 0.00268694 0.00673049 0.01797219
v 0.00268694 0.02336028 0.01797219
v 0.00268694 0.04472523 0.01797219
v 0.00058121 0.04472523 0.01889735
v 0.00268694 0.02796029 0.01797219
v 0.00268694 0.04472523 0.01797219
v 0.00268694 0.02796029 0.01797219
v -0.00462865 0.02796029 0.00132146
v -0.00462865 0.04472523 0.00132146
v -0.00819494 0.06596329 -0.00052772
v 0.00037867 0.06596329 0.01898634
v -0.00061236 0.06596329 0.02078939
v -0.01019329 0.06596329 -0.00101738
v -0.01019329 0.06596329 -0.00101738
v -0.00061236 0.06596329 0.02078939
v -0.00061236 0.06870182 0.02078939
v -0.01019329 0.06870182 -0.00101738
v -0.00148274 0.07041828 0.0223729
v -0.01194832 0.07041828 -0.0014474
v -0.00148274 0.07278438 0.0223729
v -0.01194832 0.07278438 -0.0014474
v 0.00323021 0.00695431 0.01844752
v 0.00323021 0.02313645 0.01844752
v 0.00037867 0.06596329 0.01898634
v -0.00819494 0.06596329 -0.00052772
v 0.00268694 0.06366329 0.01797219
v -0.00462865 0.06366329 0.00132146
v 0.00843376 0.06580076 0.01544729
v 0.00897376 0.06580076 0.01657767
v -0.00061236 0.06870182 0.02078939
v -0.00061236 0.06596329 0.02078939
v 0.00897376 0.06580076 0.01657767
v 0.00903182 0.06853928 0.01655216
v -0.00148274 0.07041828 0.0223729
v 0.00892946 0.07025575 0.01779825
v -0.00148274 0.07278438 0.0223729
v 0.00747974 0.07262185 0.01843519
v -0.01194832 0.07278438 -0.0014474
v -0.00148274 0.07278438 0.0223729
v 0.00747974 0.07262185 0.01843519
v -0.00046119 0.07262185 -0.00649434
v -0.01194832 0.07041828 -0.0014474
v -0.01194832 0.07278438 -0.0014474
v -0.00046119 0.07262185 -0.00649434
v -0.00066012 0.07025575 -0.00640694
v 0.01404654 0.07033701 0.01555003
v 0.01404654 0.07270311 0.01555003
v 0.01360421 0.06862055 0.01454325
v 0.01360421 0.06588202 0.01454325
v 0.01310056 0.06588202 0.0133969
v 0.01360421 0.06588202 0.01454325
v 0.01310056 0.06366329 0.0133969
v 0.01310056 0.06588202 0.0133969
v 0.00578497 0.06366329 -0.00325382
v 0.01310056 0.06366329 0.0133969
v 0.00268694 0.06366329 0.01797219
v -0.00462865 0.06366329 0.00132146
v -0.00462865 0.06366329 0.00132146
v -0.00462865 0.04472523 0.00132146
v 0.00578497 0.04472523 -0.00325382
v 0.00578497 0.06366329 -0.00325382
v -0.00462865 0.02796029 0.00132146
v 0.00578497 0.02796029 -0.00325382
v 0.00268694 0.02796029 0.01797219
v 0.01310056 0.02796029 0.0133969
v 0.00578497 0.02796029 -0.00325382
v -0.00462865 0.02796029 0.00132146
v 0.01310056 0.02566029 0.0133969
v 0.01310056 0.02796029 0.0133969
v 0.01310056 0.02336028 0.0133969
v 0.01336351 0.02313645 0.01399539
v 0.01336351 0.00712391 0.01399539
v 0.01310056 0.00690008 0.0133969
v 0.01310056 0.00443049 0.0133969
v 0.01397304 0.00443049 0.01538273
v 0.01310056 0.00443049 0.0133969
v 0.00058121 0.00443049 0.01889735
v -0.00109434 0.00443049 0.02200267
v 0.01407593 0.00344448 0.01561691
v -0.00129193 0.00344448 0.02236886
v 0.01432638 0.00275334 0.01618695
v -0.00177291 0.00275334 0.02326027
v 0.01476264 -0.00014048 0.0171799
v -0.00150663 -0.00014048 0.02432789
v -0.01279817 0.00275334 -0.00183389
v 0.00330112 0.00275334 -0.00890721
v 0.00286486 -0.00014048 -0.00990015
v -0.0134044 -0.00014048 -0.00275216
v -0.01181628 0.00344448 -0.00158521
v 0.00355157 0.00344448 -0.00833716
v -0.01141292 0.00443049 -0.00148305
v 0.00365446 0.00443049 -0.00810298
v -0.0079924 0.00443049 -0.00061671
v 0.00452694 0.00443049 -0.00611716
v 0.00467334 0.02566029 -0.00578395
v 0.00452694 0.00443049 -0.00611716
v -0.0079924 0.00443049 -0.00061671
v -0.0079924 0.02566029 -0.00061671
v 0.00465553 0.04472523 -0.00582448
v -0.00773522 0.04472523 -3.135E-05
v 0.00452694 0.06596329 -0.00611716
v -0.00819494 0.06596329 -0.00052772
v 0.00402329 0.06596329 -0.00726351
v 0.00452694 0.06596329 -0.00611716
v 0.00402329 0.06862055 -0.00726351
v 0.00402329 0.06596329 -0.00726351
v 0.00358096 0.07033701 -0.00827028
v 0.00358096 0.07270311 -0.00827028
v 0.01404654 0.07270311 0.01555003
v 0.00358096 0.07270311 -0.00827028
v 0.0256199 0.00443049 0.00789646
v 0.02904042 0.00443049 0.00876279
v 0.01872184 0.00443049 -0.01472292
v 0.01704629 0.00443049 -0.0116176
v 0.02944378 0.00344448 0.00886495
v 0.01891943 0.00344448 -0.01508911
v 0.03042567 0.00275334 0.00911364
v 0.0310319 -0.00014048 0.0100319
v 0.01913413 -0.00014048 -0.01704814
v 0.01940041 0.00275334 -0.01598052
v 0.01704629 0.02566029 -0.0116176
v 0.01730347 0.04472523 -0.01103224
v 0.0256199 0.04472523 0.00789646
v 0.0256199 0.02566029 0.00789646
v 0.01704629 0.00443049 -0.0116176
v 0.0256199 0.00443049 0.00789646
v 0.0256199 0.02566029 0.00789646
v 0.02351417 0.02336028 0.00882162
v 0.02351417 0.00673049 0.00882162
v 0.0256199 0.00443049 0.00789646
v 0.02351417 0.04472523 0.00882162
v 0.02351417 0.02796029 0.00882162
v 0.0256199 0.04472523 0.00789646
v 0.02351417 0.04472523 0.00882162
v 0.01619859 0.04472523 -0.0078291
v 0.01619859 0.02796029 -0.0078291
v 0.02351417 0.02796029 0.00882162
v 0.01724883 0.06596329 -0.01170659
v 0.01823986 0.06596329 -0.01350964
v 0.02782079 0.06596329 0.00829712
v 0.02582244 0.06596329 0.00780747
v 0.01823986 0.06596329 -0.01350964
v 0.01823986 0.06870182 -0.01350964
v 0.02782079 0.06870182 0.00829712
v 0.02782079 0.06596329 0.00829712
v 0.01911024 0.07041828 -0.01509316
v 0.02957582 0.07041828 0.00872715
v 0.01911024 0.07278438 -0.01509316
v 0.02957582 0.07278438 0.00872715
v 0.02349681 0.02313645 0.00954327
v 0.02349681 0.00695431 0.00954327
v 0.01724883 0.06596329 -0.01170659
v 0.02582244 0.06596329 0.00780747
v 0.02351417 0.06366329 0.00882162
v 0.01619859 0.06366329 -0.0078291
v 0.01823467 0.06580076 0.01250884
v 0.01776735 0.06580076 0.01134652
v 0.02782079 0.06870182 0.00829712
v 0.01817661 0.06853928 0.01253435
v 0.01823467 0.06580076 0.01250884
v 0.02782079 0.06596329 0.00829712
v 0.02957582 0.07041828 0.00872715
v 0.01916363 0.07025575 0.01330181
v 0.02957582 0.07278438 0.00872715
v 0.02061335 0.07262185 0.01266487
v 0.01911024 0.07278438 -0.01509316
v 0.0076231 0.07262185 -0.01004622
v 0.02061335 0.07262185 0.01266487
v 0.02957582 0.07278438 0.00872715
v 0.01911024 0.07041828 -0.01509316
v 0.00782203 0.07025575 -0.01013362
v 0.0076231 0.07262185 -0.01004622
v 0.01911024 0.07278438 -0.01509316
v 0.01619859 0.06366329 -0.0078291
v 0.02351417 0.06366329 0.00882162
v 0.01619859 0.06366329 -0.0078291
v 0.01619859 0.04472523 -0.0078291
v 0.01619859 0.02796029 -0.0078291
v 0.02351417 0.02796029 0.00882162
v 0.01619859 0.02796029 -0.0078291
v 0.02904042 0.00443049 0.00876279
v 0.0256199 0.00443049 0.00789646
v 0.02944378 0.00344448 0.00886495
v 0.03042567 0.00275334 0.00911364
v 0.0310319 -0.00014048 0.0100319
v 0.01940041 0.00275334 -0.01598052
v 0.01913413 -0.00014048 -0.01704814
v 0.01891943 0.00344448 -0.01508911
v 0.01872184 0.00443049 -0.01472292
v 0.01704629 0.00443049 -0.0116176
v 0.01704629 0.02566029 -0.0116176
v 0.01704629 0.00443049 -0.0116176
v 0.01730347 0.04472523 -0.01103224
v 0.01724883 0.06596329 -0.01170659
vn 0.13426 -0.67814 -0.72257
vn 0.68191 -0.73143 0.00269
vn 0.05823 -0.26267 0.96313
vn -0.154 -0.54667 0.82307
vn -0.19541 -0.63598 0.74655
vn -0.90845 -0.418 0.00173
vn 0.13426 -0.67814 0.72257
vn 0.05823 -0.26267 -0.96313
vn 0.68191 -0.73143 -0.00269
vn -0.154 -0.54667 -0.82307
vn -0.90845 -0.418 -0.00173
vn -0.19541 -0.63598 -0.74655
vn 0.05909 0.45198 0.89007
vn -0.40829 0.42169 0.80961
vn -0.15038 0.94177 0.30075
vn 0.15038 0.94177 0.30075
vn -0.22466 0.86466 0.44933
vn 0.22466 0.86466 0.44933
vn 0.30887 0.46303 0.83078
vn -0.30887 0.46303 0.83078
vn -0.5395 0.47509 0.69515
vn 0.5395 0.47509 0.69515
vn -0.45865 0.01094 0.88855
vn 0.0683 0 0.99766
vn 0.08261 -0.00855 0.99655
vn -0.44026 -0.01183 0.89779
vn 0.98947 -0.09885 0.10573
vn 0.98903 0.10045 0.10828
vn 0.10681 0 -0.99428
vn 0.17829 0.71579 -0.67517
vn 0.31718 0.68988 -0.65074
vn 0.43815 0 -0.8989
vn -0.44351 -0.28796 0.84875
vn 0.28475 -0.48583 0.82637
vn 0.25256 -0.62333 0.74005
vn 0.27648 -0.4276 0.86065
vn -0.31167 -0.4266 0.84904
vn 0.04247 0.99123 0.12516
vn -0.04944 0.99091 0.12512
vn 0.99216 -0.09598 0.08007
vn 0.99219 0.09531 0.08051
vn 0.33489 -0.64482 -0.68707
vn 0.75617 -0.65437 0.00221
vn 0.89937 -0.4372 0.00058
vn 0.85907 -0.51184 0.00247
vn 0.05046 0.99872 -0.00349
vn -0.0443 0.99901 -0.00262
vn -0.89364 -0.44878 0.00098
vn 0.90227 -0.43117 0
vn 0.0495 0.99877 0
vn 0.88958 -0.45678 0
vn 0.73579 -0.67721 0
vn 0.81137 -0.58453 0
vn 0.0429 -0.99908 0
vn 0.46091 -0.88745 0
vn 1 0 0
vn 0.41773 0.90857 0
vn 0.06929 0.9976 0
vn 1 0 0
vn 0.90516 0.42508 0
vn 0.9967 0.08113 0
vn 0.99675 -0.08057 0
vn 0.90885 -0.41712 0
vn 0.41367 0.91042 0
vn 0.21611 0.97637 0
vn 0.68604 0.72757 0
vn 0.72493 0.68882 0
vn 0.79945 0.60073 0
vn -0.72493 0.68882 0
vn -0.79945 0.60073 0
vn -0.68604 0.72757 0
vn -0.21611 0.97637 0
vn -0.97175 0.23602 0
vn -0.99972 0.02386 0
vn -0.99996 -0.00928 -0
vn -0.9856 -0.16907 0
vn -0.58437 -0.81149 0
vn -0.95614 -0.29292 -0
vn -0.87414 -0.48568 -0
vn -0.03547 0.99937 0
vn 0.05909 0.45198 -0.89007
vn 0.15038 0.94177 -0.30075
vn -0.15038 0.94177 -0.30075
vn -0.40829 0.42169 -0.80961
vn 0.22466 0.86466 -0.44933
vn -0.22466 0.86466 -0.44933
vn 0.30887 0.46303 -0.83078
vn 0.5395 0.47509 -0.69515
vn -0.5395 0.47509 -0.69515
vn -0.30887 0.46303 -0.83078
vn -0.45865 0.01094 -0.88855
vn -0.44026 -0.01183 -0.89779
vn 0.08261 -0.00855 -0.99655
vn 0.0683 0 -0.99766
vn 0.98903 0.10045 -0.10828
vn 0.98947 -0.09885 -0.10573
vn 0.10681 0 0.99428
vn 0.17829 0.71579 0.67517
vn 0.43815 0 0.8989
vn 0.31718 0.68988 0.65074
vn -0.44351 -0.28796 -0.84875
vn 0.28475 -0.48583 -0.82637
vn 0.25256 -0.62333 -0.74005
vn -0.31167 -0.4266 -0.84904
vn 0.27648 -0.4276 -0.86065
vn -0.04944 0.99091 -0.12512
vn 0.04247 0.99123 -0.12516
vn 0.99219 0.09531 -0.08051
vn 0.99216 -0.09598 -0.08007
vn 0.33489 -0.64482 0.68707
vn 0.75617 -0.65437 -0.00221
vn 0.89937 -0.4372 -0.00058
vn 0.85907 -0.51184 -0.00247
vn 0.05046 0.99872 0.00349
vn -0.0443 0.99901 0.00262
vn -0.89364 -0.44878 -0.00098
vt 0.49175 0.66643
vt 0.52648 0.6546
vt 0.4778 0.6537
vt 0.39432 0.13087
vt 0.39432 0.11566
vt 0.33564 0.11656
vt 0.61761 0.66643
vt 0.63156 0.6537
vt 0.58288 0.6546
vt 0.2218 0.13087
vt 0.28048 0.11656
vt 0.2218 0.11566
vt 0.15524 0.08444
vt 0.03012 0.08444
vt 0.01738 0.09621
vt 0.16798 0.09621
vt 0.01588 0.102
vt 0.16948 0.102
vt 0.17313 0.10606
vt 0.01223 0.10606
vt 0.00586 0.12304
vt 0.1795 0.12304
vt 0.00586 0.49524
vt 0.12151 0.49524
vt 0.12151 0.39179
vt 0.00933 0.39179
vt 0.00586 0.61043
vt 0.12151 0.61043
vt 0.47903 0.87668
vt 0.47903 0.99414
vt 0.49175 0.98142
vt 0.49175 0.88941
vt 0.49175 0.7712
vt 0.47903 0.7712
vt 0.49175 0.86396
vt 0.62178 0.35687
vt 0.62178 0.44784
vt 0.72047 0.44784
vt 0.72047 0.35687
vt 0.37628 0.41142
vt 0.26062 0.41142
vt 0.25383 0.42028
vt 0.38307 0.42028
vt 0.42 0.12208
vt 0.55409 0.12208
vt 0.55409 0.10666
vt 0.42 0.10666
vt 0.56028 0.097
vt 0.41381 0.097
vt 0.56028 0.08368
vt 0.41381 0.08368
vt 0.49344 0.98018
vt 0.49344 0.89065
vt 0.12151 0.27655
vt 0.00586 0.27655
vt 0.62178 0.25411
vt 0.72047 0.25411
vt 0.26062 0.36368
vt 0.25383 0.36347
vt 0.54576 0.15082
vt 0.54576 0.16603
vt 0.60391 0.16693
vt 0.60426 0.15172
vt 0.53779 0.14129
vt 0.60095 0.14219
vt 0.53779 0.12815
vt 0.59216 0.12905
vt 0.25383 0.61043
vt 0.39501 0.61043
vt 0.39501 0.55731
vt 0.25383 0.54235
vt 0.40229 0.10613
vt 0.40229 0.09298
vt 0.33259 0.09388
vt 0.33379 0.10703
vt 0.632 0.14174
vt 0.632 0.1286
vt 0.632 0.15127
vt 0.632 0.16648
vt 0.26062 0.33602
vt 0.25383 0.33602
vt 0.55468 0.66643
vt 0.55468 0.65415
vt 0.60048 0.79617
vt 0.5018 0.79617
vt 0.5018 0.85789
vt 0.60048 0.85789
vt 0.62178 0.45391
vt 0.62178 0.55666
vt 0.6835 0.55666
vt 0.6835 0.45391
vt 0.62178 0.64763
vt 0.6835 0.64763
vt 0.60448 0.30765
vt 0.60448 0.24593
vt 0.5058 0.24593
vt 0.5058 0.30765
vt 0.55468 0.87668
vt 0.55468 0.86396
vt 0.55468 0.88941
vt 0.55468 0.89065
vt 0.55468 0.97924
vt 0.55468 0.98048
vt 0.55468 0.99414
vt 0.11122 0.13748
vt 0.11122 0.12911
vt 0.03014 0.12911
vt 0.01364 0.13748
vt 0.11122 0.14333
vt 0.0117 0.14333
vt 0.11122 0.14743
vt 0.00696 0.14743
vt 0.11122 0.16458
vt 0.00586 0.16458
vt 0.53145 0.15526
vt 0.42718 0.15526
vt 0.42718 0.17241
vt 0.53255 0.17241
vt 0.52671 0.15116
vt 0.42718 0.15116
vt 0.52477 0.14531
vt 0.42718 0.14531
vt 0.50826 0.13694
vt 0.42718 0.13694
vt 0.53721 0.53243
vt 0.53721 0.64763
vt 0.61141 0.64763
vt 0.61141 0.53243
vt 0.53721 0.42897
vt 0.61141 0.42897
vt 0.53721 0.31372
vt 0.61261 0.31372
vt 0.38307 0.33602
vt 0.37628 0.33602
vt 0.30806 0.11611
vt 0.30806 0.13087
vt 0.30806 0.10658
vt 0.30806 0.09343
vt 0.39501 0.51839
vt 0.25383 0.51839
vt 0.75403 0.12833
vt 0.74129 0.1401
vt 0.89189 0.1401
vt 0.87915 0.12833
vt 0.73979 0.14589
vt 0.89339 0.14589
vt 0.73614 0.14995
vt 0.72977 0.16693
vt 0.90341 0.16693
vt 0.89704 0.14995
vt 0.2455 0.49524
vt 0.24203 0.39179
vt 0.12984 0.39179
vt 0.12984 0.49524
vt 0.2455 0.61043
vt 0.12984 0.61043
vt 0.63034 0.87668
vt 0.61761 0.88941
vt 0.61761 0.98142
vt 0.63034 0.99414
vt 0.61761 0.7712
vt 0.61761 0.86396
vt 0.63034 0.7712
vt 0.74046 0.90317
vt 0.64178 0.90317
vt 0.64178 0.99414
vt 0.74046 0.99414
vt 0.37628 0.26062
vt 0.38307 0.25176
vt 0.25383 0.25176
vt 0.26062 0.26062
vt 0.71007 0.12215
vt 0.71007 0.10674
vt 0.57598 0.10674
vt 0.57598 0.12215
vt 0.71626 0.09707
vt 0.56979 0.09707
vt 0.71626 0.08375
vt 0.56979 0.08375
vt 0.61592 0.89065
vt 0.61592 0.98018
vt 0.2455 0.27655
vt 0.12984 0.27655
vt 0.74046 0.80042
vt 0.64178 0.80042
vt 0.25383 0.30858
vt 0.26062 0.30836
vt 0.71823 0.15082
vt 0.65973 0.15172
vt 0.66008 0.16693
vt 0.71823 0.16603
vt 0.7262 0.14129
vt 0.66304 0.14219
vt 0.7262 0.12815
vt 0.67183 0.12905
vt 0.25383 0.42635
vt 0.25383 0.49443
vt 0.39501 0.47947
vt 0.39501 0.42635
vt 0.21383 0.10613
vt 0.28233 0.10703
vt 0.28353 0.09388
vt 0.21383 0.09298
vt 0.60048 0.73445
vt 0.5018 0.73445
vt 0.74522 0.45391
vt 0.74522 0.55666
vt 0.74522 0.64763
vt 0.60448 0.18422
vt 0.5058 0.18422
vt 0.2088 0.13748
vt 0.1923 0.12911
vt 0.21075 0.14333
vt 0.21549 0.14743
vt 0.21659 0.16458
vt 0.32292 0.15526
vt 0.32182 0.17241
vt 0.32766 0.15116
vt 0.3296 0.14531
vt 0.34611 0.13694
vt 0.463 0.53243
vt 0.463 0.64763
vt 0.463 0.42897
vt 0.4618 0.31372
usemtl mat0
f 1/1/1 2/2/2 3/3/3
f 4/4/4 5/5/5 6/6/6
f 7/7/7 8/8/8 9/9/9
f 10/10/10 11/11/11 12/12/12
f 13/13/13 14/14/14 15/15/15
f 13/13/13 15/15/15 16/16/16
f 16/16/16 15/15/15 17/17/17
f 16/16/16 17/17/17 18/18/18
f 19/19/19 20/20/20 21/21/21
f 19/19/19 21/21/21 22/22/22
f 18/18/18 17/17/17 20/20/20
f 18/18/18 20/20/20 19/19/19
f 23/23/23 24/24/24 25/25/25
f 23/23/23 25/25/25 26/26/26
f 27/27/14 28/28/13 24/24/24
f 27/27/14 24/24/24 23/23/23
f 29/29/24 30/30/13 31/31/27
f 29/29/24 31/31/27 32/32/28
f 33/33/29 34/34/25 29/29/24
f 33/33/29 29/29/24 35/35/30
f 36/36/29 37/37/30 38/38/31
f 36/36/29 38/38/31 39/39/32
f 40/40/33 41/41/3 42/42/34
f 40/40/33 42/42/34 43/43/4
f 44/44/4 45/45/34 46/46/35
f 44/44/4 46/46/35 47/47/5
f 47/47/5 46/46/35 48/48/36
f 47/47/5 48/48/36 49/49/37
f 49/49/37 48/48/36 50/50/38
f 49/49/37 50/50/38 51/51/39
f 32/32/28 31/31/27 52/52/40
f 32/32/28 52/52/40 53/53/41
f 26/26/26 25/25/25 54/54/3
f 26/26/26 54/54/3 55/55/33
f 56/56/1 36/36/29 39/39/32
f 56/56/1 39/39/32 57/57/42
f 3/3/3 34/34/25 33/33/29
f 3/3/3 33/33/29 1/1/1
f 42/42/34 41/41/3 58/58/2
f 42/42/34 58/58/2 59/59/43
f 60/60/35 61/61/34 62/62/43
f 60/60/35 62/62/43 63/63/44
f 64/64/36 60/60/35 63/63/44
f 64/64/36 63/63/44 65/65/45
f 66/66/38 64/64/36 65/65/45
f 66/66/38 65/65/45 67/67/46
f 68/68/39 69/69/38 70/70/46
f 68/68/39 70/70/46 71/71/47
f 72/72/37 73/73/39 74/74/47
f 72/72/37 74/74/47 75/75/48
f 5/5/5 72/72/37 75/75/48
f 5/5/5 75/75/48 6/6/6
f 67/67/46 65/65/45 76/76/49
f 67/67/46 76/76/49 77/77/50
f 65/65/45 63/63/44 78/78/51
f 65/65/45 78/78/51 76/76/49
f 63/63/44 62/62/43 79/79/52
f 63/63/44 79/79/52 78/78/51
f 59/59/43 58/58/2 80/80/53
f 59/59/43 80/80/53 81/81/52
f 1/1/1 82/82/54 83/83/53
f 1/1/1 83/83/53 2/2/2
f 84/84/55 85/85/54 86/86/1
f 84/84/55 86/86/1 87/87/42
f 88/88/42 89/89/32 90/90/56
f 88/88/42 90/90/56 91/91/55
f 89/89/32 92/92/31 93/93/57
f 89/89/32 93/93/57 90/90/56
f 94/94/30 95/95/58 96/96/57
f 94/94/30 96/96/57 97/97/31
f 29/29/24 98/98/59 99/99/58
f 29/29/24 99/99/58 35/35/30
f 100/100/60 98/98/59 29/29/24
f 100/100/60 29/29/24 32/32/28
f 101/101/61 100/100/60 32/32/28
f 101/101/61 32/32/28 53/53/41
f 52/52/40 102/102/62 101/101/61
f 52/52/40 101/101/61 53/53/41
f 31/31/27 103/103/63 102/102/62
f 31/31/27 102/102/62 52/52/40
f 30/30/13 104/104/64 103/103/63
f 30/30/13 103/103/63 31/31/27
f 105/105/65 106/106/64 107/107/13
f 105/105/65 107/107/13 108/108/16
f 109/109/66 105/105/65 108/108/16
f 109/109/66 108/108/16 110/110/18
f 111/111/67 109/109/66 110/110/18
f 111/111/67 110/110/18 112/112/19
f 113/113/68 111/111/67 112/112/19
f 113/113/68 112/112/19 114/114/22
f 115/115/20 116/116/69 117/117/70
f 115/115/20 117/117/70 118/118/21
f 119/119/17 120/120/71 116/116/69
f 119/119/17 116/116/69 115/115/20
f 121/121/15 122/122/72 120/120/71
f 121/121/15 120/120/71 119/119/17
f 123/123/14 124/124/73 122/122/72
f 123/123/14 122/122/72 121/121/15
f 125/125/74 126/126/73 127/127/14
f 125/125/74 127/127/14 128/128/23
f 129/129/75 125/125/74 128/128/23
f 129/129/75 128/128/23 130/130/26
f 131/131/76 129/129/75 130/130/26
f 131/131/76 130/130/26 132/132/33
f 40/40/33 43/43/4 133/133/77
f 40/40/33 133/133/77 134/134/76
f 4/4/4 6/6/6 135/135/78
f 4/4/4 135/135/78 136/136/77
f 6/6/6 75/75/48 137/137/79
f 6/6/6 137/137/79 135/135/78
f 75/75/48 74/74/47 138/138/80
f 75/75/48 138/138/80 137/137/79
f 71/71/47 70/70/46 139/139/50
f 71/71/47 139/139/50 140/140/80
f 141/141/81 142/142/82 143/143/83
f 141/141/81 143/143/83 144/144/84
f 142/142/82 145/145/85 146/146/86
f 142/142/82 146/146/86 143/143/83
f 147/147/87 148/148/88 149/149/89
f 147/147/87 149/149/89 150/150/90
f 145/145/85 147/147/87 150/150/90
f 145/145/85 150/150/90 146/146/86
f 151/151/91 152/152/92 153/153/93
f 151/151/91 153/153/93 154/154/94
f 155/155/84 151/151/91 154/154/94
f 155/155/84 154/154/94 156/156/81
f 157/157/94 158/158/95 159/159/96
f 157/157/94 159/159/96 160/160/81
f 161/161/97 162/162/98 157/157/94
f 161/161/97 157/157/94 163/163/93
f 164/164/97 165/165/99 166/166/100
f 164/164/97 166/166/100 167/167/98
f 168/168/101 169/169/10 170/170/102
f 168/168/101 170/170/102 171/171/8
f 172/172/10 173/173/12 174/174/103
f 172/172/10 174/174/103 175/175/102
f 173/173/12 176/176/104 177/177/105
f 173/173/12 177/177/105 174/174/103
f 176/176/104 178/178/106 179/179/107
f 176/176/104 179/179/107 177/177/105
f 158/158/95 180/180/108 181/181/109
f 158/158/95 181/181/109 159/159/96
f 152/152/92 182/182/101 183/183/8
f 152/152/92 183/183/8 153/153/93
f 184/184/7 185/185/110 165/165/99
f 184/184/7 165/165/99 164/164/97
f 8/8/8 7/7/7 161/161/97
f 8/8/8 161/161/97 163/163/93
f 170/170/102 186/186/111 187/187/9
f 170/170/102 187/187/9 171/171/8
f 188/188/103 189/189/112 190/190/111
f 188/188/103 190/190/111 191/191/102
f 192/192/105 193/193/113 189/189/112
f 192/192/105 189/189/112 188/188/103
f 194/194/107 195/195/114 193/193/113
f 194/194/107 193/193/113 192/192/105
f 196/196/106 197/197/115 198/198/114
f 196/196/106 198/198/114 199/199/107
f 200/200/104 201/201/116 202/202/115
f 200/200/104 202/202/115 203/203/106
f 12/12/12 11/11/11 201/201/116
f 12/12/12 201/201/116 200/200/104
f 195/195/114 77/77/50 76/76/49
f 195/195/114 76/76/49 193/193/113
f 193/193/113 76/76/49 78/78/51
f 193/193/113 78/78/51 189/189/112
f 189/189/112 78/78/51 79/79/52
f 189/189/112 79/79/52 190/190/111
f 186/186/111 81/81/52 80/80/53
f 186/186/111 80/80/53 187/187/9
f 7/7/7 9/9/9 83/83/53
f 7/7/7 83/83/53 82/82/54
f 84/84/55 204/204/110 205/205/7
f 84/84/55 205/205/7 85/85/54
f 206/206/110 91/91/55 90/90/56
f 206/206/110 90/90/56 207/207/99
f 207/207/99 90/90/56 93/93/57
f 207/207/99 93/93/57 208/208/100
f 209/209/98 210/210/100 96/96/57
f 209/209/98 96/96/57 95/95/58
f 157/157/94 162/162/98 99/99/58
f 157/157/94 99/99/58 98/98/59
f 100/100/60 158/158/95 157/157/94
f 100/100/60 157/157/94 98/98/59
f 101/101/61 180/180/108 158/158/95
f 101/101/61 158/158/95 100/100/60
f 181/181/109 180/180/108 101/101/61
f 181/181/109 101/101/61 102/102/62
f 159/159/96 181/181/109 102/102/62
f 159/159/96 102/102/62 103/103/63
f 160/160/81 159/159/96 103/103/63
f 160/160/81 103/103/63 104/104/64
f 105/105/65 211/211/82 212/212/81
f 105/105/65 212/212/81 106/106/64
f 109/109/66 213/213/85 211/211/82
f 109/109/66 211/211/82 105/105/65
f 111/111/67 214/214/87 213/213/85
f 111/111/67 213/213/85 109/109/66
f 113/113/68 215/215/88 214/214/87
f 113/113/68 214/214/87 111/111/67
f 216/216/90 217/217/89 117/117/70
f 216/216/90 117/117/70 116/116/69
f 218/218/86 216/216/90 116/116/69
f 218/218/86 116/116/69 120/120/71
f 219/219/83 218/218/86 120/120/71
f 219/219/83 120/120/71 122/122/72
f 220/220/84 219/219/83 122/122/72
f 220/220/84 122/122/72 124/124/73
f 125/125/74 221/221/91 222/222/84
f 125/125/74 222/222/84 126/126/73
f 129/129/75 223/223/92 221/221/91
f 129/129/75 221/221/91 125/125/74
f 131/131/76 224/224/101 223/223/92
f 131/131/76 223/223/92 129/129/75
f 168/168/101 134/134/76 133/133/77
f 168/168/101 133/133/77 169/169/10
f 10/10/10 136/136/77 135/135/78
f 10/10/10 135/135/78 11/11/11
f 11/11/11 135/135/78 137/137/79
f 11/11/11 137/137/79 201/201/116
f 201/201/116 137/137/79 138/138/80
f 201/201/116 138/138/80 202/202/115
f 197/197/115 140/140/80 139/139/50
f 197/197/115 139/139/50 198/198/114
# Vertices: 224, normals: 116, texture coordinates: 224, faces: 224

o obj2
v -0.00582537 0.04380085 -9.197E-05
v 0.0016605 0.04380085 0.01694632
v 0.0016605 0.04595132 0.01694632
v -0.00582537 0.04595132 -9.197E-05
v -0.00582537 0.04595132 -9.197E-05
v 0.0016605 0.04595132 0.01694632
v 0.00972159 0.04608059 0.01340463
v 0.00223573 0.04608059 -0.00363366
v 0.015967 0.04595132 -0.00966657
v 0.02345287 0.04595132 0.00737172
v 0.02345287 0.04380085 0.00737172
v 0.015967 0.04380085 -0.00966657
v 0.00223573 0.04393011 -0.00363366
v 0.00972159 0.04393011 0.01340463
v 0.0016605 0.04380085 0.01694632
v -0.00582537 0.04380085 -9.197E-05
v 0.0016605 0.04380085 0.01694632
v 0.00972159 0.04393011 0.01340463
v 0.00972159 0.04608059 0.01340463
v 0.0016605 0.04595132 0.01694632
v 0.00223573 0.04393011 -0.00363366
v -0.00582537 0.04380085 -9.197E-05
v -0.00582537 0.04595132 -9.197E-05
v 0.00223573 0.04608059 -0.00363366
v 0.01423883 0.04588805 0.01141996
v 0.00675296 0.04588805 -0.00561833
v 0.00675296 0.04373758 -0.00561833
v 0.00675296 0.04588805 -0.00561833
v 0.00675296 0.04373758 -0.00561833
v 0.01423883 0.04373758 0.01141996
v 0.01423883 0.04373758 0.01141996
v 0.01423883 0.04588805 0.01141996
v 0.02345287 0.04595132 0.00737172
v 0.015967 0.04595132 -0.00966657
v 0.015967 0.04380085 -0.00966657
v 0.015967 0.04595132 -0.00966657
v 0.015967 0.04380085 -0.00966657
v 0.02345287 0.04380085 0.00737172
v 0.02345287 0.04380085 0.00737172
v 0.02345287 0.04595132 0.00737172
vn -0.31241 -0.33391 0.88933
vn 0.31241 -0.33391 0.88933
vn 0.34422 0.29654 0.89083
vn -0.34422 0.29654 0.89083
vn 0.65762 0.75228 -0.0402
vn -0.65762 0.75228 -0.0402
vn -0.35817 0.35831 -0.86216
vn 0.35817 0.35831 -0.86216
vn 0.3715 -0.33872 -0.86444
vn -0.3715 -0.33872 -0.86444
vn -0.77352 -0.63287 0.03382
vn 0.77352 -0.63287 0.03382
vn 0.75971 0.64704 -0.0647
vn -0.75971 0.64704 -0.0647
vn -0.67613 -0.73312 0.07331
vn 0.67613 -0.73312 0.07331
vt 0.00586 0.75454
vt 0.10684 0.75454
vt 0.10684 0.74287
vt 0.00586 0.74287
vt 0.64178 0.79435
vt 0.74277 0.79435
vt 0.74277 0.74657
vt 0.64178 0.74657
vt 0.10684 0.76061
vt 0.00586 0.76061
vt 0.00586 0.77228
vt 0.10684 0.77228
vt 0.4948 0.25987
vt 0.39381 0.25987
vt 0.39381 0.30765
vt 0.4948 0.30765
vt 0.75377 0.47598
vt 0.80154 0.47528
vt 0.80154 0.46361
vt 0.75377 0.46431
vt 0.83515 0.49406
vt 0.88292 0.49476
vt 0.88292 0.48309
vt 0.83515 0.48239
vt 0.74277 0.71979
vt 0.64178 0.71979
vt 0.80838 0.49511
vt 0.80838 0.48344
vt 0.4948 0.2331
vt 0.39381 0.2331
vt 0.82831 0.47632
vt 0.82831 0.46465
vt 0.74277 0.66518
vt 0.64178 0.66518
vt 0.75377 0.49476
vt 0.75377 0.48309
vt 0.4948 0.17848
vt 0.39381 0.17848
vt 0.88292 0.47598
vt 0.88292 0.46431
usemtl mat0
f 225/225/117 226/226/118 227/227/119
f 225/225/117 227/227/119 228/228/120
f 229/229/120 230/230/119 231/231/121
f 229/229/120 231/231/121 232/232/122
f 233/233/123 234/234/124 235/235/125
f 233/233/123 235/235/125 236/236/126
f 237/237/127 238/238/128 239/239/118
f 237/237/127 239/239/118 240/240/117
f 241/241/118 242/242/128 243/243/121
f 241/241/118 243/243/121 244/244/119
f 245/245/127 246/246/117 247/247/120
f 245/245/127 247/247/120 248/248/122
f 232/232/122 231/231/121 249/249/129
f 232/232/122 249/249/129 250/250/130
f 251/251/131 245/245/127 248/248/122
f 251/251/131 248/248/122 252/252/130
f 253/253/131 254/254/132 238/238/128
f 253/253/131 238/238/128 237/237/127
f 243/243/121 242/242/128 255/255/132
f 243/243/121 255/255/132 256/256/129
f 250/250/130 249/249/129 257/257/124
f 250/250/130 257/257/124 258/258/123
f 259/259/126 251/251/131 252/252/130
f 259/259/126 252/252/130 260/260/123
f 261/261/126 262/262/125 254/254/132
f 261/261/126 254/254/132 253/253/131
f 256/256/129 255/255/132 263/263/125
f 256/256/129 263/263/125 264/264/124
# Vertices: 40, normals: 16, texture coordinates: 40, faces: 28

o obj3
v 0.01516407 0.01851272 0.01380539
v 0.01449662 0.01778369 0.01409864
v 0.014681 0.01766726 0.01435118
v 0.0153935 0.0184455 0.01403814
v 0.01540838 0.01950859 0.01369805
v 0.01565429 0.0195086 0.01392355
v 0.01516407 0.02050447 0.01380539
v 0.0153935 0.02057168 0.01403814
v 0.01449662 0.0212335 0.01409864
v 0.014681 0.02134992 0.01435118
v 0.01200566 0.02050447 0.01519306
v 0.01267311 0.0212335 0.01489981
v 0.0127344 0.02134992 0.01520642
v 0.0120219 0.02057168 0.01551947
v 0.01176136 0.01950859 0.01530039
v 0.01176111 0.01950859 0.01563405
v 0.01200566 0.01851272 0.01519306
v 0.0120219 0.0184455 0.01551947
v 0.01267311 0.01778369 0.01489981
v 0.01273441 0.01766726 0.01520643
v 0.01358487 0.01751684 0.01449922
v 0.0137077 0.01738241 0.0147788
v 0.01487198 0.01739794 0.01439929
v 0.0156887 0.01829 0.01404046
v 0.01598764 0.01950859 0.01390912
v 0.0156887 0.02072718 0.01404046
v 0.01487198 0.02161925 0.01439929
v 0.01264066 0.02161925 0.01537963
v 0.01182395 0.02072718 0.01573846
v 0.01152501 0.01950859 0.0158698
v 0.01182395 0.01829 0.01573846
v 0.01264066 0.01739794 0.01537963
v 0.01375632 0.01707141 0.01488946
v 0.01496572 0.01712861 0.01422608
v 0.01588665 0.01813451 0.01382147
v 0.01622374 0.0195086 0.01367336
v 0.01588665 0.02088268 0.01382147
v 0.01496572 0.02188858 0.01422608
v 0.01244968 0.02188858 0.01533152
v 0.01152875 0.02088268 0.01573614
v 0.01119166 0.0195086 0.01588424
v 0.01152875 0.01813451 0.01573614
v 0.01244968 0.01712861 0.01533152
v 0.0137077 0.01676043 0.0147788
v 0.01490443 0.01701219 0.01391947
v 0.01587041 0.01806729 0.01349506
v 0.01622399 0.01950859 0.01333971
v 0.01587041 0.0209499 0.01349506
v 0.01490443 0.022005 0.01391947
v 0.01226531 0.022005 0.01507898
v 0.01129932 0.0209499 0.01550339
v 0.01094575 0.01950859 0.01565874
v 0.01129932 0.01806729 0.01550339
v 0.01226531 0.01701219 0.01507898
v 0.01358487 0.01662599 0.01449922
v 0.01472005 0.01712861 0.01366693
v 0.01564099 0.01813451 0.01326231
v 0.01597807 0.01950859 0.01311421
v 0.01564098 0.02088268 0.01326231
v 0.01472005 0.02188858 0.01366693
v 0.01220401 0.02188858 0.01477236
v 0.01128308 0.02088268 0.01517698
v 0.01094599 0.01950859 0.01532508
v 0.01128308 0.01813451 0.01517698
v 0.01220401 0.01712861 0.01477236
v 0.01346203 0.01676042 0.01421965
v 0.01452907 0.01739794 0.01361881
v 0.01534579 0.01829001 0.01325998
v 0.01564473 0.01950859 0.01312864
v 0.01534579 0.02072718 0.01325998
v 0.01452907 0.02161925 0.01361881
v 0.01229775 0.02161925 0.01459915
v 0.01148104 0.02072718 0.01495798
v 0.0111821 0.01950859 0.01508932
v 0.01148104 0.01829001 0.01495798
v 0.01229776 0.01739794 0.01459915
v 0.01341341 0.01707142 0.01410898
v 0.01443533 0.01766726 0.01379202
v 0.01514783 0.0184455 0.01347898
v 0.01540862 0.01950859 0.0133644
v 0.01514783 0.02057168 0.01347898
v 0.01443533 0.02134992 0.01379202
v 0.01248873 0.02134992 0.01464727
v 0.01177623 0.02057168 0.01496031
v 0.01151544 0.01950859 0.01507489
v 0.01177623 0.0184455 0.01496031
v 0.01248874 0.01766726 0.01464727
v 0.01346203 0.01738241 0.01421965
v 0.01449662 0.01778369 0.01409864
v 0.01516407 0.01851272 0.01380539
v 0.01540838 0.01950859 0.01369805
v 0.01516407 0.02050447 0.01380539
v 0.01449662 0.0212335 0.01409864
v 0.01267311 0.0212335 0.01489981
v 0.01200566 0.02050447 0.01519306
v 0.01176136 0.01950859 0.01530039
v 0.01200566 0.01851272 0.01519306
v 0.01267311 0.01778369 0.01489981
v 0.01358487 0.01751684 0.01449922
v 0.0140407 0.02136694 0.01429895
v 0.01416353 0.02150137 0.01457853
v 0.01312903 0.02136694 0.0146995
v 0.01325187 0.02150137 0.01497907
v 0.01421215 0.02181236 0.01468919
v 0.01330049 0.02181236 0.01508974
v 0.01416353 0.02212336 0.01457853
v 0.01325187 0.02212336 0.01497907
v 0.0140407 0.0222578 0.01429895
v 0.01312903 0.0222578 0.01469949
v 0.01391787 0.02212336 0.01401937
v 0.0130062 0.02212336 0.01441992
v 0.01386924 0.02181236 0.01390871
v 0.01295758 0.02181236 0.01430926
v 0.01391786 0.02150137 0.01401937
v 0.0130062 0.02150137 0.01441991
v 0.0140407 0.02136694 0.01429895
v 0.01312903 0.02136694 0.0146995
v 0.01312903 0.02115229 0.0146995
v 0.01332 0.02092549 0.01461559
v 0.01357234 0.02119328 0.01518993
v 0.01331646 0.02135119 0.01512608
v 0.01332 0.02092549 0.01461559
v 0.01312903 0.02115229 0.0146995
v 0.01294161 0.02135119 0.0142729
v 0.01306766 0.02119328 0.01404125
v 0.01286715 0.02181236 0.01410343
v 0.01296771 0.02181237 0.01381376
v 0.01384973 0.02092549 0.01438285
v 0.0140407 0.02115229 0.01429895
v 0.01422812 0.02135119 0.01472554
v 0.01410207 0.02119328 0.01495719
v 0.0140407 0.02115229 0.01429895
v 0.01384973 0.02092549 0.01438285
v 0.01359739 0.02119328 0.01380851
v 0.01385327 0.02135119 0.01387236
v 0.01349744 0.02181237 0.01358102
v 0.01377882 0.02181236 0.01370289
v 0.01430258 0.02181236 0.01489501
v 0.01420202 0.02181236 0.01518469
v 0.01367229 0.02181236 0.01541743
v 0.01339092 0.02181236 0.01529556
v 0.01422812 0.02227354 0.01472554
v 0.01410207 0.02243145 0.01495719
v 0.01357234 0.02243145 0.01518993
v 0.01331646 0.02227354 0.01512608
v 0.0140407 0.02247244 0.01429895
v 0.01384973 0.02269924 0.01438285
v 0.01332 0.02269924 0.01461559
v 0.01312903 0.02247244 0.0146995
v 0.01385327 0.02227354 0.01387236
v 0.01359739 0.02243145 0.01380852
v 0.01306766 0.02243145 0.01404125
v 0.01294161 0.02227354 0.01427291
v 0.01384973 0.02092549 0.01438285
v 0.01359739 0.02119328 0.01380851
v 0.01384973 0.02092549 0.01438285
v 0.01410207 0.02119328 0.01495719
v 0.01420202 0.02181236 0.01518469
v 0.01410207 0.02243145 0.01495719
v 0.01384973 0.02269924 0.01438285
v 0.01359739 0.02243145 0.01380852
v 0.01349744 0.02181237 0.01358102
vn -0.35355 0.35355 0.86603
vn -0.61237 0.61237 0.5
vn 0.14759 0.93531 0.32158
vn 0.31405 0.76884 0.557
vn -0 0 1
vn 0.54145 0.54145 0.64317
vn 0.35356 -0.35355 0.86602
vn 0.76884 0.31405 0.557
vn 0.58005 -0.58004 0.57193
vn 0.91553 0.17146 0.36387
vn 0.35355 -0.35355 -0.86602
vn 0.58005 -0.58004 -0.57193
vn 0.91553 0.17146 -0.36387
vn 0.76884 0.31405 -0.557
vn -0 -0 -1
vn 0.54145 0.54145 -0.64317
vn -0.35355 0.35355 -0.86603
vn 0.31405 0.76884 -0.557
vn -0.61237 0.61237 -0.5
vn 0.14759 0.93531 -0.32158
vn -0.70711 0.70711 0
vn 0.08666 0.99624 0
vn 0.75602 0.6532 -0.04198
vn 0.73429 0.67493 -0.07271
vn 0.70461 0.70461 -0.08395
vn 0.67493 0.73429 -0.0727
vn 0.65059 0.75788 -0.04851
vn 0.65059 0.75788 0.04851
vn 0.67493 0.73429 0.0727
vn 0.70461 0.70461 0.08395
vn 0.73429 0.67493 0.07271
vn 0.75602 0.6532 0.04198
vn 0.76398 0.64524 0
vn 0.92931 0.02712 -0.36832
vn 0.73865 0.21777 -0.63794
vn 0.47821 0.47821 -0.73663
vn 0.21777 0.73865 -0.63794
vn 0.03898 0.91264 -0.40691
vn 0.03898 0.91264 0.40691
vn 0.21777 0.73865 0.63794
vn 0.47821 0.47821 0.73663
vn 0.73865 0.21777 0.63794
vn 0.92931 0.02712 0.36832
vn 0.99909 -0.04267 0
vn 0.61237 -0.61237 -0.5
vn 0.35355 -0.35355 -0.86603
vn -0 -0 -1
vn -0.35355 0.35355 -0.86603
vn -0.59104 0.59104 -0.54895
vn -0.59104 0.59104 0.54895
vn -0.35355 0.35355 0.86603
vn -0 -0 1
vn 0.35355 -0.35355 0.86603
vn 0.61237 -0.61237 0.5
vn 0.70711 -0.70711 -0
vn -0.02712 -0.92931 -0.36832
vn -0.21777 -0.73865 -0.63794
vn -0.47821 -0.47821 -0.73663
vn -0.73865 -0.21777 -0.63794
vn -0.91264 -0.03898 -0.40691
vn -0.91264 -0.03898 0.40691
vn -0.73865 -0.21777 0.63794
vn -0.47821 -0.47821 0.73663
vn -0.21777 -0.73865 0.63794
vn -0.02712 -0.92931 0.36832
vn 0.04267 -0.99909 -0
vn -0.6532 -0.75602 -0.04198
vn -0.67493 -0.73429 -0.07271
vn -0.70461 -0.70461 -0.08395
vn -0.73429 -0.67493 -0.0727
vn -0.75788 -0.65059 -0.04851
vn -0.75788 -0.65059 0.04851
vn -0.73429 -0.67493 0.0727
vn -0.70461 -0.70461 0.08395
vn -0.67493 -0.73429 0.07271
vn -0.6532 -0.75602 0.04198
vn -0.64525 -0.76397 0
vn -0.93531 -0.14758 0.32159
vn -0.76884 -0.31405 0.557
vn -0.54145 -0.54145 0.64317
vn -0.31405 -0.76884 0.557
vn -0.17146 -0.91553 0.36387
vn -0.17146 -0.91553 -0.36387
vn -0.31405 -0.76884 -0.557
vn -0.54145 -0.54145 -0.64317
vn -0.76884 -0.31405 -0.557
vn -0.93531 -0.14758 -0.32159
vn -0.99624 -0.08665 0
vn 0.66878 -0.66878 -0.32475
vn 0.92831 0.09709 -0.3589
vn 0.66879 -0.66878 0.32475
vn 0.92831 0.09709 0.3589
vn 0.56821 0.69523 -0.44022
vn 0.56821 0.69523 0.44022
vn -0.04453 0.85023 -0.52452
vn -0.04453 0.85023 0.52452
vn -0.5858 0.5858 -0.56007
vn -0.5858 0.5858 0.56007
vn -0.85023 0.04452 -0.52452
vn -0.85023 0.04452 0.52452
vn -0.69523 -0.56821 -0.44022
vn -0.69523 -0.56821 0.44022
vn -0.0971 -0.92831 -0.3589
vn -0.0971 -0.92831 0.3589
vn 0.38383 -0.38383 0.83985
vn 0.69041 -0.69041 0.21605
vn 0.97631 0.00618 0.21627
vn 0.54027 0.00353 0.84148
vn -0.00353 -0.54027 0.84148
vn -0.00618 -0.97631 0.21627
vn -0.38018 -0.38018 0.84316
vn -0.69034 -0.69033 0.21651
vn 0.69041 -0.69041 -0.21605
vn 0.38383 -0.38383 -0.83985
vn 0.54027 0.00353 -0.84148
vn 0.97631 0.00618 -0.21627
vn -0.00618 -0.97631 -0.21627
vn -0.00353 -0.54027 -0.84148
vn -0.69034 -0.69033 -0.21651
vn -0.38018 -0.38018 -0.84316
vn 0.38018 0.38018 -0.84316
vn 0.69033 0.69034 -0.21652
vn 0.69033 0.69034 0.21652
vn 0.38018 0.38018 0.84316
vn 0.00353 0.54027 -0.84148
vn 0.00618 0.97631 -0.21627
vn 0.00618 0.97631 0.21627
vn 0.00353 0.54027 0.84148
vn -0.38383 0.38383 -0.83985
vn -0.69041 0.69041 -0.21605
vn -0.69041 0.69041 0.21605
vn -0.38383 0.38383 0.83985
vn -0.54027 -0.00353 -0.84148
vn -0.97631 -0.00618 -0.21627
vn -0.97631 -0.00618 0.21627
vn -0.54027 -0.00353 0.84148
vt 0.41139 0.55183
vt 0.41136 0.55854
vt 0.41319 0.55854
vt 0.41322 0.55183
vt 0.41146 0.54518
vt 0.41328 0.54514
vt 0.41159 0.53868
vt 0.41337 0.5385
vt 0.41149 0.53275
vt 0.41314 0.53208
vt 0.41158 0.59208
vt 0.41165 0.59835
vt 0.41345 0.59887
vt 0.4134 0.5922
vt 0.41143 0.58543
vt 0.41326 0.58546
vt 0.41136 0.57871
vt 0.41319 0.57872
vt 0.41134 0.57198
vt 0.41317 0.57199
vt 0.41134 0.56526
vt 0.41318 0.56526
vt 0.41497 0.55851
vt 0.41499 0.55179
vt 0.41503 0.54507
vt 0.41507 0.53832
vt 0.41481 0.53148
vt 0.41524 0.59925
vt 0.41513 0.59228
vt 0.41501 0.58546
vt 0.41496 0.5787
vt 0.41495 0.57197
vt 0.41495 0.56524
vt 0.41674 0.5585
vt 0.41676 0.55177
vt 0.41677 0.54502
vt 0.41676 0.53818
vt 0.41651 0.53107
vt 0.41702 0.59945
vt 0.41685 0.5923
vt 0.41676 0.58545
vt 0.41673 0.57868
vt 0.41673 0.57195
vt 0.41673 0.56522
vt 0.41857 0.5585
vt 0.41858 0.55177
vt 0.41857 0.545
vt 0.4185 0.53813
vt 0.41827 0.53089
vt 0.41883 0.59949
vt 0.41862 0.5923
vt 0.41856 0.58545
vt 0.41856 0.57869
vt 0.41856 0.57196
vt 0.41857 0.56523
vt 0.4204 0.55851
vt 0.4204 0.55177
vt 0.42036 0.545
vt 0.42025 0.53813
vt 0.42005 0.53095
vt 0.42063 0.59931
vt 0.42039 0.59225
vt 0.42037 0.58543
vt 0.42038 0.57869
vt 0.42039 0.57196
vt 0.4204 0.56524
vt 0.42218 0.55849
vt 0.42216 0.55175
vt 0.4221 0.545
vt 0.42194 0.53818
vt 0.42179 0.53122
vt 0.42237 0.59893
vt 0.4221 0.59212
vt 0.42212 0.58538
vt 0.42215 0.57866
vt 0.42217 0.57194
vt 0.42218 0.56522
vt 0.42395 0.55847
vt 0.42393 0.55174
vt 0.42385 0.545
vt 0.42365 0.53828
vt 0.42353 0.53168
vt 0.4241 0.59838
vt 0.42383 0.59195
vt 0.42387 0.58532
vt 0.42392 0.57863
vt 0.42395 0.57192
vt 0.42396 0.5652
vt 0.42579 0.55847
vt 0.42576 0.55174
vt 0.42567 0.54503
vt 0.42547 0.53842
vt 0.42529 0.53227
vt 0.42582 0.59779
vt 0.42562 0.5918
vt 0.4257 0.58529
vt 0.42575 0.57862
vt 0.42578 0.57192
vt 0.42579 0.5652
vt 0.41066 0.53086
vt 0.4119 0.52916
vt 0.41097 0.60091
vt 0.41253 0.60224
vt 0.41364 0.52768
vt 0.41456 0.60339
vt 0.41568 0.5265
vt 0.41678 0.60423
vt 0.41799 0.52591
vt 0.41913 0.60447
vt 0.42037 0.52621
vt 0.42141 0.6039
vt 0.42256 0.52715
vt 0.42346 0.60278
vt 0.4245 0.52844
vt 0.4253 0.6014
vt 0.42586 0.52992
vt 0.42677 0.59985
vt 0.40986 0.60114
vt 0.40818 0.60182
vt 0.41056 0.60438
vt 0.41169 0.60311
vt 0.42963 0.60031
vt 0.42787 0.5999
vt 0.42626 0.6021
vt 0.42754 0.60317
vt 0.42421 0.60383
vt 0.42514 0.60516
vt 0.408 0.53086
vt 0.4097 0.53094
vt 0.41088 0.52854
vt 0.40943 0.52764
vt 0.42685 0.52989
vt 0.42852 0.52962
vt 0.42674 0.52659
vt 0.42541 0.52767
vt 0.4241 0.52466
vt 0.42324 0.52605
vt 0.41282 0.52669
vt 0.41178 0.52544
vt 0.41327 0.60604
vt 0.41398 0.60456
vt 0.41522 0.5254
vt 0.41453 0.52386
vt 0.41621 0.60706
vt 0.41655 0.6054
vt 0.41791 0.52482
vt 0.41778 0.52309
vt 0.41936 0.60729
vt 0.41921 0.60555
vt 0.42067 0.52505
vt 0.42112 0.52343
vt 0.42244 0.60659
vt 0.42182 0.60501
vt 0.43216 0.6023
vt 0.42983 0.60527
vt 0.40581 0.60423
vt 0.40866 0.60695
vt 0.41199 0.60898
vt 0.4157 0.61021
vt 0.41972 0.61043
vt 0.42359 0.60953
vt 0.42697 0.60775
usemtl mat0
f 265/265/133 266/266/134 267/267/135
f 265/265/133 267/267/135 268/268/136
f 269/269/137 265/265/133 268/268/136
f 269/269/137 268/268/136 270/270/138
f 271/271/139 269/269/137 270/270/138
f 271/271/139 270/270/138 272/272/140
f 273/273/141 271/271/139 272/272/140
f 273/273/141 272/272/140 274/274/142
f 275/275/143 276/276/144 277/277/145
f 275/275/143 277/277/145 278/278/146
f 279/279/147 275/275/143 278/278/146
f 279/279/147 278/278/146 280/280/148
f 281/281/149 279/279/147 280/280/148
f 281/281/149 280/280/148 282/282/150
f 283/283/151 281/281/149 282/282/150
f 283/283/151 282/282/150 284/284/152
f 285/285/153 283/283/151 284/284/152
f 285/285/153 284/284/152 286/286/154
f 266/266/134 285/285/153 286/286/154
f 266/266/134 286/286/154 267/267/135
f 268/268/136 267/267/135 287/287/155
f 268/268/136 287/287/155 288/288/156
f 270/270/138 268/268/136 288/288/156
f 270/270/138 288/288/156 289/289/157
f 272/272/140 270/270/138 289/289/157
f 272/272/140 289/289/157 290/290/158
f 274/274/142 272/272/140 290/290/158
f 274/274/142 290/290/158 291/291/159
f 278/278/146 277/277/145 292/292/160
f 278/278/146 292/292/160 293/293/161
f 280/280/148 278/278/146 293/293/161
f 280/280/148 293/293/161 294/294/162
f 282/282/150 280/280/148 294/294/162
f 282/282/150 294/294/162 295/295/163
f 284/284/152 282/282/150 295/295/163
f 284/284/152 295/295/163 296/296/164
f 286/286/154 284/284/152 296/296/164
f 286/286/154 296/296/164 297/297/165
f 267/267/135 286/286/154 297/297/165
f 267/267/135 297/297/165 287/287/155
f 288/288/156 287/287/155 298/298/166
f 288/288/156 298/298/166 299/299/167
f 289/289/157 288/288/156 299/299/167
f 289/289/157 299/299/167 300/300/168
f 290/290/158 289/289/157 300/300/168
f 290/290/158 300/300/168 301/301/169
f 291/291/159 290/290/158 301/301/169
f 291/291/159 301/301/169 302/302/170
f 293/293/161 292/292/160 303/303/171
f 293/293/161 303/303/171 304/304/172
f 294/294/162 293/293/161 304/304/172
f 294/294/162 304/304/172 305/305/173
f 295/295/163 294/294/162 305/305/173
f 295/295/163 305/305/173 306/306/174
f 296/296/164 295/295/163 306/306/174
f 296/296/164 306/306/174 307/307/175
f 297/297/165 296/296/164 307/307/175
f 297/297/165 307/307/175 308/308/176
f 287/287/155 297/297/165 308/308/176
f 287/287/155 308/308/176 298/298/166
f 299/299/167 298/298/166 309/309/177
f 299/299/167 309/309/177 310/310/178
f 300/300/168 299/299/167 310/310/178
f 300/300/168 310/310/178 311/311/179
f 301/301/169 300/300/168 311/311/179
f 301/301/169 311/311/179 312/312/180
f 302/302/170 301/301/169 312/312/180
f 302/302/170 312/312/180 313/313/181
f 304/304/172 303/303/171 314/314/182
f 304/304/172 314/314/182 315/315/183
f 305/305/173 304/304/172 315/315/183
f 305/305/173 315/315/183 316/316/184
f 306/306/174 305/305/173 316/316/184
f 306/306/174 316/316/184 317/317/185
f 307/307/175 306/306/174 317/317/185
f 307/307/175 317/317/185 318/318/186
f 308/308/176 307/307/175 318/318/186
f 308/308/176 318/318/186 319/319/187
f 298/298/166 308/308/176 319/319/187
f 298/298/166 319/319/187 309/309/177
f 310/310/178 309/309/177 320/320/188
f 310/310/178 320/320/188 321/321/189
f 311/311/179 310/310/178 321/321/189
f 311/311/179 321/321/189 322/322/190
f 312/312/180 311/311/179 322/322/190
f 312/312/180 322/322/190 323/323/191
f 313/313/181 312/312/180 323/323/191
f 313/313/181 323/323/191 324/324/192
f 315/315/183 314/314/182 325/325/193
f 315/315/183 325/325/193 326/326/194
f 316/316/184 315/315/183 326/326/194
f 316/316/184 326/326/194 327/327/195
f 317/317/185 316/316/184 327/327/195
f 317/317/185 327/327/195 328/328/196
f 318/318/186 317/317/185 328/328/196
f 318/318/186 328/328/196 329/329/197
f 319/319/187 318/318/186 329/329/197
f 319/319/187 329/329/197 330/330/198
f 309/309/177 319/319/187 330/330/198
f 309/309/177 330/330/198 320/320/188
f 321/321/189 320/320/188 331/331/199
f 321/321/189 331/331/199 332/332/200
f 322/322/190 321/321/189 332/332/200
f 322/322/190 332/332/200 333/333/201
f 323/323/191 322/322/190 333/333/201
f 323/323/191 333/333/201 334/334/202
f 324/324/192 323/323/191 334/334/202
f 324/324/192 334/334/202 335/335/203
f 326/326/194 325/325/193 336/336/204
f 326/326/194 336/336/204 337/337/205
f 327/327/195 326/326/194 337/337/205
f 327/327/195 337/337/205 338/338/206
f 328/328/196 327/327/195 338/338/206
f 328/328/196 338/338/206 339/339/207
f 329/329/197 328/328/196 339/339/207
f 329/329/197 339/339/207 340/340/208
f 330/330/198 329/329/197 340/340/208
f 330/330/198 340/340/208 341/341/209
f 320/320/188 330/330/198 341/341/209
f 320/320/188 341/341/209 331/331/199
f 332/332/200 331/331/199 342/342/210
f 332/332/200 342/342/210 343/343/211
f 333/333/201 332/332/200 343/343/211
f 333/333/201 343/343/211 344/344/212
f 334/334/202 333/333/201 344/344/212
f 334/334/202 344/344/212 345/345/213
f 335/335/203 334/334/202 345/345/213
f 335/335/203 345/345/213 346/346/214
f 337/337/205 336/336/204 347/347/215
f 337/337/205 347/347/215 348/348/216
f 338/338/206 337/337/205 348/348/216
f 338/338/206 348/348/216 349/349/217
f 339/339/207 338/338/206 349/349/217
f 339/339/207 349/349/217 350/350/218
f 340/340/208 339/339/207 350/350/218
f 340/340/208 350/350/218 351/351/219
f 341/341/209 340/340/208 351/351/219
f 341/341/209 351/351/219 352/352/220
f 331/331/199 341/341/209 352/352/220
f 331/331/199 352/352/220 342/342/210
f 343/343/211 342/342/210 353/353/134
f 343/343/211 353/353/134 354/354/133
f 344/344/212 343/343/211 354/354/133
f 344/344/212 354/354/133 355/355/137
f 345/345/213 344/344/212 355/355/137
f 345/345/213 355/355/137 356/356/139
f 346/346/214 345/345/213 356/356/139
f 346/346/214 356/356/139 357/357/141
f 348/348/216 347/347/215 358/358/144
f 348/348/216 358/358/144 359/359/143
f 349/349/217 348/348/216 359/359/143
f 349/349/217 359/359/143 360/360/147
f 350/350/218 349/349/217 360/360/147
f 350/350/218 360/360/147 361/361/149
f 351/351/219 350/350/218 361/361/149
f 351/351/219 361/361/149 362/362/151
f 352/352/220 351/351/219 362/362/151
f 352/352/220 362/362/151 363/363/153
f 342/342/210 352/352/220 363/363/153
f 342/342/210 363/363/153 353/353/134
f 364/364/221 273/273/141 274/274/142
f 364/364/221 274/274/142 365/365/222
f 276/276/144 366/366/223 367/367/224
f 276/276/144 367/367/224 277/277/145
f 365/365/222 274/274/142 291/291/159
f 365/365/222 291/291/159 368/368/225
f 277/277/145 367/367/224 369/369/226
f 277/277/145 369/369/226 292/292/160
f 368/368/225 291/291/159 302/302/170
f 368/368/225 302/302/170 370/370/227
f 292/292/160 369/369/226 371/371/228
f 292/292/160 371/371/228 303/303/171
f 370/370/227 302/302/170 313/313/181
f 370/370/227 313/313/181 372/372/229
f 303/303/171 371/371/228 373/373/230
f 303/303/171 373/373/230 314/314/182
f 372/372/229 313/313/181 324/324/192
f 372/372/229 324/324/192 374/374/231
f 314/314/182 373/373/230 375/375/232
f 314/314/182 375/375/232 325/325/193
f 374/374/231 324/324/192 335/335/203
f 374/374/231 335/335/203 376/376/233
f 325/325/193 375/375/232 377/377/234
f 325/325/193 377/377/234 336/336/204
f 376/376/233 335/335/203 346/346/214
f 376/376/233 346/346/214 378/378/235
f 336/336/204 377/377/234 379/379/236
f 336/336/204 379/379/236 347/347/215
f 378/378/235 346/346/214 357/357/141
f 378/378/235 357/357/141 380/380/221
f 347/347/215 379/379/236 381/381/223
f 347/347/215 381/381/223 358/358/144
f 382/382/237 383/383/238 384/384/239
f 382/382/237 384/384/239 385/385/240
f 386/386/238 387/387/237 388/388/241
f 386/386/238 388/388/241 389/389/242
f 389/389/242 388/388/241 390/390/243
f 389/389/242 390/390/243 391/391/244
f 392/392/245 393/393/246 394/394/247
f 392/392/245 394/394/247 395/395/248
f 396/396/246 397/397/245 398/398/249
f 396/396/246 398/398/249 399/399/250
f 399/399/250 398/398/249 400/400/251
f 399/399/250 400/400/251 401/401/252
f 395/395/248 394/394/247 402/402/253
f 395/395/248 402/402/253 403/403/254
f 385/385/240 384/384/239 404/404/255
f 385/385/240 404/404/255 405/405/256
f 403/403/254 402/402/253 406/406/257
f 403/403/254 406/406/257 407/407/258
f 405/405/256 404/404/255 408/408/259
f 405/405/256 408/408/259 409/409/260
f 407/407/258 406/406/257 410/410/261
f 407/407/258 410/410/261 411/411/262
f 409/409/260 408/408/259 412/412/263
f 409/409/260 412/412/263 413/413/264
f 411/411/262 410/410/261 414/414/265
f 411/411/262 414/414/265 415/415/266
f 413/413/264 412/412/263 416/416/267
f 413/413/264 416/416/267 417/417/268
f 415/415/266 414/414/265 401/401/252
f 415/415/266 401/401/252 400/400/251
f 417/417/268 416/416/267 391/391/244
f 417/417/268 391/391/244 390/390/243
f 418/418/245 386/386/238 389/389/242
f 418/418/245 389/389/242 419/419/249
f 383/383/238 420/420/245 421/421/248
f 383/383/238 421/421/248 384/384/239
f 384/384/239 421/421/248 422/422/254
f 384/384/239 422/422/254 404/404/255
f 404/404/255 422/422/254 423/423/258
f 404/404/255 423/423/258 408/408/259
f 408/408/259 423/423/258 424/424/262
f 408/408/259 424/424/262 412/412/263
f 412/412/263 424/424/262 425/425/266
f 412/412/263 425/425/266 416/416/267
f 416/416/267 425/425/266 426/426/251
f 416/416/267 426/426/251 391/391/244
f 391/391/244 426/426/251 419/419/249
f 391/391/244 419/419/249 389/389/242
f 381/381/223 379/379/236 388/388/241
f 381/381/223 388/388/241 387/387/237
f 378/378/235 380/380/221 396/396/246
f 378/378/235 396/396/246 399/399/250
f 364/364/221 365/365/222 394/394/247
f 364/364/221 394/394/247 393/393/246
f 367/367/224 366/366/223 382/382/237
f 367/367/224 382/382/237 385/385/240
f 365/365/222 368/368/225 402/402/253
f 365/365/222 402/402/253 394/394/247
f 369/369/226 367/367/224 385/385/240
f 369/369/226 385/385/240 405/405/256
f 368/368/225 370/370/227 406/406/257
f 368/368/225 406/406/257 402/402/253
f 371/371/228 369/369/226 405/405/256
f 371/371/228 405/405/256 409/409/260
f 370/370/227 372/372/229 410/410/261
f 370/370/227 410/410/261 406/406/257
f 373/373/230 371/371/228 409/409/260
f 373/373/230 409/409/260 413/413/264
f 372/372/229 374/374/231 414/414/265
f 372/372/229 414/414/265 410/410/261
f 375/375/232 373/373/230 413/413/264
f 375/375/232 413/413/264 417/417/268
f 374/374/231 376/376/233 401/401/252
f 374/374/231 401/401/252 414/414/265
f 377/377/234 375/375/232 417/417/268
f 377/377/234 417/417/268 390/390/243
f 376/376/233 378/378/235 399/399/250
f 376/376/233 399/399/250 401/401/252
f 379/379/236 377/377/234 390/390/243
f 379/379/236 390/390/243 388/388/241
# Vertices: 162, normals: 136, texture coordinates: 162, faces: 272

o obj4
v 0.01456955 0.04593067 0.00521975
v 0.01489004 0.04593067 0.00561952
v 0.0166118 0.0499757 0.00772657
v 0.01629131 0.0499757 0.0073268
v 0.01629131 0.0499757 0.0073268
v 0.0166118 0.0499757 0.00772657
v 0.01739743 0.0499757 0.00709674
v 0.01707694 0.0499757 0.00669697
v 0.01707694 0.0499757 0.00669697
v 0.01739743 0.0499757 0.00709674
v 0.01567568 0.04593067 0.00498969
v 0.01535519 0.04593067 0.00458992
v 0.01535519 0.04593067 0.00458992
v 0.01567568 0.04593067 0.00498969
v 0.01489004 0.04593067 0.00561952
v 0.01456955 0.04593067 0.00521975
v 0.01489004 0.04593067 0.00561952
v 0.01567568 0.04593067 0.00498969
v 0.01739743 0.0499757 0.00709674
v 0.0166118 0.0499757 0.00772657
v 0.01535519 0.04593067 0.00458992
v 0.01456955 0.04593067 0.00521975
v 0.01629131 0.0499757 0.0073268
v 0.01707694 0.0499757 0.00669697
v 0.01362365 0.04591172 0.01022325
v 0.01410563 0.04604759 0.01082446
v 0.01340511 0.05239904 0.00995065
v 0.01292314 0.05226317 0.00934945
v 0.01292314 0.05226317 0.00934945
v 0.01340511 0.05239904 0.00995065
v 0.0202261 0.05239904 0.00448238
v 0.01974413 0.05226317 0.00388118
v 0.01974413 0.05226317 0.00388118
v 0.0202261 0.05239904 0.00448238
v 0.02092662 0.04604759 0.00535618
v 0.02044464 0.04591172 0.00475498
v 0.02044464 0.04591172 0.00475498
v 0.02092662 0.04604759 0.00535618
v 0.01410563 0.04604759 0.01082446
v 0.01362365 0.04591172 0.01022325
v 0.01410563 0.04604759 0.01082446
v 0.02092662 0.04604759 0.00535618
v 0.0202261 0.05239904 0.00448238
v 0.01340511 0.05239904 0.00995065
v 0.02044464 0.04591172 0.00475498
v 0.01362365 0.04591172 0.01022325
v 0.01292314 0.05226317 0.00934945
v 0.01974413 0.05226317 0.00388118
vn -0.84228 0.46122 0.27901
vn 0.67908 -0.54008 0.49716
vn 0.84373 -0.45933 0.27772
vn -0.67814 0.54476 0.49332
vn 0.84228 -0.46122 -0.27902
vn -0.67907 0.54008 -0.49716
vn 0.67814 -0.54476 -0.49332
vn -0.84373 0.45933 -0.27772
vn -0.95266 -0.28975 0.09215
vn 0.9943 0.05355 0.09215
vn 0.95266 0.28975 0.09215
vn -0.9943 -0.05355 0.09215
vn 0.95266 0.28975 -0.09215
vn -0.9943 -0.05355 -0.09215
vn 0.9943 0.05355 -0.09215
vn -0.95266 -0.28975 -0.09215
vt 0.00586 0.88017
vt 0.00864 0.88017
vt 0.02392 0.85822
vt 0.02114 0.85822
vt 0.03133 0.88017
vt 0.03133 0.8774
vt 0.02586 0.8774
vt 0.02586 0.88017
vt 0.04913 0.88017
vt 0.05191 0.88017
vt 0.03664 0.85823
vt 0.03386 0.85823
vt 0.01133 0.85215
vt 0.01133 0.84938
vt 0.00586 0.84938
vt 0.00586 0.85215
vt 0.87928 0.53145
vt 0.87375 0.53145
vt 0.87375 0.55762
vt 0.87928 0.55762
vt 0.89527 0.38868
vt 0.88975 0.38868
vt 0.88975 0.41485
vt 0.89527 0.41485
vt 0.43988 0.77228
vt 0.44406 0.77154
vt 0.43799 0.73708
vt 0.43381 0.73781
vt 0.42181 0.37426
vt 0.42611 0.37426
vt 0.42611 0.32743
vt 0.42181 0.32743
vt 0.4538 0.77154
vt 0.45799 0.77228
vt 0.46406 0.73782
vt 0.45988 0.73708
vt 0.40581 0.37426
vt 0.41011 0.37426
vt 0.41011 0.32743
vt 0.40581 0.32743
vt 0.41781 0.9473
vt 0.41781 0.99414
vt 0.45325 0.99414
vt 0.45325 0.9473
vt 0.37381 0.9473
vt 0.37381 0.99414
vt 0.40926 0.99414
vt 0.40926 0.9473
usemtl mat0
f 427/427/269 428/428/270 429/429/271
f 427/427/269 429/429/271 430/430/272
f 431/431/272 432/432/271 433/433/273
f 431/431/272 433/433/273 434/434/274
f 435/435/274 436/436/273 437/437/275
f 435/435/274 437/437/275 438/438/276
f 439/439/276 440/440/275 441/441/270
f 439/439/276 441/441/270 442/442/269
f 443/443/270 444/444/275 445/445/273
f 443/443/270 445/445/273 446/446/271
f 447/447/276 448/448/269 449/449/272
f 447/447/276 449/449/272 450/450/274
f 451/451/277 452/452/278 453/453/279
f 451/451/277 453/453/279 454/454/280
f 455/455/280 456/456/279 457/457/281
f 455/455/280 457/457/281 458/458/282
f 459/459/282 460/460/281 461/461/283
f 459/459/282 461/461/283 462/462/284
f 463/463/284 464/464/283 465/465/278
f 463/463/284 465/465/278 466/466/277
f 467/467/278 468/468/283 469/469/281
f 467/467/278 469/469/281 470/470/279
f 471/471/284 472/472/277 473/473/280
f 471/471/284 473/473/280 474/474/282
# Vertices: 48, normals: 16, texture coordinates: 48, faces: 24

o obj5
v 0.0105746 0.06067504 0.00762973
v 0.00818363 0.06067504 0.00868022
v 0.00904391 0.06067504 0.00901531
v 0.01023952 0.06067504 0.00849001
v 0.00818363 0.04625435 0.00868022
v 0.0105746 0.04625435 0.00762973
v 0.01023952 0.04625435 0.00849001
v 0.00904391 0.04625435 0.00901531
v 0.00647817 0.04625435 -0.00169401
v 0.00408719 0.04625435 -0.00064352
v 0.00408719 0.06067504 -0.00064352
v 0.00647817 0.06067504 -0.00169401
v 0.0032452 0.04569311 -0.00081972
v 0.0032452 0.06123628 -0.00081972
v 0.00388607 0.06123628 -0.00110129
v 0.00388607 0.04569311 -0.00110129
v 0.00691792 0.06123628 -0.00243335
v 0.00691792 0.04569311 -0.00243335
v 0.00627705 0.04569311 -0.00215178
v 0.00627705 0.06123628 -0.00215178
v 0.00388607 0.04569311 -0.00110129
v 0.00388607 0.06123628 -0.00110129
v 0.00408719 0.06067504 -0.00064352
v 0.00408719 0.04625435 -0.00064352
v 0.00627705 0.06123628 -0.00215178
v 0.00627705 0.04569311 -0.00215178
v 0.00647817 0.04625435 -0.00169401
v 0.00647817 0.06067504 -0.00169401
v 0.00868461 0.04569311 0.00993775
v 0.00782433 0.04569311 0.00960266
v 0.00818363 0.04569311 0.00868022
v 0.00904391 0.04569311 0.00901531
v 0.00782433 0.04569311 0.00960266
v 0.00868461 0.04569311 0.00993775
v 0.00868461 0.06123628 0.00993775
v 0.00782433 0.06123628 0.00960266
v 0.00782433 0.06123628 0.00960266
v 0.00868461 0.06123628 0.00993775
v 0.00904391 0.06123628 0.00901531
v 0.00818363 0.06123628 0.00868022
v 0.01116196 0.06123628 0.00884931
v 0.01149705 0.06123628 0.00798903
v 0.0105746 0.06123628 0.00762973
v 0.01023952 0.06123628 0.00849001
v 0.01149705 0.06123628 0.00798903
v 0.01116196 0.06123628 0.00884931
v 0.01116196 0.04569311 0.00884931
v 0.01149705 0.04569311 0.00798903
v 0.01149705 0.04569311 0.00798903
v 0.01116196 0.04569311 0.00884931
v 0.01023952 0.04569311 0.00849001
v 0.0105746 0.04569311 0.00762973
v 0.00818363 0.06123628 0.00868022
v 0.00904391 0.06123628 0.00901531
v 0.00904391 0.06067504 0.00901531
v 0.00818363 0.06067504 0.00868022
v 0.01023952 0.06123628 0.00849001
v 0.0105746 0.06123628 0.00762973
v 0.0105746 0.06067504 0.00762973
v 0.01023952 0.06067504 0.00849001
v 0.0105746 0.04569311 0.00762973
v 0.01023952 0.04569311 0.00849001
v 0.01023952 0.04625435 0.00849001
v 0.0105746 0.04625435 0.00762973
v 0.00904391 0.04569311 0.00901531
v 0.00818363 0.04569311 0.00868022
v 0.00818363 0.04625435 0.00868022
v 0.00904391 0.04625435 0.00901531
v 0.0032452 0.04569311 -0.00081972
v 0.0032452 0.06123628 -0.00081972
v 0.00691792 0.06123628 -0.00243335
v 0.00691792 0.04569311 -0.00243335
v 0.0032452 0.06123628 -0.00081972
v 0.00388607 0.06123628 -0.00110129
v 0.00691792 0.06123628 -0.00243335
v 0.00627705 0.06123628 -0.00215178
v 0.00691792 0.04569311 -0.00243335
v 0.00627705 0.04569311 -0.00215178
v 0.0032452 0.04569311 -0.00081972
v 0.00388607 0.04569311 -0.00110129
v 0.00388607 0.06123628 -0.00110129
v 0.00408719 0.06067504 -0.00064352
v 0.00627705 0.06123628 -0.00215178
v 0.00647817 0.06067504 -0.00169401
v 0.00627705 0.04569311 -0.00215178
v 0.00647817 0.04625435 -0.00169401
v 0.00388607 0.04569311 -0.00110129
v 0.00408719 0.04625435 -0.00064352
v 0.00408719 0.06067504 -0.00064352
v 0.00647817 0.06067504 -0.00169401
v 0.00647817 0.04625435 -0.00169401
v 0.00408719 0.04625435 -0.00064352
vn -0.02632 0.97914 0.20147
vn -0.02632 0.97914 -0.20147
vn -0.69683 0.70956 -0.10467
vn -0.69683 0.70956 0.10467
vn -0.02632 -0.97914 -0.20147
vn -0.02632 -0.97914 0.20147
vn -0.69683 -0.70956 0.10467
vn -0.69683 -0.70956 -0.10467
vn -0.91777 -0.32788 0.22402
vn -0.91777 -0.32788 -0.22402
vn -0.91777 0.32788 -0.22402
vn -0.91777 0.32788 0.22402
vn -0.13502 -0.04849 0.98966
vn -0.13502 0.04849 0.98966
vn -0.91401 0.32825 -0.2384
vn -0.91401 -0.32825 -0.2384
vn -0.13502 0.04849 -0.98966
vn -0.13502 -0.04849 -0.98966
vn -0.91401 -0.32825 0.2384
vn -0.91401 0.32825 0.2384
vn 0.99605 -0.01654 0.08725
vn 0.1194 -0.03652 0.99217
vn -0.0581 -0.89379 -0.44472
vn -0.5943 -0.79927 -0.08927
vn 0.99605 0.01654 0.08725
vn 0.1194 0.03652 0.99217
vn -0.5943 0.79927 -0.08927
vn -0.0581 0.89379 -0.44471
vn 0.99605 0.01654 -0.08725
vn 0.1194 0.03652 -0.99217
vn -0.0581 0.89379 0.44471
vn -0.5943 0.79927 0.08927
vn 0.99605 -0.01654 -0.08725
vn 0.1194 -0.03652 -0.99217
vn -0.5943 -0.79927 0.08927
vn -0.0581 -0.89379 0.44471
vt 0.43781 0.4094
vt 0.45198 0.4094
vt 0.44843 0.40586
vt 0.44135 0.40586
vt 0.93992 0.74228
vt 0.92575 0.74228
vt 0.92929 0.74582
vt 0.93637 0.74582
vt 0.90975 0.15647
vt 0.92476 0.15647
vt 0.92476 0.08262
vt 0.90975 0.08262
vt 0.96574 0.49032
vt 0.96574 0.56992
vt 0.96977 0.56992
vt 0.96977 0.49032
vt 0.18984 0.04344
vt 0.18984 0.12304
vt 0.19386 0.12304
vt 0.19386 0.04344
vt 0.39381 0.33923
vt 0.39381 0.4203
vt 0.39663 0.41738
vt 0.39663 0.34216
vt 0.22983 0.00596
vt 0.22983 0.08703
vt 0.23265 0.08411
vt 0.23265 0.0089
vt 0.37204 0.24569
vt 0.37558 0.24215
vt 0.37178 0.23835
vt 0.36824 0.2419
vt 0.06609 0.27048
vt 0.07168 0.27048
vt 0.07168 0.18547
vt 0.06609 0.18547
vt 0.91552 0.49585
vt 0.91198 0.4923
vt 0.90818 0.4961
vt 0.91172 0.49964
vt 0.89729 0.4923
vt 0.89375 0.49585
vt 0.89755 0.49964
vt 0.90109 0.4961
vt 0.09231 0.18547
vt 0.08748 0.18547
vt 0.08748 0.27048
vt 0.09231 0.27048
vt 0.35382 0.24215
vt 0.35736 0.24569
vt 0.36116 0.2419
vt 0.35761 0.23835
vt 0.95779 0.63705
vt 0.95779 0.63126
vt 0.95374 0.63126
vt 0.95374 0.63705
vt 0.95779 0.6207
vt 0.95779 0.61491
vt 0.95374 0.61491
vt 0.95374 0.6207
vt 0.94174 0.93307
vt 0.94174 0.93886
vt 0.94579 0.93886
vt 0.94579 0.93307
vt 0.94174 0.94942
vt 0.94174 0.95521
vt 0.94579 0.95521
vt 0.94579 0.94942
vt 0.00586 0.27048
vt 0.00586 0.18547
vt 0.15292 0.18547
vt 0.15292 0.27048
vt 0.91552 0.55762
vt 0.91172 0.55762
vt 0.89375 0.55762
vt 0.89755 0.55762
vt 0.35382 0.18038
vt 0.35761 0.18038
vt 0.37558 0.18038
vt 0.37179 0.18038
vt 0.95779 0.67598
vt 0.95374 0.67415
vt 0.95779 0.57598
vt 0.95374 0.5778
vt 0.94174 0.89414
vt 0.94579 0.89596
vt 0.94174 0.99414
vt 0.94579 0.99232
vt 0.45198 0.46466
vt 0.43781 0.46466
vt 0.92575 0.68702
vt 0.93992 0.68702
usemtl mat0
f 475/475/285 476/476/286 477/477/287
f 475/475/285 477/477/287 478/478/288
f 479/479/289 480/480/290 481/481/291
f 479/479/289 481/481/291 482/482/292
f 483/483/293 484/484/294 485/485/295
f 483/483/293 485/485/295 486/486/296
f 487/487/297 488/488/298 489/489/299
f 487/487/297 489/489/299 490/490/300
f 491/491/301 492/492/302 493/493/303
f 491/491/301 493/493/303 494/494/304
f 495/495/300 496/496/299 497/497/295
f 495/495/300 497/497/295 498/498/294
f 499/499/304 500/500/303 501/501/293
f 499/499/304 501/501/293 502/502/296
f 503/503/305 504/504/306 505/505/307
f 503/503/305 505/505/307 506/506/308
f 507/507/306 508/508/305 509/509/309
f 507/507/306 509/509/309 510/510/310
f 511/511/310 512/512/309 513/513/311
f 511/511/310 513/513/311 514/514/312
f 515/515/313 516/516/314 517/517/315
f 515/515/313 517/517/315 518/518/316
f 519/519/314 520/520/313 521/521/317
f 519/519/314 521/521/317 522/522/318
f 523/523/318 524/524/317 525/525/319
f 523/523/318 525/525/319 526/526/320
f 527/527/312 528/528/311 529/529/287
f 527/527/312 529/529/287 530/530/286
f 531/531/316 532/532/315 533/533/285
f 531/531/316 533/533/285 534/534/288
f 535/535/320 536/536/319 537/537/291
f 535/535/320 537/537/291 538/538/290
f 539/539/308 540/540/307 541/541/289
f 539/539/308 541/541/289 542/542/292
f 543/543/297 507/507/306 510/510/310
f 543/543/297 510/510/310 544/544/298
f 545/545/301 519/519/314 522/522/318
f 545/545/301 522/522/318 546/546/302
f 508/508/305 521/521/317 520/520/313
f 508/508/305 520/520/313 509/509/309
f 547/547/298 511/511/310 514/514/312
f 547/547/298 514/514/312 548/548/299
f 512/512/309 515/515/313 518/518/316
f 512/512/309 518/518/316 513/513/311
f 516/516/314 549/549/301 550/550/304
f 516/516/314 550/550/304 517/517/315
f 551/551/302 523/523/318 526/526/320
f 551/551/302 526/526/320 552/552/303
f 524/524/317 503/503/305 506/506/308
f 524/524/317 506/506/308 525/525/319
f 504/504/306 553/553/297 554/554/300
f 504/504/306 554/554/300 505/505/307
f 555/555/299 527/527/312 530/530/286
f 555/555/299 530/530/286 556/556/295
f 528/528/311 531/531/316 534/534/288
f 528/528/311 534/534/288 529/529/287
f 532/532/315 557/557/304 558/558/296
f 532/532/315 558/558/296 533/533/285
f 559/559/303 535/535/320 538/538/290
f 559/559/303 538/538/290 560/560/293
f 536/536/319 539/539/308 542/542/292
f 536/536/319 542/542/292 537/537/291
f 540/540/307 561/561/300 562/562/294
f 540/540/307 562/562/294 541/541/289
f 563/563/295 476/476/286 475/475/285
f 563/563/295 475/475/285 564/564/296
f 565/565/293 480/480/290 479/479/289
f 565/565/293 479/479/289 566/566/294
# Vertices: 92, normals: 36, texture coordinates: 92, faces: 68

o obj6
v 0.011262 0.02711005 0.01060668
v 0.01152267 0.02711005 0.01119997
v 0.01152267 0.04454961 0.01119997
v 0.011262 0.04454961 0.01060668
v 0.011262 0.04454961 0.01060668
v 0.01152267 0.04454961 0.01119997
v 0.02280528 0.04454961 0.00624289
v 0.02254462 0.04454961 0.0056496
v 0.02254462 0.04454961 0.0056496
v 0.02280528 0.04454961 0.00624289
v 0.02280528 0.02711005 0.00624289
v 0.02254462 0.02711005 0.0056496
v 0.02254462 0.02711005 0.0056496
v 0.02280528 0.02711005 0.00624289
v 0.01152267 0.02711005 0.01119997
v 0.011262 0.02711005 0.01060668
v 0.01152267 0.02711005 0.01119997
v 0.02280528 0.02711005 0.00624289
v 0.02280528 0.04454961 0.00624289
v 0.01152267 0.04454961 0.01119997
v 0.02254462 0.02711005 0.0056496
v 0.011262 0.02711005 0.01060668
v 0.011262 0.04454961 0.01060668
v 0.02254462 0.04454961 0.0056496
vn -0.42092 -0.42092 0.80352
vn 0.42092 -0.42092 0.80352
vn 0.42092 0.42092 0.80352
vn -0.42092 0.42092 0.80352
vn 0.42092 0.42092 -0.80352
vn -0.42092 0.42092 -0.80352
vn 0.42092 -0.42092 -0.80352
vn -0.42092 -0.42092 -0.80352
vt 0.95374 0.45402
vt 0.95726 0.45402
vt 0.95726 0.35939
vt 0.95374 0.35939
vt 0.02986 0.07837
vt 0.03337 0.07837
vt 0.03337 0.0115
vt 0.02986 0.0115
vt 0.96926 0.79882
vt 0.96574 0.79882
vt 0.96574 0.89344
vt 0.96926 0.89344
vt 0.04537 0.0115
vt 0.04185 0.0115
vt 0.04185 0.07837
vt 0.04537 0.07837
vt 0.84976 0.85971
vt 0.91662 0.85971
vt 0.91662 0.76508
vt 0.84976 0.76508
vt 0.26983 0.40535
vt 0.33669 0.40535
vt 0.33669 0.31072
vt 0.26983 0.31072
usemtl mat1
f 567/567/321 568/568/322 569/569/323
f 567/567/321 569/569/323 570/570/324
f 571/571/324 572/572/323 573/573/325
f 571/571/324 573/573/325 574/574/326
f 575/575/326 576/576/325 577/577/327
f 575/575/326 577/577/327 578/578/328
f 579/579/328 580/580/327 581/581/322
f 579/579/328 581/581/322 582/582/321
f 583/583/322 584/584/327 585/585/325
f 583/583/322 585/585/325 586/586/323
f 587/587/328 588/588/321 589/589/324
f 587/587/328 589/589/324 590/590/326
# Vertices: 24, normals: 8, texture coordinates: 24, faces: 12

o obj7
v 0.00107556 0.02711005 0.01596708
v 0.00133622 0.02711005 0.01656036
v 0.00133622 0.04454961 0.01656036
v 0.00107556 0.04454961 0.01596708
v 0.00107556 0.04454961 0.01596708
v 0.00133622 0.04454961 0.01656036
v 0.01261883 0.04454961 0.01160328
v 0.01235817 0.04454961 0.01101
v 0.01235817 0.04454961 0.01101
v 0.01261883 0.04454961 0.01160328
v 0.01261883 0.02711005 0.01160328
v 0.01235817 0.02711005 0.01101
v 0.01235817 0.02711005 0.01101
v 0.01261883 0.02711005 0.01160328
v 0.00133622 0.02711005 0.01656036
v 0.00107556 0.02711005 0.01596708
v 0.00133622 0.02711005 0.01656036
v 0.01261883 0.02711005 0.01160328
v 0.01261883 0.04454961 0.01160328
v 0.00133622 0.04454961 0.01656036
v 0.01235817 0.02711005 0.01101
v 0.00107556 0.02711005 0.01596708
v 0.00107556 0.04454961 0.01596708
v 0.01235817 0.04454961 0.01101
vn -0.42092 -0.42092 0.80352
vn 0.42092 -0.42092 0.80352
vn 0.42092 0.42092 0.80352
vn -0.42092 0.42092 0.80352
vn 0.42092 0.42092 -0.80352
vn -0.42092 0.42092 -0.80352
vn 0.42092 -0.42092 -0.80352
vn -0.42092 -0.42092 -0.80352
vt 0.95774 0.99414
vt 0.96126 0.99414
vt 0.96126 0.89951
vt 0.95774 0.89951
vt 0.01786 0.07862
vt 0.02137 0.07862
vt 0.02137 0.01176
vt 0.01786 0.01176
vt 0.96926 0.69812
vt 0.96574 0.69812
vt 0.96574 0.79275
vt 0.96926 0.79275
vt 0.05737 0.0115
vt 0.05385 0.0115
vt 0.05385 0.07837
vt 0.05737 0.07837
vt 0.84976 0.75901
vt 0.91662 0.75901
vt 0.91662 0.66439
vt 0.84976 0.66439
vt 0.84976 0.65831
vt 0.91662 0.65831
vt 0.91662 0.56369
vt 0.84976 0.56369
usemtl mat1
f 591/591/329 592/592/330 593/593/331
f 591/591/329 593/593/331 594/594/332
f 595/595/332 596/596/331 597/597/333
f 595/595/332 597/597/333 598/598/334
f 599/599/334 600/600/333 601/601/335
f 599/599/334 601/601/335 602/602/336
f 603/603/336 604/604/335 605/605/330
f 603/603/336 605/605/330 606/606/329
f 607/607/330 608/608/335 609/609/333
f 607/607/330 609/609/333 610/610/331
f 611/611/336 612/612/329 613/613/332
f 611/611/336 613/613/332 614/614/334
# Vertices: 24, normals: 8, texture coordinates: 24, faces: 12

o obj8
v 0.02447752 -0 0.0235192
v 0.03115811 -0 0.03872464
v 0.04026089 -0 0.03472528
v 0.01148802 -0 0.04338994
v 0.01425537 -0 0.04968861
v 0.02335815 -0 0.04568926
v 0.01537474 -0 0.02751855
v -0.00525297 -0 0.05472206
v 0.0038498 -0 0.0507227
v 0.00238525 -0 0.0473893
v -0.01193357 -0 0.03951661
v 0.04936366 -0 0.03072593
v 0.01949171 0 -0.03726444
v 0.01038894 0 -0.03326508
v 0.00811629 0 -0.01371994
v -0.00098648 0 -0.00972058
v -0.01555173 0 -0.01815417
v -0.02465451 0 -0.01415481
v -0.02829479 -0 0.00227748
v -0.02103635 -0 0.04351597
v -0.03739757 -0 0.00627683
v -0.00191371 0 -0.03654884
v 0.00718906 0 -0.0405482
v -0.01101649 0 -0.03254949
v -0.02011926 0 -0.02855013
v -0.02922203 0 -0.02455078
v -0.0383248 0 -0.02055142
vn 0 1 0
vt 0.36186 0.7244
vt 0.45198 0.7244
vt 0.45198 0.67045
vt 0.43222 0.8323
vt 0.46955 0.8323
vt 0.46955 0.77835
vt 0.36186 0.77835
vt 0.45198 0.94019
vt 0.45198 0.88624
vt 0.43222 0.88624
vt 0.36186 0.94019
vt 0.45198 0.6165
vt 0.04902 0.6165
vt 0.04902 0.67045
vt 0.14116 0.7244
vt 0.14116 0.77835
vt 0.06747 0.8323
vt 0.06747 0.88624
vt 0.14116 0.94019
vt 0.36186 0.99414
vt 0.14116 0.99414
vt 0.00586 0.7244
vt 0.00586 0.67045
vt 0.00586 0.77835
vt 0.00586 0.8323
vt 0.00586 0.88624
vt 0.00586 0.94019
usemtl mat2
f 615/615/337 616/616/337 617/617/337
f 618/618/337 619/619/337 620/620/337
f 618/618/337 620/620/337 621/621/337
f 622/622/337 623/623/337 624/624/337
f 622/622/337 624/624/337 625/625/337
f 626/626/337 627/627/337 628/628/337
f 626/626/337 628/628/337 617/617/337
f 615/615/337 617/617/337 628/628/337
f 615/615/337 628/628/337 629/629/337
f 621/621/337 615/615/337 629/629/337
f 621/621/337 629/629/337 630/630/337
f 618/618/337 621/621/337 630/630/337
f 618/618/337 630/630/337 631/631/337
f 624/624/337 618/618/337 631/631/337
f 624/624/337 631/631/337 632/632/337
f 625/625/337 624/624/337 632/632/337
f 625/625/337 632/632/337 633/633/337
f 634/634/337 625/625/337 633/633/337
f 634/634/337 633/633/337 635/635/337
f 636/636/337 629/629/337 628/628/337
f 636/636/337 628/628/337 637/637/337
f 631/631/337 630/630/337 638/638/337
f 631/631/337 638/638/337 639/639/337
f 633/633/337 632/632/337 640/640/337
f 633/633/337 640/640/337 641/641/337
# Vertices: 27, normals: 1, texture coordinates: 27, faces: 25

o obj9
v -0.03192945 0.01499231 0.01307487
v -0.02882178 0.01544631 0.02018131
v -0.02882178 0.01570127 0.02018131
v -0.01456273 0.01552159 0.01391046
v -0.01769606 0.01552159 0.00677881
v -0.01456273 0.01577654 0.01391046
v -0.03195937 -5.766E-05 0.01304547
v -0.02882604 -5.766E-05 0.02017713
v -0.02882604 0.00773197 0.02017713
v -0.03195511 0.00765669 0.01304965
v -0.03192945 0.01499231 0.01307487
v -0.02882178 0.01570127 0.02018131
v -0.02169438 0.01561752 0.01704379
v -0.02482346 0.01544631 0.00991632
v -0.01769606 0.00773196 0.00677881
v -0.01464423 0.00773197 0.01394627
v -0.01456273 -5.766E-05 0.01391046
v -0.01769606 -5.766E-05 0.00677881
v -0.0256927 -5.766E-05 0.02730878
v -0.01856105 -5.766E-05 0.02417545
v -0.01864255 0.00773197 0.02421125
v -0.0256927 0.00773197 0.02730878
v -0.02482772 -5.766E-05 0.00991214
v -0.03195937 -5.766E-05 0.01304547
v -0.03195511 0.00765669 0.01304965
v -0.02482772 0.00773196 0.00991214
v -0.02882178 0.01544631 0.02018131
v -0.0256927 0.01552159 0.02730878
v -0.01856105 0.01552159 0.02417545
v -0.02169438 0.01536256 0.01704379
v -0.01200242 0.00773197 0.02129388
v -0.0115109 -5.766E-05 0.02107792
v -0.0256927 -5.766E-05 0.02730878
v -0.0256927 0.00773197 0.02730878
v -0.01456273 0.01577654 0.01391046
v -0.01769606 0.01552159 0.00677881
v -0.01769606 -5.766E-05 0.00677881
v -0.01769606 0.00773196 0.00677881
v -0.0115109 -5.766E-05 0.02107792
v -0.01200242 0.00773197 0.02129388
v -0.0115109 0.01552159 0.02107792
v -0.01456273 0.01552159 0.01391046
v -0.0256927 0.01552159 0.02730878
v -0.03192945 0.01499231 0.01307487
v -0.02482346 0.01544631 0.00991632
v -0.01769606 0.01552159 0.00677881
v -0.0115109 0.01552159 0.02107792
v -0.01856105 0.01552159 0.02417545
v -0.0115109 0.01552159 0.02107792
v -0.0256927 0.01552159 0.02730878
vn -0.5939 0.56087 0.5768
vn 0.00768 0.45861 0.8886
vn -0.02398 0.99894 0.0393
vn 0.03108 0.42452 -0.90489
vn -0.58547 0.57583 -0.57065
vn 0.00497 0.99999 -0.00099
vn -0.7072 0.00035 0.70701
vn -7E-05 7E-05 1
vn -0.00033 0.00033 1
vn -0.70736 0.00143 0.70685
vn -0.00889 0.99977 0.01947
vn -0.71 0.70405 0.01467
vn -0.70425 0.00013 -0.70995
vn 0.02294 0 -0.99974
vn 0.02293 0.02293 -0.99947
vn -0.70507 0.00405 -0.70912
vn 0.70508 0 0.70913
vn 1 0 0
vn 0.70597 5E-05 0.70824
vn -1 0.00018 0.00018
vn -1 0.00082 0.00082
vn 0.57254 0.58444 0.575
vn 0.69526 0.71876 0.00174
vn 0.01985 0.9998 0.00242
vn 0.72252 0 -0.69135
vn 0.6913 0.02901 -0.72199
vn 0.56607 0.57421 -0.59147
vt 0.75398 0.59536
vt 0.79606 0.59289
vt 0.79606 0.59151
vt 0.79605 0.76766
vt 0.75377 0.76766
vt 0.79605 0.76904
vt 0.75377 0.67702
vt 0.79603 0.67702
vt 0.79603 0.63475
vt 0.7538 0.63516
vt 0.75385 0.85951
vt 0.79603 0.85967
vt 0.79611 0.81738
vt 0.75381 0.81734
vt 0.75377 0.72537
vt 0.79605 0.72537
vt 0.79605 0.68309
vt 0.75377 0.68309
vt 0.72977 0.36673
vt 0.77204 0.36673
vt 0.77155 0.32446
vt 0.72977 0.32446
vt 0.79603 0.58544
vt 0.8383 0.58544
vt 0.83829 0.54358
vt 0.79603 0.54318
vt 0.79741 0.85966
vt 0.83966 0.85971
vt 0.83972 0.81744
vt 0.79749 0.81738
vt 0.83833 0.72537
vt 0.83833 0.68309
vt 0.8383 0.67702
vt 0.8383 0.63475
vt 0.79599 0.77511
vt 0.75377 0.77519
vt 0.75377 0.58544
vt 0.75377 0.54318
vt 0.81382 0.36673
vt 0.81091 0.32446
vt 0.8397 0.77555
vt 0.79738 0.77513
vt 0.8383 0.59249
vt 0.83822 0.50378
vt 0.79602 0.50132
vt 0.75377 0.50091
vt 0.83833 0.76766
vt 0.77204 0.2822
vt 0.81382 0.2822
vt 0.72977 0.2822
usemtl mat0
f 642/642/338 643/643/339 644/644/340
f 645/645/341 646/646/342 647/647/343
f 648/648/344 649/649/345 650/650/346
f 648/648/344 650/650/346 651/651/347
f 652/652/338 653/653/340 654/654/348
f 652/652/338 654/654/348 655/655/349
f 656/656/350 657/657/351 658/658/352
f 656/656/350 658/658/352 659/659/353
f 660/660/354 661/661/355 662/662/355
f 660/660/354 662/662/355 663/663/356
f 664/664/357 665/665/344 666/666/347
f 664/664/357 666/666/347 667/667/358
f 668/668/339 669/669/359 670/670/360
f 668/668/339 670/670/360 671/671/361
f 658/658/352 657/657/351 672/672/362
f 658/658/352 672/672/362 673/673/363
f 650/650/346 649/649/345 674/674/354
f 650/650/346 674/674/354 675/675/356
f 668/668/339 671/671/361 654/654/348
f 668/668/339 654/654/348 653/653/340
f 655/655/349 654/654/348 676/676/343
f 655/655/349 676/676/343 677/677/342
f 678/678/353 664/664/357 667/667/358
f 678/678/353 667/667/358 679/679/350
f 662/662/355 661/661/355 680/680/363
f 662/662/355 680/680/363 681/681/362
f 671/671/361 670/670/360 682/682/364
f 671/671/361 682/682/364 683/683/341
f 654/654/348 671/671/361 683/683/341
f 654/654/348 683/683/341 676/676/343
f 643/643/339 650/650/346 675/675/356
f 643/643/339 675/675/356 684/684/359
f 651/651/347 650/650/346 643/643/339
f 651/651/347 643/643/339 642/642/338
f 667/667/358 666/666/347 685/685/338
f 667/667/358 685/685/338 686/686/349
f 679/679/350 667/667/358 686/686/349
f 679/679/350 686/686/349 687/687/342
f 646/646/342 645/645/341 657/657/351
f 646/646/342 657/657/351 656/656/350
f 672/672/362 657/657/351 645/645/341
f 672/672/362 645/645/341 688/688/364
f 689/689/360 662/662/355 681/681/362
f 689/689/360 681/681/362 690/690/364
f 663/663/356 662/662/355 689/689/360
f 663/663/356 689/689/360 691/691/359
# Vertices: 50, normals: 27, texture coordinates: 50, faces: 46

o obj10
v -0.00479502 0.05104259 0.00932047
v -0.00225155 0.05072076 0.01584736
v -0.00160323 0.05312211 0.01539421
v -0.00435643 0.05312211 0.00912777
v -0.00408323 0.05520163 0.00900774
v -0.00133004 0.05520163 0.01527418
v -0.00119712 0.05936068 0.01521578
v -0.00395031 0.05936068 0.00894935
vn -0.01184 0.2692 0.96301
vn -0.0064 0.2111 0.97744
vn -0.00626 0.20964 0.97776
vn 0 0.07092 0.99748
vn 0 0.03489 0.99939
vt 0.00586 0.99238
vt 0.04408 0.99414
vt 0.04324 0.98103
vt 0.00586 0.98103
vt 0.00586 0.96967
vt 0.04324 0.96967
vt 0.04324 0.94696
vt 0.00586 0.94696
usemtl mat0
f 692/692/365 693/693/365 694/694/366
f 692/692/365 694/694/366 695/695/367
f 696/696/368 697/697/368 698/698/369
f 696/696/368 698/698/369 699/699/369
f 695/695/367 694/694/366 697/697/368
f 695/695/367 697/697/368 696/696/368
# Vertices: 8, normals: 5, texture coordinates: 8, faces: 6

o obj11
v -0.01795809 0.00382435 0.02492872
v -0.0114312 0.00350252 0.02238525
v -0.01188435 0.00590387 0.02173693
v -0.01815078 0.00590387 0.02449013
v -0.01827081 0.00798339 0.02421693
v -0.01200438 0.00798339 0.02146374
v -0.01206278 0.01214244 0.02133082
v -0.01832921 0.01214244 0.02408401
vn -0.01184 0.2692 0.96301
vn -0.01184 0.2692 0.96301
vn -0.0064 0.2111 0.97744
vn -0.00626 0.20964 0.97776
vn 0 0.07092 0.99748
vn 0 0.03489 0.99939
vt 0.05385 0.99238
vt 0.09208 0.99414
vt 0.09123 0.98103
vt 0.05385 0.98103
vt 0.05385 0.96967
vt 0.09123 0.96967
vt 0.09123 0.94696
vt 0.05385 0.94696
usemtl mat0
f 700/700/370 701/701/371 702/702/372
f 700/700/370 702/702/372 703/703/373
f 704/704/374 705/705/374 706/706/375
f 704/704/374 706/706/375 707/707/375
f 703/703/373 702/702/372 705/705/374
f 703/703/373 705/705/374 704/704/374
# Vertices: 8, normals: 6, texture coordinates: 8, faces: 6

o obj12
v 0.00495732 0.05913491 0.01009771
v 0.00256634 0.05913491 0.0111482
v 0.00342662 0.05913491 0.01148329
v 0.00462223 0.05913491 0.01095799
v 0.00256634 0.04625435 0.0111482
v 0.00495732 0.04625435 0.01009771
v 0.00462223 0.04625435 0.01095799
v 0.00342662 0.04625435 0.01148329
v 0.00086088 0.04625435 0.00077397
v -0.0015301 0.04625435 0.00182446
v -0.0015301 0.05913491 0.00182446
v 0.00086088 0.05913491 0.00077397
v -0.00237209 0.04569311 0.00164827
v -0.00237209 0.05969615 0.00164827
v -0.00173122 0.05969615 0.0013667
v -0.00173122 0.04569311 0.0013667
v 0.00130063 0.05969615 3.464E-05
v 0.00130063 0.04569311 3.464E-05
v 0.00065976 0.04569311 0.00031621
v 0.00065976 0.05969615 0.00031621
v -0.00173122 0.04569311 0.0013667
v -0.00173122 0.05969615 0.0013667
v -0.0015301 0.05913491 0.00182446
v -0.0015301 0.04625435 0.00182446
v 0.00065976 0.05969615 0.00031621
v 0.00065976 0.04569311 0.00031621
v 0.00086088 0.04625435 0.00077397
v 0.00086088 0.05913491 0.00077397
v 0.00306732 0.04569311 0.01240574
v 0.00220704 0.04569311 0.01207065
v 0.00256634 0.04569311 0.0111482
v 0.00342662 0.04569311 0.01148329
v 0.00220704 0.04569311 0.01207065
v 0.00306732 0.04569311 0.01240574
v 0.00306732 0.05969615 0.01240574
v 0.00220704 0.05969615 0.01207065
v 0.00220704 0.05969615 0.01207065
v 0.00306732 0.05969615 0.01240574
v 0.00342662 0.05969615 0.01148329
v 0.00256634 0.05969615 0.0111482
v 0.00554467 0.05969615 0.0113173
v 0.00587976 0.05969615 0.01045702
v 0.00495732 0.05969615 0.01009771
v 0.00462223 0.05969615 0.01095799
v 0.00587976 0.05969615 0.01045702
v 0.00554467 0.05969615 0.0113173
v 0.00554467 0.04569311 0.0113173
v 0.00587976 0.04569311 0.01045702
v 0.00587976 0.04569311 0.01045702
v 0.00554467 0.04569311 0.0113173
v 0.00462223 0.04569311 0.01095799
v 0.00495732 0.04569311 0.01009771
v 0.00256634 0.05969615 0.0111482
v 0.00342662 0.05969615 0.01148329
v 0.00342662 0.05913491 0.01148329
v 0.00256634 0.05913491 0.0111482
v 0.00462223 0.05969615 0.01095799
v 0.00495732 0.05969615 0.01009771
v 0.00495732 0.05913491 0.01009771
v 0.00462223 0.05913491 0.01095799
v 0.00495732 0.04569311 0.01009771
v 0.00462223 0.04569311 0.01095799
v 0.00462223 0.04625435 0.01095799
v 0.00495732 0.04625435 0.01009771
v 0.00342662 0.04569311 0.01148329
v 0.00256634 0.04569311 0.0111482
v 0.00256634 0.04625435 0.0111482
v 0.00342662 0.04625435 0.01148329
v -0.00237209 0.04569311 0.00164827
v -0.00237209 0.05969615 0.00164827
v 0.00130063 0.05969615 3.464E-05
v 0.00130063 0.04569311 3.464E-05
v -0.00237209 0.05969615 0.00164827
v -0.00173122 0.05969615 0.0013667
v 0.00130063 0.05969615 3.464E-05
v 0.00065976 0.05969615 0.00031621
v 0.00130063 0.04569311 3.464E-05
v 0.00065976 0.04569311 0.00031621
v -0.00237209 0.04569311 0.00164827
v -0.00173122 0.04569311 0.0013667
v -0.00173122 0.05969615 0.0013667
v -0.0015301 0.05913491 0.00182446
v 0.00065976 0.05969615 0.00031621
v 0.00086088 0.05913491 0.00077397
v 0.00065976 0.04569311 0.00031621
v 0.00086088 0.04625435 0.00077397
v -0.00173122 0.04569311 0.0013667
v -0.0015301 0.04625435 0.00182446
v -0.0015301 0.05913491 0.00182446
v 0.00086088 0.05913491 0.00077397
v 0.00086088 0.04625435 0.00077397
v -0.0015301 0.04625435 0.00182446
vn -0.02632 0.97914 0.20147
vn -0.02632 0.97914 -0.20147
vn -0.69683 0.70956 -0.10467
vn -0.69683 0.70956 0.10467
vn -0.02632 -0.97914 -0.20147
vn -0.02632 -0.97914 0.20147
vn -0.69683 -0.70956 0.10467
vn -0.69683 -0.70956 -0.10467
vn -0.90342 -0.36135 0.23076
vn -0.90342 -0.36135 -0.23076
vn -0.90342 0.36135 -0.23076
vn -0.90343 0.36135 0.23076
vn -0.13499 -0.05381 0.98939
vn -0.13499 0.05381 0.98939
vn -0.89901 0.35837 -0.25169
vn -0.89901 -0.35837 -0.25169
vn -0.13499 0.05381 -0.98939
vn -0.13499 -0.05381 -0.98939
vn -0.89901 -0.35837 0.25169
vn -0.89901 0.35837 0.25169
vn 0.99602 -0.01836 0.08725
vn 0.11938 -0.04053 0.99202
vn -0.0581 -0.89379 -0.44472
vn -0.5943 -0.79927 -0.08927
vn 0.99602 0.01836 0.08725
vn 0.11938 0.04053 0.99202
vn -0.5943 0.79927 -0.08927
vn -0.0581 0.89379 -0.44472
vn 0.99602 0.01836 -0.08725
vn 0.11938 0.04053 -0.99202
vn -0.0581 0.89379 0.44472
vn -0.5943 0.79927 0.08927
vn 0.99602 -0.01836 -0.08725
vn 0.11938 -0.04053 -0.99202
vn -0.5943 -0.79927 0.08927
vn -0.0581 -0.89379 0.44471
vt 0.43781 0.53914
vt 0.45198 0.53914
vt 0.44843 0.5356
vt 0.44135 0.5356
vt 0.93992 0.80715
vt 0.92575 0.80715
vt 0.92929 0.81069
vt 0.93637 0.81069
vt 0.84576 0.12226
vt 0.86101 0.12226
vt 0.86101 0.05735
vt 0.84576 0.05735
vt 0.27783 0.01736
vt 0.27783 0.08762
vt 0.28193 0.08762
vt 0.28193 0.01736
vt 0.96574 0.41398
vt 0.96574 0.48425
vt 0.96985 0.48425
vt 0.96985 0.41398
vt 0.06585 0.00697
vt 0.06585 0.07838
vt 0.06873 0.07581
vt 0.06873 0.00956
vt 0.10185 0.00697
vt 0.10185 0.07838
vt 0.10472 0.07581
vt 0.10472 0.00956
vt 0.42403 0.44564
vt 0.42758 0.4421
vt 0.42378 0.4383
vt 0.42024 0.44184
vt 0.67526 0.24804
vt 0.68096 0.24804
vt 0.68096 0.173
vt 0.67526 0.173
vt 0.91552 0.42446
vt 0.91197 0.42092
vt 0.90818 0.42472
vt 0.91172 0.42826
vt 0.89729 0.42092
vt 0.89375 0.42446
vt 0.89755 0.42826
vt 0.90109 0.42472
vt 0.70202 0.173
vt 0.69709 0.173
vt 0.69709 0.24804
vt 0.70202 0.24804
vt 0.40581 0.4421
vt 0.40935 0.44564
vt 0.41315 0.44184
vt 0.40961 0.4383
vt 0.95379 0.74309
vt 0.95379 0.7373
vt 0.94974 0.7373
vt 0.94974 0.74309
vt 0.95379 0.72674
vt 0.95379 0.72095
vt 0.94974 0.72095
vt 0.94974 0.72674
vt 0.94974 0.2909
vt 0.94974 0.29669
vt 0.95379 0.29669
vt 0.95379 0.2909
vt 0.94974 0.30725
vt 0.94974 0.31304
vt 0.95379 0.31304
vt 0.95379 0.30725
vt 0.61378 0.24804
vt 0.61378 0.173
vt 0.76389 0.173
vt 0.76389 0.24804
vt 0.91552 0.48623
vt 0.91172 0.48623
vt 0.89375 0.48623
vt 0.89755 0.48623
vt 0.40581 0.38033
vt 0.40961 0.38033
vt 0.42758 0.38033
vt 0.42378 0.38033
vt 0.95379 0.78203
vt 0.94974 0.7802
vt 0.95379 0.68202
vt 0.94974 0.68384
vt 0.94974 0.25197
vt 0.95379 0.25379
vt 0.94974 0.35197
vt 0.95379 0.35015
vt 0.45198 0.5944
vt 0.43781 0.5944
vt 0.92575 0.75189
vt 0.93992 0.75189
usemtl mat0
f 708/708/376 709/709/377 710/710/378
f 708/708/376 710/710/378 711/711/379
f 712/712/380 713/713/381 714/714/382
f 712/712/380 714/714/382 715/715/383
f 716/716/384 717/717/385 718/718/386
f 716/716/384 718/718/386 719/719/387
f 720/720/388 721/721/389 722/722/390
f 720/720/388 722/722/390 723/723/391
f 724/724/392 725/725/393 726/726/394
f 724/724/392 726/726/394 727/727/395
f 728/728/391 729/729/390 730/730/386
f 728/728/391 730/730/386 731/731/385
f 732/732/395 733/733/394 734/734/384
f 732/732/395 734/734/384 735/735/387
f 736/736/396 737/737/397 738/738/398
f 736/736/396 738/738/398 739/739/399
f 740/740/397 741/741/396 742/742/400
f 740/740/397 742/742/400 743/743/401
f 744/744/401 745/745/400 746/746/402
f 744/744/401 746/746/402 747/747/403
f 748/748/404 749/749/405 750/750/406
f 748/748/404 750/750/406 751/751/407
f 752/752/405 753/753/404 754/754/408
f 752/752/405 754/754/408 755/755/409
f 756/756/409 757/757/408 758/758/410
f 756/756/409 758/758/410 759/759/411
f 760/760/403 761/761/402 762/762/378
f 760/760/403 762/762/378 763/763/377
f 764/764/407 765/765/406 766/766/376
f 764/764/407 766/766/376 767/767/379
f 768/768/411 769/769/410 770/770/382
f 768/768/411 770/770/382 771/771/381
f 772/772/399 773/773/398 774/774/380
f 772/772/399 774/774/380 775/775/383
f 776/776/388 740/740/397 743/743/401
f 776/776/388 743/743/401 777/777/389
f 778/778/392 752/752/405 755/755/409
f 778/778/392 755/755/409 779/779/393
f 741/741/396 754/754/408 753/753/404
f 741/741/396 753/753/404 742/742/400
f 780/780/389 744/744/401 747/747/403
f 780/780/389 747/747/403 781/781/390
f 745/745/400 748/748/404 751/751/407
f 745/745/400 751/751/407 746/746/402
f 749/749/405 782/782/392 783/783/395
f 749/749/405 783/783/395 750/750/406
f 784/784/393 756/756/409 759/759/411
f 784/784/393 759/759/411 785/785/394
f 757/757/408 736/736/396 739/739/399
f 757/757/408 739/739/399 758/758/410
f 737/737/397 786/786/388 787/787/391
f 737/737/397 787/787/391 738/738/398
f 788/788/390 760/760/403 763/763/377
f 788/788/390 763/763/377 789/789/386
f 761/761/402 764/764/407 767/767/379
f 761/761/402 767/767/379 762/762/378
f 765/765/406 790/790/395 791/791/387
f 765/765/406 791/791/387 766/766/376
f 792/792/394 768/768/411 771/771/381
f 792/792/394 771/771/381 793/793/384
f 769/769/410 772/772/399 775/775/383
f 769/769/410 775/775/383 770/770/382
f 773/773/398 794/794/391 795/795/385
f 773/773/398 795/795/385 774/774/380
f 796/796/386 709/709/377 708/708/376
f 796/796/386 708/708/376 797/797/387
f 798/798/384 713/713/381 712/712/380
f 798/798/384 712/712/380 799/799/385
# Vertices: 92, normals: 36, texture coordinates: 92, faces: 68

o obj13
v 0.01916101 0.04632155 0.00125373
v 0.01916101 0.04804596 0.00125373
v 0.0193344 0.0476149 0.00164838
v 0.0193344 0.04675261 0.00164838
v 0.01137444 0.04804596 0.00467481
v 0.01137444 0.04632155 0.00467481
v 0.01154783 0.04675261 0.00506945
v 0.01154783 0.0476149 0.00506945
v 0.00866958 0.04632155 -0.00148161
v 0.00866958 0.04804596 -0.00148161
v 0.01645615 0.04804596 -0.00490268
v 0.01645615 0.04632155 -0.00490268
v 0.0081975 0.04850816 -0.0016348
v 0.01666263 0.04850816 -0.005354
v 0.01666263 0.04804596 -0.005354
v 0.0081975 0.04804596 -0.0016348
v 0.01666263 0.04585935 -0.005354
v 0.0081975 0.04585935 -0.0016348
v 0.0081975 0.04632155 -0.0016348
v 0.01666263 0.04632155 -0.005354
v 0.0081975 0.04804596 -0.0016348
v 0.01666263 0.04804596 -0.005354
v 0.01645615 0.04804596 -0.00490268
v 0.00866958 0.04804596 -0.00148161
v 0.01666263 0.04632155 -0.005354
v 0.0081975 0.04632155 -0.0016348
v 0.00866958 0.04632155 -0.00148161
v 0.01645615 0.04632155 -0.00490268
v 0.01139447 0.04807711 0.00564168
v 0.01122108 0.04850816 0.00524704
v 0.01103516 0.04804596 0.00482387
v 0.01120855 0.0476149 0.00521852
v 0.01122108 0.04850816 0.00524704
v 0.01139447 0.04807711 0.00564168
v 0.0198596 0.04807711 0.00192248
v 0.01968621 0.04850816 0.00152784
v 0.01968621 0.04850816 0.00152784
v 0.0198596 0.04807711 0.00192248
v 0.01967368 0.0476149 0.00149932
v 0.01950029 0.04804596 0.00110467
v 0.0198596 0.04629041 0.00192248
v 0.01968621 0.04585935 0.00152784
v 0.01950029 0.04632155 0.00110467
v 0.01967368 0.04675261 0.00149932
v 0.01968621 0.04585935 0.00152784
v 0.0198596 0.04629041 0.00192248
v 0.01139447 0.04629041 0.00564168
v 0.01122108 0.04585935 0.00524704
v 0.01122108 0.04585935 0.00524704
v 0.01139447 0.04629041 0.00564168
v 0.01120855 0.04675261 0.00521852
v 0.01103516 0.04632155 0.00482387
v 0.01950029 0.04804596 0.00110467
v 0.01967368 0.0476149 0.00149932
v 0.0193344 0.0476149 0.00164838
v 0.01916101 0.04804596 0.00125373
v 0.01967368 0.04675261 0.00149932
v 0.01950029 0.04632155 0.00110467
v 0.01916101 0.04632155 0.00125373
v 0.0193344 0.04675261 0.00164838
v 0.01103516 0.04632155 0.00482387
v 0.01120855 0.04675261 0.00521852
v 0.01154783 0.04675261 0.00506945
v 0.01137444 0.04632155 0.00467481
v 0.01120855 0.0476149 0.00521852
v 0.01103516 0.04804596 0.00482387
v 0.01137444 0.04804596 0.00467481
v 0.01154783 0.0476149 0.00506945
v 0.0081975 0.04850816 -0.0016348
v 0.01666263 0.04850816 -0.005354
v 0.01666263 0.04585935 -0.005354
v 0.0081975 0.04585935 -0.0016348
v 0.01666263 0.04850816 -0.005354
v 0.01666263 0.04804596 -0.005354
v 0.01666263 0.04585935 -0.005354
v 0.01666263 0.04632155 -0.005354
v 0.0081975 0.04585935 -0.0016348
v 0.0081975 0.04632155 -0.0016348
v 0.0081975 0.04850816 -0.0016348
v 0.0081975 0.04804596 -0.0016348
v 0.01666263 0.04804596 -0.005354
v 0.01645615 0.04804596 -0.00490268
v 0.01666263 0.04632155 -0.005354
v 0.01645615 0.04632155 -0.00490268
v 0.0081975 0.04632155 -0.0016348
v 0.00866958 0.04632155 -0.00148161
v 0.0081975 0.04804596 -0.0016348
v 0.00866958 0.04804596 -0.00148161
v 0.01645615 0.04804596 -0.00490268
v 0.01645615 0.04632155 -0.00490268
v 0.00866958 0.04632155 -0.00148161
v 0.00866958 0.04804596 -0.00148161
vn -0.02632 0.97914 0.20147
vn -0.02632 0.97914 -0.20147
vn -0.69683 0.70956 -0.10467
vn -0.69683 0.70956 0.10467
vn -0.02632 -0.97914 -0.20147
vn -0.02632 -0.97914 0.20147
vn -0.69683 -0.70956 0.10467
vn -0.69683 -0.70956 -0.10467
vn -0.90342 -0.36135 0.23076
vn -0.90342 -0.36135 -0.23076
vn -0.90342 0.36135 -0.23076
vn -0.90343 0.36135 0.23076
vn -0.13499 -0.05381 0.98939
vn -0.13499 0.05381 0.98939
vn -0.89901 0.35837 -0.25169
vn -0.89901 -0.35837 -0.25169
vn -0.13499 0.05381 -0.98939
vn -0.13499 -0.05381 -0.98939
vn -0.89901 -0.35837 0.25169
vn -0.89901 0.35837 0.25169
vn 0.99602 -0.01836 0.08725
vn 0.11938 -0.04053 0.99202
vn -0.0581 -0.89379 -0.44472
vn -0.5943 -0.79927 -0.08927
vn 0.99602 0.01836 0.08725
vn 0.11938 0.04053 0.99202
vn -0.5943 0.79927 -0.08927
vn -0.0581 0.89379 -0.44472
vn 0.99602 0.01836 -0.08725
vn 0.11938 0.04053 -0.99202
vn -0.0581 0.89379 0.44472
vn -0.5943 0.79927 0.08927
vn 0.99602 -0.01836 -0.08725
vn 0.11938 -0.04053 -0.99202
vn -0.5943 -0.79927 0.08927
vn -0.0581 -0.89379 0.44471
vt 0.37381 0.73579
vt 0.38317 0.73579
vt 0.38083 0.73345
vt 0.37615 0.73345
vt 0.40317 0.76994
vt 0.39381 0.76994
vt 0.39615 0.77228
vt 0.40083 0.77228
vt 0.34582 0.35642
vt 0.35589 0.35642
vt 0.35589 0.31356
vt 0.34582 0.31356
vt 0.5018 0.03122
vt 0.5018 0.07761
vt 0.50451 0.07761
vt 0.50451 0.03122
vt 0.4778 0.03121
vt 0.4778 0.07761
vt 0.48051 0.07761
vt 0.48051 0.03121
vt 0.59779 0.68125
vt 0.59779 0.7284
vt 0.59968 0.7267
vt 0.59968 0.68295
vt 0.54979 0.03046
vt 0.54979 0.07762
vt 0.55169 0.07593
vt 0.55169 0.03217
vt 0.11388 0.99414
vt 0.11622 0.9918
vt 0.11371 0.98929
vt 0.11137 0.99163
vt 0.77836 0.12226
vt 0.78213 0.12226
vt 0.78213 0.07271
vt 0.77836 0.07271
vt 0.02023 0.62359
vt 0.01789 0.62125
vt 0.01539 0.62376
vt 0.01772 0.6261
vt 0.0082 0.62125
vt 0.00586 0.62359
vt 0.00837 0.6261
vt 0.01071 0.62376
vt 0.79603 0.07271
vt 0.79278 0.07271
vt 0.79278 0.12226
vt 0.79603 0.12226
vt 0.10185 0.9918
vt 0.10419 0.99414
vt 0.10669 0.99163
vt 0.10436 0.98929
vt 0.46447 0.96843
vt 0.46447 0.96461
vt 0.4618 0.96461
vt 0.4618 0.96843
vt 0.46447 0.95764
vt 0.46447 0.95382
vt 0.4618 0.95382
vt 0.4618 0.95764
vt 0.41781 0.03729
vt 0.41781 0.04112
vt 0.42048 0.04112
vt 0.42048 0.03729
vt 0.41781 0.04809
vt 0.41781 0.05191
vt 0.42048 0.05191
vt 0.42048 0.04809
vt 0.73777 0.12226
vt 0.73777 0.07271
vt 0.83688 0.07271
vt 0.83688 0.12226
vt 0.02023 0.66438
vt 0.01772 0.66438
vt 0.00586 0.66438
vt 0.00837 0.66438
vt 0.10185 0.95102
vt 0.10436 0.95102
vt 0.11622 0.95102
vt 0.11371 0.95102
vt 0.46447 0.99414
vt 0.4618 0.99294
vt 0.46447 0.92811
vt 0.4618 0.92931
vt 0.41781 0.01159
vt 0.42048 0.01279
vt 0.41781 0.07762
vt 0.42048 0.07641
vt 0.38317 0.77228
vt 0.37381 0.77228
vt 0.39381 0.73345
vt 0.40317 0.73345
usemtl mat0
f 800/800/412 801/801/413 802/802/414
f 800/800/412 802/802/414 803/803/415
f 804/804/416 805/805/417 806/806/418
f 804/804/416 806/806/418 807/807/419
f 808/808/420 809/809/421 810/810/422
f 808/808/420 810/810/422 811/811/423
f 812/812/424 813/813/425 814/814/426
f 812/812/424 814/814/426 815/815/427
f 816/816/428 817/817/429 818/818/430
f 816/816/428 818/818/430 819/819/431
f 820/820/427 821/821/426 822/822/422
f 820/820/427 822/822/422 823/823/421
f 824/824/431 825/825/430 826/826/420
f 824/824/431 826/826/420 827/827/423
f 828/828/432 829/829/433 830/830/434
f 828/828/432 830/830/434 831/831/435
f 832/832/433 833/833/432 834/834/436
f 832/832/433 834/834/436 835/835/437
f 836/836/437 837/837/436 838/838/438
f 836/836/437 838/838/438 839/839/439
f 840/840/440 841/841/441 842/842/442
f 840/840/440 842/842/442 843/843/443
f 844/844/441 845/845/440 846/846/444
f 844/844/441 846/846/444 847/847/445
f 848/848/445 849/849/444 850/850/446
f 848/848/445 850/850/446 851/851/447
f 852/852/439 853/853/438 854/854/414
f 852/852/439 854/854/414 855/855/413
f 856/856/443 857/857/442 858/858/412
f 856/856/443 858/858/412 859/859/415
f 860/860/447 861/861/446 862/862/418
f 860/860/447 862/862/418 863/863/417
f 864/864/435 865/865/434 866/866/416
f 864/864/435 866/866/416 867/867/419
f 868/868/424 832/832/433 835/835/437
f 868/868/424 835/835/437 869/869/425
f 870/870/428 844/844/441 847/847/445
f 870/870/428 847/847/445 871/871/429
f 833/833/432 846/846/444 845/845/440
f 833/833/432 845/845/440 834/834/436
f 872/872/425 836/836/437 839/839/439
f 872/872/425 839/839/439 873/873/426
f 837/837/436 840/840/440 843/843/443
f 837/837/436 843/843/443 838/838/438
f 841/841/441 874/874/428 875/875/431
f 841/841/441 875/875/431 842/842/442
f 876/876/429 848/848/445 851/851/447
f 876/876/429 851/851/447 877/877/430
f 849/849/444 828/828/432 831/831/435
f 849/849/444 831/831/435 850/850/446
f 829/829/433 878/878/424 879/879/427
f 829/829/433 879/879/427 830/830/434
f 880/880/426 852/852/439 855/855/413
f 880/880/426 855/855/413 881/881/422
f 853/853/438 856/856/443 859/859/415
f 853/853/438 859/859/415 854/854/414
f 857/857/442 882/882/431 883/883/423
f 857/857/442 883/883/423 858/858/412
f 884/884/430 860/860/447 863/863/417
f 884/884/430 863/863/417 885/885/420
f 861/861/446 864/864/435 867/867/419
f 861/861/446 867/867/419 862/862/418
f 865/865/434 886/886/427 887/887/421
f 865/865/434 887/887/421 866/866/416
f 888/888/422 801/801/413 800/800/412
f 888/888/422 800/800/412 889/889/423
f 890/890/420 805/805/417 804/804/416
f 890/890/420 804/804/416 891/891/421
# Vertices: 92, normals: 36, texture coordinates: 92, faces: 68

o obj14
v 0.01893276 0.04898493 0.00013919
v 0.01893276 0.05070934 0.00013919
v 0.01915295 0.05027828 0.00050976
v 0.01915295 0.04941599 0.00050976
v 0.01162115 0.05070934 0.0044837
v 0.01162115 0.04898493 0.0044837
v 0.01184134 0.04941599 0.00485428
v 0.01184134 0.05027828 0.00485428
v 0.00818618 0.04898493 -0.00129718
v 0.00818618 0.05070934 -0.00129718
v 0.01549779 0.05070934 -0.0056417
v 0.01549779 0.04898493 -0.0056417
v 0.00769895 0.05117154 -0.0013917
v 0.01564772 0.05117154 -0.00611482
v 0.01564772 0.05070934 -0.00611482
v 0.00769895 0.05070934 -0.0013917
v 0.01564772 0.04852273 -0.00611482
v 0.00769895 0.04852273 -0.0013917
v 0.00769895 0.04898493 -0.0013917
v 0.01564772 0.04898493 -0.00611482
v 0.00769895 0.05070934 -0.0013917
v 0.01564772 0.05070934 -0.00611482
v 0.01549779 0.05070934 -0.0056417
v 0.00818618 0.05070934 -0.00129718
v 0.01564772 0.04898493 -0.00611482
v 0.00769895 0.04898493 -0.0013917
v 0.00818618 0.04898493 -0.00129718
v 0.01549779 0.04898493 -0.0056417
v 0.01175887 0.05074049 0.00544093
v 0.01153867 0.05117154 0.00507036
v 0.01130257 0.05070934 0.004673
v 0.01152276 0.05027828 0.00504358
v 0.01153867 0.05117154 0.00507036
v 0.01175887 0.05074049 0.00544093
v 0.01970764 0.05074049 0.00071781
v 0.01948745 0.05117154 0.00034724
v 0.01948745 0.05117154 0.00034724
v 0.01970764 0.05074049 0.00071781
v 0.01947153 0.05027828 0.00032046
v 0.01925134 0.05070934 -5.011E-05
v 0.01970764 0.04895378 0.00071781
v 0.01948745 0.04852273 0.00034724
v 0.01925134 0.04898493 -5.011E-05
v 0.01947153 0.04941599 0.00032046
v 0.01948745 0.04852273 0.00034724
v 0.01970764 0.04895378 0.00071781
v 0.01175887 0.04895378 0.00544093
v 0.01153867 0.04852273 0.00507036
v 0.01153867 0.04852273 0.00507036
v 0.01175887 0.04895378 0.00544093
v 0.01152276 0.04941599 0.00504358
v 0.01130257 0.04898493 0.004673
v 0.01925134 0.05070934 -5.011E-05
v 0.01947153 0.05027828 0.00032046
v 0.01915295 0.05027828 0.00050976
v 0.01893276 0.05070934 0.00013919
v 0.01947153 0.04941599 0.00032046
v 0.01925134 0.04898493 -5.011E-05
v 0.01893276 0.04898493 0.00013919
v 0.01915295 0.04941599 0.00050976
v 0.01130257 0.04898493 0.004673
v 0.01152276 0.04941599 0.00504358
v 0.01184134 0.04941599 0.00485428
v 0.01162115 0.04898493 0.0044837
v 0.01152276 0.05027828 0.00504358
v 0.01130257 0.05070934 0.004673
v 0.01162115 0.05070934 0.0044837
v 0.01184134 0.05027828 0.00485428
v 0.00769895 0.05117154 -0.0013917
v 0.01564772 0.05117154 -0.00611482
v 0.01564772 0.04852273 -0.00611482
v 0.00769895 0.04852273 -0.0013917
v 0.01564772 0.05117154 -0.00611482
v 0.01564772 0.05070934 -0.00611482
v 0.01564772 0.04852273 -0.00611482
v 0.01564772 0.04898493 -0.00611482
v 0.00769895 0.04852273 -0.0013917
v 0.00769895 0.04898493 -0.0013917
v 0.00769895 0.05117154 -0.0013917
v 0.00769895 0.05070934 -0.0013917
v 0.01564772 0.05070934 -0.00611482
v 0.01549779 0.05070934 -0.0056417
v 0.01564772 0.04898493 -0.00611482
v 0.01549779 0.04898493 -0.0056417
v 0.00769895 0.04898493 -0.0013917
v 0.00818618 0.04898493 -0.00129718
v 0.00769895 0.05070934 -0.0013917
v 0.00818618 0.05070934 -0.00129718
v 0.01549779 0.05070934 -0.0056417
v 0.01549779 0.04898493 -0.0056417
v 0.00818618 0.04898493 -0.00129718
v 0.00818618 0.05070934 -0.00129718
vn -0.02632 0.97914 0.20147
vn -0.02632 0.97914 -0.20147
vn -0.69683 0.70956 -0.10467
vn -0.69683 0.70956 0.10467
vn -0.02632 -0.97914 -0.20147
vn -0.02632 -0.97914 0.20147
vn -0.69683 -0.70956 0.10467
vn -0.69683 -0.70956 -0.10467
vn -0.90342 -0.36135 0.23076
vn -0.90342 -0.36135 -0.23076
vn -0.90342 0.36135 -0.23076
vn -0.90343 0.36135 0.23076
vn -0.13499 -0.05381 0.98939
vn -0.13499 0.05381 0.98939
vn -0.89901 0.35837 -0.25169
vn -0.89901 -0.35837 -0.25169
vn -0.13499 0.05381 -0.98939
vn -0.13499 -0.05381 -0.98939
vn -0.89901 -0.35837 0.25169
vn -0.89901 0.35837 0.25169
vn 0.99602 -0.01836 0.08725
vn 0.11938 -0.04053 0.99202
vn -0.0581 -0.89379 -0.44472
vn -0.5943 -0.79927 -0.08927
vn 0.99602 0.01836 0.08725
vn 0.11938 0.04053 0.99202
vn -0.5943 0.79927 -0.08927
vn -0.0581 0.89379 -0.44472
vn 0.99602 0.01836 -0.08725
vn 0.11938 0.04053 -0.99202
vn -0.0581 0.89379 0.44472
vn -0.5943 0.79927 0.08927
vn 0.99602 -0.01836 -0.08725
vn 0.11938 -0.04053 -0.99202
vn -0.5943 -0.79927 0.08927
vn -0.0581 -0.89379 0.44471
vt 0.44181 0.84369
vt 0.45116 0.84369
vt 0.44882 0.84135
vt 0.44414 0.84135
vt 0.42317 0.76994
vt 0.41381 0.76994
vt 0.41615 0.77228
vt 0.42083 0.77228
vt 0.34582 0.40535
vt 0.35589 0.40535
vt 0.35589 0.36249
vt 0.34582 0.36249
vt 0.4898 0.03121
vt 0.4898 0.07761
vt 0.49251 0.07761
vt 0.49251 0.03121
vt 0.5138 0.03122
vt 0.5138 0.07761
vt 0.51651 0.07761
vt 0.51651 0.03122
vt 0.58579 0.68125
vt 0.58579 0.7284
vt 0.58769 0.7267
vt 0.58769 0.68295
vt 0.56179 0.03049
vt 0.56179 0.07762
vt 0.56369 0.07593
vt 0.56369 0.03219
vt 0.93778 0.51086
vt 0.94012 0.50852
vt 0.93761 0.50601
vt 0.93527 0.50835
vt 0.86635 0.36673
vt 0.87012 0.36673
vt 0.87012 0.31718
vt 0.86635 0.31718
vt 0.94012 0.51927
vt 0.93778 0.51693
vt 0.93527 0.51944
vt 0.93761 0.52178
vt 0.92809 0.51693
vt 0.92575 0.51927
vt 0.92825 0.52178
vt 0.93059 0.51944
vt 0.88402 0.31718
vt 0.88077 0.31718
vt 0.88077 0.36673
vt 0.88402 0.36673
vt 0.92575 0.50852
vt 0.92809 0.51086
vt 0.93059 0.50835
vt 0.92825 0.50601
vt 0.39648 0.06122
vt 0.39648 0.05739
vt 0.39381 0.05739
vt 0.39381 0.06122
vt 0.39648 0.05042
vt 0.39648 0.0466
vt 0.39381 0.0466
vt 0.39381 0.05042
vt 0.40581 0.03729
vt 0.40581 0.04111
vt 0.40848 0.04111
vt 0.40848 0.03729
vt 0.40581 0.04809
vt 0.40581 0.05191
vt 0.40848 0.05191
vt 0.40848 0.04809
vt 0.82576 0.36673
vt 0.82576 0.31718
vt 0.92487 0.31718
vt 0.92487 0.36673
vt 0.94012 0.56005
vt 0.93761 0.56005
vt 0.92575 0.56005
vt 0.92825 0.56005
vt 0.92575 0.46774
vt 0.92825 0.46774
vt 0.94012 0.46774
vt 0.93761 0.46774
vt 0.39648 0.08692
vt 0.39381 0.08572
vt 0.39648 0.02089
vt 0.39381 0.0221
vt 0.40581 0.01158
vt 0.40848 0.01279
vt 0.40581 0.07762
vt 0.40848 0.07641
vt 0.45116 0.88017
vt 0.44181 0.88017
vt 0.41381 0.73345
vt 0.42317 0.73345
usemtl mat0
f 892/892/448 893/893/449 894/894/450
f 892/892/448 894/894/450 895/895/451
f 896/896/452 897/897/453 898/898/454
f 896/896/452 898/898/454 899/899/455
f 900/900/456 901/901/457 902/902/458
f 900/900/456 902/902/458 903/903/459
f 904/904/460 905/905/461 906/906/462
f 904/904/460 906/906/462 907/907/463
f 908/908/464 909/909/465 910/910/466
f 908/908/464 910/910/466 911/911/467
f 912/912/463 913/913/462 914/914/458
f 912/912/463 914/914/458 915/915/457
f 916/916/467 917/917/466 918/918/456
f 916/916/467 918/918/456 919/919/459
f 920/920/468 921/921/469 922/922/470
f 920/920/468 922/922/470 923/923/471
f 924/924/469 925/925/468 926/926/472
f 924/924/469 926/926/472 927/927/473
f 928/928/473 929/929/472 930/930/474
f 928/928/473 930/930/474 931/931/475
f 932/932/476 933/933/477 934/934/478
f 932/932/476 934/934/478 935/935/479
f 936/936/477 937/937/476 938/938/480
f 936/936/477 938/938/480 939/939/481
f 940/940/481 941/941/480 942/942/482
f 940/940/481 942/942/482 943/943/483
f 944/944/475 945/945/474 946/946/450
f 944/944/475 946/946/450 947/947/449
f 948/948/479 949/949/478 950/950/448
f 948/948/479 950/950/448 951/951/451
f 952/952/483 953/953/482 954/954/454
f 952/952/483 954/954/454 955/955/453
f 956/956/471 957/957/470 958/958/452
f 956/956/471 958/958/452 959/959/455
f 960/960/460 924/924/469 927/927/473
f 960/960/460 927/927/473 961/961/461
f 962/962/464 936/936/477 939/939/481
f 962/962/464 939/939/481 963/963/465
f 925/925/468 938/938/480 937/937/476
f 925/925/468 937/937/476 926/926/472
f 964/964/461 928/928/473 931/931/475
f 964/964/461 931/931/475 965/965/462
f 929/929/472 932/932/476 935/935/479
f 929/929/472 935/935/479 930/930/474
f 933/933/477 966/966/464 967/967/467
f 933/933/477 967/967/467 934/934/478
f 968/968/465 940/940/481 943/943/483
f 968/968/465 943/943/483 969/969/466
f 941/941/480 920/920/468 923/923/471
f 941/941/480 923/923/471 942/942/482
f 921/921/469 970/970/460 971/971/463
f 921/921/469 971/971/463 922/922/470
f 972/972/462 944/944/475 947/947/449
f 972/972/462 947/947/449 973/973/458
f 945/945/474 948/948/479 951/951/451
f 945/945/474 951/951/451 946/946/450
f 949/949/478 974/974/467 975/975/459
f 949/949/478 975/975/459 950/950/448
f 976/976/466 952/952/483 955/955/453
f 976/976/466 955/955/453 977/977/456
f 953/953/482 956/956/471 959/959/455
f 953/953/482 959/959/455 954/954/454
f 957/957/470 978/978/463 979/979/457
f 957/957/470 979/979/457 958/958/452
f 980/980/458 893/893/449 892/892/448
f 980/980/458 892/892/448 981/981/459
f 982/982/456 897/897/453 896/896/452
f 982/982/456 896/896/452 983/983/457
# Vertices: 92, normals: 36, texture coordinates: 92, faces: 68

o obj15
v 0.00848054 0.04163507 0.00951096
v 0.00612589 0.04118157 0.01054549
v 0.00697709 0.04129493 0.01088457
v 0.00815453 0.0415217 0.01036725
v 0.00817365 0.02849669 0.0096458
v 0.0105283 0.02895019 0.00861127
v 0.01020229 0.02883682 0.00946756
v 0.00902485 0.02861005 0.00998488
v 0.00643186 0.02895019 -0.00071247
v 0.00407721 0.02849669 0.00032206
v 0.00202945 0.04118157 0.00122175
v 0.0043841 0.04163507 0.00018722
v 0.00333418 0.02782243 0.00010239
v 0.00110797 0.04161273 0.00108048
v 0.0017391 0.04173428 0.00080319
v 0.00396531 0.02794398 -0.00017491
v 0.00472489 0.04230933 -0.00050863
v 0.0069511 0.02851903 -0.00148673
v 0.00631997 0.02839748 -0.00120944
v 0.00409376 0.04218778 -0.00023134
v 0.00396531 0.02794398 -0.00017491
v 0.0017391 0.04173428 0.00080319
v 0.00202945 0.04118157 0.00122175
v 0.00407721 0.02849669 0.00032206
v 0.00409376 0.04218778 -0.00023134
v 0.00631997 0.02839748 -0.00120944
v 0.00643186 0.02895019 -0.00071247
v 0.0043841 0.04163507 0.00018722
v 0.00876451 0.02793579 0.01086384
v 0.00791331 0.02782243 0.01052476
v 0.00826287 0.02794398 0.0096066
v 0.00911407 0.02805734 0.00994567
v 0.00791331 0.02782243 0.01052476
v 0.00876451 0.02793579 0.01086384
v 0.0065383 0.04172609 0.01184194
v 0.0056871 0.04161273 0.01150286
v 0.0056871 0.04161273 0.01150286
v 0.0065383 0.04172609 0.01184194
v 0.00688786 0.04184764 0.01092377
v 0.00603666 0.04173428 0.01058469
v 0.00897802 0.04219597 0.01077004
v 0.00930402 0.04230933 0.00991375
v 0.00839132 0.04218778 0.00955016
v 0.00806531 0.04207441 0.01040646
v 0.00930402 0.04230933 0.00991375
v 0.00897802 0.04219597 0.01077004
v 0.01120423 0.02840567 0.00979194
v 0.01153024 0.02851903 0.00893565
v 0.01153024 0.02851903 0.00893565
v 0.01120423 0.02840567 0.00979194
v 0.01029152 0.02828411 0.00942836
v 0.01061753 0.02839748 0.00857207
v 0.00603666 0.04173428 0.01058469
v 0.00688786 0.04184764 0.01092377
v 0.00697709 0.04129493 0.01088457
v 0.00612589 0.04118157 0.01054549
v 0.00806531 0.04207441 0.01040646
v 0.00839132 0.04218778 0.00955016
v 0.00848054 0.04163507 0.00951096
v 0.00815453 0.0415217 0.01036725
v 0.01061753 0.02839748 0.00857207
v 0.01029152 0.02828411 0.00942836
v 0.01020229 0.02883682 0.00946756
v 0.0105283 0.02895019 0.00861127
v 0.00911407 0.02805734 0.00994567
v 0.00826287 0.02794398 0.0096066
v 0.00817365 0.02849669 0.0096458
v 0.00902485 0.02861005 0.00998488
v 0.00333418 0.02782243 0.00010239
v 0.00110797 0.04161273 0.00108048
v 0.00472489 0.04230933 -0.00050863
v 0.0069511 0.02851903 -0.00148673
v 0.00110797 0.04161273 0.00108048
v 0.0017391 0.04173428 0.00080319
v 0.00472489 0.04230933 -0.00050863
v 0.00409376 0.04218778 -0.00023134
v 0.0069511 0.02851903 -0.00148673
v 0.00631997 0.02839748 -0.00120944
v 0.00333418 0.02782243 0.00010239
v 0.00396531 0.02794398 -0.00017491
v 0.0017391 0.04173428 0.00080319
v 0.00202945 0.04118157 0.00122175
v 0.00409376 0.04218778 -0.00023134
v 0.0043841 0.04163507 0.00018722
v 0.00631997 0.02839748 -0.00120944
v 0.00643186 0.02895019 -0.00071247
v 0.00396531 0.02794398 -0.00017491
v 0.00407721 0.02849669 0.00032206
v 0.00202945 0.04118157 0.00122175
v 0.0043841 0.04163507 0.00018722
v 0.00643186 0.02895019 -0.00071247
v 0.00407721 0.02849669 0.00032206
vn -0.02632 0.97914 0.20147
vn -0.02632 0.97914 -0.20147
vn -0.69683 0.70956 -0.10467
vn -0.69683 0.70956 0.10467
vn -0.02632 -0.97914 -0.20147
vn -0.02632 -0.97914 0.20147
vn -0.69683 -0.70956 0.10467
vn -0.69683 -0.70956 -0.10467
vn -0.90342 -0.36135 0.23076
vn -0.90342 -0.36135 -0.23076
vn -0.90342 0.36135 -0.23076
vn -0.90343 0.36135 0.23076
vn -0.13499 -0.05381 0.98939
vn -0.13499 0.05381 0.98939
vn -0.89901 0.35837 -0.25169
vn -0.89901 -0.35837 -0.25169
vn -0.13499 0.05381 -0.98939
vn -0.13499 -0.05381 -0.98939
vn -0.89901 -0.35837 0.25169
vn -0.89901 0.35837 0.25169
vn 0.99602 -0.01836 0.08725
vn 0.11938 -0.04053 0.99202
vn -0.0581 -0.89379 -0.44472
vn -0.5943 -0.79927 -0.08927
vn 0.99602 0.01836 0.08725
vn 0.11938 0.04053 0.99202
vn -0.5943 0.79927 -0.08927
vn -0.0581 0.89379 -0.44472
vn 0.99602 0.01836 -0.08725
vn 0.11938 0.04053 -0.99202
vn -0.0581 0.89379 0.44472
vn -0.5943 0.79927 0.08927
vn 0.99602 -0.01836 -0.08725
vn 0.11938 -0.04053 -0.99202
vn -0.5943 -0.79927 0.08927
vn -0.0581 -0.89379 0.44471
vt 0.92575 0.8203
vt 0.93992 0.8203
vt 0.93637 0.81676
vt 0.92929 0.81676
vt 0.45198 0.39624
vt 0.43781 0.39624
vt 0.44135 0.39979
vt 0.44843 0.39979
vt 0.89775 0.23973
vt 0.91301 0.23973
vt 0.91301 0.17482
vt 0.89775 0.17482
vt 0.26183 0.01717
vt 0.26183 0.08743
vt 0.26593 0.08743
vt 0.26593 0.01717
vt 0.96574 0.2613
vt 0.96574 0.33157
vt 0.96985 0.33157
vt 0.96985 0.2613
vt 0.08985 0.00697
vt 0.08985 0.07838
vt 0.09272 0.07581
vt 0.09272 0.00956
vt 0.07785 0.00697
vt 0.07785 0.07838
vt 0.08073 0.07581
vt 0.08073 0.00956
vt 0.89998 0.99414
vt 0.90352 0.9906
vt 0.89972 0.9868
vt 0.89618 0.99034
vt 0.79125 0.44784
vt 0.79695 0.44784
vt 0.79695 0.3728
vt 0.79125 0.3728
vt 0.91952 0.24934
vt 0.91597 0.2458
vt 0.91218 0.2496
vt 0.91572 0.25314
vt 0.90129 0.2458
vt 0.89775 0.24934
vt 0.90155 0.25314
vt 0.90509 0.2496
vt 0.81801 0.3728
vt 0.81308 0.3728
vt 0.81308 0.44784
vt 0.81801 0.44784
vt 0.88175 0.9906
vt 0.88529 0.99414
vt 0.88909 0.99034
vt 0.88555 0.9868
vt 0.95779 0.20699
vt 0.95779 0.2012
vt 0.95374 0.2012
vt 0.95374 0.20699
vt 0.95779 0.19064
vt 0.95779 0.18485
vt 0.95374 0.18485
vt 0.95374 0.19064
vt 0.94974 0.82701
vt 0.94974 0.8328
vt 0.95379 0.8328
vt 0.95379 0.82701
vt 0.94974 0.84336
vt 0.94974 0.84915
vt 0.95379 0.84915
vt 0.95379 0.84336
vt 0.72977 0.44784
vt 0.72977 0.3728
vt 0.87987 0.3728
vt 0.87987 0.44784
vt 0.91952 0.31111
vt 0.91572 0.31111
vt 0.89775 0.31111
vt 0.90155 0.31111
vt 0.88175 0.92883
vt 0.88555 0.92883
vt 0.90352 0.92883
vt 0.89972 0.92883
vt 0.95779 0.24592
vt 0.95374 0.2441
vt 0.95779 0.14592
vt 0.95374 0.14774
vt 0.94974 0.78808
vt 0.95379 0.7899
vt 0.94974 0.88808
vt 0.95379 0.88626
vt 0.93992 0.87556
vt 0.92575 0.87556
vt 0.43781 0.34099
vt 0.45198 0.34099
usemtl mat0
f 984/984/484 985/985/485 986/986/486
f 984/984/484 986/986/486 987/987/487
f 988/988/488 989/989/489 990/990/490
f 988/988/488 990/990/490 991/991/491
f 992/992/492 993/993/493 994/994/494
f 992/992/492 994/994/494 995/995/495
f 996/996/496 997/997/497 998/998/498
f 996/996/496 998/998/498 999/999/499
f 1000/1000/500 1001/1001/501 1002/1002/502
f 1000/1000/500 1002/1002/502 1003/1003/503
f 1004/1004/499 1005/1005/498 1006/1006/494
f 1004/1004/499 1006/1006/494 1007/1007/493
f 1008/1008/503 1009/1009/502 1010/1010/492
f 1008/1008/503 1010/1010/492 1011/1011/495
f 1012/1012/504 1013/1013/505 1014/1014/506
f 1012/1012/504 1014/1014/506 1015/1015/507
f 1016/1016/505 1017/1017/504 1018/1018/508
f 1016/1016/505 1018/1018/508 1019/1019/509
f 1020/1020/509 1021/1021/508 1022/1022/510
f 1020/1020/509 1022/1022/510 1023/1023/511
f 1024/1024/512 1025/1025/513 1026/1026/514
f 1024/1024/512 1026/1026/514 1027/1027/515
f 1028/1028/513 1029/1029/512 1030/1030/516
f 1028/1028/513 1030/1030/516 1031/1031/517
f 1032/1032/517 1033/1033/516 1034/1034/518
f 1032/1032/517 1034/1034/518 1035/1035/519
f 1036/1036/511 1037/1037/510 1038/1038/486
f 1036/1036/511 1038/1038/486 1039/1039/485
f 1040/1040/515 1041/1041/514 1042/1042/484
f 1040/1040/515 1042/1042/484 1043/1043/487
f 1044/1044/519 1045/1045/518 1046/1046/490
f 1044/1044/519 1046/1046/490 1047/1047/489
f 1048/1048/507 1049/1049/506 1050/1050/488
f 1048/1048/507 1050/1050/488 1051/1051/491
f 1052/1052/496 1016/1016/505 1019/1019/509
f 1052/1052/496 1019/1019/509 1053/1053/497
f 1054/1054/500 1028/1028/513 1031/1031/517
f 1054/1054/500 1031/1031/517 1055/1055/501
f 1017/1017/504 1030/1030/516 1029/1029/512
f 1017/1017/504 1029/1029/512 1018/1018/508
f 1056/1056/497 1020/1020/509 1023/1023/511
f 1056/1056/497 1023/1023/511 1057/1057/498
f 1021/1021/508 1024/1024/512 1027/1027/515
f 1021/1021/508 1027/1027/515 1022/1022/510
f 1025/1025/513 1058/1058/500 1059/1059/503
f 1025/1025/513 1059/1059/503 1026/1026/514
f 1060/1060/501 1032/1032/517 1035/1035/519
f 1060/1060/501 1035/1035/519 1061/1061/502
f 1033/1033/516 1012/1012/504 1015/1015/507
f 1033/1033/516 1015/1015/507 1034/1034/518
f 1013/1013/505 1062/1062/496 1063/1063/499
f 1013/1013/505 1063/1063/499 1014/1014/506
f 1064/1064/498 1036/1036/511 1039/1039/485
f 1064/1064/498 1039/1039/485 1065/1065/494
f 1037/1037/510 1040/1040/515 1043/1043/487
f 1037/1037/510 1043/1043/487 1038/1038/486
f 1041/1041/514 1066/1066/503 1067/1067/495
f 1041/1041/514 1067/1067/495 1042/1042/484
f 1068/1068/502 1044/1044/519 1047/1047/489
f 1068/1068/502 1047/1047/489 1069/1069/492
f 1045/1045/518 1048/1048/507 1051/1051/491
f 1045/1045/518 1051/1051/491 1046/1046/490
f 1049/1049/506 1070/1070/499 1071/1071/493
f 1049/1049/506 1071/1071/493 1050/1050/488
f 1072/1072/494 985/985/485 984/984/484
f 1072/1072/494 984/984/484 1073/1073/495
f 1074/1074/492 989/989/489 988/988/488
f 1074/1074/492 988/988/488 1075/1075/493
# Vertices: 92, normals: 36, texture coordinates: 92, faces: 68

o obj16
v 0.02096571 0.0381027 0.00437986
v 0.01915052 0.03834614 0.00517737
v 0.01980513 0.03828529 0.00543518
v 0.02071281 0.03816356 0.00503638
v 0.01805126 0.02856744 0.00566034
v 0.01986645 0.028324 0.00486283
v 0.01961356 0.02838485 0.00551934
v 0.01870587 0.02850659 0.00591814
v 0.01673315 0.028324 -0.00226875
v 0.01491797 0.02856744 -0.00147124
v 0.01601722 0.03834614 -0.0019542
v 0.01783241 0.0381027 -0.00275172
v 0.01422969 0.02820661 -0.00158657
v 0.01542474 0.03883748 -0.00211162
v 0.01591128 0.03877222 -0.00232539
v 0.01471623 0.02814136 -0.00180033
v 0.01821301 0.03846353 -0.00333666
v 0.01701796 0.02783267 -0.00281161
v 0.01653142 0.02789792 -0.00259785
v 0.01772647 0.03852878 -0.0031229
v 0.01471623 0.02814136 -0.00180033
v 0.01591128 0.03877222 -0.00232539
v 0.01601722 0.03834614 -0.0019542
v 0.01491797 0.02856744 -0.00147124
v 0.01772647 0.03852878 -0.0031229
v 0.01653142 0.02789792 -0.00259785
v 0.01673315 0.028324 -0.00226875
v 0.01783241 0.0381027 -0.00275172
v 0.01838681 0.02814576 0.00664314
v 0.0177322 0.02820661 0.00638534
v 0.01800337 0.02814136 0.00568138
v 0.01865798 0.0280805 0.00593918
v 0.0177322 0.02820661 0.00638534
v 0.01838681 0.02814576 0.00664314
v 0.01958185 0.03877662 0.00611809
v 0.01892725 0.03883748 0.00586029
v 0.01892725 0.03883748 0.00586029
v 0.01958185 0.03877662 0.00611809
v 0.01985303 0.03871137 0.00541413
v 0.01919842 0.03877222 0.00515633
v 0.02146262 0.03852439 0.00529176
v 0.02171552 0.03846353 0.00463525
v 0.02101361 0.03852878 0.00435882
v 0.02076071 0.03858964 0.00501534
v 0.02171552 0.03846353 0.00463525
v 0.02146262 0.03852439 0.00529176
v 0.02026757 0.02789352 0.00581682
v 0.02052047 0.02783267 0.0051603
v 0.02052047 0.02783267 0.0051603
v 0.02026757 0.02789352 0.00581682
v 0.01956566 0.02795877 0.00554039
v 0.01981856 0.02789792 0.00488387
v 0.01919842 0.03877222 0.00515633
v 0.01985303 0.03871137 0.00541413
v 0.01980513 0.03828529 0.00543518
v 0.01915052 0.03834614 0.00517737
v 0.02076071 0.03858964 0.00501534
v 0.02101361 0.03852878 0.00435882
v 0.02096571 0.0381027 0.00437986
v 0.02071281 0.03816356 0.00503638
v 0.01981856 0.02789792 0.00488387
v 0.01956566 0.02795877 0.00554039
v 0.01961356 0.02838485 0.00551934
v 0.01986645 0.028324 0.00486283
v 0.01865798 0.0280805 0.00593918
v 0.01800337 0.02814136 0.00568138
v 0.01805126 0.02856744 0.00566034
v 0.01870587 0.02850659 0.00591814
v 0.01422969 0.02820661 -0.00158657
v 0.01542474 0.03883748 -0.00211162
v 0.01821301 0.03846353 -0.00333666
v 0.01701796 0.02783267 -0.00281161
v 0.01542474 0.03883748 -0.00211162
v 0.01591128 0.03877222 -0.00232539
v 0.01821301 0.03846353 -0.00333666
v 0.01772647 0.03852878 -0.0031229
v 0.01701796 0.02783267 -0.00281161
v 0.01653142 0.02789792 -0.00259785
v 0.01422969 0.02820661 -0.00158657
v 0.01471623 0.02814136 -0.00180033
v 0.01591128 0.03877222 -0.00232539
v 0.01601722 0.03834614 -0.0019542
v 0.01772647 0.03852878 -0.0031229
v 0.01783241 0.0381027 -0.00275172
v 0.01653142 0.02789792 -0.00259785
v 0.01673315 0.028324 -0.00226875
v 0.01471623 0.02814136 -0.00180033
v 0.01491797 0.02856744 -0.00147124
v 0.01601722 0.03834614 -0.0019542
v 0.01783241 0.0381027 -0.00275172
v 0.01673315 0.028324 -0.00226875
v 0.01491797 0.02856744 -0.00147124
vn -0.02632 0.97914 0.20147
vn -0.02632 0.97914 -0.20147
vn -0.69683 0.70956 -0.10467
vn -0.69683 0.70956 0.10467
vn -0.02632 -0.97914 -0.20147
vn -0.02632 -0.97914 0.20147
vn -0.69683 -0.70956 0.10467
vn -0.69683 -0.70956 -0.10467
vn -0.90342 -0.36135 0.23076
vn -0.90342 -0.36135 -0.23076
vn -0.90342 0.36135 -0.23076
vn -0.90343 0.36135 0.23076
vn -0.13499 -0.05381 0.98939
vn -0.13499 0.05381 0.98939
vn -0.89901 0.35837 -0.25169
vn -0.89901 -0.35837 -0.25169
vn -0.13499 0.05381 -0.98939
vn -0.13499 -0.05381 -0.98939
vn -0.89901 -0.35837 0.25169
vn -0.89901 0.35837 0.25169
vn 0.99602 -0.01836 0.08725
vn 0.11938 -0.04053 0.99202
vn -0.0581 -0.89379 -0.44472
vn -0.5943 -0.79927 -0.08927
vn 0.99602 0.01836 0.08725
vn 0.11938 0.04053 0.99202
vn -0.5943 0.79927 -0.08927
vn -0.0581 0.89379 -0.44472
vn 0.99602 0.01836 -0.08725
vn 0.11938 0.04053 -0.99202
vn -0.0581 0.89379 0.44472
vn -0.5943 0.79927 0.08927
vn 0.99602 -0.01836 -0.08725
vn 0.11938 -0.04053 -0.99202
vn -0.5943 -0.79927 0.08927
vn -0.0581 -0.89379 0.44471
vt 0.93375 0.05584
vt 0.94458 0.05584
vt 0.94187 0.05313
vt 0.93645 0.05313
vt 0.94458 0.14645
vt 0.93375 0.14645
vt 0.93645 0.14916
vt 0.94187 0.14916
vt 0.92575 0.46167
vt 0.93742 0.46167
vt 0.93742 0.41202
vt 0.92575 0.41202
vt 0.4618 0.67726
vt 0.4618 0.73101
vt 0.46494 0.73101
vt 0.46494 0.67726
vt 0.4618 0.86831
vt 0.4618 0.92205
vt 0.46494 0.92205
vt 0.46494 0.86831
vt 0.53779 0.02301
vt 0.53779 0.07762
vt 0.53999 0.07566
vt 0.53999 0.02499
vt 0.5258 0.023
vt 0.5258 0.07762
vt 0.52799 0.07566
vt 0.52799 0.02498
vt 0.93969 0.61608
vt 0.9424 0.61337
vt 0.93949 0.61046
vt 0.93678 0.61317
vt 0.82079 0.27612
vt 0.82515 0.27612
vt 0.82515 0.21873
vt 0.82079 0.21873
vt 0.57444 0.68113
vt 0.57173 0.67842
vt 0.56883 0.68133
vt 0.57154 0.68404
vt 0.5605 0.67842
vt 0.55779 0.68113
vt 0.5607 0.68404
vt 0.56341 0.68133
vt 0.84126 0.21873
vt 0.83749 0.21873
vt 0.83749 0.27612
vt 0.84126 0.27612
vt 0.92575 0.61337
vt 0.92846 0.61608
vt 0.93136 0.61317
vt 0.92865 0.61046
vt 0.22093 0.05714
vt 0.22093 0.05271
vt 0.21783 0.05271
vt 0.21783 0.05714
vt 0.22093 0.04463
vt 0.22093 0.04021
vt 0.21783 0.04021
vt 0.21783 0.04463
vt 0.20583 0.04021
vt 0.20583 0.04464
vt 0.20893 0.04464
vt 0.20893 0.04021
vt 0.20583 0.05271
vt 0.20583 0.05714
vt 0.20893 0.05714
vt 0.20893 0.05271
vt 0.77377 0.27612
vt 0.77377 0.21873
vt 0.88858 0.21873
vt 0.88858 0.27612
vt 0.57444 0.72838
vt 0.57154 0.72838
vt 0.55779 0.72838
vt 0.5607 0.72838
vt 0.92575 0.56612
vt 0.92865 0.56612
vt 0.9424 0.56612
vt 0.93949 0.56612
vt 0.22093 0.08692
vt 0.21783 0.08552
vt 0.22093 0.01043
vt 0.21783 0.01182
vt 0.20583 0.01043
vt 0.20893 0.01182
vt 0.20583 0.08692
vt 0.20893 0.08552
vt 0.94458 0.09811
vt 0.93375 0.09811
vt 0.93375 0.10418
vt 0.94458 0.10418
usemtl mat0
f 1076/1076/520 1077/1077/521 1078/1078/522
f 1076/1076/520 1078/1078/522 1079/1079/523
f 1080/1080/524 1081/1081/525 1082/1082/526
f 1080/1080/524 1082/1082/526 1083/1083/527
f 1084/1084/528 1085/1085/529 1086/1086/530
f 1084/1084/528 1086/1086/530 1087/1087/531
f 1088/1088/532 1089/1089/533 1090/1090/534
f 1088/1088/532 1090/1090/534 1091/1091/535
f 1092/1092/536 1093/1093/537 1094/1094/538
f 1092/1092/536 1094/1094/538 1095/1095/539
f 1096/1096/535 1097/1097/534 1098/1098/530
f 1096/1096/535 1098/1098/530 1099/1099/529
f 1100/1100/539 1101/1101/538 1102/1102/528
f 1100/1100/539 1102/1102/528 1103/1103/531
f 1104/1104/540 1105/1105/541 1106/1106/542
f 1104/1104/540 1106/1106/542 1107/1107/543
f 1108/1108/541 1109/1109/540 1110/1110/544
f 1108/1108/541 1110/1110/544 1111/1111/545
f 1112/1112/545 1113/1113/544 1114/1114/546
f 1112/1112/545 1114/1114/546 1115/1115/547
f 1116/1116/548 1117/1117/549 1118/1118/550
f 1116/1116/548 1118/1118/550 1119/1119/551
f 1120/1120/549 1121/1121/548 1122/1122/552
f 1120/1120/549 1122/1122/552 1123/1123/553
f 1124/1124/553 1125/1125/552 1126/1126/554
f 1124/1124/553 1126/1126/554 1127/1127/555
f 1128/1128/547 1129/1129/546 1130/1130/522
f 1128/1128/547 1130/1130/522 1131/1131/521
f 1132/1132/551 1133/1133/550 1134/1134/520
f 1132/1132/551 1134/1134/520 1135/1135/523
f 1136/1136/555 1137/1137/554 1138/1138/526
f 1136/1136/555 1138/1138/526 1139/1139/525
f 1140/1140/543 1141/1141/542 1142/1142/524
f 1140/1140/543 1142/1142/524 1143/1143/527
f 1144/1144/532 1108/1108/541 1111/1111/545
f 1144/1144/532 1111/1111/545 1145/1145/533
f 1146/1146/536 1120/1120/549 1123/1123/553
f 1146/1146/536 1123/1123/553 1147/1147/537
f 1109/1109/540 1122/1122/552 1121/1121/548
f 1109/1109/540 1121/1121/548 1110/1110/544
f 1148/1148/533 1112/1112/545 1115/1115/547
f 1148/1148/533 1115/1115/547 1149/1149/534
f 1113/1113/544 1116/1116/548 1119/1119/551
f 1113/1113/544 1119/1119/551 1114/1114/546
f 1117/1117/549 1150/1150/536 1151/1151/539
f 1117/1117/549 1151/1151/539 1118/1118/550
f 1152/1152/537 1124/1124/553 1127/1127/555
f 1152/1152/537 1127/1127/555 1153/1153/538
f 1125/1125/552 1104/1104/540 1107/1107/543
f 1125/1125/552 1107/1107/543 1126/1126/554
f 1105/1105/541 1154/1154/532 1155/1155/535
f 1105/1105/541 1155/1155/535 1106/1106/542
f 1156/1156/534 1128/1128/547 1131/1131/521
f 1156/1156/534 1131/1131/521 1157/1157/530
f 1129/1129/546 1132/1132/551 1135/1135/523
f 1129/1129/546 1135/1135/523 1130/1130/522
f 1133/1133/550 1158/1158/539 1159/1159/531
f 1133/1133/550 1159/1159/531 1134/1134/520
f 1160/1160/538 1136/1136/555 1139/1139/525
f 1160/1160/538 1139/1139/525 1161/1161/528
f 1137/1137/554 1140/1140/543 1143/1143/527
f 1137/1137/554 1143/1143/527 1138/1138/526
f 1141/1141/542 1162/1162/535 1163/1163/529
f 1141/1141/542 1163/1163/529 1142/1142/524
f 1164/1164/530 1077/1077/521 1076/1076/520
f 1164/1164/530 1076/1076/520 1165/1165/531
f 1166/1166/528 1081/1081/525 1080/1080/524
f 1166/1166/528 1080/1080/524 1167/1167/529
# Vertices: 92, normals: 36, texture coordinates: 92, faces: 68

o obj17
v -0.00155548 0.00380796 0.02566385
v -0.00155548 0.00593601 0.02566385
v -0.00109149 0.00540405 0.02592404
v -0.00109149 0.00433992 0.02592404
v -0.00668896 0.00593601 0.03481857
v -0.00668896 0.00380796 0.03481857
v -0.00622497 0.00433992 0.03507875
v -0.00622497 0.00540405 0.03507875
v -0.01392709 0.00380796 0.0307598
v -0.01392709 0.00593601 0.0307598
v -0.0087936 0.00593601 0.02160509
v -0.0087936 0.00380796 0.02160509
v -0.01450614 0.00650641 0.03095942
v -0.00892529 0.00650641 0.02100692
v -0.00892529 0.00593601 0.02100692
v -0.01450614 0.00593601 0.03095942
v -0.00892529 0.00323756 0.02100692
v -0.01450614 0.00323756 0.03095942
v -0.01450614 0.00380796 0.03095942
v -0.00892529 0.00380796 0.02100692
v -0.01450614 0.00593601 0.03095942
v -0.00892529 0.00593601 0.02100692
v -0.0087936 0.00593601 0.02160509
v -0.01392709 0.00593601 0.0307598
v -0.00892529 0.00380796 0.02100692
v -0.01450614 0.00380796 0.03095942
v -0.01392709 0.00380796 0.0307598
v -0.0087936 0.00380796 0.02160509
v -0.00595113 0.00597445 0.03575662
v -0.00641512 0.00650641 0.03549644
v -0.00691264 0.00593601 0.03521746
v -0.00644865 0.00540405 0.03547764
v -0.00641512 0.00650641 0.03549644
v -0.00595113 0.00597445 0.03575662
v -0.00037029 0.00597445 0.02580413
v -0.00083428 0.00650641 0.02554395
v -0.00083428 0.00650641 0.02554395
v -0.00037029 0.00597445 0.02580413
v -0.00086781 0.00540405 0.02552514
v -0.0013318 0.00593601 0.02526496
v -0.00037029 0.00376952 0.02580413
v -0.00083428 0.00323756 0.02554395
v -0.0013318 0.00380796 0.02526496
v -0.00086781 0.00433992 0.02552514
v -0.00083428 0.00323756 0.02554395
v -0.00037029 0.00376952 0.02580413
v -0.00595113 0.00376952 0.03575662
v -0.00641512 0.00323756 0.03549644
v -0.00641512 0.00323756 0.03549644
v -0.00595113 0.00376952 0.03575662
v -0.00644865 0.00433992 0.03547764
v -0.00691264 0.00380796 0.03521746
v -0.0013318 0.00593601 0.02526496
v -0.00086781 0.00540405 0.02552514
v -0.00109149 0.00540405 0.02592404
v -0.00155548 0.00593601 0.02566385
v -0.00086781 0.00433992 0.02552514
v -0.0013318 0.00380796 0.02526496
v -0.00155548 0.00380796 0.02566385
v -0.00109149 0.00433992 0.02592404
v -0.00691264 0.00380796 0.03521746
v -0.00644865 0.00433992 0.03547764
v -0.00622497 0.00433992 0.03507875
v -0.00668896 0.00380796 0.03481857
v -0.00644865 0.00540405 0.03547764
v -0.00691264 0.00593601 0.03521746
v -0.00668896 0.00593601 0.03481857
v -0.00622497 0.00540405 0.03507875
v -0.01450614 0.00650641 0.03095942
v -0.00892529 0.00650641 0.02100692
v -0.00892529 0.00323756 0.02100692
v -0.01450614 0.00323756 0.03095942
v -0.00892529 0.00650641 0.02100692
v -0.00892529 0.00593601 0.02100692
v -0.00892529 0.00323756 0.02100692
v -0.00892529 0.00380796 0.02100692
v -0.01450614 0.00323756 0.03095942
v -0.01450614 0.00380796 0.03095942
v -0.01450614 0.00650641 0.03095942
v -0.01450614 0.00593601 0.03095942
v -0.00892529 0.00593601 0.02100692
v -0.0087936 0.00593601 0.02160509
v -0.00892529 0.00380796 0.02100692
v -0.0087936 0.00380796 0.02160509
v -0.01450614 0.00380796 0.03095942
v -0.01392709 0.00380796 0.0307598
v -0.01450614 0.00593601 0.03095942
v -0.01392709 0.00593601 0.0307598
v -0.0087936 0.00593601 0.02160509
v -0.0087936 0.00380796 0.02160509
v -0.01392709 0.00380796 0.0307598
v -0.01392709 0.00593601 0.0307598
vn -0.02632 0.97914 0.20147
vn -0.02632 0.97914 -0.20147
vn -0.69683 0.70956 -0.10467
vn -0.69683 0.70956 0.10467
vn -0.02632 -0.97914 -0.20147
vn -0.02632 -0.97914 0.20147
vn -0.69683 -0.70956 0.10467
vn -0.69683 -0.70956 -0.10467
vn -0.90342 -0.36135 0.23076
vn -0.90342 -0.36135 -0.23076
vn -0.90342 0.36135 -0.23076
vn -0.90343 0.36135 0.23076
vn -0.13499 -0.05381 0.98939
vn -0.13499 0.05381 0.98939
vn -0.89901 0.35837 -0.25169
vn -0.89901 -0.35837 -0.25169
vn -0.13499 0.05381 -0.98939
vn -0.13499 -0.05381 -0.98939
vn -0.89901 -0.35837 0.25169
vn -0.89901 0.35837 0.25169
vn 0.99602 -0.01836 0.08725
vn 0.11938 -0.04053 0.99202
vn -0.0581 -0.89379 -0.44472
vn -0.5943 -0.79927 -0.08927
vn 0.99602 0.01836 0.08725
vn 0.11938 0.04053 0.99202
vn -0.5943 0.79927 -0.08927
vn -0.0581 0.89379 -0.44472
vn 0.99602 0.01836 -0.08725
vn 0.11938 0.04053 -0.99202
vn -0.0581 0.89379 0.44472
vn -0.5943 0.79927 0.08927
vn 0.99602 -0.01836 -0.08725
vn 0.11938 -0.04053 -0.99202
vn -0.5943 -0.79927 0.08927
vn -0.0581 -0.89379 0.44471
vt 0.92975 0.26608
vt 0.94129 0.26608
vt 0.93841 0.2632
vt 0.93263 0.2632
vt 0.94529 0.40306
vt 0.93375 0.40306
vt 0.93663 0.40595
vt 0.94241 0.40595
vt 0.88175 0.92276
vt 0.89418 0.92276
vt 0.89418 0.86986
vt 0.88175 0.86986
vt 0.36981 0.02992
vt 0.36981 0.08718
vt 0.37316 0.08718
vt 0.37316 0.02992
vt 0.11385 0.02111
vt 0.11385 0.07837
vt 0.11719 0.07837
vt 0.11719 0.02111
vt 0.4538 0.01943
vt 0.4538 0.07762
vt 0.45615 0.07553
vt 0.45615 0.02154
vt 0.4658 0.01943
vt 0.4658 0.07762
vt 0.46815 0.07553
vt 0.46815 0.02154
vt 0.54465 0.72838
vt 0.54753 0.7255
vt 0.54444 0.7224
vt 0.54155 0.72529
vt 0.79986 0.92692
vt 0.80451 0.92692
vt 0.80451 0.86578
vt 0.79986 0.86578
vt 0.51954 0.67805
vt 0.51665 0.67516
vt 0.51355 0.67826
vt 0.51644 0.68114
vt 0.50468 0.67516
vt 0.5018 0.67805
vt 0.50489 0.68114
vt 0.50778 0.67826
vt 0.82167 0.86578
vt 0.81765 0.86578
vt 0.81765 0.92692
vt 0.82167 0.92692
vt 0.52979 0.7255
vt 0.53268 0.72838
vt 0.53578 0.72529
vt 0.53289 0.7224
vt 0.36111 0.05562
vt 0.36111 0.0509
vt 0.35782 0.0509
vt 0.35782 0.05562
vt 0.36111 0.0423
vt 0.36111 0.03758
vt 0.35782 0.03758
vt 0.35782 0.0423
vt 0.00586 0.03996
vt 0.00586 0.04468
vt 0.00915 0.04468
vt 0.00915 0.03996
vt 0.00586 0.05328
vt 0.00586 0.058
vt 0.00915 0.058
vt 0.00915 0.05328
vt 0.74977 0.92692
vt 0.74977 0.86578
vt 0.87208 0.86578
vt 0.87208 0.92692
vt 0.51954 0.72838
vt 0.51644 0.72838
vt 0.5018 0.72838
vt 0.50489 0.72838
vt 0.52979 0.67516
vt 0.53289 0.67516
vt 0.54753 0.67516
vt 0.54444 0.67516
vt 0.36111 0.08734
vt 0.35782 0.08586
vt 0.36111 0.00586
vt 0.35782 0.00734
vt 0.00586 0.00823
vt 0.00915 0.00972
vt 0.00586 0.08972
vt 0.00915 0.08824
vt 0.94129 0.31111
vt 0.92975 0.31111
vt 0.93375 0.35803
vt 0.94529 0.35803
usemtl mat0
f 1168/1168/556 1169/1169/557 1170/1170/558
f 1168/1168/556 1170/1170/558 1171/1171/559
f 1172/1172/560 1173/1173/561 1174/1174/562
f 1172/1172/560 1174/1174/562 1175/1175/563
f 1176/1176/564 1177/1177/565 1178/1178/566
f 1176/1176/564 1178/1178/566 1179/1179/567
f 1180/1180/568 1181/1181/569 1182/1182/570
f 1180/1180/568 1182/1182/570 1183/1183/571
f 1184/1184/572 1185/1185/573 1186/1186/574
f 1184/1184/572 1186/1186/574 1187/1187/575
f 1188/1188/571 1189/1189/570 1190/1190/566
f 1188/1188/571 1190/1190/566 1191/1191/565
f 1192/1192/575 1193/1193/574 1194/1194/564
f 1192/1192/575 1194/1194/564 1195/1195/567
f 1196/1196/576 1197/1197/577 1198/1198/578
f 1196/1196/576 1198/1198/578 1199/1199/579
f 1200/1200/577 1201/1201/576 1202/1202/580
f 1200/1200/577 1202/1202/580 1203/1203/581
f 1204/1204/581 1205/1205/580 1206/1206/582
f 1204/1204/581 1206/1206/582 1207/1207/583
f 1208/1208/584 1209/1209/585 1210/1210/586
f 1208/1208/584 1210/1210/586 1211/1211/587
f 1212/1212/585 1213/1213/584 1214/1214/588
f 1212/1212/585 1214/1214/588 1215/1215/589
f 1216/1216/589 1217/1217/588 1218/1218/590
f 1216/1216/589 1218/1218/590 1219/1219/591
f 1220/1220/583 1221/1221/582 1222/1222/558
f 1220/1220/583 1222/1222/558 1223/1223/557
f 1224/1224/587 1225/1225/586 1226/1226/556
f 1224/1224/587 1226/1226/556 1227/1227/559
f 1228/1228/591 1229/1229/590 1230/1230/562
f 1228/1228/591 1230/1230/562 1231/1231/561
f 1232/1232/579 1233/1233/578 1234/1234/560
f 1232/1232/579 1234/1234/560 1235/1235/563
f 1236/1236/568 1200/1200/577 1203/1203/581
f 1236/1236/568 1203/1203/581 1237/1237/569
f 1238/1238/572 1212/1212/585 1215/1215/589
f 1238/1238/572 1215/1215/589 1239/1239/573
f 1201/1201/576 1214/1214/588 1213/1213/584
f 1201/1201/576 1213/1213/584 1202/1202/580
f 1240/1240/569 1204/1204/581 1207/1207/583
f 1240/1240/569 1207/1207/583 1241/1241/570
f 1205/1205/580 1208/1208/584 1211/1211/587
f 1205/1205/580 1211/1211/587 1206/1206/582
f 1209/1209/585 1242/1242/572 1243/1243/575
f 1209/1209/585 1243/1243/575 1210/1210/586
f 1244/1244/573 1216/1216/589 1219/1219/591
f 1244/1244/573 1219/1219/591 1245/1245/574
f 1217/1217/588 1196/1196/576 1199/1199/579
f 1217/1217/588 1199/1199/579 1218/1218/590
f 1197/1197/577 1246/1246/568 1247/1247/571
f 1197/1197/577 1247/1247/571 1198/1198/578
f 1248/1248/570 1220/1220/583 1223/1223/557
f 1248/1248/570 1223/1223/557 1249/1249/566
f 1221/1221/582 1224/1224/587 1227/1227/559
f 1221/1221/582 1227/1227/559 1222/1222/558
f 1225/1225/586 1250/1250/575 1251/1251/567
f 1225/1225/586 1251/1251/567 1226/1226/556
f 1252/1252/574 1228/1228/591 1231/1231/561
f 1252/1252/574 1231/1231/561 1253/1253/564
f 1229/1229/590 1232/1232/579 1235/1235/563
f 1229/1229/590 1235/1235/563 1230/1230/562
f 1233/1233/578 1254/1254/571 1255/1255/565
f 1233/1233/578 1255/1255/565 1234/1234/560
f 1256/1256/566 1169/1169/557 1168/1168/556
f 1256/1256/566 1168/1168/556 1257/1257/567
f 1258/1258/564 1173/1173/561 1172/1172/560
f 1258/1258/564 1172/1172/560 1259/1259/565
# Vertices: 92, normals: 36, texture coordinates: 92, faces: 68

o obj18
v -0.00058927 0.00054043 0.02683141
v -0.00058927 0.00266848 0.02683141
v -0.00016044 0.00213652 0.0271462
v -0.00016044 0.00107239 0.0271462
v -0.00680017 0.00266848 0.03529227
v -0.00680017 0.00054043 0.03529227
v -0.00637135 0.00107239 0.03560706
v -0.00637135 0.00213652 0.03560706
v -0.0134897 0.00054043 0.03038165
v -0.0134897 0.00266848 0.03038165
v -0.0072788 0.00266848 0.02192079
v -0.0072788 0.00054043 0.02192079
v -0.01408876 0.00323888 0.03050922
v -0.00733661 0.00323888 0.02131104
v -0.00733661 0.00266848 0.02131104
v -0.01408876 0.00266848 0.03050922
v -0.00733661 -2.997E-05 0.02131104
v -0.01408876 -2.997E-05 0.03050922
v -0.01408876 0.00054043 0.03050922
v -0.00733661 0.00054043 0.02131104
v -0.01408876 0.00266848 0.03050922
v -0.00733661 0.00266848 0.02131104
v -0.0072788 0.00266848 0.02192079
v -0.0134897 0.00266848 0.03038165
v -0.00733661 0.00054043 0.02131104
v -0.01408876 0.00054043 0.03050922
v -0.0134897 0.00054043 0.03038165
v -0.0072788 0.00054043 0.02192079
v -0.00618216 0.00270692 0.03631325
v -0.00661098 0.00323888 0.03599846
v -0.00707079 0.00266848 0.03566093
v -0.00664197 0.00213652 0.03597572
v -0.00661098 0.00323888 0.03599846
v -0.00618216 0.00270692 0.03631325
v 0.00056999 0.00270692 0.02711507
v 0.00014117 0.00323888 0.02680029
v 0.00014117 0.00323888 0.02680029
v 0.00056999 0.00270692 0.02711507
v 0.00011018 0.00213652 0.02677754
v -0.00031864 0.00266848 0.02646275
v 0.00056999 0.00050199 0.02711507
v 0.00014117 -2.997E-05 0.02680029
v -0.00031864 0.00054043 0.02646275
v 0.00011018 0.00107239 0.02677754
v 0.00014117 -2.997E-05 0.02680029
v 0.00056999 0.00050199 0.02711507
v -0.00618216 0.00050199 0.03631325
v -0.00661098 -2.997E-05 0.03599846
v -0.00661098 -2.997E-05 0.03599846
v -0.00618216 0.00050199 0.03631325
v -0.00664197 0.00107239 0.03597572
v -0.00707079 0.00054043 0.03566093
v -0.00031864 0.00266848 0.02646275
v 0.00011018 0.00213652 0.02677754
v -0.00016044 0.00213652 0.0271462
v -0.00058927 0.00266848 0.02683141
v 0.00011018 0.00107239 0.02677754
v -0.00031864 0.00054043 0.02646275
v -0.00058927 0.00054043 0.02683141
v -0.00016044 0.00107239 0.0271462
v -0.00707079 0.00054043 0.03566093
v -0.00664197 0.00107239 0.03597572
v -0.00637135 0.00107239 0.03560706
v -0.00680017 0.00054043 0.03529227
v -0.00664197 0.00213652 0.03597572
v -0.00707079 0.00266848 0.03566093
v -0.00680017 0.00266848 0.03529227
v -0.00637135 0.00213652 0.03560706
v -0.01408876 0.00323888 0.03050922
v -0.00733661 0.00323888 0.02131104
v -0.00733661 -2.997E-05 0.02131104
v -0.01408876 -2.997E-05 0.03050922
v -0.00733661 0.00323888 0.02131104
v -0.00733661 0.00266848 0.02131104
v -0.00733661 -2.997E-05 0.02131104
v -0.00733661 0.00054043 0.02131104
v -0.01408876 -2.997E-05 0.03050922
v -0.01408876 0.00054043 0.03050922
v -0.01408876 0.00323888 0.03050922
v -0.01408876 0.00266848 0.03050922
v -0.00733661 0.00266848 0.02131104
v -0.0072788 0.00266848 0.02192079
v -0.00733661 0.00054043 0.02131104
v -0.0072788 0.00054043 0.02192079
v -0.01408876 0.00054043 0.03050922
v -0.0134897 0.00054043 0.03038165
v -0.01408876 0.00266848 0.03050922
v -0.0134897 0.00266848 0.03038165
v -0.0072788 0.00266848 0.02192079
v -0.0072788 0.00054043 0.02192079
v -0.0134897 0.00054043 0.03038165
v -0.0134897 0.00266848 0.03038165
vn -0.02632 0.97914 0.20147
vn -0.02632 0.97914 -0.20147
vn -0.69683 0.70956 -0.10467
vn -0.69683 0.70956 0.10467
vn -0.02632 -0.97914 -0.20147
vn -0.02632 -0.97914 0.20147
vn -0.69683 -0.70956 0.10467
vn -0.69683 -0.70956 -0.10467
vn -0.90342 -0.36135 0.23076
vn -0.90342 -0.36135 -0.23076
vn -0.90342 0.36135 -0.23076
vn -0.90343 0.36135 0.23076
vn -0.13499 -0.05381 0.98939
vn -0.13499 0.05381 0.98939
vn -0.89901 0.35837 -0.25169
vn -0.89901 -0.35837 -0.25169
vn -0.13499 0.05381 -0.98939
vn -0.13499 -0.05381 -0.98939
vn -0.89901 -0.35837 0.25169
vn -0.89901 0.35837 0.25169
vn 0.99602 -0.01836 0.08725
vn 0.11938 -0.04053 0.99202
vn -0.0581 -0.89379 -0.44472
vn -0.5943 -0.79927 -0.08927
vn 0.99602 0.01836 0.08725
vn 0.11938 0.04053 0.99202
vn -0.5943 0.79927 -0.08927
vn -0.0581 0.89379 -0.44472
vn 0.99602 0.01836 -0.08725
vn 0.11938 0.04053 -0.99202
vn -0.0581 0.89379 0.44472
vn -0.5943 0.79927 0.08927
vn 0.99602 -0.01836 -0.08725
vn 0.11938 -0.04053 -0.99202
vn -0.5943 -0.79927 0.08927
vn -0.0581 -0.89379 0.44471
vt 0.93375 0.15811
vt 0.94529 0.15811
vt 0.94241 0.15523
vt 0.93663 0.15523
vt 0.94129 0.25424
vt 0.92975 0.25424
vt 0.93263 0.25712
vt 0.93841 0.25712
vt 0.84976 0.55762
vt 0.86219 0.55762
vt 0.86219 0.50473
vt 0.84976 0.50473
vt 0.38181 0.02977
vt 0.38181 0.08702
vt 0.38516 0.08702
vt 0.38516 0.02977
vt 0.12584 0.02111
vt 0.12584 0.07837
vt 0.12919 0.07837
vt 0.12919 0.02111
vt 0.44181 0.01943
vt 0.44181 0.07762
vt 0.44415 0.07553
vt 0.44415 0.02154
vt 0.42981 0.01943
vt 0.42981 0.07762
vt 0.43215 0.07553
vt 0.43215 0.02154
vt 0.9286 0.99414
vt 0.93148 0.99125
vt 0.92839 0.98816
vt 0.9255 0.99105
vt 0.79986 0.99414
vt 0.80451 0.99414
vt 0.80451 0.933
vt 0.79986 0.933
vt 0.93148 0.88452
vt 0.9286 0.88163
vt 0.9255 0.88472
vt 0.92839 0.88761
vt 0.91663 0.88163
vt 0.91375 0.88452
vt 0.91684 0.88761
vt 0.91973 0.88472
vt 0.82167 0.933
vt 0.81765 0.933
vt 0.81765 0.99414
vt 0.82167 0.99414
vt 0.91375 0.99125
vt 0.91663 0.99414
vt 0.91973 0.99105
vt 0.91684 0.98816
vt 0.34911 0.05578
vt 0.34911 0.05106
vt 0.34582 0.05106
vt 0.34582 0.05578
vt 0.34911 0.04246
vt 0.34911 0.03774
vt 0.34582 0.03774
vt 0.34582 0.04246
vt 0.29382 0.03765
vt 0.29382 0.04237
vt 0.29712 0.04237
vt 0.29712 0.03765
vt 0.29382 0.05097
vt 0.29382 0.05569
vt 0.29712 0.05569
vt 0.29712 0.05097
vt 0.74977 0.99414
vt 0.74977 0.933
vt 0.87208 0.933
vt 0.87208 0.99414
vt 0.93148 0.93485
vt 0.92839 0.93485
vt 0.91375 0.93485
vt 0.91684 0.93485
vt 0.91375 0.94092
vt 0.91684 0.94092
vt 0.93148 0.94092
vt 0.92839 0.94092
vt 0.34911 0.0875
vt 0.34582 0.08602
vt 0.34911 0.00601
vt 0.34582 0.0075
vt 0.29382 0.00592
vt 0.29712 0.00741
vt 0.29382 0.08741
vt 0.29712 0.08593
vt 0.94529 0.20314
vt 0.93375 0.20314
vt 0.92975 0.20921
vt 0.94129 0.20921
usemtl mat0
f 1260/1260/592 1261/1261/593 1262/1262/594
f 1260/1260/592 1262/1262/594 1263/1263/595
f 1264/1264/596 1265/1265/597 1266/1266/598
f 1264/1264/596 1266/1266/598 1267/1267/599
f 1268/1268/600 1269/1269/601 1270/1270/602
f 1268/1268/600 1270/1270/602 1271/1271/603
f 1272/1272/604 1273/1273/605 1274/1274/606
f 1272/1272/604 1274/1274/606 1275/1275/607
f 1276/1276/608 1277/1277/609 1278/1278/610
f 1276/1276/608 1278/1278/610 1279/1279/611
f 1280/1280/607 1281/1281/606 1282/1282/602
f 1280/1280/607 1282/1282/602 1283/1283/601
f 1284/1284/611 1285/1285/610 1286/1286/600
f 1284/1284/611 1286/1286/600 1287/1287/603
f 1288/1288/612 1289/1289/613 1290/1290/614
f 1288/1288/612 1290/1290/614 1291/1291/615
f 1292/1292/613 1293/1293/612 1294/1294/616
f 1292/1292/613 1294/1294/616 1295/1295/617
f 1296/1296/617 1297/1297/616 1298/1298/618
f 1296/1296/617 1298/1298/618 1299/1299/619
f 1300/1300/620 1301/1301/621 1302/1302/622
f 1300/1300/620 1302/1302/622 1303/1303/623
f 1304/1304/621 1305/1305/620 1306/1306/624
f 1304/1304/621 1306/1306/624 1307/1307/625
f 1308/1308/625 1309/1309/624 1310/1310/626
f 1308/1308/625 1310/1310/626 1311/1311/627
f 1312/1312/619 1313/1313/618 1314/1314/594
f 1312/1312/619 1314/1314/594 1315/1315/593
f 1316/1316/623 1317/1317/622 1318/1318/592
f 1316/1316/623 1318/1318/592 1319/1319/595
f 1320/1320/627 1321/1321/626 1322/1322/598
f 1320/1320/627 1322/1322/598 1323/1323/597
f 1324/1324/615 1325/1325/614 1326/1326/596
f 1324/1324/615 1326/1326/596 1327/1327/599
f 1328/1328/604 1292/1292/613 1295/1295/617
f 1328/1328/604 1295/1295/617 1329/1329/605
f 1330/1330/608 1304/1304/621 1307/1307/625
f 1330/1330/608 1307/1307/625 1331/1331/609
f 1293/1293/612 1306/1306/624 1305/1305/620
f 1293/1293/612 1305/1305/620 1294/1294/616
f 1332/1332/605 1296/1296/617 1299/1299/619
f 1332/1332/605 1299/1299/619 1333/1333/606
f 1297/1297/616 1300/1300/620 1303/1303/623
f 1297/1297/616 1303/1303/623 1298/1298/618
f 1301/1301/621 1334/1334/608 1335/1335/611
f 1301/1301/621 1335/1335/611 1302/1302/622
f 1336/1336/609 1308/1308/625 1311/1311/627
f 1336/1336/609 1311/1311/627 1337/1337/610
f 1309/1309/624 1288/1288/612 1291/1291/615
f 1309/1309/624 1291/1291/615 1310/1310/626
f 1289/1289/613 1338/1338/604 1339/1339/607
f 1289/1289/613 1339/1339/607 1290/1290/614
f 1340/1340/606 1312/1312/619 1315/1315/593
f 1340/1340/606 1315/1315/593 1341/1341/602
f 1313/1313/618 1316/1316/623 1319/1319/595
f 1313/1313/618 1319/1319/595 1314/1314/594
f 1317/1317/622 1342/1342/611 1343/1343/603
f 1317/1317/622 1343/1343/603 1318/1318/592
f 1344/1344/610 1320/1320/627 1323/1323/597
f 1344/1344/610 1323/1323/597 1345/1345/600
f 1321/1321/626 1324/1324/615 1327/1327/599
f 1321/1321/626 1327/1327/599 1322/1322/598
f 1325/1325/614 1346/1346/607 1347/1347/601
f 1325/1325/614 1347/1347/601 1326/1326/596
f 1348/1348/602 1261/1261/593 1260/1260/592
f 1348/1348/602 1260/1260/592 1349/1349/603
f 1350/1350/600 1265/1265/597 1264/1264/596
f 1350/1350/600 1264/1264/596 1351/1351/601
# Vertices: 92, normals: 36, texture coordinates: 92, faces: 68

o obj19
v 0.00482705 0.04112738 0.01111615
v 0.00243607 0.04112738 0.01216664
v 0.00329635 0.04112738 0.01250172
v 0.00449196 0.04112738 0.01197643
v 0.00243607 0.02824681 0.01216664
v 0.00482705 0.02824681 0.01111615
v 0.00449196 0.02824681 0.01197643
v 0.00329635 0.02824681 0.01250172
v 0.00073061 0.02824681 0.00179241
v -0.00166037 0.02824681 0.0028429
v -0.00166037 0.04112738 0.0028429
v 0.00073061 0.04112738 0.00179241
v -0.00250236 0.02768558 0.0026667
v -0.00250236 0.04168862 0.0026667
v -0.00186149 0.04168862 0.00238513
v -0.00186149 0.02768558 0.00238513
v 0.00117036 0.04168862 0.00105307
v 0.00117036 0.02768558 0.00105307
v 0.00052949 0.02768558 0.00133464
v 0.00052949 0.04168862 0.00133464
v -0.00186149 0.02768558 0.00238513
v -0.00186149 0.04168862 0.00238513
v -0.00166037 0.04112738 0.0028429
v -0.00166037 0.02824681 0.0028429
v 0.00052949 0.04168862 0.00133464
v 0.00052949 0.02768558 0.00133464
v 0.00073061 0.02824681 0.00179241
v 0.00073061 0.04112738 0.00179241
v 0.00293705 0.02768558 0.01342417
v 0.00207677 0.02768558 0.01308908
v 0.00243607 0.02768558 0.01216664
v 0.00329635 0.02768558 0.01250172
v 0.00207677 0.02768558 0.01308908
v 0.00293705 0.02768558 0.01342417
v 0.00293705 0.04168862 0.01342417
v 0.00207677 0.04168862 0.01308908
v 0.00207677 0.04168862 0.01308908
v 0.00293705 0.04168862 0.01342417
v 0.00329635 0.04168862 0.01250172
v 0.00243607 0.04168862 0.01216664
v 0.0054144 0.04168862 0.01233573
v 0.00574949 0.04168862 0.01147545
v 0.00482705 0.04168862 0.01111615
v 0.00449196 0.04168862 0.01197643
v 0.00574949 0.04168862 0.01147545
v 0.0054144 0.04168862 0.01233573
v 0.0054144 0.02768558 0.01233573
v 0.00574949 0.02768558 0.01147545
v 0.00574949 0.02768558 0.01147545
v 0.0054144 0.02768558 0.01233573
v 0.00449196 0.02768558 0.01197643
v 0.00482705 0.02768558 0.01111615
v 0.00243607 0.04168862 0.01216664
v 0.00329635 0.04168862 0.01250172
v 0.00329635 0.04112738 0.01250172
v 0.00243607 0.04112738 0.01216664
v 0.00449196 0.04168862 0.01197643
v 0.00482705 0.04168862 0.01111615
v 0.00482705 0.04112738 0.01111615
v 0.00449196 0.04112738 0.01197643
v 0.00482705 0.02768558 0.01111615
v 0.00449196 0.02768558 0.01197643
v 0.00449196 0.02824681 0.01197643
v 0.00482705 0.02824681 0.01111615
v 0.00329635 0.02768558 0.01250172
v 0.00243607 0.02768558 0.01216664
v 0.00243607 0.02824681 0.01216664
v 0.00329635 0.02824681 0.01250172
v -0.00250236 0.02768558 0.0026667
v -0.00250236 0.04168862 0.0026667
v 0.00117036 0.04168862 0.00105307
v 0.00117036 0.02768558 0.00105307
v -0.00250236 0.04168862 0.0026667
v -0.00186149 0.04168862 0.00238513
v 0.00117036 0.04168862 0.00105307
v 0.00052949 0.04168862 0.00133464
v 0.00117036 0.02768558 0.00105307
v 0.00052949 0.02768558 0.00133464
v -0.00250236 0.02768558 0.0026667
v -0.00186149 0.02768558 0.00238513
v -0.00186149 0.04168862 0.00238513
v -0.00166037 0.04112738 0.0028429
v 0.00052949 0.04168862 0.00133464
v 0.00073061 0.04112738 0.00179241
v 0.00052949 0.02768558 0.00133464
v 0.00073061 0.02824681 0.00179241
v -0.00186149 0.02768558 0.00238513
v -0.00166037 0.02824681 0.0028429
v -0.00166037 0.04112738 0.0028429
v 0.00073061 0.04112738 0.00179241
v 0.00073061 0.02824681 0.00179241
v -0.00166037 0.02824681 0.0028429
vn -0.02632 0.97914 0.20147
vn -0.02632 0.97914 -0.20147
vn -0.69683 0.70956 -0.10467
vn -0.69683 0.70956 0.10467
vn -0.02632 -0.97914 -0.20147
vn -0.02632 -0.97914 0.20147
vn -0.69683 -0.70956 0.10467
vn -0.69683 -0.70956 -0.10467
vn -0.90342 -0.36135 0.23076
vn -0.90342 -0.36135 -0.23076
vn -0.90342 0.36135 -0.23076
vn -0.90343 0.36135 0.23076
vn -0.13499 -0.05381 0.98939
vn -0.13499 0.05381 0.98939
vn -0.89901 0.35837 -0.25169
vn -0.89901 -0.35837 -0.25169
vn -0.13499 0.05381 -0.98939
vn -0.13499 -0.05381 -0.98939
vn -0.89901 -0.35837 0.25169
vn -0.89901 0.35837 0.25169
vn 0.99602 -0.01836 0.08725
vn 0.11938 -0.04053 0.99202
vn -0.0581 -0.89379 -0.44472
vn -0.5943 -0.79927 -0.08927
vn 0.99602 0.01836 0.08725
vn 0.11938 0.04053 0.99202
vn -0.5943 0.79927 -0.08927
vn -0.0581 0.89379 -0.44472
vn 0.99602 0.01836 -0.08725
vn 0.11938 0.04053 -0.99202
vn -0.0581 0.89379 0.44472
vn -0.5943 0.79927 0.08927
vn 0.99602 -0.01836 -0.08725
vn 0.11938 -0.04053 -0.99202
vn -0.5943 -0.79927 0.08927
vn -0.0581 -0.89379 0.44471
vt 0.92575 0.62569
vt 0.93992 0.62569
vt 0.93637 0.62215
vt 0.92929 0.62215
vt 0.45198 0.52599
vt 0.43781 0.52599
vt 0.44135 0.52953
vt 0.44843 0.52953
vt 0.86975 0.12226
vt 0.88501 0.12226
vt 0.88501 0.05735
vt 0.86975 0.05735
vt 0.32982 0.01735
vt 0.32982 0.08762
vt 0.33393 0.08762
vt 0.33393 0.01735
vt 0.96574 0.33764
vt 0.96574 0.40791
vt 0.96985 0.40791
vt 0.96985 0.33764
vt 0.16584 0.00939
vt 0.16584 0.0808
vt 0.16871 0.07823
vt 0.16871 0.01198
vt 0.17784 0.02495
vt 0.17784 0.09636
vt 0.18071 0.09379
vt 0.18071 0.02754
vt 0.34005 0.24569
vt 0.34359 0.24215
vt 0.33979 0.23835
vt 0.33625 0.2419
vt 0.22332 0.24569
vt 0.22902 0.24569
vt 0.22902 0.17065
vt 0.22332 0.17065
vt 0.42758 0.45525
vt 0.42404 0.45171
vt 0.42024 0.45551
vt 0.42378 0.45905
vt 0.40935 0.45171
vt 0.40581 0.45525
vt 0.40961 0.45905
vt 0.41315 0.45551
vt 0.25008 0.17065
vt 0.24515 0.17065
vt 0.24515 0.24569
vt 0.25008 0.24569
vt 0.32182 0.24215
vt 0.32536 0.24569
vt 0.32916 0.2419
vt 0.32562 0.23835
vt 0.95379 0.52115
vt 0.95379 0.51536
vt 0.94974 0.51536
vt 0.94974 0.52115
vt 0.95379 0.5048
vt 0.95379 0.49901
vt 0.94974 0.49901
vt 0.94974 0.5048
vt 0.95374 0.0788
vt 0.95374 0.08459
vt 0.95779 0.08459
vt 0.95779 0.0788
vt 0.95374 0.09515
vt 0.95374 0.10094
vt 0.95779 0.10094
vt 0.95779 0.09515
vt 0.16184 0.24569
vt 0.16184 0.17065
vt 0.31194 0.17065
vt 0.31194 0.24569
vt 0.42758 0.51702
vt 0.42378 0.51702
vt 0.40581 0.51702
vt 0.40961 0.51702
vt 0.32182 0.18038
vt 0.32562 0.18038
vt 0.34359 0.18038
vt 0.33979 0.18038
vt 0.95379 0.56008
vt 0.94974 0.55826
vt 0.95379 0.46008
vt 0.94974 0.4619
vt 0.95374 0.03987
vt 0.95779 0.04169
vt 0.95374 0.13987
vt 0.95779 0.13805
vt 0.93992 0.68095
vt 0.92575 0.68095
vt 0.43781 0.47073
vt 0.45198 0.47073
usemtl mat0
f 1352/1352/628 1353/1353/629 1354/1354/630
f 1352/1352/628 1354/1354/630 1355/1355/631
f 1356/1356/632 1357/1357/633 1358/1358/634
f 1356/1356/632 1358/1358/634 1359/1359/635
f 1360/1360/636 1361/1361/637 1362/1362/638
f 1360/1360/636 1362/1362/638 1363/1363/639
f 1364/1364/640 1365/1365/641 1366/1366/642
f 1364/1364/640 1366/1366/642 1367/1367/643
f 1368/1368/644 1369/1369/645 1370/1370/646
f 1368/1368/644 1370/1370/646 1371/1371/647
f 1372/1372/643 1373/1373/642 1374/1374/638
f 1372/1372/643 1374/1374/638 1375/1375/637
f 1376/1376/647 1377/1377/646 1378/1378/636
f 1376/1376/647 1378/1378/636 1379/1379/639
f 1380/1380/648 1381/1381/649 1382/1382/650
f 1380/1380/648 1382/1382/650 1383/1383/651
f 1384/1384/649 1385/1385/648 1386/1386/652
f 1384/1384/649 1386/1386/652 1387/1387/653
f 1388/1388/653 1389/1389/652 1390/1390/654
f 1388/1388/653 1390/1390/654 1391/1391/655
f 1392/1392/656 1393/1393/657 1394/1394/658
f 1392/1392/656 1394/1394/658 1395/1395/659
f 1396/1396/657 1397/1397/656 1398/1398/660
f 1396/1396/657 1398/1398/660 1399/1399/661
f 1400/1400/661 1401/1401/660 1402/1402/662
f 1400/1400/661 1402/1402/662 1403/1403/663
f 1404/1404/655 1405/1405/654 1406/1406/630
f 1404/1404/655 1406/1406/630 1407/1407/629
f 1408/1408/659 1409/1409/658 1410/1410/628
f 1408/1408/659 1410/1410/628 1411/1411/631
f 1412/1412/663 1413/1413/662 1414/1414/634
f 1412/1412/663 1414/1414/634 1415/1415/633
f 1416/1416/651 1417/1417/650 1418/1418/632
f 1416/1416/651 1418/1418/632 1419/1419/635
f 1420/1420/640 1384/1384/649 1387/1387/653
f 1420/1420/640 1387/1387/653 1421/1421/641
f 1422/1422/644 1396/1396/657 1399/1399/661
f 1422/1422/644 1399/1399/661 1423/1423/645
f 1385/1385/648 1398/1398/660 1397/1397/656
f 1385/1385/648 1397/1397/656 1386/1386/652
f 1424/1424/641 1388/1388/653 1391/1391/655
f 1424/1424/641 1391/1391/655 1425/1425/642
f 1389/1389/652 1392/1392/656 1395/1395/659
f 1389/1389/652 1395/1395/659 1390/1390/654
f 1393/1393/657 1426/1426/644 1427/1427/647
f 1393/1393/657 1427/1427/647 1394/1394/658
f 1428/1428/645 1400/1400/661 1403/1403/663
f 1428/1428/645 1403/1403/663 1429/1429/646
f 1401/1401/660 1380/1380/648 1383/1383/651
f 1401/1401/660 1383/1383/651 1402/1402/662
f 1381/1381/649 1430/1430/640 1431/1431/643
f 1381/1381/649 1431/1431/643 1382/1382/650
f 1432/1432/642 1404/1404/655 1407/1407/629
f 1432/1432/642 1407/1407/629 1433/1433/638
f 1405/1405/654 1408/1408/659 1411/1411/631
f 1405/1405/654 1411/1411/631 1406/1406/630
f 1409/1409/658 1434/1434/647 1435/1435/639
f 1409/1409/658 1435/1435/639 1410/1410/628
f 1436/1436/646 1412/1412/663 1415/1415/633
f 1436/1436/646 1415/1415/633 1437/1437/636
f 1413/1413/662 1416/1416/651 1419/1419/635
f 1413/1413/662 1419/1419/635 1414/1414/634
f 1417/1417/650 1438/1438/643 1439/1439/637
f 1417/1417/650 1439/1439/637 1418/1418/632
f 1440/1440/638 1353/1353/629 1352/1352/628
f 1440/1440/638 1352/1352/628 1441/1441/639
f 1442/1442/636 1357/1357/633 1356/1356/632
f 1442/1442/636 1356/1356/632 1443/1443/637
# Vertices: 92, normals: 36, texture coordinates: 92, faces: 68

