# File generated by ImageToStl.com - Free Image and 3D model conversion tools

mtllib bibliotheque_antique__antique_library.mtl

o obj1
v -0.2509144 2.63180213 0.95421749
v -0.2509144 2.63180213 0.96441092
v -0.24371097 2.63002664 0.96441092
v -0.24371097 2.63002664 0.95421749
v -0.24371097 2.63002664 0.95421749
v -0.24371097 2.63002664 0.96441092
v -0.23815775 2.62510692 0.96441092
v -0.23815775 2.62510692 0.95421749
v -0.23815775 2.62510692 0.95421749
v -0.23815775 2.62510692 0.96441092
v -0.23552694 2.61817002 0.96441092
v -0.23552694 2.61817002 0.95421749
v -0.23552694 2.61817002 0.95421749
v -0.23552694 2.61817002 0.96441092
v -0.2364212 2.6108051 0.96441092
v -0.2364212 2.6108051 0.95421749
v -0.2364212 2.6108051 0.95421749
v -0.2364212 2.6108051 0.96441092
v -0.24063568 2.60469937 0.96441092
v -0.24063568 2.60469937 0.95421749
v -0.24063568 2.60469937 0.95421749
v -0.24063568 2.60469937 0.96441092
v -0.24720489 2.60125159 0.96441092
v -0.24720489 2.60125159 0.95421749
v -0.24720489 2.60125159 0.95421749
v -0.24720489 2.60125159 0.96441092
v -0.2546239 2.60125159 0.96441092
v -0.2546239 2.60125159 0.95421749
v -0.2546239 2.60125159 0.95421749
v -0.2546239 2.60125159 0.96441092
v -0.26119311 2.60469937 0.96441092
v -0.26119311 2.60469937 0.95421749
v -0.26119311 2.60469937 0.95421749
v -0.26119311 2.60469937 0.96441092
v -0.26540759 2.6108051 0.96441092
v -0.26540759 2.6108051 0.95421749
v -0.26540759 2.6108051 0.95421749
v -0.26540759 2.6108051 0.96441092
v -0.26630186 2.61817003 0.96441092
v -0.26630186 2.61817003 0.95421749
v -0.26630186 2.61817003 0.95421749
v -0.26630186 2.61817003 0.96441092
v -0.26367104 2.62510693 0.96441092
v -0.26367104 2.62510693 0.95421749
v -0.26367104 2.62510693 0.95421749
v -0.26367104 2.62510693 0.96441092
v -0.25811782 2.63002664 0.96441092
v -0.25811782 2.63002664 0.95421749
v -0.25811782 2.63002664 0.95421749
v -0.25811782 2.63002664 0.96441092
v -0.2509144 2.63180213 0.96441092
v -0.2509144 2.63180213 0.95421749
v -0.25811782 2.63002664 -1.52699385
v -0.25811782 2.63002664 -1.51940917
v -0.2509144 2.63180213 -1.51940917
v -0.2509144 2.63180213 -1.52699385
v -0.25811782 2.63002664 -1.51940917
v -0.25811782 2.63002664 -1.50593539
v -0.2509144 2.63180213 -1.50593539
v -0.2509144 2.63180213 -1.51940917
v -0.25811782 2.63002664 -1.50593539
v -0.25811782 2.63002664 -0.66341074
v -0.2509144 2.63180213 -0.66341074
v -0.2509144 2.63180213 -1.50593539
v -0.25811782 2.63002664 -0.66341074
v -0.25811782 2.63002664 -0.64659349
v -0.2509144 2.63180213 -0.64659349
v -0.2509144 2.63180213 -0.66341074
v -0.25811782 2.63002664 -0.64659349
v -0.25811782 2.63002664 -0.28129146
v -0.2509144 2.63180213 -0.28129146
v -0.2509144 2.63180213 -0.64659349
v -0.25811782 2.63002664 -0.28129146
v -0.25811782 2.63002664 0.08330212
v -0.2509144 2.63180213 0.08330212
v -0.2509144 2.63180213 -0.28129146
v -0.25811782 2.63002664 0.08330212
v -0.25811782 2.63002664 0.10153601
v -0.2509144 2.63180213 0.10153597
v -0.2509144 2.63180213 0.08330212
v -0.25811782 2.63002664 0.10153601
v -0.25811782 2.63002664 0.94333561
v -0.2509144 2.63180213 0.94333561
v -0.2509144 2.63180213 0.10153597
v -0.25811782 2.63002664 0.94333561
v -0.25811782 2.63002664 0.95421749
v -0.2509144 2.63180213 0.95421749
v -0.2509144 2.63180213 0.94333561
v -0.26367104 2.62510693 -1.52699385
v -0.26367104 2.62510693 -1.51940917
v -0.25811782 2.63002664 -1.51940917
v -0.25811782 2.63002664 -1.52699385
v -0.26367104 2.62510693 -1.51940917
v -0.26367104 2.62510693 -1.50593539
v -0.25811782 2.63002664 -1.50593539
v -0.25811782 2.63002664 -1.51940917
v -0.26367104 2.62510693 -1.50593539
v -0.26367104 2.62510693 -0.66341074
v -0.25811782 2.63002664 -0.66341074
v -0.25811782 2.63002664 -1.50593539
v -0.26367104 2.62510693 -0.66341074
v -0.26367104 2.62510693 -0.64659349
v -0.25811782 2.63002664 -0.64659349
v -0.25811782 2.63002664 -0.66341074
v -0.26367104 2.62510693 -0.64659349
v -0.26367104 2.62510693 -0.28129146
v -0.25811782 2.63002664 -0.28129146
v -0.25811782 2.63002664 -0.64659349
v -0.26367104 2.62510693 -0.28129146
v -0.26367104 2.62510693 0.08330212
v -0.25811782 2.63002664 0.08330212
v -0.25811782 2.63002664 -0.28129146
v -0.26367104 2.62510693 0.08330212
v -0.26367104 2.62510693 0.10153601
v -0.25811782 2.63002664 0.10153601
v -0.25811782 2.63002664 0.08330212
v -0.26367104 2.62510693 0.10153601
v -0.26367104 2.62510693 0.94333561
v -0.25811782 2.63002664 0.94333561
v -0.25811782 2.63002664 0.10153601
v -0.26367104 2.62510693 0.94333561
v -0.26367104 2.62510693 0.95421749
v -0.25811782 2.63002664 0.95421749
v -0.25811782 2.63002664 0.94333561
v -0.26630186 2.61817003 -1.52699385
v -0.26630186 2.61817003 -1.51940917
v -0.26367104 2.62510693 -1.51940917
v -0.26367104 2.62510693 -1.52699385
v -0.26630186 2.61817003 -1.51940917
v -0.26630186 2.61817003 -1.50593539
v -0.26367104 2.62510693 -1.50593539
v -0.26367104 2.62510693 -1.51940917
v -0.26630186 2.61817003 -1.50593539
v -0.26630186 2.61817003 -0.66341074
v -0.26367104 2.62510693 -0.66341074
v -0.26367104 2.62510693 -1.50593539
v -0.26630186 2.61817003 -0.66341074
v -0.26630186 2.61817003 -0.64659349
v -0.26367104 2.62510693 -0.64659349
v -0.26367104 2.62510693 -0.66341074
v -0.26630186 2.61817003 -0.64659349
v -0.26630186 2.61817003 -0.28129146
v -0.26367104 2.62510693 -0.28129146
v -0.26367104 2.62510693 -0.64659349
v -0.26630186 2.61817003 -0.28129146
v -0.26630186 2.61817003 0.08330212
v -0.26367104 2.62510693 0.08330212
v -0.26367104 2.62510693 -0.28129146
v -0.26630186 2.61817003 0.08330212
v -0.26630186 2.61817003 0.10153601
v -0.26367104 2.62510693 0.10153601
v -0.26367104 2.62510693 0.08330212
v -0.26630186 2.61817003 0.10153601
v -0.26630186 2.61817003 0.94333561
v -0.26367104 2.62510693 0.94333561
v -0.26367104 2.62510693 0.10153601
v -0.26630186 2.61817003 0.94333561
v -0.26630186 2.61817003 0.95421749
v -0.26367104 2.62510693 0.95421749
v -0.26367104 2.62510693 0.94333561
v -0.26540759 2.6108051 -1.52699385
v -0.26540759 2.6108051 -1.51940917
v -0.26630186 2.61817003 -1.51940917
v -0.26630186 2.61817003 -1.52699385
v -0.26540759 2.6108051 -1.51940917
v -0.26540759 2.6108051 -1.50593539
v -0.26630186 2.61817003 -1.50593539
v -0.26630186 2.61817003 -1.51940917
v -0.26540759 2.6108051 -1.50593539
v -0.26540759 2.6108051 -0.66341074
v -0.26630186 2.61817003 -0.66341074
v -0.26630186 2.61817003 -1.50593539
v -0.26540759 2.6108051 -0.66341074
v -0.26540759 2.6108051 -0.64659349
v -0.26630186 2.61817003 -0.64659349
v -0.26630186 2.61817003 -0.66341074
v -0.26540759 2.6108051 -0.64659349
v -0.26540759 2.6108051 -0.28129146
v -0.26630186 2.61817003 -0.28129146
v -0.26630186 2.61817003 -0.64659349
v -0.26540759 2.6108051 -0.28129146
v -0.26540759 2.6108051 0.08330212
v -0.26630186 2.61817003 0.08330212
v -0.26630186 2.61817003 -0.28129146
v -0.26540759 2.6108051 0.08330212
v -0.26540759 2.6108051 0.10153601
v -0.26630186 2.61817003 0.10153601
v -0.26630186 2.61817003 0.08330212
v -0.26540759 2.6108051 0.10153601
v -0.26540759 2.6108051 0.94333561
v -0.26630186 2.61817003 0.94333561
v -0.26630186 2.61817003 0.10153601
v -0.26540759 2.6108051 0.94333561
v -0.26540759 2.6108051 0.95421749
v -0.26630186 2.61817003 0.95421749
v -0.26630186 2.61817003 0.94333561
v -0.26119311 2.60469937 -1.52699385
v -0.26119311 2.60469937 -1.51940917
v -0.26540759 2.6108051 -1.51940917
v -0.26540759 2.6108051 -1.52699385
v -0.26119311 2.60469937 -1.51940917
v -0.26119311 2.60469937 -1.50593539
v -0.26540759 2.6108051 -1.50593539
v -0.26540759 2.6108051 -1.51940917
v -0.26119311 2.60469937 -1.50593539
v -0.26119311 2.60469937 -0.66341074
v -0.26540759 2.6108051 -0.66341074
v -0.26540759 2.6108051 -1.50593539
v -0.26119311 2.60469937 -0.66341074
v -0.26119311 2.60469937 -0.64659349
v -0.26540759 2.6108051 -0.64659349
v -0.26540759 2.6108051 -0.66341074
v -0.26119311 2.60469937 -0.64659349
v -0.26119311 2.60469937 -0.28129146
v -0.26540759 2.6108051 -0.28129146
v -0.26540759 2.6108051 -0.64659349
v -0.26119311 2.60469937 -0.28129146
v -0.26119311 2.60469937 0.08330212
v -0.26540759 2.6108051 0.08330212
v -0.26540759 2.6108051 -0.28129146
v -0.26119311 2.60469937 0.08330212
v -0.26119311 2.60469937 0.10153601
v -0.26540759 2.6108051 0.10153601
v -0.26540759 2.6108051 0.08330212
v -0.26119311 2.60469937 0.10153601
v -0.26119311 2.60469937 0.94333561
v -0.26540759 2.6108051 0.94333561
v -0.26540759 2.6108051 0.10153601
v -0.26119311 2.60469937 0.94333561
v -0.26119311 2.60469937 0.95421749
v -0.26540759 2.6108051 0.95421749
v -0.26540759 2.6108051 0.94333561
v -0.2546239 2.60125159 -1.52699385
v -0.2546239 2.60125159 -1.51940917
v -0.26119311 2.60469937 -1.51940917
v -0.26119311 2.60469937 -1.52699385
v -0.2546239 2.60125159 -1.51940917
v -0.2546239 2.60125159 -1.50593539
v -0.26119311 2.60469937 -1.50593539
v -0.26119311 2.60469937 -1.51940917
v -0.2546239 2.60125159 -1.50593539
v -0.2546239 2.60125159 -0.66341074
v -0.26119311 2.60469937 -0.66341074
v -0.26119311 2.60469937 -1.50593539
v -0.2546239 2.60125159 -0.66341074
v -0.2546239 2.60125159 -0.64659349
v -0.26119311 2.60469937 -0.64659349
v -0.26119311 2.60469937 -0.66341074
v -0.2546239 2.60125159 -0.64659349
v -0.2546239 2.60125159 -0.28129146
v -0.26119311 2.60469937 -0.28129146
v -0.26119311 2.60469937 -0.64659349
v -0.2546239 2.60125159 -0.28129146
v -0.2546239 2.60125159 0.08330212
v -0.26119311 2.60469937 0.08330212
v -0.26119311 2.60469937 -0.28129146
v -0.2546239 2.60125159 0.08330212
v -0.2546239 2.60125159 0.10153601
v -0.26119311 2.60469937 0.10153601
v -0.26119311 2.60469937 0.08330212
v -0.2546239 2.60125159 0.10153601
v -0.2546239 2.60125159 0.94333561
v -0.26119311 2.60469937 0.94333561
v -0.26119311 2.60469937 0.10153601
v -0.2546239 2.60125159 0.94333561
v -0.2546239 2.60125159 0.95421749
v -0.26119311 2.60469937 0.95421749
v -0.26119311 2.60469937 0.94333561
v -0.24720489 2.60125159 -1.52699385
v -0.24720489 2.60125159 -1.51940917
v -0.2546239 2.60125159 -1.51940917
v -0.2546239 2.60125159 -1.52699385
v -0.24720489 2.60125159 -1.51940917
v -0.24720489 2.60125159 -1.50593539
v -0.2546239 2.60125159 -1.50593539
v -0.2546239 2.60125159 -1.51940917
v -0.24720489 2.60125159 -1.50593539
v -0.24720489 2.60125159 -0.66341074
v -0.2546239 2.60125159 -0.66341074
v -0.2546239 2.60125159 -1.50593539
v -0.24720489 2.60125159 -0.66341074
v -0.24720489 2.60125159 -0.64659349
v -0.2546239 2.60125159 -0.64659349
v -0.2546239 2.60125159 -0.66341074
v -0.24720489 2.60125159 -0.64659349
v -0.24720489 2.60125159 -0.28129146
v -0.2546239 2.60125159 -0.28129146
v -0.2546239 2.60125159 -0.64659349
v -0.24720489 2.60125159 -0.28129146
v -0.24720489 2.60125159 0.08330212
v -0.2546239 2.60125159 0.08330212
v -0.2546239 2.60125159 -0.28129146
v -0.24720489 2.60125159 0.08330212
v -0.24720489 2.60125159 0.10153601
v -0.2546239 2.60125159 0.10153601
v -0.2546239 2.60125159 0.08330212
v -0.24720489 2.60125159 0.10153601
v -0.24720489 2.60125159 0.94333561
v -0.2546239 2.60125159 0.94333561
v -0.2546239 2.60125159 0.10153601
v -0.24720489 2.60125159 0.94333561
v -0.24720489 2.60125159 0.95421749
v -0.2546239 2.60125159 0.95421749
v -0.2546239 2.60125159 0.94333561
v -0.24063568 2.60469937 -1.52699385
v -0.24063568 2.60469937 -1.51940917
v -0.24720489 2.60125159 -1.51940917
v -0.24720489 2.60125159 -1.52699385
v -0.24063568 2.60469937 -1.51940917
v -0.24063568 2.60469937 -1.50593539
v -0.24720489 2.60125159 -1.50593539
v -0.24720489 2.60125159 -1.51940917
v -0.24063568 2.60469937 -1.50593539
v -0.24063568 2.60469937 -0.66341074
v -0.24720489 2.60125159 -0.66341074
v -0.24720489 2.60125159 -1.50593539
v -0.24063568 2.60469937 -0.66341074
v -0.24063568 2.60469937 -0.64659349
v -0.24720489 2.60125159 -0.64659349
v -0.24720489 2.60125159 -0.66341074
v -0.24063568 2.60469937 -0.64659349
v -0.24063568 2.60469937 -0.28129146
v -0.24720489 2.60125159 -0.28129146
v -0.24720489 2.60125159 -0.64659349
v -0.24063568 2.60469937 -0.28129146
v -0.24063568 2.60469937 0.08330212
v -0.24720489 2.60125159 0.08330212
v -0.24720489 2.60125159 -0.28129146
v -0.24063568 2.60469937 0.08330212
v -0.24063568 2.60469937 0.10153601
v -0.24720489 2.60125159 0.10153601
v -0.24720489 2.60125159 0.08330212
v -0.24063568 2.60469937 0.10153601
v -0.24063568 2.60469937 0.94333561
v -0.24720489 2.60125159 0.94333561
v -0.24720489 2.60125159 0.10153601
v -0.24063568 2.60469937 0.94333561
v -0.24063568 2.60469937 0.95421749
v -0.24720489 2.60125159 0.95421749
v -0.24720489 2.60125159 0.94333561
v -0.2364212 2.6108051 -1.52699385
v -0.2364212 2.6108051 -1.51940917
v -0.24063568 2.60469937 -1.51940917
v -0.24063568 2.60469937 -1.52699385
v -0.2364212 2.6108051 -1.50593539
v -0.2364212 2.6108051 -0.66341074
v -0.24063568 2.60469937 -0.66341074
v -0.24063568 2.60469937 -1.50593539
v -0.23815775 2.62510692 -0.66341074
v -0.23815775 2.62510692 -0.64659349
v -0.22544877 2.62510692 -0.64659349
v -0.22544877 2.62510692 -0.66341074
v -0.2364212 2.6108051 -0.64659349
v -0.2364212 2.6108051 -0.28129146
v -0.24063568 2.60469937 -0.28129146
v -0.24063568 2.60469937 -0.64659349
v -0.2364212 2.6108051 -0.28129146
v -0.2364212 2.6108051 0.08330212
v -0.24063568 2.60469937 0.08330212
v -0.24063568 2.60469937 -0.28129146
v -0.23815775 2.62510692 0.10153601
v -0.23552694 2.61817002 0.10153601
v -0.21999216 2.61817002 0.10153601
v -0.22262297 2.62510692 0.10153601
v -0.2364212 2.6108051 0.10153601
v -0.2364212 2.6108051 0.94333561
v -0.24063568 2.60469937 0.94333561
v -0.24063568 2.60469937 0.10153601
v -0.23552694 2.61817002 0.95421749
v -0.2174431 2.61817002 0.95421749
v -0.22007392 2.62510692 0.95421749
v -0.23552694 2.61817002 -1.52699385
v -0.23552694 2.61817002 -1.51940917
v -0.2364212 2.6108051 -1.51940917
v -0.2364212 2.6108051 -1.52699385
v -0.23552694 2.61817002 -1.50593539
v -0.23552694 2.61817002 -0.66341074
v -0.2364212 2.6108051 -0.66341074
v -0.2364212 2.6108051 -1.50593539
v -0.2364212 2.6108051 -0.66341074
v -0.22281795 2.61817002 -0.66341074
v -0.22371222 2.6108051 -0.66341074
v -0.23552694 2.61817002 -0.64659349
v -0.23552694 2.61817002 -0.28129146
v -0.2364212 2.6108051 -0.28129146
v -0.2364212 2.6108051 -0.64659349
v -0.23552694 2.61817002 -0.28129146
v -0.23552694 2.61817002 0.08330212
v -0.2364212 2.6108051 0.08330212
v -0.2364212 2.6108051 -0.28129146
v -0.23552694 2.61817002 0.10153601
v -0.2364212 2.6108051 0.10153601
v -0.22088642 2.6108051 0.10153601
v -0.21999216 2.61817002 0.10153601
v -0.23552694 2.61817002 0.94333561
v -0.2364212 2.6108051 0.94333561
v -0.2364212 2.6108051 0.10153601
v -0.23815775 2.62510692 0.94333561
v -0.23815775 2.62510692 0.95421749
v -0.22007392 2.62510692 0.95421749
v -0.22007392 2.62510692 0.94333561
v -0.23815775 2.62510692 -1.52699385
v -0.23815775 2.62510692 -1.51940917
v -0.23552694 2.61817002 -1.51940917
v -0.23552694 2.61817002 -1.52699385
v -0.23815775 2.62510692 -1.50593539
v -0.23815775 2.62510692 -0.66341074
v -0.23552694 2.61817002 -0.66341074
v -0.23552694 2.61817002 -1.50593539
v -0.22371222 2.6108051 -0.66341074
v -0.2279267 2.60469937 -0.66341074
v -0.23815775 2.62510692 -0.64659349
v -0.23815775 2.62510692 -0.28129146
v -0.23552694 2.61817002 -0.28129146
v -0.23552694 2.61817002 -0.64659349
v -0.23815775 2.62510692 -0.28129146
v -0.23815775 2.62510692 0.08330212
v -0.23552694 2.61817002 0.08330212
v -0.23552694 2.61817002 -0.28129146
v -0.2251009 2.60469937 0.10153601
v -0.22088642 2.6108051 0.10153601
v -0.23815775 2.62510692 0.94333561
v -0.23552694 2.61817002 0.94333561
v -0.23552694 2.61817002 0.10153601
v -0.2364212 2.6108051 0.95421749
v -0.21833736 2.6108051 0.95421749
v -0.2174431 2.61817002 0.95421749
v -0.24371097 2.63002664 -1.52699385
v -0.24371097 2.63002664 -1.51940917
v -0.23815775 2.62510692 -1.51940917
v -0.23815775 2.62510692 -1.52699385
v -0.24371097 2.63002664 -1.51940917
v -0.24371097 2.63002664 -1.50593539
v -0.23815775 2.62510692 -1.50593539
v -0.23815775 2.62510692 -1.51940917
v -0.24371097 2.63002664 -1.50593539
v -0.24371097 2.63002664 -0.66341074
v -0.23815775 2.62510692 -0.66341074
v -0.23815775 2.62510692 -1.50593539
v -0.24371097 2.63002664 -0.66341074
v -0.24371097 2.63002664 -0.64659349
v -0.23815775 2.62510692 -0.64659349
v -0.23815775 2.62510692 -0.66341074
v -0.24371097 2.63002664 -0.64659349
v -0.24371097 2.63002664 -0.28129146
v -0.23815775 2.62510692 -0.28129146
v -0.23815775 2.62510692 -0.64659349
v -0.24371097 2.63002664 -0.28129146
v -0.24371097 2.63002664 0.08330212
v -0.23815775 2.62510692 0.08330212
v -0.23815775 2.62510692 -0.28129146
v -0.24371097 2.63002664 0.08330212
v -0.24371097 2.63002664 0.10153601
v -0.23815775 2.62510692 0.10153601
v -0.23815775 2.62510692 0.08330212
v -0.24371097 2.63002664 0.10153601
v -0.24371097 2.63002664 0.94333561
v -0.23815775 2.62510692 0.94333561
v -0.23815775 2.62510692 0.10153601
v -0.24371097 2.63002664 0.94333561
v -0.24371097 2.63002664 0.95421749
v -0.23815775 2.62510692 0.95421749
v -0.23815775 2.62510692 0.94333561
v -0.2509144 2.63180213 -1.52699385
v -0.2509144 2.63180213 -1.51940917
v -0.24371097 2.63002664 -1.51940917
v -0.24371097 2.63002664 -1.52699385
v -0.2509144 2.63180213 -1.51940917
v -0.2509144 2.63180213 -1.50593539
v -0.24371097 2.63002664 -1.50593539
v -0.24371097 2.63002664 -1.51940917
v -0.2509144 2.63180213 -1.50593539
v -0.2509144 2.63180213 -0.66341074
v -0.24371097 2.63002664 -0.66341074
v -0.24371097 2.63002664 -1.50593539
v -0.2509144 2.63180213 -0.66341074
v -0.2509144 2.63180213 -0.64659349
v -0.24371097 2.63002664 -0.64659349
v -0.24371097 2.63002664 -0.66341074
v -0.2509144 2.63180213 -0.64659349
v -0.2509144 2.63180213 -0.28129146
v -0.24371097 2.63002664 -0.28129146
v -0.24371097 2.63002664 -0.64659349
v -0.2509144 2.63180213 -0.28129146
v -0.2509144 2.63180213 0.08330212
v -0.24371097 2.63002664 0.08330212
v -0.24371097 2.63002664 -0.28129146
v -0.2509144 2.63180213 0.08330212
v -0.2509144 2.63180213 0.10153597
v -0.24371097 2.63002664 0.10153601
v -0.24371097 2.63002664 0.08330212
v -0.2509144 2.63180213 0.10153597
v -0.2509144 2.63180213 0.94333561
v -0.24371097 2.63002664 0.94333561
v -0.24371097 2.63002664 0.10153601
v -0.2509144 2.63180213 0.94333561
v -0.2509144 2.63180213 0.95421749
v -0.24371097 2.63002664 0.95421749
v -0.24371097 2.63002664 0.94333561
v -0.2364212 2.6108051 -1.51940917
v -0.22003526 2.61817002 -1.51940917
v -0.22092952 2.6108051 -1.51940917
v -0.23552694 2.61817002 -1.51940917
v -0.22266608 2.62510692 -1.51940917
v -0.22003526 2.61817002 -1.51940917
v -0.22514401 2.60469937 -1.51940917
v -0.22514401 2.60469937 -1.50593539
v -0.22092952 2.6108051 -1.51940917
v -0.22092952 2.6108051 -1.50593539
v -0.22514401 2.60469937 -1.50593539
v -0.22514401 2.60469937 -1.51940917
v -0.22003526 2.61817002 -1.51940917
v -0.22003526 2.61817002 -1.50593539
v -0.22092952 2.6108051 -1.50593539
v -0.22266608 2.62510692 -1.51940917
v -0.22266608 2.62510692 -1.50593539
v -0.22003526 2.61817002 -1.50593539
v -0.22092952 2.6108051 -1.51940917
v -0.23815775 2.62510692 -1.51940917
v -0.23815775 2.62510692 -1.50593539
v -0.22266608 2.62510692 -1.50593539
v -0.22266608 2.62510692 -1.51940917
v -0.23552694 2.61817002 -1.50593539
v -0.22266608 2.62510692 -1.50593539
v -0.2364212 2.6108051 -1.50593539
v -0.22003526 2.61817002 -1.50593539
v -0.22092952 2.6108051 -1.50593539
v -0.22371222 2.6108051 -0.66341074
v -0.22371222 2.6108051 -0.64659349
v -0.2279267 2.60469937 -0.64659349
v -0.22281795 2.61817002 -0.66341074
v -0.22281795 2.61817002 -0.64659349
v -0.22371222 2.6108051 -0.64659349
v -0.22544877 2.62510692 -0.66341074
v -0.22544877 2.62510692 -0.64659349
v -0.22281795 2.61817002 -0.64659349
v -0.22281795 2.61817002 -0.66341074
v -0.23552694 2.61817002 -0.66341074
v -0.22544877 2.62510692 -0.66341074
v -0.2279267 2.60469937 -0.66341074
v -0.2279267 2.60469937 -0.64659349
v -0.22371222 2.6108051 -0.64659349
v -0.2364212 2.6108051 -0.64659349
v -0.22281795 2.61817002 -0.64659349
v -0.23552694 2.61817002 -0.64659349
v -0.22544877 2.62510692 -0.64659349
v -0.22088642 2.6108051 0.08330212
v -0.22088642 2.6108051 0.10153601
v -0.2251009 2.60469937 0.08330212
v -0.21999216 2.61817002 0.08330212
v -0.21999216 2.61817002 0.10153601
v -0.22088642 2.6108051 0.08330212
v -0.22262297 2.62510692 0.08330212
v -0.22262297 2.62510692 0.10153601
v -0.21999216 2.61817002 0.08330212
v -0.2251009 2.60469937 0.08330212
v -0.2251009 2.60469937 0.10153601
v -0.22088642 2.6108051 0.08330212
v -0.2364212 2.6108051 0.08330212
v -0.21999216 2.61817002 0.08330212
v -0.23552694 2.61817002 0.08330212
v -0.22262297 2.62510692 0.08330212
v -0.23815775 2.62510692 0.08330212
v -0.23815775 2.62510692 0.10153601
v -0.22262297 2.62510692 0.10153601
v -0.22262297 2.62510692 0.08330212
v -0.21833736 2.6108051 0.94333561
v -0.21833736 2.6108051 0.95421749
v -0.22255184 2.60469937 0.95421749
v -0.22255184 2.60469937 0.94333561
v -0.2174431 2.61817002 0.94333561
v -0.2174431 2.61817002 0.95421749
v -0.21833736 2.6108051 0.94333561
v -0.22007392 2.62510692 0.94333561
v -0.22007392 2.62510692 0.95421749
v -0.2174431 2.61817002 0.94333561
v -0.22255184 2.60469937 0.94333561
v -0.22255184 2.60469937 0.95421749
v -0.21833736 2.6108051 0.94333561
v -0.2364212 2.6108051 0.94333561
v -0.2174431 2.61817002 0.94333561
v -0.23552694 2.61817002 0.94333561
v -0.22007392 2.62510692 0.94333561
v -0.21833736 2.6108051 0.95421749
v -0.25811782 2.63002664 0.96441092
v -0.24371097 2.63002664 0.96441092
v -0.2509144 2.63180213 0.96441092
v -0.26367104 2.62510693 0.96441092
v -0.23815775 2.62510692 0.96441092
v -0.26630186 2.61817003 0.96441092
v -0.23552694 2.61817002 0.96441092
v -0.26540759 2.6108051 0.96441092
v -0.2364212 2.6108051 0.96441092
v -0.24063568 2.60469937 0.96441092
v -0.26119311 2.60469937 0.96441092
v -0.24720489 2.60125159 0.96441092
v -0.2546239 2.60125159 0.96441092
v -0.24371097 2.63002664 -1.52699385
v -0.25811782 2.63002664 -1.52699385
v -0.2509144 2.63180213 -1.52699385
v -0.26367104 2.62510693 -1.52699385
v -0.23815775 2.62510692 -1.52699385
v -0.26630186 2.61817003 -1.52699385
v -0.23552694 2.61817002 -1.52699385
v -0.26540759 2.6108051 -1.52699385
v -0.2364212 2.6108051 -1.52699385
v -0.24063568 2.60469937 -1.52699385
v -0.26119311 2.60469937 -1.52699385
v -0.24720489 2.60125159 -1.52699385
v -0.2546239 2.60125159 -1.52699385
vn 0 0 -1
vn 0.46472 0 -0.88546
vn 0.82299 0 -0.56806
vn 0.77371 0 -0.63354
vn 0.99271 0 -0.12052
vn 0.93502 0 0.3546
vn 0.66312 0 0.74851
vn 0.46472 0 0.88546
vn 0.2393 0 0.97095
vn -0.2393 0 0.97095
vn -0.66312 0 0.74851
vn -0.93502 0 0.3546
vn -0.99271 0 -0.12052
vn -0.82299 0 -0.56806
vn -0.46472 0 -0.88546
vn 0 1 -0
vn 0 -1 -0
vn 0.7737 0 -0.63355
vn 0 0 1
vn 0.82299 0 0.56806
vn 0.93502 0 -0.3546
vt 0 1
vt 1 1
vt 1 0
vt 0 0
vt 0.91149 0.21597
vt 0.5 0
vt 0.73236 0.05727
vt 0.99635 0.43973
vt 0.26764 0.05727
vt 0.96751 0.6773
vt 0.08851 0.21597
vt 0.83156 0.87426
vt 0.00365 0.43973
vt 0.03249 0.6773
vt 0.61966 0.98547
vt 0.16844 0.87426
vt 0.38034 0.98547
usemtl mat0
f 1/1/1 2/2/1 3/3/2
f 1/1/1 3/3/2 4/4/2
f 5/1/2 6/2/2 7/3/3
f 5/1/2 7/3/3 8/4/4
f 9/1/4 10/2/3 11/3/5
f 9/1/4 11/3/5 12/4/5
f 13/1/5 14/2/5 15/3/6
f 13/1/5 15/3/6 16/4/6
f 17/1/6 18/2/6 19/3/7
f 17/1/6 19/3/7 20/4/8
f 21/1/8 22/2/7 23/3/9
f 21/1/8 23/3/9 24/4/9
f 25/1/9 26/2/9 27/3/10
f 25/1/9 27/3/10 28/4/10
f 29/1/10 30/2/10 31/3/11
f 29/1/10 31/3/11 32/4/11
f 33/1/11 34/2/11 35/3/12
f 33/1/11 35/3/12 36/4/12
f 37/1/12 38/2/12 39/3/13
f 37/1/12 39/3/13 40/4/13
f 41/1/13 42/2/13 43/3/14
f 41/1/13 43/3/14 44/4/14
f 45/1/14 46/2/14 47/3/15
f 45/1/14 47/3/15 48/4/15
f 49/1/15 50/2/15 51/3/1
f 49/1/15 51/3/1 52/4/1
f 53/1/15 54/2/15 55/3/1
f 53/1/15 55/3/1 56/4/1
f 57/1/15 58/2/15 59/3/1
f 57/1/15 59/3/1 60/4/1
f 61/1/15 62/2/15 63/3/1
f 61/1/15 63/3/1 64/4/1
f 65/1/15 66/2/15 67/3/1
f 65/1/15 67/3/1 68/4/1
f 69/1/15 70/2/15 71/3/1
f 69/1/15 71/3/1 72/4/1
f 73/1/15 74/2/15 75/3/1
f 73/1/15 75/3/1 76/4/1
f 77/1/15 78/2/15 79/3/1
f 77/1/15 79/3/1 80/4/1
f 81/1/15 82/2/15 83/3/1
f 81/1/15 83/3/1 84/4/1
f 85/1/15 86/2/15 87/3/1
f 85/1/15 87/3/1 88/4/1
f 89/1/14 90/2/14 91/3/15
f 89/1/14 91/3/15 92/4/15
f 93/1/14 94/2/14 95/3/15
f 93/1/14 95/3/15 96/4/15
f 97/1/14 98/2/14 99/3/15
f 97/1/14 99/3/15 100/4/15
f 101/1/14 102/2/14 103/3/15
f 101/1/14 103/3/15 104/4/15
f 105/1/14 106/2/14 107/3/15
f 105/1/14 107/3/15 108/4/15
f 109/1/14 110/2/14 111/3/15
f 109/1/14 111/3/15 112/4/15
f 113/1/14 114/2/14 115/3/15
f 113/1/14 115/3/15 116/4/15
f 117/1/14 118/2/14 119/3/15
f 117/1/14 119/3/15 120/4/15
f 121/1/14 122/2/14 123/3/15
f 121/1/14 123/3/15 124/4/15
f 125/1/13 126/2/13 127/3/14
f 125/1/13 127/3/14 128/4/14
f 129/1/13 130/2/13 131/3/14
f 129/1/13 131/3/14 132/4/14
f 133/1/13 134/2/13 135/3/14
f 133/1/13 135/3/14 136/4/14
f 137/1/13 138/2/13 139/3/14
f 137/1/13 139/3/14 140/4/14
f 141/1/13 142/2/13 143/3/14
f 141/1/13 143/3/14 144/4/14
f 145/1/13 146/2/13 147/3/14
f 145/1/13 147/3/14 148/4/14
f 149/1/13 150/2/13 151/3/14
f 149/1/13 151/3/14 152/4/14
f 153/1/13 154/2/13 155/3/14
f 153/1/13 155/3/14 156/4/14
f 157/1/13 158/2/13 159/3/14
f 157/1/13 159/3/14 160/4/14
f 161/1/12 162/2/12 163/3/13
f 161/1/12 163/3/13 164/4/13
f 165/1/12 166/2/12 167/3/13
f 165/1/12 167/3/13 168/4/13
f 169/1/12 170/2/12 171/3/13
f 169/1/12 171/3/13 172/4/13
f 173/1/12 174/2/12 175/3/13
f 173/1/12 175/3/13 176/4/13
f 177/1/12 178/2/12 179/3/13
f 177/1/12 179/3/13 180/4/13
f 181/1/12 182/2/12 183/3/13
f 181/1/12 183/3/13 184/4/13
f 185/1/12 186/2/12 187/3/13
f 185/1/12 187/3/13 188/4/13
f 189/1/12 190/2/12 191/3/13
f 189/1/12 191/3/13 192/4/13
f 193/1/12 194/2/12 195/3/13
f 193/1/12 195/3/13 196/4/13
f 197/1/11 198/2/11 199/3/12
f 197/1/11 199/3/12 200/4/12
f 201/1/11 202/2/11 203/3/12
f 201/1/11 203/3/12 204/4/12
f 205/1/11 206/2/11 207/3/12
f 205/1/11 207/3/12 208/4/12
f 209/1/11 210/2/11 211/3/12
f 209/1/11 211/3/12 212/4/12
f 213/1/11 214/2/11 215/3/12
f 213/1/11 215/3/12 216/4/12
f 217/1/11 218/2/11 219/3/12
f 217/1/11 219/3/12 220/4/12
f 221/1/11 222/2/11 223/3/12
f 221/1/11 223/3/12 224/4/12
f 225/1/11 226/2/11 227/3/12
f 225/1/11 227/3/12 228/4/12
f 229/1/11 230/2/11 231/3/12
f 229/1/11 231/3/12 232/4/12
f 233/1/10 234/2/10 235/3/11
f 233/1/10 235/3/11 236/4/11
f 237/1/10 238/2/10 239/3/11
f 237/1/10 239/3/11 240/4/11
f 241/1/10 242/2/10 243/3/11
f 241/1/10 243/3/11 244/4/11
f 245/1/10 246/2/10 247/3/11
f 245/1/10 247/3/11 248/4/11
f 249/1/10 250/2/10 251/3/11
f 249/1/10 251/3/11 252/4/11
f 253/1/10 254/2/10 255/3/11
f 253/1/10 255/3/11 256/4/11
f 257/1/10 258/2/10 259/3/11
f 257/1/10 259/3/11 260/4/11
f 261/1/10 262/2/10 263/3/11
f 261/1/10 263/3/11 264/4/11
f 265/1/10 266/2/10 267/3/11
f 265/1/10 267/3/11 268/4/11
f 269/1/9 270/2/9 271/3/10
f 269/1/9 271/3/10 272/4/10
f 273/1/9 274/2/9 275/3/10
f 273/1/9 275/3/10 276/4/10
f 277/1/9 278/2/9 279/3/10
f 277/1/9 279/3/10 280/4/10
f 281/1/9 282/2/9 283/3/10
f 281/1/9 283/3/10 284/4/10
f 285/1/9 286/2/9 287/3/10
f 285/1/9 287/3/10 288/4/10
f 289/1/9 290/2/9 291/3/10
f 289/1/9 291/3/10 292/4/10
f 293/1/9 294/2/9 295/3/10
f 293/1/9 295/3/10 296/4/10
f 297/1/9 298/2/9 299/3/10
f 297/1/9 299/3/10 300/4/10
f 301/1/9 302/2/9 303/3/10
f 301/1/9 303/3/10 304/4/10
f 305/1/7 306/2/8 307/3/9
f 305/1/7 307/3/9 308/4/9
f 309/1/8 310/2/8 311/3/9
f 309/1/8 311/3/9 312/4/9
f 313/1/8 314/2/8 315/3/9
f 313/1/8 315/3/9 316/4/9
f 317/1/8 318/2/8 319/3/9
f 317/1/8 319/3/9 320/4/9
f 321/1/8 322/2/7 323/3/9
f 321/1/8 323/3/9 324/4/9
f 325/1/7 326/2/8 327/3/9
f 325/1/7 327/3/9 328/4/9
f 329/1/8 330/2/8 331/3/9
f 329/1/8 331/3/9 332/4/9
f 333/1/8 334/2/8 335/3/9
f 333/1/8 335/3/9 336/4/9
f 337/1/8 338/2/8 339/3/9
f 337/1/8 339/3/9 340/4/9
f 341/1/6 342/2/6 343/3/8
f 341/1/6 343/3/8 344/4/7
f 345/1/6 346/2/6 347/3/8
f 345/1/6 347/3/8 348/4/8
f 349/1/1 350/2/1 351/3/1
f 349/1/1 351/3/1 352/4/1
f 353/1/6 354/2/6 355/3/7
f 353/1/6 355/3/7 356/4/8
f 357/1/6 358/2/6 359/3/8
f 357/1/6 359/3/8 360/4/7
f 361/1/16 362/2/16 363/3/16
f 361/1/16 363/3/16 364/4/16
f 365/1/6 366/2/6 367/3/8
f 365/1/6 367/3/8 368/4/8
f 9/1/16 369/2/16 370/3/16
f 9/1/16 370/3/16 371/4/16
f 372/1/5 373/2/5 374/3/6
f 372/1/5 374/3/6 375/4/6
f 376/1/5 377/2/5 378/3/6
f 376/1/5 378/3/6 379/4/6
f 380/1/17 377/2/17 381/3/17
f 380/1/17 381/3/17 382/4/17
f 383/1/5 384/2/5 385/3/6
f 383/1/5 385/3/6 386/4/6
f 387/1/5 388/2/5 389/3/6
f 387/1/5 389/3/6 390/4/6
f 391/1/16 392/2/16 393/3/16
f 391/1/16 393/3/16 394/4/16
f 391/1/5 395/2/5 396/3/6
f 391/1/5 396/3/6 397/4/6
f 398/1/1 399/2/1 400/3/1
f 398/1/1 400/3/1 401/4/1
f 402/1/3 403/2/18 404/3/5
f 402/1/3 404/3/5 405/4/5
f 406/1/18 407/2/18 408/3/5
f 406/1/18 408/3/5 409/4/5
f 317/1/17 346/2/17 410/3/17
f 317/1/17 410/3/17 411/4/17
f 412/1/18 413/2/3 414/3/5
f 412/1/18 414/3/5 415/4/5
f 416/1/3 417/2/4 418/3/5
f 416/1/3 418/3/5 419/4/5
f 365/1/16 330/2/16 420/3/16
f 365/1/16 420/3/16 421/4/16
f 361/1/4 422/2/4 423/3/5
f 361/1/4 423/3/5 424/4/5
f 13/1/16 425/2/16 426/3/16
f 13/1/16 426/3/16 427/4/16
f 428/1/2 429/2/2 430/3/18
f 428/1/2 430/3/18 431/4/3
f 432/1/2 433/2/2 434/3/18
f 432/1/2 434/3/18 435/4/18
f 436/1/2 437/2/2 438/3/18
f 436/1/2 438/3/18 439/4/18
f 440/1/2 441/2/2 442/3/18
f 440/1/2 442/3/18 443/4/18
f 444/1/2 445/2/2 446/3/3
f 444/1/2 446/3/3 447/4/18
f 448/1/2 449/2/2 450/3/4
f 448/1/2 450/3/4 451/4/3
f 452/1/2 453/2/2 454/3/4
f 452/1/2 454/3/4 455/4/4
f 456/1/2 457/2/2 458/3/4
f 456/1/2 458/3/4 459/4/4
f 460/1/2 461/2/2 462/3/4
f 460/1/2 462/3/4 463/4/4
f 464/1/1 465/2/1 466/3/2
f 464/1/1 466/3/2 467/4/2
f 468/1/1 469/2/1 470/3/2
f 468/1/1 470/3/2 471/4/2
f 472/1/1 473/2/1 474/3/2
f 472/1/1 474/3/2 475/4/2
f 476/1/1 477/2/1 478/3/2
f 476/1/1 478/3/2 479/4/2
f 480/1/1 481/2/1 482/3/2
f 480/1/1 482/3/2 483/4/2
f 484/1/1 485/2/1 486/3/2
f 484/1/1 486/3/2 487/4/2
f 488/1/1 489/2/1 490/3/2
f 488/1/1 490/3/2 491/4/2
f 492/1/1 493/2/1 494/3/2
f 492/1/1 494/3/2 495/4/2
f 496/1/1 497/2/1 498/3/2
f 496/1/1 498/3/2 499/4/2
f 500/1/17 373/2/17 501/3/17
f 500/1/17 501/3/17 502/4/17
f 503/1/17 403/2/17 504/3/17
f 503/1/17 504/3/17 505/4/17
f 313/1/8 306/2/8 506/3/19
f 313/1/8 506/3/19 507/4/19
f 508/1/6 509/2/6 510/3/20
f 508/1/6 510/3/20 511/4/20
f 512/1/5 513/2/5 514/3/6
f 512/1/5 514/3/6 502/4/6
f 515/1/21 516/2/21 517/3/5
f 515/1/21 517/3/5 505/4/5
f 309/1/17 342/2/17 518/3/17
f 309/1/17 518/3/17 511/4/17
f 519/1/1 520/2/1 521/3/1
f 519/1/1 521/3/1 522/4/1
f 406/1/16 523/2/16 517/3/16
f 406/1/16 517/3/16 524/4/16
f 376/1/16 525/2/16 514/3/16
f 376/1/16 514/3/16 526/4/16
f 345/1/16 310/2/16 510/3/16
f 345/1/16 510/3/16 527/4/16
f 528/1/6 529/2/6 530/3/20
f 528/1/6 530/3/20 411/4/20
f 531/1/5 532/2/5 533/3/6
f 531/1/5 533/3/6 382/4/6
f 534/1/21 535/2/21 536/3/5
f 534/1/21 536/3/5 537/4/5
f 538/1/17 407/2/17 539/3/17
f 538/1/17 539/3/17 537/4/17
f 321/1/8 314/2/8 540/3/19
f 321/1/8 540/3/19 541/4/19
f 353/1/16 318/2/16 530/3/16
f 353/1/16 530/3/16 542/4/16
f 383/1/16 543/2/16 533/3/16
f 383/1/16 533/3/16 544/4/16
f 412/1/16 545/2/16 536/3/16
f 412/1/16 536/3/16 546/4/16
f 547/1/6 548/2/6 420/3/20
f 547/1/6 420/3/20 549/4/20
f 550/1/5 551/2/5 393/3/6
f 550/1/5 393/3/6 552/4/6
f 553/1/21 554/2/21 363/3/5
f 553/1/21 363/3/5 555/4/5
f 333/1/8 326/2/8 556/3/19
f 333/1/8 556/3/19 557/4/19
f 329/1/17 358/2/17 558/3/17
f 329/1/17 558/3/17 549/4/17
f 559/1/17 388/2/17 560/3/17
f 559/1/17 560/3/17 552/4/17
f 561/1/17 417/2/17 562/3/17
f 561/1/17 562/3/17 555/4/17
f 563/1/1 564/2/1 565/3/1
f 563/1/1 565/3/1 566/4/1
f 567/1/6 568/2/6 569/3/20
f 567/1/6 569/3/20 570/4/20
f 571/1/5 572/2/5 426/3/6
f 571/1/5 426/3/6 573/4/6
f 574/1/21 575/2/21 370/3/5
f 574/1/21 370/3/5 576/4/5
f 21/1/8 334/2/8 577/3/19
f 21/1/8 577/3/19 578/4/19
f 337/1/17 366/2/17 579/3/17
f 337/1/17 579/3/17 570/4/17
f 580/1/17 395/2/17 581/3/17
f 580/1/17 581/3/17 573/4/17
f 582/1/17 422/2/17 583/3/17
f 582/1/17 583/3/17 576/4/17
f 17/1/16 338/2/16 569/3/16
f 17/1/16 569/3/16 584/4/16
f 585/5/16 586/6/16 587/7/16
f 586/6/16 585/5/16 588/8/16
f 586/6/16 588/8/16 589/9/16
f 589/9/16 588/8/16 590/10/16
f 589/9/16 590/10/16 591/11/16
f 591/11/16 590/10/16 592/12/16
f 591/11/16 592/12/16 593/13/16
f 593/13/16 592/12/16 594/14/16
f 594/14/16 592/12/16 595/15/16
f 594/14/16 595/15/16 596/16/16
f 596/16/16 595/15/16 597/17/16
f 598/7/17 599/9/17 600/6/17
f 599/9/17 598/7/17 601/11/17
f 601/11/17 598/7/17 602/5/17
f 601/11/17 602/5/17 603/13/17
f 603/13/17 602/5/17 604/8/17
f 603/13/17 604/8/17 605/14/17
f 605/14/17 604/8/17 606/10/17
f 605/14/17 606/10/17 607/12/17
f 605/14/17 607/12/17 608/16/17
f 608/16/17 607/12/17 609/15/17
f 608/16/17 609/15/17 610/17/17
# Vertices: 610, normals: 21, texture coordinates: 17, faces: 346

o obj2
v -0.22480472 1.72781665 0.94364523
v -0.22480472 1.72781667 -1.50915403
v 0.03390686 1.72781667 -1.50915403
v 0.03390686 1.72781665 0.94364523
v -0.22480472 2.6189879 -1.52085886
v -0.22480472 2.91278707 -1.52085886
v 0.16131897 2.91278707 -1.52085886
v 0.16131897 2.6189879 -1.52085886
v 0.16131897 2.6189879 -1.52085886
v 0.16131897 2.91278707 -1.52085886
v 0.16131897 2.91278707 0.95535006
v 0.16131897 2.6189879 0.95535006
v 0.16131897 2.6189879 0.95535006
v 0.16131897 2.91278707 0.95535006
v -0.22480472 2.91278707 0.95535006
v -0.22480472 2.6189879 0.95535006
v -0.22480472 -0.02520479 -1.52085886
v 0.16131897 -0.02520479 -1.52085886
v 0.16131897 -0.02520479 0.95535006
v -0.22480472 -0.02520479 0.95535006
v 0.16131897 2.91278707 -1.52085886
v -0.22480472 2.91278707 -1.52085886
v -0.22480472 2.91278707 0.95535006
v 0.16131897 2.91278707 0.95535006
v 0.16131897 -0.02520479 0.95535006
v 0.16131897 0.26859438 0.95535006
v -0.22480472 0.26859438 0.95535006
v -0.22480472 -0.02520479 0.95535006
v 0.16131897 0.56239355 0.95535006
v -0.22480472 0.56239355 0.95535006
v 0.16131897 0.85619276 0.95535006
v -0.22480472 0.85619272 0.95535006
v 0.16131897 1.14999195 0.95535006
v -0.22480472 1.14999193 0.95535006
v 0.16131897 1.44379114 0.95535006
v -0.22480472 1.44379114 0.95535006
v 0.16131897 1.73759036 0.95535006
v -0.22480472 1.73759033 0.95535006
v 0.16131897 2.03138957 0.95535006
v -0.22480472 2.03138952 0.95535006
v 0.16131897 2.32518874 0.95535006
v -0.22480472 2.32518874 0.95535006
v 0.16131897 -0.02520479 -1.52085886
v 0.16131897 0.26859438 -1.52085886
v 0.16131897 0.26859438 0.95535006
v 0.16131897 -0.02520479 0.95535006
v 0.16131897 0.56239355 -1.52085886
v 0.16131897 0.56239355 0.95535006
v 0.16131897 0.85619276 -1.52085886
v 0.16131897 0.85619276 0.95535006
v 0.16131897 1.14999195 -1.52085886
v 0.16131897 1.14999195 0.95535006
v 0.16131897 1.44379114 -1.52085886
v 0.16131897 1.44379114 0.95535006
v 0.16131897 1.73759036 -1.52085886
v 0.16131897 1.73759036 0.95535006
v 0.16131897 2.03138957 -1.52085886
v 0.16131897 2.03138957 0.95535006
v 0.16131897 2.32518874 -1.52085886
v 0.16131897 2.32518874 0.95535006
v -0.22480472 -0.02520479 -1.52085886
v -0.22480472 0.26859438 -1.52085886
v 0.16131897 0.26859438 -1.52085886
v 0.16131897 -0.02520479 -1.52085886
v -0.22480472 0.56239355 -1.52085886
v 0.16131897 0.56239355 -1.52085886
v -0.22480472 0.85619276 -1.52085886
v 0.16131897 0.85619276 -1.52085886
v -0.22480472 1.14999195 -1.52085886
v 0.16131897 1.14999195 -1.52085886
v -0.22480472 1.44379114 -1.52085886
v 0.16131897 1.44379114 -1.52085886
v -0.22480472 1.73759036 -1.52085886
v 0.16131897 1.73759036 -1.52085886
v -0.22480472 2.03138957 -1.52085886
v 0.16131897 2.03138957 -1.52085886
v -0.22480472 2.32518874 -1.52085886
v 0.16131897 2.32518874 -1.52085886
v -0.22480472 2.33884365 0.94058724
v -0.22480472 2.60533299 0.94058724
v 0.03390686 2.60533299 0.94058724
v 0.03390686 2.33884365 0.94058724
v -0.22480472 0.26215967 0.94786227
v -0.22480472 0.26215967 -1.51337107
v 0.03390686 0.26215967 -1.51337107
v 0.03390686 0.26215967 0.94786227
v -0.22480472 0.86285758 0.9462597
v -0.22480472 1.14332703 0.9462597
v 0.03390686 1.14332703 0.9462597
v 0.03390686 0.86285758 0.9462597
v -0.22480472 1.45356482 -1.50915403
v -0.22480472 1.45356482 0.94364523
v 0.03390686 1.45356482 0.94364523
v 0.03390686 1.45356482 -1.50915403
v -0.22480472 -0.0088577 0.94786227
v -0.22480472 0.26215967 0.94786227
v 0.03390686 0.26215967 0.94786227
v 0.03390686 -0.0088577 0.94786227
v -0.22480472 1.72781667 -1.50915403
v -0.22480472 1.45356482 -1.50915403
v 0.03390686 1.45356482 -1.50915403
v 0.03390686 1.72781667 -1.50915403
v -0.22480472 0.26215967 -1.51337107
v -0.22480472 -0.0088577 -1.51337107
v 0.03390686 -0.0088577 -1.51337107
v 0.03390686 0.26215967 -1.51337107
v -0.22480472 2.31400106 0.94117584
v -0.22480472 2.31400106 -1.50668464
v 0.03390686 2.31400106 -1.50668464
v 0.03390686 2.31400106 0.94117584
v -0.22480472 0.85084374 0.94633903
v -0.22480472 0.85084383 -1.51184783
v 0.03390686 0.85084383 -1.51184783
v 0.03390686 0.85084374 0.94633903
v -0.22480472 2.90279029 0.94265835
v -0.22480472 2.62898469 0.94265835
v -0.22480472 2.6189879 0.95535006
v -0.22480472 2.91278707 0.95535006
v -0.22480472 2.90279029 -1.50816714
v -0.22480472 2.91278707 -1.52085886
v -0.22480472 2.62898469 -1.50816714
v -0.22480472 2.6189879 -1.52085886
v -0.22480472 2.60533299 0.94058724
v -0.22480472 2.33884365 0.94058724
v -0.22480472 2.32518874 0.95535006
v -0.22480472 2.33884365 -1.50609604
v -0.22480472 2.60533299 -1.50609604
v -0.22480472 2.32518874 -1.52085886
v -0.22480472 2.31400106 0.94117584
v -0.22480472 2.04257724 0.94117584
v -0.22480472 2.03138952 0.95535006
v -0.22480472 2.04257724 -1.50668464
v -0.22480472 2.31400106 -1.50668464
v -0.22480472 2.03138957 -1.52085886
v -0.22480472 2.02025224 0.94143428
v -0.22480472 1.74872764 0.94143428
v -0.22480472 1.73759033 0.95535006
v -0.22480472 1.74872766 -1.50694308
v -0.22480472 2.02025224 -1.50694308
v -0.22480472 1.73759036 -1.52085886
v -0.22480472 1.72781665 0.94364523
v -0.22480472 1.45356482 0.94364523
v -0.22480472 1.44379114 0.95535006
v -0.22480472 1.45356482 -1.50915403
v -0.22480472 1.72781667 -1.50915403
v -0.22480472 1.44379114 -1.52085886
v -0.22480472 1.43647067 0.94517777
v -0.22480472 1.15731239 0.94517777
v -0.22480472 1.14999193 0.95535006
v -0.22480472 1.15731241 -1.51068657
v -0.22480472 1.43647067 -1.51068657
v -0.22480472 1.14999195 -1.52085886
v -0.22480472 1.14332703 0.9462597
v -0.22480472 0.86285758 0.9462597
v -0.22480472 0.85619272 0.95535006
v -0.22480472 0.86285762 -1.5117685
v -0.22480472 1.14332707 -1.5117685
v -0.22480472 0.85619276 -1.52085886
v -0.22480472 0.85084374 0.94633903
v -0.22480472 0.56774244 0.94633903
v -0.22480472 0.56239355 0.95535006
v -0.22480472 0.56774244 -1.51184783
v -0.22480472 0.85084383 -1.51184783
v -0.22480472 0.56239355 -1.52085886
v -0.22480472 0.55635181 0.94810816
v -0.22480472 0.27463622 0.94810816
v -0.22480472 0.26859438 0.95535006
v -0.22480472 0.27463622 -1.51361696
v -0.22480472 0.55635181 -1.51361696
v -0.22480472 0.26859438 -1.52085886
v -0.22480472 -0.0088577 0.94786227
v -0.22480472 -0.0088577 -1.51337107
v -0.22480472 -0.02520479 -1.52085886
v -0.22480472 -0.02520479 0.95535006
v -0.22480472 0.26215967 -1.51337107
v -0.22480472 0.26215967 0.94786227
v 0.03390686 2.62898469 0.94265835
v 0.03390686 2.90279029 0.94265835
v 0.03390686 2.90279029 -1.50816714
v 0.03390686 2.62898469 -1.50816714
v 0.03390686 -0.0088577 0.94786227
v 0.03390686 0.26215967 0.94786227
v 0.03390686 0.26215967 -1.51337107
v 0.03390686 -0.0088577 -1.51337107
v 0.03390686 0.27463622 0.94810816
v 0.03390686 0.55635181 0.94810816
v 0.03390686 0.55635181 -1.51361696
v 0.03390686 0.27463622 -1.51361696
v 0.03390686 0.56774244 0.94633903
v 0.03390686 0.85084374 0.94633903
v 0.03390686 0.85084383 -1.51184783
v 0.03390686 0.56774244 -1.51184783
v 0.03390686 0.86285758 0.9462597
v 0.03390686 1.14332703 0.9462597
v 0.03390686 1.14332707 -1.5117685
v 0.03390686 0.86285762 -1.5117685
v 0.03390686 1.15731239 0.94517777
v 0.03390686 1.43647067 0.94517777
v 0.03390686 1.43647067 -1.51068657
v 0.03390686 1.15731241 -1.51068657
v 0.03390686 1.45356482 0.94364523
v 0.03390686 1.72781665 0.94364523
v 0.03390686 1.72781667 -1.50915403
v 0.03390686 1.45356482 -1.50915403
v 0.03390686 1.74872764 0.94143428
v 0.03390686 2.02025224 0.94143428
v 0.03390686 2.02025224 -1.50694308
v 0.03390686 1.74872766 -1.50694308
v 0.03390686 2.04257724 0.94117584
v 0.03390686 2.31400106 0.94117584
v 0.03390686 2.31400106 -1.50668464
v 0.03390686 2.04257724 -1.50668464
v 0.03390686 2.33884365 0.94058724
v 0.03390686 2.60533299 0.94058724
v 0.03390686 2.60533299 -1.50609604
v 0.03390686 2.33884365 -1.50609604
v -0.22480472 1.14332707 -1.5117685
v -0.22480472 0.86285762 -1.5117685
v 0.03390686 0.86285762 -1.5117685
v 0.03390686 1.14332707 -1.5117685
v -0.22480472 2.60533299 -1.50609604
v -0.22480472 2.33884365 -1.50609604
v 0.03390686 2.33884365 -1.50609604
v 0.03390686 2.60533299 -1.50609604
v -0.22480472 0.86285762 -1.5117685
v -0.22480472 0.86285758 0.9462597
v 0.03390686 0.86285758 0.9462597
v 0.03390686 0.86285762 -1.5117685
v -0.22480472 2.33884365 -1.50609604
v -0.22480472 2.33884365 0.94058724
v 0.03390686 2.33884365 0.94058724
v 0.03390686 2.33884365 -1.50609604
v -0.22480472 0.27463622 0.94810816
v -0.22480472 0.55635181 0.94810816
v 0.03390686 0.55635181 0.94810816
v 0.03390686 0.27463622 0.94810816
v -0.22480472 1.74872764 0.94143428
v -0.22480472 2.02025224 0.94143428
v 0.03390686 2.02025224 0.94143428
v 0.03390686 1.74872764 0.94143428
v -0.22480472 1.14332703 0.9462597
v -0.22480472 1.14332707 -1.5117685
v 0.03390686 1.14332707 -1.5117685
v 0.03390686 1.14332703 0.9462597
v -0.22480472 2.60533299 0.94058724
v -0.22480472 2.60533299 -1.50609604
v 0.03390686 2.60533299 -1.50609604
v 0.03390686 2.60533299 0.94058724
v -0.22480472 0.55635181 -1.51361696
v -0.22480472 0.27463622 -1.51361696
v 0.03390686 0.27463622 -1.51361696
v 0.03390686 0.55635181 -1.51361696
v -0.22480472 2.02025224 -1.50694308
v -0.22480472 1.74872766 -1.50694308
v 0.03390686 1.74872766 -1.50694308
v 0.03390686 2.02025224 -1.50694308
v -0.22480472 0.27463622 -1.51361696
v -0.22480472 0.27463622 0.94810816
v 0.03390686 0.27463622 0.94810816
v 0.03390686 0.27463622 -1.51361696
v -0.22480472 1.74872766 -1.50694308
v -0.22480472 1.74872764 0.94143428
v 0.03390686 1.74872764 0.94143428
v 0.03390686 1.74872766 -1.50694308
v -0.22480472 1.15731239 0.94517777
v -0.22480472 1.43647067 0.94517777
v 0.03390686 1.43647067 0.94517777
v 0.03390686 1.15731239 0.94517777
v -0.22480472 0.55635181 0.94810816
v -0.22480472 0.55635181 -1.51361696
v 0.03390686 0.55635181 -1.51361696
v 0.03390686 0.55635181 0.94810816
v -0.22480472 2.62898469 0.94265835
v -0.22480472 2.90279029 0.94265835
v 0.03390686 2.90279029 0.94265835
v 0.03390686 2.62898469 0.94265835
v -0.22480472 2.02025224 0.94143428
v -0.22480472 2.02025224 -1.50694308
v 0.03390686 2.02025224 -1.50694308
v 0.03390686 2.02025224 0.94143428
v -0.22480472 1.43647067 -1.51068657
v -0.22480472 1.15731241 -1.51068657
v 0.03390686 1.15731241 -1.51068657
v 0.03390686 1.43647067 -1.51068657
v -0.22480472 2.90279029 0.94265835
v -0.22480472 2.90279029 -1.50816714
v 0.03390686 2.90279029 -1.50816714
v 0.03390686 2.90279029 0.94265835
v -0.22480472 1.15731241 -1.51068657
v -0.22480472 1.15731239 0.94517777
v 0.03390686 1.15731239 0.94517777
v 0.03390686 1.15731241 -1.51068657
v -0.22480472 2.90279029 -1.50816714
v -0.22480472 2.62898469 -1.50816714
v 0.03390686 2.62898469 -1.50816714
v 0.03390686 2.90279029 -1.50816714
v -0.22480472 0.56774244 0.94633903
v -0.22480472 0.85084374 0.94633903
v 0.03390686 0.85084374 0.94633903
v 0.03390686 0.56774244 0.94633903
v -0.22480472 2.04257724 0.94117584
v -0.22480472 2.31400106 0.94117584
v 0.03390686 2.31400106 0.94117584
v 0.03390686 2.04257724 0.94117584
v -0.22480472 1.43647067 0.94517777
v -0.22480472 1.43647067 -1.51068657
v 0.03390686 1.43647067 -1.51068657
v 0.03390686 1.43647067 0.94517777
v -0.22480472 2.62898469 -1.50816714
v -0.22480472 2.62898469 0.94265835
v 0.03390686 2.62898469 0.94265835
v 0.03390686 2.62898469 -1.50816714
v -0.22480472 0.85084383 -1.51184783
v -0.22480472 0.56774244 -1.51184783
v 0.03390686 0.56774244 -1.51184783
v 0.03390686 0.85084383 -1.51184783
v -0.22480472 2.31400106 -1.50668464
v -0.22480472 2.04257724 -1.50668464
v 0.03390686 2.04257724 -1.50668464
v 0.03390686 2.31400106 -1.50668464
v -0.22480472 0.56774244 -1.51184783
v -0.22480472 0.56774244 0.94633903
v 0.03390686 0.56774244 0.94633903
v 0.03390686 0.56774244 -1.51184783
v -0.22480472 2.04257724 -1.50668464
v -0.22480472 2.04257724 0.94117584
v 0.03390686 2.04257724 0.94117584
v 0.03390686 2.04257724 -1.50668464
v -0.22480472 -0.0088577 -1.51337107
v -0.22480472 -0.0088577 0.94786227
v 0.03390686 -0.0088577 0.94786227
v 0.03390686 -0.0088577 -1.51337107
v -0.22480472 1.45356482 0.94364523
v -0.22480472 1.72781665 0.94364523
v 0.03390686 1.72781665 0.94364523
v 0.03390686 1.45356482 0.94364523
vn 0 -1 -0
vn 0 0 -1
vn 1 0 0
vn 0 0 1
vn 0 -1 -0
vn 0 1 0
vn 0 -1 -0
vn -1 0 -0
vn 0 1 0
vn 0 -1 -0
vn 0 1 0
vn 0 1 0
vt 0.16311 0.99527
vt 0.16311 0.00473
vt 0.83313 0.00473
vt 0.83313 0.99527
vt 0.16311 0.1001
vt 0.16311 0.0001
vt 1.16311 0.0001
vt 1.16311 0.1001
vt 1 0.1001
vt 1 0.0001
vt 0 0.0001
vt 0 0.1001
vt 0.16311 0
vt 1.16311 0
vt 1.16311 1
vt 0.16311 1
vt 1.16311 1.0001
vt 1.16311 0.9001
vt 0.16311 0.9001
vt 0.16311 1.0001
vt 1.16311 0.8001
vt 0.16311 0.8001
vt 1.16311 0.7001
vt 0.16311 0.7001
vt 1.16311 0.6001
vt 0.16311 0.6001
vt 1.16311 0.5001
vt 0.16311 0.5001
vt 1.16311 0.4001
vt 0.16311 0.4001
vt 1.16311 0.3001
vt 0.16311 0.3001
vt 1.16311 0.2001
vt 0.16311 0.2001
vt 1 1.0001
vt 1 0.9001
vt 0 0.9001
vt 0 1.0001
vt 1 0.8001
vt 0 0.8001
vt 1 0.7001
vt 0 0.7001
vt 1 0.6001
vt 0 0.6001
vt 1 0.5001
vt 0 0.5001
vt 1 0.4001
vt 0 0.4001
vt 1 0.3001
vt 0 0.3001
vt 1 0.2001
vt 0 0.2001
vt 0.16311 0.7001
vt 0.16311 0.3001
vt 0.16311 0.19545
vt 0.16311 0.10474
vt 0.83313 0.10474
vt 0.83313 0.19545
vt 0.16311 0.99698
vt 0.16311 0.00302
vt 0.83313 0.00302
vt 0.83313 0.99698
vt 0.16311 0.69783
vt 0.16311 0.60237
vt 0.83313 0.60237
vt 0.83313 0.69783
vt 0.16311 0.99453
vt 0.16311 0.90229
vt 0.83313 0.90229
vt 0.83313 0.99453
vt 0.16311 0.40342
vt 0.16311 0.49677
vt 0.83313 0.49677
vt 0.83313 0.40342
vt 0.16311 0.99428
vt 0.16311 0.00572
vt 0.83313 0.00572
vt 0.83313 0.99428
vt 0.16311 0.99636
vt 0.16311 0.00364
vt 0.83313 0.00364
vt 0.83313 0.99636
vt 0.00513 0.0035
vt 0.00513 0.09669
vt 0.99487 0.0035
vt 0.99487 0.09669
vt 0.00596 0.10474
vt 0.00596 0.19545
vt 0.99404 0.19545
vt 0.99404 0.10474
vt 0.00572 0.2039
vt 0.00572 0.29629
vt 0 0.3001
vt 0.99428 0.29629
vt 0.99428 0.2039
vt 0.00562 0.30389
vt 0.00562 0.39631
vt 0.99438 0.39631
vt 0.99438 0.30389
vt 0.00473 0.40342
vt 0.00473 0.49677
vt 0.99527 0.49677
vt 0.99527 0.40342
vt 0.00411 0.50259
vt 0.00411 0.59761
vt 0.99589 0.59761
vt 0.99589 0.50259
vt 0.00367 0.60237
vt 0.00367 0.69783
vt 0 0.7001
vt 0.99633 0.69783
vt 0.99633 0.60237
vt 0.00364 0.70192
vt 0.00364 0.79828
vt 0.99636 0.79828
vt 0.99636 0.70192
vt 0.00292 0.80215
vt 0.00292 0.89804
vt 0.99708 0.89804
vt 0.99708 0.80215
vt 0.00302 0.99453
vt 0.99698 0.99453
vt 0.99698 0.90229
vt 0.00302 0.90229
vt 0.16311 0.00367
vt 0.16311 0.99633
vt 0.83313 0.99633
vt 0.83313 0.00367
vt 0.16311 0.00596
vt 0.16311 0.99404
vt 0.83313 0.99404
vt 0.83313 0.00596
vt 0.16311 0.89804
vt 0.16311 0.80215
vt 0.83313 0.80215
vt 0.83313 0.89804
vt 0.16311 0.39631
vt 0.16311 0.30389
vt 0.83313 0.30389
vt 0.83313 0.39631
vt 0.16311 0.00292
vt 0.16311 0.99708
vt 0.83313 0.99708
vt 0.83313 0.00292
vt 0.16311 0.00562
vt 0.16311 0.99438
vt 0.83313 0.99438
vt 0.83313 0.00562
vt 0.16311 0.59761
vt 0.16311 0.50259
vt 0.83313 0.50259
vt 0.83313 0.59761
vt 0.16311 0.09669
vt 0.16311 0.0035
vt 0.83313 0.0035
vt 0.83313 0.09669
vt 0.16311 0.99487
vt 0.16311 0.00513
vt 0.83313 0.00513
vt 0.83313 0.99487
vt 0.16311 0.00411
vt 0.16311 0.99589
vt 0.83313 0.99589
vt 0.83313 0.00411
vt 0.16311 0.79828
vt 0.16311 0.70192
vt 0.83313 0.70192
vt 0.83313 0.79828
vt 0.16311 0.29629
vt 0.16311 0.2039
vt 0.83313 0.2039
vt 0.83313 0.29629
usemtl mat1
f 611/18/22 612/19/22 613/20/22
f 611/18/22 613/20/22 614/21/22
f 615/22/23 616/23/23 617/24/23
f 615/22/23 617/24/23 618/25/23
f 619/26/24 620/27/24 621/28/24
f 619/26/24 621/28/24 622/29/24
f 623/25/25 624/24/25 625/23/25
f 623/25/25 625/23/25 626/22/25
f 627/30/26 628/31/26 629/32/26
f 627/30/26 629/32/26 630/33/26
f 631/31/27 632/30/27 633/33/27
f 631/31/27 633/33/27 634/32/27
f 635/34/25 636/35/25 637/36/25
f 635/34/25 637/36/25 638/37/25
f 636/35/25 639/38/25 640/39/25
f 636/35/25 640/39/25 637/36/25
f 639/38/25 641/40/25 642/41/25
f 639/38/25 642/41/25 640/39/25
f 641/40/25 643/42/25 644/43/25
f 641/40/25 644/43/25 642/41/25
f 643/42/25 645/44/25 646/45/25
f 643/42/25 646/45/25 644/43/25
f 645/44/25 647/46/25 648/47/25
f 645/44/25 648/47/25 646/45/25
f 647/46/25 649/48/25 650/49/25
f 647/46/25 650/49/25 648/47/25
f 649/48/25 651/50/25 652/51/25
f 649/48/25 652/51/25 650/49/25
f 651/50/25 623/25/25 626/22/25
f 651/50/25 626/22/25 652/51/25
f 653/52/24 654/53/24 655/54/24
f 653/52/24 655/54/24 656/55/24
f 654/53/24 657/56/24 658/57/24
f 654/53/24 658/57/24 655/54/24
f 657/56/24 659/58/24 660/59/24
f 657/56/24 660/59/24 658/57/24
f 659/58/24 661/60/24 662/61/24
f 659/58/24 662/61/24 660/59/24
f 661/60/24 663/62/24 664/63/24
f 661/60/24 664/63/24 662/61/24
f 663/62/24 665/64/24 666/65/24
f 663/62/24 666/65/24 664/63/24
f 665/64/24 667/66/24 668/67/24
f 665/64/24 668/67/24 666/65/24
f 667/66/24 669/68/24 670/69/24
f 667/66/24 670/69/24 668/67/24
f 669/68/24 619/26/24 622/29/24
f 669/68/24 622/29/24 670/69/24
f 671/37/23 672/36/23 673/35/23
f 671/37/23 673/35/23 674/34/23
f 672/36/23 675/39/23 676/38/23
f 672/36/23 676/38/23 673/35/23
f 675/39/23 677/70/23 678/40/23
f 675/39/23 678/40/23 676/38/23
f 677/70/23 679/43/23 680/42/23
f 677/70/23 680/42/23 678/40/23
f 679/43/23 681/45/23 682/44/23
f 679/43/23 682/44/23 680/42/23
f 681/45/23 683/47/23 684/46/23
f 681/45/23 684/46/23 682/44/23
f 683/47/23 685/71/23 686/48/23
f 683/47/23 686/48/23 684/46/23
f 685/71/23 687/51/23 688/50/23
f 685/71/23 688/50/23 686/48/23
f 687/51/23 615/22/23 618/25/23
f 687/51/23 618/25/23 688/50/23
f 689/72/23 690/73/23 691/74/23
f 689/72/23 691/74/23 692/75/23
f 693/76/26 694/77/26 695/78/26
f 693/76/26 695/78/26 696/79/26
f 697/80/23 698/81/23 699/82/23
f 697/80/23 699/82/23 700/83/23
f 701/19/27 702/18/27 703/21/27
f 701/19/27 703/21/27 704/20/27
f 705/84/23 706/85/23 707/86/23
f 705/84/23 707/86/23 708/87/23
f 709/88/25 710/89/25 711/90/25
f 709/88/25 711/90/25 712/91/25
f 713/85/25 714/84/25 715/87/25
f 713/85/25 715/87/25 716/86/25
f 717/92/26 718/93/26 719/94/26
f 717/92/26 719/94/26 720/95/26
f 721/96/28 722/97/28 723/98/28
f 721/96/28 723/98/28 724/99/28
f 725/100/29 726/101/29 727/29/29
f 725/100/29 727/29/29 728/28/29
f 729/102/29 725/100/29 728/28/29
f 729/102/29 728/28/29 730/27/29
f 731/103/29 729/102/29 730/27/29
f 731/103/29 730/27/29 732/26/29
f 726/101/29 731/103/29 732/26/29
f 726/101/29 732/26/29 727/29/29
f 733/104/29 734/105/29 735/69/29
f 733/104/29 735/69/29 727/29/29
f 736/106/29 737/107/29 732/26/29
f 736/106/29 732/26/29 738/68/29
f 734/105/29 736/106/29 738/68/29
f 734/105/29 738/68/29 735/69/29
f 737/107/29 733/104/29 727/29/29
f 737/107/29 727/29/29 732/26/29
f 739/108/29 740/109/29 741/110/29
f 739/108/29 741/110/29 735/69/29
f 742/111/29 743/112/29 738/68/29
f 742/111/29 738/68/29 744/66/29
f 740/109/29 742/111/29 744/66/29
f 740/109/29 744/66/29 741/110/29
f 743/112/29 739/108/29 735/69/29
f 743/112/29 735/69/29 738/68/29
f 745/113/29 746/114/29 747/65/29
f 745/113/29 747/65/29 741/110/29
f 748/115/29 749/116/29 744/66/29
f 748/115/29 744/66/29 750/64/29
f 746/114/29 748/115/29 750/64/29
f 746/114/29 750/64/29 747/65/29
f 749/116/29 745/113/29 741/110/29
f 749/116/29 741/110/29 744/66/29
f 751/117/29 752/118/29 753/63/29
f 751/117/29 753/63/29 747/65/29
f 754/119/29 755/120/29 750/64/29
f 754/119/29 750/64/29 756/62/29
f 752/118/29 754/119/29 756/62/29
f 752/118/29 756/62/29 753/63/29
f 755/120/29 751/117/29 747/65/29
f 755/120/29 747/65/29 750/64/29
f 757/121/29 758/122/29 759/61/29
f 757/121/29 759/61/29 753/63/29
f 760/123/29 761/124/29 756/62/29
f 760/123/29 756/62/29 762/60/29
f 758/122/29 760/123/29 762/60/29
f 758/122/29 762/60/29 759/61/29
f 761/124/29 757/121/29 753/63/29
f 761/124/29 753/63/29 756/62/29
f 763/125/29 764/126/29 765/127/29
f 763/125/29 765/127/29 759/61/29
f 766/128/29 767/129/29 762/60/29
f 766/128/29 762/60/29 768/58/29
f 764/126/29 766/128/29 768/58/29
f 764/126/29 768/58/29 765/127/29
f 767/129/29 763/125/29 759/61/29
f 767/129/29 759/61/29 762/60/29
f 769/130/29 770/131/29 771/57/29
f 769/130/29 771/57/29 765/127/29
f 772/132/29 773/133/29 768/58/29
f 772/132/29 768/58/29 774/56/29
f 770/131/29 772/132/29 774/56/29
f 770/131/29 774/56/29 771/57/29
f 773/133/29 769/130/29 765/127/29
f 773/133/29 765/127/29 768/58/29
f 775/134/29 776/135/29 777/54/29
f 775/134/29 777/54/29 771/57/29
f 778/136/29 779/137/29 774/56/29
f 778/136/29 774/56/29 780/53/29
f 776/135/29 778/136/29 780/53/29
f 776/135/29 780/53/29 777/54/29
f 779/137/29 775/134/29 771/57/29
f 779/137/29 771/57/29 774/56/29
f 781/138/29 782/139/29 783/52/29
f 781/138/29 783/52/29 784/55/29
f 782/139/29 785/140/29 780/53/29
f 782/139/29 780/53/29 783/52/29
f 786/141/29 781/138/29 784/55/29
f 786/141/29 784/55/29 777/54/29
f 785/140/29 786/141/29 777/54/29
f 785/140/29 777/54/29 780/53/29
f 787/101/29 788/100/29 789/102/29
f 787/101/29 789/102/29 790/103/29
f 791/138/29 792/141/29 793/140/29
f 791/138/29 793/140/29 794/139/29
f 795/135/29 796/134/29 797/137/29
f 795/135/29 797/137/29 798/136/29
f 799/131/29 800/130/29 801/133/29
f 799/131/29 801/133/29 802/132/29
f 803/126/29 804/125/29 805/129/29
f 803/126/29 805/129/29 806/128/29
f 807/122/29 808/121/29 809/124/29
f 807/122/29 809/124/29 810/123/29
f 811/118/29 812/117/29 813/120/29
f 811/118/29 813/120/29 814/119/29
f 815/114/29 816/113/29 817/116/29
f 815/114/29 817/116/29 818/115/29
f 819/109/29 820/108/29 821/112/29
f 819/109/29 821/112/29 822/111/29
f 823/105/29 824/104/29 825/107/29
f 823/105/29 825/107/29 826/106/29
f 827/81/25 828/80/25 829/83/25
f 827/81/25 829/83/25 830/82/25
f 831/73/25 832/72/25 833/75/25
f 831/73/25 833/75/25 834/74/25
f 835/142/30 836/143/30 837/144/30
f 835/142/30 837/144/30 838/145/30
f 839/146/27 840/147/27 841/148/27
f 839/146/27 841/148/27 842/149/27
f 843/150/23 844/151/23 845/152/23
f 843/150/23 845/152/23 846/153/23
f 847/154/23 848/155/23 849/156/23
f 847/154/23 849/156/23 850/157/23
f 851/143/31 852/142/31 853/145/31
f 851/143/31 853/145/31 854/144/31
f 855/147/26 856/146/26 857/149/26
f 855/147/26 857/149/26 858/148/26
f 859/151/25 860/150/25 861/153/25
f 859/151/25 861/153/25 862/152/25
f 863/155/25 864/154/25 865/157/25
f 863/155/25 865/157/25 866/156/25
f 867/158/27 868/159/27 869/160/27
f 867/158/27 869/160/27 870/161/27
f 871/162/32 872/163/32 873/164/32
f 871/162/32 873/164/32 874/165/32
f 875/166/23 876/167/23 877/168/23
f 875/166/23 877/168/23 878/169/23
f 879/159/26 880/158/26 881/161/26
f 879/159/26 881/161/26 882/160/26
f 883/170/23 884/171/23 885/172/23
f 883/170/23 885/172/23 886/173/23
f 887/163/26 888/162/26 889/165/26
f 887/163/26 889/165/26 890/164/26
f 891/167/25 892/166/25 893/169/25
f 891/167/25 893/169/25 894/168/25
f 895/174/26 896/175/26 897/176/26
f 895/174/26 897/176/26 898/177/26
f 899/178/33 900/179/33 901/180/33
f 899/178/33 901/180/33 902/181/33
f 903/171/25 904/170/25 905/173/25
f 903/171/25 905/173/25 906/172/25
f 907/182/23 908/183/23 909/184/23
f 907/182/23 909/184/23 910/185/23
f 911/186/23 912/187/23 913/188/23
f 911/186/23 913/188/23 914/189/23
f 915/179/26 916/178/26 917/181/26
f 915/179/26 917/181/26 918/180/26
f 919/175/27 920/174/27 921/177/27
f 919/175/27 921/177/27 922/176/27
f 923/183/25 924/182/25 925/185/25
f 923/183/25 925/185/25 926/184/25
f 927/187/25 928/186/25 929/189/25
f 927/187/25 929/189/25 930/188/25
f 931/97/27 932/96/27 933/99/27
f 931/97/27 933/99/27 934/98/27
f 935/93/27 936/92/27 937/95/27
f 935/93/27 937/95/27 938/94/27
f 939/77/27 940/76/27 941/79/27
f 939/77/27 941/79/27 942/78/27
f 943/89/23 944/88/23 945/91/23
f 943/89/23 945/91/23 946/90/23
# Vertices: 336, normals: 12, texture coordinates: 172, faces: 244

o obj3
v -0.1980142 1.44356739 -1.39470524
v -0.1980142 1.65363022 -1.3403106
v -0.1980142 1.66245015 -1.37437163
v -0.1980142 1.45238731 -1.42876628
v -0.1980142 1.45238731 -1.42876628
v -0.1980142 1.66245015 -1.37437163
v 0.07435542 1.66245015 -1.37437163
v 0.07435542 1.45238731 -1.42876628
v 0.07435542 1.65363022 -1.3403106
v 0.07435542 1.44356739 -1.39470524
v -0.1980142 1.65363022 -1.3403106
v -0.1980142 1.44356739 -1.39470524
v -0.1980142 1.45238731 -1.42876628
v -0.1980142 1.44356739 -1.39470524
v -0.1980142 1.66245015 -1.37437163
v -0.1980142 1.65363022 -1.3403106
v -0.19801422 2.02856227 0.45709545
v -0.19801422 2.21634419 0.45709551
v -0.19801422 2.2163442 0.49228
v -0.19801422 2.02856228 0.49227994
v -0.19801422 2.02856228 0.49227994
v -0.19801422 2.2163442 0.49228
v 0.07435544 2.2163442 0.49228
v 0.07435544 2.02856228 0.49227994
v 0.07435544 2.21634419 0.45709551
v 0.07435544 2.02856227 0.45709545
v -0.19801422 2.21634419 0.45709551
v -0.19801422 2.02856227 0.45709545
v -0.19801422 2.02856228 0.49227994
v -0.19801422 2.02856227 0.45709545
v -0.19801422 2.2163442 0.49228
v -0.19801422 2.21634419 0.45709551
v -0.19801422 2.0285619 -0.50592304
v -0.19801422 2.21101528 -0.50592304
v -0.19801422 2.2110153 -0.4707384
v -0.19801422 2.02856192 -0.4707384
v -0.19801422 2.02856192 -0.4707384
v -0.19801422 2.2110153 -0.4707384
v 0.07435544 2.2110153 -0.4707384
v 0.07435544 2.02856192 -0.4707384
v 0.07435544 2.21101528 -0.50592304
v 0.07435544 2.0285619 -0.50592304
v -0.19801422 2.21101528 -0.50592304
v -0.19801422 2.0285619 -0.50592304
v -0.19801422 2.02856192 -0.4707384
v -0.19801422 2.0285619 -0.50592304
v -0.19801422 2.2110153 -0.4707384
v -0.19801422 2.21101528 -0.50592304
v -0.19801422 2.02856254 -0.94931507
v -0.19801422 2.26175023 -0.94931507
v -0.19801422 2.26175022 -0.9141305
v -0.19801422 2.02856252 -0.91413047
v -0.19801422 2.02856252 -0.91413047
v -0.19801422 2.26175022 -0.9141305
v 0.07435544 2.26175022 -0.9141305
v 0.07435544 2.02856252 -0.91413047
v 0.07435544 2.26175023 -0.94931507
v 0.07435544 2.02856254 -0.94931507
v -0.19801422 2.26175023 -0.94931507
v -0.19801422 2.02856254 -0.94931507
v -0.19801422 2.02856252 -0.91413047
v -0.19801422 2.02856254 -0.94931507
v -0.19801422 2.26175022 -0.9141305
v -0.19801422 2.26175023 -0.94931507
v -0.19801422 2.02856241 -1.02192368
v -0.19801422 2.25813877 -1.02192367
v -0.19801422 2.25813875 -0.98673908
v -0.19801422 2.02856239 -0.98673909
v -0.19801422 2.02856239 -0.98673909
v -0.19801422 2.25813875 -0.98673908
v 0.07435544 2.25813875 -0.98673908
v 0.07435544 2.02856239 -0.98673909
v 0.07435544 2.25813877 -1.02192367
v 0.07435544 2.02856241 -1.02192368
v -0.19801422 2.25813877 -1.02192367
v -0.19801422 2.02856241 -1.02192368
v -0.19801422 2.02856239 -0.98673909
v -0.19801422 2.02856241 -1.02192368
v -0.19801422 2.25813875 -0.98673908
v -0.19801422 2.25813877 -1.02192367
v -0.19801422 1.74170952 -0.71687518
v -0.19801422 1.92986914 -0.7346662
v -0.19801422 1.92655716 -0.76969438
v -0.19801422 1.73839751 -0.75190337
v -0.19801422 1.73839751 -0.75190337
v -0.19801422 1.92655716 -0.76969438
v 0.07435544 1.92655716 -0.76969438
v 0.07435544 1.73839751 -0.75190337
v 0.07435544 1.92986914 -0.7346662
v 0.07435544 1.74170952 -0.71687518
v -0.19801422 1.92986914 -0.7346662
v -0.19801422 1.74170952 -0.71687518
v -0.19801422 1.73839751 -0.75190337
v -0.19801422 1.74170952 -0.71687518
v -0.19801422 1.92655716 -0.76969438
v -0.19801422 1.92986914 -0.7346662
v -0.19801422 1.74188166 -0.64238101
v -0.19801422 1.96131108 -0.66398881
v -0.19801422 1.95786306 -0.69900389
v -0.19801422 1.73843364 -0.6773961
v -0.19801422 1.73843364 -0.6773961
v -0.19801422 1.95786306 -0.69900389
v 0.07435544 1.95786306 -0.69900389
v 0.07435544 1.73843364 -0.6773961
v 0.07435544 1.96131108 -0.66398881
v 0.07435544 1.74188166 -0.64238101
v -0.19801422 1.96131108 -0.66398881
v -0.19801422 1.74188166 -0.64238101
v -0.19801422 1.73843364 -0.6773961
v -0.19801422 1.74188166 -0.64238101
v -0.19801422 1.95786306 -0.69900389
v -0.19801422 1.96131108 -0.66398881
v -0.19801422 1.73395034 -0.25338813
v -0.19801422 1.97229023 -0.25338813
v -0.19801422 1.97229027 -0.2885726
v -0.19801422 1.73395038 -0.28857261
v -0.19801422 1.73395038 -0.28857261
v -0.19801422 1.97229027 -0.2885726
v 0.07435544 1.97229027 -0.2885726
v 0.07435544 1.73395038 -0.28857261
v 0.07435544 1.97229023 -0.25338813
v 0.07435544 1.73395034 -0.25338813
v -0.19801422 1.97229023 -0.25338813
v -0.19801422 1.73395034 -0.25338813
v -0.19801422 1.73395038 -0.28857261
v -0.19801422 1.73395034 -0.25338813
v -0.19801422 1.97229027 -0.2885726
v -0.19801422 1.97229023 -0.25338813
v -0.19801422 1.44451311 -0.60939412
v -0.19801422 1.63351202 -0.60939415
v -0.19801422 1.63351199 -0.64457857
v -0.19801422 1.44451311 -0.64457853
v -0.19801422 1.44451311 -0.64457853
v -0.19801422 1.63351199 -0.64457857
v 0.07435544 1.63351199 -0.64457857
v 0.07435544 1.44451311 -0.64457853
v 0.07435544 1.63351202 -0.60939415
v 0.07435544 1.44451311 -0.60939412
v -0.19801422 1.63351202 -0.60939415
v -0.19801422 1.44451311 -0.60939412
v -0.19801422 1.44451311 -0.64457853
v -0.19801422 1.44451311 -0.60939412
v -0.19801422 1.63351199 -0.64457857
v -0.19801422 1.63351202 -0.60939415
v -0.19801422 1.45238079 -0.47573023
v -0.19801422 1.68010864 -0.50193911
v -0.19801422 1.67608586 -0.53689287
v -0.19801422 1.44835801 -0.51068398
v -0.19801422 1.44835801 -0.51068398
v -0.19801422 1.67608586 -0.53689287
v 0.07435544 1.67608586 -0.53689287
v 0.07435544 1.44835801 -0.51068398
v 0.07435544 1.68010864 -0.50193911
v 0.07435544 1.45238079 -0.47573023
v -0.19801422 1.68010864 -0.50193911
v -0.19801422 1.45238079 -0.47573023
v -0.19801422 1.44835801 -0.51068398
v -0.19801422 1.45238079 -0.47573023
v -0.19801422 1.67608586 -0.53689287
v -0.19801422 1.68010864 -0.50193911
v -0.19801422 0.85011568 -0.77452722
v -0.19801422 1.07750819 -0.77452718
v -0.19801422 1.07750819 -0.8097116
v -0.19801422 0.85011565 -0.80971164
v -0.19801422 0.85011565 -0.80971164
v -0.19801422 1.07750819 -0.8097116
v 0.07435544 1.07750819 -0.8097116
v 0.07435544 0.85011565 -0.80971164
v 0.07435544 1.07750819 -0.77452718
v 0.07435544 0.85011568 -0.77452722
v -0.19801422 1.07750819 -0.77452718
v -0.19801422 0.85011568 -0.77452722
v -0.19801422 0.85011565 -0.80971164
v -0.19801422 0.85011568 -0.77452722
v -0.19801422 1.07750819 -0.8097116
v -0.19801422 1.07750819 -0.77452718
v -0.19801422 0.85536937 -0.51740946
v -0.19801422 1.0106724 -0.54975783
v -0.19801422 1.00349772 -0.584203
v -0.19801422 0.84819472 -0.55185463
v -0.19801422 0.84819472 -0.55185463
v -0.19801422 1.00349772 -0.584203
v 0.07435544 1.00349772 -0.584203
v 0.07435544 0.84819472 -0.55185463
v 0.07435544 1.0106724 -0.54975783
v 0.07435544 0.85536937 -0.51740946
v -0.19801422 1.0106724 -0.54975783
v -0.19801422 0.85536937 -0.51740946
v -0.19801422 0.84819472 -0.55185463
v -0.19801422 0.85536937 -0.51740946
v -0.19801422 1.00349772 -0.584203
v -0.19801422 1.0106724 -0.54975783
v -0.19801422 0.85011586 -1.10749373
v -0.19801422 1.05684298 -1.1074937
v -0.19801422 1.05684299 -1.14267815
v -0.19801422 0.85011588 -1.14267813
v -0.19801422 0.85011588 -1.14267813
v -0.19801422 1.05684299 -1.14267815
v 0.07435544 1.05684299 -1.14267815
v 0.07435544 0.85011588 -1.14267813
v 0.07435544 1.05684298 -1.1074937
v 0.07435544 0.85011586 -1.10749373
v -0.19801422 1.05684298 -1.1074937
v -0.19801422 0.85011586 -1.10749373
v -0.19801422 0.85011588 -1.14267813
v -0.19801422 0.85011586 -1.10749373
v -0.19801422 1.05684299 -1.14267815
v -0.19801422 1.05684298 -1.1074937
v -0.19801422 0.85011581 -0.21708367
v -0.19801422 1.04920234 -0.21708375
v -0.19801422 1.04920234 -0.25226838
v -0.19801422 0.85011581 -0.2522683
v -0.19801422 0.85011581 -0.2522683
v -0.19801422 1.04920234 -0.25226838
v 0.07435544 1.04920234 -0.25226838
v 0.07435544 0.85011581 -0.2522683
v 0.07435544 1.04920234 -0.21708375
v 0.07435544 0.85011581 -0.21708367
v -0.19801422 1.04920234 -0.21708375
v -0.19801422 0.85011581 -0.21708367
v -0.19801422 0.85011581 -0.2522683
v -0.19801422 0.85011581 -0.21708367
v -0.19801422 1.04920234 -0.25226838
v -0.19801422 1.04920234 -0.21708375
v -0.19801422 0.853426 0.06196296
v -0.19801422 1.07863772 0.08055586
v -0.19801422 1.08153263 0.04549054
v -0.19801422 0.85632092 0.02689764
v -0.19801422 0.85632092 0.02689764
v -0.19801422 1.08153263 0.04549054
v 0.07435544 1.08153263 0.04549054
v 0.07435544 0.85632092 0.02689764
v 0.07435544 1.07863772 0.08055586
v 0.07435544 0.853426 0.06196296
v -0.19801422 1.07863772 0.08055586
v -0.19801422 0.853426 0.06196296
v -0.19801422 0.85632092 0.02689764
v -0.19801422 0.853426 0.06196296
v -0.19801422 1.08153263 0.04549054
v -0.19801422 1.07863772 0.08055586
v -0.19801422 0.85011589 0.2263084
v -0.19801422 1.02543083 0.22630834
v -0.19801422 1.0254308 0.19112385
v -0.19801422 0.85011589 0.19112376
v -0.19801422 0.85011589 0.19112376
v -0.19801422 1.0254308 0.19112385
v 0.07435544 1.0254308 0.19112385
v 0.07435544 0.85011589 0.19112376
v 0.07435544 1.02543083 0.22630834
v 0.07435544 0.85011589 0.2263084
v -0.19801422 1.02543083 0.22630834
v -0.19801422 0.85011589 0.2263084
v -0.19801422 0.85011589 0.19112376
v -0.19801422 0.85011589 0.2263084
v -0.19801422 1.0254308 0.19112385
v -0.19801422 1.02543083 0.22630834
v -0.19801422 0.85011537 0.51674229
v -0.19801422 1.07245089 0.51674235
v -0.19801422 1.0724509 0.48155772
v -0.19801422 0.85011538 0.48155765
v -0.19801422 0.85011538 0.48155765
v -0.19801422 1.0724509 0.48155772
v 0.07435544 1.0724509 0.48155772
v 0.07435544 0.85011538 0.48155765
v 0.07435544 1.07245089 0.51674235
v 0.07435544 0.85011537 0.51674229
v -0.19801422 1.07245089 0.51674235
v -0.19801422 0.85011537 0.51674229
v -0.19801422 0.85011538 0.48155765
v -0.19801422 0.85011537 0.51674229
v -0.19801422 1.0724509 0.48155772
v -0.19801422 1.07245089 0.51674235
v -0.19801423 1.15071778 -0.84275027
v -0.19801423 1.36104262 -0.86598823
v -0.19801423 1.36490653 -0.8310165
v -0.19801423 1.15458168 -0.80777854
v -0.19801423 1.15458168 -0.80777854
v -0.19801423 1.36490653 -0.8310165
v 0.07435545 1.36490653 -0.8310165
v 0.07435545 1.15458168 -0.80777854
v 0.07435545 1.36104262 -0.86598823
v 0.07435545 1.15071778 -0.84275027
v -0.19801423 1.36104262 -0.86598823
v -0.19801423 1.15071778 -0.84275027
v -0.19801423 1.15458168 -0.80777854
v -0.19801423 1.15071778 -0.84275027
v -0.19801423 1.36490653 -0.8310165
v -0.19801423 1.36104262 -0.86598823
v -0.19801423 1.15080979 -0.73175995
v -0.19801423 1.39867533 -0.7591456
v -0.19801423 1.40253922 -0.7241738
v -0.19801423 1.15467366 -0.69678816
v -0.19801423 1.15467366 -0.69678816
v -0.19801423 1.40253922 -0.7241738
v 0.07435545 1.40253922 -0.7241738
v 0.07435545 1.15467366 -0.69678816
v 0.07435545 1.39867533 -0.7591456
v 0.07435545 1.15080979 -0.73175995
v -0.19801423 1.39867533 -0.7591456
v -0.19801423 1.15080979 -0.73175995
v -0.19801423 1.15467366 -0.69678816
v -0.19801423 1.15080979 -0.73175995
v -0.19801423 1.40253922 -0.7241738
v -0.19801423 1.39867533 -0.7591456
v -0.19801422 -0.02465835 0.64913881
v -0.19801422 0.20131886 0.64913881
v -0.19801422 0.20131891 0.68432316
v -0.19801422 -0.0246583 0.68432316
v -0.19801422 -0.0246583 0.68432316
v -0.19801422 0.20131891 0.68432316
v 0.07435544 0.20131891 0.68432316
v 0.07435544 -0.0246583 0.68432316
v 0.07435544 0.20131886 0.64913881
v 0.07435544 -0.02465835 0.64913881
v -0.19801422 0.20131886 0.64913881
v -0.19801422 -0.02465835 0.64913881
v -0.19801422 -0.0246583 0.68432316
v -0.19801422 -0.02465835 0.64913881
v -0.19801422 0.20131891 0.68432316
v -0.19801422 0.20131886 0.64913881
v -0.19801422 -0.02465836 0.72488822
v -0.19801422 0.13319077 0.72488818
v -0.19801422 0.13319073 0.76007266
v -0.19801422 -0.02465831 0.76007256
v -0.19801422 -0.02465831 0.76007256
v -0.19801422 0.13319073 0.76007266
v 0.07435544 0.13319073 0.76007266
v 0.07435544 -0.02465831 0.76007256
v 0.07435544 0.13319077 0.72488818
v 0.07435544 -0.02465836 0.72488822
v -0.19801422 0.13319077 0.72488818
v -0.19801422 -0.02465836 0.72488822
v -0.19801422 -0.02465831 0.76007256
v -0.19801422 -0.02465836 0.72488822
v -0.19801422 0.13319073 0.76007266
v -0.19801422 0.13319077 0.72488818
v -0.19801422 -0.01948398 -0.16181991
v -0.19801422 0.19220693 -0.1618199
v -0.19801422 0.19220694 -0.12663541
v -0.19801422 -0.01948397 -0.12663542
v -0.19801422 -0.01948397 -0.12663542
v -0.19801422 0.19220694 -0.12663541
v 0.07435544 0.19220694 -0.12663541
v 0.07435544 -0.01948397 -0.12663542
v 0.07435544 0.19220693 -0.1618199
v 0.07435544 -0.01948398 -0.16181991
v -0.19801422 0.19220693 -0.1618199
v -0.19801422 -0.01948398 -0.16181991
v -0.19801422 -0.01948397 -0.12663542
v -0.19801422 -0.01948398 -0.16181991
v -0.19801422 0.19220694 -0.12663541
v -0.19801422 0.19220693 -0.1618199
v -0.19801422 -0.01846899 -0.20359968
v -0.19801422 0.20531045 -0.19244006
v -0.19801422 0.20355801 -0.15729927
v -0.19801422 -0.02022143 -0.16845889
v -0.19801422 -0.02022143 -0.16845889
v -0.19801422 0.20355801 -0.15729927
v 0.07435544 0.20355801 -0.15729927
v 0.07435544 -0.02022143 -0.16845889
v 0.07435544 0.20531045 -0.19244006
v 0.07435544 -0.01846899 -0.20359968
v -0.19801422 0.20531045 -0.19244006
v -0.19801422 -0.01846899 -0.20359968
v -0.19801422 -0.02022143 -0.16845889
v -0.19801422 -0.01846899 -0.20359968
v -0.19801422 0.20355801 -0.15729927
v -0.19801422 0.20531045 -0.19244006
v -0.19801422 0.00246215 -0.88576393
v -0.19801422 0.16138518 -0.76616873
v -0.19801422 0.14022888 -0.73805537
v -0.19801422 -0.01869427 -0.85765053
v -0.19801422 -0.01869427 -0.85765053
v -0.19801422 0.14022888 -0.73805537
v 0.07435544 0.14022888 -0.73805537
v 0.07435544 -0.01869427 -0.85765053
v 0.07435544 0.16138518 -0.76616873
v 0.07435544 0.00246215 -0.88576393
v -0.19801422 0.16138518 -0.76616873
v -0.19801422 0.00246215 -0.88576393
v -0.19801422 -0.01869427 -0.85765053
v -0.19801422 0.00246215 -0.88576393
v -0.19801422 0.14022888 -0.73805537
v -0.19801422 0.16138518 -0.76616873
v -0.19801422 0.27616733 0.20645323
v -0.19801422 0.50355983 0.20645319
v -0.19801422 0.50355983 0.24163753
v -0.19801422 0.27616732 0.24163756
v -0.19801422 0.27616732 0.24163756
v -0.19801422 0.50355983 0.24163753
v 0.07435544 0.50355983 0.24163753
v 0.07435544 0.27616732 0.24163756
v 0.07435544 0.50355983 0.20645319
v 0.07435544 0.27616733 0.20645323
v -0.19801422 0.50355983 0.20645319
v -0.19801422 0.27616733 0.20645323
v -0.19801422 0.27616732 0.24163756
v -0.19801422 0.27616733 0.20645323
v -0.19801422 0.50355983 0.24163753
v -0.19801422 0.50355983 0.20645319
v -0.19801422 0.27424671 -0.0183161
v -0.19801422 0.42954978 -0.05066454
v -0.19801422 0.43672445 -0.01621944
v -0.19801422 0.28142143 0.016129
v -0.19801422 0.28142143 0.016129
v -0.19801422 0.43672445 -0.01621944
v 0.07435544 0.43672445 -0.01621944
v 0.07435544 0.28142143 0.016129
v 0.07435544 0.42954978 -0.05066454
v 0.07435544 0.27424671 -0.0183161
v -0.19801422 0.42954978 -0.05066454
v -0.19801422 0.27424671 -0.0183161
v -0.19801422 0.28142143 0.016129
v -0.19801422 0.27424671 -0.0183161
v -0.19801422 0.43672445 -0.01621944
v -0.19801422 0.42954978 -0.05066454
v -0.19801422 0.2811619 -0.03797599
v -0.19801422 0.49741806 -0.09646818
v -0.19801422 0.50660453 -0.06250423
v -0.19801422 0.29034833 -0.00401206
v -0.19801422 0.29034833 -0.00401206
v -0.19801422 0.50660453 -0.06250423
v 0.07435544 0.50660453 -0.06250423
v 0.07435544 0.29034833 -0.00401206
v 0.07435544 0.49741806 -0.09646818
v 0.07435544 0.2811619 -0.03797599
v -0.19801422 0.49741806 -0.09646818
v -0.19801422 0.2811619 -0.03797599
v -0.19801422 0.29034833 -0.00401206
v -0.19801422 0.2811619 -0.03797599
v -0.19801422 0.50660453 -0.06250423
v -0.19801422 0.49741806 -0.09646818
v -0.19801422 0.27616718 0.64833286
v -0.19801422 0.48805515 0.64833283
v -0.19801422 0.4880552 0.68351718
v -0.19801422 0.27616723 0.68351721
v -0.19801422 0.27616723 0.68351721
v -0.19801422 0.4880552 0.68351718
v 0.07435544 0.4880552 0.68351718
v 0.07435544 0.27616723 0.68351721
v 0.07435544 0.48805515 0.64833283
v 0.07435544 0.27616718 0.64833286
v -0.19801422 0.48805515 0.64833283
v -0.19801422 0.27616718 0.64833286
v -0.19801422 0.27616723 0.68351721
v -0.19801422 0.27616718 0.64833286
v -0.19801422 0.4880552 0.68351718
v -0.19801422 0.48805515 0.64833283
v -0.19801422 0.2761668 -0.45990317
v -0.19801422 0.50750907 -0.45990318
v -0.19801422 0.50750911 -0.42471861
v -0.19801422 0.27616677 -0.42471854
v -0.19801422 0.27616677 -0.42471854
v -0.19801422 0.50750911 -0.42471861
v 0.07435544 0.50750911 -0.42471861
v 0.07435544 0.27616677 -0.42471854
v 0.07435544 0.50750907 -0.45990318
v 0.07435544 0.2761668 -0.45990317
v -0.19801422 0.50750907 -0.45990318
v -0.19801422 0.2761668 -0.45990317
v -0.19801422 0.27616677 -0.42471854
v -0.19801422 0.2761668 -0.45990317
v -0.19801422 0.50750911 -0.42471861
v -0.19801422 0.50750907 -0.45990318
v -0.19801422 0.27616708 -0.75807828
v -0.19801422 0.52554094 -0.75807827
v -0.19801422 0.52554096 -0.72289363
v -0.19801422 0.27616705 -0.72289365
v -0.19801422 0.27616705 -0.72289365
v -0.19801422 0.52554096 -0.72289363
v 0.07435544 0.52554096 -0.72289363
v 0.07435544 0.27616705 -0.72289365
v 0.07435544 0.52554094 -0.75807827
v 0.07435544 0.27616708 -0.75807828
v -0.19801422 0.52554094 -0.75807827
v -0.19801422 0.27616708 -0.75807828
v -0.19801422 0.27616705 -0.72289365
v -0.19801422 0.27616708 -0.75807828
v -0.19801422 0.52554096 -0.72289363
v -0.19801422 0.52554094 -0.75807827
v -0.1980142 2.61604077 -1.3253199
v -0.1980142 2.84201798 -1.3253199
v -0.1980142 2.84201795 -1.36050432
v -0.1980142 2.61604084 -1.3605043
v -0.1980142 2.61604084 -1.3605043
v -0.1980142 2.84201795 -1.36050432
v 0.07435544 2.84201795 -1.36050432
v 0.07435544 2.61604084 -1.3605043
v 0.07435544 2.84201798 -1.3253199
v 0.07435544 2.61604077 -1.3253199
v -0.1980142 2.84201798 -1.3253199
v -0.1980142 2.61604077 -1.3253199
v -0.1980142 2.61604084 -1.3605043
v -0.1980142 2.61604077 -1.3253199
v -0.1980142 2.84201795 -1.36050432
v -0.1980142 2.84201798 -1.3253199
v -0.1980142 2.61604087 -1.18010249
v -0.1980142 2.8057174 -1.18010251
v -0.1980142 2.80571737 -1.21528693
v -0.1980142 2.61604084 -1.21528691
v -0.1980142 2.61604084 -1.21528691
v -0.1980142 2.80571737 -1.21528693
v 0.07435544 2.80571737 -1.21528693
v 0.07435544 2.61604084 -1.21528691
v 0.07435544 2.8057174 -1.18010251
v 0.07435544 2.61604087 -1.18010249
v -0.1980142 2.8057174 -1.18010251
v -0.1980142 2.61604087 -1.18010249
v -0.1980142 2.61604084 -1.21528691
v -0.1980142 2.61604087 -1.18010249
v -0.1980142 2.80571737 -1.21528693
v -0.1980142 2.8057174 -1.18010251
v -0.1980142 2.61604097 -0.80305815
v -0.1980142 2.81744974 -0.80305818
v -0.1980142 2.81744972 -0.83824263
v -0.1980142 2.61604095 -0.8382426
v -0.1980142 2.61604095 -0.8382426
v -0.1980142 2.81744972 -0.83824263
v 0.07435544 2.81744972 -0.83824263
v 0.07435544 2.61604095 -0.8382426
v 0.07435544 2.81744974 -0.80305818
v 0.07435544 2.61604097 -0.80305815
v -0.1980142 2.81744974 -0.80305818
v -0.1980142 2.61604097 -0.80305815
v -0.1980142 2.61604095 -0.8382426
v -0.1980142 2.61604097 -0.80305815
v -0.1980142 2.81744972 -0.83824263
v -0.1980142 2.81744974 -0.80305818
v -0.1980142 2.61604076 -0.54780874
v 0.07435544 2.61604076 -0.54780874
v 0.07435544 2.61604078 -0.51262429
v -0.1980142 2.61604078 -0.51262429
v -0.1980142 2.61604078 -0.51262429
v -0.1980142 2.77467702 -0.51262427
v -0.1980142 2.77467701 -0.54780876
v -0.1980142 2.61604076 -0.54780874
v 0.07435544 2.77467702 -0.51262427
v -0.1980142 2.77467702 -0.51262427
v -0.1980142 2.61604078 -0.51262429
v 0.07435544 2.77467701 -0.54780876
v -0.1980142 2.77467701 -0.54780876
v -0.1980142 2.77467702 -0.51262427
v -0.1980142 2.61604076 -0.54780874
v -0.1980142 2.77467701 -0.54780876
v -0.1980142 2.61604085 -0.04222497
v 0.07435544 2.61604085 -0.04222497
v 0.07435544 2.61604084 -0.00704041
v -0.1980142 2.61604084 -0.00704041
v -0.1980142 2.61604084 -0.00704041
v -0.1980142 2.8438544 -0.0070404
v -0.1980142 2.8438544 -0.04222496
v -0.1980142 2.61604085 -0.04222497
v 0.07435544 2.8438544 -0.0070404
v -0.1980142 2.8438544 -0.0070404
v -0.1980142 2.61604084 -0.00704041
v 0.07435544 2.8438544 -0.04222496
v -0.1980142 2.8438544 -0.04222496
v -0.1980142 2.8438544 -0.0070404
v -0.1980142 2.61604085 -0.04222497
v -0.1980142 2.8438544 -0.04222496
v -0.1980142 0.56566072 -1.19066001
v -0.1980142 0.7283012 -1.19066005
v -0.1980142 0.7283012 -1.15547549
v -0.1980142 0.56566071 -1.15547545
v -0.1980142 0.56566071 -1.15547545
v -0.1980142 0.7283012 -1.15547549
v 0.07435544 0.7283012 -1.15547549
v 0.07435544 0.56566071 -1.15547545
v 0.07435544 0.7283012 -1.19066005
v 0.07435544 0.56566072 -1.19066001
v -0.1980142 0.7283012 -1.19066005
v -0.1980142 0.56566072 -1.19066001
v -0.1980142 0.56566071 -1.15547545
v -0.1980142 0.56566072 -1.19066001
v -0.1980142 0.7283012 -1.15547549
v -0.1980142 0.7283012 -1.19066005
v -0.1980142 0.56566069 -0.68352052
v 0.07435544 0.56566069 -0.68352052
v 0.07435544 0.56566063 -0.71870502
v -0.1980142 0.56566063 -0.71870502
v -0.1980142 0.56566063 -0.71870502
v -0.1980142 0.76455649 -0.71870505
v -0.1980142 0.76455653 -0.68352048
v -0.1980142 0.56566069 -0.68352052
v 0.07435544 0.76455649 -0.71870505
v -0.1980142 0.76455649 -0.71870505
v -0.1980142 0.56566063 -0.71870502
v 0.07435544 0.76455653 -0.68352048
v -0.1980142 0.76455653 -0.68352048
v -0.1980142 0.76455649 -0.71870505
v -0.1980142 0.56566069 -0.68352052
v -0.1980142 0.76455653 -0.68352048
v -0.1980142 0.56566063 -0.79243312
v 0.07435544 0.56566063 -0.79243312
v 0.07435544 0.56566066 -0.82761775
v -0.1980142 0.56566066 -0.82761775
v -0.1980142 0.56566066 -0.82761775
v -0.1980142 0.79527395 -0.82761776
v -0.1980142 0.79527392 -0.79243313
v -0.1980142 0.56566063 -0.79243312
v 0.07435544 0.79527395 -0.82761776
v -0.1980142 0.79527395 -0.82761776
v -0.1980142 0.56566066 -0.82761775
v 0.07435544 0.79527392 -0.79243313
v -0.1980142 0.79527392 -0.79243313
v -0.1980142 0.79527395 -0.82761776
v -0.1980142 0.56566063 -0.79243312
v -0.1980142 0.79527392 -0.79243313
v -0.1980142 0.56566071 -0.8650415
v 0.07435544 0.56566071 -0.8650415
v 0.07435544 0.56566067 -0.90022607
v -0.1980142 0.56566067 -0.90022607
v -0.1980142 0.56566067 -0.90022607
v -0.1980142 0.79347642 -0.90022609
v -0.1980142 0.79347639 -0.86504146
v -0.1980142 0.56566071 -0.8650415
v 0.07435544 0.79347642 -0.90022609
v -0.1980142 0.79347642 -0.90022609
v -0.1980142 0.56566067 -0.90022607
v 0.07435544 0.79347639 -0.86504146
v -0.1980142 0.79347639 -0.86504146
v -0.1980142 0.79347642 -0.90022609
v -0.1980142 0.56566071 -0.8650415
v -0.1980142 0.79347639 -0.86504146
v -0.1980142 0.56566062 -1.26438814
v 0.07435544 0.56566062 -1.26438814
v 0.07435544 0.56566062 -1.29957269
v -0.1980142 0.56566062 -1.29957269
v -0.1980142 0.56566062 -1.29957269
v -0.1980142 0.78272184 -1.29957269
v -0.1980142 0.78272183 -1.26438813
v -0.1980142 0.56566062 -1.26438814
v 0.07435544 0.78272184 -1.29957269
v -0.1980142 0.78272184 -1.29957269
v -0.1980142 0.56566062 -1.29957269
v 0.07435544 0.78272183 -1.26438813
v -0.1980142 0.78272183 -1.26438813
v -0.1980142 0.78272184 -1.29957269
v -0.1980142 0.56566062 -1.26438814
v -0.1980142 0.78272183 -1.26438813
vn -1 0 0
vn 0 0 -1
vn 1 0 0
vn 0 0 1
vn 0 -1 -0
vn 0 1 0
vn 0 -0.02302 -0.99973
vn 0 0.02302 0.99973
vn 0 0.32484 -0.94577
vn 0 -0.32484 0.94577
vn 0 -0.02302 -0.99973
vn 0 0.02302 0.99973
vn 0 0.32484 -0.94577
vn 0 -0.32484 0.94577
vn 0 -0.02302 -0.99973
vn 0 0.02302 0.99973
vn 0 0.32485 -0.94577
vn 0 -0.32485 0.94577
vn 0 -0.02302 -0.99973
vn 0 0.02302 0.99973
vn 0 -0.32485 0.94577
vn 0 -0.03221 -0.99948
vn 0 0.03221 0.99948
vn 0 -0.23837 0.97118
vn 0 0.23837 -0.97118
vn 0 -0.0326 -0.99947
vn 0 0.0326 0.99947
vn 0 -0.23567 0.97183
vn 0 0.23567 -0.97183
vn 0 -0.02302 -0.99973
vn 0 0.02302 0.99973
vn 0 -0.32485 0.94577
vn 0 0.32485 -0.94577
vn 0 -0.02302 -0.99973
vn 0 0.02302 0.99973
vn 0 -0.32484 0.94577
vn 0 0.32484 -0.94577
vn 0 -0.03427 -0.99941
vn 0 0.03427 0.99941
vn 0 -0.2248 0.97441
vn 0 0.2248 -0.97441
vn 0 -0.02302 -0.99973
vn 0 0.02302 0.99973
vn 0 -0.32484 0.94577
vn 0 0.32484 -0.94577
vn 0 -0.04388 -0.99904
vn 0 0.04388 0.99904
vn 0 -0.17724 0.98417
vn 0 0.17724 -0.98417
vn 0 -0.02302 -0.99973
vn 0 0.02302 0.99973
vn 0 -0.32485 0.94577
vn 0 0.32485 -0.94577
vn 0 -0.02302 -0.99973
vn 0 0.02302 0.99973
vn 0 -0.32485 0.94577
vn 0 0.32485 -0.94577
vn 0 -0.01536 -0.99988
vn 0 0.01536 0.99988
vn 0 -0.45786 0.88902
vn 0 0.45786 -0.88902
vn 0 -0.02302 -0.99973
vn 0 0.02302 0.99973
vn 0 0.32484 -0.94577
vn 0 -0.02302 -0.99973
vn 0 0.02302 0.99973
vn 0 -0.32485 0.94577
vn 0 0.32485 -0.94577
vn 0 -0.03381 -0.99943
vn 0 0.03381 0.99943
vn 0 0.22772 -0.97373
vn 0 -0.22772 0.97373
vn 0 -0.03381 -0.99943
vn 0 0.03381 0.99943
vn 0 0.22772 -0.97373
vn 0 -0.22772 0.97373
vn 0 -0.02302 -0.99973
vn 0 0.02302 0.99973
vn 0 0.32484 -0.94577
vn 0 -0.32484 0.94577
vn 0 -0.02302 -0.99973
vn 0 0.02302 0.99973
vn 0 -0.02302 -0.99973
vn 0 0.02302 0.99973
vn 0 -0.01836 -0.99983
vn 0 0.01836 0.99983
vn 0 0.39572 -0.91837
vn 0 -0.39572 0.91837
vn 0 0.03672 -0.99933
vn 0 -0.03672 0.99933
vn 0 0.21048 0.9776
vn 0 -0.21048 -0.9776
vn 0 -0.02302 -0.99973
vn 0 0.02302 0.99973
vn 0 0.32485 -0.94577
vn 0 -0.32485 0.94577
vn 0 -0.04388 -0.99904
vn 0 0.04388 0.99904
vn 0 0.17724 -0.98417
vn 0 -0.17724 0.98417
vn 0 -0.05057 -0.99872
vn 0 0.05057 0.99872
vn 0 0.15436 -0.98802
vn 0 -0.15436 0.98802
vn 0 -0.02302 -0.99973
vn 0 0.02302 0.99973
vn 0 -0.02302 -0.99973
vn 0 0.02302 0.99973
vn 0 0.32485 -0.94577
vn 0 -0.32484 0.94577
vn 0 -0.02302 -0.99973
vn 0 0.02302 0.99973
vn 0 -0.02302 -0.99973
vn 0 -0.32485 0.94577
vn 0 0.32484 -0.94577
vn 0 -0.02302 -0.99973
vn 0 0.02302 0.99973
vn 0 -0.32484 0.94577
vn 0 -0.02302 -0.99973
vn 0 0.02302 0.99973
vn 0 -0.32484 0.94577
vn 0 0.32484 -0.94577
vn 0 0.02302 0.99973
vn 0 0.32484 -0.94577
vn 0 -0.02302 -0.99973
vn 0 -0.32485 0.94577
vn 0 -0.02302 -0.99973
vn 0 0.02302 0.99973
vn 0 0.32484 -0.94577
vn 0 0.02302 0.99973
vn 0 -0.02302 -0.99973
vn 0 0.32485 -0.94577
vn 0 0.02302 0.99973
vn 0 -0.32485 0.94577
vn 0 -0.02302 -0.99973
vn 0 0.32484 -0.94577
vn 0 0.02302 0.99973
vn 0 -0.02302 -0.99973
vt 0.09365 0.2049
vt 0.75791 0.2049
vt 0.75791 0.13261
vt 0.09365 0.13261
vt 0.495 0.37825
vt 0.51508 0.37825
vt 0.51508 0.35816
vt 0.495 0.35816
vt 0.51508 0.33808
vt 0.495 0.33808
vt 0.51508 0.31799
vt 0.495 0.31799
vt 0.47491 0.35816
vt 0.47491 0.33808
vt 0.53517 0.35816
vt 0.53517 0.33808
usemtl mat2
f 947/190/34 948/191/34 949/192/34
f 947/190/34 949/192/34 950/193/34
f 951/194/35 952/195/35 953/196/35
f 951/194/35 953/196/35 954/197/35
f 954/197/36 953/196/36 955/198/36
f 954/197/36 955/198/36 956/199/36
f 956/199/37 955/198/37 957/200/37
f 956/199/37 957/200/37 958/201/37
f 959/202/38 954/197/38 956/199/38
f 959/202/38 956/199/38 960/203/38
f 953/196/39 961/204/39 962/205/39
f 953/196/39 962/205/39 955/198/39
f 963/190/36 964/191/36 965/192/36
f 963/190/36 965/192/36 966/193/36
f 967/194/40 968/195/40 969/196/40
f 967/194/40 969/196/40 970/197/40
f 970/197/34 969/196/34 971/198/34
f 970/197/34 971/198/34 972/199/34
f 972/199/41 971/198/41 973/200/41
f 972/199/41 973/200/41 974/201/41
f 975/202/42 970/197/42 972/199/42
f 975/202/42 972/199/42 976/203/42
f 969/196/43 977/204/43 978/205/43
f 969/196/43 978/205/43 971/198/43
f 979/190/36 980/191/36 981/192/36
f 979/190/36 981/192/36 982/193/36
f 983/194/44 984/195/44 985/196/44
f 983/194/44 985/196/44 986/197/44
f 986/197/34 985/196/34 987/198/34
f 986/197/34 987/198/34 988/199/34
f 988/199/45 987/198/45 989/200/45
f 988/199/45 989/200/45 990/201/45
f 991/202/46 986/197/46 988/199/46
f 991/202/46 988/199/46 992/203/46
f 985/196/47 993/204/47 994/205/47
f 985/196/47 994/205/47 987/198/47
f 995/190/36 996/191/36 997/192/36
f 995/190/36 997/192/36 998/193/36
f 999/194/48 1000/195/48 1001/196/48
f 999/194/48 1001/196/48 1002/197/48
f 1002/197/34 1001/196/34 1003/198/34
f 1002/197/34 1003/198/34 1004/199/34
f 1004/199/49 1003/198/49 1005/200/49
f 1004/199/49 1005/200/49 1006/201/49
f 1007/202/50 1002/197/50 1004/199/50
f 1007/202/50 1004/199/50 1008/203/50
f 1001/196/51 1009/204/51 1010/205/51
f 1001/196/51 1010/205/51 1003/198/51
f 1011/190/36 1012/191/36 1013/192/36
f 1011/190/36 1013/192/36 1014/193/36
f 1015/194/52 1016/195/52 1017/196/52
f 1015/194/52 1017/196/52 1018/197/52
f 1018/197/34 1017/196/34 1019/198/34
f 1018/197/34 1019/198/34 1020/199/34
f 1020/199/53 1019/198/53 1021/200/53
f 1020/199/53 1021/200/53 1022/201/53
f 1023/202/50 1018/197/50 1020/199/50
f 1023/202/50 1020/199/50 1024/203/50
f 1017/196/54 1025/204/54 1026/205/54
f 1017/196/54 1026/205/54 1019/198/54
f 1027/190/34 1028/191/34 1029/192/34
f 1027/190/34 1029/192/34 1030/193/34
f 1031/194/55 1032/195/55 1033/196/55
f 1031/194/55 1033/196/55 1034/197/55
f 1034/197/36 1033/196/36 1035/198/36
f 1034/197/36 1035/198/36 1036/199/36
f 1036/199/56 1035/198/56 1037/200/56
f 1036/199/56 1037/200/56 1038/201/56
f 1039/202/57 1034/197/57 1036/199/57
f 1039/202/57 1036/199/57 1040/203/57
f 1033/196/58 1041/204/58 1042/205/58
f 1033/196/58 1042/205/58 1035/198/58
f 1043/190/34 1044/191/34 1045/192/34
f 1043/190/34 1045/192/34 1046/193/34
f 1047/194/59 1048/195/59 1049/196/59
f 1047/194/59 1049/196/59 1050/197/59
f 1050/197/36 1049/196/36 1051/198/36
f 1050/197/36 1051/198/36 1052/199/36
f 1052/199/60 1051/198/60 1053/200/60
f 1052/199/60 1053/200/60 1054/201/60
f 1055/202/61 1050/197/61 1052/199/61
f 1055/202/61 1052/199/61 1056/203/61
f 1049/196/62 1057/204/62 1058/205/62
f 1049/196/62 1058/205/62 1051/198/62
f 1059/190/34 1060/191/34 1061/192/34
f 1059/190/34 1061/192/34 1062/193/34
f 1063/194/63 1064/195/63 1065/196/63
f 1063/194/63 1065/196/63 1066/197/63
f 1066/197/36 1065/196/36 1067/198/36
f 1066/197/36 1067/198/36 1068/199/36
f 1068/199/64 1067/198/64 1069/200/64
f 1068/199/64 1069/200/64 1070/201/64
f 1071/202/65 1066/197/65 1068/199/65
f 1071/202/65 1068/199/65 1072/203/65
f 1065/196/66 1073/204/66 1074/205/66
f 1065/196/66 1074/205/66 1067/198/66
f 1075/190/34 1076/191/34 1077/192/34
f 1075/190/34 1077/192/34 1078/193/34
f 1079/194/67 1080/195/67 1081/196/67
f 1079/194/67 1081/196/67 1082/197/67
f 1082/197/36 1081/196/36 1083/198/36
f 1082/197/36 1083/198/36 1084/199/36
f 1084/199/68 1083/198/68 1085/200/68
f 1084/199/68 1085/200/68 1086/201/68
f 1087/202/69 1082/197/69 1084/199/69
f 1087/202/69 1084/199/69 1088/203/69
f 1081/196/70 1089/204/70 1090/205/70
f 1081/196/70 1090/205/70 1083/198/70
f 1091/190/34 1092/191/34 1093/192/34
f 1091/190/34 1093/192/34 1094/193/34
f 1095/194/71 1096/195/71 1097/196/71
f 1095/194/71 1097/196/71 1098/197/71
f 1098/197/36 1097/196/36 1099/198/36
f 1098/197/36 1099/198/36 1100/199/36
f 1100/199/72 1099/198/72 1101/200/72
f 1100/199/72 1101/200/72 1102/201/72
f 1103/202/73 1098/197/73 1100/199/73
f 1103/202/73 1100/199/73 1104/203/73
f 1097/196/74 1105/204/74 1106/205/74
f 1097/196/74 1106/205/74 1099/198/74
f 1107/190/34 1108/191/34 1109/192/34
f 1107/190/34 1109/192/34 1110/193/34
f 1111/194/75 1112/195/75 1113/196/75
f 1111/194/75 1113/196/75 1114/197/75
f 1114/197/36 1113/196/36 1115/198/36
f 1114/197/36 1115/198/36 1116/199/36
f 1116/199/76 1115/198/76 1117/200/76
f 1116/199/76 1117/200/76 1118/201/76
f 1119/202/77 1114/197/77 1116/199/77
f 1119/202/77 1116/199/77 1120/203/77
f 1113/196/78 1121/204/78 1122/205/78
f 1113/196/78 1122/205/78 1115/198/78
f 1123/190/34 1124/191/34 1125/192/34
f 1123/190/34 1125/192/34 1126/193/34
f 1127/194/79 1128/195/79 1129/196/79
f 1127/194/79 1129/196/79 1130/197/79
f 1130/197/36 1129/196/36 1131/198/36
f 1130/197/36 1131/198/36 1132/199/36
f 1132/199/80 1131/198/80 1133/200/80
f 1132/199/80 1133/200/80 1134/201/80
f 1135/202/81 1130/197/81 1132/199/81
f 1135/202/81 1132/199/81 1136/203/81
f 1129/196/82 1137/204/82 1138/205/82
f 1129/196/82 1138/205/82 1131/198/82
f 1139/190/34 1140/191/34 1141/192/34
f 1139/190/34 1141/192/34 1142/193/34
f 1143/194/83 1144/195/83 1145/196/83
f 1143/194/83 1145/196/83 1146/197/83
f 1146/197/36 1145/196/36 1147/198/36
f 1146/197/36 1147/198/36 1148/199/36
f 1148/199/84 1147/198/84 1149/200/84
f 1148/199/84 1149/200/84 1150/201/84
f 1151/202/85 1146/197/85 1148/199/85
f 1151/202/85 1148/199/85 1152/203/85
f 1145/196/86 1153/204/86 1154/205/86
f 1145/196/86 1154/205/86 1147/198/86
f 1155/190/34 1156/191/34 1157/192/34
f 1155/190/34 1157/192/34 1158/193/34
f 1159/194/87 1160/195/87 1161/196/87
f 1159/194/87 1161/196/87 1162/197/87
f 1162/197/36 1161/196/36 1163/198/36
f 1162/197/36 1163/198/36 1164/199/36
f 1164/199/88 1163/198/88 1165/200/88
f 1164/199/88 1165/200/88 1166/201/88
f 1167/202/89 1162/197/89 1164/199/89
f 1167/202/89 1164/199/89 1168/203/89
f 1161/196/90 1169/204/90 1170/205/90
f 1161/196/90 1170/205/90 1163/198/90
f 1171/190/34 1172/191/34 1173/192/34
f 1171/190/34 1173/192/34 1174/193/34
f 1175/194/91 1176/195/91 1177/196/91
f 1175/194/91 1177/196/91 1178/197/91
f 1178/197/36 1177/196/36 1179/198/36
f 1178/197/36 1179/198/36 1180/199/36
f 1180/199/92 1179/198/92 1181/200/92
f 1180/199/92 1181/200/92 1182/201/92
f 1183/202/93 1178/197/93 1180/199/93
f 1183/202/93 1180/199/93 1184/203/93
f 1177/196/94 1185/204/94 1186/205/94
f 1177/196/94 1186/205/94 1179/198/94
f 1187/190/34 1188/191/34 1189/192/34
f 1187/190/34 1189/192/34 1190/193/34
f 1191/194/95 1192/195/95 1193/196/95
f 1191/194/95 1193/196/95 1194/197/95
f 1194/197/36 1193/196/36 1195/198/36
f 1194/197/36 1195/198/36 1196/199/36
f 1196/199/96 1195/198/96 1197/200/96
f 1196/199/96 1197/200/96 1198/201/96
f 1199/202/89 1194/197/89 1196/199/89
f 1199/202/89 1196/199/89 1200/203/89
f 1193/196/97 1201/204/97 1202/205/97
f 1193/196/97 1202/205/97 1195/198/97
f 1203/190/34 1204/191/34 1205/192/34
f 1203/190/34 1205/192/34 1206/193/34
f 1207/194/98 1208/195/98 1209/196/98
f 1207/194/98 1209/196/98 1210/197/98
f 1210/197/36 1209/196/36 1211/198/36
f 1210/197/36 1211/198/36 1212/199/36
f 1212/199/99 1211/198/99 1213/200/99
f 1212/199/99 1213/200/99 1214/201/99
f 1215/202/100 1210/197/100 1212/199/100
f 1215/202/100 1212/199/100 1216/203/100
f 1209/196/101 1217/204/101 1218/205/101
f 1209/196/101 1218/205/101 1211/198/101
f 1219/190/36 1220/191/36 1221/192/36
f 1219/190/36 1221/192/36 1222/193/36
f 1223/194/102 1224/195/102 1225/196/102
f 1223/194/102 1225/196/102 1226/197/102
f 1226/197/34 1225/196/34 1227/198/34
f 1226/197/34 1227/198/34 1228/199/34
f 1228/199/103 1227/198/103 1229/200/103
f 1228/199/103 1229/200/103 1230/201/103
f 1231/202/104 1226/197/104 1228/199/104
f 1231/202/104 1228/199/104 1232/203/104
f 1225/196/105 1233/204/105 1234/205/105
f 1225/196/105 1234/205/105 1227/198/105
f 1235/190/36 1236/191/36 1237/192/36
f 1235/190/36 1237/192/36 1238/193/36
f 1239/194/106 1240/195/106 1241/196/106
f 1239/194/106 1241/196/106 1242/197/106
f 1242/197/34 1241/196/34 1243/198/34
f 1242/197/34 1243/198/34 1244/199/34
f 1244/199/107 1243/198/107 1245/200/107
f 1244/199/107 1245/200/107 1246/201/107
f 1247/202/108 1242/197/108 1244/199/108
f 1247/202/108 1244/199/108 1248/203/108
f 1241/196/109 1249/204/109 1250/205/109
f 1241/196/109 1250/205/109 1243/198/109
f 1251/190/36 1252/191/36 1253/192/36
f 1251/190/36 1253/192/36 1254/193/36
f 1255/194/110 1256/195/110 1257/196/110
f 1255/194/110 1257/196/110 1258/197/110
f 1258/197/34 1257/196/34 1259/198/34
f 1258/197/34 1259/198/34 1260/199/34
f 1260/199/111 1259/198/111 1261/200/111
f 1260/199/111 1261/200/111 1262/201/111
f 1263/202/112 1258/197/112 1260/199/112
f 1263/202/112 1260/199/112 1264/203/112
f 1257/196/113 1265/204/113 1266/205/113
f 1257/196/113 1266/205/113 1259/198/113
f 1267/190/36 1268/191/36 1269/192/36
f 1267/190/36 1269/192/36 1270/193/36
f 1271/194/114 1272/195/114 1273/196/114
f 1271/194/114 1273/196/114 1274/197/114
f 1274/197/34 1273/196/34 1275/198/34
f 1274/197/34 1275/198/34 1276/199/34
f 1276/199/115 1275/198/115 1277/200/115
f 1276/199/115 1277/200/115 1278/201/115
f 1279/202/112 1274/197/112 1276/199/112
f 1279/202/112 1276/199/112 1280/203/112
f 1273/196/65 1281/204/65 1282/205/65
f 1273/196/65 1282/205/65 1275/198/65
f 1283/190/36 1284/191/36 1285/192/36
f 1283/190/36 1285/192/36 1286/193/36
f 1287/194/116 1288/195/116 1289/196/116
f 1287/194/116 1289/196/116 1290/197/116
f 1290/197/34 1289/196/34 1291/198/34
f 1290/197/34 1291/198/34 1292/199/34
f 1292/199/117 1291/198/117 1293/200/117
f 1292/199/117 1293/200/117 1294/201/117
f 1295/202/42 1290/197/42 1292/199/42
f 1295/202/42 1292/199/42 1296/203/42
f 1289/196/43 1297/204/43 1298/205/43
f 1289/196/43 1298/205/43 1291/198/43
f 1299/190/36 1300/191/36 1301/192/36
f 1299/190/36 1301/192/36 1302/193/36
f 1303/194/118 1304/195/118 1305/196/118
f 1303/194/118 1305/196/118 1306/197/118
f 1306/197/34 1305/196/34 1307/198/34
f 1306/197/34 1307/198/34 1308/199/34
f 1308/199/119 1307/198/119 1309/200/119
f 1308/199/119 1309/200/119 1310/201/119
f 1311/202/120 1306/197/120 1308/199/120
f 1311/202/120 1308/199/120 1312/203/120
f 1305/196/121 1313/204/121 1314/205/121
f 1305/196/121 1314/205/121 1307/198/121
f 1315/190/36 1316/191/36 1317/192/36
f 1315/190/36 1317/192/36 1318/193/36
f 1319/194/122 1320/195/122 1321/196/122
f 1319/194/122 1321/196/122 1322/197/122
f 1322/197/34 1321/196/34 1323/198/34
f 1322/197/34 1323/198/34 1324/199/34
f 1324/199/123 1323/198/123 1325/200/123
f 1324/199/123 1325/200/123 1326/201/123
f 1327/202/124 1322/197/124 1324/199/124
f 1327/202/124 1324/199/124 1328/203/124
f 1321/196/125 1329/204/125 1330/205/125
f 1321/196/125 1330/205/125 1323/198/125
f 1331/190/36 1332/191/36 1333/192/36
f 1331/190/36 1333/192/36 1334/193/36
f 1335/194/126 1336/195/126 1337/196/126
f 1335/194/126 1337/196/126 1338/197/126
f 1338/197/34 1337/196/34 1339/198/34
f 1338/197/34 1339/198/34 1340/199/34
f 1340/199/127 1339/198/127 1341/200/127
f 1340/199/127 1341/200/127 1342/201/127
f 1343/202/128 1338/197/128 1340/199/128
f 1343/202/128 1340/199/128 1344/203/128
f 1337/196/129 1345/204/129 1346/205/129
f 1337/196/129 1346/205/129 1339/198/129
f 1347/190/36 1348/191/36 1349/192/36
f 1347/190/36 1349/192/36 1350/193/36
f 1351/194/130 1352/195/130 1353/196/130
f 1351/194/130 1353/196/130 1354/197/130
f 1354/197/34 1353/196/34 1355/198/34
f 1354/197/34 1355/198/34 1356/199/34
f 1356/199/131 1355/198/131 1357/200/131
f 1356/199/131 1357/200/131 1358/201/131
f 1359/202/132 1354/197/132 1356/199/132
f 1359/202/132 1356/199/132 1360/203/132
f 1353/196/133 1361/204/133 1362/205/133
f 1353/196/133 1362/205/133 1355/198/133
f 1363/190/36 1364/191/36 1365/192/36
f 1363/190/36 1365/192/36 1366/193/36
f 1367/194/134 1368/195/134 1369/196/134
f 1367/194/134 1369/196/134 1370/197/134
f 1370/197/34 1369/196/34 1371/198/34
f 1370/197/34 1371/198/34 1372/199/34
f 1372/199/135 1371/198/135 1373/200/135
f 1372/199/135 1373/200/135 1374/201/135
f 1375/202/136 1370/197/136 1372/199/136
f 1375/202/136 1372/199/136 1376/203/136
f 1369/196/137 1377/204/137 1378/205/137
f 1369/196/137 1378/205/137 1371/198/137
f 1379/190/36 1380/191/36 1381/192/36
f 1379/190/36 1381/192/36 1382/193/36
f 1383/194/138 1384/195/138 1385/196/138
f 1383/194/138 1385/196/138 1386/197/138
f 1386/197/34 1385/196/34 1387/198/34
f 1386/197/34 1387/198/34 1388/199/34
f 1388/199/139 1387/198/139 1389/200/139
f 1388/199/139 1389/200/139 1390/201/139
f 1391/202/112 1386/197/112 1388/199/112
f 1391/202/112 1388/199/112 1392/203/112
f 1385/196/113 1393/204/113 1394/205/113
f 1385/196/113 1394/205/113 1387/198/113
f 1395/190/36 1396/191/36 1397/192/36
f 1395/190/36 1397/192/36 1398/193/36
f 1399/194/140 1400/195/140 1401/196/140
f 1399/194/140 1401/196/140 1402/197/140
f 1402/197/34 1401/196/34 1403/198/34
f 1402/197/34 1403/198/34 1404/199/34
f 1404/199/141 1403/198/141 1405/200/141
f 1404/199/141 1405/200/141 1406/201/141
f 1407/202/142 1402/197/142 1404/199/142
f 1407/202/142 1404/199/142 1408/203/142
f 1401/196/143 1409/204/143 1410/205/143
f 1401/196/143 1410/205/143 1403/198/143
f 1411/190/36 1412/191/36 1413/192/36
f 1411/190/36 1413/192/36 1414/193/36
f 1415/194/144 1416/195/144 1417/196/144
f 1415/194/144 1417/196/144 1418/197/144
f 1418/197/34 1417/196/34 1419/198/34
f 1418/197/34 1419/198/34 1420/199/34
f 1420/199/145 1419/198/145 1421/200/145
f 1420/199/145 1421/200/145 1422/201/145
f 1423/202/142 1418/197/142 1420/199/142
f 1423/202/142 1420/199/142 1424/203/142
f 1417/196/47 1425/204/47 1426/205/47
f 1417/196/47 1426/205/47 1419/198/47
f 1427/190/34 1428/191/34 1429/192/34
f 1427/190/34 1429/192/34 1430/193/34
f 1431/194/146 1432/195/146 1433/196/146
f 1431/194/146 1433/196/146 1434/197/146
f 1434/197/36 1433/196/36 1435/198/36
f 1434/197/36 1435/198/36 1436/199/36
f 1436/199/111 1435/198/111 1437/200/111
f 1436/199/111 1437/200/111 1438/201/111
f 1439/202/147 1434/197/147 1436/199/147
f 1439/202/147 1436/199/147 1440/203/147
f 1433/196/148 1441/204/148 1442/205/148
f 1433/196/148 1442/205/148 1435/198/148
f 1443/190/34 1444/191/34 1445/192/34
f 1443/190/34 1445/192/34 1446/193/34
f 1447/194/149 1448/195/149 1449/196/149
f 1447/194/149 1449/196/149 1450/197/149
f 1450/197/36 1449/196/36 1451/198/36
f 1450/197/36 1451/198/36 1452/199/36
f 1452/199/150 1451/198/150 1453/200/150
f 1452/199/150 1453/200/150 1454/201/150
f 1455/202/151 1450/197/151 1452/199/151
f 1455/202/151 1452/199/151 1456/203/151
f 1449/196/148 1457/204/148 1458/205/148
f 1449/196/148 1458/205/148 1451/198/148
f 1459/190/34 1460/191/34 1461/192/34
f 1459/190/34 1461/192/34 1462/193/34
f 1463/194/152 1464/195/152 1465/196/152
f 1463/194/152 1465/196/152 1466/197/152
f 1466/197/36 1465/196/36 1467/198/36
f 1466/197/36 1467/198/36 1468/199/36
f 1468/199/153 1467/198/153 1469/200/153
f 1468/199/153 1469/200/153 1470/201/153
f 1471/202/154 1466/197/154 1468/199/154
f 1471/202/154 1468/199/154 1472/203/154
f 1465/196/155 1473/204/155 1474/205/155
f 1465/196/155 1474/205/155 1467/198/155
f 1475/202/154 1476/197/154 1477/199/154
f 1475/202/154 1477/199/154 1478/203/154
f 1479/190/34 1480/191/34 1481/192/34
f 1479/190/34 1481/192/34 1482/193/34
f 1477/199/156 1483/198/156 1484/200/156
f 1477/199/156 1484/200/156 1485/201/156
f 1476/197/36 1486/196/36 1483/198/36
f 1476/197/36 1483/198/36 1477/199/36
f 1486/196/157 1487/204/157 1488/205/157
f 1486/196/157 1488/205/157 1483/198/157
f 1489/194/158 1490/195/158 1486/196/158
f 1489/194/158 1486/196/158 1476/197/158
f 1491/202/159 1492/197/159 1493/199/159
f 1491/202/159 1493/199/159 1494/203/159
f 1495/190/34 1496/191/34 1497/192/34
f 1495/190/34 1497/192/34 1498/193/34
f 1493/199/111 1499/198/111 1500/200/111
f 1493/199/111 1500/200/111 1501/201/111
f 1492/197/36 1502/196/36 1499/198/36
f 1492/197/36 1499/198/36 1493/199/36
f 1502/196/101 1503/204/101 1504/205/101
f 1502/196/101 1504/205/101 1499/198/101
f 1505/194/110 1506/195/110 1502/196/110
f 1505/194/110 1502/196/110 1492/197/110
f 1507/190/36 1508/191/36 1509/192/36
f 1507/190/36 1509/192/36 1510/193/36
f 1511/194/160 1512/195/160 1513/196/160
f 1511/194/160 1513/196/160 1514/197/160
f 1514/197/34 1513/196/34 1515/198/34
f 1514/197/34 1515/198/34 1516/199/34
f 1516/199/161 1515/198/161 1517/200/161
f 1516/199/161 1517/200/161 1518/201/161
f 1519/202/101 1514/197/101 1516/199/101
f 1519/202/101 1516/199/101 1520/203/101
f 1513/196/159 1521/204/159 1522/205/159
f 1513/196/159 1522/205/159 1515/198/159
f 1523/202/162 1524/197/162 1525/199/162
f 1523/202/162 1525/199/162 1526/203/162
f 1527/190/36 1528/191/36 1529/192/36
f 1527/190/36 1529/192/36 1530/193/36
f 1525/199/163 1531/198/163 1532/200/163
f 1525/199/163 1532/200/163 1533/201/163
f 1524/197/34 1534/196/34 1531/198/34
f 1524/197/34 1531/198/34 1525/199/34
f 1534/196/143 1535/204/143 1536/205/143
f 1534/196/143 1536/205/143 1531/198/143
f 1537/194/164 1538/195/164 1534/196/164
f 1537/194/164 1534/196/164 1524/197/164
f 1539/202/165 1540/197/165 1541/199/165
f 1539/202/165 1541/199/165 1542/203/165
f 1543/190/36 1544/191/36 1545/192/36
f 1543/190/36 1545/192/36 1546/193/36
f 1541/199/166 1547/198/166 1548/200/166
f 1541/199/166 1548/200/166 1549/201/166
f 1540/197/34 1550/196/34 1547/198/34
f 1540/197/34 1547/198/34 1541/199/34
f 1550/196/167 1551/204/167 1552/205/167
f 1550/196/167 1552/205/167 1547/198/167
f 1553/194/168 1554/195/168 1550/196/168
f 1553/194/168 1550/196/168 1540/197/168
f 1555/202/169 1556/197/169 1557/199/169
f 1555/202/169 1557/199/169 1558/203/169
f 1559/190/36 1560/191/36 1561/192/36
f 1559/190/36 1561/192/36 1562/193/36
f 1557/199/170 1563/198/170 1564/200/170
f 1557/199/170 1564/200/170 1565/201/170
f 1556/197/34 1566/196/34 1563/198/34
f 1556/197/34 1563/198/34 1557/199/34
f 1566/196/167 1567/204/167 1568/205/167
f 1566/196/167 1568/205/167 1563/198/167
f 1569/194/171 1570/195/171 1566/196/171
f 1569/194/171 1566/196/171 1556/197/171
f 1571/202/101 1572/197/101 1573/199/101
f 1571/202/101 1573/199/101 1574/203/101
f 1575/190/36 1576/191/36 1577/192/36
f 1575/190/36 1577/192/36 1578/193/36
f 1573/199/64 1579/198/64 1580/200/64
f 1573/199/64 1580/200/64 1581/201/64
f 1572/197/34 1582/196/34 1579/198/34
f 1572/197/34 1579/198/34 1573/199/34
f 1582/196/159 1583/204/159 1584/205/159
f 1582/196/159 1584/205/159 1579/198/159
f 1585/194/63 1586/195/63 1582/196/63
f 1585/194/63 1582/196/63 1572/197/63
# Vertices: 640, normals: 138, texture coordinates: 16, faces: 480

o obj4
v -0.19801229 1.44565704 0.39924822
v -0.19801229 1.55701616 0.60005012
v -0.19801229 1.58778586 0.5829861
v -0.19801229 1.47642674 0.3821842
v -0.19801229 1.47642674 0.3821842
v -0.19801229 1.58778586 0.5829861
v 0.07435733 1.58778586 0.5829861
v 0.07435733 1.47642674 0.3821842
v 0.07435733 1.55701616 0.60005012
v 0.07435733 1.44565704 0.39924822
v -0.19801229 1.55701616 0.60005012
v -0.19801229 1.44565704 0.39924822
v -0.19801229 1.47642674 0.3821842
v -0.19801229 1.44565704 0.39924822
v -0.19801229 1.58778586 0.5829861
v -0.19801229 1.55701616 0.60005012
v -0.19801203 2.3178256 -0.73822233
v -0.19801203 2.50682439 -0.73822227
v -0.19801203 2.50682444 -0.7734067
v -0.19801203 2.31782565 -0.77340676
v -0.19801203 2.31782565 -0.77340676
v -0.19801203 2.50682444 -0.7734067
v 0.07435759 2.50682444 -0.7734067
v 0.07435759 2.31782565 -0.77340676
v 0.07435759 2.50682439 -0.73822227
v 0.07435759 2.3178256 -0.73822233
v -0.19801203 2.50682439 -0.73822227
v -0.19801203 2.3178256 -0.73822233
v -0.19801203 2.31782565 -0.77340676
v -0.19801203 2.3178256 -0.73822233
v -0.19801203 2.50682444 -0.7734067
v -0.19801203 2.50682439 -0.73822227
v -0.19801203 2.31782542 -1.18010155
v -0.19801203 2.50750193 -1.18010158
v -0.19801203 2.50750198 -1.21528601
v -0.19801203 2.31782547 -1.21528598
v -0.19801203 2.31782547 -1.21528598
v -0.19801203 2.50750198 -1.21528601
v 0.07435759 2.50750198 -1.21528601
v 0.07435759 2.31782547 -1.21528598
v 0.07435759 2.50750193 -1.18010158
v 0.07435759 2.31782542 -1.18010155
v -0.19801203 2.50750193 -1.18010158
v -0.19801203 2.31782542 -1.18010155
v -0.19801203 2.31782547 -1.21528598
v -0.19801203 2.31782542 -1.18010155
v -0.19801203 2.50750198 -1.21528601
v -0.19801203 2.50750193 -1.18010158
v -0.19801203 2.31782529 -1.14379734
v -0.19801203 2.53822058 -1.14379738
v -0.19801203 2.53822063 -1.17898181
v -0.19801203 2.31782534 -1.17898177
v -0.19801203 2.31782534 -1.17898177
v -0.19801203 2.53822063 -1.17898181
v 0.07435759 2.53822063 -1.17898181
v 0.07435759 2.31782534 -1.17898177
v 0.07435759 2.53822058 -1.14379738
v 0.07435759 2.31782529 -1.14379734
v -0.19801203 2.53822058 -1.14379738
v -0.19801203 2.31782529 -1.14379734
v -0.19801203 2.31782534 -1.17898177
v -0.19801203 2.31782529 -1.14379734
v -0.19801203 2.53822063 -1.17898181
v -0.19801203 2.53822058 -1.14379738
v -0.19801203 2.31782551 0.44413417
v -0.19801203 2.54740184 0.4441342
v -0.19801203 2.54740186 0.40894958
v -0.19801203 2.31782555 0.40894957
v -0.19801203 2.31782555 0.40894957
v -0.19801203 2.54740186 0.40894958
v 0.07435759 2.54740186 0.40894958
v 0.07435759 2.31782555 0.40894957
v 0.07435759 2.54740184 0.4441342
v 0.07435759 2.31782551 0.44413417
v -0.19801203 2.54740184 0.4441342
v -0.19801203 2.31782551 0.44413417
v -0.19801203 2.31782555 0.40894957
v -0.19801203 2.31782551 0.44413417
v -0.19801203 2.54740186 0.40894958
v -0.19801203 2.54740184 0.4441342
v -0.19801203 2.3178253 0.48043852
v -0.19801203 2.53118451 0.48043851
v -0.19801203 2.53118455 0.44525391
v -0.19801203 2.31782534 0.44525392
v -0.19801203 2.31782534 0.44525392
v -0.19801203 2.53118455 0.44525391
v 0.07435759 2.53118455 0.44525391
v 0.07435759 2.31782534 0.44525392
v 0.07435759 2.53118451 0.48043851
v 0.07435759 2.3178253 0.48043852
v -0.19801203 2.53118451 0.48043851
v -0.19801203 2.3178253 0.48043852
v -0.19801203 2.31782534 0.44525392
v -0.19801203 2.3178253 0.48043852
v -0.19801203 2.53118455 0.44525391
v -0.19801203 2.53118451 0.48043851
v -0.19801203 2.31782568 0.51674304
v -0.19801203 2.54016119 0.51674303
v -0.19801203 2.54016117 0.48155846
v -0.19801203 2.31782565 0.48155847
v -0.19801203 2.31782565 0.48155847
v -0.19801203 2.54016117 0.48155846
v 0.07435759 2.54016117 0.48155846
v 0.07435759 2.31782565 0.48155847
v 0.07435759 2.54016119 0.51674303
v 0.07435759 2.31782568 0.51674304
v -0.19801203 2.54016119 0.51674303
v -0.19801203 2.31782568 0.51674304
v -0.19801203 2.31782565 0.48155847
v -0.19801203 2.31782568 0.51674304
v -0.19801203 2.54016117 0.48155846
v -0.19801203 2.54016119 0.51674303
v -0.19801203 2.31782565 0.55304713
v -0.19801203 2.48965833 0.55304713
v -0.19801203 2.48965828 0.51786252
v -0.19801203 2.31782562 0.51786254
v -0.19801203 2.31782562 0.51786254
v -0.19801203 2.48965828 0.51786252
v 0.07435759 2.48965828 0.51786252
v 0.07435759 2.31782562 0.51786254
v 0.07435759 2.48965833 0.55304713
v 0.07435759 2.31782565 0.55304713
v -0.19801203 2.48965833 0.55304713
v -0.19801203 2.31782565 0.55304713
v -0.19801203 2.31782562 0.51786254
v -0.19801203 2.31782565 0.55304713
v -0.19801203 2.48965828 0.51786252
v -0.19801203 2.48965833 0.55304713
v -0.19801203 2.32007068 0.84418759
v -0.19801203 2.53869566 0.87314589
v -0.19801203 2.54331567 0.83826608
v -0.19801203 2.32469073 0.80930777
v -0.19801203 2.32469073 0.80930777
v -0.19801203 2.54331567 0.83826608
v 0.07435759 2.54331567 0.83826608
v 0.07435759 2.32469073 0.80930777
v 0.07435759 2.53869566 0.87314589
v 0.07435759 2.32007068 0.84418759
v -0.19801203 2.53869566 0.87314589
v -0.19801203 2.32007068 0.84418759
v -0.19801203 2.32469073 0.80930777
v -0.19801203 2.32007068 0.84418759
v -0.19801203 2.54331567 0.83826608
v -0.19801203 2.53869566 0.87314589
v -0.19801203 2.31987985 0.87890476
v -0.19801203 2.50775555 0.90677167
v -0.19801203 2.51291783 0.87196791
v -0.19801203 2.32504217 0.84410098
v -0.19801203 2.32504217 0.84410098
v -0.19801203 2.51291783 0.87196791
v 0.07435759 2.51291783 0.87196791
v 0.07435759 2.32504217 0.84410098
v 0.07435759 2.50775555 0.90677167
v 0.07435759 2.31987985 0.87890476
v -0.19801203 2.50775555 0.90677167
v -0.19801203 2.31987985 0.87890476
v -0.19801203 2.32504217 0.84410098
v -0.19801203 2.31987985 0.87890476
v -0.19801203 2.51291783 0.87196791
v -0.19801203 2.50775555 0.90677167
v -0.19801203 2.02856211 0.49340006
v -0.19801203 2.26091297 0.49340008
v -0.19801203 2.260913 0.52858449
v -0.19801203 2.02856211 0.52858449
v -0.19801203 2.02856211 0.52858449
v -0.19801203 2.260913 0.52858449
v 0.07435759 2.260913 0.52858449
v 0.07435759 2.02856211 0.52858449
v 0.07435759 2.26091297 0.49340008
v 0.07435759 2.02856211 0.49340006
v -0.19801203 2.26091297 0.49340008
v -0.19801203 2.02856211 0.49340006
v -0.19801203 2.02856211 0.52858449
v -0.19801203 2.02856211 0.49340006
v -0.19801203 2.260913 0.52858449
v -0.19801203 2.26091297 0.49340008
v -0.19801203 2.03250718 -0.21370776
v -0.19801203 2.22067526 -0.20138105
v -0.19801203 2.21837533 -0.16627186
v -0.19801203 2.03020725 -0.17859857
v -0.19801203 2.03020725 -0.17859857
v -0.19801203 2.21837533 -0.16627186
v 0.07435759 2.21837533 -0.16627186
v 0.07435759 2.03020725 -0.17859857
v 0.07435759 2.22067526 -0.20138105
v 0.07435759 2.03250718 -0.21370776
v -0.19801203 2.22067526 -0.20138105
v -0.19801203 2.03250718 -0.21370776
v -0.19801203 2.03020725 -0.17859857
v -0.19801203 2.03250718 -0.21370776
v -0.19801203 2.21837533 -0.16627186
v -0.19801203 2.22067526 -0.20138105
v -0.19801203 2.03589989 -0.69398173
v -0.19801203 2.26828695 -0.67457475
v -0.19801203 2.26535885 -0.63951225
v -0.19801203 2.03297182 -0.65891919
v -0.19801203 2.03297182 -0.65891919
v -0.19801203 2.26535885 -0.63951225
v 0.07435759 2.26535885 -0.63951225
v 0.07435759 2.03297182 -0.65891919
v 0.07435759 2.26828695 -0.67457475
v 0.07435759 2.03589989 -0.69398173
v -0.19801203 2.26828695 -0.67457475
v -0.19801203 2.03589989 -0.69398173
v -0.19801203 2.03297182 -0.65891919
v -0.19801203 2.03589989 -0.69398173
v -0.19801203 2.26535885 -0.63951225
v -0.19801203 2.26828695 -0.67457475
v -0.19801203 2.02856175 -0.87670598
v -0.19801203 2.24016639 -0.87670603
v -0.19801203 2.24016644 -0.84152142
v -0.19801203 2.02856175 -0.84152146
v -0.19801203 2.02856175 -0.84152146
v -0.19801203 2.24016644 -0.84152142
v 0.07435759 2.24016644 -0.84152142
v 0.07435759 2.02856175 -0.84152146
v 0.07435759 2.24016639 -0.87670603
v 0.07435759 2.02856175 -0.87670598
v -0.19801203 2.24016639 -0.87670603
v -0.19801203 2.02856175 -0.87670598
v -0.19801203 2.02856175 -0.84152146
v -0.19801203 2.02856175 -0.87670598
v -0.19801203 2.24016644 -0.84152142
v -0.19801203 2.24016639 -0.87670603
v -0.19801203 2.03287097 -1.38628389
v -0.19801203 2.24015402 -1.40345029
v -0.19801203 2.243058 -1.36838605
v -0.19801203 2.03577495 -1.35121965
v -0.19801203 2.03577495 -1.35121965
v -0.19801203 2.243058 -1.36838605
v 0.07435759 2.243058 -1.36838605
v 0.07435759 2.03577495 -1.35121965
v 0.07435759 2.24015402 -1.40345029
v 0.07435759 2.03287097 -1.38628389
v -0.19801203 2.24015402 -1.40345029
v -0.19801203 2.03287097 -1.38628389
v -0.19801203 2.03577495 -1.35121965
v -0.19801203 2.03287097 -1.38628389
v -0.19801203 2.243058 -1.36838605
v -0.19801203 2.24015402 -1.40345029
v 0.07435759 1.96000093 0.90455149
v -0.19801202 1.96000093 0.90455149
v -0.19801202 1.96000093 0.93973601
v 0.07435759 1.96000093 0.93973601
v -0.19801203 1.74311502 -0.82777018
v -0.19801203 1.94344685 -0.84857028
v -0.19801203 1.93981322 -0.8835666
v -0.19801203 1.7394814 -0.8627665
v -0.19801203 1.7394814 -0.8627665
v -0.19801203 1.93981322 -0.8835666
v 0.07435759 1.93981322 -0.8835666
v 0.07435759 1.7394814 -0.8627665
v 0.07435759 1.94344685 -0.84857028
v 0.07435759 1.74311502 -0.82777018
v -0.19801203 1.94344685 -0.84857028
v -0.19801203 1.74311502 -0.82777018
v -0.19801203 1.7394814 -0.8627665
v -0.19801203 1.74311502 -0.82777018
v -0.19801203 1.93981322 -0.8835666
v -0.19801203 1.94344685 -0.84857028
v -0.19801203 1.74399117 -0.48229995
v -0.19801203 1.96504965 -0.51864856
v -0.19801203 1.95934088 -0.55336676
v -0.19801203 1.7382824 -0.51701815
v -0.19801203 1.7382824 -0.51701815
v -0.19801203 1.95934088 -0.55336676
v 0.07435759 1.95934088 -0.55336676
v 0.07435759 1.7382824 -0.51701815
v 0.07435759 1.96504965 -0.51864856
v 0.07435759 1.74399117 -0.48229995
v -0.19801203 1.96504965 -0.51864856
v -0.19801203 1.74399117 -0.48229995
v -0.19801203 1.7382824 -0.51701815
v -0.19801203 1.74399117 -0.48229995
v -0.19801203 1.95934088 -0.55336676
v -0.19801203 1.96504965 -0.51864856
v -0.19801229 1.743157 -1.45036693
v -0.19801229 1.95898788 -1.47277632
v -0.19801229 1.95535432 -1.50777268
v -0.19801229 1.73952338 -1.48536325
v -0.19801229 1.73952338 -1.48536325
v -0.19801229 1.95535432 -1.50777268
v 0.07435732 1.95535432 -1.50777268
v 0.07435732 1.73952338 -1.48536325
v 0.07435732 1.95898788 -1.47277632
v 0.07435732 1.743157 -1.45036693
v -0.19801229 1.95898788 -1.47277632
v -0.19801229 1.743157 -1.45036693
v -0.19801229 1.73952338 -1.48536325
v -0.19801229 1.743157 -1.45036693
v -0.19801229 1.95535432 -1.50777268
v -0.19801229 1.95898788 -1.47277632
v -0.19801203 1.74314276 -1.19649994
v -0.19801203 1.95389771 -1.21838235
v -0.19801203 1.9502642 -1.25337861
v -0.19801203 1.73950913 -1.23149626
v -0.19801203 1.73950913 -1.23149626
v -0.19801203 1.9502642 -1.25337861
v 0.07435759 1.9502642 -1.25337861
v 0.07435759 1.73950913 -1.23149626
v 0.07435759 1.95389771 -1.21838235
v 0.07435759 1.74314276 -1.19649994
v -0.19801203 1.95389771 -1.21838235
v -0.19801203 1.74314276 -1.19649994
v -0.19801203 1.73950913 -1.23149626
v -0.19801203 1.74314276 -1.19649994
v -0.19801203 1.9502642 -1.25337861
v -0.19801203 1.95389771 -1.21838235
v -0.19801203 1.74307897 -1.01622333
v -0.19801203 1.92985685 -1.03561625
v -0.19801203 1.92622323 -1.07061257
v -0.19801203 1.73944541 -1.05121969
v -0.19801203 1.73944541 -1.05121969
v -0.19801203 1.92622323 -1.07061257
v 0.07435759 1.92622323 -1.07061257
v 0.07435759 1.73944541 -1.05121969
v 0.07435759 1.92985685 -1.03561625
v 0.07435759 1.74307897 -1.01622333
v -0.19801203 1.92985685 -1.03561625
v -0.19801203 1.74307897 -1.01622333
v -0.19801203 1.73944541 -1.05121969
v -0.19801203 1.74307897 -1.01622333
v -0.19801203 1.92622323 -1.07061257
v -0.19801203 1.92985685 -1.03561625
v -0.19801203 1.73395056 -0.0355621
v -0.19801203 1.94186579 -0.03556208
v -0.19801203 1.94186583 -0.07074668
v -0.19801203 1.73395057 -0.07074668
v -0.19801203 1.73395057 -0.07074668
v -0.19801203 1.94186583 -0.07074668
v 0.07435759 1.94186583 -0.07074668
v 0.07435759 1.73395057 -0.07074668
v 0.07435759 1.94186579 -0.03556208
v 0.07435759 1.73395056 -0.0355621
v -0.19801203 1.94186579 -0.03556208
v -0.19801203 1.73395056 -0.0355621
v -0.19801203 1.73395057 -0.07074668
v -0.19801203 1.73395056 -0.0355621
v -0.19801203 1.94186583 -0.07074668
v -0.19801203 1.94186579 -0.03556208
v -0.19801203 1.73798424 0.46326808
v -0.19801203 1.95004829 0.48674176
v -0.19801203 1.95391926 0.45177078
v -0.19801203 1.74185523 0.42829709
v -0.19801203 1.74185523 0.42829709
v -0.19801203 1.95391926 0.45177078
v 0.07435759 1.95391926 0.45177078
v 0.07435759 1.74185523 0.42829709
v 0.07435759 1.95004829 0.48674176
v 0.07435759 1.73798424 0.46326808
v -0.19801203 1.95004829 0.48674176
v -0.19801203 1.73798424 0.46326808
v -0.19801203 1.74185523 0.42829709
v -0.19801203 1.73798424 0.46326808
v -0.19801203 1.95391926 0.45177078
v -0.19801203 1.95004829 0.48674176
v -0.19801203 1.73801122 0.49907871
v -0.19801203 1.95899702 0.52353995
v -0.19801203 1.962868 0.48856898
v -0.19801203 1.74188219 0.46410773
v -0.19801203 1.74188219 0.46410773
v -0.19801203 1.962868 0.48856898
v 0.07435759 1.962868 0.48856898
v 0.07435759 1.74188219 0.46410773
v 0.07435759 1.95899702 0.52353995
v 0.07435759 1.73801122 0.49907871
v -0.19801203 1.95899702 0.52353995
v -0.19801203 1.73801122 0.49907871
v -0.19801203 1.74188219 0.46410773
v -0.19801203 1.73801122 0.49907871
v -0.19801203 1.962868 0.48856898
v -0.19801203 1.95899702 0.52353995
v -0.19801203 1.73785789 0.53816094
v -0.19801203 1.90864742 0.55706591
v -0.19801203 1.91251842 0.52209491
v -0.19801203 1.74172888 0.50318995
v -0.19801203 1.74172888 0.50318995
v -0.19801203 1.91251842 0.52209491
v 0.07435759 1.91251842 0.52209491
v 0.07435759 1.74172888 0.50318995
v 0.07435759 1.90864742 0.55706591
v 0.07435759 1.73785789 0.53816094
v -0.19801203 1.90864742 0.55706591
v -0.19801203 1.73785789 0.53816094
v -0.19801203 1.74172888 0.50318995
v -0.19801203 1.73785789 0.53816094
v -0.19801203 1.91251842 0.52209491
v -0.19801203 1.90864742 0.55706591
v -0.19801203 1.73802208 0.5714869
v -0.19801203 1.96261878 0.59634785
v -0.19801203 1.96648979 0.56137685
v -0.19801203 1.74189307 0.5365159
v -0.19801203 1.74189307 0.5365159
v -0.19801203 1.96648979 0.56137685
v 0.07435759 1.96648979 0.56137685
v 0.07435759 1.74189307 0.5365159
v 0.07435759 1.96261878 0.59634785
v 0.07435759 1.73802208 0.5714869
v -0.19801203 1.96261878 0.59634785
v -0.19801203 1.73802208 0.5714869
v -0.19801203 1.74189307 0.5365159
v -0.19801203 1.73802208 0.5714869
v -0.19801203 1.96648979 0.56137685
v -0.19801203 1.96261878 0.59634785
v -0.19801203 1.7380224 0.92186722
v -0.19801203 1.96270103 0.94673721
v -0.19801203 1.96657205 0.91176632
v -0.19801203 1.74189338 0.8868963
v -0.19801203 1.74189338 0.8868963
v -0.19801203 1.96657205 0.91176632
v 0.07435759 1.96657205 0.91176632
v 0.07435759 1.74189338 0.8868963
v 0.07435759 1.96270103 0.94673721
v 0.07435759 1.7380224 0.92186722
v -0.19801203 1.96270103 0.94673721
v -0.19801203 1.7380224 0.92186722
v -0.19801203 1.74189338 0.8868963
v -0.19801203 1.7380224 0.92186722
v 0.07435759 1.6653895 0.90455134
v -0.19801202 1.6653895 0.90455134
v -0.19801202 1.6653895 0.93973586
v 0.07435759 1.6653895 0.93973586
v -0.19801203 1.43933856 -1.19810898
v -0.19801203 1.59718758 -1.19810902
v -0.19801203 1.59718763 -1.23329345
v -0.19801203 1.43933856 -1.2332935
v -0.19801203 1.43933856 -1.2332935
v -0.19801203 1.59718763 -1.23329345
v 0.07435759 1.59718763 -1.23329345
v 0.07435759 1.43933856 -1.2332935
v 0.07435759 1.59718758 -1.19810902
v 0.07435759 1.43933856 -1.19810898
v -0.19801203 1.59718758 -1.19810902
v -0.19801203 1.43933856 -1.19810898
v -0.19801203 1.43933856 -1.2332935
v -0.19801203 1.43933856 -1.19810898
v -0.19801203 1.59718763 -1.23329345
v -0.19801203 1.59718758 -1.19810902
v -0.19801203 1.44451296 -0.83344757
v -0.19801203 1.61661399 -0.83344755
v -0.19801203 1.61661397 -0.86863194
v -0.19801203 1.44451297 -0.86863198
v -0.19801203 1.44451297 -0.86863198
v -0.19801203 1.61661397 -0.86863194
v 0.07435759 1.61661397 -0.86863194
v 0.07435759 1.44451297 -0.86863198
v 0.07435759 1.61661399 -0.83344755
v 0.07435759 1.44451296 -0.83344757
v -0.19801203 1.61661399 -0.83344755
v -0.19801203 1.44451296 -0.83344757
v -0.19801203 1.44451297 -0.86863198
v -0.19801203 1.44451296 -0.83344757
v -0.19801203 1.61661397 -0.86863194
v -0.19801203 1.61661399 -0.83344755
v -0.19801203 1.43933846 -0.05271359
v -0.19801203 1.66348329 -0.05271357
v -0.19801203 1.6634833 -0.08789815
v -0.19801203 1.43933847 -0.08789818
v -0.19801203 1.43933847 -0.08789818
v -0.19801203 1.6634833 -0.08789815
v 0.07435759 1.6634833 -0.08789815
v 0.07435759 1.43933847 -0.08789818
v 0.07435759 1.66348329 -0.05271357
v 0.07435759 1.43933846 -0.05271359
v -0.19801203 1.66348329 -0.05271357
v -0.19801203 1.43933846 -0.05271359
v -0.19801203 1.43933847 -0.08789818
v -0.19801203 1.43933846 -0.05271359
v -0.19801203 1.6634833 -0.08789815
v -0.19801203 1.66348329 -0.05271357
v -0.19801203 1.43933862 0.94614738
v -0.19801203 1.66891492 0.94614743
v -0.19801203 1.66891491 0.9109628
v -0.19801203 1.43933863 0.9109628
v -0.19801203 1.43933863 0.9109628
v -0.19801203 1.66891491 0.9109628
v 0.07435759 1.66891491 0.9109628
v 0.07435759 1.43933863 0.9109628
v 0.07435759 1.66891492 0.94614743
v 0.07435759 1.43933862 0.94614738
v -0.19801203 1.66891492 0.94614743
v -0.19801203 1.43933862 0.94614738
v -0.19801203 1.43933863 0.9109628
v -0.19801203 1.43933862 0.94614738
v -0.19801203 1.66891491 0.9109628
v -0.19801203 1.66891492 0.94614743
v -0.19801229 0.85011496 -1.47053651
v -0.19801229 1.06710611 -1.47053654
v -0.19801229 1.06710613 -1.50572095
v -0.19801229 0.85011498 -1.50572092
v -0.19801229 0.85011498 -1.50572092
v -0.19801229 1.06710613 -1.50572095
v 0.07435732 1.06710613 -1.50572095
v 0.07435732 0.85011498 -1.50572092
v 0.07435732 1.06710611 -1.47053654
v 0.07435732 0.85011496 -1.47053651
v -0.19801229 1.06710611 -1.47053654
v -0.19801229 0.85011496 -1.47053651
v -0.19801229 0.85011498 -1.50572092
v -0.19801229 0.85011496 -1.47053651
v -0.19801229 1.06710613 -1.50572095
v -0.19801229 1.06710611 -1.47053654
v -0.19801203 0.85011555 -1.18010183
v -0.19801203 1.03979203 -1.18010184
v -0.19801203 1.03979205 -1.21528625
v -0.19801203 0.85011557 -1.21528624
v -0.19801203 0.85011557 -1.21528624
v -0.19801203 1.03979205 -1.21528625
v 0.07435759 1.03979205 -1.21528625
v 0.07435759 0.85011557 -1.21528624
v 0.07435759 1.03979203 -1.18010184
v 0.07435759 0.85011555 -1.18010183
v -0.19801203 1.03979203 -1.18010184
v -0.19801203 0.85011555 -1.18010183
v -0.19801203 0.85011557 -1.21528624
v -0.19801203 0.85011555 -1.18010183
v -0.19801203 1.03979205 -1.21528625
v -0.19801203 1.03979203 -1.18010184
v -0.19801203 0.85011545 -0.96227635
v -0.19801203 1.02221649 -0.96227633
v -0.19801203 1.0222165 -0.99746074
v -0.19801203 0.85011547 -0.99746077
v -0.19801203 0.85011547 -0.99746077
v -0.19801203 1.0222165 -0.99746074
v 0.07435759 1.0222165 -0.99746074
v 0.07435759 0.85011547 -0.99746077
v 0.07435759 1.02221649 -0.96227633
v 0.07435759 0.85011545 -0.96227635
v -0.19801203 1.02221649 -0.96227633
v -0.19801203 0.85011545 -0.96227635
v -0.19801203 0.85011547 -0.99746077
v -0.19801203 0.85011545 -0.96227635
v -0.19801203 1.0222165 -0.99746074
v -0.19801203 1.02221649 -0.96227633
v -0.19801203 0.85011526 0.55304711
v -0.19801203 1.02194791 0.55304713
v -0.19801203 1.02194792 0.51786255
v -0.19801203 0.85011527 0.51786253
v -0.19801203 0.85011527 0.51786253
v -0.19801203 1.02194792 0.51786255
v 0.07435759 1.02194792 0.51786255
v 0.07435759 0.85011527 0.51786253
v 0.07435759 1.02194791 0.55304713
v 0.07435759 0.85011526 0.55304711
v -0.19801203 1.02194791 0.55304713
v -0.19801203 0.85011526 0.55304711
v -0.19801203 0.85011527 0.51786253
v -0.19801203 0.85011526 0.55304711
v -0.19801203 1.02194792 0.51786255
v -0.19801203 1.02194791 0.55304713
v -0.19801203 0.85011539 0.58935118
v -0.19801203 1.07608382 0.58935119
v -0.19801203 1.07608382 0.55416659
v -0.19801203 0.85011535 0.55416659
v -0.19801203 0.85011535 0.55416659
v -0.19801203 1.07608382 0.55416659
v 0.07435759 1.07608382 0.55416659
v 0.07435759 0.85011535 0.55416659
v 0.07435759 1.07608382 0.58935119
v 0.07435759 0.85011539 0.58935118
v -0.19801203 1.07608382 0.58935119
v -0.19801203 0.85011539 0.58935118
v -0.19801203 0.85011535 0.55416659
v -0.19801203 0.85011539 0.58935118
v -0.19801203 1.07608382 0.55416659
v -0.19801203 1.07608382 0.58935119
v -0.19801203 0.85011526 0.62565567
v -0.19801203 1.01275576 0.62565568
v -0.19801203 1.01275576 0.59047108
v -0.19801203 0.85011529 0.59047106
v -0.19801203 0.85011529 0.59047106
v -0.19801203 1.01275576 0.59047108
v 0.07435759 1.01275576 0.59047108
v 0.07435759 0.85011529 0.59047106
v 0.07435759 1.01275576 0.62565568
v 0.07435759 0.85011526 0.62565567
v -0.19801203 1.01275576 0.62565568
v -0.19801203 0.85011526 0.62565567
v -0.19801203 0.85011529 0.59047106
v -0.19801203 0.85011526 0.62565567
v -0.19801203 1.01275576 0.59047108
v -0.19801203 1.01275576 0.62565568
v -0.19801203 1.15438717 -1.42384369
v -0.19801203 1.33806634 -1.47217403
v -0.19801203 1.34701949 -1.43814788
v -0.19801203 1.16334042 -1.38981736
v -0.19801203 1.16334042 -1.38981736
v -0.19801203 1.34701949 -1.43814788
v 0.07435759 1.34701949 -1.43814788
v 0.07435759 1.16334042 -1.38981736
v 0.07435759 1.33806634 -1.47217403
v 0.07435759 1.15438717 -1.42384369
v -0.19801203 1.33806634 -1.47217403
v -0.19801203 1.15438717 -1.42384369
v -0.19801203 1.16334042 -1.38981736
v -0.19801203 1.15438717 -1.42384369
v -0.19801203 1.34701949 -1.43814788
v -0.19801203 1.33806634 -1.47217403
v -0.19801203 1.15293973 -0.19865354
v -0.19801203 1.34110529 -0.18628864
v -0.19801203 1.33879818 -0.15117996
v -0.19801203 1.15063261 -0.16354486
v -0.19801203 1.15063261 -0.16354486
v -0.19801203 1.33879818 -0.15117996
v 0.07435759 1.33879818 -0.15117996
v 0.07435759 1.15063261 -0.16354486
v 0.07435759 1.34110529 -0.18628864
v 0.07435759 1.15293973 -0.19865354
v -0.19801203 1.34110529 -0.18628864
v -0.19801203 1.15293973 -0.19865354
v -0.19801203 1.15063261 -0.16354486
v -0.19801203 1.15293973 -0.19865354
v -0.19801203 1.33879818 -0.15117996
v -0.19801203 1.34110529 -0.18628864
v -0.19801203 1.15424495 0.15596865
v -0.19801203 1.34240099 0.17379788
v -0.19801203 1.33908183 0.20882544
v -0.19801203 1.15092581 0.19099623
v -0.19801203 1.15092581 0.19099623
v -0.19801203 1.33908183 0.20882544
v 0.07435759 1.33908183 0.20882544
v 0.07435759 1.15092581 0.19099623
v 0.07435759 1.34240099 0.17379788
v 0.07435759 1.15424495 0.15596865
v -0.19801203 1.34240099 0.17379788
v -0.19801203 1.15424495 0.15596865
v -0.19801203 1.15092581 0.19099623
v -0.19801203 1.15424495 0.15596865
v -0.19801203 1.33908183 0.20882544
v -0.19801203 1.34240099 0.17379788
v -0.19801203 1.15566645 0.48932057
v -0.19801203 1.38677005 0.51336319
v -0.19801203 1.38312936 0.54835873
v -0.19801203 1.15202576 0.52431618
v -0.19801203 1.15202576 0.52431618
v -0.19801203 1.38312936 0.54835873
v 0.07435759 1.38312936 0.54835873
v 0.07435759 1.15202576 0.52431618
v 0.07435759 1.38677005 0.51336319
v 0.07435759 1.15566645 0.48932057
v -0.19801203 1.38677005 0.51336319
v -0.19801203 1.15566645 0.48932057
v -0.19801203 1.15202576 0.52431618
v -0.19801203 1.15566645 0.48932057
v -0.19801203 1.38312936 0.54835873
v -0.19801203 1.38677005 0.51336319
v -0.19801203 1.15559034 0.52694786
v -0.19801203 1.36120772 0.54833908
v -0.19801203 1.357567 0.5833347
v -0.19801203 1.15194962 0.56194348
v -0.19801203 1.15194962 0.56194348
v -0.19801203 1.357567 0.5833347
v 0.07435759 1.357567 0.5833347
v 0.07435759 1.15194962 0.56194348
v 0.07435759 1.36120772 0.54833908
v 0.07435759 1.15559034 0.52694786
v -0.19801203 1.36120772 0.54833908
v -0.19801203 1.15559034 0.52694786
v -0.19801203 1.15194962 0.56194348
v -0.19801203 1.15559034 0.52694786
v -0.19801203 1.357567 0.5833347
v -0.19801203 1.36120772 0.54833908
v -0.19801203 1.15552968 0.60043698
v -0.19801203 1.34418801 0.62006376
v -0.19801203 1.34054726 0.65505934
v -0.19801203 1.15188899 0.63543252
v -0.19801203 1.15188899 0.63543252
v -0.19801203 1.34054726 0.65505934
v 0.07435759 1.34054726 0.65505934
v 0.07435759 1.15188899 0.63543252
v 0.07435759 1.34418801 0.62006376
v 0.07435759 1.15552968 0.60043698
v -0.19801203 1.34418801 0.62006376
v -0.19801203 1.15552968 0.60043698
v -0.19801203 1.15188899 0.63543252
v -0.19801203 1.15552968 0.60043698
v -0.19801203 1.34054726 0.65505934
v -0.19801203 1.34418801 0.62006376
v -0.19801203 -0.00981538 0.28046441
v -0.19801203 0.19495888 0.28757518
v -0.19801203 0.19373786 0.32273843
v -0.19801203 -0.0110364 0.31562766
v -0.19801203 -0.0110364 0.31562766
v -0.19801203 0.19373786 0.32273843
v 0.07435759 0.19373786 0.32273843
v 0.07435759 -0.0110364 0.31562766
v 0.07435759 0.19495888 0.28757518
v 0.07435759 -0.00981538 0.28046441
v -0.19801203 0.19495888 0.28757518
v -0.19801203 -0.00981538 0.28046441
v -0.19801203 -0.0110364 0.31562766
v -0.19801203 -0.00981538 0.28046441
v -0.19801203 0.19373786 0.32273843
v -0.19801203 0.19495888 0.28757518
v -0.19801203 -0.01948449 0.61435683
v -0.19801203 0.19240351 0.61435681
v -0.19801203 0.19240349 0.64954129
v -0.19801203 -0.01948439 0.64954124
v -0.19801203 -0.01948439 0.64954124
v -0.19801203 0.19240349 0.64954129
v 0.07435759 0.19240349 0.64954129
v 0.07435759 -0.01948439 0.64954124
v 0.07435759 0.19240351 0.61435681
v 0.07435759 -0.01948449 0.61435683
v -0.19801203 0.19240351 0.61435681
v -0.19801203 -0.01948449 0.61435683
v -0.19801203 -0.01948439 0.64954124
v -0.19801203 -0.01948449 0.61435683
v -0.19801203 0.19240349 0.64954129
v -0.19801203 0.19240351 0.61435681
v -0.19801203 -0.01948426 0.57805221
v -0.19801203 0.17019219 0.57805222
v -0.19801203 0.1701922 0.61323662
v -0.19801203 -0.01948431 0.61323664
v -0.19801203 -0.01948431 0.61323664
v -0.19801203 0.1701922 0.61323662
v 0.07435759 0.1701922 0.61323662
v 0.07435759 -0.01948431 0.61323664
v 0.07435759 0.17019219 0.57805222
v 0.07435759 -0.01948426 0.57805221
v -0.19801203 0.17019219 0.57805222
v -0.19801203 -0.01948426 0.57805221
v -0.19801203 -0.01948431 0.61323664
v -0.19801203 -0.01948426 0.57805221
v -0.19801203 0.1701922 0.61323662
v -0.19801203 0.17019219 0.57805222
v -0.19801203 0.27616683 -1.19372869
v -0.19801203 0.43880731 -1.19372869
v -0.19801203 0.43880734 -1.15854407
v -0.19801203 0.27616684 -1.15854406
v -0.19801203 0.27616684 -1.15854406
v -0.19801203 0.43880734 -1.15854407
v 0.07435759 0.43880734 -1.15854407
v 0.07435759 0.27616684 -1.15854406
v 0.07435759 0.43880731 -1.19372869
v 0.07435759 0.27616683 -1.19372869
v -0.19801203 0.43880731 -1.19372869
v -0.19801203 0.27616683 -1.19372869
v -0.19801203 0.27616684 -1.15854406
v -0.19801203 0.27616683 -1.19372869
v -0.19801203 0.43880734 -1.15854407
v -0.19801203 0.43880731 -1.19372869
v -0.19801203 0.27841259 -1.41226039
v -0.19801203 0.49703745 -1.44121878
v -0.19801203 0.50165746 -1.40633905
v -0.19801203 0.2830326 -1.37738066
v -0.19801203 0.2830326 -1.37738066
v -0.19801203 0.50165746 -1.40633905
v 0.07435759 0.50165746 -1.40633905
v 0.07435759 0.2830326 -1.37738066
v 0.07435759 0.49703745 -1.44121878
v 0.07435759 0.27841259 -1.41226039
v -0.19801203 0.49703745 -1.44121878
v -0.19801203 0.27841259 -1.41226039
v -0.19801203 0.2830326 -1.37738066
v -0.19801203 0.27841259 -1.41226039
v -0.19801203 0.50165746 -1.40633905
v -0.19801203 0.49703745 -1.44121878
v -0.19801202 2.61768595 -0.39918993
v 0.07435759 2.61768595 -0.39918993
v 0.07435759 2.61998595 -0.36408076
v -0.19801202 2.61998595 -0.36408076
v -0.19801202 2.61998595 -0.36408076
v -0.19801202 2.80815389 -0.37640742
v -0.19801202 2.80585402 -0.41151665
v -0.19801202 2.61768595 -0.39918993
v 0.07435759 2.80815389 -0.37640742
v -0.19801202 2.80815389 -0.37640742
v -0.19801202 2.61998595 -0.36408076
v 0.07435759 2.80585402 -0.41151665
v -0.19801202 2.80585402 -0.41151665
v -0.19801202 2.80815389 -0.37640742
v -0.19801202 2.61768595 -0.39918993
v -0.19801202 2.80585402 -0.41151665
v -0.19801202 2.61604072 0.15482018
v 0.07435759 2.61604072 0.15482018
v 0.07435759 2.61604075 0.19000474
v -0.19801202 2.61604075 0.19000474
v -0.19801202 2.61604075 0.19000474
v -0.19801202 2.86541452 0.19000478
v -0.19801202 2.86541462 0.15482014
v -0.19801202 2.61604072 0.15482018
v 0.07435759 2.86541452 0.19000478
v -0.19801202 2.86541452 0.19000478
v -0.19801202 2.61604075 0.19000474
v 0.07435759 2.86541462 0.15482014
v -0.19801202 2.86541462 0.15482014
v -0.19801202 2.86541452 0.19000478
v -0.19801202 2.61604072 0.15482018
v -0.19801202 2.86541462 0.15482014
v -0.19801202 0.56566047 -0.34792083
v -0.19801202 0.76474695 -0.34792082
v -0.19801202 0.76474692 -0.31273628
v -0.19801202 0.56566044 -0.31273629
v -0.19801202 0.56566044 -0.31273629
v -0.19801202 0.76474692 -0.31273628
v 0.07435759 0.76474692 -0.31273628
v 0.07435759 0.56566044 -0.31273629
v 0.07435759 0.76474695 -0.34792082
v 0.07435759 0.56566047 -0.34792083
v -0.19801202 0.76474695 -0.34792082
v -0.19801202 0.56566047 -0.34792083
v -0.19801202 0.56566044 -0.31273629
v -0.19801202 0.56566047 -0.34792083
v -0.19801202 0.76474692 -0.31273628
v -0.19801202 0.76474695 -0.34792082
v -0.19801202 0.5656605 0.6150979
v -0.19801202 0.75533695 0.61509791
v -0.19801202 0.75533696 0.65028231
v -0.19801202 0.56566045 0.65028233
v -0.19801202 0.56566045 0.65028233
v -0.19801202 0.75533696 0.65028231
v 0.07435759 0.75533696 0.65028231
v 0.07435759 0.56566045 0.65028233
v 0.07435759 0.75533695 0.61509791
v 0.07435759 0.5656605 0.6150979
v -0.19801202 0.75533695 0.61509791
v -0.19801202 0.5656605 0.6150979
v -0.19801202 0.56566045 0.65028233
v -0.19801202 0.5656605 0.6150979
v -0.19801202 0.75533696 0.65028231
v -0.19801202 0.75533695 0.61509791
v -0.19801202 0.56566039 -0.05238035
v -0.19801202 0.72429664 -0.05238032
v -0.19801202 0.72429662 -0.01719584
v -0.19801202 0.56566042 -0.01719585
v -0.19801202 0.56566042 -0.01719585
v -0.19801202 0.72429662 -0.01719584
v 0.07435759 0.72429662 -0.01719584
v 0.07435759 0.56566042 -0.01719585
v 0.07435759 0.72429664 -0.05238032
v 0.07435759 0.56566039 -0.05238035
v -0.19801202 0.72429664 -0.05238032
v -0.19801202 0.56566039 -0.05238035
v -0.19801202 0.56566042 -0.01719585
v -0.19801202 0.56566039 -0.05238035
v -0.19801202 0.72429662 -0.01719584
v -0.19801202 0.72429664 -0.05238032
v -0.19801202 0.56968241 -0.57429049
v 0.07435759 0.56968241 -0.57429049
v 0.07435759 0.57298393 -0.60931978
v -0.19801202 0.57298393 -0.60931978
v -0.19801202 0.57298393 -0.60931978
v -0.19801202 0.78181291 -0.58963745
v -0.19801202 0.77851138 -0.55460816
v -0.19801202 0.56968241 -0.57429049
v 0.07435759 0.78181291 -0.58963745
v -0.19801202 0.78181291 -0.58963745
v -0.19801202 0.57298393 -0.60931978
v 0.07435759 0.77851138 -0.55460816
v -0.19801202 0.77851138 -0.55460816
v -0.19801202 0.78181291 -0.58963745
v -0.19801202 0.56968241 -0.57429049
v -0.19801202 0.77851138 -0.55460816
vn -1 0 0
vn 0 0 -1
vn 1 0 0
vn 0 0 1
vn 0 -1 -0
vn 0 1 0
vn 0 -0.15835 -0.98738
vn 0 0.15835 0.98738
vn 0 -0.04926 0.99879
vn 0 0.04926 -0.99879
vn 0 -0.15835 -0.98738
vn 0 0.15835 0.98738
vn 0 -0.15835 -0.98738
vn 0 0.15835 0.98738
vn 0 -0.15835 -0.98738
vn 0 0.15835 0.98738
vn 0 -0.04926 0.99879
vn 0 0.04926 -0.99879
vn 0 -0.15835 -0.98738
vn 0 0.15835 0.98738
vn 0 0.04926 -0.99879
vn 0 -0.15835 -0.98738
vn 0 0.15835 0.98738
vn 0 -0.04926 0.99879
vn 0 0.04926 -0.99879
vn 0 -0.15835 -0.98738
vn 0 0.15835 0.98738
vn 0 -0.04926 0.99879
vn 0 0.04926 -0.99879
vn 0 -0.11909 -0.99288
vn 0 0.11909 0.99288
vn 0 -0.06581 0.99783
vn 0 0.06581 -0.99783
vn 0 -0.11535 -0.99332
vn 0 0.11535 0.99332
vn 0 -0.06796 0.99769
vn 0 0.06796 -0.99769
vn 0 -0.15835 -0.98738
vn 0 0.15835 0.98738
vn 0 0.04926 -0.99879
vn 0 -0.04926 0.99879
vn 0 -0.13692 -0.99058
vn 0 0.13692 0.99058
vn 0 0.05714 -0.99837
vn 0 -0.05714 0.99837
vn 0 -0.13177 -0.99128
vn 0 0.13177 0.99128
vn 0 0.0594 -0.99823
vn 0 -0.0594 0.99823
vn 0 -0.15835 -0.98738
vn 0 0.15835 0.98738
vn 0 0.04926 -0.99879
vn 0 -0.04926 0.99879
vn 0 -0.19346 -0.98111
vn 0 0.19346 0.98111
vn 0 0.04008 -0.9992
vn 0 -0.04008 0.9992
vn 0 -0.20428 -0.97891
vn 0 0.20428 0.97891
vn 0 -0.03788 0.99928
vn 0 0.03788 -0.99928
vn 0 -0.2414 -0.97043
vn 0 0.2414 0.97043
vn 0 -0.03178 0.99949
vn 0 0.03178 -0.99949
vn 0 -0.20428 -0.97891
vn 0 0.20428 0.97891
vn 0 -0.03788 0.99928
vn 0 0.03788 -0.99928
vn 0 -0.20428 -0.97891
vn 0 0.20428 0.97891
vn 0 0.03788 -0.99928
vn 0 -0.20428 -0.97891
vn 0 0.20428 0.97891
vn 0 -0.03788 0.99928
vn 0 -0.15835 -0.98738
vn 0 0.15835 0.98738
vn 0 -0.04926 0.99879
vn 0 -0.12451 -0.99222
vn 0 0.12451 0.99222
vn 0 -0.06291 0.99802
vn 0 0.06291 -0.99802
vn 0 -0.12451 -0.99222
vn 0 0.12451 0.99222
vn 0 -0.06291 0.99802
vn 0 0.06291 -0.99802
vn 0 -0.12451 -0.99222
vn 0 0.12451 0.99222
vn 0 0.06291 -0.99802
vn 0 -0.12451 -0.99222
vn 0 0.12451 0.99222
vn 0 -0.06291 0.99802
vn 0 0.12451 0.99222
vn 0 -0.06291 0.99802
vn 0 -0.15835 -0.98738
vn 0 -0.04926 0.99879
vn 0 -0.15835 -0.98738
vn 0 -0.04926 0.99879
vn 0 0.04926 -0.99879
vn 0 -0.15835 -0.98738
vn 0 0.15835 0.98738
vn 0 0.04926 -0.99879
vn 0 0.15835 0.98738
vn 0 0.04926 -0.99879
vn 0 -0.04926 0.99879
vn 0 0.04926 -0.99879
vn 0 0.04926 -0.99879
vn 0 -0.15835 -0.98738
vn 0 -0.15835 -0.98738
vn 0 -0.15835 -0.98738
vn 0 0.15835 0.98738
vn 0 -0.04926 0.99879
vn 0 -0.3301 -0.94395
vn 0 0.3301 0.94395
vn 0 0.02261 -0.99974
vn 0 -0.02261 0.99974
vn 0 -0.13686 -0.99059
vn 0 0.13686 0.99059
vn 0 0.05716 -0.99836
vn 0 -0.05716 0.99836
vn 0 -0.1287 -0.99168
vn 0 0.1287 0.99168
vn 0 0.06084 -0.99815
vn 0 -0.06084 0.99815
vn 0 -0.12623 -0.992
vn 0 0.12623 0.992
vn 0 0.06204 -0.99807
vn 0 -0.06204 0.99807
vn 0 -0.12623 -0.992
vn 0 0.12623 0.992
vn 0 0.06204 -0.99807
vn 0 -0.06204 0.99807
vn 0 -0.12623 -0.992
vn 0 0.12623 0.992
vn 0 -0.06204 0.99807
vn 0 -0.14642 -0.98922
vn 0 0.14642 0.98922
vn 0 0.05337 -0.99858
vn 0 -0.05337 0.99858
vn 0 0.15835 0.98738
vn 0 0.04926 -0.99879
vn 0 -0.04926 0.99879
vn 0 -0.04926 0.99879
vn 0 0.15835 0.98738
vn 0 -0.22061 -0.97536
vn 0 0.22061 0.97536
vn 0 0.03495 -0.99939
vn 0 -0.03495 0.99939
vn 0 -0.04194 0.99912
vn 0 0.1852 0.9827
vn 0 0.04194 -0.99912
vn 0 -0.18521 -0.9827
vn 0 -0.04926 0.99879
vn 0 0.04926 -0.99879
vn 0 -0.15835 -0.98738
vn 0 0.15835 0.98738
vn 0 0.04926 -0.99879
vn 0 -0.04926 0.99879
vn 0 0.04926 -0.99879
vn 0 -0.04926 0.99879
vn 0 0.15835 0.98738
vn 0 0.04926 -0.99879
vn 0 -0.04926 0.99879
vn 0 0.06078 -0.99815
vn 0 0.12883 0.99167
vn 0 -0.06078 0.99815
vn 0 -0.12883 -0.99167
vt 0.09198 0.20756
vt 0.75715 0.20756
vt 0.75715 0.13389
vt 0.09198 0.13389
vt 0.69617 0.36942
vt 0.71709 0.36942
vt 0.71709 0.3485
vt 0.69617 0.3485
vt 0.71709 0.32758
vt 0.69617 0.32758
vt 0.71709 0.30666
vt 0.69617 0.30666
vt 0.67525 0.3485
vt 0.67525 0.32758
vt 0.73801 0.3485
vt 0.73801 0.32758
usemtl mat3
f 1587/206/172 1588/207/172 1589/208/172
f 1587/206/172 1589/208/172 1590/209/172
f 1591/210/173 1592/211/173 1593/212/173
f 1591/210/173 1593/212/173 1594/213/173
f 1594/213/174 1593/212/174 1595/214/174
f 1594/213/174 1595/214/174 1596/215/174
f 1596/215/175 1595/214/175 1597/216/175
f 1596/215/175 1597/216/175 1598/217/175
f 1599/218/176 1594/213/176 1596/215/176
f 1599/218/176 1596/215/176 1600/219/176
f 1593/212/177 1601/220/177 1602/221/177
f 1593/212/177 1602/221/177 1595/214/177
f 1603/206/172 1604/207/172 1605/208/172
f 1603/206/172 1605/208/172 1606/209/172
f 1607/210/178 1608/211/178 1609/212/178
f 1607/210/178 1609/212/178 1610/213/178
f 1610/213/174 1609/212/174 1611/214/174
f 1610/213/174 1611/214/174 1612/215/174
f 1612/215/179 1611/214/179 1613/216/179
f 1612/215/179 1613/216/179 1614/217/179
f 1615/218/180 1610/213/180 1612/215/180
f 1615/218/180 1612/215/180 1616/219/180
f 1609/212/181 1617/220/181 1618/221/181
f 1609/212/181 1618/221/181 1611/214/181
f 1619/206/172 1620/207/172 1621/208/172
f 1619/206/172 1621/208/172 1622/209/172
f 1623/210/182 1624/211/182 1625/212/182
f 1623/210/182 1625/212/182 1626/213/182
f 1626/213/174 1625/212/174 1627/214/174
f 1626/213/174 1627/214/174 1628/215/174
f 1628/215/183 1627/214/183 1629/216/183
f 1628/215/183 1629/216/183 1630/217/183
f 1631/218/180 1626/213/180 1628/215/180
f 1631/218/180 1628/215/180 1632/219/180
f 1625/212/181 1633/220/181 1634/221/181
f 1625/212/181 1634/221/181 1627/214/181
f 1635/206/172 1636/207/172 1637/208/172
f 1635/206/172 1637/208/172 1638/209/172
f 1639/210/184 1640/211/184 1641/212/184
f 1639/210/184 1641/212/184 1642/213/184
f 1642/213/174 1641/212/174 1643/214/174
f 1642/213/174 1643/214/174 1644/215/174
f 1644/215/185 1643/214/185 1645/216/185
f 1644/215/185 1645/216/185 1646/217/185
f 1647/218/180 1642/213/180 1644/215/180
f 1647/218/180 1644/215/180 1648/219/180
f 1641/212/181 1649/220/181 1650/221/181
f 1641/212/181 1650/221/181 1643/214/181
f 1651/206/172 1652/207/172 1653/208/172
f 1651/206/172 1653/208/172 1654/209/172
f 1655/210/186 1656/211/186 1657/212/186
f 1655/210/186 1657/212/186 1658/213/186
f 1658/213/174 1657/212/174 1659/214/174
f 1658/213/174 1659/214/174 1660/215/174
f 1660/215/187 1659/214/187 1661/216/187
f 1660/215/187 1661/216/187 1662/217/187
f 1663/218/188 1658/213/188 1660/215/188
f 1663/218/188 1660/215/188 1664/219/188
f 1657/212/189 1665/220/189 1666/221/189
f 1657/212/189 1666/221/189 1659/214/189
f 1667/206/172 1668/207/172 1669/208/172
f 1667/206/172 1669/208/172 1670/209/172
f 1671/210/190 1672/211/190 1673/212/190
f 1671/210/190 1673/212/190 1674/213/190
f 1674/213/174 1673/212/174 1675/214/174
f 1674/213/174 1675/214/174 1676/215/174
f 1676/215/191 1675/214/191 1677/216/191
f 1676/215/191 1677/216/191 1678/217/191
f 1679/218/188 1674/213/188 1676/215/188
f 1679/218/188 1676/215/188 1680/219/188
f 1673/212/192 1681/220/192 1682/221/192
f 1673/212/192 1682/221/192 1675/214/192
f 1683/206/172 1684/207/172 1685/208/172
f 1683/206/172 1685/208/172 1686/209/172
f 1687/210/193 1688/211/193 1689/212/193
f 1687/210/193 1689/212/193 1690/213/193
f 1690/213/174 1689/212/174 1691/214/174
f 1690/213/174 1691/214/174 1692/215/174
f 1692/215/194 1691/214/194 1693/216/194
f 1692/215/194 1693/216/194 1694/217/194
f 1695/218/195 1690/213/195 1692/215/195
f 1695/218/195 1692/215/195 1696/219/195
f 1689/212/196 1697/220/196 1698/221/196
f 1689/212/196 1698/221/196 1691/214/196
f 1699/206/172 1700/207/172 1701/208/172
f 1699/206/172 1701/208/172 1702/209/172
f 1703/210/197 1704/211/197 1705/212/197
f 1703/210/197 1705/212/197 1706/213/197
f 1706/213/174 1705/212/174 1707/214/174
f 1706/213/174 1707/214/174 1708/215/174
f 1708/215/198 1707/214/198 1709/216/198
f 1708/215/198 1709/216/198 1710/217/198
f 1711/218/199 1706/213/199 1708/215/199
f 1711/218/199 1708/215/199 1712/219/199
f 1705/212/200 1713/220/200 1714/221/200
f 1705/212/200 1714/221/200 1707/214/200
f 1715/206/172 1716/207/172 1717/208/172
f 1715/206/172 1717/208/172 1718/209/172
f 1719/210/201 1720/211/201 1721/212/201
f 1719/210/201 1721/212/201 1722/213/201
f 1722/213/174 1721/212/174 1723/214/174
f 1722/213/174 1723/214/174 1724/215/174
f 1724/215/202 1723/214/202 1725/216/202
f 1724/215/202 1725/216/202 1726/217/202
f 1727/218/203 1722/213/203 1724/215/203
f 1727/218/203 1724/215/203 1728/219/203
f 1721/212/204 1729/220/204 1730/221/204
f 1721/212/204 1730/221/204 1723/214/204
f 1731/206/172 1732/207/172 1733/208/172
f 1731/206/172 1733/208/172 1734/209/172
f 1735/210/205 1736/211/205 1737/212/205
f 1735/210/205 1737/212/205 1738/213/205
f 1738/213/174 1737/212/174 1739/214/174
f 1738/213/174 1739/214/174 1740/215/174
f 1740/215/206 1739/214/206 1741/216/206
f 1740/215/206 1741/216/206 1742/217/206
f 1743/218/207 1738/213/207 1740/215/207
f 1743/218/207 1740/215/207 1744/219/207
f 1737/212/208 1745/220/208 1746/221/208
f 1737/212/208 1746/221/208 1739/214/208
f 1747/206/174 1748/207/174 1749/208/174
f 1747/206/174 1749/208/174 1750/209/174
f 1751/210/209 1752/211/209 1753/212/209
f 1751/210/209 1753/212/209 1754/213/209
f 1754/213/172 1753/212/172 1755/214/172
f 1754/213/172 1755/214/172 1756/215/172
f 1756/215/210 1755/214/210 1757/216/210
f 1756/215/210 1757/216/210 1758/217/210
f 1759/218/211 1754/213/211 1756/215/211
f 1759/218/211 1756/215/211 1760/219/211
f 1753/212/212 1761/220/212 1762/221/212
f 1753/212/212 1762/221/212 1755/214/212
f 1763/206/174 1764/207/174 1765/208/174
f 1763/206/174 1765/208/174 1766/209/174
f 1767/210/213 1768/211/213 1769/212/213
f 1767/210/213 1769/212/213 1770/213/213
f 1770/213/172 1769/212/172 1771/214/172
f 1770/213/172 1771/214/172 1772/215/172
f 1772/215/214 1771/214/214 1773/216/214
f 1772/215/214 1773/216/214 1774/217/214
f 1775/218/215 1770/213/215 1772/215/215
f 1775/218/215 1772/215/215 1776/219/215
f 1769/212/216 1777/220/216 1778/221/216
f 1769/212/216 1778/221/216 1771/214/216
f 1779/206/174 1780/207/174 1781/208/174
f 1779/206/174 1781/208/174 1782/209/174
f 1783/210/217 1784/211/217 1785/212/217
f 1783/210/217 1785/212/217 1786/213/217
f 1786/213/172 1785/212/172 1787/214/172
f 1786/213/172 1787/214/172 1788/215/172
f 1788/215/218 1787/214/218 1789/216/218
f 1788/215/218 1789/216/218 1790/217/218
f 1791/218/219 1786/213/219 1788/215/219
f 1791/218/219 1788/215/219 1792/219/219
f 1785/212/220 1793/220/220 1794/221/220
f 1785/212/220 1794/221/220 1787/214/220
f 1795/206/174 1796/207/174 1797/208/174
f 1795/206/174 1797/208/174 1798/209/174
f 1799/210/221 1800/211/221 1801/212/221
f 1799/210/221 1801/212/221 1802/213/221
f 1802/213/172 1801/212/172 1803/214/172
f 1802/213/172 1803/214/172 1804/215/172
f 1804/215/222 1803/214/222 1805/216/222
f 1804/215/222 1805/216/222 1806/217/222
f 1807/218/223 1802/213/223 1804/215/223
f 1807/218/223 1804/215/223 1808/219/223
f 1801/212/224 1809/220/224 1810/221/224
f 1801/212/224 1810/221/224 1803/214/224
f 1811/206/174 1812/207/174 1813/208/174
f 1811/206/174 1813/208/174 1814/209/174
f 1815/210/225 1816/211/225 1817/212/225
f 1815/210/225 1817/212/225 1818/213/225
f 1818/213/172 1817/212/172 1819/214/172
f 1818/213/172 1819/214/172 1820/215/172
f 1820/215/226 1819/214/226 1821/216/226
f 1820/215/226 1821/216/226 1822/217/226
f 1823/218/227 1818/213/227 1820/215/227
f 1823/218/227 1820/215/227 1824/219/227
f 1817/212/228 1825/220/228 1826/221/228
f 1817/212/228 1826/221/228 1819/214/228
f 1827/212/223 1828/220/223 1829/221/223
f 1827/212/223 1829/221/223 1830/214/223
f 1831/206/172 1832/207/172 1833/208/172
f 1831/206/172 1833/208/172 1834/209/172
f 1835/210/229 1836/211/229 1837/212/229
f 1835/210/229 1837/212/229 1838/213/229
f 1838/213/174 1837/212/174 1839/214/174
f 1838/213/174 1839/214/174 1840/215/174
f 1840/215/230 1839/214/230 1841/216/230
f 1840/215/230 1841/216/230 1842/217/230
f 1843/218/231 1838/213/231 1840/215/231
f 1843/218/231 1840/215/231 1844/219/231
f 1837/212/232 1845/220/232 1846/221/232
f 1837/212/232 1846/221/232 1839/214/232
f 1847/206/172 1848/207/172 1849/208/172
f 1847/206/172 1849/208/172 1850/209/172
f 1851/210/233 1852/211/233 1853/212/233
f 1851/210/233 1853/212/233 1854/213/233
f 1854/213/174 1853/212/174 1855/214/174
f 1854/213/174 1855/214/174 1856/215/174
f 1856/215/234 1855/214/234 1857/216/234
f 1856/215/234 1857/216/234 1858/217/234
f 1859/218/235 1854/213/235 1856/215/235
f 1859/218/235 1856/215/235 1860/219/235
f 1853/212/236 1861/220/236 1862/221/236
f 1853/212/236 1862/221/236 1855/214/236
f 1863/206/172 1864/207/172 1865/208/172
f 1863/206/172 1865/208/172 1866/209/172
f 1867/210/237 1868/211/237 1869/212/237
f 1867/210/237 1869/212/237 1870/213/237
f 1870/213/174 1869/212/174 1871/214/174
f 1870/213/174 1871/214/174 1872/215/174
f 1872/215/238 1871/214/238 1873/216/238
f 1872/215/238 1873/216/238 1874/217/238
f 1875/218/239 1870/213/239 1872/215/239
f 1875/218/239 1872/215/239 1876/219/239
f 1869/212/240 1877/220/240 1878/221/240
f 1869/212/240 1878/221/240 1871/214/240
f 1879/206/172 1880/207/172 1881/208/172
f 1879/206/172 1881/208/172 1882/209/172
f 1883/210/241 1884/211/241 1885/212/241
f 1883/210/241 1885/212/241 1886/213/241
f 1886/213/174 1885/212/174 1887/214/174
f 1886/213/174 1887/214/174 1888/215/174
f 1888/215/242 1887/214/242 1889/216/242
f 1888/215/242 1889/216/242 1890/217/242
f 1891/218/231 1886/213/231 1888/215/231
f 1891/218/231 1888/215/231 1892/219/231
f 1885/212/243 1893/220/243 1894/221/243
f 1885/212/243 1894/221/243 1887/214/243
f 1895/206/172 1896/207/172 1897/208/172
f 1895/206/172 1897/208/172 1898/209/172
f 1899/210/244 1900/211/244 1901/212/244
f 1899/210/244 1901/212/244 1902/213/244
f 1902/213/174 1901/212/174 1903/214/174
f 1902/213/174 1903/214/174 1904/215/174
f 1904/215/245 1903/214/245 1905/216/245
f 1904/215/245 1905/216/245 1906/217/245
f 1907/218/246 1902/213/246 1904/215/246
f 1907/218/246 1904/215/246 1908/219/246
f 1901/212/232 1909/220/232 1910/221/232
f 1901/212/232 1910/221/232 1903/214/232
f 1911/206/172 1912/207/172 1913/208/172
f 1911/206/172 1913/208/172 1914/209/172
f 1915/210/247 1916/211/247 1917/212/247
f 1915/210/247 1917/212/247 1918/213/247
f 1918/213/174 1917/212/174 1919/214/174
f 1918/213/174 1919/214/174 1920/215/174
f 1920/215/248 1919/214/248 1921/216/248
f 1920/215/248 1921/216/248 1922/217/248
f 1923/218/249 1918/213/249 1920/215/249
f 1923/218/249 1920/215/249 1924/219/249
f 1917/212/192 1925/220/192 1926/221/192
f 1917/212/192 1926/221/192 1919/214/192
f 1927/206/172 1928/207/172 1929/208/172
f 1927/206/172 1929/208/172 1930/209/172
f 1931/210/250 1932/211/250 1933/212/250
f 1931/210/250 1933/212/250 1934/213/250
f 1934/213/174 1933/212/174 1935/214/174
f 1934/213/174 1935/214/174 1936/215/174
f 1936/215/251 1935/214/251 1937/216/251
f 1936/215/251 1937/216/251 1938/217/251
f 1939/218/252 1934/213/252 1936/215/252
f 1939/218/252 1936/215/252 1940/219/252
f 1933/212/253 1941/220/253 1942/221/253
f 1933/212/253 1942/221/253 1935/214/253
f 1943/206/172 1944/207/172 1945/208/172
f 1943/206/172 1945/208/172 1946/209/172
f 1947/210/254 1948/211/254 1949/212/254
f 1947/210/254 1949/212/254 1950/213/254
f 1950/213/174 1949/212/174 1951/214/174
f 1950/213/174 1951/214/174 1952/215/174
f 1952/215/255 1951/214/255 1953/216/255
f 1952/215/255 1953/216/255 1954/217/255
f 1955/218/256 1950/213/256 1952/215/256
f 1955/218/256 1952/215/256 1956/219/256
f 1949/212/257 1957/220/257 1958/221/257
f 1949/212/257 1958/221/257 1951/214/257
f 1959/206/172 1960/207/172 1961/208/172
f 1959/206/172 1961/208/172 1962/209/172
f 1963/210/258 1964/211/258 1965/212/258
f 1963/210/258 1965/212/258 1966/213/258
f 1966/213/174 1965/212/174 1967/214/174
f 1966/213/174 1967/214/174 1968/215/174
f 1968/215/259 1967/214/259 1969/216/259
f 1968/215/259 1969/216/259 1970/217/259
f 1971/218/252 1966/213/252 1968/215/252
f 1971/218/252 1968/215/252 1972/219/252
f 1965/212/260 1973/220/260 1974/221/260
f 1965/212/260 1974/221/260 1967/214/260
f 1975/206/172 1976/207/172 1977/208/172
f 1975/206/172 1977/208/172 1978/209/172
f 1979/210/261 1980/211/261 1981/212/261
f 1979/210/261 1981/212/261 1982/213/261
f 1982/213/174 1981/212/174 1983/214/174
f 1982/213/174 1983/214/174 1984/215/174
f 1984/215/262 1983/214/262 1985/216/262
f 1984/215/262 1985/216/262 1986/217/262
f 1987/218/263 1982/213/263 1984/215/263
f 1987/218/263 1984/215/263 1988/219/263
f 1981/212/260 1989/220/260 1990/221/260
f 1981/212/260 1990/221/260 1983/214/260
f 1991/206/172 1992/207/172 1993/208/172
f 1991/206/172 1993/208/172 1994/209/172
f 1995/210/261 1996/211/261 1997/212/261
f 1995/210/261 1997/212/261 1998/213/261
f 1998/213/174 1997/212/174 1999/214/174
f 1998/213/174 1999/214/174 2000/215/174
f 2000/215/264 1999/214/264 2001/216/264
f 2000/215/264 2001/216/264 2002/217/264
f 2003/218/265 1998/213/265 2000/215/265
f 2003/218/265 2000/215/265 2004/219/265
f 2005/212/223 2006/220/223 2007/221/223
f 2005/212/223 2007/221/223 2008/214/223
f 2009/206/172 2010/207/172 2011/208/172
f 2009/206/172 2011/208/172 2012/209/172
f 2013/210/266 2014/211/266 2015/212/266
f 2013/210/266 2015/212/266 2016/213/266
f 2016/213/174 2015/212/174 2017/214/174
f 2016/213/174 2017/214/174 2018/215/174
f 2018/215/222 2017/214/222 2019/216/222
f 2018/215/222 2019/216/222 2020/217/222
f 2021/218/267 2016/213/267 2018/215/267
f 2021/218/267 2018/215/267 2022/219/267
f 2015/212/181 2023/220/181 2024/221/181
f 2015/212/181 2024/221/181 2017/214/181
f 2025/206/172 2026/207/172 2027/208/172
f 2025/206/172 2027/208/172 2028/209/172
f 2029/210/268 2030/211/268 2031/212/268
f 2029/210/268 2031/212/268 2032/213/268
f 2032/213/174 2031/212/174 2033/214/174
f 2032/213/174 2033/214/174 2034/215/174
f 2034/215/187 2033/214/187 2035/216/187
f 2034/215/187 2035/216/187 2036/217/187
f 2037/218/269 2032/213/269 2034/215/269
f 2037/218/269 2034/215/269 2038/219/269
f 2031/212/270 2039/220/270 2040/221/270
f 2031/212/270 2040/221/270 2033/214/270
f 2041/206/172 2042/207/172 2043/208/172
f 2041/206/172 2043/208/172 2044/209/172
f 2045/210/271 2046/211/271 2047/212/271
f 2045/210/271 2047/212/271 2048/213/271
f 2048/213/174 2047/212/174 2049/214/174
f 2048/213/174 2049/214/174 2050/215/174
f 2050/215/272 2049/214/272 2051/216/272
f 2050/215/272 2051/216/272 2052/217/272
f 2053/218/249 2048/213/249 2050/215/249
f 2053/218/249 2050/215/249 2054/219/249
f 2047/212/273 2055/220/273 2056/221/273
f 2047/212/273 2056/221/273 2049/214/273
f 2057/206/172 2058/207/172 2059/208/172
f 2057/206/172 2059/208/172 2060/209/172
f 2061/210/186 2062/211/186 2063/212/186
f 2061/210/186 2063/212/186 2064/213/186
f 2064/213/174 2063/212/174 2065/214/174
f 2064/213/174 2065/214/174 2066/215/174
f 2066/215/274 2065/214/274 2067/216/274
f 2066/215/274 2067/216/274 2068/217/274
f 2069/218/249 2064/213/249 2066/215/249
f 2069/218/249 2066/215/249 2070/219/249
f 2063/212/275 2071/220/275 2072/221/275
f 2063/212/275 2072/221/275 2065/214/275
f 2073/206/172 2074/207/172 2075/208/172
f 2073/206/172 2075/208/172 2076/209/172
f 2077/210/182 2078/211/182 2079/212/182
f 2077/210/182 2079/212/182 2080/213/182
f 2080/213/174 2079/212/174 2081/214/174
f 2080/213/174 2081/214/174 2082/215/174
f 2082/215/183 2081/214/183 2083/216/183
f 2082/215/183 2083/216/183 2084/217/183
f 2085/218/276 2080/213/276 2082/215/276
f 2085/218/276 2082/215/276 2086/219/276
f 2079/212/277 2087/220/277 2088/221/277
f 2079/212/277 2088/221/277 2081/214/277
f 2089/206/172 2090/207/172 2091/208/172
f 2089/206/172 2091/208/172 2092/209/172
f 2093/210/190 2094/211/190 2095/212/190
f 2093/210/190 2095/212/190 2096/213/190
f 2096/213/174 2095/212/174 2097/214/174
f 2096/213/174 2097/214/174 2098/215/174
f 2098/215/191 2097/214/191 2099/216/191
f 2098/215/191 2099/216/191 2100/217/191
f 2101/218/269 2096/213/269 2098/215/269
f 2101/218/269 2098/215/269 2102/219/269
f 2095/212/278 2103/220/278 2104/221/278
f 2095/212/278 2104/221/278 2097/214/278
f 2105/206/172 2106/207/172 2107/208/172
f 2105/206/172 2107/208/172 2108/209/172
f 2109/210/279 2110/211/279 2111/212/279
f 2109/210/279 2111/212/279 2112/213/279
f 2112/213/174 2111/212/174 2113/214/174
f 2112/213/174 2113/214/174 2114/215/174
f 2114/215/187 2113/214/187 2115/216/187
f 2114/215/187 2115/216/187 2116/217/187
f 2117/218/269 2112/213/269 2114/215/269
f 2117/218/269 2114/215/269 2118/219/269
f 2111/212/278 2119/220/278 2120/221/278
f 2111/212/278 2120/221/278 2113/214/278
f 2121/206/172 2122/207/172 2123/208/172
f 2121/206/172 2123/208/172 2124/209/172
f 2125/210/280 2126/211/280 2127/212/280
f 2125/210/280 2127/212/280 2128/213/280
f 2128/213/174 2127/212/174 2129/214/174
f 2128/213/174 2129/214/174 2130/215/174
f 2130/215/248 2129/214/248 2131/216/248
f 2130/215/248 2131/216/248 2132/217/248
f 2133/218/249 2128/213/249 2130/215/249
f 2133/218/249 2130/215/249 2134/219/249
f 2127/212/273 2135/220/273 2136/221/273
f 2127/212/273 2136/221/273 2129/214/273
f 2137/206/172 2138/207/172 2139/208/172
f 2137/206/172 2139/208/172 2140/209/172
f 2141/210/281 2142/211/281 2143/212/281
f 2141/210/281 2143/212/281 2144/213/281
f 2144/213/174 2143/212/174 2145/214/174
f 2144/213/174 2145/214/174 2146/215/174
f 2146/215/282 2145/214/282 2147/216/282
f 2146/215/282 2147/216/282 2148/217/282
f 2149/218/199 2144/213/199 2146/215/199
f 2149/218/199 2146/215/199 2150/219/199
f 2143/212/223 2151/220/223 2152/221/223
f 2143/212/223 2152/221/223 2145/214/223
f 2153/206/172 2154/207/172 2155/208/172
f 2153/206/172 2155/208/172 2156/209/172
f 2157/210/279 2158/211/279 2159/212/279
f 2157/210/279 2159/212/279 2160/213/279
f 2160/213/174 2159/212/174 2161/214/174
f 2160/213/174 2161/214/174 2162/215/174
f 2162/215/198 2161/214/198 2163/216/198
f 2162/215/198 2163/216/198 2164/217/198
f 2165/218/283 2160/213/283 2162/215/283
f 2165/218/283 2162/215/283 2166/219/283
f 2159/212/223 2167/220/223 2168/221/223
f 2159/212/223 2168/221/223 2161/214/223
f 2169/206/174 2170/207/174 2171/208/174
f 2169/206/174 2171/208/174 2172/209/174
f 2173/210/284 2174/211/284 2175/212/284
f 2173/210/284 2175/212/284 2176/213/284
f 2176/213/172 2175/212/172 2177/214/172
f 2176/213/172 2177/214/172 2178/215/172
f 2178/215/285 2177/214/285 2179/216/285
f 2178/215/285 2179/216/285 2180/217/285
f 2181/218/286 2176/213/286 2178/215/286
f 2181/218/286 2178/215/286 2182/219/286
f 2175/212/287 2183/220/287 2184/221/287
f 2175/212/287 2184/221/287 2177/214/287
f 2185/206/174 2186/207/174 2187/208/174
f 2185/206/174 2187/208/174 2188/209/174
f 2189/210/288 2190/211/288 2191/212/288
f 2189/210/288 2191/212/288 2192/213/288
f 2192/213/172 2191/212/172 2193/214/172
f 2192/213/172 2193/214/172 2194/215/172
f 2194/215/289 2193/214/289 2195/216/289
f 2194/215/289 2195/216/289 2196/217/289
f 2197/218/290 2192/213/290 2194/215/290
f 2197/218/290 2194/215/290 2198/219/290
f 2191/212/291 2199/220/291 2200/221/291
f 2191/212/291 2200/221/291 2193/214/291
f 2201/206/174 2202/207/174 2203/208/174
f 2201/206/174 2203/208/174 2204/209/174
f 2205/210/292 2206/211/292 2207/212/292
f 2205/210/292 2207/212/292 2208/213/292
f 2208/213/172 2207/212/172 2209/214/172
f 2208/213/172 2209/214/172 2210/215/172
f 2210/215/293 2209/214/293 2211/216/293
f 2210/215/293 2211/216/293 2212/217/293
f 2213/218/294 2208/213/294 2210/215/294
f 2213/218/294 2210/215/294 2214/219/294
f 2207/212/295 2215/220/295 2216/221/295
f 2207/212/295 2216/221/295 2209/214/295
f 2217/206/174 2218/207/174 2219/208/174
f 2217/206/174 2219/208/174 2220/209/174
f 2221/210/296 2222/211/296 2223/212/296
f 2221/210/296 2223/212/296 2224/213/296
f 2224/213/172 2223/212/172 2225/214/172
f 2224/213/172 2225/214/172 2226/215/172
f 2226/215/297 2225/214/297 2227/216/297
f 2226/215/297 2227/216/297 2228/217/297
f 2229/218/298 2224/213/298 2226/215/298
f 2229/218/298 2226/215/298 2230/219/298
f 2223/212/299 2231/220/299 2232/221/299
f 2223/212/299 2232/221/299 2225/214/299
f 2233/206/174 2234/207/174 2235/208/174
f 2233/206/174 2235/208/174 2236/209/174
f 2237/210/300 2238/211/300 2239/212/300
f 2237/210/300 2239/212/300 2240/213/300
f 2240/213/172 2239/212/172 2241/214/172
f 2240/213/172 2241/214/172 2242/215/172
f 2242/215/301 2241/214/301 2243/216/301
f 2242/215/301 2243/216/301 2244/217/301
f 2245/218/302 2240/213/302 2242/215/302
f 2245/218/302 2242/215/302 2246/219/302
f 2239/212/303 2247/220/303 2248/221/303
f 2239/212/303 2248/221/303 2241/214/303
f 2249/206/174 2250/207/174 2251/208/174
f 2249/206/174 2251/208/174 2252/209/174
f 2253/210/304 2254/211/304 2255/212/304
f 2253/210/304 2255/212/304 2256/213/304
f 2256/213/172 2255/212/172 2257/214/172
f 2256/213/172 2257/214/172 2258/215/172
f 2258/215/305 2257/214/305 2259/216/305
f 2258/215/305 2259/216/305 2260/217/305
f 2261/218/298 2256/213/298 2258/215/298
f 2261/218/298 2258/215/298 2262/219/298
f 2255/212/306 2263/220/306 2264/221/306
f 2255/212/306 2264/221/306 2257/214/306
f 2265/206/174 2266/207/174 2267/208/174
f 2265/206/174 2267/208/174 2268/209/174
f 2269/210/307 2270/211/307 2271/212/307
f 2269/210/307 2271/212/307 2272/213/307
f 2272/213/172 2271/212/172 2273/214/172
f 2272/213/172 2273/214/172 2274/215/172
f 2274/215/308 2273/214/308 2275/216/308
f 2274/215/308 2275/216/308 2276/217/308
f 2277/218/309 2272/213/309 2274/215/309
f 2277/218/309 2274/215/309 2278/219/309
f 2271/212/310 2279/220/310 2280/221/310
f 2271/212/310 2280/221/310 2273/214/310
f 2281/206/174 2282/207/174 2283/208/174
f 2281/206/174 2283/208/174 2284/209/174
f 2285/210/268 2286/211/268 2287/212/268
f 2285/210/268 2287/212/268 2288/213/268
f 2288/213/172 2287/212/172 2289/214/172
f 2288/213/172 2289/214/172 2290/215/172
f 2290/215/311 2289/214/311 2291/216/311
f 2290/215/311 2291/216/311 2292/217/311
f 2293/218/312 2288/213/312 2290/215/312
f 2293/218/312 2290/215/312 2294/219/312
f 2287/212/313 2295/220/313 2296/221/313
f 2287/212/313 2296/221/313 2289/214/313
f 2297/206/174 2298/207/174 2299/208/174
f 2297/206/174 2299/208/174 2300/209/174
f 2301/210/182 2302/211/182 2303/212/182
f 2301/210/182 2303/212/182 2304/213/182
f 2304/213/172 2303/212/172 2305/214/172
f 2304/213/172 2305/214/172 2306/215/172
f 2306/215/210 2305/214/210 2307/216/210
f 2306/215/210 2307/216/210 2308/217/210
f 2309/218/181 2304/213/181 2306/215/181
f 2309/218/181 2306/215/181 2310/219/181
f 2303/212/314 2311/220/314 2312/221/314
f 2303/212/314 2312/221/314 2305/214/314
f 2313/206/174 2314/207/174 2315/208/174
f 2313/206/174 2315/208/174 2316/209/174
f 2317/210/190 2318/211/190 2319/212/190
f 2317/210/190 2319/212/190 2320/213/190
f 2320/213/172 2319/212/172 2321/214/172
f 2320/213/172 2321/214/172 2322/215/172
f 2322/215/315 2321/214/315 2323/216/315
f 2322/215/315 2323/216/315 2324/217/315
f 2325/218/275 2320/213/275 2322/215/275
f 2325/218/275 2322/215/275 2326/219/275
f 2319/212/212 2327/220/212 2328/221/212
f 2319/212/212 2328/221/212 2321/214/212
f 2329/206/174 2330/207/174 2331/208/174
f 2329/206/174 2331/208/174 2332/209/174
f 2333/210/316 2334/211/316 2335/212/316
f 2333/210/316 2335/212/316 2336/213/316
f 2336/213/172 2335/212/172 2337/214/172
f 2336/213/172 2337/214/172 2338/215/172
f 2338/215/317 2337/214/317 2339/216/317
f 2338/215/317 2339/216/317 2340/217/317
f 2341/218/318 2336/213/318 2338/215/318
f 2341/218/318 2338/215/318 2342/219/318
f 2335/212/319 2343/220/319 2344/221/319
f 2335/212/319 2344/221/319 2337/214/319
f 2345/218/320 2346/213/320 2347/215/320
f 2345/218/320 2347/215/320 2348/219/320
f 2349/206/172 2350/207/172 2351/208/172
f 2349/206/172 2351/208/172 2352/209/172
f 2347/215/321 2353/214/321 2354/216/321
f 2347/215/321 2354/216/321 2355/217/321
f 2346/213/174 2356/212/174 2353/214/174
f 2346/213/174 2353/214/174 2347/215/174
f 2356/212/322 2357/220/322 2358/221/322
f 2356/212/322 2358/221/322 2353/214/322
f 2359/210/323 2360/211/323 2356/212/323
f 2359/210/323 2356/212/323 2346/213/323
f 2361/218/324 2362/213/324 2363/215/324
f 2361/218/324 2363/215/324 2364/219/324
f 2365/206/172 2366/207/172 2367/208/172
f 2365/206/172 2367/208/172 2368/209/172
f 2363/215/272 2369/214/272 2370/216/272
f 2363/215/272 2370/216/272 2371/217/272
f 2362/213/174 2372/212/174 2369/214/174
f 2362/213/174 2369/214/174 2363/215/174
f 2372/212/325 2373/220/325 2374/221/325
f 2372/212/325 2374/221/325 2369/214/325
f 2375/210/326 2376/211/326 2372/212/326
f 2375/210/326 2372/212/326 2362/213/326
f 2377/206/174 2378/207/174 2379/208/174
f 2377/206/174 2379/208/174 2380/209/174
f 2381/210/186 2382/211/186 2383/212/186
f 2381/210/186 2383/212/186 2384/213/186
f 2384/213/172 2383/212/172 2385/214/172
f 2384/213/172 2385/214/172 2386/215/172
f 2386/215/327 2385/214/327 2387/216/327
f 2386/215/327 2387/216/327 2388/217/327
f 2389/218/328 2384/213/328 2386/215/328
f 2389/218/328 2386/215/328 2390/219/328
f 2383/212/329 2391/220/329 2392/221/329
f 2383/212/329 2392/221/329 2385/214/329
f 2393/206/174 2394/207/174 2395/208/174
f 2393/206/174 2395/208/174 2396/209/174
f 2397/210/182 2398/211/182 2399/212/182
f 2397/210/182 2399/212/182 2400/213/182
f 2400/213/172 2399/212/172 2401/214/172
f 2400/213/172 2401/214/172 2402/215/172
f 2402/215/210 2401/214/210 2403/216/210
f 2402/215/210 2403/216/210 2404/217/210
f 2405/218/330 2400/213/330 2402/215/330
f 2405/218/330 2402/215/330 2406/219/330
f 2399/212/331 2407/220/331 2408/221/331
f 2399/212/331 2408/221/331 2401/214/331
f 2409/206/174 2410/207/174 2411/208/174
f 2409/206/174 2411/208/174 2412/209/174
f 2413/210/247 2414/211/247 2415/212/247
f 2413/210/247 2415/212/247 2416/213/247
f 2416/213/172 2415/212/172 2417/214/172
f 2416/213/172 2417/214/172 2418/215/172
f 2418/215/332 2417/214/332 2419/216/332
f 2418/215/332 2419/216/332 2420/217/332
f 2421/218/333 2416/213/333 2418/215/333
f 2421/218/333 2418/215/333 2422/219/333
f 2415/212/334 2423/220/334 2424/221/334
f 2415/212/334 2424/221/334 2417/214/334
f 2425/218/335 2426/213/335 2427/215/335
f 2425/218/335 2427/215/335 2428/219/335
f 2429/206/174 2430/207/174 2431/208/174
f 2429/206/174 2431/208/174 2432/209/174
f 2427/215/336 2433/214/336 2434/216/336
f 2427/215/336 2434/216/336 2435/217/336
f 2426/213/172 2436/212/172 2433/214/172
f 2426/213/172 2433/214/172 2427/215/172
f 2436/212/337 2437/220/337 2438/221/337
f 2436/212/337 2438/221/337 2433/214/337
f 2439/210/338 2440/211/338 2436/212/338
f 2439/210/338 2436/212/338 2426/213/338
# Vertices: 854, normals: 167, texture coordinates: 16, faces: 638

o obj5
v -0.19801229 -0.01948394 0.1724776
v -0.19801229 -0.01948394 0.20766204
v -0.19801229 0.20790857 0.20766204
v -0.19801229 0.20790857 0.1724776
v -0.19801229 -0.01948394 0.20766204
v 0.07435733 -0.01948394 0.20766204
v 0.07435733 0.20790857 0.20766204
v -0.19801229 0.20790857 0.20766204
v 0.07435733 -0.01948394 0.20766204
v 0.07435733 -0.01948394 0.1724776
v 0.07435733 0.20790857 0.1724776
v 0.07435733 0.20790857 0.20766204
v 0.07435733 -0.01948394 0.1724776
v -0.19801229 -0.01948394 0.1724776
v -0.19801229 0.20790857 0.1724776
v 0.07435733 0.20790857 0.1724776
v 0.07435733 -0.01948394 0.1724776
v 0.07435733 -0.01948394 0.20766204
v 0.07435733 0.20790857 0.20766204
v 0.07435733 0.20790857 0.1724776
v -0.19801228 2.61604061 -0.69414474
v -0.19801228 2.61604061 -0.72932918
v -0.19801228 2.80503957 -0.72932918
v -0.19801228 2.80503957 -0.69414474
v -0.19801228 2.61604061 -0.72932918
v 0.07435732 2.61604061 -0.72932918
v 0.07435732 2.80503957 -0.72932918
v -0.19801228 2.80503957 -0.72932918
v 0.07435732 2.61604061 -0.72932918
v 0.07435732 2.61604061 -0.69414474
v 0.07435732 2.80503957 -0.69414474
v 0.07435732 2.80503957 -0.72932918
v 0.07435732 2.61604061 -0.69414474
v -0.19801228 2.61604061 -0.69414474
v -0.19801228 2.80503957 -0.69414474
v 0.07435732 2.80503957 -0.69414474
v 0.07435732 2.61604061 -0.69414474
v 0.07435732 2.61604061 -0.72932918
v 0.07435732 2.80503957 -0.72932918
v 0.07435732 2.80503957 -0.69414474
v -0.19801229 2.3178255 -0.70191815
v -0.19801229 2.3178255 -0.73710259
v -0.19801229 2.52432322 -0.73710259
v -0.19801229 2.52432322 -0.70191815
v -0.19801229 2.3178255 -0.73710259
v 0.07435732 2.3178255 -0.73710259
v 0.07435732 2.52432322 -0.73710259
v -0.19801229 2.52432322 -0.73710259
v 0.07435732 2.3178255 -0.73710259
v 0.07435732 2.3178255 -0.70191815
v 0.07435732 2.52432322 -0.70191815
v 0.07435732 2.52432322 -0.73710259
v 0.07435732 2.3178255 -0.70191815
v -0.19801229 2.3178255 -0.70191815
v -0.19801229 2.52432322 -0.70191815
v 0.07435732 2.52432322 -0.70191815
v 0.07435732 2.3178255 -0.70191815
v 0.07435732 2.3178255 -0.73710259
v 0.07435732 2.52432322 -0.73710259
v 0.07435732 2.52432322 -0.70191815
v -0.19801229 2.31782592 -1.43423237
v -0.19801229 2.31782592 -1.46941681
v -0.19801229 2.54718541 -1.46941681
v -0.19801229 2.54718541 -1.43423237
v -0.19801229 2.31782592 -1.46941681
v 0.07435732 2.31782592 -1.46941681
v 0.07435732 2.54718541 -1.46941681
v -0.19801229 2.54718541 -1.46941681
v 0.07435732 2.31782592 -1.46941681
v 0.07435732 2.31782592 -1.43423237
v 0.07435732 2.54718541 -1.43423237
v 0.07435732 2.54718541 -1.46941681
v 0.07435732 2.31782592 -1.43423237
v -0.19801229 2.31782592 -1.43423237
v -0.19801229 2.54718541 -1.43423237
v 0.07435732 2.54718541 -1.43423237
v 0.07435732 2.31782592 -1.43423237
v 0.07435732 2.31782592 -1.46941681
v 0.07435732 2.54718541 -1.46941681
v 0.07435732 2.54718541 -1.43423237
v -0.19801229 2.31884074 -0.39844991
v -0.19801229 2.31708839 -0.43359073
v -0.19801229 2.54086798 -0.44475023
v -0.19801229 2.54262034 -0.40960942
v -0.19801229 2.31708839 -0.43359073
v 0.07435732 2.31708839 -0.43359073
v 0.07435732 2.54086798 -0.44475023
v -0.19801229 2.54086798 -0.44475023
v 0.07435732 2.31708839 -0.43359073
v 0.07435732 2.31884074 -0.39844991
v 0.07435732 2.54262034 -0.40960942
v 0.07435732 2.54086798 -0.44475023
v 0.07435732 2.31884074 -0.39844991
v -0.19801229 2.31884074 -0.39844991
v -0.19801229 2.54262034 -0.40960942
v 0.07435732 2.54262034 -0.40960942
v 0.07435732 2.31884074 -0.39844991
v 0.07435732 2.31708839 -0.43359073
v 0.07435732 2.54086798 -0.44475023
v 0.07435732 2.54262034 -0.40960942
v -0.19801229 2.31782571 -0.32599599
v -0.19801229 2.31782571 -0.36118044
v -0.19801229 2.56669416 -0.36118044
v -0.19801229 2.56669416 -0.32599599
v -0.19801229 2.31782571 -0.36118044
v 0.07435732 2.31782571 -0.36118044
v 0.07435732 2.56669416 -0.36118044
v -0.19801229 2.56669416 -0.36118044
v 0.07435732 2.31782571 -0.36118044
v 0.07435732 2.31782571 -0.32599599
v 0.07435732 2.56669416 -0.32599599
v 0.07435732 2.56669416 -0.36118044
v 0.07435732 2.31782571 -0.32599599
v -0.19801229 2.31782571 -0.32599599
v -0.19801229 2.56669416 -0.32599599
v 0.07435732 2.56669416 -0.32599599
v 0.07435732 2.31782571 -0.32599599
v 0.07435732 2.31782571 -0.36118044
v 0.07435732 2.56669416 -0.36118044
v 0.07435732 2.56669416 -0.32599599
v -0.19801229 2.31782592 -0.18077893
v -0.19801229 2.31782592 -0.21596352
v -0.19801229 2.54197055 -0.21596352
v -0.19801229 2.54197055 -0.18077893
v -0.19801229 2.31782592 -0.21596352
v 0.07435732 2.31782592 -0.21596352
v 0.07435732 2.54197055 -0.21596352
v -0.19801229 2.54197055 -0.21596352
v 0.07435732 2.31782592 -0.21596352
v 0.07435732 2.31782592 -0.18077893
v 0.07435732 2.54197055 -0.18077893
v 0.07435732 2.54197055 -0.21596352
v 0.07435732 2.31782592 -0.18077893
v -0.19801229 2.31782592 -0.18077893
v -0.19801229 2.54197055 -0.18077893
v 0.07435732 2.54197055 -0.18077893
v 0.07435732 2.31782592 -0.18077893
v 0.07435732 2.31782592 -0.21596352
v 0.07435732 2.54197055 -0.21596352
v 0.07435732 2.54197055 -0.18077893
v -0.19801229 2.32187985 0.13371886
v -0.19801229 2.32617983 0.09879802
v -0.19801229 2.52358486 0.12310581
v -0.19801229 2.51928467 0.15802665
v -0.19801229 2.32617983 0.09879802
v 0.07435732 2.32617983 0.09879802
v 0.07435732 2.52358486 0.12310581
v -0.19801229 2.52358486 0.12310581
v 0.07435732 2.32617983 0.09879802
v 0.07435732 2.32187985 0.13371886
v 0.07435732 2.51928467 0.15802665
v 0.07435732 2.52358486 0.12310581
v 0.07435732 2.32187985 0.13371886
v -0.19801229 2.32187985 0.13371886
v -0.19801229 2.51928467 0.15802665
v 0.07435732 2.51928467 0.15802665
v 0.07435732 2.32187985 0.13371886
v 0.07435732 2.32617983 0.09879802
v 0.07435732 2.52358486 0.12310581
v 0.07435732 2.51928467 0.15802665
v -0.19801229 2.3178255 0.33522169
v -0.19801229 2.3178255 0.30003711
v -0.19801229 2.54564123 0.30003711
v -0.19801229 2.54564123 0.33522169
v -0.19801229 2.3178255 0.30003711
v 0.07435732 2.3178255 0.30003711
v 0.07435732 2.54564123 0.30003711
v -0.19801229 2.54564123 0.30003711
v 0.07435732 2.3178255 0.30003711
v 0.07435732 2.3178255 0.33522169
v 0.07435732 2.54564123 0.33522169
v 0.07435732 2.54564123 0.30003711
v 0.07435732 2.3178255 0.33522169
v -0.19801229 2.3178255 0.33522169
v -0.19801229 2.54564123 0.33522169
v 0.07435732 2.54564123 0.33522169
v 0.07435732 2.3178255 0.33522169
v 0.07435732 2.3178255 0.30003711
v 0.07435732 2.54564123 0.30003711
v 0.07435732 2.54564123 0.33522169
v -0.19801229 2.3178253 0.5893511
v -0.19801229 2.3178253 0.55416651
v -0.19801229 2.54379389 0.55416651
v -0.19801229 2.54379389 0.5893511
v -0.19801229 2.3178253 0.55416651
v 0.07435732 2.3178253 0.55416651
v 0.07435732 2.54379389 0.55416651
v -0.19801229 2.54379389 0.55416651
v 0.07435732 2.3178253 0.55416651
v 0.07435732 2.3178253 0.5893511
v 0.07435732 2.54379389 0.5893511
v 0.07435732 2.54379389 0.55416651
v 0.07435732 2.3178253 0.5893511
v -0.19801229 2.3178253 0.5893511
v -0.19801229 2.54379389 0.5893511
v 0.07435732 2.54379389 0.5893511
v 0.07435732 2.3178253 0.5893511
v 0.07435732 2.3178253 0.55416651
v 0.07435732 2.54379389 0.55416651
v 0.07435732 2.54379389 0.5893511
v -0.19801229 2.31782612 0.62565571
v -0.19801229 2.31782612 0.59047112
v -0.19801229 2.48046645 0.59047112
v -0.19801229 2.48046645 0.62565571
v -0.19801229 2.31782612 0.59047112
v 0.07435732 2.31782612 0.59047112
v 0.07435732 2.48046645 0.59047112
v -0.19801229 2.48046645 0.59047112
v 0.07435732 2.31782612 0.59047112
v 0.07435732 2.31782612 0.62565571
v 0.07435732 2.48046645 0.62565571
v 0.07435732 2.48046645 0.59047112
v 0.07435732 2.31782612 0.62565571
v -0.19801229 2.31782612 0.62565571
v -0.19801229 2.48046645 0.62565571
v 0.07435732 2.48046645 0.62565571
v 0.07435732 2.31782612 0.62565571
v 0.07435732 2.31782612 0.59047112
v 0.07435732 2.48046645 0.59047112
v 0.07435732 2.48046645 0.62565571
v -0.19801229 2.32213521 0.80849532
v -0.19801229 2.32503919 0.773431
v -0.19801229 2.53232223 0.79059736
v -0.19801229 2.52941826 0.82566168
v -0.19801229 2.32503919 0.773431
v 0.07435732 2.32503919 0.773431
v 0.07435732 2.53232223 0.79059736
v -0.19801229 2.53232223 0.79059736
v 0.07435732 2.32503919 0.773431
v 0.07435732 2.32213521 0.80849532
v 0.07435732 2.52941826 0.82566168
v 0.07435732 2.53232223 0.79059736
v 0.07435732 2.32213521 0.80849532
v -0.19801229 2.32213521 0.80849532
v -0.19801229 2.52941826 0.82566168
v 0.07435732 2.52941826 0.82566168
v 0.07435732 2.32213521 0.80849532
v 0.07435732 2.32503919 0.773431
v 0.07435732 2.53232223 0.79059736
v 0.07435732 2.52941826 0.82566168
v -0.19801229 2.02856216 0.16043379
v -0.19801229 2.02856216 0.19561823
v -0.19801229 2.21756112 0.19561823
v -0.19801229 2.21756112 0.16043379
v -0.19801229 2.02856216 0.19561823
v 0.07435732 2.02856216 0.19561823
v 0.07435732 2.21756112 0.19561823
v -0.19801229 2.21756112 0.19561823
v 0.07435732 2.02856216 0.19561823
v 0.07435732 2.02856216 0.16043379
v 0.07435732 2.21756112 0.16043379
v 0.07435732 2.21756112 0.19561823
v 0.07435732 2.02856216 0.16043379
v -0.19801229 2.02856216 0.16043379
v -0.19801229 2.21756112 0.16043379
v 0.07435732 2.21756112 0.16043379
v 0.07435732 2.02856216 0.16043379
v 0.07435732 2.02856216 0.19561823
v 0.07435732 2.21756112 0.19561823
v 0.07435732 2.21756112 0.16043379
v -0.19801255 2.02856216 0.89274816
v -0.19801255 2.02856216 0.9279326
v -0.19801255 2.24555333 0.9279326
v -0.19801255 2.24555333 0.89274816
v -0.19801255 2.02856216 0.9279326
v 0.07435706 2.02856216 0.9279326
v 0.07435706 2.24555333 0.9279326
v -0.19801255 2.24555333 0.9279326
v 0.07435706 2.02856216 0.9279326
v 0.07435706 2.02856216 0.89274816
v 0.07435706 2.24555333 0.89274816
v 0.07435706 2.24555333 0.9279326
v 0.07435706 2.02856216 0.89274816
v -0.19801255 2.02856216 0.89274816
v -0.19801255 2.24555333 0.89274816
v 0.07435706 2.24555333 0.89274816
v 0.07435706 2.02856216 0.89274816
v 0.07435706 2.02856216 0.9279326
v 0.07435706 2.24555333 0.9279326
v 0.07435706 2.24555333 0.89274816
v -0.19801229 2.02856237 0.60231309
v -0.19801229 2.02856237 0.63749753
v -0.19801229 2.21823884 0.63749753
v -0.19801229 2.21823884 0.60231309
v -0.19801229 2.02856237 0.63749753
v 0.07435732 2.02856237 0.63749753
v 0.07435732 2.21823884 0.63749753
v -0.19801229 2.21823884 0.63749753
v 0.07435732 2.02856237 0.63749753
v 0.07435732 2.02856237 0.60231309
v 0.07435732 2.21823884 0.60231309
v 0.07435732 2.21823884 0.63749753
v 0.07435732 2.02856237 0.60231309
v -0.19801229 2.02856237 0.60231309
v -0.19801229 2.21823884 0.60231309
v 0.07435732 2.21823884 0.60231309
v 0.07435732 2.02856237 0.60231309
v 0.07435732 2.02856237 0.63749753
v 0.07435732 2.21823884 0.63749753
v 0.07435732 2.21823884 0.60231309
v -0.19801229 2.02856257 0.3844876
v -0.19801229 2.02856257 0.41967204
v -0.19801229 2.20066373 0.41967204
v -0.19801229 2.20066373 0.3844876
v -0.19801229 2.02856257 0.41967204
v 0.07435732 2.02856257 0.41967204
v 0.07435732 2.20066373 0.41967204
v -0.19801229 2.20066373 0.41967204
v 0.07435732 2.02856257 0.41967204
v 0.07435732 2.02856257 0.3844876
v 0.07435732 2.20066373 0.3844876
v 0.07435732 2.20066373 0.41967204
v 0.07435732 2.02856257 0.3844876
v -0.19801229 2.02856257 0.3844876
v -0.19801229 2.20066373 0.3844876
v 0.07435732 2.20066373 0.3844876
v 0.07435732 2.02856257 0.3844876
v 0.07435732 2.02856257 0.41967204
v 0.07435732 2.20066373 0.41967204
v 0.07435732 2.20066373 0.3844876
v -0.19801229 2.02856237 -0.36070557
v -0.19801229 2.02856237 -0.32552098
v -0.19801229 2.22764877 -0.32552098
v -0.19801229 2.22764877 -0.36070557
v -0.19801229 2.02856237 -0.32552098
v 0.07435732 2.02856237 -0.32552098
v 0.07435732 2.22764877 -0.32552098
v -0.19801229 2.22764877 -0.32552098
v 0.07435732 2.02856237 -0.32552098
v 0.07435732 2.02856237 -0.36070557
v 0.07435732 2.22764877 -0.36070557
v 0.07435732 2.22764877 -0.32552098
v 0.07435732 2.02856237 -0.36070557
v -0.19801229 2.02856237 -0.36070557
v -0.19801229 2.22764877 -0.36070557
v 0.07435732 2.22764877 -0.36070557
v 0.07435732 2.02856237 -0.36070557
v 0.07435732 2.02856237 -0.32552098
v 0.07435732 2.22764877 -0.32552098
v 0.07435732 2.22764877 -0.36070557
v -0.19801229 2.02856237 -0.54222673
v -0.19801229 2.02856237 -0.50704215
v -0.19801229 2.23647761 -0.50704215
v -0.19801229 2.23647761 -0.54222673
v -0.19801229 2.02856237 -0.50704215
v 0.07435732 2.02856237 -0.50704215
v 0.07435732 2.23647761 -0.50704215
v -0.19801229 2.23647761 -0.50704215
v 0.07435732 2.02856237 -0.50704215
v 0.07435732 2.02856237 -0.54222673
v 0.07435732 2.23647761 -0.54222673
v 0.07435732 2.23647761 -0.50704215
v 0.07435732 2.02856237 -0.54222673
v -0.19801229 2.02856237 -0.54222673
v -0.19801229 2.23647761 -0.54222673
v 0.07435732 2.23647761 -0.54222673
v 0.07435732 2.02856237 -0.54222673
v 0.07435732 2.02856237 -0.50704215
v 0.07435732 2.23647761 -0.50704215
v 0.07435732 2.23647761 -0.54222673
v -0.19801229 2.02856195 -0.84040213
v -0.19801229 2.02856195 -0.80521754
v -0.19801229 2.25817516 -0.80521754
v -0.19801229 2.25817516 -0.84040213
v -0.19801229 2.02856195 -0.80521754
v 0.07435732 2.02856195 -0.80521754
v 0.07435732 2.25817516 -0.80521754
v -0.19801229 2.25817516 -0.80521754
v 0.07435732 2.02856195 -0.80521754
v 0.07435732 2.02856195 -0.84040213
v 0.07435732 2.25817516 -0.84040213
v 0.07435732 2.25817516 -0.80521754
v 0.07435732 2.02856195 -0.84040213
v -0.19801229 2.02856195 -0.84040213
v -0.19801229 2.25817516 -0.84040213
v 0.07435732 2.25817516 -0.84040213
v 0.07435732 2.02856195 -0.84040213
v 0.07435732 2.02856195 -0.80521754
v 0.07435732 2.25817516 -0.80521754
v 0.07435732 2.25817516 -0.84040213
v -0.19801229 2.02856216 -0.98561898
v -0.19801229 2.02856216 -0.95043439
v -0.19801229 2.21659016 -0.95043439
v -0.19801229 2.21659016 -0.98561898
v -0.19801229 2.02856216 -0.95043439
v 0.07435732 2.02856216 -0.95043439
v 0.07435732 2.21659016 -0.95043439
v -0.19801229 2.21659016 -0.95043439
v 0.07435732 2.02856216 -0.95043439
v 0.07435732 2.02856216 -0.98561898
v 0.07435732 2.21659016 -0.98561898
v 0.07435732 2.21659016 -0.95043439
v 0.07435732 2.02856216 -0.98561898
v -0.19801229 2.02856216 -0.98561898
v -0.19801229 2.21659016 -0.98561898
v 0.07435732 2.21659016 -0.98561898
v 0.07435732 2.02856216 -0.98561898
v 0.07435732 2.02856216 -0.95043439
v 0.07435732 2.21659016 -0.95043439
v 0.07435732 2.21659016 -0.98561898
v -0.19801229 2.02856278 -1.20344446
v -0.19801229 2.02856278 -1.16825987
v -0.19801229 2.1912031 -1.16825987
v -0.19801229 2.1912031 -1.20344446
v -0.19801229 2.02856278 -1.16825987
v 0.07435732 2.02856278 -1.16825987
v 0.07435732 2.1912031 -1.16825987
v -0.19801229 2.1912031 -1.16825987
v 0.07435732 2.02856278 -1.16825987
v 0.07435732 2.02856278 -1.20344446
v 0.07435732 2.1912031 -1.20344446
v 0.07435732 2.1912031 -1.16825987
v 0.07435732 2.02856278 -1.20344446
v -0.19801229 2.02856278 -1.20344446
v -0.19801229 2.1912031 -1.20344446
v 0.07435732 2.1912031 -1.20344446
v 0.07435732 2.02856278 -1.20344446
v 0.07435732 2.02856278 -1.16825987
v 0.07435732 2.1912031 -1.16825987
v 0.07435732 2.1912031 -1.20344446
v -0.19801229 2.02856216 -1.23974849
v -0.19801229 2.02856216 -1.2045639
v -0.19801229 2.27250257 -1.2045639
v -0.19801229 2.27250257 -1.23974849
v -0.19801229 2.02856216 -1.2045639
v 0.07435732 2.02856216 -1.2045639
v 0.07435732 2.27250257 -1.2045639
v -0.19801229 2.27250257 -1.2045639
v 0.07435732 2.02856216 -1.2045639
v 0.07435732 2.02856216 -1.23974849
v 0.07435732 2.27250257 -1.23974849
v 0.07435732 2.27250257 -1.2045639
v 0.07435732 2.02856216 -1.23974849
v -0.19801229 2.02856216 -1.23974849
v -0.19801229 2.27250257 -1.23974849
v 0.07435732 2.27250257 -1.23974849
v 0.07435732 2.02856216 -1.23974849
v 0.07435732 2.02856216 -1.2045639
v 0.07435732 2.27250257 -1.2045639
v 0.07435732 2.27250257 -1.23974849
v -0.19801229 2.02856216 -1.5175247
v -0.19801229 2.02856216 -1.48234026
v -0.19801229 2.25461312 -1.48234026
v -0.19801229 2.25461312 -1.5175247
v -0.19801229 2.02856216 -1.48234026
v 0.07435732 2.02856216 -1.48234026
v 0.07435732 2.25461312 -1.48234026
v -0.19801229 2.25461312 -1.48234026
v 0.07435732 2.02856216 -1.48234026
v 0.07435732 2.02856216 -1.5175247
v 0.07435732 2.25461312 -1.5175247
v 0.07435732 2.25461312 -1.48234026
v 0.07435732 2.02856216 -1.5175247
v -0.19801229 2.02856216 -1.5175247
v -0.19801229 2.25461312 -1.5175247
v 0.07435732 2.25461312 -1.5175247
v 0.07435732 2.02856216 -1.5175247
v 0.07435732 2.02856216 -1.48234026
v -0.19801229 1.74318513 -0.75381989
v -0.19801229 1.73955149 -0.78881624
v -0.19801229 1.96572806 -0.81229985
v -0.19801229 1.9693617 -0.7773035
v -0.19801229 1.73955149 -0.78881624
v 0.07435732 1.73955149 -0.78881624
v 0.07435732 1.96572806 -0.81229985
v -0.19801229 1.96572806 -0.81229985
v 0.07435732 1.73955149 -0.78881624
v 0.07435732 1.74318513 -0.75381989
v 0.07435732 1.9693617 -0.7773035
v 0.07435732 1.96572806 -0.81229985
v 0.07435732 1.74318513 -0.75381989
v -0.19801229 1.74318513 -0.75381989
v -0.19801229 1.9693617 -0.7773035
v 0.07435732 1.9693617 -0.7773035
v 0.07435732 1.74318513 -0.75381989
v 0.07435732 1.73955149 -0.78881624
v 0.07435732 1.96572806 -0.81229985
v 0.07435732 1.9693617 -0.7773035
v -0.19801229 1.73620994 -0.52506096
v -0.19801229 1.73255126 -0.56005468
v -0.19801229 1.89032759 -0.57655029
v -0.19801229 1.89398606 -0.54155657
v -0.19801229 1.73255126 -0.56005468
v 0.07435732 1.73255126 -0.56005468
v 0.07435732 1.89032759 -0.57655029
v -0.19801229 1.89032759 -0.57655029
v 0.07435732 1.73255126 -0.56005468
v 0.07435732 1.73620994 -0.52506096
v 0.07435732 1.89398606 -0.54155657
v 0.07435732 1.89032759 -0.57655029
v 0.07435732 1.73620994 -0.52506096
v -0.19801229 1.73620994 -0.52506096
v -0.19801229 1.89398606 -0.54155657
v 0.07435732 1.89398606 -0.54155657
v 0.07435732 1.73620994 -0.52506096
v 0.07435732 1.73255126 -0.56005468
v 0.07435732 1.89032759 -0.57655029
v 0.07435732 1.89398606 -0.54155657
v -0.19801229 1.7431902 -1.41342397
v -0.19801229 1.73955656 -1.44842024
v -0.19801229 1.96768963 -1.47210707
v -0.19801229 1.97132327 -1.4371108
v -0.19801229 1.73955656 -1.44842024
v 0.07435732 1.73955656 -1.44842024
v 0.07435732 1.96768963 -1.47210707
v -0.19801229 1.96768963 -1.47210707
v 0.07435732 1.73955656 -1.44842024
v 0.07435732 1.7431902 -1.41342397
v 0.07435732 1.97132327 -1.4371108
v 0.07435732 1.96768963 -1.47210707
v 0.07435732 1.7431902 -1.41342397
v -0.19801229 1.7431902 -1.41342397
v -0.19801229 1.97132327 -1.4371108
v 0.07435732 1.97132327 -1.4371108
v 0.07435732 1.7431902 -1.41342397
v 0.07435732 1.73955656 -1.44842024
v 0.07435732 1.96768963 -1.47210707
v 0.07435732 1.97132327 -1.4371108
v -0.19801229 1.74319868 -1.05022604
v -0.19801229 1.73956504 -1.08522231
v -0.19801229 1.97067348 -1.10921802
v -0.19801229 1.97430712 -1.07422175
v -0.19801229 1.73956504 -1.08522231
v 0.07435732 1.73956504 -1.08522231
v 0.07435732 1.97067348 -1.10921802
v -0.19801229 1.97067348 -1.10921802
v 0.07435732 1.73956504 -1.08522231
v 0.07435732 1.74319868 -1.05022604
v 0.07435732 1.97430712 -1.07422175
v 0.07435732 1.97067348 -1.10921802
v 0.07435732 1.74319868 -1.05022604
v -0.19801229 1.74319868 -1.05022604
v -0.19801229 1.97430712 -1.07422175
v 0.07435732 1.97430712 -1.07422175
v 0.07435732 1.74319868 -1.05022604
v 0.07435732 1.73956504 -1.08522231
v 0.07435732 1.97067348 -1.10921802
v 0.07435732 1.97430712 -1.07422175
v -0.19801229 1.74311549 -0.97921011
v -0.19801229 1.73948185 -1.01420638
v -0.19801229 1.93991636 -1.03501732
v -0.19801229 1.94354979 -1.00002098
v -0.19801229 1.73948185 -1.01420638
v 0.07435732 1.73948185 -1.01420638
v 0.07435732 1.93991636 -1.03501732
v -0.19801229 1.93991636 -1.03501732
v 0.07435732 1.73948185 -1.01420638
v 0.07435732 1.74311549 -0.97921011
v 0.07435732 1.94354979 -1.00002098
v 0.07435732 1.93991636 -1.03501732
v 0.07435732 1.74311549 -0.97921011
v -0.19801229 1.74311549 -0.97921011
v -0.19801229 1.94354979 -1.00002098
v 0.07435732 1.94354979 -1.00002098
v 0.07435732 1.74311549 -0.97921011
v 0.07435732 1.73948185 -1.01420638
v 0.07435732 1.93991636 -1.03501732
v 0.07435732 1.94354979 -1.00002098
v -0.19801229 1.74033196 -0.36225254
v -0.19801229 1.73803204 -0.39736173
v -0.19801229 1.92620004 -0.40968845
v -0.19801229 1.92850016 -0.37457926
v -0.19801229 1.73803204 -0.39736173
v 0.07435732 1.73803204 -0.39736173
v 0.07435732 1.92620004 -0.40968845
v -0.19801229 1.92620004 -0.40968845
v 0.07435732 1.73803204 -0.39736173
v 0.07435732 1.74033196 -0.36225254
v 0.07435732 1.92850016 -0.37457926
v 0.07435732 1.92620004 -0.40968845
v 0.07435732 1.74033196 -0.36225254
v -0.19801229 1.74033196 -0.36225254
v -0.19801229 1.92850016 -0.37457926
v 0.07435732 1.92850016 -0.37457926
v 0.07435732 1.74033196 -0.36225254
v 0.07435732 1.73803204 -0.39736173
v 0.07435732 1.92620004 -0.40968845
v 0.07435732 1.92850016 -0.37457926
v -0.19801229 1.73395048 -0.32599599
v -0.19801229 1.73395048 -0.36118044
v -0.19801229 1.98281894 -0.36118044
v -0.19801229 1.98281894 -0.32599599
v -0.19801229 1.73395048 -0.36118044
v 0.07435732 1.73395048 -0.36118044
v 0.07435732 1.98281894 -0.36118044
v -0.19801229 1.98281894 -0.36118044
v 0.07435732 1.73395048 -0.36118044
v 0.07435732 1.73395048 -0.32599599
v 0.07435732 1.98281894 -0.32599599
v 0.07435732 1.98281894 -0.36118044
v 0.07435732 1.73395048 -0.32599599
v -0.19801229 1.73395048 -0.32599599
v -0.19801229 1.98281894 -0.32599599
v 0.07435732 1.98281894 -0.32599599
v 0.07435732 1.73395048 -0.32599599
v 0.07435732 1.73395048 -0.36118044
v 0.07435732 1.98281894 -0.36118044
v 0.07435732 1.98281894 -0.32599599
v -0.19801229 1.73395048 -0.10817029
v -0.19801229 1.73395048 -0.14335488
v -0.19801229 1.96529287 -0.14335488
v -0.19801229 1.96529287 -0.10817029
v -0.19801229 1.73395048 -0.14335488
v 0.07435732 1.73395048 -0.14335488
v 0.07435732 1.96529287 -0.14335488
v -0.19801229 1.96529287 -0.14335488
v 0.07435732 1.73395048 -0.14335488
v 0.07435732 1.73395048 -0.10817029
v 0.07435732 1.96529287 -0.10817029
v 0.07435732 1.96529287 -0.14335488
v 0.07435732 1.73395048 -0.10817029
v -0.19801229 1.73395048 -0.10817029
v -0.19801229 1.96529287 -0.10817029
v 0.07435732 1.96529287 -0.10817029
v 0.07435732 1.73395048 -0.10817029
v 0.07435732 1.73395048 -0.14335488
v 0.07435732 1.96529287 -0.14335488
v 0.07435732 1.96529287 -0.10817029
v -0.19801229 1.73395048 -0.00703972
v -0.19801229 1.73395048 -0.04222431
v -0.19801229 1.96176414 -0.04222431
v -0.19801229 1.96176414 -0.00703972
v -0.19801229 1.73395048 -0.04222431
v 0.07435732 1.73395048 -0.04222431
v 0.07435732 1.96176414 -0.04222431
v -0.19801229 1.96176414 -0.04222431
v 0.07435732 1.73395048 -0.04222431
v 0.07435732 1.73395048 -0.00703972
v 0.07435732 1.96176414 -0.00703972
v 0.07435732 1.96176414 -0.04222431
v 0.07435732 1.73395048 -0.00703972
v -0.19801229 1.73395048 -0.00703972
v -0.19801229 1.96176414 -0.00703972
v 0.07435732 1.96176414 -0.00703972
v 0.07435732 1.73395048 -0.00703972
v 0.07435732 1.73395048 -0.04222431
v 0.07435732 1.96176414 -0.04222431
v 0.07435732 1.96176414 -0.00703972
v -0.19801229 1.73800462 0.13371886
v -0.19801229 1.74230471 0.09879802
v -0.19801229 1.93970963 0.12310581
v -0.19801229 1.93540944 0.15802665
v -0.19801229 1.74230471 0.09879802
v 0.07435732 1.74230471 0.09879802
v 0.07435732 1.93970963 0.12310581
v -0.19801229 1.93970963 0.12310581
v 0.07435732 1.74230471 0.09879802
v 0.07435732 1.73800462 0.13371886
v 0.07435732 1.93540944 0.15802665
v 0.07435732 1.93970963 0.12310581
v 0.07435732 1.73800462 0.13371886
v -0.19801229 1.73800462 0.13371886
v -0.19801229 1.93540944 0.15802665
v 0.07435732 1.93540944 0.15802665
v 0.07435732 1.73800462 0.13371886
v 0.07435732 1.74230471 0.09879802
v 0.07435732 1.93970963 0.12310581
v 0.07435732 1.93540944 0.15802665
v -0.19801229 1.73802832 0.3172558
v -0.19801229 1.74189931 0.2822848
v -0.19801229 1.96833197 0.30734897
v -0.19801229 1.96446097 0.34231998
v -0.19801229 1.74189931 0.2822848
v 0.07435732 1.74189931 0.2822848
v 0.07435732 1.96833197 0.30734897
v -0.19801229 1.96833197 0.30734897
v 0.07435732 1.74189931 0.2822848
v 0.07435732 1.73802832 0.3172558
v 0.07435732 1.96446097 0.34231998
v 0.07435732 1.96833197 0.30734897
v 0.07435732 1.73802832 0.3172558
v -0.19801229 1.73802832 0.3172558
v -0.19801229 1.96446097 0.34231998
v 0.07435732 1.96446097 0.34231998
v 0.07435732 1.73802832 0.3172558
v 0.07435732 1.74189931 0.2822848
v 0.07435732 1.96833197 0.30734897
v 0.07435732 1.96446097 0.34231998
v -0.19801229 1.7380337 0.42607158
v -0.19801229 1.74190469 0.39110058
v -0.19801229 1.97008743 0.41635846
v -0.19801229 1.96621643 0.45132946
v -0.19801229 1.74190469 0.39110058
v 0.07435732 1.74190469 0.39110058
v 0.07435732 1.97008743 0.41635846
v -0.19801229 1.97008743 0.41635846
v 0.07435732 1.74190469 0.39110058
v 0.07435732 1.7380337 0.42607158
v 0.07435732 1.96621643 0.45132946
v 0.07435732 1.97008743 0.41635846
v 0.07435732 1.7380337 0.42607158
v -0.19801229 1.7380337 0.42607158
v -0.19801229 1.96621643 0.45132946
v 0.07435732 1.96621643 0.45132946
v 0.07435732 1.7380337 0.42607158
v 0.07435732 1.74190469 0.39110058
v 0.07435732 1.97008743 0.41635846
v 0.07435732 1.96621643 0.45132946
v -0.19801229 1.73803359 0.68019901
v -0.19801229 1.74190459 0.645228
v -0.19801229 1.97012882 0.6704905
v -0.19801229 1.96625782 0.7054615
v -0.19801229 1.74190459 0.645228
v 0.07435732 1.74190459 0.645228
v 0.07435732 1.97012882 0.6704905
v -0.19801229 1.97012882 0.6704905
v 0.07435732 1.74190459 0.645228
v 0.07435732 1.73803359 0.68019901
v 0.07435732 1.96625782 0.7054615
v 0.07435732 1.97012882 0.6704905
v 0.07435732 1.73803359 0.68019901
v -0.19801229 1.73803359 0.68019901
v -0.19801229 1.96625782 0.7054615
v 0.07435732 1.96625782 0.7054615
v 0.07435732 1.73803359 0.68019901
v 0.07435732 1.74190459 0.645228
v 0.07435732 1.97012882 0.6704905
v 0.07435732 1.96625782 0.7054615
v -0.19801229 1.74153055 0.86293792
v -0.19801229 1.75049059 0.82891341
v -0.19801229 1.93415994 0.8772811
v -0.19801229 1.9251999 0.9113056
v -0.19801229 1.75049059 0.82891341
v 0.07435732 1.75049059 0.82891341
v 0.07435732 1.93415994 0.8772811
v -0.19801229 1.93415994 0.8772811
v 0.07435732 1.75049059 0.82891341
v 0.07435732 1.74153055 0.86293792
v 0.07435732 1.9251999 0.9113056
v 0.07435732 1.93415994 0.8772811
v 0.07435732 1.74153055 0.86293792
v -0.19801229 1.74153055 0.86293792
v -0.19801229 1.9251999 0.9113056
v 0.07435732 1.9251999 0.9113056
v 0.07435732 1.74153055 0.86293792
v 0.07435732 1.75049059 0.82891341
v 0.07435732 1.93415994 0.8772811
v 0.07435732 1.9251999 0.9113056
v -0.19801229 1.44451341 -0.68200205
v -0.19801229 1.44451341 -0.71718649
v -0.19801229 1.64762333 -0.71718649
v -0.19801229 1.64762333 -0.68200205
v -0.19801229 1.44451341 -0.71718649
v 0.07435732 1.44451341 -0.71718649
v 0.07435732 1.64762333 -0.71718649
v -0.19801229 1.64762333 -0.71718649
v 0.07435732 1.44451341 -0.71718649
v 0.07435732 1.44451341 -0.68200205
v 0.07435732 1.64762333 -0.68200205
v 0.07435732 1.64762333 -0.71718649
v 0.07435732 1.44451341 -0.68200205
v -0.19801229 1.44451341 -0.68200205
v -0.19801229 1.64762333 -0.68200205
v 0.07435732 1.64762333 -0.68200205
v 0.07435732 1.44451341 -0.68200205
v 0.07435732 1.44451341 -0.71718649
v 0.07435732 1.64762333 -0.71718649
v 0.07435732 1.64762333 -0.68200205
v -0.19801229 1.4445131 -1.3054036
v -0.19801229 1.4445131 -1.34058804
v -0.19801229 1.6738726 -1.34058804
v -0.19801229 1.6738726 -1.3054036
v -0.19801229 1.4445131 -1.34058804
v 0.07435732 1.4445131 -1.34058804
v 0.07435732 1.6738726 -1.34058804
v -0.19801229 1.6738726 -1.34058804
v 0.07435732 1.4445131 -1.34058804
v 0.07435732 1.4445131 -1.3054036
v 0.07435732 1.6738726 -1.3054036
v 0.07435732 1.6738726 -1.34058804
v 0.07435732 1.4445131 -1.3054036
v -0.19801229 1.4445131 -1.3054036
v -0.19801229 1.6738726 -1.3054036
v 0.07435732 1.6738726 -1.3054036
v 0.07435732 1.4445131 -1.3054036
v 0.07435732 1.4445131 -1.34058804
v 0.07435732 1.6738726 -1.34058804
v 0.07435732 1.6738726 -1.3054036
v -0.19801229 1.4393388 -1.12235989
v -0.19801229 1.4393388 -1.15754448
v -0.19801229 1.66531609 -1.15754448
v -0.19801229 1.66531609 -1.12235989
v -0.19801229 1.4393388 -1.15754448
v 0.07435732 1.4393388 -1.15754448
v 0.07435732 1.66531609 -1.15754448
v -0.19801229 1.66531609 -1.15754448
v 0.07435732 1.4393388 -1.15754448
v 0.07435732 1.4393388 -1.12235989
v 0.07435732 1.66531609 -1.12235989
v 0.07435732 1.66531609 -1.15754448
v 0.07435732 1.4393388 -1.12235989
v -0.19801229 1.4393388 -1.12235989
v -0.19801229 1.66531609 -1.12235989
v 0.07435732 1.66531609 -1.12235989
v 0.07435732 1.4393388 -1.12235989
v 0.07435732 1.4393388 -1.15754448
v 0.07435732 1.66531609 -1.15754448
v 0.07435732 1.66531609 -1.12235989
v -0.19801229 1.44451352 -0.97866435
v -0.19801229 1.44451352 -1.01384879
v -0.19801229 1.65124052 -1.01384879
v -0.19801229 1.65124052 -0.97866435
v -0.19801229 1.44451352 -1.01384879
v 0.07435732 1.44451352 -1.01384879
v 0.07435732 1.65124052 -1.01384879
v -0.19801229 1.65124052 -1.01384879
v 0.07435732 1.44451352 -1.01384879
v 0.07435732 1.44451352 -0.97866435
v 0.07435732 1.65124052 -0.97866435
v 0.07435732 1.65124052 -1.01384879
v 0.07435732 1.44451352 -0.97866435
v -0.19801229 1.44451352 -0.97866435
v -0.19801229 1.65124052 -0.97866435
v 0.07435732 1.65124052 -0.97866435
v 0.07435732 1.44451352 -0.97866435
v 0.07435732 1.44451352 -1.01384879
v 0.07435732 1.65124052 -1.01384879
v 0.07435732 1.65124052 -0.97866435
v -0.19801229 1.44552845 -0.26962114
v -0.19801229 1.44377599 -0.30476195
v -0.19801229 1.66755548 -0.31592146
v -0.19801229 1.66930794 -0.28078065
v -0.19801229 1.44377599 -0.30476195
v 0.07435732 1.44377599 -0.30476195
v 0.07435732 1.66755548 -0.31592146
v -0.19801229 1.66755548 -0.31592146
v 0.07435732 1.44377599 -0.30476195
v 0.07435732 1.44552845 -0.26962114
v 0.07435732 1.66930794 -0.28078065
v 0.07435732 1.66755548 -0.31592146
v 0.07435732 1.44552845 -0.26962114
v -0.19801229 1.44552845 -0.26962114
v -0.19801229 1.66930794 -0.28078065
v 0.07435732 1.66930794 -0.28078065
v 0.07435732 1.44552845 -0.26962114
v 0.07435732 1.44377599 -0.30476195
v 0.07435732 1.66755548 -0.31592146
v 0.07435732 1.66930794 -0.28078065
v -0.19801229 1.43933901 -0.0890175
v -0.19801229 1.43933901 -0.12420209
v -0.19801229 1.63842541 -0.12420209
v -0.19801229 1.63842541 -0.0890175
v -0.19801229 1.43933901 -0.12420209
v 0.07435732 1.43933901 -0.12420209
v 0.07435732 1.63842541 -0.12420209
v -0.19801229 1.63842541 -0.12420209
v 0.07435732 1.43933901 -0.12420209
v 0.07435732 1.43933901 -0.0890175
v 0.07435732 1.63842541 -0.0890175
v 0.07435732 1.63842541 -0.12420209
v 0.07435732 1.43933901 -0.0890175
v -0.19801229 1.43933901 -0.0890175
v -0.19801229 1.63842541 -0.0890175
v 0.07435732 1.63842541 -0.0890175
v 0.07435732 1.43933901 -0.0890175
v 0.07435732 1.43933901 -0.12420209
v 0.07435732 1.63842541 -0.12420209
v 0.07435732 1.63842541 -0.0890175
v -0.19801229 1.44351855 0.33771061
v -0.19801229 1.47071395 0.31538644
v -0.19801229 1.58194899 0.45089325
v -0.19801229 1.5547536 0.47321741
v -0.19801229 1.47071395 0.31538644
v 0.07435732 1.47071395 0.31538644
v 0.07435732 1.58194899 0.45089325
v -0.19801229 1.58194899 0.45089325
v 0.07435732 1.47071395 0.31538644
v 0.07435732 1.44351855 0.33771061
v 0.07435732 1.5547536 0.47321741
v 0.07435732 1.58194899 0.45089325
v 0.07435732 1.44351855 0.33771061
v -0.19801229 1.44351855 0.33771061
v -0.19801229 1.5547536 0.47321741
v 0.07435732 1.5547536 0.47321741
v 0.07435732 1.44351855 0.33771061
v 0.07435732 1.47071395 0.31538644
v 0.07435732 1.58194899 0.45089325
v 0.07435732 1.5547536 0.47321741
v -0.19801229 1.44493546 0.47231023
v -0.19801229 1.47829867 0.46113636
v -0.19801229 1.54549981 0.66178669
v -0.19801229 1.5121367 0.67296056
v -0.19801229 1.47829867 0.46113636
v 0.07435732 1.47829867 0.46113636
v 0.07435732 1.54549981 0.66178669
v -0.19801229 1.54549981 0.66178669
v 0.07435732 1.47829867 0.46113636
v 0.07435732 1.44493546 0.47231023
v 0.07435732 1.5121367 0.67296056
v 0.07435732 1.54549981 0.66178669
v 0.07435732 1.44493546 0.47231023
v -0.19801229 1.44493546 0.47231023
v -0.19801229 1.5121367 0.67296056
v 0.07435732 1.5121367 0.67296056
v 0.07435732 1.44493546 0.47231023
v 0.07435732 1.47829867 0.46113636
v 0.07435732 1.54549981 0.66178669
v 0.07435732 1.5121367 0.67296056
v -0.19801229 0.85011544 -0.70191815
v -0.19801229 0.85011544 -0.73710259
v -0.19801229 1.05661316 -0.73710259
v -0.19801229 1.05661316 -0.70191815
v -0.19801229 0.85011544 -0.73710259
v 0.07435732 0.85011544 -0.73710259
v 0.07435732 1.05661316 -0.73710259
v -0.19801229 1.05661316 -0.73710259
v 0.07435732 0.85011544 -0.73710259
v 0.07435732 0.85011544 -0.70191815
v 0.07435732 1.05661316 -0.70191815
v 0.07435732 1.05661316 -0.73710259
v 0.07435732 0.85011544 -0.70191815
v -0.19801229 0.85011544 -0.70191815
v -0.19801229 1.05661316 -0.70191815
v 0.07435732 1.05661316 -0.70191815
v 0.07435732 0.85011544 -0.70191815
v 0.07435732 0.85011544 -0.73710259
v 0.07435732 1.05661316 -0.73710259
v 0.07435732 1.05661316 -0.70191815
v -0.19801229 0.85907512 -0.56123396
v -0.19801229 0.85355663 -0.59598287
v -0.19801229 1.02436949 -0.62310976
v -0.19801229 1.02988803 -0.58836084
v -0.19801229 0.85355663 -0.59598287
v 0.07435732 0.85355663 -0.59598287
v 0.07435732 1.02436949 -0.62310976
v -0.19801229 1.02436949 -0.62310976
v 0.07435732 0.85355663 -0.59598287
v 0.07435732 0.85907512 -0.56123396
v 0.07435732 1.02988803 -0.58836084
v 0.07435732 1.02436949 -0.62310976
v 0.07435732 0.85907512 -0.56123396
v -0.19801229 0.85907512 -0.56123396
v -0.19801229 1.02988803 -0.58836084
v 0.07435732 1.02988803 -0.58836084
v 0.07435732 0.85907512 -0.56123396
v 0.07435732 0.85355663 -0.59598287
v 0.07435732 1.02436949 -0.62310976
v 0.07435732 1.02988803 -0.58836084
v -0.19801229 0.85011565 -1.36162358
v -0.19801229 0.85011565 -1.39680802
v -0.19801229 1.06145201 -1.39680802
v -0.19801229 1.06145201 -1.36162358
v -0.19801229 0.85011565 -1.39680802
v 0.07435732 0.85011565 -1.39680802
v 0.07435732 1.06145201 -1.39680802
v -0.19801229 1.06145201 -1.39680802
v 0.07435732 0.85011565 -1.39680802
v 0.07435732 0.85011565 -1.36162358
v 0.07435732 1.06145201 -1.36162358
v 0.07435732 1.06145201 -1.39680802
v 0.07435732 0.85011565 -1.36162358
v -0.19801229 0.85011565 -1.36162358
v -0.19801229 1.06145201 -1.36162358
v 0.07435732 1.06145201 -1.36162358
v 0.07435732 0.85011565 -1.36162358
v 0.07435732 0.85011565 -1.39680802
v 0.07435732 1.06145201 -1.39680802
v 0.07435732 1.06145201 -1.36162358
v -0.19801229 0.85011555 -0.99858052
v -0.19801229 0.85011555 -1.03376497
v -0.19801229 1.05162748 -1.03376497
v -0.19801229 1.05162748 -0.99858052
v -0.19801229 0.85011555 -1.03376497
v 0.07435732 0.85011555 -1.03376497
v 0.07435732 1.05162748 -1.03376497
v -0.19801229 1.05162748 -1.03376497
v 0.07435732 0.85011555 -1.03376497
v 0.07435732 0.85011555 -0.99858052
v 0.07435732 1.05162748 -0.99858052
v 0.07435732 1.05162748 -1.03376497
v 0.07435732 0.85011555 -0.99858052
v -0.19801229 0.85011555 -0.99858052
v -0.19801229 1.05162748 -0.99858052
v 0.07435732 1.05162748 -0.99858052
v 0.07435732 0.85011555 -0.99858052
v 0.07435732 0.85011555 -1.03376497
v 0.07435732 1.05162748 -1.03376497
v 0.07435732 1.05162748 -0.99858052
v -0.19801229 0.85011544 -0.92597203
v -0.19801229 0.85011544 -0.96115647
v -0.19801229 1.0705476 -0.96115647
v -0.19801229 1.0705476 -0.92597203
v -0.19801229 0.85011544 -0.96115647
v 0.07435732 0.85011544 -0.96115647
v 0.07435732 1.0705476 -0.96115647
v -0.19801229 1.0705476 -0.96115647
v 0.07435732 0.85011544 -0.96115647
v 0.07435732 0.85011544 -0.92597203
v 0.07435732 1.0705476 -0.92597203
v 0.07435732 1.0705476 -0.96115647
v 0.07435732 0.85011544 -0.92597203
v -0.19801229 0.85011544 -0.92597203
v -0.19801229 1.0705476 -0.92597203
v 0.07435732 1.0705476 -0.92597203
v 0.07435732 0.85011544 -0.92597203
v 0.07435732 0.85011544 -0.96115647
v 0.07435732 1.0705476 -0.96115647
v 0.07435732 1.0705476 -0.92597203
v -0.19801229 0.85406068 -0.36408091
v -0.19801229 0.85176071 -0.39919009
v -0.19801229 1.03992881 -0.41151681
v -0.19801229 1.04222873 -0.37640763
v -0.19801229 0.85176071 -0.39919009
v 0.07435732 0.85176071 -0.39919009
v 0.07435732 1.03992881 -0.41151681
v -0.19801229 1.03992881 -0.41151681
v 0.07435732 0.85176071 -0.39919009
v 0.07435732 0.85406068 -0.36408091
v 0.07435732 1.04222873 -0.37640763
v 0.07435732 1.03992881 -0.41151681
v 0.07435732 0.85406068 -0.36408091
v -0.19801229 0.85406068 -0.36408091
v -0.19801229 1.04222873 -0.37640763
v 0.07435732 1.04222873 -0.37640763
v 0.07435732 0.85406068 -0.36408091
v 0.07435732 0.85176071 -0.39919009
v 0.07435732 1.03992881 -0.41151681
v 0.07435732 1.04222873 -0.37640763
v -0.19801229 0.85011544 -0.2533875
v -0.19801229 0.85011544 -0.28857194
v -0.19801229 1.08845526 -0.28857194
v -0.19801229 1.08845526 -0.2533875
v -0.19801229 0.85011544 -0.28857194
v 0.07435732 0.85011544 -0.28857194
v 0.07435732 1.08845526 -0.28857194
v -0.19801229 1.08845526 -0.28857194
v 0.07435732 0.85011544 -0.28857194
v 0.07435732 0.85011544 -0.2533875
v 0.07435732 1.08845526 -0.2533875
v 0.07435732 1.08845526 -0.28857194
v 0.07435732 0.85011544 -0.2533875
v -0.19801229 0.85011544 -0.2533875
v -0.19801229 1.08845526 -0.2533875
v 0.07435732 1.08845526 -0.2533875
v 0.07435732 0.85011544 -0.2533875
v 0.07435732 0.85011544 -0.28857194
v 0.07435732 1.08845526 -0.28857194
v 0.07435732 1.08845526 -0.2533875
v -0.19801229 0.85011565 -0.03556194
v -0.19801229 0.85011565 -0.07074653
v -0.19801229 1.0580309 -0.07074653
v -0.19801229 1.0580309 -0.03556194
v -0.19801229 0.85011565 -0.07074653
v 0.07435732 0.85011565 -0.07074653
v 0.07435732 1.0580309 -0.07074653
v -0.19801229 1.0580309 -0.07074653
v 0.07435732 0.85011565 -0.07074653
v 0.07435732 0.85011565 -0.03556194
v 0.07435732 1.0580309 -0.03556194
v 0.07435732 1.0580309 -0.07074653
v 0.07435732 0.85011565 -0.03556194
v -0.19801229 0.85011565 -0.03556194
v -0.19801229 1.0580309 -0.03556194
v 0.07435732 1.0580309 -0.03556194
v 0.07435732 0.85011565 -0.03556194
v 0.07435732 0.85011565 -0.07074653
v 0.07435732 1.0580309 -0.07074653
v 0.07435732 1.0580309 -0.03556194
v -0.19801229 0.85452531 0.09678602
v -0.19801229 0.85745339 0.06172349
v -0.19801229 1.08984051 0.08113043
v -0.19801229 1.08691243 0.11619296
v -0.19801229 0.85745339 0.06172349
v 0.07435732 0.85745339 0.06172349
v 0.07435732 1.08984051 0.08113043
v -0.19801229 1.08984051 0.08113043
v 0.07435732 0.85745339 0.06172349
v 0.07435732 0.85452531 0.09678602
v 0.07435732 1.08691243 0.11619296
v 0.07435732 1.08984051 0.08113043
v 0.07435732 0.85452531 0.09678602
v -0.19801229 0.85452531 0.09678602
v -0.19801229 1.08691243 0.11619296
v 0.07435732 1.08691243 0.11619296
v 0.07435732 0.85452531 0.09678602
v 0.07435732 0.85745339 0.06172349
v 0.07435732 1.08984051 0.08113043
v 0.07435732 1.08691243 0.11619296
v -0.19801229 1.15085293 -1.24110584
v -0.19801229 1.15471679 -1.20613385
v -0.19801229 1.38294609 -1.23134992
v -0.19801229 1.37908223 -1.2663219
v -0.19801229 1.15471679 -1.20613385
v 0.07435733 1.15471679 -1.20613385
v 0.07435733 1.38294609 -1.23134992
v -0.19801229 1.38294609 -1.23134992
v 0.07435733 1.15471679 -1.20613385
v 0.07435733 1.15085293 -1.24110584
v 0.07435733 1.37908223 -1.2663219
v 0.07435733 1.38294609 -1.23134992
v 0.07435733 1.15085293 -1.24110584
v -0.19801229 1.15085293 -1.24110584
v -0.19801229 1.37908223 -1.2663219
v 0.07435733 1.37908223 -1.2663219
v 0.07435733 1.15085293 -1.24110584
v 0.07435733 1.15471679 -1.20613385
v 0.07435733 1.38294609 -1.23134992
v 0.07435733 1.37908223 -1.2663219
v -0.19801229 1.15079416 -1.05998501
v -0.19801229 1.15465802 -1.02501317
v -0.19801229 1.3756488 -1.04942958
v -0.19801229 1.37178494 -1.08440142
v -0.19801229 1.15465802 -1.02501317
v 0.07435733 1.15465802 -1.02501317
v 0.07435733 1.3756488 -1.04942958
v -0.19801229 1.3756488 -1.04942958
v 0.07435733 1.15465802 -1.02501317
v 0.07435733 1.15079416 -1.05998501
v 0.07435733 1.37178494 -1.08440142
v 0.07435733 1.3756488 -1.04942958
v 0.07435733 1.15079416 -1.05998501
v -0.19801229 1.15079416 -1.05998501
v -0.19801229 1.37178494 -1.08440142
v 0.07435733 1.37178494 -1.08440142
v 0.07435733 1.15079416 -1.05998501
v 0.07435733 1.15465802 -1.02501317
v 0.07435733 1.3756488 -1.04942958
v 0.07435733 1.37178494 -1.08440142
v -0.19801229 1.1508013 -0.98697807
v -0.19801229 1.15466516 -0.95200637
v -0.19801229 1.38285296 -0.97721793
v -0.19801229 1.378989 -1.01218963
v -0.19801229 1.15466516 -0.95200637
v 0.07435733 1.15466516 -0.95200637
v 0.07435733 1.38285296 -0.97721793
v -0.19801229 1.38285296 -0.97721793
v 0.07435733 1.15466516 -0.95200637
v 0.07435733 1.1508013 -0.98697807
v 0.07435733 1.378989 -1.01218963
v 0.07435733 1.38285296 -0.97721793
v 0.07435733 1.1508013 -0.98697807
v -0.19801229 1.1508013 -0.98697807
v -0.19801229 1.378989 -1.01218963
v 0.07435733 1.378989 -1.01218963
v 0.07435733 1.1508013 -0.98697807
v 0.07435733 1.15466516 -0.95200637
v 0.07435733 1.38285296 -0.97721793
v 0.07435733 1.378989 -1.01218963
v -0.19801229 1.1510609 -0.65769238
v -0.19801229 1.15398195 -0.62262929
v -0.19801229 1.386373 -0.64198901
v -0.19801229 1.38345195 -0.6770521
v -0.19801229 1.15398195 -0.62262929
v 0.07435733 1.15398195 -0.62262929
v 0.07435733 1.386373 -0.64198901
v -0.19801229 1.386373 -0.64198901
v 0.07435733 1.15398195 -0.62262929
v 0.07435733 1.1510609 -0.65769238
v 0.07435733 1.38345195 -0.6770521
v 0.07435733 1.386373 -0.64198901
v 0.07435733 1.1510609 -0.65769238
v -0.19801229 1.1510609 -0.65769238
v -0.19801229 1.38345195 -0.6770521
v 0.07435733 1.38345195 -0.6770521
v 0.07435733 1.1510609 -0.65769238
v 0.07435733 1.15398195 -0.62262929
v 0.07435733 1.386373 -0.64198901
v 0.07435733 1.38345195 -0.6770521
v -0.19801229 1.14662475 -0.52534525
v -0.19801229 1.14661751 -0.49016059
v -0.19801229 1.35453286 -0.49011835
v -0.19801229 1.35454 -0.52530301
v -0.19801229 1.14661751 -0.49016059
v 0.07435733 1.14661751 -0.49016059
v 0.07435733 1.35453286 -0.49011835
v -0.19801229 1.35453286 -0.49011835
v 0.07435733 1.14661751 -0.49016059
v 0.07435733 1.14662475 -0.52534525
v 0.07435733 1.35454 -0.52530301
v 0.07435733 1.35453286 -0.49011835
v 0.07435733 1.14662475 -0.52534525
v -0.19801229 1.14662475 -0.52534525
v -0.19801229 1.35454 -0.52530301
v 0.07435733 1.35454 -0.52530301
v 0.07435733 1.14662475 -0.52534525
v 0.07435733 1.14661751 -0.49016059
v 0.07435733 1.35453286 -0.49011835
v 0.07435733 1.35454 -0.52530301
v -0.19801229 1.14656536 -0.23491124
v -0.19801229 1.14655833 -0.19972679
v -0.19801229 1.39542657 -0.1996763
v -0.19801229 1.39543382 -0.2348607
v -0.19801229 1.14655833 -0.19972679
v 0.07435733 1.14655833 -0.19972679
v 0.07435733 1.39542657 -0.1996763
v -0.19801229 1.39542657 -0.1996763
v 0.07435733 1.14655833 -0.19972679
v 0.07435733 1.14656536 -0.23491124
v 0.07435733 1.39543382 -0.2348607
v 0.07435733 1.39542657 -0.1996763
v 0.07435733 1.14656536 -0.23491124
v -0.19801229 1.14656536 -0.23491124
v -0.19801229 1.39543382 -0.2348607
v 0.07435733 1.39543382 -0.2348607
v 0.07435733 1.14656536 -0.23491124
v 0.07435733 1.14655833 -0.19972679
v 0.07435733 1.39542657 -0.1996763
v 0.07435733 1.39543382 -0.2348607
v -0.19801228 1.156575 -0.07860523
v -0.19801228 1.15085924 -0.04388817
v -0.19801228 1.37191035 -0.00749467
v -0.19801228 1.3776261 -0.04221173
v -0.19801228 1.15085924 -0.04388817
v 0.07435732 1.15085924 -0.04388817
v 0.07435732 1.37191035 -0.00749467
v -0.19801228 1.37191035 -0.00749467
v 0.07435732 1.15085924 -0.04388817
v 0.07435732 1.156575 -0.07860523
v 0.07435732 1.3776261 -0.04221173
v 0.07435732 1.37191035 -0.00749467
v 0.07435732 1.156575 -0.07860523
v -0.19801228 1.156575 -0.07860523
v -0.19801228 1.3776261 -0.04221173
v 0.07435732 1.3776261 -0.04221173
v 0.07435732 1.156575 -0.07860523
v 0.07435732 1.15085924 -0.04388817
v 0.07435732 1.37191035 -0.00749467
v 0.07435732 1.3776261 -0.04221173
v -0.19801229 1.15443225 0.08147485
v -0.19801229 1.15097709 0.11648926
v -0.19801229 1.37040218 0.13814157
v -0.19801229 1.37385733 0.10312719
v -0.19801229 1.15097709 0.11648926
v 0.07435733 1.15097709 0.11648926
v 0.07435733 1.37040218 0.13814157
v -0.19801229 1.37040218 0.13814157
v 0.07435733 1.15097709 0.11648926
v 0.07435733 1.15443225 0.08147485
v 0.07435733 1.37385733 0.10312719
v 0.07435733 1.37040218 0.13814157
v 0.07435733 1.15443225 0.08147485
v -0.19801229 1.15443225 0.08147485
v -0.19801229 1.37385733 0.10312719
v 0.07435733 1.37385733 0.10312719
v 0.07435733 1.15443225 0.08147485
v 0.07435733 1.15097709 0.11648926
v 0.07435733 1.37040218 0.13814157
v 0.07435733 1.37385733 0.10312719
v -0.19801229 1.15566281 0.70636692
v -0.19801229 1.15202213 0.74136246
v -0.19801229 1.39814834 0.76696789
v -0.19801229 1.40178912 0.73197227
v -0.19801229 1.15202213 0.74136246
v 0.07435733 1.15202213 0.74136246
v 0.07435733 1.39814834 0.76696789
v -0.19801229 1.39814834 0.76696789
v 0.07435733 1.15202213 0.74136246
v 0.07435733 1.15566281 0.70636692
v 0.07435733 1.40178912 0.73197227
v 0.07435733 1.39814834 0.76696789
v 0.07435733 1.15566281 0.70636692
v -0.19801229 1.15566281 0.70636692
v -0.19801229 1.40178912 0.73197227
v 0.07435733 1.40178912 0.73197227
v 0.07435733 1.15566281 0.70636692
v 0.07435733 1.15202213 0.74136246
v 0.07435733 1.39814834 0.76696789
v 0.07435733 1.40178912 0.73197227
v -0.19801255 1.15554392 0.88946182
v -0.19801255 1.15190325 0.92445729
v -0.19801255 1.36772956 0.94691052
v -0.19801255 1.37137024 0.91191491
v -0.19801255 1.15190325 0.92445729
v 0.07435709 1.15190325 0.92445729
v 0.07435709 1.36772956 0.94691052
v -0.19801255 1.36772956 0.94691052
v 0.07435709 1.15190325 0.92445729
v 0.07435709 1.15554392 0.88946182
v 0.07435709 1.37137024 0.91191491
v 0.07435709 1.36772956 0.94691052
v 0.07435709 1.15554392 0.88946182
v -0.19801255 1.15554392 0.88946182
v -0.19801255 1.37137024 0.91191491
v 0.07435709 1.37137024 0.91191491
v 0.07435709 1.15554392 0.88946182
v 0.07435709 1.15190325 0.92445729
v 0.07435709 1.36772956 0.94691052
v 0.07435709 1.37137024 0.91191491
v -0.19801229 -0.01948427 0.5417484
v -0.19801229 -0.01948427 0.57693284
v -0.19801229 0.20091105 0.57693284
v -0.19801229 0.20091105 0.5417484
v -0.19801229 -0.01948427 0.57693284
v 0.07435732 -0.01948427 0.57693284
v 0.07435732 0.20091105 0.57693284
v -0.19801229 0.20091105 0.57693284
v 0.07435732 -0.01948427 0.57693284
v 0.07435732 -0.01948427 0.5417484
v 0.07435732 0.20091105 0.5417484
v 0.07435732 0.20091105 0.57693284
v 0.07435732 -0.01948427 0.5417484
v -0.19801229 -0.01948427 0.5417484
v -0.19801229 0.20091105 0.5417484
v 0.07435732 0.20091105 0.5417484
v 0.07435732 -0.01948427 0.5417484
v 0.07435732 -0.01948427 0.57693284
v 0.07435732 0.20091105 0.57693284
v 0.07435732 0.20091105 0.5417484
v -0.19801229 -0.01948411 0.52744208
v -0.19801229 -0.01948411 0.56262652
v -0.19801229 0.18724299 0.56262652
v -0.19801229 0.18724299 0.52744208
v -0.19801229 -0.01948411 0.56262652
v 0.07435732 -0.01948411 0.56262652
v 0.07435732 0.18724299 0.56262652
v -0.19801229 0.18724299 0.56262652
v 0.07435732 -0.01948411 0.56262652
v 0.07435732 -0.01948411 0.52744208
v 0.07435732 0.18724299 0.52744208
v 0.07435732 0.18724299 0.56262652
v 0.07435732 -0.01948411 0.52744208
v -0.19801229 -0.01948411 0.52744208
v -0.19801229 0.18724299 0.52744208
v 0.07435732 0.18724299 0.52744208
v 0.07435732 -0.01948411 0.52744208
v 0.07435732 -0.01948411 0.56262652
v 0.07435732 0.18724299 0.56262652
v 0.07435732 0.18724299 0.52744208
v -0.19801229 -0.0246582 -0.38420278
v -0.19801229 -0.0246582 -0.34901819
v -0.19801229 0.1744283 -0.34901819
v -0.19801229 0.1744283 -0.38420278
v -0.19801229 -0.0246582 -0.34901819
v 0.07435732 -0.0246582 -0.34901819
v 0.07435732 0.1744283 -0.34901819
v -0.19801229 0.1744283 -0.34901819
v 0.07435732 -0.0246582 -0.34901819
v 0.07435732 -0.0246582 -0.38420278
v 0.07435732 0.1744283 -0.38420278
v 0.07435732 0.1744283 -0.34901819
v 0.07435732 -0.0246582 -0.38420278
v -0.19801229 -0.0246582 -0.38420278
v -0.19801229 0.1744283 -0.38420278
v 0.07435732 0.1744283 -0.38420278
v 0.07435732 -0.0246582 -0.38420278
v 0.07435732 -0.0246582 -0.34901819
v 0.07435732 0.1744283 -0.34901819
v 0.07435732 0.1744283 -0.38420278
v -0.19801229 -0.02465809 -0.45681113
v -0.19801229 -0.02465809 -0.42162654
v -0.19801229 0.18515507 -0.42162654
v -0.19801229 0.18515507 -0.45681113
v -0.19801229 -0.02465809 -0.42162654
v 0.07435732 -0.02465809 -0.42162654
v 0.07435732 0.18515507 -0.42162654
v -0.19801229 0.18515507 -0.42162654
v 0.07435732 -0.02465809 -0.42162654
v 0.07435732 -0.02465809 -0.45681113
v 0.07435732 0.18515507 -0.45681113
v 0.07435732 0.18515507 -0.42162654
v 0.07435732 -0.02465809 -0.45681113
v -0.19801229 -0.02465809 -0.45681113
v -0.19801229 0.18515507 -0.45681113
v 0.07435732 0.18515507 -0.45681113
v 0.07435732 -0.02465809 -0.45681113
v 0.07435732 -0.02465809 -0.42162654
v 0.07435732 0.18515507 -0.42162654
v 0.07435732 0.18515507 -0.45681113
v -0.19801229 -0.00735594 -0.72288098
v -0.19801229 -0.01585062 -0.68873723
v -0.19801229 0.2034423 -0.63417896
v -0.19801229 0.21193699 -0.6683227
v -0.19801229 -0.01585062 -0.68873723
v 0.07435732 -0.01585062 -0.68873723
v 0.07435732 0.2034423 -0.63417896
v -0.19801229 0.2034423 -0.63417896
v 0.07435732 -0.01585062 -0.68873723
v 0.07435732 -0.00735594 -0.72288098
v 0.07435732 0.21193699 -0.6683227
v 0.07435732 0.2034423 -0.63417896
v 0.07435732 -0.00735594 -0.72288098
v -0.19801229 -0.00735594 -0.72288098
v -0.19801229 0.21193699 -0.6683227
v 0.07435732 0.21193699 -0.6683227
v 0.07435732 -0.00735594 -0.72288098
v 0.07435732 -0.01585062 -0.68873723
v 0.07435732 0.2034423 -0.63417896
v 0.07435732 0.21193699 -0.6683227
v -0.19801255 0.27616707 0.90246394
v -0.19801255 0.27616707 0.93764838
v -0.19801255 0.49315825 0.93764838
v -0.19801255 0.49315825 0.90246394
v -0.19801255 0.27616707 0.93764838
v 0.07435706 0.27616707 0.93764838
v 0.07435706 0.49315825 0.93764838
v -0.19801255 0.49315825 0.93764838
v 0.07435706 0.27616707 0.93764838
v 0.07435706 0.27616707 0.90246394
v 0.07435706 0.49315825 0.90246394
v 0.07435706 0.49315825 0.93764838
v 0.07435706 0.27616707 0.90246394
v -0.19801255 0.27616707 0.90246394
v -0.19801255 0.49315825 0.90246394
v 0.07435706 0.49315825 0.90246394
v 0.07435706 0.27616707 0.90246394
v 0.07435706 0.27616707 0.93764838
v 0.07435706 0.49315825 0.93764838
v 0.07435706 0.49315825 0.90246394
v -0.19801229 0.27616728 0.57572455
v -0.19801229 0.27616728 0.61090899
v -0.19801229 0.4965626 0.61090899
v -0.19801229 0.4965626 0.57572455
v -0.19801229 0.27616728 0.61090899
v 0.07435732 0.27616728 0.61090899
v 0.07435732 0.4965626 0.61090899
v -0.19801229 0.4965626 0.61090899
v 0.07435732 0.27616728 0.61090899
v 0.07435732 0.27616728 0.57572455
v 0.07435732 0.4965626 0.57572455
v 0.07435732 0.4965626 0.61090899
v 0.07435732 0.27616728 0.57572455
v -0.19801229 0.27616728 0.57572455
v -0.19801229 0.4965626 0.57572455
v 0.07435732 0.4965626 0.57572455
v 0.07435732 0.27616728 0.57572455
v 0.07435732 0.27616728 0.61090899
v 0.07435732 0.4965626 0.61090899
v 0.07435732 0.4965626 0.57572455
v -0.19801229 0.27616671 0.39420338
v -0.19801229 0.27616671 0.42938782
v -0.19801229 0.44826776 0.42938782
v -0.19801229 0.44826776 0.39420338
v -0.19801229 0.27616671 0.42938782
v 0.07435732 0.27616671 0.42938782
v 0.07435732 0.44826776 0.42938782
v -0.19801229 0.44826776 0.42938782
v 0.07435732 0.27616671 0.42938782
v 0.07435732 0.27616671 0.39420338
v 0.07435732 0.44826776 0.39420338
v 0.07435732 0.44826776 0.42938782
v 0.07435732 0.27616671 0.39420338
v -0.19801229 0.27616671 0.39420338
v -0.19801229 0.44826776 0.39420338
v 0.07435732 0.44826776 0.39420338
v 0.07435732 0.27616671 0.39420338
v 0.07435732 0.27616671 0.42938782
v 0.07435732 0.44826776 0.42938782
v 0.07435732 0.44826776 0.39420338
v -0.19801229 0.27718242 -0.16962284
v -0.19801229 0.27543001 -0.13448202
v -0.19801229 0.49920945 -0.12332252
v -0.19801229 0.50096186 -0.15846333
v -0.19801229 0.27543001 -0.13448202
v 0.07435732 0.27543001 -0.13448202
v 0.07435732 0.49920945 -0.12332252
v -0.19801229 0.49920945 -0.12332252
v 0.07435732 0.27543001 -0.13448202
v 0.07435732 0.27718242 -0.16962284
v 0.07435732 0.50096186 -0.15846333
v 0.07435732 0.49920945 -0.12332252
v 0.07435732 0.27718242 -0.16962284
v -0.19801229 0.27718242 -0.16962284
v -0.19801229 0.50096186 -0.15846333
v 0.07435732 0.50096186 -0.15846333
v 0.07435732 0.27718242 -0.16962284
v 0.07435732 0.27543001 -0.13448202
v 0.07435732 0.49920945 -0.12332252
v 0.07435732 0.50096186 -0.15846333
v -0.19801229 0.27616705 -0.3146854
v -0.19801229 0.27616705 -0.27950095
v -0.19801229 0.51450692 -0.27950095
v -0.19801229 0.51450692 -0.3146854
v -0.19801229 0.27616705 -0.27950095
v 0.07435732 0.27616705 -0.27950095
v 0.07435732 0.51450692 -0.27950095
v -0.19801229 0.51450692 -0.27950095
v 0.07435732 0.27616705 -0.27950095
v 0.07435732 0.27616705 -0.3146854
v 0.07435732 0.51450692 -0.3146854
v 0.07435732 0.51450692 -0.27950095
v 0.07435732 0.27616705 -0.3146854
v -0.19801229 0.27616705 -0.3146854
v -0.19801229 0.51450692 -0.3146854
v 0.07435732 0.51450692 -0.3146854
v 0.07435732 0.27616705 -0.3146854
v 0.07435732 0.27616705 -0.27950095
v 0.07435732 0.51450692 -0.27950095
v 0.07435732 0.51450692 -0.3146854
v -0.19801229 0.28452111 -0.72609941
v -0.19801229 0.28022107 -0.69117854
v -0.19801229 0.47762593 -0.66687076
v -0.19801229 0.48192596 -0.70179163
v -0.19801229 0.28022107 -0.69117854
v 0.07435732 0.28022107 -0.69117854
v 0.07435732 0.47762593 -0.66687076
v -0.19801229 0.47762593 -0.66687076
v 0.07435732 0.28022107 -0.69117854
v 0.07435732 0.28452111 -0.72609941
v 0.07435732 0.48192596 -0.70179163
v 0.07435732 0.47762593 -0.66687076
v 0.07435732 0.28452111 -0.72609941
v -0.19801229 0.28452111 -0.72609941
v -0.19801229 0.48192596 -0.70179163
v 0.07435732 0.48192596 -0.70179163
v 0.07435732 0.28452111 -0.72609941
v 0.07435732 0.28022107 -0.69117854
v 0.07435732 0.47762593 -0.66687076
v 0.07435732 0.48192596 -0.70179163
v -0.19801229 0.27616689 -1.26633703
v -0.19801229 0.27616689 -1.23115244
v -0.19801229 0.50578501 -1.23115244
v -0.19801229 0.50578501 -1.26633703
v -0.19801229 0.27616689 -1.23115244
v 0.07435732 0.27616689 -1.23115244
v 0.07435732 0.50578501 -1.23115244
v -0.19801229 0.50578501 -1.23115244
v 0.07435732 0.27616689 -1.23115244
v 0.07435732 0.27616689 -1.26633703
v 0.07435732 0.50578501 -1.26633703
v 0.07435732 0.50578501 -1.23115244
v 0.07435732 0.27616689 -1.26633703
v -0.19801229 0.27616689 -1.26633703
v -0.19801229 0.50578501 -1.26633703
v 0.07435732 0.50578501 -1.26633703
v 0.07435732 0.27616689 -1.26633703
v 0.07435732 0.27616689 -1.23115244
v 0.07435732 0.50578501 -1.23115244
v 0.07435732 0.50578501 -1.26633703
v -0.19801229 0.28047596 -1.37656822
v -0.19801229 0.28337985 -1.34150389
v -0.19801229 0.49066298 -1.35867025
v -0.19801229 0.48775905 -1.39373458
v -0.19801229 0.28337985 -1.34150389
v 0.07435732 0.28337985 -1.34150389
v 0.07435732 0.49066298 -1.35867025
v -0.19801229 0.49066298 -1.35867025
v 0.07435732 0.28337985 -1.34150389
v 0.07435732 0.28047596 -1.37656822
v 0.07435732 0.48775905 -1.39373458
v 0.07435732 0.49066298 -1.35867025
v 0.07435732 0.28047596 -1.37656822
v -0.19801229 0.28047596 -1.37656822
v -0.19801229 0.48775905 -1.39373458
v 0.07435732 0.48775905 -1.39373458
v 0.07435732 0.28047596 -1.37656822
v 0.07435732 0.28337985 -1.34150389
v 0.07435732 0.49066298 -1.35867025
v 0.07435732 0.48775905 -1.39373458
v -0.19801254 2.61604061 -1.47053669
v -0.19801254 2.61604061 -1.50572113
v -0.19801254 2.83303178 -1.50572113
v -0.19801254 2.83303178 -1.47053669
v -0.19801254 2.61604061 -1.50572113
v 0.07435706 2.61604061 -1.50572113
v 0.07435706 2.83303178 -1.50572113
v -0.19801254 2.83303178 -1.50572113
v 0.07435706 2.61604061 -1.50572113
v 0.07435706 2.61604061 -1.47053669
v 0.07435706 2.83303178 -1.47053669
v 0.07435706 2.83303178 -1.50572113
v 0.07435706 2.61604061 -1.47053669
v -0.19801254 2.61604061 -1.47053669
v -0.19801254 2.83303178 -1.47053669
v 0.07435706 2.83303178 -1.47053669
v 0.07435706 2.61604061 -1.47053669
v 0.07435706 2.61604061 -1.50572113
v 0.07435706 2.83303178 -1.50572113
v 0.07435706 2.83303178 -1.47053669
v 0.07435732 2.84209157 0.90455136
v 0.07435732 2.84209157 0.93973588
v -0.19801228 2.84209157 0.93973588
v -0.19801228 2.84209157 0.90455136
v -0.19801228 2.61604061 -1.28901494
v -0.19801228 2.61604061 -1.32419924
v -0.19801228 2.86349526 -1.32419924
v -0.19801228 2.86349526 -1.28901494
v -0.19801228 2.61604061 -1.32419924
v 0.07435732 2.61604061 -1.32419924
v 0.07435732 2.86349526 -1.32419924
v -0.19801228 2.86349526 -1.32419924
v 0.07435732 2.61604061 -1.32419924
v 0.07435732 2.61604061 -1.28901494
v 0.07435732 2.86349526 -1.28901494
v 0.07435732 2.86349526 -1.32419924
v 0.07435732 2.61604061 -1.28901494
v -0.19801228 2.61604061 -1.28901494
v -0.19801228 2.86349526 -1.28901494
v 0.07435732 2.86349526 -1.28901494
v 0.07435732 2.61604061 -1.28901494
v 0.07435732 2.61604061 -1.32419924
v 0.07435732 2.86349526 -1.32419924
v 0.07435732 2.86349526 -1.28901494
v -0.19801228 2.61604061 -1.14379737
v -0.19801228 2.61604061 -1.17898196
v -0.19801228 2.83643592 -1.17898196
v -0.19801228 2.83643592 -1.14379737
v -0.19801228 2.61604061 -1.17898196
v 0.07435732 2.61604061 -1.17898196
v 0.07435732 2.83643592 -1.17898196
v -0.19801228 2.83643592 -1.17898196
v 0.07435732 2.61604061 -1.17898196
v 0.07435732 2.61604061 -1.14379737
v 0.07435732 2.83643592 -1.14379737
v 0.07435732 2.83643592 -1.17898196
v 0.07435732 2.61604061 -1.14379737
v -0.19801228 2.61604061 -1.14379737
v -0.19801228 2.83643592 -1.14379737
v 0.07435732 2.83643592 -1.14379737
v 0.07435732 2.61604061 -1.14379737
v 0.07435732 2.61604061 -1.17898196
v 0.07435732 2.83643592 -1.17898196
v 0.07435732 2.83643592 -1.14379737
v -0.19801228 2.61604061 -0.99858052
v -0.19801228 2.61604061 -1.03376497
v -0.19801228 2.81755254 -1.03376497
v -0.19801228 2.81755254 -0.99858052
v -0.19801228 2.61604061 -1.03376497
v 0.07435732 2.61604061 -1.03376497
v 0.07435732 2.81755254 -1.03376497
v -0.19801228 2.81755254 -1.03376497
v 0.07435732 2.61604061 -1.03376497
v 0.07435732 2.61604061 -0.99858052
v 0.07435732 2.81755254 -0.99858052
v 0.07435732 2.81755254 -1.03376497
v 0.07435732 2.61604061 -0.99858052
v -0.19801228 2.61604061 -0.99858052
v -0.19801228 2.81755254 -0.99858052
v 0.07435732 2.81755254 -0.99858052
v 0.07435732 2.61604061 -0.99858052
v 0.07435732 2.61604061 -1.03376497
v 0.07435732 2.81755254 -1.03376497
v 0.07435732 2.81755254 -0.99858052
v -0.19801228 2.61604061 -0.14335495
v -0.19801228 2.61604061 -0.10817036
v 0.07435732 2.61604061 -0.10817036
v 0.07435732 2.61604061 -0.14335495
v -0.19801228 2.61604061 -0.10817036
v -0.19801228 2.61604061 -0.14335495
v -0.19801228 2.84738299 -0.14335495
v -0.19801228 2.84738299 -0.10817036
v 0.07435732 2.61604061 -0.10817036
v -0.19801228 2.84738299 -0.10817036
v 0.07435732 2.84738299 -0.10817036
v 0.07435732 2.61604061 -0.14335495
v 0.07435732 2.61604061 -0.10817036
v 0.07435732 2.84738299 -0.10817036
v 0.07435732 2.84738299 -0.14335495
v 0.07435732 2.84738299 -0.14335495
v 0.07435732 2.84738299 -0.10817036
v -0.19801228 2.84738299 -0.14335495
v 0.07435732 2.61604061 -0.14335495
v 0.07435732 2.84738299 -0.14335495
v -0.19801228 2.61604061 0.11851598
v -0.19801228 2.61604061 0.15370057
v 0.07435732 2.61604061 0.15370057
v 0.07435732 2.61604061 0.11851598
v -0.19801228 2.61604061 0.15370057
v -0.19801228 2.61604061 0.11851598
v -0.19801228 2.81493642 0.11851598
v -0.19801228 2.81493642 0.15370057
v 0.07435732 2.61604061 0.15370057
v -0.19801228 2.81493642 0.15370057
v 0.07435732 2.81493642 0.15370057
v 0.07435732 2.61604061 0.11851598
v 0.07435732 2.61604061 0.15370057
v 0.07435732 2.81493642 0.15370057
v 0.07435732 2.81493642 0.11851598
v 0.07435732 2.81493642 0.11851598
v 0.07435732 2.81493642 0.15370057
v -0.19801228 2.81493642 0.11851598
v 0.07435732 2.61604061 0.11851598
v 0.07435732 2.81493642 0.11851598
v -0.19801228 2.61604061 0.300037
v -0.19801228 2.61604061 0.33522159
v 0.07435732 2.61604061 0.33522159
v 0.07435732 2.61604061 0.300037
v -0.19801228 2.61604061 0.33522159
v -0.19801228 2.61604061 0.300037
v -0.19801228 2.84385634 0.300037
v -0.19801228 2.84385634 0.33522159
v 0.07435732 2.61604061 0.33522159
v -0.19801228 2.84385634 0.33522159
v 0.07435732 2.84385634 0.33522159
v 0.07435732 2.61604061 0.300037
v 0.07435732 2.61604061 0.33522159
v 0.07435732 2.84385634 0.33522159
v 0.07435732 2.84385634 0.300037
v 0.07435732 2.84385634 0.300037
v 0.07435732 2.84385634 0.33522159
v -0.19801228 2.84385634 0.300037
v 0.07435732 2.61604061 0.300037
v 0.07435732 2.84385634 0.300037
v -0.19801228 2.61604061 0.51786263
v -0.19801228 2.61604061 0.55304722
v 0.07435732 2.61604061 0.55304722
v 0.07435732 2.61604061 0.51786263
v -0.19801228 2.61604061 0.55304722
v -0.19801228 2.61604061 0.51786263
v -0.19801228 2.78787316 0.51786263
v -0.19801228 2.78787316 0.55304722
v 0.07435732 2.61604061 0.55304722
v -0.19801228 2.78787316 0.55304722
v 0.07435732 2.78787316 0.55304722
v 0.07435732 2.61604061 0.51786263
v 0.07435732 2.61604061 0.55304722
v 0.07435732 2.78787316 0.55304722
v 0.07435732 2.78787316 0.51786263
v 0.07435732 2.78787316 0.51786263
v 0.07435732 2.78787316 0.55304722
v -0.19801228 2.78787316 0.51786263
v 0.07435732 2.61604061 0.51786263
v 0.07435732 2.78787316 0.51786263
v -0.19801228 2.61604061 0.59047098
v -0.19801228 2.61604061 0.62565557
v 0.07435732 2.61604061 0.62565557
v 0.07435732 2.61604061 0.59047098
v -0.19801228 2.61604061 0.62565557
v -0.19801228 2.61604061 0.59047098
v -0.19801228 2.77868114 0.59047098
v -0.19801228 2.77868114 0.62565557
v 0.07435732 2.61604061 0.62565557
v -0.19801228 2.77868114 0.62565557
v 0.07435732 2.77868114 0.62565557
v 0.07435732 2.61604061 0.59047098
v 0.07435732 2.61604061 0.62565557
v 0.07435732 2.77868114 0.62565557
v 0.07435732 2.77868114 0.59047098
v 0.07435732 2.77868114 0.59047098
v 0.07435732 2.77868114 0.62565557
v -0.19801228 2.77868114 0.59047098
v 0.07435732 2.61604061 0.59047098
v 0.07435732 2.77868114 0.59047098
v -0.19801228 0.56566059 -1.50473969
v -0.19801228 0.56566059 -1.46955525
v -0.19801228 0.79171149 -1.46955525
v -0.19801228 0.79171149 -1.50473969
v -0.19801228 0.56566059 -1.46955525
v 0.07435732 0.56566059 -1.46955525
v 0.07435732 0.79171149 -1.46955525
v -0.19801228 0.79171149 -1.46955525
v 0.07435732 0.56566059 -1.46955525
v 0.07435732 0.56566059 -1.50473969
v 0.07435732 0.79171149 -1.50473969
v 0.07435732 0.79171149 -1.46955525
v 0.07435732 0.56566059 -1.50473969
v -0.19801228 0.56566059 -1.50473969
v -0.19801228 0.79171149 -1.50473969
v 0.07435732 0.79171149 -1.50473969
v 0.07435732 0.56566059 -1.50473969
v 0.07435732 0.56566059 -1.46955525
v 0.07435732 0.79171149 -1.46955525
v 0.07435732 0.79171149 -1.50473969
v -0.19801228 0.56790587 -1.40919124
v -0.19801228 0.57252594 -1.37431145
v -0.19801228 0.79115089 -1.40326975
v -0.19801228 0.78653088 -1.43814954
v -0.19801228 0.57252594 -1.37431145
v 0.07435732 0.57252594 -1.37431145
v 0.07435732 0.79115089 -1.40326975
v -0.19801228 0.79115089 -1.40326975
v 0.07435732 0.57252594 -1.37431145
v 0.07435732 0.56790587 -1.40919124
v 0.07435732 0.78653088 -1.43814954
v 0.07435732 0.79115089 -1.40326975
v 0.07435732 0.56790587 -1.40919124
v -0.19801228 0.56790587 -1.40919124
v -0.19801228 0.78653088 -1.43814954
v 0.07435732 0.78653088 -1.43814954
v 0.07435732 0.56790587 -1.40919124
v 0.07435732 0.57252594 -1.37431145
v 0.07435732 0.79115089 -1.40326975
v 0.07435732 0.78653088 -1.43814954
v -0.19801228 0.56566053 -0.75500841
v -0.19801228 0.56566053 -0.71982382
v -0.19801228 0.81503438 -0.71982382
v -0.19801228 0.81503438 -0.75500841
v -0.19801228 0.56566053 -0.71982382
v 0.07435732 0.56566053 -0.71982382
v 0.07435732 0.81503438 -0.71982382
v -0.19801228 0.81503438 -0.71982382
v 0.07435732 0.56566053 -0.71982382
v 0.07435732 0.56566053 -0.75500841
v 0.07435732 0.81503438 -0.75500841
v 0.07435732 0.81503438 -0.71982382
v 0.07435732 0.56566053 -0.75500841
v -0.19801228 0.56566053 -0.75500841
v -0.19801228 0.81503438 -0.75500841
v 0.07435732 0.81503438 -0.75500841
v 0.07435732 0.56566053 -0.75500841
v 0.07435732 0.56566053 -0.71982382
v 0.07435732 0.81503438 -0.71982382
v 0.07435732 0.81503438 -0.75500841
v -0.19801228 0.56566053 0.54248938
v -0.19801228 0.56566053 0.57767382
v -0.19801228 0.77238764 0.57767382
v -0.19801228 0.77238764 0.54248938
v -0.19801228 0.56566053 0.57767382
v 0.07435732 0.56566053 0.57767382
v 0.07435732 0.77238764 0.57767382
v -0.19801228 0.77238764 0.57767382
v 0.07435732 0.56566053 0.57767382
v 0.07435732 0.56566053 0.54248938
v 0.07435732 0.77238764 0.54248938
v 0.07435732 0.77238764 0.57767382
v 0.07435732 0.56566053 0.54248938
v -0.19801228 0.56566053 0.54248938
v -0.19801228 0.77238764 0.54248938
v 0.07435732 0.77238764 0.54248938
v 0.07435732 0.56566053 0.54248938
v 0.07435732 0.56566053 0.57767382
v 0.07435732 0.77238764 0.57767382
v 0.07435732 0.77238764 0.54248938
v -0.19801228 0.56566053 0.50618513
v -0.19801228 0.56566053 0.54136958
v -0.19801228 0.79801143 0.54136958
v -0.19801228 0.79801143 0.50618513
v -0.19801228 0.56566053 0.54136958
v 0.07435732 0.56566053 0.54136958
v 0.07435732 0.79801143 0.54136958
v -0.19801228 0.79801143 0.54136958
v 0.07435732 0.56566053 0.54136958
v 0.07435732 0.56566053 0.50618513
v 0.07435732 0.79801143 0.50618513
v 0.07435732 0.79801143 0.54136958
v 0.07435732 0.56566053 0.50618513
v -0.19801228 0.56566053 0.50618513
v -0.19801228 0.79801143 0.50618513
v 0.07435732 0.79801143 0.50618513
v 0.07435732 0.56566053 0.50618513
v 0.07435732 0.56566053 0.54136958
v 0.07435732 0.79801143 0.54136958
v 0.07435732 0.79801143 0.50618513
v -0.19801228 0.56566059 0.16432537
v -0.19801228 0.56566059 0.12914092
v 0.07435732 0.56566059 0.12914092
v 0.07435732 0.56566059 0.16432537
v -0.19801228 0.56566059 0.12914092
v -0.19801228 0.56566059 0.16432537
v -0.19801228 0.75465949 0.16432537
v -0.19801228 0.75465949 0.12914092
v 0.07435732 0.56566059 0.12914092
v -0.19801228 0.75465949 0.12914092
v 0.07435732 0.75465949 0.12914092
v 0.07435732 0.56566059 0.16432537
v 0.07435732 0.56566059 0.12914092
v 0.07435732 0.75465949 0.12914092
v 0.07435732 0.75465949 0.16432537
v 0.07435732 0.75465949 0.16432537
v 0.07435732 0.75465949 0.12914092
v -0.19801228 0.75465949 0.16432537
v 0.07435732 0.56566059 0.16432537
v 0.07435732 0.75465949 0.16432537
v -0.19801228 0.5673057 -0.16581372
v -0.19801228 0.56960567 -0.20092291
v 0.07435732 0.56960567 -0.20092291
v 0.07435732 0.5673057 -0.16581372
v -0.19801228 0.56960567 -0.20092291
v -0.19801228 0.5673057 -0.16581372
v -0.19801228 0.7554738 -0.153487
v -0.19801228 0.75777377 -0.18859619
v 0.07435732 0.56960567 -0.20092291
v -0.19801228 0.75777377 -0.18859619
v 0.07435732 0.75777377 -0.18859619
v 0.07435732 0.5673057 -0.16581372
v 0.07435732 0.56960567 -0.20092291
v 0.07435732 0.75777377 -0.18859619
v 0.07435732 0.7554738 -0.153487
v 0.07435732 0.7554738 -0.153487
v 0.07435732 0.75777377 -0.18859619
v -0.19801228 0.7554738 -0.153487
v 0.07435732 0.5673057 -0.16581372
v 0.07435732 0.7554738 -0.153487
vn -1 0 0
vn 0 0 -1
vn 1 0 0
vn 0 0 1
vn 0 -1 -0
vn 0 1 0
vn 0 0.00444 -0.99999
vn 0 -0.00444 0.99999
vn 0 0.87225 0.48905
vn 0 -0.87225 -0.48905
vn 0 -0.01095 -0.99994
vn 0 0.01095 0.99994
vn 0 0.58553 -0.81065
vn 0 -0.58551 0.81066
vn 0 -0.00737 -0.99997
vn 0 0.00737 0.99997
vn 0 0.73185 -0.68147
vn 0 -0.73185 0.68147
vn 0 0.00923 -0.99996
vn 0 -0.00923 0.99996
vn 0 0.65056 0.75946
vn 0 -0.65056 -0.75946
vn 0 0.0093 -0.99996
vn 0 -0.0093 0.99996
vn 0 0.64795 0.76168
vn 0 -0.64797 -0.76167
vn 0 0.00923 -0.99996
vn 0 -0.00923 0.99996
vn 0 0.65055 0.75946
vn 0 -0.65055 -0.75946
vn 0 0.00923 -0.99996
vn 0 -0.00923 0.99996
vn 0 0.00923 -0.99996
vn 0 -0.00923 0.99996
vn 0 -0.65058 -0.75944
vn 0 0.00583 -0.99998
vn 0 -0.00583 0.99998
vn 0 0.80517 0.59304
vn 0 -0.80515 -0.59307
vn 0 -0.01095 -0.99994
vn 0 0.58552 -0.81066
vn 0 -0.00984 -0.99995
vn 0 0.00984 0.99995
vn 0 0.62636 -0.77954
vn 0 -0.62636 0.77954
vn 0 -0.00984 -0.99995
vn 0 0.00984 0.99995
vn 0 -0.00984 -0.99995
vn 0 0.00984 0.99995
vn 0 -0.02342 -0.99973
vn 0 0.02342 0.99973
vn 0 0.31998 -0.94742
vn 0 -0.31998 0.94742
vn 0 0.00444 -0.99999
vn 0 -0.00444 0.99999
vn 0 0.87224 0.48907
vn 0 -0.87224 -0.48907
vn 0 -0.10772 -0.99418
vn 0 0.10772 0.99418
vn 0 0.07282 -0.99735
vn 0 -0.07282 0.99735
vn 0 -0.25666 -0.9665
vn 0 0.25666 0.9665
vn 0 0.02977 -0.99956
vn 0 -0.02977 0.99956
vn 0 0.01412 -0.9999
vn 0 -0.01412 0.9999
vn 0 0.48863 0.87249
vn 0 -0.48863 -0.87249
vn 0 0.00583 -0.99998
vn 0 -0.00583 0.99998
vn 0 0.80517 0.59305
vn 0 -0.80517 -0.59304
vn 0 -0.00743 -0.99997
vn 0 0.00743 0.99997
vn 0 0.72901 -0.6845
vn 0 -0.72901 0.6845
vn 0 0.00983 -0.99995
vn 0 -0.00983 0.99995
vn 0 -0.62707 -0.77896
vn 0 0.62707 0.77896
vn 0 0.00983 -0.99995
vn 0 -0.00983 0.99995
vn 0 -0.62707 -0.77897
vn 0 0.62707 0.77897
vn 0 0.00983 -0.99995
vn 0 -0.00983 0.99995
vn 0 -0.62707 -0.77897
vn 0 0.62706 0.77897
vn 0 0.00741 -0.99997
vn 0 -0.00741 0.99997
vn 0 -0.72984 -0.68362
vn 0 0.72984 0.68362
vn 0 -2E-05 -1
vn 0 2E-05 1
vn 0 -1 0.00231
vn 0 1 -0.00228
vn 0 -2E-05 -1
vn 0 2E-05 1
vn 0 -1 0.00225
vn 0 1 -0.00231
vn 0 -0.01464 -0.99989
vn 0 0.01464 0.99989
vn 0 -0.4753 0.87983
vn 0 0.4753 -0.87983
vn 0 -0.00878 -0.99996
vn 0 0.00878 0.99996
vn 0 -0.66951 0.74281
vn 0 0.66951 -0.74281
vn 0 -0.00925 -0.99996
vn 0 0.00925 0.99996
vn 0 -0.64982 0.76009
vn 0 0.64981 -0.7601
vn 0 -0.00925 -0.99996
vn 0 0.00925 0.99996
vn 0 -0.64982 0.76009
vn 0 0.64982 -0.76009
vn 0 -0.02212 -0.99976
vn 0 0.02212 0.99976
vn 0 -0.33663 0.94164
vn 0 0.33663 -0.94164
vn 0 -0.00444 -0.99999
vn 0 0.00444 0.99999
vn 0 -0.87225 0.48906
vn 0 0.87225 -0.48906
vn 0 0.01095 0.99994
vn 0 -0.58553 0.81065
vn 0 0.58553 -0.81065
vn 0 0.00737 -0.99997
vn 0 -0.00737 0.99997
vn 0 -0.73185 -0.68146
vn 0 0.73185 0.68146
vn 0 0.01178 -0.99993
vn 0 -0.01178 0.99993
vn 0 -0.55746 -0.83021
vn 0 0.55746 0.8302
vn 0 -0.80517 0.59305
vn 0 0.00583 0.99998
vn 0 0.80517 -0.59305
vn 0 -0.00583 -0.99998
vt 0.06319 0.20665
vt 0.06319 0.13299
vt 0.75902 0.13299
vt 0.75902 0.20665
vt 0.52772 0.30933
vt 0.52772 0.27406
vt 0.56299 0.27406
vt 0.56299 0.30933
usemtl mat4
f 2441/222/339 2442/223/339 2443/224/339
f 2441/222/339 2443/224/339 2444/225/339
f 2445/226/340 2446/227/340 2447/228/340
f 2445/226/340 2447/228/340 2448/229/340
f 2449/226/341 2450/227/341 2451/228/341
f 2449/226/341 2451/228/341 2452/229/341
f 2453/226/342 2454/227/342 2455/228/342
f 2453/226/342 2455/228/342 2456/229/342
f 2445/226/343 2454/227/343 2457/228/343
f 2445/226/343 2457/228/343 2458/229/343
f 2459/226/344 2460/227/344 2455/228/344
f 2459/226/344 2455/228/344 2448/229/344
f 2461/222/341 2462/223/341 2463/224/341
f 2461/222/341 2463/224/341 2464/225/341
f 2465/226/340 2466/227/340 2467/228/340
f 2465/226/340 2467/228/340 2468/229/340
f 2469/226/339 2470/227/339 2471/228/339
f 2469/226/339 2471/228/339 2472/229/339
f 2473/226/342 2474/227/342 2475/228/342
f 2473/226/342 2475/228/342 2476/229/342
f 2465/226/344 2474/227/344 2477/228/344
f 2465/226/344 2477/228/344 2478/229/344
f 2479/226/343 2480/227/343 2475/228/343
f 2479/226/343 2475/228/343 2468/229/343
f 2481/222/341 2482/223/341 2483/224/341
f 2481/222/341 2483/224/341 2484/225/341
f 2485/226/340 2486/227/340 2487/228/340
f 2485/226/340 2487/228/340 2488/229/340
f 2489/226/339 2490/227/339 2491/228/339
f 2489/226/339 2491/228/339 2492/229/339
f 2493/226/342 2494/227/342 2495/228/342
f 2493/226/342 2495/228/342 2496/229/342
f 2485/226/344 2494/227/344 2497/228/344
f 2485/226/344 2497/228/344 2498/229/344
f 2499/226/343 2500/227/343 2495/228/343
f 2499/226/343 2495/228/343 2488/229/343
f 2501/222/341 2502/223/341 2503/224/341
f 2501/222/341 2503/224/341 2504/225/341
f 2505/226/340 2506/227/340 2507/228/340
f 2505/226/340 2507/228/340 2508/229/340
f 2509/226/339 2510/227/339 2511/228/339
f 2509/226/339 2511/228/339 2512/229/339
f 2513/226/342 2514/227/342 2515/228/342
f 2513/226/342 2515/228/342 2516/229/342
f 2505/226/344 2514/227/344 2517/228/344
f 2505/226/344 2517/228/344 2518/229/344
f 2519/226/343 2520/227/343 2515/228/343
f 2519/226/343 2515/228/343 2508/229/343
f 2521/222/341 2522/223/341 2523/224/341
f 2521/222/341 2523/224/341 2524/225/341
f 2525/226/345 2526/227/345 2527/228/345
f 2525/226/345 2527/228/345 2528/229/345
f 2529/226/339 2530/227/339 2531/228/339
f 2529/226/339 2531/228/339 2532/229/339
f 2533/226/346 2534/227/346 2535/228/346
f 2533/226/346 2535/228/346 2536/229/346
f 2525/226/347 2534/227/347 2537/228/347
f 2525/226/347 2537/228/347 2538/229/347
f 2539/226/348 2540/227/348 2535/228/348
f 2539/226/348 2535/228/348 2528/229/348
f 2541/222/341 2542/223/341 2543/224/341
f 2541/222/341 2543/224/341 2544/225/341
f 2545/226/340 2546/227/340 2547/228/340
f 2545/226/340 2547/228/340 2548/229/340
f 2549/226/339 2550/227/339 2551/228/339
f 2549/226/339 2551/228/339 2552/229/339
f 2553/226/342 2554/227/342 2555/228/342
f 2553/226/342 2555/228/342 2556/229/342
f 2545/226/344 2554/227/344 2557/228/344
f 2545/226/344 2557/228/344 2558/229/344
f 2559/226/343 2560/227/343 2555/228/343
f 2559/226/343 2555/228/343 2548/229/343
f 2561/222/341 2562/223/341 2563/224/341
f 2561/222/341 2563/224/341 2564/225/341
f 2565/226/340 2566/227/340 2567/228/340
f 2565/226/340 2567/228/340 2568/229/340
f 2569/226/339 2570/227/339 2571/228/339
f 2569/226/339 2571/228/339 2572/229/339
f 2573/226/342 2574/227/342 2575/228/342
f 2573/226/342 2575/228/342 2576/229/342
f 2565/226/344 2574/227/344 2577/228/344
f 2565/226/344 2577/228/344 2578/229/344
f 2579/226/343 2580/227/343 2575/228/343
f 2579/226/343 2575/228/343 2568/229/343
f 2581/222/341 2582/223/341 2583/224/341
f 2581/222/341 2583/224/341 2584/225/341
f 2585/226/349 2586/227/349 2587/228/349
f 2585/226/349 2587/228/349 2588/229/349
f 2589/226/339 2590/227/339 2591/228/339
f 2589/226/339 2591/228/339 2592/229/339
f 2593/226/350 2594/227/350 2595/228/350
f 2593/226/350 2595/228/350 2596/229/350
f 2585/226/351 2594/227/351 2597/228/351
f 2585/226/351 2597/228/351 2598/229/351
f 2599/226/352 2600/227/352 2595/228/352
f 2599/226/352 2595/228/352 2588/229/352
f 2601/222/341 2602/223/341 2603/224/341
f 2601/222/341 2603/224/341 2604/225/341
f 2605/226/340 2606/227/340 2607/228/340
f 2605/226/340 2607/228/340 2608/229/340
f 2609/226/339 2610/227/339 2611/228/339
f 2609/226/339 2611/228/339 2612/229/339
f 2613/226/342 2614/227/342 2615/228/342
f 2613/226/342 2615/228/342 2616/229/342
f 2605/226/344 2614/227/344 2617/228/344
f 2605/226/344 2617/228/344 2618/229/344
f 2619/226/343 2620/227/343 2615/228/343
f 2619/226/343 2615/228/343 2608/229/343
f 2621/222/341 2622/223/341 2623/224/341
f 2621/222/341 2623/224/341 2624/225/341
f 2625/226/340 2626/227/340 2627/228/340
f 2625/226/340 2627/228/340 2628/229/340
f 2629/226/339 2630/227/339 2631/228/339
f 2629/226/339 2631/228/339 2632/229/339
f 2633/226/342 2634/227/342 2635/228/342
f 2633/226/342 2635/228/342 2636/229/342
f 2625/226/344 2634/227/344 2637/228/344
f 2625/226/344 2637/228/344 2638/229/344
f 2639/226/343 2640/227/343 2635/228/343
f 2639/226/343 2635/228/343 2628/229/343
f 2641/222/341 2642/223/341 2643/224/341
f 2641/222/341 2643/224/341 2644/225/341
f 2645/226/340 2646/227/340 2647/228/340
f 2645/226/340 2647/228/340 2648/229/340
f 2649/226/339 2650/227/339 2651/228/339
f 2649/226/339 2651/228/339 2652/229/339
f 2653/226/342 2654/227/342 2655/228/342
f 2653/226/342 2655/228/342 2656/229/342
f 2645/226/344 2654/227/344 2657/228/344
f 2645/226/344 2657/228/344 2658/229/344
f 2659/226/343 2660/227/343 2655/228/343
f 2659/226/343 2655/228/343 2648/229/343
f 2661/222/341 2662/223/341 2663/224/341
f 2661/222/341 2663/224/341 2664/225/341
f 2665/226/353 2666/227/353 2667/228/353
f 2665/226/353 2667/228/353 2668/229/353
f 2669/226/339 2670/227/339 2671/228/339
f 2669/226/339 2671/228/339 2672/229/339
f 2673/226/354 2674/227/354 2675/228/354
f 2673/226/354 2675/228/354 2676/229/354
f 2665/226/355 2674/227/355 2677/228/355
f 2665/226/355 2677/228/355 2678/229/355
f 2679/226/356 2680/227/356 2675/228/356
f 2679/226/356 2675/228/356 2668/229/356
f 2681/222/339 2682/223/339 2683/224/339
f 2681/222/339 2683/224/339 2684/225/339
f 2685/226/340 2686/227/340 2687/228/340
f 2685/226/340 2687/228/340 2688/229/340
f 2689/226/341 2690/227/341 2691/228/341
f 2689/226/341 2691/228/341 2692/229/341
f 2693/226/342 2694/227/342 2695/228/342
f 2693/226/342 2695/228/342 2696/229/342
f 2685/226/343 2694/227/343 2697/228/343
f 2685/226/343 2697/228/343 2698/229/343
f 2699/226/344 2700/227/344 2695/228/344
f 2699/226/344 2695/228/344 2688/229/344
f 2701/222/339 2702/223/339 2703/224/339
f 2701/222/339 2703/224/339 2704/225/339
f 2705/226/340 2706/227/340 2707/228/340
f 2705/226/340 2707/228/340 2708/229/340
f 2709/226/341 2710/227/341 2711/228/341
f 2709/226/341 2711/228/341 2712/229/341
f 2713/226/342 2714/227/342 2715/228/342
f 2713/226/342 2715/228/342 2716/229/342
f 2705/226/343 2714/227/343 2717/228/343
f 2705/226/343 2717/228/343 2718/229/343
f 2719/226/344 2720/227/344 2715/228/344
f 2719/226/344 2715/228/344 2708/229/344
f 2721/222/339 2722/223/339 2723/224/339
f 2721/222/339 2723/224/339 2724/225/339
f 2725/226/340 2726/227/340 2727/228/340
f 2725/226/340 2727/228/340 2728/229/340
f 2729/226/341 2730/227/341 2731/228/341
f 2729/226/341 2731/228/341 2732/229/341
f 2733/226/342 2734/227/342 2735/228/342
f 2733/226/342 2735/228/342 2736/229/342
f 2725/226/343 2734/227/343 2737/228/343
f 2725/226/343 2737/228/343 2738/229/343
f 2739/226/344 2740/227/344 2735/228/344
f 2739/226/344 2735/228/344 2728/229/344
f 2741/222/339 2742/223/339 2743/224/339
f 2741/222/339 2743/224/339 2744/225/339
f 2745/226/340 2746/227/340 2747/228/340
f 2745/226/340 2747/228/340 2748/229/340
f 2749/226/341 2750/227/341 2751/228/341
f 2749/226/341 2751/228/341 2752/229/341
f 2753/226/342 2754/227/342 2755/228/342
f 2753/226/342 2755/228/342 2756/229/342
f 2745/226/343 2754/227/343 2757/228/343
f 2745/226/343 2757/228/343 2758/229/343
f 2759/226/344 2760/227/344 2755/228/344
f 2759/226/344 2755/228/344 2748/229/344
f 2761/222/339 2762/223/339 2763/224/339
f 2761/222/339 2763/224/339 2764/225/339
f 2765/226/340 2766/227/340 2767/228/340
f 2765/226/340 2767/228/340 2768/229/340
f 2769/226/341 2770/227/341 2771/228/341
f 2769/226/341 2771/228/341 2772/229/341
f 2773/226/342 2774/227/342 2775/228/342
f 2773/226/342 2775/228/342 2776/229/342
f 2765/226/343 2774/227/343 2777/228/343
f 2765/226/343 2777/228/343 2778/229/343
f 2779/226/344 2780/227/344 2775/228/344
f 2779/226/344 2775/228/344 2768/229/344
f 2781/222/339 2782/223/339 2783/224/339
f 2781/222/339 2783/224/339 2784/225/339
f 2785/226/340 2786/227/340 2787/228/340
f 2785/226/340 2787/228/340 2788/229/340
f 2789/226/341 2790/227/341 2791/228/341
f 2789/226/341 2791/228/341 2792/229/341
f 2793/226/342 2794/227/342 2795/228/342
f 2793/226/342 2795/228/342 2796/229/342
f 2785/226/343 2794/227/343 2797/228/343
f 2785/226/343 2797/228/343 2798/229/343
f 2799/226/344 2800/227/344 2795/228/344
f 2799/226/344 2795/228/344 2788/229/344
f 2801/222/339 2802/223/339 2803/224/339
f 2801/222/339 2803/224/339 2804/225/339
f 2805/226/340 2806/227/340 2807/228/340
f 2805/226/340 2807/228/340 2808/229/340
f 2809/226/341 2810/227/341 2811/228/341
f 2809/226/341 2811/228/341 2812/229/341
f 2813/226/342 2814/227/342 2815/228/342
f 2813/226/342 2815/228/342 2816/229/342
f 2805/226/343 2814/227/343 2817/228/343
f 2805/226/343 2817/228/343 2818/229/343
f 2819/226/344 2820/227/344 2815/228/344
f 2819/226/344 2815/228/344 2808/229/344
f 2821/222/339 2822/223/339 2823/224/339
f 2821/222/339 2823/224/339 2824/225/339
f 2825/226/340 2826/227/340 2827/228/340
f 2825/226/340 2827/228/340 2828/229/340
f 2829/226/341 2830/227/341 2831/228/341
f 2829/226/341 2831/228/341 2832/229/341
f 2833/226/342 2834/227/342 2835/228/342
f 2833/226/342 2835/228/342 2836/229/342
f 2825/226/343 2834/227/343 2837/228/343
f 2825/226/343 2837/228/343 2838/229/343
f 2839/226/344 2840/227/344 2835/228/344
f 2839/226/344 2835/228/344 2828/229/344
f 2841/222/339 2842/223/339 2843/224/339
f 2841/222/339 2843/224/339 2844/225/339
f 2845/226/340 2846/227/340 2847/228/340
f 2845/226/340 2847/228/340 2848/229/340
f 2849/226/341 2850/227/341 2851/228/341
f 2849/226/341 2851/228/341 2852/229/341
f 2853/226/342 2854/227/342 2855/228/342
f 2853/226/342 2855/228/342 2856/229/342
f 2845/226/343 2854/227/343 2857/228/343
f 2845/226/343 2857/228/343 2858/229/343
f 2859/226/344 2860/227/344 2855/228/344
f 2859/226/344 2855/228/344 2848/229/344
f 2861/222/339 2862/223/339 2863/224/339
f 2861/222/339 2863/224/339 2864/225/339
f 2865/226/340 2866/227/340 2867/228/340
f 2865/226/340 2867/228/340 2868/229/340
f 2869/226/341 2870/227/341 2871/228/341
f 2869/226/341 2871/228/341 2872/229/341
f 2873/226/342 2874/227/342 2875/228/342
f 2873/226/342 2875/228/342 2876/229/342
f 2865/226/343 2874/227/343 2877/228/343
f 2865/226/343 2877/228/343 2878/229/343
f 2879/226/344 2880/227/344 2875/228/344
f 2879/226/344 2875/228/344 2868/229/344
f 2881/222/339 2882/223/339 2883/224/339
f 2881/222/339 2883/224/339 2884/225/339
f 2885/226/340 2886/227/340 2887/228/340
f 2885/226/340 2887/228/340 2888/229/340
f 2889/226/341 2890/227/341 2891/228/341
f 2889/226/341 2891/228/341 2892/229/341
f 2893/226/342 2894/227/342 2895/228/342
f 2893/226/342 2895/228/342 2896/229/342
f 2885/226/343 2894/227/343 2897/228/343
f 2885/226/343 2897/228/343 2898/229/343
f 2899/222/341 2900/223/341 2901/224/341
f 2899/222/341 2901/224/341 2902/225/341
f 2903/226/357 2904/227/357 2905/228/357
f 2903/226/357 2905/228/357 2906/229/357
f 2907/226/339 2908/227/339 2909/228/339
f 2907/226/339 2909/228/339 2910/229/339
f 2911/226/358 2912/227/358 2913/228/358
f 2911/226/358 2913/228/358 2914/229/358
f 2903/226/359 2912/227/359 2915/228/359
f 2903/226/359 2915/228/359 2916/229/359
f 2917/226/360 2918/227/360 2913/228/360
f 2917/226/360 2913/228/360 2906/229/360
f 2919/222/341 2920/223/341 2921/224/341
f 2919/222/341 2921/224/341 2922/225/341
f 2923/226/361 2924/227/361 2925/228/361
f 2923/226/361 2925/228/361 2926/229/361
f 2927/226/339 2928/227/339 2929/228/339
f 2927/226/339 2929/228/339 2930/229/339
f 2931/226/362 2932/227/362 2933/228/362
f 2931/226/362 2933/228/362 2934/229/362
f 2923/226/363 2932/227/363 2935/228/363
f 2923/226/363 2935/228/363 2936/229/363
f 2937/226/364 2938/227/364 2933/228/364
f 2937/226/364 2933/228/364 2926/229/364
f 2939/222/341 2940/223/341 2941/224/341
f 2939/222/341 2941/224/341 2942/225/341
f 2943/226/365 2944/227/365 2945/228/365
f 2943/226/365 2945/228/365 2946/229/365
f 2947/226/339 2948/227/339 2949/228/339
f 2947/226/339 2949/228/339 2950/229/339
f 2951/226/366 2952/227/366 2953/228/366
f 2951/226/366 2953/228/366 2954/229/366
f 2943/226/367 2952/227/367 2955/228/367
f 2943/226/367 2955/228/367 2956/229/367
f 2957/226/368 2958/227/368 2953/228/368
f 2957/226/368 2953/228/368 2946/229/368
f 2959/222/341 2960/223/341 2961/224/341
f 2959/222/341 2961/224/341 2962/225/341
f 2963/226/369 2964/227/369 2965/228/369
f 2963/226/369 2965/228/369 2966/229/369
f 2967/226/339 2968/227/339 2969/228/339
f 2967/226/339 2969/228/339 2970/229/339
f 2971/226/370 2972/227/370 2973/228/370
f 2971/226/370 2973/228/370 2974/229/370
f 2963/226/367 2972/227/367 2975/228/367
f 2963/226/367 2975/228/367 2976/229/367
f 2977/226/368 2978/227/368 2973/228/368
f 2977/226/368 2973/228/368 2966/229/368
f 2979/222/341 2980/223/341 2981/224/341
f 2979/222/341 2981/224/341 2982/225/341
f 2983/226/371 2984/227/371 2985/228/371
f 2983/226/371 2985/228/371 2986/229/371
f 2987/226/339 2988/227/339 2989/228/339
f 2987/226/339 2989/228/339 2990/229/339
f 2991/226/372 2992/227/372 2993/228/372
f 2991/226/372 2993/228/372 2994/229/372
f 2983/226/367 2992/227/367 2995/228/367
f 2983/226/367 2995/228/367 2996/229/367
f 2997/226/373 2998/227/373 2993/228/373
f 2997/226/373 2993/228/373 2986/229/373
f 2999/222/341 3000/223/341 3001/224/341
f 2999/222/341 3001/224/341 3002/225/341
f 3003/226/374 3004/227/374 3005/228/374
f 3003/226/374 3005/228/374 3006/229/374
f 3007/226/339 3008/227/339 3009/228/339
f 3007/226/339 3009/228/339 3010/229/339
f 3011/226/375 3012/227/375 3013/228/375
f 3011/226/375 3013/228/375 3014/229/375
f 3003/226/376 3012/227/376 3015/228/376
f 3003/226/376 3015/228/376 3016/229/376
f 3017/226/377 3018/227/377 3013/228/377
f 3017/226/377 3013/228/377 3006/229/377
f 3019/222/341 3020/223/341 3021/224/341
f 3019/222/341 3021/224/341 3022/225/341
f 3023/226/340 3024/227/340 3025/228/340
f 3023/226/340 3025/228/340 3026/229/340
f 3027/226/339 3028/227/339 3029/228/339
f 3027/226/339 3029/228/339 3030/229/339
f 3031/226/342 3032/227/342 3033/228/342
f 3031/226/342 3033/228/342 3034/229/342
f 3023/226/344 3032/227/344 3035/228/344
f 3023/226/344 3035/228/344 3036/229/344
f 3037/226/343 3038/227/343 3033/228/343
f 3037/226/343 3033/228/343 3026/229/343
f 3039/222/341 3040/223/341 3041/224/341
f 3039/222/341 3041/224/341 3042/225/341
f 3043/226/340 3044/227/340 3045/228/340
f 3043/226/340 3045/228/340 3046/229/340
f 3047/226/339 3048/227/339 3049/228/339
f 3047/226/339 3049/228/339 3050/229/339
f 3051/226/342 3052/227/342 3053/228/342
f 3051/226/342 3053/228/342 3054/229/342
f 3043/226/344 3052/227/344 3055/228/344
f 3043/226/344 3055/228/344 3056/229/344
f 3057/226/343 3058/227/343 3053/228/343
f 3057/226/343 3053/228/343 3046/229/343
f 3059/222/341 3060/223/341 3061/224/341
f 3059/222/341 3061/224/341 3062/225/341
f 3063/226/340 3064/227/340 3065/228/340
f 3063/226/340 3065/228/340 3066/229/340
f 3067/226/339 3068/227/339 3069/228/339
f 3067/226/339 3069/228/339 3070/229/339
f 3071/226/342 3072/227/342 3073/228/342
f 3071/226/342 3073/228/342 3074/229/342
f 3063/226/344 3072/227/344 3075/228/344
f 3063/226/344 3075/228/344 3076/229/344
f 3077/226/343 3078/227/343 3073/228/343
f 3077/226/343 3073/228/343 3066/229/343
f 3079/222/341 3080/223/341 3081/224/341
f 3079/222/341 3081/224/341 3082/225/341
f 3083/226/378 3084/227/378 3085/228/378
f 3083/226/378 3085/228/378 3086/229/378
f 3087/226/339 3088/227/339 3089/228/339
f 3087/226/339 3089/228/339 3090/229/339
f 3091/226/350 3092/227/350 3093/228/350
f 3091/226/350 3093/228/350 3094/229/350
f 3083/226/379 3092/227/379 3095/228/379
f 3083/226/379 3095/228/379 3096/229/379
f 3097/226/352 3098/227/352 3093/228/352
f 3097/226/352 3093/228/352 3086/229/352
f 3099/222/341 3100/223/341 3101/224/341
f 3099/222/341 3101/224/341 3102/225/341
f 3103/226/380 3104/227/380 3105/228/380
f 3103/226/380 3105/228/380 3106/229/380
f 3107/226/339 3108/227/339 3109/228/339
f 3107/226/339 3109/228/339 3110/229/339
f 3111/226/381 3112/227/381 3113/228/381
f 3111/226/381 3113/228/381 3114/229/381
f 3103/226/382 3112/227/382 3115/228/382
f 3103/226/382 3115/228/382 3116/229/382
f 3117/226/383 3118/227/383 3113/228/383
f 3117/226/383 3113/228/383 3106/229/383
f 3119/222/341 3120/223/341 3121/224/341
f 3119/222/341 3121/224/341 3122/225/341
f 3123/226/384 3124/227/384 3125/228/384
f 3123/226/384 3125/228/384 3126/229/384
f 3127/226/339 3128/227/339 3129/228/339
f 3127/226/339 3129/228/339 3130/229/339
f 3131/226/385 3132/227/385 3133/228/385
f 3131/226/385 3133/228/385 3134/229/385
f 3123/226/382 3132/227/382 3135/228/382
f 3123/226/382 3135/228/382 3136/229/382
f 3137/226/383 3138/227/383 3133/228/383
f 3137/226/383 3133/228/383 3126/229/383
f 3139/222/341 3140/223/341 3141/224/341
f 3139/222/341 3141/224/341 3142/225/341
f 3143/226/386 3144/227/386 3145/228/386
f 3143/226/386 3145/228/386 3146/229/386
f 3147/226/339 3148/227/339 3149/228/339
f 3147/226/339 3149/228/339 3150/229/339
f 3151/226/387 3152/227/387 3153/228/387
f 3151/226/387 3153/228/387 3154/229/387
f 3143/226/382 3152/227/382 3155/228/382
f 3143/226/382 3155/228/382 3156/229/382
f 3157/226/383 3158/227/383 3153/228/383
f 3157/226/383 3153/228/383 3146/229/383
f 3159/222/341 3160/223/341 3161/224/341
f 3159/222/341 3161/224/341 3162/225/341
f 3163/226/388 3164/227/388 3165/228/388
f 3163/226/388 3165/228/388 3166/229/388
f 3167/226/339 3168/227/339 3169/228/339
f 3167/226/339 3169/228/339 3170/229/339
f 3171/226/389 3172/227/389 3173/228/389
f 3171/226/389 3173/228/389 3174/229/389
f 3163/226/390 3172/227/390 3175/228/390
f 3163/226/390 3175/228/390 3176/229/390
f 3177/226/391 3178/227/391 3173/228/391
f 3177/226/391 3173/228/391 3166/229/391
f 3179/222/341 3180/223/341 3181/224/341
f 3179/222/341 3181/224/341 3182/225/341
f 3183/226/340 3184/227/340 3185/228/340
f 3183/226/340 3185/228/340 3186/229/340
f 3187/226/339 3188/227/339 3189/228/339
f 3187/226/339 3189/228/339 3190/229/339
f 3191/226/342 3192/227/342 3193/228/342
f 3191/226/342 3193/228/342 3194/229/342
f 3183/226/344 3192/227/344 3195/228/344
f 3183/226/344 3195/228/344 3196/229/344
f 3197/226/343 3198/227/343 3193/228/343
f 3197/226/343 3193/228/343 3186/229/343
f 3199/222/341 3200/223/341 3201/224/341
f 3199/222/341 3201/224/341 3202/225/341
f 3203/226/340 3204/227/340 3205/228/340
f 3203/226/340 3205/228/340 3206/229/340
f 3207/226/339 3208/227/339 3209/228/339
f 3207/226/339 3209/228/339 3210/229/339
f 3211/226/342 3212/227/342 3213/228/342
f 3211/226/342 3213/228/342 3214/229/342
f 3203/226/344 3212/227/344 3215/228/344
f 3203/226/344 3215/228/344 3216/229/344
f 3217/226/343 3218/227/343 3213/228/343
f 3217/226/343 3213/228/343 3206/229/343
f 3219/222/341 3220/223/341 3221/224/341
f 3219/222/341 3221/224/341 3222/225/341
f 3223/226/340 3224/227/340 3225/228/340
f 3223/226/340 3225/228/340 3226/229/340
f 3227/226/339 3228/227/339 3229/228/339
f 3227/226/339 3229/228/339 3230/229/339
f 3231/226/342 3232/227/342 3233/228/342
f 3231/226/342 3233/228/342 3234/229/342
f 3223/226/344 3232/227/344 3235/228/344
f 3223/226/344 3235/228/344 3236/229/344
f 3237/226/343 3238/227/343 3233/228/343
f 3237/226/343 3233/228/343 3226/229/343
f 3239/222/341 3240/223/341 3241/224/341
f 3239/222/341 3241/224/341 3242/225/341
f 3243/226/340 3244/227/340 3245/228/340
f 3243/226/340 3245/228/340 3246/229/340
f 3247/226/339 3248/227/339 3249/228/339
f 3247/226/339 3249/228/339 3250/229/339
f 3251/226/342 3252/227/342 3253/228/342
f 3251/226/342 3253/228/342 3254/229/342
f 3243/226/344 3252/227/344 3255/228/344
f 3243/226/344 3255/228/344 3256/229/344
f 3257/226/343 3258/227/343 3253/228/343
f 3257/226/343 3253/228/343 3246/229/343
f 3259/222/341 3260/223/341 3261/224/341
f 3259/222/341 3261/224/341 3262/225/341
f 3263/226/392 3264/227/392 3265/228/392
f 3263/226/392 3265/228/392 3266/229/392
f 3267/226/339 3268/227/339 3269/228/339
f 3267/226/339 3269/228/339 3270/229/339
f 3271/226/393 3272/227/393 3273/228/393
f 3271/226/393 3273/228/393 3274/229/393
f 3263/226/394 3272/227/394 3275/228/394
f 3263/226/394 3275/228/394 3276/229/394
f 3277/226/395 3278/227/395 3273/228/395
f 3277/226/395 3273/228/395 3266/229/395
f 3279/222/341 3280/223/341 3281/224/341
f 3279/222/341 3281/224/341 3282/225/341
f 3283/226/340 3284/227/340 3285/228/340
f 3283/226/340 3285/228/340 3286/229/340
f 3287/226/339 3288/227/339 3289/228/339
f 3287/226/339 3289/228/339 3290/229/339
f 3291/226/342 3292/227/342 3293/228/342
f 3291/226/342 3293/228/342 3294/229/342
f 3283/226/344 3292/227/344 3295/228/344
f 3283/226/344 3295/228/344 3296/229/344
f 3297/226/343 3298/227/343 3293/228/343
f 3297/226/343 3293/228/343 3286/229/343
f 3299/222/341 3300/223/341 3301/224/341
f 3299/222/341 3301/224/341 3302/225/341
f 3303/226/396 3304/227/396 3305/228/396
f 3303/226/396 3305/228/396 3306/229/396
f 3307/226/339 3308/227/339 3309/228/339
f 3307/226/339 3309/228/339 3310/229/339
f 3311/226/397 3312/227/397 3313/228/397
f 3311/226/397 3313/228/397 3314/229/397
f 3303/226/398 3312/227/398 3315/228/398
f 3303/226/398 3315/228/398 3316/229/398
f 3317/226/399 3318/227/399 3313/228/399
f 3317/226/399 3313/228/399 3306/229/399
f 3319/222/341 3320/223/341 3321/224/341
f 3319/222/341 3321/224/341 3322/225/341
f 3323/226/400 3324/227/400 3325/228/400
f 3323/226/400 3325/228/400 3326/229/400
f 3327/226/339 3328/227/339 3329/228/339
f 3327/226/339 3329/228/339 3330/229/339
f 3331/226/401 3332/227/401 3333/228/401
f 3331/226/401 3333/228/401 3334/229/401
f 3323/226/402 3332/227/402 3335/228/402
f 3323/226/402 3335/228/402 3336/229/402
f 3337/226/403 3338/227/403 3333/228/403
f 3337/226/403 3333/228/403 3326/229/403
f 3339/222/341 3340/223/341 3341/224/341
f 3339/222/341 3341/224/341 3342/225/341
f 3343/226/340 3344/227/340 3345/228/340
f 3343/226/340 3345/228/340 3346/229/340
f 3347/226/339 3348/227/339 3349/228/339
f 3347/226/339 3349/228/339 3350/229/339
f 3351/226/342 3352/227/342 3353/228/342
f 3351/226/342 3353/228/342 3354/229/342
f 3343/226/344 3352/227/344 3355/228/344
f 3343/226/344 3355/228/344 3356/229/344
f 3357/226/343 3358/227/343 3353/228/343
f 3357/226/343 3353/228/343 3346/229/343
f 3359/222/341 3360/223/341 3361/224/341
f 3359/222/341 3361/224/341 3362/225/341
f 3363/226/404 3364/227/404 3365/228/404
f 3363/226/404 3365/228/404 3366/229/404
f 3367/226/339 3368/227/339 3369/228/339
f 3367/226/339 3369/228/339 3370/229/339
f 3371/226/405 3372/227/405 3373/228/405
f 3371/226/405 3373/228/405 3374/229/405
f 3363/226/406 3372/227/406 3375/228/406
f 3363/226/406 3375/228/406 3376/229/406
f 3377/226/407 3378/227/407 3373/228/407
f 3377/226/407 3373/228/407 3366/229/407
f 3379/222/341 3380/223/341 3381/224/341
f 3379/222/341 3381/224/341 3382/225/341
f 3383/226/340 3384/227/340 3385/228/340
f 3383/226/340 3385/228/340 3386/229/340
f 3387/226/339 3388/227/339 3389/228/339
f 3387/226/339 3389/228/339 3390/229/339
f 3391/226/342 3392/227/342 3393/228/342
f 3391/226/342 3393/228/342 3394/229/342
f 3383/226/344 3392/227/344 3395/228/344
f 3383/226/344 3395/228/344 3396/229/344
f 3397/226/343 3398/227/343 3393/228/343
f 3397/226/343 3393/228/343 3386/229/343
f 3399/222/341 3400/223/341 3401/224/341
f 3399/222/341 3401/224/341 3402/225/341
f 3403/226/340 3404/227/340 3405/228/340
f 3403/226/340 3405/228/340 3406/229/340
f 3407/226/339 3408/227/339 3409/228/339
f 3407/226/339 3409/228/339 3410/229/339
f 3411/226/342 3412/227/342 3413/228/342
f 3411/226/342 3413/228/342 3414/229/342
f 3403/226/344 3412/227/344 3415/228/344
f 3403/226/344 3415/228/344 3416/229/344
f 3417/226/343 3418/227/343 3413/228/343
f 3417/226/343 3413/228/343 3406/229/343
f 3419/222/341 3420/223/341 3421/224/341
f 3419/222/341 3421/224/341 3422/225/341
f 3423/226/340 3424/227/340 3425/228/340
f 3423/226/340 3425/228/340 3426/229/340
f 3427/226/339 3428/227/339 3429/228/339
f 3427/226/339 3429/228/339 3430/229/339
f 3431/226/342 3432/227/342 3433/228/342
f 3431/226/342 3433/228/342 3434/229/342
f 3423/226/344 3432/227/344 3435/228/344
f 3423/226/344 3435/228/344 3436/229/344
f 3437/226/343 3438/227/343 3433/228/343
f 3437/226/343 3433/228/343 3426/229/343
f 3439/222/341 3440/223/341 3441/224/341
f 3439/222/341 3441/224/341 3442/225/341
f 3443/226/408 3444/227/408 3445/228/408
f 3443/226/408 3445/228/408 3446/229/408
f 3447/226/339 3448/227/339 3449/228/339
f 3447/226/339 3449/228/339 3450/229/339
f 3451/226/409 3452/227/409 3453/228/409
f 3451/226/409 3453/228/409 3454/229/409
f 3443/226/410 3452/227/410 3455/228/410
f 3443/226/410 3455/228/410 3456/229/410
f 3457/226/411 3458/227/411 3453/228/411
f 3457/226/411 3453/228/411 3446/229/411
f 3459/222/341 3460/223/341 3461/224/341
f 3459/222/341 3461/224/341 3462/225/341
f 3463/226/340 3464/227/340 3465/228/340
f 3463/226/340 3465/228/340 3466/229/340
f 3467/226/339 3468/227/339 3469/228/339
f 3467/226/339 3469/228/339 3470/229/339
f 3471/226/342 3472/227/342 3473/228/342
f 3471/226/342 3473/228/342 3474/229/342
f 3463/226/344 3472/227/344 3475/228/344
f 3463/226/344 3475/228/344 3476/229/344
f 3477/226/343 3478/227/343 3473/228/343
f 3477/226/343 3473/228/343 3466/229/343
f 3479/222/341 3480/223/341 3481/224/341
f 3479/222/341 3481/224/341 3482/225/341
f 3483/226/340 3484/227/340 3485/228/340
f 3483/226/340 3485/228/340 3486/229/340
f 3487/226/339 3488/227/339 3489/228/339
f 3487/226/339 3489/228/339 3490/229/339
f 3491/226/342 3492/227/342 3493/228/342
f 3491/226/342 3493/228/342 3494/229/342
f 3483/226/344 3492/227/344 3495/228/344
f 3483/226/344 3495/228/344 3496/229/344
f 3497/226/343 3498/227/343 3493/228/343
f 3497/226/343 3493/228/343 3486/229/343
f 3499/222/341 3500/223/341 3501/224/341
f 3499/222/341 3501/224/341 3502/225/341
f 3503/226/412 3504/227/412 3505/228/412
f 3503/226/412 3505/228/412 3506/229/412
f 3507/226/339 3508/227/339 3509/228/339
f 3507/226/339 3509/228/339 3510/229/339
f 3511/226/413 3512/227/413 3513/228/413
f 3511/226/413 3513/228/413 3514/229/413
f 3503/226/414 3512/227/414 3515/228/414
f 3503/226/414 3515/228/414 3516/229/414
f 3517/226/415 3518/227/415 3513/228/415
f 3517/226/415 3513/228/415 3506/229/415
f 3519/222/339 3520/223/339 3521/224/339
f 3519/222/339 3521/224/339 3522/225/339
f 3523/226/416 3524/227/416 3525/228/416
f 3523/226/416 3525/228/416 3526/229/416
f 3527/226/341 3528/227/341 3529/228/341
f 3527/226/341 3529/228/341 3530/229/341
f 3531/226/417 3532/227/417 3533/228/417
f 3531/226/417 3533/228/417 3534/229/417
f 3523/226/418 3532/227/418 3535/228/418
f 3523/226/418 3535/228/418 3536/229/418
f 3537/226/419 3538/227/419 3533/228/419
f 3537/226/419 3533/228/419 3526/229/419
f 3539/222/339 3540/223/339 3541/224/339
f 3539/222/339 3541/224/339 3542/225/339
f 3543/226/420 3544/227/420 3545/228/420
f 3543/226/420 3545/228/420 3546/229/420
f 3547/226/341 3548/227/341 3549/228/341
f 3547/226/341 3549/228/341 3550/229/341
f 3551/226/421 3552/227/421 3553/228/421
f 3551/226/421 3553/228/421 3554/229/421
f 3543/226/422 3552/227/422 3555/228/422
f 3543/226/422 3555/228/422 3556/229/422
f 3557/226/423 3558/227/423 3553/228/423
f 3557/226/423 3553/228/423 3546/229/423
f 3559/222/339 3560/223/339 3561/224/339
f 3559/222/339 3561/224/339 3562/225/339
f 3563/226/424 3564/227/424 3565/228/424
f 3563/226/424 3565/228/424 3566/229/424
f 3567/226/341 3568/227/341 3569/228/341
f 3567/226/341 3569/228/341 3570/229/341
f 3571/226/425 3572/227/425 3573/228/425
f 3571/226/425 3573/228/425 3574/229/425
f 3563/226/426 3572/227/426 3575/228/426
f 3563/226/426 3575/228/426 3576/229/426
f 3577/226/427 3578/227/427 3573/228/427
f 3577/226/427 3573/228/427 3566/229/427
f 3579/222/339 3580/223/339 3581/224/339
f 3579/222/339 3581/224/339 3582/225/339
f 3583/226/428 3584/227/428 3585/228/428
f 3583/226/428 3585/228/428 3586/229/428
f 3587/226/341 3588/227/341 3589/228/341
f 3587/226/341 3589/228/341 3590/229/341
f 3591/226/429 3592/227/429 3593/228/429
f 3591/226/429 3593/228/429 3594/229/429
f 3583/226/430 3592/227/430 3595/228/430
f 3583/226/430 3595/228/430 3596/229/430
f 3597/226/431 3598/227/431 3593/228/431
f 3597/226/431 3593/228/431 3586/229/431
f 3599/222/339 3600/223/339 3601/224/339
f 3599/222/339 3601/224/339 3602/225/339
f 3603/226/432 3604/227/432 3605/228/432
f 3603/226/432 3605/228/432 3606/229/432
f 3607/226/341 3608/227/341 3609/228/341
f 3607/226/341 3609/228/341 3610/229/341
f 3611/226/433 3612/227/433 3613/228/433
f 3611/226/433 3613/228/433 3614/229/433
f 3603/226/434 3612/227/434 3615/228/434
f 3603/226/434 3615/228/434 3616/229/434
f 3617/226/435 3618/227/435 3613/228/435
f 3617/226/435 3613/228/435 3606/229/435
f 3619/222/339 3620/223/339 3621/224/339
f 3619/222/339 3621/224/339 3622/225/339
f 3623/226/436 3624/227/436 3625/228/436
f 3623/226/436 3625/228/436 3626/229/436
f 3627/226/341 3628/227/341 3629/228/341
f 3627/226/341 3629/228/341 3630/229/341
f 3631/226/437 3632/227/437 3633/228/437
f 3631/226/437 3633/228/437 3634/229/437
f 3623/226/438 3632/227/438 3635/228/438
f 3623/226/438 3635/228/438 3636/229/438
f 3637/226/439 3638/227/439 3633/228/439
f 3637/226/439 3633/228/439 3626/229/439
f 3639/222/339 3640/223/339 3641/224/339
f 3639/222/339 3641/224/339 3642/225/339
f 3643/226/440 3644/227/440 3645/228/440
f 3643/226/440 3645/228/440 3646/229/440
f 3647/226/341 3648/227/341 3649/228/341
f 3647/226/341 3649/228/341 3650/229/341
f 3651/226/441 3652/227/441 3653/228/441
f 3651/226/441 3653/228/441 3654/229/441
f 3643/226/442 3652/227/442 3655/228/442
f 3643/226/442 3655/228/442 3656/229/442
f 3657/226/443 3658/227/443 3653/228/443
f 3657/226/443 3653/228/443 3646/229/443
f 3659/222/339 3660/223/339 3661/224/339
f 3659/222/339 3661/224/339 3662/225/339
f 3663/226/444 3664/227/444 3665/228/444
f 3663/226/444 3665/228/444 3666/229/444
f 3667/226/341 3668/227/341 3669/228/341
f 3667/226/341 3669/228/341 3670/229/341
f 3671/226/445 3672/227/445 3673/228/445
f 3671/226/445 3673/228/445 3674/229/445
f 3663/226/446 3672/227/446 3675/228/446
f 3663/226/446 3675/228/446 3676/229/446
f 3677/226/447 3678/227/447 3673/228/447
f 3677/226/447 3673/228/447 3666/229/447
f 3679/222/339 3680/223/339 3681/224/339
f 3679/222/339 3681/224/339 3682/225/339
f 3683/226/448 3684/227/448 3685/228/448
f 3683/226/448 3685/228/448 3686/229/448
f 3687/226/341 3688/227/341 3689/228/341
f 3687/226/341 3689/228/341 3690/229/341
f 3691/226/449 3692/227/449 3693/228/449
f 3691/226/449 3693/228/449 3694/229/449
f 3683/226/450 3692/227/450 3695/228/450
f 3683/226/450 3695/228/450 3696/229/450
f 3697/226/451 3698/227/451 3693/228/451
f 3697/226/451 3693/228/451 3686/229/451
f 3699/222/339 3700/223/339 3701/224/339
f 3699/222/339 3701/224/339 3702/225/339
f 3703/226/452 3704/227/452 3705/228/452
f 3703/226/452 3705/228/452 3706/229/452
f 3707/226/341 3708/227/341 3709/228/341
f 3707/226/341 3709/228/341 3710/229/341
f 3711/226/453 3712/227/453 3713/228/453
f 3711/226/453 3713/228/453 3714/229/453
f 3703/226/454 3712/227/454 3715/228/454
f 3703/226/454 3715/228/454 3716/229/454
f 3717/226/455 3718/227/455 3713/228/455
f 3717/226/455 3713/228/455 3706/229/455
f 3719/222/339 3720/223/339 3721/224/339
f 3719/222/339 3721/224/339 3722/225/339
f 3723/226/340 3724/227/340 3725/228/340
f 3723/226/340 3725/228/340 3726/229/340
f 3727/226/341 3728/227/341 3729/228/341
f 3727/226/341 3729/228/341 3730/229/341
f 3731/226/342 3732/227/342 3733/228/342
f 3731/226/342 3733/228/342 3734/229/342
f 3723/226/343 3732/227/343 3735/228/343
f 3723/226/343 3735/228/343 3736/229/343
f 3737/226/344 3738/227/344 3733/228/344
f 3737/226/344 3733/228/344 3726/229/344
f 3739/222/339 3740/223/339 3741/224/339
f 3739/222/339 3741/224/339 3742/225/339
f 3743/226/340 3744/227/340 3745/228/340
f 3743/226/340 3745/228/340 3746/229/340
f 3747/226/341 3748/227/341 3749/228/341
f 3747/226/341 3749/228/341 3750/229/341
f 3751/226/342 3752/227/342 3753/228/342
f 3751/226/342 3753/228/342 3754/229/342
f 3743/226/343 3752/227/343 3755/228/343
f 3743/226/343 3755/228/343 3756/229/343
f 3757/226/344 3758/227/344 3753/228/344
f 3757/226/344 3753/228/344 3746/229/344
f 3759/222/339 3760/223/339 3761/224/339
f 3759/222/339 3761/224/339 3762/225/339
f 3763/226/340 3764/227/340 3765/228/340
f 3763/226/340 3765/228/340 3766/229/340
f 3767/226/341 3768/227/341 3769/228/341
f 3767/226/341 3769/228/341 3770/229/341
f 3771/226/342 3772/227/342 3773/228/342
f 3771/226/342 3773/228/342 3774/229/342
f 3763/226/343 3772/227/343 3775/228/343
f 3763/226/343 3775/228/343 3776/229/343
f 3777/226/344 3778/227/344 3773/228/344
f 3777/226/344 3773/228/344 3766/229/344
f 3779/222/339 3780/223/339 3781/224/339
f 3779/222/339 3781/224/339 3782/225/339
f 3783/226/340 3784/227/340 3785/228/340
f 3783/226/340 3785/228/340 3786/229/340
f 3787/226/341 3788/227/341 3789/228/341
f 3787/226/341 3789/228/341 3790/229/341
f 3791/226/342 3792/227/342 3793/228/342
f 3791/226/342 3793/228/342 3794/229/342
f 3783/226/343 3792/227/343 3795/228/343
f 3783/226/343 3795/228/343 3796/229/343
f 3797/226/344 3798/227/344 3793/228/344
f 3797/226/344 3793/228/344 3786/229/344
f 3799/222/339 3800/223/339 3801/224/339
f 3799/222/339 3801/224/339 3802/225/339
f 3803/226/456 3804/227/456 3805/228/456
f 3803/226/456 3805/228/456 3806/229/456
f 3807/226/341 3808/227/341 3809/228/341
f 3807/226/341 3809/228/341 3810/229/341
f 3811/226/457 3812/227/457 3813/228/457
f 3811/226/457 3813/228/457 3814/229/457
f 3803/226/458 3812/227/458 3815/228/458
f 3803/226/458 3815/228/458 3816/229/458
f 3817/226/459 3818/227/459 3813/228/459
f 3817/226/459 3813/228/459 3806/229/459
f 3819/222/339 3820/223/339 3821/224/339
f 3819/222/339 3821/224/339 3822/225/339
f 3823/226/340 3824/227/340 3825/228/340
f 3823/226/340 3825/228/340 3826/229/340
f 3827/226/341 3828/227/341 3829/228/341
f 3827/226/341 3829/228/341 3830/229/341
f 3831/226/342 3832/227/342 3833/228/342
f 3831/226/342 3833/228/342 3834/229/342
f 3823/226/343 3832/227/343 3835/228/343
f 3823/226/343 3835/228/343 3836/229/343
f 3837/226/344 3838/227/344 3833/228/344
f 3837/226/344 3833/228/344 3826/229/344
f 3839/222/339 3840/223/339 3841/224/339
f 3839/222/339 3841/224/339 3842/225/339
f 3843/226/340 3844/227/340 3845/228/340
f 3843/226/340 3845/228/340 3846/229/340
f 3847/226/341 3848/227/341 3849/228/341
f 3847/226/341 3849/228/341 3850/229/341
f 3851/226/342 3852/227/342 3853/228/342
f 3851/226/342 3853/228/342 3854/229/342
f 3843/226/343 3852/227/343 3855/228/343
f 3843/226/343 3855/228/343 3856/229/343
f 3857/226/344 3858/227/344 3853/228/344
f 3857/226/344 3853/228/344 3846/229/344
f 3859/222/339 3860/223/339 3861/224/339
f 3859/222/339 3861/224/339 3862/225/339
f 3863/226/340 3864/227/340 3865/228/340
f 3863/226/340 3865/228/340 3866/229/340
f 3867/226/341 3868/227/341 3869/228/341
f 3867/226/341 3869/228/341 3870/229/341
f 3871/226/342 3872/227/342 3873/228/342
f 3871/226/342 3873/228/342 3874/229/342
f 3863/226/343 3872/227/343 3875/228/343
f 3863/226/343 3875/228/343 3876/229/343
f 3877/226/344 3878/227/344 3873/228/344
f 3877/226/344 3873/228/344 3866/229/344
f 3879/222/339 3880/223/339 3881/224/339
f 3879/222/339 3881/224/339 3882/225/339
f 3883/226/460 3884/227/460 3885/228/460
f 3883/226/460 3885/228/460 3886/229/460
f 3887/226/341 3888/227/341 3889/228/341
f 3887/226/341 3889/228/341 3890/229/341
f 3891/226/461 3892/227/461 3893/228/461
f 3891/226/461 3893/228/461 3894/229/461
f 3883/226/462 3892/227/462 3895/228/462
f 3883/226/462 3895/228/462 3896/229/462
f 3897/226/463 3898/227/463 3893/228/463
f 3897/226/463 3893/228/463 3886/229/463
f 3899/222/339 3900/223/339 3901/224/339
f 3899/222/339 3901/224/339 3902/225/339
f 3903/226/340 3904/227/340 3905/228/340
f 3903/226/340 3905/228/340 3906/229/340
f 3907/226/341 3908/227/341 3909/228/341
f 3907/226/341 3909/228/341 3910/229/341
f 3911/226/342 3912/227/342 3913/228/342
f 3911/226/342 3913/228/342 3914/229/342
f 3903/226/343 3912/227/343 3915/228/343
f 3903/226/343 3915/228/343 3916/229/343
f 3917/226/344 3918/227/344 3913/228/344
f 3917/226/344 3913/228/344 3906/229/344
f 3919/222/339 3920/223/339 3921/224/339
f 3919/222/339 3921/224/339 3922/225/339
f 3923/226/378 3924/227/378 3925/228/378
f 3923/226/378 3925/228/378 3926/229/378
f 3927/226/341 3928/227/341 3929/228/341
f 3927/226/341 3929/228/341 3930/229/341
f 3931/226/464 3932/227/464 3933/228/464
f 3931/226/464 3933/228/464 3934/229/464
f 3923/226/465 3932/227/465 3935/228/465
f 3923/226/465 3935/228/465 3936/229/465
f 3937/226/466 3938/227/466 3933/228/466
f 3937/226/466 3933/228/466 3926/229/466
f 3939/222/339 3940/223/339 3941/224/339
f 3939/222/339 3941/224/339 3942/225/339
f 3943/226/340 3944/227/340 3945/228/340
f 3943/226/340 3945/228/340 3946/229/340
f 3947/226/341 3948/227/341 3949/228/341
f 3947/226/341 3949/228/341 3950/229/341
f 3951/226/342 3952/227/342 3953/228/342
f 3951/226/342 3953/228/342 3954/229/342
f 3943/226/343 3952/227/343 3955/228/343
f 3943/226/343 3955/228/343 3956/229/343
f 3957/226/344 3958/227/344 3953/228/344
f 3957/226/344 3953/228/344 3946/229/344
f 3959/222/339 3960/223/339 3961/224/339
f 3959/222/339 3961/224/339 3962/225/339
f 3963/226/467 3964/227/467 3965/228/467
f 3963/226/467 3965/228/467 3966/229/467
f 3967/226/341 3968/227/341 3969/228/341
f 3967/226/341 3969/228/341 3970/229/341
f 3971/226/468 3972/227/468 3973/228/468
f 3971/226/468 3973/228/468 3974/229/468
f 3963/226/469 3972/227/469 3975/228/469
f 3963/226/469 3975/228/469 3976/229/469
f 3977/226/470 3978/227/470 3973/228/470
f 3977/226/470 3973/228/470 3966/229/470
f 3979/222/341 3980/223/341 3981/224/341
f 3979/222/341 3981/224/341 3982/225/341
f 3983/226/340 3984/227/340 3985/228/340
f 3983/226/340 3985/228/340 3986/229/340
f 3987/226/339 3988/227/339 3989/228/339
f 3987/226/339 3989/228/339 3990/229/339
f 3991/226/342 3992/227/342 3993/228/342
f 3991/226/342 3993/228/342 3994/229/342
f 3983/226/344 3992/227/344 3995/228/344
f 3983/226/344 3995/228/344 3996/229/344
f 3997/226/343 3998/227/343 3993/228/343
f 3997/226/343 3993/228/343 3986/229/343
f 3999/226/343 4000/227/343 4001/228/343
f 3999/226/343 4001/228/343 4002/229/343
f 4003/222/341 4004/223/341 4005/224/341
f 4003/222/341 4005/224/341 4006/225/341
f 4007/226/340 4008/227/340 4009/228/340
f 4007/226/340 4009/228/340 4010/229/340
f 4011/226/339 4012/227/339 4013/228/339
f 4011/226/339 4013/228/339 4014/229/339
f 4015/226/342 4016/227/342 4017/228/342
f 4015/226/342 4017/228/342 4018/229/342
f 4007/226/344 4016/227/344 4019/228/344
f 4007/226/344 4019/228/344 4020/229/344
f 4021/226/343 4022/227/343 4017/228/343
f 4021/226/343 4017/228/343 4010/229/343
f 4023/222/341 4024/223/341 4025/224/341
f 4023/222/341 4025/224/341 4026/225/341
f 4027/226/340 4028/227/340 4029/228/340
f 4027/226/340 4029/228/340 4030/229/340
f 4031/226/339 4032/227/339 4033/228/339
f 4031/226/339 4033/228/339 4034/229/339
f 4035/226/342 4036/227/342 4037/228/342
f 4035/226/342 4037/228/342 4038/229/342
f 4027/226/344 4036/227/344 4039/228/344
f 4027/226/344 4039/228/344 4040/229/344
f 4041/226/343 4042/227/343 4037/228/343
f 4041/226/343 4037/228/343 4030/229/343
f 4043/222/341 4044/223/341 4045/224/341
f 4043/222/341 4045/224/341 4046/225/341
f 4047/226/340 4048/227/340 4049/228/340
f 4047/226/340 4049/228/340 4050/229/340
f 4051/226/339 4052/227/339 4053/228/339
f 4051/226/339 4053/228/339 4054/229/339
f 4055/226/342 4056/227/342 4057/228/342
f 4055/226/342 4057/228/342 4058/229/342
f 4047/226/344 4056/227/344 4059/228/344
f 4047/226/344 4059/228/344 4060/229/344
f 4061/226/343 4062/227/343 4057/228/343
f 4061/226/343 4057/228/343 4050/229/343
f 4063/226/344 4064/227/344 4065/228/344
f 4063/226/344 4065/228/344 4066/229/344
f 4067/222/341 4068/223/341 4069/224/341
f 4067/222/341 4069/224/341 4070/225/341
f 4071/226/342 4064/227/342 4072/228/342
f 4071/226/342 4072/228/342 4073/229/342
f 4074/226/339 4075/227/339 4076/228/339
f 4074/226/339 4076/228/339 4077/229/339
f 4078/226/343 4079/227/343 4072/228/343
f 4078/226/343 4072/228/343 4080/229/343
f 4063/226/340 4081/227/340 4082/228/340
f 4063/226/340 4082/228/340 4080/229/340
f 4083/226/344 4084/227/344 4085/228/344
f 4083/226/344 4085/228/344 4086/229/344
f 4087/222/341 4088/223/341 4089/224/341
f 4087/222/341 4089/224/341 4090/225/341
f 4091/226/342 4084/227/342 4092/228/342
f 4091/226/342 4092/228/342 4093/229/342
f 4094/226/339 4095/227/339 4096/228/339
f 4094/226/339 4096/228/339 4097/229/339
f 4098/226/343 4099/227/343 4092/228/343
f 4098/226/343 4092/228/343 4100/229/343
f 4083/226/340 4101/227/340 4102/228/340
f 4083/226/340 4102/228/340 4100/229/340
f 4103/226/344 4104/227/344 4105/228/344
f 4103/226/344 4105/228/344 4106/229/344
f 4107/222/341 4108/223/341 4109/224/341
f 4107/222/341 4109/224/341 4110/225/341
f 4111/226/342 4104/227/342 4112/228/342
f 4111/226/342 4112/228/342 4113/229/342
f 4114/226/339 4115/227/339 4116/228/339
f 4114/226/339 4116/228/339 4117/229/339
f 4118/226/343 4119/227/343 4112/228/343
f 4118/226/343 4112/228/343 4120/229/343
f 4103/226/340 4121/227/340 4122/228/340
f 4103/226/340 4122/228/340 4120/229/340
f 4123/226/344 4124/227/344 4125/228/344
f 4123/226/344 4125/228/344 4126/229/344
f 4127/222/341 4128/223/341 4129/224/341
f 4127/222/341 4129/224/341 4130/225/341
f 4131/226/342 4124/227/342 4132/228/342
f 4131/226/342 4132/228/342 4133/229/342
f 4134/226/339 4135/227/339 4136/228/339
f 4134/226/339 4136/228/339 4137/229/339
f 4138/226/343 4139/227/343 4132/228/343
f 4138/226/343 4132/228/343 4140/229/343
f 4123/226/340 4141/227/340 4142/228/340
f 4123/226/340 4142/228/340 4140/229/340
f 4143/226/344 4144/227/344 4145/228/344
f 4143/226/344 4145/228/344 4146/229/344
f 4147/222/341 4148/223/341 4149/224/341
f 4147/222/341 4149/224/341 4150/225/341
f 4151/226/342 4144/227/342 4152/228/342
f 4151/226/342 4152/228/342 4153/229/342
f 4154/226/339 4155/227/339 4156/228/339
f 4154/226/339 4156/228/339 4157/229/339
f 4158/226/343 4159/227/343 4152/228/343
f 4158/226/343 4152/228/343 4160/229/343
f 4143/226/340 4161/227/340 4162/228/340
f 4143/226/340 4162/228/340 4160/229/340
f 4163/226/339 4164/227/339 4165/228/339
f 4163/226/339 4165/228/339 4166/229/339
f 4167/226/340 4168/227/340 4169/228/340
f 4167/226/340 4169/228/340 4170/229/340
f 4171/226/341 4172/227/341 4173/228/341
f 4171/226/341 4173/228/341 4174/229/341
f 4175/226/342 4176/227/342 4177/228/342
f 4175/226/342 4177/228/342 4178/229/342
f 4167/226/343 4176/227/343 4179/228/343
f 4167/226/343 4179/228/343 4180/229/343
f 4181/226/344 4182/227/344 4177/228/344
f 4181/226/344 4177/228/344 4170/229/344
f 4183/226/339 4184/227/339 4185/228/339
f 4183/226/339 4185/228/339 4186/229/339
f 4187/226/471 4188/227/471 4189/228/471
f 4187/226/471 4189/228/471 4190/229/471
f 4191/226/341 4192/227/341 4193/228/341
f 4191/226/341 4193/228/341 4194/229/341
f 4195/226/472 4196/227/472 4197/228/472
f 4195/226/472 4197/228/472 4198/229/472
f 4187/226/473 4196/227/473 4199/228/473
f 4187/226/473 4199/228/473 4200/229/473
f 4201/226/474 4202/227/474 4197/228/474
f 4201/226/474 4197/228/474 4190/229/474
f 4203/226/339 4204/227/339 4205/228/339
f 4203/226/339 4205/228/339 4206/229/339
f 4207/226/340 4208/227/340 4209/228/340
f 4207/226/340 4209/228/340 4210/229/340
f 4211/226/341 4212/227/341 4213/228/341
f 4211/226/341 4213/228/341 4214/229/341
f 4215/226/342 4216/227/342 4217/228/342
f 4215/226/342 4217/228/342 4218/229/342
f 4207/226/343 4216/227/343 4219/228/343
f 4207/226/343 4219/228/343 4220/229/343
f 4221/226/344 4222/227/344 4217/228/344
f 4221/226/344 4217/228/344 4210/229/344
f 4223/222/339 4224/223/339 4225/224/339
f 4223/222/339 4225/224/339 4226/225/339
f 4227/226/340 4228/227/340 4229/228/340
f 4227/226/340 4229/228/340 4230/229/340
f 4231/226/341 4232/227/341 4233/228/341
f 4231/226/341 4233/228/341 4234/229/341
f 4235/226/342 4236/227/342 4237/228/342
f 4235/226/342 4237/228/342 4238/229/342
f 4227/226/343 4236/227/343 4239/228/343
f 4227/226/343 4239/228/343 4240/229/343
f 4241/226/344 4242/227/344 4237/228/344
f 4241/226/344 4237/228/344 4230/229/344
f 4243/222/339 4244/223/339 4245/224/339
f 4243/222/339 4245/224/339 4246/225/339
f 4247/226/340 4248/227/340 4249/228/340
f 4247/226/340 4249/228/340 4250/229/340
f 4251/226/341 4252/227/341 4253/228/341
f 4251/226/341 4253/228/341 4254/229/341
f 4255/226/342 4256/227/342 4257/228/342
f 4255/226/342 4257/228/342 4258/229/342
f 4247/226/343 4256/227/343 4259/228/343
f 4247/226/343 4259/228/343 4260/229/343
f 4261/226/344 4262/227/344 4257/228/344
f 4261/226/344 4257/228/344 4250/229/344
f 4263/226/343 4264/227/343 4265/228/343
f 4263/226/343 4265/228/343 4266/229/343
f 4267/222/339 4268/223/339 4269/224/339
f 4267/222/339 4269/224/339 4270/225/339
f 4271/226/342 4264/227/342 4272/228/342
f 4271/226/342 4272/228/342 4273/229/342
f 4274/226/341 4275/227/341 4276/228/341
f 4274/226/341 4276/228/341 4277/229/341
f 4278/226/344 4279/227/344 4272/228/344
f 4278/226/344 4272/228/344 4280/229/344
f 4263/226/340 4281/227/340 4282/228/340
f 4263/226/340 4282/228/340 4280/229/340
f 4283/226/475 4284/227/475 4285/228/475
f 4283/226/475 4285/228/475 4286/229/475
f 4287/222/339 4288/223/339 4289/224/339
f 4287/222/339 4289/224/339 4290/225/339
f 4291/226/476 4284/227/476 4292/228/476
f 4291/226/476 4292/228/476 4293/229/476
f 4294/226/341 4295/227/341 4296/228/341
f 4294/226/341 4296/228/341 4297/229/341
f 4298/226/477 4299/227/477 4292/228/477
f 4298/226/477 4292/228/477 4300/229/477
f 4283/226/478 4301/227/478 4302/228/478
f 4283/226/478 4302/228/478 4300/229/478
# Vertices: 1862, normals: 140, texture coordinates: 8, faces: 1116

o obj6
v -0.63317316 0.099295 0.85167878
v -0.63498141 0.09955036 0.85350496
v -0.64795595 0.00767278 0.85167878
v -0.68190645 0.1061769 0.85350496
v -0.6837147 0.10643226 0.85167878
v -0.69488102 0.01429933 0.85167878
v -0.63317316 0.099295 0.80428816
v -0.64795595 0.00767278 0.80428816
v -0.63498141 0.09955036 0.80246197
v -0.6837147 0.10643226 0.80428816
v -0.68190645 0.1061769 0.80246197
v -0.69488102 0.01429933 0.80428816
v -0.63317313 0.09929534 0.48750144
v -0.63498138 0.09955069 0.48932763
v -0.64795592 0.00767311 0.48750144
v -0.68190641 0.10617723 0.48932763
v -0.68371466 0.10643258 0.48750144
v -0.69488099 0.01429966 0.48750144
v -0.63317313 0.09929534 0.44011082
v -0.64795592 0.00767311 0.44011082
v -0.63498138 0.09955069 0.43828464
v -0.68371466 0.10643258 0.44011082
v -0.68190641 0.10617723 0.43828464
v -0.69488099 0.01429966 0.44011082
v -0.27177148 2.69574202 0.85536612
v -0.31200415 2.7014235 0.85536612
v -0.6545507 0.27572505 0.85536612
v -0.61431802 0.27004357 0.85536612
v -0.31900145 2.70241162 0.80766754
v -0.66154799 0.27671317 0.80766754
v -0.66154799 0.27671317 0.8482994
v -0.31900145 2.70241162 0.8482994
v -0.66452506 -0.08549098 0.8482994
v -0.70475773 -0.0798095 0.8482994
v -0.70475773 -0.0798095 0.80766754
v -0.66452506 -0.08549098 0.80766754
v -0.61431802 0.27004357 0.80060082
v -0.6545507 0.27572505 0.80060082
v -0.31200415 2.7014235 0.80060082
v -0.27177148 2.69574202 0.80060082
v -0.60732073 0.26905544 0.8482994
v -0.60825554 0.26918745 0.85182812
v -0.63317316 0.099295 0.85167878
v -0.63332609 0.09165363 0.8482994
v -0.60825554 0.26918745 0.85182812
v -0.61082397 0.26955015 0.85442204
v -0.63498141 0.09955036 0.85350496
v -0.63317316 0.099295 0.85167878
v -0.61431802 0.27004357 0.85536612
v -0.63938857 0.09250974 0.85442204
v -0.61082397 0.26955015 0.85442204
v -0.63938857 0.09250974 0.85442204
v -0.65781757 -0.03799284 0.85182812
v -0.63498141 0.09955036 0.85350496
v -0.65432351 -0.03848626 0.8482994
v -0.65781757 -0.03799284 0.85182812
v -0.65432351 -0.03848626 0.8482994
v -0.63332609 0.09165363 0.8482994
v -0.64795595 0.00767278 0.85167878
v -0.6545507 0.27572505 0.85536612
v -0.65804475 0.27621846 0.85442204
v -0.68190645 0.1061769 0.85350496
v -0.67962124 0.09819122 0.85442204
v -0.65804475 0.27621846 0.85442204
v -0.66061318 0.27658116 0.85182812
v -0.6837147 0.10643226 0.85167878
v -0.68190645 0.1061769 0.85350496
v -0.66154799 0.27671317 0.8482994
v -0.68568372 0.09904734 0.8482994
v -0.66061318 0.27658116 0.85182812
v -0.68568372 0.09904734 0.8482994
v -0.70154431 -0.03181795 0.8482994
v -0.6837147 0.10643226 0.85167878
v -0.70475773 -0.0798095 0.8482994
v -0.69805026 -0.03231136 0.85182812
v -0.70154431 -0.03181795 0.8482994
v -0.69805026 -0.03231136 0.85182812
v -0.67962124 0.09819122 0.85442204
v -0.69488102 0.01429933 0.85167878
v -0.60732073 0.26905544 0.80766754
v -0.63332609 0.09165363 0.80766754
v -0.63317316 0.099295 0.80428816
v -0.60825554 0.26918745 0.80413881
v -0.63332609 0.09165363 0.80766754
v -0.65432351 -0.03848626 0.80766754
v -0.64795595 0.00767278 0.80428816
v -0.63317316 0.099295 0.80428816
v -0.66452506 -0.08549098 0.80766754
v -0.65781757 -0.03799284 0.80413881
v -0.65432351 -0.03848626 0.80766754
v -0.65781757 -0.03799284 0.80413881
v -0.63938857 0.09250974 0.8015449
v -0.64795595 0.00767278 0.80428816
v -0.61082397 0.26955015 0.8015449
v -0.63938857 0.09250974 0.8015449
v -0.61082397 0.26955015 0.8015449
v -0.60825554 0.26918745 0.80413881
v -0.63498141 0.09955036 0.80246197
v -0.66154799 0.27671317 0.80766754
v -0.66061318 0.27658116 0.80413881
v -0.6837147 0.10643226 0.80428816
v -0.68568372 0.09904734 0.80766754
v -0.66061318 0.27658116 0.80413881
v -0.65804475 0.27621846 0.8015449
v -0.68190645 0.1061769 0.80246197
v -0.6837147 0.10643226 0.80428816
v -0.6545507 0.27572505 0.80060082
v -0.67962124 0.09819122 0.8015449
v -0.65804475 0.27621846 0.8015449
v -0.67962124 0.09819122 0.8015449
v -0.69805026 -0.03231136 0.80413881
v -0.68190645 0.1061769 0.80246197
v -0.70475773 -0.0798095 0.80766754
v -0.70154431 -0.03181795 0.80766754
v -0.69805026 -0.03231136 0.80413881
v -0.70154431 -0.03181795 0.80766754
v -0.68568372 0.09904734 0.80766754
v -0.69488102 0.01429933 0.80428816
v -0.60732073 0.26905544 0.8482994
v -0.63332609 0.09165363 0.8482994
v -0.63332609 0.09165363 0.80766754
v -0.65432351 -0.03848626 0.8482994
v -0.65432351 -0.03848626 0.80766754
v -0.66452506 -0.08549098 0.8482994
v -0.6545507 0.27572505 0.85536612
v -0.67962124 0.09819122 0.85442204
v -0.63938857 0.09250974 0.85442204
v -0.69805026 -0.03231136 0.85182812
v -0.65781757 -0.03799284 0.85182812
v -0.70475773 -0.0798095 0.8482994
v -0.66452506 -0.08549098 0.8482994
v -0.68568372 0.09904734 0.80766754
v -0.68568372 0.09904734 0.8482994
v -0.70154431 -0.03181795 0.80766754
v -0.70154431 -0.03181795 0.8482994
v -0.70475773 -0.0798095 0.8482994
v -0.61431802 0.27004357 0.80060082
v -0.63938857 0.09250974 0.8015449
v -0.67962124 0.09819122 0.8015449
v -0.65781757 -0.03799284 0.80413881
v -0.69805026 -0.03231136 0.80413881
v -0.66452506 -0.08549098 0.80766754
v -0.70475773 -0.0798095 0.80766754
v -0.26571165 2.69488628 0.80413417
v -0.61082397 0.26955015 0.8015449
v -0.26827283 2.69524796 0.80154759
v -0.26827283 2.69524796 0.80154759
v -0.61431802 0.27004357 0.80060082
v -0.31900145 2.70241162 0.80766754
v -0.31806399 2.70227924 0.80413417
v -0.66061318 0.27658116 0.80413881
v -0.31806399 2.70227924 0.80413417
v -0.3155028 2.70191756 0.80154759
v -0.65804475 0.27621846 0.8015449
v -0.3155028 2.70191756 0.80154759
v -0.6545507 0.27572505 0.80060082
v -0.26571165 2.69488628 0.85183277
v -0.26827283 2.69524796 0.85441935
v -0.61082397 0.26955015 0.85442204
v -0.26827283 2.69524796 0.85441935
v -0.27177148 2.69574202 0.85536612
v -0.31900145 2.70241162 0.8482994
v -0.66154799 0.27671317 0.8482994
v -0.66061318 0.27658116 0.85182812
v -0.31806399 2.70227924 0.85183277
v -0.31806399 2.70227924 0.85183277
v -0.65804475 0.27621846 0.85442204
v -0.3155028 2.70191756 0.85441935
v -0.3155028 2.70191756 0.85441935
v -0.31200415 2.7014235 0.85536612
v -0.27291882 2.63707873 0.80766754
v -0.27285234 2.63754949 0.8482994
v -0.60732073 0.26905544 0.8482994
v -0.30782901 2.44040521 0.49118879
v -0.34806172 2.44608652 0.49118879
v -0.34806172 2.44608652 0.81329764
v -0.30782901 2.44040521 0.81329764
v -0.65253362 0.34054734 0.4434902
v -0.66154796 0.2767135 0.4434902
v -0.66154796 0.2767135 0.48412207
v -0.65253362 0.34054734 0.48412207
v -0.66452507 -0.08549098 0.48412207
v -0.70475775 -0.0798095 0.48412207
v -0.70475775 -0.0798095 0.4434902
v -0.66452507 -0.08549098 0.4434902
v -0.28078587 2.63190769 0.43642348
v -0.32101854 2.63758917 0.43642348
v -0.31200416 2.70142333 0.43642348
v -0.27177149 2.69574185 0.43642348
v -0.6073207 0.26905577 0.48412207
v -0.60825551 0.26918778 0.48765079
v -0.63317313 0.09929534 0.48750144
v -0.6333261 0.09165363 0.48412207
v -0.60825551 0.26918778 0.48765079
v -0.61082393 0.26955048 0.49024471
v -0.63498138 0.09955069 0.48932763
v -0.63317313 0.09929534 0.48750144
v -0.61431798 0.2700439 0.49118879
v -0.63938858 0.09250975 0.49024471
v -0.61082393 0.26955048 0.49024471
v -0.63938858 0.09250975 0.49024471
v -0.65781754 -0.03799251 0.48765079
v -0.63498138 0.09955069 0.48932763
v -0.65432348 -0.03848593 0.48412207
v -0.65781754 -0.03799251 0.48765079
v -0.65432348 -0.03848593 0.48412207
v -0.6333261 0.09165363 0.48412207
v -0.64795592 0.00767311 0.48750144
v -0.65455066 0.27572538 0.49118879
v -0.65804472 0.27621879 0.49024471
v -0.68190641 0.10617723 0.48932763
v -0.67962125 0.09819122 0.49024471
v -0.65804472 0.27621879 0.49024471
v -0.66061314 0.27658149 0.48765079
v -0.68371466 0.10643258 0.48750144
v -0.68190641 0.10617723 0.48932763
v -0.66154796 0.2767135 0.48412207
v -0.68568373 0.09904734 0.48412207
v -0.66061314 0.27658149 0.48765079
v -0.68568373 0.09904734 0.48412207
v -0.70154428 -0.03181762 0.48412207
v -0.68371466 0.10643258 0.48750144
v -0.70475775 -0.0798095 0.48412207
v -0.69805022 -0.03231103 0.48765079
v -0.70154428 -0.03181762 0.48412207
v -0.69805022 -0.03231103 0.48765079
v -0.67962125 0.09819122 0.49024471
v -0.69488099 0.01429966 0.48750144
v -0.6073207 0.26905577 0.4434902
v -0.6333261 0.09165363 0.4434902
v -0.63317313 0.09929534 0.44011082
v -0.60825551 0.26918778 0.43996148
v -0.6333261 0.09165363 0.4434902
v -0.65432348 -0.03848593 0.4434902
v -0.64795592 0.00767311 0.44011082
v -0.63317313 0.09929534 0.44011082
v -0.66452507 -0.08549098 0.4434902
v -0.65781754 -0.03799251 0.43996148
v -0.65432348 -0.03848593 0.4434902
v -0.65781754 -0.03799251 0.43996148
v -0.63938858 0.09250975 0.43736756
v -0.64795592 0.00767311 0.44011082
v -0.61431798 0.2700439 0.43642348
v -0.61082393 0.26955048 0.43736756
v -0.63938858 0.09250975 0.43736756
v -0.61082393 0.26955048 0.43736756
v -0.60825551 0.26918778 0.43996148
v -0.63498138 0.09955069 0.43828464
v -0.66154796 0.2767135 0.4434902
v -0.66061314 0.27658149 0.43996148
v -0.68371466 0.10643258 0.44011082
v -0.68568373 0.09904734 0.4434902
v -0.66061314 0.27658149 0.43996148
v -0.65804472 0.27621879 0.43736756
v -0.68190641 0.10617723 0.43828464
v -0.68371466 0.10643258 0.44011082
v -0.65455066 0.27572538 0.43642348
v -0.67962125 0.09819122 0.43736756
v -0.65804472 0.27621879 0.43736756
v -0.67962125 0.09819122 0.43736756
v -0.69805022 -0.03231103 0.43996148
v -0.68190641 0.10617723 0.43828464
v -0.70475775 -0.0798095 0.4434902
v -0.70154428 -0.03181762 0.4434902
v -0.69805022 -0.03231103 0.43996148
v -0.70154428 -0.03181762 0.4434902
v -0.68568373 0.09904734 0.4434902
v -0.69488099 0.01429966 0.44011082
v -0.6073207 0.26905577 0.48412207
v -0.6333261 0.09165363 0.48412207
v -0.6333261 0.09165363 0.4434902
v -0.65432348 -0.03848593 0.48412207
v -0.65432348 -0.03848593 0.4434902
v -0.66452507 -0.08549098 0.48412207
v -0.65455066 0.27572538 0.49118879
v -0.67962125 0.09819122 0.49024471
v -0.63938858 0.09250975 0.49024471
v -0.69805022 -0.03231103 0.48765079
v -0.65781754 -0.03799251 0.48765079
v -0.70475775 -0.0798095 0.48412207
v -0.66452507 -0.08549098 0.48412207
v -0.68568373 0.09904734 0.4434902
v -0.68568373 0.09904734 0.48412207
v -0.70154428 -0.03181762 0.4434902
v -0.70154428 -0.03181762 0.48412207
v -0.70475775 -0.0798095 0.48412207
v -0.61431798 0.2700439 0.43642348
v -0.63938858 0.09250975 0.43736756
v -0.67962125 0.09819122 0.43736756
v -0.65781754 -0.03799251 0.43996148
v -0.69805022 -0.03231103 0.43996148
v -0.66452507 -0.08549098 0.4434902
v -0.70475775 -0.0798095 0.4434902
v -0.59830635 0.3328896 0.4434902
v -0.6073207 0.26905577 0.4434902
v -0.60825551 0.26918778 0.43996148
v -0.59924119 0.33302195 0.43996135
v -0.59924119 0.33302195 0.43996135
v -0.61082393 0.26955048 0.43736756
v -0.60180942 0.33338463 0.43736764
v -0.60180942 0.33338463 0.43736764
v -0.61431798 0.2700439 0.43642348
v -0.60530364 0.33387773 0.43642348
v -0.32801583 2.6385773 0.4434902
v -0.31900146 2.70241146 0.4434902
v -0.318064 2.70227907 0.43995686
v -0.32707845 2.63844492 0.43995696
v -0.32707845 2.63844492 0.43995696
v -0.318064 2.70227907 0.43995686
v -0.31550281 2.7019174 0.43737025
v -0.32451706 2.63808322 0.43737017
v -0.32451706 2.63808322 0.43737017
v -0.31550281 2.7019174 0.43737025
v -0.32101854 2.63758917 0.43642348
v -0.27472597 2.63105194 0.48765531
v -0.26571166 2.69488611 0.48765541
v -0.26827284 2.69524779 0.49024202
v -0.27728734 2.63141364 0.4902421
v -0.27728734 2.63141364 0.4902421
v -0.26827284 2.69524779 0.49024202
v -0.27177149 2.69574185 0.49118879
v -0.28078587 2.63190769 0.49118879
v -0.65253362 0.34054734 0.48412207
v -0.66154796 0.2767135 0.48412207
v -0.66061314 0.27658149 0.48765079
v -0.65159869 0.34041564 0.48765092
v -0.65159869 0.34041564 0.48765092
v -0.65804472 0.27621879 0.49024471
v -0.64903046 0.34005297 0.49024463
v -0.64903046 0.34005297 0.49024463
v -0.65455066 0.27572538 0.49118879
v -0.64553633 0.33955921 0.49118879
v -0.27378513 2.6309205 0.4434902
v -0.27307482 2.63683727 0.4434902
v -0.27306508 2.63690625 0.48412207
v -0.27378519 2.63092051 0.48412207
v -0.59830635 0.3328896 0.4434902
v -0.59830635 0.3328896 0.48412207
v -0.6073207 0.26905577 0.48412207
v -0.58929193 0.39672409 0.4434902
v -0.58929197 0.39672376 0.48412207
v -0.59830635 0.3328896 0.48412207
v -0.58929193 0.39672409 0.4434902
v -0.58027754 0.46055825 0.4434902
v -0.58027759 0.46055793 0.48412207
v -0.58929197 0.39672376 0.48412207
v -0.58027754 0.46055825 0.4434902
v -0.57126316 0.52439241 0.4434902
v -0.57126321 0.52439209 0.48412207
v -0.58027759 0.46055793 0.48412207
v -0.57126316 0.52439241 0.4434902
v -0.56224878 0.58822658 0.4434902
v -0.56224883 0.58822625 0.48412207
v -0.57126321 0.52439209 0.48412207
v -0.56224878 0.58822658 0.4434902
v -0.55323439 0.65206074 0.4434902
v -0.55323439 0.65206074 0.48412207
v -0.56224883 0.58822625 0.48412207
v -0.55323439 0.65206074 0.4434902
v -0.54422001 0.7158949 0.4434902
v -0.54422001 0.7158949 0.48412207
v -0.55323439 0.65206074 0.48412207
v -0.54422001 0.7158949 0.4434902
v -0.53520564 0.77972906 0.4434902
v -0.53520564 0.77972906 0.48412207
v -0.54422001 0.7158949 0.48412207
v -0.53520564 0.77972906 0.4434902
v -0.52619125 0.84356322 0.4434902
v -0.52619125 0.84356322 0.48412207
v -0.53520564 0.77972906 0.48412207
v -0.52619125 0.84356322 0.4434902
v -0.51717687 0.90739738 0.4434902
v -0.51717687 0.90739738 0.48412207
v -0.52619125 0.84356322 0.48412207
v -0.51717687 0.90739738 0.4434902
v -0.50816249 0.97123154 0.4434902
v -0.50816249 0.97123154 0.48412207
v -0.51717687 0.90739738 0.48412207
v -0.50816249 0.97123154 0.4434902
v -0.4991481 1.0350657 0.4434902
v -0.4991481 1.0350657 0.48412207
v -0.50816249 0.97123154 0.48412207
v -0.4991481 1.0350657 0.4434902
v -0.49013368 1.09890019 0.4434902
v -0.49013372 1.09889986 0.48412207
v -0.4991481 1.0350657 0.48412207
v -0.49013368 1.09890019 0.4434902
v -0.48111929 1.16273435 0.4434902
v -0.48111934 1.16273402 0.48412207
v -0.49013372 1.09889986 0.48412207
v -0.48111929 1.16273435 0.4434902
v -0.47210491 1.22656851 0.4434902
v -0.47210496 1.22656819 0.48412207
v -0.48111934 1.16273402 0.48412207
v -0.47210491 1.22656851 0.4434902
v -0.4630906 1.29040218 0.4434902
v -0.46309061 1.2904021 0.48412207
v -0.47210496 1.22656819 0.48412207
v -0.4630906 1.29040218 0.4434902
v -0.4540762 1.35423643 0.4434902
v -0.45407622 1.35423626 0.48412207
v -0.46309061 1.2904021 0.48412207
v -0.4540762 1.35423643 0.4434902
v -0.44506182 1.41807059 0.4434902
v -0.44506185 1.41807042 0.48412207
v -0.45407622 1.35423626 0.48412207
v -0.44506182 1.41807059 0.4434902
v -0.43604745 1.48190475 0.4434902
v -0.43604747 1.48190458 0.48412207
v -0.44506185 1.41807042 0.48412207
v -0.43604745 1.48190475 0.4434902
v -0.42703305 1.54573899 0.4434902
v -0.42703307 1.54573883 0.48412207
v -0.43604747 1.48190458 0.48412207
v -0.42703305 1.54573899 0.4434902
v -0.41801867 1.60957315 0.4434902
v -0.41801869 1.60957299 0.48412207
v -0.42703307 1.54573883 0.48412207
v -0.41801867 1.60957315 0.4434902
v -0.40900428 1.67340731 0.4434902
v -0.4090043 1.67340715 0.48412207
v -0.41801869 1.60957299 0.48412207
v -0.40900428 1.67340731 0.4434902
v -0.39998989 1.73724156 0.4434902
v -0.39998992 1.73724131 0.48412207
v -0.4090043 1.67340715 0.48412207
v -0.39998989 1.73724156 0.4434902
v -0.3909755 1.8010758 0.4434902
v -0.39097553 1.80107555 0.48412207
v -0.39998992 1.73724131 0.48412207
v -0.3909755 1.8010758 0.4434902
v -0.38196111 1.86490996 0.4434902
v -0.38196114 1.86490971 0.48412207
v -0.39097553 1.80107555 0.48412207
v -0.38196111 1.86490996 0.4434902
v -0.37294676 1.92874396 0.4434902
v -0.37294678 1.92874375 0.48412207
v -0.38196114 1.86490971 0.48412207
v -0.37294676 1.92874396 0.4434902
v -0.36393237 1.99257816 0.4434902
v -0.3639324 1.99257795 0.48412207
v -0.37294678 1.92874375 0.48412207
v -0.36393237 1.99257816 0.4434902
v -0.35491799 2.05641228 0.4434902
v -0.35491803 2.05641195 0.48412207
v -0.3639324 1.99257795 0.48412207
v -0.35491799 2.05641228 0.4434902
v -0.34590361 2.12024644 0.4434902
v -0.34590366 2.12024611 0.48412207
v -0.35491803 2.05641195 0.48412207
v -0.34590361 2.12024644 0.4434902
v -0.33688923 2.1840806 0.4434902
v -0.33688927 2.18408027 0.48412207
v -0.34590366 2.12024611 0.48412207
v -0.33688923 2.1840806 0.4434902
v -0.32787484 2.24791476 0.4434902
v -0.32787489 2.24791443 0.48412207
v -0.33688927 2.18408027 0.48412207
v -0.32787484 2.24791476 0.4434902
v -0.31886048 2.31174884 0.4434902
v -0.31886051 2.3117486 0.48412207
v -0.32787489 2.24791443 0.48412207
v -0.31886048 2.31174884 0.4434902
v -0.3098461 2.37558292 0.4434902
v -0.30984612 2.37558276 0.48412207
v -0.31886051 2.3117486 0.48412207
v -0.3098461 2.37558292 0.4434902
v -0.30083172 2.43941708 0.4434902
v -0.30083174 2.43941692 0.48412207
v -0.30984612 2.37558276 0.48412207
v -0.30083172 2.43941708 0.4434902
v -0.29181734 2.50325124 0.4434902
v -0.29181737 2.50325108 0.48412207
v -0.30083174 2.43941692 0.48412207
v -0.29181734 2.50325124 0.4434902
v -0.28280295 2.5670854 0.4434902
v -0.28280297 2.56708532 0.48412207
v -0.29181737 2.50325108 0.48412207
v -0.28280295 2.5670854 0.4434902
v -0.27378513 2.6309205 0.4434902
v -0.27378519 2.63092051 0.48412207
v -0.28280297 2.56708532 0.48412207
v -0.31550281 2.7019174 0.49024202
v -0.32451706 2.63808322 0.4902421
v -0.32101854 2.63758917 0.49118879
v -0.31200416 2.70142333 0.49118879
v -0.32451706 2.63808322 0.4902421
v -0.33353134 2.57424896 0.49024215
v -0.33003293 2.57375493 0.49118879
v -0.32101854 2.63758917 0.49118879
v -0.33353134 2.57424896 0.49024215
v -0.3425456 2.51041469 0.49024223
v -0.33904732 2.50992068 0.49118879
v -0.33003293 2.57375493 0.49118879
v -0.3425456 2.51041469 0.49024223
v -0.35155989 2.44658052 0.49024231
v -0.34806172 2.44608652 0.49118879
v -0.33904732 2.50992068 0.49118879
v -0.35155989 2.44658052 0.49024231
v -0.36057414 2.38274634 0.49024238
v -0.3570761 2.38225236 0.49118879
v -0.34806172 2.44608652 0.49118879
v -0.36057414 2.38274634 0.49024238
v -0.3695884 2.31891216 0.49024244
v -0.36609048 2.3184182 0.49118879
v -0.3570761 2.38225236 0.49118879
v -0.3695884 2.31891216 0.49024244
v -0.37860266 2.25507798 0.49024251
v -0.37510486 2.25458404 0.49118879
v -0.36609048 2.3184182 0.49118879
v -0.37860266 2.25507798 0.49024251
v -0.38761692 2.19124381 0.49024259
v -0.38411923 2.19074988 0.49118879
v -0.37510486 2.25458404 0.49118879
v -0.38761692 2.19124381 0.49024259
v -0.39663117 2.12740963 0.49024267
v -0.39313361 2.12691572 0.49118879
v -0.38411923 2.19074988 0.49118879
v -0.39663117 2.12740963 0.49024267
v -0.40564546 2.06357545 0.49024272
v -0.40214801 2.06308156 0.49118879
v -0.39313361 2.12691572 0.49118879
v -0.40564546 2.06357545 0.49024272
v -0.41465969 1.99974144 0.4902428
v -0.41116237 1.99924756 0.49118879
v -0.40214801 2.06308156 0.49118879
v -0.41465969 1.99974144 0.4902428
v -0.42367395 1.93590726 0.49024288
v -0.42017675 1.93541336 0.49118879
v -0.41116237 1.99924756 0.49118879
v -0.42367395 1.93590726 0.49024288
v -0.43268818 1.87207324 0.49024293
v -0.42919111 1.87157932 0.49118879
v -0.42017675 1.93541336 0.49118879
v -0.43268818 1.87207324 0.49024293
v -0.44170243 1.80823906 0.49024301
v -0.43820549 1.80774516 0.49118879
v -0.42919111 1.87157932 0.49118879
v -0.44170243 1.80823906 0.49024301
v -0.45071673 1.74440481 0.49024309
v -0.44721991 1.74391092 0.49118879
v -0.43820549 1.80774516 0.49118879
v -0.45071673 1.74440481 0.49024309
v -0.459731 1.68057055 0.49024314
v -0.45623428 1.68007676 0.49118879
v -0.44721991 1.74391092 0.49118879
v -0.459731 1.68057055 0.49024314
v -0.46874526 1.61673637 0.49024322
v -0.46524866 1.61624259 0.49118879
v -0.45623428 1.68007676 0.49118879
v -0.46874526 1.61673637 0.49024322
v -0.47775951 1.55290219 0.4902433
v -0.47426304 1.55240843 0.49118879
v -0.46524866 1.61624259 0.49118879
v -0.47775951 1.55290219 0.4902433
v -0.48677377 1.48906801 0.49024335
v -0.48327742 1.48857419 0.49118879
v -0.47426304 1.55240843 0.49118879
v -0.48677377 1.48906801 0.49024335
v -0.49578803 1.42523383 0.49024343
v -0.4922918 1.42474003 0.49118879
v -0.48327742 1.48857419 0.49118879
v -0.49578803 1.42523383 0.49024343
v -0.50480232 1.36139957 0.49024351
v -0.5013062 1.36090587 0.49118879
v -0.4922918 1.42474003 0.49118879
v -0.50480232 1.36139957 0.49024351
v -0.51381658 1.2975654 0.49024356
v -0.51032058 1.29707171 0.49118879
v -0.5013062 1.36090587 0.49118879
v -0.51381658 1.2975654 0.49024356
v -0.5228308 1.23373146 0.49024364
v -0.51933492 1.23323779 0.49118879
v -0.51032058 1.29707171 0.49118879
v -0.5228308 1.23373146 0.49024364
v -0.53184506 1.16989728 0.49024372
v -0.5283493 1.16940363 0.49118879
v -0.51933492 1.23323779 0.49118879
v -0.53184506 1.16989728 0.49024372
v -0.54085931 1.10606311 0.49024379
v -0.53736368 1.10556947 0.49118879
v -0.5283493 1.16940363 0.49118879
v -0.54085931 1.10606311 0.49024379
v -0.5498736 1.04222893 0.49024385
v -0.54637808 1.04173531 0.49118879
v -0.53736368 1.10556947 0.49118879
v -0.5498736 1.04222893 0.49024385
v -0.55888785 0.97839475 0.49024392
v -0.55539246 0.97790115 0.49118879
v -0.54637808 1.04173531 0.49118879
v -0.55888785 0.97839475 0.49024392
v -0.5679021 0.91456057 0.490244
v -0.56440684 0.91406699 0.49118879
v -0.55539246 0.97790115 0.49118879
v -0.5679021 0.91456057 0.490244
v -0.57691636 0.85072639 0.49024406
v -0.57342122 0.85023282 0.49118879
v -0.56440684 0.91406699 0.49118879
v -0.57691636 0.85072639 0.49024406
v -0.58593062 0.78689222 0.49024413
v -0.58243559 0.78639866 0.49118879
v -0.57342122 0.85023282 0.49118879
v -0.58593062 0.78689222 0.49024413
v -0.5949449 0.72305804 0.49024421
v -0.59144999 0.72256451 0.49118879
v -0.58243559 0.78639866 0.49118879
v -0.5949449 0.72305804 0.49024421
v -0.60395916 0.65922386 0.49024426
v -0.60046437 0.65873034 0.49118879
v -0.59144999 0.72256451 0.49118879
v -0.60395916 0.65922386 0.49024426
v -0.61297341 0.59538968 0.49024434
v -0.60947879 0.59489585 0.49118879
v -0.60046437 0.65873034 0.49118879
v -0.61297341 0.59538968 0.49024434
v -0.62198767 0.5315555 0.49024442
v -0.61849318 0.53106169 0.49118879
v -0.60947879 0.59489585 0.49118879
v -0.62198767 0.5315555 0.49024442
v -0.63100193 0.46772133 0.49024447
v -0.62750755 0.46722753 0.49118879
v -0.61849318 0.53106169 0.49118879
v -0.63100193 0.46772133 0.49024447
v -0.64001618 0.40388715 0.49024455
v -0.63652193 0.40339337 0.49118879
v -0.62750755 0.46722753 0.49118879
v -0.64001618 0.40388715 0.49024455
v -0.64903046 0.34005297 0.49024463
v -0.64553633 0.33955921 0.49118879
v -0.63652193 0.40339337 0.49118879
v -0.318064 2.70227907 0.48765541
v -0.32707845 2.63844492 0.48765531
v -0.32451706 2.63808322 0.4902421
v -0.31550281 2.7019174 0.49024202
v -0.32707845 2.63844492 0.48765531
v -0.33609291 2.57461069 0.48765518
v -0.33353134 2.57424896 0.49024215
v -0.32451706 2.63808322 0.4902421
v -0.33609291 2.57461069 0.48765518
v -0.34510736 2.51077645 0.48765505
v -0.3425456 2.51041469 0.49024223
v -0.33353134 2.57424896 0.49024215
v -0.34510736 2.51077645 0.48765505
v -0.35412183 2.44694231 0.48765494
v -0.35155989 2.44658052 0.49024231
v -0.3425456 2.51041469 0.49024223
v -0.35412183 2.44694231 0.48765494
v -0.36313629 2.38310816 0.48765481
v -0.36057414 2.38274634 0.49024238
v -0.35155989 2.44658052 0.49024231
v -0.36313629 2.38310816 0.48765481
v -0.37215073 2.319274 0.48765468
v -0.3695884 2.31891216 0.49024244
v -0.36057414 2.38274634 0.49024238
v -0.37215073 2.319274 0.48765468
v -0.38116518 2.25543985 0.48765458
v -0.37860266 2.25507798 0.49024251
v -0.3695884 2.31891216 0.49024244
v -0.38116518 2.25543985 0.48765458
v -0.39017962 2.1916057 0.48765445
v -0.38761692 2.19124381 0.49024259
v -0.37860266 2.25507798 0.49024251
v -0.39017962 2.1916057 0.48765445
v -0.39919408 2.12777155 0.48765432
v -0.39663117 2.12740963 0.49024267
v -0.38761692 2.19124381 0.49024259
v -0.39919408 2.12777155 0.48765432
v -0.40820854 2.0639374 0.48765421
v -0.40564546 2.06357545 0.49024272
v -0.39663117 2.12740963 0.49024267
v -0.40820854 2.0639374 0.48765421
v -0.41722297 2.00010341 0.48765408
v -0.41465969 1.99974144 0.4902428
v -0.40564546 2.06357545 0.49024272
v -0.41722297 2.00010341 0.48765408
v -0.42623742 1.93626926 0.48765398
v -0.42367395 1.93590726 0.49024288
v -0.41465969 1.99974144 0.4902428
v -0.42623742 1.93626926 0.48765398
v -0.43525184 1.87243527 0.48765385
v -0.43268818 1.87207324 0.49024293
v -0.42367395 1.93590726 0.49024288
v -0.43525184 1.87243527 0.48765385
v -0.44426629 1.80860112 0.48765372
v -0.44170243 1.80823906 0.49024301
v -0.43268818 1.87207324 0.49024293
v -0.44426629 1.80860112 0.48765372
v -0.45328078 1.74476689 0.48765361
v -0.45071673 1.74440481 0.49024309
v -0.44170243 1.80823906 0.49024301
v -0.45328078 1.74476689 0.48765361
v -0.46229523 1.68093266 0.48765348
v -0.459731 1.68057055 0.49024314
v -0.45071673 1.74440481 0.49024309
v -0.46229523 1.68093266 0.48765348
v -0.47130968 1.6170985 0.48765335
v -0.46874526 1.61673637 0.49024322
v -0.459731 1.68057055 0.49024314
v -0.47130968 1.6170985 0.48765335
v -0.48032412 1.55326435 0.48765325
v -0.47775951 1.55290219 0.4902433
v -0.46874526 1.61673637 0.49024322
v -0.48032412 1.55326435 0.48765325
v -0.48933857 1.4894302 0.48765312
v -0.48677377 1.48906801 0.49024335
v -0.47775951 1.55290219 0.4902433
v -0.48933857 1.4894302 0.48765312
v -0.49835302 1.42559605 0.48765298
v -0.49578803 1.42523383 0.49024343
v -0.48677377 1.48906801 0.49024335
v -0.49835302 1.42559605 0.48765298
v -0.5073675 1.36176182 0.48765288
v -0.50480232 1.36139957 0.49024351
v -0.49578803 1.42523383 0.49024343
v -0.5073675 1.36176182 0.48765288
v -0.51638195 1.29792767 0.48765275
v -0.51381658 1.2975654 0.49024356
v -0.50480232 1.36139957 0.49024351
v -0.51638195 1.29792767 0.48765275
v -0.52539637 1.23409376 0.48765262
v -0.5228308 1.23373146 0.49024364
v -0.51381658 1.2975654 0.49024356
v -0.52539637 1.23409376 0.48765262
v -0.53441081 1.17025961 0.48765251
v -0.53184506 1.16989728 0.49024372
v -0.5228308 1.23373146 0.49024364
v -0.53441081 1.17025961 0.48765251
v -0.54342525 1.10642546 0.48765238
v -0.54085931 1.10606311 0.49024379
v -0.53184506 1.16989728 0.49024372
v -0.54342525 1.10642546 0.48765238
v -0.55243973 1.04259131 0.48765225
v -0.5498736 1.04222893 0.49024385
v -0.54085931 1.10606311 0.49024379
v -0.55243973 1.04259131 0.48765225
v -0.56145418 0.97875716 0.48765212
v -0.55888785 0.97839475 0.49024392
v -0.5498736 1.04222893 0.49024385
v -0.56145418 0.97875716 0.48765212
v -0.57046862 0.91492301 0.48765202
v -0.5679021 0.91456057 0.490244
v -0.55888785 0.97839475 0.49024392
v -0.57046862 0.91492301 0.48765202
v -0.57948307 0.85108885 0.48765189
v -0.57691636 0.85072639 0.49024406
v -0.5679021 0.91456057 0.490244
v -0.57948307 0.85108885 0.48765189
v -0.58849751 0.7872547 0.48765176
v -0.58593062 0.78689222 0.49024413
v -0.57691636 0.85072639 0.49024406
v -0.58849751 0.7872547 0.48765176
v -0.59751199 0.72342055 0.48765165
v -0.5949449 0.72305804 0.49024421
v -0.58593062 0.78689222 0.49024413
v -0.59751199 0.72342055 0.48765165
v -0.60652644 0.6595864 0.48765152
v -0.60395916 0.65922386 0.49024426
v -0.5949449 0.72305804 0.49024421
v -0.60652644 0.6595864 0.48765152
v -0.61554088 0.59575225 0.48765139
v -0.61297341 0.59538968 0.49024434
v -0.60395916 0.65922386 0.49024426
v -0.61554088 0.59575225 0.48765139
v -0.62455533 0.5319181 0.48765129
v -0.62198767 0.5315555 0.49024442
v -0.61297341 0.59538968 0.49024434
v -0.62455533 0.5319181 0.48765129
v -0.63356978 0.46808395 0.48765116
v -0.63100193 0.46772133 0.49024447
v -0.62198767 0.5315555 0.49024442
v -0.63356978 0.46808395 0.48765116
v -0.64258422 0.40424979 0.48765103
v -0.64001618 0.40388715 0.49024455
v -0.63100193 0.46772133 0.49024447
v -0.64258422 0.40424979 0.48765103
v -0.65159869 0.34041564 0.48765092
v -0.64903046 0.34005297 0.49024463
v -0.64001618 0.40388715 0.49024455
v -0.31900146 2.70241146 0.48412207
v -0.32801583 2.6385773 0.48412207
v -0.32707845 2.63844492 0.48765531
v -0.318064 2.70227907 0.48765541
v -0.32801583 2.6385773 0.48412207
v -0.33703021 2.57474313 0.48412207
v -0.33609291 2.57461069 0.48765518
v -0.32707845 2.63844492 0.48765531
v -0.33703021 2.57474313 0.48412207
v -0.34604459 2.51090897 0.48412207
v -0.34510736 2.51077645 0.48765505
v -0.33609291 2.57461069 0.48765518
v -0.34604459 2.51090897 0.48412207
v -0.35505899 2.44707481 0.48412207
v -0.35412183 2.44694231 0.48765494
v -0.34510736 2.51077645 0.48765505
v -0.35505899 2.44707481 0.48412207
v -0.36407337 2.38324065 0.48412207
v -0.36313629 2.38310816 0.48765481
v -0.35412183 2.44694231 0.48765494
v -0.36407337 2.38324065 0.48412207
v -0.37308773 2.31940657 0.48412207
v -0.37215073 2.319274 0.48765468
v -0.36313629 2.38310816 0.48765481
v -0.37308773 2.31940657 0.48412207
v -0.3821021 2.25557249 0.48412207
v -0.38116518 2.25543985 0.48765458
v -0.37215073 2.319274 0.48765468
v -0.3821021 2.25557249 0.48412207
v -0.39111647 2.19173833 0.48412207
v -0.39017962 2.1916057 0.48765445
v -0.38116518 2.25543985 0.48765458
v -0.39111647 2.19173833 0.48412207
v -0.40013085 2.12790417 0.48412207
v -0.39919408 2.12777155 0.48765432
v -0.39017962 2.1916057 0.48765445
v -0.40013085 2.12790417 0.48412207
v -0.40914526 2.06407001 0.48412207
v -0.40820854 2.0639374 0.48765421
v -0.39919408 2.12777155 0.48765432
v -0.40914526 2.06407001 0.48412207
v -0.41815963 2.00023589 0.48412207
v -0.41722297 2.00010341 0.48765408
v -0.40820854 2.0639374 0.48765421
v -0.41815963 2.00023589 0.48412207
v -0.42717401 1.93640169 0.48412207
v -0.42623742 1.93626926 0.48765398
v -0.41722297 2.00010341 0.48765408
v -0.42717401 1.93640169 0.48412207
v -0.43618837 1.87256769 0.48412207
v -0.43525184 1.87243527 0.48765385
v -0.42623742 1.93626926 0.48765398
v -0.43618837 1.87256769 0.48412207
v -0.44520274 1.80873353 0.48412207
v -0.44426629 1.80860112 0.48765372
v -0.43525184 1.87243527 0.48765385
v -0.44520274 1.80873353 0.48412207
v -0.45421716 1.74489929 0.48412207
v -0.45328078 1.74476689 0.48765361
v -0.44426629 1.80860112 0.48765372
v -0.45421716 1.74489929 0.48412207
v -0.46323155 1.68106505 0.48412207
v -0.46229523 1.68093266 0.48765348
v -0.45328078 1.74476689 0.48765361
v -0.46323155 1.68106505 0.48412207
v -0.47224592 1.61723088 0.48412207
v -0.47130968 1.6170985 0.48765335
v -0.46229523 1.68093266 0.48765348
v -0.47224592 1.61723088 0.48412207
v -0.48126031 1.55339672 0.48412207
v -0.48032412 1.55326435 0.48765325
v -0.47130968 1.6170985 0.48765335
v -0.48126031 1.55339672 0.48412207
v -0.49027469 1.48956248 0.48412207
v -0.48933857 1.4894302 0.48765312
v -0.48032412 1.55326435 0.48765325
v -0.49027469 1.48956248 0.48412207
v -0.49928907 1.42572832 0.48412207
v -0.49835302 1.42559605 0.48765298
v -0.48933857 1.4894302 0.48765312
v -0.49928907 1.42572832 0.48412207
v -0.50830347 1.36189416 0.48412207
v -0.5073675 1.36176182 0.48765288
v -0.49835302 1.42559605 0.48765298
v -0.50830347 1.36189416 0.48412207
v -0.51731786 1.29805992 0.48412207
v -0.51638195 1.29792767 0.48765275
v -0.5073675 1.36176182 0.48765288
v -0.51731786 1.29805992 0.48412207
v -0.52633217 1.23422625 0.48412207
v -0.52539637 1.23409376 0.48765262
v -0.51638195 1.29792767 0.48765275
v -0.52633217 1.23422625 0.48412207
v -0.53534655 1.17039208 0.48412207
v -0.53441081 1.17025961 0.48765251
v -0.52539637 1.23409376 0.48765262
v -0.53534655 1.17039208 0.48412207
v -0.54436092 1.10655792 0.48412207
v -0.54342525 1.10642546 0.48765238
v -0.53441081 1.17025961 0.48765251
v -0.54436092 1.10655792 0.48412207
v -0.55337537 1.04272344 0.48412207
v -0.55243973 1.04259131 0.48765225
v -0.54342525 1.10642546 0.48765238
v -0.55337537 1.04272344 0.48412207
v -0.56238975 0.97888927 0.48412207
v -0.56145418 0.97875716 0.48765212
v -0.55243973 1.04259131 0.48765225
v -0.56238975 0.97888927 0.48412207
v -0.57140413 0.91505511 0.48412207
v -0.57046862 0.91492301 0.48765202
v -0.56145418 0.97875716 0.48765212
v -0.57140413 0.91505511 0.48412207
v -0.5804185 0.85122095 0.48412207
v -0.57948307 0.85108885 0.48765189
v -0.57046862 0.91492301 0.48765202
v -0.5804185 0.85122095 0.48412207
v -0.58943288 0.78738679 0.48412207
v -0.58849751 0.7872547 0.48765176
v -0.57948307 0.85108885 0.48765189
v -0.58943288 0.78738679 0.48412207
v -0.59844728 0.72355263 0.48412207
v -0.59751199 0.72342055 0.48765165
v -0.58849751 0.7872547 0.48765176
v -0.59844728 0.72355263 0.48412207
v -0.60746166 0.65971847 0.48412207
v -0.60652644 0.6595864 0.48765152
v -0.59751199 0.72342055 0.48765165
v -0.60746166 0.65971847 0.48412207
v -0.61647604 0.59588431 0.48412207
v -0.61554088 0.59575225 0.48765139
v -0.60652644 0.6595864 0.48765152
v -0.61647604 0.59588431 0.48412207
v -0.62549042 0.53205015 0.48412207
v -0.62455533 0.5319181 0.48765129
v -0.61554088 0.59575225 0.48765139
v -0.62549042 0.53205015 0.48412207
v -0.6345048 0.46821598 0.48412207
v -0.63356978 0.46808395 0.48765116
v -0.62455533 0.5319181 0.48765129
v -0.6345048 0.46821598 0.48412207
v -0.64351917 0.40438182 0.48412207
v -0.64258422 0.40424979 0.48765103
v -0.63356978 0.46808395 0.48765116
v -0.64351917 0.40438182 0.48412207
v -0.65253362 0.34054734 0.48412207
v -0.65159869 0.34041564 0.48765092
v -0.64258422 0.40424979 0.48765103
v -0.61082393 0.26955048 0.49024471
v -0.60180942 0.33338463 0.49024463
v -0.60530364 0.33387773 0.49118879
v -0.61431798 0.2700439 0.49118879
v -0.60180942 0.33338463 0.49024463
v -0.59279492 0.39721877 0.49024455
v -0.59628922 0.39771222 0.49118879
v -0.60530364 0.33387773 0.49118879
v -0.59279492 0.39721877 0.49024455
v -0.58378042 0.46105291 0.49024447
v -0.58727483 0.46154638 0.49118879
v -0.59628922 0.39771222 0.49118879
v -0.58378042 0.46105291 0.49024447
v -0.57476592 0.52488706 0.49024442
v -0.57826045 0.52538054 0.49118879
v -0.58727483 0.46154638 0.49118879
v -0.57476592 0.52488706 0.49024442
v -0.56575142 0.5887212 0.49024434
v -0.56924607 0.5892147 0.49118879
v -0.57826045 0.52538054 0.49118879
v -0.56575142 0.5887212 0.49024434
v -0.5567369 0.65255534 0.49024426
v -0.56023168 0.65304886 0.49118879
v -0.56924607 0.5892147 0.49118879
v -0.5567369 0.65255534 0.49024426
v -0.54772241 0.71638949 0.49024419
v -0.5512173 0.71688302 0.49118879
v -0.56023168 0.65304886 0.49118879
v -0.54772241 0.71638949 0.49024419
v -0.53870791 0.78022363 0.49024413
v -0.54220293 0.78071719 0.49118879
v -0.5512173 0.71688302 0.49118879
v -0.53870791 0.78022363 0.49024413
v -0.5296934 0.84405778 0.49024406
v -0.53318854 0.84455135 0.49118879
v -0.54220293 0.78071719 0.49118879
v -0.5296934 0.84405778 0.49024406
v -0.5206789 0.90789192 0.49024398
v -0.52417416 0.90838551 0.49118879
v -0.53318854 0.84455135 0.49118879
v -0.5206789 0.90789192 0.49024398
v -0.51166436 0.9717264 0.49024392
v -0.51515978 0.97221967 0.49118879
v -0.52417416 0.90838551 0.49118879
v -0.51166436 0.9717264 0.49024392
v -0.50264985 1.03556054 0.49024385
v -0.50614539 1.03605383 0.49118879
v -0.51515978 0.97221967 0.49118879
v -0.50264985 1.03556054 0.49024385
v -0.49363535 1.09939468 0.49024377
v -0.49713097 1.09988832 0.49118879
v -0.50614539 1.03605383 0.49118879
v -0.49363535 1.09939468 0.49024377
v -0.48462084 1.16322883 0.49024372
v -0.48811658 1.16372248 0.49118879
v -0.49713097 1.09988832 0.49118879
v -0.48462084 1.16322883 0.49024372
v -0.47560634 1.22706297 0.49024364
v -0.4791022 1.22755664 0.49118879
v -0.48811658 1.16372248 0.49118879
v -0.47560634 1.22706297 0.49024364
v -0.4665919 1.2908967 0.49024356
v -0.4700879 1.29139031 0.49118879
v -0.4791022 1.22755664 0.49118879
v -0.4665919 1.2908967 0.49024356
v -0.45757739 1.35473085 0.49024351
v -0.46107349 1.35522455 0.49118879
v -0.4700879 1.29139031 0.49118879
v -0.45757739 1.35473085 0.49024351
v -0.44856289 1.41856499 0.49024343
v -0.45205911 1.41905871 0.49118879
v -0.46107349 1.35522455 0.49118879
v -0.44856289 1.41856499 0.49024343
v -0.43954839 1.48239914 0.49024335
v -0.44304474 1.48289287 0.49118879
v -0.45205911 1.41905871 0.49118879
v -0.43954839 1.48239914 0.49024335
v -0.43053387 1.54623336 0.49024327
v -0.43403034 1.54672712 0.49118879
v -0.44304474 1.48289287 0.49118879
v -0.43053387 1.54623336 0.49024327
v -0.42151937 1.61006751 0.49024322
v -0.42501596 1.61056128 0.49118879
v -0.43403034 1.54672712 0.49118879
v -0.42151937 1.61006751 0.49024322
v -0.41250486 1.67390165 0.49024314
v -0.41600157 1.67439544 0.49118879
v -0.42501596 1.61056128 0.49118879
v -0.41250486 1.67390165 0.49024314
v -0.40349035 1.73773588 0.49024306
v -0.40698718 1.73822968 0.49118879
v -0.41600157 1.67439544 0.49118879
v -0.40349035 1.73773588 0.49024306
v -0.39447584 1.8015701 0.49024301
v -0.39797279 1.80206393 0.49118879
v -0.40698718 1.73822968 0.49118879
v -0.39447584 1.8015701 0.49024301
v -0.38546133 1.86540425 0.49024293
v -0.3889584 1.86589809 0.49118879
v -0.39797279 1.80206393 0.49118879
v -0.38546133 1.86540425 0.49024293
v -0.37644685 1.92923823 0.49024285
v -0.37994405 1.92973208 0.49118879
v -0.3889584 1.86589809 0.49118879
v -0.37644685 1.92923823 0.49024285
v -0.36743235 1.99307241 0.4902428
v -0.37092966 1.99356629 0.49118879
v -0.37994405 1.92973208 0.49118879
v -0.36743235 1.99307241 0.4902428
v -0.35841785 2.05690651 0.49024272
v -0.36191528 2.05740041 0.49118879
v -0.37092966 1.99356629 0.49118879
v -0.35841785 2.05690651 0.49024272
v -0.34940335 2.12074066 0.49024265
v -0.3529009 2.12123457 0.49118879
v -0.36191528 2.05740041 0.49118879
v -0.34940335 2.12074066 0.49024265
v -0.34038884 2.1845748 0.49024259
v -0.34388652 2.18506873 0.49118879
v -0.3529009 2.12123457 0.49118879
v -0.34038884 2.1845748 0.49024259
v -0.33137434 2.24840895 0.49024251
v -0.33487213 2.24890289 0.49118879
v -0.34388652 2.18506873 0.49118879
v -0.33137434 2.24840895 0.49024251
v -0.32235985 2.31224301 0.49024244
v -0.32585777 2.31273697 0.49118879
v -0.33487213 2.24890289 0.49118879
v -0.32235985 2.31224301 0.49024244
v -0.31334535 2.37607707 0.49024236
v -0.31684339 2.37657105 0.49118879
v -0.32585777 2.31273697 0.49118879
v -0.31334535 2.37607707 0.49024236
v -0.30433085 2.43991121 0.49024231
v -0.30782901 2.44040521 0.49118879
v -0.31684339 2.37657105 0.49118879
v -0.30433085 2.43991121 0.49024231
v -0.29531635 2.50374536 0.49024223
v -0.29881463 2.50423937 0.49118879
v -0.30782901 2.44040521 0.49118879
v -0.29531635 2.50374536 0.49024223
v -0.28630184 2.5675795 0.49024215
v -0.28980024 2.56807353 0.49118879
v -0.29881463 2.50423937 0.49118879
v -0.28630184 2.5675795 0.49024215
v -0.27728734 2.63141364 0.4902421
v -0.28078587 2.63190769 0.49118879
v -0.28980024 2.56807353 0.49118879
v -0.59924119 0.33302195 0.48765092
v -0.60180942 0.33338463 0.49024463
v -0.59924119 0.33302195 0.48765092
v -0.59022688 0.39685612 0.48765103
v -0.59279492 0.39721877 0.49024455
v -0.60180942 0.33338463 0.49024463
v -0.59022688 0.39685612 0.48765103
v -0.58121257 0.46069029 0.48765116
v -0.58378042 0.46105291 0.49024447
v -0.59279492 0.39721877 0.49024455
v -0.58121257 0.46069029 0.48765116
v -0.57219825 0.52452446 0.48765126
v -0.57476592 0.52488706 0.49024442
v -0.58378042 0.46105291 0.49024447
v -0.57219825 0.52452446 0.48765126
v -0.56318395 0.58835864 0.48765139
v -0.56575142 0.5887212 0.49024434
v -0.57476592 0.52488706 0.49024442
v -0.56318395 0.58835864 0.48765139
v -0.55416963 0.65219281 0.48765152
v -0.5567369 0.65255534 0.49024426
v -0.56575142 0.5887212 0.49024434
v -0.55416963 0.65219281 0.48765152
v -0.54515532 0.71602698 0.48765163
v -0.54772241 0.71638949 0.49024419
v -0.5567369 0.65255534 0.49024426
v -0.54515532 0.71602698 0.48765163
v -0.53614101 0.77986115 0.48765176
v -0.53870791 0.78022363 0.49024413
v -0.54772241 0.71638949 0.49024419
v -0.53614101 0.77986115 0.48765176
v -0.52712669 0.84369532 0.48765189
v -0.5296934 0.84405778 0.49024406
v -0.53870791 0.78022363 0.49024413
v -0.52712669 0.84369532 0.48765189
v -0.51811239 0.90752949 0.48765199
v -0.5206789 0.90789192 0.49024398
v -0.5296934 0.84405778 0.49024406
v -0.51811239 0.90752949 0.48765199
v -0.50909803 0.97136399 0.48765212
v -0.51166436 0.9717264 0.49024392
v -0.5206789 0.90789192 0.49024398
v -0.50909803 0.97136399 0.48765212
v -0.50008371 1.03519816 0.48765225
v -0.50264985 1.03556054 0.49024385
v -0.51166436 0.9717264 0.49024392
v -0.50008371 1.03519816 0.48765225
v -0.4910694 1.09903233 0.48765236
v -0.49363535 1.09939468 0.49024377
v -0.50264985 1.03556054 0.49024385
v -0.4910694 1.09903233 0.48765236
v -0.48205508 1.1628665 0.48765249
v -0.48462084 1.16322883 0.49024372
v -0.49363535 1.09939468 0.49024377
v -0.48205508 1.1628665 0.48765249
v -0.47304077 1.22670067 0.48765262
v -0.47560634 1.22706297 0.49024364
v -0.48462084 1.16322883 0.49024372
v -0.47304077 1.22670067 0.48765262
v -0.46402652 1.29053443 0.48765272
v -0.4665919 1.2908967 0.49024356
v -0.47560634 1.22706297 0.49024364
v -0.46402652 1.29053443 0.48765272
v -0.4550122 1.3543686 0.48765285
v -0.45757739 1.35473085 0.49024351
v -0.4665919 1.2908967 0.49024356
v -0.4550122 1.3543686 0.48765285
v -0.44599789 1.41820277 0.48765298
v -0.44856289 1.41856499 0.49024343
v -0.45757739 1.35473085 0.49024351
v -0.44599789 1.41820277 0.48765298
v -0.43698359 1.48203695 0.48765309
v -0.43954839 1.48239914 0.49024335
v -0.44856289 1.41856499 0.49024343
v -0.43698359 1.48203695 0.48765309
v -0.42796925 1.5458712 0.48765322
v -0.43053387 1.54623336 0.49024327
v -0.43954839 1.48239914 0.49024335
v -0.42796925 1.5458712 0.48765322
v -0.41895495 1.60970537 0.48765335
v -0.42151937 1.61006751 0.49024322
v -0.43053387 1.54623336 0.49024327
v -0.41895495 1.60970537 0.48765335
v -0.40994063 1.67353954 0.48765346
v -0.41250486 1.67390165 0.49024314
v -0.42151937 1.61006751 0.49024322
v -0.40994063 1.67353954 0.48765346
v -0.40092631 1.73737379 0.48765359
v -0.40349035 1.73773588 0.49024306
v -0.41250486 1.67390165 0.49024314
v -0.40092631 1.73737379 0.48765359
v -0.39191199 1.80120805 0.48765372
v -0.39447584 1.8015701 0.49024301
v -0.40349035 1.73773588 0.49024306
v -0.39191199 1.80120805 0.48765372
v -0.38289767 1.86504222 0.48765382
v -0.38546133 1.86540425 0.49024293
v -0.39447584 1.8015701 0.49024301
v -0.38289767 1.86504222 0.48765382
v -0.37388338 1.92887622 0.48765395
v -0.37644685 1.92923823 0.49024285
v -0.38546133 1.86540425 0.49024293
v -0.37388338 1.92887622 0.48765395
v -0.36486907 1.99271044 0.48765408
v -0.36743235 1.99307241 0.4902428
v -0.37644685 1.92923823 0.49024285
v -0.36486907 1.99271044 0.48765408
v -0.35585475 2.05654456 0.48765419
v -0.35841785 2.05690651 0.49024272
v -0.36743235 1.99307241 0.4902428
v -0.35585475 2.05654456 0.48765419
v -0.34684044 2.12037874 0.48765432
v -0.34940335 2.12074066 0.49024265
v -0.35841785 2.05690651 0.49024272
v -0.34684044 2.12037874 0.48765432
v -0.33782613 2.18421291 0.48765445
v -0.34038884 2.1845748 0.49024259
v -0.34940335 2.12074066 0.49024265
v -0.33782613 2.18421291 0.48765445
v -0.32881182 2.24804708 0.48765458
v -0.33137434 2.24840895 0.49024251
v -0.34038884 2.1845748 0.49024259
v -0.32881182 2.24804708 0.48765458
v -0.31979752 2.31188117 0.48765468
v -0.32235985 2.31224301 0.49024244
v -0.33137434 2.24840895 0.49024251
v -0.31979752 2.31188117 0.48765468
v -0.31078321 2.37571525 0.48765481
v -0.31334535 2.37607707 0.49024236
v -0.32235985 2.31224301 0.49024244
v -0.31078321 2.37571525 0.48765481
v -0.3017689 2.43954943 0.48765494
v -0.30433085 2.43991121 0.49024231
v -0.31334535 2.37607707 0.49024236
v -0.3017689 2.43954943 0.48765494
v -0.29275459 2.5033836 0.48765505
v -0.29531635 2.50374536 0.49024223
v -0.30433085 2.43991121 0.49024231
v -0.29275459 2.5033836 0.48765505
v -0.28374027 2.56721777 0.48765518
v -0.28630184 2.5675795 0.49024215
v -0.29531635 2.50374536 0.49024223
v -0.28374027 2.56721777 0.48765518
v -0.27472597 2.63105194 0.48765531
v -0.27728734 2.63141364 0.4902421
v -0.28630184 2.5675795 0.49024215
v -0.59830635 0.3328896 0.48412207
v -0.59924119 0.33302195 0.48765092
v -0.60825551 0.26918778 0.48765079
v -0.59830635 0.3328896 0.48412207
v -0.58929197 0.39672376 0.48412207
v -0.59022688 0.39685612 0.48765103
v -0.59924119 0.33302195 0.48765092
v -0.58929197 0.39672376 0.48412207
v -0.58027759 0.46055793 0.48412207
v -0.58121257 0.46069029 0.48765116
v -0.59022688 0.39685612 0.48765103
v -0.58027759 0.46055793 0.48412207
v -0.57126321 0.52439209 0.48412207
v -0.57219825 0.52452446 0.48765126
v -0.58121257 0.46069029 0.48765116
v -0.57126321 0.52439209 0.48412207
v -0.56224883 0.58822625 0.48412207
v -0.56318395 0.58835864 0.48765139
v -0.57219825 0.52452446 0.48765126
v -0.56224883 0.58822625 0.48412207
v -0.55323439 0.65206074 0.48412207
v -0.55416963 0.65219281 0.48765152
v -0.56318395 0.58835864 0.48765139
v -0.55323439 0.65206074 0.48412207
v -0.54422001 0.7158949 0.48412207
v -0.54515532 0.71602698 0.48765163
v -0.55416963 0.65219281 0.48765152
v -0.54422001 0.7158949 0.48412207
v -0.53520564 0.77972906 0.48412207
v -0.53614101 0.77986115 0.48765176
v -0.54515532 0.71602698 0.48765163
v -0.53520564 0.77972906 0.48412207
v -0.52619125 0.84356322 0.48412207
v -0.52712669 0.84369532 0.48765189
v -0.53614101 0.77986115 0.48765176
v -0.52619125 0.84356322 0.48412207
v -0.51717687 0.90739738 0.48412207
v -0.51811239 0.90752949 0.48765199
v -0.52712669 0.84369532 0.48765189
v -0.51717687 0.90739738 0.48412207
v -0.50816249 0.97123154 0.48412207
v -0.50909803 0.97136399 0.48765212
v -0.51811239 0.90752949 0.48765199
v -0.50816249 0.97123154 0.48412207
v -0.4991481 1.0350657 0.48412207
v -0.50008371 1.03519816 0.48765225
v -0.50909803 0.97136399 0.48765212
v -0.4991481 1.0350657 0.48412207
v -0.49013372 1.09889986 0.48412207
v -0.4910694 1.09903233 0.48765236
v -0.50008371 1.03519816 0.48765225
v -0.49013372 1.09889986 0.48412207
v -0.48111934 1.16273402 0.48412207
v -0.48205508 1.1628665 0.48765249
v -0.4910694 1.09903233 0.48765236
v -0.48111934 1.16273402 0.48412207
v -0.47210496 1.22656819 0.48412207
v -0.47304077 1.22670067 0.48765262
v -0.48205508 1.1628665 0.48765249
v -0.47210496 1.22656819 0.48412207
v -0.46309061 1.2904021 0.48412207
v -0.46402652 1.29053443 0.48765272
v -0.47304077 1.22670067 0.48765262
v -0.46309061 1.2904021 0.48412207
v -0.45407622 1.35423626 0.48412207
v -0.4550122 1.3543686 0.48765285
v -0.46402652 1.29053443 0.48765272
v -0.45407622 1.35423626 0.48412207
v -0.44506185 1.41807042 0.48412207
v -0.44599789 1.41820277 0.48765298
v -0.4550122 1.3543686 0.48765285
v -0.44506185 1.41807042 0.48412207
v -0.43604747 1.48190458 0.48412207
v -0.43698359 1.48203695 0.48765309
v -0.44599789 1.41820277 0.48765298
v -0.43604747 1.48190458 0.48412207
v -0.42703307 1.54573883 0.48412207
v -0.42796925 1.5458712 0.48765322
v -0.43698359 1.48203695 0.48765309
v -0.42703307 1.54573883 0.48412207
v -0.41801869 1.60957299 0.48412207
v -0.41895495 1.60970537 0.48765335
v -0.42796925 1.5458712 0.48765322
v -0.41801869 1.60957299 0.48412207
v -0.4090043 1.67340715 0.48412207
v -0.40994063 1.67353954 0.48765346
v -0.41895495 1.60970537 0.48765335
v -0.4090043 1.67340715 0.48412207
v -0.39998992 1.73724131 0.48412207
v -0.40092631 1.73737379 0.48765359
v -0.40994063 1.67353954 0.48765346
v -0.39998992 1.73724131 0.48412207
v -0.39097553 1.80107555 0.48412207
v -0.39191199 1.80120805 0.48765372
v -0.40092631 1.73737379 0.48765359
v -0.39097553 1.80107555 0.48412207
v -0.38196114 1.86490971 0.48412207
v -0.38289767 1.86504222 0.48765382
v -0.39191199 1.80120805 0.48765372
v -0.38196114 1.86490971 0.48412207
v -0.37294678 1.92874375 0.48412207
v -0.37388338 1.92887622 0.48765395
v -0.38289767 1.86504222 0.48765382
v -0.37294678 1.92874375 0.48412207
v -0.3639324 1.99257795 0.48412207
v -0.36486907 1.99271044 0.48765408
v -0.37388338 1.92887622 0.48765395
v -0.3639324 1.99257795 0.48412207
v -0.35491803 2.05641195 0.48412207
v -0.35585475 2.05654456 0.48765419
v -0.36486907 1.99271044 0.48765408
v -0.35491803 2.05641195 0.48412207
v -0.34590366 2.12024611 0.48412207
v -0.34684044 2.12037874 0.48765432
v -0.35585475 2.05654456 0.48765419
v -0.34590366 2.12024611 0.48412207
v -0.33688927 2.18408027 0.48412207
v -0.33782613 2.18421291 0.48765445
v -0.34684044 2.12037874 0.48765432
v -0.33688927 2.18408027 0.48412207
v -0.32787489 2.24791443 0.48412207
v -0.32881182 2.24804708 0.48765458
v -0.33782613 2.18421291 0.48765445
v -0.32787489 2.24791443 0.48412207
v -0.31886051 2.3117486 0.48412207
v -0.31979752 2.31188117 0.48765468
v -0.32881182 2.24804708 0.48765458
v -0.31886051 2.3117486 0.48412207
v -0.30984612 2.37558276 0.48412207
v -0.31078321 2.37571525 0.48765481
v -0.31979752 2.31188117 0.48765468
v -0.30984612 2.37558276 0.48412207
v -0.30083174 2.43941692 0.48412207
v -0.3017689 2.43954943 0.48765494
v -0.31078321 2.37571525 0.48765481
v -0.30083174 2.43941692 0.48412207
v -0.29181737 2.50325108 0.48412207
v -0.29275459 2.5033836 0.48765505
v -0.3017689 2.43954943 0.48765494
v -0.29181737 2.50325108 0.48412207
v -0.28280297 2.56708532 0.48412207
v -0.28374027 2.56721777 0.48765518
v -0.29275459 2.5033836 0.48765505
v -0.28280297 2.56708532 0.48412207
v -0.27378519 2.63092051 0.48412207
v -0.27472597 2.63105194 0.48765531
v -0.28374027 2.56721777 0.48765518
v -0.65804472 0.27621879 0.43736756
v -0.64903046 0.34005297 0.43736764
v -0.64553633 0.33955921 0.43642348
v -0.65455066 0.27572538 0.43642348
v -0.64903046 0.34005297 0.43736764
v -0.64001617 0.40388715 0.43736772
v -0.63652188 0.4033937 0.43642348
v -0.64553633 0.33955921 0.43642348
v -0.64001617 0.40388715 0.43736772
v -0.63100192 0.46772132 0.4373678
v -0.62750751 0.46722786 0.43642348
v -0.63652188 0.4033937 0.43642348
v -0.63100192 0.46772132 0.4373678
v -0.62198767 0.5315555 0.43736785
v -0.61849313 0.53106202 0.43642348
v -0.62750751 0.46722786 0.43642348
v -0.62198767 0.5315555 0.43736785
v -0.61297341 0.59538968 0.43736793
v -0.60947875 0.59489618 0.43642348
v -0.61849313 0.53106202 0.43642348
v -0.61297341 0.59538968 0.43736793
v -0.60395915 0.65922386 0.43736801
v -0.60046437 0.65873034 0.43642348
v -0.60947875 0.59489618 0.43642348
v -0.60395915 0.65922386 0.43736801
v -0.59494489 0.72305804 0.43736808
v -0.59144999 0.72256451 0.43642348
v -0.60046437 0.65873034 0.43642348
v -0.59494489 0.72305804 0.43736808
v -0.58593061 0.78689221 0.43736814
v -0.58243559 0.78639866 0.43642348
v -0.59144999 0.72256451 0.43642348
v -0.58593061 0.78689221 0.43736814
v -0.57691635 0.85072639 0.43736821
v -0.57342122 0.85023282 0.43642348
v -0.58243559 0.78639866 0.43642348
v -0.57691635 0.85072639 0.43736821
v -0.5679021 0.91456057 0.43736829
v -0.56440684 0.91406699 0.43642348
v -0.57342122 0.85023282 0.43642348
v -0.5679021 0.91456057 0.43736829
v -0.55888779 0.97839508 0.43736834
v -0.55539246 0.97790115 0.43642348
v -0.56440684 0.91406699 0.43642348
v -0.55888779 0.97839508 0.43736834
v -0.54987354 1.04222926 0.43736842
v -0.54637808 1.04173531 0.43642348
v -0.55539246 0.97790115 0.43642348
v -0.54987354 1.04222926 0.43736842
v -0.54085925 1.10606343 0.4373685
v -0.53736363 1.1055698 0.43642348
v -0.54637808 1.04173531 0.43642348
v -0.54085925 1.10606343 0.4373685
v -0.531845 1.16989761 0.43736855
v -0.52834925 1.16940396 0.43642348
v -0.53736363 1.1055698 0.43642348
v -0.531845 1.16989761 0.43736855
v -0.52283074 1.23373179 0.43736863
v -0.51933488 1.23323812 0.43642348
v -0.52834925 1.16940396 0.43642348
v -0.52283074 1.23373179 0.43736863
v -0.51381654 1.29756556 0.43736871
v -0.51032057 1.29707179 0.43642348
v -0.51933488 1.23323812 0.43642348
v -0.51381654 1.29756556 0.43736871
v -0.50480229 1.36139974 0.43736876
v -0.50130618 1.36090603 0.43642348
v -0.51032057 1.29707179 0.43642348
v -0.50480229 1.36139974 0.43736876
v -0.495788 1.42523391 0.43736884
v -0.49229178 1.42474019 0.43642348
v -0.50130618 1.36090603 0.43642348
v -0.495788 1.42523391 0.43736884
v -0.48677375 1.48906809 0.43736892
v -0.4832774 1.48857435 0.43642348
v -0.49229178 1.42474019 0.43642348
v -0.48677375 1.48906809 0.43736892
v -0.47775947 1.55290235 0.437369
v -0.47426301 1.5524086 0.43642348
v -0.4832774 1.48857435 0.43642348
v -0.47775947 1.55290235 0.437369
v -0.46874522 1.61673653 0.43736905
v -0.46524864 1.61624276 0.43642348
v -0.47426301 1.5524086 0.43642348
v -0.46874522 1.61673653 0.43736905
v -0.45973097 1.68057071 0.43736913
v -0.45623426 1.68007692 0.43642348
v -0.46524864 1.61624276 0.43642348
v -0.45973097 1.68057071 0.43736913
v -0.45071669 1.74440497 0.43736921
v -0.44721987 1.74391116 0.43642348
v -0.45623426 1.68007692 0.43642348
v -0.45071669 1.74440497 0.43736921
v -0.4417024 1.80823923 0.43736926
v -0.43820546 1.8077454 0.43642348
v -0.44721987 1.74391116 0.43642348
v -0.4417024 1.80823923 0.43736926
v -0.43268815 1.87207341 0.43736934
v -0.42919108 1.87157957 0.43642348
v -0.43820546 1.8077454 0.43642348
v -0.43268815 1.87207341 0.43736934
v -0.42367391 1.93590742 0.43736942
v -0.42017672 1.93541356 0.43642348
v -0.42919108 1.87157957 0.43642348
v -0.42367391 1.93590742 0.43736942
v -0.41465965 1.99974164 0.43736947
v -0.41116234 1.99924777 0.43642348
v -0.42017672 1.93541356 0.43642348
v -0.41465965 1.99974164 0.43736947
v -0.4056454 2.06357578 0.43736955
v -0.40214797 2.06308189 0.43642348
v -0.41116234 1.99924777 0.43642348
v -0.4056454 2.06357578 0.43736955
v -0.39663112 2.12740995 0.43736962
v -0.39313356 2.12691604 0.43642348
v -0.40214797 2.06308189 0.43642348
v -0.39663112 2.12740995 0.43736962
v -0.38761686 2.19124413 0.43736968
v -0.38411919 2.19075021 0.43642348
v -0.39313356 2.12691604 0.43642348
v -0.38761686 2.19124413 0.43736968
v -0.37860261 2.25507831 0.43736976
v -0.37510481 2.25458437 0.43642348
v -0.38411919 2.19075021 0.43642348
v -0.37860261 2.25507831 0.43736976
v -0.36958836 2.31891241 0.43736983
v -0.36609045 2.31841845 0.43642348
v -0.37510481 2.25458437 0.43642348
v -0.36958836 2.31891241 0.43736983
v -0.36057412 2.3827465 0.43736991
v -0.35707608 2.38225253 0.43642348
v -0.36609045 2.31841845 0.43642348
v -0.36057412 2.3827465 0.43736991
v -0.35155986 2.44658068 0.43736996
v -0.3480617 2.44608669 0.43642348
v -0.35707608 2.38225253 0.43642348
v -0.35155986 2.44658068 0.43736996
v -0.34254558 2.51041486 0.43737004
v -0.33904729 2.50992085 0.43642348
v -0.3480617 2.44608669 0.43642348
v -0.34254558 2.51041486 0.43737004
v -0.33353133 2.57424904 0.43737012
v -0.33003292 2.57375501 0.43642348
v -0.33904729 2.50992085 0.43642348
v -0.33353133 2.57424904 0.43737012
v -0.32451706 2.63808322 0.43737017
v -0.32101854 2.63758917 0.43642348
v -0.33003292 2.57375501 0.43642348
v -0.65159869 0.34041564 0.43996135
v -0.64903046 0.34005297 0.43736764
v -0.65159869 0.34041564 0.43996135
v -0.64258422 0.40424979 0.43996124
v -0.64001617 0.40388715 0.43736772
v -0.64903046 0.34005297 0.43736764
v -0.64258422 0.40424979 0.43996124
v -0.63356977 0.46808394 0.43996111
v -0.63100192 0.46772132 0.4373678
v -0.64001617 0.40388715 0.43736772
v -0.63356977 0.46808394 0.43996111
v -0.62455532 0.5319181 0.43996101
v -0.62198767 0.5315555 0.43736785
v -0.63100192 0.46772132 0.4373678
v -0.62455532 0.5319181 0.43996101
v -0.61554088 0.59575225 0.43996088
v -0.61297341 0.59538968 0.43736793
v -0.62198767 0.5315555 0.43736785
v -0.61554088 0.59575225 0.43996088
v -0.60652643 0.6595864 0.43996075
v -0.60395915 0.65922386 0.43736801
v -0.61297341 0.59538968 0.43736793
v -0.60652643 0.6595864 0.43996075
v -0.59751198 0.72342055 0.43996064
v -0.59494489 0.72305804 0.43736808
v -0.60395915 0.65922386 0.43736801
v -0.59751198 0.72342055 0.43996064
v -0.58849751 0.7872547 0.43996051
v -0.58593061 0.78689221 0.43736814
v -0.59494489 0.72305804 0.43736808
v -0.58849751 0.7872547 0.43996051
v -0.57948307 0.85108885 0.43996038
v -0.57691635 0.85072639 0.43736821
v -0.58593061 0.78689221 0.43736814
v -0.57948307 0.85108885 0.43996038
v -0.57046861 0.914923 0.43996028
v -0.5679021 0.91456057 0.43736829
v -0.57691635 0.85072639 0.43736821
v -0.57046861 0.914923 0.43996028
v -0.56145412 0.97875748 0.43996015
v -0.55888779 0.97839508 0.43736834
v -0.5679021 0.91456057 0.43736829
v -0.56145412 0.97875748 0.43996015
v -0.55243968 1.04259164 0.43996002
v -0.54987354 1.04222926 0.43736842
v -0.55888779 0.97839508 0.43736834
v -0.55243968 1.04259164 0.43996002
v -0.5434252 1.10642578 0.43995991
v -0.54085925 1.10606343 0.4373685
v -0.54987354 1.04222926 0.43736842
v -0.5434252 1.10642578 0.43995991
v -0.53441075 1.17025994 0.43995978
v -0.531845 1.16989761 0.43736855
v -0.54085925 1.10606343 0.4373685
v -0.53441075 1.17025994 0.43995978
v -0.52539631 1.23409409 0.43995965
v -0.52283074 1.23373179 0.43736863
v -0.531845 1.16989761 0.43736855
v -0.52539631 1.23409409 0.43995965
v -0.51638192 1.29792783 0.43995955
v -0.51381654 1.29756556 0.43736871
v -0.52283074 1.23373179 0.43736863
v -0.51638192 1.29792783 0.43995955
v -0.50736747 1.36176198 0.43995942
v -0.50480229 1.36139974 0.43736876
v -0.51381654 1.29756556 0.43736871
v -0.50736747 1.36176198 0.43995942
v -0.498353 1.42559613 0.43995928
v -0.495788 1.42523391 0.43736884
v -0.50480229 1.36139974 0.43736876
v -0.498353 1.42559613 0.43995928
v -0.48933855 1.48943028 0.43995918
v -0.48677375 1.48906809 0.43736892
v -0.495788 1.42523391 0.43736884
v -0.48933855 1.48943028 0.43995918
v -0.48032409 1.55326452 0.43995905
v -0.47775947 1.55290235 0.437369
v -0.48677375 1.48906809 0.43736892
v -0.48032409 1.55326452 0.43995905
v -0.47130965 1.61709867 0.43995892
v -0.46874522 1.61673653 0.43736905
v -0.47775947 1.55290235 0.437369
v -0.47130965 1.61709867 0.43995892
v -0.4622952 1.68093282 0.43995881
v -0.45973097 1.68057071 0.43736913
v -0.46874522 1.61673653 0.43736905
v -0.4622952 1.68093282 0.43995881
v -0.45328075 1.74476705 0.43995868
v -0.45071669 1.74440497 0.43736921
v -0.45973097 1.68057071 0.43736913
v -0.45328075 1.74476705 0.43995868
v -0.44426625 1.80860128 0.43995855
v -0.4417024 1.80823923 0.43736926
v -0.45071669 1.74440497 0.43736921
v -0.44426625 1.80860128 0.43995855
v -0.43525181 1.87243544 0.43995845
v -0.43268815 1.87207341 0.43736934
v -0.4417024 1.80823923 0.43736926
v -0.43525181 1.87243544 0.43995845
v -0.42623739 1.93626942 0.43995832
v -0.42367391 1.93590742 0.43736942
v -0.43268815 1.87207341 0.43736934
v -0.42623739 1.93626942 0.43995832
v -0.41722293 2.00010362 0.43995819
v -0.41465965 1.99974164 0.43736947
v -0.42367391 1.93590742 0.43736942
v -0.41722293 2.00010362 0.43995819
v -0.40820849 2.06393773 0.43995808
v -0.4056454 2.06357578 0.43736955
v -0.41465965 1.99974164 0.43736947
v -0.40820849 2.06393773 0.43995808
v -0.39919402 2.12777187 0.43995795
v -0.39663112 2.12740995 0.43736962
v -0.4056454 2.06357578 0.43736955
v -0.39919402 2.12777187 0.43995795
v -0.39017958 2.19160603 0.43995782
v -0.38761686 2.19124413 0.43736968
v -0.39663112 2.12740995 0.43736962
v -0.39017958 2.19160603 0.43995782
v -0.38116513 2.25544018 0.43995769
v -0.37860261 2.25507831 0.43736976
v -0.38761686 2.19124413 0.43736968
v -0.38116513 2.25544018 0.43995769
v -0.37215069 2.31927425 0.43995759
v -0.36958836 2.31891241 0.43736983
v -0.37860261 2.25507831 0.43736976
v -0.37215069 2.31927425 0.43995759
v -0.36313626 2.38310832 0.43995746
v -0.36057412 2.3827465 0.43736991
v -0.36958836 2.31891241 0.43736983
v -0.36313626 2.38310832 0.43995746
v -0.35412181 2.44694247 0.43995733
v -0.35155986 2.44658068 0.43736996
v -0.36057412 2.3827465 0.43736991
v -0.35412181 2.44694247 0.43995733
v -0.34510733 2.51077662 0.43995722
v -0.34254558 2.51041486 0.43737004
v -0.35155986 2.44658068 0.43736996
v -0.34510733 2.51077662 0.43995722
v -0.33609289 2.57461077 0.43995709
v -0.33353133 2.57424904 0.43737012
v -0.34254558 2.51041486 0.43737004
v -0.33609289 2.57461077 0.43995709
v -0.32707845 2.63844492 0.43995696
v -0.32451706 2.63808322 0.43737017
v -0.33353133 2.57424904 0.43737012
v -0.65253362 0.34054734 0.4434902
v -0.65159869 0.34041564 0.43996135
v -0.66061314 0.27658149 0.43996148
v -0.64351922 0.40438149 0.4434902
v -0.64258422 0.40424979 0.43996124
v -0.65159869 0.34041564 0.43996135
v -0.64351922 0.40438149 0.4434902
v -0.63450484 0.46821566 0.4434902
v -0.63356977 0.46808394 0.43996111
v -0.64258422 0.40424979 0.43996124
v -0.63450484 0.46821566 0.4434902
v -0.62549046 0.53204982 0.4434902
v -0.62455532 0.5319181 0.43996101
v -0.63356977 0.46808394 0.43996111
v -0.62549046 0.53204982 0.4434902
v -0.61647609 0.59588398 0.4434902
v -0.61554088 0.59575225 0.43996088
v -0.62455532 0.5319181 0.43996101
v -0.61647609 0.59588398 0.4434902
v -0.60746166 0.65971847 0.4434902
v -0.60652643 0.6595864 0.43996075
v -0.61554088 0.59575225 0.43996088
v -0.60746166 0.65971847 0.4434902
v -0.59844728 0.72355263 0.4434902
v -0.59751198 0.72342055 0.43996064
v -0.60652643 0.6595864 0.43996075
v -0.59844728 0.72355263 0.4434902
v -0.58943288 0.78738679 0.4434902
v -0.58849751 0.7872547 0.43996051
v -0.59751198 0.72342055 0.43996064
v -0.58943288 0.78738679 0.4434902
v -0.5804185 0.85122095 0.4434902
v -0.57948307 0.85108885 0.43996038
v -0.58849751 0.7872547 0.43996051
v -0.5804185 0.85122095 0.4434902
v -0.57140413 0.91505511 0.4434902
v -0.57046861 0.914923 0.43996028
v -0.57948307 0.85108885 0.43996038
v -0.57140413 0.91505511 0.4434902
v -0.56238975 0.97888927 0.4434902
v -0.56145412 0.97875748 0.43996015
v -0.57046861 0.914923 0.43996028
v -0.56238975 0.97888927 0.4434902
v -0.55337537 1.04272344 0.4434902
v -0.55243968 1.04259164 0.43996002
v -0.56145412 0.97875748 0.43996015
v -0.55337537 1.04272344 0.4434902
v -0.54436097 1.10655759 0.4434902
v -0.5434252 1.10642578 0.43995991
v -0.55243968 1.04259164 0.43996002
v -0.54436097 1.10655759 0.4434902
v -0.53534659 1.17039176 0.4434902
v -0.53441075 1.17025994 0.43995978
v -0.5434252 1.10642578 0.43995991
v -0.53534659 1.17039176 0.4434902
v -0.52633222 1.23422592 0.4434902
v -0.52539631 1.23409409 0.43995965
v -0.53441075 1.17025994 0.43995978
v -0.52633222 1.23422592 0.4434902
v -0.51731787 1.29805983 0.4434902
v -0.51638192 1.29792783 0.43995955
v -0.52539631 1.23409409 0.43995965
v -0.51731787 1.29805983 0.4434902
v -0.5083035 1.361894 0.4434902
v -0.50736747 1.36176198 0.43995942
v -0.51638192 1.29792783 0.43995955
v -0.5083035 1.361894 0.4434902
v -0.49928909 1.42572815 0.4434902
v -0.498353 1.42559613 0.43995928
v -0.50736747 1.36176198 0.43995942
v -0.49928909 1.42572815 0.4434902
v -0.49027472 1.48956231 0.4434902
v -0.48933855 1.48943028 0.43995918
v -0.498353 1.42559613 0.43995928
v -0.49027472 1.48956231 0.4434902
v -0.48126033 1.55339656 0.4434902
v -0.48032409 1.55326452 0.43995905
v -0.48933855 1.48943028 0.43995918
v -0.48126033 1.55339656 0.4434902
v -0.47224595 1.61723072 0.4434902
v -0.47130965 1.61709867 0.43995892
v -0.48032409 1.55326452 0.43995905
v -0.47224595 1.61723072 0.4434902
v -0.46323157 1.68106488 0.4434902
v -0.4622952 1.68093282 0.43995881
v -0.47130965 1.61709867 0.43995892
v -0.46323157 1.68106488 0.4434902
v -0.45421719 1.74489904 0.4434902
v -0.45328075 1.74476705 0.43995868
v -0.4622952 1.68093282 0.43995881
v -0.45421719 1.74489904 0.4434902
v -0.44520278 1.80873328 0.4434902
v -0.44426625 1.80860128 0.43995855
v -0.45328075 1.74476705 0.43995868
v -0.44520278 1.80873328 0.4434902
v -0.4361884 1.87256745 0.4434902
v -0.43525181 1.87243544 0.43995845
v -0.44426625 1.80860128 0.43995855
v -0.4361884 1.87256745 0.4434902
v -0.42717404 1.93640148 0.4434902
v -0.42623739 1.93626942 0.43995832
v -0.43525181 1.87243544 0.43995845
v -0.42717404 1.93640148 0.4434902
v -0.41815966 2.00023569 0.4434902
v -0.41722293 2.00010362 0.43995819
v -0.42623739 1.93626942 0.43995832
v -0.41815966 2.00023569 0.4434902
v -0.40914531 2.06406968 0.4434902
v -0.40820849 2.06393773 0.43995808
v -0.41722293 2.00010362 0.43995819
v -0.40914531 2.06406968 0.4434902
v -0.4001309 2.12790384 0.4434902
v -0.39919402 2.12777187 0.43995795
v -0.40820849 2.06393773 0.43995808
v -0.4001309 2.12790384 0.4434902
v -0.39111652 2.191738 0.4434902
v -0.39017958 2.19160603 0.43995782
v -0.39919402 2.12777187 0.43995795
v -0.39111652 2.191738 0.4434902
v -0.38210214 2.25557217 0.4434902
v -0.38116513 2.25544018 0.43995769
v -0.39017958 2.19160603 0.43995782
v -0.38210214 2.25557217 0.4434902
v -0.37308777 2.31940633 0.4434902
v -0.37215069 2.31927425 0.43995759
v -0.38116513 2.25544018 0.43995769
v -0.37308777 2.31940633 0.4434902
v -0.36407339 2.38324049 0.4434902
v -0.36313626 2.38310832 0.43995746
v -0.37215069 2.31927425 0.43995759
v -0.36407339 2.38324049 0.4434902
v -0.35505901 2.44707465 0.4434902
v -0.35412181 2.44694247 0.43995733
v -0.36313626 2.38310832 0.43995746
v -0.35505901 2.44707465 0.4434902
v -0.34604461 2.51090881 0.4434902
v -0.34510733 2.51077662 0.43995722
v -0.35412181 2.44694247 0.43995733
v -0.34604461 2.51090881 0.4434902
v -0.33703022 2.57474305 0.4434902
v -0.33609289 2.57461077 0.43995709
v -0.34510733 2.51077662 0.43995722
v -0.33703022 2.57474305 0.4434902
v -0.32801583 2.6385773 0.4434902
v -0.32707845 2.63844492 0.43995696
v -0.33609289 2.57461077 0.43995709
v -0.26827284 2.69524779 0.43737025
v -0.27728734 2.63141364 0.43737017
v -0.28078587 2.63190769 0.43642348
v -0.27728734 2.63141364 0.43737017
v -0.28630185 2.56757942 0.43737012
v -0.28980026 2.56807345 0.43642348
v -0.28078587 2.63190769 0.43642348
v -0.28630185 2.56757942 0.43737012
v -0.29531637 2.50374519 0.43737004
v -0.29881466 2.5042392 0.43642348
v -0.28980026 2.56807345 0.43642348
v -0.29531637 2.50374519 0.43737004
v -0.30433087 2.43991105 0.43736996
v -0.30782903 2.44040504 0.43642348
v -0.29881466 2.5042392 0.43642348
v -0.30433087 2.43991105 0.43736996
v -0.31334537 2.3760769 0.43736989
v -0.31684341 2.37657088 0.43642348
v -0.30782903 2.44040504 0.43642348
v -0.31334537 2.3760769 0.43736989
v -0.32235988 2.31224276 0.43736983
v -0.3258578 2.31273672 0.43642348
v -0.31684341 2.37657088 0.43642348
v -0.32235988 2.31224276 0.43736983
v -0.33137438 2.24840862 0.43736976
v -0.33487218 2.24890256 0.43642348
v -0.3258578 2.31273672 0.43642348
v -0.33137438 2.24840862 0.43736976
v -0.34038888 2.18457447 0.43736968
v -0.34388656 2.1850684 0.43642348
v -0.33487218 2.24890256 0.43642348
v -0.34038888 2.18457447 0.43736968
v -0.34940339 2.12074033 0.4373696
v -0.35290095 2.12123424 0.43642348
v -0.34388656 2.1850684 0.43642348
v -0.34940339 2.12074033 0.4373696
v -0.35841788 2.05690618 0.43736955
v -0.36191533 2.05740008 0.43642348
v -0.35290095 2.12123424 0.43642348
v -0.35841788 2.05690618 0.43736955
v -0.36743237 1.9930722 0.43736947
v -0.37092969 1.99356608 0.43642348
v -0.36191533 2.05740008 0.43642348
v -0.36743237 1.9930722 0.43736947
v -0.37644687 1.92923806 0.43736939
v -0.37994408 1.92973188 0.43642348
v -0.37092969 1.99356608 0.43642348
v -0.37644687 1.92923806 0.43736939
v -0.38546134 1.86540408 0.43736934
v -0.38895843 1.86589784 0.43642348
v -0.37994408 1.92973188 0.43642348
v -0.38546134 1.86540408 0.43736934
v -0.39447585 1.80156994 0.43736926
v -0.39797282 1.80206368 0.43642348
v -0.38895843 1.86589784 0.43642348
v -0.39447585 1.80156994 0.43736926
v -0.40349036 1.73773571 0.43736918
v -0.40698721 1.73822944 0.43642348
v -0.39797282 1.80206368 0.43642348
v -0.40349036 1.73773571 0.43736918
v -0.41250487 1.67390148 0.43736913
v -0.41600159 1.67439527 0.43642348
v -0.40698721 1.73822944 0.43642348
v -0.41250487 1.67390148 0.43736913
v -0.42151938 1.61006734 0.43736905
v -0.42501598 1.61056111 0.43642348
v -0.41600159 1.67439527 0.43642348
v -0.42151938 1.61006734 0.43736905
v -0.43053388 1.5462332 0.43736897
v -0.43403036 1.54672695 0.43642348
v -0.42501598 1.61056111 0.43642348
v -0.43053388 1.5462332 0.43736897
v -0.43954839 1.48239905 0.43736892
v -0.44304476 1.48289271 0.43642348
v -0.43403036 1.54672695 0.43642348
v -0.43954839 1.48239905 0.43736892
v -0.44856289 1.41856491 0.43736884
v -0.45205914 1.41905855 0.43642348
v -0.44304476 1.48289271 0.43642348
v -0.44856289 1.41856491 0.43736884
v -0.4575774 1.35473068 0.43736876
v -0.46107352 1.35522439 0.43642348
v -0.45205914 1.41905855 0.43642348
v -0.4575774 1.35473068 0.43736876
v -0.46659191 1.29089654 0.43736871
v -0.47008791 1.29139023 0.43642348
v -0.46107352 1.35522439 0.43642348
v -0.46659191 1.29089654 0.43736871
v -0.47560638 1.22706264 0.43736863
v -0.47910225 1.22755631 0.43642348
v -0.47008791 1.29139023 0.43642348
v -0.47560638 1.22706264 0.43736863
v -0.48462087 1.1632285 0.43736855
v -0.48811663 1.16372215 0.43642348
v -0.47910225 1.22755631 0.43642348
v -0.48462087 1.1632285 0.43736855
v -0.49363538 1.09939435 0.43736848
v -0.49713102 1.09988799 0.43642348
v -0.48811663 1.16372215 0.43642348
v -0.49363538 1.09939435 0.43736848
v -0.50264988 1.03556021 0.43736842
v -0.50614539 1.03605383 0.43642348
v -0.49713102 1.09988799 0.43642348
v -0.50264988 1.03556021 0.43736842
v -0.51166439 0.97172607 0.43736834
v -0.51515978 0.97221967 0.43642348
v -0.50614539 1.03605383 0.43642348
v -0.51166439 0.97172607 0.43736834
v -0.52067889 0.90789192 0.43736827
v -0.52417416 0.90838551 0.43642348
v -0.51515978 0.97221967 0.43642348
v -0.52067889 0.90789192 0.43736827
v -0.52969339 0.84405778 0.43736821
v -0.53318854 0.84455135 0.43642348
v -0.52417416 0.90838551 0.43642348
v -0.52969339 0.84405778 0.43736821
v -0.5387079 0.78022363 0.43736814
v -0.54220293 0.78071719 0.43642348
v -0.53318854 0.84455135 0.43642348
v -0.5387079 0.78022363 0.43736814
v -0.5477224 0.71638949 0.43736806
v -0.5512173 0.71688302 0.43642348
v -0.54220293 0.78071719 0.43642348
v -0.5477224 0.71638949 0.43736806
v -0.5567369 0.65255534 0.43736801
v -0.56023168 0.65304886 0.43642348
v -0.5512173 0.71688302 0.43642348
v -0.5567369 0.65255534 0.43736801
v -0.56575141 0.5887212 0.43736793
v -0.56924612 0.58921437 0.43642348
v -0.56023168 0.65304886 0.43642348
v -0.56575141 0.5887212 0.43736793
v -0.57476591 0.52488706 0.43736785
v -0.5782605 0.52538021 0.43642348
v -0.56924612 0.58921437 0.43642348
v -0.57476591 0.52488706 0.43736785
v -0.58378042 0.46105291 0.4373678
v -0.58727488 0.46154605 0.43642348
v -0.5782605 0.52538021 0.43642348
v -0.58378042 0.46105291 0.4373678
v -0.59279492 0.39721877 0.43736772
v -0.59628926 0.39771189 0.43642348
v -0.58727488 0.46154605 0.43642348
v -0.59279492 0.39721877 0.43736772
v -0.60180942 0.33338463 0.43736764
v -0.60530364 0.33387773 0.43642348
v -0.59628926 0.39771189 0.43642348
v -0.26571166 2.69488611 0.43995686
v -0.27472596 2.63105194 0.43995696
v -0.27728734 2.63141364 0.43737017
v -0.26827284 2.69524779 0.43737025
v -0.27472596 2.63105194 0.43995696
v -0.28374029 2.56721769 0.43995709
v -0.28630185 2.56757942 0.43737012
v -0.27728734 2.63141364 0.43737017
v -0.28374029 2.56721769 0.43995709
v -0.29275462 2.50338343 0.43995722
v -0.29531637 2.50374519 0.43737004
v -0.28630185 2.56757942 0.43737012
v -0.29275462 2.50338343 0.43995722
v -0.30176892 2.43954926 0.43995733
v -0.30433087 2.43991105 0.43736996
v -0.29531637 2.50374519 0.43737004
v -0.30176892 2.43954926 0.43995733
v -0.31078323 2.37571509 0.43995746
v -0.31334537 2.3760769 0.43736989
v -0.30433087 2.43991105 0.43736996
v -0.31078323 2.37571509 0.43995746
v -0.31979755 2.31188092 0.43995759
v -0.32235988 2.31224276 0.43736983
v -0.31334537 2.3760769 0.43736989
v -0.31979755 2.31188092 0.43995759
v -0.32881186 2.24804675 0.43995769
v -0.33137438 2.24840862 0.43736976
v -0.32235988 2.31224276 0.43736983
v -0.32881186 2.24804675 0.43995769
v -0.33782617 2.18421258 0.43995782
v -0.34038888 2.18457447 0.43736968
v -0.33137438 2.24840862 0.43736976
v -0.33782617 2.18421258 0.43995782
v -0.34684048 2.12037841 0.43995795
v -0.34940339 2.12074033 0.4373696
v -0.34038888 2.18457447 0.43736968
v -0.34684048 2.12037841 0.43995795
v -0.35585479 2.05654424 0.43995806
v -0.35841788 2.05690618 0.43736955
v -0.34940339 2.12074033 0.4373696
v -0.35585479 2.05654424 0.43995806
v -0.36486909 1.99271023 0.43995819
v -0.36743237 1.9930722 0.43736947
v -0.35841788 2.05690618 0.43736955
v -0.36486909 1.99271023 0.43995819
v -0.3738834 1.92887606 0.43995829
v -0.37644687 1.92923806 0.43736939
v -0.36743237 1.9930722 0.43736947
v -0.3738834 1.92887606 0.43995829
v -0.38289768 1.86504205 0.43995842
v -0.38546134 1.86540408 0.43736934
v -0.37644687 1.92923806 0.43736939
v -0.38289768 1.86504205 0.43995842
v -0.391912 1.80120788 0.43995855
v -0.39447585 1.80156994 0.43736926
v -0.38546134 1.86540408 0.43736934
v -0.391912 1.80120788 0.43995855
v -0.40092632 1.73737363 0.43995866
v -0.40349036 1.73773571 0.43736918
v -0.39447585 1.80156994 0.43736926
v -0.40092632 1.73737363 0.43995866
v -0.40994064 1.67353937 0.43995879
v -0.41250487 1.67390148 0.43736913
v -0.40349036 1.73773571 0.43736918
v -0.40994064 1.67353937 0.43995879
v -0.41895496 1.6097052 0.43995892
v -0.42151938 1.61006734 0.43736905
v -0.41250487 1.67390148 0.43736913
v -0.41895496 1.6097052 0.43995892
v -0.42796927 1.54587103 0.43995902
v -0.43053388 1.5462332 0.43736897
v -0.42151938 1.61006734 0.43736905
v -0.42796927 1.54587103 0.43995902
v -0.43698359 1.48203686 0.43995915
v -0.43954839 1.48239905 0.43736892
v -0.43053388 1.5462332 0.43736897
v -0.43698359 1.48203686 0.43995915
v -0.4459979 1.41820269 0.43995928
v -0.44856289 1.41856491 0.43736884
v -0.43954839 1.48239905 0.43736892
v -0.4459979 1.41820269 0.43995928
v -0.45501222 1.35436844 0.43995939
v -0.4575774 1.35473068 0.43736876
v -0.44856289 1.41856491 0.43736884
v -0.45501222 1.35436844 0.43995939
v -0.46402654 1.29053427 0.43995952
v -0.46659191 1.29089654 0.43736871
v -0.4575774 1.35473068 0.43736876
v -0.46402654 1.29053427 0.43995952
v -0.47304081 1.22670034 0.43995965
v -0.47560638 1.22706264 0.43736863
v -0.46659191 1.29089654 0.43736871
v -0.47304081 1.22670034 0.43995965
v -0.48205512 1.16286617 0.43995975
v -0.48462087 1.1632285 0.43736855
v -0.47560638 1.22706264 0.43736863
v -0.48205512 1.16286617 0.43995975
v -0.49106944 1.099032 0.43995989
v -0.49363538 1.09939435 0.43736848
v -0.48462087 1.1632285 0.43736855
v -0.49106944 1.099032 0.43995989
v -0.50008375 1.03519783 0.43996002
v -0.50264988 1.03556021 0.43736842
v -0.49363538 1.09939435 0.43736848
v -0.50008375 1.03519783 0.43996002
v -0.50909807 0.97136366 0.43996015
v -0.51166439 0.97172607 0.43736834
v -0.50264988 1.03556021 0.43736842
v -0.50909807 0.97136366 0.43996015
v -0.51811238 0.90752949 0.43996025
v -0.52067889 0.90789192 0.43736827
v -0.51166439 0.97172607 0.43736834
v -0.51811238 0.90752949 0.43996025
v -0.52712668 0.84369532 0.43996038
v -0.52969339 0.84405778 0.43736821
v -0.52067889 0.90789192 0.43736827
v -0.52712668 0.84369532 0.43996038
v -0.536141 0.77986115 0.43996051
v -0.5387079 0.78022363 0.43736814
v -0.52969339 0.84405778 0.43736821
v -0.536141 0.77986115 0.43996051
v -0.54515531 0.71602698 0.43996062
v -0.5477224 0.71638949 0.43736806
v -0.5387079 0.78022363 0.43736814
v -0.54515531 0.71602698 0.43996062
v -0.55416962 0.6521928 0.43996075
v -0.5567369 0.65255534 0.43736801
v -0.5477224 0.71638949 0.43736806
v -0.55416962 0.6521928 0.43996075
v -0.56318394 0.58835863 0.43996088
v -0.56575141 0.5887212 0.43736793
v -0.5567369 0.65255534 0.43736801
v -0.56318394 0.58835863 0.43996088
v -0.57219825 0.52452446 0.43996098
v -0.57476591 0.52488706 0.43736785
v -0.56575141 0.5887212 0.43736793
v -0.57219825 0.52452446 0.43996098
v -0.58121256 0.46069029 0.43996111
v -0.58378042 0.46105291 0.4373678
v -0.57476591 0.52488706 0.43736785
v -0.58121256 0.46069029 0.43996111
v -0.59022688 0.39685612 0.43996124
v -0.59279492 0.39721877 0.43736772
v -0.58378042 0.46105291 0.4373678
v -0.59022688 0.39685612 0.43996124
v -0.59924119 0.33302195 0.43996135
v -0.60180942 0.33338463 0.43736764
v -0.59279492 0.39721877 0.43736772
v -0.28374029 2.56721769 0.43995709
v -0.27472596 2.63105194 0.43995696
v -0.29275462 2.50338343 0.43995722
v -0.28374029 2.56721769 0.43995709
v -0.30176892 2.43954926 0.43995733
v -0.29275462 2.50338343 0.43995722
v -0.31078323 2.37571509 0.43995746
v -0.30176892 2.43954926 0.43995733
v -0.31979755 2.31188092 0.43995759
v -0.31078323 2.37571509 0.43995746
v -0.32881186 2.24804675 0.43995769
v -0.31979755 2.31188092 0.43995759
v -0.33782617 2.18421258 0.43995782
v -0.32881186 2.24804675 0.43995769
v -0.34684048 2.12037841 0.43995795
v -0.33782617 2.18421258 0.43995782
v -0.35585479 2.05654424 0.43995806
v -0.34684048 2.12037841 0.43995795
v -0.36486909 1.99271023 0.43995819
v -0.35585479 2.05654424 0.43995806
v -0.3738834 1.92887606 0.43995829
v -0.36486909 1.99271023 0.43995819
v -0.38289768 1.86504205 0.43995842
v -0.3738834 1.92887606 0.43995829
v -0.391912 1.80120788 0.43995855
v -0.38289768 1.86504205 0.43995842
v -0.40092632 1.73737363 0.43995866
v -0.391912 1.80120788 0.43995855
v -0.40994064 1.67353937 0.43995879
v -0.40092632 1.73737363 0.43995866
v -0.41895496 1.6097052 0.43995892
v -0.40994064 1.67353937 0.43995879
v -0.42796927 1.54587103 0.43995902
v -0.41895496 1.6097052 0.43995892
v -0.43698359 1.48203686 0.43995915
v -0.42796927 1.54587103 0.43995902
v -0.4459979 1.41820269 0.43995928
v -0.43698359 1.48203686 0.43995915
v -0.45501222 1.35436844 0.43995939
v -0.4459979 1.41820269 0.43995928
v -0.46402654 1.29053427 0.43995952
v -0.45501222 1.35436844 0.43995939
v -0.47304081 1.22670034 0.43995965
v -0.46402654 1.29053427 0.43995952
v -0.48205512 1.16286617 0.43995975
v -0.47304081 1.22670034 0.43995965
v -0.49106944 1.099032 0.43995989
v -0.48205512 1.16286617 0.43995975
v -0.50008375 1.03519783 0.43996002
v -0.49106944 1.099032 0.43995989
v -0.50909807 0.97136366 0.43996015
v -0.50008375 1.03519783 0.43996002
v -0.51811238 0.90752949 0.43996025
v -0.50909807 0.97136366 0.43996015
v -0.52712668 0.84369532 0.43996038
v -0.51811238 0.90752949 0.43996025
v -0.536141 0.77986115 0.43996051
v -0.52712668 0.84369532 0.43996038
v -0.54515531 0.71602698 0.43996062
v -0.536141 0.77986115 0.43996051
v -0.55416962 0.6521928 0.43996075
v -0.54515531 0.71602698 0.43996062
v -0.56318394 0.58835863 0.43996088
v -0.55416962 0.6521928 0.43996075
v -0.57219825 0.52452446 0.43996098
v -0.56318394 0.58835863 0.43996088
v -0.58121256 0.46069029 0.43996111
v -0.57219825 0.52452446 0.43996098
v -0.59022688 0.39685612 0.43996124
v -0.58121256 0.46069029 0.43996111
v -0.59924119 0.33302195 0.43996135
v -0.59022688 0.39685612 0.43996124
v -0.65455066 0.27572538 0.43642348
v -0.60530364 0.33387773 0.43642348
v -0.64553633 0.33955921 0.43642348
v -0.59628926 0.39771189 0.43642348
v -0.63652188 0.4033937 0.43642348
v -0.58727488 0.46154605 0.43642348
v -0.62750751 0.46722786 0.43642348
v -0.5782605 0.52538021 0.43642348
v -0.61849313 0.53106202 0.43642348
v -0.56924612 0.58921437 0.43642348
v -0.60947875 0.59489618 0.43642348
v -0.56023168 0.65304886 0.43642348
v -0.60046437 0.65873034 0.43642348
v -0.5512173 0.71688302 0.43642348
v -0.59144999 0.72256451 0.43642348
v -0.54220293 0.78071719 0.43642348
v -0.58243559 0.78639866 0.43642348
v -0.53318854 0.84455135 0.43642348
v -0.57342122 0.85023282 0.43642348
v -0.52417416 0.90838551 0.43642348
v -0.56440684 0.91406699 0.43642348
v -0.51515978 0.97221967 0.43642348
v -0.55539246 0.97790115 0.43642348
v -0.50614539 1.03605383 0.43642348
v -0.54637808 1.04173531 0.43642348
v -0.49713102 1.09988799 0.43642348
v -0.53736363 1.1055698 0.43642348
v -0.48811663 1.16372215 0.43642348
v -0.52834925 1.16940396 0.43642348
v -0.47910225 1.22755631 0.43642348
v -0.51933488 1.23323812 0.43642348
v -0.47008791 1.29139023 0.43642348
v -0.51032057 1.29707179 0.43642348
v -0.46107352 1.35522439 0.43642348
v -0.50130618 1.36090603 0.43642348
v -0.45205914 1.41905855 0.43642348
v -0.49229178 1.42474019 0.43642348
v -0.44304476 1.48289271 0.43642348
v -0.4832774 1.48857435 0.43642348
v -0.43403036 1.54672695 0.43642348
v -0.47426301 1.5524086 0.43642348
v -0.42501598 1.61056111 0.43642348
v -0.46524864 1.61624276 0.43642348
v -0.41600159 1.67439527 0.43642348
v -0.45623426 1.68007692 0.43642348
v -0.40698721 1.73822944 0.43642348
v -0.44721987 1.74391116 0.43642348
v -0.39797282 1.80206368 0.43642348
v -0.43820546 1.8077454 0.43642348
v -0.38895843 1.86589784 0.43642348
v -0.42919108 1.87157957 0.43642348
v -0.37994408 1.92973188 0.43642348
v -0.42017672 1.93541356 0.43642348
v -0.37092969 1.99356608 0.43642348
v -0.41116234 1.99924777 0.43642348
v -0.36191533 2.05740008 0.43642348
v -0.40214797 2.06308189 0.43642348
v -0.35290095 2.12123424 0.43642348
v -0.39313356 2.12691604 0.43642348
v -0.34388656 2.1850684 0.43642348
v -0.38411919 2.19075021 0.43642348
v -0.33487218 2.24890256 0.43642348
v -0.37510481 2.25458437 0.43642348
v -0.3258578 2.31273672 0.43642348
v -0.36609045 2.31841845 0.43642348
v -0.31684341 2.37657088 0.43642348
v -0.35707608 2.38225253 0.43642348
v -0.30782903 2.44040504 0.43642348
v -0.3480617 2.44608669 0.43642348
v -0.29881466 2.5042392 0.43642348
v -0.33904729 2.50992085 0.43642348
v -0.28980026 2.56807345 0.43642348
v -0.33003292 2.57375501 0.43642348
v -0.31900146 2.70241146 0.4434902
v -0.32801583 2.6385773 0.48412207
v -0.31900146 2.70241146 0.48412207
v -0.33703021 2.57474313 0.48412207
v -0.32801583 2.6385773 0.48412207
v -0.34604459 2.51090897 0.48412207
v -0.33703021 2.57474313 0.48412207
v -0.35505899 2.44707481 0.48412207
v -0.34604459 2.51090897 0.48412207
v -0.36407337 2.38324065 0.48412207
v -0.35505899 2.44707481 0.48412207
v -0.37308773 2.31940657 0.48412207
v -0.36407337 2.38324065 0.48412207
v -0.3821021 2.25557249 0.48412207
v -0.37308773 2.31940657 0.48412207
v -0.39111647 2.19173833 0.48412207
v -0.3821021 2.25557249 0.48412207
v -0.40013085 2.12790417 0.48412207
v -0.39111647 2.19173833 0.48412207
v -0.40914526 2.06407001 0.48412207
v -0.40013085 2.12790417 0.48412207
v -0.41815963 2.00023589 0.48412207
v -0.40914526 2.06407001 0.48412207
v -0.42717401 1.93640169 0.48412207
v -0.41815963 2.00023589 0.48412207
v -0.43618837 1.87256769 0.48412207
v -0.42717401 1.93640169 0.48412207
v -0.44520274 1.80873353 0.48412207
v -0.43618837 1.87256769 0.48412207
v -0.45421716 1.74489929 0.48412207
v -0.44520274 1.80873353 0.48412207
v -0.46323155 1.68106505 0.48412207
v -0.45421716 1.74489929 0.48412207
v -0.47224592 1.61723088 0.48412207
v -0.46323155 1.68106505 0.48412207
v -0.48126031 1.55339672 0.48412207
v -0.47224592 1.61723088 0.48412207
v -0.49027469 1.48956248 0.48412207
v -0.48126031 1.55339672 0.48412207
v -0.49928907 1.42572832 0.48412207
v -0.49027469 1.48956248 0.48412207
v -0.50830347 1.36189416 0.48412207
v -0.49928907 1.42572832 0.48412207
v -0.51731786 1.29805992 0.48412207
v -0.50830347 1.36189416 0.48412207
v -0.52633217 1.23422625 0.48412207
v -0.51731786 1.29805992 0.48412207
v -0.53534655 1.17039208 0.48412207
v -0.52633217 1.23422625 0.48412207
v -0.54436092 1.10655792 0.48412207
v -0.53534655 1.17039208 0.48412207
v -0.55337537 1.04272344 0.48412207
v -0.54436092 1.10655792 0.48412207
v -0.56238975 0.97888927 0.48412207
v -0.55337537 1.04272344 0.48412207
v -0.57140413 0.91505511 0.48412207
v -0.56238975 0.97888927 0.48412207
v -0.5804185 0.85122095 0.48412207
v -0.57140413 0.91505511 0.48412207
v -0.58943288 0.78738679 0.48412207
v -0.5804185 0.85122095 0.48412207
v -0.59844728 0.72355263 0.48412207
v -0.58943288 0.78738679 0.48412207
v -0.60746166 0.65971847 0.48412207
v -0.59844728 0.72355263 0.48412207
v -0.61647604 0.59588431 0.48412207
v -0.60746166 0.65971847 0.48412207
v -0.62549042 0.53205015 0.48412207
v -0.61647604 0.59588431 0.48412207
v -0.6345048 0.46821598 0.48412207
v -0.62549042 0.53205015 0.48412207
v -0.64351917 0.40438182 0.48412207
v -0.6345048 0.46821598 0.48412207
v -0.65253362 0.34054734 0.48412207
v -0.64351917 0.40438182 0.48412207
v -0.27177149 2.69574185 0.49118879
v -0.31200416 2.70142333 0.49118879
v -0.48327742 1.48857419 0.49118879
v -0.4922918 1.42474003 0.49118879
v -0.4922918 1.42474003 0.81329764
v -0.48327742 1.48857419 0.81329764
v -0.28980024 2.56807353 0.49118879
v -0.33003293 2.57375493 0.49118879
v -0.29881463 2.50423937 0.49118879
v -0.33904732 2.50992068 0.49118879
v -0.57342122 0.85023282 0.49118879
v -0.53318854 0.84455135 0.49118879
v -0.53318854 0.84455135 0.81329764
v -0.57342122 0.85023282 0.81329764
v -0.31684339 2.37657105 0.49118879
v -0.3570761 2.38225236 0.49118879
v -0.32585777 2.31273697 0.49118879
v -0.36609048 2.3184182 0.49118879
v -0.58727483 0.46154638 0.49118879
v -0.57826045 0.52538054 0.49118879
v -0.57826045 0.52538054 0.81329764
v -0.58727483 0.46154638 0.81329764
v -0.34388652 2.18506873 0.49118879
v -0.38411923 2.19074988 0.49118879
v -0.3529009 2.12123457 0.49118879
v -0.39313361 2.12691572 0.49118879
v -0.33003293 2.57375493 0.49118879
v -0.28980024 2.56807353 0.49118879
v -0.28980024 2.56807353 0.81329764
v -0.33003293 2.57375493 0.81329764
v -0.37092966 1.99356629 0.49118879
v -0.41116237 1.99924756 0.49118879
v -0.37994405 1.92973208 0.49118879
v -0.42017675 1.93541336 0.49118879
v -0.52417416 0.90838551 0.49118879
v -0.56440684 0.91406699 0.49118879
v -0.56440684 0.91406699 0.81329764
v -0.52417416 0.90838551 0.81329764
v -0.39797279 1.80206393 0.49118879
v -0.43820549 1.80774516 0.49118879
v -0.40698718 1.73822968 0.49118879
v -0.44721991 1.74391092 0.49118879
v -0.33487213 2.24890289 0.49118879
v -0.33487213 2.24890289 0.81329764
v -0.34388652 2.18506873 0.81329764
v -0.42501596 1.61056128 0.49118879
v -0.46524866 1.61624259 0.49118879
v -0.43403034 1.54672712 0.49118879
v -0.47426304 1.55240843 0.49118879
v -0.28078587 2.63190769 0.49118879
v -0.32101854 2.63758917 0.49118879
v -0.32101854 2.63758917 0.81329764
v -0.28078587 2.63190769 0.81329764
v -0.45205911 1.41905871 0.49118879
v -0.46107349 1.35522455 0.49118879
v -0.5013062 1.36090587 0.49118879
v -0.51032058 1.29707171 0.49118879
v -0.51933492 1.23323779 0.49118879
v -0.51933492 1.23323779 0.81329764
v -0.51032058 1.29707171 0.81329764
v -0.4791022 1.22755664 0.49118879
v -0.48811658 1.16372248 0.49118879
v -0.5283493 1.16940363 0.49118879
v -0.54637808 1.04173531 0.49118879
v -0.50614539 1.03605383 0.49118879
v -0.50614539 1.03605383 0.81329764
v -0.54637808 1.04173531 0.81329764
v -0.50614539 1.03605383 0.49118879
v -0.54637808 1.04173531 0.49118879
v -0.51515978 0.97221967 0.49118879
v -0.55539246 0.97790115 0.49118879
v -0.56023168 0.65304886 0.49118879
v -0.5512173 0.71688302 0.49118879
v -0.5512173 0.71688302 0.81329764
v -0.56023168 0.65304886 0.81329764
v -0.53318854 0.84455135 0.49118879
v -0.57342122 0.85023282 0.49118879
v -0.54220293 0.78071719 0.49118879
v -0.58243559 0.78639866 0.49118879
v -0.49713097 1.09988832 0.49118879
v -0.53736368 1.10556947 0.49118879
v -0.53736368 1.10556947 0.81329764
v -0.49713097 1.09988832 0.81329764
v -0.60046437 0.65873034 0.49118879
v -0.56924607 0.5892147 0.49118879
v -0.60947879 0.59489585 0.49118879
v -0.30782901 2.44040521 0.49118879
v -0.30782901 2.44040521 0.81329764
v -0.31684339 2.37657105 0.81329764
v -0.62750755 0.46722753 0.49118879
v -0.59628922 0.39771222 0.49118879
v -0.63652193 0.40339337 0.49118879
v -0.60530364 0.33387773 0.81329764
v -0.64553633 0.33955921 0.81329764
v -0.65455066 0.27572538 0.81329764
v -0.61431798 0.2700439 0.81329764
v -0.28078587 2.63190769 0.81329764
v -0.32101854 2.63758917 0.81329764
v -0.33003293 2.57375493 0.81329764
v -0.28980024 2.56807353 0.81329764
v -0.30782901 2.44040521 0.81329764
v -0.34806172 2.44608652 0.81329764
v -0.3570761 2.38225236 0.81329764
v -0.33487213 2.24890289 0.81329764
v -0.37510486 2.25458404 0.81329764
v -0.38411923 2.19074988 0.81329764
v -0.36191528 2.05740041 0.81329764
v -0.40214801 2.06308156 0.81329764
v -0.41116237 1.99924756 0.81329764
v -0.37092966 1.99356629 0.81329764
v -0.3889584 1.86589809 0.81329764
v -0.42919111 1.87157932 0.81329764
v -0.43820549 1.80774516 0.81329764
v -0.39797279 1.80206393 0.81329764
v -0.41600157 1.67439544 0.81329764
v -0.45623428 1.68007676 0.81329764
v -0.46524866 1.61624259 0.81329764
v -0.42501596 1.61056128 0.81329764
v -0.44304474 1.48289287 0.81329764
v -0.48327742 1.48857419 0.81329764
v -0.45205911 1.41905871 0.81329764
v -0.4700879 1.29139031 0.81329764
v -0.51032058 1.29707171 0.81329764
v -0.4791022 1.22755664 0.81329764
v -0.49713097 1.09988832 0.81329764
v -0.53736368 1.10556947 0.81329764
v -0.54637808 1.04173531 0.81329764
v -0.50614539 1.03605383 0.81329764
v -0.52417416 0.90838551 0.81329764
v -0.56440684 0.91406699 0.81329764
v -0.57342122 0.85023282 0.81329764
v -0.53318854 0.84455135 0.81329764
v -0.5512173 0.71688302 0.81329764
v -0.59144999 0.72256451 0.81329764
v -0.60046437 0.65873034 0.81329764
v -0.57826045 0.52538054 0.81329764
v -0.61849318 0.53106169 0.81329764
v -0.62750755 0.46722753 0.81329764
v -0.36191528 2.05740041 0.49118879
v -0.36191528 2.05740041 0.81329764
v -0.5512173 0.71688302 0.49118879
v -0.59144999 0.72256451 0.49118879
v -0.59144999 0.72256451 0.81329764
v -0.5512173 0.71688302 0.81329764
v -0.3570761 2.38225236 0.49118879
v -0.31684339 2.37657105 0.49118879
v -0.31684339 2.37657105 0.81329764
v -0.3570761 2.38225236 0.81329764
v -0.60046437 0.65873034 0.49118879
v -0.56023168 0.65304886 0.49118879
v -0.56023168 0.65304886 0.81329764
v -0.60046437 0.65873034 0.81329764
v -0.45623428 1.68007676 0.49118879
v -0.45623428 1.68007676 0.81329764
v -0.33487213 2.24890289 0.49118879
v -0.37510486 2.25458404 0.49118879
v -0.37510486 2.25458404 0.81329764
v -0.33487213 2.24890289 0.81329764
v -0.3889584 1.86589809 0.49118879
v -0.3889584 1.86589809 0.81329764
v -0.57826045 0.52538054 0.49118879
v -0.61849318 0.53106169 0.49118879
v -0.61849318 0.53106169 0.81329764
v -0.57826045 0.52538054 0.81329764
v -0.38411923 2.19074988 0.49118879
v -0.34388652 2.18506873 0.49118879
v -0.34388652 2.18506873 0.81329764
v -0.38411923 2.19074988 0.81329764
v -0.62750755 0.46722753 0.49118879
v -0.58727483 0.46154638 0.49118879
v -0.58727483 0.46154638 0.81329764
v -0.62750755 0.46722753 0.81329764
v -0.42919111 1.87157932 0.49118879
v -0.42919111 1.87157932 0.81329764
v -0.36191528 2.05740041 0.49118879
v -0.40214801 2.06308156 0.49118879
v -0.40214801 2.06308156 0.81329764
v -0.36191528 2.05740041 0.81329764
v -0.41600157 1.67439544 0.49118879
v -0.41600157 1.67439544 0.81329764
v -0.60530364 0.33387773 0.49118879
v -0.64553633 0.33955921 0.49118879
v -0.64553633 0.33955921 0.81329764
v -0.60530364 0.33387773 0.81329764
v -0.41116237 1.99924756 0.49118879
v -0.37092966 1.99356629 0.49118879
v -0.37092966 1.99356629 0.81329764
v -0.41116237 1.99924756 0.81329764
v -0.64553633 0.33955921 0.49118879
v -0.64553633 0.33955921 0.81329764
v -0.40214801 2.06308156 0.49118879
v -0.40214801 2.06308156 0.81329764
v -0.3889584 1.86589809 0.49118879
v -0.42919111 1.87157932 0.49118879
v -0.42919111 1.87157932 0.81329764
v -0.3889584 1.86589809 0.81329764
v -0.44304474 1.48289287 0.49118879
v -0.44304474 1.48289287 0.81329764
v -0.43820549 1.80774516 0.49118879
v -0.39797279 1.80206393 0.49118879
v -0.39797279 1.80206393 0.81329764
v -0.43820549 1.80774516 0.81329764
v -0.61849318 0.53106169 0.49118879
v -0.61849318 0.53106169 0.81329764
v -0.61431798 0.2700439 0.49118879
v -0.61431798 0.2700439 0.81329764
v -0.65455066 0.27572538 0.81329764
v -0.37510486 2.25458404 0.49118879
v -0.37510486 2.25458404 0.81329764
v -0.41600157 1.67439544 0.49118879
v -0.45623428 1.68007676 0.49118879
v -0.45623428 1.68007676 0.81329764
v -0.41600157 1.67439544 0.81329764
v -0.4700879 1.29139031 0.49118879
v -0.4700879 1.29139031 0.81329764
v -0.46524866 1.61624259 0.49118879
v -0.42501596 1.61056128 0.49118879
v -0.42501596 1.61056128 0.81329764
v -0.46524866 1.61624259 0.81329764
v -0.59144999 0.72256451 0.49118879
v -0.59144999 0.72256451 0.81329764
v -0.34806172 2.44608652 0.49118879
v -0.34806172 2.44608652 0.81329764
v -0.44304474 1.48289287 0.49118879
v -0.48327742 1.48857419 0.49118879
v -0.48327742 1.48857419 0.81329764
v -0.44304474 1.48289287 0.81329764
v -0.49713097 1.09988832 0.49118879
v -0.49713097 1.09988832 0.81329764
v -0.4922918 1.42474003 0.49118879
v -0.45205911 1.41905871 0.49118879
v -0.45205911 1.41905871 0.81329764
v -0.4922918 1.42474003 0.81329764
v -0.56440684 0.91406699 0.49118879
v -0.56440684 0.91406699 0.81329764
v -0.60530364 0.33387773 0.49118879
v -0.60530364 0.33387773 0.81329764
v -0.32101854 2.63758917 0.49118879
v -0.32101854 2.63758917 0.81329764
v -0.28078587 2.63190769 0.49118879
v -0.28078587 2.63190769 0.81329764
v -0.4700879 1.29139031 0.49118879
v -0.51032058 1.29707171 0.49118879
v -0.51032058 1.29707171 0.81329764
v -0.4700879 1.29139031 0.81329764
v -0.52417416 0.90838551 0.49118879
v -0.52417416 0.90838551 0.81329764
v -0.51933492 1.23323779 0.49118879
v -0.4791022 1.22755664 0.49118879
v -0.4791022 1.22755664 0.81329764
v -0.51933492 1.23323779 0.81329764
v -0.53736368 1.10556947 0.49118879
v -0.53736368 1.10556947 0.81329764
v -0.24173881 2.65402292 0.80766754
v -0.24172715 2.65410553 0.8482994
v -0.23698649 2.65286028 0.84829454
v -0.23700172 2.65277608 0.80767407
v -0.27285234 2.63754949 0.8482994
v -0.2410487 2.63046595 0.81118668
v -0.24106576 2.63106191 0.84500338
v -0.26995152 2.65809125 0.8482994
v -0.26996319 2.65800864 0.80766754
v -0.26477419 2.69475389 0.80766754
v -0.26477419 2.69475389 0.8482994
v -0.27307482 2.63683727 0.4434902
v -0.27011429 2.65780184 0.4434902
v -0.24188478 2.6539422 0.44349556
v -0.23897586 2.62930732 0.4488753
v -0.2700991 2.65790941 0.48412207
v -0.2647742 2.69475373 0.4434902
v -0.2647742 2.69475373 0.48412207
v -0.23898263 2.62937762 0.47877162
v -0.23897586 2.62930732 0.4488753
v -0.23721056 2.62696858 0.45017819
v -0.23720488 2.62703168 0.47746701
v -0.27011429 2.65780184 0.4434902
v -0.2700991 2.65790941 0.48412207
v -0.24187055 2.65405325 0.4841176
v -0.24188478 2.6539422 0.44349556
v -0.27291882 2.63707873 0.80766754
v -0.24173881 2.65402292 0.80766754
v -0.2410487 2.63046595 0.81118668
v -0.26996319 2.65800864 0.80766754
v -0.26995152 2.65809125 0.8482994
v -0.24172715 2.65410553 0.8482994
v -0.24173881 2.65402292 0.80766754
v -0.27285234 2.63754949 0.8482994
v -0.24106576 2.63106191 0.84500338
v -0.24172715 2.65410553 0.8482994
v -0.27306508 2.63690625 0.48412207
v -0.23898263 2.62937762 0.47877162
v -0.24187055 2.65405325 0.4841176
v -0.27306508 2.63690625 0.48412207
v -0.23897586 2.62930732 0.4488753
v -0.23898263 2.62937762 0.47877162
v -0.23721056 2.62696858 0.45017819
v -0.23758337 2.65285872 0.44353616
v -0.23289174 2.65142894 0.44380114
v -0.23602339 2.62460697 0.45152667
v -0.24187055 2.65405325 0.4841176
v -0.23898263 2.62937762 0.47877162
v -0.23720488 2.62703168 0.47746701
v -0.23756083 2.65297464 0.48407869
v -0.23897586 2.62930732 0.4488753
v -0.24188478 2.6539422 0.44349556
v -0.23758337 2.65285872 0.44353616
v -0.23721056 2.62696858 0.45017819
v -0.24188478 2.6539422 0.44349556
v -0.24187055 2.65405325 0.4841176
v -0.23756083 2.65297464 0.48407869
v -0.23758337 2.65285872 0.44353616
v -0.23289174 2.65142894 0.44380114
v -0.23287972 2.65156041 0.48382695
v -0.22782905 2.64814081 0.48280215
v -0.22785034 2.64799508 0.44484025
v -0.23758337 2.65285872 0.44353616
v -0.23756083 2.65297464 0.48407869
v -0.23287972 2.65156041 0.48382695
v -0.23289174 2.65142894 0.44380114
v -0.23720488 2.62703168 0.47746701
v -0.23721056 2.62696858 0.45017819
v -0.23602339 2.62460697 0.45152667
v -0.23600848 2.62466341 0.47611568
v -0.23756083 2.65297464 0.48407869
v -0.23720488 2.62703168 0.47746701
v -0.23600848 2.62466341 0.47611568
v -0.23287972 2.65156041 0.48382695
v -0.22782905 2.64814081 0.48280215
v -0.23523779 2.62239185 0.47475198
v -0.23471912 2.62028108 0.47340814
v -0.22395278 2.64250859 0.4810687
v -0.23600848 2.62466341 0.47611568
v -0.23602339 2.62460697 0.45152667
v -0.23525869 2.62234538 0.45288701
v -0.23523779 2.62239185 0.47475198
v -0.23287972 2.65156041 0.48382695
v -0.23600848 2.62466341 0.47611568
v -0.23523779 2.62239185 0.47475198
v -0.22782905 2.64814081 0.48280215
v -0.23602339 2.62460697 0.45152667
v -0.23289174 2.65142894 0.44380114
v -0.22785034 2.64799508 0.44484025
v -0.23525869 2.62234538 0.45288701
v -0.22399529 2.64236669 0.44658123
v -0.22395278 2.64250859 0.4810687
v -0.22211519 2.63520002 0.47883991
v -0.22217856 2.63508803 0.44881041
v -0.23525869 2.62234538 0.45288701
v -0.22785034 2.64799508 0.44484025
v -0.22399529 2.64236669 0.44658123
v -0.23474243 2.62024401 0.45422705
v -0.22785034 2.64799508 0.44484025
v -0.22782905 2.64814081 0.48280215
v -0.22395278 2.64250859 0.4810687
v -0.22399529 2.64236669 0.44658123
v -0.23523779 2.62239185 0.47475198
v -0.23525869 2.62234538 0.45288701
v -0.23474243 2.62024401 0.45422705
v -0.23471912 2.62028108 0.47340814
v -0.23436556 2.61836935 0.47211406
v -0.23438749 2.61834104 0.4555172
v -0.23412074 2.61666376 0.45673009
v -0.23410135 2.61668438 0.4708973
v -0.23471912 2.62028108 0.47340814
v -0.23474243 2.62024401 0.45422705
v -0.23438749 2.61834104 0.4555172
v -0.23436556 2.61836935 0.47211406
v -0.22395278 2.64250859 0.4810687
v -0.23471912 2.62028108 0.47340814
v -0.23436556 2.61836935 0.47211406
v -0.22211519 2.63520002 0.47883991
v -0.23474243 2.62024401 0.45422705
v -0.22399529 2.64236669 0.44658123
v -0.22217856 2.63508803 0.44881041
v -0.23438749 2.61834104 0.4555172
v -0.22256214 2.6275649 0.47637915
v -0.23410135 2.61668438 0.4708973
v -0.23387497 2.61524605 0.46978429
v -0.22438075 2.62184752 0.47393291
v -0.22211519 2.63520002 0.47883991
v -0.23436556 2.61836935 0.47211406
v -0.23410135 2.61668438 0.4708973
v -0.22256214 2.6275649 0.47637915
v -0.23438749 2.61834104 0.4555172
v -0.22217856 2.63508803 0.44881041
v -0.22263209 2.62749396 0.45126639
v -0.23412074 2.61666376 0.45673009
v -0.22217856 2.63508803 0.44881041
v -0.22211519 2.63520002 0.47883991
v -0.22256214 2.6275649 0.47637915
v -0.22263209 2.62749396 0.45126639
v -0.22444641 2.62179842 0.45370532
v -0.22438075 2.62184752 0.47393291
v -0.22626743 2.61797468 0.47168067
v -0.22632457 2.61794698 0.45594983
v -0.23412074 2.61666376 0.45673009
v -0.22263209 2.62749396 0.45126639
v -0.22444641 2.62179842 0.45370532
v -0.23389168 2.61523183 0.45783937
v -0.22263209 2.62749396 0.45126639
v -0.22256214 2.6275649 0.47637915
v -0.22438075 2.62184752 0.47393291
v -0.22444641 2.62179842 0.45370532
v -0.23410135 2.61668438 0.4708973
v -0.23412074 2.61666376 0.45673009
v -0.23389168 2.61523183 0.45783937
v -0.23387497 2.61524605 0.46978429
v -0.22626743 2.61797468 0.47168067
v -0.23366594 2.61406469 0.46880203
v -0.23347864 2.61313665 0.46797954
v -0.22787011 2.61525058 0.46973866
v -0.23387497 2.61524605 0.46978429
v -0.23389168 2.61523183 0.45783937
v -0.23368031 2.61405558 0.45881818
v -0.23366594 2.61406469 0.46880203
v -0.22438075 2.62184752 0.47393291
v -0.23387497 2.61524605 0.46978429
v -0.23366594 2.61406469 0.46880203
v -0.22626743 2.61797468 0.47168067
v -0.23389168 2.61523183 0.45783937
v -0.22444641 2.62179842 0.45370532
v -0.22632457 2.61794698 0.45594983
v -0.23368031 2.61405558 0.45881818
v -0.22787011 2.61525058 0.46973866
v -0.23347864 2.61313665 0.46797954
v -0.23333561 2.61243823 0.4673488
v -0.22909496 2.61340865 0.46820062
v -0.23368031 2.61405558 0.45881818
v -0.22632457 2.61794698 0.45594983
v -0.22791077 2.61523664 0.45788489
v -0.23349107 2.61313137 0.45963767
v -0.22632457 2.61794698 0.45594983
v -0.22626743 2.61797468 0.47168067
v -0.22787011 2.61525058 0.46973866
v -0.22791077 2.61523664 0.45788489
v -0.23366594 2.61406469 0.46880203
v -0.23368031 2.61405558 0.45881818
v -0.23349107 2.61313137 0.45963767
v -0.23347864 2.61313665 0.46797954
v -0.22912223 2.6134027 0.45941739
v -0.22909496 2.61340865 0.46820062
v -0.22986657 2.61225153 0.46717611
v -0.22988542 2.61224975 0.46043806
v -0.23349107 2.61313137 0.45963767
v -0.22791077 2.61523664 0.45788489
v -0.22912223 2.6134027 0.45941739
v -0.23334683 2.61243554 0.46026605
v -0.22791077 2.61523664 0.45788489
v -0.22787011 2.61525058 0.46973866
v -0.22909496 2.61340865 0.46820062
v -0.22912223 2.6134027 0.45941739
v -0.23347864 2.61313665 0.46797954
v -0.23349107 2.61313137 0.45963767
v -0.23334683 2.61243554 0.46026605
v -0.23333561 2.61243823 0.4673488
v -0.22986657 2.61225153 0.46717611
v -0.23327304 2.61192169 0.46694414
v -0.23333786 2.61151208 0.46680127
v -0.23021096 2.61150854 0.46680127
v -0.23333561 2.61243823 0.4673488
v -0.23334683 2.61243554 0.46026605
v -0.23328361 2.6119205 0.46066915
v -0.23327304 2.61192169 0.46694414
v -0.22909496 2.61340865 0.46820062
v -0.23333561 2.61243823 0.4673488
v -0.23327304 2.61192169 0.46694414
v -0.22986657 2.61225153 0.46717611
v -0.23334683 2.61243554 0.46026605
v -0.22912223 2.6134027 0.45941739
v -0.22988542 2.61224975 0.46043806
v -0.23328361 2.6119205 0.46066915
v -0.23333786 2.61151208 0.46680127
v -0.23334818 2.61151203 0.46081144
v -0.23022698 2.61150854 0.46081144
v -0.23328361 2.6119205 0.46066915
v -0.22988542 2.61224975 0.46043806
v -0.23334818 2.61151203 0.46081144
v -0.22988542 2.61224975 0.46043806
v -0.22986657 2.61225153 0.46717611
v -0.23021096 2.61150854 0.46680127
v -0.23022698 2.61150854 0.46081144
v -0.23327304 2.61192169 0.46694414
v -0.23328361 2.6119205 0.46066915
v -0.23334818 2.61151203 0.46081144
v -0.23333786 2.61151208 0.46680127
v -0.23700172 2.65277608 0.80767407
v -0.23698649 2.65286028 0.84829454
v -0.23204834 2.65069116 0.84802596
v -0.23206645 2.65060385 0.80794591
v -0.24106576 2.63106191 0.84500338
v -0.2410487 2.63046595 0.81118668
v -0.23873507 2.62845949 0.81244661
v -0.23864912 2.62902399 0.84374836
v -0.24172715 2.65410553 0.8482994
v -0.24106576 2.63106191 0.84500338
v -0.23864912 2.62902399 0.84374836
v -0.23698649 2.65286028 0.84829454
v -0.2410487 2.63046595 0.81118668
v -0.24173881 2.65402292 0.80766754
v -0.23700172 2.65277608 0.80767407
v -0.23873507 2.62845949 0.81244661
v -0.23204834 2.65069116 0.84802596
v -0.23690421 2.62669567 0.84234504
v -0.23575728 2.62419175 0.84082841
v -0.22745242 2.6473893 0.84738319
v -0.23864912 2.62902399 0.84374836
v -0.23873507 2.62845949 0.81244661
v -0.23705579 2.62618425 0.81384546
v -0.23690421 2.62669567 0.84234504
v -0.23698649 2.65286028 0.84829454
v -0.23864912 2.62902399 0.84374836
v -0.23690421 2.62669567 0.84234504
v -0.23204834 2.65069116 0.84802596
v -0.23873507 2.62845949 0.81244661
v -0.23700172 2.65277608 0.80767407
v -0.23206645 2.65060385 0.80794591
v -0.23705579 2.62618425 0.81384546
v -0.22749243 2.64732058 0.8085808
v -0.22745242 2.6473893 0.84738319
v -0.22407891 2.64313678 0.84642743
v -0.22412891 2.64310557 0.80951903
v -0.23705579 2.62618425 0.81384546
v -0.23206645 2.65060385 0.80794591
v -0.22749243 2.64732058 0.8085808
v -0.23592656 2.62376273 0.81534906
v -0.23206645 2.65060385 0.80794591
v -0.23204834 2.65069116 0.84802596
v -0.22745242 2.6473893 0.84738319
v -0.22749243 2.64732058 0.8085808
v -0.23690421 2.62669567 0.84234504
v -0.23705579 2.62618425 0.81384546
v -0.23592656 2.62376273 0.81534906
v -0.23575728 2.62419175 0.84082841
v -0.23488619 2.62183156 0.8392396
v -0.23504448 2.62150617 0.81691766
v -0.23441371 2.61943829 0.81850636
v -0.23426481 2.61967765 0.83762525
v -0.23575728 2.62419175 0.84082841
v -0.23592656 2.62376273 0.81534906
v -0.23504448 2.62150617 0.81691766
v -0.23488619 2.62183156 0.8392396
v -0.22745242 2.6473893 0.84738319
v -0.23575728 2.62419175 0.84082841
v -0.23488619 2.62183156 0.8392396
v -0.22407891 2.64313678 0.84642743
v -0.23592656 2.62376273 0.81534906
v -0.22749243 2.64732058 0.8085808
v -0.22412891 2.64310557 0.80951903
v -0.23504448 2.62150617 0.81691766
v -0.22236207 2.637191 0.8446137
v -0.23426481 2.61967765 0.83762525
v -0.23395227 2.61770512 0.83603633
v -0.22251832 2.6306335 0.8422292
v -0.22407891 2.64313678 0.84642743
v -0.23488619 2.62183156 0.8392396
v -0.23426481 2.61967765 0.83762525
v -0.22236207 2.637191 0.8446137
v -0.23504448 2.62150617 0.81691766
v -0.22412891 2.64310557 0.80951903
v -0.2224305 2.63709187 0.8113776
v -0.23441371 2.61943829 0.81850636
v -0.22412891 2.64310557 0.80951903
v -0.22407891 2.64313678 0.84642743
v -0.22236207 2.637191 0.8446137
v -0.2224305 2.63709187 0.8113776
v -0.22260534 2.63054847 0.81376195
v -0.22251832 2.6306335 0.8422292
v -0.22377369 2.62460225 0.83957848
v -0.22385771 2.62453714 0.81640976
v -0.23441371 2.61943829 0.81850636
v -0.2224305 2.63709187 0.8113776
v -0.22260534 2.63054847 0.81376195
v -0.23407978 2.61753837 0.82006572
v -0.2224305 2.63709187 0.8113776
v -0.22236207 2.637191 0.8446137
v -0.22251832 2.6306335 0.8422292
v -0.22260534 2.63054847 0.81376195
v -0.23426481 2.61967765 0.83762525
v -0.23441371 2.61943829 0.81850636
v -0.23407978 2.61753837 0.82006572
v -0.23395227 2.61770512 0.83603633
v -0.22377369 2.62460225 0.83957848
v -0.23381173 2.61596543 0.83452798
v -0.23370584 2.614506 0.83315835
v -0.22533073 2.61947615 0.83687731
v -0.23395227 2.61770512 0.83603633
v -0.23407978 2.61753837 0.82006572
v -0.2339094 2.61585745 0.82154273
v -0.23381173 2.61596543 0.83452798
v -0.22251832 2.6306335 0.8422292
v -0.23395227 2.61770512 0.83603633
v -0.23381173 2.61596543 0.83452798
v -0.22377369 2.62460225 0.83957848
v -0.23407978 2.61753837 0.82006572
v -0.22260534 2.63054847 0.81376195
v -0.22385771 2.62453714 0.81640976
v -0.2339094 2.61585745 0.82154273
v -0.22533073 2.61947615 0.83687731
v -0.23370584 2.614506 0.83315835
v -0.23355901 2.61335922 0.83198755
v -0.22744058 2.61571103 0.83435547
v -0.2339094 2.61585745 0.82154273
v -0.22385771 2.62453714 0.81640976
v -0.22538586 2.61944122 0.81910615
v -0.23377381 2.61444383 0.82288142
v -0.22385771 2.62453714 0.81640976
v -0.22377369 2.62460225 0.83957848
v -0.22533073 2.61947615 0.83687731
v -0.22538586 2.61944122 0.81910615
v -0.23381173 2.61596543 0.83452798
v -0.2339094 2.61585745 0.82154273
v -0.23377381 2.61444383 0.82288142
v -0.23370584 2.614506 0.83315835
v -0.22746334 2.61570143 0.82162243
v -0.22744058 2.61571103 0.83435547
v -0.22935511 2.61337034 0.83225193
v -0.22935493 2.61337141 0.82372062
v -0.23377381 2.61444383 0.82288142
v -0.22538586 2.61944122 0.81910615
v -0.22746334 2.61570143 0.82162243
v -0.23360454 2.61333039 0.82402402
v -0.22538586 2.61944122 0.81910615
v -0.22533073 2.61947615 0.83687731
v -0.22744058 2.61571103 0.83435547
v -0.22746334 2.61570143 0.82162243
v -0.23370584 2.614506 0.83315835
v -0.23377381 2.61444383 0.82288142
v -0.23360454 2.61333039 0.82402402
v -0.23355901 2.61335922 0.83198755
v -0.22935511 2.61337034 0.83225193
v -0.23337861 2.61252914 0.83107661
v -0.23323414 2.61197432 0.83048646
v -0.23050874 2.61210009 0.8308109
v -0.23355901 2.61335922 0.83198755
v -0.23360454 2.61333039 0.82402402
v -0.23341112 2.61252159 0.82491182
v -0.23337861 2.61252914 0.83107661
v -0.22744058 2.61571103 0.83435547
v -0.23355901 2.61335922 0.83198755
v -0.23337861 2.61252914 0.83107661
v -0.22935511 2.61337034 0.83225193
v -0.23360454 2.61333039 0.82402402
v -0.22746334 2.61570143 0.82162243
v -0.22935493 2.61337141 0.82372062
v -0.23341112 2.61252159 0.82491182
v -0.23326115 2.6119783 0.82548625
v -0.23049931 2.61210445 0.82515761
v -0.23091502 2.61144507 0.8256901
v -0.23324516 2.61160486 0.8256901
v -0.23341112 2.61252159 0.82491182
v -0.22935493 2.61337141 0.82372062
v -0.23049931 2.61210445 0.82515761
v -0.23326115 2.6119783 0.82548625
v -0.22935493 2.61337141 0.82372062
v -0.22935511 2.61337034 0.83225193
v -0.23050874 2.61210009 0.8308109
v -0.23049931 2.61210445 0.82515761
v -0.23337861 2.61252914 0.83107661
v -0.23341112 2.61252159 0.82491182
v -0.23326115 2.6119783 0.82548625
v -0.23323414 2.61197432 0.83048646
v -0.2332191 2.6115954 0.83027684
v -0.23324516 2.61160486 0.8256901
v -0.2309258 2.61143997 0.83027684
v -0.23049931 2.61210445 0.82515761
v -0.23050874 2.61210009 0.8308109
v -0.2309258 2.61143997 0.83027684
v -0.23091502 2.61144507 0.8256901
v -0.23323414 2.61197432 0.83048646
v -0.23326115 2.6119783 0.82548625
v -0.23324516 2.61160486 0.8256901
v -0.2332191 2.6115954 0.83027684
v -0.23050874 2.61210009 0.8308109
v -0.23323414 2.61197432 0.83048646
v -0.2332191 2.6115954 0.83027684
v -0.26571165 2.69488628 0.80413417
v -0.26477419 2.69475389 0.8482994
v -0.26477419 2.69475389 0.80766754
v -0.26571165 2.69488628 0.85183277
v -0.26827283 2.69524796 0.80154759
v -0.26827283 2.69524796 0.85441935
v -0.27177148 2.69574202 0.80060082
v -0.27177148 2.69574202 0.85536612
v -0.31200415 2.7014235 0.80060082
v -0.31200415 2.7014235 0.85536612
v -0.3155028 2.70191756 0.80154759
v -0.3155028 2.70191756 0.85441935
v -0.31806399 2.70227924 0.80413417
v -0.31806399 2.70227924 0.85183277
v -0.31900145 2.70241162 0.80766754
v -0.31900145 2.70241162 0.8482994
v -0.60825554 0.26918745 0.80413881
v -0.26571165 2.69488628 0.80413417
v -0.60732073 0.26905544 0.80766754
v -0.26996319 2.65800864 0.80766754
v -0.27291882 2.63707873 0.80766754
v -0.26571165 2.69488628 0.85183277
v -0.26995152 2.65809125 0.8482994
v -0.26477419 2.69475389 0.8482994
v -0.27285234 2.63754949 0.8482994
v -0.60732073 0.26905544 0.8482994
v -0.60825554 0.26918745 0.85182812
v -0.26571166 2.69488611 0.43995686
v -0.2647742 2.69475373 0.48412207
v -0.2647742 2.69475373 0.4434902
v -0.26571166 2.69488611 0.48765541
v -0.26827284 2.69524779 0.43737025
v -0.26827284 2.69524779 0.49024202
v -0.27177149 2.69574185 0.43642348
v -0.27177149 2.69574185 0.49118879
v -0.31200416 2.70142333 0.43642348
v -0.31200416 2.70142333 0.49118879
v -0.31550281 2.7019174 0.43737025
v -0.31550281 2.7019174 0.49024202
v -0.318064 2.70227907 0.43995686
v -0.318064 2.70227907 0.48765541
v -0.31900146 2.70241146 0.4434902
v -0.31900146 2.70241146 0.48412207
v -0.26571166 2.69488611 0.48765541
v -0.2700991 2.65790941 0.48412207
v -0.2647742 2.69475373 0.48412207
v -0.27306508 2.63690625 0.48412207
v -0.27378519 2.63092051 0.48412207
v -0.27472597 2.63105194 0.48765531
v -0.27472596 2.63105194 0.43995696
v -0.26571166 2.69488611 0.43995686
v -0.27378513 2.6309205 0.4434902
v -0.27011429 2.65780184 0.4434902
v -0.27307482 2.63683727 0.4434902
vn -0.44734 -0.77445 0.44734
vn -0.44734 -0.44734 0.77445
vn -0.77445 -0.44734 0.44734
vn -0.44734 0.44734 0.77445
vn -0.44734 0.77445 0.44734
vn -0.77445 0.44734 0.44734
vn -0.44734 -0.77445 -0.44734
vn -0.77445 -0.44734 -0.44734
vn -0.44734 -0.44734 -0.77445
vn -0.44734 0.77445 -0.44734
vn -0.44734 0.44734 -0.77445
vn -0.77445 0.44734 -0.44734
vn -0.44736 -0.44736 0.77443
vn -0.77443 0.44736 0.44736
vn -0.77443 0.44736 -0.44736
vn 0 -0.13041 0.99146
vn 0 0.13041 0.99146
vn -0.12959 0.12962 0.98306
vn -0.12959 -0.12962 0.98306
vn 0 0.99146 -0.13041
vn -0.12959 0.98306 -0.12962
vn -0.12959 0.98306 0.12962
vn 0 0.99146 0.13041
vn -0.98307 -0.12958 0.12958
vn -0.98307 0.12958 0.12958
vn -0.98307 0.12958 -0.12958
vn -0.98307 -0.12958 -0.12958
vn -0.12959 -0.12962 -0.98306
vn -0.12959 0.12962 -0.98306
vn 0 0.13041 -0.99146
vn 0 -0.13041 -0.99146
vn -0.12959 -0.98306 0.12962
vn -0.12156 -0.86231 0.49157
vn -0.49155 -0.86233 0.12156
vn -0.12156 -0.49157 0.86231
vn -0.49155 -0.12156 0.86233
vn -0.86233 -0.12156 0.49155
vn -0.86233 -0.49155 0.12156
vn -0.12156 0.49157 0.86231
vn -0.49155 0.12156 0.86233
vn -0.12156 0.86231 0.49157
vn -0.49155 0.86233 0.12156
vn -0.86233 0.49155 0.12156
vn -0.86233 0.12156 0.49155
vn -0.12959 -0.98306 -0.12962
vn -0.49155 -0.86233 -0.12156
vn -0.12156 -0.86231 -0.49157
vn -0.86233 -0.49155 -0.12156
vn -0.86233 -0.12156 -0.49155
vn -0.49155 -0.12156 -0.86233
vn -0.12156 -0.49157 -0.86231
vn -0.12156 0.86231 -0.49157
vn -0.49155 0.86233 -0.12156
vn -0.12156 0.49157 -0.86231
vn -0.49155 0.12156 -0.86233
vn -0.86233 0.12156 -0.49155
vn -0.86233 0.49155 -0.12156
vn -3E-05 -0.70711 -0.70711
vn 0 -0.25862 -0.96598
vn 0 0.96598 -0.25862
vn 0 0.70711 -0.70711
vn 0 0.25862 -0.96598
vn -3E-05 -0.70711 0.70711
vn 0 -0.25862 0.96598
vn 0 0.96598 0.25862
vn 0 0.70711 0.70711
vn 0 0.25862 0.96598
vn 0 -0.9848 -0.17372
vn 0 -0.98479 0.17375
vn 1 0 -0
vn 0 0.99147 -0.13032
vn -0.12958 0.98307 -0.12958
vn -0.12958 0.98307 0.12958
vn 0 0.99147 0.13032
vn 0 -0.1305 -0.99145
vn 0 0.1305 -0.99145
vn 0 0.13053 -0.99144
vn 0 -0.13053 -0.99144
vn -0.12959 -0.98306 0.12959
vn -0.12156 -0.86233 0.49155
vn -0.12156 -0.49155 0.86233
vn -0.17304 -0.17307 0.96959
vn -0.17304 0.17307 0.96959
vn -0.12156 0.49155 0.86233
vn -0.12156 0.86233 0.49155
vn -0.12959 -0.98306 -0.12959
vn -0.12156 -0.86233 -0.49155
vn -0.12958 -0.12958 -0.98307
vn -0.12156 -0.49155 -0.86233
vn -0.12156 0.86233 -0.49155
vn -0.12156 0.49155 -0.86233
vn -0.12958 0.12958 -0.98307
vn 0 -0.99147 -0.13032
vn 0 -0.96602 -0.25847
vn 0 -0.70711 -0.70711
vn 0 -0.25847 -0.96602
vn 0 -0.13035 -0.99147
vn 0 0.99145 -0.1305
vn 0 0.96593 -0.2588
vn 0 0.2588 -0.96593
vn 0 -0.86862 0.49548
vn 0 -0.70711 0.70711
vn 0 -0.2588 0.96593
vn 0 -0.1305 0.99145
vn 0 -0.17384 0.98477
vn 0 0.96602 0.25847
vn 0 0.25847 0.96602
vn 0 0.17362 0.98481
vn 0.7245 -0.68928 -0
vn 0 -0.99147 0.13032
vn 0 -0.99147 -0.13035
vn 0 -0.99147 0.13035
vn 0 -0.99146 -0.13038
vn 0 -0.99146 0.13038
vn 0 -0.99146 -0.13041
vn 0 -0.99146 0.13041
vn 0 -0.99146 0.13044
vn 0 -0.99146 -0.13044
vn 0 -0.99146 -0.13044
vn 0 -0.99146 0.13044
vn 0 -0.99145 0.13047
vn 0 -0.99145 -0.13047
vn 0 -0.99145 -0.1305
vn 0 -0.99145 0.1305
vn -0.00095 -0.99143 -0.13062
vn -0.00095 -0.99143 0.13062
vn -0.00092 -0.98647 -0.16395
vn -0.00092 -0.98647 0.16395
vn 0 0.2588 0.96593
vn 0 0.17384 0.98477
vn 0 0.1305 0.99145
vn 0 0.17383 0.98478
vn 0 0.25877 0.96594
vn 0 0.25875 0.96595
vn 0 0.1738 0.98478
vn 0 0.25874 0.96595
vn 0 0.13047 0.99145
vn 0 0.25871 0.96596
vn 0 0.17377 0.98479
vn 0 0.25868 0.96596
vn 0 0.13044 0.99146
vn 0 0.25865 0.96597
vn 0 0.17375 0.98479
vn 0 0.25864 0.96597
vn 0 0.13044 0.99146
vn 0 0.17372 0.9848
vn 0 0.25859 0.96599
vn 0 0.25856 0.966
vn 0 0.13038 0.99146
vn 0 0.17369 0.9848
vn 0 0.25853 0.966
vn 0 0.17365 0.98481
vn 0 0.25852 0.96601
vn 0 0.25849 0.96601
vn 0 0.13035 0.99147
vn -3E-05 0.70711 0.70711
vn 0 0.99145 0.1305
vn 0 0.96593 0.2588
vn 0 0.96594 0.25877
vn 0 0.99145 0.13047
vn 0 0.96595 0.25874
vn 0 0.96596 0.25871
vn 0 0.99146 0.13044
vn 0 0.96596 0.25868
vn 0 0.96597 0.25865
vn 0 0.99146 0.13044
vn 0 0.96597 0.25864
vn 0 0.96599 0.25859
vn 0 0.99146 0.13038
vn 0 0.966 0.25856
vn 0 0.966 0.25853
vn 0 0.96601 0.25852
vn 0 0.99147 0.13035
vn 0 0.96601 0.25849
vn 0 -0.25847 0.96602
vn 0 -0.17362 0.98481
vn 0 -0.13035 0.99147
vn 0 -0.25849 0.96601
vn 0 -0.17365 0.98481
vn 0 -0.25853 0.966
vn 0 -0.13038 0.99146
vn 0 -0.25856 0.966
vn 0 -0.17369 0.9848
vn 0 -0.25859 0.96599
vn 0 -0.17372 0.9848
vn 0 -0.17375 0.98479
vn 0 -0.25865 0.96597
vn 0 -0.13044 0.99146
vn 0 -0.25868 0.96596
vn 0 -0.13044 0.99146
vn 0 -0.17377 0.98479
vn 0 -0.25871 0.96596
vn 0 -0.13047 0.99145
vn 0 -0.25874 0.96595
vn 0 -0.1738 0.98478
vn 0 -0.25875 0.96595
vn 0 -0.25877 0.96594
vn 0 -0.17383 0.98478
vn -0.00031 -0.86598 0.50008
vn 0 -0.96602 0.25847
vn 0 -0.96601 0.25849
vn 0 -0.96601 0.25852
vn 0 -0.966 0.25853
vn 0 -0.966 0.25856
vn 0 -0.96599 0.25859
vn 0 -0.96598 0.25862
vn 0 -0.96597 0.25865
vn 0 -0.96596 0.25868
vn 0 -0.96596 0.25871
vn 0 -0.96595 0.25874
vn 0 -0.96594 0.25877
vn 0 0.25847 -0.96602
vn 0 0.13035 -0.99147
vn 0 0.25849 -0.96601
vn 0 0.25852 -0.96601
vn 0 0.13038 -0.99146
vn 0 0.25853 -0.966
vn 0 0.25856 -0.966
vn 0 0.25859 -0.96599
vn 0 0.25865 -0.96597
vn 0 0.13044 -0.99146
vn 0 0.25868 -0.96596
vn 0 0.13044 -0.99146
vn 0 0.25871 -0.96596
vn 0 0.13047 -0.99145
vn 0 0.25874 -0.96595
vn 0 0.25877 -0.96594
vn -3E-05 0.70711 -0.70711
vn 0 0.96602 -0.25847
vn 0 0.99147 -0.13035
vn 0 0.96601 -0.25849
vn 0 0.99146 -0.13038
vn 0 0.96601 -0.25852
vn 0 0.966 -0.25853
vn 0 0.966 -0.25856
vn 0 0.96599 -0.25859
vn 0 0.99146 -0.13044
vn 0 0.96597 -0.25865
vn 0 0.99146 -0.13044
vn 0 0.96596 -0.25868
vn 0 0.99145 -0.13047
vn 0 0.96596 -0.25871
vn 0 0.96595 -0.25874
vn 0 0.96594 -0.25877
vn 0 -0.2588 -0.96593
vn 0 -0.25877 -0.96594
vn 0 -0.25875 -0.96595
vn 0 -0.25874 -0.96595
vn 0 -0.13047 -0.99145
vn 0 -0.25871 -0.96596
vn 0 -0.25868 -0.96596
vn 0 -0.13044 -0.99146
vn 0 -0.25865 -0.96597
vn 0 -0.13044 -0.99146
vn 0 -0.25859 -0.96599
vn 0 -0.25856 -0.966
vn 0 -0.13038 -0.99146
vn 0 -0.25853 -0.966
vn 0 -0.25849 -0.96601
vn 0 -0.86862 -0.49548
vn -0.00034 -0.86598 -0.50008
vn 0 -0.96594 -0.25877
vn 0 -0.96595 -0.25874
vn 0 -0.96596 -0.25871
vn 0 -0.96596 -0.25868
vn 0 -0.96597 -0.25865
vn 0 -0.96598 -0.25862
vn 0 -0.96599 -0.25859
vn 0 -0.966 -0.25856
vn 0 -0.966 -0.25853
vn 0 -0.96601 -0.25852
vn 0 -0.96601 -0.25849
vn 0 1 -0
vn -1 0 -0
vn 0 -1 -0
vn 0 0 1
vn 1 -0.00113 -3E-05
vn 0.99999 -0.00388 -3E-05
vn -0.99026 -0.00659 0.13908
vn -0.99103 -0.00674 -0.13346
vn -0.99668 -0.00565 -0.08118
vn -0.99644 -0.00577 0.08411
vn 0 -0.9848 0.17372
vn -0.99547 -0.00693 -0.09479
vn -0.98364 -0.0145 -0.17955
vn -0.98706 -0.01373 -0.15977
vn -0.99826 -0.00296 -0.0589
vn -0.05576 -0.98595 0.15745
vn -0.05573 -0.98595 -0.15748
vn -0.08249 -0.98949 -0.11875
vn -0.08252 -0.98949 0.11872
vn -0.99823 -0.00299 0.05936
vn -0.99916 0.00507 -0.04068
vn -0.99915 0.00507 0.04099
vn 1 6E-05 -3E-05
vn 1 -0.00098 -3E-05
vn -0.96663 -0.0141 -0.25578
vn -0.9742 -0.01431 -0.22523
vn 1 0 -3E-05
vn -0.96376 -0.01379 0.2664
vn -0.97181 -0.01416 0.23533
vn -0.98339 -0.0145 0.18092
vn -0.9954 -0.00693 0.09552
vn -0.98685 -0.01376 0.16105
vn -0.99629 -0.01068 -0.08545
vn -0.99746 -0.00964 -0.07056
vn -0.99933 0.00955 -0.03537
vn -0.99623 -0.01077 0.08606
vn 1 -0.00256 -3E-05
vn 0.99998 -0.00607 -6E-05
vn 0.9999 -0.01447 -6E-05
vn -0.99932 0.00955 0.03559
vn -0.99743 -0.00967 0.07093
vn -0.99812 -0.00803 0.06082
vn -0.99939 0.0155 0.03128
vn -0.99936 0.02185 0.02826
vn -0.99849 -0.00504 0.05472
vn -0.9994 0.01553 -0.0311
vn -0.99813 -0.00803 -0.06061
vn 0.99955 -0.03003 -9E-05
vn 0.99955 -0.03006 -9E-05
vn 0.9977 -0.06775 -0.00015
vn 0.99774 -0.0672 -0.00015
vn -0.9985 -0.00504 -0.05454
vn -0.99937 0.02185 -0.02808
vn -0.99926 0.02826 0.026
vn -0.99927 0.02826 -0.02582
vn -0.99925 0.03171 -0.02234
vn -0.99924 0.03171 0.02246
vn -0.99869 -0.00186 0.05118
vn -0.9987 -0.00189 -0.05103
vn -0.99905 -0.01566 0.04068
vn -0.99936 0.03107 0.01782
vn -0.99825 -0.05619 0.01828
vn -0.99905 -0.01581 -0.04059
vn 0.972 -0.23497 -0.00052
vn -0.99825 -0.05609 -0.01849
vn -0.99942 -0.03049 0.01495
vn -0.99942 -0.03046 -0.01508
vn -0.99936 0.03107 -0.0177
vn -0.99949 0.02857 0.01437
vn -0.99958 0.02628 0.01245
vn -0.99962 -0.02463 0.01276
vn -0.99949 0.02857 -0.01425
vn -0.99958 0.02658 0.01181
vn -0.99969 -0.02188 0.01166
vn -0.99961 -0.02463 -0.01285
vn -0.99958 0.02628 -0.01236
vn -0.99969 -0.02188 -0.01175
vn -0.9996 -0.02423 0.01459
vn -0.9996 -0.02426 -0.01474
vn -0.99958 0.02658 -0.01172
vn -0.99934 0.03125 0.01862
vn -0.99976 -0.00247 0.02188
vn -0.99949 -0.0282 0.01505
vn -0.99934 0.03125 -0.01852
vn -0.99976 -0.00247 -0.02194
vn -0.99949 -0.02817 -0.01517
vn 0.64429 0.76478 0.00125
vn 0.99997 -0.00775 -3E-05
vn -0.99868 0.00055 -0.05136
vn -0.99858 0.0004 0.05319
vn -0.99339 -0.01404 0.11396
vn -0.99383 -0.01364 -0.11011
vn -0.99659 -0.01047 0.08185
vn -0.99907 0.00519 0.04285
vn -0.99934 0.01093 0.03452
vn -0.99788 -0.00784 0.06467
vn -0.99913 0.00537 -0.04148
vn -0.99673 -0.01016 -0.08017
vn 0.9999 -0.01395 -3E-05
vn 0.99962 -0.02744 -6E-05
vn 0.99963 -0.02735 -6E-05
vn -0.99793 -0.0076 -0.06381
vn -0.99938 0.01114 -0.03345
vn -0.99949 0.01431 0.02872
vn -0.99951 0.01441 -0.02793
vn -0.99954 0.01886 -0.0239
vn -0.99952 0.01871 0.02463
vn -0.99853 -0.00647 0.05387
vn -0.99856 -0.00632 -0.05332
vn -0.99889 -0.00537 0.04679
vn -0.99937 0.02893 0.02078
vn -0.99904 -0.01972 0.03909
vn -0.99891 -0.00522 -0.04648
vn 0.99821 -0.05982 -0.00012
vn 0.99824 -0.05924 -0.00012
vn -0.99904 -0.01993 -0.039
vn -0.98905 -0.14661 0.01691
vn -0.98909 -0.14622 -0.01767
vn -0.99937 0.02915 -0.02008
vn 0.9858 -0.16792 -0.0004
vn -0.99904 0.04016 0.01761
vn -0.99901 0.04193 0.01477
vn -0.99792 -0.06287 0.01416
vn -0.99905 0.04029 -0.01685
vn -0.99937 0.0333 0.01199
vn -0.99961 -0.02496 0.01257
vn -0.99792 -0.06284 -0.01444
vn -0.99902 0.04193 -0.0141
vn -0.99961 -0.02493 -0.0126
vn -0.99981 -0.01642 0.01053
vn -0.99981 -0.01642 -0.01056
vn -0.99938 0.03327 -0.01154
vn -0.99964 0.02506 0.00998
vn -0.99961 0.02524 0.01163
vn -0.99981 -0.01621 0.01077
vn -0.99964 0.02506 -0.00967
vn -0.99962 0.02518 -0.01138
vn -0.99981 -0.01621 -0.01077
vn -0.99978 -0.01871 -0.00955
vn -0.99884 0.0474 -0.00833
vn -0.99884 0.04734 0.00879
vn -0.99978 -0.01871 0.00955
vn 0.00122 -0.97121 0.2382
vn 0.00125 -0.97121 -0.23823
vt 0 1
vt 1 1
vt 1 0
vt 0 0
vt 0.69134 0.03806
vt 0.30866 0.03806
vt 0.5 0
vt 0.14645 0.14645
vt 0.85355 0.14645
vt 0.03806 0.30866
vt 0.96194 0.30866
vt 0 0.5
vt 1 0.5
vt 0.03806 0.69134
vt 0.96194 0.69134
vt 0.14645 0.85355
vt 0.85355 0.85355
vt 0.30866 0.96194
vt 0.69134 0.96194
vt 0.5 1
vt 0.06699 0.75
vt 0.06699 0.25
vt 0.5 1
vt 0.93301 0.25
vt 0.93301 0.75
usemtl mat0
f 4303/230/479 4304/231/480 4305/232/481
f 4306/230/482 4307/231/483 4308/232/484
f 4309/230/485 4310/231/486 4311/232/487
f 4312/230/488 4313/231/489 4314/232/490
f 4315/230/479 4316/231/491 4317/232/481
f 4318/230/482 4319/231/483 4320/232/492
f 4321/230/485 4322/231/486 4323/232/487
f 4324/230/488 4325/231/489 4326/232/493
f 4327/230/494 4328/231/495 4329/232/496
f 4327/230/494 4329/232/496 4330/233/497
f 4331/230/498 4332/231/499 4333/232/500
f 4331/230/498 4333/232/500 4334/233/501
f 4335/230/502 4336/231/503 4337/232/504
f 4335/230/502 4337/232/504 4338/233/505
f 4339/230/506 4340/231/507 4341/232/508
f 4339/230/506 4341/232/508 4342/233/509
f 4343/230/510 4344/231/511 4345/232/479
f 4343/230/510 4345/232/479 4346/233/512
f 4347/230/511 4348/231/513 4349/232/480
f 4347/230/511 4349/232/480 4350/233/479
f 4351/230/497 4352/231/514 4349/232/480
f 4351/230/497 4349/232/480 4353/233/513
f 4354/230/514 4355/231/515 4305/232/481
f 4354/230/514 4305/232/481 4356/233/480
f 4335/230/502 4357/231/516 4305/232/481
f 4335/230/502 4305/232/481 4358/233/515
f 4359/230/516 4360/231/512 4345/232/479
f 4359/230/516 4345/232/479 4361/233/481
f 4362/230/496 4363/231/517 4364/232/482
f 4362/230/496 4364/232/482 4365/233/518
f 4366/230/517 4367/231/519 4368/232/483
f 4366/230/517 4368/232/483 4369/233/482
f 4370/230/500 4371/231/520 4368/232/483
f 4370/230/500 4368/232/483 4372/233/519
f 4373/230/520 4374/231/521 4308/232/484
f 4373/230/520 4308/232/484 4375/233/483
f 4376/230/503 4377/231/522 4308/232/484
f 4376/230/503 4308/232/484 4378/233/521
f 4379/230/522 4380/231/518 4364/232/482
f 4379/230/522 4364/232/482 4381/233/484
f 4382/230/523 4383/231/524 4384/232/485
f 4382/230/523 4384/232/485 4385/233/525
f 4386/230/524 4387/231/526 4388/232/486
f 4386/230/524 4388/232/486 4389/233/485
f 4390/230/505 4391/231/527 4388/232/486
f 4390/230/505 4388/232/486 4392/233/526
f 4393/230/527 4394/231/528 4311/232/487
f 4393/230/527 4311/232/487 4395/233/486
f 4339/230/506 4396/231/529 4311/232/487
f 4339/230/506 4311/232/487 4397/233/528
f 4398/230/529 4399/231/525 4384/232/485
f 4398/230/529 4384/232/485 4400/233/487
f 4401/230/499 4402/231/530 4403/232/488
f 4401/230/499 4403/232/488 4404/233/531
f 4405/230/530 4406/231/532 4407/232/489
f 4405/230/530 4407/232/489 4408/233/488
f 4409/230/507 4410/231/533 4407/232/489
f 4409/230/507 4407/232/489 4411/233/532
f 4412/230/533 4413/231/534 4314/232/490
f 4412/230/533 4314/232/490 4414/233/489
f 4415/230/504 4416/231/535 4314/232/490
f 4415/230/504 4314/232/490 4417/233/534
f 4418/230/535 4419/231/531 4403/232/488
f 4418/230/535 4403/232/488 4420/233/490
f 4382/230/523 4421/231/510 4422/232/512
f 4382/230/523 4422/232/512 4423/233/524
f 4386/230/524 4360/231/512 4424/232/516
f 4386/230/524 4424/232/516 4392/233/526
f 4425/230/526 4357/231/516 4426/232/502
f 4425/230/526 4426/232/502 4338/233/505
f 4351/230/497 4427/231/496 4428/232/518
f 4351/230/497 4428/232/518 4429/233/514
f 4354/230/514 4380/231/518 4430/232/522
f 4354/230/514 4430/232/522 4358/233/515
f 4431/230/515 4377/231/522 4432/232/503
f 4431/230/515 4432/232/503 4433/233/502
f 4370/230/500 4332/231/499 4434/232/531
f 4370/230/500 4434/232/531 4435/233/520
f 4373/230/520 4419/231/531 4436/232/535
f 4373/230/520 4436/232/535 4378/233/521
f 4437/230/521 4416/231/535 4337/232/504
f 4437/230/521 4337/232/504 4438/233/503
f 4409/230/507 4439/231/506 4440/232/528
f 4409/230/507 4440/232/528 4441/233/533
f 4412/230/533 4394/231/528 4442/232/527
f 4412/230/533 4442/232/527 4417/233/534
f 4443/230/534 4391/231/527 4444/232/505
f 4443/230/534 4444/232/505 4445/233/504
f 4446/230/536 4399/231/525 4447/232/529
f 4446/230/536 4447/232/529 4448/233/536
f 4449/230/537 4396/231/529 4450/232/506
f 4449/230/537 4450/232/506 4342/233/509
f 4401/230/499 4451/231/498 4452/232/538
f 4401/230/499 4452/232/538 4453/233/530
f 4405/230/530 4454/231/539 4455/232/539
f 4405/230/530 4455/232/539 4411/233/532
f 4456/230/532 4457/231/540 4341/232/508
f 4456/230/532 4341/232/508 4458/233/507
f 4347/230/511 4459/231/541 4460/232/541
f 4347/230/511 4460/232/541 4353/233/513
f 4461/230/513 4462/231/542 4463/232/494
f 4461/230/513 4463/232/494 4330/233/497
f 4464/230/501 4465/231/500 4466/232/519
f 4464/230/501 4466/232/519 4467/233/543
f 4468/230/544 4367/231/519 4469/232/517
f 4468/230/544 4469/232/517 4470/233/544
f 4471/230/545 4363/231/517 4329/232/496
f 4471/230/545 4329/232/496 4472/233/495
f 4382/230/523 4473/231/546 4474/232/547
f 4382/230/523 4474/232/547 4475/233/510
f 4476/230/548 4477/231/548 4478/232/548
f 4476/230/548 4478/232/548 4479/233/548
f 4480/230/549 4481/231/550 4482/232/551
f 4480/230/549 4482/232/551 4483/233/552
f 4484/230/502 4485/231/503 4486/232/504
f 4484/230/502 4486/232/504 4487/233/505
f 4488/230/553 4489/231/554 4490/232/555
f 4488/230/553 4490/232/555 4491/233/556
f 4492/230/557 4493/231/558 4494/232/479
f 4492/230/557 4494/232/479 4495/233/512
f 4496/230/558 4497/231/559 4498/232/491
f 4496/230/558 4498/232/491 4499/233/479
f 4500/230/560 4501/231/514 4498/232/491
f 4500/230/560 4498/232/491 4502/233/559
f 4503/230/514 4504/231/515 4317/232/481
f 4503/230/514 4317/232/481 4505/233/491
f 4484/230/502 4506/231/516 4317/232/481
f 4484/230/502 4317/232/481 4507/233/515
f 4508/230/516 4509/231/512 4494/232/479
f 4508/230/516 4494/232/479 4510/233/481
f 4511/230/561 4512/231/562 4513/232/482
f 4511/230/561 4513/232/482 4514/233/518
f 4515/230/562 4516/231/563 4517/232/483
f 4515/230/562 4517/232/483 4518/233/482
f 4519/230/551 4520/231/520 4517/232/483
f 4519/230/551 4517/232/483 4521/233/563
f 4522/230/520 4523/231/521 4320/232/492
f 4522/230/520 4320/232/492 4524/233/483
f 4525/230/503 4526/231/522 4320/232/492
f 4525/230/503 4320/232/492 4527/233/521
f 4528/230/522 4529/231/518 4513/232/482
f 4528/230/522 4513/232/482 4530/233/492
f 4531/230/564 4532/231/524 4533/232/485
f 4531/230/564 4533/232/485 4534/233/565
f 4535/230/524 4536/231/526 4537/232/486
f 4535/230/524 4537/232/486 4538/233/485
f 4539/230/505 4540/231/527 4537/232/486
f 4539/230/505 4537/232/486 4541/233/526
f 4542/230/527 4543/231/528 4323/232/487
f 4542/230/527 4323/232/487 4544/233/486
f 4545/230/566 4546/231/567 4323/232/487
f 4545/230/566 4323/232/487 4547/233/528
f 4548/230/567 4549/231/565 4533/232/485
f 4548/230/567 4533/232/485 4550/233/487
f 4551/230/550 4552/231/568 4553/232/488
f 4551/230/550 4553/232/488 4554/233/531
f 4555/230/568 4556/231/569 4557/232/489
f 4555/230/568 4557/232/489 4558/233/488
f 4559/230/570 4560/231/533 4557/232/489
f 4559/230/570 4557/232/489 4561/233/569
f 4562/230/533 4563/231/534 4326/232/493
f 4562/230/533 4326/232/493 4564/233/489
f 4565/230/504 4566/231/535 4326/232/493
f 4565/230/504 4326/232/493 4567/233/534
f 4568/230/535 4569/231/531 4553/232/488
f 4568/230/535 4553/232/488 4570/233/493
f 4531/230/564 4571/231/557 4572/232/512
f 4531/230/564 4572/232/512 4573/233/524
f 4535/230/524 4509/231/512 4574/232/516
f 4535/230/524 4574/232/516 4541/233/526
f 4575/230/526 4506/231/516 4576/232/502
f 4575/230/526 4576/232/502 4487/233/505
f 4500/230/560 4577/231/561 4578/232/518
f 4500/230/560 4578/232/518 4579/233/514
f 4503/230/514 4529/231/518 4580/232/522
f 4503/230/514 4580/232/522 4507/233/515
f 4581/230/515 4526/231/522 4582/232/503
f 4581/230/515 4582/232/503 4583/233/502
f 4519/230/551 4481/231/550 4584/232/531
f 4519/230/551 4584/232/531 4585/233/520
f 4522/230/520 4569/231/531 4586/232/535
f 4522/230/520 4586/232/535 4527/233/521
f 4587/230/521 4566/231/535 4486/232/504
f 4587/230/521 4486/232/504 4588/233/503
f 4559/230/570 4589/231/566 4590/232/528
f 4559/230/570 4590/232/528 4591/233/533
f 4562/230/533 4543/231/528 4592/232/527
f 4562/230/533 4592/232/527 4567/233/534
f 4593/230/534 4540/231/527 4594/232/505
f 4593/230/534 4594/232/505 4595/233/504
f 4596/230/571 4597/231/564 4598/232/565
f 4596/230/571 4598/232/565 4599/233/572
f 4600/230/573 4549/231/565 4601/232/567
f 4600/230/573 4601/232/567 4602/233/573
f 4603/230/574 4546/231/567 4604/232/566
f 4603/230/574 4604/232/566 4605/233/575
f 4606/230/576 4607/231/576 4608/232/577
f 4606/230/576 4608/232/577 4609/233/577
f 4610/230/539 4611/231/539 4612/232/539
f 4610/230/539 4612/232/539 4613/233/539
f 4614/230/578 4615/231/578 4490/232/555
f 4614/230/578 4490/232/555 4616/233/554
f 4617/230/579 4618/231/580 4619/232/580
f 4617/230/579 4619/232/580 4620/233/580
f 4621/230/581 4622/231/581 4623/232/582
f 4621/230/581 4623/232/582 4624/233/583
f 4625/230/552 4626/231/551 4627/232/563
f 4625/230/552 4627/232/563 4628/233/584
f 4629/230/544 4516/231/563 4630/232/562
f 4629/230/544 4630/232/562 4631/233/544
f 4632/230/585 4512/231/562 4633/232/561
f 4632/230/585 4633/232/561 4634/233/586
f 4635/230/587 4636/231/587 4637/232/587
f 4635/230/587 4637/232/587 4638/233/587
f 4531/230/564 4639/231/571 4640/232/588
f 4531/230/564 4640/232/588 4641/233/557
f 4596/230/571 4642/231/589 4643/232/590
f 4596/230/571 4643/232/590 4644/233/588
f 4645/230/589 4646/231/589 4647/232/590
f 4645/230/589 4647/232/590 4648/233/590
f 4649/230/589 4650/231/589 4651/232/590
f 4649/230/589 4651/232/590 4652/233/590
f 4653/230/589 4654/231/589 4655/232/590
f 4653/230/589 4655/232/590 4656/233/590
f 4657/230/589 4658/231/589 4659/232/590
f 4657/230/589 4659/232/590 4660/233/590
f 4661/230/589 4662/231/589 4663/232/590
f 4661/230/589 4663/232/590 4664/233/590
f 4665/230/589 4666/231/591 4667/232/592
f 4665/230/589 4667/232/592 4668/233/590
f 4669/230/591 4670/231/591 4671/232/592
f 4669/230/591 4671/232/592 4672/233/592
f 4673/230/591 4674/231/591 4675/232/592
f 4673/230/591 4675/232/592 4676/233/592
f 4677/230/591 4678/231/591 4679/232/592
f 4677/230/591 4679/232/592 4680/233/592
f 4681/230/591 4682/231/591 4683/232/592
f 4681/230/591 4683/232/592 4684/233/592
f 4685/230/591 4686/231/591 4687/232/592
f 4685/230/591 4687/232/592 4688/233/592
f 4689/230/591 4690/231/593 4691/232/594
f 4689/230/591 4691/232/594 4692/233/592
f 4693/230/593 4694/231/593 4695/232/594
f 4693/230/593 4695/232/594 4696/233/594
f 4697/230/593 4698/231/593 4699/232/594
f 4697/230/593 4699/232/594 4700/233/594
f 4701/230/593 4702/231/593 4703/232/594
f 4701/230/593 4703/232/594 4704/233/594
f 4705/230/593 4706/231/593 4707/232/594
f 4705/230/593 4707/232/594 4708/233/594
f 4709/230/593 4710/231/593 4711/232/594
f 4709/230/593 4711/232/594 4712/233/594
f 4713/230/593 4714/231/593 4715/232/595
f 4713/230/593 4715/232/595 4716/233/594
f 4717/230/593 4718/231/596 4719/232/595
f 4717/230/593 4719/232/595 4720/233/595
f 4721/230/596 4722/231/596 4723/232/595
f 4721/230/596 4723/232/595 4724/233/595
f 4725/230/596 4726/231/597 4727/232/598
f 4725/230/596 4727/232/598 4728/233/595
f 4729/230/597 4730/231/597 4731/232/598
f 4729/230/597 4731/232/598 4732/233/598
f 4733/230/597 4734/231/597 4735/232/598
f 4733/230/597 4735/232/598 4736/233/598
f 4737/230/597 4738/231/597 4739/232/599
f 4737/230/597 4739/232/599 4740/233/598
f 4741/230/597 4742/231/600 4743/232/599
f 4741/230/597 4743/232/599 4744/233/599
f 4745/230/600 4746/231/600 4747/232/599
f 4745/230/600 4747/232/599 4748/233/599
f 4749/230/600 4750/231/600 4751/232/599
f 4749/230/600 4751/232/599 4752/233/599
f 4753/230/600 4754/231/600 4755/232/599
f 4753/230/600 4755/232/599 4756/233/599
f 4757/230/600 4758/231/600 4759/232/599
f 4757/230/600 4759/232/599 4760/233/599
f 4761/230/600 4762/231/600 4763/232/599
f 4761/230/600 4763/232/599 4764/233/599
f 4765/230/600 4766/231/601 4767/232/602
f 4765/230/600 4767/232/602 4768/233/599
f 4769/230/601 4770/231/601 4771/232/602
f 4769/230/601 4771/232/602 4772/233/602
f 4773/230/601 4774/231/601 4775/232/602
f 4773/230/601 4775/232/602 4776/233/602
f 4777/230/601 4778/231/603 4779/232/604
f 4777/230/601 4779/232/604 4780/233/602
f 4781/230/603 4782/231/605 4783/232/606
f 4781/230/603 4783/232/606 4784/233/604
f 4785/230/607 4786/231/607 4787/232/608
f 4785/230/607 4787/232/608 4788/233/609
f 4789/230/607 4790/231/607 4791/232/610
f 4789/230/607 4791/232/610 4792/233/608
f 4793/230/607 4794/231/611 4795/232/609
f 4793/230/607 4795/232/609 4796/233/610
f 4797/230/611 4798/231/611 4799/232/610
f 4797/230/611 4799/232/610 4800/233/609
f 4801/230/611 4802/231/612 4803/232/613
f 4801/230/611 4803/232/613 4804/233/610
f 4805/230/612 4806/231/614 4807/232/615
f 4805/230/612 4807/232/615 4808/233/613
f 4809/230/614 4810/231/614 4811/232/613
f 4809/230/614 4811/232/613 4812/233/615
f 4813/230/614 4814/231/614 4815/232/613
f 4813/230/614 4815/232/613 4816/233/613
f 4817/230/614 4818/231/616 4819/232/615
f 4817/230/614 4819/232/615 4820/233/613
f 4821/230/616 4822/231/616 4823/232/617
f 4821/230/616 4823/232/617 4824/233/615
f 4825/230/616 4826/231/616 4827/232/617
f 4825/230/616 4827/232/617 4828/233/617
f 4829/230/616 4830/231/618 4831/232/619
f 4829/230/616 4831/232/619 4832/233/617
f 4833/230/618 4834/231/618 4835/232/617
f 4833/230/618 4835/232/617 4836/233/619
f 4837/230/618 4838/231/618 4839/232/617
f 4837/230/618 4839/232/617 4840/233/617
f 4841/230/618 4842/231/618 4843/232/619
f 4841/230/618 4843/232/619 4844/233/617
f 4845/230/618 4846/231/620 4847/232/621
f 4845/230/618 4847/232/621 4848/233/619
f 4849/230/620 4850/231/620 4851/232/621
f 4849/230/620 4851/232/621 4852/233/621
f 4853/230/620 4854/231/622 4855/232/623
f 4853/230/620 4855/232/623 4856/233/621
f 4857/230/622 4858/231/545 4859/232/621
f 4857/230/622 4859/232/621 4860/233/623
f 4861/230/545 4862/231/545 4863/232/624
f 4861/230/545 4863/232/624 4864/233/621
f 4865/230/545 4866/231/545 4867/232/495
f 4865/230/545 4867/232/495 4868/233/624
f 4869/230/545 4870/231/625 4871/232/624
f 4869/230/545 4871/232/624 4872/233/495
f 4873/230/625 4874/231/625 4875/232/624
f 4873/230/625 4875/232/624 4876/233/624
f 4877/230/625 4878/231/626 4879/232/627
f 4877/230/625 4879/232/627 4880/233/624
f 4881/230/626 4882/231/626 4883/232/628
f 4881/230/626 4883/232/628 4884/233/627
f 4885/230/626 4886/231/626 4887/232/628
f 4885/230/626 4887/232/628 4888/233/628
f 4889/230/626 4890/231/626 4891/232/627
f 4889/230/626 4891/232/627 4892/233/628
f 4893/230/626 4894/231/629 4895/232/630
f 4893/230/626 4895/232/630 4896/233/627
f 4897/230/629 4898/231/629 4899/232/630
f 4897/230/629 4899/232/630 4900/233/630
f 4901/230/629 4902/231/631 4903/232/627
f 4901/230/629 4903/232/627 4904/233/630
f 4905/230/631 4906/231/632 4907/232/630
f 4905/230/631 4907/232/630 4908/233/627
f 4909/230/632 4910/231/632 4911/232/630
f 4909/230/632 4911/232/630 4912/233/630
f 4913/230/632 4914/231/632 4915/232/633
f 4913/230/632 4915/232/633 4916/233/630
f 4917/230/632 4918/231/585 4919/232/586
f 4917/230/632 4919/232/586 4920/233/633
f 4921/230/585 4922/231/585 4923/232/586
f 4921/230/585 4923/232/586 4924/233/586
f 4925/230/585 4926/231/585 4927/232/633
f 4925/230/585 4927/232/633 4928/233/586
f 4929/230/585 4930/231/585 4931/232/586
f 4929/230/585 4931/232/586 4932/233/633
f 4933/230/544 4934/231/544 4935/232/544
f 4933/230/544 4935/232/544 4936/233/544
f 4937/230/544 4938/231/634 4939/232/634
f 4937/230/544 4939/232/634 4940/233/544
f 4941/230/634 4942/231/544 4943/232/544
f 4941/230/634 4943/232/544 4944/233/634
f 4945/230/544 4946/231/544 4947/232/544
f 4945/230/544 4947/232/544 4948/233/544
f 4949/230/544 4950/231/634 4951/232/634
f 4949/230/544 4951/232/634 4952/233/544
f 4953/230/634 4954/231/544 4955/232/544
f 4953/230/634 4955/232/544 4956/233/634
f 4957/230/544 4958/231/544 4959/232/544
f 4957/230/544 4959/232/544 4960/233/544
f 4961/230/544 4962/231/544 4963/232/544
f 4961/230/544 4963/232/544 4964/233/544
f 4965/230/544 4966/231/544 4967/232/544
f 4965/230/544 4967/232/544 4968/233/544
f 4969/230/544 4970/231/544 4971/232/544
f 4969/230/544 4971/232/544 4972/233/544
f 4973/230/544 4974/231/544 4975/232/544
f 4973/230/544 4975/232/544 4976/233/544
f 4977/230/544 4978/231/544 4979/232/544
f 4977/230/544 4979/232/544 4980/233/544
f 4981/230/544 4982/231/634 4983/232/634
f 4981/230/544 4983/232/634 4984/233/544
f 4985/230/634 4986/231/544 4987/232/544
f 4985/230/634 4987/232/544 4988/233/634
f 4989/230/544 4990/231/544 4991/232/544
f 4989/230/544 4991/232/544 4992/233/544
f 4993/230/544 4994/231/634 4995/232/634
f 4993/230/544 4995/232/634 4996/233/544
f 4997/230/634 4998/231/544 4999/232/544
f 4997/230/634 4999/232/544 5000/233/634
f 5001/230/544 5002/231/544 5003/232/544
f 5001/230/544 5003/232/544 5004/233/544
f 5005/230/544 5006/231/634 5007/232/634
f 5005/230/544 5007/232/634 5008/233/544
f 5009/230/634 5010/231/544 5011/232/544
f 5009/230/634 5011/232/544 5012/233/634
f 5013/230/544 5014/231/544 5015/232/544
f 5013/230/544 5015/232/544 5016/233/544
f 5017/230/544 5018/231/634 5019/232/634
f 5017/230/544 5019/232/634 5020/233/544
f 5021/230/634 5022/231/544 5023/232/544
f 5021/230/634 5023/232/544 5024/233/634
f 5025/230/544 5026/231/544 5027/232/544
f 5025/230/544 5027/232/544 5028/233/544
f 5029/230/544 5030/231/544 5031/232/544
f 5029/230/544 5031/232/544 5032/233/544
f 5033/230/544 5034/231/544 5035/232/544
f 5033/230/544 5035/232/544 5036/233/544
f 5037/230/544 5038/231/544 5039/232/544
f 5037/230/544 5039/232/544 5040/233/544
f 5041/230/544 5042/231/544 5043/232/544
f 5041/230/544 5043/232/544 5044/233/544
f 5045/230/544 5046/231/634 5047/232/634
f 5045/230/544 5047/232/634 5048/233/544
f 5049/230/634 5050/231/544 5051/232/544
f 5049/230/634 5051/232/544 5052/233/634
f 5053/230/544 5054/231/544 5055/232/544
f 5053/230/544 5055/232/544 5056/233/544
f 5057/230/544 5058/231/634 5059/232/634
f 5057/230/544 5059/232/634 5060/233/544
f 5061/230/634 5062/231/544 5063/232/544
f 5061/230/634 5063/232/544 5064/233/634
f 5065/230/544 5066/231/544 5067/232/544
f 5065/230/544 5067/232/544 5068/233/544
f 5069/230/544 5070/231/634 5071/232/634
f 5069/230/544 5071/232/634 5072/233/544
f 5073/230/634 5074/231/544 5075/232/544
f 5073/230/634 5075/232/544 5076/233/634
f 5077/230/544 5078/231/544 5079/232/544
f 5077/230/544 5079/232/544 5080/233/544
f 5081/230/635 5082/231/635 5083/232/636
f 5081/230/635 5083/232/636 5084/233/636
f 5085/230/635 5086/231/635 5087/232/636
f 5085/230/635 5087/232/636 5088/233/636
f 5089/230/635 5090/231/635 5091/232/637
f 5089/230/635 5091/232/637 5092/233/636
f 5093/230/635 5094/231/635 5095/232/637
f 5093/230/635 5095/232/637 5096/233/637
f 5097/230/635 5098/231/635 5099/232/637
f 5097/230/635 5099/232/637 5100/233/637
f 5101/230/635 5102/231/638 5103/232/639
f 5101/230/635 5103/232/639 5104/233/637
f 5105/230/638 5106/231/638 5107/232/639
f 5105/230/638 5107/232/639 5108/233/639
f 5109/230/638 5110/231/638 5111/232/639
f 5109/230/638 5111/232/639 5112/233/639
f 5113/230/638 5114/231/638 5115/232/640
f 5113/230/638 5115/232/640 5116/233/639
f 5117/230/638 5118/231/638 5119/232/640
f 5117/230/638 5119/232/640 5120/233/640
f 5121/230/638 5122/231/638 5123/232/640
f 5121/230/638 5123/232/640 5124/233/640
f 5125/230/638 5126/231/641 5127/232/642
f 5125/230/638 5127/232/642 5128/233/640
f 5129/230/641 5130/231/641 5131/232/642
f 5129/230/641 5131/232/642 5132/233/642
f 5133/230/641 5134/231/641 5135/232/642
f 5133/230/641 5135/232/642 5136/233/642
f 5137/230/641 5138/231/641 5139/232/643
f 5137/230/641 5139/232/643 5140/233/642
f 5141/230/641 5142/231/644 5143/232/643
f 5141/230/641 5143/232/643 5144/233/643
f 5145/230/644 5146/231/644 5147/232/643
f 5145/230/644 5147/232/643 5148/233/643
f 5149/230/644 5150/231/644 5151/232/645
f 5149/230/644 5151/232/645 5152/233/643
f 5153/230/644 5154/231/501 5155/232/543
f 5153/230/644 5155/232/543 5156/233/645
f 5157/230/501 5158/231/501 5159/232/543
f 5157/230/501 5159/232/543 5160/233/543
f 5161/230/501 5162/231/501 5163/232/543
f 5161/230/501 5163/232/543 5164/233/543
f 5165/230/501 5166/231/501 5167/232/646
f 5165/230/501 5167/232/646 5168/233/543
f 5169/230/501 5170/231/501 5171/232/646
f 5169/230/501 5171/232/646 5172/233/646
f 5173/230/501 5174/231/501 5175/232/646
f 5173/230/501 5175/232/646 5176/233/646
f 5177/230/501 5178/231/647 5179/232/648
f 5177/230/501 5179/232/648 5180/233/646
f 5181/230/647 5182/231/647 5183/232/648
f 5181/230/647 5183/232/648 5184/233/648
f 5185/230/647 5186/231/647 5187/232/648
f 5185/230/647 5187/232/648 5188/233/648
f 5189/230/647 5190/231/647 5191/232/649
f 5189/230/647 5191/232/649 5192/233/648
f 5193/230/647 5194/231/647 5195/232/649
f 5193/230/647 5195/232/649 5196/233/649
f 5197/230/647 5198/231/647 5199/232/650
f 5197/230/647 5199/232/650 5200/233/649
f 5201/230/647 5202/231/651 5203/232/652
f 5201/230/647 5203/232/652 5204/233/650
f 5205/230/651 5206/231/651 5207/232/652
f 5205/230/651 5207/232/652 5208/233/652
f 5209/230/651 5210/231/651 5211/232/652
f 5209/230/651 5211/232/652 5212/233/652
f 5213/230/651 5214/231/651 5215/232/584
f 5213/230/651 5215/232/584 5216/233/652
f 5217/230/651 5218/231/651 5219/232/584
f 5217/230/651 5219/232/584 5220/233/584
f 5221/230/651 5222/231/651 5223/232/584
f 5221/230/651 5223/232/584 5224/233/584
f 5225/230/651 5226/231/552 5227/232/584
f 5225/230/651 5227/232/584 5228/233/584
f 5229/230/559 5230/231/653 5231/232/654
f 5229/230/559 5231/232/654 5232/233/560
f 5233/230/653 5234/231/653 5235/232/655
f 5233/230/653 5235/232/655 5236/233/654
f 5237/230/653 5238/231/653 5239/232/654
f 5237/230/653 5239/232/654 5240/233/655
f 5241/230/653 5242/231/653 5243/232/654
f 5241/230/653 5243/232/654 5244/233/654
f 5245/230/653 5246/231/656 5247/232/655
f 5245/230/653 5247/232/655 5248/233/654
f 5249/230/656 5250/231/656 5251/232/657
f 5249/230/656 5251/232/657 5252/233/655
f 5253/230/656 5254/231/656 5255/232/657
f 5253/230/656 5255/232/657 5256/233/657
f 5257/230/656 5258/231/658 5259/232/659
f 5257/230/656 5259/232/659 5260/233/657
f 5261/230/658 5262/231/658 5263/232/657
f 5261/230/658 5263/232/657 5264/233/659
f 5265/230/658 5266/231/660 5267/232/661
f 5265/230/658 5267/232/661 5268/233/657
f 5269/230/660 5270/231/660 5271/232/659
f 5269/230/660 5271/232/659 5272/233/661
f 5273/230/660 5274/231/660 5275/232/661
f 5273/230/660 5275/232/661 5276/233/659
f 5277/230/660 5278/231/660 5279/232/661
f 5277/230/660 5279/232/661 5280/233/661
f 5281/230/660 5282/231/662 5283/232/494
f 5281/230/660 5283/232/494 5284/233/661
f 5285/230/662 5286/231/662 5287/232/663
f 5285/230/662 5287/232/663 5288/233/494
f 5289/230/662 5290/231/662 5291/232/663
f 5289/230/662 5291/232/663 5292/233/663
f 5293/230/662 5294/231/542 5295/232/494
f 5293/230/662 5295/232/494 5296/233/663
f 5297/230/542 5298/231/542 5299/232/663
f 5297/230/542 5299/232/663 5300/233/494
f 5301/230/542 5302/231/542 5303/232/664
f 5301/230/542 5303/232/664 5304/233/663
f 5305/230/542 5306/231/665 5307/232/666
f 5305/230/542 5307/232/666 5308/233/664
f 5309/230/665 5310/231/665 5311/232/664
f 5309/230/665 5311/232/664 5312/233/666
f 5313/230/665 5314/231/665 5315/232/664
f 5313/230/665 5315/232/664 5316/233/664
f 5317/230/665 5318/231/667 5319/232/668
f 5317/230/665 5319/232/668 5320/233/664
f 5321/230/667 5322/231/667 5323/232/669
f 5321/230/667 5323/232/669 5324/233/668
f 5325/230/667 5326/231/667 5327/232/669
f 5325/230/667 5327/232/669 5328/233/669
f 5329/230/667 5330/231/670 5331/232/671
f 5329/230/667 5331/232/671 5332/233/669
f 5333/230/670 5334/231/670 5335/232/669
f 5333/230/670 5335/232/669 5336/233/671
f 5337/230/670 5338/231/670 5339/232/669
f 5337/230/670 5339/232/669 5340/233/669
f 5341/230/670 5342/231/672 5343/232/671
f 5341/230/670 5343/232/671 5344/233/669
f 5345/230/672 5346/231/672 5347/232/673
f 5345/230/672 5347/232/673 5348/233/671
f 5349/230/672 5350/231/672 5351/232/673
f 5349/230/672 5351/232/673 5352/233/673
f 5353/230/672 5354/231/674 5355/232/671
f 5353/230/672 5355/232/671 5356/233/673
f 5357/230/674 5358/231/675 5359/232/676
f 5357/230/674 5359/232/676 5360/233/671
f 5361/230/675 5362/231/675 5363/232/676
f 5361/230/675 5363/232/676 5364/233/676
f 5365/230/675 5366/231/675 5367/232/582
f 5365/230/675 5367/232/582 5368/233/676
f 5369/230/675 5370/231/581 5371/232/676
f 5369/230/675 5371/232/676 5372/233/582
f 5373/230/581 5374/231/581 5375/232/583
f 5373/230/581 5375/232/583 5376/233/676
f 4496/230/558 5377/231/580 5378/232/580
f 4496/230/558 5378/232/580 4502/233/559
f 5379/230/580 5380/231/580 5381/232/580
f 5379/230/580 5381/232/580 5382/233/580
f 5383/230/580 5384/231/541 5385/232/541
f 5383/230/580 5385/232/541 5386/233/580
f 5387/230/541 5388/231/541 5389/232/541
f 5387/230/541 5389/232/541 5390/233/541
f 5391/230/541 5392/231/541 5393/232/541
f 5391/230/541 5393/232/541 5394/233/541
f 5395/230/541 5396/231/580 5397/232/580
f 5395/230/541 5397/232/580 5398/233/541
f 5399/230/580 5400/231/580 5401/232/580
f 5399/230/580 5401/232/580 5402/233/580
f 5403/230/580 5404/231/541 5405/232/541
f 5403/230/580 5405/232/541 5406/233/580
f 5407/230/541 5408/231/580 5409/232/580
f 5407/230/541 5409/232/580 5410/233/541
f 5411/230/580 5412/231/580 5413/232/580
f 5411/230/580 5413/232/580 5414/233/580
f 5415/230/580 5416/231/541 5417/232/541
f 5415/230/580 5417/232/541 5418/233/580
f 5419/230/541 5420/231/580 5421/232/580
f 5419/230/541 5421/232/580 5422/233/541
f 5423/230/580 5424/231/541 5425/232/541
f 5423/230/580 5425/232/541 5426/233/580
f 5427/230/541 5428/231/541 5429/232/541
f 5427/230/541 5429/232/541 5430/233/541
f 5431/230/541 5432/231/580 5433/232/580
f 5431/230/541 5433/232/580 5434/233/541
f 5435/230/580 5436/231/541 5437/232/541
f 5435/230/580 5437/232/541 5438/233/580
f 5439/230/541 5440/231/541 5441/232/541
f 5439/230/541 5441/232/541 5442/233/541
f 5443/230/541 5444/231/580 5445/232/580
f 5443/230/541 5445/232/580 5446/233/541
f 5447/230/580 5448/231/580 5449/232/580
f 5447/230/580 5449/232/580 5450/233/580
f 5451/230/580 5452/231/541 5453/232/541
f 5451/230/580 5453/232/541 5454/233/580
f 5455/230/541 5456/231/541 5457/232/541
f 5455/230/541 5457/232/541 5458/233/541
f 5459/230/541 5460/231/580 5461/232/580
f 5459/230/541 5461/232/580 5462/233/541
f 5463/230/580 5464/231/541 5465/232/541
f 5463/230/580 5465/232/541 5466/233/580
f 5467/230/541 5468/231/541 5469/232/541
f 5467/230/541 5469/232/541 5470/233/541
f 5471/230/541 5472/231/580 5473/232/580
f 5471/230/541 5473/232/580 5474/233/541
f 5475/230/580 5476/231/541 5477/232/541
f 5475/230/580 5477/232/541 5478/233/580
f 5479/230/541 5480/231/541 5481/232/541
f 5479/230/541 5481/232/541 5482/233/541
f 5483/230/541 5484/231/580 5485/232/580
f 5483/230/541 5485/232/580 5486/233/541
f 5487/230/580 5488/231/541 5489/232/541
f 5487/230/580 5489/232/541 5490/233/580
f 5491/230/541 5492/231/541 5493/232/541
f 5491/230/541 5493/232/541 5494/233/541
f 5495/230/541 5496/231/580 5497/232/580
f 5495/230/541 5497/232/580 5498/233/541
f 5499/230/580 5500/231/580 5501/232/580
f 5499/230/580 5501/232/580 5502/233/580
f 5503/230/580 5504/231/541 5505/232/541
f 5503/230/580 5505/232/541 5506/233/580
f 5507/230/541 5508/231/580 5509/232/580
f 5507/230/541 5509/232/580 5510/233/541
f 5511/230/580 5512/231/580 5513/232/580
f 5511/230/580 5513/232/580 5514/233/580
f 5515/230/580 5516/231/677 5517/232/541
f 5515/230/580 5517/232/541 5518/233/580
f 5519/230/677 5520/231/579 5521/232/580
f 5519/230/677 5521/232/580 5522/233/541
f 4492/230/557 5523/231/588 5524/232/678
f 4492/230/557 5524/232/678 5525/233/558
f 5526/230/588 5527/231/590 5528/232/678
f 5526/230/588 5528/232/678 5529/233/678
f 5530/230/590 5531/231/590 5532/232/678
f 5530/230/590 5532/232/678 5533/233/678
f 5534/230/590 5535/231/590 5536/232/679
f 5534/230/590 5536/232/679 5537/233/678
f 5538/230/590 5539/231/590 5540/232/679
f 5538/230/590 5540/232/679 5541/233/679
f 5542/230/590 5543/231/590 5544/232/679
f 5542/230/590 5544/232/679 5545/233/679
f 5546/230/590 5547/231/590 5548/232/680
f 5546/230/590 5548/232/680 5549/233/679
f 5550/230/590 5551/231/592 5552/232/680
f 5550/230/590 5552/232/680 5553/233/680
f 5554/230/592 5555/231/592 5556/232/681
f 5554/230/592 5556/232/681 5557/233/680
f 5558/230/592 5559/231/592 5560/232/681
f 5558/230/592 5560/232/681 5561/233/681
f 5562/230/592 5563/231/592 5564/232/682
f 5562/230/592 5564/232/682 5565/233/681
f 5566/230/592 5567/231/592 5568/232/682
f 5566/230/592 5568/232/682 5569/233/682
f 5570/230/592 5571/231/592 5572/232/682
f 5570/230/592 5572/232/682 5573/233/682
f 5574/230/592 5575/231/594 5576/232/683
f 5574/230/592 5576/232/683 5577/233/682
f 5578/230/594 5579/231/594 5580/232/683
f 5578/230/594 5580/232/683 5581/233/683
f 5582/230/594 5583/231/594 5584/232/683
f 5582/230/594 5584/232/683 5585/233/683
f 5586/230/594 5587/231/594 5588/232/684
f 5586/230/594 5588/232/684 5589/233/683
f 5590/230/594 5591/231/594 5592/232/684
f 5590/230/594 5592/232/684 5593/233/684
f 5594/230/594 5595/231/594 5596/232/684
f 5594/230/594 5596/232/684 5597/233/684
f 5598/230/594 5599/231/595 5600/232/685
f 5598/230/594 5600/232/685 5601/233/684
f 5602/230/595 5603/231/595 5604/232/685
f 5602/230/595 5604/232/685 5605/233/685
f 5606/230/595 5607/231/595 5608/232/685
f 5606/230/595 5608/232/685 5609/233/685
f 5610/230/595 5611/231/598 5612/232/686
f 5610/230/595 5612/232/686 5613/233/685
f 5614/230/598 5615/231/598 5616/232/686
f 5614/230/598 5616/232/686 5617/233/686
f 5618/230/598 5619/231/598 5620/232/686
f 5618/230/598 5620/232/686 5621/233/686
f 5622/230/598 5623/231/599 5624/232/686
f 5622/230/598 5624/232/686 5625/233/686
f 5626/230/599 5627/231/599 5628/232/687
f 5626/230/599 5628/232/687 5629/233/686
f 5630/230/599 5631/231/599 5632/232/687
f 5630/230/599 5632/232/687 5633/233/687
f 5634/230/599 5635/231/599 5636/232/687
f 5634/230/599 5636/232/687 5637/233/687
f 5638/230/599 5639/231/599 5640/232/688
f 5638/230/599 5640/232/688 5641/233/687
f 5642/230/599 5643/231/599 5644/232/688
f 5642/230/599 5644/232/688 5645/233/688
f 5646/230/599 5647/231/599 5648/232/688
f 5646/230/599 5648/232/688 5649/233/688
f 5650/230/599 5651/231/602 5652/232/689
f 5650/230/599 5652/232/689 5653/233/688
f 5654/230/602 5655/231/602 5656/232/689
f 5654/230/602 5656/232/689 5657/233/689
f 5658/230/602 5659/231/602 5660/232/689
f 5658/230/602 5660/232/689 5661/233/689
f 5662/230/602 5663/231/604 5664/232/677
f 5662/230/602 5664/232/677 5665/233/689
f 5666/230/604 5667/231/606 5668/232/579
f 5666/230/604 5668/232/579 5669/233/677
f 5670/230/569 5671/231/690 5672/232/691
f 5670/230/569 5672/232/691 5673/233/570
f 5674/230/690 5675/231/690 5676/232/691
f 5674/230/690 5676/232/691 5677/233/691
f 5678/230/690 5679/231/690 5680/232/691
f 5678/230/690 5680/232/691 5681/233/691
f 5682/230/690 5683/231/690 5684/232/691
f 5682/230/690 5684/232/691 5685/233/691
f 5686/230/690 5687/231/692 5688/232/691
f 5686/230/690 5688/232/691 5689/233/691
f 5690/230/692 5691/231/692 5692/232/691
f 5690/230/692 5692/232/691 5693/233/691
f 5694/230/692 5695/231/693 5696/232/694
f 5694/230/692 5696/232/694 5697/233/691
f 5698/230/693 5699/231/695 5700/232/694
f 5698/230/693 5700/232/694 5701/233/694
f 5702/230/695 5703/231/695 5704/232/694
f 5702/230/695 5704/232/694 5705/233/694
f 5706/230/695 5707/231/696 5708/232/694
f 5706/230/695 5708/232/694 5709/233/694
f 5710/230/696 5711/231/696 5712/232/694
f 5710/230/696 5712/232/694 5713/233/694
f 5714/230/696 5715/231/696 5716/232/694
f 5714/230/696 5716/232/694 5717/233/694
f 5718/230/696 5719/231/696 5720/232/694
f 5718/230/696 5720/232/694 5721/233/694
f 5722/230/696 5723/231/697 5724/232/508
f 5722/230/696 5724/232/508 5725/233/694
f 5726/230/697 5727/231/697 5728/232/508
f 5726/230/697 5728/232/508 5729/233/508
f 5730/230/697 5731/231/697 5732/232/508
f 5730/230/697 5732/232/508 5733/233/508
f 5734/230/697 5735/231/540 5736/232/508
f 5734/230/697 5736/232/508 5737/233/508
f 5738/230/540 5739/231/540 5740/232/508
f 5738/230/540 5740/232/508 5741/233/508
f 5742/230/540 5743/231/540 5744/232/508
f 5742/230/540 5744/232/508 5745/233/508
f 5746/230/540 5747/231/698 5748/232/699
f 5746/230/540 5748/232/699 5749/233/508
f 5750/230/698 5751/231/698 5752/232/699
f 5750/230/698 5752/232/699 5753/233/699
f 5754/230/698 5755/231/698 5756/232/699
f 5754/230/698 5756/232/699 5757/233/699
f 5758/230/698 5759/231/700 5760/232/701
f 5758/230/698 5760/232/701 5761/233/699
f 5762/230/700 5763/231/700 5764/232/701
f 5762/230/700 5764/232/701 5765/233/701
f 5766/230/700 5767/231/700 5768/232/701
f 5766/230/700 5768/232/701 5769/233/701
f 5770/230/700 5771/231/702 5772/232/703
f 5770/230/700 5772/232/703 5773/233/701
f 5774/230/702 5775/231/702 5776/232/703
f 5774/230/702 5776/232/703 5777/233/703
f 5778/230/702 5779/231/702 5780/232/703
f 5778/230/702 5780/232/703 5781/233/703
f 5782/230/702 5783/231/704 5784/232/703
f 5782/230/702 5784/232/703 5785/233/703
f 5786/230/704 5787/231/704 5788/232/703
f 5786/230/704 5788/232/703 5789/233/703
f 5790/230/704 5791/231/704 5792/232/703
f 5790/230/704 5792/232/703 5793/233/703
f 5794/230/704 5795/231/705 5796/232/554
f 5794/230/704 5796/232/554 5797/233/703
f 5798/230/705 5799/231/705 5800/232/554
f 5798/230/705 5800/232/554 5801/233/554
f 5802/230/705 5803/231/705 5804/232/554
f 5802/230/705 5804/232/554 5805/233/554
f 5806/230/705 5807/231/705 5808/232/554
f 5806/230/705 5808/232/554 5809/233/554
f 5810/230/705 5811/231/578 5812/232/554
f 5810/230/705 5812/232/554 5813/233/554
f 5814/230/578 5815/231/578 5816/232/554
f 5814/230/578 5816/232/554 5817/233/554
f 4555/230/568 5818/231/539 5819/232/539
f 4555/230/568 5819/232/539 4561/233/569
f 5820/230/539 5821/231/539 5822/232/539
f 5820/230/539 5822/232/539 5823/233/539
f 5824/230/539 5825/231/539 5826/232/539
f 5824/230/539 5826/232/539 5827/233/539
f 5828/230/539 5829/231/539 5830/232/539
f 5828/230/539 5830/232/539 5831/233/539
f 5832/230/539 5833/231/539 5834/232/539
f 5832/230/539 5834/232/539 5835/233/539
f 5836/230/539 5837/231/539 5838/232/539
f 5836/230/539 5838/232/539 5839/233/539
f 5840/230/539 5841/231/539 5842/232/539
f 5840/230/539 5842/232/539 5843/233/539
f 5844/230/539 5845/231/539 5846/232/539
f 5844/230/539 5846/232/539 5847/233/539
f 5848/230/539 5849/231/539 5850/232/539
f 5848/230/539 5850/232/539 5851/233/539
f 5852/230/539 5853/231/539 5854/232/539
f 5852/230/539 5854/232/539 5855/233/539
f 5856/230/539 5857/231/706 5858/232/706
f 5856/230/539 5858/232/706 5859/233/539
f 5860/230/706 5861/231/539 5862/232/539
f 5860/230/706 5862/232/539 5863/233/706
f 5864/230/539 5865/231/539 5866/232/539
f 5864/230/539 5866/232/539 5867/233/539
f 5868/230/539 5869/231/706 5870/232/706
f 5868/230/539 5870/232/706 5871/233/539
f 5872/230/706 5873/231/539 5874/232/539
f 5872/230/706 5874/232/539 5875/233/706
f 5876/230/539 5877/231/539 5878/232/539
f 5876/230/539 5878/232/539 5879/233/539
f 5880/230/539 5881/231/539 5882/232/539
f 5880/230/539 5882/232/539 5883/233/539
f 5884/230/539 5885/231/539 5886/232/539
f 5884/230/539 5886/232/539 5887/233/539
f 5888/230/539 5889/231/539 5890/232/539
f 5888/230/539 5890/232/539 5891/233/539
f 5892/230/539 5893/231/706 5894/232/706
f 5892/230/539 5894/232/706 5895/233/539
f 5896/230/706 5897/231/539 5898/232/539
f 5896/230/706 5898/232/539 5899/233/706
f 5900/230/539 5901/231/539 5902/232/539
f 5900/230/539 5902/232/539 5903/233/539
f 5904/230/539 5905/231/539 5906/232/539
f 5904/230/539 5906/232/539 5907/233/539
f 5908/230/539 5909/231/539 5910/232/539
f 5908/230/539 5910/232/539 5911/233/539
f 5912/230/539 5913/231/539 5914/232/539
f 5912/230/539 5914/232/539 5915/233/539
f 5916/230/539 5917/231/706 5918/232/706
f 5916/230/539 5918/232/706 5919/233/539
f 5920/230/706 5921/231/539 5922/232/539
f 5920/230/706 5922/232/539 5923/233/706
f 5924/230/539 5925/231/539 5926/232/539
f 5924/230/539 5926/232/539 5927/233/539
f 5928/230/539 5929/231/539 5930/232/539
f 5928/230/539 5930/232/539 5931/233/539
f 5932/230/539 5933/231/706 5934/232/706
f 5932/230/539 5934/232/706 5935/233/539
f 5936/230/706 5937/231/539 5938/232/539
f 5936/230/706 5938/232/539 5939/233/706
f 5940/230/539 5941/231/539 5942/232/539
f 5940/230/539 5942/232/539 5943/233/539
f 5944/230/539 5945/231/706 5946/232/706
f 5944/230/539 5946/232/706 5947/233/539
f 5948/230/706 5949/231/539 5950/232/539
f 5948/230/706 5950/232/539 5951/233/706
f 5952/230/539 5953/231/539 5954/232/539
f 5952/230/539 5954/232/539 5955/233/539
f 5956/230/539 5957/231/706 5958/232/706
f 5956/230/539 5958/232/706 5959/233/539
f 5960/230/706 5961/231/539 5962/232/539
f 5960/230/706 5962/232/539 5963/233/706
f 4551/230/550 5964/231/549 5965/232/707
f 4551/230/550 5965/232/707 5966/233/568
f 4480/230/549 5967/231/708 5968/232/707
f 4480/230/549 5968/232/707 5969/233/707
f 5970/230/708 5971/231/708 5972/232/707
f 5970/230/708 5972/232/707 5973/233/707
f 5974/230/708 5975/231/708 5976/232/709
f 5974/230/708 5976/232/709 5977/233/707
f 5978/230/708 5979/231/708 5980/232/709
f 5978/230/708 5980/232/709 5981/233/709
f 5982/230/708 5983/231/708 5984/232/709
f 5982/230/708 5984/232/709 5985/233/709
f 5986/230/708 5987/231/708 5988/232/709
f 5986/230/708 5988/232/709 5989/233/709
f 5990/230/708 5991/231/710 5992/232/711
f 5990/230/708 5992/232/711 5993/233/709
f 5994/230/710 5995/231/710 5996/232/712
f 5994/230/710 5996/232/712 5997/233/711
f 5998/230/710 5999/231/710 6000/232/712
f 5998/230/710 6000/232/712 6001/233/712
f 6002/230/710 6003/231/710 6004/232/713
f 6002/230/710 6004/232/713 6005/233/712
f 6006/230/710 6007/231/710 6008/232/713
f 6006/230/710 6008/232/713 6009/233/713
f 6010/230/710 6011/231/710 6012/232/713
f 6010/230/710 6012/232/713 6013/233/713
f 6014/230/710 6015/231/498 6016/232/714
f 6014/230/710 6016/232/714 6017/233/713
f 6018/230/498 6019/231/498 6020/232/714
f 6018/230/498 6020/232/714 6021/233/714
f 6022/230/498 6023/231/498 6024/232/714
f 6022/230/498 6024/232/714 6025/233/714
f 6026/230/498 6027/231/498 6028/232/538
f 6026/230/498 6028/232/538 6029/233/714
f 6030/230/498 6031/231/498 6032/232/538
f 6030/230/498 6032/232/538 6033/233/538
f 6034/230/498 6035/231/498 6036/232/538
f 6034/230/498 6036/232/538 6037/233/538
f 6038/230/498 6039/231/715 6040/232/716
f 6038/230/498 6040/232/716 6041/233/538
f 6042/230/715 6043/231/715 6044/232/716
f 6042/230/715 6044/232/716 6045/233/716
f 6046/230/715 6047/231/715 6048/232/716
f 6046/230/715 6048/232/716 6049/233/716
f 6050/230/715 6051/231/717 6052/232/718
f 6050/230/715 6052/232/718 6053/233/716
f 6054/230/717 6055/231/717 6056/232/718
f 6054/230/717 6056/232/718 6057/233/718
f 6058/230/717 6059/231/717 6060/232/718
f 6058/230/717 6060/232/718 6061/233/718
f 6062/230/717 6063/231/719 6064/232/718
f 6062/230/717 6064/232/718 6065/233/718
f 6066/230/719 6067/231/719 6068/232/720
f 6066/230/719 6068/232/720 6069/233/718
f 6070/230/719 6071/231/719 6072/232/720
f 6070/230/719 6072/232/720 6073/233/720
f 6074/230/719 6075/231/719 6076/232/720
f 6074/230/719 6076/232/720 6077/233/720
f 6078/230/719 6079/231/719 6080/232/721
f 6078/230/719 6080/232/721 6081/233/720
f 6082/230/719 6083/231/719 6084/232/721
f 6082/230/719 6084/232/721 6085/233/721
f 6086/230/719 6087/231/719 6088/232/721
f 6086/230/719 6088/232/721 6089/233/721
f 6090/230/719 6091/231/576 6092/232/722
f 6090/230/719 6092/232/722 6093/233/721
f 6094/230/576 6095/231/576 6096/232/722
f 6094/230/576 6096/232/722 6097/233/722
f 6098/230/576 6099/231/576 6100/232/722
f 6098/230/576 6100/232/722 6101/233/722
f 6102/230/576 6103/231/576 6104/232/577
f 6102/230/576 6104/232/577 6105/233/722
f 6106/230/576 6107/231/576 6108/232/577
f 6106/230/576 6108/232/577 6109/233/577
f 6110/230/723 6111/231/723 6112/232/553
f 6110/230/723 6112/232/553 4491/233/556
f 6113/230/723 6114/231/723 6115/232/553
f 6113/230/723 6115/232/553 6116/233/553
f 6117/230/723 6118/231/724 6119/232/553
f 6117/230/723 6119/232/553 6120/233/553
f 6121/230/724 6122/231/724 6123/232/553
f 6121/230/724 6123/232/553 6124/233/553
f 6125/230/724 6126/231/724 6127/232/553
f 6125/230/724 6127/232/553 6128/233/553
f 6129/230/724 6130/231/725 6131/232/553
f 6129/230/724 6131/232/553 6132/233/553
f 6133/230/725 6134/231/726 6135/232/727
f 6133/230/725 6135/232/727 6136/233/553
f 6137/230/726 6138/231/726 6139/232/727
f 6137/230/726 6139/232/727 6140/233/727
f 6141/230/726 6142/231/728 6143/232/727
f 6141/230/726 6143/232/727 6144/233/727
f 6145/230/728 6146/231/728 6147/232/727
f 6145/230/728 6147/232/727 6148/233/727
f 6149/230/728 6150/231/728 6151/232/727
f 6149/230/728 6151/232/727 6152/233/727
f 6153/230/728 6154/231/729 6155/232/727
f 6153/230/728 6155/232/727 6156/233/727
f 6157/230/729 6158/231/729 6159/232/730
f 6157/230/729 6159/232/730 6160/233/727
f 6161/230/729 6162/231/729 6163/232/730
f 6161/230/729 6163/232/730 6164/233/730
f 6165/230/729 6166/231/731 6167/232/730
f 6165/230/729 6167/232/730 6168/233/730
f 6169/230/731 6170/231/731 6171/232/732
f 6169/230/731 6171/232/732 6172/233/730
f 6173/230/731 6174/231/731 6175/232/732
f 6173/230/731 6175/232/732 6176/233/732
f 6177/230/731 6178/231/731 6179/232/732
f 6177/230/731 6179/232/732 6180/233/732
f 6181/230/731 6182/231/537 6183/232/509
f 6181/230/731 6183/232/509 6184/233/732
f 6185/230/537 6186/231/537 6187/232/509
f 6185/230/537 6187/232/509 6188/233/509
f 6189/230/537 6190/231/537 6191/232/509
f 6189/230/537 6191/232/509 6192/233/509
f 6193/230/537 6194/231/733 6195/232/509
f 6193/230/537 6195/232/509 6196/233/509
f 6197/230/733 6198/231/733 6199/232/509
f 6197/230/733 6199/232/509 6200/233/509
f 6201/230/733 6202/231/733 6203/232/509
f 6201/230/733 6203/232/509 6204/233/509
f 6205/230/733 6206/231/734 6207/232/735
f 6205/230/733 6207/232/735 6208/233/509
f 6209/230/734 6210/231/734 6211/232/735
f 6209/230/734 6211/232/735 6212/233/735
f 6213/230/734 6214/231/734 6215/232/735
f 6213/230/734 6215/232/735 6216/233/735
f 6217/230/734 6218/231/736 6219/232/735
f 6217/230/734 6219/232/735 6220/233/735
f 6221/230/736 6222/231/736 6223/232/735
f 6221/230/736 6223/232/735 6224/233/735
f 6225/230/736 6226/231/736 6227/232/735
f 6225/230/736 6227/232/735 6228/233/735
f 6229/230/736 6230/231/737 6231/232/575
f 6229/230/736 6231/232/575 6232/233/735
f 6233/230/737 6234/231/737 6235/232/575
f 6233/230/737 6235/232/575 6236/233/575
f 6237/230/737 6238/231/737 6239/232/575
f 6237/230/737 6239/232/575 6240/233/575
f 6241/230/737 6242/231/574 6243/232/575
f 6241/230/737 6243/232/575 6244/233/575
f 6245/230/574 6246/231/574 6247/232/575
f 6245/230/574 6247/232/575 6248/233/575
f 6249/230/574 6250/231/574 6251/232/575
f 6249/230/574 6251/232/575 6252/233/575
f 6253/230/574 6254/231/574 6255/232/575
f 6253/230/574 6255/232/575 6256/233/575
f 6257/230/573 6258/231/738 6259/232/573
f 6257/230/573 6259/232/573 6260/233/573
f 6261/230/738 6262/231/739 6263/232/536
f 6261/230/738 6263/232/536 6264/233/573
f 6265/230/739 6266/231/573 6267/232/573
f 6265/230/739 6267/232/573 6268/233/536
f 6269/230/573 6270/231/573 6271/232/573
f 6269/230/573 6271/232/573 6272/233/573
f 6273/230/573 6274/231/536 6275/232/536
f 6273/230/573 6275/232/536 6276/233/573
f 6277/230/536 6278/231/536 6279/232/536
f 6277/230/536 6279/232/536 6280/233/536
f 6281/230/536 6282/231/573 6283/232/573
f 6281/230/536 6283/232/573 6284/233/536
f 6285/230/573 6286/231/536 6287/232/536
f 6285/230/573 6287/232/536 6288/233/573
f 6289/230/536 6290/231/573 6291/232/573
f 6289/230/536 6291/232/573 6292/233/536
f 6293/230/573 6294/231/536 6295/232/536
f 6293/230/573 6295/232/536 6296/233/573
f 6297/230/536 6298/231/573 6299/232/573
f 6297/230/536 6299/232/573 6300/233/536
f 6301/230/573 6302/231/573 6303/232/573
f 6301/230/573 6303/232/573 6304/233/573
f 6305/230/573 6306/231/536 6307/232/536
f 6305/230/573 6307/232/536 6308/233/573
f 6309/230/536 6310/231/573 6311/232/573
f 6309/230/536 6311/232/573 6312/233/536
f 6313/230/573 6314/231/573 6315/232/573
f 6313/230/573 6315/232/573 6316/233/573
f 6317/230/573 6318/231/536 6319/232/536
f 6317/230/573 6319/232/536 6320/233/573
f 6321/230/536 6322/231/573 6323/232/573
f 6321/230/536 6323/232/573 6324/233/536
f 6325/230/573 6326/231/536 6327/232/536
f 6325/230/573 6327/232/536 6328/233/573
f 6329/230/536 6330/231/536 6331/232/536
f 6329/230/536 6331/232/536 6332/233/536
f 6333/230/536 6334/231/573 6335/232/573
f 6333/230/536 6335/232/573 6336/233/536
f 6337/230/573 6338/231/536 6339/232/536
f 6337/230/573 6339/232/536 6340/233/573
f 6341/230/536 6342/231/536 6343/232/536
f 6341/230/536 6343/232/536 6344/233/536
f 6345/230/536 6346/231/573 6347/232/573
f 6345/230/536 6347/232/573 6348/233/536
f 6349/230/573 6350/231/573 6351/232/573
f 6349/230/573 6351/232/573 6352/233/573
f 6353/230/573 6354/231/536 6355/232/536
f 6353/230/573 6355/232/536 6356/233/573
f 6357/230/536 6358/231/536 6359/232/536
f 6357/230/536 6359/232/536 6360/233/536
f 6361/230/536 6362/231/573 6363/232/573
f 6361/230/536 6363/232/573 6364/233/536
f 6365/230/573 6366/231/573 6367/232/573
f 6365/230/573 6367/232/573 6368/233/573
f 6369/230/573 6370/231/536 6371/232/536
f 6369/230/573 6371/232/536 6372/233/573
f 6373/230/536 6374/231/573 6375/232/573
f 6373/230/536 6375/232/573 6376/233/536
f 6377/230/573 6378/231/573 6379/232/573
f 6377/230/573 6379/232/573 6380/233/573
f 6381/230/573 6382/231/536 6383/232/536
f 6381/230/573 6383/232/536 6384/233/573
f 6385/230/536 6386/231/573 6387/232/573
f 6385/230/536 6387/232/573 6388/233/536
f 6389/230/573 6390/231/536 6391/232/536
f 6389/230/573 6391/232/536 6392/233/573
f 6393/230/536 6394/231/536 6395/232/536
f 6393/230/536 6395/232/536 6396/233/536
f 6397/230/536 6398/231/573 6399/232/573
f 6397/230/536 6399/232/573 6400/233/536
f 6401/230/573 6402/231/573 6403/232/573
f 6401/230/573 6403/232/573 6404/233/573
f 4635/230/605 4778/231/603 6405/232/739
f 4635/230/605 6405/232/739 6406/233/738
f 4781/230/603 4774/231/601 6407/232/740
f 4781/230/603 6407/232/740 6408/233/739
f 4777/230/601 4770/231/601 6409/232/740
f 4777/230/601 6409/232/740 6410/233/740
f 4773/230/601 4766/231/601 6411/232/740
f 4773/230/601 6411/232/740 6412/233/740
f 4769/230/601 4762/231/600 6413/232/741
f 4769/230/601 6413/232/741 6414/233/740
f 4765/230/600 4758/231/600 6415/232/741
f 4765/230/600 6415/232/741 6416/233/741
f 4761/230/600 4754/231/600 6417/232/741
f 4761/230/600 6417/232/741 6418/233/741
f 4757/230/600 4750/231/600 6419/232/742
f 4757/230/600 6419/232/742 6420/233/741
f 4753/230/600 4746/231/600 6421/232/742
f 4753/230/600 6421/232/742 6422/233/742
f 4749/230/600 4742/231/600 6423/232/742
f 4749/230/600 6423/232/742 6424/233/742
f 4745/230/600 4738/231/597 6425/232/743
f 4745/230/600 6425/232/743 6426/233/742
f 4741/230/597 4734/231/597 6427/232/743
f 4741/230/597 6427/232/743 6428/233/743
f 4737/230/597 4730/231/597 6429/232/743
f 4737/230/597 6429/232/743 6430/233/743
f 4733/230/597 4726/231/597 6431/232/744
f 4733/230/597 6431/232/744 6432/233/743
f 4729/230/597 4722/231/596 6433/232/744
f 4729/230/597 6433/232/744 6434/233/744
f 4725/230/596 4718/231/596 6435/232/744
f 4725/230/596 6435/232/744 6436/233/744
f 4721/230/596 4714/231/593 6437/232/745
f 4721/230/596 6437/232/745 6438/233/744
f 4717/230/593 4710/231/593 6439/232/745
f 4717/230/593 6439/232/745 6440/233/745
f 4713/230/593 4706/231/593 6441/232/745
f 4713/230/593 6441/232/745 6442/233/745
f 4709/230/593 4702/231/593 6443/232/745
f 4709/230/593 6443/232/745 6444/233/745
f 4705/230/593 4698/231/593 6445/232/746
f 4705/230/593 6445/232/746 6446/233/745
f 4701/230/593 4694/231/593 6447/232/746
f 4701/230/593 6447/232/746 6448/233/746
f 4697/230/593 4690/231/593 6449/232/746
f 4697/230/593 6449/232/746 6450/233/746
f 4693/230/593 4686/231/591 6451/232/747
f 4693/230/593 6451/232/747 6452/233/746
f 4689/230/591 4682/231/591 6453/232/747
f 4689/230/591 6453/232/747 6454/233/747
f 4685/230/591 4678/231/591 6455/232/747
f 4685/230/591 6455/232/747 6456/233/747
f 4681/230/591 4674/231/591 6457/232/748
f 4681/230/591 6457/232/748 6458/233/747
f 4677/230/591 4670/231/591 6459/232/748
f 4677/230/591 6459/232/748 6460/233/748
f 4673/230/591 4666/231/591 6461/232/749
f 4673/230/591 6461/232/749 6462/233/748
f 4669/230/591 4662/231/589 6463/232/750
f 4669/230/591 6463/232/750 6464/233/749
f 4665/230/589 4658/231/589 6465/232/750
f 4665/230/589 6465/232/750 6466/233/750
f 4661/230/589 4654/231/589 6467/232/750
f 4661/230/589 6467/232/750 6468/233/750
f 4657/230/589 4650/231/589 6469/232/750
f 4657/230/589 6469/232/750 6470/233/750
f 4653/230/589 4646/231/589 6471/232/572
f 4653/230/589 6471/232/572 6472/233/750
f 4649/230/589 4642/231/589 6473/232/572
f 4649/230/589 6473/232/572 6474/233/572
f 4645/230/589 4639/231/571 6475/232/572
f 4645/230/589 6475/232/572 6476/233/572
f 4545/230/566 6477/231/570 5672/232/691
f 4545/230/566 5672/232/691 4605/233/575
f 6478/230/575 6479/231/691 5676/232/691
f 6478/230/575 5676/232/691 6256/233/575
f 6480/230/575 6481/231/691 5680/232/691
f 6480/230/575 5680/232/691 6252/233/575
f 6482/230/575 6483/231/691 5684/232/691
f 6482/230/575 5684/232/691 6248/233/575
f 6484/230/575 6485/231/691 5688/232/691
f 6484/230/575 5688/232/691 6244/233/575
f 6486/230/575 6487/231/691 5692/232/691
f 6486/230/575 5692/232/691 6240/233/575
f 6488/230/575 6489/231/691 5696/232/694
f 6488/230/575 5696/232/694 6236/233/575
f 6490/230/575 6491/231/694 5700/232/694
f 6490/230/575 5700/232/694 6232/233/735
f 6492/230/735 6493/231/694 5704/232/694
f 6492/230/735 5704/232/694 6228/233/735
f 6494/230/735 6495/231/694 5708/232/694
f 6494/230/735 5708/232/694 6224/233/735
f 6496/230/735 6497/231/694 5712/232/694
f 6496/230/735 5712/232/694 6220/233/735
f 6498/230/735 6499/231/694 5716/232/694
f 6498/230/735 5716/232/694 6216/233/735
f 6500/230/735 6501/231/694 5720/232/694
f 6500/230/735 5720/232/694 6212/233/735
f 6502/230/735 6503/231/694 5724/232/508
f 6502/230/735 5724/232/508 6208/233/509
f 6504/230/509 6505/231/508 5728/232/508
f 6504/230/509 5728/232/508 6204/233/509
f 6506/230/509 6507/231/508 5732/232/508
f 6506/230/509 5732/232/508 6200/233/509
f 6508/230/509 6509/231/508 5736/232/508
f 6508/230/509 5736/232/508 6196/233/509
f 6510/230/509 6511/231/508 5740/232/508
f 6510/230/509 5740/232/508 6192/233/509
f 6512/230/509 6513/231/508 5744/232/508
f 6512/230/509 5744/232/508 6188/233/509
f 6514/230/509 6515/231/508 5748/232/699
f 6514/230/509 5748/232/699 6184/233/732
f 6516/230/732 6517/231/699 5752/232/699
f 6516/230/732 5752/232/699 6180/233/732
f 6518/230/732 6519/231/699 5756/232/699
f 6518/230/732 5756/232/699 6176/233/732
f 6520/230/732 6521/231/699 5760/232/701
f 6520/230/732 5760/232/701 6172/233/730
f 6522/230/730 6523/231/701 5764/232/701
f 6522/230/730 5764/232/701 6168/233/730
f 6524/230/730 6525/231/701 5768/232/701
f 6524/230/730 5768/232/701 6164/233/730
f 6526/230/730 6527/231/701 5772/232/703
f 6526/230/730 5772/232/703 6160/233/727
f 6528/230/727 6529/231/703 5776/232/703
f 6528/230/727 5776/232/703 6156/233/727
f 6530/230/727 6531/231/703 5780/232/703
f 6530/230/727 5780/232/703 6152/233/727
f 6532/230/727 6533/231/703 5784/232/703
f 6532/230/727 5784/232/703 6148/233/727
f 6534/230/727 6535/231/703 5788/232/703
f 6534/230/727 5788/232/703 6144/233/727
f 6536/230/727 6537/231/703 5792/232/703
f 6536/230/727 5792/232/703 6140/233/727
f 6538/230/727 6539/231/703 5796/232/554
f 6538/230/727 5796/232/554 6136/233/553
f 6540/230/553 6541/231/554 5800/232/554
f 6540/230/553 5800/232/554 6132/233/553
f 6542/230/553 6543/231/554 5804/232/554
f 6542/230/553 5804/232/554 6128/233/553
f 6544/230/553 6545/231/554 5808/232/554
f 6544/230/553 5808/232/554 6124/233/553
f 6546/230/553 6547/231/554 5812/232/554
f 6546/230/553 5812/232/554 6120/233/553
f 6548/230/553 6549/231/554 5816/232/554
f 6548/230/553 5816/232/554 6116/233/553
f 6550/230/576 6107/231/576 6551/232/635
f 6550/230/576 6551/232/635 6552/233/635
f 4606/230/576 6103/231/576 6553/232/635
f 4606/230/576 6553/232/635 6554/233/635
f 6106/230/576 6099/231/576 6555/232/635
f 6106/230/576 6555/232/635 6556/233/635
f 6102/230/576 6095/231/576 6557/232/635
f 6102/230/576 6557/232/635 6558/233/635
f 6098/230/576 6091/231/576 6559/232/635
f 6098/230/576 6559/232/635 6560/233/635
f 6094/230/576 6087/231/719 6561/232/638
f 6094/230/576 6561/232/638 6562/233/635
f 6090/230/719 6083/231/719 6563/232/638
f 6090/230/719 6563/232/638 6564/233/638
f 6086/230/719 6079/231/719 6565/232/638
f 6086/230/719 6565/232/638 6566/233/638
f 6082/230/719 6075/231/719 6567/232/638
f 6082/230/719 6567/232/638 6568/233/638
f 6078/230/719 6071/231/719 6569/232/638
f 6078/230/719 6569/232/638 6570/233/638
f 6074/230/719 6067/231/719 6571/232/638
f 6074/230/719 6571/232/638 6572/233/638
f 6070/230/719 6063/231/719 6573/232/641
f 6070/230/719 6573/232/641 6574/233/638
f 6066/230/719 6059/231/717 6575/232/641
f 6066/230/719 6575/232/641 6576/233/641
f 6062/230/717 6055/231/717 6577/232/641
f 6062/230/717 6577/232/641 6578/233/641
f 6058/230/717 6051/231/717 6579/232/641
f 6058/230/717 6579/232/641 6580/233/641
f 6054/230/717 6047/231/715 6581/232/644
f 6054/230/717 6581/232/644 6582/233/641
f 6050/230/715 6043/231/715 6583/232/644
f 6050/230/715 6583/232/644 6584/233/644
f 6046/230/715 6039/231/715 6585/232/644
f 6046/230/715 6585/232/644 6586/233/644
f 6042/230/715 6035/231/498 6587/232/501
f 6042/230/715 6587/232/501 6588/233/644
f 6038/230/498 6031/231/498 6589/232/501
f 6038/230/498 6589/232/501 6590/233/501
f 6034/230/498 6027/231/498 6591/232/501
f 6034/230/498 6591/232/501 6592/233/501
f 6030/230/498 6023/231/498 6593/232/501
f 6030/230/498 6593/232/501 6594/233/501
f 6026/230/498 6019/231/498 6595/232/501
f 6026/230/498 6595/232/501 6596/233/501
f 6022/230/498 6015/231/498 6597/232/501
f 6022/230/498 6597/232/501 6598/233/501
f 6018/230/498 6011/231/710 6599/232/647
f 6018/230/498 6599/232/647 6600/233/501
f 6014/230/710 6007/231/710 6601/232/647
f 6014/230/710 6601/232/647 6602/233/647
f 6010/230/710 6003/231/710 6603/232/647
f 6010/230/710 6603/232/647 6604/233/647
f 6006/230/710 5999/231/710 6605/232/647
f 6006/230/710 6605/232/647 6606/233/647
f 6002/230/710 5995/231/710 6607/232/647
f 6002/230/710 6607/232/647 6608/233/647
f 5998/230/710 5991/231/710 6609/232/647
f 5998/230/710 6609/232/647 6610/233/647
f 5994/230/710 5987/231/708 6611/232/651
f 5994/230/710 6611/232/651 6612/233/647
f 5990/230/708 5983/231/708 6613/232/651
f 5990/230/708 6613/232/651 6614/233/651
f 5986/230/708 5979/231/708 6615/232/651
f 5986/230/708 6615/232/651 6616/233/651
f 5982/230/708 5975/231/708 6617/232/651
f 5982/230/708 6617/232/651 6618/233/651
f 5978/230/708 5971/231/708 6619/232/651
f 5978/230/708 6619/232/651 6620/233/651
f 5974/230/708 5967/231/708 6621/232/651
f 5974/230/708 6621/232/651 6622/233/651
f 5970/230/708 5964/231/549 6623/232/552
f 5970/230/708 6623/232/552 6624/233/651
f 6625/230/582 6626/231/609 4787/232/608
f 6625/230/582 4787/232/608 4624/233/583
f 6627/230/751 6628/231/751 6629/232/751
f 6627/230/751 6629/232/751 6630/233/751
f 6631/230/676 6632/231/610 4795/232/609
f 6631/230/676 4795/232/609 5372/233/582
f 6633/230/582 6634/231/609 4799/232/610
f 6633/230/582 4799/232/610 5368/233/676
f 6635/230/752 6636/231/752 6637/232/752
f 6635/230/752 6637/232/752 6638/233/752
f 6639/230/676 6640/231/613 4807/232/615
f 6639/230/676 4807/232/615 5360/233/671
f 6641/230/671 6642/231/615 4811/232/613
f 6641/230/671 4811/232/613 5356/233/673
f 6643/230/753 6644/231/753 6645/232/753
f 6643/230/753 6645/232/753 6646/233/753
f 6647/230/673 6648/231/613 4819/232/615
f 6647/230/673 4819/232/615 5348/233/671
f 6649/230/671 6650/231/615 4823/232/617
f 6649/230/671 4823/232/617 5344/233/669
f 6651/230/752 6652/231/752 6653/232/752
f 6651/230/752 6653/232/752 6654/233/752
f 6655/230/669 6656/231/617 4831/232/619
f 6655/230/669 4831/232/619 5336/233/671
f 6657/230/671 6658/231/619 4835/232/617
f 6657/230/671 4835/232/617 5332/233/669
f 6659/230/548 6660/231/548 6661/232/548
f 6659/230/548 6661/232/548 6662/233/548
f 6663/230/669 6664/231/617 4843/232/619
f 6663/230/669 4843/232/619 5324/233/668
f 6665/230/668 6666/231/619 4847/232/621
f 6665/230/668 4847/232/621 5320/233/664
f 6647/230/753 6667/231/753 6668/232/753
f 6647/230/753 6668/232/753 6669/233/753
f 6670/230/664 6671/231/621 4855/232/623
f 6670/230/664 4855/232/623 5312/233/666
f 6672/230/666 6673/231/623 4859/232/621
f 6672/230/666 4859/232/621 5308/233/664
f 6674/230/548 6675/231/548 6676/232/548
f 6674/230/548 6676/232/548 6677/233/548
f 6678/230/663 6628/231/624 4867/232/495
f 6678/230/663 4867/232/495 5300/233/494
f 6679/230/494 6680/231/495 4871/232/624
f 6679/230/494 4871/232/624 5296/233/663
f 6681/230/751 6682/231/751 6683/232/751
f 6681/230/751 6683/232/751 6684/233/751
f 6685/230/663 6682/231/624 4879/232/627
f 6685/230/663 4879/232/627 5288/233/494
f 6686/230/494 6687/231/627 4883/232/628
f 6686/230/494 4883/232/628 5284/233/661
f 6688/230/752 6689/231/752 6690/232/752
f 6688/230/752 6690/232/752 6691/233/752
f 6692/230/661 6693/231/628 4891/232/627
f 6692/230/661 4891/232/627 5276/233/659
f 6694/230/659 6695/231/627 4895/232/630
f 6694/230/659 4895/232/630 5272/233/661
f 6696/230/753 6697/231/753 6698/232/753
f 6696/230/753 6698/232/753 6699/233/753
f 6700/230/657 6701/231/630 4903/232/627
f 6700/230/657 4903/232/627 5264/233/659
f 6702/230/659 6703/231/627 4907/232/630
f 6702/230/659 4907/232/630 5260/233/657
f 6704/230/548 6705/231/548 6706/232/548
f 6704/230/548 6706/232/548 6707/233/548
f 6696/230/657 6708/231/630 4915/232/633
f 6696/230/657 4915/232/633 5252/233/655
f 6709/230/655 6710/231/633 4919/232/586
f 6709/230/655 4919/232/586 5248/233/654
f 6639/230/753 6711/231/753 6712/232/753
f 6639/230/753 6712/232/753 6713/233/753
f 6643/230/654 6714/231/586 4927/232/633
f 6643/230/654 4927/232/633 5240/233/655
f 6715/230/655 6716/231/633 4931/232/586
f 6715/230/655 4931/232/586 5236/233/654
f 6717/230/754 6718/231/754 6719/232/754
f 6717/230/754 6719/232/754 6720/233/754
f 6721/230/754 6722/231/754 6723/232/754
f 6721/230/754 6723/232/754 6724/233/754
f 6725/230/754 6726/231/754 6727/232/754
f 6725/230/754 6727/232/754 6713/233/754
f 6728/230/754 6729/231/754 6730/232/754
f 6728/230/754 6730/232/754 6669/233/754
f 6731/230/754 6732/231/754 6733/232/754
f 6731/230/754 6733/232/754 6734/233/754
f 6735/230/754 6736/231/754 6737/232/754
f 6735/230/754 6737/232/754 6738/233/754
f 6739/230/754 6740/231/754 6741/232/754
f 6739/230/754 6741/232/754 6742/233/754
f 6743/230/754 6744/231/754 6629/232/754
f 6743/230/754 6629/232/754 6745/233/754
f 6746/230/754 6747/231/754 6683/232/754
f 6746/230/754 6683/232/754 6748/233/754
f 6749/230/754 6750/231/754 6751/232/754
f 6749/230/754 6751/232/754 6752/233/754
f 6753/230/754 6754/231/754 6755/232/754
f 6753/230/754 6755/232/754 6756/233/754
f 6757/230/754 6758/231/754 6759/232/754
f 6757/230/754 6759/232/754 6699/233/754
f 6760/230/754 6761/231/754 6762/232/754
f 6760/230/754 6762/232/754 6646/233/754
f 6655/230/753 6763/231/753 6764/232/753
f 6655/230/753 6764/232/753 6734/233/753
f 6765/230/548 6766/231/548 6767/232/548
f 6765/230/548 6767/232/548 6768/233/548
f 6769/230/752 6770/231/752 6771/232/752
f 6769/230/752 6771/232/752 6772/233/752
f 6773/230/752 6774/231/752 6775/232/752
f 6773/230/752 6775/232/752 6776/233/752
f 6777/230/751 6671/231/751 6741/232/751
f 6777/230/751 6741/232/751 6778/233/751
f 6779/230/548 6780/231/548 6781/232/548
f 6779/230/548 6781/232/548 6782/233/548
f 6663/230/753 6783/231/753 6784/232/753
f 6663/230/753 6784/232/753 6738/233/753
f 6785/230/548 6786/231/548 6787/232/548
f 6785/230/548 6787/232/548 6788/233/548
f 6789/230/752 6790/231/752 6791/232/752
f 6789/230/752 6791/232/752 6792/233/752
f 6793/230/752 6794/231/752 6795/232/752
f 6793/230/752 6795/232/752 6796/233/752
f 6797/230/751 6664/231/751 6737/232/751
f 6797/230/751 6737/232/751 6798/233/751
f 6799/230/548 6800/231/548 6801/232/548
f 6799/230/548 6801/232/548 6802/233/548
f 6670/230/753 6803/231/753 6804/232/753
f 6670/230/753 6804/232/753 6742/233/753
f 6805/230/548 6806/231/548 6807/232/548
f 6805/230/548 6807/232/548 6808/233/548
f 6809/230/752 6810/231/752 6811/232/752
f 6809/230/752 6811/232/752 6812/233/752
f 6813/230/751 4577/231/751 6719/232/751
f 6813/230/751 6719/232/751 6814/233/751
f 6815/230/751 6656/231/751 6733/232/751
f 6815/230/751 6733/232/751 6816/233/751
f 6817/230/548 6818/231/548 6819/232/548
f 6817/230/548 6819/232/548 6820/233/548
f 6678/230/753 6821/231/753 6822/232/753
f 6678/230/753 6822/232/753 6745/233/753
f 6823/230/752 6824/231/752 6825/232/752
f 6823/230/752 6825/232/752 6826/233/752
f 6827/230/751 6714/231/751 6762/232/751
f 6827/230/751 6762/232/751 6828/233/751
f 4511/230/752 6829/231/752 6830/232/752
f 4511/230/752 6830/232/752 6831/233/752
f 6832/230/751 6648/231/751 6730/232/751
f 6832/230/751 6730/232/751 6833/233/751
f 6834/230/548 6835/231/548 6836/232/548
f 6834/230/548 6836/232/548 6837/233/548
f 6685/230/753 6838/231/753 6839/232/753
f 6685/230/753 6839/232/753 6748/233/753
f 6840/230/752 6841/231/752 6842/232/752
f 6840/230/752 6842/232/752 6843/233/752
f 6844/230/751 6708/231/751 6759/232/751
f 6844/230/751 6759/232/751 6845/233/751
f 6846/230/751 6640/231/751 6727/232/751
f 6846/230/751 6727/232/751 6847/233/751
f 6848/230/548 6849/231/548 6850/232/548
f 6848/230/548 6850/232/548 6851/233/548
f 6692/230/753 6852/231/753 6853/232/753
f 6692/230/753 6853/232/753 6752/233/753
f 6854/230/752 6855/231/752 6856/232/752
f 6854/230/752 6856/232/752 6857/233/752
f 6858/230/751 6701/231/751 6755/232/751
f 6858/230/751 6755/232/751 6859/233/751
f 4500/230/753 6860/231/753 6861/232/753
f 4500/230/753 6861/232/753 6720/233/753
f 6862/230/751 6632/231/751 6723/232/751
f 6862/230/751 6723/232/751 6863/233/751
f 6631/230/753 6864/231/753 6865/232/753
f 6631/230/753 6865/232/753 6724/233/753
f 6866/230/548 6867/231/548 6868/232/548
f 6866/230/548 6868/232/548 6869/233/548
f 6700/230/753 6870/231/753 6871/232/753
f 6700/230/753 6871/232/753 6756/233/753
f 6872/230/752 6873/231/752 6874/232/752
f 6872/230/752 6874/232/752 6875/233/752
f 6876/230/751 6693/231/751 6751/232/751
f 6876/230/751 6751/232/751 6877/233/751
f 6878/230/755 6879/231/755 6880/232/756
f 6878/230/755 6880/232/756 6881/233/756
f 6882/230/757 4473/231/758 6883/232/759
f 6882/230/757 6883/232/759 6884/233/760
f 6885/230/761 6886/231/546 6887/232/593
f 6885/230/761 6887/232/593 6888/233/594
f 6889/230/762 6890/231/763 6891/232/764
f 6889/230/762 6891/232/764 6892/233/765
f 6893/230/766 6890/231/767 6894/232/768
f 6893/230/766 6894/232/768 6895/233/769
f 6896/230/770 6897/231/765 6898/232/771
f 6896/230/770 6898/232/771 6899/233/772
f 6900/230/773 6901/231/773 6902/232/774
f 6900/230/773 6902/232/774 6903/233/774
f 6904/230/758 6886/231/775 6905/232/776
f 6904/230/758 6905/232/776 6906/233/759
f 6907/230/777 6908/231/777 6909/232/755
f 6907/230/777 6909/232/755 6910/233/755
f 6885/230/778 6911/231/757 6912/232/760
f 6885/230/778 6912/232/760 6913/233/779
f 6893/230/780 6914/231/781 6915/232/770
f 6893/230/780 6915/232/770 6916/233/782
f 6917/230/781 4636/231/762 6918/232/765
f 6917/230/781 6918/232/765 6919/233/770
f 6920/230/771 6921/231/783 6922/232/784
f 6920/230/771 6922/232/784 6923/233/785
f 6924/230/782 6925/231/770 6926/232/772
f 6924/230/782 6926/232/772 6927/233/786
f 6928/230/765 6929/231/764 6930/232/783
f 6928/230/765 6930/232/783 6931/233/771
f 6932/230/774 6933/231/774 6934/232/787
f 6932/230/774 6934/232/787 6935/233/787
f 6936/230/788 6937/231/788 6938/232/789
f 6936/230/788 6938/232/789 6939/233/789
f 6940/230/787 6941/231/787 6942/232/788
f 6940/230/787 6942/232/788 6943/233/788
f 6944/230/772 6945/231/771 6946/232/785
f 6944/230/772 6946/232/785 6947/233/790
f 6948/230/786 6949/231/772 6950/232/790
f 6948/230/786 6950/232/790 6951/233/791
f 6952/230/792 6953/231/793 6954/232/794
f 6952/230/792 6954/232/794 6955/233/795
f 6956/230/790 6957/231/785 6958/232/796
f 6956/230/790 6958/232/796 6959/233/793
f 6960/230/791 6961/231/790 6962/232/793
f 6960/230/791 6962/232/793 6963/233/792
f 6964/230/785 6965/231/784 6966/232/797
f 6964/230/785 6966/232/797 6967/233/796
f 6968/230/798 6969/231/799 6970/232/800
f 6968/230/798 6970/232/800 6971/233/801
f 6972/230/796 6973/231/797 6974/232/802
f 6972/230/796 6974/232/802 6975/233/803
f 6976/230/789 6977/231/789 6978/232/799
f 6976/230/789 6978/232/799 6979/233/798
f 6980/230/793 6981/231/796 6982/232/803
f 6980/230/793 6982/232/803 6983/233/794
f 6984/230/804 6985/231/805 6986/232/806
f 6984/230/804 6986/232/806 6987/233/807
f 6988/230/794 6989/231/803 6990/232/805
f 6988/230/794 6990/232/805 6991/233/804
f 6992/230/795 6993/231/794 6994/232/804
f 6992/230/795 6994/232/804 6995/233/808
f 6996/230/803 6997/231/802 6998/232/809
f 6996/230/803 6998/232/809 6999/233/805
f 7000/230/810 7001/231/807 7002/232/811
f 7000/230/810 7002/232/811 7003/233/812
f 7004/230/808 7005/231/804 7006/232/807
f 7004/230/808 7006/232/807 7007/233/810
f 7008/230/805 7009/231/809 7010/232/813
f 7008/230/805 7010/232/813 7011/233/806
f 7012/230/801 7013/231/800 7014/232/814
f 7012/230/801 7014/232/814 7015/233/814
f 7016/230/815 7017/231/812 7018/232/816
f 7016/230/815 7018/232/816 7019/233/817
f 7020/230/806 7021/231/813 7022/232/815
f 7020/230/806 7022/232/815 7023/233/818
f 7024/230/813 7025/231/810 7026/232/812
f 7024/230/813 7026/232/812 7027/233/815
f 7028/230/807 7029/231/806 7030/232/818
f 7028/230/807 7030/232/818 7031/233/811
f 7032/230/816 7033/231/819 7034/232/820
f 7032/230/816 7034/232/820 7035/233/821
f 7036/230/811 7037/231/818 7038/232/822
f 7036/230/811 7038/232/822 7039/233/819
f 7040/230/812 7041/231/811 7042/232/819
f 7040/230/812 7042/232/819 7043/233/816
f 7044/230/818 7045/231/815 7046/232/817
f 7044/230/818 7046/232/817 7047/233/822
f 7048/230/821 7049/231/820 7050/232/823
f 7048/230/821 7050/232/823 7051/233/824
f 7052/230/822 7053/231/817 7054/232/825
f 7052/230/822 7054/232/825 7055/233/826
f 7056/230/817 7057/231/816 7058/232/821
f 7056/230/817 7058/232/821 7059/233/825
f 7060/230/819 7061/231/822 7062/232/826
f 7060/230/819 7062/232/826 7063/233/820
f 7064/230/827 7065/231/824 7066/232/828
f 7064/230/827 7066/232/828 7067/233/829
f 7068/230/826 7069/231/825 7070/232/827
f 7068/230/826 7070/232/827 7071/233/830
f 7072/230/825 7073/231/821 7074/232/824
f 7072/230/825 7074/232/824 7075/233/827
f 7076/230/820 7077/231/826 7078/232/830
f 7076/230/820 7078/232/830 7079/233/823
f 7080/230/828 7081/231/831 7082/232/832
f 7080/230/828 7082/232/832 7083/233/833
f 7084/230/823 7085/231/830 7086/232/834
f 7084/230/823 7086/232/834 7087/233/831
f 7088/230/824 7089/231/823 7090/232/831
f 7088/230/824 7090/232/831 7091/233/828
f 7092/230/830 7093/231/827 7094/232/829
f 7092/230/830 7094/232/829 7095/233/834
f 7096/230/832 7097/231/835 7098/232/836
f 7096/230/832 7098/232/836 7083/233/833
f 7099/230/834 7100/231/829 7098/232/836
f 7099/230/834 7098/232/836 7101/233/835
f 7102/230/829 7103/231/828 7104/232/833
f 7102/230/829 7104/232/833 7105/233/836
f 7106/230/837 7107/231/837 7108/232/837
f 7106/230/837 7108/232/837 7109/233/837
f 7110/230/756 7111/231/756 7112/232/838
f 7110/230/756 7112/232/838 7113/233/838
f 7114/230/760 7115/231/759 7116/232/839
f 7114/230/760 7116/232/839 7117/233/840
f 7118/230/779 7119/231/760 7120/232/840
f 7118/230/779 7120/232/840 7121/233/841
f 7122/230/759 7123/231/776 7124/232/842
f 7122/230/759 7124/232/842 7125/233/839
f 7126/230/843 7127/231/844 7128/232/845
f 7126/230/843 7128/232/845 7129/233/846
f 7130/230/840 7131/231/839 7132/232/847
f 7130/230/840 7132/232/847 7133/233/844
f 7134/230/841 7135/231/840 7136/232/844
f 7134/230/841 7136/232/844 7137/233/843
f 7138/230/839 7139/231/842 7140/232/848
f 7138/230/839 7140/232/848 7141/233/847
f 7142/230/849 7143/231/849 7144/232/850
f 7142/230/849 7144/232/850 7145/233/851
f 7146/230/847 7147/231/848 7148/232/852
f 7146/230/847 7148/232/852 7149/233/853
f 7150/230/838 7151/231/838 7152/232/849
f 7150/230/838 7152/232/849 7153/233/849
f 7154/230/844 7155/231/847 7156/232/853
f 7154/230/844 7156/232/853 7157/233/845
f 7158/230/854 7159/231/855 7160/232/856
f 7158/230/854 7160/232/856 7161/233/857
f 7162/230/845 7163/231/853 7164/232/855
f 7162/230/845 7164/232/855 7165/233/854
f 7166/230/846 7167/231/845 7168/232/854
f 7166/230/846 7168/232/854 7169/233/858
f 7170/230/853 7171/231/852 7172/232/859
f 7170/230/853 7172/232/859 7173/233/855
f 7174/230/860 7175/231/857 7176/232/861
f 7174/230/860 7176/232/861 7177/233/862
f 7178/230/858 7179/231/854 7180/232/857
f 7178/230/858 7180/232/857 7181/233/860
f 7182/230/855 7183/231/859 7184/232/863
f 7182/230/855 7184/232/863 7185/233/856
f 7186/230/851 7187/231/850 7188/232/864
f 7186/230/851 7188/232/864 7189/233/865
f 7190/230/866 7191/231/862 7192/232/867
f 7190/230/866 7192/232/867 7193/233/868
f 7194/230/856 7195/231/863 7196/232/866
f 7194/230/856 7196/232/866 7197/233/869
f 7198/230/865 7199/231/864 7200/232/870
f 7198/230/865 7200/232/870 7201/233/870
f 7202/230/857 7203/231/856 7204/232/869
f 7202/230/857 7204/232/869 7205/233/861
f 7206/230/867 7207/231/871 7208/232/872
f 7206/230/867 7208/232/872 7209/233/873
f 7210/230/861 7211/231/869 7212/232/874
f 7210/230/861 7212/232/874 7213/233/871
f 7214/230/862 7215/231/861 7216/232/871
f 7214/230/862 7216/232/871 7217/233/867
f 7218/230/869 7219/231/866 7220/232/868
f 7218/230/869 7220/232/868 7221/233/874
f 7222/230/873 7223/231/872 7224/232/875
f 7222/230/873 7224/232/875 7225/233/876
f 7226/230/874 7227/231/868 7228/232/877
f 7226/230/874 7228/232/877 7229/233/878
f 7230/230/868 7231/231/867 7232/232/873
f 7230/230/868 7232/232/873 7233/233/877
f 7234/230/871 7235/231/874 7236/232/878
f 7234/230/871 7236/232/878 7237/233/872
f 7238/230/879 7239/231/876 7240/232/880
f 7238/230/879 7240/232/880 7241/233/881
f 7242/230/878 7243/231/877 7244/232/879
f 7242/230/878 7244/232/879 7245/233/882
f 7246/230/877 7247/231/873 7248/232/876
f 7246/230/877 7248/232/876 7249/233/879
f 7250/230/872 7251/231/878 7252/232/882
f 7250/230/872 7252/232/882 7253/233/875
f 7254/230/880 7255/231/883 7256/232/884
f 7254/230/880 7256/232/884 7257/233/885
f 7258/230/875 7259/231/882 7260/232/886
f 7258/230/875 7260/232/886 7261/233/883
f 7262/230/876 7263/231/875 7264/232/883
f 7262/230/876 7264/232/883 7265/233/880
f 7266/230/882 7267/231/879 7268/232/881
f 7266/230/882 7268/232/881 7269/233/886
f 7270/230/887 7271/231/888 7272/232/889
f 7270/230/887 7272/232/889 7273/233/890
f 7274/230/886 7275/231/881 7276/232/888
f 7274/230/886 7276/232/888 7277/233/887
f 7278/230/881 7279/231/880 7280/232/885
f 7278/230/881 7280/232/885 7281/233/888
f 7282/230/883 7283/231/886 7284/232/887
f 7282/230/883 7284/232/887 7285/233/884
f 7286/230/891 7287/231/890 7272/232/889
f 7286/230/891 7272/232/889 7288/233/892
f 7289/230/888 7290/231/885 7291/232/892
f 7289/230/888 7291/232/892 7292/233/889
f 7293/230/884 7294/231/887 7295/232/890
f 7293/230/884 7295/232/890 7296/233/891
f 7297/230/885 7298/231/884 7299/232/891
f 7297/230/885 7299/232/891 7288/233/892
f 7300/234/548 7301/235/548 7302/236/548
f 7301/235/548 7300/234/548 7303/237/548
f 7303/237/548 7300/234/548 7304/238/548
f 7303/237/548 7304/238/548 7305/239/548
f 7305/239/548 7304/238/548 7306/240/548
f 7305/239/548 7306/240/548 7307/241/548
f 7307/241/548 7306/240/548 7308/242/548
f 7307/241/548 7308/242/548 7309/243/548
f 7309/243/548 7308/242/548 7310/244/548
f 7309/243/548 7310/244/548 7311/245/548
f 7311/245/548 7310/244/548 7312/246/548
f 7311/245/548 7312/246/548 7313/247/548
f 7313/247/548 7312/246/548 7314/248/548
f 7313/247/548 7314/248/548 7315/249/548
f 7302/236/593 7316/250/525 7317/251/745
f 7316/250/525 7302/236/593 7318/252/523
f 7318/252/523 7302/236/593 7319/253/546
f 7318/252/523 7319/253/546 7320/254/546
f 7321/250/684 7322/254/761 7323/252/594
f 7322/254/761 7321/250/684 7324/253/547
f 7324/253/547 7321/250/684 7325/236/510
f 7325/236/510 7321/250/684 7326/251/511
f 7327/234/548 7328/235/548 7329/236/548
f 7328/235/548 7327/234/548 7330/237/548
f 7330/237/548 7327/234/548 7331/238/548
f 7330/237/548 7331/238/548 7332/239/548
f 7332/239/548 7331/238/548 7333/240/548
f 7332/239/548 7333/240/548 7334/241/548
f 7334/241/548 7333/240/548 7335/242/548
f 7334/241/548 7335/242/548 7336/243/548
f 7336/243/548 7335/242/548 7337/244/548
f 7336/243/548 7337/244/548 7338/245/548
f 7338/245/548 7337/244/548 7339/246/548
f 7338/245/548 7339/246/548 7340/247/548
f 7340/247/548 7339/246/548 7341/248/548
f 7340/247/548 7341/248/548 7342/249/548
f 7343/250/893 7344/254/766 7345/252/769
f 7344/254/766 7343/250/893 7346/253/893
f 7346/253/893 7343/250/893 7347/236/606
f 7347/236/606 7343/250/893 7348/251/579
f 7329/236/768 7349/250/738 7350/251/894
f 7349/250/738 7329/236/768 7351/252/605
f 7351/252/605 7329/236/768 7352/253/767
f 7351/252/605 7352/253/767 7353/254/894
# Vertices: 3051, normals: 416, texture coordinates: 25, faces: 1760

o obj7
v -0.19801229 0.56566093 -1.33708815
v -0.19801229 0.56566093 -1.30190356
v -0.19801229 0.74822824 -1.30190356
v -0.19801229 0.74822824 -1.33708815
v -0.19801229 0.56566093 -1.30190356
v 0.07435733 0.56566093 -1.30190356
v 0.07435733 0.74822824 -1.30190356
v -0.19801229 0.74822824 -1.30190356
v 0.07435733 0.56566093 -1.33708815
v 0.07435733 0.74822824 -1.33708815
v -0.19801229 0.56566093 -1.33708815
v -0.19801229 0.74822824 -1.33708815
v -0.19801229 0.56566093 -1.30190356
v -0.19801229 0.56566093 -1.33708815
v -0.19801229 0.74822824 -1.33708815
v -0.19801229 0.74822824 -1.30190356
v -0.19801229 2.32176526 -0.88396958
v -0.19801229 2.32104636 -0.91914668
v -0.19801229 2.52590128 -0.92333338
v -0.19801229 2.52662019 -0.88815629
v -0.19801229 2.32104636 -0.91914668
v 0.07435732 2.32104636 -0.91914668
v 0.07435732 2.52590128 -0.92333338
v -0.19801229 2.52590128 -0.92333338
v 0.07435732 2.32176526 -0.88396958
v 0.07435732 2.52662019 -0.88815629
v -0.19801229 2.32176526 -0.88396958
v -0.19801229 2.52662019 -0.88815629
v -0.19801229 2.32104636 -0.91914668
v -0.19801229 2.32176526 -0.88396958
v -0.19801229 2.52662019 -0.88815629
v -0.19801229 2.52590128 -0.92333338
v -0.19801229 2.31782514 -0.77452736
v -0.19801229 2.31782514 -0.80971181
v -0.19801229 2.54521758 -0.80971181
v -0.19801229 2.54521758 -0.77452736
v -0.19801229 2.31782514 -0.80971181
v 0.07435732 2.31782514 -0.80971181
v 0.07435732 2.54521758 -0.80971181
v -0.19801229 2.54521758 -0.80971181
v 0.07435732 2.31782514 -0.77452736
v 0.07435732 2.54521758 -0.77452736
v -0.19801229 2.31782514 -0.77452736
v -0.19801229 2.54521758 -0.77452736
v -0.19801229 2.31782514 -0.80971181
v -0.19801229 2.31782514 -0.77452736
v -0.19801229 2.54521758 -0.77452736
v -0.19801229 2.54521758 -0.80971181
v -0.19801229 2.32307974 -0.51740955
v -0.19801229 2.31590506 -0.55185471
v -0.19801229 2.47120816 -0.58420315
v -0.19801229 2.47838273 -0.54975798
v -0.19801229 2.31590506 -0.55185471
v 0.07435732 2.31590506 -0.55185471
v 0.07435732 2.47120816 -0.58420315
v -0.19801229 2.47120816 -0.58420315
v 0.07435732 2.32307974 -0.51740955
v 0.07435732 2.47838273 -0.54975798
v -0.19801229 2.32307974 -0.51740955
v -0.19801229 2.47838273 -0.54975798
v -0.19801229 2.31590506 -0.55185471
v -0.19801229 2.32307974 -0.51740955
v -0.19801229 2.47838273 -0.54975798
v -0.19801229 2.47120816 -0.58420315
v -0.19801255 2.31782587 -1.47053741
v -0.19801255 2.31782587 -1.50572185
v -0.19801255 2.53481704 -1.50572185
v -0.19801255 2.53481704 -1.47053741
v -0.19801255 2.31782587 -1.50572185
v 0.07435706 2.31782587 -1.50572185
v 0.07435706 2.53481704 -1.50572185
v -0.19801255 2.53481704 -1.50572185
v 0.07435706 2.31782587 -1.47053741
v 0.07435706 2.53481704 -1.47053741
v -0.19801255 2.31782587 -1.47053741
v -0.19801255 2.53481704 -1.47053741
v -0.19801255 2.31782587 -1.50572185
v -0.19801255 2.31782587 -1.47053741
v -0.19801255 2.53481704 -1.47053741
v -0.19801255 2.53481704 -1.50572185
v -0.19801229 2.31782587 -1.32531991
v -0.19801229 2.31782587 -1.36050435
v -0.19801229 2.54380316 -1.36050435
v -0.19801229 2.54380316 -1.32531991
v -0.19801229 2.31782587 -1.36050435
v 0.07435732 2.31782587 -1.36050435
v 0.07435732 2.54380316 -1.36050435
v -0.19801229 2.54380316 -1.36050435
v 0.07435732 2.31782587 -1.32531991
v 0.07435732 2.54380316 -1.32531991
v -0.19801229 2.31782587 -1.32531991
v -0.19801229 2.54380316 -1.32531991
v -0.19801229 2.31782587 -1.36050435
v -0.19801229 2.31782587 -1.32531991
v -0.19801229 2.54380316 -1.32531991
v -0.19801229 2.54380316 -1.36050435
v -0.19801229 2.31782546 -1.21640688
v -0.19801229 2.31782546 -1.25159132
v -0.19801229 2.52971351 -1.25159132
v -0.19801229 2.52971351 -1.21640688
v -0.19801229 2.31782546 -1.25159132
v 0.07435732 2.31782546 -1.25159132
v 0.07435732 2.52971351 -1.25159132
v -0.19801229 2.52971351 -1.25159132
v 0.07435732 2.31782546 -1.21640688
v 0.07435732 2.52971351 -1.21640688
v -0.19801229 2.31782546 -1.21640688
v -0.19801229 2.52971351 -1.21640688
v -0.19801229 2.31782546 -1.25159132
v -0.19801229 2.31782546 -1.21640688
v -0.19801229 2.52971351 -1.21640688
v -0.19801229 2.52971351 -1.25159132
v -0.19801229 2.31782587 -1.07118967
v -0.19801229 2.31782587 -1.10637411
v -0.19801229 2.55017687 -1.10637411
v -0.19801229 2.55017687 -1.07118967
v -0.19801229 2.31782587 -1.10637411
v 0.07435732 2.31782587 -1.10637411
v 0.07435732 2.55017687 -1.10637411
v -0.19801229 2.55017687 -1.10637411
v 0.07435732 2.31782587 -1.07118967
v 0.07435732 2.55017687 -1.07118967
v -0.19801229 2.31782587 -1.07118967
v -0.19801229 2.55017687 -1.07118967
v -0.19801229 2.31782587 -1.10637411
v -0.19801229 2.31782587 -1.07118967
v -0.19801229 2.55017687 -1.07118967
v -0.19801229 2.55017687 -1.10637411
v -0.19801229 2.31782514 -0.99858125
v -0.19801229 2.31782514 -1.03376569
v -0.19801229 2.51933698 -1.03376569
v -0.19801229 2.51933698 -0.99858125
v -0.19801229 2.31782514 -1.03376569
v 0.07435732 2.31782514 -1.03376569
v 0.07435732 2.51933698 -1.03376569
v -0.19801229 2.51933698 -1.03376569
v 0.07435732 2.31782514 -0.99858125
v 0.07435732 2.51933698 -0.99858125
v -0.19801229 2.31782514 -0.99858125
v -0.19801229 2.51933698 -0.99858125
v -0.19801229 2.31782514 -1.03376569
v -0.19801229 2.31782514 -0.99858125
v -0.19801229 2.51933698 -0.99858125
v -0.19801229 2.51933698 -1.03376569
v -0.19801229 2.32177064 -0.36408163
v -0.19801229 2.31947072 -0.39919082
v -0.19801229 2.50763872 -0.41151754
v -0.19801229 2.50993885 -0.37640835
v -0.19801229 2.31947072 -0.39919082
v 0.07435732 2.31947072 -0.39919082
v 0.07435732 2.50763872 -0.41151754
v -0.19801229 2.50763872 -0.41151754
v 0.07435732 2.32177064 -0.36408163
v 0.07435732 2.50993885 -0.37640835
v -0.19801229 2.32177064 -0.36408163
v -0.19801229 2.50993885 -0.37640835
v -0.19801229 2.31947072 -0.39919082
v -0.19801229 2.32177064 -0.36408163
v -0.19801229 2.50993885 -0.37640835
v -0.19801229 2.50763872 -0.41151754
v -0.19801229 2.31782577 -0.14447533
v -0.19801229 2.31782577 -0.17965992
v -0.19801229 2.52763895 -0.17965992
v -0.19801229 2.52763895 -0.14447533
v -0.19801229 2.31782577 -0.17965992
v 0.07435732 2.31782577 -0.17965992
v 0.07435732 2.52763895 -0.17965992
v -0.19801229 2.52763895 -0.17965992
v 0.07435732 2.31782577 -0.14447533
v 0.07435732 2.52763895 -0.14447533
v -0.19801229 2.31782577 -0.14447533
v -0.19801229 2.52763895 -0.14447533
v -0.19801229 2.31782577 -0.17965992
v -0.19801229 2.31782577 -0.14447533
v -0.19801229 2.52763895 -0.14447533
v -0.19801229 2.52763895 -0.17965992
v -0.19801229 2.31782566 -0.00704044
v -0.19801229 2.31782566 -0.04222503
v -0.19801229 2.54563932 -0.04222503
v -0.19801229 2.54563932 -0.00704044
v -0.19801229 2.31782566 -0.04222503
v 0.07435732 2.31782566 -0.04222503
v 0.07435732 2.54563932 -0.04222503
v -0.19801229 2.54563932 -0.04222503
v 0.07435732 2.31782566 -0.00704044
v 0.07435732 2.54563932 -0.00704044
v -0.19801229 2.31782566 -0.00704044
v -0.19801229 2.54563932 -0.00704044
v -0.19801229 2.31782566 -0.04222503
v -0.19801229 2.31782566 -0.00704044
v -0.19801229 2.54563932 -0.00704044
v -0.19801229 2.54563932 -0.04222503
v -0.19801229 2.31782546 0.19000398
v -0.19801229 2.31782546 0.15481939
v -0.19801229 2.56719925 0.15481939
v -0.19801229 2.56719925 0.19000398
v -0.19801229 2.31782546 0.15481939
v 0.07435732 2.31782546 0.15481939
v 0.07435732 2.56719925 0.15481939
v -0.19801229 2.56719925 0.15481939
v 0.07435732 2.31782546 0.19000398
v 0.07435732 2.56719925 0.19000398
v -0.19801229 2.31782546 0.19000398
v -0.19801229 2.56719925 0.19000398
v -0.19801229 2.31782546 0.15481939
v -0.19801229 2.31782546 0.19000398
v -0.19801229 2.56719925 0.19000398
v -0.19801229 2.56719925 0.15481939
v -0.19801229 2.31782556 0.29891665
v -0.19801229 2.31782556 0.26373206
v -0.19801229 2.52943021 0.26373206
v -0.19801229 2.52943021 0.29891665
v -0.19801229 2.31782556 0.26373206
v 0.07435732 2.31782556 0.26373206
v 0.07435732 2.52943021 0.26373206
v -0.19801229 2.52943021 0.26373206
v 0.07435732 2.31782556 0.29891665
v 0.07435732 2.52943021 0.29891665
v -0.19801229 2.31782556 0.29891665
v -0.19801229 2.52943021 0.29891665
v -0.19801229 2.31782556 0.26373206
v -0.19801229 2.31782556 0.29891665
v -0.19801229 2.52943021 0.29891665
v -0.19801229 2.52943021 0.26373206
v -0.19801229 2.31782556 0.37152511
v -0.19801229 2.31782556 0.33634052
v -0.19801229 2.55101332 0.33634052
v -0.19801229 2.55101332 0.37152511
v -0.19801229 2.31782556 0.33634052
v 0.07435732 2.31782556 0.33634052
v 0.07435732 2.55101332 0.33634052
v -0.19801229 2.55101332 0.33634052
v 0.07435732 2.31782556 0.37152511
v 0.07435732 2.55101332 0.37152511
v -0.19801229 2.31782556 0.37152511
v -0.19801229 2.55101332 0.37152511
v -0.19801229 2.31782556 0.33634052
v -0.19801229 2.31782556 0.37152511
v -0.19801229 2.55101332 0.37152511
v -0.19801229 2.55101332 0.33634052
v -0.19801229 2.31782566 0.69826334
v -0.19801229 2.31782566 0.66307875
v -0.19801229 2.54744383 0.66307875
v -0.19801229 2.54744383 0.69826334
v -0.19801229 2.31782566 0.66307875
v 0.07435732 2.31782566 0.66307875
v 0.07435732 2.54744383 0.66307875
v -0.19801229 2.54744383 0.66307875
v 0.07435732 2.31782566 0.69826334
v 0.07435732 2.54744383 0.69826334
v -0.19801229 2.31782566 0.69826334
v -0.19801229 2.54744383 0.69826334
v -0.19801229 2.31782566 0.66307875
v -0.19801229 2.31782566 0.69826334
v -0.19801229 2.54744383 0.69826334
v -0.19801229 2.54744383 0.66307875
v -0.19801229 2.31782566 0.73456744
v -0.19801229 2.31782566 0.69938285
v -0.19801229 2.53488678 0.69938285
v -0.19801229 2.53488678 0.73456744
v -0.19801229 2.31782566 0.69938285
v 0.07435732 2.31782566 0.69938285
v 0.07435732 2.53488678 0.69938285
v -0.19801229 2.53488678 0.69938285
v 0.07435732 2.31782566 0.73456744
v 0.07435732 2.53488678 0.73456744
v -0.19801229 2.31782566 0.73456744
v -0.19801229 2.53488678 0.73456744
v -0.19801229 2.31782566 0.69938285
v -0.19801229 2.31782566 0.73456744
v -0.19801229 2.53488678 0.73456744
v -0.19801229 2.53488678 0.69938285
v -0.19801229 2.31782628 0.93973516
v -0.19801229 2.31782628 0.90455064
v -0.19801229 2.54387724 0.90455064
v -0.19801229 2.54387724 0.93973516
v -0.19801229 2.31782628 0.90455064
v 0.07435732 2.31782628 0.90455064
v 0.07435732 2.54387724 0.90455064
v -0.19801229 2.54387724 0.90455064
v 0.07435732 2.31782628 0.93973516
v 0.07435732 2.54387724 0.93973516
v -0.19801229 2.31782628 0.93973516
v -0.19801229 2.54387724 0.93973516
v -0.19801229 2.31782628 0.90455064
v -0.19801229 2.31782628 0.93973516
v -0.19801229 2.03608031 0.26992989
v -0.19801229 2.02734728 0.30401332
v -0.19801229 2.22245342 0.35400444
v -0.19801229 2.23118645 0.319921
v -0.19801229 2.02734728 0.30401332
v 0.07435732 2.02734728 0.30401332
v 0.07435732 2.22245342 0.35400444
v -0.19801229 2.22245342 0.35400444
v 0.07435732 2.03608031 0.26992989
v 0.07435732 2.23118645 0.319921
v -0.19801229 2.03608031 0.26992989
v -0.19801229 2.23118645 0.319921
v -0.19801229 2.02734728 0.30401332
v -0.19801229 2.03608031 0.26992989
v -0.19801229 2.23118645 0.319921
v -0.19801229 2.22245342 0.35400444
v -0.19801229 2.02856211 0.12412875
v -0.19801229 2.02856211 0.15931319
v -0.19801229 2.23505983 0.15931319
v -0.19801229 2.23505983 0.12412875
v -0.19801229 2.02856211 0.15931319
v 0.07435732 2.02856211 0.15931319
v 0.07435732 2.23505983 0.15931319
v -0.19801229 2.23505983 0.15931319
v 0.07435732 2.02856211 0.12412875
v 0.07435732 2.23505983 0.12412875
v -0.19801229 2.02856211 0.12412875
v -0.19801229 2.23505983 0.12412875
v -0.19801229 2.02856211 0.15931319
v -0.19801229 2.02856211 0.12412875
v -0.19801229 2.23505983 0.12412875
v -0.19801229 2.23505983 0.15931319
v -0.19801229 2.0320033 0.01057141
v -0.19801229 2.03752184 0.04532039
v -0.19801229 2.2083347 0.01819351
v -0.19801229 2.20281616 -0.01655547
v -0.19801229 2.03752184 0.04532039
v 0.07435732 2.03752184 0.04532039
v 0.07435732 2.2083347 0.01819351
v -0.19801229 2.2083347 0.01819351
v 0.07435732 2.0320033 0.01057141
v 0.07435732 2.20281616 -0.01655547
v -0.19801229 2.0320033 0.01057141
v -0.19801229 2.20281616 -0.01655547
v -0.19801229 2.03752184 0.04532039
v -0.19801229 2.0320033 0.01057141
v -0.19801229 2.20281616 -0.01655547
v -0.19801229 2.2083347 0.01819351
v -0.19801229 2.03510738 -0.02612805
v -0.19801229 2.04729691 0.00687738
v -0.19801229 2.25744958 -0.07073657
v -0.19801229 2.24526005 -0.103742
v -0.19801229 2.04729691 0.00687738
v 0.07435732 2.04729691 0.00687738
v 0.07435732 2.25744958 -0.07073657
v -0.19801229 2.25744958 -0.07073657
v 0.07435732 2.03510738 -0.02612805
v 0.07435732 2.24526005 -0.103742
v -0.19801229 2.03510738 -0.02612805
v -0.19801229 2.24526005 -0.103742
v -0.19801229 2.04729691 0.00687738
v -0.19801229 2.03510738 -0.02612805
v -0.19801229 2.24526005 -0.103742
v -0.19801229 2.25744958 -0.07073657
v -0.19801229 2.04200797 -0.63912453
v -0.19801229 2.03281791 -0.6051614
v -0.19801229 2.23529098 -0.55037469
v -0.19801229 2.24448103 -0.58433782
v -0.19801229 2.03281791 -0.6051614
v 0.07435732 2.03281791 -0.6051614
v 0.07435732 2.23529098 -0.55037469
v -0.19801229 2.23529098 -0.55037469
v 0.07435732 2.04200797 -0.63912453
v 0.07435732 2.24448103 -0.58433782
v -0.19801229 2.04200797 -0.63912453
v -0.19801229 2.24448103 -0.58433782
v -0.19801229 2.03281791 -0.6051614
v -0.19801229 2.04200797 -0.63912453
v -0.19801229 2.24448103 -0.58433782
v -0.19801229 2.23529098 -0.55037469
v -0.19801229 2.0285617 0.74752964
v -0.19801229 2.0285617 0.78271409
v -0.19801229 2.25453898 0.78271409
v -0.19801229 2.25453898 0.74752964
v -0.19801229 2.0285617 0.78271409
v 0.07435732 2.0285617 0.78271409
v 0.07435732 2.25453898 0.78271409
v -0.19801229 2.25453898 0.78271409
v 0.07435732 2.0285617 0.74752964
v 0.07435732 2.25453898 0.74752964
v -0.19801229 2.0285617 0.74752964
v -0.19801229 2.25453898 0.74752964
v -0.19801229 2.0285617 0.78271409
v -0.19801229 2.0285617 0.74752964
v -0.19801229 2.25453898 0.74752964
v -0.19801229 2.25453898 0.78271409
v -0.19801229 2.02856201 0.67492108
v -0.19801229 2.02856201 0.71010552
v -0.19801229 2.18641108 0.71010552
v -0.19801229 2.18641108 0.67492108
v -0.19801229 2.02856201 0.71010552
v 0.07435732 2.02856201 0.71010552
v 0.07435732 2.18641108 0.71010552
v -0.19801229 2.18641108 0.71010552
v 0.07435732 2.02856201 0.67492108
v 0.07435732 2.18641108 0.67492108
v -0.19801229 2.02856201 0.67492108
v -0.19801229 2.18641108 0.67492108
v -0.19801229 2.02856201 0.71010552
v -0.19801229 2.02856201 0.67492108
v -0.19801229 2.18641108 0.67492108
v -0.19801229 2.18641108 0.71010552
v -0.19801229 2.02856211 0.63861676
v -0.19801229 2.02856211 0.6738012
v -0.19801229 2.24045017 0.6738012
v -0.19801229 2.24045017 0.63861676
v -0.19801229 2.02856211 0.6738012
v 0.07435732 2.02856211 0.6738012
v 0.07435732 2.24045017 0.6738012
v -0.19801229 2.24045017 0.6738012
v 0.07435732 2.02856211 0.63861676
v 0.07435732 2.24045017 0.63861676
v -0.19801229 2.02856211 0.63861676
v -0.19801229 2.24045017 0.63861676
v -0.19801229 2.02856211 0.6738012
v -0.19801229 2.02856211 0.63861676
v -0.19801229 2.24045017 0.63861676
v -0.19801229 2.24045017 0.6738012
v -0.19801229 2.02856222 0.42079105
v -0.19801229 2.02856222 0.4559755
v -0.19801229 2.23007415 0.4559755
v -0.19801229 2.23007415 0.42079105
v -0.19801229 2.02856222 0.4559755
v 0.07435732 2.02856222 0.4559755
v 0.07435732 2.23007415 0.4559755
v -0.19801229 2.23007415 0.4559755
v 0.07435732 2.02856222 0.42079105
v 0.07435732 2.23007415 0.42079105
v -0.19801229 2.02856222 0.42079105
v -0.19801229 2.23007415 0.42079105
v -0.19801229 2.02856222 0.4559755
v -0.19801229 2.02856222 0.42079105
v -0.19801229 2.23007415 0.42079105
v -0.19801229 2.23007415 0.4559755
v -0.19801229 2.02856232 -0.2517934
v -0.19801229 2.02856232 -0.21660896
v -0.19801229 2.27743077 -0.21660896
v -0.19801229 2.27743077 -0.2517934
v -0.19801229 2.02856232 -0.21660896
v 0.07435732 2.02856232 -0.21660896
v 0.07435732 2.27743077 -0.21660896
v -0.19801229 2.27743077 -0.21660896
v 0.07435732 2.02856232 -0.2517934
v 0.07435732 2.27743077 -0.2517934
v -0.19801229 2.02856232 -0.2517934
v -0.19801229 2.27743077 -0.2517934
v -0.19801229 2.02856232 -0.21660896
v -0.19801229 2.02856232 -0.2517934
v -0.19801229 2.27743077 -0.2517934
v -0.19801229 2.27743077 -0.21660896
v -0.19801229 2.02856191 -0.46961911
v -0.19801229 2.02856191 -0.43443452
v -0.19801229 2.25990429 -0.43443452
v -0.19801229 2.25990429 -0.46961911
v -0.19801229 2.02856191 -0.43443452
v 0.07435732 2.02856191 -0.43443452
v 0.07435732 2.25990429 -0.43443452
v -0.19801229 2.25990429 -0.43443452
v 0.07435732 2.02856191 -0.46961911
v 0.07435732 2.25990429 -0.46961911
v -0.19801229 2.02856191 -0.46961911
v -0.19801229 2.25990429 -0.46961911
v -0.19801229 2.02856191 -0.43443452
v -0.19801229 2.02856191 -0.46961911
v -0.19801229 2.25990429 -0.46961911
v -0.19801229 2.25990429 -0.43443452
v -0.19801229 2.03691613 -0.73581591
v -0.19801229 2.03261615 -0.70089504
v -0.19801229 2.23002097 -0.67658727
v -0.19801229 2.23432105 -0.71150814
v -0.19801229 2.03261615 -0.70089504
v 0.07435732 2.03261615 -0.70089504
v 0.07435732 2.23002097 -0.67658727
v -0.19801229 2.23002097 -0.67658727
v 0.07435732 2.03691613 -0.73581591
v 0.07435732 2.23432105 -0.71150814
v -0.19801229 2.03691613 -0.73581591
v -0.19801229 2.23432105 -0.71150814
v -0.19801229 2.03261615 -0.70089504
v -0.19801229 2.03691613 -0.73581591
v -0.19801229 2.23432105 -0.71150814
v -0.19801229 2.23002097 -0.67658727
v -0.19801229 2.02856211 -0.91301106
v -0.19801229 2.02856211 -0.87782643
v -0.19801229 2.25637784 -0.87782643
v -0.19801229 2.25637784 -0.91301106
v -0.19801229 2.02856211 -0.87782643
v 0.07435732 2.02856211 -0.87782643
v 0.07435732 2.25637784 -0.87782643
v -0.19801229 2.25637784 -0.87782643
v 0.07435732 2.02856211 -0.91301106
v 0.07435732 2.25637784 -0.91301106
v -0.19801229 2.02856211 -0.91301106
v -0.19801229 2.25637784 -0.91301106
v -0.19801229 2.02856211 -0.87782643
v -0.19801229 2.02856211 -0.91301106
v -0.19801229 2.25637784 -0.91301106
v -0.19801229 2.25637784 -0.87782643
v -0.19801229 2.02856232 -1.09453244
v -0.19801229 2.02856232 -1.05934785
v -0.19801229 2.25089789 -1.05934785
v -0.19801229 2.25089789 -1.09453244
v -0.19801229 2.02856232 -1.05934785
v 0.07435732 2.02856232 -1.05934785
v 0.07435732 2.25089789 -1.05934785
v -0.19801229 2.25089789 -1.05934785
v 0.07435732 2.02856232 -1.09453244
v 0.07435732 2.25089789 -1.09453244
v -0.19801229 2.02856232 -1.09453244
v -0.19801229 2.25089789 -1.09453244
v -0.19801229 2.02856232 -1.05934785
v -0.19801229 2.02856232 -1.09453244
v -0.19801229 2.25089789 -1.09453244
v -0.19801229 2.25089789 -1.05934785
v -0.19801229 1.74727833 -0.8644749
v -0.19801229 1.74293044 -0.89938967
v -0.19801229 1.94625754 -0.92471007
v -0.19801229 1.95060554 -0.88979531
v -0.19801229 1.74293044 -0.89938967
v 0.07435732 1.74293044 -0.89938967
v 0.07435732 1.94625754 -0.92471007
v -0.19801229 1.94625754 -0.92471007
v 0.07435732 1.74727833 -0.8644749
v 0.07435732 1.95060554 -0.88979531
v -0.19801229 1.74727833 -0.8644749
v -0.19801229 1.95060554 -0.88979531
v -0.19801229 1.74293044 -0.89938967
v -0.19801229 1.74727833 -0.8644749
v -0.19801229 1.95060554 -0.88979531
v -0.19801229 1.94625754 -0.92471007
v -0.19801229 1.74063322 -0.67854363
v -0.19801229 1.7372955 -0.71356939
v -0.19801229 1.94286199 -0.73315855
v -0.19801229 1.9461997 -0.69813279
v -0.19801229 1.7372955 -0.71356939
v 0.07435732 1.7372955 -0.71356939
v 0.07435732 1.94286199 -0.73315855
v -0.19801229 1.94286199 -0.73315855
v 0.07435732 1.74063322 -0.67854363
v 0.07435732 1.9461997 -0.69813279
v -0.19801229 1.74063322 -0.67854363
v -0.19801229 1.9461997 -0.69813279
v -0.19801229 1.7372955 -0.71356939
v -0.19801229 1.74063322 -0.67854363
v -0.19801229 1.9461997 -0.69813279
v -0.19801229 1.94286199 -0.73315855
v -0.19801229 1.74314173 -1.34174659
v -0.19801229 1.73950819 -1.37674286
v -0.19801229 1.94971446 -1.39856832
v -0.19801229 1.9533481 -1.36357205
v -0.19801229 1.73950819 -1.37674286
v 0.07435732 1.73950819 -1.37674286
v 0.07435732 1.94971446 -1.39856832
v -0.19801229 1.94971446 -1.39856832
v 0.07435732 1.74314173 -1.34174659
v 0.07435732 1.9533481 -1.36357205
v -0.19801229 1.74314173 -1.34174659
v -0.19801229 1.9533481 -1.36357205
v -0.19801229 1.73950819 -1.37674286
v -0.19801229 1.74314173 -1.34174659
v -0.19801229 1.9533481 -1.36357205
v -0.19801229 1.94971446 -1.39856832
v -0.19801229 1.74308389 -1.1613432
v -0.19801229 1.73945025 -1.19633954
v -0.19801229 1.92811252 -1.21592808
v -0.19801229 1.93174616 -1.18093174
v -0.19801229 1.73945025 -1.19633954
v 0.07435732 1.73945025 -1.19633954
v 0.07435732 1.92811252 -1.21592808
v -0.19801229 1.92811252 -1.21592808
v 0.07435732 1.74308389 -1.1613432
v 0.07435732 1.93174616 -1.18093174
v -0.19801229 1.74308389 -1.1613432
v -0.19801229 1.93174616 -1.18093174
v -0.19801229 1.73945025 -1.19633954
v -0.19801229 1.74308389 -1.1613432
v -0.19801229 1.93174616 -1.18093174
v -0.19801229 1.92811252 -1.21592808
v -0.19801229 1.73976645 -0.40803866
v -0.19801229 1.73911842 -0.44321718
v -0.19801229 1.96313796 -0.44734415
v -0.19801229 1.96378599 -0.41216564
v -0.19801229 1.73911842 -0.44321718
v 0.07435732 1.73911842 -0.44321718
v 0.07435732 1.96313796 -0.44734415
v -0.19801229 1.96313796 -0.44734415
v 0.07435732 1.73976645 -0.40803866
v 0.07435732 1.96378599 -0.41216564
v -0.19801229 1.73976645 -0.40803866
v -0.19801229 1.96378599 -0.41216564
v -0.19801229 1.73911842 -0.44321718
v -0.19801229 1.73976645 -0.40803866
v -0.19801229 1.96378599 -0.41216564
v -0.19801229 1.96313796 -0.44734415
v -0.19801229 1.73395033 -0.28969225
v -0.19801229 1.73395033 -0.32487669
v -0.19801229 1.96338081 -0.32487669
v -0.19801229 1.96338081 -0.28969225
v -0.19801229 1.73395033 -0.32487669
v 0.07435732 1.73395033 -0.32487669
v 0.07435732 1.96338081 -0.32487669
v -0.19801229 1.96338081 -0.32487669
v 0.07435732 1.73395033 -0.28969225
v 0.07435732 1.96338081 -0.28969225
v -0.19801229 1.73395033 -0.28969225
v -0.19801229 1.96338081 -0.28969225
v -0.19801229 1.73395033 -0.32487669
v -0.19801229 1.73395033 -0.28969225
v -0.19801229 1.96338081 -0.28969225
v -0.19801229 1.96338081 -0.32487669
v -0.19801229 1.73836009 0.0967853
v -0.19801229 1.74128818 0.06172275
v -0.19801229 1.97367529 0.0811297
v -0.19801229 1.97074721 0.11619225
v -0.19801229 1.74128818 0.06172275
v 0.07435732 1.74128818 0.06172275
v 0.07435732 1.97367529 0.0811297
v -0.19801229 1.97367529 0.0811297
v 0.07435732 1.73836009 0.0967853
v 0.07435732 1.97074721 0.11619225
v -0.19801229 1.73836009 0.0967853
v -0.19801229 1.97074721 0.11619225
v -0.19801229 1.74128818 0.06172275
v -0.19801229 1.73836009 0.0967853
v -0.19801229 1.97074721 0.11619225
v -0.19801229 1.97367529 0.0811297
v -0.19801229 1.73803344 0.24454801
v -0.19801229 1.74190444 0.209577
v -0.19801229 1.97012381 0.23483891
v -0.19801229 1.96625291 0.26980992
v -0.19801229 1.74190444 0.209577
v 0.07435732 1.74190444 0.209577
v 0.07435732 1.97012381 0.23483891
v -0.19801229 1.97012381 0.23483891
v 0.07435732 1.73803344 0.24454801
v 0.07435732 1.96625291 0.26980992
v -0.19801229 1.73803344 0.24454801
v -0.19801229 1.96625291 0.26980992
v -0.19801229 1.74190444 0.209577
v -0.19801229 1.73803344 0.24454801
v -0.19801229 1.96625291 0.26980992
v -0.19801229 1.97012381 0.23483891
v -0.19801229 1.7380442 0.35326367
v -0.19801229 1.7419152 0.3182927
v -0.19801229 1.9736874 0.34394794
v -0.19801229 1.9698164 0.3789189
v -0.19801229 1.7419152 0.3182927
v 0.07435732 1.7419152 0.3182927
v 0.07435732 1.9736874 0.34394794
v -0.19801229 1.9736874 0.34394794
v 0.07435732 1.7380442 0.35326367
v 0.07435732 1.9698164 0.3789189
v -0.19801229 1.7380442 0.35326367
v -0.19801229 1.9698164 0.3789189
v -0.19801229 1.7419152 0.3182927
v -0.19801229 1.7380442 0.35326367
v -0.19801229 1.9698164 0.3789189
v -0.19801229 1.9736874 0.34394794
v -0.19801229 1.73807762 0.64310637
v -0.19801229 1.74194862 0.6081354
v -0.19801229 1.98440818 0.63497363
v -0.19801229 1.98053728 0.66994459
v -0.19801229 1.74194862 0.6081354
v 0.07435732 1.74194862 0.6081354
v 0.07435732 1.98440818 0.63497363
v -0.19801229 1.98440818 0.63497363
v 0.07435732 1.73807762 0.64310637
v 0.07435732 1.98053728 0.66994459
v -0.19801229 1.73807762 0.64310637
v -0.19801229 1.98053728 0.66994459
v -0.19801229 1.74194862 0.6081354
v -0.19801229 1.73807762 0.64310637
v -0.19801229 1.98053728 0.66994459
v -0.19801229 1.98440818 0.63497363
v -0.19801229 1.73789096 0.7566063
v -0.19801229 1.74176196 0.72163534
v -0.19801229 1.9232209 0.74172129
v -0.19801229 1.9193499 0.77669226
v -0.19801229 1.74176196 0.72163534
v 0.07435732 1.74176196 0.72163534
v 0.07435732 1.9232209 0.74172129
v -0.19801229 1.9232209 0.74172129
v 0.07435732 1.73789096 0.7566063
v 0.07435732 1.9193499 0.77669226
v -0.19801229 1.73789096 0.7566063
v -0.19801229 1.9193499 0.77669226
v -0.19801229 1.74176196 0.72163534
v -0.19801229 1.73789096 0.7566063
v -0.19801229 1.9193499 0.77669226
v -0.19801229 1.9232209 0.74172129
v -0.19801229 1.74323454 0.79155095
v -0.19801229 1.74997858 0.75701893
v -0.19801229 1.95411481 0.79688625
v -0.19801229 1.94737077 0.83141827
v -0.19801229 1.74997858 0.75701893
v 0.07435732 1.74997858 0.75701893
v 0.07435732 1.95411481 0.79688625
v -0.19801229 1.95411481 0.79688625
v 0.07435732 1.74323454 0.79155095
v 0.07435732 1.94737077 0.83141827
v -0.19801229 1.74323454 0.79155095
v -0.19801229 1.94737077 0.83141827
v -0.19801229 1.74997858 0.75701893
v -0.19801229 1.74323454 0.79155095
v -0.19801229 1.94737077 0.83141827
v -0.19801229 1.95411481 0.79688625
v -0.19801229 1.44845245 -0.75514081
v -0.19801229 1.44773354 -0.79031791
v -0.19801229 1.65258837 -0.79450465
v -0.19801229 1.65330738 -0.75932751
v -0.19801229 1.44773354 -0.79031791
v 0.07435732 1.44773354 -0.79031791
v 0.07435732 1.65258837 -0.79450465
v -0.19801229 1.65258837 -0.79450465
v 0.07435732 1.44845245 -0.75514081
v 0.07435732 1.65330738 -0.75932751
v -0.19801229 1.44845245 -0.75514081
v -0.19801229 1.65330738 -0.75932751
v -0.19801229 1.44773354 -0.79031791
v -0.19801229 1.44845245 -0.75514081
v -0.19801229 1.65330738 -0.75932751
v -0.19801229 1.65258837 -0.79450465
v -0.19801229 1.44451306 -0.5730901
v -0.19801229 1.44451306 -0.60827454
v -0.19801229 1.65101077 -0.60827454
v -0.19801229 1.65101077 -0.5730901
v -0.19801229 1.44451306 -0.60827454
v 0.07435732 1.44451306 -0.60827454
v 0.07435732 1.65101077 -0.60827454
v -0.19801229 1.65101077 -0.60827454
v 0.07435732 1.44451306 -0.5730901
v 0.07435732 1.65101077 -0.5730901
v -0.19801229 1.44451306 -0.5730901
v -0.19801229 1.65101077 -0.5730901
v -0.19801229 1.44451306 -0.60827454
v -0.19801229 1.44451306 -0.5730901
v -0.19801229 1.65101077 -0.5730901
v -0.19801229 1.65101077 -0.60827454
v -0.19801229 1.45347273 -0.43240589
v -0.19801229 1.44795424 -0.46715486
v -0.19801229 1.6187671 -0.49428174
v -0.19801229 1.62428564 -0.45953276
v -0.19801229 1.44795424 -0.46715486
v 0.07435732 1.44795424 -0.46715486
v 0.07435732 1.6187671 -0.49428174
v -0.19801229 1.6187671 -0.49428174
v 0.07435732 1.45347273 -0.43240589
v 0.07435732 1.62428564 -0.45953276
v -0.19801229 1.45347273 -0.43240589
v -0.19801229 1.62428564 -0.45953276
v -0.19801229 1.44795424 -0.46715486
v -0.19801229 1.45347273 -0.43240589
v -0.19801229 1.62428564 -0.45953276
v -0.19801229 1.6187671 -0.49428174
v -0.19801229 1.44451326 -1.16018682
v -0.19801229 1.44451326 -1.19537126
v -0.19801229 1.69196791 -1.19537126
v -0.19801229 1.69196791 -1.16018682
v -0.19801229 1.44451326 -1.19537126
v 0.07435732 1.44451326 -1.19537126
v 0.07435732 1.69196791 -1.19537126
v -0.19801229 1.69196791 -1.19537126
v 0.07435732 1.44451326 -1.16018682
v 0.07435732 1.69196791 -1.16018682
v -0.19801229 1.44451326 -1.16018682
v -0.19801229 1.69196791 -1.16018682
v -0.19801229 1.44451326 -1.19537126
v -0.19801229 1.44451326 -1.16018682
v -0.19801229 1.69196791 -1.16018682
v -0.19801229 1.69196791 -1.19537126
v -0.19801229 1.44451316 -0.90605658
v -0.19801229 1.44451316 -0.94124102
v -0.19801229 1.63229511 -0.94124102
v -0.19801229 1.63229511 -0.90605658
v -0.19801229 1.44451316 -0.94124102
v 0.07435732 1.44451316 -0.94124102
v 0.07435732 1.63229511 -0.94124102
v -0.19801229 1.63229511 -0.94124102
v 0.07435732 1.44451316 -0.90605658
v 0.07435732 1.63229511 -0.90605658
v -0.19801229 1.44451316 -0.90605658
v -0.19801229 1.63229511 -0.90605658
v -0.19801229 1.44451316 -0.94124102
v -0.19801229 1.44451316 -0.90605658
v -0.19801229 1.63229511 -0.90605658
v -0.19801229 1.63229511 -0.94124102
v -0.19801229 1.43933901 -0.19793111
v -0.19801229 1.43933901 -0.23311555
v -0.19801229 1.68820742 -0.23311555
v -0.19801229 1.68820742 -0.19793111
v -0.19801229 1.43933901 -0.23311555
v 0.07435732 1.43933901 -0.23311555
v 0.07435732 1.68820742 -0.23311555
v -0.19801229 1.68820742 -0.23311555
v 0.07435732 1.43933901 -0.19793111
v 0.07435732 1.68820742 -0.19793111
v -0.19801229 1.43933901 -0.19793111
v -0.19801229 1.68820742 -0.19793111
v -0.19801229 1.43933901 -0.23311555
v -0.19801229 1.43933901 -0.19793111
v -0.19801229 1.68820742 -0.19793111
v -0.19801229 1.68820742 -0.23311555
v -0.19801229 1.43933875 -0.12532276
v -0.19801229 1.43933875 -0.1605072
v -0.19801229 1.67767857 -0.1605072
v -0.19801229 1.67767857 -0.12532276
v -0.19801229 1.43933875 -0.1605072
v 0.07435732 1.43933875 -0.1605072
v 0.07435732 1.67767857 -0.1605072
v -0.19801229 1.67767857 -0.1605072
v 0.07435732 1.43933875 -0.12532276
v 0.07435732 1.67767857 -0.12532276
v -0.19801229 1.43933875 -0.12532276
v -0.19801229 1.67767857 -0.12532276
v -0.19801229 1.43933875 -0.1605072
v -0.19801229 1.43933875 -0.12532276
v -0.19801229 1.67767857 -0.12532276
v -0.19801229 1.67767857 -0.1605072
v -0.19801229 1.4393386 0.01989445
v -0.19801229 1.4393386 -0.01529014
v -0.19801229 1.67068093 -0.01529014
v -0.19801229 1.67068093 0.01989445
v -0.19801229 1.4393386 -0.01529014
v 0.07435732 1.4393386 -0.01529014
v 0.07435732 1.67068093 -0.01529014
v -0.19801229 1.67068093 -0.01529014
v 0.07435732 1.4393386 0.01989445
v 0.07435732 1.67068093 0.01989445
v -0.19801229 1.4393386 0.01989445
v -0.19801229 1.67068093 0.01989445
v -0.19801229 1.4393386 -0.01529014
v -0.19801229 1.4393386 0.01989445
v -0.19801229 1.67068093 0.01989445
v -0.19801229 1.67068093 -0.01529014
v -0.19801229 1.45002699 0.06011187
v -0.19801229 1.45002699 0.02492728
v -0.19801229 1.63248032 0.02492728
v -0.19801229 1.63248032 0.06011187
v -0.19801229 1.45002699 0.02492728
v 0.07435732 1.45002699 0.02492728
v 0.07435732 1.63248032 0.02492728
v -0.19801229 1.63248032 0.02492728
v 0.07435732 1.45002699 0.06011187
v 0.07435732 1.63248032 0.06011187
v -0.19801229 1.45002699 0.06011187
v -0.19801229 1.63248032 0.06011187
v -0.19801229 1.45002699 0.02492728
v -0.19801229 1.45002699 0.06011187
v -0.19801229 1.63248032 0.06011187
v -0.19801229 1.63248032 0.02492728
v -0.19801229 1.45002736 0.09641604
v -0.19801229 1.45002736 0.06123145
v -0.19801229 1.6579426 0.06123145
v -0.19801229 1.6579426 0.09641604
v -0.19801229 1.45002736 0.06123145
v 0.07435732 1.45002736 0.06123145
v 0.07435732 1.6579426 0.06123145
v -0.19801229 1.6579426 0.06123145
v 0.07435732 1.45002736 0.09641604
v 0.07435732 1.6579426 0.09641604
v -0.19801229 1.45002736 0.09641604
v -0.19801229 1.6579426 0.09641604
v -0.19801229 1.45002736 0.06123145
v -0.19801229 1.45002736 0.09641604
v -0.19801229 1.6579426 0.09641604
v -0.19801229 1.6579426 0.06123145
v -0.19801229 1.44814644 0.19510167
v -0.19801229 1.45664112 0.16095792
v -0.19801229 1.67593408 0.21551627
v -0.19801229 1.66743944 0.24966002
v -0.19801229 1.45664112 0.16095792
v 0.07435732 1.45664112 0.16095792
v 0.07435732 1.67593408 0.21551627
v -0.19801229 1.67593408 0.21551627
v 0.07435732 1.44814644 0.19510167
v 0.07435732 1.66743944 0.24966002
v -0.19801229 1.44814644 0.19510167
v -0.19801229 1.66743944 0.24966002
v -0.19801229 1.45664112 0.16095792
v -0.19801229 1.44814644 0.19510167
v -0.19801229 1.66743944 0.24966002
v -0.19801229 1.67593408 0.21551627
v -0.19801229 1.4491981 0.21319872
v -0.19801229 1.46488795 0.18170608
v -0.19801229 1.67361429 0.28569509
v -0.19801229 1.65792449 0.31718769
v -0.19801229 1.46488795 0.18170608
v 0.07435732 1.46488795 0.18170608
v 0.07435732 1.67361429 0.28569509
v -0.19801229 1.67361429 0.28569509
v 0.07435732 1.4491981 0.21319872
v 0.07435732 1.65792449 0.31718769
v -0.19801229 1.4491981 0.21319872
v -0.19801229 1.65792449 0.31718769
v -0.19801229 1.46488795 0.18170608
v -0.19801229 1.4491981 0.21319872
v -0.19801229 1.65792449 0.31718769
v -0.19801229 1.67361429 0.28569509
v -0.19801229 1.44530294 0.25214677
v -0.19801229 1.46645929 0.22403332
v -0.19801229 1.62538232 0.34362852
v -0.19801229 1.60422602 0.371742
v -0.19801229 1.46645929 0.22403332
v 0.07435732 1.46645929 0.22403332
v 0.07435732 1.62538232 0.34362852
v -0.19801229 1.62538232 0.34362852
v 0.07435732 1.44530294 0.25214677
v 0.07435732 1.60422602 0.371742
v -0.19801229 1.44530294 0.25214677
v -0.19801229 1.60422602 0.371742
v -0.19801229 1.46645929 0.22403332
v -0.19801229 1.44530294 0.25214677
v -0.19801229 1.60422602 0.371742
v -0.19801229 1.62538232 0.34362852
v -0.19801229 1.44821597 0.59846332
v -0.19801229 1.48340055 0.59846332
v -0.19801229 1.48340055 0.82627899
v -0.19801229 1.44821597 0.82627899
v -0.19801229 1.48340055 0.59846332
v 0.07435732 1.48340055 0.59846332
v 0.07435732 1.48340055 0.82627899
v -0.19801229 1.48340055 0.82627899
v 0.07435732 1.44821597 0.59846332
v 0.07435732 1.44821597 0.82627899
v -0.19801229 1.44821597 0.59846332
v -0.19801229 1.44821597 0.82627899
v -0.19801229 1.48340055 0.59846332
v -0.19801229 1.44821597 0.59846332
v -0.19801229 1.44821597 0.82627899
v -0.19801229 1.48340055 0.82627899
v -0.19801229 1.43933844 0.87353807
v -0.19801229 1.43933844 0.83835348
v -0.19801229 1.6725261 0.83835348
v -0.19801229 1.6725261 0.87353807
v -0.19801229 1.43933844 0.83835348
v 0.07435732 1.43933844 0.83835348
v 0.07435732 1.6725261 0.83835348
v -0.19801229 1.6725261 0.83835348
v 0.07435732 1.43933844 0.87353807
v 0.07435732 1.6725261 0.87353807
v -0.19801229 1.43933844 0.87353807
v -0.19801229 1.6725261 0.87353807
v -0.19801229 1.43933844 0.83835348
v -0.19801229 1.43933844 0.87353807
v -0.19801229 1.6725261 0.87353807
v -0.19801229 1.6725261 0.83835348
v -0.19801229 0.85011533 -0.84713579
v -0.19801229 0.85011533 -0.88232023
v -0.19801229 1.05152412 -0.88232023
v -0.19801229 1.05152412 -0.84713579
v -0.19801229 0.85011533 -0.88232023
v 0.07435732 0.85011533 -0.88232023
v 0.07435732 1.05152412 -0.88232023
v -0.19801229 1.05152412 -0.88232023
v 0.07435732 0.85011533 -0.84713579
v 0.07435732 1.05152412 -0.84713579
v -0.19801229 0.85011533 -0.84713579
v -0.19801229 1.05152412 -0.84713579
v -0.19801229 0.85011533 -0.88232023
v -0.19801229 0.85011533 -0.84713579
v -0.19801229 1.05152412 -0.84713579
v -0.19801229 1.05152412 -0.88232023
v -0.19801229 0.85011545 -1.21640688
v -0.19801229 0.85011545 -1.25159132
v -0.19801229 1.0620034 -1.25159132
v -0.19801229 1.0620034 -1.21640688
v -0.19801229 0.85011545 -1.25159132
v 0.07435732 0.85011545 -1.25159132
v 0.07435732 1.0620034 -1.25159132
v -0.19801229 1.0620034 -1.25159132
v 0.07435732 0.85011545 -1.21640688
v 0.07435732 1.0620034 -1.21640688
v -0.19801229 0.85011545 -1.21640688
v -0.19801229 1.0620034 -1.21640688
v -0.19801229 0.85011545 -1.25159132
v -0.19801229 0.85011545 -1.21640688
v -0.19801229 1.0620034 -1.21640688
v -0.19801229 1.0620034 -1.25159132
v -0.19801229 0.85011551 -1.03488535
v -0.19801229 0.85011551 -1.07006979
v -0.19801229 1.03789745 -1.07006979
v -0.19801229 1.03789745 -1.03488535
v -0.19801229 0.85011551 -1.07006979
v 0.07435732 0.85011551 -1.07006979
v 0.07435732 1.03789745 -1.07006979
v -0.19801229 1.03789745 -1.07006979
v 0.07435732 0.85011551 -1.03488535
v 0.07435732 1.03789745 -1.03488535
v -0.19801229 0.85011551 -1.03488535
v -0.19801229 1.03789745 -1.03488535
v -0.19801229 0.85011551 -1.07006979
v -0.19801229 0.85011551 -1.03488535
v -0.19801229 1.03789745 -1.03488535
v -0.19801229 1.03789745 -1.07006979
v -0.19801229 0.85011584 -0.44023044
v -0.19801229 0.85011584 -0.47541488
v -0.19801229 1.06180684 -0.47541488
v -0.19801229 1.06180684 -0.44023044
v -0.19801229 0.85011584 -0.47541488
v 0.07435732 0.85011584 -0.47541488
v 0.07435732 1.06180684 -0.47541488
v -0.19801229 1.06180684 -0.47541488
v 0.07435732 0.85011584 -0.44023044
v 0.07435732 1.06180684 -0.44023044
v -0.19801229 0.85011584 -0.44023044
v -0.19801229 1.06180684 -0.44023044
v -0.19801229 0.85011584 -0.47541488
v -0.19801229 0.85011584 -0.44023044
v -0.19801229 1.06180684 -0.44023044
v -0.19801229 1.06180684 -0.47541488
v -0.19801229 0.85011571 -0.18077965
v -0.19801229 0.85011571 -0.21596424
v -0.19801229 1.07426055 -0.21596424
v -0.19801229 1.07426055 -0.18077965
v -0.19801229 0.85011571 -0.21596424
v 0.07435732 0.85011571 -0.21596424
v 0.07435732 1.07426055 -0.21596424
v -0.19801229 1.07426055 -0.21596424
v 0.07435732 0.85011571 -0.18077965
v 0.07435732 1.07426055 -0.18077965
v -0.19801229 0.85011571 -0.18077965
v -0.19801229 1.07426055 -0.18077965
v -0.19801229 0.85011571 -0.21596424
v -0.19801229 0.85011571 -0.18077965
v -0.19801229 1.07426055 -0.18077965
v -0.19801229 1.07426055 -0.21596424
v -0.19801229 0.85011523 -0.10817101
v -0.19801229 0.85011523 -0.1433556
v -0.19801229 1.08145752 -0.1433556
v -0.19801229 1.08145752 -0.10817101
v -0.19801229 0.85011523 -0.1433556
v 0.07435732 0.85011523 -0.1433556
v 0.07435732 1.08145752 -0.1433556
v -0.19801229 1.08145752 -0.1433556
v 0.07435732 0.85011523 -0.10817101
v 0.07435732 1.08145752 -0.10817101
v -0.19801229 0.85011523 -0.10817101
v -0.19801229 1.08145752 -0.10817101
v -0.19801229 0.85011523 -0.1433556
v -0.19801229 0.85011523 -0.10817101
v -0.19801229 1.08145752 -0.10817101
v -0.19801229 1.08145752 -0.1433556
v -0.19801229 0.85011567 -0.14447533
v -0.19801229 0.85011567 -0.17965992
v -0.19801229 1.05992884 -0.17965992
v -0.19801229 1.05992884 -0.14447533
v -0.19801229 0.85011567 -0.17965992
v 0.07435732 0.85011567 -0.17965992
v 0.07435732 1.05992884 -0.17965992
v -0.19801229 1.05992884 -0.17965992
v 0.07435732 0.85011567 -0.14447533
v 0.07435732 1.05992884 -0.14447533
v -0.19801229 0.85011567 -0.14447533
v -0.19801229 1.05992884 -0.14447533
v -0.19801229 0.85011567 -0.17965992
v -0.19801229 0.85011567 -0.14447533
v -0.19801229 1.05992884 -0.14447533
v -0.19801229 1.05992884 -0.17965992
v -0.19801229 0.85416938 0.13371812
v -0.19801229 0.85846942 0.09879729
v -0.19801229 1.05587429 0.1231051
v -0.19801229 1.05157425 0.15802594
v -0.19801229 0.85846942 0.09879729
v 0.07435732 0.85846942 0.09879729
v 0.07435732 1.05587429 0.1231051
v -0.19801229 1.05587429 0.1231051
v 0.07435732 0.85416938 0.13371812
v 0.07435732 1.05157425 0.15802594
v -0.19801229 0.85416938 0.13371812
v -0.19801229 1.05157425 0.15802594
v -0.19801229 0.85846942 0.09879729
v -0.19801229 0.85416938 0.13371812
v -0.19801229 1.05157425 0.15802594
v -0.19801229 1.05587429 0.1231051
v -0.19801229 0.85011541 0.33522094
v -0.19801229 0.85011541 0.30003638
v -0.19801229 1.07793113 0.30003638
v -0.19801229 1.07793113 0.33522094
v -0.19801229 0.85011541 0.30003638
v 0.07435732 0.85011541 0.30003638
v 0.07435732 1.07793113 0.30003638
v -0.19801229 1.07793113 0.30003638
v 0.07435732 0.85011541 0.33522094
v 0.07435732 1.07793113 0.33522094
v -0.19801229 0.85011541 0.33522094
v -0.19801229 1.07793113 0.33522094
v -0.19801229 0.85011541 0.30003638
v -0.19801229 0.85011541 0.33522094
v -0.19801229 1.07793113 0.33522094
v -0.19801229 1.07793113 0.30003638
v -0.19801229 0.85011542 0.44413361
v -0.19801229 0.85011542 0.40894902
v -0.19801229 1.07969174 0.40894902
v -0.19801229 1.07969174 0.44413361
v -0.19801229 0.85011542 0.40894902
v 0.07435732 0.85011542 0.40894902
v 0.07435732 1.07969174 0.40894902
v -0.19801229 1.07969174 0.40894902
v 0.07435732 0.85011542 0.44413361
v 0.07435732 1.07969174 0.44413361
v -0.19801229 0.85011542 0.44413361
v -0.19801229 1.07969174 0.44413361
v -0.19801229 0.85011542 0.40894902
v -0.19801229 0.85011542 0.44413361
v -0.19801229 1.07969174 0.44413361
v -0.19801229 1.07969174 0.40894902
v -0.19801229 0.85011522 0.69826334
v -0.19801229 0.85011522 0.66307875
v -0.19801229 1.07973333 0.66307875
v -0.19801229 1.07973333 0.69826334
v -0.19801229 0.85011522 0.66307875
v 0.07435732 0.85011522 0.66307875
v 0.07435732 1.07973333 0.66307875
v -0.19801229 1.07973333 0.66307875
v 0.07435732 0.85011522 0.69826334
v 0.07435732 1.07973333 0.69826334
v -0.19801229 0.85011522 0.69826334
v -0.19801229 1.07973333 0.69826334
v -0.19801229 0.85011522 0.66307875
v -0.19801229 0.85011522 0.69826334
v -0.19801229 1.07973333 0.69826334
v -0.19801229 1.07973333 0.66307875
v -0.19801229 0.8501154 0.77208311
v -0.19801229 0.8501154 0.73689852
v -0.19801229 1.03268269 0.73689852
v -0.19801229 1.03268269 0.77208311
v -0.19801229 0.8501154 0.73689852
v 0.07435732 0.8501154 0.73689852
v 0.07435732 1.03268269 0.73689852
v -0.19801229 1.03268269 0.73689852
v 0.07435732 0.8501154 0.77208311
v 0.07435732 1.03268269 0.77208311
v -0.19801229 0.8501154 0.77208311
v -0.19801229 1.03268269 0.77208311
v -0.19801229 0.8501154 0.73689852
v -0.19801229 0.8501154 0.77208311
v -0.19801229 1.03268269 0.77208311
v -0.19801229 1.03268269 0.73689852
v -0.19801229 0.85236062 0.84418685
v -0.19801229 0.85698066 0.80930706
v -0.19801229 1.0756056 0.83826536
v -0.19801229 1.07098559 0.87314515
v -0.19801229 0.85698066 0.80930706
v 0.07435732 0.85698066 0.80930706
v 0.07435732 1.0756056 0.83826536
v -0.19801229 1.0756056 0.83826536
v 0.07435732 0.85236062 0.84418685
v 0.07435732 1.07098559 0.87314515
v -0.19801229 0.85236062 0.84418685
v -0.19801229 1.07098559 0.87314515
v -0.19801229 0.85698066 0.80930706
v -0.19801229 0.85236062 0.84418685
v -0.19801229 1.07098559 0.87314515
v -0.19801229 1.0756056 0.83826536
v -0.19801229 1.15072561 -1.31751429
v -0.19801229 1.15458947 -1.28254245
v -0.19801229 1.33605255 -1.30259161
v -0.19801229 1.33218869 -1.33756345
v -0.19801229 1.15458947 -1.28254245
v 0.07435733 1.15458947 -1.28254245
v 0.07435733 1.33605255 -1.30259161
v -0.19801229 1.33605255 -1.30259161
v 0.07435733 1.15072561 -1.31751429
v 0.07435733 1.33218869 -1.33756345
v -0.19801229 1.15072561 -1.31751429
v -0.19801229 1.33218869 -1.33756345
v -0.19801229 1.15458947 -1.28254245
v -0.19801229 1.15072561 -1.31751429
v -0.19801229 1.33218869 -1.33756345
v -0.19801229 1.33605255 -1.30259161
v -0.19801229 1.15075955 -1.02417541
v -0.19801229 1.15462341 -0.98920364
v -0.19801229 1.36669223 -1.01263424
v -0.19801229 1.36282837 -1.04760608
v -0.19801229 1.15462341 -0.98920364
v 0.07435733 1.15462341 -0.98920364
v 0.07435733 1.36669223 -1.01263424
v -0.19801229 1.36669223 -1.01263424
v 0.07435733 1.15075955 -1.02417541
v 0.07435733 1.36282837 -1.04760608
v -0.19801229 1.15075955 -1.02417541
v -0.19801229 1.36282837 -1.04760608
v -0.19801229 1.15462341 -0.98920364
v -0.19801229 1.15075955 -1.02417541
v -0.19801229 1.36282837 -1.04760608
v -0.19801229 1.36669223 -1.01263424
v -0.19801229 1.15079758 -0.91417165
v -0.19801229 1.15466149 -0.87919996
v -0.19801229 1.38643881 -0.90480808
v -0.19801229 1.3825749 -0.93977984
v -0.19801229 1.15466149 -0.87919996
v 0.07435733 1.15466149 -0.87919996
v 0.07435733 1.38643881 -0.90480808
v -0.19801229 1.38643881 -0.90480808
v 0.07435733 1.15079758 -0.91417165
v 0.07435733 1.3825749 -0.93977984
v -0.19801229 1.15079758 -0.91417165
v -0.19801229 1.3825749 -0.93977984
v -0.19801229 1.15466149 -0.87919996
v -0.19801229 1.15079758 -0.91417165
v -0.19801229 1.3825749 -0.93977984
v -0.19801229 1.38643881 -0.90480808
v -0.19801229 1.15059302 -0.77213826
v -0.19801229 1.15445693 -0.7371665
v -0.19801229 1.32871149 -0.75641923
v -0.19801229 1.32484763 -0.791391
v -0.19801229 1.15445693 -0.7371665
v 0.07435733 1.15445693 -0.7371665
v 0.07435733 1.32871149 -0.75641923
v -0.19801229 1.32871149 -0.75641923
v 0.07435733 1.15059302 -0.77213826
v 0.07435733 1.32484763 -0.791391
v -0.19801229 1.15059302 -0.77213826
v -0.19801229 1.32484763 -0.791391
v -0.19801229 1.15445693 -0.7371665
v -0.19801229 1.15059302 -0.77213826
v -0.19801229 1.32484763 -0.791391
v -0.19801229 1.32871149 -0.75641923
v -0.19801229 1.14663034 -0.55386836
v -0.19801229 1.14662315 -0.51868375
v -0.19801229 1.37443671 -0.51863747
v -0.19801229 1.3744439 -0.55382206
v -0.19801229 1.14662315 -0.51868375
v 0.07435733 1.14662315 -0.51868375
v 0.07435733 1.37443671 -0.51863747
v -0.19801229 1.37443671 -0.51863747
v 0.07435733 1.14663034 -0.55386836
v 0.07435733 1.3744439 -0.55382206
v -0.19801229 1.14663034 -0.55386836
v -0.19801229 1.3744439 -0.55382206
v -0.19801229 1.14662315 -0.51868375
v -0.19801229 1.14663034 -0.55386836
v -0.19801229 1.3744439 -0.55382206
v -0.19801229 1.37443671 -0.51863747
v -0.19801229 1.14658047 -0.30752048
v -0.19801229 1.14657333 -0.27233603
v -0.19801229 1.3849132 -0.27228765
v -0.19801229 1.38492034 -0.30747211
v 0.07435733 1.14657333 -0.27233603
v 0.07435733 1.3849132 -0.27228765
v 0.07435733 1.14658047 -0.30752048
v 0.07435733 1.38492034 -0.30747211
v -0.19801229 1.14658047 -0.30752048
v -0.19801229 1.38492034 -0.30747211
v -0.19801229 1.14657333 -0.27233603
v -0.19801229 1.14658047 -0.30752048
v -0.19801229 1.38492034 -0.30747211
v -0.19801229 1.3849132 -0.27228765
v -0.19801229 1.15430886 -0.11586166
v -0.19801229 1.15245107 -0.0807263
v -0.19801229 1.36384677 -0.06954867
v -0.19801229 1.36570456 -0.10468403
v -0.19801229 1.15245107 -0.0807263
v 0.07435733 1.15245107 -0.0807263
v 0.07435733 1.36384677 -0.06954867
v -0.19801229 1.36384677 -0.06954867
v 0.07435733 1.15430886 -0.11586166
v 0.07435733 1.36570456 -0.10468403
v -0.19801229 1.15430886 -0.11586166
v -0.19801229 1.36570456 -0.10468403
v -0.19801229 1.15245107 -0.0807263
v -0.19801229 1.15430886 -0.11586166
v -0.19801229 1.36570456 -0.10468403
v -0.19801229 1.36384677 -0.06954867
v -0.19801229 1.15437705 0.04365225
v -0.19801229 1.15034717 0.07860511
v -0.19801229 1.37806973 0.10486024
v -0.19801229 1.38209956 0.06990737
v -0.19801229 1.15034717 0.07860511
v 0.07435733 1.15034717 0.07860511
v 0.07435733 1.37806973 0.10486024
v -0.19801229 1.37806973 0.10486024
v 0.07435733 1.15437705 0.04365225
v 0.07435733 1.38209956 0.06990737
v -0.19801229 1.15437705 0.04365225
v -0.19801229 1.38209956 0.06990737
v -0.19801229 1.15034717 0.07860511
v -0.19801229 1.15437705 0.04365225
v -0.19801229 1.38209956 0.06990737
v -0.19801229 1.37806973 0.10486024
v -0.19801229 1.15564052 0.230472
v -0.19801229 1.15199979 0.26546758
v -0.19801229 1.35401945 0.28648447
v -0.19801229 1.35766018 0.25148889
v -0.19801229 1.15199979 0.26546758
v 0.07435733 1.15199979 0.26546758
v 0.07435733 1.35401945 0.28648447
v -0.19801229 1.35401945 0.28648447
v 0.07435733 1.15564052 0.230472
v 0.07435733 1.35766018 0.25148889
v -0.19801229 1.15564052 0.230472
v -0.19801229 1.35766018 0.25148889
v -0.19801229 1.15199979 0.26546758
v -0.19801229 1.15564052 0.230472
v -0.19801229 1.35766018 0.25148889
v -0.19801229 1.35401945 0.28648447
v -0.19801229 1.15566369 0.34471866
v -0.19801229 1.15202297 0.37971428
v -0.19801229 1.37127184 0.4025235
v -0.19801229 1.37491257 0.36752796
v -0.19801229 1.15202297 0.37971428
v 0.07435733 1.15202297 0.37971428
v 0.07435733 1.37127184 0.4025235
v -0.19801229 1.37127184 0.4025235
v 0.07435733 1.15566369 0.34471866
v 0.07435733 1.37491257 0.36752796
v -0.19801229 1.15566369 0.34471866
v -0.19801229 1.37491257 0.36752796
v -0.19801229 1.15202297 0.37971428
v -0.19801229 1.15566369 0.34471866
v -0.19801229 1.37491257 0.36752796
v -0.19801229 1.37127184 0.4025235
v -0.19801229 1.1555268 0.38351853
v -0.19801229 1.15188608 0.41851414
v -0.19801229 1.32306325 0.43632239
v -0.19801229 1.32670398 0.40132677
v -0.19801229 1.15188608 0.41851414
v 0.07435733 1.15188608 0.41851414
v 0.07435733 1.32306325 0.43632239
v -0.19801229 1.32306325 0.43632239
v 0.07435733 1.1555268 0.38351853
v 0.07435733 1.32670398 0.40132677
v -0.19801229 1.1555268 0.38351853
v -0.19801229 1.32670398 0.40132677
v -0.19801229 1.15188608 0.41851414
v -0.19801229 1.1555268 0.38351853
v -0.19801229 1.32670398 0.40132677
v -0.19801229 1.32306325 0.43632239
v -0.19801229 1.15558195 0.63559399
v -0.19801229 1.15194117 0.6705896
v -0.19801229 1.36269174 0.69251482
v -0.19801229 1.36633247 0.65751914
v -0.19801229 1.15194117 0.6705896
v 0.07435733 1.15194117 0.6705896
v 0.07435733 1.36269174 0.69251482
v -0.19801229 1.36269174 0.69251482
v 0.07435733 1.15558195 0.63559399
v 0.07435733 1.36633247 0.65751914
v -0.19801229 1.15558195 0.63559399
v -0.19801229 1.36633247 0.65751914
v -0.19801229 1.15194117 0.6705896
v -0.19801229 1.15558195 0.63559399
v -0.19801229 1.36633247 0.65751914
v -0.19801229 1.36269174 0.69251482
v -0.19801229 1.15555081 0.78083984
v -0.19801229 1.15191008 0.81583546
v -0.19801229 1.36211195 0.83770353
v -0.19801229 1.36575273 0.80270799
v -0.19801229 1.15191008 0.81583546
v 0.07435733 1.15191008 0.81583546
v 0.07435733 1.36211195 0.83770353
v -0.19801229 1.36211195 0.83770353
v 0.07435733 1.15555081 0.78083984
v 0.07435733 1.36575273 0.80270799
v -0.19801229 1.15555081 0.78083984
v -0.19801229 1.36575273 0.80270799
v -0.19801229 1.15191008 0.81583546
v -0.19801229 1.15555081 0.78083984
v -0.19801229 1.36575273 0.80270799
v -0.19801229 1.36211195 0.83770353
v -0.19801229 1.15550404 0.81790522
v -0.19801229 1.15186331 0.85290091
v -0.19801229 1.34740294 0.8732436
v -0.19801229 1.35104367 0.83824805
v -0.19801229 1.15186331 0.85290091
v 0.07435733 1.15186331 0.85290091
v 0.07435733 1.34740294 0.8732436
v -0.19801229 1.34740294 0.8732436
v 0.07435733 1.15550404 0.81790522
v 0.07435733 1.35104367 0.83824805
v -0.19801229 1.15550404 0.81790522
v -0.19801229 1.35104367 0.83824805
v -0.19801229 1.15186331 0.85290091
v -0.19801229 1.15550404 0.81790522
v -0.19801229 1.35104367 0.83824805
v -0.19801229 1.34740294 0.8732436
v -0.19801229 -0.01948452 0.09986852
v -0.19801229 -0.01948452 0.13505297
v -0.19801229 0.18701319 0.13505297
v -0.19801229 0.18701319 0.09986852
v -0.19801229 -0.01948452 0.13505297
v 0.07435732 -0.01948452 0.13505297
v 0.07435732 0.18701319 0.13505297
v -0.19801229 0.18701319 0.13505297
v 0.07435732 -0.01948452 0.09986852
v 0.07435732 0.18701319 0.09986852
v -0.19801229 -0.01948452 0.09986852
v -0.19801229 0.18701319 0.09986852
v -0.19801229 -0.01948452 0.13505297
v -0.19801229 -0.01948452 0.09986852
v -0.19801229 0.18701319 0.09986852
v -0.19801229 0.18701319 0.13505297
v -0.19801229 -0.01563908 0.02871772
v -0.19801229 -0.01161629 0.06367145
v -0.19801229 0.2161116 0.03746253
v -0.19801229 0.21208881 0.00250881
v -0.19801229 -0.01161629 0.06367145
v 0.07435732 -0.01161629 0.06367145
v 0.07435732 0.2161116 0.03746253
v -0.19801229 0.2161116 0.03746253
v 0.07435732 -0.01563908 0.02871772
v 0.07435732 0.21208881 0.00250881
v -0.19801229 -0.01563908 0.02871772
v -0.19801229 0.21208881 0.00250881
v -0.19801229 -0.01161629 0.06367145
v -0.19801229 -0.01563908 0.02871772
v -0.19801229 0.21208881 0.00250881
v -0.19801229 0.2161116 0.03746253
v -0.19801229 -0.01515417 -0.09607937
v -0.19801229 -0.00959036 -0.06133762
v -0.19801229 0.21161787 -0.09676342
v -0.19801229 0.20605406 -0.13150517
v -0.19801229 -0.00959036 -0.06133762
v 0.07435732 -0.00959036 -0.06133762
v 0.07435732 0.21161787 -0.09676342
v -0.19801229 0.21161787 -0.09676342
v 0.07435732 -0.01515417 -0.09607937
v 0.07435732 0.20605406 -0.13150517
v -0.19801229 -0.01515417 -0.09607937
v -0.19801229 0.20605406 -0.13150517
v -0.19801229 -0.00959036 -0.06133762
v -0.19801229 -0.01515417 -0.09607937
v -0.19801229 0.20605406 -0.13150517
v -0.19801229 0.21161787 -0.09676342
v -0.19801229 -0.01948452 0.83218245
v -0.19801229 -0.01948452 0.8673669
v -0.19801229 0.20987498 0.8673669
v -0.19801229 0.20987498 0.83218245
v -0.19801229 -0.01948452 0.8673669
v 0.07435732 -0.01948452 0.8673669
v 0.07435732 0.20987498 0.8673669
v -0.19801229 0.20987498 0.8673669
v 0.07435732 -0.01948452 0.83218245
v 0.07435732 0.20987498 0.83218245
v -0.19801229 -0.01948452 0.83218245
v -0.19801229 0.20987498 0.83218245
v -0.19801229 -0.01948452 0.8673669
v -0.19801229 -0.01948452 0.83218245
v -0.19801229 0.20987498 0.83218245
v -0.19801229 0.20987498 0.8673669
v -0.19801229 -0.01948431 0.7815716
v -0.19801229 -0.01948431 0.81675604
v -0.19801229 0.19185205 0.81675604
v -0.19801229 0.19185205 0.7815716
v -0.19801229 -0.01948431 0.81675604
v 0.07435732 -0.01948431 0.81675604
v 0.07435732 0.19185205 0.81675604
v -0.19801229 0.19185205 0.81675604
v 0.07435732 -0.01948431 0.7815716
v 0.07435732 0.19185205 0.7815716
v -0.19801229 -0.01948431 0.7815716
v -0.19801229 0.19185205 0.7815716
v -0.19801229 -0.01948431 0.81675604
v -0.19801229 -0.01948431 0.7815716
v -0.19801229 0.19185205 0.7815716
v -0.19801229 0.19185205 0.81675604
v -0.19801229 -0.01948447 0.46913881
v -0.19801229 -0.01948447 0.50432326
v -0.19801229 0.21286643 0.50432326
v -0.19801229 0.21286643 0.46913881
v -0.19801229 -0.01948447 0.50432326
v 0.07435732 -0.01948447 0.50432326
v 0.07435732 0.21286643 0.50432326
v -0.19801229 0.21286643 0.50432326
v 0.07435732 -0.01948447 0.46913881
v 0.07435732 0.21286643 0.46913881
v -0.19801229 -0.01948447 0.46913881
v -0.19801229 0.21286643 0.46913881
v -0.19801229 -0.01948447 0.50432326
v -0.19801229 -0.01948447 0.46913881
v -0.19801229 0.21286643 0.46913881
v -0.19801229 0.21286643 0.50432326
v -0.19801229 -0.01948442 0.39653083
v -0.19801229 -0.01948442 0.43171527
v -0.19801229 0.18202752 0.43171527
v -0.19801229 0.18202752 0.39653083
v -0.19801229 -0.01948442 0.43171527
v 0.07435732 -0.01948442 0.43171527
v 0.07435732 0.18202752 0.43171527
v -0.19801229 0.18202752 0.43171527
v 0.07435732 -0.01948442 0.39653083
v 0.07435732 0.18202752 0.39653083
v -0.19801229 -0.01948442 0.39653083
v -0.19801229 0.18202752 0.39653083
v -0.19801229 -0.01948442 0.43171527
v -0.19801229 -0.01948442 0.39653083
v -0.19801229 0.18202752 0.39653083
v -0.19801229 0.18202752 0.43171527
v -0.19801229 -0.0246583 -0.31159493
v -0.19801229 -0.0246583 -0.27641049
v -0.19801229 0.20477217 -0.27641049
v -0.19801229 0.20477217 -0.31159493
v -0.19801229 -0.0246583 -0.27641049
v 0.07435732 -0.0246583 -0.27641049
v 0.07435732 0.20477217 -0.27641049
v -0.19801229 0.20477217 -0.27641049
v 0.07435732 -0.0246583 -0.31159493
v 0.07435732 0.20477217 -0.31159493
v -0.19801229 -0.0246583 -0.31159493
v -0.19801229 0.20477217 -0.31159493
v -0.19801229 -0.0246583 -0.27641049
v -0.19801229 -0.0246583 -0.31159493
v -0.19801229 0.20477217 -0.31159493
v -0.19801229 0.20477217 -0.27641049
v -0.19801229 -0.02465856 -0.49311617
v -0.19801229 -0.02465856 -0.45793158
v -0.19801229 0.20668372 -0.45793158
v -0.19801229 0.20668372 -0.49311617
v -0.19801229 -0.02465856 -0.45793158
v 0.07435732 -0.02465856 -0.45793158
v 0.07435732 0.20668372 -0.45793158
v -0.19801229 0.20668372 -0.45793158
v 0.07435732 -0.02465856 -0.49311617
v 0.07435732 0.20668372 -0.49311617
v -0.19801229 -0.02465856 -0.49311617
v -0.19801229 0.20668372 -0.49311617
v -0.19801229 -0.02465856 -0.45793158
v -0.19801229 -0.02465856 -0.49311617
v -0.19801229 0.20668372 -0.49311617
v -0.19801229 0.20668372 -0.45793158
v -0.19801229 -0.01397017 -0.53333359
v -0.19801229 -0.01397017 -0.498149
v -0.19801229 0.16848321 -0.498149
v -0.19801229 0.16848321 -0.53333359
v -0.19801229 -0.01397017 -0.498149
v 0.07435732 -0.01397017 -0.498149
v 0.07435732 0.16848321 -0.498149
v -0.19801229 0.16848321 -0.498149
v 0.07435732 -0.01397017 -0.53333359
v 0.07435732 0.16848321 -0.53333359
v -0.19801229 -0.01397017 -0.53333359
v -0.19801229 0.16848321 -0.53333359
v -0.19801229 -0.01397017 -0.498149
v -0.19801229 -0.01397017 -0.53333359
v -0.19801229 0.16848321 -0.53333359
v -0.19801229 0.16848321 -0.498149
v -0.19801229 0.00089043 -0.80795954
v -0.19801229 -0.01479942 -0.77646694
v -0.19801229 0.19392692 -0.67247792
v -0.19801229 0.20961677 -0.70397056
v -0.19801229 -0.01479942 -0.77646694
v 0.07435732 -0.01479942 -0.77646694
v 0.07435732 0.19392692 -0.67247792
v -0.19801229 0.19392692 -0.67247792
v 0.07435732 0.00089043 -0.80795954
v 0.07435732 0.20961677 -0.70397056
v -0.19801229 0.00089043 -0.80795954
v -0.19801229 0.20961677 -0.70397056
v -0.19801229 -0.01479942 -0.77646694
v -0.19801229 0.00089043 -0.80795954
v -0.19801229 0.20961677 -0.70397056
v -0.19801229 0.19392692 -0.67247792
v -0.19801229 0.09075644 -0.88426202
v -0.19801229 0.11795178 -0.9065862
v -0.19801229 0.00671674 -1.042093
v -0.19801229 -0.0204786 -1.01976883
v -0.19801229 0.11795178 -0.9065862
v 0.07435732 0.11795178 -0.9065862
v 0.07435732 0.00671674 -1.042093
v -0.19801229 0.00671674 -1.042093
v 0.07435732 0.09075644 -0.88426202
v 0.07435732 -0.0204786 -1.01976883
v -0.19801229 0.09075644 -0.88426202
v -0.19801229 -0.0204786 -1.01976883
v -0.19801229 0.11795178 -0.9065862
v -0.19801229 0.09075644 -0.88426202
v -0.19801229 -0.0204786 -1.01976883
v -0.19801229 0.00671674 -1.042093
v -0.19801229 0.04813986 -1.0708608
v -0.19801229 0.08150301 -1.08203471
v -0.19801229 0.01430183 -1.28268503
v -0.19801229 -0.01906128 -1.2715112
v -0.19801229 0.08150301 -1.08203471
v 0.07435732 0.08150301 -1.08203471
v 0.07435732 0.01430183 -1.28268503
v -0.19801229 0.01430183 -1.28268503
v 0.07435732 0.04813986 -1.0708608
v 0.07435732 -0.01906128 -1.2715112
v -0.19801229 0.04813986 -1.0708608
v -0.19801229 -0.01906128 -1.2715112
v -0.19801229 0.08150301 -1.08203471
v -0.19801229 0.04813986 -1.0708608
v -0.19801229 -0.01906128 -1.2715112
v -0.19801229 0.01430183 -1.28268503
v -0.19801229 -0.0246583 -1.44431264
v -0.19801229 -0.0246583 -1.40912805
v -0.19801229 0.20852936 -1.40912805
v -0.19801229 0.20852936 -1.44431264
v -0.19801229 -0.0246583 -1.40912805
v 0.07435732 -0.0246583 -1.40912805
v 0.07435732 0.20852936 -1.40912805
v -0.19801229 0.20852936 -1.40912805
v 0.07435732 -0.0246583 -1.44431264
v 0.07435732 0.20852936 -1.44431264
v -0.19801229 -0.0246583 -1.44431264
v -0.19801229 0.20852936 -1.44431264
v -0.19801229 -0.0246583 -1.40912805
v -0.19801229 -0.0246583 -1.44431264
v -0.19801229 0.20852936 -1.44431264
v -0.19801229 0.20852936 -1.40912805
v -0.19801229 0.27616698 0.27906152
v -0.19801229 0.27616698 0.31424596
v -0.19801229 0.47757576 0.31424596
v -0.19801229 0.47757576 0.27906152
v -0.19801229 0.27616698 0.31424596
v 0.07435732 0.27616698 0.31424596
v 0.07435732 0.47757576 0.31424596
v -0.19801229 0.47757576 0.31424596
v 0.07435732 0.27616698 0.27906152
v 0.07435732 0.47757576 0.27906152
v -0.19801229 0.27616698 0.27906152
v -0.19801229 0.47757576 0.27906152
v -0.19801229 0.27616698 0.31424596
v -0.19801229 0.27616698 0.27906152
v -0.19801229 0.47757576 0.27906152
v -0.19801229 0.47757576 0.31424596
v -0.19801229 0.27616711 0.09754035
v -0.19801229 0.27616711 0.1327248
v -0.19801229 0.49665787 0.1327248
v -0.19801229 0.49665787 0.09754035
v -0.19801229 0.27616711 0.1327248
v 0.07435732 0.27616711 0.1327248
v 0.07435732 0.49665787 0.1327248
v -0.19801229 0.49665787 0.1327248
v 0.07435732 0.27616711 0.09754035
v 0.07435732 0.49665787 0.09754035
v -0.19801229 0.27616711 0.09754035
v -0.19801229 0.49665787 0.09754035
v -0.19801229 0.27616711 0.1327248
v -0.19801229 0.27616711 0.09754035
v -0.19801229 0.49665787 0.09754035
v -0.19801229 0.49665787 0.1327248
v -0.19801229 0.27616723 0.79355011
v -0.19801229 0.27616723 0.82873455
v -0.19801229 0.48750361 0.82873455
v -0.19801229 0.48750361 0.79355011
v -0.19801229 0.27616723 0.82873455
v 0.07435732 0.27616723 0.82873455
v 0.07435732 0.48750361 0.82873455
v -0.19801229 0.48750361 0.82873455
v 0.07435732 0.27616723 0.79355011
v 0.07435732 0.48750361 0.79355011
v -0.19801229 0.27616723 0.79355011
v -0.19801229 0.48750361 0.79355011
v -0.19801229 0.27616723 0.82873455
v -0.19801229 0.27616723 0.79355011
v -0.19801229 0.48750361 0.79355011
v -0.19801229 0.48750361 0.82873455
v -0.19801229 0.27616682 0.72094139
v -0.19801229 0.27616682 0.75612584
v -0.19801229 0.52362146 0.75612584
v -0.19801229 0.52362146 0.72094139
v -0.19801229 0.27616682 0.75612584
v 0.07435732 0.27616682 0.75612584
v 0.07435732 0.52362146 0.75612584
v -0.19801229 0.52362146 0.75612584
v 0.07435732 0.27616682 0.72094139
v 0.07435732 0.52362146 0.72094139
v -0.19801229 0.27616682 0.72094139
v -0.19801229 0.52362146 0.72094139
v -0.19801229 0.27616682 0.75612584
v -0.19801229 0.27616682 0.72094139
v -0.19801229 0.52362146 0.72094139
v -0.19801229 0.52362146 0.75612584
v -0.19801229 0.27616708 0.50311526
v -0.19801229 0.27616708 0.5382997
v -0.19801229 0.50851798 0.5382997
v -0.19801229 0.50851798 0.50311526
v -0.19801229 0.27616708 0.5382997
v 0.07435732 0.27616708 0.5382997
v 0.07435732 0.50851798 0.5382997
v -0.19801229 0.50851798 0.5382997
v 0.07435732 0.27616708 0.50311526
v 0.07435732 0.50851798 0.50311526
v -0.19801229 0.27616708 0.50311526
v -0.19801229 0.50851798 0.50311526
v -0.19801229 0.27616708 0.5382997
v -0.19801229 0.27616708 0.50311526
v -0.19801229 0.50851798 0.50311526
v -0.19801229 0.50851798 0.5382997
v -0.19801229 0.27616713 0.46681108
v -0.19801229 0.27616713 0.50199552
v -0.19801229 0.46394907 0.50199552
v -0.19801229 0.46394907 0.46681108
v -0.19801229 0.27616713 0.50199552
v 0.07435732 0.27616713 0.50199552
v 0.07435732 0.46394907 0.50199552
v -0.19801229 0.46394907 0.50199552
v 0.07435732 0.27616713 0.46681108
v 0.07435732 0.46394907 0.46681108
v -0.19801229 0.27616713 0.46681108
v -0.19801229 0.46394907 0.46681108
v -0.19801229 0.27616713 0.50199552
v -0.19801229 0.27616713 0.46681108
v -0.19801229 0.46394907 0.46681108
v -0.19801229 0.46394907 0.50199552
v -0.19801229 0.27616703 0.35789848
v -0.19801229 0.27616703 0.39308293
v -0.19801229 0.49659918 0.39308293
v -0.19801229 0.49659918 0.35789848
v -0.19801229 0.27616703 0.39308293
v 0.07435732 0.27616703 0.39308293
v 0.07435732 0.49659918 0.39308293
v -0.19801229 0.49659918 0.39308293
v 0.07435732 0.27616703 0.35789848
v 0.07435732 0.49659918 0.35789848
v -0.19801229 0.27616703 0.35789848
v -0.19801229 0.49659918 0.35789848
v -0.19801229 0.27616703 0.39308293
v -0.19801229 0.27616703 0.35789848
v -0.19801229 0.49659918 0.35789848
v -0.19801229 0.49659918 0.39308293
v -0.19801229 0.28011224 -0.20399271
v -0.19801229 0.27781227 -0.16888352
v -0.19801229 0.46598037 -0.1565568
v -0.19801229 0.46828034 -0.19166599
v -0.19801229 0.27781227 -0.16888352
v 0.07435732 0.27781227 -0.16888352
v 0.07435732 0.46598037 -0.1565568
v -0.19801229 0.46598037 -0.1565568
v 0.07435732 0.28011224 -0.20399271
v 0.07435732 0.46828034 -0.19166599
v -0.19801229 0.28011224 -0.20399271
v -0.19801229 0.46828034 -0.19166599
v -0.19801229 0.27781227 -0.16888352
v -0.19801229 0.28011224 -0.20399271
v -0.19801229 0.46828034 -0.19166599
v -0.19801229 0.46598037 -0.1565568
v -0.19801229 0.27616729 -0.24207762
v -0.19801229 0.27616729 -0.20689318
v -0.19801229 0.52503564 -0.20689318
v -0.19801229 0.52503564 -0.24207762
v -0.19801229 0.27616729 -0.20689318
v 0.07435732 0.27616729 -0.20689318
v 0.07435732 0.52503564 -0.20689318
v -0.19801229 0.52503564 -0.20689318
v 0.07435732 0.27616729 -0.24207762
v 0.07435732 0.52503564 -0.24207762
v -0.19801229 0.27616729 -0.24207762
v -0.19801229 0.52503564 -0.24207762
v -0.19801229 0.27616729 -0.20689318
v -0.19801229 0.27616729 -0.24207762
v -0.19801229 0.52503564 -0.24207762
v -0.19801229 0.52503564 -0.20689318
v -0.19801229 0.27616729 -0.49620721
v -0.19801229 0.27616729 -0.46102262
v -0.19801229 0.45862066 -0.46102262
v -0.19801229 0.45862066 -0.49620721
v -0.19801229 0.27616729 -0.46102262
v 0.07435732 0.27616729 -0.46102262
v 0.07435732 0.45862066 -0.46102262
v -0.19801229 0.45862066 -0.46102262
v 0.07435732 0.27616729 -0.49620721
v 0.07435732 0.45862066 -0.49620721
v -0.19801229 0.27616729 -0.49620721
v -0.19801229 0.45862066 -0.49620721
v -0.19801229 0.27616729 -0.46102262
v -0.19801229 0.27616729 -0.49620721
v -0.19801229 0.45862066 -0.49620721
v -0.19801229 0.45862066 -0.46102262
v -0.19801229 0.28237238 -0.64863011
v -0.19801229 0.27947748 -0.6135648
v -0.19801229 0.50468918 -0.59497191
v -0.19801229 0.50758409 -0.63003722
v -0.19801229 0.27947748 -0.6135648
v 0.07435732 0.27947748 -0.6135648
v 0.07435732 0.50468918 -0.59497191
v -0.19801229 0.50468918 -0.59497191
v 0.07435732 0.28237238 -0.64863011
v 0.07435732 0.50758409 -0.63003722
v -0.19801229 0.28237238 -0.64863011
v -0.19801229 0.50758409 -0.63003722
v -0.19801229 0.27947748 -0.6135648
v -0.19801229 0.28237238 -0.64863011
v -0.19801229 0.50758409 -0.63003722
v -0.19801229 0.50468918 -0.59497191
v -0.19801229 0.27616682 -0.7943825
v -0.19801229 0.27616682 -0.75919791
v -0.19801229 0.45148174 -0.75919791
v -0.19801229 0.45148174 -0.7943825
v -0.19801229 0.27616682 -0.75919791
v 0.07435732 0.27616682 -0.75919791
v 0.07435732 0.45148174 -0.75919791
v -0.19801229 0.45148174 -0.75919791
v 0.07435732 0.27616682 -0.7943825
v 0.07435732 0.45148174 -0.7943825
v -0.19801229 0.27616682 -0.7943825
v -0.19801229 0.45148174 -0.7943825
v -0.19801229 0.27616682 -0.75919791
v -0.19801229 0.27616682 -0.7943825
v -0.19801229 0.45148174 -0.7943825
v -0.19801229 0.45148174 -0.75919791
v -0.19801229 0.27616677 -0.83068704
v -0.19801229 0.27616677 -0.79550245
v -0.19801229 0.50578006 -0.79550245
v -0.19801229 0.50578006 -0.83068704
v -0.19801229 0.27616677 -0.79550245
v 0.07435732 0.27616677 -0.79550245
v 0.07435732 0.50578006 -0.79550245
v -0.19801229 0.50578006 -0.79550245
v 0.07435732 0.27616677 -0.83068704
v 0.07435732 0.50578006 -0.83068704
v -0.19801229 0.27616677 -0.83068704
v -0.19801229 0.50578006 -0.83068704
v -0.19801229 0.27616677 -0.79550245
v -0.19801229 0.27616677 -0.83068704
v -0.19801229 0.50578006 -0.83068704
v -0.19801229 0.50578006 -0.79550245
v -0.19801229 0.27616716 -0.86699099
v -0.19801229 0.27616716 -0.8318064
v -0.19801229 0.48777186 -0.8318064
v -0.19801229 0.48777186 -0.86699099
v -0.19801229 0.27616716 -0.8318064
v 0.07435732 0.27616716 -0.8318064
v 0.07435732 0.48777186 -0.8318064
v -0.19801229 0.48777186 -0.8318064
v 0.07435732 0.27616716 -0.86699099
v 0.07435732 0.48777186 -0.86699099
v -0.19801229 0.27616716 -0.86699099
v -0.19801229 0.48777186 -0.86699099
v -0.19801229 0.27616716 -0.8318064
v -0.19801229 0.27616716 -0.86699099
v -0.19801229 0.48777186 -0.86699099
v -0.19801229 0.48777186 -0.8318064
v -0.19801229 0.27616718 -1.12112091
v -0.19801229 0.27616718 -1.08593632
v -0.19801229 0.44799984 -1.08593632
v -0.19801229 0.44799984 -1.12112091
v -0.19801229 0.27616718 -1.08593632
v 0.07435732 0.27616718 -1.08593632
v 0.07435732 0.44799984 -1.08593632
v -0.19801229 0.44799984 -1.08593632
v 0.07435732 0.27616718 -1.12112091
v 0.07435732 0.44799984 -1.12112091
v -0.19801229 0.27616718 -1.12112091
v -0.19801229 0.44799984 -1.12112091
v -0.19801229 0.27616718 -1.08593632
v -0.19801229 0.27616718 -1.12112091
v -0.19801229 0.44799984 -1.12112091
v -0.19801229 0.44799984 -1.08593632
v -0.19801229 0.27616703 -1.34015752
v -0.19801229 0.27616703 -1.30497293
v -0.19801229 0.45873433 -1.30497293
v -0.19801229 0.45873433 -1.34015752
v -0.19801229 0.27616703 -1.30497293
v 0.07435732 0.27616703 -1.30497293
v 0.07435732 0.45873433 -1.30497293
v -0.19801229 0.45873433 -1.30497293
v 0.07435732 0.27616703 -1.34015752
v 0.07435732 0.45873433 -1.34015752
v -0.19801229 0.27616703 -1.34015752
v -0.19801229 0.45873433 -1.34015752
v -0.19801229 0.27616703 -1.30497293
v -0.19801229 0.27616703 -1.34015752
v -0.19801229 0.45873433 -1.34015752
v -0.19801229 0.45873433 -1.30497293
v -0.19801228 2.61604056 -1.43423302
v -0.19801228 2.61604056 -1.46941746
v -0.19801228 2.84540006 -1.46941746
v -0.19801228 2.84540006 -1.43423302
v -0.19801228 2.61604056 -1.46941746
v 0.07435732 2.61604056 -1.46941746
v 0.07435732 2.84540006 -1.46941746
v -0.19801228 2.84540006 -1.46941746
v 0.07435732 2.61604056 -1.43423302
v 0.07435732 2.84540006 -1.43423302
v -0.19801228 2.61604056 -1.43423302
v -0.19801228 2.84540006 -1.43423302
v -0.19801228 2.61604056 -1.46941746
v -0.19801228 2.61604056 -1.43423302
v -0.19801228 2.84540006 -1.43423302
v -0.19801228 2.84540006 -1.46941746
v -0.19801228 2.61604056 -1.21640688
v -0.19801228 2.61604056 -1.25159132
v -0.19801228 2.82792841 -1.25159132
v -0.19801228 2.82792841 -1.21640688
v -0.19801228 2.61604056 -1.25159132
v 0.07435732 2.61604056 -1.25159132
v 0.07435732 2.82792841 -1.25159132
v -0.19801228 2.82792841 -1.25159132
v 0.07435732 2.61604056 -1.21640688
v 0.07435732 2.82792841 -1.21640688
v -0.19801228 2.61604056 -1.21640688
v -0.19801228 2.82792841 -1.21640688
v -0.19801228 2.61604056 -1.25159132
v -0.19801228 2.61604056 -1.21640688
v -0.19801228 2.82792841 -1.21640688
v -0.19801228 2.82792841 -1.25159132
v -0.19801228 2.61604056 -1.07118967
v -0.19801228 2.61604056 -1.10637411
v -0.19801228 2.84839136 -1.10637411
v -0.19801228 2.84839136 -1.07118967
v -0.19801228 2.61604056 -1.10637411
v 0.07435732 2.61604056 -1.10637411
v 0.07435732 2.84839136 -1.10637411
v -0.19801228 2.84839136 -1.10637411
v 0.07435732 2.61604056 -1.07118967
v 0.07435732 2.84839136 -1.07118967
v -0.19801228 2.61604056 -1.07118967
v -0.19801228 2.84839136 -1.07118967
v -0.19801228 2.61604056 -1.10637411
v -0.19801228 2.61604056 -1.07118967
v -0.19801228 2.84839136 -1.07118967
v -0.19801228 2.84839136 -1.10637411
v -0.19801228 2.62011415 -0.89180614
v -0.19801228 2.62885049 -0.9258887
v -0.19801228 2.82733139 -0.87501274
v -0.19801228 2.81859505 -0.84093015
v -0.19801228 2.62885049 -0.9258887
v 0.07435732 2.62885049 -0.9258887
v 0.07435732 2.82733139 -0.87501274
v -0.19801228 2.82733139 -0.87501274
v 0.07435732 2.62011415 -0.89180614
v 0.07435732 2.81859505 -0.84093015
v -0.19801228 2.62011415 -0.89180614
v -0.19801228 2.81859505 -0.84093015
v -0.19801228 2.62885049 -0.9258887
v -0.19801228 2.62011415 -0.89180614
v -0.19801228 2.81859505 -0.84093015
v -0.19801228 2.82733139 -0.87501274
v -0.19801228 2.61604056 -0.76675395
v -0.19801228 2.61604056 -0.8019384
v -0.19801228 2.81915048 -0.8019384
v -0.19801228 2.81915048 -0.76675395
v -0.19801228 2.61604056 -0.8019384
v 0.07435732 2.61604056 -0.8019384
v 0.07435732 2.81915048 -0.8019384
v -0.19801228 2.81915048 -0.8019384
v 0.07435732 2.61604056 -0.76675395
v 0.07435732 2.81915048 -0.76675395
v -0.19801228 2.61604056 -0.76675395
v -0.19801228 2.81915048 -0.76675395
v -0.19801228 2.61604056 -0.8019384
v -0.19801228 2.61604056 -0.76675395
v -0.19801228 2.81915048 -0.76675395
v -0.19801228 2.81915048 -0.8019384
v -0.19801228 2.61604056 -0.65672141
v -0.19801228 2.61604056 -0.62153696
v 0.07435732 2.61604056 -0.62153696
v 0.07435732 2.61604056 -0.65672141
v -0.19801228 2.61604056 -0.62153696
v -0.19801228 2.61604056 -0.65672141
v -0.19801228 2.83653128 -0.65672141
v -0.19801228 2.83653128 -0.62153696
v -0.19801228 2.61604056 -0.62153696
v -0.19801228 2.83653128 -0.62153696
v 0.07435732 2.83653128 -0.62153696
v 0.07435732 2.83653128 -0.65672141
v -0.19801228 2.83653128 -0.62153696
v -0.19801228 2.83653128 -0.65672141
v -0.19801228 2.61604056 -0.65672141
v -0.19801228 2.83653128 -0.65672141
v -0.19801228 2.61604056 -0.62041723
v -0.19801228 2.61604056 -0.58523279
v 0.07435732 2.61604056 -0.58523279
v 0.07435732 2.61604056 -0.62041723
v -0.19801228 2.61604056 -0.58523279
v -0.19801228 2.61604056 -0.62041723
v -0.19801228 2.84527155 -0.62041723
v -0.19801228 2.84527155 -0.58523279
v -0.19801228 2.61604056 -0.58523279
v -0.19801228 2.84527155 -0.58523279
v 0.07435732 2.84527155 -0.58523279
v 0.07435732 2.84527155 -0.62041723
v -0.19801228 2.84527155 -0.58523279
v -0.19801228 2.84527155 -0.62041723
v -0.19801228 2.61604056 -0.62041723
v -0.19801228 2.84527155 -0.62041723
v -0.19801228 2.61604056 -0.58411291
v -0.19801228 2.61604056 -0.54892847
v 0.07435732 2.61604056 -0.54892847
v 0.07435732 2.61604056 -0.58411291
v -0.19801228 2.61604056 -0.54892847
v -0.19801228 2.61604056 -0.58411291
v -0.19801228 2.7889941 -0.58411291
v -0.19801228 2.7889941 -0.54892847
v -0.19801228 2.61604056 -0.54892847
v -0.19801228 2.7889941 -0.54892847
v 0.07435732 2.7889941 -0.54892847
v 0.07435732 2.7889941 -0.58411291
v -0.19801228 2.7889941 -0.54892847
v -0.19801228 2.7889941 -0.58411291
v -0.19801228 2.61604056 -0.58411291
v -0.19801228 2.7889941 -0.58411291
v -0.19801228 2.61604056 -0.51150442
v -0.19801228 2.61604056 -0.47631997
v 0.07435732 2.61604056 -0.47631997
v 0.07435732 2.61604056 -0.51150442
v -0.19801228 2.61604056 -0.47631997
v -0.19801228 2.61604056 -0.51150442
v -0.19801228 2.84006745 -0.51150442
v -0.19801228 2.84006745 -0.47631997
v -0.19801228 2.61604056 -0.47631997
v -0.19801228 2.84006745 -0.47631997
v 0.07435732 2.84006745 -0.47631997
v 0.07435732 2.84006745 -0.51150442
v -0.19801228 2.84006745 -0.47631997
v -0.19801228 2.84006745 -0.51150442
v -0.19801228 2.61604056 -0.51150442
v -0.19801228 2.84006745 -0.51150442
v -0.19801228 2.61604056 -0.36118116
v -0.19801228 2.61604056 -0.32599672
v 0.07435732 2.61604056 -0.32599672
v 0.07435732 2.61604056 -0.36118116
v -0.19801228 2.61604056 -0.32599672
v -0.19801228 2.61604056 -0.36118116
v -0.19801228 2.86490881 -0.36118116
v -0.19801228 2.86490881 -0.32599672
v -0.19801228 2.61604056 -0.32599672
v -0.19801228 2.86490881 -0.32599672
v 0.07435732 2.86490881 -0.32599672
v 0.07435732 2.86490881 -0.36118116
v -0.19801228 2.86490881 -0.32599672
v -0.19801228 2.86490881 -0.36118116
v -0.19801228 2.61604056 -0.36118116
v -0.19801228 2.86490881 -0.36118116
v -0.19801228 2.61604056 -0.21596432
v -0.19801228 2.61604056 -0.18077973
v 0.07435732 2.61604056 -0.18077973
v 0.07435732 2.61604056 -0.21596432
v -0.19801228 2.61604056 -0.18077973
v -0.19801228 2.61604056 -0.21596432
v -0.19801228 2.8401854 -0.21596432
v -0.19801228 2.8401854 -0.18077973
v -0.19801228 2.61604056 -0.18077973
v -0.19801228 2.8401854 -0.18077973
v 0.07435732 2.8401854 -0.18077973
v 0.07435732 2.8401854 -0.21596432
v -0.19801228 2.8401854 -0.18077973
v -0.19801228 2.8401854 -0.21596432
v -0.19801228 2.61604056 -0.21596432
v -0.19801228 2.8401854 -0.21596432
v -0.19801228 2.61604056 0.04590662
v -0.19801228 2.61604056 0.0810912
v 0.07435732 2.61604056 0.0810912
v 0.07435732 2.61604056 0.04590662
v -0.19801228 2.61604056 0.0810912
v -0.19801228 2.61604056 0.04590662
v -0.19801228 2.84201847 0.04590662
v -0.19801228 2.84201847 0.0810912
v -0.19801228 2.61604056 0.0810912
v -0.19801228 2.84201847 0.0810912
v 0.07435732 2.84201847 0.0810912
v 0.07435732 2.84201847 0.04590662
v -0.19801228 2.84201847 0.0810912
v -0.19801228 2.84201847 0.04590662
v -0.19801228 2.61604056 0.04590662
v -0.19801228 2.84201847 0.04590662
v -0.19801228 2.61604056 0.26373195
v -0.19801228 2.61604056 0.29891654
v 0.07435732 2.61604056 0.29891654
v 0.07435732 2.61604056 0.26373195
v -0.19801228 2.61604056 0.29891654
v -0.19801228 2.61604056 0.26373195
v -0.19801228 2.82764511 0.26373195
v -0.19801228 2.82764511 0.29891654
v -0.19801228 2.61604056 0.29891654
v -0.19801228 2.82764511 0.29891654
v 0.07435732 2.82764511 0.29891654
v 0.07435732 2.82764511 0.26373195
v -0.19801228 2.82764511 0.29891654
v -0.19801228 2.82764511 0.26373195
v -0.19801228 2.61604056 0.26373195
v -0.19801228 2.82764511 0.26373195
v -0.19801228 2.61604056 0.33634059
v -0.19801228 2.61604056 0.37152518
v 0.07435732 2.61604056 0.37152518
v 0.07435732 2.61604056 0.33634059
v -0.19801228 2.61604056 0.37152518
v -0.19801228 2.61604056 0.33634059
v -0.19801228 2.84922822 0.33634059
v -0.19801228 2.84922822 0.37152518
v -0.19801228 2.61604056 0.37152518
v -0.19801228 2.84922822 0.37152518
v 0.07435732 2.84922822 0.37152518
v 0.07435732 2.84922822 0.33634059
v -0.19801228 2.84922822 0.37152518
v -0.19801228 2.84922822 0.33634059
v -0.19801228 2.61604056 0.33634059
v -0.19801228 2.84922822 0.33634059
v -0.19801228 2.61604056 0.55416593
v -0.19801228 2.61604056 0.58935052
v 0.07435732 2.61604056 0.58935052
v 0.07435732 2.61604056 0.55416593
v -0.19801228 2.61604056 0.58935052
v -0.19801228 2.61604056 0.55416593
v -0.19801228 2.84200895 0.55416593
v -0.19801228 2.84200895 0.58935052
v -0.19801228 2.61604056 0.58935052
v -0.19801228 2.84200895 0.58935052
v 0.07435732 2.84200895 0.58935052
v 0.07435732 2.84200895 0.55416593
v -0.19801228 2.84200895 0.58935052
v -0.19801228 2.84200895 0.55416593
v -0.19801228 2.61604056 0.55416593
v -0.19801228 2.84200895 0.55416593
v -0.19801228 2.61604056 0.69938292
v -0.19801228 2.61604056 0.73456751
v 0.07435732 2.61604056 0.73456751
v 0.07435732 2.61604056 0.69938292
v -0.19801228 2.61604056 0.73456751
v -0.19801228 2.61604056 0.69938292
v -0.19801228 2.83310168 0.69938292
v -0.19801228 2.83310168 0.73456751
v -0.19801228 2.61604056 0.73456751
v -0.19801228 2.83310168 0.73456751
v 0.07435732 2.83310168 0.73456751
v 0.07435732 2.83310168 0.69938292
v -0.19801228 2.83310168 0.73456751
v -0.19801228 2.83310168 0.69938292
v -0.19801228 2.61604056 0.69938292
v -0.19801228 2.83310168 0.69938292
v -0.19801228 2.62290597 0.80930684
v -0.19801228 2.61828585 0.84418663
v 0.07435732 2.61828585 0.84418663
v 0.07435732 2.62290597 0.80930684
v -0.19801228 2.61828585 0.84418663
v -0.19801228 2.62290597 0.80930684
v -0.19801228 2.84153092 0.83826514
v -0.19801228 2.8369108 0.87314493
v -0.19801228 2.61828585 0.84418663
v -0.19801228 2.8369108 0.87314493
v 0.07435732 2.8369108 0.87314493
v 0.07435732 2.84153092 0.83826514
v -0.19801228 2.8369108 0.87314493
v -0.19801228 2.84153092 0.83826514
v -0.19801228 2.62290597 0.80930684
v -0.19801228 2.84153092 0.83826514
v -0.19801228 2.62325693 0.84410025
v -0.19801228 2.61809464 0.87890399
v 0.07435732 2.61809464 0.87890399
v 0.07435732 2.62325693 0.84410025
v -0.19801228 2.61809464 0.87890399
v -0.19801228 2.62325693 0.84410025
v -0.19801228 2.81113263 0.87196717
v -0.19801228 2.80597033 0.90677091
v -0.19801228 2.61809464 0.87890399
v -0.19801228 2.80597033 0.90677091
v 0.07435732 2.80597033 0.90677091
v 0.07435732 2.81113263 0.87196717
v -0.19801228 2.80597033 0.90677091
v -0.19801228 2.81113263 0.87196717
v -0.19801228 2.62325693 0.84410025
v -0.19801228 2.81113263 0.87196717
v -0.19801228 0.56566053 0.16544445
v -0.19801228 0.56566053 0.20062889
v -0.19801228 0.79305305 0.20062889
v -0.19801228 0.79305305 0.16544445
v -0.19801228 0.56566053 0.20062889
v 0.07435732 0.56566053 0.20062889
v 0.07435732 0.79305305 0.20062889
v -0.19801228 0.79305305 0.20062889
v 0.07435732 0.56566053 0.16544445
v 0.07435732 0.79305305 0.16544445
v -0.19801228 0.56566053 0.16544445
v -0.19801228 0.79305305 0.16544445
v -0.19801228 0.56566053 0.20062889
v -0.19801228 0.56566053 0.16544445
v -0.19801228 0.79305305 0.16544445
v -0.19801228 0.79305305 0.20062889
v -0.19801228 0.56973412 0.32680088
v -0.19801228 0.57847039 0.36088344
v -0.19801228 0.77695134 0.31000749
v -0.19801228 0.76821507 0.27592489
v -0.19801228 0.57847039 0.36088344
v 0.07435732 0.57847039 0.36088344
v 0.07435732 0.77695134 0.31000749
v -0.19801228 0.77695134 0.31000749
v 0.07435732 0.56973412 0.32680088
v 0.07435732 0.76821507 0.27592489
v -0.19801228 0.56973412 0.32680088
v -0.19801228 0.76821507 0.27592489
v -0.19801228 0.57847039 0.36088344
v -0.19801228 0.56973412 0.32680088
v -0.19801228 0.76821507 0.27592489
v -0.19801228 0.77695134 0.31000749
v -0.19801228 0.56566047 0.39727174
v -0.19801228 0.56566047 0.43245619
v -0.19801228 0.73776152 0.43245619
v -0.19801228 0.73776152 0.39727174
v -0.19801228 0.56566047 0.43245619
v 0.07435732 0.56566047 0.43245619
v 0.07435732 0.73776152 0.43245619
v -0.19801228 0.73776152 0.43245619
v 0.07435732 0.56566047 0.39727174
v 0.07435732 0.73776152 0.39727174
v -0.19801228 0.56566047 0.39727174
v -0.19801228 0.73776152 0.39727174
v -0.19801228 0.56566047 0.43245619
v -0.19801228 0.56566047 0.39727174
v -0.19801228 0.73776152 0.39727174
v -0.19801228 0.73776152 0.43245619
v -0.19801228 0.56566051 0.68770594
v -0.19801228 0.56566051 0.72289038
v -0.19801228 0.72350959 0.72289038
v -0.19801228 0.72350959 0.68770594
v -0.19801228 0.56566051 0.72289038
v 0.07435732 0.56566051 0.72289038
v 0.07435732 0.72350959 0.72289038
v -0.19801228 0.72350959 0.72289038
v 0.07435732 0.56566051 0.68770594
v 0.07435732 0.72350959 0.68770594
v -0.19801228 0.56566051 0.68770594
v -0.19801228 0.72350959 0.68770594
v -0.19801228 0.56566051 0.72289038
v -0.19801228 0.56566051 0.68770594
v -0.19801228 0.72350959 0.68770594
v -0.19801228 0.72350959 0.72289038
v -0.19801228 0.56566047 -0.23900854
v -0.19801228 0.56566047 -0.2038241
v -0.19801228 0.81452882 -0.2038241
v -0.19801228 0.81452882 -0.23900854
v -0.19801228 0.56566047 -0.2038241
v 0.07435732 0.56566047 -0.2038241
v 0.07435732 0.81452882 -0.2038241
v -0.19801228 0.81452882 -0.2038241
v 0.07435732 0.56566047 -0.23900854
v 0.07435732 0.81452882 -0.23900854
v -0.19801228 0.56566047 -0.23900854
v -0.19801228 0.81452882 -0.23900854
v -0.19801228 0.56566047 -0.2038241
v -0.19801228 0.56566047 -0.23900854
v -0.19801228 0.81452882 -0.23900854
v -0.19801228 0.81452882 -0.2038241
v -0.19801228 0.56566047 -0.4931382
v -0.19801228 0.56566047 -0.45795361
v -0.19801228 0.74811384 -0.45795361
v -0.19801228 0.74811384 -0.4931382
v -0.19801228 0.56566047 -0.45795361
v 0.07435732 0.56566047 -0.45795361
v 0.07435732 0.74811384 -0.45795361
v -0.19801228 0.74811384 -0.45795361
v 0.07435732 0.56566047 -0.4931382
v 0.07435732 0.74811384 -0.4931382
v -0.19801228 0.56566047 -0.4931382
v -0.19801228 0.74811384 -0.4931382
v -0.19801228 0.56566047 -0.45795361
v -0.19801228 0.56566047 -0.4931382
v -0.19801228 0.74811384 -0.4931382
v -0.19801228 0.74811384 -0.45795361
v -0.19801228 0.56566047 0.7954991
v -0.19801228 0.56566047 0.76031465
v 0.07435732 0.56566047 0.76031465
v 0.07435732 0.56566047 0.7954991
v -0.19801228 0.56566047 0.76031465
v -0.19801228 0.56566047 0.7954991
v -0.19801228 0.79163766 0.7954991
v -0.19801228 0.79163766 0.76031465
v -0.19801228 0.56566047 0.76031465
v -0.19801228 0.79163766 0.76031465
v 0.07435732 0.79163766 0.76031465
v 0.07435732 0.79163766 0.7954991
v -0.19801228 0.79163766 0.76031465
v -0.19801228 0.79163766 0.7954991
v -0.19801228 0.56566047 0.7954991
v -0.19801228 0.79163766 0.7954991
v -0.19801228 0.56566044 0.01910765
v -0.19801228 0.56566044 -0.01607679
v 0.07435732 0.56566044 -0.01607679
v 0.07435732 0.56566044 0.01910765
v -0.19801228 0.56566044 -0.01607679
v -0.19801228 0.56566044 0.01910765
v -0.19801228 0.73861393 0.01910765
v -0.19801228 0.73861393 -0.01607679
v -0.19801228 0.56566044 -0.01607679
v -0.19801228 0.73861393 -0.01607679
v 0.07435732 0.73861393 -0.01607679
v 0.07435732 0.73861393 0.01910765
v -0.19801228 0.73861393 -0.01607679
v -0.19801228 0.73861393 0.01910765
v -0.19801228 0.56566054 -0.08959038
v -0.19801228 0.56566054 -0.12477482
v 0.07435732 0.56566054 -0.12477482
v 0.07435732 0.56566054 -0.08959038
v -0.19801228 0.56566054 -0.12477482
v -0.19801228 0.56566054 -0.08959038
v -0.19801228 0.77735155 -0.08959038
v -0.19801228 0.77735155 -0.12477482
v -0.19801228 0.56566054 -0.12477482
v -0.19801228 0.77735155 -0.12477482
v 0.07435732 0.77735155 -0.12477482
v 0.07435732 0.77735155 -0.08959038
v -0.19801228 0.77735155 -0.12477482
v -0.19801228 0.77735155 -0.08959038
v -0.19801228 0.56566054 -0.08959038
v -0.19801228 0.77735155 -0.08959038
v -0.19801228 0.56566044 -0.24012842
v -0.19801228 0.56566044 -0.27531286
v 0.07435732 0.56566044 -0.27531286
v 0.07435732 0.56566044 -0.24012842
v -0.19801228 0.56566044 -0.27531286
v -0.19801228 0.56566044 -0.24012842
v -0.19801228 0.79509087 -0.24012842
v -0.19801228 0.79509087 -0.27531286
v -0.19801228 0.56566044 -0.27531286
v -0.19801228 0.79509087 -0.27531286
v 0.07435732 0.79509087 -0.27531286
v 0.07435732 0.79509087 -0.24012842
v -0.19801228 0.79509087 -0.27531286
v -0.19801228 0.79509087 -0.24012842
v -0.19801228 0.56566044 -0.24012842
v -0.19801228 0.79509087 -0.24012842
v -0.19801228 0.56566045 -0.42164958
v -0.19801228 0.56566045 -0.45683417
v 0.07435732 0.56566045 -0.45683417
v 0.07435732 0.56566045 -0.42164958
v -0.19801228 0.56566045 -0.45683417
v -0.19801228 0.56566045 -0.42164958
v -0.19801228 0.79700277 -0.42164958
v -0.19801228 0.79700277 -0.45683417
v -0.19801228 0.56566045 -0.45683417
v -0.19801228 0.79700277 -0.45683417
v 0.07435732 0.79700277 -0.45683417
v 0.07435732 0.79700277 -0.42164958
v -0.19801228 0.79700277 -0.45683417
v -0.19801228 0.79700277 -0.42164958
v -0.19801228 0.56566045 -0.42164958
v -0.19801228 0.79700277 -0.42164958
v -0.19801228 0.56566053 -0.93765017
v -0.19801228 0.56566053 -0.97283476
v 0.07435732 0.56566053 -0.97283476
v 0.07435732 0.56566053 -0.93765017
v -0.19801228 0.56566053 -0.97283476
v -0.19801228 0.56566053 -0.93765017
v -0.19801228 0.7536885 -0.93765017
v -0.19801228 0.7536885 -0.97283476
v -0.19801228 0.56566053 -0.97283476
v -0.19801228 0.7536885 -0.97283476
v 0.07435732 0.7536885 -0.97283476
v 0.07435732 0.7536885 -0.93765017
v -0.19801228 0.7536885 -0.97283476
v -0.19801228 0.7536885 -0.93765017
v -0.19801228 0.56566053 -0.93765017
v -0.19801228 0.7536885 -0.93765017
v -0.19801228 0.56566048 -1.01025852
v -0.19801228 0.56566048 -1.04544311
v 0.07435732 0.56566048 -1.04544311
v 0.07435732 0.56566048 -1.01025852
v -0.19801228 0.56566048 -1.04544311
v -0.19801228 0.56566048 -1.01025852
v -0.19801228 0.77901974 -1.01025852
v -0.19801228 0.77901974 -1.04544311
v -0.19801228 0.56566048 -1.04544311
v -0.19801228 0.77901974 -1.04544311
v 0.07435732 0.77901974 -1.04544311
v 0.07435732 0.77901974 -1.01025852
v -0.19801228 0.77901974 -1.04544311
v -0.19801228 0.77901974 -1.01025852
v -0.19801228 0.56566048 -1.01025852
v -0.19801228 0.77901974 -1.01025852
vn -1 0 0
vn 0 0 -1
vn 1 0 0
vn 0 0 1
vn 0 -1 -0
vn 0 1 0
vn 0 0.00182 -1
vn 0 -0.00182 1
vn 0 0.9746 0.22394
vn 0 -0.9746 -0.22394
vn 0 0.01852 -0.99983
vn 0 -0.01852 0.99983
vn 0 0.3927 0.91967
vn 0 -0.3927 -0.91967
vn 0 0.00583 -0.99998
vn 0 -0.00583 0.99998
vn 0 0.80517 0.59304
vn 0 -0.80515 -0.59307
vn 0 -0.02278 -0.99974
vn 0 0.02278 0.99974
vn 0 -0.32792 0.9447
vn 0 0.32792 -0.9447
vn 0 0.01412 -0.9999
vn 0 -0.01412 0.9999
vn 0 -0.48863 -0.87249
vn 0 0.48863 0.87249
vn 0 0.03283 -0.99946
vn 0 -0.03283 0.99946
vn 0 -0.23413 -0.97221
vn 0 0.23413 0.97221
vn 0 -0.02406 -0.99971
vn 0 0.02406 0.99971
vn 0 -0.31226 0.95
vn 0 0.31226 -0.95
vn 0 -0.01095 -0.99994
vn 0 0.01095 0.99994
vn 0 -0.58553 0.81065
vn 0 0.58552 -0.81066
vn 0 0.01108 -0.99994
vn 0 -0.01108 0.99994
vn 0 0.5812 0.81376
vn 0 -0.58119 -0.81377
vn 0 0.00848 -0.99996
vn 0 -0.00848 0.99996
vn 0 0.68232 0.73106
vn 0 -0.68232 -0.73106
vn 0 0.00923 -0.99996
vn 0 -0.00923 0.99996
vn 0 0.65056 0.75945
vn 0 -0.65055 -0.75946
vn 0 0.00923 -0.99996
vn 0 -0.00923 0.99996
vn 0 0.65056 0.75946
vn 0 -0.65056 -0.75946
vn 0 0.00164 -1
vn 0 -0.00164 1
vn 0 0.97922 0.20281
vn 0 -0.97922 -0.20281
vn 0 -0.00743 -0.99997
vn 0 0.00743 0.99997
vn 0 0.72901 -0.6845
vn 0 -0.72901 0.6845
vn 0 -0.00984 -0.99995
vn 0 0.00984 0.99995
vn 0 0.62636 -0.77954
vn 0 -0.62637 0.77953
vn 0 -0.00984 -0.99995
vn 0 0.00984 0.99995
vn 0 0.62636 -0.77954
vn 0 -0.62636 0.77954
vn 0 -0.00984 -0.99995
vn 0 0.00984 0.99995
vn 0 -0.62637 0.77953
vn 0 -0.00984 -0.99995
vn 0 0.00984 0.99995
vn 0 -0.01737 -0.99985
vn 0 0.01737 0.99985
vn 0 0.41445 -0.91007
vn 0 -0.41445 0.91007
vn 0 0.00182 -1
vn 0 -0.9746 -0.22397
vn 0 -0.01412 0.9999
vn 0 0.48863 0.87249
vn 0 -0.02212 -0.99976
vn 0 0.02212 0.99976
vn 0 0.33663 -0.94164
vn 0 -0.33663 0.94164
vn 0 -0.04427 -0.99902
vn 0 0.04427 0.99902
vn 0 0.17574 -0.98444
vn 0 -0.17574 0.98444
vn 0 -0.06678 -0.99777
vn 0 0.06678 0.99777
vn 0 0.11737 -0.99309
vn 0 -0.11737 0.99309
vn 0 -0.01095 -0.99994
vn 0 0.01095 0.99994
vn 0 0.58553 -0.81065
vn 0 -0.58553 0.81065
vn 0 -0.01178 -0.99993
vn 0 0.01178 0.99993
vn 0 0.55746 -0.83021
vn 0 -0.55746 0.8302
vn 0 0.00983 -0.99995
vn 0 -0.00983 0.99995
vn 0 -0.62707 -0.77897
vn 0 0.62707 0.77897
vn 0 0.00983 -0.99995
vn 0 -0.00983 0.99995
vn 0 -0.62707 -0.77897
vn 0 0.00983 -0.99995
vn 0 -0.00983 0.99995
vn 0 -0.62706 -0.77897
vn 0 0.62706 0.77897
vn 0 0.00983 -0.99995
vn 0 -0.00983 0.99995
vn 0 -0.62706 -0.77897
vn 0 0.62707 0.77897
vn 0 -2E-05 -1
vn 0 2E-05 1
vn 0 -1 0.0023
vn 0 1 -0.0023
vn 0 -2E-05 -1
vn 0 2E-05 1
vn 0 -1 0.00228
vn 0 1 -0.00228
vn 0 -0.0047 -0.99999
vn 0 0.0047 0.99999
vn 0 -0.85957 0.51102
vn 0 0.85957 -0.51102
vn 0 -0.01025 -0.99995
vn 0 0.01025 0.99995
vn 0 -0.6108 0.79179
vn 0 0.6108 -0.79178
vn 0 -0.00925 -0.99996
vn 0 0.00925 0.99996
vn 0 -0.64982 0.76009
vn 0 0.64982 -0.76009
vn 0 -0.00925 -0.99996
vn 0 0.00925 0.99996
vn 0 -0.64982 0.76009
vn 0 0.64982 -0.76009
vn 0 -0.00925 -0.99996
vn 0 0.00925 0.99996
vn 0 0.64982 -0.76009
vn 0 -0.00925 -0.99996
vn 0 0.00925 0.99996
vn 0 -0.64981 0.7601
vn 0 0.64982 -0.76009
vn 0 -0.00925 -0.99996
vn 0 0.00925 0.99996
vn 0 0.64981 -0.7601
vn 0 -0.00925 -0.99996
vn 0 0.00925 0.99996
vn 0 -0.64982 0.76009
vn 0 0.01024 -0.99995
vn 0 -0.01024 0.99995
vn 0 -0.61148 -0.79126
vn 0 0.61148 0.79126
vn 0 0.01424 -0.9999
vn 0 -0.01424 0.9999
vn 0 -0.48552 -0.87423
vn 0 0.48552 0.87423
vn 0 0.04427 0.99902
vn 0 -0.17574 0.98444
vn 0 0.10772 0.99418
vn 0 -0.10772 -0.99418
vn 0 0.07282 -0.99735
vn 0 -0.07282 0.99735
vn 0 0.25666 0.9665
vn 0 -0.25666 -0.9665
vn 0 0.02977 -0.99956
vn 0 -0.02977 0.99956
vn 0 -0.00583 -0.99998
vn 0 0.00583 0.99998
vn 0 -0.80517 0.59305
vn 0 0.80517 -0.59305
vn 0 -0.00734 -0.99997
vn 0 0.00734 0.99997
vn 0 -0.73292 0.68032
vn 0 0.73292 -0.68032
vn 0 -0.02279 -0.99974
vn 0 0.02279 0.99974
vn 0 0.32781 -0.94475
vn 0 -0.32781 0.94475
vn 0 0.55745 -0.83021
vn 0 0.01178 0.99993
vn 0 -0.55745 0.83021
vn 0 -0.01178 -0.99993
vn 0 0.51426 -0.85763
vn 0 0.01319 0.99991
vn 0 -0.51426 0.85763
vn 0 -0.01319 -0.99991
vn 0 0.02279 -0.99974
vn 0 -0.02279 0.99974
vn 0 -0.32781 -0.94474
vn 0 0.32781 0.94474
vt 0.0874 0.206
vt 0.0874 0.12974
vt 0.7592 0.12974
vt 0.7592 0.206
vt 0.881 0.30245
vt 0.881 0.26817
vt 0.91527 0.26817
vt 0.91527 0.30245
vt 0.881 0.2339
vt 0.91527 0.2339
vt 0.881 0.19962
vt 0.91527 0.19962
vt 0.84672 0.26817
vt 0.84672 0.2339
vt 0.94955 0.2339
vt 0.94955 0.26817
vt 0.881 0.33673
vt 0.91527 0.33673
usemtl mat5
f 7354/255/895 7355/256/895 7356/257/895
f 7354/255/895 7356/257/895 7357/258/895
f 7358/259/896 7359/260/896 7360/261/896
f 7358/259/896 7360/261/896 7361/262/896
f 7359/260/897 7362/263/897 7363/264/897
f 7359/260/897 7363/264/897 7360/261/897
f 7362/263/898 7364/265/898 7365/266/898
f 7362/263/898 7365/266/898 7363/264/898
f 7366/267/899 7367/268/899 7362/263/899
f 7366/267/899 7362/263/899 7359/260/899
f 7360/261/900 7363/264/900 7368/269/900
f 7360/261/900 7368/269/900 7369/270/900
f 7370/255/897 7371/256/897 7372/257/897
f 7370/255/897 7372/257/897 7373/258/897
f 7374/259/901 7375/260/901 7376/261/901
f 7374/259/901 7376/261/901 7377/262/901
f 7375/260/895 7378/263/895 7379/264/895
f 7375/260/895 7379/264/895 7376/261/895
f 7378/263/902 7380/265/902 7381/266/902
f 7378/263/902 7381/266/902 7379/264/902
f 7382/267/903 7383/268/903 7378/263/903
f 7382/267/903 7378/263/903 7375/260/903
f 7376/261/904 7379/264/904 7384/269/904
f 7376/261/904 7384/269/904 7385/270/904
f 7386/255/897 7387/256/897 7388/257/897
f 7386/255/897 7388/257/897 7389/258/897
f 7390/259/896 7391/260/896 7392/261/896
f 7390/259/896 7392/261/896 7393/262/896
f 7391/260/895 7394/263/895 7395/264/895
f 7391/260/895 7395/264/895 7392/261/895
f 7394/263/898 7396/265/898 7397/266/898
f 7394/263/898 7397/266/898 7395/264/898
f 7398/267/900 7399/268/900 7394/263/900
f 7398/267/900 7394/263/900 7391/260/900
f 7392/261/899 7395/264/899 7400/269/899
f 7392/261/899 7400/269/899 7401/270/899
f 7402/255/897 7403/256/897 7404/257/897
f 7402/255/897 7404/257/897 7405/258/897
f 7406/259/905 7407/260/905 7408/261/905
f 7406/259/905 7408/261/905 7409/262/905
f 7407/260/895 7410/263/895 7411/264/895
f 7407/260/895 7411/264/895 7408/261/895
f 7410/263/906 7412/265/906 7413/266/906
f 7410/263/906 7413/266/906 7411/264/906
f 7414/267/907 7415/268/907 7410/263/907
f 7414/267/907 7410/263/907 7407/260/907
f 7408/261/908 7411/264/908 7416/269/908
f 7408/261/908 7416/269/908 7417/270/908
f 7418/255/897 7419/256/897 7420/257/897
f 7418/255/897 7420/257/897 7421/258/897
f 7422/259/896 7423/260/896 7424/261/896
f 7422/259/896 7424/261/896 7425/262/896
f 7423/260/895 7426/263/895 7427/264/895
f 7423/260/895 7427/264/895 7424/261/895
f 7426/263/898 7428/265/898 7429/266/898
f 7426/263/898 7429/266/898 7427/264/898
f 7430/267/900 7431/268/900 7426/263/900
f 7430/267/900 7426/263/900 7423/260/900
f 7424/261/899 7427/264/899 7432/269/899
f 7424/261/899 7432/269/899 7433/270/899
f 7434/255/897 7435/256/897 7436/257/897
f 7434/255/897 7436/257/897 7437/258/897
f 7438/259/896 7439/260/896 7440/261/896
f 7438/259/896 7440/261/896 7441/262/896
f 7439/260/895 7442/263/895 7443/264/895
f 7439/260/895 7443/264/895 7440/261/895
f 7442/263/898 7444/265/898 7445/266/898
f 7442/263/898 7445/266/898 7443/264/898
f 7446/267/900 7447/268/900 7442/263/900
f 7446/267/900 7442/263/900 7439/260/900
f 7440/261/899 7443/264/899 7448/269/899
f 7440/261/899 7448/269/899 7449/270/899
f 7450/255/897 7451/256/897 7452/257/897
f 7450/255/897 7452/257/897 7453/258/897
f 7454/259/896 7455/260/896 7456/261/896
f 7454/259/896 7456/261/896 7457/262/896
f 7455/260/895 7458/263/895 7459/264/895
f 7455/260/895 7459/264/895 7456/261/895
f 7458/263/898 7460/265/898 7461/266/898
f 7458/263/898 7461/266/898 7459/264/898
f 7462/267/900 7463/268/900 7458/263/900
f 7462/267/900 7458/263/900 7455/260/900
f 7456/261/899 7459/264/899 7464/269/899
f 7456/261/899 7464/269/899 7465/270/899
f 7466/255/897 7467/256/897 7468/257/897
f 7466/255/897 7468/257/897 7469/258/897
f 7470/259/896 7471/260/896 7472/261/896
f 7470/259/896 7472/261/896 7473/262/896
f 7471/260/895 7474/263/895 7475/264/895
f 7471/260/895 7475/264/895 7472/261/895
f 7474/263/898 7476/265/898 7477/266/898
f 7474/263/898 7477/266/898 7475/264/898
f 7478/267/900 7479/268/900 7474/263/900
f 7478/267/900 7474/263/900 7471/260/900
f 7472/261/899 7475/264/899 7480/269/899
f 7472/261/899 7480/269/899 7481/270/899
f 7482/255/897 7483/256/897 7484/257/897
f 7482/255/897 7484/257/897 7485/258/897
f 7486/259/896 7487/260/896 7488/261/896
f 7486/259/896 7488/261/896 7489/262/896
f 7487/260/895 7490/263/895 7491/264/895
f 7487/260/895 7491/264/895 7488/261/895
f 7490/263/898 7492/265/898 7493/266/898
f 7490/263/898 7493/266/898 7491/264/898
f 7494/267/900 7495/268/900 7490/263/900
f 7494/267/900 7490/263/900 7487/260/900
f 7488/261/899 7491/264/899 7496/269/899
f 7488/261/899 7496/269/899 7497/270/899
f 7498/255/897 7499/256/897 7500/257/897
f 7498/255/897 7500/257/897 7501/258/897
f 7502/259/909 7503/260/909 7504/261/909
f 7502/259/909 7504/261/909 7505/262/909
f 7503/260/895 7506/263/895 7507/264/895
f 7503/260/895 7507/264/895 7504/261/895
f 7506/263/910 7508/265/910 7509/266/910
f 7506/263/910 7509/266/910 7507/264/910
f 7510/267/911 7511/268/911 7506/263/911
f 7510/267/911 7506/263/911 7503/260/911
f 7504/261/912 7507/264/912 7512/269/912
f 7504/261/912 7512/269/912 7513/270/912
f 7514/255/897 7515/256/897 7516/257/897
f 7514/255/897 7516/257/897 7517/258/897
f 7518/259/896 7519/260/896 7520/261/896
f 7518/259/896 7520/261/896 7521/262/896
f 7519/260/895 7522/263/895 7523/264/895
f 7519/260/895 7523/264/895 7520/261/895
f 7522/263/898 7524/265/898 7525/266/898
f 7522/263/898 7525/266/898 7523/264/898
f 7526/267/900 7527/268/900 7522/263/900
f 7526/267/900 7522/263/900 7519/260/900
f 7520/261/899 7523/264/899 7528/269/899
f 7520/261/899 7528/269/899 7529/270/899
f 7530/255/897 7531/256/897 7532/257/897
f 7530/255/897 7532/257/897 7533/258/897
f 7534/259/896 7535/260/896 7536/261/896
f 7534/259/896 7536/261/896 7537/262/896
f 7535/260/895 7538/263/895 7539/264/895
f 7535/260/895 7539/264/895 7536/261/895
f 7538/263/898 7540/265/898 7541/266/898
f 7538/263/898 7541/266/898 7539/264/898
f 7542/267/900 7543/268/900 7538/263/900
f 7542/267/900 7538/263/900 7535/260/900
f 7536/261/899 7539/264/899 7544/269/899
f 7536/261/899 7544/269/899 7545/270/899
f 7546/255/897 7547/256/897 7548/257/897
f 7546/255/897 7548/257/897 7549/258/897
f 7550/259/896 7551/260/896 7552/261/896
f 7550/259/896 7552/261/896 7553/262/896
f 7551/260/895 7554/263/895 7555/264/895
f 7551/260/895 7555/264/895 7552/261/895
f 7554/263/898 7556/265/898 7557/266/898
f 7554/263/898 7557/266/898 7555/264/898
f 7558/267/900 7559/268/900 7554/263/900
f 7558/267/900 7554/263/900 7551/260/900
f 7552/261/899 7555/264/899 7560/269/899
f 7552/261/899 7560/269/899 7561/270/899
f 7562/255/897 7563/256/897 7564/257/897
f 7562/255/897 7564/257/897 7565/258/897
f 7566/259/896 7567/260/896 7568/261/896
f 7566/259/896 7568/261/896 7569/262/896
f 7567/260/895 7570/263/895 7571/264/895
f 7567/260/895 7571/264/895 7568/261/895
f 7570/263/898 7572/265/898 7573/266/898
f 7570/263/898 7573/266/898 7571/264/898
f 7574/267/900 7575/268/900 7570/263/900
f 7574/267/900 7570/263/900 7567/260/900
f 7568/261/899 7571/264/899 7576/269/899
f 7568/261/899 7576/269/899 7577/270/899
f 7578/255/897 7579/256/897 7580/257/897
f 7578/255/897 7580/257/897 7581/258/897
f 7582/259/896 7583/260/896 7584/261/896
f 7582/259/896 7584/261/896 7585/262/896
f 7583/260/895 7586/263/895 7587/264/895
f 7583/260/895 7587/264/895 7584/261/895
f 7586/263/898 7588/265/898 7589/266/898
f 7586/263/898 7589/266/898 7587/264/898
f 7590/267/900 7591/268/900 7586/263/900
f 7590/267/900 7586/263/900 7583/260/900
f 7584/261/899 7587/264/899 7592/269/899
f 7584/261/899 7592/269/899 7593/270/899
f 7594/255/897 7595/256/897 7596/257/897
f 7594/255/897 7596/257/897 7597/258/897
f 7598/259/896 7599/260/896 7600/261/896
f 7598/259/896 7600/261/896 7601/262/896
f 7599/260/895 7602/263/895 7603/264/895
f 7599/260/895 7603/264/895 7600/261/895
f 7602/263/898 7604/265/898 7605/266/898
f 7602/263/898 7605/266/898 7603/264/898
f 7606/267/900 7607/268/900 7602/263/900
f 7606/267/900 7602/263/900 7599/260/900
f 7600/261/899 7603/264/899 7608/269/899
f 7600/261/899 7608/269/899 7609/270/899
f 7610/255/897 7611/256/897 7612/257/897
f 7610/255/897 7612/257/897 7613/258/897
f 7614/259/896 7615/260/896 7616/261/896
f 7614/259/896 7616/261/896 7617/262/896
f 7615/260/895 7618/263/895 7619/264/895
f 7615/260/895 7619/264/895 7616/261/895
f 7618/263/898 7620/265/898 7621/266/898
f 7618/263/898 7621/266/898 7619/264/898
f 7622/267/900 7623/268/900 7618/263/900
f 7622/267/900 7618/263/900 7615/260/900
f 7616/261/899 7619/264/899 7624/269/899
f 7616/261/899 7624/269/899 7625/270/899
f 7626/255/897 7627/256/897 7628/257/897
f 7626/255/897 7628/257/897 7629/258/897
f 7630/259/896 7631/260/896 7632/261/896
f 7630/259/896 7632/261/896 7633/262/896
f 7631/260/895 7634/263/895 7635/264/895
f 7631/260/895 7635/264/895 7632/261/895
f 7634/263/898 7636/265/898 7637/266/898
f 7634/263/898 7637/266/898 7635/264/898
f 7638/267/900 7639/268/900 7634/263/900
f 7638/267/900 7634/263/900 7631/260/900
f 7640/255/895 7641/256/895 7642/257/895
f 7640/255/895 7642/257/895 7643/258/895
f 7644/259/913 7645/260/913 7646/261/913
f 7644/259/913 7646/261/913 7647/262/913
f 7645/260/897 7648/263/897 7649/264/897
f 7645/260/897 7649/264/897 7646/261/897
f 7648/263/914 7650/265/914 7651/266/914
f 7648/263/914 7651/266/914 7649/264/914
f 7652/267/915 7653/268/915 7648/263/915
f 7652/267/915 7648/263/915 7645/260/915
f 7646/261/916 7649/264/916 7654/269/916
f 7646/261/916 7654/269/916 7655/270/916
f 7656/255/895 7657/256/895 7658/257/895
f 7656/255/895 7658/257/895 7659/258/895
f 7660/259/896 7661/260/896 7662/261/896
f 7660/259/896 7662/261/896 7663/262/896
f 7661/260/897 7664/263/897 7665/264/897
f 7661/260/897 7665/264/897 7662/261/897
f 7664/263/898 7666/265/898 7667/266/898
f 7664/263/898 7667/266/898 7665/264/898
f 7668/267/899 7669/268/899 7664/263/899
f 7668/267/899 7664/263/899 7661/260/899
f 7662/261/900 7665/264/900 7670/269/900
f 7662/261/900 7670/269/900 7671/270/900
f 7672/255/895 7673/256/895 7674/257/895
f 7672/255/895 7674/257/895 7675/258/895
f 7676/259/917 7677/260/917 7678/261/917
f 7676/259/917 7678/261/917 7679/262/917
f 7677/260/897 7680/263/897 7681/264/897
f 7677/260/897 7681/264/897 7678/261/897
f 7680/263/918 7682/265/918 7683/266/918
f 7680/263/918 7683/266/918 7681/264/918
f 7684/267/919 7685/268/919 7680/263/919
f 7684/267/919 7680/263/919 7677/260/919
f 7678/261/920 7681/264/920 7686/269/920
f 7678/261/920 7686/269/920 7687/270/920
f 7688/255/895 7689/256/895 7690/257/895
f 7688/255/895 7690/257/895 7691/258/895
f 7692/259/921 7693/260/921 7694/261/921
f 7692/259/921 7694/261/921 7695/262/921
f 7693/260/897 7696/263/897 7697/264/897
f 7693/260/897 7697/264/897 7694/261/897
f 7696/263/922 7698/265/922 7699/266/922
f 7696/263/922 7699/266/922 7697/264/922
f 7700/267/923 7701/268/923 7696/263/923
f 7700/267/923 7696/263/923 7693/260/923
f 7694/261/924 7697/264/924 7702/269/924
f 7694/261/924 7702/269/924 7703/270/924
f 7704/255/895 7705/256/895 7706/257/895
f 7704/255/895 7706/257/895 7707/258/895
f 7708/259/925 7709/260/925 7710/261/925
f 7708/259/925 7710/261/925 7711/262/925
f 7709/260/897 7712/263/897 7713/264/897
f 7709/260/897 7713/264/897 7710/261/897
f 7712/263/926 7714/265/926 7715/266/926
f 7712/263/926 7715/266/926 7713/264/926
f 7716/267/927 7717/268/927 7712/263/927
f 7716/267/927 7712/263/927 7709/260/927
f 7710/261/928 7713/264/928 7718/269/928
f 7710/261/928 7718/269/928 7719/270/928
f 7720/255/895 7721/256/895 7722/257/895
f 7720/255/895 7722/257/895 7723/258/895
f 7724/259/896 7725/260/896 7726/261/896
f 7724/259/896 7726/261/896 7727/262/896
f 7725/260/897 7728/263/897 7729/264/897
f 7725/260/897 7729/264/897 7726/261/897
f 7728/263/898 7730/265/898 7731/266/898
f 7728/263/898 7731/266/898 7729/264/898
f 7732/267/899 7733/268/899 7728/263/899
f 7732/267/899 7728/263/899 7725/260/899
f 7726/261/900 7729/264/900 7734/269/900
f 7726/261/900 7734/269/900 7735/270/900
f 7736/255/895 7737/256/895 7738/257/895
f 7736/255/895 7738/257/895 7739/258/895
f 7740/259/896 7741/260/896 7742/261/896
f 7740/259/896 7742/261/896 7743/262/896
f 7741/260/897 7744/263/897 7745/264/897
f 7741/260/897 7745/264/897 7742/261/897
f 7744/263/898 7746/265/898 7747/266/898
f 7744/263/898 7747/266/898 7745/264/898
f 7748/267/899 7749/268/899 7744/263/899
f 7748/267/899 7744/263/899 7741/260/899
f 7742/261/900 7745/264/900 7750/269/900
f 7742/261/900 7750/269/900 7751/270/900
f 7752/255/895 7753/256/895 7754/257/895
f 7752/255/895 7754/257/895 7755/258/895
f 7756/259/896 7757/260/896 7758/261/896
f 7756/259/896 7758/261/896 7759/262/896
f 7757/260/897 7760/263/897 7761/264/897
f 7757/260/897 7761/264/897 7758/261/897
f 7760/263/898 7762/265/898 7763/266/898
f 7760/263/898 7763/266/898 7761/264/898
f 7764/267/899 7765/268/899 7760/263/899
f 7764/267/899 7760/263/899 7757/260/899
f 7758/261/900 7761/264/900 7766/269/900
f 7758/261/900 7766/269/900 7767/270/900
f 7768/255/895 7769/256/895 7770/257/895
f 7768/255/895 7770/257/895 7771/258/895
f 7772/259/896 7773/260/896 7774/261/896
f 7772/259/896 7774/261/896 7775/262/896
f 7773/260/897 7776/263/897 7777/264/897
f 7773/260/897 7777/264/897 7774/261/897
f 7776/263/898 7778/265/898 7779/266/898
f 7776/263/898 7779/266/898 7777/264/898
f 7780/267/899 7781/268/899 7776/263/899
f 7780/267/899 7776/263/899 7773/260/899
f 7774/261/900 7777/264/900 7782/269/900
f 7774/261/900 7782/269/900 7783/270/900
f 7784/255/895 7785/256/895 7786/257/895
f 7784/255/895 7786/257/895 7787/258/895
f 7788/259/896 7789/260/896 7790/261/896
f 7788/259/896 7790/261/896 7791/262/896
f 7789/260/897 7792/263/897 7793/264/897
f 7789/260/897 7793/264/897 7790/261/897
f 7792/263/898 7794/265/898 7795/266/898
f 7792/263/898 7795/266/898 7793/264/898
f 7796/267/899 7797/268/899 7792/263/899
f 7796/267/899 7792/263/899 7789/260/899
f 7790/261/900 7793/264/900 7798/269/900
f 7790/261/900 7798/269/900 7799/270/900
f 7800/255/895 7801/256/895 7802/257/895
f 7800/255/895 7802/257/895 7803/258/895
f 7804/259/896 7805/260/896 7806/261/896
f 7804/259/896 7806/261/896 7807/262/896
f 7805/260/897 7808/263/897 7809/264/897
f 7805/260/897 7809/264/897 7806/261/897
f 7808/263/898 7810/265/898 7811/266/898
f 7808/263/898 7811/266/898 7809/264/898
f 7812/267/899 7813/268/899 7808/263/899
f 7812/267/899 7808/263/899 7805/260/899
f 7806/261/900 7809/264/900 7814/269/900
f 7806/261/900 7814/269/900 7815/270/900
f 7816/255/895 7817/256/895 7818/257/895
f 7816/255/895 7818/257/895 7819/258/895
f 7820/259/929 7821/260/929 7822/261/929
f 7820/259/929 7822/261/929 7823/262/929
f 7821/260/897 7824/263/897 7825/264/897
f 7821/260/897 7825/264/897 7822/261/897
f 7824/263/930 7826/265/930 7827/266/930
f 7824/263/930 7827/266/930 7825/264/930
f 7828/267/931 7829/268/931 7824/263/931
f 7828/267/931 7824/263/931 7821/260/931
f 7822/261/932 7825/264/932 7830/269/932
f 7822/261/932 7830/269/932 7831/270/932
f 7832/255/895 7833/256/895 7834/257/895
f 7832/255/895 7834/257/895 7835/258/895
f 7836/259/896 7837/260/896 7838/261/896
f 7836/259/896 7838/261/896 7839/262/896
f 7837/260/897 7840/263/897 7841/264/897
f 7837/260/897 7841/264/897 7838/261/897
f 7840/263/898 7842/265/898 7843/266/898
f 7840/263/898 7843/266/898 7841/264/898
f 7844/267/899 7845/268/899 7840/263/899
f 7844/267/899 7840/263/899 7837/260/899
f 7838/261/900 7841/264/900 7846/269/900
f 7838/261/900 7846/269/900 7847/270/900
f 7848/255/895 7849/256/895 7850/257/895
f 7848/255/895 7850/257/895 7851/258/895
f 7852/259/896 7853/260/896 7854/261/896
f 7852/259/896 7854/261/896 7855/262/896
f 7853/260/897 7856/263/897 7857/264/897
f 7853/260/897 7857/264/897 7854/261/897
f 7856/263/898 7858/265/898 7859/266/898
f 7856/263/898 7859/266/898 7857/264/898
f 7860/267/899 7861/268/899 7856/263/899
f 7860/267/899 7856/263/899 7853/260/899
f 7854/261/900 7857/264/900 7862/269/900
f 7854/261/900 7862/269/900 7863/270/900
f 7864/255/897 7865/256/897 7866/257/897
f 7864/255/897 7866/257/897 7867/258/897
f 7868/259/933 7869/260/933 7870/261/933
f 7868/259/933 7870/261/933 7871/262/933
f 7869/260/895 7872/263/895 7873/264/895
f 7869/260/895 7873/264/895 7870/261/895
f 7872/263/934 7874/265/934 7875/266/934
f 7872/263/934 7875/266/934 7873/264/934
f 7876/267/935 7877/268/935 7872/263/935
f 7876/267/935 7872/263/935 7869/260/935
f 7870/261/936 7873/264/936 7878/269/936
f 7870/261/936 7878/269/936 7879/270/936
f 7880/255/897 7881/256/897 7882/257/897
f 7880/255/897 7882/257/897 7883/258/897
f 7884/259/937 7885/260/937 7886/261/937
f 7884/259/937 7886/261/937 7887/262/937
f 7885/260/895 7888/263/895 7889/264/895
f 7885/260/895 7889/264/895 7886/261/895
f 7888/263/938 7890/265/938 7891/266/938
f 7888/263/938 7891/266/938 7889/264/938
f 7892/267/939 7893/268/939 7888/263/939
f 7892/267/939 7888/263/939 7885/260/939
f 7886/261/940 7889/264/940 7894/269/940
f 7886/261/940 7894/269/940 7895/270/940
f 7896/255/897 7897/256/897 7898/257/897
f 7896/255/897 7898/257/897 7899/258/897
f 7900/259/941 7901/260/941 7902/261/941
f 7900/259/941 7902/261/941 7903/262/941
f 7901/260/895 7904/263/895 7905/264/895
f 7901/260/895 7905/264/895 7902/261/895
f 7904/263/942 7906/265/942 7907/266/942
f 7904/263/942 7907/266/942 7905/264/942
f 7908/267/943 7909/268/943 7904/263/943
f 7908/267/943 7904/263/943 7901/260/943
f 7902/261/944 7905/264/944 7910/269/944
f 7902/261/944 7910/269/944 7911/270/944
f 7912/255/897 7913/256/897 7914/257/897
f 7912/255/897 7914/257/897 7915/258/897
f 7916/259/945 7917/260/945 7918/261/945
f 7916/259/945 7918/261/945 7919/262/945
f 7917/260/895 7920/263/895 7921/264/895
f 7917/260/895 7921/264/895 7918/261/895
f 7920/263/946 7922/265/946 7923/266/946
f 7920/263/946 7923/266/946 7921/264/946
f 7924/267/947 7925/268/947 7920/263/947
f 7924/267/947 7920/263/947 7917/260/947
f 7918/261/948 7921/264/948 7926/269/948
f 7918/261/948 7926/269/948 7927/270/948
f 7928/255/897 7929/256/897 7930/257/897
f 7928/255/897 7930/257/897 7931/258/897
f 7932/259/949 7933/260/949 7934/261/949
f 7932/259/949 7934/261/949 7935/262/949
f 7933/260/895 7936/263/895 7937/264/895
f 7933/260/895 7937/264/895 7934/261/895
f 7936/263/950 7938/265/950 7939/266/950
f 7936/263/950 7939/266/950 7937/264/950
f 7940/267/951 7941/268/951 7936/263/951
f 7940/267/951 7936/263/951 7933/260/951
f 7934/261/952 7937/264/952 7942/269/952
f 7934/261/952 7942/269/952 7943/270/952
f 7944/255/897 7945/256/897 7946/257/897
f 7944/255/897 7946/257/897 7947/258/897
f 7948/259/896 7949/260/896 7950/261/896
f 7948/259/896 7950/261/896 7951/262/896
f 7949/260/895 7952/263/895 7953/264/895
f 7949/260/895 7953/264/895 7950/261/895
f 7952/263/898 7954/265/898 7955/266/898
f 7952/263/898 7955/266/898 7953/264/898
f 7956/267/900 7957/268/900 7952/263/900
f 7956/267/900 7952/263/900 7949/260/900
f 7950/261/899 7953/264/899 7958/269/899
f 7950/261/899 7958/269/899 7959/270/899
f 7960/255/897 7961/256/897 7962/257/897
f 7960/255/897 7962/257/897 7963/258/897
f 7964/259/953 7965/260/953 7966/261/953
f 7964/259/953 7966/261/953 7967/262/953
f 7965/260/895 7968/263/895 7969/264/895
f 7965/260/895 7969/264/895 7966/261/895
f 7968/263/954 7970/265/954 7971/266/954
f 7968/263/954 7971/266/954 7969/264/954
f 7972/267/955 7973/268/955 7968/263/955
f 7972/267/955 7968/263/955 7965/260/955
f 7966/261/956 7969/264/956 7974/269/956
f 7966/261/956 7974/269/956 7975/270/956
f 7976/255/897 7977/256/897 7978/257/897
f 7976/255/897 7978/257/897 7979/258/897
f 7980/259/957 7981/260/957 7982/261/957
f 7980/259/957 7982/261/957 7983/262/957
f 7981/260/895 7984/263/895 7985/264/895
f 7981/260/895 7985/264/895 7982/261/895
f 7984/263/958 7986/265/958 7987/266/958
f 7984/263/958 7987/266/958 7985/264/958
f 7988/267/959 7989/268/959 7984/263/959
f 7988/267/959 7984/263/959 7981/260/959
f 7982/261/960 7985/264/960 7990/269/960
f 7982/261/960 7990/269/960 7991/270/960
f 7992/255/897 7993/256/897 7994/257/897
f 7992/255/897 7994/257/897 7995/258/897
f 7996/259/961 7997/260/961 7998/261/961
f 7996/259/961 7998/261/961 7999/262/961
f 7997/260/895 8000/263/895 8001/264/895
f 7997/260/895 8001/264/895 7998/261/895
f 8000/263/962 8002/265/962 8003/266/962
f 8000/263/962 8003/266/962 8001/264/962
f 8004/267/963 8005/268/963 8000/263/963
f 8004/267/963 8000/263/963 7997/260/963
f 7998/261/964 8001/264/964 8006/269/964
f 7998/261/964 8006/269/964 8007/270/964
f 8008/255/897 8009/256/897 8010/257/897
f 8008/255/897 8010/257/897 8011/258/897
f 8012/259/965 8013/260/965 8014/261/965
f 8012/259/965 8014/261/965 8015/262/965
f 8013/260/895 8016/263/895 8017/264/895
f 8013/260/895 8017/264/895 8014/261/895
f 8016/263/966 8018/265/966 8019/266/966
f 8016/263/966 8019/266/966 8017/264/966
f 8020/267/963 8021/268/963 8016/263/963
f 8020/267/963 8016/263/963 8013/260/963
f 8014/261/967 8017/264/967 8022/269/967
f 8014/261/967 8022/269/967 8023/270/967
f 8024/255/897 8025/256/897 8026/257/897
f 8024/255/897 8026/257/897 8027/258/897
f 8028/259/968 8029/260/968 8030/261/968
f 8028/259/968 8030/261/968 8031/262/968
f 8029/260/895 8032/263/895 8033/264/895
f 8029/260/895 8033/264/895 8030/261/895
f 8032/263/969 8034/265/969 8035/266/969
f 8032/263/969 8035/266/969 8033/264/969
f 8036/267/963 8037/268/963 8032/263/963
f 8036/267/963 8032/263/963 8029/260/963
f 8030/261/964 8033/264/964 8038/269/964
f 8030/261/964 8038/269/964 8039/270/964
f 8040/255/897 8041/256/897 8042/257/897
f 8040/255/897 8042/257/897 8043/258/897
f 8044/259/970 8045/260/970 8046/261/970
f 8044/259/970 8046/261/970 8047/262/970
f 8045/260/895 8048/263/895 8049/264/895
f 8045/260/895 8049/264/895 8046/261/895
f 8048/263/971 8050/265/971 8051/266/971
f 8048/263/971 8051/266/971 8049/264/971
f 8052/267/972 8053/268/972 8048/263/972
f 8052/267/972 8048/263/972 8045/260/972
f 8046/261/973 8049/264/973 8054/269/973
f 8046/261/973 8054/269/973 8055/270/973
f 8056/255/897 8057/256/897 8058/257/897
f 8056/255/897 8058/257/897 8059/258/897
f 8060/259/974 8061/260/974 8062/261/974
f 8060/259/974 8062/261/974 8063/262/974
f 8061/260/895 8064/263/895 8065/264/895
f 8061/260/895 8065/264/895 8062/261/895
f 8064/263/902 8066/265/902 8067/266/902
f 8064/263/902 8067/266/902 8065/264/902
f 8068/267/903 8069/268/903 8064/263/903
f 8068/267/903 8064/263/903 8061/260/903
f 8062/261/975 8065/264/975 8070/269/975
f 8062/261/975 8070/269/975 8071/270/975
f 8072/255/897 8073/256/897 8074/257/897
f 8072/255/897 8074/257/897 8075/258/897
f 8076/259/896 8077/260/896 8078/261/896
f 8076/259/896 8078/261/896 8079/262/896
f 8077/260/895 8080/263/895 8081/264/895
f 8077/260/895 8081/264/895 8078/261/895
f 8080/263/898 8082/265/898 8083/266/898
f 8080/263/898 8083/266/898 8081/264/898
f 8084/267/900 8085/268/900 8080/263/900
f 8084/267/900 8080/263/900 8077/260/900
f 8078/261/899 8081/264/899 8086/269/899
f 8078/261/899 8086/269/899 8087/270/899
f 8088/255/897 8089/256/897 8090/257/897
f 8088/255/897 8090/257/897 8091/258/897
f 8092/259/917 8093/260/917 8094/261/917
f 8092/259/917 8094/261/917 8095/262/917
f 8093/260/895 8096/263/895 8097/264/895
f 8093/260/895 8097/264/895 8094/261/895
f 8096/263/976 8098/265/976 8099/266/976
f 8096/263/976 8099/266/976 8097/264/976
f 8100/267/977 8101/268/977 8096/263/977
f 8100/267/977 8096/263/977 8093/260/977
f 8094/261/919 8097/264/919 8102/269/919
f 8094/261/919 8102/269/919 8103/270/919
f 8104/255/897 8105/256/897 8106/257/897
f 8104/255/897 8106/257/897 8107/258/897
f 8108/259/896 8109/260/896 8110/261/896
f 8108/259/896 8110/261/896 8111/262/896
f 8109/260/895 8112/263/895 8113/264/895
f 8109/260/895 8113/264/895 8110/261/895
f 8112/263/898 8114/265/898 8115/266/898
f 8112/263/898 8115/266/898 8113/264/898
f 8116/267/900 8117/268/900 8112/263/900
f 8116/267/900 8112/263/900 8109/260/900
f 8110/261/899 8113/264/899 8118/269/899
f 8110/261/899 8118/269/899 8119/270/899
f 8120/255/897 8121/256/897 8122/257/897
f 8120/255/897 8122/257/897 8123/258/897
f 8124/259/896 8125/260/896 8126/261/896
f 8124/259/896 8126/261/896 8127/262/896
f 8125/260/895 8128/263/895 8129/264/895
f 8125/260/895 8129/264/895 8126/261/895
f 8128/263/898 8130/265/898 8131/266/898
f 8128/263/898 8131/266/898 8129/264/898
f 8132/267/900 8133/268/900 8128/263/900
f 8132/267/900 8128/263/900 8125/260/900
f 8126/261/899 8129/264/899 8134/269/899
f 8126/261/899 8134/269/899 8135/270/899
f 8136/255/897 8137/256/897 8138/257/897
f 8136/255/897 8138/257/897 8139/258/897
f 8140/259/896 8141/260/896 8142/261/896
f 8140/259/896 8142/261/896 8143/262/896
f 8141/260/895 8144/263/895 8145/264/895
f 8141/260/895 8145/264/895 8142/261/895
f 8144/263/898 8146/265/898 8147/266/898
f 8144/263/898 8147/266/898 8145/264/898
f 8148/267/900 8149/268/900 8144/263/900
f 8148/267/900 8144/263/900 8141/260/900
f 8142/261/899 8145/264/899 8150/269/899
f 8142/261/899 8150/269/899 8151/270/899
f 8152/255/897 8153/256/897 8154/257/897
f 8152/255/897 8154/257/897 8155/258/897
f 8156/259/896 8157/260/896 8158/261/896
f 8156/259/896 8158/261/896 8159/262/896
f 8157/260/895 8160/263/895 8161/264/895
f 8157/260/895 8161/264/895 8158/261/895
f 8160/263/898 8162/265/898 8163/266/898
f 8160/263/898 8163/266/898 8161/264/898
f 8164/267/900 8165/268/900 8160/263/900
f 8164/267/900 8160/263/900 8157/260/900
f 8158/261/899 8161/264/899 8166/269/899
f 8158/261/899 8166/269/899 8167/270/899
f 8168/255/897 8169/256/897 8170/257/897
f 8168/255/897 8170/257/897 8171/258/897
f 8172/259/896 8173/260/896 8174/261/896
f 8172/259/896 8174/261/896 8175/262/896
f 8173/260/895 8176/263/895 8177/264/895
f 8173/260/895 8177/264/895 8174/261/895
f 8176/263/898 8178/265/898 8179/266/898
f 8176/263/898 8179/266/898 8177/264/898
f 8180/267/900 8181/268/900 8176/263/900
f 8180/267/900 8176/263/900 8173/260/900
f 8174/261/899 8177/264/899 8182/269/899
f 8174/261/899 8182/269/899 8183/270/899
f 8184/255/897 8185/256/897 8186/257/897
f 8184/255/897 8186/257/897 8187/258/897
f 8188/259/896 8189/260/896 8190/261/896
f 8188/259/896 8190/261/896 8191/262/896
f 8189/260/895 8192/263/895 8193/264/895
f 8189/260/895 8193/264/895 8190/261/895
f 8192/263/898 8194/265/898 8195/266/898
f 8192/263/898 8195/266/898 8193/264/898
f 8196/267/900 8197/268/900 8192/263/900
f 8196/267/900 8192/263/900 8189/260/900
f 8190/261/899 8193/264/899 8198/269/899
f 8190/261/899 8198/269/899 8199/270/899
f 8200/255/897 8201/256/897 8202/257/897
f 8200/255/897 8202/257/897 8203/258/897
f 8204/259/896 8205/260/896 8206/261/896
f 8204/259/896 8206/261/896 8207/262/896
f 8205/260/895 8208/263/895 8209/264/895
f 8205/260/895 8209/264/895 8206/261/895
f 8208/263/898 8210/265/898 8211/266/898
f 8208/263/898 8211/266/898 8209/264/898
f 8212/267/900 8213/268/900 8208/263/900
f 8212/267/900 8208/263/900 8205/260/900
f 8206/261/899 8209/264/899 8214/269/899
f 8206/261/899 8214/269/899 8215/270/899
f 8216/255/897 8217/256/897 8218/257/897
f 8216/255/897 8218/257/897 8219/258/897
f 8220/259/978 8221/260/978 8222/261/978
f 8220/259/978 8222/261/978 8223/262/978
f 8221/260/895 8224/263/895 8225/264/895
f 8221/260/895 8225/264/895 8222/261/895
f 8224/263/979 8226/265/979 8227/266/979
f 8224/263/979 8227/266/979 8225/264/979
f 8228/267/980 8229/268/980 8224/263/980
f 8228/267/980 8224/263/980 8221/260/980
f 8222/261/981 8225/264/981 8230/269/981
f 8222/261/981 8230/269/981 8231/270/981
f 8232/255/897 8233/256/897 8234/257/897
f 8232/255/897 8234/257/897 8235/258/897
f 8236/259/982 8237/260/982 8238/261/982
f 8236/259/982 8238/261/982 8239/262/982
f 8237/260/895 8240/263/895 8241/264/895
f 8237/260/895 8241/264/895 8238/261/895
f 8240/263/983 8242/265/983 8243/266/983
f 8240/263/983 8243/266/983 8241/264/983
f 8244/267/984 8245/268/984 8240/263/984
f 8244/267/984 8240/263/984 8237/260/984
f 8238/261/985 8241/264/985 8246/269/985
f 8238/261/985 8246/269/985 8247/270/985
f 8248/255/897 8249/256/897 8250/257/897
f 8248/255/897 8250/257/897 8251/258/897
f 8252/259/986 8253/260/986 8254/261/986
f 8252/259/986 8254/261/986 8255/262/986
f 8253/260/895 8256/263/895 8257/264/895
f 8253/260/895 8257/264/895 8254/261/895
f 8256/263/987 8258/265/987 8259/266/987
f 8256/263/987 8259/266/987 8257/264/987
f 8260/267/988 8261/268/988 8256/263/988
f 8260/267/988 8256/263/988 8253/260/988
f 8254/261/989 8257/264/989 8262/269/989
f 8254/261/989 8262/269/989 8263/270/989
f 8264/255/897 8265/256/897 8266/257/897
f 8264/255/897 8266/257/897 8267/258/897
f 8268/259/899 8269/260/899 8270/261/899
f 8268/259/899 8270/261/899 8271/262/899
f 8269/260/895 8272/263/895 8273/264/895
f 8269/260/895 8273/264/895 8270/261/895
f 8272/263/900 8274/265/900 8275/266/900
f 8272/263/900 8275/266/900 8273/264/900
f 8276/267/896 8277/268/896 8272/263/896
f 8276/267/896 8272/263/896 8269/260/896
f 8270/261/898 8273/264/898 8278/269/898
f 8270/261/898 8278/269/898 8279/270/898
f 8280/255/897 8281/256/897 8282/257/897
f 8280/255/897 8282/257/897 8283/258/897
f 8284/259/896 8285/260/896 8286/261/896
f 8284/259/896 8286/261/896 8287/262/896
f 8285/260/895 8288/263/895 8289/264/895
f 8285/260/895 8289/264/895 8286/261/895
f 8288/263/898 8290/265/898 8291/266/898
f 8288/263/898 8291/266/898 8289/264/898
f 8292/267/900 8293/268/900 8288/263/900
f 8292/267/900 8288/263/900 8285/260/900
f 8286/261/899 8289/264/899 8294/269/899
f 8286/261/899 8294/269/899 8295/270/899
f 8296/255/897 8297/256/897 8298/257/897
f 8296/255/897 8298/257/897 8299/258/897
f 8300/259/896 8301/260/896 8302/261/896
f 8300/259/896 8302/261/896 8303/262/896
f 8301/260/895 8304/263/895 8305/264/895
f 8301/260/895 8305/264/895 8302/261/895
f 8304/263/898 8306/265/898 8307/266/898
f 8304/263/898 8307/266/898 8305/264/898
f 8308/267/900 8309/268/900 8304/263/900
f 8308/267/900 8304/263/900 8301/260/900
f 8302/261/899 8305/264/899 8310/269/899
f 8302/261/899 8310/269/899 8311/270/899
f 8312/255/897 8313/256/897 8314/257/897
f 8312/255/897 8314/257/897 8315/258/897
f 8316/259/896 8317/260/896 8318/261/896
f 8316/259/896 8318/261/896 8319/262/896
f 8317/260/895 8320/263/895 8321/264/895
f 8317/260/895 8321/264/895 8318/261/895
f 8320/263/898 8322/265/898 8323/266/898
f 8320/263/898 8323/266/898 8321/264/898
f 8324/267/900 8325/268/900 8320/263/900
f 8324/267/900 8320/263/900 8317/260/900
f 8318/261/899 8321/264/899 8326/269/899
f 8318/261/899 8326/269/899 8327/270/899
f 8328/255/897 8329/256/897 8330/257/897
f 8328/255/897 8330/257/897 8331/258/897
f 8332/259/896 8333/260/896 8334/261/896
f 8332/259/896 8334/261/896 8335/262/896
f 8333/260/895 8336/263/895 8337/264/895
f 8333/260/895 8337/264/895 8334/261/895
f 8336/263/898 8338/265/898 8339/266/898
f 8336/263/898 8339/266/898 8337/264/898
f 8340/267/900 8341/268/900 8336/263/900
f 8340/267/900 8336/263/900 8333/260/900
f 8334/261/899 8337/264/899 8342/269/899
f 8334/261/899 8342/269/899 8343/270/899
f 8344/255/897 8345/256/897 8346/257/897
f 8344/255/897 8346/257/897 8347/258/897
f 8348/259/896 8349/260/896 8350/261/896
f 8348/259/896 8350/261/896 8351/262/896
f 8349/260/895 8352/263/895 8353/264/895
f 8349/260/895 8353/264/895 8350/261/895
f 8352/263/898 8354/265/898 8355/266/898
f 8352/263/898 8355/266/898 8353/264/898
f 8356/267/900 8357/268/900 8352/263/900
f 8356/267/900 8352/263/900 8349/260/900
f 8350/261/899 8353/264/899 8358/269/899
f 8350/261/899 8358/269/899 8359/270/899
f 8360/255/897 8361/256/897 8362/257/897
f 8360/255/897 8362/257/897 8363/258/897
f 8364/259/896 8365/260/896 8366/261/896
f 8364/259/896 8366/261/896 8367/262/896
f 8365/260/895 8368/263/895 8369/264/895
f 8365/260/895 8369/264/895 8366/261/895
f 8368/263/898 8370/265/898 8371/266/898
f 8368/263/898 8371/266/898 8369/264/898
f 8372/267/900 8373/268/900 8368/263/900
f 8372/267/900 8368/263/900 8365/260/900
f 8366/261/899 8369/264/899 8374/269/899
f 8366/261/899 8374/269/899 8375/270/899
f 8376/255/897 8377/256/897 8378/257/897
f 8376/255/897 8378/257/897 8379/258/897
f 8380/259/896 8381/260/896 8382/261/896
f 8380/259/896 8382/261/896 8383/262/896
f 8381/260/895 8384/263/895 8385/264/895
f 8381/260/895 8385/264/895 8382/261/895
f 8384/263/898 8386/265/898 8387/266/898
f 8384/263/898 8387/266/898 8385/264/898
f 8388/267/900 8389/268/900 8384/263/900
f 8388/267/900 8384/263/900 8381/260/900
f 8382/261/899 8385/264/899 8390/269/899
f 8382/261/899 8390/269/899 8391/270/899
f 8392/255/897 8393/256/897 8394/257/897
f 8392/255/897 8394/257/897 8395/258/897
f 8396/259/896 8397/260/896 8398/261/896
f 8396/259/896 8398/261/896 8399/262/896
f 8397/260/895 8400/263/895 8401/264/895
f 8397/260/895 8401/264/895 8398/261/895
f 8400/263/898 8402/265/898 8403/266/898
f 8400/263/898 8403/266/898 8401/264/898
f 8404/267/900 8405/268/900 8400/263/900
f 8404/267/900 8400/263/900 8397/260/900
f 8398/261/899 8401/264/899 8406/269/899
f 8398/261/899 8406/269/899 8407/270/899
f 8408/255/897 8409/256/897 8410/257/897
f 8408/255/897 8410/257/897 8411/258/897
f 8412/259/990 8413/260/990 8414/261/990
f 8412/259/990 8414/261/990 8415/262/990
f 8413/260/895 8416/263/895 8417/264/895
f 8413/260/895 8417/264/895 8414/261/895
f 8416/263/991 8418/265/991 8419/266/991
f 8416/263/991 8419/266/991 8417/264/991
f 8420/267/992 8421/268/992 8416/263/992
f 8420/267/992 8416/263/992 8413/260/992
f 8414/261/993 8417/264/993 8422/269/993
f 8414/261/993 8422/269/993 8423/270/993
f 8424/255/897 8425/256/897 8426/257/897
f 8424/255/897 8426/257/897 8427/258/897
f 8428/259/896 8429/260/896 8430/261/896
f 8428/259/896 8430/261/896 8431/262/896
f 8429/260/895 8432/263/895 8433/264/895
f 8429/260/895 8433/264/895 8430/261/895
f 8432/263/898 8434/265/898 8435/266/898
f 8432/263/898 8435/266/898 8433/264/898
f 8436/267/900 8437/268/900 8432/263/900
f 8436/267/900 8432/263/900 8429/260/900
f 8430/261/899 8433/264/899 8438/269/899
f 8430/261/899 8438/269/899 8439/270/899
f 8440/255/897 8441/256/897 8442/257/897
f 8440/255/897 8442/257/897 8443/258/897
f 8444/259/896 8445/260/896 8446/261/896
f 8444/259/896 8446/261/896 8447/262/896
f 8445/260/895 8448/263/895 8449/264/895
f 8445/260/895 8449/264/895 8446/261/895
f 8448/263/898 8450/265/898 8451/266/898
f 8448/263/898 8451/266/898 8449/264/898
f 8452/267/900 8453/268/900 8448/263/900
f 8452/267/900 8448/263/900 8445/260/900
f 8446/261/899 8449/264/899 8454/269/899
f 8446/261/899 8454/269/899 8455/270/899
f 8456/255/897 8457/256/897 8458/257/897
f 8456/255/897 8458/257/897 8459/258/897
f 8460/259/896 8461/260/896 8462/261/896
f 8460/259/896 8462/261/896 8463/262/896
f 8461/260/895 8464/263/895 8465/264/895
f 8461/260/895 8465/264/895 8462/261/895
f 8464/263/898 8466/265/898 8467/266/898
f 8464/263/898 8467/266/898 8465/264/898
f 8468/267/900 8469/268/900 8464/263/900
f 8468/267/900 8464/263/900 8461/260/900
f 8462/261/899 8465/264/899 8470/269/899
f 8462/261/899 8470/269/899 8471/270/899
f 8472/255/897 8473/256/897 8474/257/897
f 8472/255/897 8474/257/897 8475/258/897
f 8476/259/896 8477/260/896 8478/261/896
f 8476/259/896 8478/261/896 8479/262/896
f 8477/260/895 8480/263/895 8481/264/895
f 8477/260/895 8481/264/895 8478/261/895
f 8480/263/898 8482/265/898 8483/266/898
f 8480/263/898 8483/266/898 8481/264/898
f 8484/267/900 8485/268/900 8480/263/900
f 8484/267/900 8480/263/900 8477/260/900
f 8478/261/899 8481/264/899 8486/269/899
f 8478/261/899 8486/269/899 8487/270/899
f 8488/255/897 8489/256/897 8490/257/897
f 8488/255/897 8490/257/897 8491/258/897
f 8492/259/994 8493/260/994 8494/261/994
f 8492/259/994 8494/261/994 8495/262/994
f 8493/260/895 8496/263/895 8497/264/895
f 8493/260/895 8497/264/895 8494/261/895
f 8496/263/995 8498/265/995 8499/266/995
f 8496/263/995 8499/266/995 8497/264/995
f 8500/267/996 8501/268/996 8496/263/996
f 8500/267/996 8496/263/996 8493/260/996
f 8494/261/997 8497/264/997 8502/269/997
f 8494/261/997 8502/269/997 8503/270/997
f 8504/255/895 8505/256/895 8506/257/895
f 8504/255/895 8506/257/895 8507/258/895
f 8508/259/998 8509/260/998 8510/261/998
f 8508/259/998 8510/261/998 8511/262/998
f 8509/260/897 8512/263/897 8513/264/897
f 8509/260/897 8513/264/897 8510/261/897
f 8512/263/999 8514/265/999 8515/266/999
f 8512/263/999 8515/266/999 8513/264/999
f 8516/267/1000 8517/268/1000 8512/263/1000
f 8516/267/1000 8512/263/1000 8509/260/1000
f 8510/261/1001 8513/264/1001 8518/269/1001
f 8510/261/1001 8518/269/1001 8519/270/1001
f 8520/255/895 8521/256/895 8522/257/895
f 8520/255/895 8522/257/895 8523/258/895
f 8524/259/1002 8525/260/1002 8526/261/1002
f 8524/259/1002 8526/261/1002 8527/262/1002
f 8525/260/897 8528/263/897 8529/264/897
f 8525/260/897 8529/264/897 8526/261/897
f 8528/263/1003 8530/265/1003 8531/266/1003
f 8528/263/1003 8531/266/1003 8529/264/1003
f 8532/267/1004 8533/268/1004 8528/263/1004
f 8532/267/1004 8528/263/1004 8525/260/1004
f 8526/261/1001 8529/264/1001 8534/269/1001
f 8526/261/1001 8534/269/1001 8535/270/1001
f 8536/255/895 8537/256/895 8538/257/895
f 8536/255/895 8538/257/895 8539/258/895
f 8540/259/1005 8541/260/1005 8542/261/1005
f 8540/259/1005 8542/261/1005 8543/262/1005
f 8541/260/897 8544/263/897 8545/264/897
f 8541/260/897 8545/264/897 8542/261/897
f 8544/263/1006 8546/265/1006 8547/266/1006
f 8544/263/1006 8547/266/1006 8545/264/1006
f 8548/267/1007 8549/268/1007 8544/263/1007
f 8548/267/1007 8544/263/1007 8541/260/1007
f 8542/261/1008 8545/264/1008 8550/269/1008
f 8542/261/1008 8550/269/1008 8551/270/1008
f 8552/255/895 8553/256/895 8554/257/895
f 8552/255/895 8554/257/895 8555/258/895
f 8556/259/1009 8557/260/1009 8558/261/1009
f 8556/259/1009 8558/261/1009 8559/262/1009
f 8557/260/897 8560/263/897 8561/264/897
f 8557/260/897 8561/264/897 8558/261/897
f 8560/263/1010 8562/265/1010 8563/266/1010
f 8560/263/1010 8563/266/1010 8561/264/1010
f 8564/267/1011 8565/268/1011 8560/263/1011
f 8564/267/1011 8560/263/1011 8557/260/1011
f 8558/261/1012 8561/264/1012 8566/269/1012
f 8558/261/1012 8566/269/1012 8567/270/1012
f 8568/255/895 8569/256/895 8570/257/895
f 8568/255/895 8570/257/895 8571/258/895
f 8572/259/1013 8573/260/1013 8574/261/1013
f 8572/259/1013 8574/261/1013 8575/262/1013
f 8573/260/897 8576/263/897 8577/264/897
f 8573/260/897 8577/264/897 8574/261/897
f 8576/263/1014 8578/265/1014 8579/266/1014
f 8576/263/1014 8579/266/1014 8577/264/1014
f 8580/267/1015 8581/268/1015 8576/263/1015
f 8580/267/1015 8576/263/1015 8573/260/1015
f 8574/261/1016 8577/264/1016 8582/269/1016
f 8574/261/1016 8582/269/1016 8583/270/1016
f 8584/271/895 8585/259/895 8586/262/895
f 8584/271/895 8586/262/895 8587/272/895
f 8585/259/1017 8588/260/1017 8589/261/1017
f 8585/259/1017 8589/261/1017 8586/262/1017
f 8588/260/897 8590/263/897 8591/264/897
f 8588/260/897 8591/264/897 8589/261/897
f 8590/263/1018 8592/265/1018 8593/266/1018
f 8590/263/1018 8593/266/1018 8591/264/1018
f 8594/267/1019 8595/268/1019 8590/263/1019
f 8594/267/1019 8590/263/1019 8588/260/1019
f 8589/261/1020 8591/264/1020 8596/269/1020
f 8589/261/1020 8596/269/1020 8597/270/1020
f 8598/255/895 8599/256/895 8600/257/895
f 8598/255/895 8600/257/895 8601/258/895
f 8602/259/1021 8603/260/1021 8604/261/1021
f 8602/259/1021 8604/261/1021 8605/262/1021
f 8603/260/897 8606/263/897 8607/264/897
f 8603/260/897 8607/264/897 8604/261/897
f 8606/263/1022 8608/265/1022 8609/266/1022
f 8606/263/1022 8609/266/1022 8607/264/1022
f 8610/267/1023 8611/268/1023 8606/263/1023
f 8610/267/1023 8606/263/1023 8603/260/1023
f 8604/261/1024 8607/264/1024 8612/269/1024
f 8604/261/1024 8612/269/1024 8613/270/1024
f 8614/255/895 8615/256/895 8616/257/895
f 8614/255/895 8616/257/895 8617/258/895
f 8618/259/1025 8619/260/1025 8620/261/1025
f 8618/259/1025 8620/261/1025 8621/262/1025
f 8619/260/897 8622/263/897 8623/264/897
f 8619/260/897 8623/264/897 8620/261/897
f 8622/263/1026 8624/265/1026 8625/266/1026
f 8622/263/1026 8625/266/1026 8623/264/1026
f 8626/267/1027 8627/268/1027 8622/263/1027
f 8626/267/1027 8622/263/1027 8619/260/1027
f 8620/261/1028 8623/264/1028 8628/269/1028
f 8620/261/1028 8628/269/1028 8629/270/1028
f 8630/255/895 8631/256/895 8632/257/895
f 8630/255/895 8632/257/895 8633/258/895
f 8634/259/1029 8635/260/1029 8636/261/1029
f 8634/259/1029 8636/261/1029 8637/262/1029
f 8635/260/897 8638/263/897 8639/264/897
f 8635/260/897 8639/264/897 8636/261/897
f 8638/263/1030 8640/265/1030 8641/266/1030
f 8638/263/1030 8641/266/1030 8639/264/1030
f 8642/267/1031 8643/268/1031 8638/263/1031
f 8642/267/1031 8638/263/1031 8635/260/1031
f 8636/261/1032 8639/264/1032 8644/269/1032
f 8636/261/1032 8644/269/1032 8645/270/1032
f 8646/255/895 8647/256/895 8648/257/895
f 8646/255/895 8648/257/895 8649/258/895
f 8650/259/1033 8651/260/1033 8652/261/1033
f 8650/259/1033 8652/261/1033 8653/262/1033
f 8651/260/897 8654/263/897 8655/264/897
f 8651/260/897 8655/264/897 8652/261/897
f 8654/263/1034 8656/265/1034 8657/266/1034
f 8654/263/1034 8657/266/1034 8655/264/1034
f 8658/267/1035 8659/268/1035 8654/263/1035
f 8658/267/1035 8654/263/1035 8651/260/1035
f 8652/261/1036 8655/264/1036 8660/269/1036
f 8652/261/1036 8660/269/1036 8661/270/1036
f 8662/255/895 8663/256/895 8664/257/895
f 8662/255/895 8664/257/895 8665/258/895
f 8666/259/1037 8667/260/1037 8668/261/1037
f 8666/259/1037 8668/261/1037 8669/262/1037
f 8667/260/897 8670/263/897 8671/264/897
f 8667/260/897 8671/264/897 8668/261/897
f 8670/263/1038 8672/265/1038 8673/266/1038
f 8670/263/1038 8673/266/1038 8671/264/1038
f 8674/267/1035 8675/268/1035 8670/263/1035
f 8674/267/1035 8670/263/1035 8667/260/1035
f 8668/261/1039 8671/264/1039 8676/269/1039
f 8668/261/1039 8676/269/1039 8677/270/1039
f 8678/255/895 8679/256/895 8680/257/895
f 8678/255/895 8680/257/895 8681/258/895
f 8682/259/1040 8683/260/1040 8684/261/1040
f 8682/259/1040 8684/261/1040 8685/262/1040
f 8683/260/897 8686/263/897 8687/264/897
f 8683/260/897 8687/264/897 8684/261/897
f 8686/263/1041 8688/265/1041 8689/266/1041
f 8686/263/1041 8689/266/1041 8687/264/1041
f 8690/267/1042 8691/268/1042 8686/263/1042
f 8690/267/1042 8686/263/1042 8683/260/1042
f 8684/261/1043 8687/264/1043 8692/269/1043
f 8684/261/1043 8692/269/1043 8693/270/1043
f 8694/255/895 8695/256/895 8696/257/895
f 8694/255/895 8696/257/895 8697/258/895
f 8698/259/1044 8699/260/1044 8700/261/1044
f 8698/259/1044 8700/261/1044 8701/262/1044
f 8699/260/897 8702/263/897 8703/264/897
f 8699/260/897 8703/264/897 8700/261/897
f 8702/263/1045 8704/265/1045 8705/266/1045
f 8702/263/1045 8705/266/1045 8703/264/1045
f 8706/267/1035 8707/268/1035 8702/263/1035
f 8706/267/1035 8702/263/1035 8699/260/1035
f 8700/261/1046 8703/264/1046 8708/269/1046
f 8700/261/1046 8708/269/1046 8709/270/1046
f 8710/255/895 8711/256/895 8712/257/895
f 8710/255/895 8712/257/895 8713/258/895
f 8714/259/1047 8715/260/1047 8716/261/1047
f 8714/259/1047 8716/261/1047 8717/262/1047
f 8715/260/897 8718/263/897 8719/264/897
f 8715/260/897 8719/264/897 8716/261/897
f 8718/263/1048 8720/265/1048 8721/266/1048
f 8718/263/1048 8721/266/1048 8719/264/1048
f 8722/267/1049 8723/268/1049 8718/263/1049
f 8722/267/1049 8718/263/1049 8715/260/1049
f 8716/261/1036 8719/264/1036 8724/269/1036
f 8716/261/1036 8724/269/1036 8725/270/1036
f 8726/255/895 8727/256/895 8728/257/895
f 8726/255/895 8728/257/895 8729/258/895
f 8730/259/896 8731/260/896 8732/261/896
f 8730/259/896 8732/261/896 8733/262/896
f 8731/260/897 8734/263/897 8735/264/897
f 8731/260/897 8735/264/897 8732/261/897
f 8734/263/898 8736/265/898 8737/266/898
f 8734/263/898 8737/266/898 8735/264/898
f 8738/267/899 8739/268/899 8734/263/899
f 8738/267/899 8734/263/899 8731/260/899
f 8732/261/900 8735/264/900 8740/269/900
f 8732/261/900 8740/269/900 8741/270/900
f 8742/255/895 8743/256/895 8744/257/895
f 8742/255/895 8744/257/895 8745/258/895
f 8746/259/1050 8747/260/1050 8748/261/1050
f 8746/259/1050 8748/261/1050 8749/262/1050
f 8747/260/897 8750/263/897 8751/264/897
f 8747/260/897 8751/264/897 8748/261/897
f 8750/263/1051 8752/265/1051 8753/266/1051
f 8750/263/1051 8753/266/1051 8751/264/1051
f 8754/267/1052 8755/268/1052 8750/263/1052
f 8754/267/1052 8750/263/1052 8747/260/1052
f 8748/261/1053 8751/264/1053 8756/269/1053
f 8748/261/1053 8756/269/1053 8757/270/1053
f 8758/255/895 8759/256/895 8760/257/895
f 8758/255/895 8760/257/895 8761/258/895
f 8762/259/1054 8763/260/1054 8764/261/1054
f 8762/259/1054 8764/261/1054 8765/262/1054
f 8763/260/897 8766/263/897 8767/264/897
f 8763/260/897 8767/264/897 8764/261/897
f 8766/263/1055 8768/265/1055 8769/266/1055
f 8766/263/1055 8769/266/1055 8767/264/1055
f 8770/267/1056 8771/268/1056 8766/263/1056
f 8770/267/1056 8766/263/1056 8763/260/1056
f 8764/261/1057 8767/264/1057 8772/269/1057
f 8764/261/1057 8772/269/1057 8773/270/1057
f 8774/255/895 8775/256/895 8776/257/895
f 8774/255/895 8776/257/895 8777/258/895
f 8778/259/896 8779/260/896 8780/261/896
f 8778/259/896 8780/261/896 8781/262/896
f 8779/260/897 8782/263/897 8783/264/897
f 8779/260/897 8783/264/897 8780/261/897
f 8782/263/898 8784/265/898 8785/266/898
f 8782/263/898 8785/266/898 8783/264/898
f 8786/267/899 8787/268/899 8782/263/899
f 8786/267/899 8782/263/899 8779/260/899
f 8780/261/900 8783/264/900 8788/269/900
f 8780/261/900 8788/269/900 8789/270/900
f 8790/255/895 8791/256/895 8792/257/895
f 8790/255/895 8792/257/895 8793/258/895
f 8794/259/896 8795/260/896 8796/261/896
f 8794/259/896 8796/261/896 8797/262/896
f 8795/260/897 8798/263/897 8799/264/897
f 8795/260/897 8799/264/897 8796/261/897
f 8798/263/898 8800/265/898 8801/266/898
f 8798/263/898 8801/266/898 8799/264/898
f 8802/267/899 8803/268/899 8798/263/899
f 8802/267/899 8798/263/899 8795/260/899
f 8796/261/900 8799/264/900 8804/269/900
f 8796/261/900 8804/269/900 8805/270/900
f 8806/255/895 8807/256/895 8808/257/895
f 8806/255/895 8808/257/895 8809/258/895
f 8810/259/896 8811/260/896 8812/261/896
f 8810/259/896 8812/261/896 8813/262/896
f 8811/260/897 8814/263/897 8815/264/897
f 8811/260/897 8815/264/897 8812/261/897
f 8814/263/898 8816/265/898 8817/266/898
f 8814/263/898 8817/266/898 8815/264/898
f 8818/267/899 8819/268/899 8814/263/899
f 8818/267/899 8814/263/899 8811/260/899
f 8812/261/900 8815/264/900 8820/269/900
f 8812/261/900 8820/269/900 8821/270/900
f 8822/255/895 8823/256/895 8824/257/895
f 8822/255/895 8824/257/895 8825/258/895
f 8826/259/896 8827/260/896 8828/261/896
f 8826/259/896 8828/261/896 8829/262/896
f 8827/260/897 8830/263/897 8831/264/897
f 8827/260/897 8831/264/897 8828/261/897
f 8830/263/898 8832/265/898 8833/266/898
f 8830/263/898 8833/266/898 8831/264/898
f 8834/267/899 8835/268/899 8830/263/899
f 8834/267/899 8830/263/899 8827/260/899
f 8828/261/900 8831/264/900 8836/269/900
f 8828/261/900 8836/269/900 8837/270/900
f 8838/255/895 8839/256/895 8840/257/895
f 8838/255/895 8840/257/895 8841/258/895
f 8842/259/896 8843/260/896 8844/261/896
f 8842/259/896 8844/261/896 8845/262/896
f 8843/260/897 8846/263/897 8847/264/897
f 8843/260/897 8847/264/897 8844/261/897
f 8846/263/898 8848/265/898 8849/266/898
f 8846/263/898 8849/266/898 8847/264/898
f 8850/267/899 8851/268/899 8846/263/899
f 8850/267/899 8846/263/899 8843/260/899
f 8844/261/900 8847/264/900 8852/269/900
f 8844/261/900 8852/269/900 8853/270/900
f 8854/255/895 8855/256/895 8856/257/895
f 8854/255/895 8856/257/895 8857/258/895
f 8858/259/896 8859/260/896 8860/261/896
f 8858/259/896 8860/261/896 8861/262/896
f 8859/260/897 8862/263/897 8863/264/897
f 8859/260/897 8863/264/897 8860/261/897
f 8862/263/898 8864/265/898 8865/266/898
f 8862/263/898 8865/266/898 8863/264/898
f 8866/267/899 8867/268/899 8862/263/899
f 8866/267/899 8862/263/899 8859/260/899
f 8860/261/900 8863/264/900 8868/269/900
f 8860/261/900 8868/269/900 8869/270/900
f 8870/255/895 8871/256/895 8872/257/895
f 8870/255/895 8872/257/895 8873/258/895
f 8874/259/896 8875/260/896 8876/261/896
f 8874/259/896 8876/261/896 8877/262/896
f 8875/260/897 8878/263/897 8879/264/897
f 8875/260/897 8879/264/897 8876/261/897
f 8878/263/898 8880/265/898 8881/266/898
f 8878/263/898 8881/266/898 8879/264/898
f 8882/267/899 8883/268/899 8878/263/899
f 8882/267/899 8878/263/899 8875/260/899
f 8876/261/900 8879/264/900 8884/269/900
f 8876/261/900 8884/269/900 8885/270/900
f 8886/255/895 8887/256/895 8888/257/895
f 8886/255/895 8888/257/895 8889/258/895
f 8890/259/982 8891/260/982 8892/261/982
f 8890/259/982 8892/261/982 8893/262/982
f 8891/260/897 8894/263/897 8895/264/897
f 8891/260/897 8895/264/897 8892/261/897
f 8894/263/1058 8896/265/1058 8897/266/1058
f 8894/263/1058 8897/266/1058 8895/264/1058
f 8898/267/1059 8899/268/1059 8894/263/1059
f 8898/267/1059 8894/263/1059 8891/260/1059
f 8892/261/984 8895/264/984 8900/269/984
f 8892/261/984 8900/269/984 8901/270/984
f 8902/255/895 8903/256/895 8904/257/895
f 8902/255/895 8904/257/895 8905/258/895
f 8906/259/1060 8907/260/1060 8908/261/1060
f 8906/259/1060 8908/261/1060 8909/262/1060
f 8907/260/897 8910/263/897 8911/264/897
f 8907/260/897 8911/264/897 8908/261/897
f 8910/263/1061 8912/265/1061 8913/266/1061
f 8910/263/1061 8913/266/1061 8911/264/1061
f 8914/267/1062 8915/268/1062 8910/263/1062
f 8914/267/1062 8910/263/1062 8907/260/1062
f 8908/261/1063 8911/264/1063 8916/269/1063
f 8908/261/1063 8916/269/1063 8917/270/1063
f 8918/255/895 8919/256/895 8920/257/895
f 8918/255/895 8920/257/895 8921/258/895
f 8922/259/1064 8923/260/1064 8924/261/1064
f 8922/259/1064 8924/261/1064 8925/262/1064
f 8923/260/897 8926/263/897 8927/264/897
f 8923/260/897 8927/264/897 8924/261/897
f 8926/263/1065 8928/265/1065 8929/266/1065
f 8926/263/1065 8929/266/1065 8927/264/1065
f 8930/267/1066 8931/268/1066 8926/263/1066
f 8930/267/1066 8926/263/1066 8923/260/1066
f 8924/261/1067 8927/264/1067 8932/269/1067
f 8924/261/1067 8932/269/1067 8933/270/1067
f 8934/255/895 8935/256/895 8936/257/895
f 8934/255/895 8936/257/895 8937/258/895
f 8938/259/896 8939/260/896 8940/261/896
f 8938/259/896 8940/261/896 8941/262/896
f 8939/260/897 8942/263/897 8943/264/897
f 8939/260/897 8943/264/897 8940/261/897
f 8942/263/898 8944/265/898 8945/266/898
f 8942/263/898 8945/266/898 8943/264/898
f 8946/267/899 8947/268/899 8942/263/899
f 8946/267/899 8942/263/899 8939/260/899
f 8940/261/900 8943/264/900 8948/269/900
f 8940/261/900 8948/269/900 8949/270/900
f 8950/255/895 8951/256/895 8952/257/895
f 8950/255/895 8952/257/895 8953/258/895
f 8954/259/896 8955/260/896 8956/261/896
f 8954/259/896 8956/261/896 8957/262/896
f 8955/260/897 8958/263/897 8959/264/897
f 8955/260/897 8959/264/897 8956/261/897
f 8958/263/898 8960/265/898 8961/266/898
f 8958/263/898 8961/266/898 8959/264/898
f 8962/267/899 8963/268/899 8958/263/899
f 8962/267/899 8958/263/899 8955/260/899
f 8956/261/900 8959/264/900 8964/269/900
f 8956/261/900 8964/269/900 8965/270/900
f 8966/255/895 8967/256/895 8968/257/895
f 8966/255/895 8968/257/895 8969/258/895
f 8970/259/896 8971/260/896 8972/261/896
f 8970/259/896 8972/261/896 8973/262/896
f 8971/260/897 8974/263/897 8975/264/897
f 8971/260/897 8975/264/897 8972/261/897
f 8974/263/898 8976/265/898 8977/266/898
f 8974/263/898 8977/266/898 8975/264/898
f 8978/267/899 8979/268/899 8974/263/899
f 8978/267/899 8974/263/899 8971/260/899
f 8972/261/900 8975/264/900 8980/269/900
f 8972/261/900 8980/269/900 8981/270/900
f 8982/255/895 8983/256/895 8984/257/895
f 8982/255/895 8984/257/895 8985/258/895
f 8986/259/896 8987/260/896 8988/261/896
f 8986/259/896 8988/261/896 8989/262/896
f 8987/260/897 8990/263/897 8991/264/897
f 8987/260/897 8991/264/897 8988/261/897
f 8990/263/898 8992/265/898 8993/266/898
f 8990/263/898 8993/266/898 8991/264/898
f 8994/267/899 8995/268/899 8990/263/899
f 8994/267/899 8990/263/899 8987/260/899
f 8988/261/900 8991/264/900 8996/269/900
f 8988/261/900 8996/269/900 8997/270/900
f 8998/255/895 8999/256/895 9000/257/895
f 8998/255/895 9000/257/895 9001/258/895
f 9002/259/896 9003/260/896 9004/261/896
f 9002/259/896 9004/261/896 9005/262/896
f 9003/260/897 9006/263/897 9007/264/897
f 9003/260/897 9007/264/897 9004/261/897
f 9006/263/898 9008/265/898 9009/266/898
f 9006/263/898 9009/266/898 9007/264/898
f 9010/267/899 9011/268/899 9006/263/899
f 9010/267/899 9006/263/899 9003/260/899
f 9004/261/900 9007/264/900 9012/269/900
f 9004/261/900 9012/269/900 9013/270/900
f 9014/255/895 9015/256/895 9016/257/895
f 9014/255/895 9016/257/895 9017/258/895
f 9018/259/896 9019/260/896 9020/261/896
f 9018/259/896 9020/261/896 9021/262/896
f 9019/260/897 9022/263/897 9023/264/897
f 9019/260/897 9023/264/897 9020/261/897
f 9022/263/898 9024/265/898 9025/266/898
f 9022/263/898 9025/266/898 9023/264/898
f 9026/267/899 9027/268/899 9022/263/899
f 9026/267/899 9022/263/899 9019/260/899
f 9020/261/900 9023/264/900 9028/269/900
f 9020/261/900 9028/269/900 9029/270/900
f 9030/255/895 9031/256/895 9032/257/895
f 9030/255/895 9032/257/895 9033/258/895
f 9034/259/896 9035/260/896 9036/261/896
f 9034/259/896 9036/261/896 9037/262/896
f 9035/260/897 9038/263/897 9039/264/897
f 9035/260/897 9039/264/897 9036/261/897
f 9038/263/898 9040/265/898 9041/266/898
f 9038/263/898 9041/266/898 9039/264/898
f 9042/267/899 9043/268/899 9038/263/899
f 9042/267/899 9038/263/899 9035/260/899
f 9036/261/900 9039/264/900 9044/269/900
f 9036/261/900 9044/269/900 9045/270/900
f 9046/255/895 9047/256/895 9048/257/895
f 9046/255/895 9048/257/895 9049/258/895
f 9050/259/896 9051/260/896 9052/261/896
f 9050/259/896 9052/261/896 9053/262/896
f 9051/260/897 9054/263/897 9055/264/897
f 9051/260/897 9055/264/897 9052/261/897
f 9054/263/898 9056/265/898 9057/266/898
f 9054/263/898 9057/266/898 9055/264/898
f 9058/267/899 9059/268/899 9054/263/899
f 9058/267/899 9054/263/899 9051/260/899
f 9052/261/900 9055/264/900 9060/269/900
f 9052/261/900 9060/269/900 9061/270/900
f 9062/255/895 9063/256/895 9064/257/895
f 9062/255/895 9064/257/895 9065/258/895
f 9066/259/1068 9067/260/1068 9068/261/1068
f 9066/259/1068 9068/261/1068 9069/262/1068
f 9067/260/897 9070/263/897 9071/264/897
f 9067/260/897 9071/264/897 9068/261/897
f 9070/263/1069 9072/265/1069 9073/266/1069
f 9070/263/1069 9073/266/1069 9071/264/1069
f 9074/267/1070 9075/268/1070 9070/263/1070
f 9074/267/1070 9070/263/1070 9067/260/1070
f 9068/261/1071 9071/264/1071 9076/269/1071
f 9068/261/1071 9076/269/1071 9077/270/1071
f 9078/255/895 9079/256/895 9080/257/895
f 9078/255/895 9080/257/895 9081/258/895
f 9082/259/896 9083/260/896 9084/261/896
f 9082/259/896 9084/261/896 9085/262/896
f 9083/260/897 9086/263/897 9087/264/897
f 9083/260/897 9087/264/897 9084/261/897
f 9086/263/898 9088/265/898 9089/266/898
f 9086/263/898 9089/266/898 9087/264/898
f 9090/267/899 9091/268/899 9086/263/899
f 9090/267/899 9086/263/899 9083/260/899
f 9084/261/900 9087/264/900 9092/269/900
f 9084/261/900 9092/269/900 9093/270/900
f 9094/255/895 9095/256/895 9096/257/895
f 9094/255/895 9096/257/895 9097/258/895
f 9098/259/896 9099/260/896 9100/261/896
f 9098/259/896 9100/261/896 9101/262/896
f 9099/260/897 9102/263/897 9103/264/897
f 9099/260/897 9103/264/897 9100/261/897
f 9102/263/898 9104/265/898 9105/266/898
f 9102/263/898 9105/266/898 9103/264/898
f 9106/267/899 9107/268/899 9102/263/899
f 9106/267/899 9102/263/899 9099/260/899
f 9100/261/900 9103/264/900 9108/269/900
f 9100/261/900 9108/269/900 9109/270/900
f 9110/255/895 9111/256/895 9112/257/895
f 9110/255/895 9112/257/895 9113/258/895
f 9114/259/1072 9115/260/1072 9116/261/1072
f 9114/259/1072 9116/261/1072 9117/262/1072
f 9115/260/897 9118/263/897 9119/264/897
f 9115/260/897 9119/264/897 9116/261/897
f 9118/263/1073 9120/265/1073 9121/266/1073
f 9118/263/1073 9121/266/1073 9119/264/1073
f 9122/267/1074 9123/268/1074 9118/263/1074
f 9122/267/1074 9118/263/1074 9115/260/1074
f 9116/261/1075 9119/264/1075 9124/269/1075
f 9116/261/1075 9124/269/1075 9125/270/1075
f 9126/255/895 9127/256/895 9128/257/895
f 9126/255/895 9128/257/895 9129/258/895
f 9130/259/896 9131/260/896 9132/261/896
f 9130/259/896 9132/261/896 9133/262/896
f 9131/260/897 9134/263/897 9135/264/897
f 9131/260/897 9135/264/897 9132/261/897
f 9134/263/898 9136/265/898 9137/266/898
f 9134/263/898 9137/266/898 9135/264/898
f 9138/267/899 9139/268/899 9134/263/899
f 9138/267/899 9134/263/899 9131/260/899
f 9132/261/900 9135/264/900 9140/269/900
f 9132/261/900 9140/269/900 9141/270/900
f 9142/255/895 9143/256/895 9144/257/895
f 9142/255/895 9144/257/895 9145/258/895
f 9146/259/896 9147/260/896 9148/261/896
f 9146/259/896 9148/261/896 9149/262/896
f 9147/260/897 9150/263/897 9151/264/897
f 9147/260/897 9151/264/897 9148/261/897
f 9150/263/898 9152/265/898 9153/266/898
f 9150/263/898 9153/266/898 9151/264/898
f 9154/267/899 9155/268/899 9150/263/899
f 9154/267/899 9150/263/899 9147/260/899
f 9148/261/900 9151/264/900 9156/269/900
f 9148/261/900 9156/269/900 9157/270/900
f 9158/255/895 9159/256/895 9160/257/895
f 9158/255/895 9160/257/895 9161/258/895
f 9162/259/896 9163/260/896 9164/261/896
f 9162/259/896 9164/261/896 9165/262/896
f 9163/260/897 9166/263/897 9167/264/897
f 9163/260/897 9167/264/897 9164/261/897
f 9166/263/898 9168/265/898 9169/266/898
f 9166/263/898 9169/266/898 9167/264/898
f 9170/267/899 9171/268/899 9166/263/899
f 9170/267/899 9166/263/899 9163/260/899
f 9164/261/900 9167/264/900 9172/269/900
f 9164/261/900 9172/269/900 9173/270/900
f 9174/255/895 9175/256/895 9176/257/895
f 9174/255/895 9176/257/895 9177/258/895
f 9178/259/896 9179/260/896 9180/261/896
f 9178/259/896 9180/261/896 9181/262/896
f 9179/260/897 9182/263/897 9183/264/897
f 9179/260/897 9183/264/897 9180/261/897
f 9182/263/898 9184/265/898 9185/266/898
f 9182/263/898 9185/266/898 9183/264/898
f 9186/267/899 9187/268/899 9182/263/899
f 9186/267/899 9182/263/899 9179/260/899
f 9180/261/900 9183/264/900 9188/269/900
f 9180/261/900 9188/269/900 9189/270/900
f 9190/255/895 9191/256/895 9192/257/895
f 9190/255/895 9192/257/895 9193/258/895
f 9194/259/896 9195/260/896 9196/261/896
f 9194/259/896 9196/261/896 9197/262/896
f 9195/260/897 9198/263/897 9199/264/897
f 9195/260/897 9199/264/897 9196/261/897
f 9198/263/898 9200/265/898 9201/266/898
f 9198/263/898 9201/266/898 9199/264/898
f 9202/267/899 9203/268/899 9198/263/899
f 9202/267/899 9198/263/899 9195/260/899
f 9196/261/900 9199/264/900 9204/269/900
f 9196/261/900 9204/269/900 9205/270/900
f 9206/255/897 9207/256/897 9208/257/897
f 9206/255/897 9208/257/897 9209/258/897
f 9210/259/896 9211/260/896 9212/261/896
f 9210/259/896 9212/261/896 9213/262/896
f 9211/260/895 9214/263/895 9215/264/895
f 9211/260/895 9215/264/895 9212/261/895
f 9214/263/898 9216/265/898 9217/266/898
f 9214/263/898 9217/266/898 9215/264/898
f 9218/267/900 9219/268/900 9214/263/900
f 9218/267/900 9214/263/900 9211/260/900
f 9212/261/899 9215/264/899 9220/269/899
f 9212/261/899 9220/269/899 9221/270/899
f 9222/255/897 9223/256/897 9224/257/897
f 9222/255/897 9224/257/897 9225/258/897
f 9226/259/896 9227/260/896 9228/261/896
f 9226/259/896 9228/261/896 9229/262/896
f 9227/260/895 9230/263/895 9231/264/895
f 9227/260/895 9231/264/895 9228/261/895
f 9230/263/898 9232/265/898 9233/266/898
f 9230/263/898 9233/266/898 9231/264/898
f 9234/267/900 9235/268/900 9230/263/900
f 9234/267/900 9230/263/900 9227/260/900
f 9228/261/899 9231/264/899 9236/269/899
f 9228/261/899 9236/269/899 9237/270/899
f 9238/255/897 9239/256/897 9240/257/897
f 9238/255/897 9240/257/897 9241/258/897
f 9242/259/896 9243/260/896 9244/261/896
f 9242/259/896 9244/261/896 9245/262/896
f 9243/260/895 9246/263/895 9247/264/895
f 9243/260/895 9247/264/895 9244/261/895
f 9246/263/898 9248/265/898 9249/266/898
f 9246/263/898 9249/266/898 9247/264/898
f 9250/267/900 9251/268/900 9246/263/900
f 9250/267/900 9246/263/900 9243/260/900
f 9244/261/899 9247/264/899 9252/269/899
f 9244/261/899 9252/269/899 9253/270/899
f 9254/255/897 9255/256/897 9256/257/897
f 9254/255/897 9256/257/897 9257/258/897
f 9258/259/1076 9259/260/1076 9260/261/1076
f 9258/259/1076 9260/261/1076 9261/262/1076
f 9259/260/895 9262/263/895 9263/264/895
f 9259/260/895 9263/264/895 9260/261/895
f 9262/263/1077 9264/265/1077 9265/266/1077
f 9262/263/1077 9265/266/1077 9263/264/1077
f 9266/267/1078 9267/268/1078 9262/263/1078
f 9266/267/1078 9262/263/1078 9259/260/1078
f 9260/261/1079 9263/264/1079 9268/269/1079
f 9260/261/1079 9268/269/1079 9269/270/1079
f 9270/255/897 9271/256/897 9272/257/897
f 9270/255/897 9272/257/897 9273/258/897
f 9274/259/896 9275/260/896 9276/261/896
f 9274/259/896 9276/261/896 9277/262/896
f 9275/260/895 9278/263/895 9279/264/895
f 9275/260/895 9279/264/895 9276/261/895
f 9278/263/898 9280/265/898 9281/266/898
f 9278/263/898 9281/266/898 9279/264/898
f 9282/267/900 9283/268/900 9278/263/900
f 9282/267/900 9278/263/900 9275/260/900
f 9276/261/899 9279/264/899 9284/269/899
f 9276/261/899 9284/269/899 9285/270/899
f 9286/267/900 9287/268/900 9288/263/900
f 9286/267/900 9288/263/900 9289/260/900
f 9290/255/897 9291/256/897 9292/257/897
f 9290/255/897 9292/257/897 9293/258/897
f 9288/263/898 9294/265/898 9295/266/898
f 9288/263/898 9295/266/898 9296/264/898
f 9289/260/895 9288/263/895 9296/264/895
f 9289/260/895 9296/264/895 9297/261/895
f 9297/261/899 9296/264/899 9298/269/899
f 9297/261/899 9298/269/899 9299/270/899
f 9300/259/896 9289/260/896 9297/261/896
f 9300/259/896 9297/261/896 9301/262/896
f 9302/267/900 9303/268/900 9304/263/900
f 9302/267/900 9304/263/900 9305/260/900
f 9306/255/897 9307/256/897 9308/257/897
f 9306/255/897 9308/257/897 9309/258/897
f 9304/263/898 9310/265/898 9311/266/898
f 9304/263/898 9311/266/898 9312/264/898
f 9305/260/895 9304/263/895 9312/264/895
f 9305/260/895 9312/264/895 9313/261/895
f 9313/261/899 9312/264/899 9314/269/899
f 9313/261/899 9314/269/899 9315/270/899
f 9316/259/896 9305/260/896 9313/261/896
f 9316/259/896 9313/261/896 9317/262/896
f 9318/267/900 9319/268/900 9320/263/900
f 9318/267/900 9320/263/900 9321/260/900
f 9322/255/897 9323/256/897 9324/257/897
f 9322/255/897 9324/257/897 9325/258/897
f 9320/263/898 9326/265/898 9327/266/898
f 9320/263/898 9327/266/898 9328/264/898
f 9321/260/895 9320/263/895 9328/264/895
f 9321/260/895 9328/264/895 9329/261/895
f 9329/261/899 9328/264/899 9330/269/899
f 9329/261/899 9330/269/899 9331/270/899
f 9332/259/896 9321/260/896 9329/261/896
f 9332/259/896 9329/261/896 9333/262/896
f 9334/267/900 9335/268/900 9336/263/900
f 9334/267/900 9336/263/900 9337/260/900
f 9338/255/897 9339/256/897 9340/257/897
f 9338/255/897 9340/257/897 9341/258/897
f 9336/263/898 9342/265/898 9343/266/898
f 9336/263/898 9343/266/898 9344/264/898
f 9337/260/895 9336/263/895 9344/264/895
f 9337/260/895 9344/264/895 9345/261/895
f 9345/261/899 9344/264/899 9346/269/899
f 9345/261/899 9346/269/899 9347/270/899
f 9348/259/896 9337/260/896 9345/261/896
f 9348/259/896 9345/261/896 9349/262/896
f 9350/267/900 9351/268/900 9352/263/900
f 9350/267/900 9352/263/900 9353/260/900
f 9354/255/897 9355/256/897 9356/257/897
f 9354/255/897 9356/257/897 9357/258/897
f 9352/263/898 9358/265/898 9359/266/898
f 9352/263/898 9359/266/898 9360/264/898
f 9353/260/895 9352/263/895 9360/264/895
f 9353/260/895 9360/264/895 9361/261/895
f 9361/261/899 9360/264/899 9362/269/899
f 9361/261/899 9362/269/899 9363/270/899
f 9364/259/896 9353/260/896 9361/261/896
f 9364/259/896 9361/261/896 9365/262/896
f 9366/267/900 9367/268/900 9368/263/900
f 9366/267/900 9368/263/900 9369/260/900
f 9370/255/897 9371/256/897 9372/257/897
f 9370/255/897 9372/257/897 9373/258/897
f 9368/263/898 9374/265/898 9375/266/898
f 9368/263/898 9375/266/898 9376/264/898
f 9369/260/895 9368/263/895 9376/264/895
f 9369/260/895 9376/264/895 9377/261/895
f 9377/261/899 9376/264/899 9378/269/899
f 9377/261/899 9378/269/899 9379/270/899
f 9380/259/896 9369/260/896 9377/261/896
f 9380/259/896 9377/261/896 9381/262/896
f 9382/267/900 9383/268/900 9384/263/900
f 9382/267/900 9384/263/900 9385/260/900
f 9386/255/897 9387/256/897 9388/257/897
f 9386/255/897 9388/257/897 9389/258/897
f 9384/263/898 9390/265/898 9391/266/898
f 9384/263/898 9391/266/898 9392/264/898
f 9385/260/895 9384/263/895 9392/264/895
f 9385/260/895 9392/264/895 9393/261/895
f 9393/261/899 9392/264/899 9394/269/899
f 9393/261/899 9394/269/899 9395/270/899
f 9396/259/896 9385/260/896 9393/261/896
f 9396/259/896 9393/261/896 9397/262/896
f 9398/267/900 9399/268/900 9400/263/900
f 9398/267/900 9400/263/900 9401/260/900
f 9402/255/897 9403/256/897 9404/257/897
f 9402/255/897 9404/257/897 9405/258/897
f 9400/263/898 9406/265/898 9407/266/898
f 9400/263/898 9407/266/898 9408/264/898
f 9401/260/895 9400/263/895 9408/264/895
f 9401/260/895 9408/264/895 9409/261/895
f 9409/261/899 9408/264/899 9410/269/899
f 9409/261/899 9410/269/899 9411/270/899
f 9412/259/896 9401/260/896 9409/261/896
f 9412/259/896 9409/261/896 9413/262/896
f 9414/267/900 9415/268/900 9416/263/900
f 9414/267/900 9416/263/900 9417/260/900
f 9418/255/897 9419/256/897 9420/257/897
f 9418/255/897 9420/257/897 9421/258/897
f 9416/263/898 9422/265/898 9423/266/898
f 9416/263/898 9423/266/898 9424/264/898
f 9417/260/895 9416/263/895 9424/264/895
f 9417/260/895 9424/264/895 9425/261/895
f 9425/261/899 9424/264/899 9426/269/899
f 9425/261/899 9426/269/899 9427/270/899
f 9428/259/896 9417/260/896 9425/261/896
f 9428/259/896 9425/261/896 9429/262/896
f 9430/267/900 9431/268/900 9432/263/900
f 9430/267/900 9432/263/900 9433/260/900
f 9434/255/897 9435/256/897 9436/257/897
f 9434/255/897 9436/257/897 9437/258/897
f 9432/263/898 9438/265/898 9439/266/898
f 9432/263/898 9439/266/898 9440/264/898
f 9433/260/895 9432/263/895 9440/264/895
f 9433/260/895 9440/264/895 9441/261/895
f 9441/261/899 9440/264/899 9442/269/899
f 9441/261/899 9442/269/899 9443/270/899
f 9444/259/896 9433/260/896 9441/261/896
f 9444/259/896 9441/261/896 9445/262/896
f 9446/267/900 9447/268/900 9448/263/900
f 9446/267/900 9448/263/900 9449/260/900
f 9450/255/897 9451/256/897 9452/257/897
f 9450/255/897 9452/257/897 9453/258/897
f 9448/263/898 9454/265/898 9455/266/898
f 9448/263/898 9455/266/898 9456/264/898
f 9449/260/895 9448/263/895 9456/264/895
f 9449/260/895 9456/264/895 9457/261/895
f 9457/261/899 9456/264/899 9458/269/899
f 9457/261/899 9458/269/899 9459/270/899
f 9460/259/896 9449/260/896 9457/261/896
f 9460/259/896 9457/261/896 9461/262/896
f 9462/267/1080 9463/268/1080 9464/263/1080
f 9462/267/1080 9464/263/1080 9465/260/1080
f 9466/255/897 9467/256/897 9468/257/897
f 9466/255/897 9468/257/897 9469/258/897
f 9464/263/1081 9470/265/1081 9471/266/1081
f 9464/263/1081 9471/266/1081 9472/264/1081
f 9465/260/895 9464/263/895 9472/264/895
f 9465/260/895 9472/264/895 9473/261/895
f 9473/261/1082 9472/264/1082 9474/269/1082
f 9473/261/1082 9474/269/1082 9475/270/1082
f 9476/259/1083 9465/260/1083 9473/261/1083
f 9476/259/1083 9473/261/1083 9477/262/1083
f 9478/267/1084 9479/268/1084 9480/263/1084
f 9478/267/1084 9480/263/1084 9481/260/1084
f 9482/255/897 9483/256/897 9484/257/897
f 9482/255/897 9484/257/897 9485/258/897
f 9480/263/1085 9486/265/1085 9487/266/1085
f 9480/263/1085 9487/266/1085 9488/264/1085
f 9481/260/895 9480/263/895 9488/264/895
f 9481/260/895 9488/264/895 9489/261/895
f 9489/261/1086 9488/264/1086 9490/269/1086
f 9489/261/1086 9490/269/1086 9491/270/1086
f 9492/259/1087 9481/260/1087 9489/261/1087
f 9492/259/1087 9489/261/1087 9493/262/1087
f 9494/255/895 9495/256/895 9496/257/895
f 9494/255/895 9496/257/895 9497/258/895
f 9498/259/896 9499/260/896 9500/261/896
f 9498/259/896 9500/261/896 9501/262/896
f 9499/260/897 9502/263/897 9503/264/897
f 9499/260/897 9503/264/897 9500/261/897
f 9502/263/898 9504/265/898 9505/266/898
f 9502/263/898 9505/266/898 9503/264/898
f 9506/267/899 9507/268/899 9502/263/899
f 9506/267/899 9502/263/899 9499/260/899
f 9500/261/900 9503/264/900 9508/269/900
f 9500/261/900 9508/269/900 9509/270/900
f 9510/255/895 9511/256/895 9512/257/895
f 9510/255/895 9512/257/895 9513/258/895
f 9514/259/1088 9515/260/1088 9516/261/1088
f 9514/259/1088 9516/261/1088 9517/262/1088
f 9515/260/897 9518/263/897 9519/264/897
f 9515/260/897 9519/264/897 9516/261/897
f 9518/263/1089 9520/265/1089 9521/266/1089
f 9518/263/1089 9521/266/1089 9519/264/1089
f 9522/267/1090 9523/268/1090 9518/263/1090
f 9522/267/1090 9518/263/1090 9515/260/1090
f 9516/261/1091 9519/264/1091 9524/269/1091
f 9516/261/1091 9524/269/1091 9525/270/1091
f 9526/255/895 9527/256/895 9528/257/895
f 9526/255/895 9528/257/895 9529/258/895
f 9530/259/896 9531/260/896 9532/261/896
f 9530/259/896 9532/261/896 9533/262/896
f 9531/260/897 9534/263/897 9535/264/897
f 9531/260/897 9535/264/897 9532/261/897
f 9534/263/898 9536/265/898 9537/266/898
f 9534/263/898 9537/266/898 9535/264/898
f 9538/267/899 9539/268/899 9534/263/899
f 9538/267/899 9534/263/899 9531/260/899
f 9532/261/900 9535/264/900 9540/269/900
f 9532/261/900 9540/269/900 9541/270/900
f 9542/255/895 9543/256/895 9544/257/895
f 9542/255/895 9544/257/895 9545/258/895
f 9546/259/896 9547/260/896 9548/261/896
f 9546/259/896 9548/261/896 9549/262/896
f 9547/260/897 9550/263/897 9551/264/897
f 9547/260/897 9551/264/897 9548/261/897
f 9550/263/898 9552/265/898 9553/266/898
f 9550/263/898 9553/266/898 9551/264/898
f 9554/267/899 9555/268/899 9550/263/899
f 9554/267/899 9550/263/899 9547/260/899
f 9548/261/900 9551/264/900 9556/269/900
f 9548/261/900 9556/269/900 9557/270/900
f 9558/255/895 9559/256/895 9560/257/895
f 9558/255/895 9560/257/895 9561/258/895
f 9562/259/896 9563/260/896 9564/261/896
f 9562/259/896 9564/261/896 9565/262/896
f 9563/260/897 9566/263/897 9567/264/897
f 9563/260/897 9567/264/897 9564/261/897
f 9566/263/898 9568/265/898 9569/266/898
f 9566/263/898 9569/266/898 9567/264/898
f 9570/267/899 9571/268/899 9566/263/899
f 9570/267/899 9566/263/899 9563/260/899
f 9564/261/900 9567/264/900 9572/269/900
f 9564/261/900 9572/269/900 9573/270/900
f 9574/255/895 9575/256/895 9576/257/895
f 9574/255/895 9576/257/895 9577/258/895
f 9578/259/896 9579/260/896 9580/261/896
f 9578/259/896 9580/261/896 9581/262/896
f 9579/260/897 9582/263/897 9583/264/897
f 9579/260/897 9583/264/897 9580/261/897
f 9582/263/898 9584/265/898 9585/266/898
f 9582/263/898 9585/266/898 9583/264/898
f 9586/267/899 9587/268/899 9582/263/899
f 9586/267/899 9582/263/899 9579/260/899
f 9580/261/900 9583/264/900 9588/269/900
f 9580/261/900 9588/269/900 9589/270/900
f 9590/267/899 9591/268/899 9592/263/899
f 9590/267/899 9592/263/899 9593/260/899
f 9594/255/895 9595/256/895 9596/257/895
f 9594/255/895 9596/257/895 9597/258/895
f 9592/263/898 9598/265/898 9599/266/898
f 9592/263/898 9599/266/898 9600/264/898
f 9593/260/897 9592/263/897 9600/264/897
f 9593/260/897 9600/264/897 9601/261/897
f 9601/261/900 9600/264/900 9602/269/900
f 9601/261/900 9602/269/900 9603/270/900
f 9604/259/896 9593/260/896 9601/261/896
f 9604/259/896 9601/261/896 9605/262/896
f 9606/267/899 9607/268/899 9608/263/899
f 9606/267/899 9608/263/899 9609/260/899
f 9610/271/895 9611/259/895 9612/262/895
f 9610/271/895 9612/262/895 9613/272/895
f 9608/263/898 9614/265/898 9615/266/898
f 9608/263/898 9615/266/898 9616/264/898
f 9609/260/897 9608/263/897 9616/264/897
f 9609/260/897 9616/264/897 9617/261/897
f 9617/261/900 9616/264/900 9618/269/900
f 9617/261/900 9618/269/900 9619/270/900
f 9611/259/896 9609/260/896 9617/261/896
f 9611/259/896 9617/261/896 9612/262/896
f 9620/267/899 9621/268/899 9622/263/899
f 9620/267/899 9622/263/899 9623/260/899
f 9624/255/895 9625/256/895 9626/257/895
f 9624/255/895 9626/257/895 9627/258/895
f 9622/263/898 9628/265/898 9629/266/898
f 9622/263/898 9629/266/898 9630/264/898
f 9623/260/897 9622/263/897 9630/264/897
f 9623/260/897 9630/264/897 9631/261/897
f 9631/261/900 9630/264/900 9632/269/900
f 9631/261/900 9632/269/900 9633/270/900
f 9634/259/896 9623/260/896 9631/261/896
f 9634/259/896 9631/261/896 9635/262/896
f 9636/267/899 9637/268/899 9638/263/899
f 9636/267/899 9638/263/899 9639/260/899
f 9640/255/895 9641/256/895 9642/257/895
f 9640/255/895 9642/257/895 9643/258/895
f 9638/263/898 9644/265/898 9645/266/898
f 9638/263/898 9645/266/898 9646/264/898
f 9639/260/897 9638/263/897 9646/264/897
f 9639/260/897 9646/264/897 9647/261/897
f 9647/261/900 9646/264/900 9648/269/900
f 9647/261/900 9648/269/900 9649/270/900
f 9650/259/896 9639/260/896 9647/261/896
f 9650/259/896 9647/261/896 9651/262/896
f 9652/267/899 9653/268/899 9654/263/899
f 9652/267/899 9654/263/899 9655/260/899
f 9656/255/895 9657/256/895 9658/257/895
f 9656/255/895 9658/257/895 9659/258/895
f 9654/263/898 9660/265/898 9661/266/898
f 9654/263/898 9661/266/898 9662/264/898
f 9655/260/897 9654/263/897 9662/264/897
f 9655/260/897 9662/264/897 9663/261/897
f 9663/261/900 9662/264/900 9664/269/900
f 9663/261/900 9664/269/900 9665/270/900
f 9666/259/896 9655/260/896 9663/261/896
f 9666/259/896 9663/261/896 9667/262/896
f 9668/267/899 9669/268/899 9670/263/899
f 9668/267/899 9670/263/899 9671/260/899
f 9672/255/895 9673/256/895 9674/257/895
f 9672/255/895 9674/257/895 9675/258/895
f 9670/263/898 9676/265/898 9677/266/898
f 9670/263/898 9677/266/898 9678/264/898
f 9671/260/897 9670/263/897 9678/264/897
f 9671/260/897 9678/264/897 9679/261/897
f 9679/261/900 9678/264/900 9680/269/900
f 9679/261/900 9680/269/900 9681/270/900
f 9682/259/896 9671/260/896 9679/261/896
f 9682/259/896 9679/261/896 9683/262/896
f 9684/267/899 9685/268/899 9686/263/899
f 9684/267/899 9686/263/899 9687/260/899
f 9688/255/895 9689/256/895 9690/257/895
f 9688/255/895 9690/257/895 9691/258/895
f 9686/263/898 9692/265/898 9693/266/898
f 9686/263/898 9693/266/898 9694/264/898
f 9687/260/897 9686/263/897 9694/264/897
f 9687/260/897 9694/264/897 9695/261/897
f 9695/261/900 9694/264/900 9696/269/900
f 9695/261/900 9696/269/900 9697/270/900
f 9698/259/896 9687/260/896 9695/261/896
f 9698/259/896 9695/261/896 9699/262/896
# Vertices: 2346, normals: 197, texture coordinates: 18, faces: 1762

o obj8
v -0.1980142 -0.01160998 0.86708958
v -0.1980142 -0.02042991 0.90115061
v -0.1980142 0.18963293 0.95554526
v -0.1980142 0.19845285 0.92148422
v -0.1980142 -0.02042991 0.90115061
v 0.07435542 -0.02042991 0.90115061
v 0.07435542 0.18963293 0.95554526
v -0.1980142 0.18963293 0.95554526
v 0.07435542 -0.01160998 0.86708958
v 0.07435542 0.19845285 0.92148422
v -0.1980142 -0.01160998 0.86708958
v -0.1980142 0.19845285 0.92148422
v -0.1980142 -0.02042991 0.90115061
v -0.1980142 -0.01160998 0.86708958
v -0.1980142 0.19845285 0.92148422
v -0.1980142 0.18963293 0.95554526
v -0.19801422 2.31782595 -0.81083113
v -0.19801422 2.31782594 -0.84601562
v -0.19801422 2.52093593 -0.84601559
v -0.19801422 2.52093594 -0.8108311
v -0.19801422 2.31782594 -0.84601562
v 0.07435544 2.31782594 -0.84601562
v 0.07435544 2.52093593 -0.84601559
v -0.19801422 2.52093593 -0.84601559
v 0.07435544 2.31782595 -0.81083113
v 0.07435544 2.52093594 -0.8108311
v -0.19801422 2.31782595 -0.81083113
v -0.19801422 2.52093594 -0.8108311
v -0.19801422 2.31782594 -0.84601562
v -0.19801422 2.31782595 -0.81083113
v -0.19801422 2.52093594 -0.8108311
v -0.19801422 2.52093593 -0.84601559
v -0.19801422 2.3256941 -0.60455872
v -0.19801422 2.32167135 -0.6395124
v -0.19801422 2.54939913 -0.66572123
v -0.19801422 2.55342188 -0.63076755
v -0.19801422 2.32167135 -0.6395124
v 0.07435544 2.32167135 -0.6395124
v 0.07435544 2.54939913 -0.66572123
v -0.19801422 2.54939913 -0.66572123
v 0.07435544 2.3256941 -0.60455872
v 0.07435544 2.55342188 -0.63076755
v -0.19801422 2.3256941 -0.60455872
v -0.19801422 2.55342188 -0.63076755
v -0.19801422 2.32167135 -0.6395124
v -0.19801422 2.3256941 -0.60455872
v -0.19801422 2.55342188 -0.63076755
v -0.19801422 2.54939913 -0.66572123
v -0.19801422 2.32282102 -0.50556935
v 0.07435544 2.32282102 -0.50556935
v 0.07435544 2.53907728 -0.56406151
v -0.19801422 2.53907728 -0.56406151
v 0.07435544 2.33200745 -0.47160541
v 0.07435544 2.5482637 -0.53009757
v -0.19801422 2.33200745 -0.47160541
v -0.19801422 2.5482637 -0.53009757
v -0.19801422 2.32282102 -0.50556935
v -0.19801422 2.33200745 -0.47160541
v -0.19801422 2.5482637 -0.53009757
v -0.19801422 2.53907728 -0.56406151
v -0.19801422 2.32200019 0.02650525
v -0.19801422 2.32468271 -0.00857691
v -0.19801422 2.53382672 0.00741474
v -0.19801422 2.53114423 0.04249676
v -0.19801422 2.32468271 -0.00857691
v 0.07435544 2.32468271 -0.00857691
v 0.07435544 2.53382672 0.00741474
v -0.19801422 2.53382672 0.00741474
v 0.07435544 2.32200019 0.02650525
v 0.07435544 2.53114423 0.04249676
v -0.19801422 2.32200019 0.02650525
v -0.19801422 2.53114423 0.04249676
v -0.19801422 2.32468271 -0.00857691
v -0.19801422 2.32200019 0.02650525
v -0.19801422 2.53114423 0.04249676
v -0.19801422 2.53382672 0.00741474
v -0.19801422 2.31782652 -1.39792774
v -0.19801422 2.31782651 -1.43311223
v -0.19801422 2.51442153 -1.43311229
v -0.19801422 2.51442154 -1.3979278
v -0.19801422 2.31782651 -1.43311223
v 0.07435544 2.31782651 -1.43311223
v 0.07435544 2.51442153 -1.43311229
v -0.19801422 2.51442153 -1.43311229
v 0.07435544 2.31782652 -1.39792774
v 0.07435544 2.51442154 -1.3979278
v -0.19801422 2.31782652 -1.39792774
v -0.19801422 2.51442154 -1.3979278
v -0.19801422 2.31782651 -1.43311223
v -0.19801422 2.31782652 -1.39792774
v -0.19801422 2.51442154 -1.3979278
v -0.19801422 2.51442153 -1.43311229
v -0.19801422 2.31782636 -1.36162358
v -0.19801422 2.31782627 -1.39680779
v -0.19801422 2.52916281 -1.39680791
v -0.19801422 2.52916282 -1.36162342
v -0.19801422 2.31782627 -1.39680779
v 0.07435544 2.31782627 -1.39680779
v 0.07435544 2.52916281 -1.39680791
v -0.19801422 2.52916281 -1.39680791
v 0.07435544 2.31782636 -1.36162358
v 0.07435544 2.52916282 -1.36162342
v -0.19801422 2.31782636 -1.36162358
v -0.19801422 2.52916282 -1.36162342
v -0.19801422 2.31782627 -1.39680779
v -0.19801422 2.31782636 -1.36162358
v -0.19801422 2.52916282 -1.36162342
v -0.19801422 2.52916281 -1.39680791
v -0.19801422 2.31782606 -1.28901496
v -0.19801422 2.31782615 -1.32419943
v -0.19801422 2.56528068 -1.32419943
v -0.19801422 2.56528069 -1.28901494
v -0.19801422 2.31782615 -1.32419943
v 0.07435544 2.31782615 -1.32419943
v 0.07435544 2.56528068 -1.32419943
v -0.19801422 2.56528068 -1.32419943
v 0.07435544 2.31782606 -1.28901496
v 0.07435544 2.56528069 -1.28901494
v -0.19801422 2.31782606 -1.28901496
v -0.19801422 2.56528069 -1.28901494
v -0.19801422 2.31782615 -1.32419943
v -0.19801422 2.31782606 -1.28901496
v -0.19801422 2.56528069 -1.28901494
v -0.19801422 2.56528068 -1.32419943
v -0.19801422 2.31782642 -1.25271037
v -0.19801422 2.31782641 -1.28789486
v -0.19801422 2.47567545 -1.28789477
v -0.19801422 2.47567553 -1.25271056
v -0.19801422 2.31782641 -1.28789486
v 0.07435544 2.31782641 -1.28789486
v 0.07435544 2.47567545 -1.28789477
v -0.19801422 2.47567545 -1.28789477
v 0.07435544 2.31782642 -1.25271037
v 0.07435544 2.47567553 -1.25271056
v -0.19801422 2.31782642 -1.25271037
v -0.19801422 2.47567553 -1.25271056
v -0.19801422 2.31782641 -1.28789486
v -0.19801422 2.31782642 -1.25271037
v -0.19801422 2.47567553 -1.25271056
v -0.19801422 2.47567545 -1.28789477
v -0.19801422 2.31782652 -1.10749296
v -0.19801422 2.31782651 -1.14267745
v -0.19801422 2.52455374 -1.14267751
v -0.19801422 2.52455355 -1.10749307
v -0.19801422 2.31782651 -1.14267745
v 0.07435544 2.31782651 -1.14267745
v 0.07435544 2.52455374 -1.14267751
v -0.19801422 2.52455374 -1.14267751
v 0.07435544 2.31782652 -1.10749296
v 0.07435544 2.52455355 -1.10749307
v -0.19801422 2.31782652 -1.10749296
v -0.19801422 2.52455355 -1.10749307
v -0.19801422 2.31782651 -1.14267745
v -0.19801422 2.31782652 -1.10749296
v -0.19801422 2.52455355 -1.10749307
v -0.19801422 2.52455374 -1.14267751
v -0.19801422 2.31782689 -1.03488447
v -0.19801422 2.31782688 -1.07006896
v -0.19801422 2.50560873 -1.07006907
v -0.19801422 2.50560874 -1.03488458
v -0.19801422 2.31782688 -1.07006896
v 0.07435544 2.31782688 -1.07006896
v 0.07435544 2.50560873 -1.07006907
v -0.19801422 2.50560873 -1.07006907
v 0.07435544 2.31782689 -1.03488447
v 0.07435544 2.50560874 -1.03488458
v -0.19801422 2.31782689 -1.03488447
v -0.19801422 2.50560874 -1.03488458
v -0.19801422 2.31782688 -1.07006896
v -0.19801422 2.31782689 -1.03488447
v -0.19801422 2.50560874 -1.03488458
v -0.19801422 2.50560873 -1.07006907
v -0.19801422 2.31782654 -0.92597212
v -0.19801422 2.31782653 -0.96115661
v -0.19801422 2.53825868 -0.96115655
v -0.19801422 2.53825869 -0.92597206
v -0.19801422 2.31782653 -0.96115661
v 0.07435544 2.31782653 -0.96115661
v 0.07435544 2.53825868 -0.96115655
v -0.19801422 2.53825868 -0.96115655
v 0.07435544 2.31782654 -0.92597212
v 0.07435544 2.53825869 -0.92597206
v -0.19801422 2.31782654 -0.92597212
v -0.19801422 2.53825869 -0.92597206
v -0.19801422 2.31782653 -0.96115661
v -0.19801422 2.31782654 -0.92597212
v -0.19801422 2.53825869 -0.92597206
v -0.19801422 2.53825868 -0.96115655
v -0.19801422 2.31782599 -0.28969149
v -0.19801422 2.31782598 -0.32487598
v -0.19801422 2.54725636 -0.32487603
v -0.19801422 2.54725637 -0.28969154
v -0.19801422 2.31782598 -0.32487598
v 0.07435544 2.31782598 -0.32487598
v 0.07435544 2.54725636 -0.32487603
v -0.19801422 2.54725636 -0.32487603
v 0.07435544 2.31782599 -0.28969149
v 0.07435544 2.54725637 -0.28969154
v -0.19801422 2.31782599 -0.28969149
v -0.19801422 2.54725637 -0.28969154
v -0.19801422 2.31782598 -0.32487598
v -0.19801422 2.31782599 -0.28969149
v -0.19801422 2.54725637 -0.28969154
v -0.19801422 2.54725636 -0.32487603
v -0.19801422 2.31782609 -0.07186659
v -0.19801422 2.31782608 -0.10705108
v -0.19801422 2.5002796 -0.10705104
v -0.19801422 2.50027961 -0.07186655
v -0.19801422 2.31782608 -0.10705108
v 0.07435544 2.31782608 -0.10705108
v 0.07435544 2.5002796 -0.10705104
v -0.19801422 2.5002796 -0.10705104
v 0.07435544 2.31782609 -0.07186659
v 0.07435544 2.50027961 -0.07186655
v -0.19801422 2.31782609 -0.07186659
v -0.19801422 2.50027961 -0.07186655
v -0.19801422 2.31782608 -0.10705108
v -0.19801422 2.31782609 -0.07186659
v -0.19801422 2.50027961 -0.07186655
v -0.19801422 2.5002796 -0.10705104
v -0.19801422 2.32223621 0.09678588
v -0.19801422 2.3251644 0.06172332
v -0.19801422 2.55755141 0.08113022
v -0.19801422 2.55462321 0.11619278
v -0.19801422 2.3251644 0.06172332
v 0.07435544 2.3251644 0.06172332
v 0.07435544 2.55755141 0.08113022
v -0.19801422 2.55755141 0.08113022
v 0.07435544 2.32223621 0.09678588
v 0.07435544 2.55462321 0.11619278
v -0.19801422 2.32223621 0.09678588
v -0.19801422 2.55462321 0.11619278
v -0.19801422 2.3251644 0.06172332
v -0.19801422 2.32223621 0.09678588
v -0.19801422 2.55462321 0.11619278
v -0.19801422 2.55755141 0.08113022
v -0.19801422 2.31782619 0.2263087
v -0.19801422 2.31782622 0.19112406
v -0.19801422 2.49314128 0.19112419
v -0.19801422 2.49314129 0.22630868
v -0.19801422 2.31782622 0.19112406
v 0.07435544 2.31782622 0.19112406
v 0.07435544 2.49314128 0.19112419
v -0.19801422 2.49314128 0.19112419
v 0.07435544 2.31782619 0.2263087
v 0.07435544 2.49314129 0.22630868
v -0.19801422 2.31782619 0.2263087
v -0.19801422 2.49314129 0.22630868
v -0.19801422 2.31782622 0.19112406
v -0.19801422 2.31782619 0.2263087
v -0.19801422 2.49314129 0.22630868
v -0.19801422 2.49314128 0.19112419
v -0.19801422 2.31782689 0.26261322
v -0.19801422 2.31782692 0.22742859
v -0.19801422 2.54744026 0.2274286
v -0.19801422 2.54744023 0.26261323
v -0.19801422 2.31782692 0.22742859
v 0.07435544 2.31782692 0.22742859
v 0.07435544 2.54744026 0.2274286
v -0.19801422 2.54744026 0.2274286
v 0.07435544 2.31782689 0.26261322
v 0.07435544 2.54744023 0.26261323
v -0.19801422 2.31782689 0.26261322
v -0.19801422 2.54744023 0.26261323
v -0.19801422 2.31782692 0.22742859
v -0.19801422 2.31782689 0.26261322
v -0.19801422 2.54744023 0.26261323
v -0.19801422 2.54744026 0.2274286
v -0.19801422 2.31782617 0.40783012
v -0.19801422 2.31782617 0.37264556
v -0.19801422 2.50585424 0.3726456
v -0.19801422 2.50585424 0.40783016
v -0.19801422 2.31782617 0.37264556
v 0.07435544 2.31782617 0.37264556
v 0.07435544 2.50585424 0.3726456
v -0.19801422 2.50585424 0.3726456
v 0.07435544 2.31782617 0.40783012
v 0.07435544 2.50585424 0.40783016
v -0.19801422 2.31782617 0.40783012
v -0.19801422 2.50585424 0.40783016
v -0.19801422 2.31782617 0.37264556
v -0.19801422 2.31782617 0.40783012
v -0.19801422 2.50585424 0.40783016
v -0.19801422 2.50585424 0.3726456
v -0.19801422 2.31782588 0.66195958
v -0.19801422 2.31782589 0.62677502
v -0.19801422 2.56176656 0.62677505
v -0.19801422 2.56176655 0.66195961
v -0.19801422 2.31782589 0.62677502
v 0.07435544 2.31782589 0.62677502
v 0.07435544 2.56176656 0.62677505
v -0.19801422 2.56176656 0.62677505
v 0.07435544 2.31782588 0.66195958
v 0.07435544 2.56176655 0.66195961
v -0.19801422 2.31782588 0.66195958
v -0.19801422 2.56176655 0.66195961
v -0.19801422 2.31782589 0.62677502
v -0.19801422 2.31782588 0.66195958
v -0.19801422 2.56176655 0.66195961
v -0.19801422 2.56176656 0.62677505
v -0.19801422 2.3178264 0.77208372
v -0.19801422 2.31782641 0.73689916
v -0.19801422 2.50039368 0.73689913
v -0.19801422 2.50039367 0.77208369
v -0.19801422 2.31782641 0.73689916
v 0.07435544 2.31782641 0.73689916
v 0.07435544 2.50039368 0.73689913
v -0.19801422 2.50039368 0.73689913
v 0.07435544 2.3178264 0.77208372
v 0.07435544 2.50039367 0.77208369
v -0.19801422 2.3178264 0.77208372
v -0.19801422 2.50039367 0.77208369
v -0.19801422 2.31782641 0.73689916
v -0.19801422 2.3178264 0.77208372
v -0.19801422 2.50039367 0.77208369
v -0.19801422 2.50039368 0.73689913
v -0.19801422 2.02856315 0.23304195
v -0.19801422 2.02856316 0.26822644
v -0.19801422 2.23167315 0.26822647
v -0.19801422 2.23167314 0.23304198
v -0.19801422 2.02856316 0.26822644
v 0.07435544 2.02856316 0.26822644
v 0.07435544 2.23167315 0.26822647
v -0.19801422 2.23167315 0.26822647
v 0.07435544 2.02856315 0.23304195
v 0.07435544 2.23167314 0.23304198
v -0.19801422 2.02856315 0.23304195
v -0.19801422 2.23167314 0.23304198
v -0.19801422 2.02856316 0.26822644
v -0.19801422 2.02856315 0.23304195
v -0.19801422 2.23167314 0.23304198
v -0.19801422 2.23167315 0.26822647
v -0.19801422 2.02856285 0.19673791
v -0.19801422 2.02856288 0.23192233
v -0.19801422 2.25595532 0.23192234
v -0.19801422 2.25595529 0.19673793
v -0.19801422 2.02856288 0.23192233
v 0.07435544 2.02856288 0.23192233
v 0.07435544 2.25595532 0.23192234
v -0.19801422 2.25595532 0.23192234
v 0.07435544 2.02856285 0.19673791
v 0.07435544 2.25595529 0.19673793
v -0.19801422 2.02856285 0.19673791
v -0.19801422 2.25595529 0.19673793
v -0.19801422 2.02856288 0.23192233
v -0.19801422 2.02856285 0.19673791
v -0.19801422 2.25595529 0.19673793
v -0.19801422 2.25595532 0.23192234
v -0.19801422 2.0285632 0.08782518
v -0.19801422 2.02856321 0.12300967
v -0.19801422 2.24905397 0.12300958
v -0.19801422 2.24905396 0.08782509
v -0.19801422 2.02856321 0.12300967
v 0.07435544 2.02856321 0.12300967
v 0.07435544 2.24905397 0.12300958
v -0.19801422 2.24905397 0.12300958
v 0.07435544 2.0285632 0.08782518
v 0.07435544 2.24905396 0.08782509
v -0.19801422 2.0285632 0.08782518
v -0.19801422 2.24905396 0.08782509
v -0.19801422 2.02856321 0.12300967
v -0.19801422 2.0285632 0.08782518
v -0.19801422 2.24905396 0.08782509
v -0.19801422 2.24905397 0.12300958
v -0.19801422 2.02856278 0.78383506
v -0.19801422 2.02856281 0.81901948
v -0.19801422 2.2398993 0.81901953
v -0.19801422 2.23989929 0.78383504
v -0.19801422 2.02856281 0.81901948
v 0.07435544 2.02856281 0.81901948
v 0.07435544 2.2398993 0.81901953
v -0.19801422 2.2398993 0.81901953
v 0.07435544 2.02856278 0.78383506
v 0.07435544 2.23989929 0.78383504
v -0.19801422 2.02856278 0.78383506
v -0.19801422 2.23989929 0.78383504
v -0.19801422 2.02856281 0.81901948
v -0.19801422 2.02856278 0.78383506
v -0.19801422 2.23989929 0.78383504
v -0.19801422 2.2398993 0.81901953
v -0.19801422 2.02856327 0.71122615
v -0.19801422 2.02856328 0.74641064
v -0.19801422 2.27601781 0.74641064
v -0.19801422 2.2760178 0.71122615
v -0.19801422 2.02856328 0.74641064
v 0.07435544 2.02856328 0.74641064
v 0.07435544 2.27601781 0.74641064
v -0.19801422 2.27601781 0.74641064
v 0.07435544 2.02856327 0.71122615
v 0.07435544 2.2760178 0.71122615
v -0.19801422 2.02856327 0.71122615
v -0.19801422 2.2760178 0.71122615
v -0.19801422 2.02856328 0.74641064
v -0.19801422 2.02856327 0.71122615
v -0.19801422 2.2760178 0.71122615
v -0.19801422 2.27601781 0.74641064
v -0.19801422 2.02856315 -0.28809707
v -0.19801422 2.02856316 -0.25291258
v -0.19801422 2.25799354 -0.25291263
v -0.19801422 2.25799353 -0.28809712
v -0.19801422 2.02856316 -0.25291258
v 0.07435544 2.02856316 -0.25291258
v 0.07435544 2.25799354 -0.25291263
v -0.19801422 2.25799354 -0.25291263
v 0.07435544 2.02856315 -0.28809707
v 0.07435544 2.25799353 -0.28809712
v -0.19801422 2.02856315 -0.28809707
v -0.19801422 2.25799353 -0.28809712
v -0.19801422 2.02856316 -0.25291258
v -0.19801422 2.02856315 -0.28809707
v -0.19801422 2.25799353 -0.28809712
v -0.19801422 2.25799354 -0.25291263
v -0.19801422 2.02856294 -0.43331406
v -0.19801422 2.02856292 -0.39812943
v -0.19801422 2.23837602 -0.39812941
v -0.19801422 2.23837605 -0.43331404
v -0.19801422 2.02856292 -0.39812943
v 0.07435544 2.02856292 -0.39812943
v 0.07435544 2.23837602 -0.39812941
v -0.19801422 2.23837602 -0.39812941
v 0.07435544 2.02856294 -0.43331406
v 0.07435544 2.23837605 -0.43331404
v -0.19801422 2.02856294 -0.43331406
v -0.19801422 2.23837605 -0.43331404
v -0.19801422 2.02856292 -0.39812943
v -0.19801422 2.02856294 -0.43331406
v -0.19801422 2.23837605 -0.43331404
v -0.19801422 2.23837602 -0.39812941
v -0.19801422 2.03476806 -0.65834518
v -0.19801422 2.03187314 -0.62327986
v -0.19801422 2.25708494 -0.60468694
v -0.19801422 2.25997976 -0.63975228
v -0.19801422 2.03187314 -0.62327986
v 0.07435544 2.03187314 -0.62327986
v 0.07435544 2.25708494 -0.60468694
v -0.19801422 2.25708494 -0.60468694
v 0.07435544 2.03476806 -0.65834518
v 0.07435544 2.25997976 -0.63975228
v -0.19801422 2.03476806 -0.65834518
v -0.19801422 2.25997976 -0.63975228
v -0.19801422 2.03187314 -0.62327986
v -0.19801422 2.03476806 -0.65834518
v -0.19801422 2.25997976 -0.63975228
v -0.19801422 2.25708494 -0.60468694
v -0.19801422 2.02856307 -0.76779333
v -0.19801422 2.02856308 -0.73260884
v -0.19801422 2.27793697 -0.73260875
v -0.19801422 2.277937 -0.76779338
v -0.19801422 2.02856308 -0.73260884
v 0.07435544 2.02856308 -0.73260884
v 0.07435544 2.27793697 -0.73260875
v -0.19801422 2.27793697 -0.73260875
v 0.07435544 2.02856307 -0.76779333
v 0.07435544 2.277937 -0.76779338
v -0.19801422 2.02856307 -0.76779333
v -0.19801422 2.277937 -0.76779338
v -0.19801422 2.02856308 -0.73260884
v -0.19801422 2.02856307 -0.76779333
v -0.19801422 2.277937 -0.76779338
v -0.19801422 2.27793697 -0.73260875
v -0.19801422 2.02856307 -0.80409768
v -0.19801422 2.02856308 -0.76891319
v -0.19801422 2.20387794 -0.76891311
v -0.19801422 2.20387796 -0.80409774
v -0.19801422 2.02856308 -0.76891319
v 0.07435544 2.02856308 -0.76891319
v 0.07435544 2.20387794 -0.76891311
v -0.19801422 2.20387794 -0.76891311
v 0.07435544 2.02856307 -0.80409768
v 0.07435544 2.20387796 -0.80409774
v -0.19801422 2.02856307 -0.80409768
v -0.19801422 2.20387796 -0.80409774
v -0.19801422 2.02856308 -0.76891319
v -0.19801422 2.02856307 -0.80409768
v -0.19801422 2.20387796 -0.80409774
v -0.19801422 2.20387794 -0.76891311
v -0.19801422 2.02856281 -1.13083581
v -0.19801422 2.02856278 -1.09565118
v -0.19801422 2.20039541 -1.09565107
v -0.19801422 2.20039548 -1.13083584
v -0.19801422 2.02856278 -1.09565118
v 0.07435544 2.02856278 -1.09565118
v 0.07435544 2.20039541 -1.09565107
v -0.19801422 2.20039541 -1.09565107
v 0.07435544 2.02856281 -1.13083581
v 0.07435544 2.20039548 -1.13083584
v -0.19801422 2.02856281 -1.13083581
v -0.19801422 2.20039548 -1.13083584
v -0.19801422 2.02856278 -1.09565118
v -0.19801422 2.02856281 -1.13083581
v -0.19801422 2.20039548 -1.13083584
v -0.19801422 2.20039541 -1.09565107
v -0.19801422 2.02856254 -1.27605297
v -0.19801422 2.02856247 -1.2408682
v -0.19801422 2.25818065 -1.24086829
v -0.19801422 2.25818064 -1.27605278
v -0.19801422 2.02856247 -1.2408682
v 0.07435544 2.02856247 -1.2408682
v 0.07435544 2.25818065 -1.24086829
v -0.19801422 2.25818065 -1.24086829
v 0.07435544 2.02856254 -1.27605297
v 0.07435544 2.25818064 -1.27605278
v -0.19801422 2.02856254 -1.27605297
v -0.19801422 2.25818064 -1.27605278
v -0.19801422 2.02856247 -1.2408682
v -0.19801422 2.02856254 -1.27605297
v -0.19801422 2.25818064 -1.27605278
v -0.19801422 2.25818065 -1.24086829
v -0.19801422 2.03080811 -1.42197653
v -0.19801422 2.03542821 -1.38709665
v -0.19801422 2.25405314 -1.41605483
v -0.19801422 2.24943305 -1.45093471
v -0.19801422 2.03542821 -1.38709665
v 0.07435544 2.03542821 -1.38709665
v 0.07435544 2.25405314 -1.41605483
v -0.19801422 2.25405314 -1.41605483
v 0.07435544 2.03080811 -1.42197653
v 0.07435544 2.24943305 -1.45093471
v -0.19801422 2.03080811 -1.42197653
v -0.19801422 2.24943305 -1.45093471
v -0.19801422 2.03542821 -1.38709665
v -0.19801422 2.03080811 -1.42197653
v -0.19801422 2.24943305 -1.45093471
v -0.19801422 2.25405314 -1.41605483
v -0.19801422 1.74312069 -0.79137799
v -0.19801422 1.73948714 -0.82637434
v -0.19801422 1.94151105 -0.84735021
v -0.19801422 1.94514461 -0.81235385
v -0.19801422 1.73948714 -0.82637434
v 0.07435544 1.73948714 -0.82637434
v 0.07435544 1.94151105 -0.84735021
v -0.19801422 1.94151105 -0.84735021
v 0.07435544 1.74312069 -0.79137799
v 0.07435544 1.94514461 -0.81235385
v -0.19801422 1.74312069 -0.79137799
v -0.19801422 1.94514461 -0.81235385
v -0.19801422 1.73948714 -0.82637434
v -0.19801422 1.74312069 -0.79137799
v -0.19801422 1.94514461 -0.81235385
v -0.19801422 1.94151105 -0.84735021
v -0.19801422 1.7418193 -0.60455849
v -0.19801422 1.73779655 -0.63951217
v -0.19801422 1.96552433 -0.665721
v -0.19801422 1.96954708 -0.63076732
v -0.19801422 1.73779655 -0.63951217
v 0.07435544 1.73779655 -0.63951217
v 0.07435544 1.96552433 -0.665721
v -0.19801422 1.96552433 -0.665721
v 0.07435544 1.7418193 -0.60455849
v 0.07435544 1.96954708 -0.63076732
v -0.19801422 1.7418193 -0.60455849
v -0.19801422 1.96954708 -0.63076732
v -0.19801422 1.73779655 -0.63951217
v -0.19801422 1.7418193 -0.60455849
v -0.19801422 1.96954708 -0.63076732
v -0.19801422 1.96552433 -0.665721
v -0.19801422 1.73812478 0.02650533
v -0.19801422 1.74080721 -0.00857686
v -0.19801422 1.94995112 0.00741476
v -0.19801422 1.94726873 0.04249681
v -0.19801422 1.74080721 -0.00857686
v 0.07435544 1.74080721 -0.00857686
v 0.07435544 1.94995112 0.00741476
v -0.19801422 1.94995112 0.00741476
v 0.07435544 1.73812478 0.02650533
v 0.07435544 1.94726873 0.04249681
v -0.19801422 1.73812478 0.02650533
v -0.19801422 1.94726873 0.04249681
v -0.19801422 1.74080721 -0.00857686
v -0.19801422 1.73812478 0.02650533
v -0.19801422 1.94726873 0.04249681
v -0.19801422 1.94995112 0.00741476
v -0.19801422 1.7431034 -1.37881135
v -0.19801422 1.73946975 -1.41380773
v -0.19801422 1.93501359 -1.43411069
v -0.19801422 1.93864714 -1.39911434
v -0.19801422 1.73946975 -1.41380773
v 0.07435544 1.73946975 -1.41380773
v 0.07435544 1.93501359 -1.43411069
v -0.19801422 1.93501359 -1.43411069
v 0.07435544 1.7431034 -1.37881135
v 0.07435544 1.93864714 -1.39911434
v -0.19801422 1.7431034 -1.37881135
v -0.19801422 1.93864714 -1.39911434
v -0.19801422 1.73946975 -1.41380773
v -0.19801422 1.7431034 -1.37881135
v -0.19801422 1.93864714 -1.39911434
v -0.19801422 1.93501359 -1.43411069
v -0.19801422 1.74316668 -1.12345214
v -0.19801422 1.73953309 -1.15844836
v -0.19801422 1.95874993 -1.18120932
v -0.19801422 1.96238348 -1.14621297
v -0.19801422 1.73953309 -1.15844836
v 0.07435544 1.73953309 -1.15844836
v 0.07435544 1.95874993 -1.18120932
v -0.19801422 1.95874993 -1.18120932
v 0.07435544 1.74316668 -1.12345214
v 0.07435544 1.96238348 -1.14621297
v -0.19801422 1.74316668 -1.12345214
v -0.19801422 1.96238348 -1.14621297
v -0.19801422 1.73953309 -1.15844836
v -0.19801422 1.74316668 -1.12345214
v -0.19801422 1.96238348 -1.14621297
v -0.19801422 1.95874993 -1.18120932
v -0.19801422 1.74313027 -1.08785378
v -0.19801422 1.73949662 -1.12285015
v -0.19801422 1.94511837 -1.14419945
v -0.19801422 1.94875196 -1.10920324
v -0.19801422 1.73949662 -1.12285015
v 0.07435544 1.73949662 -1.12285015
v 0.07435544 1.94511837 -1.14419945
v -0.19801422 1.94511837 -1.14419945
v 0.07435544 1.74313027 -1.08785378
v 0.07435544 1.94875196 -1.10920324
v -0.19801422 1.74313027 -1.08785378
v -0.19801422 1.94875196 -1.10920324
v -0.19801422 1.73949662 -1.12285015
v -0.19801422 1.74313027 -1.08785378
v -0.19801422 1.94875196 -1.10920324
v -0.19801422 1.94511837 -1.14419945
v -0.19801422 1.74303795 -0.94442458
v -0.19801422 1.7394043 -0.97942096
v -0.19801422 1.9105851 -0.99719449
v -0.19801422 1.91421876 -0.96219811
v -0.19801422 1.7394043 -0.97942096
v 0.07435544 1.7394043 -0.97942096
v 0.07435544 1.9105851 -0.99719449
v -0.19801422 1.9105851 -0.99719449
v 0.07435544 1.74303795 -0.94442458
v 0.07435544 1.91421876 -0.96219811
v -0.19801422 1.74303795 -0.94442458
v -0.19801422 1.91421876 -0.96219811
v -0.19801422 1.7394043 -0.97942096
v -0.19801422 1.74303795 -0.94442458
v -0.19801422 1.91421876 -0.96219811
v -0.19801422 1.9105851 -0.99719449
v -0.19801422 1.74316722 -0.90562487
v -0.19801422 1.73953367 -0.94062122
v -0.19801422 1.95878721 -0.96338605
v -0.19801422 1.96242076 -0.9283897
v -0.19801422 1.73953367 -0.94062122
v 0.07435544 1.73953367 -0.94062122
v 0.07435544 1.95878721 -0.96338605
v -0.19801422 1.95878721 -0.96338605
v 0.07435544 1.74316722 -0.90562487
v 0.07435544 1.96242076 -0.9283897
v -0.19801422 1.74316722 -0.90562487
v -0.19801422 1.96242076 -0.9283897
v -0.19801422 1.73953367 -0.94062122
v -0.19801422 1.74316722 -0.90562487
v -0.19801422 1.96242076 -0.9283897
v -0.19801422 1.95878721 -0.96338605
v -0.19801422 1.74171871 -0.44504466
v -0.19801422 1.73986805 -0.48018051
v -0.19801422 1.95126604 -0.49131524
v -0.19801422 1.95311669 -0.4561794
v -0.19801422 1.73986805 -0.48018051
v 0.07435544 1.73986805 -0.48018051
v 0.07435544 1.95126604 -0.49131524
v -0.19801422 1.95126604 -0.49131524
v 0.07435544 1.74171871 -0.44504466
v 0.07435544 1.95311669 -0.4561794
v -0.19801422 1.74171871 -0.44504466
v -0.19801422 1.95311669 -0.4561794
v -0.19801422 1.73986805 -0.48018051
v -0.19801422 1.74171871 -0.44504466
v -0.19801422 1.95311669 -0.4561794
v -0.19801422 1.95126604 -0.49131524
v -0.19801422 1.73395134 -0.18077878
v -0.19801422 1.73395137 -0.21596341
v -0.19801422 1.95809622 -0.21596351
v -0.19801422 1.95809619 -0.18077888
v -0.19801422 1.73395137 -0.21596341
v 0.07435544 1.73395137 -0.21596341
v 0.07435544 1.95809622 -0.21596351
v -0.19801422 1.95809622 -0.21596351
v 0.07435544 1.73395134 -0.18077878
v 0.07435544 1.95809619 -0.18077888
v -0.19801422 1.73395134 -0.18077878
v -0.19801422 1.95809619 -0.18077888
v -0.19801422 1.73395137 -0.21596341
v -0.19801422 1.73395134 -0.18077878
v -0.19801422 1.95809619 -0.18077888
v -0.19801422 1.95809622 -0.21596351
v -0.19801422 1.73786916 0.21123077
v -0.19801422 1.74174017 0.1762598
v -0.19801422 1.91599089 0.19554785
v -0.19801422 1.91211988 0.23051882
v -0.19801422 1.74174017 0.1762598
v 0.07435544 1.74174017 0.1762598
v 0.07435544 1.91599089 0.19554785
v -0.19801422 1.91599089 0.19554785
v 0.07435544 1.73786916 0.21123077
v 0.07435544 1.91211988 0.23051882
v -0.19801422 1.73786916 0.21123077
v -0.19801422 1.91211988 0.23051882
v -0.19801422 1.74174017 0.1762598
v -0.19801422 1.73786916 0.21123077
v -0.19801422 1.91211988 0.23051882
v -0.19801422 1.91599089 0.19554785
v -0.19801422 1.73783101 0.61127488
v -0.19801422 1.74170205 0.57630384
v -0.19801422 1.90335524 0.59419746
v -0.19801422 1.89948421 0.6291685
v -0.19801422 1.74170205 0.57630384
v 0.07435544 1.74170205 0.57630384
v 0.07435544 1.90335524 0.59419746
v -0.19801422 1.90335524 0.59419746
v 0.07435544 1.73783101 0.61127488
v 0.07435544 1.89948421 0.6291685
v -0.19801422 1.73783101 0.61127488
v -0.19801422 1.89948421 0.6291685
v -0.19801422 1.74170205 0.57630384
v -0.19801422 1.73783101 0.61127488
v -0.19801422 1.89948421 0.6291685
v -0.19801422 1.90335524 0.59419746
v -0.19801422 1.73799587 0.71719399
v -0.19801422 1.74186689 0.68222302
v -0.19801422 1.95761038 0.70610398
v -0.19801422 1.95373947 0.74107498
v -0.19801422 1.74186689 0.68222302
v 0.07435544 1.74186689 0.68222302
v 0.07435544 1.95761038 0.70610398
v -0.19801422 1.95761038 0.70610398
v 0.07435544 1.73799587 0.71719399
v 0.07435544 1.95373947 0.74107498
v -0.19801422 1.73799587 0.71719399
v -0.19801422 1.95373947 0.74107498
v -0.19801422 1.74186689 0.68222302
v -0.19801422 1.73799587 0.71719399
v -0.19801422 1.95373947 0.74107498
v -0.19801422 1.95761038 0.70610398
v -0.19801422 1.74187025 0.82656184
v -0.19801422 1.75029965 0.79240209
v -0.19801422 1.96441143 0.84523759
v -0.19801422 1.95598193 0.87939732
v -0.19801422 1.75029965 0.79240209
v 0.07435544 1.75029965 0.79240209
v 0.07435544 1.96441143 0.84523759
v -0.19801422 1.96441143 0.84523759
v 0.07435544 1.74187025 0.82656184
v 0.07435544 1.95598193 0.87939732
v -0.19801422 1.74187025 0.82656184
v -0.19801422 1.95598193 0.87939732
v -0.19801422 1.75029965 0.79240209
v -0.19801422 1.74187025 0.82656184
v -0.19801422 1.95598193 0.87939732
v -0.19801422 1.96441143 0.84523759
v -0.19801422 1.44451373 -0.64569814
v -0.19801422 1.44451368 -0.68088249
v -0.19801422 1.67190623 -0.68088251
v -0.19801422 1.67190628 -0.64569816
v -0.19801422 1.44451368 -0.68088249
v 0.07435544 1.44451368 -0.68088249
v 0.07435544 1.67190623 -0.68088251
v -0.19801422 1.67190623 -0.68088251
v 0.07435544 1.44451373 -0.64569814
v 0.07435544 1.67190628 -0.64569816
v -0.19801422 1.44451373 -0.64569814
v -0.19801422 1.67190628 -0.64569816
v -0.19801422 1.44451368 -0.68088249
v -0.19801422 1.44451373 -0.64569814
v -0.19801422 1.67190628 -0.64569816
v -0.19801422 1.67190623 -0.68088251
v -0.19801422 1.44451353 -0.53678515
v -0.19801422 1.44451352 -0.57196964
v -0.19801422 1.66500428 -0.57196973
v -0.19801422 1.66500429 -0.53678524
v -0.19801422 1.44451352 -0.57196964
v 0.07435544 1.44451352 -0.57196964
v 0.07435544 1.66500428 -0.57196973
v -0.19801422 1.66500428 -0.57196973
v 0.07435544 1.44451353 -0.53678515
v 0.07435544 1.66500429 -0.53678524
v -0.19801422 1.44451353 -0.53678515
v -0.19801422 1.66500429 -0.53678524
v -0.19801422 1.44451352 -0.57196964
v -0.19801422 1.44451353 -0.53678515
v -0.19801422 1.66500429 -0.53678524
v -0.19801422 1.66500428 -0.57196973
v -0.19801422 1.45869475 -0.34277659
v -0.19801422 1.44950823 -0.37674055
v -0.19801422 1.66576438 -0.43523274
v -0.19801422 1.67495091 -0.40126878
v -0.19801422 1.44950823 -0.37674055
v 0.07435544 1.44950823 -0.37674055
v 0.07435544 1.66576438 -0.43523274
v -0.19801422 1.66576438 -0.43523274
v 0.07435544 1.45869475 -0.34277659
v 0.07435544 1.67495091 -0.40126878
v -0.19801422 1.45869475 -0.34277659
v -0.19801422 1.67495091 -0.40126878
v -0.19801422 1.44950823 -0.37674055
v -0.19801422 1.45869475 -0.34277659
v -0.19801422 1.67495091 -0.40126878
v -0.19801422 1.66576438 -0.43523274
v -0.19801422 1.44451335 -1.26909934
v -0.19801422 1.44451339 -1.30428382
v -0.19801422 1.6411084 -1.30428388
v -0.19801422 1.64110831 -1.26909942
v -0.19801422 1.44451339 -1.30428382
v 0.07435544 1.44451339 -1.30428382
v 0.07435544 1.6411084 -1.30428388
v -0.19801422 1.6411084 -1.30428388
v 0.07435544 1.44451335 -1.26909934
v 0.07435544 1.64110831 -1.26909942
v -0.19801422 1.44451335 -1.26909934
v -0.19801422 1.64110831 -1.26909942
v -0.19801422 1.44451339 -1.30428382
v -0.19801422 1.44451335 -1.26909934
v -0.19801422 1.64110831 -1.26909942
v -0.19801422 1.6411084 -1.30428388
v -0.19801422 1.4445138 -1.01496879
v -0.19801422 1.4445138 -1.05015313
v -0.19801422 1.66490915 -1.05015314
v -0.19801422 1.6649091 -1.01496881
v -0.19801422 1.4445138 -1.05015313
v 0.07435544 1.4445138 -1.05015313
v 0.07435544 1.66490915 -1.05015314
v -0.19801422 1.66490915 -1.05015314
v 0.07435544 1.4445138 -1.01496879
v 0.07435544 1.6649091 -1.01496881
v -0.19801422 1.4445138 -1.01496879
v -0.19801422 1.6649091 -1.01496881
v -0.19801422 1.4445138 -1.05015313
v -0.19801422 1.4445138 -1.01496879
v -0.19801422 1.6649091 -1.01496881
v -0.19801422 1.66490915 -1.05015314
v -0.19801422 1.44451353 -0.86975162
v -0.19801422 1.44451352 -0.90493611
v -0.19801422 1.64602545 -0.9049362
v -0.19801422 1.64602546 -0.86975171
v -0.19801422 1.44451352 -0.90493611
v 0.07435544 1.44451352 -0.90493611
v 0.07435544 1.64602545 -0.9049362
v -0.19801422 1.64602545 -0.9049362
v 0.07435544 1.44451353 -0.86975162
v 0.07435544 1.64602546 -0.86975171
v -0.19801422 1.44451353 -0.86975162
v -0.19801422 1.64602546 -0.86975171
v -0.19801422 1.44451352 -0.90493611
v -0.19801422 1.44451353 -0.86975162
v -0.19801422 1.64602546 -0.86975171
v -0.19801422 1.64602545 -0.9049362
v -0.19801422 1.43933913 -0.16162626
v -0.19801422 1.43933922 -0.19681073
v -0.19801422 1.6687697 -0.19681075
v -0.19801422 1.66876961 -0.16162629
v 0.07435544 1.43933922 -0.19681073
v 0.07435544 1.6687697 -0.19681075
v 0.07435544 1.43933913 -0.16162626
v 0.07435544 1.66876961 -0.16162629
v -0.19801422 1.43933913 -0.16162626
v -0.19801422 1.66876961 -0.16162629
v -0.19801422 1.43933922 -0.19681073
v -0.19801422 1.43933913 -0.16162626
v -0.19801422 1.66876961 -0.16162629
v -0.19801422 1.6687697 -0.19681075
v -0.19801422 1.45002788 0.12493886
v -0.19801422 1.45002781 0.08975421
v -0.19801422 1.67784146 0.08975424
v -0.19801422 1.67784146 0.1249388
v -0.19801422 1.45002781 0.08975421
v 0.07435544 1.45002781 0.08975421
v 0.07435544 1.67784146 0.08975424
v -0.19801422 1.67784146 0.08975424
v 0.07435544 1.45002788 0.12493886
v 0.07435544 1.67784146 0.1249388
v -0.19801422 1.45002788 0.12493886
v -0.19801422 1.67784146 0.1249388
v -0.19801422 1.45002781 0.08975421
v -0.19801422 1.45002788 0.12493886
v -0.19801422 1.67784146 0.1249388
v -0.19801422 1.67784146 0.08975424
v -0.19801422 1.443125 0.28529963
v -0.19801422 1.46943286 0.26193615
v -0.19801422 1.63502349 0.44839536
v -0.19801422 1.60871561 0.47175892
v -0.19801422 1.46943286 0.26193615
v 0.07435544 1.46943286 0.26193615
v 0.07435544 1.63502349 0.44839536
v -0.19801422 1.63502349 0.44839536
v 0.07435544 1.443125 0.28529963
v 0.07435544 1.60871561 0.47175892
v -0.19801422 1.443125 0.28529963
v -0.19801422 1.60871561 0.47175892
v -0.19801422 1.46943286 0.26193615
v -0.19801422 1.443125 0.28529963
v -0.19801422 1.60871561 0.47175892
v -0.19801422 1.63502349 0.44839536
v -0.19801422 1.43933964 0.90984308
v -0.19801422 1.43933954 0.8746585
v -0.19801422 1.62736761 0.87465853
v -0.19801422 1.62736761 0.90984309
v -0.19801422 1.43933954 0.8746585
v 0.07435544 1.43933954 0.8746585
v 0.07435544 1.62736761 0.87465853
v -0.19801422 1.62736761 0.87465853
v 0.07435544 1.43933964 0.90984308
v 0.07435544 1.62736761 0.90984309
v -0.19801422 1.43933964 0.90984308
v -0.19801422 1.62736761 0.90984309
v -0.19801422 1.43933954 0.8746585
v -0.19801422 1.43933964 0.90984308
v -0.19801422 1.62736761 0.90984309
v -0.19801422 1.62736761 0.87465853
v -0.19801422 0.85011609 -0.810831
v -0.19801422 0.8501161 -0.84601548
v -0.19801422 1.05322605 -0.84601547
v -0.19801422 1.05322606 -0.81083098
v -0.19801422 0.8501161 -0.84601548
v 0.07435544 0.8501161 -0.84601548
v 0.07435544 1.05322605 -0.84601547
v -0.19801422 1.05322605 -0.84601547
v 0.07435544 0.85011609 -0.810831
v 0.07435544 1.05322606 -0.81083098
v -0.19801422 0.85011609 -0.810831
v -0.19801422 1.05322606 -0.81083098
v -0.19801422 0.8501161 -0.84601548
v -0.19801422 0.85011609 -0.810831
v -0.19801422 1.05322606 -0.81083098
v -0.19801422 1.05322605 -0.84601547
v -0.19801422 0.85798382 -0.6045587
v -0.19801422 0.85396101 -0.63951239
v -0.19801422 1.08168884 -0.6657212
v -0.19801422 1.08571164 -0.63076751
v -0.19801422 0.85396101 -0.63951239
v 0.07435544 0.85396101 -0.63951239
v 0.07435544 1.08168884 -0.6657212
v -0.19801422 1.08168884 -0.6657212
v 0.07435544 0.85798382 -0.6045587
v 0.07435544 1.08571164 -0.63076751
v -0.19801422 0.85798382 -0.6045587
v -0.19801422 1.08571164 -0.63076751
v -0.19801422 0.85396101 -0.63951239
v -0.19801422 0.85798382 -0.6045587
v -0.19801422 1.08571164 -0.63076751
v -0.19801422 1.08168884 -0.6657212
v -0.19801422 0.8501158 -1.39792783
v -0.19801422 0.8501158 -1.43311231
v -0.19801422 1.04671079 -1.43311239
v -0.19801422 1.0467108 -1.3979279
v -0.19801422 0.8501158 -1.43311231
v 0.07435544 0.8501158 -1.43311231
v 0.07435544 1.04671079 -1.43311239
v -0.19801422 1.04671079 -1.43311239
v 0.07435544 0.8501158 -1.39792783
v 0.07435544 1.0467108 -1.3979279
v -0.19801422 0.8501158 -1.39792783
v -0.19801422 1.0467108 -1.3979279
v -0.19801422 0.8501158 -1.43311231
v -0.19801422 0.8501158 -1.39792783
v -0.19801422 1.0467108 -1.3979279
v -0.19801422 1.04671079 -1.43311239
v -0.19801422 0.85011591 -1.3253194
v -0.19801422 0.85011589 -1.36050375
v -0.19801422 1.07609307 -1.36050375
v -0.19801422 1.07609309 -1.32531941
v -0.19801422 0.85011589 -1.36050375
v 0.07435544 0.85011589 -1.36050375
v 0.07435544 1.07609307 -1.36050375
v -0.19801422 1.07609307 -1.36050375
v 0.07435544 0.85011591 -1.3253194
v 0.07435544 1.07609309 -1.32531941
v -0.19801422 0.85011591 -1.3253194
v -0.19801422 1.07609309 -1.32531941
v -0.19801422 0.85011589 -1.36050375
v -0.19801422 0.85011591 -1.3253194
v -0.19801422 1.07609309 -1.32531941
v -0.19801422 1.07609307 -1.36050375
v -0.19801422 0.8501162 -1.25271064
v -0.19801422 0.8501162 -1.28789512
v -0.19801422 1.00796532 -1.28789516
v -0.19801422 1.0079653 -1.25271067
v -0.19801422 0.8501162 -1.28789512
v 0.07435544 0.8501162 -1.28789512
v 0.07435544 1.00796532 -1.28789516
v -0.19801422 1.00796532 -1.28789516
v 0.07435544 0.8501162 -1.25271064
v 0.07435544 1.0079653 -1.25271067
v -0.19801422 0.8501162 -1.25271064
v -0.19801422 1.0079653 -1.25271067
v -0.19801422 0.8501162 -1.28789512
v -0.19801422 0.8501162 -1.25271064
v -0.19801422 1.0079653 -1.25271067
v -0.19801422 1.00796532 -1.28789516
v -0.19801422 0.85011621 -1.0711889
v -0.19801422 0.85011616 -1.10637325
v -0.19801422 1.08246707 -1.10637323
v -0.19801422 1.08246712 -1.07118888
v -0.19801422 0.85011616 -1.10637325
v 0.07435544 0.85011616 -1.10637325
v 0.07435544 1.08246707 -1.10637323
v -0.19801422 1.08246707 -1.10637323
v 0.07435544 0.85011621 -1.0711889
v 0.07435544 1.08246712 -1.07118888
v -0.19801422 0.85011621 -1.0711889
v -0.19801422 1.08246712 -1.07118888
v -0.19801422 0.85011616 -1.10637325
v -0.19801422 0.85011621 -1.0711889
v -0.19801422 1.08246712 -1.07118888
v -0.19801422 1.08246707 -1.10637323
v -0.19801422 0.85011603 -0.28969169
v -0.19801422 0.85011605 -0.32487617
v -0.19801422 1.0795465 -0.3248762
v -0.19801422 1.07954646 -0.28969172
v -0.19801422 0.85011605 -0.32487617
v 0.07435544 0.85011605 -0.32487617
v 0.07435544 1.0795465 -0.3248762
v -0.19801422 1.0795465 -0.3248762
v 0.07435544 0.85011603 -0.28969169
v 0.07435544 1.07954646 -0.28969172
v -0.19801422 0.85011603 -0.28969169
v -0.19801422 1.07954646 -0.28969172
v -0.19801422 0.85011605 -0.32487617
v -0.19801422 0.85011603 -0.28969169
v -0.19801422 1.07954646 -0.28969172
v -0.19801422 1.0795465 -0.3248762
v -0.19801422 0.85011599 -0.00703976
v -0.19801422 0.85011602 -0.04222439
v -0.19801422 1.07792957 -0.04222438
v -0.19801422 1.07792961 -0.00703981
v -0.19801422 0.85011602 -0.04222439
v 0.07435544 0.85011602 -0.04222439
v 0.07435544 1.07792957 -0.04222438
v -0.19801422 1.07792957 -0.04222438
v 0.07435544 0.85011599 -0.00703976
v 0.07435544 1.07792961 -0.00703981
v -0.19801422 0.85011599 -0.00703976
v -0.19801422 1.07792961 -0.00703981
v -0.19801422 0.85011602 -0.04222439
v -0.19801422 0.85011599 -0.00703976
v -0.19801422 1.07792961 -0.00703981
v -0.19801422 1.07792957 -0.04222438
v -0.19801422 0.85011598 0.19000469
v -0.19801422 0.85011596 0.15482005
v -0.19801422 1.09948988 0.15482007
v -0.19801422 1.09948985 0.1900047
v -0.19801422 0.85011596 0.15482005
v 0.07435544 0.85011596 0.15482005
v 0.07435544 1.09948988 0.15482007
v -0.19801422 1.09948988 0.15482007
v 0.07435544 0.85011598 0.19000469
v 0.07435544 1.09948985 0.1900047
v -0.19801422 0.85011598 0.19000469
v -0.19801422 1.09948985 0.1900047
v -0.19801422 0.85011596 0.15482005
v -0.19801422 0.85011598 0.19000469
v -0.19801422 1.09948985 0.1900047
v -0.19801422 1.09948988 0.15482007
v -0.19801422 0.85011626 0.29891728
v -0.19801422 0.85011629 0.26373265
v -0.19801422 1.06172096 0.26373264
v -0.19801422 1.06172098 0.29891728
v -0.19801422 0.85011629 0.26373265
v 0.07435544 0.85011629 0.26373265
v 0.07435544 1.06172096 0.26373264
v -0.19801422 1.06172096 0.26373264
v 0.07435544 0.85011626 0.29891728
v 0.07435544 1.06172098 0.29891728
v -0.19801422 0.85011626 0.29891728
v -0.19801422 1.06172098 0.29891728
v -0.19801422 0.85011629 0.26373265
v -0.19801422 0.85011626 0.29891728
v -0.19801422 1.06172098 0.29891728
v -0.19801422 1.06172096 0.26373264
v -0.19801422 0.85011593 0.40783016
v -0.19801422 0.85011594 0.3726456
v -0.19801422 1.03814391 0.3726456
v -0.19801422 1.0381439 0.40783016
v -0.19801422 0.85011594 0.3726456
v 0.07435544 0.85011594 0.3726456
v 0.07435544 1.03814391 0.3726456
v -0.19801422 1.03814391 0.3726456
v 0.07435544 0.85011593 0.40783016
v 0.07435544 1.0381439 0.40783016
v -0.19801422 0.85011593 0.40783016
v -0.19801422 1.0381439 0.40783016
v -0.19801422 0.85011594 0.3726456
v -0.19801422 0.85011593 0.40783016
v -0.19801422 1.0381439 0.40783016
v -0.19801422 1.03814391 0.3726456
v -0.19801422 0.85011646 0.73456807
v -0.19801422 0.85011647 0.69938351
v -0.19801422 1.06717763 0.69938349
v -0.19801422 1.06717772 0.73456808
v -0.19801422 0.85011647 0.69938351
v 0.07435544 0.85011647 0.69938351
v 0.07435544 1.06717763 0.69938349
v -0.19801422 1.06717763 0.69938349
v 0.07435544 0.85011646 0.73456807
v 0.07435544 1.06717772 0.73456808
v -0.19801422 0.85011646 0.73456807
v -0.19801422 1.06717772 0.73456808
v -0.19801422 0.85011647 0.69938351
v -0.19801422 0.85011646 0.73456807
v -0.19801422 1.06717772 0.73456808
v -0.19801422 1.06717763 0.69938349
v -0.19801422 0.85442481 0.80849518
v -0.19801422 0.85732872 0.77343083
v -0.19801422 1.06461186 0.7905972
v -0.19801422 1.0617079 0.82566153
v -0.19801422 0.85732872 0.77343083
v 0.07435544 0.85732872 0.77343083
v 0.07435544 1.06461186 0.7905972
v -0.19801422 1.06461186 0.7905972
v 0.07435544 0.85442481 0.80849518
v 0.07435544 1.0617079 0.82566153
v -0.19801422 0.85442481 0.80849518
v -0.19801422 1.0617079 0.82566153
v -0.19801422 0.85732872 0.77343083
v -0.19801422 0.85442481 0.80849518
v -0.19801422 1.0617079 0.82566153
v -0.19801422 1.06461186 0.7905972
v -0.19801423 1.15607743 -1.35245694
v -0.19801423 1.16281444 -1.31792358
v -0.19801423 1.36695868 -1.35774959
v -0.19801423 1.36022167 -1.39228294
v -0.19801423 1.16281444 -1.31792358
v 0.07435545 1.16281444 -1.31792358
v 0.07435545 1.36695868 -1.35774959
v -0.19801423 1.36695868 -1.35774959
v 0.07435545 1.15607743 -1.35245694
v 0.07435545 1.36022167 -1.39228294
v -0.19801423 1.15607743 -1.35245694
v -0.19801423 1.36022167 -1.39228294
v -0.19801423 1.16281444 -1.31792358
v -0.19801423 1.15607743 -1.35245694
v -0.19801423 1.36022167 -1.39228294
v -0.19801423 1.36695868 -1.35774959
v -0.19801423 1.1508208 -1.13239346
v -0.19801423 1.15468467 -1.09742159
v -0.19801423 1.37928642 -1.12223696
v -0.19801423 1.37542255 -1.15720883
v -0.19801423 1.15468467 -1.09742159
v 0.07435545 1.15468467 -1.09742159
v 0.07435545 1.37928642 -1.12223696
v -0.19801423 1.37928642 -1.12223696
v 0.07435545 1.1508208 -1.13239346
v 0.07435545 1.37542255 -1.15720883
v -0.19801423 1.1508208 -1.13239346
v -0.19801423 1.37542255 -1.15720883
v -0.19801423 1.15468467 -1.09742159
v -0.19801423 1.1508208 -1.13239346
v -0.19801423 1.37542255 -1.15720883
v -0.19801423 1.37928642 -1.12223696
v -0.19801423 1.15066923 -0.95295961
v -0.19801423 1.15453313 -0.91798789
v -0.19801423 1.34142384 -0.93863671
v -0.19801423 1.33755994 -0.97360844
v -0.19801423 1.15453313 -0.91798789
v 0.07435545 1.15453313 -0.91798789
v 0.07435545 1.34142384 -0.93863671
v -0.19801423 1.34142384 -0.93863671
v 0.07435545 1.15066923 -0.95295961
v 0.07435545 1.33755994 -0.97360844
v -0.19801423 1.15066923 -0.95295961
v -0.19801423 1.33755994 -0.97360844
v -0.19801423 1.15453313 -0.91798789
v -0.19801423 1.15066923 -0.95295961
v -0.19801423 1.33755994 -0.97360844
v -0.19801423 1.34142384 -0.93863671
v -0.19801423 1.15076528 -0.80545495
v -0.19801423 1.15462921 -0.77048337
v -0.19801423 1.38285365 -0.79569879
v -0.19801423 1.37898978 -0.83067066
v -0.19801423 1.15462921 -0.77048337
v 0.07435545 1.15462921 -0.77048337
v 0.07435545 1.38285365 -0.79569879
v -0.19801423 1.38285365 -0.79569879
v 0.07435545 1.15076528 -0.80545495
v 0.07435545 1.37898978 -0.83067066
v -0.19801423 1.15076528 -0.80545495
v -0.19801423 1.37898978 -0.83067066
v -0.19801423 1.15462921 -0.77048337
v -0.19801423 1.15076528 -0.80545495
v -0.19801423 1.37898978 -0.83067066
v -0.19801423 1.38285365 -0.79569879
v -0.19801423 1.14995543 -0.62287014
v -0.19801423 1.15284323 -0.58780432
v -0.19801423 1.37805869 -0.6063515
v -0.19801423 1.37517089 -0.64141732
v -0.19801423 1.15284323 -0.58780432
v 0.07435545 1.15284323 -0.58780432
v 0.07435545 1.37805869 -0.6063515
v -0.19801423 1.37805869 -0.6063515
v 0.07435545 1.14995543 -0.62287014
v 0.07435545 1.37517089 -0.64141732
v -0.19801423 1.14995543 -0.62287014
v -0.19801423 1.37517089 -0.64141732
v -0.19801423 1.15284323 -0.58780432
v -0.19801423 1.14995543 -0.62287014
v -0.19801423 1.37517089 -0.64141732
v -0.19801423 1.37805869 -0.6063515
v -0.19801423 1.14658849 -0.34382429
v -0.19801423 1.14658137 -0.30863969
v -0.19801423 1.34566783 -0.30859939
v -0.19801423 1.34567496 -0.34378383
v -0.19801423 1.14658137 -0.30863969
v 0.07435545 1.14658137 -0.30863969
v 0.07435545 1.34566783 -0.30859939
v -0.19801423 1.34566783 -0.30859939
v 0.07435545 1.14658849 -0.34382429
v 0.07435545 1.34567496 -0.34378383
v -0.19801423 1.14658849 -0.34382429
v -0.19801423 1.34567496 -0.34378383
v -0.19801423 1.14658137 -0.30863969
v -0.19801423 1.14658849 -0.34382429
v -0.19801423 1.34567496 -0.34378383
v -0.19801423 1.34566783 -0.30859939
v -0.19801423 1.15236583 -0.15286823
v -0.19801423 1.15171062 -0.11768982
v -0.19801423 1.37572933 -0.11351743
v -0.19801423 1.37638453 -0.14869584
v -0.19801423 1.15171062 -0.11768982
v 0.07435545 1.15171062 -0.11768982
v 0.07435545 1.37572933 -0.11351743
v -0.19801423 1.37572933 -0.11351743
v 0.07435545 1.15236583 -0.15286823
v 0.07435545 1.37638453 -0.14869584
v -0.19801423 1.15236583 -0.15286823
v -0.19801423 1.37638453 -0.14869584
v -0.19801423 1.15171062 -0.11768982
v -0.19801423 1.15236583 -0.15286823
v -0.19801423 1.37638453 -0.14869584
v -0.19801423 1.37572933 -0.11351743
v -0.19801423 1.15547817 0.00032849
v -0.19801423 1.14995261 0.03507637
v -0.19801423 1.32075998 0.06223796
v -0.19801423 1.32628549 0.02749007
v -0.19801423 1.14995261 0.03507637
v 0.07435545 1.14995261 0.03507637
v 0.07435545 1.32075998 0.06223796
v -0.19801423 1.32075998 0.06223796
v 0.07435545 1.15547817 0.00032849
v 0.07435545 1.32628549 0.02749007
v -0.19801423 1.15547817 0.00032849
v -0.19801423 1.32628549 0.02749007
v -0.19801423 1.14995261 0.03507637
v -0.19801423 1.15547817 0.00032849
v -0.19801423 1.32628549 0.02749007
v -0.19801423 1.32075998 0.06223796
v -0.19801423 1.15571402 0.19291462
v -0.19801423 1.15207333 0.22791016
v -0.19801423 1.3782452 0.2514397
v -0.19801423 1.38188595 0.21644411
v -0.19801423 1.15207333 0.22791016
v 0.07435545 1.15207333 0.22791016
v 0.07435545 1.3782452 0.2514397
v -0.19801423 1.3782452 0.2514397
v 0.07435545 1.15571402 0.19291462
v 0.07435545 1.38188595 0.21644411
v -0.19801423 1.15571402 0.19291462
v -0.19801423 1.38188595 0.21644411
v -0.19801423 1.15207333 0.22791016
v -0.19801423 1.15571402 0.19291462
v -0.19801423 1.38188595 0.21644411
v -0.19801423 1.3782452 0.2514397
v -0.19801423 1.15978463 0.30356949
v -0.19801423 1.15542967 0.33848342
v -0.19801423 1.35875161 0.36384513
v -0.19801423 1.36310666 0.32893123
v -0.19801423 1.15542967 0.33848342
v 0.07435545 1.15542967 0.33848342
v 0.07435545 1.35875161 0.36384513
v -0.19801423 1.35875161 0.36384513
v 0.07435545 1.15978463 0.30356949
v 0.07435545 1.36310666 0.32893123
v -0.19801423 1.15978463 0.30356949
v -0.19801423 1.36310666 0.32893123
v -0.19801423 1.15542967 0.33848342
v -0.19801423 1.15978463 0.30356949
v -0.19801423 1.36310666 0.32893123
v -0.19801423 1.35875161 0.36384513
v -0.19801423 1.15555483 0.45531776
v -0.19801423 1.1519142 0.49031331
v -0.19801423 1.3386881 0.50974408
v -0.19801423 1.34232873 0.47474854
v -0.19801423 1.1519142 0.49031331
v 0.07435545 1.1519142 0.49031331
v 0.07435545 1.3386881 0.50974408
v -0.19801423 1.3386881 0.50974408
v 0.07435545 1.15555483 0.45531776
v 0.07435545 1.34232873 0.47474854
v -0.19801423 1.15555483 0.45531776
v -0.19801423 1.34232873 0.47474854
v -0.19801423 1.1519142 0.49031331
v -0.19801423 1.15555483 0.45531776
v -0.19801423 1.34232873 0.47474854
v -0.19801423 1.3386881 0.50974408
v -0.19801423 1.15558538 0.85251849
v -0.19801423 1.1519446 0.88751415
v -0.19801423 1.3800729 0.91124716
v -0.19801423 1.38371365 0.87625157
v -0.19801423 1.1519446 0.88751415
v 0.07435545 1.1519446 0.88751415
v 0.07435545 1.3800729 0.91124716
v -0.19801423 1.3800729 0.91124716
v 0.07435545 1.15558538 0.85251849
v 0.07435545 1.38371365 0.87625157
v -0.19801423 1.15558538 0.85251849
v -0.19801423 1.38371365 0.87625157
v -0.19801423 1.1519446 0.88751415
v -0.19801423 1.15558538 0.85251849
v -0.19801423 1.38371365 0.87625157
v -0.19801423 1.3800729 0.91124716
v -0.19801422 -0.01948359 0.20878164
v -0.19801422 -0.01948361 0.24396613
v -0.19801422 0.18362636 0.24396614
v -0.19801422 0.18362637 0.20878166
v -0.19801422 -0.01948361 0.24396613
v 0.07435544 -0.01948361 0.24396613
v 0.07435544 0.18362636 0.24396614
v -0.19801422 0.18362636 0.24396614
v 0.07435544 -0.01948359 0.20878164
v 0.07435544 0.18362637 0.20878166
v -0.19801422 -0.01948359 0.20878164
v -0.19801422 0.18362637 0.20878166
v -0.19801422 -0.01948361 0.24396613
v -0.19801422 -0.01948359 0.20878164
v -0.19801422 0.18362637 0.20878166
v -0.19801422 0.18362636 0.24396614
v -0.19801422 -0.01054401 -0.05229181
v -0.19801422 -0.00336933 -0.01784664
v -0.19801422 0.15193371 -0.05019508
v -0.19801422 0.14475902 -0.08464018
v -0.19801422 -0.00336933 -0.01784664
v 0.07435544 -0.00336933 -0.01784664
v 0.07435544 0.15193371 -0.05019508
v -0.19801422 0.15193371 -0.05019508
v 0.07435544 -0.01054401 -0.05229181
v 0.07435544 0.14475902 -0.08464018
v -0.19801422 -0.01054401 -0.05229181
v -0.19801422 0.14475902 -0.08464018
v -0.19801422 -0.00336933 -0.01784664
v -0.19801422 -0.01054401 -0.05229181
v -0.19801422 0.14475902 -0.08464018
v -0.19801422 0.15193371 -0.05019508
v -0.19801422 -0.01948345 0.68696588
v -0.19801422 -0.01948345 0.72215033
v -0.19801422 0.22797119 0.72215032
v -0.19801422 0.2279712 0.68696587
v -0.19801422 -0.01948345 0.72215033
v 0.07435544 -0.01948345 0.72215033
v 0.07435544 0.22797119 0.72215032
v -0.19801422 0.22797119 0.72215032
v 0.07435544 -0.01948345 0.68696588
v 0.07435544 0.2279712 0.68696587
v -0.19801422 -0.01948345 0.68696588
v -0.19801422 0.2279712 0.68696587
v -0.19801422 -0.01948345 0.72215033
v -0.19801422 -0.01948345 0.68696588
v -0.19801422 0.2279712 0.68696587
v -0.19801422 0.22797119 0.72215032
v -0.19801422 -0.01948387 0.43283538
v -0.19801422 -0.01948387 0.4680198
v -0.19801422 0.16829806 0.46801982
v -0.19801422 0.16829806 0.43283537
v -0.19801422 -0.01948387 0.4680198
v 0.07435544 -0.01948387 0.4680198
v 0.07435544 0.16829806 0.46801982
v -0.19801422 0.16829806 0.46801982
v 0.07435544 -0.01948387 0.43283538
v 0.07435544 0.16829806 0.43283537
v -0.19801422 -0.01948387 0.43283538
v -0.19801422 0.16829806 0.43283537
v -0.19801422 -0.01948387 0.4680198
v -0.19801422 -0.01948387 0.43283538
v -0.19801422 0.16829806 0.43283537
v -0.19801422 0.16829806 0.46801982
v -0.19801422 -0.01948381 0.32392292
v -0.19801422 -0.01948379 0.35910738
v -0.19801422 0.20094836 0.35910739
v -0.19801422 0.20094836 0.32392295
v -0.19801422 -0.01948379 0.35910738
v 0.07435544 -0.01948379 0.35910738
v 0.07435544 0.20094836 0.35910739
v -0.19801422 0.20094836 0.35910739
v 0.07435544 -0.01948381 0.32392292
v 0.07435544 0.20094836 0.32392295
v -0.19801422 -0.01948381 0.32392292
v -0.19801422 0.20094836 0.32392295
v -0.19801422 -0.01948379 0.35910738
v -0.19801422 -0.01948381 0.32392292
v -0.19801422 0.20094836 0.32392295
v -0.19801422 0.20094836 0.35910739
v -0.19801422 -0.02465789 -0.34789841
v -0.19801422 -0.0246579 -0.31271393
v -0.19801422 0.21368196 -0.31271393
v -0.19801422 0.21368198 -0.34789841
v -0.19801422 -0.0246579 -0.31271393
v 0.07435544 -0.0246579 -0.31271393
v 0.07435544 0.21368196 -0.31271393
v -0.19801422 0.21368196 -0.31271393
v 0.07435544 -0.02465789 -0.34789841
v 0.07435544 0.21368198 -0.34789841
v -0.19801422 -0.02465789 -0.34789841
v -0.19801422 0.21368198 -0.34789841
v -0.19801422 -0.0246579 -0.31271393
v -0.19801422 -0.02465789 -0.34789841
v -0.19801422 0.21368198 -0.34789841
v -0.19801422 0.21368196 -0.31271393
v -0.19801422 -0.02465776 -0.42050707
v -0.19801422 -0.02465779 -0.38532244
v -0.19801422 0.19948711 -0.38532252
v -0.19801422 0.19948711 -0.42050716
v -0.19801422 -0.02465779 -0.38532244
v 0.07435544 -0.02465779 -0.38532244
v 0.07435544 0.19948711 -0.38532252
v -0.19801422 0.19948711 -0.38532252
v 0.07435544 -0.02465776 -0.42050707
v 0.07435544 0.19948711 -0.42050716
v -0.19801422 -0.02465776 -0.42050707
v -0.19801422 0.19948711 -0.42050716
v -0.19801422 -0.02465779 -0.38532244
v -0.19801422 -0.02465776 -0.42050707
v -0.19801422 0.19948711 -0.42050716
v -0.19801422 0.19948711 -0.38532252
v -0.19801422 -0.01396991 -0.59815926
v -0.19801422 -0.0139699 -0.56297477
v -0.19801422 0.21384369 -0.56297468
v -0.19801422 0.21384369 -0.59815932
v -0.19801422 -0.0139699 -0.56297477
v 0.07435544 -0.0139699 -0.56297477
v 0.07435544 0.21384369 -0.56297468
v -0.19801422 0.21384369 -0.56297468
v 0.07435544 -0.01396991 -0.59815926
v 0.07435544 0.21384369 -0.59815932
v -0.19801422 -0.01396991 -0.59815926
v -0.19801422 0.21384369 -0.59815932
v -0.19801422 -0.0139699 -0.56297477
v -0.19801422 -0.01396991 -0.59815926
v -0.19801422 0.21384369 -0.59815932
v -0.19801422 0.21384369 -0.56297468
v -0.19801422 0.09301927 -0.92182938
v -0.19801422 0.12378897 -0.93889342
v -0.19801422 0.01242984 -1.13969532
v -0.19801422 -0.01833984 -1.12263127
v -0.19801422 0.12378897 -0.93889342
v 0.07435544 0.12378897 -0.93889342
v 0.07435544 0.01242984 -1.13969532
v -0.19801422 0.01242984 -1.13969532
v 0.07435544 0.09301927 -0.92182938
v 0.07435544 -0.01833984 -1.12263127
v -0.19801422 0.09301927 -0.92182938
v -0.19801422 -0.01833984 -1.12263127
v -0.19801422 0.12378897 -0.93889342
v -0.19801422 0.09301927 -0.92182938
v -0.19801422 -0.01833984 -1.12263127
v -0.19801422 0.01242984 -1.13969532
v -0.19801422 -0.02465819 -1.48061632
v -0.19801422 -0.02465821 -1.44543169
v -0.19801422 0.16336974 -1.44543161
v -0.19801422 0.16336976 -1.48061624
v -0.19801422 -0.02465821 -1.44543169
v 0.07435544 -0.02465821 -1.44543169
v 0.07435544 0.16336974 -1.44543161
v -0.19801422 0.16336974 -1.44543161
v 0.07435544 -0.02465819 -1.48061632
v 0.07435544 0.16336976 -1.48061624
v -0.19801422 -0.02465819 -1.48061632
v -0.19801422 0.16336976 -1.48061624
v -0.19801422 -0.02465821 -1.44543169
v -0.19801422 -0.02465819 -1.48061632
v -0.19801422 0.16336976 -1.48061624
v -0.19801422 0.16336974 -1.44543161
v -0.19801422 0.28460833 0.37143853
v -0.19801422 0.30216044 0.40193227
v -0.19801422 0.47974165 0.29971695
v -0.19801422 0.46218952 0.26922324
v -0.19801422 0.30216044 0.40193227
v 0.07435544 0.30216044 0.40193227
v 0.07435544 0.47974165 0.29971695
v -0.19801422 0.47974165 0.29971695
v 0.07435544 0.28460833 0.37143853
v 0.07435544 0.46218952 0.26922324
v -0.19801422 0.28460833 0.37143853
v -0.19801422 0.46218952 0.26922324
v -0.19801422 0.30216044 0.40193227
v -0.19801422 0.28460833 0.37143853
v -0.19801422 0.46218952 0.26922324
v -0.19801422 0.47974165 0.29971695
v -0.19801422 0.27616768 0.13384524
v -0.19801422 0.27616767 0.16902973
v -0.19801422 0.48266542 0.16902973
v -0.19801422 0.48266543 0.13384525
v -0.19801422 0.27616767 0.16902973
v 0.07435544 0.27616767 0.16902973
v 0.07435544 0.48266542 0.16902973
v -0.19801422 0.48266542 0.16902973
v 0.07435544 0.27616768 0.13384524
v 0.07435544 0.48266543 0.13384525
v -0.19801422 0.27616768 0.13384524
v -0.19801422 0.48266543 0.13384525
v -0.19801422 0.27616767 0.16902973
v -0.19801422 0.27616768 0.13384524
v -0.19801422 0.48266543 0.13384525
v -0.19801422 0.48266542 0.16902973
v -0.19801422 0.27960888 0.02028782
v -0.19801422 0.28512737 0.05503681
v -0.19801422 0.45594025 0.0279099
v -0.19801422 0.45042176 -0.00683909
v -0.19801422 0.28512737 0.05503681
v 0.07435544 0.28512737 0.05503681
v 0.07435544 0.45594025 0.0279099
v -0.19801422 0.45594025 0.0279099
v 0.07435544 0.27960888 0.02028782
v 0.07435544 0.45042176 -0.00683909
v -0.19801422 0.27960888 0.02028782
v -0.19801422 0.45042176 -0.00683909
v -0.19801422 0.28512737 0.05503681
v -0.19801422 0.27960888 0.02028782
v -0.19801422 0.45042176 -0.00683909
v -0.19801422 0.45594025 0.0279099
v -0.19801422 0.27616763 0.86615959
v -0.19801422 0.27616763 0.90134404
v -0.19801422 0.50552717 0.90134403
v -0.19801422 0.50552715 0.86615958
v -0.19801422 0.27616763 0.90134404
v 0.07435544 0.27616763 0.90134404
v 0.07435544 0.50552717 0.90134403
v -0.19801422 0.50552717 0.90134403
v 0.07435544 0.27616763 0.86615959
v 0.07435544 0.50552715 0.86615958
v -0.19801422 0.27616763 0.86615959
v -0.19801422 0.50552715 0.86615958
v -0.19801422 0.27616763 0.90134404
v -0.19801422 0.27616763 0.86615959
v -0.19801422 0.50552715 0.86615958
v -0.19801422 0.50552717 0.90134403
v -0.19801422 0.27616744 0.82985504
v -0.19801422 0.27616743 0.86503948
v -0.19801422 0.47276241 0.86503948
v -0.19801422 0.47276241 0.82985503
v -0.19801422 0.27616743 0.86503948
v 0.07435544 0.27616743 0.86503948
v 0.07435544 0.47276241 0.86503948
v -0.19801422 0.47276241 0.86503948
v 0.07435544 0.27616744 0.82985504
v 0.07435544 0.47276241 0.82985503
v -0.19801422 0.27616744 0.82985504
v -0.19801422 0.47276241 0.82985503
v -0.19801422 0.27616743 0.86503948
v -0.19801422 0.27616744 0.82985504
v -0.19801422 0.47276241 0.82985503
v -0.19801422 0.47276241 0.86503948
v -0.19801422 0.27616796 0.61202869
v -0.19801422 0.27616795 0.64721314
v -0.19801422 0.46584445 0.64721315
v -0.19801422 0.46584445 0.6120287
v -0.19801422 0.27616795 0.64721314
v 0.07435544 0.27616795 0.64721314
v 0.07435544 0.46584445 0.64721315
v -0.19801422 0.46584445 0.64721315
v 0.07435544 0.27616796 0.61202869
v 0.07435544 0.46584445 0.6120287
v -0.19801422 0.27616796 0.61202869
v -0.19801422 0.46584445 0.6120287
v -0.19801422 0.27616795 0.64721314
v -0.19801422 0.27616796 0.61202869
v -0.19801422 0.46584445 0.6120287
v -0.19801422 0.46584445 0.64721315
v -0.19801422 0.27616774 0.43050735
v -0.19801422 0.27616773 0.4656918
v -0.19801422 0.47767964 0.46569181
v -0.19801422 0.47767962 0.43050736
v -0.19801422 0.27616773 0.4656918
v 0.07435544 0.27616773 0.4656918
v 0.07435544 0.47767964 0.46569181
v -0.19801422 0.47767964 0.46569181
v 0.07435544 0.27616774 0.43050735
v 0.07435544 0.47767962 0.43050736
v -0.19801422 0.27616774 0.43050735
v -0.19801422 0.47767962 0.43050736
v -0.19801422 0.27616773 0.4656918
v -0.19801422 0.27616774 0.43050735
v -0.19801422 0.47767962 0.43050736
v -0.19801422 0.47767964 0.46569181
v -0.19801422 0.27616725 -0.27838145
v -0.19801422 0.27616724 -0.24319697
v -0.19801422 0.50559769 -0.243197
v -0.19801422 0.5055977 -0.27838148
v -0.19801422 0.27616724 -0.24319697
v 0.07435544 0.27616724 -0.24319697
v 0.07435544 0.50559769 -0.243197
v -0.19801422 0.50559769 -0.243197
v 0.07435544 0.27616725 -0.27838145
v 0.07435544 0.5055977 -0.27838148
v -0.19801422 0.27616725 -0.27838145
v -0.19801422 0.5055977 -0.27838148
v -0.19801422 0.27616724 -0.24319697
v -0.19801422 0.27616725 -0.27838145
v -0.19801422 0.5055977 -0.27838148
v -0.19801422 0.50559769 -0.243197
v -0.19801422 0.27616744 -0.38729399
v -0.19801422 0.27616744 -0.35210936
v -0.19801422 0.50031232 -0.35210944
v -0.19801422 0.50031233 -0.38729408
v -0.19801422 0.27616744 -0.35210936
v 0.07435544 0.27616744 -0.35210936
v 0.07435544 0.50031232 -0.35210944
v -0.19801422 0.50031232 -0.35210944
v 0.07435544 0.27616744 -0.38729399
v 0.07435544 0.50031233 -0.38729408
v -0.19801422 0.27616744 -0.38729399
v -0.19801422 0.50031233 -0.38729408
v -0.19801422 0.27616744 -0.35210936
v -0.19801422 0.27616744 -0.38729399
v -0.19801422 0.50031233 -0.38729408
v -0.19801422 0.50031232 -0.35210944
v -0.19801422 0.27616752 -0.42359832
v -0.19801422 0.27616749 -0.38841369
v -0.19801422 0.48598066 -0.38841366
v -0.19801422 0.48598067 -0.42359829
v -0.19801422 0.27616749 -0.38841369
v 0.07435544 0.27616749 -0.38841369
v 0.07435544 0.48598066 -0.38841366
v -0.19801422 0.48598066 -0.38841366
v 0.07435544 0.27616752 -0.42359832
v 0.07435544 0.48598067 -0.42359829
v -0.19801422 0.27616752 -0.42359832
v -0.19801422 0.48598067 -0.42359829
v -0.19801422 0.27616749 -0.38841369
v -0.19801422 0.27616752 -0.42359832
v -0.19801422 0.48598067 -0.42359829
v -0.19801422 0.48598066 -0.38841366
v -0.19801422 0.27616758 -0.56103315
v -0.19801422 0.2761676 -0.52584866
v -0.19801422 0.50398116 -0.52584857
v -0.19801422 0.50398117 -0.56103321
v -0.19801422 0.2761676 -0.52584866
v 0.07435544 0.2761676 -0.52584866
v 0.07435544 0.50398116 -0.52584857
v -0.19801422 0.50398116 -0.52584857
v 0.07435544 0.27616758 -0.56103315
v 0.07435544 0.50398117 -0.56103321
v -0.19801422 0.27616758 -0.56103315
v -0.19801422 0.50398117 -0.56103321
v -0.19801422 0.2761676 -0.52584866
v -0.19801422 0.27616758 -0.56103315
v -0.19801422 0.50398117 -0.56103321
v -0.19801422 0.50398116 -0.52584857
v -0.19801422 0.28350558 -0.68426593
v -0.19801422 0.28057745 -0.64920335
v -0.19801422 0.51296453 -0.62979643
v -0.19801422 0.51589266 -0.664859
v -0.19801422 0.28057745 -0.64920335
v 0.07435544 0.28057745 -0.64920335
v 0.07435544 0.51296453 -0.62979643
v -0.19801422 0.51296453 -0.62979643
v 0.07435544 0.28350558 -0.68426593
v 0.07435544 0.51589266 -0.664859
v -0.19801422 0.28350558 -0.68426593
v -0.19801422 0.51589266 -0.664859
v -0.19801422 0.28057745 -0.64920335
v -0.19801422 0.28350558 -0.68426593
v -0.19801422 0.51589266 -0.664859
v -0.19801422 0.51296453 -0.62979643
v -0.19801422 0.27616788 -0.90329477
v -0.19801422 0.27616791 -0.86811027
v -0.19801422 0.50398361 -0.86811023
v -0.19801422 0.50398362 -0.90329487
v -0.19801422 0.27616791 -0.86811027
v 0.07435544 0.27616791 -0.86811027
v 0.07435544 0.50398361 -0.86811023
v -0.19801422 0.50398361 -0.86811023
v 0.07435544 0.27616788 -0.90329477
v 0.07435544 0.50398362 -0.90329487
v -0.19801422 0.27616788 -0.90329477
v -0.19801422 0.50398362 -0.90329487
v -0.19801422 0.27616791 -0.86811027
v -0.19801422 0.27616788 -0.90329477
v -0.19801422 0.50398362 -0.90329487
v -0.19801422 0.50398361 -0.86811023
v -0.19801422 0.27616753 -0.97590325
v -0.19801422 0.2761675 -0.94071862
v -0.19801422 0.46419547 -0.94071854
v -0.19801422 0.46419548 -0.97590317
v -0.19801422 0.2761675 -0.94071862
v 0.07435544 0.2761675 -0.94071862
v 0.07435544 0.46419547 -0.94071854
v -0.19801422 0.46419547 -0.94071854
v 0.07435544 0.27616753 -0.97590325
v 0.07435544 0.46419548 -0.97590317
v -0.19801422 0.27616753 -0.97590325
v -0.19801422 0.46419548 -0.97590317
v -0.19801422 0.2761675 -0.94071862
v -0.19801422 0.27616753 -0.97590325
v -0.19801422 0.46419548 -0.97590317
v -0.19801422 0.46419547 -0.94071854
v -0.19801422 0.27616778 -1.01220723
v -0.19801422 0.27616778 -0.97702259
v -0.19801422 0.50574411 -0.97702256
v -0.19801422 0.50574411 -1.01220719
v -0.19801422 0.27616778 -0.97702259
v 0.07435544 0.27616778 -0.97702259
v 0.07435544 0.50574411 -0.97702256
v -0.19801422 0.50574411 -0.97702256
v 0.07435544 0.27616778 -1.01220723
v 0.07435544 0.50574411 -1.01220719
v -0.19801422 0.27616778 -1.01220723
v -0.19801422 0.50574411 -1.01220719
v -0.19801422 0.27616778 -0.97702259
v -0.19801422 0.27616778 -1.01220723
v -0.19801422 0.50574411 -1.01220719
v -0.19801422 0.50574411 -0.97702256
v -0.19801422 0.27616757 -1.15742422
v -0.19801422 0.27616757 -1.12223959
v -0.19801422 0.50213604 -1.12223959
v -0.19801422 0.50213605 -1.15742423
v -0.19801422 0.27616757 -1.12223959
v 0.07435544 0.27616757 -1.12223959
v 0.07435544 0.50213604 -1.12223959
v -0.19801422 0.50213604 -1.12223959
v 0.07435544 0.27616757 -1.15742422
v 0.07435544 0.50213605 -1.15742423
v -0.19801422 0.27616757 -1.15742422
v -0.19801422 0.50213605 -1.15742423
v -0.19801422 0.27616757 -1.12223959
v -0.19801422 0.27616757 -1.15742422
v -0.19801422 0.50213605 -1.15742423
v -0.19801422 0.50213604 -1.12223959
v -0.19801422 0.27616715 -1.30264112
v -0.19801422 0.27616715 -1.26745648
v -0.19801422 0.49322836 -1.26745641
v -0.19801422 0.49322837 -1.30264104
v -0.19801422 0.27616715 -1.26745648
v 0.07435544 0.27616715 -1.26745648
v 0.07435544 0.49322836 -1.26745641
v -0.19801422 0.49322836 -1.26745641
v 0.07435544 0.27616715 -1.30264112
v 0.07435544 0.49322837 -1.30264104
v -0.19801422 0.27616715 -1.30264112
v -0.19801422 0.49322837 -1.30264104
v -0.19801422 0.27616715 -1.26745648
v -0.19801422 0.27616715 -1.30264112
v -0.19801422 0.49322837 -1.30264104
v -0.19801422 0.49322836 -1.26745641
v -0.19801422 0.27616771 -1.50780866
v -0.19801422 0.27616772 -1.47262417
v -0.19801422 0.50221865 -1.47262415
v -0.19801422 0.50221868 -1.50780878
v -0.19801422 0.27616772 -1.47262417
v 0.07435544 0.27616772 -1.47262417
v 0.07435544 0.50221865 -1.47262415
v -0.19801422 0.50221865 -1.47262415
v 0.07435544 0.27616771 -1.50780866
v 0.07435544 0.50221868 -1.50780878
v -0.19801422 0.27616771 -1.50780866
v -0.19801422 0.50221868 -1.50780878
v -0.19801422 0.27616772 -1.47262417
v -0.19801422 0.27616771 -1.50780866
v -0.1980142 2.61604143 -1.36162391
v -0.1980142 2.61604142 -1.3968084
v -0.1980142 2.82737768 -1.39680829
v -0.1980142 2.82737776 -1.36162409
v -0.1980142 2.61604142 -1.3968084
v 0.07435544 2.61604142 -1.3968084
v 0.07435544 2.82737768 -1.39680829
v -0.1980142 2.82737768 -1.39680829
v 0.07435544 2.61604143 -1.36162391
v 0.07435544 2.82737776 -1.36162409
v -0.1980142 2.61604143 -1.36162391
v -0.1980142 2.82737776 -1.36162409
v -0.1980142 2.61604142 -1.3968084
v -0.1980142 2.61604143 -1.36162391
v -0.1980142 2.82737776 -1.36162409
v -0.1980142 2.82737768 -1.39680829
v -0.1980142 2.61604136 -1.10749365
v -0.1980142 2.61604128 -1.14267786
v -0.1980142 2.82276841 -1.14267794
v -0.1980142 2.82276842 -1.10749345
v -0.1980142 2.61604128 -1.14267786
v 0.07435544 2.61604128 -1.14267786
v 0.07435544 2.82276841 -1.14267794
v -0.1980142 2.82276841 -1.14267794
v 0.07435544 2.61604136 -1.10749365
v 0.07435544 2.82276842 -1.10749345
v -0.1980142 2.61604136 -1.10749365
v -0.1980142 2.82276842 -1.10749345
v -0.1980142 2.61604128 -1.14267786
v -0.1980142 2.61604136 -1.10749365
v -0.1980142 2.82276842 -1.10749345
v -0.1980142 2.82276841 -1.14267794
v -0.1980142 2.61604137 -0.92597236
v -0.1980142 2.61604136 -0.96115685
v -0.1980142 2.83647352 -0.9611568
v -0.1980142 2.83647353 -0.92597231
v -0.1980142 2.61604136 -0.96115685
v 0.07435544 2.61604136 -0.96115685
v 0.07435544 2.83647352 -0.9611568
v -0.1980142 2.83647352 -0.9611568
v 0.07435544 2.61604137 -0.92597236
v 0.07435544 2.83647353 -0.92597231
v -0.1980142 2.61604137 -0.92597236
v -0.1980142 2.83647353 -0.92597231
v -0.1980142 2.61604136 -0.96115685
v -0.1980142 2.61604137 -0.92597236
v -0.1980142 2.83647353 -0.92597231
v -0.1980142 2.83647352 -0.9611568
v -0.1980142 2.61604135 -0.7304493
v -0.1980142 2.61604134 -0.76563379
v -0.1980142 2.8434339 -0.76563382
v -0.1980142 2.84343391 -0.73044933
v -0.1980142 2.61604134 -0.76563379
v 0.07435544 2.61604134 -0.76563379
v 0.07435544 2.8434339 -0.76563382
v -0.1980142 2.8434339 -0.76563382
v 0.07435544 2.61604135 -0.7304493
v 0.07435544 2.84343391 -0.73044933
v -0.1980142 2.61604135 -0.7304493
v -0.1980142 2.84343391 -0.73044933
v -0.1980142 2.61604134 -0.76563379
v -0.1980142 2.61604135 -0.7304493
v -0.1980142 2.84343391 -0.73044933
v -0.1980142 2.8434339 -0.76563382
v -0.1980142 2.61604142 -0.69302538
v -0.1980142 2.61604143 -0.65784089
v 0.07435544 2.61604143 -0.65784089
v 0.07435544 2.61604142 -0.69302538
v -0.1980142 2.61604143 -0.65784089
v -0.1980142 2.61604142 -0.69302538
v -0.1980142 2.82253915 -0.69302538
v -0.1980142 2.82253916 -0.65784089
v -0.1980142 2.61604143 -0.65784089
v -0.1980142 2.82253916 -0.65784089
v 0.07435544 2.82253916 -0.65784089
v 0.07435544 2.82253915 -0.69302538
v -0.1980142 2.82253916 -0.65784089
v -0.1980142 2.82253915 -0.69302538
v -0.1980142 2.61604142 -0.69302538
v -0.1980142 2.82253915 -0.69302538
v -0.1980142 2.61530431 -0.43359122
v -0.1980142 2.61705672 -0.39845032
v 0.07435544 2.61705672 -0.39845032
v 0.07435544 2.61530431 -0.43359122
v -0.1980142 2.61705672 -0.39845032
v -0.1980142 2.61530431 -0.43359122
v -0.1980142 2.83908363 -0.44475072
v -0.1980142 2.84083608 -0.40960997
v -0.1980142 2.61705672 -0.39845032
v -0.1980142 2.84083608 -0.40960997
v 0.07435544 2.84083608 -0.40960997
v 0.07435544 2.83908363 -0.44475072
v -0.1980142 2.84083608 -0.40960997
v -0.1980142 2.83908363 -0.44475072
v -0.1980142 2.61530431 -0.43359122
v -0.1980142 2.83908363 -0.44475072
v -0.1980142 2.61604129 -0.3248764
v -0.1980142 2.61604134 -0.28969205
v 0.07435544 2.61604134 -0.28969205
v 0.07435544 2.61604129 -0.3248764
v -0.1980142 2.61604134 -0.28969205
v -0.1980142 2.61604129 -0.3248764
v -0.1980142 2.84547187 -0.3248764
v -0.1980142 2.84547171 -0.28969211
v -0.1980142 2.61604134 -0.28969205
v -0.1980142 2.84547171 -0.28969211
v 0.07435544 2.84547171 -0.28969211
v 0.07435544 2.84547187 -0.3248764
v -0.1980142 2.84547171 -0.28969211
v -0.1980142 2.84547187 -0.3248764
v -0.1980142 2.61604129 -0.3248764
v -0.1980142 2.84547187 -0.3248764
v -0.1980142 2.61604137 -0.25226799
v -0.1980142 2.61604134 -0.21708336
v 0.07435544 2.61604134 -0.21708336
v 0.07435544 2.61604137 -0.25226799
v -0.1980142 2.61604134 -0.21708336
v -0.1980142 2.61604137 -0.25226799
v -0.1980142 2.81512788 -0.25226793
v -0.1980142 2.81512789 -0.21708344
v -0.1980142 2.61604134 -0.21708336
v -0.1980142 2.81512789 -0.21708344
v 0.07435544 2.81512789 -0.21708344
v 0.07435544 2.81512788 -0.25226793
v -0.1980142 2.81512789 -0.21708344
v -0.1980142 2.81512788 -0.25226793
v -0.1980142 2.61604137 -0.25226799
v -0.1980142 2.81512788 -0.25226793
v -0.1980142 2.61604131 -0.10705122
v -0.1980142 2.61604132 -0.07186673
v 0.07435544 2.61604132 -0.07186673
v 0.07435544 2.61604131 -0.10705122
v -0.1980142 2.61604132 -0.07186673
v -0.1980142 2.61604131 -0.10705122
v -0.1980142 2.79849464 -0.10705123
v -0.1980142 2.79849485 -0.07186669
v -0.1980142 2.61604132 -0.07186673
v -0.1980142 2.79849485 -0.07186669
v 0.07435544 2.79849485 -0.07186669
v 0.07435544 2.79849464 -0.10705123
v -0.1980142 2.79849485 -0.07186669
v -0.1980142 2.79849464 -0.10705123
v -0.1980142 2.61604131 -0.10705122
v -0.1980142 2.79849464 -0.10705123
v -0.1980142 2.61604145 -0.07074698
v -0.1980142 2.61604142 -0.03556235
v 0.07435544 2.61604142 -0.03556235
v 0.07435544 2.61604145 -0.07074698
v -0.1980142 2.61604142 -0.03556235
v -0.1980142 2.61604145 -0.07074698
v -0.1980142 2.82395664 -0.07074692
v -0.1980142 2.82395665 -0.03556243
v -0.1980142 2.61604142 -0.03556235
v -0.1980142 2.82395665 -0.03556243
v 0.07435544 2.82395665 -0.03556243
v 0.07435544 2.82395664 -0.07074692
v -0.1980142 2.82395665 -0.03556243
v -0.1980142 2.82395664 -0.07074692
v -0.1980142 2.61604145 -0.07074698
v -0.1980142 2.82395664 -0.07074692
v -0.1980142 2.62006326 0.00928626
v -0.1980142 2.62336487 0.04431548
v 0.07435544 2.62336487 0.04431548
v 0.07435544 2.62006326 0.00928626
v -0.1980142 2.62336487 0.04431548
v -0.1980142 2.62006326 0.00928626
v -0.1980142 2.82889234 -0.01039596
v -0.1980142 2.83219376 0.02463321
v -0.1980142 2.62336487 0.04431548
v -0.1980142 2.83219376 0.02463321
v 0.07435544 2.83219376 0.02463321
v 0.07435544 2.82889234 -0.01039596
v -0.1980142 2.83219376 0.02463321
v -0.1980142 2.82889234 -0.01039596
v -0.1980142 2.62006326 0.00928626
v -0.1980142 2.82889234 -0.01039596
v -0.1980142 2.61604144 0.08221133
v -0.1980142 2.61604142 0.11739596
v 0.07435544 2.61604142 0.11739596
v 0.07435544 2.61604144 0.08221133
v -0.1980142 2.61604142 0.11739596
v -0.1980142 2.61604144 0.08221133
v -0.1980142 2.84923748 0.08221132
v -0.1980142 2.84923749 0.11739581
v -0.1980142 2.61604142 0.11739596
v -0.1980142 2.84923749 0.11739581
v 0.07435544 2.84923749 0.11739581
v 0.07435544 2.84923748 0.08221132
v -0.1980142 2.84923749 0.11739581
v -0.1980142 2.84923748 0.08221132
v -0.1980142 2.61604144 0.08221133
v -0.1980142 2.84923748 0.08221132
v -0.1980142 2.61604135 0.22742825
v -0.1980142 2.61604133 0.26261288
v 0.07435544 2.61604133 0.26261288
v 0.07435544 2.61604135 0.22742825
v -0.1980142 2.61604133 0.26261288
v -0.1980142 2.61604135 0.22742825
v -0.1980142 2.84565469 0.22742825
v -0.1980142 2.84565467 0.26261288
v -0.1980142 2.61604133 0.26261288
v -0.1980142 2.84565467 0.26261288
v 0.07435544 2.84565467 0.26261288
v 0.07435544 2.84565469 0.22742825
v -0.1980142 2.84565467 0.26261288
v -0.1980142 2.84565469 0.22742825
v -0.1980142 2.61604135 0.22742825
v -0.1980142 2.84565469 0.22742825
v -0.1980142 2.61604144 0.37264528
v -0.1980142 2.61604144 0.40782984
v 0.07435544 2.61604144 0.40782984
v 0.07435544 2.61604144 0.37264528
v -0.1980142 2.61604144 0.40782984
v -0.1980142 2.61604144 0.37264528
v -0.1980142 2.80406951 0.37264531
v -0.1980142 2.80406951 0.40782987
v -0.1980142 2.61604144 0.40782984
v -0.1980142 2.80406951 0.40782987
v 0.07435544 2.80406951 0.40782987
v 0.07435544 2.80406951 0.37264531
v -0.1980142 2.80406951 0.40782987
v -0.1980142 2.80406951 0.37264531
v -0.1980142 2.61604144 0.37264528
v -0.1980142 2.80406951 0.37264531
v -0.1980142 2.61604134 0.44525357
v -0.1980142 2.61604131 0.4804382
v 0.07435544 2.61604131 0.4804382
v 0.07435544 2.61604134 0.44525357
v -0.1980142 2.61604131 0.4804382
v -0.1980142 2.61604134 0.44525357
v -0.1980142 2.82940068 0.4452536
v -0.1980142 2.82940066 0.48043823
v -0.1980142 2.61604131 0.4804382
v -0.1980142 2.82940066 0.48043823
v 0.07435544 2.82940066 0.48043823
v 0.07435544 2.82940068 0.4452536
v -0.1980142 2.82940066 0.48043823
v -0.1980142 2.82940068 0.4452536
v -0.1980142 2.61604134 0.44525357
v -0.1980142 2.82940068 0.4452536
v -0.1980142 2.61604153 0.62677498
v -0.1980142 2.61604152 0.66195954
v 0.07435544 2.61604152 0.66195954
v 0.07435544 2.61604153 0.62677498
v -0.1980142 2.61604152 0.66195954
v -0.1980142 2.61604153 0.62677498
v -0.1980142 2.85998199 0.62677496
v -0.1980142 2.85998199 0.66195952
v -0.1980142 2.61604152 0.66195954
v -0.1980142 2.85998199 0.66195952
v 0.07435544 2.85998199 0.66195952
v 0.07435544 2.85998199 0.62677496
v -0.1980142 2.85998199 0.66195952
v -0.1980142 2.85998199 0.62677496
v -0.1980142 2.61604153 0.62677498
v -0.1980142 2.85998199 0.62677496
v -0.1980142 2.61604152 0.73689869
v -0.1980142 2.61604151 0.77208325
v 0.07435544 2.61604151 0.77208325
v 0.07435544 2.61604152 0.73689869
v -0.1980142 2.61604151 0.77208325
v -0.1980142 2.61604152 0.73689869
v -0.1980142 2.79860878 0.73689866
v -0.1980142 2.79860878 0.77208322
v -0.1980142 2.61604151 0.77208325
v -0.1980142 2.79860878 0.77208322
v 0.07435544 2.79860878 0.77208322
v 0.07435544 2.79860878 0.73689866
v -0.1980142 2.79860878 0.77208322
v -0.1980142 2.79860878 0.73689866
v -0.1980142 2.61604152 0.73689869
v -0.1980142 2.79860878 0.73689866
v -0.1980142 2.62325435 0.77343047
v -0.1980142 2.62035028 0.80849478
v 0.07435544 2.62035028 0.80849478
v 0.07435544 2.62325435 0.77343047
v -0.1980142 2.62035028 0.80849478
v -0.1980142 2.62325435 0.77343047
v -0.1980142 2.83053736 0.79059673
v -0.1980142 2.82763349 0.82566109
v -0.1980142 2.62035028 0.80849478
v -0.1980142 2.82763349 0.82566109
v 0.07435544 2.82763349 0.82566109
v 0.07435544 2.83053736 0.79059673
v -0.1980142 2.82763349 0.82566109
v -0.1980142 2.83053736 0.79059673
v -0.1980142 2.62325435 0.77343047
v -0.1980142 2.83053736 0.79059673
v -0.1980142 2.61604159 0.904551
v -0.1980142 2.61604138 0.93973551
v 0.07435544 2.61604138 0.93973551
v 0.07435544 2.61604159 0.904551
v -0.1980142 2.61604138 0.93973551
v -0.1980142 2.61604159 0.904551
v -0.1980142 2.84209254 0.90455102
v -0.1980142 2.84209233 0.93973553
v -0.1980142 2.61604138 0.93973551
v -0.1980142 2.84209233 0.93973553
v 0.07435544 2.84209233 0.93973553
v 0.07435544 2.84209254 0.90455102
v -0.1980142 2.61604159 0.904551
v -0.1980142 2.84209254 0.90455102
v -0.1980142 0.56667639 -0.16655374
v -0.1980142 0.56492398 -0.13141294
v -0.1980142 0.78870341 -0.1202534
v -0.1980142 0.79045583 -0.1553942
v -0.1980142 0.56492398 -0.13141294
v 0.07435544 0.56492398 -0.13141294
v 0.07435544 0.78870341 -0.1202534
v -0.1980142 0.78870341 -0.1202534
v 0.07435544 0.56667639 -0.16655374
v 0.07435544 0.79045583 -0.1553942
v -0.1980142 0.56667639 -0.16655374
v -0.1980142 0.79045583 -0.1553942
v -0.1980142 0.56492398 -0.13141294
v -0.1980142 0.56667639 -0.16655374
v -0.1980142 0.79045583 -0.1553942
v -0.1980142 0.78870341 -0.1202534
v -0.1980142 0.56566112 0.02022823
v -0.1980142 0.5656611 0.05541272
v -0.1980142 0.7948922 0.05541274
v -0.1980142 0.79489219 0.02022825
v -0.1980142 0.5656611 0.05541272
v 0.07435544 0.5656611 0.05541272
v 0.07435544 0.7948922 0.05541274
v -0.1980142 0.7948922 0.05541274
v 0.07435544 0.56566112 0.02022823
v 0.07435544 0.79489219 0.02022825
v -0.1980142 0.56566112 0.02022823
v -0.1980142 0.79489219 0.02022825
v -0.1980142 0.5656611 0.05541272
v -0.1980142 0.56566112 0.02022823
v -0.1980142 0.79489219 0.02022825
v -0.1980142 0.7948922 0.05541274
v -0.1980142 0.56566115 0.79661981
v -0.1980142 0.56566118 0.83180423
v -0.1980142 0.77699758 0.83180422
v -0.1980142 0.77699755 0.7966198
v -0.1980142 0.56566118 0.83180423
v 0.07435544 0.56566118 0.83180423
v 0.07435544 0.77699758 0.83180422
v -0.1980142 0.77699758 0.83180422
v 0.07435544 0.56566115 0.79661981
v 0.07435544 0.77699755 0.7966198
v -0.1980142 0.56566115 0.79661981
v -0.1980142 0.77699755 0.7966198
v -0.1980142 0.56566118 0.83180423
v -0.1980142 0.56566115 0.79661981
v -0.1980142 0.77699755 0.7966198
v -0.1980142 0.77699758 0.83180422
v -0.1980142 0.56566115 0.8692285
v -0.1980142 0.56566118 0.90441292
v -0.1980142 0.79502068 0.90441292
v -0.1980142 0.7950207 0.86922851
v -0.1980142 0.56566118 0.90441292
v 0.07435544 0.56566118 0.90441292
v 0.07435544 0.79502068 0.90441292
v -0.1980142 0.79502068 0.90441292
v 0.07435544 0.56566115 0.8692285
v 0.07435544 0.7950207 0.86922851
v -0.1980142 0.56566115 0.8692285
v -0.1980142 0.7950207 0.86922851
v -0.1980142 0.56566118 0.90441292
v -0.1980142 0.56566115 0.8692285
v -0.1980142 0.7950207 0.86922851
v -0.1980142 0.79502068 0.90441292
v -0.1980142 0.56566114 -0.38422482
v -0.1980142 0.56566113 -0.34904018
v -0.1980142 0.78980598 -0.34904013
v -0.1980142 0.78980598 -0.38422476
v -0.1980142 0.56566113 -0.34904018
v 0.07435544 0.56566113 -0.34904018
v 0.07435544 0.78980598 -0.34904013
v -0.1980142 0.78980598 -0.34904013
v 0.07435544 0.56566114 -0.38422482
v 0.07435544 0.78980598 -0.38422476
v -0.1980142 0.56566114 -0.38422482
v -0.1980142 0.78980598 -0.38422476
v -0.1980142 0.56566113 -0.34904018
v -0.1980142 0.56566114 -0.38422482
v -0.1980142 0.78980598 -0.38422476
v -0.1980142 0.78980598 -0.34904013
v -0.1980142 0.56566111 -1.08174655
v -0.1980142 0.56566114 -1.04656205
v -0.1980142 0.78799669 -1.04656213
v -0.1980142 0.78799667 -1.08174662
v -0.1980142 0.56566114 -1.04656205
v 0.07435544 0.56566114 -1.04656205
v 0.07435544 0.78799669 -1.04656213
v -0.1980142 0.78799669 -1.04656213
v 0.07435544 0.56566111 -1.08174655
v 0.07435544 0.78799667 -1.08174662
v -0.1980142 0.56566111 -1.08174655
v -0.1980142 0.78799667 -1.08174662
v -0.1980142 0.56566114 -1.04656205
v -0.1980142 0.56566111 -1.08174655
v -0.1980142 0.78799667 -1.08174662
v -0.1980142 0.78799669 -1.04656213
v -0.1980142 0.56566106 -1.15435495
v -0.1980142 0.5656611 -1.11917046
v -0.1980142 0.79162957 -1.11917046
v -0.1980142 0.79162955 -1.15435495
v -0.1980142 0.5656611 -1.11917046
v 0.07435544 0.5656611 -1.11917046
v 0.07435544 0.79162957 -1.11917046
v -0.1980142 0.79162957 -1.11917046
v 0.07435544 0.56566106 -1.15435495
v 0.07435544 0.79162955 -1.15435495
v -0.1980142 0.56566106 -1.15435495
v -0.1980142 0.79162955 -1.15435495
v -0.1980142 0.5656611 -1.11917046
v -0.1980142 0.56566106 -1.15435495
v -0.1980142 0.79162955 -1.15435495
v -0.1980142 0.79162957 -1.11917046
v -0.1980142 0.56566111 0.68658682
v -0.1980142 0.56566112 0.65140234
v 0.07435544 0.56566112 0.65140234
v 0.07435544 0.56566111 0.68658682
v -0.1980142 0.56566112 0.65140234
v -0.1980142 0.56566111 0.68658682
v -0.1980142 0.77754903 0.68658685
v -0.1980142 0.77754907 0.65140237
v -0.1980142 0.56566112 0.65140234
v -0.1980142 0.77754907 0.65140237
v 0.07435544 0.77754907 0.65140237
v 0.07435544 0.77754903 0.68658685
v -0.1980142 0.77754907 0.65140237
v -0.1980142 0.77754903 0.68658685
v -0.1980142 0.56566111 0.68658682
v -0.1980142 0.77754903 0.68658685
v -0.1980142 0.56566107 0.46876118
v -0.1980142 0.56566109 0.4335767
v 0.07435544 0.56566109 0.4335767
v 0.07435544 0.56566107 0.46876118
v -0.1980142 0.56566109 0.4335767
v -0.1980142 0.56566107 0.46876118
v -0.1980142 0.76717296 0.46876123
v -0.1980142 0.76717295 0.43357674
v -0.1980142 0.56566109 0.4335767
v -0.1980142 0.76717295 0.43357674
v 0.07435544 0.76717295 0.43357674
v 0.07435544 0.76717296 0.46876123
v -0.1980142 0.76717295 0.43357674
v -0.1980142 0.76717296 0.46876123
v -0.1980142 0.56566107 0.46876118
v -0.1980142 0.76717296 0.46876123
v -0.1980142 0.56566112 0.23693386
v -0.1980142 0.56566112 0.20174944
v 0.07435544 0.56566112 0.20174944
v 0.07435544 0.56566112 0.23693386
v -0.1980142 0.56566112 0.20174944
v -0.1980142 0.56566112 0.23693386
v -0.1980142 0.76877107 0.23693387
v -0.1980142 0.76877109 0.20174946
v -0.1980142 0.56566112 0.20174944
v -0.1980142 0.76877109 0.20174946
v 0.07435544 0.76877109 0.20174946
v 0.07435544 0.76877107 0.23693387
v -0.1980142 0.76877109 0.20174946
v -0.1980142 0.76877107 0.23693387
v -0.1980142 0.56566112 0.23693386
v -0.1980142 0.76877107 0.23693387
v -0.1980142 0.56566109 -0.2764318
v -0.1980142 0.56566111 -0.31161628
v 0.07435544 0.56566111 -0.31161628
v 0.07435544 0.56566109 -0.2764318
v -0.1980142 0.56566111 -0.31161628
v -0.1980142 0.56566109 -0.2764318
v -0.1980142 0.80400101 -0.27643179
v -0.1980142 0.804001 -0.31161628
v -0.1980142 0.56566111 -0.31161628
v -0.1980142 0.804001 -0.31161628
v 0.07435544 0.804001 -0.31161628
v 0.07435544 0.80400101 -0.27643179
v -0.1980142 0.804001 -0.31161628
v -0.1980142 0.80400101 -0.27643179
v -0.1980142 0.56566109 -0.2764318
v -0.1980142 0.80400101 -0.27643179
v -0.1980142 0.5656611 -0.38534454
v -0.1980142 0.56566108 -0.42052903
v 0.07435544 0.56566108 -0.42052903
v 0.07435544 0.5656611 -0.38534454
v -0.1980142 0.56566108 -0.42052903
v -0.1980142 0.5656611 -0.38534454
v -0.1980142 0.77547425 -0.38534451
v -0.1980142 0.77547428 -0.42052914
v -0.1980142 0.56566108 -0.42052903
v -0.1980142 0.77547428 -0.42052914
v 0.07435544 0.77547428 -0.42052914
v 0.07435544 0.77547425 -0.38534451
v -0.1980142 0.77547428 -0.42052914
v -0.1980142 0.77547425 -0.38534451
v -0.1980142 0.5656611 -0.38534454
v -0.1980142 0.77547425 -0.38534451
v -0.1980142 0.56566108 -0.52277954
v -0.1980142 0.56566106 -0.55796404
v 0.07435544 0.56566106 -0.55796404
v 0.07435544 0.56566108 -0.52277954
v -0.1980142 0.56566106 -0.55796404
v -0.1980142 0.56566108 -0.52277954
v -0.1980142 0.79347465 -0.52277945
v -0.1980142 0.79347465 -0.55796409
v -0.1980142 0.56566106 -0.55796404
v -0.1980142 0.79347465 -0.55796409
v 0.07435544 0.79347465 -0.55796409
v 0.07435544 0.79347465 -0.52277945
v -0.1980142 0.79347465 -0.55796409
v -0.1980142 0.79347465 -0.52277945
v -0.1980142 0.56566108 -0.52277954
v -0.1980142 0.79347465 -0.52277945
v -0.1980142 0.56566109 -0.64721545
v -0.1980142 0.56566109 -0.68240009
v 0.07435544 0.56566109 -0.68240009
v 0.07435544 0.56566109 -0.64721545
v -0.1980142 0.56566109 -0.68240009
v -0.1980142 0.56566109 -0.64721545
v -0.1980142 0.79885712 -0.64721546
v -0.1980142 0.79885711 -0.68239995
v -0.1980142 0.56566109 -0.68240009
v -0.1980142 0.79885711 -0.68239995
v 0.07435544 0.79885711 -0.68239995
v 0.07435544 0.79885712 -0.64721546
v -0.1980142 0.79885711 -0.68239995
v -0.1980142 0.79885712 -0.64721546
v -0.1980142 0.56566109 -0.64721545
v -0.1980142 0.79885712 -0.64721546
v -0.1980142 0.5656611 -0.90134512
v -0.1980142 0.56566113 -0.93652975
v 0.07435544 0.56566113 -0.93652975
v 0.07435544 0.5656611 -0.90134512
v -0.1980142 0.56566113 -0.93652975
v -0.1980142 0.5656611 -0.90134512
v -0.1980142 0.79884886 -0.90134517
v -0.1980142 0.79884883 -0.93652967
v -0.1980142 0.56566113 -0.93652975
v -0.1980142 0.79884883 -0.93652967
v 0.07435544 0.79884883 -0.93652967
v 0.07435544 0.79884886 -0.90134517
v -0.1980142 0.79884883 -0.93652967
v -0.1980142 0.79884886 -0.90134517
v -0.1980142 0.5656611 -0.90134512
v -0.1980142 0.79884886 -0.90134517
v -0.1980142 0.57287387 -1.33843448
v -0.1980142 0.56996996 -1.37349877
v 0.07435544 0.56996996 -1.37349877
v 0.07435544 0.57287387 -1.33843448
v -0.1980142 0.56996996 -1.37349877
v -0.1980142 0.57287387 -1.33843448
v -0.1980142 0.780157 -1.35560088
v -0.1980142 0.7772531 -1.39066516
v -0.1980142 0.56996996 -1.37349877
v -0.1980142 0.7772531 -1.39066516
v 0.07435544 0.7772531 -1.39066516
v 0.07435544 0.780157 -1.35560088
v -0.1980142 0.7772531 -1.39066516
v -0.1980142 0.780157 -1.35560088
v -0.1980142 0.57287387 -1.33843448
v -0.1980142 0.780157 -1.35560088
vn -1 0 0
vn 0 0 -1
vn 1 0 0
vn 0 0 1
vn 0 -1 -0
vn 0 1 0
vn 0 0.02302 -0.99973
vn 0 -0.02302 0.99973
vn 0 0.32484 0.94577
vn 0 -0.32484 -0.94577
vn 0 0.03427 -0.99941
vn 0 -0.03427 0.99941
vn 0 0.2248 0.97441
vn 0 -0.2248 -0.97441
vn 0 0.05057 -0.99872
vn 0 -0.05057 0.99872
vn 0 0.15436 0.98802
vn 0 -0.15436 -0.98802
vn 0 0.01591 -0.99987
vn 0 -0.01591 0.99987
vn 0 0.4451 0.89548
vn 0 -0.4451 -0.89548
vn 0 0.02302 -0.99973
vn 0 -0.02302 0.99973
vn 0 0.02302 -0.99973
vn 0 -0.02302 0.99973
vn 0 0.32484 0.94577
vn 0 0.02302 -0.99973
vn 0 -0.02302 0.99973
vn 0 0.32485 0.94577
vn 0 0.02302 -0.99973
vn 0 -0.02302 0.99973
vn 0 -0.32484 -0.94577
vn 0 0.02302 -0.99973
vn 0 -0.02302 0.99973
vn 0 -0.32485 -0.94577
vn 0 0.02302 -0.99973
vn 0 -0.02302 0.99973
vn 0 0.02302 -0.99973
vn 0 -0.02302 0.99973
vn 0 0.02302 -0.99973
vn 0 -0.02302 0.99973
vn 0 0.02302 -0.99973
vn 0 -0.02302 0.99973
vn 0 0.01527 -0.99988
vn 0 -0.01527 0.99988
vn 0 0.45992 0.88796
vn 0 -0.45992 -0.88796
vn 0 0.02302 -0.99973
vn 0 -0.02302 0.99973
vn 0 0.32485 0.94577
vn 0 0.02302 -0.99973
vn 0 -0.02302 0.99973
vn 0 -0.32485 -0.94577
vn 0 0.32485 0.94577
vn 0 -0.32485 -0.94577
vn 0 0.02302 -0.99973
vn 0 -0.02302 0.99973
vn 0 0.02302 -0.99973
vn 0 -0.02302 0.99973
vn 0 0.02302 -0.99973
vn 0 -0.02302 0.99973
vn 0 -0.32484 -0.94577
vn 0 0.32484 0.94577
vn 0 0.02302 -0.99973
vn 0 -0.02302 0.99973
vn 0 0.02302 -0.99973
vn 0 -0.02302 0.99973
vn 0 -0.02302 0.99973
vn 0 0.02302 -0.99973
vn 0 -0.02302 0.99973
vn 0 0.01536 -0.99988
vn 0 -0.01536 0.99988
vn 0 -0.45786 -0.88902
vn 0 0.45785 0.88903
vn 0 0.02302 -0.99973
vn 0 -0.02302 0.99973
vn 0 0.02302 -0.99973
vn 0 -0.02302 0.99973
vn 0 0.02302 -0.99973
vn 0 -0.02302 0.99973
vn 0 0.32485 0.94577
vn 0 0.02302 -0.99973
vn 0 -0.02302 0.99973
vn 0 -0.32485 -0.94577
vn 0 0.03602 -0.99935
vn 0 -0.03602 0.99935
vn 0 -0.21434 -0.97676
vn 0 0.21434 0.97676
vn 0 0.03314 -0.99945
vn 0 -0.03314 0.99945
vn 0 0.23206 0.9727
vn 0 -0.23206 -0.9727
vn 0 0.01591 -0.99987
vn 0 -0.01591 0.99987
vn 0 0.44509 0.89549
vn 0 -0.44509 -0.89549
vn 0 0.03314 -0.99945
vn 0 -0.03314 0.99945
vn 0 0.23206 0.9727
vn 0 0.03314 -0.99945
vn 0 -0.03314 0.99945
vn 0 0.23206 0.9727
vn 0 0.03314 -0.99945
vn 0 -0.03314 0.99945
vn 0 -0.23206 -0.9727
vn 0 0.03314 -0.99945
vn 0 -0.03314 0.99945
vn 0 -0.23206 -0.9727
vn 0 0.03314 -0.99945
vn 0 -0.03314 0.99945
vn 0 0.02809 -0.99961
vn 0 -0.02809 0.99961
vn 0 0.27099 0.96258
vn 0 -0.27099 -0.96258
vn 0 0.01282 -0.99992
vn 0 -0.01282 0.99992
vn 0 0.52517 0.851
vn 0 -0.52517 -0.851
vn 0 0.01282 -0.99992
vn 0 -0.01282 0.99992
vn 0 0.52517 0.851
vn 0 -0.52517 -0.851
vn 0 0.01282 -0.99992
vn 0 -0.01282 0.99992
vn 0 -0.52516 -0.851
vn 0 0.00102 -1
vn 0 -0.00102 1
vn 0 0.99182 0.12768
vn 0 -0.99182 -0.12764
vn 0 0.02302 -0.99973
vn 0 -0.02302 0.99973
vn 0 0.32484 0.94577
vn 0 -0.32484 -0.94577
vn 0 0.05057 -0.99872
vn 0 -0.05057 0.99872
vn 0 0.15436 0.98802
vn 0 -0.15436 -0.98802
vn 0 0.32485 0.94577
vn 0 -0.32485 -0.94577
vn 0 0.02302 -0.99973
vn 0 -0.02302 0.99973
vn 0 0.32485 0.94577
vn 0 -0.32485 -0.94577
vn 0 0.02302 -0.99973
vn 0 -0.02302 0.99973
vn 0 0.02302 -0.99973
vn 0 -0.02302 0.99973
vn 0 0.02302 -0.99973
vn 0 -0.02302 0.99973
vn 0 0.32484 0.94577
vn 0 -0.0596 -0.99822
vn 0 0.0596 0.99822
vn 0 0.13134 -0.99134
vn 0 -0.13134 0.99134
vn 0 -0.02302 0.99973
vn 0 0.32484 0.94577
vn 0 0.02302 -0.99973
vn 0 -0.02302 0.99973
vn 0 0.32485 0.94577
vn 0 0.03427 -0.99941
vn 0 -0.03427 0.99941
vn 0 0.2248 0.97441
vn 0 -0.2248 -0.97441
vn 0 0.02302 -0.99973
vn 0 -0.02302 0.99973
vn 0 0.32485 0.94577
vn 0 0.02302 -0.99973
vn 0 -0.02302 0.99973
vn 0 0.32484 0.94577
vn 0 -0.32484 -0.94577
vn 0 0.02302 -0.99973
vn 0 -0.02302 0.99973
vn 0 -0.32485 -0.94577
vn 0 0.02302 -0.99973
vn 0 0.02302 -0.99973
vn 0 -0.02302 0.99973
vn 0 -0.32485 -0.94577
vn 0 0.02302 -0.99973
vn 0 -0.02302 0.99973
vn 0 -0.32484 -0.94577
vn 0 0.02302 -0.99973
vn 0 0.32484 0.94577
vn 0 0.02302 -0.99973
vn 0 -0.32484 -0.94577
vn 0 -0.32484 -0.94577
vn 0 0.01533 -0.99988
vn 0 -0.01533 0.99988
vn 0 0.45842 0.88874
vn 0 -0.45842 -0.88874
vn 0 0.04249 -0.9991
vn 0 -0.04249 0.9991
vn 0 -0.18286 -0.98314
vn 0 0.18286 0.98314
vn 0 0.03381 -0.99943
vn 0 -0.03381 0.99943
vn 0 -0.22772 -0.97373
vn 0 0.22772 0.97373
vn 0 0.03381 -0.99943
vn 0 -0.03381 0.99943
vn 0 -0.22772 -0.97373
vn 0 0.22772 0.97373
vn 0 0.03381 -0.99943
vn 0 -0.03381 0.99943
vn 0 -0.22772 -0.97373
vn 0 0.031 -0.99952
vn 0 -0.031 0.99952
vn 0 -0.24713 -0.96898
vn 0 0.24713 0.96898
vn 0 0.02301 -0.99974
vn 0 -0.02301 0.99974
vn 0 -0.32509 -0.94568
vn 0 0.32509 0.94568
vn 0 0.02127 -0.99977
vn 0 -0.02127 0.99977
vn 0 -0.34856 -0.93729
vn 0 0.34856 0.93729
vn 0 0.00854 -0.99996
vn 0 -0.00854 0.99996
vn 0 -0.67972 -0.73347
vn 0 0.67971 0.73348
vn 0 0.01342 -0.99991
vn 0 -0.01342 0.99991
vn 0 -0.50789 -0.86142
vn 0 0.5079 0.86142
vn 0 0.01156 -0.99993
vn 0 -0.01156 0.99993
vn 0 -0.56462 -0.82535
vn 0 0.56463 0.82534
vn 0 0.01342 -0.99991
vn 0 -0.01342 0.99991
vn 0 -0.50789 -0.86142
vn 0 0.50789 0.86142
vn 0 0.01342 -0.99991
vn 0 -0.01342 0.99991
vn 0 -0.5079 -0.86142
vn 0 0.02302 -0.99973
vn 0 0.04388 -0.99904
vn 0 -0.04388 0.99904
vn 0 -0.17724 -0.98417
vn 0 0.17724 0.98417
vn 0 0.02302 -0.99973
vn 0 -0.32485 -0.94577
vn 0 0.32485 0.94577
vn 0 -0.02302 0.99973
vn 0 -0.32484 -0.94577
vn 0 0.32485 0.94577
vn 0 -0.32484 -0.94577
vn 0 -0.02302 0.99973
vn 0 0.02302 -0.99973
vn 0 0.32485 0.94577
vn 0 0.02302 -0.99973
vn 0 0.09322 0.99565
vn 0 -0.09322 -0.99565
vn 0 0.08419 -0.99645
vn 0 -0.08419 0.99645
vn 0 0.02302 -0.99973
vn 0 -0.02302 0.99973
vn 0 0.0869 -0.99622
vn 0 -0.0869 0.99622
vn 0 -0.09032 -0.99591
vn 0 0.09032 0.99591
vn 0 0.02302 -0.99973
vn 0 -0.02302 0.99973
vn 0 0.03872 -0.99925
vn 0 -0.03872 0.99925
vn 0 -0.20002 -0.97979
vn 0 0.20002 0.97979
vn 0 -0.32484 -0.94577
vn 0 0.32484 0.94577
vn 0 0.02302 -0.99973
vn 0 -0.32485 -0.94577
vn 0 0.02302 -0.99973
vn 0 -0.02302 0.99973
vn 0 0.32484 0.94577
vn 0 -0.02302 0.99973
vn 0 0.02302 -0.99973
vn 0 -0.32485 -0.94577
vn 0 0.02302 -0.99973
vn 0 -0.02302 0.99973
vn 0 0.32485 0.94577
vn 0 0.02302 -0.99973
vn 0 0.01527 -0.99988
vn 0 -0.01527 0.99988
vn 0 -0.45991 -0.88796
vn 0 0.45991 0.88796
vn 0 -0.02302 0.99973
vn 0 -0.32484 -0.94577
vn 0 0.02302 -0.99973
vn 0 0.02302 -0.99973
vn 0 -0.02302 0.99973
vn 0 0.02302 -0.99973
vn 0 -0.02302 0.99973
vn 0 -0.02302 0.99973
vn 0 0.02302 -0.99973
vn 0 -0.02302 0.99973
vn 0 0.32484 0.94577
vn 0 -0.32484 -0.94577
vn 0 0.02302 -0.99973
vn 0 -0.02302 0.99973
vn 0 0.32484 0.94577
vn 0 -0.32484 -0.94577
vn 0 0.02302 -0.99973
vn 0 -0.02302 0.99973
vn 0 -0.02302 0.99973
vn 0 0.02302 -0.99973
vn 0 0.27345 0.96189
vn 0 -0.02781 0.99961
vn 0 -0.27345 -0.96189
vn 0 0.02781 -0.99961
vn 0 0.32484 0.94577
vn 0 -0.02302 0.99973
vn 0 -0.32485 -0.94577
vn 0 0.32485 0.94577
vn 0 0.02302 -0.99973
vn 0 -0.02302 0.99973
vn 0 -0.32484 -0.94577
vn 0 0.02302 -0.99973
vn 0 -0.02302 0.99973
vn 0 0.02302 -0.99973
vn 0 0.23857 0.97112
vn 0 -0.03218 0.99948
vn 0 -0.23858 -0.97112
vn 0 0.03218 -0.99948
vn 0 -0.02302 0.99973
vn 0 -0.32485 -0.94577
vn 0 0.02302 -0.99973
vn 0 -0.02302 0.99973
vn 0 0.02302 -0.99973
vn 0 -0.02302 0.99973
vn 0 0.02302 -0.99973
vn 0 0.45843 0.88873
vn 0 -0.01533 0.99988
vn 0 -0.45841 -0.88874
vn 0 0.01533 -0.99988
vn 0 0.32485 0.94576
vn 0 0.01836 -0.99983
vn 0 -0.01836 0.99983
vn 0 -0.39572 -0.91837
vn 0 0.39572 0.91837
vn 0 -0.32484 -0.94577
vn 0 0.32484 0.94577
vn 0 0.32485 0.94577
vn 0 0.02302 -0.99973
vn 0 -0.02302 0.99973
vn 0 -0.32485 -0.94577
vn 0 -0.02302 0.99973
vn 0 -0.32484 -0.94577
vn 0 0.32484 0.94577
vn 0 0.02302 -0.99973
vn 0 -0.02302 0.99973
vn 0 -0.32484 -0.94577
vn 0 -0.32484 -0.94577
vn 0 -0.02302 0.99973
vn 0 -0.02302 0.99973
vn 0 -0.02302 0.99973
vn 0 0.32484 0.94577
vn 0 0.02302 -0.99973
vn 0 -0.24678 -0.96907
vn 0 -0.03105 0.99952
vn 0 0.24678 0.96907
vn 0 0.03105 -0.99952
vt 0.09243 0.32822
vt 0.09243 0.20877
vt 0.75358 0.20877
vt 0.75358 0.32822
vt 0.84269 0.34212
vt 0.84269 0.32193
vt 0.86287 0.32193
vt 0.86287 0.34212
vt 0.84269 0.30175
vt 0.86287 0.30175
vt 0.84269 0.28156
vt 0.86287 0.28156
vt 0.8225 0.32193
vt 0.8225 0.30175
vt 0.88306 0.30175
vt 0.88306 0.32193
vt 0.84269 0.3623
vt 0.86287 0.3623
usemtl mat6
f 9700/273/1092 9701/274/1092 9702/275/1092
f 9700/273/1092 9702/275/1092 9703/276/1092
f 9704/277/1093 9705/278/1093 9706/279/1093
f 9704/277/1093 9706/279/1093 9707/280/1093
f 9705/278/1094 9708/281/1094 9709/282/1094
f 9705/278/1094 9709/282/1094 9706/279/1094
f 9708/281/1095 9710/283/1095 9711/284/1095
f 9708/281/1095 9711/284/1095 9709/282/1095
f 9712/285/1096 9713/286/1096 9708/281/1096
f 9712/285/1096 9708/281/1096 9705/278/1096
f 9706/279/1097 9709/282/1097 9714/287/1097
f 9706/279/1097 9714/287/1097 9715/288/1097
f 9716/273/1094 9717/274/1094 9718/275/1094
f 9716/273/1094 9718/275/1094 9719/276/1094
f 9720/277/1098 9721/278/1098 9722/279/1098
f 9720/277/1098 9722/279/1098 9723/280/1098
f 9721/278/1092 9724/281/1092 9725/282/1092
f 9721/278/1092 9725/282/1092 9722/279/1092
f 9724/281/1099 9726/283/1099 9727/284/1099
f 9724/281/1099 9727/284/1099 9725/282/1099
f 9728/285/1100 9729/286/1100 9724/281/1100
f 9728/285/1100 9724/281/1100 9721/278/1100
f 9722/279/1101 9725/282/1101 9730/287/1101
f 9722/279/1101 9730/287/1101 9731/288/1101
f 9732/273/1094 9733/274/1094 9734/275/1094
f 9732/273/1094 9734/275/1094 9735/276/1094
f 9736/277/1102 9737/278/1102 9738/279/1102
f 9736/277/1102 9738/279/1102 9739/280/1102
f 9737/278/1092 9740/281/1092 9741/282/1092
f 9737/278/1092 9741/282/1092 9738/279/1092
f 9740/281/1103 9742/283/1103 9743/284/1103
f 9740/281/1103 9743/284/1103 9741/282/1103
f 9744/285/1104 9745/286/1104 9740/281/1104
f 9744/285/1104 9740/281/1104 9737/278/1104
f 9738/279/1105 9741/282/1105 9746/287/1105
f 9738/279/1105 9746/287/1105 9747/288/1105
f 9748/277/1106 9749/278/1106 9750/279/1106
f 9748/277/1106 9750/279/1106 9751/280/1106
f 9749/278/1092 9752/281/1092 9753/282/1092
f 9749/278/1092 9753/282/1092 9750/279/1092
f 9752/281/1107 9754/283/1107 9755/284/1107
f 9752/281/1107 9755/284/1107 9753/282/1107
f 9756/285/1108 9757/286/1108 9752/281/1108
f 9756/285/1108 9752/281/1108 9749/278/1108
f 9750/279/1109 9753/282/1109 9758/287/1109
f 9750/279/1109 9758/287/1109 9759/288/1109
f 9760/273/1094 9761/274/1094 9762/275/1094
f 9760/273/1094 9762/275/1094 9763/276/1094
f 9764/277/1110 9765/278/1110 9766/279/1110
f 9764/277/1110 9766/279/1110 9767/280/1110
f 9765/278/1092 9768/281/1092 9769/282/1092
f 9765/278/1092 9769/282/1092 9766/279/1092
f 9768/281/1111 9770/283/1111 9771/284/1111
f 9768/281/1111 9771/284/1111 9769/282/1111
f 9772/285/1112 9773/286/1112 9768/281/1112
f 9772/285/1112 9768/281/1112 9765/278/1112
f 9766/279/1113 9769/282/1113 9774/287/1113
f 9766/279/1113 9774/287/1113 9775/288/1113
f 9776/273/1094 9777/274/1094 9778/275/1094
f 9776/273/1094 9778/275/1094 9779/276/1094
f 9780/277/1114 9781/278/1114 9782/279/1114
f 9780/277/1114 9782/279/1114 9783/280/1114
f 9781/278/1092 9784/281/1092 9785/282/1092
f 9781/278/1092 9785/282/1092 9782/279/1092
f 9784/281/1115 9786/283/1115 9787/284/1115
f 9784/281/1115 9787/284/1115 9785/282/1115
f 9788/285/1100 9789/286/1100 9784/281/1100
f 9788/285/1100 9784/281/1100 9781/278/1100
f 9782/279/1101 9785/282/1101 9790/287/1101
f 9782/279/1101 9790/287/1101 9791/288/1101
f 9792/273/1094 9793/274/1094 9794/275/1094
f 9792/273/1094 9794/275/1094 9795/276/1094
f 9796/277/1116 9797/278/1116 9798/279/1116
f 9796/277/1116 9798/279/1116 9799/280/1116
f 9797/278/1092 9800/281/1092 9801/282/1092
f 9797/278/1092 9801/282/1092 9798/279/1092
f 9800/281/1117 9802/283/1117 9803/284/1117
f 9800/281/1117 9803/284/1117 9801/282/1117
f 9804/285/1118 9805/286/1118 9800/281/1118
f 9804/285/1118 9800/281/1118 9797/278/1118
f 9798/279/1101 9801/282/1101 9806/287/1101
f 9798/279/1101 9806/287/1101 9807/288/1101
f 9808/273/1094 9809/274/1094 9810/275/1094
f 9808/273/1094 9810/275/1094 9811/276/1094
f 9812/277/1119 9813/278/1119 9814/279/1119
f 9812/277/1119 9814/279/1119 9815/280/1119
f 9813/278/1092 9816/281/1092 9817/282/1092
f 9813/278/1092 9817/282/1092 9814/279/1092
f 9816/281/1120 9818/283/1120 9819/284/1120
f 9816/281/1120 9819/284/1120 9817/282/1120
f 9820/285/1121 9821/286/1121 9816/281/1121
f 9820/285/1121 9816/281/1121 9813/278/1121
f 9814/279/1101 9817/282/1101 9822/287/1101
f 9814/279/1101 9822/287/1101 9823/288/1101
f 9824/273/1094 9825/274/1094 9826/275/1094
f 9824/273/1094 9826/275/1094 9827/276/1094
f 9828/277/1122 9829/278/1122 9830/279/1122
f 9828/277/1122 9830/279/1122 9831/280/1122
f 9829/278/1092 9832/281/1092 9833/282/1092
f 9829/278/1092 9833/282/1092 9830/279/1092
f 9832/281/1123 9834/283/1123 9835/284/1123
f 9832/281/1123 9835/284/1123 9833/282/1123
f 9836/285/1100 9837/286/1100 9832/281/1100
f 9836/285/1100 9832/281/1100 9829/278/1100
f 9830/279/1124 9833/282/1124 9838/287/1124
f 9830/279/1124 9838/287/1124 9839/288/1124
f 9840/273/1094 9841/274/1094 9842/275/1094
f 9840/273/1094 9842/275/1094 9843/276/1094
f 9844/277/1125 9845/278/1125 9846/279/1125
f 9844/277/1125 9846/279/1125 9847/280/1125
f 9845/278/1092 9848/281/1092 9849/282/1092
f 9845/278/1092 9849/282/1092 9846/279/1092
f 9848/281/1126 9850/283/1126 9851/284/1126
f 9848/281/1126 9851/284/1126 9849/282/1126
f 9852/285/1100 9853/286/1100 9848/281/1100
f 9852/285/1100 9848/281/1100 9845/278/1100
f 9846/279/1127 9849/282/1127 9854/287/1127
f 9846/279/1127 9854/287/1127 9855/288/1127
f 9856/273/1094 9857/274/1094 9858/275/1094
f 9856/273/1094 9858/275/1094 9859/276/1094
f 9860/277/1128 9861/278/1128 9862/279/1128
f 9860/277/1128 9862/279/1128 9863/280/1128
f 9861/278/1092 9864/281/1092 9865/282/1092
f 9861/278/1092 9865/282/1092 9862/279/1092
f 9864/281/1129 9866/283/1129 9867/284/1129
f 9864/281/1129 9867/284/1129 9865/282/1129
f 9868/285/1100 9869/286/1100 9864/281/1100
f 9868/285/1100 9864/281/1100 9861/278/1100
f 9862/279/1101 9865/282/1101 9870/287/1101
f 9862/279/1101 9870/287/1101 9871/288/1101
f 9872/273/1094 9873/274/1094 9874/275/1094
f 9872/273/1094 9874/275/1094 9875/276/1094
f 9876/277/1130 9877/278/1130 9878/279/1130
f 9876/277/1130 9878/279/1130 9879/280/1130
f 9877/278/1092 9880/281/1092 9881/282/1092
f 9877/278/1092 9881/282/1092 9878/279/1092
f 9880/281/1131 9882/283/1131 9883/284/1131
f 9880/281/1131 9883/284/1131 9881/282/1131
f 9884/285/1100 9885/286/1100 9880/281/1100
f 9884/285/1100 9880/281/1100 9877/278/1100
f 9878/279/1101 9881/282/1101 9886/287/1101
f 9878/279/1101 9886/287/1101 9887/288/1101
f 9888/273/1094 9889/274/1094 9890/275/1094
f 9888/273/1094 9890/275/1094 9891/276/1094
f 9892/277/1132 9893/278/1132 9894/279/1132
f 9892/277/1132 9894/279/1132 9895/280/1132
f 9893/278/1092 9896/281/1092 9897/282/1092
f 9893/278/1092 9897/282/1092 9894/279/1092
f 9896/281/1133 9898/283/1133 9899/284/1133
f 9896/281/1133 9899/284/1133 9897/282/1133
f 9900/285/1100 9901/286/1100 9896/281/1100
f 9900/285/1100 9896/281/1100 9893/278/1100
f 9894/279/1101 9897/282/1101 9902/287/1101
f 9894/279/1101 9902/287/1101 9903/288/1101
f 9904/273/1094 9905/274/1094 9906/275/1094
f 9904/273/1094 9906/275/1094 9907/276/1094
f 9908/277/1134 9909/278/1134 9910/279/1134
f 9908/277/1134 9910/279/1134 9911/280/1134
f 9909/278/1092 9912/281/1092 9913/282/1092
f 9909/278/1092 9913/282/1092 9910/279/1092
f 9912/281/1135 9914/283/1135 9915/284/1135
f 9912/281/1135 9915/284/1135 9913/282/1135
f 9916/285/1100 9917/286/1100 9912/281/1100
f 9916/285/1100 9912/281/1100 9909/278/1100
f 9910/279/1101 9913/282/1101 9918/287/1101
f 9910/279/1101 9918/287/1101 9919/288/1101
f 9920/273/1094 9921/274/1094 9922/275/1094
f 9920/273/1094 9922/275/1094 9923/276/1094
f 9924/277/1136 9925/278/1136 9926/279/1136
f 9924/277/1136 9926/279/1136 9927/280/1136
f 9925/278/1092 9928/281/1092 9929/282/1092
f 9925/278/1092 9929/282/1092 9926/279/1092
f 9928/281/1137 9930/283/1137 9931/284/1137
f 9928/281/1137 9931/284/1137 9929/282/1137
f 9932/285/1138 9933/286/1138 9928/281/1138
f 9932/285/1138 9928/281/1138 9925/278/1138
f 9926/279/1139 9929/282/1139 9934/287/1139
f 9926/279/1139 9934/287/1139 9935/288/1139
f 9936/273/1094 9937/274/1094 9938/275/1094
f 9936/273/1094 9938/275/1094 9939/276/1094
f 9940/277/1140 9941/278/1140 9942/279/1140
f 9940/277/1140 9942/279/1140 9943/280/1140
f 9941/278/1092 9944/281/1092 9945/282/1092
f 9941/278/1092 9945/282/1092 9942/279/1092
f 9944/281/1141 9946/283/1141 9947/284/1141
f 9944/281/1141 9947/284/1141 9945/282/1141
f 9948/285/1142 9949/286/1142 9944/281/1142
f 9948/285/1142 9944/281/1142 9941/278/1142
f 9942/279/1101 9945/282/1101 9950/287/1101
f 9942/279/1101 9950/287/1101 9951/288/1101
f 9952/273/1094 9953/274/1094 9954/275/1094
f 9952/273/1094 9954/275/1094 9955/276/1094
f 9956/277/1143 9957/278/1143 9958/279/1143
f 9956/277/1143 9958/279/1143 9959/280/1143
f 9957/278/1092 9960/281/1092 9961/282/1092
f 9957/278/1092 9961/282/1092 9958/279/1092
f 9960/281/1144 9962/283/1144 9963/284/1144
f 9960/281/1144 9963/284/1144 9961/282/1144
f 9964/285/1142 9965/286/1142 9960/281/1142
f 9964/285/1142 9960/281/1142 9957/278/1142
f 9958/279/1145 9961/282/1145 9966/287/1145
f 9958/279/1145 9966/287/1145 9967/288/1145
f 9968/273/1094 9969/274/1094 9970/275/1094
f 9968/273/1094 9970/275/1094 9971/276/1094
f 9972/277/1134 9973/278/1134 9974/279/1134
f 9972/277/1134 9974/279/1134 9975/280/1134
f 9973/278/1092 9976/281/1092 9977/282/1092
f 9973/278/1092 9977/282/1092 9974/279/1092
f 9976/281/1135 9978/283/1135 9979/284/1135
f 9976/281/1135 9979/284/1135 9977/282/1135
f 9980/285/1146 9981/286/1146 9976/281/1146
f 9980/285/1146 9976/281/1146 9973/278/1146
f 9974/279/1147 9977/282/1147 9982/287/1147
f 9974/279/1147 9982/287/1147 9983/288/1147
f 9984/273/1094 9985/274/1094 9986/275/1094
f 9984/273/1094 9986/275/1094 9987/276/1094
f 9988/277/1148 9989/278/1148 9990/279/1148
f 9988/277/1148 9990/279/1148 9991/280/1148
f 9989/278/1092 9992/281/1092 9993/282/1092
f 9989/278/1092 9993/282/1092 9990/279/1092
f 9992/281/1149 9994/283/1149 9995/284/1149
f 9992/281/1149 9995/284/1149 9993/282/1149
f 9996/285/1146 9997/286/1146 9992/281/1146
f 9996/285/1146 9992/281/1146 9989/278/1146
f 9990/279/1147 9993/282/1147 9998/287/1147
f 9990/279/1147 9998/287/1147 9999/288/1147
f 10000/273/1094 10001/274/1094 10002/275/1094
f 10000/273/1094 10002/275/1094 10003/276/1094
f 10004/277/1150 10005/278/1150 10006/279/1150
f 10004/277/1150 10006/279/1150 10007/280/1150
f 10005/278/1092 10008/281/1092 10009/282/1092
f 10005/278/1092 10009/282/1092 10006/279/1092
f 10008/281/1151 10010/283/1151 10011/284/1151
f 10008/281/1151 10011/284/1151 10009/282/1151
f 10012/285/1146 10013/286/1146 10008/281/1146
f 10012/285/1146 10008/281/1146 10005/278/1146
f 10006/279/1147 10009/282/1147 10014/287/1147
f 10006/279/1147 10014/287/1147 10015/288/1147
f 10016/273/1092 10017/274/1092 10018/275/1092
f 10016/273/1092 10018/275/1092 10019/276/1092
f 10020/277/1098 10021/278/1098 10022/279/1098
f 10020/277/1098 10022/279/1098 10023/280/1098
f 10021/278/1094 10024/281/1094 10025/282/1094
f 10021/278/1094 10025/282/1094 10022/279/1094
f 10024/281/1099 10026/283/1099 10027/284/1099
f 10024/281/1099 10027/284/1099 10025/282/1099
f 10028/285/1101 10029/286/1101 10024/281/1101
f 10028/285/1101 10024/281/1101 10021/278/1101
f 10022/279/1100 10025/282/1100 10030/287/1100
f 10022/279/1100 10030/287/1100 10031/288/1100
f 10032/273/1092 10033/274/1092 10034/275/1092
f 10032/273/1092 10034/275/1092 10035/276/1092
f 10036/277/1152 10037/278/1152 10038/279/1152
f 10036/277/1152 10038/279/1152 10039/280/1152
f 10037/278/1094 10040/281/1094 10041/282/1094
f 10037/278/1094 10041/282/1094 10038/279/1094
f 10040/281/1153 10042/283/1153 10043/284/1153
f 10040/281/1153 10043/284/1153 10041/282/1153
f 10044/285/1154 10045/286/1154 10040/281/1154
f 10044/285/1154 10040/281/1154 10037/278/1154
f 10038/279/1155 10041/282/1155 10046/287/1155
f 10038/279/1155 10046/287/1155 10047/288/1155
f 10048/273/1092 10049/274/1092 10050/275/1092
f 10048/273/1092 10050/275/1092 10051/276/1092
f 10052/277/1156 10053/278/1156 10054/279/1156
f 10052/277/1156 10054/279/1156 10055/280/1156
f 10053/278/1094 10056/281/1094 10057/282/1094
f 10053/278/1094 10057/282/1094 10054/279/1094
f 10056/281/1157 10058/283/1157 10059/284/1157
f 10056/281/1157 10059/284/1157 10057/282/1157
f 10060/285/1101 10061/286/1101 10056/281/1101
f 10060/285/1101 10056/281/1101 10053/278/1101
f 10054/279/1100 10057/282/1100 10062/287/1100
f 10054/279/1100 10062/287/1100 10063/288/1100
f 10064/273/1092 10065/274/1092 10066/275/1092
f 10064/273/1092 10066/275/1092 10067/276/1092
f 10068/277/1158 10069/278/1158 10070/279/1158
f 10068/277/1158 10070/279/1158 10071/280/1158
f 10069/278/1094 10072/281/1094 10073/282/1094
f 10069/278/1094 10073/282/1094 10070/279/1094
f 10072/281/1159 10074/283/1159 10075/284/1159
f 10072/281/1159 10075/284/1159 10073/282/1159
f 10076/285/1154 10077/286/1154 10072/281/1154
f 10076/285/1154 10072/281/1154 10069/278/1154
f 10070/279/1100 10073/282/1100 10078/287/1100
f 10070/279/1100 10078/287/1100 10079/288/1100
f 10080/273/1092 10081/274/1092 10082/275/1092
f 10080/273/1092 10082/275/1092 10083/276/1092
f 10084/277/1119 10085/278/1119 10086/279/1119
f 10084/277/1119 10086/279/1119 10087/280/1119
f 10085/278/1094 10088/281/1094 10089/282/1094
f 10085/278/1094 10089/282/1094 10086/279/1094
f 10088/281/1160 10090/283/1160 10091/284/1160
f 10088/281/1160 10091/284/1160 10089/282/1160
f 10092/285/1101 10093/286/1101 10088/281/1101
f 10092/285/1101 10088/281/1101 10085/278/1101
f 10086/279/1100 10089/282/1100 10094/287/1100
f 10086/279/1100 10094/287/1100 10095/288/1100
f 10096/273/1092 10097/274/1092 10098/275/1092
f 10096/273/1092 10098/275/1092 10099/276/1092
f 10100/277/1132 10101/278/1132 10102/279/1132
f 10100/277/1132 10102/279/1132 10103/280/1132
f 10101/278/1094 10104/281/1094 10105/282/1094
f 10101/278/1094 10105/282/1094 10102/279/1094
f 10104/281/1133 10106/283/1133 10107/284/1133
f 10104/281/1133 10107/284/1133 10105/282/1133
f 10108/285/1101 10109/286/1101 10104/281/1101
f 10108/285/1101 10104/281/1101 10101/278/1101
f 10102/279/1100 10105/282/1100 10110/287/1100
f 10102/279/1100 10110/287/1100 10111/288/1100
f 10112/273/1092 10113/274/1092 10114/275/1092
f 10112/273/1092 10114/275/1092 10115/276/1092
f 10116/277/1161 10117/278/1161 10118/279/1161
f 10116/277/1161 10118/279/1161 10119/280/1161
f 10117/278/1094 10120/281/1094 10121/282/1094
f 10117/278/1094 10121/282/1094 10118/279/1094
f 10120/281/1162 10122/283/1162 10123/284/1162
f 10120/281/1162 10123/284/1162 10121/282/1162
f 10124/285/1145 10125/286/1145 10120/281/1145
f 10124/285/1145 10120/281/1145 10117/278/1145
f 10118/279/1142 10121/282/1142 10126/287/1142
f 10118/279/1142 10126/287/1142 10127/288/1142
f 10128/273/1092 10129/274/1092 10130/275/1092
f 10128/273/1092 10130/275/1092 10131/276/1092
f 10132/277/1163 10133/278/1163 10134/279/1163
f 10132/277/1163 10134/279/1163 10135/280/1163
f 10133/278/1094 10136/281/1094 10137/282/1094
f 10133/278/1094 10137/282/1094 10134/279/1094
f 10136/281/1164 10138/283/1164 10139/284/1164
f 10136/281/1164 10139/284/1164 10137/282/1164
f 10140/285/1165 10141/286/1165 10136/281/1165
f 10140/285/1165 10136/281/1165 10133/278/1165
f 10134/279/1166 10137/282/1166 10142/287/1166
f 10134/279/1166 10142/287/1166 10143/288/1166
f 10144/273/1092 10145/274/1092 10146/275/1092
f 10144/273/1092 10146/275/1092 10147/276/1092
f 10148/277/1167 10149/278/1167 10150/279/1167
f 10148/277/1167 10150/279/1167 10151/280/1167
f 10149/278/1094 10152/281/1094 10153/282/1094
f 10149/278/1094 10153/282/1094 10150/279/1094
f 10152/281/1168 10154/283/1168 10155/284/1168
f 10152/281/1168 10155/284/1168 10153/282/1168
f 10156/285/1101 10157/286/1101 10152/281/1101
f 10156/285/1101 10152/281/1101 10149/278/1101
f 10150/279/1142 10153/282/1142 10158/287/1142
f 10150/279/1142 10158/287/1142 10159/288/1142
f 10160/273/1092 10161/274/1092 10162/275/1092
f 10160/273/1092 10162/275/1092 10163/276/1092
f 10164/277/1169 10165/278/1169 10166/279/1169
f 10164/277/1169 10166/279/1169 10167/280/1169
f 10165/278/1094 10168/281/1094 10169/282/1094
f 10165/278/1094 10169/282/1094 10166/279/1094
f 10168/281/1170 10170/283/1170 10171/284/1170
f 10168/281/1170 10171/284/1170 10169/282/1170
f 10172/285/1101 10173/286/1101 10168/281/1101
f 10172/285/1101 10168/281/1101 10165/278/1101
f 10166/279/1142 10169/282/1142 10174/287/1142
f 10166/279/1142 10174/287/1142 10175/288/1142
f 10176/273/1092 10177/274/1092 10178/275/1092
f 10176/273/1092 10178/275/1092 10179/276/1092
f 10180/277/1171 10181/278/1171 10182/279/1171
f 10180/277/1171 10182/279/1171 10183/280/1171
f 10181/278/1094 10184/281/1094 10185/282/1094
f 10181/278/1094 10185/282/1094 10182/279/1094
f 10184/281/1172 10186/283/1172 10187/284/1172
f 10184/281/1172 10187/284/1172 10185/282/1172
f 10188/285/1145 10189/286/1145 10184/281/1145
f 10188/285/1145 10184/281/1145 10181/278/1145
f 10182/279/1173 10185/282/1173 10190/287/1173
f 10182/279/1173 10190/287/1173 10191/288/1173
f 10192/273/1092 10193/274/1092 10194/275/1092
f 10192/273/1092 10194/275/1092 10195/276/1092
f 10196/277/1174 10197/278/1174 10198/279/1174
f 10196/277/1174 10198/279/1174 10199/280/1174
f 10197/278/1094 10200/281/1094 10201/282/1094
f 10197/278/1094 10201/282/1094 10198/279/1094
f 10200/281/1175 10202/283/1175 10203/284/1175
f 10200/281/1175 10203/284/1175 10201/282/1175
f 10204/285/1176 10205/286/1176 10200/281/1176
f 10204/285/1176 10200/281/1176 10197/278/1176
f 10198/279/1100 10201/282/1100 10206/287/1100
f 10198/279/1100 10206/287/1100 10207/288/1100
f 10208/273/1092 10209/274/1092 10210/275/1092
f 10208/273/1092 10210/275/1092 10211/276/1092
f 10212/277/1177 10213/278/1177 10214/279/1177
f 10212/277/1177 10214/279/1177 10215/280/1177
f 10213/278/1094 10216/281/1094 10217/282/1094
f 10213/278/1094 10217/282/1094 10214/279/1094
f 10216/281/1178 10218/283/1178 10219/284/1178
f 10216/281/1178 10219/284/1178 10217/282/1178
f 10220/285/1179 10221/286/1179 10216/281/1179
f 10220/285/1179 10216/281/1179 10213/278/1179
f 10214/279/1180 10217/282/1180 10222/287/1180
f 10214/279/1180 10222/287/1180 10223/288/1180
f 10224/273/1094 10225/274/1094 10226/275/1094
f 10224/273/1094 10226/275/1094 10227/276/1094
f 10228/277/1181 10229/278/1181 10230/279/1181
f 10228/277/1181 10230/279/1181 10231/280/1181
f 10229/278/1092 10232/281/1092 10233/282/1092
f 10229/278/1092 10233/282/1092 10230/279/1092
f 10232/281/1182 10234/283/1182 10235/284/1182
f 10232/281/1182 10235/284/1182 10233/282/1182
f 10236/285/1183 10237/286/1183 10232/281/1183
f 10236/285/1183 10232/281/1183 10229/278/1183
f 10230/279/1184 10233/282/1184 10238/287/1184
f 10230/279/1184 10238/287/1184 10239/288/1184
f 10240/273/1094 10241/274/1094 10242/275/1094
f 10240/273/1094 10242/275/1094 10243/276/1094
f 10244/277/1102 10245/278/1102 10246/279/1102
f 10244/277/1102 10246/279/1102 10247/280/1102
f 10245/278/1092 10248/281/1092 10249/282/1092
f 10245/278/1092 10249/282/1092 10246/279/1092
f 10248/281/1103 10250/283/1103 10251/284/1103
f 10248/281/1103 10251/284/1103 10249/282/1103
f 10252/285/1104 10253/286/1104 10248/281/1104
f 10252/285/1104 10248/281/1104 10245/278/1104
f 10246/279/1105 10249/282/1105 10254/287/1105
f 10246/279/1105 10254/287/1105 10255/288/1105
f 10256/273/1094 10257/274/1094 10258/275/1094
f 10256/273/1094 10258/275/1094 10259/276/1094
f 10260/277/1185 10261/278/1185 10262/279/1185
f 10260/277/1185 10262/279/1185 10263/280/1185
f 10261/278/1092 10264/281/1092 10265/282/1092
f 10261/278/1092 10265/282/1092 10262/279/1092
f 10264/281/1186 10266/283/1186 10267/284/1186
f 10264/281/1186 10267/284/1186 10265/282/1186
f 10268/285/1187 10269/286/1187 10264/281/1187
f 10268/285/1187 10264/281/1187 10261/278/1187
f 10262/279/1188 10265/282/1188 10270/287/1188
f 10262/279/1188 10270/287/1188 10271/288/1188
f 10272/273/1094 10273/274/1094 10274/275/1094
f 10272/273/1094 10274/275/1094 10275/276/1094
f 10276/277/1189 10277/278/1189 10278/279/1189
f 10276/277/1189 10278/279/1189 10279/280/1189
f 10277/278/1092 10280/281/1092 10281/282/1092
f 10277/278/1092 10281/282/1092 10278/279/1092
f 10280/281/1190 10282/283/1190 10283/284/1190
f 10280/281/1190 10283/284/1190 10281/282/1190
f 10284/285/1191 10285/286/1191 10280/281/1191
f 10284/285/1191 10280/281/1191 10277/278/1191
f 10278/279/1184 10281/282/1184 10286/287/1184
f 10278/279/1184 10286/287/1184 10287/288/1184
f 10288/273/1094 10289/274/1094 10290/275/1094
f 10288/273/1094 10290/275/1094 10291/276/1094
f 10292/277/1192 10293/278/1192 10294/279/1192
f 10292/277/1192 10294/279/1192 10295/280/1192
f 10293/278/1092 10296/281/1092 10297/282/1092
f 10293/278/1092 10297/282/1092 10294/279/1092
f 10296/281/1193 10298/283/1193 10299/284/1193
f 10296/281/1193 10299/284/1193 10297/282/1193
f 10300/285/1194 10301/286/1194 10296/281/1194
f 10300/285/1194 10296/281/1194 10293/278/1194
f 10294/279/1184 10297/282/1184 10302/287/1184
f 10294/279/1184 10302/287/1184 10303/288/1184
f 10304/273/1094 10305/274/1094 10306/275/1094
f 10304/273/1094 10306/275/1094 10307/276/1094
f 10308/277/1195 10309/278/1195 10310/279/1195
f 10308/277/1195 10310/279/1195 10311/280/1195
f 10309/278/1092 10312/281/1092 10313/282/1092
f 10309/278/1092 10313/282/1092 10310/279/1092
f 10312/281/1196 10314/283/1196 10315/284/1196
f 10312/281/1196 10315/284/1196 10313/282/1196
f 10316/285/1191 10317/286/1191 10312/281/1191
f 10316/285/1191 10312/281/1191 10309/278/1191
f 10310/279/1197 10313/282/1197 10318/287/1197
f 10310/279/1197 10318/287/1197 10319/288/1197
f 10320/273/1094 10321/274/1094 10322/275/1094
f 10320/273/1094 10322/275/1094 10323/276/1094
f 10324/277/1198 10325/278/1198 10326/279/1198
f 10324/277/1198 10326/279/1198 10327/280/1198
f 10325/278/1092 10328/281/1092 10329/282/1092
f 10325/278/1092 10329/282/1092 10326/279/1092
f 10328/281/1199 10330/283/1199 10331/284/1199
f 10328/281/1199 10331/284/1199 10329/282/1199
f 10332/285/1191 10333/286/1191 10328/281/1191
f 10332/285/1191 10328/281/1191 10325/278/1191
f 10326/279/1200 10329/282/1200 10334/287/1200
f 10326/279/1200 10334/287/1200 10335/288/1200
f 10336/273/1094 10337/274/1094 10338/275/1094
f 10336/273/1094 10338/275/1094 10339/276/1094
f 10340/277/1201 10341/278/1201 10342/279/1201
f 10340/277/1201 10342/279/1201 10343/280/1201
f 10341/278/1092 10344/281/1092 10345/282/1092
f 10341/278/1092 10345/282/1092 10342/279/1092
f 10344/281/1202 10346/283/1202 10347/284/1202
f 10344/281/1202 10347/284/1202 10345/282/1202
f 10348/285/1183 10349/286/1183 10344/281/1183
f 10348/285/1183 10344/281/1183 10341/278/1183
f 10342/279/1184 10345/282/1184 10350/287/1184
f 10342/279/1184 10350/287/1184 10351/288/1184
f 10352/273/1094 10353/274/1094 10354/275/1094
f 10352/273/1094 10354/275/1094 10355/276/1094
f 10356/277/1203 10357/278/1203 10358/279/1203
f 10356/277/1203 10358/279/1203 10359/280/1203
f 10357/278/1092 10360/281/1092 10361/282/1092
f 10357/278/1092 10361/282/1092 10358/279/1092
f 10360/281/1204 10362/283/1204 10363/284/1204
f 10360/281/1204 10363/284/1204 10361/282/1204
f 10364/285/1205 10365/286/1205 10360/281/1205
f 10364/285/1205 10360/281/1205 10357/278/1205
f 10358/279/1206 10361/282/1206 10366/287/1206
f 10358/279/1206 10366/287/1206 10367/288/1206
f 10368/273/1094 10369/274/1094 10370/275/1094
f 10368/273/1094 10370/275/1094 10371/276/1094
f 10372/277/1156 10373/278/1156 10374/279/1156
f 10372/277/1156 10374/279/1156 10375/280/1156
f 10373/278/1092 10376/281/1092 10377/282/1092
f 10373/278/1092 10377/282/1092 10374/279/1092
f 10376/281/1157 10378/283/1157 10379/284/1157
f 10376/281/1157 10379/284/1157 10377/282/1157
f 10380/285/1142 10381/286/1142 10376/281/1142
f 10380/285/1142 10376/281/1142 10373/278/1142
f 10374/279/1145 10377/282/1145 10382/287/1145
f 10374/279/1145 10382/287/1145 10383/288/1145
f 10384/273/1094 10385/274/1094 10386/275/1094
f 10384/273/1094 10386/275/1094 10387/276/1094
f 10388/277/1207 10389/278/1207 10390/279/1207
f 10388/277/1207 10390/279/1207 10391/280/1207
f 10389/278/1092 10392/281/1092 10393/282/1092
f 10389/278/1092 10393/282/1092 10390/279/1092
f 10392/281/1208 10394/283/1208 10395/284/1208
f 10392/281/1208 10395/284/1208 10393/282/1208
f 10396/285/1209 10397/286/1209 10392/281/1209
f 10396/285/1209 10392/281/1209 10389/278/1209
f 10390/279/1210 10393/282/1210 10398/287/1210
f 10390/279/1210 10398/287/1210 10399/288/1210
f 10400/273/1094 10401/274/1094 10402/275/1094
f 10400/273/1094 10402/275/1094 10403/276/1094
f 10404/277/1211 10405/278/1211 10406/279/1211
f 10404/277/1211 10406/279/1211 10407/280/1211
f 10405/278/1092 10408/281/1092 10409/282/1092
f 10405/278/1092 10409/282/1092 10406/279/1092
f 10408/281/1212 10410/283/1212 10411/284/1212
f 10408/281/1212 10411/284/1212 10409/282/1212
f 10412/285/1213 10413/286/1213 10408/281/1213
f 10412/285/1213 10408/281/1213 10405/278/1213
f 10406/279/1214 10409/282/1214 10414/287/1214
f 10406/279/1214 10414/287/1214 10415/288/1214
f 10416/273/1094 10417/274/1094 10418/275/1094
f 10416/273/1094 10418/275/1094 10419/276/1094
f 10420/277/1215 10421/278/1215 10422/279/1215
f 10420/277/1215 10422/279/1215 10423/280/1215
f 10421/278/1092 10424/281/1092 10425/282/1092
f 10421/278/1092 10425/282/1092 10422/279/1092
f 10424/281/1216 10426/283/1216 10427/284/1216
f 10424/281/1216 10427/284/1216 10425/282/1216
f 10428/285/1209 10429/286/1209 10424/281/1209
f 10428/285/1209 10424/281/1209 10421/278/1209
f 10422/279/1217 10425/282/1217 10430/287/1217
f 10422/279/1217 10430/287/1217 10431/288/1217
f 10432/273/1094 10433/274/1094 10434/275/1094
f 10432/273/1094 10434/275/1094 10435/276/1094
f 10436/277/1218 10437/278/1218 10438/279/1218
f 10436/277/1218 10438/279/1218 10439/280/1218
f 10437/278/1092 10440/281/1092 10441/282/1092
f 10437/278/1092 10441/282/1092 10438/279/1092
f 10440/281/1219 10442/283/1219 10443/284/1219
f 10440/281/1219 10443/284/1219 10441/282/1219
f 10444/285/1220 10445/286/1220 10440/281/1220
f 10444/285/1220 10440/281/1220 10437/278/1220
f 10438/279/1221 10441/282/1221 10446/287/1221
f 10438/279/1221 10446/287/1221 10447/288/1221
f 10448/273/1094 10449/274/1094 10450/275/1094
f 10448/273/1094 10450/275/1094 10451/276/1094
f 10452/277/1222 10453/278/1222 10454/279/1222
f 10452/277/1222 10454/279/1222 10455/280/1222
f 10453/278/1092 10456/281/1092 10457/282/1092
f 10453/278/1092 10457/282/1092 10454/279/1092
f 10456/281/1223 10458/283/1223 10459/284/1223
f 10456/281/1223 10459/284/1223 10457/282/1223
f 10460/285/1224 10461/286/1224 10456/281/1224
f 10460/285/1224 10456/281/1224 10453/278/1224
f 10454/279/1225 10457/282/1225 10462/287/1225
f 10454/279/1225 10462/287/1225 10463/288/1225
f 10464/273/1094 10465/274/1094 10466/275/1094
f 10464/273/1094 10466/275/1094 10467/276/1094
f 10468/277/1156 10469/278/1156 10470/279/1156
f 10468/277/1156 10470/279/1156 10471/280/1156
f 10469/278/1092 10472/281/1092 10473/282/1092
f 10469/278/1092 10473/282/1092 10470/279/1092
f 10472/281/1157 10474/283/1157 10475/284/1157
f 10472/281/1157 10475/284/1157 10473/282/1157
f 10476/285/1100 10477/286/1100 10472/281/1100
f 10476/285/1100 10472/281/1100 10469/278/1100
f 10470/279/1101 10473/282/1101 10478/287/1101
f 10470/279/1101 10478/287/1101 10479/288/1101
f 10480/273/1094 10481/274/1094 10482/275/1094
f 10480/273/1094 10482/275/1094 10483/276/1094
f 10484/277/1226 10485/278/1226 10486/279/1226
f 10484/277/1226 10486/279/1226 10487/280/1226
f 10485/278/1092 10488/281/1092 10489/282/1092
f 10485/278/1092 10489/282/1092 10486/279/1092
f 10488/281/1227 10490/283/1227 10491/284/1227
f 10488/281/1227 10491/284/1227 10489/282/1227
f 10492/285/1228 10493/286/1228 10488/281/1228
f 10492/285/1228 10488/281/1228 10485/278/1228
f 10486/279/1229 10489/282/1229 10494/287/1229
f 10486/279/1229 10494/287/1229 10495/288/1229
f 10496/273/1094 10497/274/1094 10498/275/1094
f 10496/273/1094 10498/275/1094 10499/276/1094
f 10500/277/1114 10501/278/1114 10502/279/1114
f 10500/277/1114 10502/279/1114 10503/280/1114
f 10501/278/1092 10504/281/1092 10505/282/1092
f 10501/278/1092 10505/282/1092 10502/279/1092
f 10504/281/1157 10506/283/1157 10507/284/1157
f 10504/281/1157 10507/284/1157 10505/282/1157
f 10508/285/1230 10509/286/1230 10504/281/1230
f 10508/285/1230 10504/281/1230 10501/278/1230
f 10502/279/1231 10505/282/1231 10510/287/1231
f 10502/279/1231 10510/287/1231 10511/288/1231
f 10512/273/1094 10513/274/1094 10514/275/1094
f 10512/273/1094 10514/275/1094 10515/276/1094
f 10516/277/1232 10517/278/1232 10518/279/1232
f 10516/277/1232 10518/279/1232 10519/280/1232
f 10517/278/1092 10520/281/1092 10521/282/1092
f 10517/278/1092 10521/282/1092 10518/279/1092
f 10520/281/1233 10522/283/1233 10523/284/1233
f 10520/281/1233 10523/284/1233 10521/282/1233
f 10524/285/1234 10525/286/1234 10520/281/1234
f 10524/285/1234 10520/281/1234 10517/278/1234
f 10518/279/1235 10521/282/1235 10526/287/1235
f 10518/279/1235 10526/287/1235 10527/288/1235
f 10528/273/1094 10529/274/1094 10530/275/1094
f 10528/273/1094 10530/275/1094 10531/276/1094
f 10532/277/1236 10533/278/1236 10534/279/1236
f 10532/277/1236 10534/279/1236 10535/280/1236
f 10533/278/1092 10536/281/1092 10537/282/1092
f 10533/278/1092 10537/282/1092 10534/279/1092
f 10536/281/1237 10538/283/1237 10539/284/1237
f 10536/281/1237 10539/284/1237 10537/282/1237
f 10540/285/1100 10541/286/1100 10536/281/1100
f 10540/285/1100 10536/281/1100 10533/278/1100
f 10534/279/1101 10537/282/1101 10542/287/1101
f 10534/279/1101 10542/287/1101 10543/288/1101
f 10544/289/1094 10545/277/1094 10546/280/1094
f 10544/289/1094 10546/280/1094 10547/290/1094
f 10545/277/1238 10548/278/1238 10549/279/1238
f 10545/277/1238 10549/279/1238 10546/280/1238
f 10548/278/1092 10550/281/1092 10551/282/1092
f 10548/278/1092 10551/282/1092 10549/279/1092
f 10550/281/1239 10552/283/1239 10553/284/1239
f 10550/281/1239 10553/284/1239 10551/282/1239
f 10554/285/1121 10555/286/1121 10550/281/1121
f 10554/285/1121 10550/281/1121 10548/278/1121
f 10549/279/1231 10551/282/1231 10556/287/1231
f 10549/279/1231 10556/287/1231 10557/288/1231
f 10558/273/1094 10559/274/1094 10560/275/1094
f 10558/273/1094 10560/275/1094 10561/276/1094
f 10562/277/1240 10563/278/1240 10564/279/1240
f 10562/277/1240 10564/279/1240 10565/280/1240
f 10563/278/1092 10566/281/1092 10567/282/1092
f 10563/278/1092 10567/282/1092 10564/279/1092
f 10566/281/1241 10568/283/1241 10569/284/1241
f 10566/281/1241 10569/284/1241 10567/282/1241
f 10570/285/1242 10571/286/1242 10566/281/1242
f 10570/285/1242 10566/281/1242 10563/278/1242
f 10564/279/1147 10567/282/1147 10572/287/1147
f 10564/279/1147 10572/287/1147 10573/288/1147
f 10574/273/1094 10575/274/1094 10576/275/1094
f 10574/273/1094 10576/275/1094 10577/276/1094
f 10578/277/1243 10579/278/1243 10580/279/1243
f 10578/277/1243 10580/279/1243 10581/280/1243
f 10579/278/1092 10582/281/1092 10583/282/1092
f 10579/278/1092 10583/282/1092 10580/279/1092
f 10582/281/1244 10584/283/1244 10585/284/1244
f 10582/281/1244 10585/284/1244 10583/282/1244
f 10586/285/1245 10587/286/1245 10582/281/1245
f 10586/285/1245 10582/281/1245 10579/278/1245
f 10580/279/1246 10583/282/1246 10588/287/1246
f 10580/279/1246 10588/287/1246 10589/288/1246
f 10590/273/1094 10591/274/1094 10592/275/1094
f 10590/273/1094 10592/275/1094 10593/276/1094
f 10594/277/1134 10595/278/1134 10596/279/1134
f 10594/277/1134 10596/279/1134 10597/280/1134
f 10595/278/1092 10598/281/1092 10599/282/1092
f 10595/278/1092 10599/282/1092 10596/279/1092
f 10598/281/1247 10600/283/1247 10601/284/1247
f 10598/281/1247 10601/284/1247 10599/282/1247
f 10602/285/1248 10603/286/1248 10598/281/1248
f 10602/285/1248 10598/281/1248 10595/278/1248
f 10596/279/1147 10599/282/1147 10604/287/1147
f 10596/279/1147 10604/287/1147 10605/288/1147
f 10606/273/1094 10607/274/1094 10608/275/1094
f 10606/273/1094 10608/275/1094 10609/276/1094
f 10610/277/1249 10611/278/1249 10612/279/1249
f 10610/277/1249 10612/279/1249 10613/280/1249
f 10611/278/1092 10614/281/1092 10615/282/1092
f 10611/278/1092 10615/282/1092 10612/279/1092
f 10614/281/1250 10616/283/1250 10617/284/1250
f 10614/281/1250 10617/284/1250 10615/282/1250
f 10618/285/1251 10619/286/1251 10614/281/1251
f 10618/285/1251 10614/281/1251 10611/278/1251
f 10612/279/1101 10615/282/1101 10620/287/1101
f 10612/279/1101 10620/287/1101 10621/288/1101
f 10622/273/1094 10623/274/1094 10624/275/1094
f 10622/273/1094 10624/275/1094 10625/276/1094
f 10626/277/1252 10627/278/1252 10628/279/1252
f 10626/277/1252 10628/279/1252 10629/280/1252
f 10627/278/1092 10630/281/1092 10631/282/1092
f 10627/278/1092 10631/282/1092 10628/279/1092
f 10630/281/1253 10632/283/1253 10633/284/1253
f 10630/281/1253 10633/284/1253 10631/282/1253
f 10634/285/1254 10635/286/1254 10630/281/1254
f 10634/285/1254 10630/281/1254 10627/278/1254
f 10628/279/1255 10631/282/1255 10636/287/1255
f 10628/279/1255 10636/287/1255 10637/288/1255
f 10638/273/1094 10639/274/1094 10640/275/1094
f 10638/273/1094 10640/275/1094 10641/276/1094
f 10642/277/1256 10643/278/1256 10644/279/1256
f 10642/277/1256 10644/279/1256 10645/280/1256
f 10643/278/1092 10646/281/1092 10647/282/1092
f 10643/278/1092 10647/282/1092 10644/279/1092
f 10646/281/1257 10648/283/1257 10649/284/1257
f 10646/281/1257 10649/284/1257 10647/282/1257
f 10650/285/1258 10651/286/1258 10646/281/1258
f 10650/285/1258 10646/281/1258 10643/278/1258
f 10644/279/1101 10647/282/1101 10652/287/1101
f 10644/279/1101 10652/287/1101 10653/288/1101
f 10654/273/1094 10655/274/1094 10656/275/1094
f 10654/273/1094 10656/275/1094 10657/276/1094
f 10658/277/1259 10659/278/1259 10660/279/1259
f 10658/277/1259 10660/279/1259 10661/280/1259
f 10659/278/1092 10662/281/1092 10663/282/1092
f 10659/278/1092 10663/282/1092 10660/279/1092
f 10662/281/1260 10664/283/1260 10665/284/1260
f 10662/281/1260 10665/284/1260 10663/282/1260
f 10666/285/1261 10667/286/1261 10662/281/1261
f 10666/285/1261 10662/281/1261 10659/278/1261
f 10660/279/1262 10663/282/1262 10668/287/1262
f 10660/279/1262 10668/287/1262 10669/288/1262
f 10670/273/1094 10671/274/1094 10672/275/1094
f 10670/273/1094 10672/275/1094 10673/276/1094
f 10674/277/1263 10675/278/1263 10676/279/1263
f 10674/277/1263 10676/279/1263 10677/280/1263
f 10675/278/1092 10678/281/1092 10679/282/1092
f 10675/278/1092 10679/282/1092 10676/279/1092
f 10678/281/1264 10680/283/1264 10681/284/1264
f 10678/281/1264 10681/284/1264 10679/282/1264
f 10682/285/1258 10683/286/1258 10678/281/1258
f 10682/285/1258 10678/281/1258 10675/278/1258
f 10676/279/1265 10679/282/1265 10684/287/1265
f 10676/279/1265 10684/287/1265 10685/288/1265
f 10686/273/1094 10687/274/1094 10688/275/1094
f 10686/273/1094 10688/275/1094 10689/276/1094
f 10690/277/1266 10691/278/1266 10692/279/1266
f 10690/277/1266 10692/279/1266 10693/280/1266
f 10691/278/1092 10694/281/1092 10695/282/1092
f 10691/278/1092 10695/282/1092 10692/279/1092
f 10694/281/1120 10696/283/1120 10697/284/1120
f 10694/281/1120 10697/284/1120 10695/282/1120
f 10698/285/1224 10699/286/1224 10694/281/1224
f 10698/285/1224 10694/281/1224 10691/278/1224
f 10692/279/1225 10695/282/1225 10700/287/1225
f 10692/279/1225 10700/287/1225 10701/288/1225
f 10702/273/1094 10703/274/1094 10704/275/1094
f 10702/273/1094 10704/275/1094 10705/276/1094
f 10706/277/1267 10707/278/1267 10708/279/1267
f 10706/277/1267 10708/279/1267 10709/280/1267
f 10707/278/1092 10710/281/1092 10711/282/1092
f 10707/278/1092 10711/282/1092 10708/279/1092
f 10710/281/1268 10712/283/1268 10713/284/1268
f 10710/281/1268 10713/284/1268 10711/282/1268
f 10714/285/1251 10715/286/1251 10710/281/1251
f 10714/285/1251 10710/281/1251 10707/278/1251
f 10708/279/1269 10711/282/1269 10716/287/1269
f 10708/279/1269 10716/287/1269 10717/288/1269
f 10718/273/1094 10719/274/1094 10720/275/1094
f 10718/273/1094 10720/275/1094 10721/276/1094
f 10722/277/1270 10723/278/1270 10724/279/1270
f 10722/277/1270 10724/279/1270 10725/280/1270
f 10723/278/1092 10726/281/1092 10727/282/1092
f 10723/278/1092 10727/282/1092 10724/279/1092
f 10726/281/1271 10728/283/1271 10729/284/1271
f 10726/281/1271 10729/284/1271 10727/282/1271
f 10730/285/1142 10731/286/1142 10726/281/1142
f 10730/285/1142 10726/281/1142 10723/278/1142
f 10724/279/1272 10727/282/1272 10732/287/1272
f 10724/279/1272 10732/287/1272 10733/288/1272
f 10734/273/1094 10735/274/1094 10736/275/1094
f 10734/273/1094 10736/275/1094 10737/276/1094
f 10738/277/1273 10739/278/1273 10740/279/1273
f 10738/277/1273 10740/279/1273 10741/280/1273
f 10739/278/1092 10742/281/1092 10743/282/1092
f 10739/278/1092 10743/282/1092 10740/279/1092
f 10742/281/1260 10744/283/1260 10745/284/1260
f 10742/281/1260 10745/284/1260 10743/282/1260
f 10746/285/1274 10747/286/1274 10742/281/1274
f 10746/285/1274 10742/281/1274 10739/278/1274
f 10740/279/1145 10743/282/1145 10748/287/1145
f 10740/279/1145 10748/287/1145 10749/288/1145
f 10750/273/1094 10751/274/1094 10752/275/1094
f 10750/273/1094 10752/275/1094 10753/276/1094
f 10754/277/1275 10755/278/1275 10756/279/1275
f 10754/277/1275 10756/279/1275 10757/280/1275
f 10755/278/1092 10758/281/1092 10759/282/1092
f 10755/278/1092 10759/282/1092 10756/279/1092
f 10758/281/1247 10760/283/1247 10761/284/1247
f 10758/281/1247 10761/284/1247 10759/282/1247
f 10762/285/1142 10763/286/1142 10758/281/1142
f 10762/285/1142 10758/281/1142 10755/278/1142
f 10756/279/1276 10759/282/1276 10764/287/1276
f 10756/279/1276 10764/287/1276 10765/288/1276
f 10766/273/1094 10767/274/1094 10768/275/1094
f 10766/273/1094 10768/275/1094 10769/276/1094
f 10770/277/1270 10771/278/1270 10772/279/1270
f 10770/277/1270 10772/279/1270 10773/280/1270
f 10771/278/1092 10774/281/1092 10775/282/1092
f 10771/278/1092 10775/282/1092 10772/279/1092
f 10774/281/1247 10776/283/1247 10777/284/1247
f 10774/281/1247 10777/284/1247 10775/282/1247
f 10778/285/1146 10779/286/1146 10774/281/1146
f 10778/285/1146 10774/281/1146 10771/278/1146
f 10772/279/1147 10775/282/1147 10780/287/1147
f 10772/279/1147 10780/287/1147 10781/288/1147
f 10782/273/1094 10783/274/1094 10784/275/1094
f 10782/273/1094 10784/275/1094 10785/276/1094
f 10786/277/1275 10787/278/1275 10788/279/1275
f 10786/277/1275 10788/279/1275 10789/280/1275
f 10787/278/1092 10790/281/1092 10791/282/1092
f 10787/278/1092 10791/282/1092 10788/279/1092
f 10790/281/1162 10792/283/1162 10793/284/1162
f 10790/281/1162 10793/284/1162 10791/282/1162
f 10794/285/1146 10795/286/1146 10790/281/1146
f 10794/285/1146 10790/281/1146 10787/278/1146
f 10788/279/1277 10791/282/1277 10796/287/1277
f 10788/279/1277 10796/287/1277 10797/288/1277
f 10798/273/1094 10799/274/1094 10800/275/1094
f 10798/273/1094 10800/275/1094 10801/276/1094
f 10802/277/1278 10803/278/1278 10804/279/1278
f 10802/277/1278 10804/279/1278 10805/280/1278
f 10803/278/1092 10806/281/1092 10807/282/1092
f 10803/278/1092 10807/282/1092 10804/279/1092
f 10806/281/1279 10808/283/1279 10809/284/1279
f 10806/281/1279 10809/284/1279 10807/282/1279
f 10810/285/1280 10811/286/1280 10806/281/1280
f 10810/285/1280 10806/281/1280 10803/278/1280
f 10804/279/1281 10807/282/1281 10812/287/1281
f 10804/279/1281 10812/287/1281 10813/288/1281
f 10814/273/1092 10815/274/1092 10816/275/1092
f 10814/273/1092 10816/275/1092 10817/276/1092
f 10818/277/1282 10819/278/1282 10820/279/1282
f 10818/277/1282 10820/279/1282 10821/280/1282
f 10819/278/1094 10822/281/1094 10823/282/1094
f 10819/278/1094 10823/282/1094 10820/279/1094
f 10822/281/1283 10824/283/1283 10825/284/1283
f 10822/281/1283 10825/284/1283 10823/282/1283
f 10826/285/1284 10827/286/1284 10822/281/1284
f 10826/285/1284 10822/281/1284 10819/278/1284
f 10820/279/1285 10823/282/1285 10828/287/1285
f 10820/279/1285 10828/287/1285 10829/288/1285
f 10830/273/1092 10831/274/1092 10832/275/1092
f 10830/273/1092 10832/275/1092 10833/276/1092
f 10834/277/1286 10835/278/1286 10836/279/1286
f 10834/277/1286 10836/279/1286 10837/280/1286
f 10835/278/1094 10838/281/1094 10839/282/1094
f 10835/278/1094 10839/282/1094 10836/279/1094
f 10838/281/1287 10840/283/1287 10841/284/1287
f 10838/281/1287 10841/284/1287 10839/282/1287
f 10842/285/1288 10843/286/1288 10838/281/1288
f 10842/285/1288 10838/281/1288 10835/278/1288
f 10836/279/1289 10839/282/1289 10844/287/1289
f 10836/279/1289 10844/287/1289 10845/288/1289
f 10846/273/1092 10847/274/1092 10848/275/1092
f 10846/273/1092 10848/275/1092 10849/276/1092
f 10850/277/1290 10851/278/1290 10852/279/1290
f 10850/277/1290 10852/279/1290 10853/280/1290
f 10851/278/1094 10854/281/1094 10855/282/1094
f 10851/278/1094 10855/282/1094 10852/279/1094
f 10854/281/1291 10856/283/1291 10857/284/1291
f 10854/281/1291 10857/284/1291 10855/282/1291
f 10858/285/1292 10859/286/1292 10854/281/1292
f 10858/285/1292 10854/281/1292 10851/278/1292
f 10852/279/1293 10855/282/1293 10860/287/1293
f 10852/279/1293 10860/287/1293 10861/288/1293
f 10862/273/1092 10863/274/1092 10864/275/1092
f 10862/273/1092 10864/275/1092 10865/276/1092
f 10866/277/1294 10867/278/1294 10868/279/1294
f 10866/277/1294 10868/279/1294 10869/280/1294
f 10867/278/1094 10870/281/1094 10871/282/1094
f 10867/278/1094 10871/282/1094 10868/279/1094
f 10870/281/1295 10872/283/1295 10873/284/1295
f 10870/281/1295 10873/284/1295 10871/282/1295
f 10874/285/1296 10875/286/1296 10870/281/1296
f 10874/285/1296 10870/281/1296 10867/278/1296
f 10868/279/1289 10871/282/1289 10876/287/1289
f 10868/279/1289 10876/287/1289 10877/288/1289
f 10878/273/1092 10879/274/1092 10880/275/1092
f 10878/273/1092 10880/275/1092 10881/276/1092
f 10882/277/1297 10883/278/1297 10884/279/1297
f 10882/277/1297 10884/279/1297 10885/280/1297
f 10883/278/1094 10886/281/1094 10887/282/1094
f 10883/278/1094 10887/282/1094 10884/279/1094
f 10886/281/1298 10888/283/1298 10889/284/1298
f 10886/281/1298 10889/284/1298 10887/282/1298
f 10890/285/1299 10891/286/1299 10886/281/1299
f 10890/285/1299 10886/281/1299 10883/278/1299
f 10884/279/1300 10887/282/1300 10892/287/1300
f 10884/279/1300 10892/287/1300 10893/288/1300
f 10894/273/1092 10895/274/1092 10896/275/1092
f 10894/273/1092 10896/275/1092 10897/276/1092
f 10898/277/1301 10899/278/1301 10900/279/1301
f 10898/277/1301 10900/279/1301 10901/280/1301
f 10899/278/1094 10902/281/1094 10903/282/1094
f 10899/278/1094 10903/282/1094 10900/279/1094
f 10902/281/1302 10904/283/1302 10905/284/1302
f 10902/281/1302 10905/284/1302 10903/282/1302
f 10906/285/1303 10907/286/1303 10902/281/1303
f 10906/285/1303 10902/281/1303 10899/278/1303
f 10900/279/1304 10903/282/1304 10908/287/1304
f 10900/279/1304 10908/287/1304 10909/288/1304
f 10910/273/1092 10911/274/1092 10912/275/1092
f 10910/273/1092 10912/275/1092 10913/276/1092
f 10914/277/1305 10915/278/1305 10916/279/1305
f 10914/277/1305 10916/279/1305 10917/280/1305
f 10915/278/1094 10918/281/1094 10919/282/1094
f 10915/278/1094 10919/282/1094 10916/279/1094
f 10918/281/1306 10920/283/1306 10921/284/1306
f 10918/281/1306 10921/284/1306 10919/282/1306
f 10922/285/1307 10923/286/1307 10918/281/1307
f 10922/285/1307 10918/281/1307 10915/278/1307
f 10916/279/1308 10919/282/1308 10924/287/1308
f 10916/279/1308 10924/287/1308 10925/288/1308
f 10926/273/1092 10927/274/1092 10928/275/1092
f 10926/273/1092 10928/275/1092 10929/276/1092
f 10930/277/1309 10931/278/1309 10932/279/1309
f 10930/277/1309 10932/279/1309 10933/280/1309
f 10931/278/1094 10934/281/1094 10935/282/1094
f 10931/278/1094 10935/282/1094 10932/279/1094
f 10934/281/1310 10936/283/1310 10937/284/1310
f 10934/281/1310 10937/284/1310 10935/282/1310
f 10938/285/1311 10939/286/1311 10934/281/1311
f 10938/285/1311 10934/281/1311 10931/278/1311
f 10932/279/1312 10935/282/1312 10940/287/1312
f 10932/279/1312 10940/287/1312 10941/288/1312
f 10942/273/1092 10943/274/1092 10944/275/1092
f 10942/273/1092 10944/275/1092 10945/276/1092
f 10946/277/1313 10947/278/1313 10948/279/1313
f 10946/277/1313 10948/279/1313 10949/280/1313
f 10947/278/1094 10950/281/1094 10951/282/1094
f 10947/278/1094 10951/282/1094 10948/279/1094
f 10950/281/1314 10952/283/1314 10953/284/1314
f 10950/281/1314 10953/284/1314 10951/282/1314
f 10954/285/1315 10955/286/1315 10950/281/1315
f 10954/285/1315 10950/281/1315 10947/278/1315
f 10948/279/1316 10951/282/1316 10956/287/1316
f 10948/279/1316 10956/287/1316 10957/288/1316
f 10958/273/1092 10959/274/1092 10960/275/1092
f 10958/273/1092 10960/275/1092 10961/276/1092
f 10962/277/1317 10963/278/1317 10964/279/1317
f 10962/277/1317 10964/279/1317 10965/280/1317
f 10963/278/1094 10966/281/1094 10967/282/1094
f 10963/278/1094 10967/282/1094 10964/279/1094
f 10966/281/1318 10968/283/1318 10969/284/1318
f 10966/281/1318 10969/284/1318 10967/282/1318
f 10970/285/1319 10971/286/1319 10966/281/1319
f 10970/285/1319 10966/281/1319 10963/278/1319
f 10964/279/1320 10967/282/1320 10972/287/1320
f 10964/279/1320 10972/287/1320 10973/288/1320
f 10974/273/1092 10975/274/1092 10976/275/1092
f 10974/273/1092 10976/275/1092 10977/276/1092
f 10978/277/1321 10979/278/1321 10980/279/1321
f 10978/277/1321 10980/279/1321 10981/280/1321
f 10979/278/1094 10982/281/1094 10983/282/1094
f 10979/278/1094 10983/282/1094 10980/279/1094
f 10982/281/1322 10984/283/1322 10985/284/1322
f 10982/281/1322 10985/284/1322 10983/282/1322
f 10986/285/1323 10987/286/1323 10982/281/1323
f 10986/285/1323 10982/281/1323 10979/278/1323
f 10980/279/1324 10983/282/1324 10988/287/1324
f 10980/279/1324 10988/287/1324 10989/288/1324
f 10990/273/1092 10991/274/1092 10992/275/1092
f 10990/273/1092 10992/275/1092 10993/276/1092
f 10994/277/1325 10995/278/1325 10996/279/1325
f 10994/277/1325 10996/279/1325 10997/280/1325
f 10995/278/1094 10998/281/1094 10999/282/1094
f 10995/278/1094 10999/282/1094 10996/279/1094
f 10998/281/1326 11000/283/1326 11001/284/1326
f 10998/281/1326 11001/284/1326 10999/282/1326
f 11002/285/1327 11003/286/1327 10998/281/1327
f 11002/285/1327 10998/281/1327 10995/278/1327
f 10996/279/1316 10999/282/1316 11004/287/1316
f 10996/279/1316 11004/287/1316 11005/288/1316
f 11006/273/1092 11007/274/1092 11008/275/1092
f 11006/273/1092 11008/275/1092 11009/276/1092
f 11010/277/1328 11011/278/1328 11012/279/1328
f 11010/277/1328 11012/279/1328 11013/280/1328
f 11011/278/1094 11014/281/1094 11015/282/1094
f 11011/278/1094 11015/282/1094 11012/279/1094
f 11014/281/1250 11016/283/1250 11017/284/1250
f 11014/281/1250 11017/284/1250 11015/282/1250
f 11018/285/1265 11019/286/1265 11014/281/1265
f 11018/285/1265 11014/281/1265 11011/278/1265
f 11012/279/1251 11015/282/1251 11020/287/1251
f 11012/279/1251 11020/287/1251 11021/288/1251
f 11022/273/1092 11023/274/1092 11024/275/1092
f 11022/273/1092 11024/275/1092 11025/276/1092
f 11026/277/1329 11027/278/1329 11028/279/1329
f 11026/277/1329 11028/279/1329 11029/280/1329
f 11027/278/1094 11030/281/1094 11031/282/1094
f 11027/278/1094 11031/282/1094 11028/279/1094
f 11030/281/1330 11032/283/1330 11033/284/1330
f 11030/281/1330 11033/284/1330 11031/282/1330
f 11034/285/1331 11035/286/1331 11030/281/1331
f 11034/285/1331 11030/281/1331 11027/278/1331
f 11028/279/1332 11031/282/1332 11036/287/1332
f 11028/279/1332 11036/287/1332 11037/288/1332
f 11038/273/1092 11039/274/1092 11040/275/1092
f 11038/273/1092 11040/275/1092 11041/276/1092
f 11042/277/1333 11043/278/1333 11044/279/1333
f 11042/277/1333 11044/279/1333 11045/280/1333
f 11043/278/1094 11046/281/1094 11047/282/1094
f 11043/278/1094 11047/282/1094 11044/279/1094
f 11046/281/1159 11048/283/1159 11049/284/1159
f 11046/281/1159 11049/284/1159 11047/282/1159
f 11050/285/1334 11051/286/1334 11046/281/1334
f 11050/285/1334 11046/281/1334 11043/278/1334
f 11044/279/1335 11047/282/1335 11052/287/1335
f 11044/279/1335 11052/287/1335 11053/288/1335
f 11054/273/1092 11055/274/1092 11056/275/1092
f 11054/273/1092 11056/275/1092 11057/276/1092
f 11058/277/1148 11059/278/1148 11060/279/1148
f 11058/277/1148 11060/279/1148 11061/280/1148
f 11059/278/1094 11062/281/1094 11063/282/1094
f 11059/278/1094 11063/282/1094 11060/279/1094
f 11062/281/1336 11064/283/1336 11065/284/1336
f 11062/281/1336 11065/284/1336 11063/282/1336
f 11066/285/1337 11067/286/1337 11062/281/1337
f 11066/285/1337 11062/281/1337 11059/278/1337
f 11060/279/1338 11063/282/1338 11068/287/1338
f 11060/279/1338 11068/287/1338 11069/288/1338
f 11070/273/1092 11071/274/1092 11072/275/1092
f 11070/273/1092 11072/275/1092 11073/276/1092
f 11074/277/1152 11075/278/1152 11076/279/1152
f 11074/277/1152 11076/279/1152 11077/280/1152
f 11075/278/1094 11078/281/1094 11079/282/1094
f 11075/278/1094 11079/282/1094 11076/279/1094
f 11078/281/1250 11080/283/1250 11081/284/1250
f 11078/281/1250 11081/284/1250 11079/282/1250
f 11082/285/1339 11083/286/1339 11078/281/1339
f 11082/285/1339 11078/281/1339 11075/278/1339
f 11076/279/1338 11079/282/1338 11084/287/1338
f 11076/279/1338 11084/287/1338 11085/288/1338
f 11086/273/1092 11087/274/1092 11088/275/1092
f 11086/273/1092 11088/275/1092 11089/276/1092
f 11090/277/1232 11091/278/1232 11092/279/1232
f 11090/277/1232 11092/279/1232 11093/280/1232
f 11091/278/1094 11094/281/1094 11095/282/1094
f 11091/278/1094 11095/282/1094 11092/279/1094
f 11094/281/1340 11096/283/1340 11097/284/1340
f 11094/281/1340 11097/284/1340 11095/282/1340
f 11098/285/1265 11099/286/1265 11094/281/1265
f 11098/285/1265 11094/281/1265 11091/278/1265
f 11092/279/1251 11095/282/1251 11100/287/1251
f 11092/279/1251 11100/287/1251 11101/288/1251
f 11102/273/1092 11103/274/1092 11104/275/1092
f 11102/273/1092 11104/275/1092 11105/276/1092
f 11106/277/1341 11107/278/1341 11108/279/1341
f 11106/277/1341 11108/279/1341 11109/280/1341
f 11107/278/1094 11110/281/1094 11111/282/1094
f 11107/278/1094 11111/282/1094 11108/279/1094
f 11110/281/1170 11112/283/1170 11113/284/1170
f 11110/281/1170 11113/284/1170 11111/282/1170
f 11114/285/1145 11115/286/1145 11110/281/1145
f 11114/285/1145 11110/281/1145 11107/278/1145
f 11108/279/1342 11111/282/1342 11116/287/1342
f 11108/279/1342 11116/287/1342 11117/288/1342
f 11118/273/1092 11119/274/1092 11120/275/1092
f 11118/273/1092 11120/275/1092 11121/276/1092
f 11122/277/1343 11123/278/1343 11124/279/1343
f 11122/277/1343 11124/279/1343 11125/280/1343
f 11123/278/1094 11126/281/1094 11127/282/1094
f 11123/278/1094 11127/282/1094 11124/279/1094
f 11126/281/1264 11128/283/1264 11129/284/1264
f 11126/281/1264 11129/284/1264 11127/282/1264
f 11130/285/1101 11131/286/1101 11126/281/1101
f 11130/285/1101 11126/281/1101 11123/278/1101
f 11124/279/1342 11127/282/1342 11132/287/1342
f 11124/279/1342 11132/287/1342 11133/288/1342
f 11134/273/1092 11135/274/1092 11136/275/1092
f 11134/273/1092 11136/275/1092 11137/276/1092
f 11138/277/1344 11139/278/1344 11140/279/1344
f 11138/277/1344 11140/279/1344 11141/280/1344
f 11139/278/1094 11142/281/1094 11143/282/1094
f 11139/278/1094 11143/282/1094 11140/279/1094
f 11142/281/1345 11144/283/1345 11145/284/1345
f 11142/281/1345 11145/284/1345 11143/282/1345
f 11146/285/1346 11147/286/1346 11142/281/1346
f 11146/285/1346 11142/281/1346 11139/278/1346
f 11140/279/1347 11143/282/1347 11148/287/1347
f 11140/279/1347 11148/287/1347 11149/288/1347
f 11150/273/1092 11151/274/1092 11152/275/1092
f 11150/273/1092 11152/275/1092 11153/276/1092
f 11154/277/1348 11155/278/1348 11156/279/1348
f 11154/277/1348 11156/279/1348 11157/280/1348
f 11155/278/1094 11158/281/1094 11159/282/1094
f 11155/278/1094 11159/282/1094 11156/279/1094
f 11158/281/1349 11160/283/1349 11161/284/1349
f 11158/281/1349 11161/284/1349 11159/282/1349
f 11162/285/1145 11163/286/1145 11158/281/1145
f 11162/285/1145 11158/281/1145 11155/278/1145
f 11156/279/1142 11159/282/1142 11164/287/1142
f 11156/279/1142 11164/287/1142 11165/288/1142
f 11166/273/1092 11167/274/1092 11168/275/1092
f 11166/273/1092 11168/275/1092 11169/276/1092
f 11170/277/1350 11171/278/1350 11172/279/1350
f 11170/277/1350 11172/279/1350 11173/280/1350
f 11171/278/1094 11174/281/1094 11175/282/1094
f 11171/278/1094 11175/282/1094 11172/279/1094
f 11174/281/1351 11176/283/1351 11177/284/1351
f 11174/281/1351 11177/284/1351 11175/282/1351
f 11178/285/1352 11179/286/1352 11174/281/1352
f 11178/285/1352 11174/281/1352 11171/278/1352
f 11172/279/1353 11175/282/1353 11180/287/1353
f 11172/279/1353 11180/287/1353 11181/288/1353
f 11182/273/1092 11183/274/1092 11184/275/1092
f 11182/273/1092 11184/275/1092 11185/276/1092
f 11186/277/1354 11187/278/1354 11188/279/1354
f 11186/277/1354 11188/279/1354 11189/280/1354
f 11187/278/1094 11190/281/1094 11191/282/1094
f 11187/278/1094 11191/282/1094 11188/279/1094
f 11190/281/1355 11192/283/1355 11193/284/1355
f 11190/281/1355 11193/284/1355 11191/282/1355
f 11194/285/1265 11195/286/1265 11190/281/1265
f 11194/285/1265 11190/281/1265 11187/278/1265
f 11188/279/1251 11191/282/1251 11196/287/1251
f 11188/279/1251 11196/287/1251 11197/288/1251
f 11198/273/1092 11199/274/1092 11200/275/1092
f 11198/273/1092 11200/275/1092 11201/276/1092
f 11202/277/1356 11203/278/1356 11204/279/1356
f 11202/277/1356 11204/279/1356 11205/280/1356
f 11203/278/1094 11206/281/1094 11207/282/1094
f 11203/278/1094 11207/282/1094 11204/279/1094
f 11206/281/1357 11208/283/1357 11209/284/1357
f 11206/281/1357 11209/284/1357 11207/282/1357
f 11210/285/1358 11211/286/1358 11206/281/1358
f 11210/285/1358 11206/281/1358 11203/278/1358
f 11204/279/1359 11207/282/1359 11212/287/1359
f 11204/279/1359 11212/287/1359 11213/288/1359
f 11214/273/1092 11215/274/1092 11216/275/1092
f 11214/273/1092 11216/275/1092 11217/276/1092
f 11218/277/1232 11219/278/1232 11220/279/1232
f 11218/277/1232 11220/279/1232 11221/280/1232
f 11219/278/1094 11222/281/1094 11223/282/1094
f 11219/278/1094 11223/282/1094 11220/279/1094
f 11222/281/1340 11224/283/1340 11225/284/1340
f 11222/281/1340 11225/284/1340 11223/282/1340
f 11226/285/1360 11227/286/1360 11222/281/1360
f 11226/285/1360 11222/281/1360 11219/278/1360
f 11220/279/1361 11223/282/1361 11228/287/1361
f 11220/279/1361 11228/287/1361 11229/288/1361
f 11230/273/1092 11231/274/1092 11232/275/1092
f 11230/273/1092 11232/275/1092 11233/276/1092
f 11234/277/1362 11235/278/1362 11236/279/1362
f 11234/277/1362 11236/279/1362 11237/280/1362
f 11235/278/1094 11238/281/1094 11239/282/1094
f 11235/278/1094 11239/282/1094 11236/279/1094
f 11238/281/1336 11240/283/1336 11241/284/1336
f 11238/281/1336 11241/284/1336 11239/282/1336
f 11242/285/1363 11243/286/1363 11238/281/1363
f 11242/285/1363 11238/281/1363 11235/278/1363
f 11236/279/1335 11239/282/1335 11244/287/1335
f 11236/279/1335 11244/287/1335 11245/288/1335
f 11246/273/1092 11247/274/1092 11248/275/1092
f 11246/273/1092 11248/275/1092 11249/276/1092
f 11250/277/1364 11251/278/1364 11252/279/1364
f 11250/277/1364 11252/279/1364 11253/280/1364
f 11251/278/1094 11254/281/1094 11255/282/1094
f 11251/278/1094 11255/282/1094 11252/279/1094
f 11254/281/1365 11256/283/1365 11257/284/1365
f 11254/281/1365 11257/284/1365 11255/282/1365
f 11258/285/1334 11259/286/1334 11254/281/1334
f 11258/285/1334 11254/281/1334 11251/278/1334
f 11252/279/1335 11255/282/1335 11260/287/1335
f 11252/279/1335 11260/287/1335 11261/288/1335
f 11262/273/1092 11263/274/1092 11264/275/1092
f 11262/273/1092 11264/275/1092 11265/276/1092
f 11266/277/1249 11267/278/1249 11268/279/1249
f 11266/277/1249 11268/279/1249 11269/280/1249
f 11267/278/1094 11270/281/1094 11271/282/1094
f 11267/278/1094 11271/282/1094 11268/279/1094
f 11270/281/1162 11272/283/1162 11273/284/1162
f 11270/281/1162 11273/284/1162 11271/282/1162
f 11274/285/1334 11275/286/1334 11270/281/1334
f 11274/285/1334 11270/281/1334 11267/278/1334
f 11268/279/1366 11271/282/1366 11276/287/1366
f 11268/279/1366 11276/287/1366 11277/288/1366
f 11278/273/1092 11279/274/1092 11280/275/1092
f 11278/273/1092 11280/275/1092 11281/276/1092
f 11282/277/1267 11283/278/1267 11284/279/1267
f 11282/277/1267 11284/279/1267 11285/280/1267
f 11283/278/1094 11286/281/1094 11287/282/1094
f 11283/278/1094 11287/282/1094 11284/279/1094
f 11286/281/1367 11288/283/1367 11289/284/1367
f 11286/281/1367 11289/284/1367 11287/282/1367
f 11290/285/1265 11291/286/1265 11286/281/1265
f 11290/285/1265 11286/281/1265 11283/278/1265
f 11284/279/1251 11287/282/1251 11292/287/1251
f 11284/279/1251 11292/287/1251 11293/288/1251
f 11294/273/1092 11295/274/1092 11296/275/1092
f 11294/273/1092 11296/275/1092 11297/276/1092
f 11298/277/1368 11299/278/1368 11300/279/1368
f 11298/277/1368 11300/279/1368 11301/280/1368
f 11299/278/1094 11302/281/1094 11303/282/1094
f 11299/278/1094 11303/282/1094 11300/279/1094
f 11302/281/1170 11304/283/1170 11305/284/1170
f 11302/281/1170 11305/284/1170 11303/282/1170
f 11306/285/1369 11307/286/1369 11302/281/1369
f 11306/285/1369 11302/281/1369 11299/278/1369
f 11300/279/1146 11303/282/1146 11308/287/1146
f 11300/279/1146 11308/287/1146 11309/288/1146
f 11310/273/1092 11311/274/1092 11312/275/1092
f 11310/273/1092 11312/275/1092 11313/276/1092
f 11314/277/1370 11315/278/1370 11316/279/1370
f 11314/277/1370 11316/279/1370 11317/280/1370
f 11315/278/1094 11318/281/1094 11319/282/1094
f 11315/278/1094 11319/282/1094 11316/279/1094
f 11318/281/1371 11320/283/1371 11321/284/1371
f 11318/281/1371 11321/284/1371 11319/282/1371
f 11322/285/1145 11323/286/1145 11318/281/1145
f 11322/285/1145 11318/281/1145 11315/278/1145
f 11316/279/1372 11319/282/1372 11324/287/1372
f 11316/279/1372 11324/287/1372 11325/288/1372
f 11326/273/1092 11327/274/1092 11328/275/1092
f 11326/273/1092 11328/275/1092 11329/276/1092
f 11330/277/1373 11331/278/1373 11332/279/1373
f 11330/277/1373 11332/279/1373 11333/280/1373
f 11331/278/1094 11334/281/1094 11335/282/1094
f 11331/278/1094 11335/282/1094 11332/279/1094
f 11334/281/1264 11336/283/1264 11337/284/1264
f 11334/281/1264 11337/284/1264 11335/282/1264
f 11338/285/1262 11339/286/1262 11334/281/1262
f 11338/285/1262 11334/281/1262 11331/278/1262
f 11332/279/1146 11335/282/1146 11340/287/1146
f 11332/279/1146 11340/287/1146 11341/288/1146
f 11342/273/1092 11343/274/1092 11344/275/1092
f 11342/273/1092 11344/275/1092 11345/276/1092
f 11346/277/1374 11347/278/1374 11348/279/1374
f 11346/277/1374 11348/279/1374 11349/280/1374
f 11347/278/1094 11350/281/1094 11351/282/1094
f 11347/278/1094 11351/282/1094 11348/279/1094
f 11350/281/1375 11352/283/1375 11353/284/1375
f 11350/281/1375 11353/284/1375 11351/282/1375
f 11354/285/1376 11355/286/1376 11350/281/1376
f 11354/285/1376 11350/281/1376 11347/278/1376
f 11348/279/1377 11351/282/1377 11356/287/1377
f 11348/279/1377 11356/287/1377 11357/288/1377
f 11358/273/1092 11359/274/1092 11360/275/1092
f 11358/273/1092 11360/275/1092 11361/276/1092
f 11362/277/1370 11363/278/1370 11364/279/1370
f 11362/277/1370 11364/279/1370 11365/280/1370
f 11363/278/1094 11366/281/1094 11367/282/1094
f 11363/278/1094 11367/282/1094 11364/279/1094
f 11366/281/1378 11368/283/1378 11369/284/1378
f 11366/281/1378 11369/284/1378 11367/282/1378
f 11370/285/1379 11371/286/1379 11366/281/1379
f 11370/285/1379 11366/281/1379 11363/278/1379
f 11364/279/1146 11367/282/1146 11372/287/1146
f 11364/279/1146 11372/287/1146 11373/288/1146
f 11374/273/1092 11375/274/1092 11376/275/1092
f 11374/273/1092 11376/275/1092 11377/276/1092
f 11378/277/1380 11379/278/1380 11380/279/1380
f 11378/277/1380 11380/279/1380 11381/280/1380
f 11379/278/1094 11382/281/1094 11383/282/1094
f 11379/278/1094 11383/282/1094 11380/279/1094
f 11382/281/1349 11384/283/1349 11385/284/1349
f 11382/281/1349 11385/284/1349 11383/282/1349
f 11386/285/1145 11387/286/1145 11382/281/1145
f 11386/285/1145 11382/281/1145 11379/278/1145
f 11380/279/1372 11383/282/1372 11388/287/1372
f 11380/279/1372 11388/287/1372 11389/288/1372
f 11390/273/1092 11391/274/1092 11392/275/1092
f 11390/273/1092 11392/275/1092 11393/276/1092
f 11394/277/1381 11395/278/1381 11396/279/1381
f 11394/277/1381 11396/279/1381 11397/280/1381
f 11395/278/1094 11398/281/1094 11399/282/1094
f 11395/278/1094 11399/282/1094 11396/279/1094
f 11398/281/1382 11400/283/1382 11401/284/1382
f 11398/281/1382 11401/284/1382 11399/282/1382
f 11402/285/1369 11403/286/1369 11398/281/1369
f 11402/285/1369 11398/281/1369 11395/278/1369
f 11396/279/1146 11399/282/1146 11404/287/1146
f 11396/279/1146 11404/287/1146 11405/288/1146
f 11406/273/1092 11407/274/1092 11408/275/1092
f 11406/273/1092 11408/275/1092 11409/276/1092
f 11410/277/1275 11411/278/1275 11412/279/1275
f 11410/277/1275 11412/279/1275 11413/280/1275
f 11411/278/1094 11414/281/1094 11415/282/1094
f 11411/278/1094 11415/282/1094 11412/279/1094
f 11414/281/1160 11416/283/1160 11417/284/1160
f 11414/281/1160 11417/284/1160 11415/282/1160
f 11418/285/1369 11419/286/1369 11414/281/1369
f 11418/285/1369 11414/281/1369 11411/278/1369
f 11412/279/1372 11415/282/1372 11420/287/1372
f 11412/279/1372 11420/287/1372 11421/288/1372
f 11422/273/1092 11423/274/1092 11424/275/1092
f 11422/273/1092 11424/275/1092 11425/276/1092
f 11426/277/1383 11427/278/1383 11428/279/1383
f 11426/277/1383 11428/279/1383 11429/280/1383
f 11427/278/1094 11430/281/1094 11431/282/1094
f 11427/278/1094 11431/282/1094 11428/279/1094
f 11430/281/1384 11432/283/1384 11433/284/1384
f 11430/281/1384 11433/284/1384 11431/282/1384
f 11434/285/1369 11435/286/1369 11430/281/1369
f 11434/285/1369 11430/281/1369 11427/278/1369
f 11428/279/1372 11431/282/1372 11436/287/1372
f 11428/279/1372 11436/287/1372 11437/288/1372
f 11438/273/1092 11439/274/1092 11440/275/1092
f 11438/273/1092 11440/275/1092 11441/276/1092
f 11442/277/1249 11443/278/1249 11444/279/1249
f 11442/277/1249 11444/279/1249 11445/280/1249
f 11443/278/1094 11446/281/1094 11447/282/1094
f 11443/278/1094 11447/282/1094 11444/279/1094
f 11446/281/1385 11448/283/1385 11449/284/1385
f 11446/281/1385 11449/284/1385 11447/282/1385
f 11450/285/1101 11451/286/1101 11446/281/1101
f 11450/285/1101 11446/281/1101 11443/278/1101
f 11452/273/1094 11453/274/1094 11454/275/1094
f 11452/273/1094 11454/275/1094 11455/276/1094
f 11456/277/1386 11457/278/1386 11458/279/1386
f 11456/277/1386 11458/279/1386 11459/280/1386
f 11457/278/1092 11460/281/1092 11461/282/1092
f 11457/278/1092 11461/282/1092 11458/279/1092
f 11460/281/1387 11462/283/1387 11463/284/1387
f 11460/281/1387 11463/284/1387 11461/282/1387
f 11464/285/1388 11465/286/1388 11460/281/1388
f 11464/285/1388 11460/281/1388 11457/278/1388
f 11458/279/1389 11461/282/1389 11466/287/1389
f 11458/279/1389 11466/287/1389 11467/288/1389
f 11468/273/1094 11469/274/1094 11470/275/1094
f 11468/273/1094 11470/275/1094 11471/276/1094
f 11472/277/1390 11473/278/1390 11474/279/1390
f 11472/277/1390 11474/279/1390 11475/280/1390
f 11473/278/1092 11476/281/1092 11477/282/1092
f 11473/278/1092 11477/282/1092 11474/279/1092
f 11476/281/1391 11478/283/1391 11479/284/1391
f 11476/281/1391 11479/284/1391 11477/282/1391
f 11480/285/1392 11481/286/1392 11476/281/1392
f 11480/285/1392 11476/281/1392 11473/278/1392
f 11474/279/1393 11477/282/1393 11482/287/1393
f 11474/279/1393 11482/287/1393 11483/288/1393
f 11484/273/1094 11485/274/1094 11486/275/1094
f 11484/273/1094 11486/275/1094 11487/276/1094
f 11488/277/1394 11489/278/1394 11490/279/1394
f 11488/277/1394 11490/279/1394 11491/280/1394
f 11489/278/1092 11492/281/1092 11493/282/1092
f 11489/278/1092 11493/282/1092 11490/279/1092
f 11492/281/1395 11494/283/1395 11495/284/1395
f 11492/281/1395 11495/284/1395 11493/282/1395
f 11496/285/1388 11497/286/1388 11492/281/1388
f 11496/285/1388 11492/281/1388 11489/278/1388
f 11490/279/1393 11493/282/1393 11498/287/1393
f 11490/279/1393 11498/287/1393 11499/288/1393
f 11500/273/1094 11501/274/1094 11502/275/1094
f 11500/273/1094 11502/275/1094 11503/276/1094
f 11504/277/1222 11505/278/1222 11506/279/1222
f 11504/277/1222 11506/279/1222 11507/280/1222
f 11505/278/1092 11508/281/1092 11509/282/1092
f 11505/278/1092 11509/282/1092 11506/279/1092
f 11508/281/1223 11510/283/1223 11511/284/1223
f 11508/281/1223 11511/284/1223 11509/282/1223
f 11512/285/1388 11513/286/1388 11508/281/1388
f 11512/285/1388 11508/281/1388 11505/278/1388
f 11506/279/1393 11509/282/1393 11514/287/1393
f 11506/279/1393 11514/287/1393 11515/288/1393
f 11516/285/1388 11517/286/1388 11518/281/1388
f 11516/285/1388 11518/281/1388 11519/278/1388
f 11520/273/1094 11521/274/1094 11522/275/1094
f 11520/273/1094 11522/275/1094 11523/276/1094
f 11518/281/1396 11524/283/1396 11525/284/1396
f 11518/281/1396 11525/284/1396 11526/282/1396
f 11519/278/1092 11518/281/1092 11526/282/1092
f 11519/278/1092 11526/282/1092 11527/279/1092
f 11527/279/1393 11526/282/1393 11528/287/1393
f 11527/279/1393 11528/287/1393 11529/288/1393
f 11530/277/1397 11519/278/1397 11527/279/1397
f 11530/277/1397 11527/279/1397 11531/280/1397
f 11532/285/1398 11533/286/1398 11534/281/1398
f 11532/285/1398 11534/281/1398 11535/278/1398
f 11536/273/1094 11537/274/1094 11538/275/1094
f 11536/273/1094 11538/275/1094 11539/276/1094
f 11534/281/1399 11540/283/1399 11541/284/1399
f 11534/281/1399 11541/284/1399 11542/282/1399
f 11535/278/1092 11534/281/1092 11542/282/1092
f 11535/278/1092 11542/282/1092 11543/279/1092
f 11543/279/1400 11542/282/1400 11544/287/1400
f 11543/279/1400 11544/287/1400 11545/288/1400
f 11546/277/1401 11535/278/1401 11543/279/1401
f 11546/277/1401 11543/279/1401 11547/280/1401
f 11548/285/1402 11549/286/1402 11550/281/1402
f 11548/285/1402 11550/281/1402 11551/278/1402
f 11552/273/1094 11553/274/1094 11554/275/1094
f 11552/273/1094 11554/275/1094 11555/276/1094
f 11550/281/1403 11556/283/1403 11557/284/1403
f 11550/281/1403 11557/284/1403 11558/282/1403
f 11551/278/1092 11550/281/1092 11558/282/1092
f 11551/278/1092 11558/282/1092 11559/279/1092
f 11559/279/1404 11558/282/1404 11560/287/1404
f 11559/279/1404 11560/287/1404 11561/288/1404
f 11562/277/1362 11551/278/1362 11559/279/1362
f 11562/277/1362 11559/279/1362 11563/280/1362
f 11564/285/1405 11565/286/1405 11566/281/1405
f 11564/285/1405 11566/281/1405 11567/278/1405
f 11568/273/1094 11569/274/1094 11570/275/1094
f 11568/273/1094 11570/275/1094 11571/276/1094
f 11566/281/1170 11572/283/1170 11573/284/1170
f 11566/281/1170 11573/284/1170 11574/282/1170
f 11567/278/1092 11566/281/1092 11574/282/1092
f 11567/278/1092 11574/282/1092 11575/279/1092
f 11575/279/1393 11574/282/1393 11576/287/1393
f 11575/279/1393 11576/287/1393 11577/288/1393
f 11578/277/1406 11567/278/1406 11575/279/1406
f 11578/277/1406 11575/279/1406 11579/280/1406
f 11580/285/1388 11581/286/1388 11582/281/1388
f 11580/285/1388 11582/281/1388 11583/278/1388
f 11584/273/1094 11585/274/1094 11586/275/1094
f 11584/273/1094 11586/275/1094 11587/276/1094
f 11582/281/1407 11588/283/1407 11589/284/1407
f 11582/281/1407 11589/284/1407 11590/282/1407
f 11583/278/1092 11582/281/1092 11590/282/1092
f 11583/278/1092 11590/282/1092 11591/279/1092
f 11591/279/1408 11590/282/1408 11592/287/1408
f 11591/279/1408 11592/287/1408 11593/288/1408
f 11594/277/1409 11583/278/1409 11591/279/1409
f 11594/277/1409 11591/279/1409 11595/280/1409
f 11596/285/1405 11597/286/1405 11598/281/1405
f 11596/285/1405 11598/281/1405 11599/278/1405
f 11600/273/1094 11601/274/1094 11602/275/1094
f 11600/273/1094 11602/275/1094 11603/276/1094
f 11598/281/1410 11604/283/1410 11605/284/1410
f 11598/281/1410 11605/284/1410 11606/282/1410
f 11599/278/1092 11598/281/1092 11606/282/1092
f 11599/278/1092 11606/282/1092 11607/279/1092
f 11607/279/1393 11606/282/1393 11608/287/1393
f 11607/279/1393 11608/287/1393 11609/288/1393
f 11610/277/1411 11599/278/1411 11607/279/1411
f 11610/277/1411 11607/279/1411 11611/280/1411
f 11612/285/1412 11613/286/1412 11614/281/1412
f 11612/285/1412 11614/281/1412 11615/278/1412
f 11616/273/1094 11617/274/1094 11618/275/1094
f 11616/273/1094 11618/275/1094 11619/276/1094
f 11614/281/1413 11620/283/1413 11621/284/1413
f 11614/281/1413 11621/284/1413 11622/282/1413
f 11615/278/1092 11614/281/1092 11622/282/1092
f 11615/278/1092 11622/282/1092 11623/279/1092
f 11623/279/1414 11622/282/1414 11624/287/1414
f 11623/279/1414 11624/287/1414 11625/288/1414
f 11626/277/1415 11615/278/1415 11623/279/1415
f 11626/277/1415 11623/279/1415 11627/280/1415
f 11628/285/1405 11629/286/1405 11630/281/1405
f 11628/285/1405 11630/281/1405 11631/278/1405
f 11632/273/1094 11633/274/1094 11634/275/1094
f 11632/273/1094 11634/275/1094 11635/276/1094
f 11630/281/1416 11636/283/1416 11637/284/1416
f 11630/281/1416 11637/284/1416 11638/282/1416
f 11631/278/1092 11630/281/1092 11638/282/1092
f 11631/278/1092 11638/282/1092 11639/279/1092
f 11639/279/1393 11638/282/1393 11640/287/1393
f 11639/279/1393 11640/287/1393 11641/288/1393
f 11642/277/1232 11631/278/1232 11639/279/1232
f 11642/277/1232 11639/279/1232 11643/280/1232
f 11644/285/1405 11645/286/1405 11646/281/1405
f 11644/285/1405 11646/281/1405 11647/278/1405
f 11648/273/1094 11649/274/1094 11650/275/1094
f 11648/273/1094 11650/275/1094 11651/276/1094
f 11646/281/1365 11652/283/1365 11653/284/1365
f 11646/281/1365 11653/284/1365 11654/282/1365
f 11647/278/1092 11646/281/1092 11654/282/1092
f 11647/278/1092 11654/282/1092 11655/279/1092
f 11655/279/1417 11654/282/1417 11656/287/1417
f 11655/279/1417 11656/287/1417 11657/288/1417
f 11658/277/1364 11647/278/1364 11655/279/1364
f 11658/277/1364 11655/279/1364 11659/280/1364
f 11660/285/1146 11661/286/1146 11662/281/1146
f 11660/285/1146 11662/281/1146 11663/278/1146
f 11664/273/1094 11665/274/1094 11666/275/1094
f 11664/273/1094 11666/275/1094 11667/276/1094
f 11662/281/1407 11668/283/1407 11669/284/1407
f 11662/281/1407 11669/284/1407 11670/282/1407
f 11663/278/1092 11662/281/1092 11670/282/1092
f 11663/278/1092 11670/282/1092 11671/279/1092
f 11671/279/1147 11670/282/1147 11672/287/1147
f 11671/279/1147 11672/287/1147 11673/288/1147
f 11674/277/1418 11663/278/1418 11671/279/1418
f 11674/277/1418 11671/279/1418 11675/280/1418
f 11676/285/1405 11677/286/1405 11678/281/1405
f 11676/285/1405 11678/281/1405 11679/278/1405
f 11680/273/1094 11681/274/1094 11682/275/1094
f 11680/273/1094 11682/275/1094 11683/276/1094
f 11678/281/1419 11684/283/1419 11685/284/1419
f 11678/281/1419 11685/284/1419 11686/282/1419
f 11679/278/1092 11678/281/1092 11686/282/1092
f 11679/278/1092 11686/282/1092 11687/279/1092
f 11687/279/1417 11686/282/1417 11688/287/1417
f 11687/279/1417 11688/287/1417 11689/288/1417
f 11690/277/1420 11679/278/1420 11687/279/1420
f 11690/277/1420 11687/279/1420 11691/280/1420
f 11692/285/1146 11693/286/1146 11694/281/1146
f 11692/285/1146 11694/281/1146 11695/278/1146
f 11696/273/1094 11697/274/1094 11698/275/1094
f 11696/273/1094 11698/275/1094 11699/276/1094
f 11694/281/1421 11700/283/1421 11701/284/1421
f 11694/281/1421 11701/284/1421 11702/282/1421
f 11695/278/1092 11694/281/1092 11702/282/1092
f 11695/278/1092 11702/282/1092 11703/279/1092
f 11703/279/1147 11702/282/1147 11704/287/1147
f 11703/279/1147 11704/287/1147 11705/288/1147
f 11706/277/1422 11695/278/1422 11703/279/1422
f 11706/277/1422 11703/279/1422 11707/280/1422
f 11708/285/1146 11709/286/1146 11710/281/1146
f 11708/285/1146 11710/281/1146 11711/278/1146
f 11712/273/1094 11713/274/1094 11714/275/1094
f 11712/273/1094 11714/275/1094 11715/276/1094
f 11710/281/1151 11716/283/1151 11717/284/1151
f 11710/281/1151 11717/284/1151 11718/282/1151
f 11711/278/1092 11710/281/1092 11718/282/1092
f 11711/278/1092 11718/282/1092 11719/279/1092
f 11719/279/1147 11718/282/1147 11720/287/1147
f 11719/279/1147 11720/287/1147 11721/288/1147
f 11722/277/1150 11711/278/1150 11719/279/1150
f 11722/277/1150 11719/279/1150 11723/280/1150
f 11724/285/1423 11725/286/1423 11726/281/1423
f 11724/285/1423 11726/281/1423 11727/278/1423
f 11728/273/1094 11729/274/1094 11730/275/1094
f 11728/273/1094 11730/275/1094 11731/276/1094
f 11726/281/1424 11732/283/1424 11733/284/1424
f 11726/281/1424 11733/284/1424 11734/282/1424
f 11727/278/1092 11726/281/1092 11734/282/1092
f 11727/278/1092 11734/282/1092 11735/279/1092
f 11735/279/1425 11734/282/1425 11736/287/1425
f 11735/279/1425 11736/287/1425 11737/288/1425
f 11738/277/1426 11727/278/1426 11735/279/1426
f 11738/277/1426 11735/279/1426 11739/280/1426
f 11740/285/1427 11741/286/1427 11742/281/1427
f 11740/285/1427 11742/281/1427 11743/278/1427
f 11744/273/1094 11745/274/1094 11746/275/1094
f 11744/273/1094 11746/275/1094 11747/276/1094
f 11742/281/1250 11748/283/1250 11749/284/1250
f 11742/281/1250 11749/284/1250 11750/282/1250
f 11743/278/1092 11742/281/1092 11750/282/1092
f 11743/278/1092 11750/282/1092 11751/279/1092
f 11752/277/1328 11743/278/1328 11751/279/1328
f 11752/277/1328 11751/279/1328 11753/280/1328
f 11754/273/1092 11755/274/1092 11756/275/1092
f 11754/273/1092 11756/275/1092 11757/276/1092
f 11758/277/1428 11759/278/1428 11760/279/1428
f 11758/277/1428 11760/279/1428 11761/280/1428
f 11759/278/1094 11762/281/1094 11763/282/1094
f 11759/278/1094 11763/282/1094 11760/279/1094
f 11762/281/1429 11764/283/1429 11765/284/1429
f 11762/281/1429 11765/284/1429 11763/282/1429
f 11766/285/1430 11767/286/1430 11762/281/1430
f 11766/285/1430 11762/281/1430 11759/278/1430
f 11760/279/1431 11763/282/1431 11768/287/1431
f 11760/279/1431 11768/287/1431 11769/288/1431
f 11770/273/1092 11771/274/1092 11772/275/1092
f 11770/273/1092 11772/275/1092 11773/276/1092
f 11774/277/1152 11775/278/1152 11776/279/1152
f 11774/277/1152 11776/279/1152 11777/280/1152
f 11775/278/1094 11778/281/1094 11779/282/1094
f 11775/278/1094 11779/282/1094 11776/279/1094
f 11778/281/1120 11780/283/1120 11781/284/1120
f 11778/281/1120 11781/284/1120 11779/282/1120
f 11782/285/1265 11783/286/1265 11778/281/1265
f 11782/285/1265 11778/281/1265 11775/278/1265
f 11776/279/1388 11779/282/1388 11784/287/1388
f 11776/279/1388 11784/287/1388 11785/288/1388
f 11786/273/1092 11787/274/1092 11788/275/1092
f 11786/273/1092 11788/275/1092 11789/276/1092
f 11790/277/1119 11791/278/1119 11792/279/1119
f 11790/277/1119 11792/279/1119 11793/280/1119
f 11791/278/1094 11794/281/1094 11795/282/1094
f 11791/278/1094 11795/282/1094 11792/279/1094
f 11794/281/1160 11796/283/1160 11797/284/1160
f 11794/281/1160 11797/284/1160 11795/282/1160
f 11798/285/1432 11799/286/1432 11794/281/1432
f 11798/285/1432 11794/281/1432 11791/278/1432
f 11792/279/1433 11795/282/1433 11800/287/1433
f 11792/279/1433 11800/287/1433 11801/288/1433
f 11802/273/1092 11803/274/1092 11804/275/1092
f 11802/273/1092 11804/275/1092 11805/276/1092
f 11806/277/1119 11807/278/1119 11808/279/1119
f 11806/277/1119 11808/279/1119 11809/280/1119
f 11807/278/1094 11810/281/1094 11811/282/1094
f 11807/278/1094 11811/282/1094 11808/279/1094
f 11810/281/1365 11812/283/1365 11813/284/1365
f 11810/281/1365 11813/284/1365 11811/282/1365
f 11814/285/1432 11815/286/1432 11810/281/1432
f 11814/285/1432 11810/281/1432 11807/278/1432
f 11808/279/1434 11811/282/1434 11816/287/1434
f 11808/279/1434 11816/287/1434 11817/288/1434
f 11818/273/1092 11819/274/1092 11820/275/1092
f 11818/273/1092 11820/275/1092 11821/276/1092
f 11822/277/1435 11823/278/1435 11824/279/1435
f 11822/277/1435 11824/279/1435 11825/280/1435
f 11823/278/1094 11826/281/1094 11827/282/1094
f 11823/278/1094 11827/282/1094 11824/279/1094
f 11826/281/1436 11828/283/1436 11829/284/1436
f 11826/281/1436 11829/284/1436 11827/282/1436
f 11830/285/1437 11831/286/1437 11826/281/1437
f 11830/285/1437 11826/281/1437 11823/278/1437
f 11824/279/1342 11827/282/1342 11832/287/1342
f 11824/279/1342 11832/287/1342 11833/288/1342
f 11834/273/1092 11835/274/1092 11836/275/1092
f 11834/273/1092 11836/275/1092 11837/276/1092
f 11838/277/1256 11839/278/1256 11840/279/1256
f 11838/277/1256 11840/279/1256 11841/280/1256
f 11839/278/1094 11842/281/1094 11843/282/1094
f 11839/278/1094 11843/282/1094 11840/279/1094
f 11842/281/1438 11844/283/1438 11845/284/1438
f 11842/281/1438 11845/284/1438 11843/282/1438
f 11846/285/1439 11847/286/1439 11842/281/1439
f 11846/285/1439 11842/281/1439 11839/278/1439
f 11840/279/1440 11843/282/1440 11848/287/1440
f 11840/279/1440 11848/287/1440 11849/288/1440
f 11850/273/1092 11851/274/1092 11852/275/1092
f 11850/273/1092 11852/275/1092 11853/276/1092
f 11854/277/1232 11855/278/1232 11856/279/1232
f 11854/277/1232 11856/279/1232 11857/280/1232
f 11855/278/1094 11858/281/1094 11859/282/1094
f 11855/278/1094 11859/282/1094 11856/279/1094
f 11858/281/1396 11860/283/1396 11861/284/1396
f 11858/281/1396 11861/284/1396 11859/282/1396
f 11862/285/1439 11863/286/1439 11858/281/1439
f 11862/285/1439 11858/281/1439 11855/278/1439
f 11856/279/1440 11859/282/1440 11864/287/1440
f 11856/279/1440 11864/287/1440 11865/288/1440
f 11866/285/1265 11867/286/1265 11868/281/1265
f 11866/285/1265 11868/281/1265 11869/278/1265
f 11870/273/1092 11871/274/1092 11872/275/1092
f 11870/273/1092 11872/275/1092 11873/276/1092
f 11868/281/1407 11874/283/1407 11875/284/1407
f 11868/281/1407 11875/284/1407 11876/282/1407
f 11869/278/1094 11868/281/1094 11876/282/1094
f 11869/278/1094 11876/282/1094 11877/279/1094
f 11877/279/1230 11876/282/1230 11878/287/1230
f 11877/279/1230 11878/287/1230 11879/288/1230
f 11880/277/1441 11869/278/1441 11877/279/1441
f 11880/277/1441 11877/279/1441 11881/280/1441
f 11882/285/1265 11883/286/1265 11884/281/1265
f 11882/285/1265 11884/281/1265 11885/278/1265
f 11886/273/1092 11887/274/1092 11888/275/1092
f 11886/273/1092 11888/275/1092 11889/276/1092
f 11884/281/1442 11890/283/1442 11891/284/1442
f 11884/281/1442 11891/284/1442 11892/282/1442
f 11885/278/1094 11884/281/1094 11892/282/1094
f 11885/278/1094 11892/282/1094 11893/279/1094
f 11893/279/1388 11892/282/1388 11894/287/1388
f 11893/279/1388 11894/287/1388 11895/288/1388
f 11896/277/1435 11885/278/1435 11893/279/1435
f 11896/277/1435 11893/279/1435 11897/280/1435
f 11898/285/1443 11899/286/1443 11900/281/1443
f 11898/285/1443 11900/281/1443 11901/278/1443
f 11902/273/1092 11903/274/1092 11904/275/1092
f 11902/273/1092 11904/275/1092 11905/276/1092
f 11900/281/1250 11906/283/1250 11907/284/1250
f 11900/281/1250 11907/284/1250 11908/282/1250
f 11901/278/1094 11900/281/1094 11908/282/1094
f 11901/278/1094 11908/282/1094 11909/279/1094
f 11909/279/1434 11908/282/1434 11910/287/1434
f 11909/279/1434 11910/287/1434 11911/288/1434
f 11912/277/1354 11901/278/1354 11909/279/1354
f 11912/277/1354 11909/279/1354 11913/280/1354
f 11914/285/1265 11915/286/1265 11916/281/1265
f 11914/285/1265 11916/281/1265 11917/278/1265
f 11918/273/1092 11919/274/1092 11920/275/1092
f 11918/273/1092 11920/275/1092 11921/276/1092
f 11916/281/1396 11922/283/1396 11923/284/1396
f 11916/281/1396 11923/284/1396 11924/282/1396
f 11917/278/1094 11916/281/1094 11924/282/1094
f 11917/278/1094 11924/282/1094 11925/279/1094
f 11925/279/1388 11924/282/1388 11926/287/1388
f 11925/279/1388 11926/287/1388 11927/288/1388
f 11928/277/1143 11917/278/1143 11925/279/1143
f 11928/277/1143 11925/279/1143 11929/280/1143
f 11930/285/1444 11931/286/1444 11932/281/1444
f 11930/285/1444 11932/281/1444 11933/278/1444
f 11934/273/1092 11935/274/1092 11936/275/1092
f 11934/273/1092 11936/275/1092 11937/276/1092
f 11932/281/1445 11938/283/1445 11939/284/1445
f 11932/281/1445 11939/284/1445 11940/282/1445
f 11933/278/1094 11932/281/1094 11940/282/1094
f 11933/278/1094 11940/282/1094 11941/279/1094
f 11941/279/1405 11940/282/1405 11942/287/1405
f 11941/279/1405 11942/287/1405 11943/288/1405
f 11944/277/1098 11933/278/1098 11941/279/1098
f 11944/277/1098 11941/279/1098 11945/280/1098
f 11946/285/1444 11947/286/1444 11948/281/1444
f 11946/285/1444 11948/281/1444 11949/278/1444
f 11950/273/1092 11951/274/1092 11952/275/1092
f 11950/273/1092 11952/275/1092 11953/276/1092
f 11948/281/1264 11954/283/1264 11955/284/1264
f 11948/281/1264 11955/284/1264 11956/282/1264
f 11949/278/1094 11948/281/1094 11956/282/1094
f 11949/278/1094 11956/282/1094 11957/279/1094
f 11957/279/1342 11956/282/1342 11958/287/1342
f 11957/279/1342 11958/287/1342 11959/288/1342
f 11960/277/1343 11949/278/1343 11957/279/1343
f 11960/277/1343 11957/279/1343 11961/280/1343
f 11962/285/1369 11963/286/1369 11964/281/1369
f 11962/285/1369 11964/281/1369 11965/278/1369
f 11966/273/1092 11967/274/1092 11968/275/1092
f 11966/273/1092 11968/275/1092 11969/276/1092
f 11964/281/1446 11970/283/1446 11971/284/1446
f 11964/281/1446 11971/284/1446 11972/282/1446
f 11965/278/1094 11964/281/1094 11972/282/1094
f 11965/278/1094 11972/282/1094 11973/279/1094
f 11973/279/1388 11972/282/1388 11974/287/1388
f 11973/279/1388 11974/287/1388 11975/288/1388
f 11976/277/1232 11965/278/1232 11973/279/1232
f 11976/277/1232 11973/279/1232 11977/280/1232
f 11978/285/1417 11979/286/1417 11980/281/1417
f 11978/285/1417 11980/281/1417 11981/278/1417
f 11982/273/1092 11983/274/1092 11984/275/1092
f 11982/273/1092 11984/275/1092 11985/276/1092
f 11980/281/1447 11986/283/1447 11987/284/1447
f 11980/281/1447 11987/284/1447 11988/282/1447
f 11981/278/1094 11980/281/1094 11988/282/1094
f 11981/278/1094 11988/282/1094 11989/279/1094
f 11989/279/1448 11988/282/1448 11990/287/1448
f 11989/279/1448 11990/287/1448 11991/288/1448
f 11992/277/1449 11981/278/1449 11989/279/1449
f 11992/277/1449 11989/279/1449 11993/280/1449
f 11994/285/1450 11995/286/1450 11996/281/1450
f 11994/285/1450 11996/281/1450 11997/278/1450
f 11998/273/1092 11999/274/1092 12000/275/1092
f 11998/273/1092 12000/275/1092 12001/276/1092
f 11996/281/1451 12002/283/1451 12003/284/1451
f 11996/281/1451 12003/284/1451 12004/282/1451
f 11997/278/1094 11996/281/1094 12004/282/1094
f 11997/278/1094 12004/282/1094 12005/279/1094
f 12005/279/1452 12004/282/1452 12006/287/1452
f 12005/279/1452 12006/287/1452 12007/288/1452
f 12008/277/1453 11997/278/1453 12005/279/1453
f 12008/277/1453 12005/279/1453 12009/280/1453
# Vertices: 2310, normals: 362, texture coordinates: 18, faces: 1734

o obj9
v -0.19801422 2.33200745 -0.47160541
v -0.19801422 2.32282102 -0.50556935
v -0.19801422 2.53907728 -0.56406151
v -0.19801422 2.5482637 -0.53009757
vn 1 -0 0
vt 1.12014 0.41107
vt 1.12014 0.63469
vt -0.11813 0.63469
vt -0.11813 0.41107
usemtl mat6
f 12010/291/1454 12011/292/1454 12012/293/1454
f 12010/291/1454 12012/293/1454 12013/294/1454
# Vertices: 4, normals: 1, texture coordinates: 4, faces: 2

o obj10
v -0.19801231 1.15471896 -1.38746829
v -0.19801231 1.16314145 -1.35330681
v -0.19801231 1.377264 -1.40609887
v -0.19801231 1.36884149 -1.44026036
v -0.19801231 1.16314145 -1.35330681
v 0.07435735 1.16314145 -1.35330681
v 0.07435735 1.377264 -1.40609887
v -0.19801231 1.377264 -1.40609887
v 0.07435735 1.15471896 -1.38746829
v 0.07435735 1.36884149 -1.44026036
v -0.19801231 1.15471896 -1.38746829
v -0.19801231 1.36884149 -1.44026036
v -0.19801231 1.16314145 -1.35330681
v -0.19801231 1.15471896 -1.38746829
v -0.19801231 1.36884149 -1.44026036
v -0.19801231 1.377264 -1.40609887
v -0.19801229 2.31782645 -0.66561445
v -0.19801229 2.31782646 -0.70079889
v -0.19801229 2.53831714 -0.7007989
v -0.19801229 2.53831713 -0.66561447
v -0.19801229 2.31782646 -0.70079889
v 0.07435733 2.31782646 -0.70079889
v 0.07435733 2.53831714 -0.7007989
v -0.19801229 2.53831714 -0.7007989
v 0.07435733 2.31782645 -0.66561445
v 0.07435733 2.53831713 -0.66561447
v -0.19801229 2.31782645 -0.66561445
v -0.19801229 2.53831713 -0.66561447
v -0.19801229 2.31782646 -0.70079889
v -0.19801229 2.31782645 -0.66561445
v -0.19801229 2.53831713 -0.66561447
v -0.19801229 2.53831714 -0.7007989
v -0.19801229 2.32678601 -0.56123458
v -0.19801229 2.32126746 -0.59598354
v -0.19801229 2.49208035 -0.6231104
v -0.19801229 2.4975989 -0.58836145
v -0.19801229 2.32126746 -0.59598354
v 0.07435733 2.32126746 -0.59598354
v 0.07435733 2.49208035 -0.6231104
v -0.19801229 2.49208035 -0.6231104
v 0.07435733 2.32678601 -0.56123458
v 0.07435733 2.4975989 -0.58836145
v -0.19801229 2.32678601 -0.56123458
v -0.19801229 2.4975989 -0.58836145
v -0.19801229 2.32126746 -0.59598354
v -0.19801229 2.32678601 -0.56123458
v -0.19801229 2.4975989 -0.58836145
v -0.19801229 2.49208035 -0.6231104
v -0.19801229 2.31782669 -0.21708359
v -0.19801229 2.31782662 -0.25226819
v -0.19801229 2.5169131 -0.2522682
v -0.19801229 2.51691317 -0.21708359
v -0.19801229 2.31782662 -0.25226819
v 0.07435733 2.31782662 -0.25226819
v 0.07435733 2.5169131 -0.2522682
v -0.19801229 2.5169131 -0.2522682
v 0.07435733 2.31782669 -0.21708359
v 0.07435733 2.51691317 -0.21708359
v -0.19801229 2.31782669 -0.21708359
v -0.19801229 2.51691317 -0.21708359
v -0.19801229 2.31782662 -0.25226819
v -0.19801229 2.31782669 -0.21708359
v -0.19801229 2.51691317 -0.21708359
v -0.19801229 2.5169131 -0.2522682
v -0.19801229 2.31782659 -0.0355625
v -0.19801229 2.31782652 -0.0707471
v -0.19801229 2.52574178 -0.0707471
v -0.19801229 2.52574185 -0.03556251
v -0.19801229 2.31782652 -0.0707471
v 0.07435733 2.31782652 -0.0707471
v 0.07435733 2.52574178 -0.0707471
v -0.19801229 2.52574178 -0.0707471
v 0.07435733 2.31782659 -0.0355625
v 0.07435733 2.52574185 -0.03556251
v -0.19801229 2.31782659 -0.0355625
v -0.19801229 2.52574185 -0.03556251
v -0.19801229 2.31782652 -0.0707471
v -0.19801229 2.31782659 -0.0355625
v -0.19801229 2.52574185 -0.03556251
v -0.19801229 2.52574178 -0.0707471
v -0.19801229 2.02856318 0.85644298
v -0.19801229 2.02856316 0.89162749
v -0.19801229 2.25792267 0.89162748
v -0.19801229 2.25792269 0.85644298
v -0.19801229 2.02856316 0.89162749
v 0.07435733 2.02856316 0.89162749
v 0.07435733 2.25792267 0.89162748
v -0.19801229 2.25792267 0.89162748
v 0.07435733 2.02856318 0.85644298
v 0.07435733 2.25792269 0.85644298
v -0.19801229 2.02856318 0.85644298
v -0.19801229 2.25792269 0.85644298
v -0.19801229 2.02856316 0.89162749
v -0.19801229 2.02856318 0.85644298
v -0.19801229 2.25792269 0.85644298
v -0.19801229 2.25792267 0.89162748
v -0.19801229 2.02856336 -0.13755956
v -0.19801229 2.02856335 -0.10237511
v -0.19801229 2.2402544 -0.10237511
v -0.19801229 2.24025441 -0.13755955
v -0.19801229 2.02856335 -0.10237511
v 0.07435733 2.02856335 -0.10237511
v 0.07435733 2.2402544 -0.10237511
v -0.19801229 2.2402544 -0.10237511
v 0.07435733 2.02856336 -0.13755956
v 0.07435733 2.24025441 -0.13755955
v -0.19801229 2.02856336 -0.13755956
v -0.19801229 2.24025441 -0.13755955
v -0.19801229 2.02856335 -0.10237511
v -0.19801229 2.02856336 -0.13755956
v -0.19801229 2.24025441 -0.13755955
v -0.19801229 2.2402544 -0.10237511
v -0.19801229 2.02856316 -1.3123573
v -0.19801229 2.02856313 -1.27717272
v -0.19801229 2.24562439 -1.27717275
v -0.19801229 2.24562442 -1.31235733
v -0.19801229 2.02856313 -1.27717272
v 0.07435733 2.02856313 -1.27717272
v 0.07435733 2.24562439 -1.27717275
v -0.19801229 2.24562439 -1.27717275
v 0.07435733 2.02856316 -1.3123573
v 0.07435733 2.24562442 -1.31235733
v -0.19801229 2.02856316 -1.3123573
v -0.19801229 2.24562442 -1.31235733
v -0.19801229 2.02856313 -1.27717272
v -0.19801229 2.02856316 -1.3123573
v -0.19801229 2.24562442 -1.31235733
v -0.19801229 2.24562439 -1.27717275
v -0.19801229 2.02856315 -1.3498731
v -0.19801229 2.02856317 -1.31468851
v -0.19801229 2.21113052 -1.31468852
v -0.19801229 2.2111305 -1.34987311
v -0.19801229 2.02856317 -1.31468851
v 0.07435733 2.02856317 -1.31468851
v 0.07435733 2.21113052 -1.31468852
v -0.19801229 2.21113052 -1.31468852
v 0.07435733 2.02856315 -1.3498731
v 0.07435733 2.2111305 -1.34987311
v -0.19801229 2.02856315 -1.3498731
v -0.19801229 2.2111305 -1.34987311
v -0.19801229 2.02856317 -1.31468851
v -0.19801229 2.02856315 -1.3498731
v -0.19801229 2.2111305 -1.34987311
v -0.19801229 2.21113052 -1.31468852
v -0.19801229 1.7432395 -1.26727267
v -0.19801229 1.73960589 -1.30226901
v -0.19801229 1.98573743 -1.32782449
v -0.19801229 1.98937104 -1.29282815
v -0.19801229 1.73960589 -1.30226901
v 0.07435733 1.73960589 -1.30226901
v 0.07435733 1.98573743 -1.32782449
v -0.19801229 1.98573743 -1.32782449
v 0.07435733 1.7432395 -1.26727267
v 0.07435733 1.98937104 -1.29282815
v -0.19801229 1.7432395 -1.26727267
v -0.19801229 1.98937104 -1.29282815
v -0.19801229 1.73960589 -1.30226901
v -0.19801229 1.7432395 -1.26727267
v -0.19801229 1.98937104 -1.29282815
v -0.19801229 1.98573743 -1.32782449
v -0.19801229 1.74300007 -1.23559515
v -0.19801229 1.73936645 -1.27059149
v -0.19801229 1.89637156 -1.28689315
v -0.19801229 1.90000517 -1.25189682
v -0.19801229 1.73936645 -1.27059149
v 0.07435733 1.73936645 -1.27059149
v 0.07435733 1.89637156 -1.28689315
v -0.19801229 1.89637156 -1.28689315
v 0.07435733 1.74300007 -1.23559515
v 0.07435733 1.90000517 -1.25189682
v -0.19801229 1.74300007 -1.23559515
v -0.19801229 1.90000517 -1.25189682
v -0.19801229 1.73936645 -1.27059149
v -0.19801229 1.74300007 -1.23559515
v -0.19801229 1.90000517 -1.25189682
v -0.19801229 1.89637156 -1.28689315
v -0.19801229 1.73395125 -0.21708356
v -0.19801229 1.73395123 -0.25226816
v -0.19801229 1.93303776 -0.25226815
v -0.19801229 1.93303778 -0.21708356
v -0.19801229 1.73395123 -0.25226816
v 0.07435733 1.73395123 -0.25226816
v 0.07435733 1.93303776 -0.25226815
v -0.19801229 1.93303776 -0.25226815
v 0.07435733 1.73395125 -0.21708356
v 0.07435733 1.93303778 -0.21708356
v -0.19801229 1.73395125 -0.21708356
v -0.19801229 1.93303778 -0.21708356
v -0.19801229 1.73395123 -0.25226816
v -0.19801229 1.73395125 -0.21708356
v -0.19801229 1.93303778 -0.21708356
v -0.19801229 1.93303776 -0.25226815
v -0.19801229 1.73809447 0.17085225
v -0.19801229 1.74196547 0.13588124
v -0.19801229 1.98982547 0.16331724
v -0.19801229 1.98595447 0.19828825
v -0.19801229 1.74196547 0.13588124
v 0.07435733 1.74196547 0.13588124
v 0.07435733 1.98982547 0.16331724
v -0.19801229 1.98982547 0.16331724
v 0.07435733 1.73809447 0.17085225
v 0.07435733 1.98595447 0.19828825
v -0.19801229 1.73809447 0.17085225
v -0.19801229 1.98595447 0.19828825
v -0.19801229 1.74196547 0.13588124
v -0.19801229 1.73809447 0.17085225
v -0.19801229 1.98595447 0.19828825
v -0.19801229 1.98982547 0.16331724
v -0.19801229 1.73797997 0.2818428
v -0.19801229 1.74185096 0.24687182
v -0.19801229 1.95217107 0.27015246
v -0.19801229 1.94830008 0.30512344
v -0.19801229 1.74185096 0.24687182
v 0.07435733 1.74185096 0.24687182
v 0.07435733 1.95217107 0.27015246
v -0.19801229 1.95217107 0.27015246
v 0.07435733 1.73797997 0.2818428
v 0.07435733 1.94830008 0.30512344
v -0.19801229 1.73797997 0.2818428
v -0.19801229 1.94830008 0.30512344
v -0.19801229 1.74185096 0.24687182
v -0.19801229 1.73797997 0.2818428
v -0.19801229 1.94830008 0.30512344
v -0.19801229 1.95217107 0.27015246
v -0.19801229 1.44451391 -1.0512734
v -0.19801229 1.4445139 -1.08645784
v -0.19801229 1.63419041 -1.08645788
v -0.19801229 1.63419042 -1.05127344
v -0.19801229 1.4445139 -1.08645784
v 0.07435733 1.4445139 -1.08645784
v 0.07435733 1.63419041 -1.08645788
v -0.19801229 1.63419041 -1.08645788
v 0.07435733 1.44451391 -1.0512734
v 0.07435733 1.63419042 -1.05127344
v -0.19801229 1.44451391 -1.0512734
v -0.19801229 1.63419042 -1.05127344
v -0.19801229 1.4445139 -1.08645784
v -0.19801229 1.44451391 -1.0512734
v -0.19801229 1.63419042 -1.05127344
v -0.19801229 1.63419041 -1.08645788
v -0.19801229 1.44451352 -0.79714383
v -0.19801229 1.44451352 -0.83232826
v -0.19801229 1.66494571 -0.83232829
v -0.19801229 1.6649457 -0.79714382
v -0.19801229 1.44451352 -0.83232826
v 0.07435733 1.44451352 -0.83232826
v 0.07435733 1.66494571 -0.83232829
v -0.19801229 1.66494571 -0.83232829
v 0.07435733 1.44451352 -0.79714383
v 0.07435733 1.6649457 -0.79714382
v -0.19801229 1.44451352 -0.79714383
v -0.19801229 1.6649457 -0.79714382
v -0.19801229 1.44451352 -0.83232826
v -0.19801229 1.44451352 -0.79714383
v -0.19801229 1.6649457 -0.79714382
v -0.19801229 1.66494571 -0.83232829
v -0.19801229 0.85011606 -0.73822301
v -0.19801229 0.85011607 -0.77340748
v -0.19801229 1.03911498 -0.77340748
v -0.19801229 1.03911499 -0.73822301
v -0.19801229 0.85011607 -0.77340748
v 0.07435733 0.85011607 -0.77340748
v 0.07435733 1.03911498 -0.77340748
v -0.19801229 1.03911498 -0.77340748
v 0.07435733 0.85011606 -0.73822301
v 0.07435733 1.03911499 -0.73822301
v -0.19801229 0.85011606 -0.73822301
v -0.19801229 1.03911499 -0.73822301
v -0.19801229 0.85011607 -0.77340748
v -0.19801229 0.85011606 -0.73822301
v -0.19801229 1.03911499 -0.73822301
v -0.19801229 1.03911498 -0.77340748
v -0.19801229 0.85011628 -0.66561456
v -0.19801229 0.85011629 -0.70079899
v -0.19801229 1.07060707 -0.70079899
v -0.19801229 1.07060706 -0.66561456
v -0.19801229 0.85011629 -0.70079899
v 0.07435733 0.85011629 -0.70079899
v 0.07435733 1.07060707 -0.70079899
v -0.19801229 1.07060707 -0.70079899
v 0.07435733 0.85011628 -0.66561456
v 0.07435733 1.07060706 -0.66561456
v -0.19801229 0.85011628 -0.66561456
v -0.19801229 1.07060706 -0.66561456
v -0.19801229 0.85011629 -0.70079899
v -0.19801229 0.85011628 -0.66561456
v -0.19801229 1.07060706 -0.66561456
v -0.19801229 1.07060707 -0.70079899
v -0.19801229 0.8511316 -0.3984505
v -0.19801229 0.8493792 -0.43359132
v -0.19801229 1.07315867 -0.44475084
v -0.19801229 1.07491108 -0.40961001
v -0.19801229 0.8493792 -0.43359132
v 0.07435733 0.8493792 -0.43359132
v 0.07435733 1.07315867 -0.44475084
v -0.19801229 1.07315867 -0.44475084
v 0.07435733 0.8511316 -0.3984505
v 0.07435733 1.07491108 -0.40961001
v -0.19801229 0.8511316 -0.3984505
v -0.19801229 1.07491108 -0.40961001
v -0.19801229 0.8493792 -0.43359132
v -0.19801229 0.8511316 -0.3984505
v -0.19801229 1.07491108 -0.40961001
v -0.19801229 1.07315867 -0.44475084
v -0.19801231 1.15089005 -1.20401401
v -0.19801231 1.15475395 -1.16904225
v -0.19801231 1.39721909 -1.19583125
v -0.19801231 1.39335521 -1.23080301
v -0.19801231 1.15475395 -1.16904225
v 0.07435735 1.15475395 -1.16904225
v 0.07435735 1.39721909 -1.19583125
v -0.19801231 1.39721909 -1.19583125
v 0.07435735 1.15089005 -1.20401401
v 0.07435735 1.39335521 -1.23080301
v -0.19801231 1.15089005 -1.20401401
v -0.19801231 1.39335521 -1.23080301
v -0.19801231 1.15475395 -1.16904225
v -0.19801231 1.15089005 -1.20401401
v -0.19801231 1.39335521 -1.23080301
v -0.19801231 1.39721909 -1.19583125
v -0.19801231 1.15064995 -1.09906808
v -0.19801231 1.15451385 -1.06409632
v -0.19801231 1.32530728 -1.08296659
v -0.19801231 1.32144338 -1.11793835
v -0.19801231 1.15451385 -1.06409632
v 0.07435735 1.15451385 -1.06409632
v 0.07435735 1.32530728 -1.08296659
v -0.19801231 1.32530728 -1.08296659
v 0.07435735 1.15064995 -1.09906808
v 0.07435735 1.32144338 -1.11793835
v -0.19801231 1.15064995 -1.09906808
v -0.19801231 1.32144338 -1.11793835
v -0.19801231 1.15451385 -1.06409632
v -0.19801231 1.15064995 -1.09906808
v -0.19801231 1.32144338 -1.11793835
v -0.19801231 1.32530728 -1.08296659
v -0.19801231 1.14661065 -0.45273747
v -0.19801231 1.14660352 -0.41755288
v -0.19801231 1.37794583 -0.41750594
v -0.19801231 1.37795297 -0.45269053
v -0.19801231 1.14660352 -0.41755288
v 0.07435735 1.14660352 -0.41755288
v 0.07435735 1.37794583 -0.41750594
v -0.19801231 1.37794583 -0.41750594
v 0.07435735 1.14661065 -0.45273747
v 0.07435735 1.37795297 -0.45269053
v -0.19801231 1.14661065 -0.45273747
v -0.19801231 1.37795297 -0.45269053
v -0.19801231 1.14660352 -0.41755288
v -0.19801231 1.14661065 -0.45273747
v -0.19801231 1.37795297 -0.45269053
v -0.19801231 1.37794583 -0.41750594
v -0.19801231 1.14659631 -0.38012895
v -0.19801231 1.14658917 -0.34494436
v -0.19801231 1.37073403 -0.34489889
v -0.19801231 1.37074116 -0.38008347
v -0.19801231 1.14658917 -0.34494436
v 0.07435735 1.14658917 -0.34494436
v 0.07435735 1.37073403 -0.34489889
v -0.19801231 1.37073403 -0.34489889
v 0.07435735 1.14659631 -0.38012895
v 0.07435735 1.37074116 -0.38008347
v -0.19801231 1.14659631 -0.38012895
v -0.19801231 1.37074116 -0.38008347
v -0.19801231 1.14658917 -0.34494436
v -0.19801231 1.14659631 -0.38012895
v -0.19801231 1.37074116 -0.38008347
v -0.19801231 1.37073403 -0.34489889
v -0.19801231 1.153178 0.11763644
v -0.19801231 1.14983316 0.15266155
v -0.19801231 1.35539568 0.17229249
v -0.19801231 1.35874052 0.13726738
v -0.19801231 1.14983316 0.15266155
v 0.07435735 1.14983316 0.15266155
v 0.07435735 1.35539568 0.17229249
v -0.19801231 1.35539568 0.17229249
v 0.07435735 1.153178 0.11763644
v 0.07435735 1.35874052 0.13726738
v -0.19801231 1.153178 0.11763644
v -0.19801231 1.35874052 0.13726738
v -0.19801231 1.14983316 0.15266155
v -0.19801231 1.153178 0.11763644
v -0.19801231 1.35874052 0.13726738
v -0.19801231 1.35539568 0.17229249
v -0.19801231 1.15559921 0.41830418
v -0.19801231 1.15195848 0.45329981
v -0.19801231 1.35238867 0.47415133
v -0.19801231 1.3560294 0.43915571
v -0.19801231 1.15195848 0.45329981
v 0.07435735 1.15195848 0.45329981
v 0.07435735 1.35238867 0.47415133
v -0.19801231 1.35238867 0.47415133
v 0.07435735 1.15559921 0.41830418
v 0.07435735 1.3560294 0.43915571
v -0.19801231 1.15559921 0.41830418
v -0.19801231 1.3560294 0.43915571
v -0.19801231 1.15195848 0.45329981
v -0.19801231 1.15559921 0.41830418
v -0.19801231 1.3560294 0.43915571
v -0.19801231 1.35238867 0.47415133
v -0.19801231 1.15559855 0.74377951
v -0.19801231 1.15195783 0.77877506
v -0.19801231 1.37672197 0.80215816
v -0.19801231 1.38036269 0.76716261
v -0.19801231 1.15195783 0.77877506
v 0.07435735 1.15195783 0.77877506
v 0.07435735 1.37672197 0.80215816
v -0.19801231 1.37672197 0.80215816
v 0.07435735 1.15559855 0.74377951
v 0.07435735 1.38036269 0.76716261
v -0.19801231 1.15559855 0.74377951
v -0.19801231 1.38036269 0.76716261
v -0.19801231 1.15195783 0.77877506
v -0.19801231 1.15559855 0.74377951
v -0.19801231 1.38036269 0.76716261
v -0.19801231 1.37672197 0.80215816
v -0.19801229 -0.01948363 0.06356425
v -0.19801229 -0.01948354 0.0987487
v -0.19801229 0.20100724 0.0987487
v -0.19801229 0.20100715 0.06356425
v -0.19801229 -0.01948354 0.0987487
v 0.07435733 -0.01948354 0.0987487
v 0.07435733 0.20100724 0.0987487
v -0.19801229 0.20100724 0.0987487
v 0.07435733 -0.01948363 0.06356425
v 0.07435733 0.20100715 0.06356425
v -0.19801229 -0.01948363 0.06356425
v -0.19801229 0.20100715 0.06356425
v -0.19801229 -0.01948354 0.0987487
v -0.19801229 -0.01948363 0.06356425
v -0.19801229 0.20100715 0.06356425
v -0.19801229 0.20100724 0.0987487
v -0.19801229 -0.01604261 -0.01368879
v -0.19801229 -0.01052406 0.02106016
v -0.19801229 0.16028883 -0.00606671
v -0.19801229 0.15477028 -0.04081566
v -0.19801229 -0.01052406 0.02106016
v 0.07435733 -0.01052406 0.02106016
v 0.07435733 0.16028883 -0.00606671
v -0.19801229 0.16028883 -0.00606671
v 0.07435733 -0.01604261 -0.01368879
v 0.07435733 0.15477028 -0.04081566
v -0.19801229 -0.01604261 -0.01368879
v -0.19801229 0.15477028 -0.04081566
v -0.19801229 -0.01052406 0.02106016
v -0.19801229 -0.01604261 -0.01368879
v -0.19801229 0.15477028 -0.04081566
v -0.19801229 0.16028883 -0.00606671
v -0.19801229 0.27616779 0.2427574
v -0.19801229 0.27616778 0.27794184
v -0.19801229 0.47927774 0.27794177
v -0.19801229 0.47927775 0.24275733
v -0.19801229 0.27616778 0.27794184
v 0.07435733 0.27616778 0.27794184
v 0.07435733 0.47927774 0.27794177
v -0.19801229 0.47927774 0.27794177
v 0.07435733 0.27616779 0.2427574
v 0.07435733 0.47927775 0.24275733
v -0.19801229 0.27616779 0.2427574
v -0.19801229 0.47927775 0.24275733
v -0.19801229 0.27616778 0.27794184
v -0.19801229 0.27616779 0.2427574
v -0.19801229 0.47927775 0.24275733
v -0.19801229 0.47927774 0.27794177
v -0.19801229 0.27616771 0.68463686
v -0.19801229 0.2761677 0.7198213
v -0.19801229 0.43401679 0.71982124
v -0.19801229 0.4340168 0.68463681
v -0.19801229 0.2761677 0.7198213
v 0.07435733 0.2761677 0.7198213
v 0.07435733 0.43401679 0.71982124
v -0.19801229 0.43401679 0.71982124
v 0.07435733 0.27616771 0.68463686
v 0.07435733 0.4340168 0.68463681
v -0.19801229 0.27616771 0.68463686
v -0.19801229 0.4340168 0.68463681
v -0.19801229 0.2761677 0.7198213
v -0.19801229 0.27616771 0.68463686
v -0.19801229 0.4340168 0.68463681
v -0.19801229 0.43401679 0.71982124
v -0.19801229 0.2761679 -1.0485123
v -0.19801229 0.27616796 -1.01332767
v -0.19801229 0.48952726 -1.01332766
v -0.19801229 0.48952719 -1.04851226
v -0.19801229 0.27616796 -1.01332767
v 0.07435733 0.27616796 -1.01332767
v 0.07435733 0.48952726 -1.01332766
v -0.19801229 0.48952726 -1.01332766
v 0.07435733 0.2761679 -1.0485123
v 0.07435733 0.48952719 -1.04851226
v -0.19801229 0.2761679 -1.0485123
v -0.19801229 0.48952719 -1.04851226
v -0.19801229 0.27616796 -1.01332767
v -0.19801229 0.2761679 -1.0485123
v -0.19801229 0.48952719 -1.04851226
v -0.19801229 0.48952726 -1.01332766
v -0.19801229 2.61604188 -1.03488531
v -0.19801229 2.61604179 -1.07006983
v -0.19801229 2.8038238 -1.07006985
v -0.19801229 2.80382378 -1.03488535
v -0.19801229 2.61604179 -1.07006983
v 0.07435733 2.61604179 -1.07006983
v 0.07435733 2.8038238 -1.07006985
v -0.19801229 2.8038238 -1.07006985
v 0.07435733 2.61604188 -1.03488531
v 0.07435733 2.80382378 -1.03488535
v -0.19801229 2.61604188 -1.03488531
v -0.19801229 2.80382378 -1.03488535
v -0.19801229 2.61604179 -1.07006983
v -0.19801229 2.61604188 -1.03488531
v -0.19801229 2.80382378 -1.03488535
v -0.19801229 2.8038238 -1.07006985
v -0.19801229 0.56566135 -1.22696422
v -0.19801229 0.56566137 -1.19177964
v -0.19801229 0.8096019 -1.19177967
v -0.19801229 0.80960193 -1.22696425
v -0.19801229 0.56566137 -1.19177964
v 0.07435733 0.56566137 -1.19177964
v 0.07435733 0.8096019 -1.19177967
v -0.19801229 0.8096019 -1.19177967
v 0.07435733 0.56566135 -1.22696422
v 0.07435733 0.80960193 -1.22696425
v -0.19801229 0.56566135 -1.22696422
v -0.19801229 0.80960193 -1.22696425
v -0.19801229 0.56566137 -1.19177964
v -0.19801229 0.56566135 -1.22696422
v -0.19801229 0.80960193 -1.22696425
v -0.19801229 0.8096019 -1.19177967
v -0.19801229 0.56566124 -0.86392164
v -0.19801229 0.56566121 -0.82873707
v -0.19801229 0.77726596 -0.82873707
v -0.19801229 0.77726594 -0.86392165
v -0.19801229 0.56566121 -0.82873707
v 0.07435733 0.56566121 -0.82873707
v 0.07435733 0.77726596 -0.82873707
v -0.19801229 0.77726596 -0.82873707
v 0.07435733 0.56566124 -0.86392164
v 0.07435733 0.77726594 -0.86392165
v -0.19801229 0.56566124 -0.86392164
v -0.19801229 0.77726594 -0.86392165
v -0.19801229 0.56566121 -0.82873707
v -0.19801229 0.56566124 -0.86392164
v -0.19801229 0.77726594 -0.86392165
v -0.19801229 0.77726596 -0.82873707
v -0.19801229 0.56566138 0.23805305
v -0.19801229 0.56566136 0.27323756
v -0.19801229 0.76707018 0.2732375
v -0.19801229 0.76707019 0.23805307
v -0.19801229 0.56566136 0.27323756
v 0.07435733 0.56566136 0.27323756
v 0.07435733 0.76707018 0.2732375
v -0.19801229 0.76707018 0.2732375
v 0.07435733 0.56566138 0.23805305
v 0.07435733 0.76707019 0.23805307
v -0.19801229 0.56566138 0.23805305
v -0.19801229 0.76707019 0.23805307
v -0.19801229 0.56566136 0.27323756
v -0.19801229 0.56566138 0.23805305
v -0.19801229 0.76707019 0.23805307
v -0.19801229 0.76707018 0.2732375
v -0.19801229 0.5656613 0.09283617
v -0.19801229 0.56566129 0.1280206
v -0.19801229 0.77215908 0.12802062
v -0.19801229 0.77215906 0.09283618
v -0.19801229 0.56566129 0.1280206
v 0.07435733 0.56566129 0.1280206
v 0.07435733 0.77215908 0.12802062
v -0.19801229 0.77215908 0.12802062
v 0.07435733 0.5656613 0.09283617
v 0.07435733 0.77215906 0.09283618
v -0.19801229 0.5656613 0.09283617
v -0.19801229 0.77215906 0.09283618
v -0.19801229 0.56566129 0.1280206
v -0.19801229 0.5656613 0.09283617
v -0.19801229 0.77215906 0.09283618
v -0.19801229 0.77215908 0.12802062
v -0.19801229 0.56566124 -1.11805161
v -0.19801229 0.56566121 -1.08286704
v -0.19801229 0.73749396 -1.08286703
v -0.19801229 0.73749394 -1.11805161
v -0.19801229 0.56566121 -1.08286704
v 0.07435733 0.56566121 -1.08286704
v 0.07435733 0.73749396 -1.08286703
v -0.19801229 0.73749396 -1.08286703
v 0.07435733 0.56566124 -1.11805161
v 0.07435733 0.73749394 -1.11805161
v -0.19801229 0.56566124 -1.11805161
v -0.19801229 0.73749394 -1.11805161
v -0.19801229 0.56566121 -1.08286704
v -0.19801229 0.56566124 -1.11805161
v -0.19801229 0.73749394 -1.11805161
v -0.19801229 0.73749396 -1.08286703
v -0.19801229 0.56566131 0.61397752
v -0.19801229 0.56566132 0.57879309
v 0.07435733 0.56566132 0.57879309
v 0.07435733 0.56566131 0.61397752
v -0.19801229 0.56566132 0.57879309
v -0.19801229 0.56566131 0.61397752
v -0.19801229 0.78605667 0.61397751
v -0.19801229 0.78605665 0.57879307
v -0.19801229 0.56566132 0.57879309
v -0.19801229 0.78605665 0.57879307
v 0.07435733 0.78605665 0.57879307
v 0.07435733 0.78605667 0.61397751
v -0.19801229 0.78605665 0.57879307
v -0.19801229 0.78605667 0.61397751
v -0.19801229 0.56566131 0.61397752
v -0.19801229 0.78605667 0.61397751
vn -1 -0 0
vn 0 0.03809 -0.99927
vn 1 -0 0
vn 0 -0.03809 0.99927
vn 0 -0.20319 -0.97914
vn 0 0.20319 0.97914
vn 0 0.01464 -0.99989
vn 0 -0.01464 0.99989
vn 0 0.4753 0.87983
vn 0 -0.4753 -0.87983
vn 0 0.02953 -0.99956
vn 0 -0.02953 0.99956
vn 0 0.25867 0.96597
vn 0 -0.25867 -0.96597
vn 0 0.01464 -0.99989
vn 0 -0.01464 0.99989
vn 0 0.47529 0.87983
vn 0 -0.47529 -0.87983
vn 0 0.01464 -0.99989
vn 0 -0.01464 0.99989
vn 0 0.47529 0.87983
vn 0 -0.47529 -0.87983
vn 0 0.01464 -0.99989
vn 0 -0.01464 0.99989
vn 0 -0.4753 -0.87983
vn 0 0.4753 0.87983
vn 0 0.01464 -0.99989
vn 0 -0.01464 0.99989
vn 0 -0.4753 -0.87983
vn 0 0.4753 0.87983
vn 0 0.01464 -0.99989
vn 0 -0.01464 0.99989
vn 0 -0.4753 -0.87982
vn 0 0.4753 0.87982
vn 0 -0.01464 0.99989
vn 0 -0.47529 -0.87983
vn 0 0.47529 0.87983
vn 0 0.02429 -0.99971
vn 0 -0.02429 0.99971
vn 0 0.30963 0.95086
vn 0 -0.30963 -0.95086
vn 0 0.02429 -0.99971
vn 0 -0.02429 0.99971
vn 0 0.01464 -0.99989
vn 0 0.4753 0.87983
vn 0 -0.47529 -0.87983
vn 0 0.00471 -0.99999
vn 0 -0.00471 0.99999
vn 0 0.85912 0.51177
vn 0 -0.85912 -0.51177
vn 0 0.00471 -0.99999
vn 0 -0.00471 0.99999
vn 0 0.85912 0.51177
vn 0 -0.85912 -0.51177
vn 0 0.01464 -0.99989
vn 0 -0.01464 0.99989
vn 0 0.4753 0.87983
vn 0 -0.4753 -0.87983
vn 0 0.01464 -0.99989
vn 0 -0.01464 0.99989
vn 0 0.4753 0.87983
vn 0 -0.4753 -0.87983
vn 0 0.01464 -0.99989
vn 0 -0.01464 0.99989
vn 0 0.4753 0.87983
vn 0 -0.4753 -0.87983
vn 0 -0.01464 0.99989
vn 0 0.01923 -0.99982
vn 0 -0.01923 0.99982
vn 0 0.38032 0.92485
vn 0 -0.38032 -0.92485
vn 0 0.02492 -0.99969
vn 0 -0.02492 0.99969
vn 0 -0.30252 -0.95314
vn 0 0.30252 0.95314
vn 0 0.02492 -0.99969
vn 0 -0.02492 0.99969
vn 0 0.30252 0.95314
vn 0 0.01462 -0.99989
vn 0 -0.01462 0.99989
vn 0 -0.47576 -0.87957
vn 0 0.47576 0.87957
vn 0 0.01462 -0.99989
vn 0 -0.01462 0.99989
vn 0 -0.47576 -0.87957
vn 0 0.00605 -0.99998
vn 0 -0.00605 0.99998
vn 0 -0.79411 -0.60777
vn 0 0.79411 0.60777
vn 0 0.0053 -0.99999
vn 0 -0.0053 0.99999
vn 0 -0.8308 -0.55658
vn 0 0.8308 0.55658
vn 0 0.0053 -0.99999
vn 0 -0.0053 0.99999
vn 0 -0.8308 -0.55658
vn 0 0.8308 0.55658
vn 0 -0.47529 -0.87983
vn 0 0.47529 0.87983
vn 0 0.01464 -0.99989
vn 0 -0.01464 0.99989
vn 0 0.01464 -0.99989
vn 0 -0.01464 0.99989
vn 0 0.01464 -0.99989
vn 0 -0.01464 0.99989
vn 0 -0.47529 -0.87983
vn 0 0.47529 0.87983
vn 0 0.01464 -0.99989
vn 0 0.47529 0.87983
vn 0 0.01464 -0.99989
vn 0 0.01464 -0.99989
vn 0 -0.01464 0.99989
vn 0 0.01464 -0.99989
vn 0 -0.01464 0.99989
vn 0 0.4753 0.87983
vn 0 0.01464 -0.99989
vn 0 -0.01464 0.99989
vn 0 -0.01464 0.99989
vn 0 0.01464 -0.99989
vt 0.08739 0.20714
vt 0.08739 0.13352
vt 0.75861 0.13352
vt 0.75861 0.20714
vt 0.62464 0.35722
vt 0.62464 0.34444
vt 0.63743 0.34444
vt 0.63743 0.35722
vt 0.62464 0.33165
vt 0.63743 0.33165
vt 0.62464 0.31886
vt 0.63743 0.31886
vt 0.61185 0.34444
vt 0.61185 0.33165
vt 0.65021 0.33165
vt 0.65021 0.34444
usemtl mat5
f 12014/295/1455 12015/296/1455 12016/297/1455
f 12014/295/1455 12016/297/1455 12017/298/1455
f 12018/299/1456 12019/300/1456 12020/301/1456
f 12018/299/1456 12020/301/1456 12021/302/1456
f 12019/300/1457 12022/303/1457 12023/304/1457
f 12019/300/1457 12023/304/1457 12020/301/1457
f 12022/303/1458 12024/305/1458 12025/306/1458
f 12022/303/1458 12025/306/1458 12023/304/1458
f 12026/307/1459 12027/308/1459 12022/303/1459
f 12026/307/1459 12022/303/1459 12019/300/1459
f 12020/301/1460 12023/304/1460 12028/309/1460
f 12020/301/1460 12028/309/1460 12029/310/1460
f 12030/295/1457 12031/296/1457 12032/297/1457
f 12030/295/1457 12032/297/1457 12033/298/1457
f 12034/299/1461 12035/300/1461 12036/301/1461
f 12034/299/1461 12036/301/1461 12037/302/1461
f 12035/300/1455 12038/303/1455 12039/304/1455
f 12035/300/1455 12039/304/1455 12036/301/1455
f 12038/303/1462 12040/305/1462 12041/306/1462
f 12038/303/1462 12041/306/1462 12039/304/1462
f 12042/307/1463 12043/308/1463 12038/303/1463
f 12042/307/1463 12038/303/1463 12035/300/1463
f 12036/301/1464 12039/304/1464 12044/309/1464
f 12036/301/1464 12044/309/1464 12045/310/1464
f 12046/295/1457 12047/296/1457 12048/297/1457
f 12046/295/1457 12048/297/1457 12049/298/1457
f 12050/299/1465 12051/300/1465 12052/301/1465
f 12050/299/1465 12052/301/1465 12053/302/1465
f 12051/300/1455 12054/303/1455 12055/304/1455
f 12051/300/1455 12055/304/1455 12052/301/1455
f 12054/303/1466 12056/305/1466 12057/306/1466
f 12054/303/1466 12057/306/1466 12055/304/1466
f 12058/307/1467 12059/308/1467 12054/303/1467
f 12058/307/1467 12054/303/1467 12051/300/1467
f 12052/301/1468 12055/304/1468 12060/309/1468
f 12052/301/1468 12060/309/1468 12061/310/1468
f 12062/295/1457 12063/296/1457 12064/297/1457
f 12062/295/1457 12064/297/1457 12065/298/1457
f 12066/299/1469 12067/300/1469 12068/301/1469
f 12066/299/1469 12068/301/1469 12069/302/1469
f 12067/300/1455 12070/303/1455 12071/304/1455
f 12067/300/1455 12071/304/1455 12068/301/1455
f 12070/303/1470 12072/305/1470 12073/306/1470
f 12070/303/1470 12073/306/1470 12071/304/1470
f 12074/307/1471 12075/308/1471 12070/303/1471
f 12074/307/1471 12070/303/1471 12067/300/1471
f 12068/301/1472 12071/304/1472 12076/309/1472
f 12068/301/1472 12076/309/1472 12077/310/1472
f 12078/295/1457 12079/296/1457 12080/297/1457
f 12078/295/1457 12080/297/1457 12081/298/1457
f 12082/299/1473 12083/300/1473 12084/301/1473
f 12082/299/1473 12084/301/1473 12085/302/1473
f 12083/300/1455 12086/303/1455 12087/304/1455
f 12083/300/1455 12087/304/1455 12084/301/1455
f 12086/303/1474 12088/305/1474 12089/306/1474
f 12086/303/1474 12089/306/1474 12087/304/1474
f 12090/307/1475 12091/308/1475 12086/303/1475
f 12090/307/1475 12086/303/1475 12083/300/1475
f 12084/301/1476 12087/304/1476 12092/309/1476
f 12084/301/1476 12092/309/1476 12093/310/1476
f 12094/295/1455 12095/296/1455 12096/297/1455
f 12094/295/1455 12096/297/1455 12097/298/1455
f 12098/299/1477 12099/300/1477 12100/301/1477
f 12098/299/1477 12100/301/1477 12101/302/1477
f 12099/300/1457 12102/303/1457 12103/304/1457
f 12099/300/1457 12103/304/1457 12100/301/1457
f 12102/303/1478 12104/305/1478 12105/306/1478
f 12102/303/1478 12105/306/1478 12103/304/1478
f 12106/307/1479 12107/308/1479 12102/303/1479
f 12106/307/1479 12102/303/1479 12099/300/1479
f 12100/301/1480 12103/304/1480 12108/309/1480
f 12100/301/1480 12108/309/1480 12109/310/1480
f 12110/295/1455 12111/296/1455 12112/297/1455
f 12110/295/1455 12112/297/1455 12113/298/1455
f 12114/299/1481 12115/300/1481 12116/301/1481
f 12114/299/1481 12116/301/1481 12117/302/1481
f 12115/300/1457 12118/303/1457 12119/304/1457
f 12115/300/1457 12119/304/1457 12116/301/1457
f 12118/303/1482 12120/305/1482 12121/306/1482
f 12118/303/1482 12121/306/1482 12119/304/1482
f 12122/307/1483 12123/308/1483 12118/303/1483
f 12122/307/1483 12118/303/1483 12115/300/1483
f 12116/301/1484 12119/304/1484 12124/309/1484
f 12116/301/1484 12124/309/1484 12125/310/1484
f 12126/295/1455 12127/296/1455 12128/297/1455
f 12126/295/1455 12128/297/1455 12129/298/1455
f 12130/299/1485 12131/300/1485 12132/301/1485
f 12130/299/1485 12132/301/1485 12133/302/1485
f 12131/300/1457 12134/303/1457 12135/304/1457
f 12131/300/1457 12135/304/1457 12132/301/1457
f 12134/303/1486 12136/305/1486 12137/306/1486
f 12134/303/1486 12137/306/1486 12135/304/1486
f 12138/307/1487 12139/308/1487 12134/303/1487
f 12138/307/1487 12134/303/1487 12131/300/1487
f 12132/301/1488 12135/304/1488 12140/309/1488
f 12132/301/1488 12140/309/1488 12141/310/1488
f 12142/295/1455 12143/296/1455 12144/297/1455
f 12142/295/1455 12144/297/1455 12145/298/1455
f 12146/299/1469 12147/300/1469 12148/301/1469
f 12146/299/1469 12148/301/1469 12149/302/1469
f 12147/300/1457 12150/303/1457 12151/304/1457
f 12147/300/1457 12151/304/1457 12148/301/1457
f 12150/303/1489 12152/305/1489 12153/306/1489
f 12150/303/1489 12153/306/1489 12151/304/1489
f 12154/307/1490 12155/308/1490 12150/303/1490
f 12154/307/1490 12150/303/1490 12147/300/1490
f 12148/301/1491 12151/304/1491 12156/309/1491
f 12148/301/1491 12156/309/1491 12157/310/1491
f 12158/295/1457 12159/296/1457 12160/297/1457
f 12158/295/1457 12160/297/1457 12161/298/1457
f 12162/299/1492 12163/300/1492 12164/301/1492
f 12162/299/1492 12164/301/1492 12165/302/1492
f 12163/300/1455 12166/303/1455 12167/304/1455
f 12163/300/1455 12167/304/1455 12164/301/1455
f 12166/303/1493 12168/305/1493 12169/306/1493
f 12166/303/1493 12169/306/1493 12167/304/1493
f 12170/307/1494 12171/308/1494 12166/303/1494
f 12170/307/1494 12166/303/1494 12163/300/1494
f 12164/301/1495 12167/304/1495 12172/309/1495
f 12164/301/1495 12172/309/1495 12173/310/1495
f 12174/295/1457 12175/296/1457 12176/297/1457
f 12174/295/1457 12176/297/1457 12177/298/1457
f 12178/299/1496 12179/300/1496 12180/301/1496
f 12178/299/1496 12180/301/1496 12181/302/1496
f 12179/300/1455 12182/303/1455 12183/304/1455
f 12179/300/1455 12183/304/1455 12180/301/1455
f 12182/303/1497 12184/305/1497 12185/306/1497
f 12182/303/1497 12185/306/1497 12183/304/1497
f 12186/307/1494 12187/308/1494 12182/303/1494
f 12186/307/1494 12182/303/1494 12179/300/1494
f 12180/301/1495 12183/304/1495 12188/309/1495
f 12180/301/1495 12188/309/1495 12189/310/1495
f 12190/295/1457 12191/296/1457 12192/297/1457
f 12190/295/1457 12192/297/1457 12193/298/1457
f 12194/299/1498 12195/300/1498 12196/301/1498
f 12194/299/1498 12196/301/1498 12197/302/1498
f 12195/300/1455 12198/303/1455 12199/304/1455
f 12195/300/1455 12199/304/1455 12196/301/1455
f 12198/303/1482 12200/305/1482 12201/306/1482
f 12198/303/1482 12201/306/1482 12199/304/1482
f 12202/307/1499 12203/308/1499 12198/303/1499
f 12202/307/1499 12198/303/1499 12195/300/1499
f 12196/301/1500 12199/304/1500 12204/309/1500
f 12196/301/1500 12204/309/1500 12205/310/1500
f 12206/295/1457 12207/296/1457 12208/297/1457
f 12206/295/1457 12208/297/1457 12209/298/1457
f 12210/299/1501 12211/300/1501 12212/301/1501
f 12210/299/1501 12212/301/1501 12213/302/1501
f 12211/300/1455 12214/303/1455 12215/304/1455
f 12211/300/1455 12215/304/1455 12212/301/1455
f 12214/303/1502 12216/305/1502 12217/306/1502
f 12214/303/1502 12217/306/1502 12215/304/1502
f 12218/307/1503 12219/308/1503 12214/303/1503
f 12218/307/1503 12214/303/1503 12211/300/1503
f 12212/301/1504 12215/304/1504 12220/309/1504
f 12212/301/1504 12220/309/1504 12221/310/1504
f 12222/295/1457 12223/296/1457 12224/297/1457
f 12222/295/1457 12224/297/1457 12225/298/1457
f 12226/299/1505 12227/300/1505 12228/301/1505
f 12226/299/1505 12228/301/1505 12229/302/1505
f 12227/300/1455 12230/303/1455 12231/304/1455
f 12227/300/1455 12231/304/1455 12228/301/1455
f 12230/303/1506 12232/305/1506 12233/306/1506
f 12230/303/1506 12233/306/1506 12231/304/1506
f 12234/307/1507 12235/308/1507 12230/303/1507
f 12234/307/1507 12230/303/1507 12227/300/1507
f 12228/301/1508 12231/304/1508 12236/309/1508
f 12228/301/1508 12236/309/1508 12237/310/1508
f 12238/295/1457 12239/296/1457 12240/297/1457
f 12238/295/1457 12240/297/1457 12241/298/1457
f 12242/299/1509 12243/300/1509 12244/301/1509
f 12242/299/1509 12244/301/1509 12245/302/1509
f 12243/300/1455 12246/303/1455 12247/304/1455
f 12243/300/1455 12247/304/1455 12244/301/1455
f 12246/303/1510 12248/305/1510 12249/306/1510
f 12246/303/1510 12249/306/1510 12247/304/1510
f 12250/307/1511 12251/308/1511 12246/303/1511
f 12250/307/1511 12246/303/1511 12243/300/1511
f 12244/301/1512 12247/304/1512 12252/309/1512
f 12244/301/1512 12252/309/1512 12253/310/1512
f 12254/295/1457 12255/296/1457 12256/297/1457
f 12254/295/1457 12256/297/1457 12257/298/1457
f 12258/299/1513 12259/300/1513 12260/301/1513
f 12258/299/1513 12260/301/1513 12261/302/1513
f 12259/300/1455 12262/303/1455 12263/304/1455
f 12259/300/1455 12263/304/1455 12260/301/1455
f 12262/303/1514 12264/305/1514 12265/306/1514
f 12262/303/1514 12265/306/1514 12263/304/1514
f 12266/307/1515 12267/308/1515 12262/303/1515
f 12266/307/1515 12262/303/1515 12259/300/1515
f 12260/301/1516 12263/304/1516 12268/309/1516
f 12260/301/1516 12268/309/1516 12269/310/1516
f 12270/295/1457 12271/296/1457 12272/297/1457
f 12270/295/1457 12272/297/1457 12273/298/1457
f 12274/299/1517 12275/300/1517 12276/301/1517
f 12274/299/1517 12276/301/1517 12277/302/1517
f 12275/300/1455 12278/303/1455 12279/304/1455
f 12275/300/1455 12279/304/1455 12276/301/1455
f 12278/303/1518 12280/305/1518 12281/306/1518
f 12278/303/1518 12281/306/1518 12279/304/1518
f 12282/307/1519 12283/308/1519 12278/303/1519
f 12282/307/1519 12278/303/1519 12275/300/1519
f 12276/301/1520 12279/304/1520 12284/309/1520
f 12276/301/1520 12284/309/1520 12285/310/1520
f 12286/295/1457 12287/296/1457 12288/297/1457
f 12286/295/1457 12288/297/1457 12289/298/1457
f 12290/299/1498 12291/300/1498 12292/301/1498
f 12290/299/1498 12292/301/1498 12293/302/1498
f 12291/300/1455 12294/303/1455 12295/304/1455
f 12291/300/1455 12295/304/1455 12292/301/1455
f 12294/303/1521 12296/305/1521 12297/306/1521
f 12294/303/1521 12297/306/1521 12295/304/1521
f 12298/307/1463 12299/308/1463 12294/303/1463
f 12298/307/1463 12294/303/1463 12291/300/1463
f 12292/301/1464 12295/304/1464 12300/309/1464
f 12292/301/1464 12300/309/1464 12301/310/1464
f 12302/295/1457 12303/296/1457 12304/297/1457
f 12302/295/1457 12304/297/1457 12305/298/1457
f 12306/299/1522 12307/300/1522 12308/301/1522
f 12306/299/1522 12308/301/1522 12309/302/1522
f 12307/300/1455 12310/303/1455 12311/304/1455
f 12307/300/1455 12311/304/1455 12308/301/1455
f 12310/303/1523 12312/305/1523 12313/306/1523
f 12310/303/1523 12313/306/1523 12311/304/1523
f 12314/307/1524 12315/308/1524 12310/303/1524
f 12314/307/1524 12310/303/1524 12307/300/1524
f 12308/301/1525 12311/304/1525 12316/309/1525
f 12308/301/1525 12316/309/1525 12317/310/1525
f 12318/295/1455 12319/296/1455 12320/297/1455
f 12318/295/1455 12320/297/1455 12321/298/1455
f 12322/299/1526 12323/300/1526 12324/301/1526
f 12322/299/1526 12324/301/1526 12325/302/1526
f 12323/300/1457 12326/303/1457 12327/304/1457
f 12323/300/1457 12327/304/1457 12324/301/1457
f 12326/303/1527 12328/305/1527 12329/306/1527
f 12326/303/1527 12329/306/1527 12327/304/1527
f 12330/307/1528 12331/308/1528 12326/303/1528
f 12330/307/1528 12326/303/1528 12323/300/1528
f 12324/301/1529 12327/304/1529 12332/309/1529
f 12324/301/1529 12332/309/1529 12333/310/1529
f 12334/295/1455 12335/296/1455 12336/297/1455
f 12334/295/1455 12336/297/1455 12337/298/1455
f 12338/299/1530 12339/300/1530 12340/301/1530
f 12338/299/1530 12340/301/1530 12341/302/1530
f 12339/300/1457 12342/303/1457 12343/304/1457
f 12339/300/1457 12343/304/1457 12340/301/1457
f 12342/303/1531 12344/305/1531 12345/306/1531
f 12342/303/1531 12345/306/1531 12343/304/1531
f 12346/307/1528 12347/308/1528 12342/303/1528
f 12346/307/1528 12342/303/1528 12339/300/1528
f 12340/301/1532 12343/304/1532 12348/309/1532
f 12340/301/1532 12348/309/1532 12349/310/1532
f 12350/295/1455 12351/296/1455 12352/297/1455
f 12350/295/1455 12352/297/1455 12353/298/1455
f 12354/299/1533 12355/300/1533 12356/301/1533
f 12354/299/1533 12356/301/1533 12357/302/1533
f 12355/300/1457 12358/303/1457 12359/304/1457
f 12355/300/1457 12359/304/1457 12356/301/1457
f 12358/303/1534 12360/305/1534 12361/306/1534
f 12358/303/1534 12361/306/1534 12359/304/1534
f 12362/307/1535 12363/308/1535 12358/303/1535
f 12362/307/1535 12358/303/1535 12355/300/1535
f 12356/301/1536 12359/304/1536 12364/309/1536
f 12356/301/1536 12364/309/1536 12365/310/1536
f 12366/295/1455 12367/296/1455 12368/297/1455
f 12366/295/1455 12368/297/1455 12369/298/1455
f 12370/299/1537 12371/300/1537 12372/301/1537
f 12370/299/1537 12372/301/1537 12373/302/1537
f 12371/300/1457 12374/303/1457 12375/304/1457
f 12371/300/1457 12375/304/1457 12372/301/1457
f 12374/303/1538 12376/305/1538 12377/306/1538
f 12374/303/1538 12377/306/1538 12375/304/1538
f 12378/307/1539 12379/308/1539 12374/303/1539
f 12378/307/1539 12374/303/1539 12371/300/1539
f 12372/301/1536 12375/304/1536 12380/309/1536
f 12372/301/1536 12380/309/1536 12381/310/1536
f 12382/295/1455 12383/296/1455 12384/297/1455
f 12382/295/1455 12384/297/1455 12385/298/1455
f 12386/299/1540 12387/300/1540 12388/301/1540
f 12386/299/1540 12388/301/1540 12389/302/1540
f 12387/300/1457 12390/303/1457 12391/304/1457
f 12387/300/1457 12391/304/1457 12388/301/1457
f 12390/303/1541 12392/305/1541 12393/306/1541
f 12390/303/1541 12393/306/1541 12391/304/1541
f 12394/307/1542 12395/308/1542 12390/303/1542
f 12394/307/1542 12390/303/1542 12387/300/1542
f 12388/301/1543 12391/304/1543 12396/309/1543
f 12388/301/1543 12396/309/1543 12397/310/1543
f 12398/295/1455 12399/296/1455 12400/297/1455
f 12398/295/1455 12400/297/1455 12401/298/1455
f 12402/299/1544 12403/300/1544 12404/301/1544
f 12402/299/1544 12404/301/1544 12405/302/1544
f 12403/300/1457 12406/303/1457 12407/304/1457
f 12403/300/1457 12407/304/1457 12404/301/1457
f 12406/303/1545 12408/305/1545 12409/306/1545
f 12406/303/1545 12409/306/1545 12407/304/1545
f 12410/307/1546 12411/308/1546 12406/303/1546
f 12410/307/1546 12406/303/1546 12403/300/1546
f 12404/301/1547 12407/304/1547 12412/309/1547
f 12404/301/1547 12412/309/1547 12413/310/1547
f 12414/295/1455 12415/296/1455 12416/297/1455
f 12414/295/1455 12416/297/1455 12417/298/1455
f 12418/299/1548 12419/300/1548 12420/301/1548
f 12418/299/1548 12420/301/1548 12421/302/1548
f 12419/300/1457 12422/303/1457 12423/304/1457
f 12419/300/1457 12423/304/1457 12420/301/1457
f 12422/303/1549 12424/305/1549 12425/306/1549
f 12422/303/1549 12425/306/1549 12423/304/1549
f 12426/307/1550 12427/308/1550 12422/303/1550
f 12426/307/1550 12422/303/1550 12419/300/1550
f 12420/301/1551 12423/304/1551 12428/309/1551
f 12420/301/1551 12428/309/1551 12429/310/1551
f 12430/295/1455 12431/296/1455 12432/297/1455
f 12430/295/1455 12432/297/1455 12433/298/1455
f 12434/299/1498 12435/300/1498 12436/301/1498
f 12434/299/1498 12436/301/1498 12437/302/1498
f 12435/300/1457 12438/303/1457 12439/304/1457
f 12435/300/1457 12439/304/1457 12436/301/1457
f 12438/303/1521 12440/305/1521 12441/306/1521
f 12438/303/1521 12441/306/1521 12439/304/1521
f 12442/307/1552 12443/308/1552 12438/303/1552
f 12442/307/1552 12438/303/1552 12435/300/1552
f 12436/301/1553 12439/304/1553 12444/309/1553
f 12436/301/1553 12444/309/1553 12445/310/1553
f 12446/295/1455 12447/296/1455 12448/297/1455
f 12446/295/1455 12448/297/1455 12449/298/1455
f 12450/299/1465 12451/300/1465 12452/301/1465
f 12450/299/1465 12452/301/1465 12453/302/1465
f 12451/300/1457 12454/303/1457 12455/304/1457
f 12451/300/1457 12455/304/1457 12452/301/1457
f 12454/303/1466 12456/305/1466 12457/306/1466
f 12454/303/1466 12457/306/1466 12455/304/1466
f 12458/307/1468 12459/308/1468 12454/303/1468
f 12458/307/1468 12454/303/1468 12451/300/1468
f 12452/301/1467 12455/304/1467 12460/309/1467
f 12452/301/1467 12460/309/1467 12461/310/1467
f 12462/295/1455 12463/296/1455 12464/297/1455
f 12462/295/1455 12464/297/1455 12465/298/1455
f 12466/299/1554 12467/300/1554 12468/301/1554
f 12466/299/1554 12468/301/1554 12469/302/1554
f 12467/300/1457 12470/303/1457 12471/304/1457
f 12467/300/1457 12471/304/1457 12468/301/1457
f 12470/303/1555 12472/305/1555 12473/306/1555
f 12470/303/1555 12473/306/1555 12471/304/1555
f 12474/307/1464 12475/308/1464 12470/303/1464
f 12474/307/1464 12470/303/1464 12467/300/1464
f 12468/301/1463 12471/304/1463 12476/309/1463
f 12468/301/1463 12476/309/1463 12477/310/1463
f 12478/295/1455 12479/296/1455 12480/297/1455
f 12478/295/1455 12480/297/1455 12481/298/1455
f 12482/299/1556 12483/300/1556 12484/301/1556
f 12482/299/1556 12484/301/1556 12485/302/1556
f 12483/300/1457 12486/303/1457 12487/304/1457
f 12483/300/1457 12487/304/1457 12484/301/1457
f 12486/303/1557 12488/305/1557 12489/306/1557
f 12486/303/1557 12489/306/1557 12487/304/1557
f 12490/307/1464 12491/308/1464 12486/303/1464
f 12490/307/1464 12486/303/1464 12483/300/1464
f 12484/301/1463 12487/304/1463 12492/309/1463
f 12484/301/1463 12492/309/1463 12493/310/1463
f 12494/295/1455 12495/296/1455 12496/297/1455
f 12494/295/1455 12496/297/1455 12497/298/1455
f 12498/299/1558 12499/300/1558 12500/301/1558
f 12498/299/1558 12500/301/1558 12501/302/1558
f 12499/300/1457 12502/303/1457 12503/304/1457
f 12499/300/1457 12503/304/1457 12500/301/1457
f 12502/303/1559 12504/305/1559 12505/306/1559
f 12502/303/1559 12505/306/1559 12503/304/1559
f 12506/307/1560 12507/308/1560 12502/303/1560
f 12506/307/1560 12502/303/1560 12499/300/1560
f 12500/301/1561 12503/304/1561 12508/309/1561
f 12500/301/1561 12508/309/1561 12509/310/1561
f 12510/295/1457 12511/296/1457 12512/297/1457
f 12510/295/1457 12512/297/1457 12513/298/1457
f 12514/299/1562 12515/300/1562 12516/301/1562
f 12514/299/1562 12516/301/1562 12517/302/1562
f 12515/300/1455 12518/303/1455 12519/304/1455
f 12515/300/1455 12519/304/1455 12516/301/1455
f 12518/303/1510 12520/305/1510 12521/306/1510
f 12518/303/1510 12521/306/1510 12519/304/1510
f 12522/307/1563 12523/308/1563 12518/303/1563
f 12522/307/1563 12518/303/1563 12515/300/1563
f 12516/301/1479 12519/304/1479 12524/309/1479
f 12516/301/1479 12524/309/1479 12525/310/1479
f 12526/295/1455 12527/296/1455 12528/297/1455
f 12526/295/1455 12528/297/1455 12529/298/1455
f 12530/299/1564 12531/300/1564 12532/301/1564
f 12530/299/1564 12532/301/1564 12533/302/1564
f 12531/300/1457 12534/303/1457 12535/304/1457
f 12531/300/1457 12535/304/1457 12532/301/1457
f 12534/303/1486 12536/305/1486 12537/306/1486
f 12534/303/1486 12537/306/1486 12535/304/1486
f 12538/307/1490 12539/308/1490 12534/303/1490
f 12538/307/1490 12534/303/1490 12531/300/1490
f 12532/301/1488 12535/304/1488 12540/309/1488
f 12532/301/1488 12540/309/1488 12541/310/1488
f 12542/295/1455 12543/296/1455 12544/297/1455
f 12542/295/1455 12544/297/1455 12545/298/1455
f 12546/299/1477 12547/300/1477 12548/301/1477
f 12546/299/1477 12548/301/1477 12549/302/1477
f 12547/300/1457 12550/303/1457 12551/304/1457
f 12547/300/1457 12551/304/1457 12548/301/1457
f 12550/303/1489 12552/305/1489 12553/306/1489
f 12550/303/1489 12553/306/1489 12551/304/1489
f 12554/307/1487 12555/308/1487 12550/303/1487
f 12554/307/1487 12550/303/1487 12547/300/1487
f 12548/301/1491 12551/304/1491 12556/309/1491
f 12548/301/1491 12556/309/1491 12557/310/1491
f 12558/295/1455 12559/296/1455 12560/297/1455
f 12558/295/1455 12560/297/1455 12561/298/1455
f 12562/299/1565 12563/300/1565 12564/301/1565
f 12562/299/1565 12564/301/1565 12565/302/1565
f 12563/300/1457 12566/303/1457 12567/304/1457
f 12563/300/1457 12567/304/1457 12564/301/1457
f 12566/303/1566 12568/305/1566 12569/306/1566
f 12566/303/1566 12569/306/1566 12567/304/1566
f 12570/307/1479 12571/308/1479 12566/303/1479
f 12570/307/1479 12566/303/1479 12563/300/1479
f 12564/301/1463 12567/304/1463 12572/309/1463
f 12564/301/1463 12572/309/1463 12573/310/1463
f 12574/295/1455 12575/296/1455 12576/297/1455
f 12574/295/1455 12576/297/1455 12577/298/1455
f 12578/299/1567 12579/300/1567 12580/301/1567
f 12578/299/1567 12580/301/1567 12581/302/1567
f 12579/300/1457 12582/303/1457 12583/304/1457
f 12579/300/1457 12583/304/1457 12580/301/1457
f 12582/303/1568 12584/305/1568 12585/306/1568
f 12582/303/1568 12585/306/1568 12583/304/1568
f 12586/307/1464 12587/308/1464 12582/303/1464
f 12586/307/1464 12582/303/1464 12579/300/1464
f 12580/301/1569 12583/304/1569 12588/309/1569
f 12580/301/1569 12588/309/1569 12589/310/1569
f 12590/295/1455 12591/296/1455 12592/297/1455
f 12590/295/1455 12592/297/1455 12593/298/1455
f 12594/299/1570 12595/300/1570 12596/301/1570
f 12594/299/1570 12596/301/1570 12597/302/1570
f 12595/300/1457 12598/303/1457 12599/304/1457
f 12595/300/1457 12599/304/1457 12596/301/1457
f 12598/303/1571 12600/305/1571 12601/306/1571
f 12598/303/1571 12601/306/1571 12599/304/1571
f 12602/307/1487 12603/308/1487 12598/303/1487
f 12602/307/1487 12598/303/1487 12595/300/1487
f 12596/301/1491 12599/304/1491 12604/309/1491
f 12596/301/1491 12604/309/1491 12605/310/1491
f 12606/307/1464 12607/308/1464 12608/303/1464
f 12606/307/1464 12608/303/1464 12609/300/1464
f 12610/295/1455 12611/296/1455 12612/297/1455
f 12610/295/1455 12612/297/1455 12613/298/1455
f 12608/303/1572 12614/305/1572 12615/306/1572
f 12608/303/1572 12615/306/1572 12616/304/1572
f 12609/300/1457 12608/303/1457 12616/304/1457
f 12609/300/1457 12616/304/1457 12617/301/1457
f 12617/301/1569 12616/304/1569 12618/309/1569
f 12617/301/1569 12618/309/1569 12619/310/1569
f 12620/299/1573 12609/300/1573 12617/301/1573
f 12620/299/1573 12617/301/1573 12621/302/1573
# Vertices: 608, normals: 119, texture coordinates: 16, faces: 456

o obj11
v -0.19801229 1.73790776 0.39205333
v -0.19801229 1.92479429 0.41274007
v -0.19801229 1.92866528 0.37776908
v -0.19801229 1.74177875 0.35708233
v -0.19801229 1.74177875 0.35708233
v -0.19801229 1.92866528 0.37776908
v 0.07435733 1.92866528 0.37776908
v 0.07435733 1.74177875 0.35708233
v 0.07435733 1.92479429 0.41274007
v 0.07435733 1.73790776 0.39205333
v -0.19801229 1.92479429 0.41274007
v -0.19801229 1.73790776 0.39205333
v -0.19801229 1.74177875 0.35708233
v -0.19801229 1.73790776 0.39205333
v -0.19801229 1.92866528 0.37776908
v -0.19801229 1.92479429 0.41274007
v -0.19801229 2.31782592 -0.84713477
v -0.19801229 2.51923471 -0.84713478
v -0.19801229 2.51923475 -0.88231933
v -0.19801229 2.31782593 -0.88231932
v -0.19801229 2.31782593 -0.88231932
v -0.19801229 2.51923475 -0.88231933
v 0.07435732 2.51923475 -0.88231933
v 0.07435732 2.31782593 -0.88231932
v 0.07435732 2.51923471 -0.84713478
v 0.07435732 2.31782592 -0.84713477
v -0.19801229 2.51923471 -0.84713478
v -0.19801229 2.31782592 -0.84713477
v -0.19801229 2.31782593 -0.88231932
v -0.19801229 2.31782592 -0.84713477
v -0.19801229 2.51923475 -0.88231933
v -0.19801229 2.51923471 -0.84713478
v -0.19801229 2.3178265 -0.96227593
v -0.19801229 2.48992757 -0.96227597
v -0.19801229 2.48992755 -0.99746039
v -0.19801229 2.3178265 -0.99746034
v -0.19801229 2.3178265 -0.99746034
v -0.19801229 2.48992755 -0.99746039
v 0.07435732 2.48992755 -0.99746039
v 0.07435732 2.3178265 -0.99746034
v 0.07435732 2.48992757 -0.96227597
v 0.07435732 2.3178265 -0.96227593
v -0.19801229 2.48992757 -0.96227597
v -0.19801229 2.3178265 -0.96227593
v -0.19801229 2.3178265 -0.99746034
v -0.19801229 2.3178265 -0.96227593
v -0.19801229 2.48992755 -0.99746039
v -0.19801229 2.48992757 -0.96227597
v -0.19801229 2.3178258 -0.44022945
v -0.19801229 2.52951679 -0.44022944
v -0.19801229 2.52951681 -0.47541385
v -0.19801229 2.31782579 -0.47541386
v -0.19801229 2.31782579 -0.47541386
v -0.19801229 2.52951681 -0.47541385
v 0.07435732 2.52951681 -0.47541385
v 0.07435732 2.31782579 -0.47541386
v 0.07435732 2.52951679 -0.44022944
v 0.07435732 2.3178258 -0.44022945
v -0.19801229 2.52951679 -0.44022944
v -0.19801229 2.3178258 -0.44022945
v -0.19801229 2.31782579 -0.47541386
v -0.19801229 2.3178258 -0.44022945
v -0.19801229 2.52951681 -0.47541385
v -0.19801229 2.52951679 -0.44022944
v -0.19801229 2.31782637 -0.25338735
v -0.19801229 2.55616623 -0.25338732
v -0.19801229 2.55616621 -0.28857181
v -0.19801229 2.31782635 -0.28857183
v -0.19801229 2.31782635 -0.28857183
v -0.19801229 2.55616621 -0.28857181
v 0.07435732 2.55616621 -0.28857181
v 0.07435732 2.31782635 -0.28857183
v 0.07435732 2.55616623 -0.25338732
v 0.07435732 2.31782637 -0.25338735
v -0.19801229 2.55616623 -0.25338732
v -0.19801229 2.31782637 -0.25338735
v -0.19801229 2.31782635 -0.28857183
v -0.19801229 2.31782637 -0.25338735
v -0.19801229 2.55616621 -0.28857181
v -0.19801229 2.55616623 -0.25338732
v -0.19801229 2.31782649 -0.10817011
v -0.19801229 2.54916884 -0.10817013
v -0.19801229 2.54916883 -0.14335472
v -0.19801229 2.31782648 -0.1433547
v -0.19801229 2.31782648 -0.1433547
v -0.19801229 2.54916883 -0.14335472
v 0.07435732 2.54916883 -0.14335472
v 0.07435732 2.31782648 -0.1433547
v 0.07435732 2.54916884 -0.10817013
v 0.07435732 2.31782649 -0.10817011
v -0.19801229 2.54916884 -0.10817013
v -0.19801229 2.31782649 -0.10817011
v -0.19801229 2.31782648 -0.1433547
v -0.19801229 2.31782649 -0.10817011
v -0.19801229 2.54916883 -0.14335472
v -0.19801229 2.54916884 -0.10817013
v -0.19801229 2.32113662 0.06196377
v -0.19801229 2.54634831 0.0805567
v -0.19801229 2.54924322 0.04549141
v -0.19801229 2.32403153 0.02689848
v -0.19801229 2.32403153 0.02689848
v -0.19801229 2.54924322 0.04549141
v 0.07435732 2.54924322 0.04549141
v 0.07435732 2.32403153 0.02689848
v 0.07435732 2.54634831 0.0805567
v 0.07435732 2.32113662 0.06196377
v -0.19801229 2.54634831 0.0805567
v -0.19801229 2.32113662 0.06196377
v -0.19801229 2.32403153 0.02689848
v -0.19801229 2.32113662 0.06196377
v -0.19801229 2.54924322 0.04549141
v -0.19801229 2.54634831 0.0805567
v -0.19801229 2.03240739 0.05297874
v -0.19801229 2.26013523 0.02676984
v -0.19801229 2.264158 0.06172356
v -0.19801229 2.03643016 0.08793246
v -0.19801229 2.03643016 0.08793246
v -0.19801229 2.264158 0.06172356
v 0.07435732 2.264158 0.06172356
v 0.07435732 2.03643016 0.08793246
v 0.07435732 2.26013523 0.02676984
v 0.07435732 2.03240739 0.05297874
v -0.19801229 2.26013523 0.02676984
v -0.19801229 2.03240739 0.05297874
v -0.19801229 2.03643016 0.08793246
v -0.19801229 2.03240739 0.05297874
v -0.19801229 2.264158 0.06172356
v -0.19801229 2.26013523 0.02676984
v -0.19801229 2.02856237 0.8201395
v -0.19801229 2.22515731 0.82013952
v -0.19801229 2.22515733 0.85532397
v -0.19801229 2.02856234 0.85532394
v -0.19801229 2.02856234 0.85532394
v -0.19801229 2.22515733 0.85532397
v 0.07435732 2.22515733 0.85532397
v 0.07435732 2.02856234 0.85532394
v 0.07435732 2.22515731 0.82013952
v 0.07435732 2.02856237 0.8201395
v -0.19801229 2.22515731 0.82013952
v -0.19801229 2.02856237 0.8201395
v -0.19801229 2.02856234 0.85532394
v -0.19801229 2.02856237 0.8201395
v -0.19801229 2.22515733 0.85532397
v -0.19801229 2.22515731 0.82013952
v -0.19801229 2.02856265 0.56600901
v -0.19801229 2.24895796 0.56600901
v -0.19801229 2.24895799 0.60119346
v -0.19801229 2.02856266 0.60119346
v -0.19801229 2.02856266 0.60119346
v -0.19801229 2.24895799 0.60119346
v 0.07435732 2.24895799 0.60119346
v 0.07435732 2.02856266 0.60119346
v 0.07435732 2.24895796 0.56600901
v 0.07435732 2.02856265 0.56600901
v -0.19801229 2.24895796 0.56600901
v -0.19801229 2.02856265 0.56600901
v -0.19801229 2.02856266 0.60119346
v -0.19801229 2.02856265 0.56600901
v -0.19801229 2.24895799 0.60119346
v -0.19801229 2.24895796 0.56600901
v -0.19801229 2.02856271 0.52970478
v -0.19801229 2.23528981 0.52970478
v -0.19801229 2.23528983 0.56488922
v -0.19801229 2.02856271 0.56488922
v -0.19801229 2.02856271 0.56488922
v -0.19801229 2.23528983 0.56488922
v 0.07435732 2.23528983 0.56488922
v 0.07435732 2.02856271 0.56488922
v 0.07435732 2.23528981 0.52970478
v 0.07435732 2.02856271 0.52970478
v -0.19801229 2.23528981 0.52970478
v -0.19801229 2.02856271 0.52970478
v -0.19801229 2.02856271 0.56488922
v -0.19801229 2.02856271 0.52970478
v -0.19801229 2.23528983 0.56488922
v -0.19801229 2.23528981 0.52970478
v -0.19801229 2.02856256 0.34818348
v -0.19801229 2.24899472 0.34818349
v -0.19801229 2.24899472 0.38336792
v -0.19801229 2.02856256 0.38336793
v -0.19801229 2.02856256 0.38336793
v -0.19801229 2.24899472 0.38336792
v 0.07435732 2.24899472 0.38336792
v 0.07435732 2.02856256 0.38336793
v 0.07435732 2.24899472 0.34818349
v 0.07435732 2.02856256 0.34818348
v -0.19801229 2.24899472 0.34818349
v -0.19801229 2.02856256 0.34818348
v -0.19801229 2.02856256 0.38336793
v -0.19801229 2.02856256 0.34818348
v -0.19801229 2.24899472 0.38336792
v -0.19801229 2.24899472 0.34818349
v -0.19801229 2.02957817 -0.17933853
v -0.19801229 2.2533576 -0.16817904
v -0.19801229 2.2516052 -0.13303824
v -0.19801229 2.02782576 -0.14419773
v -0.19801229 2.02782576 -0.14419773
v -0.19801229 2.2516052 -0.13303824
v 0.07435732 2.2516052 -0.13303824
v 0.07435732 2.02782576 -0.14419773
v 0.07435732 2.2533576 -0.16817904
v 0.07435732 2.02957817 -0.17933853
v -0.19801229 2.2533576 -0.16817904
v -0.19801229 2.02957817 -0.17933853
v -0.19801229 2.02782576 -0.14419773
v -0.19801229 2.02957817 -0.17933853
v -0.19801229 2.2516052 -0.13303824
v -0.19801229 2.2533576 -0.16817904
v -0.19801229 2.02856268 -0.32440101
v -0.19801229 2.26690252 -0.32440098
v -0.19801229 2.26690254 -0.28921649
v -0.19801229 2.02856267 -0.28921652
v -0.19801229 2.02856267 -0.28921652
v -0.19801229 2.26690254 -0.28921649
v 0.07435732 2.26690254 -0.28921649
v 0.07435732 2.02856267 -0.28921652
v 0.07435732 2.26690252 -0.32440098
v 0.07435732 2.02856268 -0.32440101
v -0.19801229 2.26690252 -0.32440098
v -0.19801229 2.02856268 -0.32440101
v -0.19801229 2.02856267 -0.28921652
v -0.19801229 2.02856268 -0.32440101
v -0.19801229 2.26690254 -0.28921649
v -0.19801229 2.26690252 -0.32440098
v -0.19801229 2.02856295 -0.39700962
v -0.19801229 2.2527078 -0.39700959
v -0.19801229 2.25270782 -0.36182503
v -0.19801229 2.02856297 -0.36182507
v -0.19801229 2.02856297 -0.36182507
v -0.19801229 2.25270782 -0.36182503
v 0.07435732 2.25270782 -0.36182503
v 0.07435732 2.02856297 -0.36182507
v 0.07435732 2.2527078 -0.39700959
v 0.07435732 2.02856295 -0.39700962
v -0.19801229 2.2527078 -0.39700959
v -0.19801229 2.02856295 -0.39700962
v -0.19801229 2.02856297 -0.36182507
v -0.19801229 2.02856295 -0.39700962
v -0.19801229 2.25270782 -0.36182503
v -0.19801229 2.2527078 -0.39700959
v -0.19801229 2.02856244 -0.57074875
v -0.19801229 2.25637604 -0.57074877
v -0.19801229 2.25637601 -0.53556414
v -0.19801229 2.02856243 -0.53556412
v -0.19801229 2.02856243 -0.53556412
v -0.19801229 2.25637601 -0.53556414
v 0.07435732 2.25637601 -0.53556414
v 0.07435732 2.02856243 -0.53556412
v 0.07435732 2.25637604 -0.57074877
v 0.07435732 2.02856244 -0.57074875
v -0.19801229 2.25637604 -0.57074877
v -0.19801229 2.02856244 -0.57074875
v -0.19801229 2.02856243 -0.53556412
v -0.19801229 2.02856244 -0.57074875
v -0.19801229 2.25637601 -0.53556414
v -0.19801229 2.25637604 -0.57074877
v -0.19801229 2.0285629 -1.05822739
v -0.19801229 2.24192216 -1.05822736
v -0.19801229 2.24192216 -1.02304266
v -0.19801229 2.02856288 -1.02304269
v -0.19801229 2.02856288 -1.02304269
v -0.19801229 2.24192216 -1.02304266
v 0.07435732 2.24192216 -1.02304266
v 0.07435732 2.02856288 -1.02304269
v 0.07435732 2.24192216 -1.05822736
v 0.07435732 2.0285629 -1.05822739
v -0.19801229 2.24192216 -1.05822736
v -0.19801229 2.0285629 -1.05822739
v -0.19801229 2.02856288 -1.02304269
v -0.19801229 2.0285629 -1.05822739
v -0.19801229 2.24192216 -1.02304266
v -0.19801229 2.24192216 -1.05822736
v -0.19801229 2.02856266 -1.16713959
v -0.19801229 2.25453114 -1.1671396
v -0.19801229 2.25453113 -1.13195504
v -0.19801229 2.02856266 -1.13195503
v -0.19801229 2.02856266 -1.13195503
v -0.19801229 2.25453113 -1.13195504
v 0.07435732 2.25453113 -1.13195504
v 0.07435732 2.02856266 -1.13195503
v 0.07435732 2.25453114 -1.1671396
v 0.07435732 2.02856266 -1.16713959
v -0.19801229 2.25453114 -1.1671396
v -0.19801229 2.02856266 -1.16713959
v -0.19801229 2.02856266 -1.13195503
v -0.19801229 2.02856266 -1.16713959
v -0.19801229 2.25453113 -1.13195504
v -0.19801229 2.25453114 -1.1671396
v -0.19801229 2.03061653 -1.45669358
v -0.19801229 2.21849224 -1.48456051
v -0.19801229 2.22365456 -1.44975685
v -0.19801229 2.03577886 -1.42188991
v -0.19801229 2.03577886 -1.42188991
v -0.19801229 2.22365456 -1.44975685
v 0.07435732 2.22365456 -1.44975685
v 0.07435732 2.03577886 -1.42188991
v 0.07435732 2.21849224 -1.48456051
v 0.07435732 2.03061653 -1.45669358
v -0.19801229 2.21849224 -1.48456051
v -0.19801229 2.03061653 -1.45669358
v -0.19801229 2.03577886 -1.42188991
v -0.19801229 2.03061653 -1.45669358
v -0.19801229 2.22365456 -1.44975685
v -0.19801229 2.21849224 -1.48456051
v -0.19801229 1.7429103 -0.56123377
v -0.19801229 1.91372318 -0.58836062
v -0.19801229 1.90820468 -0.62310956
v -0.19801229 1.7373918 -0.59598271
v -0.19801229 1.7373918 -0.59598271
v -0.19801229 1.90820468 -0.62310956
v 0.07435732 1.90820468 -0.62310956
v 0.07435732 1.7373918 -0.59598271
v 0.07435732 1.91372318 -0.58836062
v 0.07435732 1.7429103 -0.56123377
v -0.19801229 1.91372318 -0.58836062
v -0.19801229 1.7429103 -0.56123377
v -0.19801229 1.7373918 -0.59598271
v -0.19801229 1.7429103 -0.56123377
v -0.19801229 1.90820468 -0.62310956
v -0.19801229 1.91372318 -0.58836062
v -0.19801229 1.74318137 -1.30468547
v -0.19801229 1.96795026 -1.32802284
v -0.19801229 1.96431663 -1.36301911
v -0.19801229 1.73954775 -1.33968174
v -0.19801229 1.73954775 -1.33968174
v -0.19801229 1.96431663 -1.36301911
v 0.07435732 1.96431663 -1.36301911
v 0.07435732 1.73954775 -1.33968174
v 0.07435732 1.96795026 -1.32802284
v 0.07435732 1.74318137 -1.30468547
v -0.19801229 1.96795026 -1.32802284
v -0.19801229 1.74318137 -1.30468547
v -0.19801229 1.73954775 -1.33968174
v -0.19801229 1.74318137 -1.30468547
v -0.19801229 1.96431663 -1.36301911
v -0.19801229 1.96795026 -1.32802284
v -0.19801229 1.73395091 -0.14447455
v -0.19801229 1.94376407 -0.14447453
v -0.19801229 1.94376408 -0.17965912
v -0.19801229 1.73395093 -0.17965914
v -0.19801229 1.73395093 -0.17965914
v -0.19801229 1.94376408 -0.17965912
v 0.07435732 1.94376408 -0.17965912
v 0.07435732 1.73395093 -0.17965914
v 0.07435732 1.94376407 -0.14447453
v 0.07435732 1.73395091 -0.14447455
v -0.19801229 1.94376407 -0.14447453
v -0.19801229 1.73395091 -0.14447455
v -0.19801229 1.73395093 -0.17965914
v -0.19801229 1.73395091 -0.14447455
v -0.19801229 1.94376408 -0.17965912
v -0.19801229 1.94376407 -0.14447453
v -0.19801229 1.73395104 -0.07186614
v -0.19801229 1.91640441 -0.07186611
v -0.19801229 1.91640442 -0.10705071
v -0.19801229 1.73395105 -0.10705073
v -0.19801229 1.73395105 -0.10705073
v -0.19801229 1.91640442 -0.10705071
v 0.07435732 1.91640442 -0.10705071
v 0.07435732 1.73395105 -0.10705073
v 0.07435732 1.91640441 -0.07186611
v 0.07435732 1.73395104 -0.07186614
v -0.19801229 1.91640441 -0.07186611
v -0.19801229 1.73395104 -0.07186614
v -0.19801229 1.73395105 -0.10705073
v -0.19801229 1.73395104 -0.07186614
v -0.19801229 1.91640442 -0.10705071
v -0.19801229 1.91640441 -0.07186611
v -0.19801229 1.73726095 0.06196361
v -0.19801229 1.96247267 0.08055654
v -0.19801229 1.96536758 0.04549125
v -0.19801229 1.74015586 0.02689832
v -0.19801229 1.74015586 0.02689832
v -0.19801229 1.96536758 0.04549125
v 0.07435732 1.96536758 0.04549125
v 0.07435732 1.74015586 0.02689832
v 0.07435732 1.96247267 0.08055654
v 0.07435732 1.73726095 0.06196361
v -0.19801229 1.96247267 0.08055654
v -0.19801229 1.73726095 0.06196361
v -0.19801229 1.74015586 0.02689832
v -0.19801229 1.73726095 0.06196361
v -0.19801229 1.96536758 0.04549125
v -0.19801229 1.96247267 0.08055654
v -0.19801229 1.44451342 -0.71830606
v -0.19801229 1.64592221 -0.71830608
v -0.19801229 1.64592221 -0.75349049
v -0.19801229 1.44451339 -0.75349048
v -0.19801229 1.44451339 -0.75349048
v -0.19801229 1.64592221 -0.75349049
v 0.07435732 1.64592221 -0.75349049
v 0.07435732 1.44451339 -0.75349048
v 0.07435732 1.64592221 -0.71830608
v 0.07435732 1.44451342 -0.71830606
v -0.19801229 1.64592221 -0.71830608
v -0.19801229 1.44451342 -0.71830606
v -0.19801229 1.44451339 -0.75349048
v -0.19801229 1.44451342 -0.71830606
v -0.19801229 1.64592221 -0.75349049
v -0.19801229 1.64592221 -0.71830608
v -0.19801229 1.44976703 -0.38857987
v -0.19801229 1.60507005 -0.42092826
v -0.19801229 1.5978954 -0.4553734
v -0.19801229 1.44259237 -0.423025
v -0.19801229 1.44259237 -0.423025
v -0.19801229 1.5978954 -0.4553734
v 0.07435732 1.5978954 -0.4553734
v 0.07435732 1.44259237 -0.423025
v 0.07435732 1.60507005 -0.42092826
v 0.07435732 1.44976703 -0.38857987
v -0.19801229 1.60507005 -0.42092826
v -0.19801229 1.44976703 -0.38857987
v -0.19801229 1.44259237 -0.423025
v -0.19801229 1.44976703 -0.38857987
v -0.19801229 1.5978954 -0.4553734
v -0.19801229 1.60507005 -0.42092826
v -0.19801229 1.45063957 0.15848444
v -0.19801229 1.65978353 0.17447596
v -0.19801229 1.66246599 0.13939383
v -0.19801229 1.45332205 0.12340232
v -0.19801229 1.45332205 0.12340232
v -0.19801229 1.66246599 0.13939383
v 0.07435732 1.66246599 0.13939383
v 0.07435732 1.45332205 0.12340232
v 0.07435732 1.65978353 0.17447596
v 0.07435732 1.45063957 0.15848444
v -0.19801229 1.65978353 0.17447596
v -0.19801229 1.45063957 0.15848444
v -0.19801229 1.45332205 0.12340232
v -0.19801229 1.45063957 0.15848444
v -0.19801229 1.66246599 0.13939383
v -0.19801229 1.65978353 0.17447596
v -0.19801229 1.44451361 -1.23279456
v -0.19801229 1.65584998 -1.23279459
v -0.19801229 1.65584996 -1.267979
v -0.19801229 1.4445136 -1.26797912
v -0.19801229 1.4445136 -1.26797912
v -0.19801229 1.65584996 -1.267979
v 0.07435732 1.65584996 -1.267979
v 0.07435732 1.4445136 -1.26797912
v 0.07435732 1.65584998 -1.23279459
v 0.07435732 1.44451361 -1.23279456
v -0.19801229 1.65584998 -1.23279459
v -0.19801229 1.44451361 -1.23279456
v -0.19801229 1.4445136 -1.26797912
v -0.19801229 1.44451361 -1.23279456
v -0.19801229 1.65584996 -1.267979
v -0.19801229 1.65584998 -1.23279459
v -0.19801229 1.44451349 -1.08757727
v -0.19801229 1.65640144 -1.08757726
v -0.19801229 1.65640144 -1.12276167
v -0.19801229 1.44451351 -1.12276168
v -0.19801229 1.44451351 -1.12276168
v -0.19801229 1.65640144 -1.12276167
v 0.07435732 1.65640144 -1.12276167
v 0.07435732 1.44451351 -1.12276168
v 0.07435732 1.65640144 -1.08757726
v 0.07435732 1.44451349 -1.08757727
v -0.19801229 1.65640144 -1.08757726
v -0.19801229 1.44451349 -1.08757727
v -0.19801229 1.44451351 -1.12276168
v -0.19801229 1.44451349 -1.08757727
v -0.19801229 1.65640144 -1.12276167
v -0.19801229 1.65640144 -1.08757726
v -0.19801229 1.44451348 -0.94236012
v -0.19801229 1.67686442 -0.94236016
v -0.19801229 1.67686442 -0.97754458
v -0.19801229 1.44451351 -0.97754452
v -0.19801229 1.44451351 -0.97754452
v -0.19801229 1.67686442 -0.97754458
v 0.07435732 1.67686442 -0.97754458
v 0.07435732 1.44451351 -0.97754452
v 0.07435732 1.67686442 -0.94236016
v 0.07435732 1.44451348 -0.94236012
v -0.19801229 1.67686442 -0.94236016
v -0.19801229 1.44451348 -0.94236012
v -0.19801229 1.44451351 -0.97754452
v -0.19801229 1.44451348 -0.94236012
v -0.19801229 1.67686442 -0.97754458
v -0.19801229 1.67686442 -0.94236016
v -0.19801229 1.44451367 -0.31140078
v -0.19801229 1.65620468 -0.31140077
v -0.19801229 1.65620468 -0.34658518
v -0.19801229 1.44451369 -0.34658519
v -0.19801229 1.44451369 -0.34658519
v -0.19801229 1.65620468 -0.34658518
v 0.07435732 1.65620468 -0.34658518
v 0.07435732 1.44451369 -0.34658519
v 0.07435732 1.65620468 -0.31140077
v 0.07435732 1.44451367 -0.31140078
v -0.19801229 1.65620468 -0.31140077
v -0.19801229 1.44451367 -0.31140078
v -0.19801229 1.44451369 -0.34658519
v -0.19801229 1.44451367 -0.31140078
v -0.19801229 1.65620468 -0.34658518
v -0.19801229 1.65620468 -0.31140077
v -0.19801229 1.44845865 -0.2352519
v -0.19801229 1.63662676 -0.2475786
v -0.19801229 1.6343268 -0.28268778
v -0.19801229 1.44615871 -0.27036108
v 0.07435732 1.6343268 -0.28268778
v 0.07435732 1.44615871 -0.27036108
v 0.07435732 1.63662676 -0.2475786
v 0.07435732 1.44845865 -0.2352519
v -0.19801229 1.63662676 -0.2475786
v -0.19801229 1.44845865 -0.2352519
v -0.19801229 1.44615871 -0.27036108
v -0.19801229 1.44845865 -0.2352519
v -0.19801229 1.6343268 -0.28268778
v -0.19801229 1.63662676 -0.2475786
v -0.19801229 1.43933895 -0.01640909
v -0.19801229 1.64915211 -0.01640908
v -0.19801229 1.6491521 -0.05159367
v -0.19801229 1.43933894 -0.05159369
v -0.19801229 1.43933894 -0.05159369
v -0.19801229 1.6491521 -0.05159367
v 0.07435732 1.6491521 -0.05159367
v 0.07435732 1.43933894 -0.05159369
v 0.07435732 1.64915211 -0.01640908
v 0.07435732 1.43933895 -0.01640909
v -0.19801229 1.64915211 -0.01640908
v -0.19801229 1.43933895 -0.01640909
v -0.19801229 1.43933894 -0.05159369
v -0.19801229 1.43933895 -0.01640909
v -0.19801229 1.6491521 -0.05159367
v -0.19801229 1.64915211 -0.01640908
v -0.19801229 0.85405541 -0.88396866
v -0.19801229 1.0589103 -0.88815539
v -0.19801229 1.05819137 -0.92333247
v -0.19801229 0.85333648 -0.91914574
v -0.19801229 0.85333648 -0.91914574
v -0.19801229 1.05819137 -0.92333247
v 0.07435732 1.05819137 -0.92333247
v 0.07435732 0.85333648 -0.91914574
v 0.07435732 1.0589103 -0.88815539
v 0.07435732 0.85405541 -0.88396866
v -0.19801229 1.0589103 -0.88815539
v -0.19801229 0.85405541 -0.88396866
v -0.19801229 0.85333648 -0.91914574
v -0.19801229 0.85405541 -0.88396866
v -0.19801229 1.05819137 -0.92333247
v -0.19801229 1.0589103 -0.88815539
v -0.19801229 0.86429702 -0.4716051
v -0.19801229 1.08055316 -0.53009718
v -0.19801229 1.07136669 -0.56406118
v -0.19801229 0.8551105 -0.50556911
v -0.19801229 0.8551105 -0.50556911
v -0.19801229 1.07136669 -0.56406118
v 0.07435732 1.07136669 -0.56406118
v 0.07435732 0.8551105 -0.50556911
v 0.07435732 1.08055316 -0.53009718
v 0.07435732 0.86429702 -0.4716051
v -0.19801229 1.08055316 -0.53009718
v -0.19801229 0.86429702 -0.4716051
v -0.19801229 0.8551105 -0.50556911
v -0.19801229 0.86429702 -0.4716051
v -0.19801229 1.07136669 -0.56406118
v -0.19801229 1.08055316 -0.53009718
v -0.19801229 0.85428963 0.02650556
v -0.19801229 1.06343364 0.04249709
v -0.19801229 1.06611607 0.00741495
v -0.19801229 0.85697211 -0.00857656
v -0.19801229 0.85697211 -0.00857656
v -0.19801229 1.06611607 0.00741495
v 0.07435732 1.06611607 0.00741495
v 0.07435732 0.85697211 -0.00857656
v 0.07435732 1.06343364 0.04249709
v 0.07435732 0.85428963 0.02650556
v -0.19801229 1.06343364 0.04249709
v -0.19801229 0.85428963 0.02650556
v -0.19801229 0.85697211 -0.00857656
v -0.19801229 0.85428963 0.02650556
v -0.19801229 1.06611607 0.00741495
v -0.19801229 1.06343364 0.04249709
v -0.19801229 0.85011566 -1.43423225
v -0.19801229 1.0794752 -1.43423218
v -0.19801229 1.07947517 -1.4694166
v -0.19801229 0.85011563 -1.46941667
v -0.19801229 0.85011563 -1.46941667
v -0.19801229 1.07947517 -1.4694166
v 0.07435732 1.07947517 -1.4694166
v 0.07435732 0.85011563 -1.46941667
v 0.07435732 1.0794752 -1.43423218
v 0.07435732 0.85011566 -1.43423225
v -0.19801229 1.0794752 -1.43423218
v -0.19801229 0.85011566 -1.43423225
v -0.19801229 0.85011563 -1.46941667
v -0.19801229 0.85011566 -1.43423225
v -0.19801229 1.07947517 -1.4694166
v -0.19801229 1.0794752 -1.43423218
v -0.19801229 0.85011612 -1.28901461
v -0.19801229 1.09757079 -1.28901466
v -0.19801229 1.09757077 -1.32419908
v -0.19801229 0.85011609 -1.32419902
v -0.19801229 0.85011609 -1.32419902
v -0.19801229 1.09757077 -1.32419908
v 0.07435732 1.09757077 -1.32419908
v 0.07435732 0.85011609 -1.32419902
v 0.07435732 1.09757079 -1.28901466
v 0.07435732 0.85011612 -1.28901461
v -0.19801229 1.09757079 -1.28901466
v -0.19801229 0.85011612 -1.28901461
v -0.19801229 0.85011609 -1.32419902
v -0.19801229 0.85011612 -1.28901461
v -0.19801229 1.09757077 -1.32419908
v -0.19801229 1.09757079 -1.28901466
v -0.19801229 0.85011598 -1.14379718
v -0.19801229 1.07051137 -1.14379725
v -0.19801229 1.07051135 -1.17898166
v -0.19801229 0.85011596 -1.17898159
v -0.19801229 0.85011596 -1.17898159
v -0.19801229 1.07051135 -1.17898166
v 0.07435732 1.07051135 -1.17898166
v 0.07435732 0.85011596 -1.17898159
v 0.07435732 1.07051137 -1.14379725
v 0.07435732 0.85011598 -1.14379718
v -0.19801229 1.07051137 -1.14379725
v -0.19801229 0.85011598 -1.14379718
v -0.19801229 0.85011596 -1.17898159
v -0.19801229 0.85011598 -1.14379718
v -0.19801229 1.07051135 -1.17898166
v -0.19801229 1.07051137 -1.14379725
v -0.19801229 0.85011602 -0.32599585
v -0.19801229 1.09898439 -0.32599587
v -0.19801229 1.09898436 -0.36118028
v -0.19801229 0.850116 -0.36118031
v -0.19801229 0.850116 -0.36118031
v -0.19801229 1.09898436 -0.36118028
v 0.07435732 1.09898436 -0.36118028
v 0.07435732 0.850116 -0.36118031
v 0.07435732 1.09898439 -0.32599587
v 0.07435732 0.85011602 -0.32599585
v -0.19801229 1.09898439 -0.32599587
v -0.19801229 0.85011602 -0.32599585
v -0.19801229 0.850116 -0.36118031
v -0.19801229 0.85011602 -0.32599585
v -0.19801229 1.09898436 -0.36118028
v -0.19801229 1.09898439 -0.32599587
v -0.19801229 0.85011561 -0.07186632
v -0.19801229 1.03256894 -0.0718663
v -0.19801229 1.03256893 -0.1070509
v -0.19801229 0.8501156 -0.10705091
v 0.07435732 1.03256893 -0.1070509
v 0.07435732 0.8501156 -0.10705091
v 0.07435732 1.03256894 -0.0718663
v 0.07435732 0.85011561 -0.07186632
v -0.19801229 1.03256894 -0.0718663
v -0.19801229 0.85011561 -0.07186632
v -0.19801229 0.8501156 -0.10705091
v -0.19801229 0.85011561 -0.07186632
v -0.19801229 1.03256893 -0.1070509
v -0.19801229 1.03256894 -0.0718663
v -0.19801229 0.85011572 0.26261356
v -0.19801229 1.07972902 0.26261356
v -0.19801229 1.07972906 0.22742898
v -0.19801229 0.85011571 0.22742897
v -0.19801229 0.85011571 0.22742897
v -0.19801229 1.07972906 0.22742898
v 0.07435732 1.07972906 0.22742898
v 0.07435732 0.85011571 0.22742897
v 0.07435732 1.07972902 0.26261356
v 0.07435732 0.85011572 0.26261356
v -0.19801229 1.07972902 0.26261356
v -0.19801229 0.85011572 0.26261356
v -0.19801229 0.85011571 0.22742897
v -0.19801229 0.85011572 0.26261356
v -0.19801229 1.07972906 0.22742898
v -0.19801229 1.07972902 0.26261356
v -0.19801229 0.85011614 0.37152591
v -0.19801229 1.08330387 0.37152591
v -0.19801229 1.08330386 0.33634132
v -0.19801229 0.85011613 0.33634132
v -0.19801229 0.85011613 0.33634132
v -0.19801229 1.08330386 0.33634132
v 0.07435732 1.08330386 0.33634132
v 0.07435732 0.85011613 0.33634132
v 0.07435732 1.08330387 0.37152591
v 0.07435732 0.85011614 0.37152591
v -0.19801229 1.08330387 0.37152591
v -0.19801229 0.85011614 0.37152591
v -0.19801229 0.85011613 0.33634132
v -0.19801229 0.85011614 0.37152591
v -0.19801229 1.08330386 0.33634132
v -0.19801229 1.08330387 0.37152591
v -0.19801229 0.85011576 0.48043896
v -0.19801229 1.06347508 0.48043896
v -0.19801229 1.06347507 0.44525436
v -0.19801229 0.85011585 0.44525437
v -0.19801229 0.85011585 0.44525437
v -0.19801229 1.06347507 0.44525436
v 0.07435732 1.06347507 0.44525436
v 0.07435732 0.85011585 0.44525437
v 0.07435732 1.06347508 0.48043896
v 0.07435732 0.85011576 0.48043896
v -0.19801229 1.06347508 0.48043896
v -0.19801229 0.85011576 0.48043896
v -0.19801229 0.85011585 0.44525437
v -0.19801229 0.85011576 0.48043896
v -0.19801229 1.06347507 0.44525436
v -0.19801229 1.06347508 0.48043896
v -0.19801229 0.85011596 0.66195991
v -0.19801229 1.09405653 0.66195994
v -0.19801229 1.09405652 0.62677535
v -0.19801229 0.85011596 0.62677532
v -0.19801229 0.85011596 0.62677532
v -0.19801229 1.09405652 0.62677535
v 0.07435732 1.09405652 0.62677535
v 0.07435732 0.85011596 0.62677532
v 0.07435732 1.09405653 0.66195994
v 0.07435732 0.85011596 0.66195991
v -0.19801229 1.09405653 0.66195994
v -0.19801229 0.85011596 0.66195991
v -0.19801229 0.85011596 0.62677532
v -0.19801229 0.85011596 0.66195991
v -0.19801229 1.09405652 0.62677535
v -0.19801229 1.09405653 0.66195994
v -0.19801229 0.85216993 0.8789049
v -0.19801229 1.0400456 0.90677179
v -0.19801229 1.04520793 0.87196806
v -0.19801229 0.85733221 0.84410116
v -0.19801229 0.85733221 0.84410116
v -0.19801229 1.04520793 0.87196806
v 0.07435732 1.04520793 0.87196806
v 0.07435732 0.85733221 0.84410116
v 0.07435732 1.0400456 0.90677179
v 0.07435732 0.85216993 0.8789049
v -0.19801229 1.0400456 0.90677179
v -0.19801229 0.85216993 0.8789049
v -0.19801229 0.85733221 0.84410116
v -0.19801229 0.85216993 0.8789049
v -0.19801229 1.04520793 0.87196806
v -0.19801229 1.0400456 0.90677179
v -0.19801229 0.850116 0.93973618
v -0.19801229 1.0761669 0.93973615
v -0.19801229 1.07616688 0.90455162
v -0.19801229 0.85011599 0.90455162
v -0.19801229 0.85011599 0.90455162
v -0.19801229 1.07616688 0.90455162
v 0.07435732 1.07616688 0.90455162
v 0.07435732 0.85011599 0.90455162
v 0.07435732 1.0761669 0.93973615
v 0.07435732 0.850116 0.93973618
v -0.19801229 1.0761669 0.93973615
v -0.19801229 0.850116 0.93973618
v -0.19801229 0.85011599 0.90455162
v -0.19801229 0.850116 0.93973618
v -0.19801229 1.15089188 -1.48277328
v -0.19801229 1.37557562 -1.50759779
v -0.19801229 1.37943949 -1.47262607
v -0.19801229 1.15475577 -1.4478017
v -0.19801229 1.15475577 -1.4478017
v -0.19801229 1.37943949 -1.47262607
v 0.07435733 1.37943949 -1.47262607
v 0.07435733 1.15475577 -1.4478017
v 0.07435733 1.37557562 -1.50759779
v 0.07435733 1.15089188 -1.48277328
v -0.19801229 1.37557562 -1.50759779
v -0.19801229 1.15089188 -1.48277328
v -0.19801229 1.15475577 -1.4478017
v -0.19801229 1.15089188 -1.48277328
v -0.19801229 1.15082311 -1.27810026
v -0.19801229 1.36657148 -1.30193751
v -0.19801229 1.37043533 -1.26696565
v -0.19801229 1.15468696 -1.2431284
v -0.19801229 1.15468696 -1.2431284
v -0.19801229 1.37043533 -1.26696565
v 0.07435733 1.37043533 -1.26696565
v 0.07435733 1.15468696 -1.2431284
v 0.07435733 1.36657148 -1.30193751
v 0.07435733 1.15082311 -1.27810026
v -0.19801229 1.36657148 -1.30193751
v -0.19801229 1.15082311 -1.27810026
v -0.19801229 1.15468696 -1.2431284
v -0.19801229 1.15082311 -1.27810026
v -0.19801229 1.37043533 -1.26696565
v -0.19801229 1.36657148 -1.30193751
v -0.19801229 1.15063648 -1.17218114
v -0.19801229 1.31229332 -1.19004197
v -0.19801229 1.31615719 -1.15507025
v -0.19801229 1.1545004 -1.13720942
v -0.19801229 1.1545004 -1.13720942
v -0.19801229 1.31615719 -1.15507025
v 0.07435733 1.31615719 -1.15507025
v 0.07435733 1.1545004 -1.13720942
v 0.07435733 1.31229332 -1.19004197
v 0.07435733 1.15063648 -1.17218114
v -0.19801229 1.31229332 -1.19004197
v -0.19801229 1.15063648 -1.17218114
v -0.19801229 1.1545004 -1.13720942
v -0.19801229 1.15063648 -1.17218114
v -0.19801229 1.31615719 -1.15507025
v -0.19801229 1.31229332 -1.19004197
v -0.19801229 1.15077468 -0.87816191
v -0.19801229 1.37721247 -0.90318013
v -0.19801229 1.38107639 -0.8682084
v -0.19801229 1.15463856 -0.84319019
v -0.19801229 1.15463856 -0.84319019
v -0.19801229 1.38107639 -0.8682084
v 0.07435733 1.38107639 -0.8682084
v 0.07435733 1.15463856 -0.84319019
v 0.07435733 1.37721247 -0.90318013
v 0.07435733 1.15077468 -0.87816191
v -0.19801229 1.37721247 -0.90318013
v -0.19801229 1.15077468 -0.87816191
v -0.19801229 1.15463856 -0.84319019
v -0.19801229 1.15077468 -0.87816191
v -0.19801229 1.38107639 -0.8682084
v -0.19801229 1.37721247 -0.90318013
v -0.19801229 1.15071353 -0.69462508
v -0.19801229 1.34812331 -0.71889275
v -0.19801229 1.35241625 -0.68397105
v -0.19801229 1.15500652 -0.65970338
v 0.07435733 1.35241625 -0.68397105
v 0.07435733 1.15500652 -0.65970338
v 0.07435733 1.34812331 -0.71889275
v 0.07435733 1.15071353 -0.69462508
v -0.19801229 1.34812331 -0.71889275
v -0.19801229 1.15071353 -0.69462508
v -0.19801229 1.15500652 -0.65970338
v -0.19801229 1.15071353 -0.69462508
v -0.19801229 1.35241625 -0.68397105
v -0.19801229 1.34812331 -0.71889275
v -0.19801229 1.14661788 -0.48904058
v -0.19801229 1.32907123 -0.48900359
v -0.19801229 1.3290641 -0.45381894
v -0.19801229 1.1466107 -0.45385602
v -0.19801229 1.1466107 -0.45385602
v -0.19801229 1.3290641 -0.45381894
v 0.07435733 1.3290641 -0.45381894
v 0.07435733 1.1466107 -0.45385602
v 0.07435733 1.32907123 -0.48900359
v 0.07435733 1.14661788 -0.48904058
v -0.19801229 1.32907123 -0.48900359
v -0.19801229 1.14661788 -0.48904058
v -0.19801229 1.1466107 -0.45385602
v -0.19801229 1.14661788 -0.48904058
v -0.19801229 1.3290641 -0.45381894
v -0.19801229 1.32907123 -0.48900359
v -0.19801229 1.14660313 -0.41643232
v -0.19801229 1.35641626 -0.41638977
v -0.19801229 1.35640914 -0.3812052
v -0.19801229 1.14659601 -0.38124775
v -0.19801229 1.14659601 -0.38124775
v -0.19801229 1.35640914 -0.3812052
v 0.07435733 1.35640914 -0.3812052
v 0.07435733 1.14659601 -0.38124775
v 0.07435733 1.35641626 -0.41638977
v 0.07435733 1.14660313 -0.41643232
v -0.19801229 1.35641626 -0.41638977
v -0.19801229 1.14660313 -0.41643232
v -0.19801229 1.14659601 -0.38124775
v -0.19801229 1.14660313 -0.41643232
v -0.19801229 1.35640914 -0.3812052
v -0.19801229 1.35641626 -0.41638977
v -0.19801229 1.14657375 -0.27121542
v -0.19801229 1.37600419 -0.27116884
v -0.19801229 1.37599703 -0.23598442
v -0.19801229 1.14656659 -0.236031
v -0.19801229 1.14656659 -0.236031
v -0.19801229 1.37599703 -0.23598442
v 0.07435733 1.37599703 -0.23598442
v 0.07435733 1.14656659 -0.236031
v 0.07435733 1.37600419 -0.27116884
v 0.07435733 1.14657375 -0.27121542
v -0.19801229 1.37600419 -0.27116884
v -0.19801229 1.14657375 -0.27121542
v -0.19801229 1.14656659 -0.236031
v -0.19801229 1.14657375 -0.27121542
v -0.19801229 1.37599703 -0.23598442
v -0.19801229 1.37600419 -0.27116884
v -0.19801229 1.14878516 -0.03584568
v -0.19801229 1.30655808 -0.01931801
v -0.19801229 1.30289234 0.01567498
v -0.19801229 1.14511947 -0.00085269
v -0.19801229 1.14511947 -0.00085269
v -0.19801229 1.30289234 0.01567498
v 0.07435733 1.30289234 0.01567498
v 0.07435733 1.14511947 -0.00085269
v 0.07435733 1.30655808 -0.01931801
v 0.07435733 1.14878516 -0.03584568
v -0.19801229 1.30655808 -0.01931801
v -0.19801229 1.14878516 -0.03584568
v -0.19801229 1.14511947 -0.00085269
v -0.19801229 1.14878516 -0.03584568
v -0.19801229 1.30289234 0.01567498
v -0.19801229 1.30655808 -0.01931801
v -0.19801229 1.15562952 0.26686491
v -0.19801229 1.35595714 0.2877058
v -0.19801229 1.35231646 0.32270142
v -0.19801229 1.15198878 0.30186052
v -0.19801229 1.15198878 0.30186052
v -0.19801229 1.35231646 0.32270142
v 0.07435733 1.35231646 0.32270142
v 0.07435733 1.15198878 0.30186052
v 0.07435733 1.35595714 0.2877058
v 0.07435733 1.15562952 0.26686491
v -0.19801229 1.35595714 0.2877058
v -0.19801229 1.15562952 0.26686491
v -0.19801229 1.15198878 0.30186052
v -0.19801229 1.15562952 0.26686491
v -0.19801229 1.35231646 0.32270142
v -0.19801229 1.35595714 0.2877058
v -0.19801229 1.15562011 0.56254683
v -0.19801229 1.3748323 0.5853524
v -0.19801229 1.3711916 0.62034794
v -0.19801229 1.15197937 0.59754244
v -0.19801229 1.15197937 0.59754244
v -0.19801229 1.3711916 0.62034794
v 0.07435733 1.3711916 0.62034794
v 0.07435733 1.15197937 0.59754244
v 0.07435733 1.3748323 0.5853524
v 0.07435733 1.15562011 0.56254683
v -0.19801229 1.3748323 0.5853524
v -0.19801229 1.15562011 0.56254683
v -0.19801229 1.15197937 0.59754244
v -0.19801229 1.15562011 0.56254683
v -0.19801229 1.3711916 0.62034794
v -0.19801229 1.3748323 0.5853524
v -0.19801229 1.15543009 0.67468959
v -0.19801229 1.31243188 0.69102305
v -0.19801229 1.30879115 0.72601858
v -0.19801229 1.1517894 0.7096852
v -0.19801229 1.1517894 0.7096852
v -0.19801229 1.30879115 0.72601858
v 0.07435733 1.30879115 0.72601858
v 0.07435733 1.1517894 0.7096852
v 0.07435733 1.31243188 0.69102305
v 0.07435733 1.15543009 0.67468959
v -0.19801229 1.31243188 0.69102305
v -0.19801229 1.15543009 0.67468959
v -0.19801229 1.1517894 0.7096852
v -0.19801229 1.15543009 0.67468959
v -0.19801229 1.30879115 0.72601858
v -0.19801229 1.31243188 0.69102305
v -0.19801229 -0.01948385 0.2450863
v -0.19801229 0.18192489 0.24508629
v -0.19801229 0.18192492 0.28027073
v -0.19801229 -0.01948383 0.28027074
v -0.19801229 -0.01948383 0.28027074
v -0.19801229 0.18192492 0.28027073
v 0.07435732 0.18192492 0.28027073
v 0.07435732 -0.01948383 0.28027074
v 0.07435732 0.18192489 0.24508629
v 0.07435732 -0.01948385 0.2450863
v -0.19801229 0.18192489 0.24508629
v -0.19801229 -0.01948385 0.2450863
v -0.19801229 -0.01948383 0.28027074
v -0.19801229 -0.01948385 0.2450863
v -0.19801229 0.18192492 0.28027073
v -0.19801229 0.18192489 0.24508629
v -0.19801229 -0.01948432 0.13617342
v -0.19801229 0.1695146 0.13617343
v -0.19801229 0.16951462 0.17135787
v -0.19801229 -0.01948429 0.17135787
v -0.19801229 -0.01948429 0.17135787
v -0.19801229 0.16951462 0.17135787
v 0.07435732 0.16951462 0.17135787
v 0.07435732 -0.01948429 0.17135787
v 0.07435732 0.1695146 0.13617343
v 0.07435732 -0.01948432 0.13617342
v -0.19801229 0.1695146 0.13617343
v -0.19801229 -0.01948432 0.13617342
v -0.19801229 -0.01948429 0.17135787
v -0.19801229 -0.01948432 0.13617342
v -0.19801229 0.16951462 0.17135787
v -0.19801229 0.1695146 0.13617343
v -0.19801229 -0.00408546 -0.68520174
v -0.19801229 0.19838751 -0.630415
v -0.19801229 0.18919753 -0.59645186
v -0.19801229 -0.01327544 -0.65123861
v -0.19801229 -0.01327544 -0.65123861
v -0.19801229 0.18919753 -0.59645186
v 0.07435732 0.18919753 -0.59645186
v 0.07435732 -0.01327544 -0.65123861
v 0.07435732 0.19838751 -0.630415
v 0.07435732 -0.00408546 -0.68520174
v -0.19801229 0.19838751 -0.630415
v -0.19801229 -0.00408546 -0.68520174
v -0.19801229 -0.01327544 -0.65123861
v -0.19801229 -0.00408546 -0.68520174
v -0.19801229 0.18919753 -0.59645186
v -0.19801229 0.19838751 -0.630415
v -0.19801229 -0.01948429 0.79587904
v -0.19801229 0.17711069 0.79587903
v -0.19801229 0.17711072 0.83106345
v -0.19801229 -0.01948427 0.83106345
v -0.19801229 -0.01948427 0.83106345
v -0.19801229 0.17711072 0.83106345
v 0.07435732 0.17711072 0.83106345
v 0.07435732 -0.01948427 0.83106345
v 0.07435732 0.17711069 0.79587903
v 0.07435732 -0.01948429 0.79587904
v -0.19801229 0.17711069 0.79587903
v -0.19801229 -0.01948429 0.79587904
v -0.19801229 -0.01948427 0.83106345
v -0.19801229 -0.01948429 0.79587904
v -0.19801229 0.17711072 0.83106345
v -0.19801229 0.17711069 0.79587903
v -0.19801229 -0.01948362 0.36022717
v -0.19801229 0.15261735 0.36022716
v -0.19801229 0.15261737 0.39541161
v -0.19801229 -0.0194838 0.3954116
v -0.19801229 -0.0194838 0.3954116
v -0.19801229 0.15261737 0.39541161
v 0.07435732 0.15261737 0.39541161
v 0.07435732 -0.0194838 0.3954116
v 0.07435732 0.15261735 0.36022716
v 0.07435732 -0.01948362 0.36022717
v -0.19801229 0.15261735 0.36022716
v -0.19801229 -0.01948362 0.36022717
v -0.19801229 -0.0194838 0.3954116
v -0.19801229 -0.01948362 0.36022717
v -0.19801229 0.15261737 0.39541161
v -0.19801229 0.15261735 0.36022716
v -0.19801229 -0.01553865 -0.23796801
v -0.19801229 0.17262943 -0.22564129
v -0.19801229 0.17032954 -0.19053208
v -0.19801229 -0.01783864 -0.20285881
v -0.19801229 -0.01783864 -0.20285881
v -0.19801229 0.17032954 -0.19053208
v 0.07435732 0.17032954 -0.19053208
v 0.07435732 -0.01783864 -0.20285881
v 0.07435732 0.17262943 -0.22564129
v 0.07435732 -0.01553865 -0.23796801
v -0.19801229 0.17262943 -0.22564129
v -0.19801229 -0.01553865 -0.23796801
v -0.19801229 -0.01783864 -0.20285881
v -0.19801229 -0.01553865 -0.23796801
v -0.19801229 0.17032954 -0.19053208
v -0.19801229 0.17262943 -0.22564129
v -0.19801229 -0.0246581 -0.27528979
v -0.19801229 0.22421017 -0.27528981
v -0.19801229 0.22421019 -0.24010536
v -0.19801229 -0.02465828 -0.24010536
v -0.19801229 -0.02465828 -0.24010536
v -0.19801229 0.22421019 -0.24010536
v 0.07435732 0.22421019 -0.24010536
v 0.07435732 -0.02465828 -0.24010536
v 0.07435732 0.22421017 -0.27528981
v 0.07435732 -0.0246581 -0.27528979
v -0.19801229 0.22421017 -0.27528981
v -0.19801229 -0.0246581 -0.27528979
v -0.19801229 -0.02465828 -0.24010536
v -0.19801229 -0.0246581 -0.27528979
v -0.19801229 0.22421019 -0.24010536
v -0.19801229 0.22421017 -0.27528981
v -0.19801229 -0.01396953 -0.56963694
v -0.19801229 0.19394566 -0.56963695
v -0.19801229 0.19394566 -0.53445232
v -0.19801229 -0.01396952 -0.53445231
v -0.19801229 -0.01396952 -0.53445231
v -0.19801229 0.19394566 -0.53445232
v 0.07435732 0.19394566 -0.53445232
v 0.07435732 -0.01396952 -0.53445231
v 0.07435732 0.19394566 -0.56963695
v 0.07435732 -0.01396953 -0.56963694
v -0.19801229 0.19394566 -0.56963695
v -0.19801229 -0.01396953 -0.56963694
v -0.19801229 -0.01396952 -0.53445231
v -0.19801229 -0.01396953 -0.56963694
v -0.19801229 0.19394566 -0.53445232
v -0.19801229 0.19394566 -0.56963695
v -0.19801229 0.14471796 -0.77595688
v -0.19801229 -0.02087273 -0.96241606
v -0.19801229 0.005435 -0.9857796
v -0.19801229 0.17102568 -0.79932035
v -0.19801229 0.17102568 -0.79932035
v -0.19801229 0.005435 -0.9857796
v 0.07435732 0.005435 -0.9857796
v 0.07435732 0.17102568 -0.79932035
v 0.07435732 -0.02087273 -0.96241606
v 0.07435732 0.14471796 -0.77595688
v -0.19801229 -0.02087273 -0.96241606
v -0.19801229 0.14471796 -0.77595688
v -0.19801229 0.17102568 -0.79932035
v -0.19801229 0.14471796 -0.77595688
v -0.19801229 0.005435 -0.9857796
v -0.19801229 -0.02087273 -0.96241606
v -0.19801229 -0.02465779 -1.51692024
v -0.19801229 0.2049187 -1.51692015
v -0.19801229 0.20491871 -1.48173559
v -0.19801229 -0.02465778 -1.48173568
v -0.19801229 -0.02465778 -1.48173568
v -0.19801229 0.20491871 -1.48173559
v 0.07435732 0.20491871 -1.48173559
v 0.07435732 -0.02465778 -1.48173568
v 0.07435732 0.2049187 -1.51692015
v 0.07435732 -0.02465779 -1.51692024
v -0.19801229 0.2049187 -1.51692015
v -0.19801229 -0.02465779 -1.51692024
v -0.19801229 -0.02465778 -1.48173568
v -0.19801229 -0.02465779 -1.51692024
v -0.19801229 0.20491871 -1.48173559
v -0.19801229 0.2049187 -1.51692015
v -0.19801229 0.27616763 0.17014963
v -0.19801229 0.46516645 0.17014962
v -0.19801229 0.46516647 0.20533407
v -0.19801229 0.27616766 0.20533407
v -0.19801229 0.27616766 0.20533407
v -0.19801229 0.46516647 0.20533407
v 0.07435732 0.46516647 0.20533407
v 0.07435732 0.27616766 0.20533407
v 0.07435732 0.46516645 0.17014962
v 0.07435732 0.27616763 0.17014963
v -0.19801229 0.46516645 0.17014962
v -0.19801229 0.27616763 0.17014963
v -0.19801229 0.27616766 0.20533407
v -0.19801229 0.27616763 0.17014963
v -0.19801229 0.46516647 0.20533407
v -0.19801229 0.46516645 0.17014962
v -0.19801229 0.28001297 0.06269463
v -0.19801229 0.50774084 0.03648573
v -0.19801229 0.51176369 0.07143946
v -0.19801229 0.28403582 0.09764835
v -0.19801229 0.28403582 0.09764835
v -0.19801229 0.51176369 0.07143946
v 0.07435732 0.51176369 0.07143946
v 0.07435732 0.28403582 0.09764835
v 0.07435732 0.50774084 0.03648573
v 0.07435732 0.28001297 0.06269463
v -0.19801229 0.50774084 0.03648573
v -0.19801229 0.28001297 0.06269463
v -0.19801229 0.28403582 0.09764835
v -0.19801229 0.28001297 0.06269463
v -0.19801229 0.51176369 0.07143946
v -0.19801229 0.50774084 0.03648573
v -0.19801229 0.27616769 0.75724634
v -0.19801229 0.50214489 0.75724634
v -0.19801229 0.50214481 0.79243074
v -0.19801229 0.27616762 0.79243074
v -0.19801229 0.27616762 0.79243074
v -0.19801229 0.50214481 0.79243074
v 0.07435732 0.50214481 0.79243074
v 0.07435732 0.27616762 0.79243074
v 0.07435732 0.50214489 0.75724634
v 0.07435732 0.27616769 0.75724634
v -0.19801229 0.50214489 0.75724634
v -0.19801229 0.27616769 0.75724634
v -0.19801229 0.27616762 0.79243074
v -0.19801229 0.27616769 0.75724634
v -0.19801229 0.50214481 0.79243074
v -0.19801229 0.50214489 0.75724634
v -0.19801229 0.27616708 0.53942054
v -0.19801229 0.48289415 0.53942053
v -0.19801229 0.48289418 0.57460496
v -0.19801229 0.2761671 0.57460499
v -0.19801229 0.2761671 0.57460499
v -0.19801229 0.48289418 0.57460496
v 0.07435732 0.48289418 0.57460496
v 0.07435732 0.2761671 0.57460499
v 0.07435732 0.48289415 0.53942053
v 0.07435732 0.27616708 0.53942054
v -0.19801229 0.48289415 0.53942053
v -0.19801229 0.27616708 0.53942054
v -0.19801229 0.2761671 0.57460499
v -0.19801229 0.27616708 0.53942054
v -0.19801229 0.48289418 0.57460496
v -0.19801229 0.48289415 0.53942053
v -0.19801229 0.27616771 -0.12784292
v -0.19801229 0.48785876 -0.12784294
v -0.19801229 0.48785878 -0.09265849
v -0.19801229 0.27616774 -0.09265849
v -0.19801229 0.27616774 -0.09265849
v -0.19801229 0.48785878 -0.09265849
v 0.07435732 0.48785878 -0.09265849
v 0.07435732 0.27616774 -0.09265849
v 0.07435732 0.48785876 -0.12784294
v 0.07435732 0.27616771 -0.12784292
v -0.19801229 0.48785876 -0.12784294
v -0.19801229 0.27616771 -0.12784292
v -0.19801229 0.27616774 -0.09265849
v -0.19801229 0.27616771 -0.12784292
v -0.19801229 0.48785878 -0.09265849
v -0.19801229 0.48785876 -0.12784294
v -0.19801229 0.27616769 -0.35098962
v -0.19801229 0.47525414 -0.3509896
v -0.19801229 0.47525414 -0.315805
v -0.19801229 0.2761677 -0.31580502
v -0.19801229 0.2761677 -0.31580502
v -0.19801229 0.47525414 -0.315805
v 0.07435732 0.47525414 -0.315805
v 0.07435732 0.2761677 -0.31580502
v 0.07435732 0.47525414 -0.3509896
v 0.07435732 0.27616769 -0.35098962
v -0.19801229 0.47525414 -0.3509896
v -0.19801229 0.27616769 -0.35098962
v -0.19801229 0.2761677 -0.31580502
v -0.19801229 0.27616769 -0.35098962
v -0.19801229 0.47525414 -0.315805
v -0.19801229 0.47525414 -0.3509896
v -0.19801229 0.2761672 -0.53251082
v -0.19801229 0.48408249 -0.53251082
v -0.19801229 0.48408249 -0.49732619
v -0.19801229 0.2761672 -0.49732619
v -0.19801229 0.2761672 -0.49732619
v -0.19801229 0.48408249 -0.49732619
v 0.07435732 0.48408249 -0.49732619
v 0.07435732 0.2761672 -0.49732619
v 0.07435732 0.48408249 -0.53251082
v 0.07435732 0.2761672 -0.53251082
v -0.19801229 0.48408249 -0.53251082
v -0.19801229 0.2761672 -0.53251082
v -0.19801229 0.2761672 -0.49732619
v -0.19801229 0.2761672 -0.53251082
v -0.19801229 0.48408249 -0.49732619
v -0.19801229 0.48408249 -0.53251082
v -0.19801229 0.27616721 -0.93959852
v -0.19801229 0.50935499 -0.93959855
v -0.19801229 0.509355 -0.904414
v -0.19801229 0.27616722 -0.90441397
v -0.19801229 0.27616722 -0.90441397
v -0.19801229 0.509355 -0.904414
v 0.07435732 0.509355 -0.904414
v 0.07435732 0.27616722 -0.90441397
v 0.07435732 0.50935499 -0.93959855
v 0.07435732 0.27616721 -0.93959852
v -0.19801229 0.50935499 -0.93959855
v -0.19801229 0.27616721 -0.93959852
v -0.19801229 0.27616722 -0.90441397
v -0.19801229 0.27616721 -0.93959852
v -0.19801229 0.509355 -0.904414
v -0.19801229 0.50935499 -0.93959855
v -0.19801229 0.27616754 -1.08481586
v -0.19801229 0.49850316 -1.0848158
v -0.19801229 0.49850317 -1.04963124
v -0.19801229 0.27616755 -1.0496313
v -0.19801229 0.27616755 -1.0496313
v -0.19801229 0.49850317 -1.04963124
v 0.07435732 0.49850317 -1.04963124
v 0.07435732 0.27616755 -1.0496313
v 0.07435732 0.49850316 -1.0848158
v 0.07435732 0.27616754 -1.08481586
v -0.19801229 0.49850316 -1.0848158
v -0.19801229 0.27616754 -1.08481586
v -0.19801229 0.27616755 -1.0496313
v -0.19801229 0.27616754 -1.08481586
v -0.19801229 0.49850317 -1.04963124
v -0.19801229 0.49850316 -1.0848158
v -0.19801229 0.27616751 -1.23003273
v -0.19801229 0.52010803 -1.23003274
v -0.19801229 0.52010803 -1.19484803
v -0.19801229 0.27616741 -1.19484803
v -0.19801229 0.27616741 -1.19484803
v -0.19801229 0.52010803 -1.19484803
v 0.07435732 0.52010803 -1.19484803
v 0.07435732 0.27616741 -1.19484803
v 0.07435732 0.52010803 -1.23003274
v 0.07435732 0.27616751 -1.23003273
v -0.19801229 0.52010803 -1.23003274
v -0.19801229 0.27616751 -1.23003273
v -0.19801229 0.27616741 -1.19484803
v -0.19801229 0.27616751 -1.23003273
v -0.19801229 0.52010803 -1.19484803
v -0.19801229 0.52010803 -1.23003274
v -0.19801229 0.27822127 -1.44697764
v -0.19801229 0.46609704 -1.47484457
v -0.19801229 0.47125934 -1.44004091
v -0.19801229 0.28338357 -1.41217398
v -0.19801229 0.28338357 -1.41217398
v -0.19801229 0.47125934 -1.44004091
v 0.07435732 0.47125934 -1.44004091
v 0.07435732 0.28338357 -1.41217398
v 0.07435732 0.46609704 -1.47484457
v 0.07435732 0.27822127 -1.44697764
v -0.19801229 0.46609704 -1.47484457
v -0.19801229 0.27822127 -1.44697764
v -0.19801229 0.28338357 -1.41217398
v -0.19801229 0.27822127 -1.44697764
v -0.19801229 0.47125934 -1.44004091
v -0.19801229 0.46609704 -1.47484457
v -0.19801228 2.61604127 -1.39792784
v -0.19801228 2.81263621 -1.39792785
v -0.19801228 2.81263624 -1.43311226
v -0.19801228 2.61604125 -1.43311225
v -0.19801228 2.61604125 -1.43311225
v -0.19801228 2.81263624 -1.43311226
v 0.07435732 2.81263624 -1.43311226
v 0.07435732 2.61604125 -1.43311225
v 0.07435732 2.81263621 -1.39792785
v 0.07435732 2.61604127 -1.39792784
v -0.19801228 2.81263621 -1.39792785
v -0.19801228 2.61604127 -1.39792784
v -0.19801228 2.61604125 -1.43311225
v -0.19801228 2.61604127 -1.39792784
v -0.19801228 2.81263624 -1.43311226
v -0.19801228 2.81263621 -1.39792785
v -0.19801228 2.61604129 -1.25271039
v -0.19801228 2.77389041 -1.25271037
v -0.19801228 2.7738904 -1.28789492
v -0.19801228 2.61604132 -1.2878948
v -0.19801228 2.61604132 -1.2878948
v -0.19801228 2.7738904 -1.28789492
v 0.07435732 2.7738904 -1.28789492
v 0.07435732 2.61604132 -1.2878948
v 0.07435732 2.77389041 -1.25271037
v 0.07435732 2.61604129 -1.25271039
v -0.19801228 2.77389041 -1.25271037
v -0.19801228 2.61604129 -1.25271039
v -0.19801228 2.61604132 -1.2878948
v -0.19801228 2.61604129 -1.25271039
v -0.19801228 2.7738904 -1.28789492
v -0.19801228 2.77389041 -1.25271037
v -0.19801228 2.61604125 -0.96227623
v -0.19801228 2.78814231 -0.96227613
v -0.19801228 2.78814229 -0.99746054
v -0.19801228 2.61604123 -0.99746065
v -0.19801228 2.61604123 -0.99746065
v -0.19801228 2.78814229 -0.99746054
v 0.07435732 2.78814229 -0.99746054
v 0.07435732 2.61604123 -0.99746065
v 0.07435732 2.78814231 -0.96227613
v 0.07435732 2.61604125 -0.96227623
v -0.19801228 2.78814231 -0.96227613
v -0.19801228 2.61604125 -0.96227623
v -0.19801228 2.61604123 -0.99746065
v -0.19801228 2.61604125 -0.96227623
v -0.19801228 2.78814229 -0.99746054
v -0.19801228 2.78814231 -0.96227613
v -0.19801228 2.61604135 -0.47541407
v 0.07435732 2.61604135 -0.47541407
v 0.07435732 2.61604131 -0.44022959
v -0.19801228 2.61604131 -0.44022959
v -0.19801228 2.61604131 -0.44022959
v -0.19801228 2.82773236 -0.44022958
v -0.19801228 2.82773234 -0.47541406
v -0.19801228 2.61604135 -0.47541407
v 0.07435732 2.82773236 -0.44022958
v -0.19801228 2.82773236 -0.44022958
v -0.19801228 2.61604131 -0.44022959
v 0.07435732 2.82773234 -0.47541406
v -0.19801228 2.82773234 -0.47541406
v -0.19801228 2.82773236 -0.44022958
v -0.19801228 2.61604135 -0.47541407
v -0.19801228 2.82773234 -0.47541406
v -0.19801228 2.61604128 -0.28857182
v 0.07435732 2.61604128 -0.28857182
v 0.07435732 2.6160413 -0.25338734
v -0.19801228 2.6160413 -0.25338734
v -0.19801228 2.6160413 -0.25338734
v -0.19801228 2.85438116 -0.25338738
v -0.19801228 2.85438114 -0.2885718
v -0.19801228 2.61604128 -0.28857182
v 0.07435732 2.85438116 -0.25338738
v -0.19801228 2.85438116 -0.25338738
v -0.19801228 2.6160413 -0.25338734
v 0.07435732 2.85438114 -0.2885718
v -0.19801228 2.85438114 -0.2885718
v -0.19801228 2.85438116 -0.25338738
v -0.19801228 2.61604128 -0.28857182
v -0.19801228 2.85438114 -0.2885718
v -0.19801228 2.61604124 -0.17965914
v 0.07435732 2.61604124 -0.17965914
v 0.07435732 2.61604126 -0.14447458
v -0.19801228 2.61604126 -0.14447458
v -0.19801228 2.61604126 -0.14447458
v -0.19801228 2.82585441 -0.14447453
v -0.19801228 2.82585441 -0.17965916
v -0.19801228 2.61604124 -0.17965914
v 0.07435732 2.82585441 -0.14447453
v -0.19801228 2.82585441 -0.14447453
v -0.19801228 2.61604126 -0.14447458
v 0.07435732 2.82585441 -0.17965916
v -0.19801228 2.82585441 -0.17965916
v -0.19801228 2.82585441 -0.14447453
v -0.19801228 2.61604124 -0.17965914
v -0.19801228 2.82585441 -0.17965916
v -0.19801228 2.61604126 0.19112449
v 0.07435732 2.61604126 0.19112449
v 0.07435732 2.61604127 0.22630909
v -0.19801228 2.61604127 0.22630909
v -0.19801228 2.61604127 0.22630909
v -0.19801228 2.79135616 0.22630908
v -0.19801228 2.79135626 0.19112449
v -0.19801228 2.61604126 0.19112449
v 0.07435732 2.79135616 0.22630908
v -0.19801228 2.79135616 0.22630908
v -0.19801228 2.61604127 0.22630909
v 0.07435732 2.79135626 0.19112449
v -0.19801228 2.79135626 0.19112449
v -0.19801228 2.79135616 0.22630908
v -0.19801228 2.61604126 0.19112449
v -0.19801228 2.79135626 0.19112449
v -0.19801228 2.6160413 0.40894983
v 0.07435732 2.6160413 0.40894983
v 0.07435732 2.61604132 0.44413439
v -0.19801228 2.61604132 0.44413439
v -0.19801228 2.61604132 0.44413439
v -0.19801228 2.84561771 0.44413439
v -0.19801228 2.8456177 0.40894983
v -0.19801228 2.6160413 0.40894983
v 0.07435732 2.84561771 0.44413439
v -0.19801228 2.84561771 0.44413439
v -0.19801228 2.61604132 0.44413439
v 0.07435732 2.8456177 0.40894983
v -0.19801228 2.8456177 0.40894983
v -0.19801228 2.84561771 0.44413439
v -0.19801228 2.6160413 0.40894983
v -0.19801228 2.8456177 0.40894983
v -0.19801228 2.6160413 0.48155848
v 0.07435732 2.6160413 0.48155848
v 0.07435732 2.61604131 0.51674304
v -0.19801228 2.61604131 0.51674304
v -0.19801228 2.61604131 0.51674304
v -0.19801228 2.83837682 0.51674309
v -0.19801228 2.83837681 0.48155853
v -0.19801228 2.6160413 0.48155848
v 0.07435732 2.83837682 0.51674309
v -0.19801228 2.83837682 0.51674309
v -0.19801228 2.61604131 0.51674304
v 0.07435732 2.83837681 0.48155853
v -0.19801228 2.83837681 0.48155853
v -0.19801228 2.83837682 0.51674309
v -0.19801228 2.6160413 0.48155848
v -0.19801228 2.83837681 0.48155853
v -0.19801228 2.61604121 0.66307973
v 0.07435732 2.61604121 0.66307973
v 0.07435732 2.61604121 0.69826436
v -0.19801228 2.61604121 0.69826436
v -0.19801228 2.61604121 0.69826436
v -0.19801228 2.8456594 0.69826438
v -0.19801228 2.8456594 0.66307975
v -0.19801228 2.61604121 0.66307973
v 0.07435732 2.8456594 0.69826438
v -0.19801228 2.8456594 0.69826438
v -0.19801228 2.61604121 0.69826436
v 0.07435732 2.8456594 0.66307975
v -0.19801228 2.8456594 0.66307975
v -0.19801228 2.8456594 0.69826438
v -0.19801228 2.61604121 0.66307973
v -0.19801228 2.8456594 0.66307975
v -0.19801228 0.56771526 -1.44390838
v -0.19801228 0.75559101 -1.47177516
v -0.19801228 0.76075331 -1.4369715
v -0.19801228 0.57287754 -1.40910457
v -0.19801228 0.57287754 -1.40910457
v -0.19801228 0.76075331 -1.4369715
v 0.07435732 0.76075331 -1.4369715
v 0.07435732 0.57287754 -1.40910457
v 0.07435732 0.75559101 -1.47177516
v 0.07435732 0.56771526 -1.44390838
v -0.19801228 0.75559101 -1.47177516
v -0.19801228 0.56771526 -1.44390838
v -0.19801228 0.57287754 -1.40910457
v -0.19801228 0.56771526 -1.44390838
v -0.19801228 0.76075331 -1.4369715
v -0.19801228 0.75559101 -1.47177516
v -0.19801228 0.56566115 -1.2632679
v -0.19801228 0.79527929 -1.26326788
v -0.19801228 0.79527928 -1.22808318
v -0.19801228 0.56566116 -1.22808334
v -0.19801228 0.56566116 -1.22808334
v -0.19801228 0.79527928 -1.22808318
v 0.07435732 0.79527928 -1.22808318
v 0.07435732 0.56566116 -1.22808334
v 0.07435732 0.79527929 -1.26326788
v 0.07435732 0.56566115 -1.2632679
v -0.19801228 0.79527929 -1.26326788
v -0.19801228 0.56566115 -1.2632679
v -0.19801228 0.56566116 -1.22808334
v -0.19801228 0.56566115 -1.2632679
v -0.19801228 0.79527928 -1.22808318
v -0.19801228 0.79527929 -1.26326788
v -0.19801228 0.56566121 -1.00913798
v -0.19801228 0.7952376 -1.0091379
v -0.19801228 0.79523761 -0.97395335
v -0.19801228 0.56566121 -0.97395335
v -0.19801228 0.56566121 -0.97395335
v -0.19801228 0.79523761 -0.97395335
v 0.07435732 0.79523761 -0.97395335
v 0.07435732 0.56566121 -0.97395335
v 0.07435732 0.7952376 -1.0091379
v 0.07435732 0.56566121 -1.00913798
v -0.19801228 0.7952376 -1.0091379
v -0.19801228 0.56566121 -1.00913798
v -0.19801228 0.56566121 -0.97395335
v -0.19801228 0.56566121 -1.00913798
v -0.19801228 0.79523761 -0.97395335
v -0.19801228 0.7952376 -1.0091379
v -0.19801228 0.56566125 -0.64609553
v -0.19801228 0.79163908 -0.64609561
v -0.19801228 0.79163908 -0.61091097
v -0.19801228 0.56566115 -0.61091091
v -0.19801228 0.56566115 -0.61091091
v -0.19801228 0.79163908 -0.61091097
v 0.07435732 0.79163908 -0.61091097
v 0.07435732 0.56566115 -0.61091091
v 0.07435732 0.79163908 -0.64609561
v 0.07435732 0.56566125 -0.64609553
v -0.19801228 0.79163908 -0.64609561
v -0.19801228 0.56566125 -0.64609553
v -0.19801228 0.56566115 -0.61091091
v -0.19801228 0.56566125 -0.64609553
v -0.19801228 0.79163908 -0.61091097
v -0.19801228 0.79163908 -0.64609561
v -0.19801228 0.56566119 -0.52944163
v -0.19801228 0.77357648 -0.52944163
v -0.19801228 0.77357648 -0.494257
v -0.19801228 0.5656612 -0.494257
v -0.19801228 0.5656612 -0.494257
v -0.19801228 0.77357648 -0.494257
v 0.07435732 0.77357648 -0.494257
v 0.07435732 0.5656612 -0.494257
v 0.07435732 0.77357648 -0.52944163
v 0.07435732 0.56566119 -0.52944163
v -0.19801228 0.77357648 -0.52944163
v -0.19801228 0.56566119 -0.52944163
v -0.19801228 0.5656612 -0.494257
v -0.19801228 0.56566119 -0.52944163
v -0.19801228 0.77357648 -0.494257
v -0.19801228 0.77357648 -0.52944163
v -0.19801228 0.56566117 0.86810872
v 0.07435732 0.56566117 0.86810872
v 0.07435732 0.56566114 0.8329243
v -0.19801228 0.56566114 0.8329243
v -0.19801228 0.56566114 0.8329243
v -0.19801228 0.76225612 0.83292437
v -0.19801228 0.76225615 0.86810878
v -0.19801228 0.56566117 0.86810872
v 0.07435732 0.76225612 0.83292437
v -0.19801228 0.76225612 0.83292437
v -0.19801228 0.56566114 0.8329243
v 0.07435732 0.76225615 0.86810878
v -0.19801228 0.76225615 0.86810878
v -0.19801228 0.76225612 0.83292437
v -0.19801228 0.56566117 0.86810872
v -0.19801228 0.76225615 0.86810878
v -0.19801228 0.56566123 0.75919575
v 0.07435732 0.56566123 0.75919575
v 0.07435732 0.56566121 0.72401126
v -0.19801228 0.56566121 0.72401126
v -0.19801228 0.56566121 0.72401126
v -0.19801228 0.81311588 0.72401128
v -0.19801228 0.8131158 0.75919576
v -0.19801228 0.56566123 0.75919575
v 0.07435732 0.81311588 0.72401128
v -0.19801228 0.81311588 0.72401128
v -0.19801228 0.56566121 0.72401126
v 0.07435732 0.8131158 0.75919576
v -0.19801228 0.8131158 0.75919576
v -0.19801228 0.81311588 0.72401128
v -0.19801228 0.56566123 0.75919575
v -0.19801228 0.8131158 0.75919576
v -0.19801228 0.5656612 0.50506554
v 0.07435732 0.5656612 0.50506554
v 0.07435732 0.56566119 0.46988106
v -0.19801228 0.56566119 0.46988106
v -0.19801228 0.56566119 0.46988106
v -0.19801228 0.75344315 0.4698811
v -0.19801228 0.75344317 0.50506559
v -0.19801228 0.5656612 0.50506554
v 0.07435732 0.75344315 0.4698811
v -0.19801228 0.75344315 0.4698811
v -0.19801228 0.56566119 0.46988106
v 0.07435732 0.75344317 0.50506559
v -0.19801228 0.75344317 0.50506559
v -0.19801228 0.75344315 0.4698811
v -0.19801228 0.5656612 0.50506554
v -0.19801228 0.75344317 0.50506559
v -0.19801228 0.56566124 0.39615286
v 0.07435732 0.56566124 0.39615286
v 0.07435732 0.56566121 0.36096845
v -0.19801228 0.56566121 0.36096845
v -0.19801228 0.56566121 0.36096845
v -0.19801228 0.78609333 0.36096849
v -0.19801228 0.78609336 0.39615291
v -0.19801228 0.56566124 0.39615286
v 0.07435732 0.78609333 0.36096849
v -0.19801228 0.78609333 0.36096849
v -0.19801228 0.56566121 0.36096845
v 0.07435732 0.78609336 0.39615291
v -0.19801228 0.78609336 0.39615291
v -0.19801228 0.78609333 0.36096849
v -0.19801228 0.56566124 0.39615286
v -0.19801228 0.78609336 0.39615291
v -0.19801228 0.56566122 0.09171711
v 0.07435732 0.56566122 0.09171711
v 0.07435732 0.5656612 0.05653266
v -0.19801228 0.5656612 0.05653266
v -0.19801228 0.5656612 0.05653266
v -0.19801228 0.78615194 0.05653264
v -0.19801228 0.78615196 0.09171709
v -0.19801228 0.56566122 0.09171711
v 0.07435732 0.78615194 0.05653264
v -0.19801228 0.78615194 0.05653264
v -0.19801228 0.5656612 0.05653266
v 0.07435732 0.78615196 0.09171709
v -0.19801228 0.78615196 0.09171709
v -0.19801228 0.78615194 0.05653264
v -0.19801228 0.56566122 0.09171711
v -0.19801228 0.78615196 0.09171709
v -0.19801228 0.56566121 -0.0534999
v 0.07435732 0.56566121 -0.0534999
v 0.07435732 0.56566118 -0.08868432
v -0.19801228 0.56566118 -0.08868432
v -0.19801228 0.56566118 -0.08868432
v -0.19801228 0.78968814 -0.08868435
v -0.19801228 0.78968816 -0.0534999
v -0.19801228 0.56566121 -0.0534999
v 0.07435732 0.78968814 -0.08868435
v -0.19801228 0.78968814 -0.08868435
v -0.19801228 0.56566118 -0.08868432
v 0.07435732 0.78968816 -0.0534999
v -0.19801228 0.78968816 -0.0534999
v -0.19801228 0.78968814 -0.08868435
v -0.19801228 0.56566121 -0.0534999
v -0.19801228 0.78968816 -0.0534999
v -0.19801228 0.56566124 -0.75612791
v 0.07435732 0.56566124 -0.75612791
v 0.07435732 0.56566124 -0.79131254
v -0.19801228 0.56566124 -0.79131254
v -0.19801228 0.56566124 -0.79131254
v -0.19801228 0.74097613 -0.79131259
v -0.19801228 0.74097614 -0.75612796
v -0.19801228 0.56566124 -0.75612791
v 0.07435732 0.74097613 -0.79131259
v -0.19801228 0.74097613 -0.79131259
v -0.19801228 0.56566124 -0.79131254
v 0.07435732 0.74097614 -0.75612796
v -0.19801228 0.74097614 -0.75612796
v -0.19801228 0.74097613 -0.79131259
v -0.19801228 0.56566124 -0.75612791
v -0.19801228 0.74097614 -0.75612796
v -0.19801254 0.56566111 0.90553317
v -0.19801254 0.78265228 0.9055331
v -0.19801254 0.7826523 0.94071751
v -0.19801254 0.56566114 0.94071751
v -0.19801254 0.56566114 0.94071751
v -0.19801254 0.7826523 0.94071751
v 0.07435706 0.7826523 0.94071751
v 0.07435706 0.56566114 0.94071751
v 0.07435706 0.78265228 0.9055331
v 0.07435706 0.56566111 0.90553317
v -0.19801254 0.78265228 0.9055331
v -0.19801254 0.56566111 0.90553317
v -0.19801254 0.56566114 0.94071751
v -0.19801254 0.56566111 0.90553317
v -0.19801254 0.7826523 0.94071751
v -0.19801254 0.78265228 0.9055331
vn -1 0 0
vn 0 0 -1
vn 1 0 0
vn 0 0 1
vn 0 -1 -0
vn 0 1 0
vn 0 -0.00984 -0.99995
vn 0 0.00984 0.99995
vn 0 -0.62636 0.77954
vn 0 0.62636 -0.77953
vn 0 -0.00984 -0.99995
vn 0 0.00984 0.99995
vn 0 -0.62636 0.77954
vn 0 0.62635 -0.77954
vn 0 -0.00984 -0.99995
vn 0 0.00984 0.99995
vn 0 0.62636 -0.77953
vn 0 -0.00984 -0.99995
vn 0 0.00984 0.99995
vn 0 -0.62635 0.77954
vn 0 0.62635 -0.77954
vn 0 -0.00984 -0.99995
vn 0 0.00984 0.99995
vn 0 -0.62636 0.77954
vn 0 0.62636 -0.77954
vn 0 -0.00248 -1
vn 0 0.00248 1
vn 0 -0.95422 0.29911
vn 0 0.95422 -0.29911
vn 0 -0.02034 -0.99979
vn 0 0.02034 0.99979
vn 0 0.36246 -0.932
vn 0 -0.36246 0.932
vn 0 -0.00984 -0.99995
vn 0 0.00984 0.99995
vn 0 0.62636 -0.77953
vn 0 -0.62635 0.77954
vn 0 -0.00984 -0.99995
vn 0 0.00984 0.99995
vn 0 0.62636 -0.77954
vn 0 -0.00984 -0.99995
vn 0 0.00984 0.99995
vn 0 0.62636 -0.77954
vn 0 -0.62635 0.77954
vn 0 -0.00984 -0.99995
vn 0 0.00984 0.99995
vn 0 0.62636 -0.77954
vn 0 -0.62636 0.77954
vn 0 -0.00538 -0.99999
vn 0 0.00538 0.99999
vn 0 0.82688 -0.56237
vn 0 -0.82688 0.56237
vn 0 0.62636 -0.77954
vn 0 -0.00984 -0.99995
vn 0 0.00984 0.99995
vn 0 0.62636 -0.77954
vn 0 -0.62636 0.77954
vn 0 -0.00984 -0.99995
vn 0 0.00984 0.99995
vn 0 0.62636 -0.77954
vn 0 -0.62636 0.77954
vn 0 0.00984 0.99995
vn 0 0.62636 -0.77954
vn 0 -0.62636 0.77954
vn 0 -0.00984 -0.99995
vn 0 0.00984 0.99995
vn 0 0.62636 -0.77954
vn 0 -0.02342 -0.99973
vn 0 0.02342 0.99973
vn 0 0.31998 -0.94742
vn 0 -0.31998 0.94742
vn 0 -0.02439 -0.9997
vn 0 0.02439 0.9997
vn 0 -0.30841 0.95125
vn 0 0.30841 -0.95125
vn 0 -0.0193 -0.99981
vn 0 0.0193 0.99981
vn 0 -0.37922 0.92531
vn 0 0.37922 -0.92531
vn 0 -0.00984 -0.99995
vn 0 0.00984 0.99995
vn 0 -0.62636 0.77954
vn 0 0.62636 -0.77954
vn 0 -0.00984 -0.99995
vn 0 0.00984 0.99995
vn 0 -0.62636 0.77954
vn 0 -0.00248 -1
vn 0 0.00248 1
vn 0 -0.62635 0.77954
vn 0 0.62636 -0.77954
vn 0 -0.02903 -0.99958
vn 0 0.02903 0.99958
vn 0 -0.26282 0.96485
vn 0 0.26282 -0.96485
vn 0 -0.00302 -1
vn 0 0.00302 1
vn 0 -0.93428 0.35654
vn 0 0.93428 -0.35655
vn 0 -0.00984 -0.99995
vn 0 0.00984 0.99995
vn 0 -0.00984 -0.99995
vn 0 -0.62636 0.77953
vn 0 -0.00984 -0.99995
vn 0 0.00984 0.99995
vn 0 -0.00984 -0.99995
vn 0 0.00984 0.99995
vn 0 -0.01578 -0.99988
vn 0 0.01578 0.99988
vn 0 -0.44801 0.89403
vn 0 0.44801 -0.89403
vn 0 -0.01169 -0.99993
vn 0 0.01169 0.99993
vn 0 -0.56046 0.82818
vn 0 0.56046 -0.82818
vn 0 -0.03493 -0.99939
vn 0 0.03493 0.99939
vn 0 -0.22076 0.97533
vn 0 0.22077 -0.97533
vn 0 -0.00302 -1
vn 0 0.00302 1
vn 0 0.93428 -0.35655
vn 0 -0.00984 -0.99995
vn 0 0.00984 0.99995
vn 0 -0.00984 -0.99995
vn 0 0.00984 0.99995
vn 0 -0.00984 -0.99995
vn 0 0.00984 0.99995
vn 0 -0.00984 -0.99995
vn 0 0.00984 0.99995
vn 0 0.00984 0.99995
vn 0 -0.00984 -0.99995
vn 0 0.00984 0.99995
vn 0 -0.62636 0.77954
vn 0 0.62636 -0.77953
vn 0 -0.00984 -0.99995
vn 0 0.62636 -0.77954
vn 0 0.00984 0.99995
vn 0 -0.62637 0.77953
vn 0 0.00329 -0.99999
vn 0 -0.00329 0.99999
vn 0 -0.9232 -0.38433
vn 0 0.92319 0.38434
vn 0 -0.00984 -0.99995
vn 0 0.00984 0.99995
vn 0 -0.01991 -0.9998
vn 0 0.01991 0.9998
vn 0 0.36915 -0.92937
vn 0 -0.01991 -0.9998
vn 0 0.01991 0.9998
vn 0 0.36915 -0.92937
vn 0 -0.36915 0.92937
vn 0 -0.01991 -0.9998
vn 0 0.01991 0.9998
vn 0 0.36915 -0.92937
vn 0 -0.36915 0.92937
vn 0 -0.01991 -0.9998
vn 0 0.01991 0.9998
vn 0 0.36915 -0.92937
vn 0 -0.36915 0.92937
vn 0 -0.02106 -0.99978
vn 0 0.02106 0.99978
vn 0 0.35155 -0.93617
vn 0 -0.35155 0.93617
vn 0 -0.00983 -0.99995
vn 0 0.00983 0.99995
vn 0 0.62707 -0.77897
vn 0 -0.62706 0.77897
vn 0 -0.00983 -0.99995
vn 0 0.00983 0.99995
vn 0 0.62706 -0.77897
vn 0 -0.62706 0.77897
vn 0 -0.00983 -0.99995
vn 0 0.00983 0.99995
vn 0 0.62706 -0.77897
vn 0 -0.62706 0.77897
vn 0 -0.00052 -1
vn 0 0.00052 1
vn 0 0.99783 -0.06584
vn 0 -0.99783 0.06582
vn 0 -0.00059 -1
vn 0 0.00059 1
vn 0 0.99727 -0.0738
vn 0 -0.99727 0.07381
vn 0 -0.00059 -1
vn 0 0.00059 1
vn 0 -0.99727 0.07381
vn 0 -0.00059 -1
vn 0 0.00059 1
vn 0 0.99727 -0.07381
vn 0 -0.99727 0.0738
vn 0 -0.00984 -0.99995
vn 0 0.00984 0.99995
vn 0 0.62635 -0.77954
vn 0 -0.00984 -0.99995
vn 0 0.00984 0.99995
vn 0 0.62635 -0.77954
vn 0 -0.62635 0.77954
vn 0 0.01381 -0.9999
vn 0 -0.01381 0.9999
vn 0 0.4971 0.86769
vn 0 -0.4971 -0.86769
vn 0 -0.00984 -0.99995
vn 0 0.00984 0.99995
vn 0 0.62637 -0.77952
vn 0 -0.00399 -0.99999
vn 0 0.00399 0.99999
vn 0 0.89287 -0.45031
vn 0 -0.89286 0.45034
vn 0 -0.00984 -0.99995
vn 0 -0.00984 -0.99995
vn 0 0.00984 0.99995
vn 0 0.62636 -0.77954
vn 0 -0.62636 0.77954
vn 0 -0.08004 0.99679
vn 0 0.08004 -0.99679
vn 0 -0.09804 -0.99518
vn 0 0.09804 0.99518
vn 0 -0.00984 -0.99995
vn 0 0.00984 0.99995
vn 0 -0.00984 -0.99995
vn 0 0.00984 0.99995
vn 0 -0.02034 -0.99979
vn 0 0.02034 0.99979
vn 0 0.36246 -0.932
vn 0 -0.36246 0.932
vn 0 -0.00984 -0.99995
vn 0 0.62636 -0.77953
vn 0 -0.62636 0.77953
vn 0 -0.00984 -0.99995
vn 0 0.62635 -0.77954
vn 0 -0.62635 0.77954
vn 0 -0.00984 -0.99995
vn 0 0.62635 -0.77954
vn 0 -0.00984 -0.99995
vn 0 0.00984 0.99995
vn 0 -0.00984 -0.99995
vn 0 0.00984 0.99995
vn 0 -0.00984 -0.99995
vn 0 0.00984 0.99995
vn 0 0.00984 0.99995
vn 0 0.62637 -0.77953
vn 0 -0.02342 -0.99973
vn 0 0.02342 0.99973
vn 0 0.31998 -0.94742
vn 0 -0.31998 0.94742
vn 0 0.62636 -0.77953
vn 0 -0.00984 -0.99995
vn 0 -0.62636 0.77953
vn 0 0.62636 -0.77954
vn 0 -0.00984 -0.99995
vn 0 0.00984 0.99995
vn 0 -0.62636 0.77953
vn 0 0.00984 0.99995
vn 0 0.62635 -0.77954
vn 0 -0.00984 -0.99995
vn 0 -0.62635 0.77954
vn 0 0.00984 0.99995
vn 0 -0.62636 0.77954
vn 0 0.00984 0.99995
vn 0 -0.00984 -0.99995
vn 0 0.00984 0.99995
vn 0 0.62637 -0.77953
vn 0 0.00984 0.99995
vn 0 0.00984 0.99995
vn 0 -0.00984 -0.99995
vn 0 -0.02342 -0.99973
vn 0 0.02342 0.99973
vn 0 0.31998 -0.94742
vn 0 -0.00984 -0.99995
vn 0 -0.62636 0.77954
vn 0 0.00984 0.99995
vn 0 -0.00984 -0.99995
vn 0 0.62637 -0.77953
vn 0 0.00984 0.99995
vn 0 -0.00984 -0.99995
vn 0 -0.62636 0.77953
vn 0 -0.00984 -0.99995
vn 0 0.00984 0.99995
vn 0 -0.00984 -0.99995
vn 0 0.00984 0.99995
vn 0 -0.00984 -0.99995
vn 0 0.00984 0.99995
vn 0 0.00984 0.99995
vn 0 -0.00984 -0.99995
vn 0 0.00984 0.99995
vn 0 0.62635 -0.77954
vt 0.08519 0.20487
vt 0.78489 0.20487
vt 0.78489 0.13127
vt 0.08519 0.13127
vt 0.56826 0.3366
vt 0.58293 0.3366
vt 0.58293 0.32193
vt 0.56826 0.32193
vt 0.58293 0.30726
vt 0.56826 0.30726
vt 0.58293 0.29258
vt 0.56826 0.29258
vt 0.55358 0.32193
vt 0.55358 0.30726
vt 0.59761 0.32193
vt 0.59761 0.30726
vt 0.08154 0.13554
vt 0.75765 0.13554
vt 0.75765 0.20834
vt 0.08154 0.20834
vt 0.56826 0.35128
vt 0.58293 0.35128
usemtl mat3
f 12622/311/1574 12623/312/1574 12624/313/1574
f 12622/311/1574 12624/313/1574 12625/314/1574
f 12626/315/1575 12627/316/1575 12628/317/1575
f 12626/315/1575 12628/317/1575 12629/318/1575
f 12629/318/1576 12628/317/1576 12630/319/1576
f 12629/318/1576 12630/319/1576 12631/320/1576
f 12631/320/1577 12630/319/1577 12632/321/1577
f 12631/320/1577 12632/321/1577 12633/322/1577
f 12634/323/1578 12629/318/1578 12631/320/1578
f 12634/323/1578 12631/320/1578 12635/324/1578
f 12628/317/1579 12636/325/1579 12637/326/1579
f 12628/317/1579 12637/326/1579 12630/319/1579
f 12638/311/1574 12639/312/1574 12640/313/1574
f 12638/311/1574 12640/313/1574 12641/314/1574
f 12642/315/1580 12643/316/1580 12644/317/1580
f 12642/315/1580 12644/317/1580 12645/318/1580
f 12645/318/1576 12644/317/1576 12646/319/1576
f 12645/318/1576 12646/319/1576 12647/320/1576
f 12647/320/1581 12646/319/1581 12648/321/1581
f 12647/320/1581 12648/321/1581 12649/322/1581
f 12650/323/1582 12645/318/1582 12647/320/1582
f 12650/323/1582 12647/320/1582 12651/324/1582
f 12644/317/1583 12652/325/1583 12653/326/1583
f 12644/317/1583 12653/326/1583 12646/319/1583
f 12654/311/1574 12655/312/1574 12656/313/1574
f 12654/311/1574 12656/313/1574 12657/314/1574
f 12658/315/1584 12659/316/1584 12660/317/1584
f 12658/315/1584 12660/317/1584 12661/318/1584
f 12661/318/1576 12660/317/1576 12662/319/1576
f 12661/318/1576 12662/319/1576 12663/320/1576
f 12663/320/1585 12662/319/1585 12664/321/1585
f 12663/320/1585 12664/321/1585 12665/322/1585
f 12666/323/1586 12661/318/1586 12663/320/1586
f 12666/323/1586 12663/320/1586 12667/324/1586
f 12660/317/1587 12668/325/1587 12669/326/1587
f 12660/317/1587 12669/326/1587 12662/319/1587
f 12670/327/1574 12671/328/1574 12672/329/1574
f 12670/327/1574 12672/329/1574 12673/330/1574
f 12674/315/1588 12675/316/1588 12676/317/1588
f 12674/315/1588 12676/317/1588 12677/318/1588
f 12677/318/1576 12676/317/1576 12678/319/1576
f 12677/318/1576 12678/319/1576 12679/320/1576
f 12679/320/1589 12678/319/1589 12680/321/1589
f 12679/320/1589 12680/321/1589 12681/322/1589
f 12682/323/1586 12677/318/1586 12679/320/1586
f 12682/323/1586 12679/320/1586 12683/324/1586
f 12676/317/1590 12684/325/1590 12685/326/1590
f 12676/317/1590 12685/326/1590 12678/319/1590
f 12686/311/1574 12687/312/1574 12688/313/1574
f 12686/311/1574 12688/313/1574 12689/314/1574
f 12690/315/1591 12691/316/1591 12692/317/1591
f 12690/315/1591 12692/317/1591 12693/318/1591
f 12693/318/1576 12692/317/1576 12694/319/1576
f 12693/318/1576 12694/319/1576 12695/320/1576
f 12695/320/1592 12694/319/1592 12696/321/1592
f 12695/320/1592 12696/321/1592 12697/322/1592
f 12698/323/1593 12693/318/1593 12695/320/1593
f 12698/323/1593 12695/320/1593 12699/324/1593
f 12692/317/1594 12700/325/1594 12701/326/1594
f 12692/317/1594 12701/326/1594 12694/319/1594
f 12702/311/1574 12703/312/1574 12704/313/1574
f 12702/311/1574 12704/313/1574 12705/314/1574
f 12706/315/1595 12707/316/1595 12708/317/1595
f 12706/315/1595 12708/317/1595 12709/318/1595
f 12709/318/1576 12708/317/1576 12710/319/1576
f 12709/318/1576 12710/319/1576 12711/320/1576
f 12711/320/1596 12710/319/1596 12712/321/1596
f 12711/320/1596 12712/321/1596 12713/322/1596
f 12714/323/1597 12709/318/1597 12711/320/1597
f 12714/323/1597 12711/320/1597 12715/324/1597
f 12708/317/1598 12716/325/1598 12717/326/1598
f 12708/317/1598 12717/326/1598 12710/319/1598
f 12718/311/1574 12719/312/1574 12720/313/1574
f 12718/311/1574 12720/313/1574 12721/314/1574
f 12722/315/1599 12723/316/1599 12724/317/1599
f 12722/315/1599 12724/317/1599 12725/318/1599
f 12725/318/1576 12724/317/1576 12726/319/1576
f 12725/318/1576 12726/319/1576 12727/320/1576
f 12727/320/1600 12726/319/1600 12728/321/1600
f 12727/320/1600 12728/321/1600 12729/322/1600
f 12730/323/1601 12725/318/1601 12727/320/1601
f 12730/323/1601 12727/320/1601 12731/324/1601
f 12724/317/1602 12732/325/1602 12733/326/1602
f 12724/317/1602 12733/326/1602 12726/319/1602
f 12734/311/1576 12735/312/1576 12736/313/1576
f 12734/311/1576 12736/313/1576 12737/314/1576
f 12738/315/1603 12739/316/1603 12740/317/1603
f 12738/315/1603 12740/317/1603 12741/318/1603
f 12741/318/1574 12740/317/1574 12742/319/1574
f 12741/318/1574 12742/319/1574 12743/320/1574
f 12743/320/1604 12742/319/1604 12744/321/1604
f 12743/320/1604 12744/321/1604 12745/322/1604
f 12746/323/1605 12741/318/1605 12743/320/1605
f 12746/323/1605 12743/320/1605 12747/324/1605
f 12740/317/1606 12748/325/1606 12749/326/1606
f 12740/317/1606 12749/326/1606 12742/319/1606
f 12750/311/1576 12751/312/1576 12752/313/1576
f 12750/311/1576 12752/313/1576 12753/314/1576
f 12754/315/1607 12755/316/1607 12756/317/1607
f 12754/315/1607 12756/317/1607 12757/318/1607
f 12757/318/1574 12756/317/1574 12758/319/1574
f 12757/318/1574 12758/319/1574 12759/320/1574
f 12759/320/1608 12758/319/1608 12760/321/1608
f 12759/320/1608 12760/321/1608 12761/322/1608
f 12762/323/1609 12757/318/1609 12759/320/1609
f 12762/323/1609 12759/320/1609 12763/324/1609
f 12756/317/1610 12764/325/1610 12765/326/1610
f 12756/317/1610 12765/326/1610 12758/319/1610
f 12766/311/1576 12767/312/1576 12768/313/1576
f 12766/311/1576 12768/313/1576 12769/314/1576
f 12770/315/1611 12771/316/1611 12772/317/1611
f 12770/315/1611 12772/317/1611 12773/318/1611
f 12773/318/1574 12772/317/1574 12774/319/1574
f 12773/318/1574 12774/319/1574 12775/320/1574
f 12775/320/1612 12774/319/1612 12776/321/1612
f 12775/320/1612 12776/321/1612 12777/322/1612
f 12778/323/1613 12773/318/1613 12775/320/1613
f 12778/323/1613 12775/320/1613 12779/324/1613
f 12772/317/1610 12780/325/1610 12781/326/1610
f 12772/317/1610 12781/326/1610 12774/319/1610
f 12782/311/1576 12783/312/1576 12784/313/1576
f 12782/311/1576 12784/313/1576 12785/314/1576
f 12786/315/1614 12787/316/1614 12788/317/1614
f 12786/315/1614 12788/317/1614 12789/318/1614
f 12789/318/1574 12788/317/1574 12790/319/1574
f 12789/318/1574 12790/319/1574 12791/320/1574
f 12791/320/1615 12790/319/1615 12792/321/1615
f 12791/320/1615 12792/321/1615 12793/322/1615
f 12794/323/1616 12789/318/1616 12791/320/1616
f 12794/323/1616 12791/320/1616 12795/324/1616
f 12788/317/1617 12796/325/1617 12797/326/1617
f 12788/317/1617 12797/326/1617 12790/319/1617
f 12798/311/1576 12799/312/1576 12800/313/1576
f 12798/311/1576 12800/313/1576 12801/314/1576
f 12802/315/1618 12803/316/1618 12804/317/1618
f 12802/315/1618 12804/317/1618 12805/318/1618
f 12805/318/1574 12804/317/1574 12806/319/1574
f 12805/318/1574 12806/319/1574 12807/320/1574
f 12807/320/1619 12806/319/1619 12808/321/1619
f 12807/320/1619 12808/321/1619 12809/322/1619
f 12810/323/1620 12805/318/1620 12807/320/1620
f 12810/323/1620 12807/320/1620 12811/324/1620
f 12804/317/1621 12812/325/1621 12813/326/1621
f 12804/317/1621 12813/326/1621 12806/319/1621
f 12814/311/1576 12815/312/1576 12816/313/1576
f 12814/311/1576 12816/313/1576 12817/314/1576
f 12818/315/1622 12819/316/1622 12820/317/1622
f 12818/315/1622 12820/317/1622 12821/318/1622
f 12821/318/1574 12820/317/1574 12822/319/1574
f 12821/318/1574 12822/319/1574 12823/320/1574
f 12823/320/1623 12822/319/1623 12824/321/1623
f 12823/320/1623 12824/321/1623 12825/322/1623
f 12826/323/1624 12821/318/1624 12823/320/1624
f 12826/323/1624 12823/320/1624 12827/324/1624
f 12820/317/1625 12828/325/1625 12829/326/1625
f 12820/317/1625 12829/326/1625 12822/319/1625
f 12830/311/1576 12831/312/1576 12832/313/1576
f 12830/311/1576 12832/313/1576 12833/314/1576
f 12834/315/1591 12835/316/1591 12836/317/1591
f 12834/315/1591 12836/317/1591 12837/318/1591
f 12837/318/1574 12836/317/1574 12838/319/1574
f 12837/318/1574 12838/319/1574 12839/320/1574
f 12839/320/1592 12838/319/1592 12840/321/1592
f 12839/320/1592 12840/321/1592 12841/322/1592
f 12842/323/1626 12837/318/1626 12839/320/1626
f 12842/323/1626 12839/320/1626 12843/324/1626
f 12836/317/1593 12844/325/1593 12845/326/1593
f 12836/317/1593 12845/326/1593 12838/319/1593
f 12846/311/1576 12847/312/1576 12848/313/1576
f 12846/311/1576 12848/313/1576 12849/314/1576
f 12850/315/1627 12851/316/1627 12852/317/1627
f 12850/315/1627 12852/317/1627 12853/318/1627
f 12853/318/1574 12852/317/1574 12854/319/1574
f 12853/318/1574 12854/319/1574 12855/320/1574
f 12855/320/1628 12854/319/1628 12856/321/1628
f 12855/320/1628 12856/321/1628 12857/322/1628
f 12858/323/1629 12853/318/1629 12855/320/1629
f 12858/323/1629 12855/320/1629 12859/324/1629
f 12852/317/1630 12860/325/1630 12861/326/1630
f 12852/317/1630 12861/326/1630 12854/319/1630
f 12862/311/1576 12863/312/1576 12864/313/1576
f 12862/311/1576 12864/313/1576 12865/314/1576
f 12866/315/1631 12867/316/1631 12868/317/1631
f 12866/315/1631 12868/317/1631 12869/318/1631
f 12869/318/1574 12868/317/1574 12870/319/1574
f 12869/318/1574 12870/319/1574 12871/320/1574
f 12871/320/1632 12870/319/1632 12872/321/1632
f 12871/320/1632 12872/321/1632 12873/322/1632
f 12874/323/1633 12869/318/1633 12871/320/1633
f 12874/323/1633 12871/320/1633 12875/324/1633
f 12868/317/1634 12876/325/1634 12877/326/1634
f 12868/317/1634 12877/326/1634 12870/319/1634
f 12878/311/1576 12879/312/1576 12880/313/1576
f 12878/311/1576 12880/313/1576 12881/314/1576
f 12882/315/1607 12883/316/1607 12884/317/1607
f 12882/315/1607 12884/317/1607 12885/318/1607
f 12885/318/1574 12884/317/1574 12886/319/1574
f 12885/318/1574 12886/319/1574 12887/320/1574
f 12887/320/1635 12886/319/1635 12888/321/1635
f 12887/320/1635 12888/321/1635 12889/322/1635
f 12890/323/1636 12885/318/1636 12887/320/1636
f 12890/323/1636 12887/320/1636 12891/324/1636
f 12884/317/1637 12892/325/1637 12893/326/1637
f 12884/317/1637 12893/326/1637 12886/319/1637
f 12894/311/1576 12895/312/1576 12896/313/1576
f 12894/311/1576 12896/313/1576 12897/314/1576
f 12898/315/1638 12899/316/1638 12900/317/1638
f 12898/315/1638 12900/317/1638 12901/318/1638
f 12901/318/1574 12900/317/1574 12902/319/1574
f 12901/318/1574 12902/319/1574 12903/320/1574
f 12903/320/1639 12902/319/1639 12904/321/1639
f 12903/320/1639 12904/321/1639 12905/322/1639
f 12906/323/1640 12901/318/1640 12903/320/1640
f 12906/323/1640 12903/320/1640 12907/324/1640
f 12900/317/1582 12908/325/1582 12909/326/1582
f 12900/317/1582 12909/326/1582 12902/319/1582
f 12910/311/1576 12911/312/1576 12912/313/1576
f 12910/311/1576 12912/313/1576 12913/314/1576
f 12914/315/1641 12915/316/1641 12916/317/1641
f 12914/315/1641 12916/317/1641 12917/318/1641
f 12917/318/1574 12916/317/1574 12918/319/1574
f 12917/318/1574 12918/319/1574 12919/320/1574
f 12919/320/1642 12918/319/1642 12920/321/1642
f 12919/320/1642 12920/321/1642 12921/322/1642
f 12922/323/1643 12917/318/1643 12919/320/1643
f 12922/323/1643 12919/320/1643 12923/324/1643
f 12916/317/1644 12924/325/1644 12925/326/1644
f 12916/317/1644 12925/326/1644 12918/319/1644
f 12926/311/1574 12927/312/1574 12928/313/1574
f 12926/311/1574 12928/313/1574 12929/314/1574
f 12930/315/1645 12931/316/1645 12932/317/1645
f 12930/315/1645 12932/317/1645 12933/318/1645
f 12933/318/1576 12932/317/1576 12934/319/1576
f 12933/318/1576 12934/319/1576 12935/320/1576
f 12935/320/1646 12934/319/1646 12936/321/1646
f 12935/320/1646 12936/321/1646 12937/322/1646
f 12938/323/1647 12933/318/1647 12935/320/1647
f 12938/323/1647 12935/320/1647 12939/324/1647
f 12932/317/1648 12940/325/1648 12941/326/1648
f 12932/317/1648 12941/326/1648 12934/319/1648
f 12942/311/1574 12943/312/1574 12944/313/1574
f 12942/311/1574 12944/313/1574 12945/314/1574
f 12946/315/1649 12947/316/1649 12948/317/1649
f 12946/315/1649 12948/317/1649 12949/318/1649
f 12949/318/1576 12948/317/1576 12950/319/1576
f 12949/318/1576 12950/319/1576 12951/320/1576
f 12951/320/1650 12950/319/1650 12952/321/1650
f 12951/320/1650 12952/321/1650 12953/322/1650
f 12954/323/1651 12949/318/1651 12951/320/1651
f 12954/323/1651 12951/320/1651 12955/324/1651
f 12948/317/1652 12956/325/1652 12957/326/1652
f 12948/317/1652 12957/326/1652 12950/319/1652
f 12958/311/1574 12959/312/1574 12960/313/1574
f 12958/311/1574 12960/313/1574 12961/314/1574
f 12962/315/1653 12963/316/1653 12964/317/1653
f 12962/315/1653 12964/317/1653 12965/318/1653
f 12965/318/1576 12964/317/1576 12966/319/1576
f 12965/318/1576 12966/319/1576 12967/320/1576
f 12967/320/1654 12966/319/1654 12968/321/1654
f 12967/320/1654 12968/321/1654 12969/322/1654
f 12970/323/1655 12965/318/1655 12967/320/1655
f 12970/323/1655 12967/320/1655 12971/324/1655
f 12964/317/1656 12972/325/1656 12973/326/1656
f 12964/317/1656 12973/326/1656 12966/319/1656
f 12974/311/1574 12975/312/1574 12976/313/1574
f 12974/311/1574 12976/313/1574 12977/314/1574
f 12978/315/1657 12979/316/1657 12980/317/1657
f 12978/315/1657 12980/317/1657 12981/318/1657
f 12981/318/1576 12980/317/1576 12982/319/1576
f 12981/318/1576 12982/319/1576 12983/320/1576
f 12983/320/1658 12982/319/1658 12984/321/1658
f 12983/320/1658 12984/321/1658 12985/322/1658
f 12986/323/1659 12981/318/1659 12983/320/1659
f 12986/323/1659 12983/320/1659 12987/324/1659
f 12980/317/1656 12988/325/1656 12989/326/1656
f 12980/317/1656 12989/326/1656 12982/319/1656
f 12990/311/1574 12991/312/1574 12992/313/1574
f 12990/311/1574 12992/313/1574 12993/314/1574
f 12994/315/1660 12995/316/1660 12996/317/1660
f 12994/315/1660 12996/317/1660 12997/318/1660
f 12997/318/1576 12996/317/1576 12998/319/1576
f 12997/318/1576 12998/319/1576 12999/320/1576
f 12999/320/1661 12998/319/1661 13000/321/1661
f 12999/320/1661 13000/321/1661 13001/322/1661
f 13002/323/1601 12997/318/1601 12999/320/1601
f 13002/323/1601 12999/320/1601 13003/324/1601
f 12996/317/1602 13004/325/1602 13005/326/1602
f 12996/317/1602 13005/326/1602 12998/319/1602
f 13006/311/1574 13007/312/1574 13008/313/1574
f 13006/311/1574 13008/313/1574 13009/314/1574
f 13010/315/1580 13011/316/1580 13012/317/1580
f 13010/315/1580 13012/317/1580 13013/318/1580
f 13013/318/1576 13012/317/1576 13014/319/1576
f 13013/318/1576 13014/319/1576 13015/320/1576
f 13015/320/1581 13014/319/1581 13016/321/1581
f 13015/320/1581 13016/321/1581 13017/322/1581
f 13018/323/1662 13013/318/1662 13015/320/1662
f 13018/323/1662 13015/320/1662 13019/324/1662
f 13012/317/1663 13020/325/1663 13021/326/1663
f 13012/317/1663 13021/326/1663 13014/319/1663
f 13022/311/1574 13023/312/1574 13024/313/1574
f 13022/311/1574 13024/313/1574 13025/314/1574
f 13026/315/1664 13027/316/1664 13028/317/1664
f 13026/315/1664 13028/317/1664 13029/318/1664
f 13029/318/1576 13028/317/1576 13030/319/1576
f 13029/318/1576 13030/319/1576 13031/320/1576
f 13031/320/1665 13030/319/1665 13032/321/1665
f 13031/320/1665 13032/321/1665 13033/322/1665
f 13034/323/1666 13029/318/1666 13031/320/1666
f 13034/323/1666 13031/320/1666 13035/324/1666
f 13028/317/1667 13036/325/1667 13037/326/1667
f 13028/317/1667 13037/326/1667 13030/319/1667
f 13038/311/1574 13039/312/1574 13040/313/1574
f 13038/311/1574 13040/313/1574 13041/314/1574
f 13042/315/1668 13043/316/1668 13044/317/1668
f 13042/315/1668 13044/317/1668 13045/318/1668
f 13045/318/1576 13044/317/1576 13046/319/1576
f 13045/318/1576 13046/319/1576 13047/320/1576
f 13047/320/1669 13046/319/1669 13048/321/1669
f 13047/320/1669 13048/321/1669 13049/322/1669
f 13050/323/1670 13045/318/1670 13047/320/1670
f 13050/323/1670 13047/320/1670 13051/324/1670
f 13044/317/1671 13052/325/1671 13053/326/1671
f 13044/317/1671 13053/326/1671 13046/319/1671
f 13054/311/1574 13055/312/1574 13056/313/1574
f 13054/311/1574 13056/313/1574 13057/314/1574
f 13058/315/1672 13059/316/1672 13060/317/1672
f 13058/315/1672 13060/317/1672 13061/318/1672
f 13061/318/1576 13060/317/1576 13062/319/1576
f 13061/318/1576 13062/319/1576 13063/320/1576
f 13063/320/1673 13062/319/1673 13064/321/1673
f 13063/320/1673 13064/321/1673 13065/322/1673
f 13066/323/1630 13061/318/1630 13063/320/1630
f 13066/323/1630 13063/320/1630 13067/324/1630
f 13060/317/1587 13068/325/1587 13069/326/1587
f 13060/317/1587 13069/326/1587 13062/319/1587
f 13070/311/1574 13071/312/1574 13072/313/1574
f 13070/311/1574 13072/313/1574 13073/314/1574
f 13074/315/1674 13075/316/1674 13076/317/1674
f 13074/315/1674 13076/317/1674 13077/318/1674
f 13077/318/1576 13076/317/1576 13078/319/1576
f 13077/318/1576 13078/319/1576 13079/320/1576
f 13079/320/1589 13078/319/1589 13080/321/1589
f 13079/320/1589 13080/321/1589 13081/322/1589
f 13082/323/1675 13077/318/1675 13079/320/1675
f 13082/323/1675 13079/320/1675 13083/324/1675
f 13076/317/1663 13084/325/1663 13085/326/1663
f 13076/317/1663 13085/326/1663 13078/319/1663
f 13086/311/1574 13087/312/1574 13088/313/1574
f 13086/311/1574 13088/313/1574 13089/314/1574
f 13090/315/1676 13091/316/1676 13092/317/1676
f 13090/315/1676 13092/317/1676 13093/318/1676
f 13093/318/1576 13092/317/1576 13094/319/1576
f 13093/318/1576 13094/319/1576 13095/320/1576
f 13095/320/1677 13094/319/1677 13096/321/1677
f 13095/320/1677 13096/321/1677 13097/322/1677
f 13098/323/1675 13093/318/1675 13095/320/1675
f 13098/323/1675 13095/320/1675 13099/324/1675
f 13092/317/1663 13100/325/1663 13101/326/1663
f 13092/317/1663 13101/326/1663 13094/319/1663
f 13102/311/1574 13103/312/1574 13104/313/1574
f 13102/311/1574 13104/313/1574 13105/314/1574
f 13106/315/1678 13107/316/1678 13108/317/1678
f 13106/315/1678 13108/317/1678 13109/318/1678
f 13109/318/1576 13108/317/1576 13110/319/1576
f 13109/318/1576 13110/319/1576 13111/320/1576
f 13111/320/1679 13110/319/1679 13112/321/1679
f 13111/320/1679 13112/321/1679 13113/322/1679
f 13114/323/1675 13109/318/1675 13111/320/1675
f 13114/323/1675 13111/320/1675 13115/324/1675
f 13108/317/1663 13116/325/1663 13117/326/1663
f 13108/317/1663 13117/326/1663 13110/319/1663
f 13118/331/1574 13119/332/1574 13120/316/1574
f 13118/331/1574 13120/316/1574 13121/315/1574
f 13121/315/1680 13120/316/1680 13122/317/1680
f 13121/315/1680 13122/317/1680 13123/318/1680
f 13123/318/1576 13122/317/1576 13124/319/1576
f 13123/318/1576 13124/319/1576 13125/320/1576
f 13125/320/1681 13124/319/1681 13126/321/1681
f 13125/320/1681 13126/321/1681 13127/322/1681
f 13128/323/1682 13123/318/1682 13125/320/1682
f 13128/323/1682 13125/320/1682 13129/324/1682
f 13122/317/1683 13130/325/1683 13131/326/1683
f 13122/317/1683 13131/326/1683 13124/319/1683
f 13132/311/1574 13133/312/1574 13134/313/1574
f 13132/311/1574 13134/313/1574 13135/314/1574
f 13136/315/1653 13137/316/1653 13138/317/1653
f 13136/315/1653 13138/317/1653 13139/318/1653
f 13139/318/1576 13138/317/1576 13140/319/1576
f 13139/318/1576 13140/319/1576 13141/320/1576
f 13141/320/1654 13140/319/1654 13142/321/1654
f 13141/320/1654 13142/321/1654 13143/322/1654
f 13144/323/1597 13139/318/1597 13141/320/1597
f 13144/323/1597 13141/320/1597 13145/324/1597
f 13138/317/1598 13146/325/1598 13147/326/1598
f 13138/317/1598 13147/326/1598 13140/319/1598
f 13148/311/1574 13149/312/1574 13150/313/1574
f 13148/311/1574 13150/313/1574 13151/314/1574
f 13152/315/1684 13153/316/1684 13154/317/1684
f 13152/315/1684 13154/317/1684 13155/318/1684
f 13155/318/1576 13154/317/1576 13156/319/1576
f 13155/318/1576 13156/319/1576 13157/320/1576
f 13157/320/1685 13156/319/1685 13158/321/1685
f 13157/320/1685 13158/321/1685 13159/322/1685
f 13160/323/1686 13155/318/1686 13157/320/1686
f 13160/323/1686 13157/320/1686 13161/324/1686
f 13154/317/1687 13162/325/1687 13163/326/1687
f 13154/317/1687 13163/326/1687 13156/319/1687
f 13164/311/1574 13165/312/1574 13166/313/1574
f 13164/311/1574 13166/313/1574 13167/314/1574
f 13168/315/1688 13169/316/1688 13170/317/1688
f 13168/315/1688 13170/317/1688 13171/318/1688
f 13171/318/1576 13170/317/1576 13172/319/1576
f 13171/318/1576 13172/319/1576 13173/320/1576
f 13173/320/1689 13172/319/1689 13174/321/1689
f 13173/320/1689 13174/321/1689 13175/322/1689
f 13176/323/1690 13171/318/1690 13173/320/1690
f 13176/323/1690 13173/320/1690 13177/324/1690
f 13170/317/1691 13178/325/1691 13179/326/1691
f 13170/317/1691 13179/326/1691 13172/319/1691
f 13180/311/1574 13181/312/1574 13182/313/1574
f 13180/311/1574 13182/313/1574 13183/314/1574
f 13184/315/1692 13185/316/1692 13186/317/1692
f 13184/315/1692 13186/317/1692 13187/318/1692
f 13187/318/1576 13186/317/1576 13188/319/1576
f 13187/318/1576 13188/319/1576 13189/320/1576
f 13189/320/1693 13188/319/1693 13190/321/1693
f 13189/320/1693 13190/321/1693 13191/322/1693
f 13192/323/1670 13187/318/1670 13189/320/1670
f 13192/323/1670 13189/320/1670 13193/324/1670
f 13186/317/1694 13194/325/1694 13195/326/1694
f 13186/317/1694 13195/326/1694 13188/319/1694
f 13196/311/1574 13197/312/1574 13198/313/1574
f 13196/311/1574 13198/313/1574 13199/314/1574
f 13200/315/1695 13201/316/1695 13202/317/1695
f 13200/315/1695 13202/317/1695 13203/318/1695
f 13203/318/1576 13202/317/1576 13204/319/1576
f 13203/318/1576 13204/319/1576 13205/320/1576
f 13205/320/1696 13204/319/1696 13206/321/1696
f 13205/320/1696 13206/321/1696 13207/322/1696
f 13208/323/1662 13203/318/1662 13205/320/1662
f 13208/323/1662 13205/320/1662 13209/324/1662
f 13202/317/1587 13210/325/1587 13211/326/1587
f 13202/317/1587 13211/326/1587 13204/319/1587
f 13212/311/1574 13213/312/1574 13214/313/1574
f 13212/311/1574 13214/313/1574 13215/314/1574
f 13216/315/1697 13217/316/1697 13218/317/1697
f 13216/315/1697 13218/317/1697 13219/318/1697
f 13219/318/1576 13218/317/1576 13220/319/1576
f 13219/318/1576 13220/319/1576 13221/320/1576
f 13221/320/1698 13220/319/1698 13222/321/1698
f 13221/320/1698 13222/321/1698 13223/322/1698
f 13224/323/1662 13219/318/1662 13221/320/1662
f 13224/323/1662 13221/320/1662 13225/324/1662
f 13218/317/1587 13226/325/1587 13227/326/1587
f 13218/317/1587 13227/326/1587 13220/319/1587
f 13228/311/1574 13229/312/1574 13230/313/1574
f 13228/311/1574 13230/313/1574 13231/314/1574
f 13232/315/1699 13233/316/1699 13234/317/1699
f 13232/315/1699 13234/317/1699 13235/318/1699
f 13235/318/1576 13234/317/1576 13236/319/1576
f 13235/318/1576 13236/319/1576 13237/320/1576
f 13237/320/1700 13236/319/1700 13238/321/1700
f 13237/320/1700 13238/321/1700 13239/322/1700
f 13240/323/1662 13235/318/1662 13237/320/1662
f 13240/323/1662 13237/320/1662 13241/324/1662
f 13234/317/1587 13242/325/1587 13243/326/1587
f 13234/317/1587 13243/326/1587 13236/319/1587
f 13244/311/1574 13245/312/1574 13246/313/1574
f 13244/311/1574 13246/313/1574 13247/314/1574
f 13248/315/1701 13249/316/1701 13250/317/1701
f 13248/315/1701 13250/317/1701 13251/318/1701
f 13251/318/1576 13250/317/1576 13252/319/1576
f 13251/318/1576 13252/319/1576 13253/320/1576
f 13253/320/1702 13252/319/1702 13254/321/1702
f 13253/320/1702 13254/321/1702 13255/322/1702
f 13256/323/1610 13251/318/1610 13253/320/1610
f 13256/323/1610 13253/320/1610 13257/324/1610
f 13250/317/1587 13258/325/1587 13259/326/1587
f 13250/317/1587 13259/326/1587 13252/319/1587
f 13260/331/1574 13261/332/1574 13262/316/1574
f 13260/331/1574 13262/316/1574 13263/315/1574
f 13263/315/1701 13262/316/1701 13264/317/1701
f 13263/315/1701 13264/317/1701 13265/318/1701
f 13265/318/1576 13264/317/1576 13266/319/1576
f 13265/318/1576 13266/319/1576 13267/320/1576
f 13267/320/1703 13266/319/1703 13268/321/1703
f 13267/320/1703 13268/321/1703 13269/322/1703
f 13270/323/1597 13265/318/1597 13267/320/1597
f 13270/323/1597 13267/320/1597 13271/324/1597
f 13264/317/1598 13272/325/1598 13273/326/1598
f 13264/317/1598 13273/326/1598 13266/319/1598
f 13274/311/1574 13275/312/1574 13276/313/1574
f 13274/311/1574 13276/313/1574 13277/314/1574
f 13278/315/1704 13279/316/1704 13280/317/1704
f 13278/315/1704 13280/317/1704 13281/318/1704
f 13281/318/1576 13280/317/1576 13282/319/1576
f 13281/318/1576 13282/319/1576 13283/320/1576
f 13283/320/1705 13282/319/1705 13284/321/1705
f 13283/320/1705 13284/321/1705 13285/322/1705
f 13286/323/1706 13281/318/1706 13283/320/1706
f 13286/323/1706 13283/320/1706 13287/324/1706
f 13280/317/1707 13288/325/1707 13289/326/1707
f 13280/317/1707 13289/326/1707 13282/319/1707
f 13290/311/1574 13291/312/1574 13292/313/1574
f 13290/311/1574 13292/313/1574 13293/314/1574
f 13294/315/1708 13295/316/1708 13296/317/1708
f 13294/315/1708 13296/317/1708 13297/318/1708
f 13297/318/1576 13296/317/1576 13298/319/1576
f 13297/318/1576 13298/319/1576 13299/320/1576
f 13299/320/1615 13298/319/1615 13300/321/1615
f 13299/320/1615 13300/321/1615 13301/322/1615
f 13302/323/1597 13297/318/1597 13299/320/1597
f 13302/323/1597 13299/320/1597 13303/324/1597
f 13296/317/1709 13304/325/1709 13305/326/1709
f 13296/317/1709 13305/326/1709 13298/319/1709
f 13306/311/1574 13307/312/1574 13308/313/1574
f 13306/311/1574 13308/313/1574 13309/314/1574
f 13310/315/1580 13311/316/1580 13312/317/1580
f 13310/315/1580 13312/317/1580 13313/318/1580
f 13313/318/1576 13312/317/1576 13314/319/1576
f 13313/318/1576 13314/319/1576 13315/320/1576
f 13315/320/1710 13314/319/1710 13316/321/1710
f 13315/320/1710 13316/321/1710 13317/322/1710
f 13318/323/1711 13313/318/1711 13315/320/1711
f 13318/323/1711 13315/320/1711 13319/324/1711
f 13312/317/1598 13320/325/1598 13321/326/1598
f 13312/317/1598 13321/326/1598 13314/319/1598
f 13322/311/1574 13323/312/1574 13324/313/1574
f 13322/311/1574 13324/313/1574 13325/314/1574
f 13326/315/1657 13327/316/1657 13328/317/1657
f 13326/315/1657 13328/317/1657 13329/318/1657
f 13329/318/1576 13328/317/1576 13330/319/1576
f 13329/318/1576 13330/319/1576 13331/320/1576
f 13331/320/1658 13330/319/1658 13332/321/1658
f 13331/320/1658 13332/321/1658 13333/322/1658
f 13334/323/1597 13329/318/1597 13331/320/1597
f 13334/323/1597 13331/320/1597 13335/324/1597
f 13328/317/1598 13336/325/1598 13337/326/1598
f 13328/317/1598 13337/326/1598 13330/319/1598
f 13338/311/1574 13339/312/1574 13340/313/1574
f 13338/311/1574 13340/313/1574 13341/314/1574
f 13342/315/1712 13343/316/1712 13344/317/1712
f 13342/315/1712 13344/317/1712 13345/318/1712
f 13345/318/1576 13344/317/1576 13346/319/1576
f 13345/318/1576 13346/319/1576 13347/320/1576
f 13347/320/1713 13346/319/1713 13348/321/1713
f 13347/320/1713 13348/321/1713 13349/322/1713
f 13350/323/1714 13345/318/1714 13347/320/1714
f 13350/323/1714 13347/320/1714 13351/324/1714
f 13344/317/1715 13352/325/1715 13353/326/1715
f 13344/317/1715 13353/326/1715 13346/319/1715
f 13354/311/1574 13355/312/1574 13356/313/1574
f 13354/311/1574 13356/313/1574 13357/314/1574
f 13358/315/1716 13359/316/1716 13360/317/1716
f 13358/315/1716 13360/317/1716 13361/318/1716
f 13361/318/1576 13360/317/1576 13362/319/1576
f 13361/318/1576 13362/319/1576 13363/320/1576
f 13363/320/1717 13362/319/1717 13364/321/1717
f 13363/320/1717 13364/321/1717 13365/322/1717
f 13366/323/1630 13361/318/1630 13363/320/1630
f 13366/323/1630 13363/320/1630 13367/324/1630
f 13368/311/1576 13369/312/1576 13370/313/1576
f 13368/311/1576 13370/313/1576 13371/314/1576
f 13372/315/1718 13373/316/1718 13374/317/1718
f 13372/315/1718 13374/317/1718 13375/318/1718
f 13375/318/1574 13374/317/1574 13376/319/1574
f 13375/318/1574 13376/319/1574 13377/320/1574
f 13377/320/1719 13376/319/1719 13378/321/1719
f 13377/320/1719 13378/321/1719 13379/322/1719
f 13380/323/1720 13375/318/1720 13377/320/1720
f 13380/323/1720 13377/320/1720 13381/324/1720
f 13382/311/1576 13383/312/1576 13384/313/1576
f 13382/311/1576 13384/313/1576 13385/314/1576
f 13386/315/1721 13387/316/1721 13388/317/1721
f 13386/315/1721 13388/317/1721 13389/318/1721
f 13389/318/1574 13388/317/1574 13390/319/1574
f 13389/318/1574 13390/319/1574 13391/320/1574
f 13391/320/1722 13390/319/1722 13392/321/1722
f 13391/320/1722 13392/321/1722 13393/322/1722
f 13394/323/1723 13389/318/1723 13391/320/1723
f 13394/323/1723 13391/320/1723 13395/324/1723
f 13388/317/1724 13396/325/1724 13397/326/1724
f 13388/317/1724 13397/326/1724 13390/319/1724
f 13398/311/1576 13399/312/1576 13400/313/1576
f 13398/311/1576 13400/313/1576 13401/314/1576
f 13402/315/1725 13403/316/1725 13404/317/1725
f 13402/315/1725 13404/317/1725 13405/318/1725
f 13405/318/1574 13404/317/1574 13406/319/1574
f 13405/318/1574 13406/319/1574 13407/320/1574
f 13407/320/1726 13406/319/1726 13408/321/1726
f 13407/320/1726 13408/321/1726 13409/322/1726
f 13410/323/1727 13405/318/1727 13407/320/1727
f 13410/323/1727 13407/320/1727 13411/324/1727
f 13404/317/1728 13412/325/1728 13413/326/1728
f 13404/317/1728 13413/326/1728 13406/319/1728
f 13414/311/1576 13415/312/1576 13416/313/1576
f 13414/311/1576 13416/313/1576 13417/314/1576
f 13418/315/1729 13419/316/1729 13420/317/1729
f 13418/315/1729 13420/317/1729 13421/318/1729
f 13421/318/1574 13420/317/1574 13422/319/1574
f 13421/318/1574 13422/319/1574 13423/320/1574
f 13423/320/1730 13422/319/1730 13424/321/1730
f 13423/320/1730 13424/321/1730 13425/322/1730
f 13426/323/1731 13421/318/1731 13423/320/1731
f 13426/323/1731 13423/320/1731 13427/324/1731
f 13420/317/1732 13428/325/1732 13429/326/1732
f 13420/317/1732 13429/326/1732 13422/319/1732
f 13430/331/1576 13431/332/1576 13432/316/1576
f 13430/331/1576 13432/316/1576 13433/315/1576
f 13433/315/1733 13432/316/1733 13434/317/1733
f 13433/315/1733 13434/317/1733 13435/318/1733
f 13435/318/1574 13434/317/1574 13436/319/1574
f 13435/318/1574 13436/319/1574 13437/320/1574
f 13437/320/1734 13436/319/1734 13438/321/1734
f 13437/320/1734 13438/321/1734 13439/322/1734
f 13440/323/1735 13435/318/1735 13437/320/1735
f 13440/323/1735 13437/320/1735 13441/324/1735
f 13434/317/1736 13442/325/1736 13443/326/1736
f 13434/317/1736 13443/326/1736 13436/319/1736
f 13444/311/1576 13445/312/1576 13446/313/1576
f 13444/311/1576 13446/313/1576 13447/314/1576
f 13448/315/1737 13449/316/1737 13450/317/1737
f 13448/315/1737 13450/317/1737 13451/318/1737
f 13451/318/1574 13450/317/1574 13452/319/1574
f 13451/318/1574 13452/319/1574 13453/320/1574
f 13453/320/1738 13452/319/1738 13454/321/1738
f 13453/320/1738 13454/321/1738 13455/322/1738
f 13456/323/1739 13451/318/1739 13453/320/1739
f 13456/323/1739 13453/320/1739 13457/324/1739
f 13450/317/1740 13458/325/1740 13459/326/1740
f 13450/317/1740 13459/326/1740 13452/319/1740
f 13460/311/1576 13461/312/1576 13462/313/1576
f 13460/311/1576 13462/313/1576 13463/314/1576
f 13464/315/1741 13465/316/1741 13466/317/1741
f 13464/315/1741 13466/317/1741 13467/318/1741
f 13467/318/1574 13466/317/1574 13468/319/1574
f 13467/318/1574 13468/319/1574 13469/320/1574
f 13469/320/1742 13468/319/1742 13470/321/1742
f 13469/320/1742 13470/321/1742 13471/322/1742
f 13472/323/1743 13467/318/1743 13469/320/1743
f 13472/323/1743 13469/320/1743 13473/324/1743
f 13466/317/1744 13474/325/1744 13475/326/1744
f 13466/317/1744 13475/326/1744 13468/319/1744
f 13476/311/1576 13477/312/1576 13478/313/1576
f 13476/311/1576 13478/313/1576 13479/314/1576
f 13480/315/1745 13481/316/1745 13482/317/1745
f 13480/315/1745 13482/317/1745 13483/318/1745
f 13483/318/1574 13482/317/1574 13484/319/1574
f 13483/318/1574 13484/319/1574 13485/320/1574
f 13485/320/1746 13484/319/1746 13486/321/1746
f 13485/320/1746 13486/321/1746 13487/322/1746
f 13488/323/1747 13483/318/1747 13485/320/1747
f 13488/323/1747 13485/320/1747 13489/324/1747
f 13482/317/1748 13490/325/1748 13491/326/1748
f 13482/317/1748 13491/326/1748 13484/319/1748
f 13492/311/1576 13493/312/1576 13494/313/1576
f 13492/311/1576 13494/313/1576 13495/314/1576
f 13496/315/1749 13497/316/1749 13498/317/1749
f 13496/315/1749 13498/317/1749 13499/318/1749
f 13499/318/1574 13498/317/1574 13500/319/1574
f 13499/318/1574 13500/319/1574 13501/320/1574
f 13501/320/1750 13500/319/1750 13502/321/1750
f 13501/320/1750 13502/321/1750 13503/322/1750
f 13504/323/1751 13499/318/1751 13501/320/1751
f 13504/323/1751 13501/320/1751 13505/324/1751
f 13498/317/1752 13506/325/1752 13507/326/1752
f 13498/317/1752 13507/326/1752 13500/319/1752
f 13508/311/1576 13509/312/1576 13510/313/1576
f 13508/311/1576 13510/313/1576 13511/314/1576
f 13512/315/1753 13513/316/1753 13514/317/1753
f 13512/315/1753 13514/317/1753 13515/318/1753
f 13515/318/1574 13514/317/1574 13516/319/1574
f 13515/318/1574 13516/319/1574 13517/320/1574
f 13517/320/1754 13516/319/1754 13518/321/1754
f 13517/320/1754 13518/321/1754 13519/322/1754
f 13520/323/1755 13515/318/1755 13517/320/1755
f 13520/323/1755 13517/320/1755 13521/324/1755
f 13514/317/1756 13522/325/1756 13523/326/1756
f 13514/317/1756 13523/326/1756 13516/319/1756
f 13524/311/1576 13525/312/1576 13526/313/1576
f 13524/311/1576 13526/313/1576 13527/314/1576
f 13528/315/1757 13529/316/1757 13530/317/1757
f 13528/315/1757 13530/317/1757 13531/318/1757
f 13531/318/1574 13530/317/1574 13532/319/1574
f 13531/318/1574 13532/319/1574 13533/320/1574
f 13533/320/1758 13532/319/1758 13534/321/1758
f 13533/320/1758 13534/321/1758 13535/322/1758
f 13536/323/1755 13531/318/1755 13533/320/1755
f 13536/323/1755 13533/320/1755 13537/324/1755
f 13530/317/1759 13538/325/1759 13539/326/1759
f 13530/317/1759 13539/326/1759 13532/319/1759
f 13540/311/1576 13541/312/1576 13542/313/1576
f 13540/311/1576 13542/313/1576 13543/314/1576
f 13544/315/1760 13545/316/1760 13546/317/1760
f 13544/315/1760 13546/317/1760 13547/318/1760
f 13547/318/1574 13546/317/1574 13548/319/1574
f 13547/318/1574 13548/319/1574 13549/320/1574
f 13549/320/1761 13548/319/1761 13550/321/1761
f 13549/320/1761 13550/321/1761 13551/322/1761
f 13552/323/1762 13547/318/1762 13549/320/1762
f 13552/323/1762 13549/320/1762 13553/324/1762
f 13546/317/1763 13554/325/1763 13555/326/1763
f 13546/317/1763 13555/326/1763 13548/319/1763
f 13556/311/1576 13557/312/1576 13558/313/1576
f 13556/311/1576 13558/313/1576 13559/314/1576
f 13560/315/1764 13561/316/1764 13562/317/1764
f 13560/315/1764 13562/317/1764 13563/318/1764
f 13563/318/1574 13562/317/1574 13564/319/1574
f 13563/318/1574 13564/319/1574 13565/320/1574
f 13565/320/1765 13564/319/1765 13566/321/1765
f 13565/320/1765 13566/321/1765 13567/322/1765
f 13568/323/1766 13563/318/1766 13565/320/1766
f 13568/323/1766 13565/320/1766 13569/324/1766
f 13562/317/1617 13570/325/1617 13571/326/1617
f 13562/317/1617 13571/326/1617 13564/319/1617
f 13572/311/1576 13573/312/1576 13574/313/1576
f 13572/311/1576 13574/313/1576 13575/314/1576
f 13576/315/1767 13577/316/1767 13578/317/1767
f 13576/315/1767 13578/317/1767 13579/318/1767
f 13579/318/1574 13578/317/1574 13580/319/1574
f 13579/318/1574 13580/319/1574 13581/320/1574
f 13581/320/1768 13580/319/1768 13582/321/1768
f 13581/320/1768 13582/321/1768 13583/322/1768
f 13584/323/1769 13579/318/1769 13581/320/1769
f 13584/323/1769 13581/320/1769 13585/324/1769
f 13578/317/1770 13586/325/1770 13587/326/1770
f 13578/317/1770 13587/326/1770 13580/319/1770
f 13588/311/1576 13589/312/1576 13590/313/1576
f 13588/311/1576 13590/313/1576 13591/314/1576
f 13592/315/1771 13593/316/1771 13594/317/1771
f 13592/315/1771 13594/317/1771 13595/318/1771
f 13595/318/1574 13594/317/1574 13596/319/1574
f 13595/318/1574 13596/319/1574 13597/320/1574
f 13597/320/1772 13596/319/1772 13598/321/1772
f 13597/320/1772 13598/321/1772 13599/322/1772
f 13600/323/1773 13595/318/1773 13597/320/1773
f 13600/323/1773 13597/320/1773 13601/324/1773
f 13594/317/1774 13602/325/1774 13603/326/1774
f 13594/317/1774 13603/326/1774 13596/319/1774
f 13604/311/1576 13605/312/1576 13606/313/1576
f 13604/311/1576 13606/313/1576 13607/314/1576
f 13608/315/1611 13609/316/1611 13610/317/1611
f 13608/315/1611 13610/317/1611 13611/318/1611
f 13611/318/1574 13610/317/1574 13612/319/1574
f 13611/318/1574 13612/319/1574 13613/320/1574
f 13613/320/1612 13612/319/1612 13614/321/1612
f 13613/320/1612 13614/321/1612 13615/322/1612
f 13616/323/1587 13611/318/1587 13613/320/1587
f 13616/323/1587 13613/320/1587 13617/324/1587
f 13610/317/1662 13618/325/1662 13619/326/1662
f 13610/317/1662 13619/326/1662 13612/319/1662
f 13620/311/1576 13621/312/1576 13622/313/1576
f 13620/311/1576 13622/313/1576 13623/314/1576
f 13624/315/1775 13625/316/1775 13626/317/1775
f 13624/315/1775 13626/317/1775 13627/318/1775
f 13627/318/1574 13626/317/1574 13628/319/1574
f 13627/318/1574 13628/319/1574 13629/320/1574
f 13629/320/1776 13628/319/1776 13630/321/1776
f 13629/320/1776 13630/321/1776 13631/322/1776
f 13632/323/1777 13627/318/1777 13629/320/1777
f 13632/323/1777 13629/320/1777 13633/324/1777
f 13626/317/1610 13634/325/1610 13635/326/1610
f 13626/317/1610 13635/326/1610 13628/319/1610
f 13636/311/1576 13637/312/1576 13638/313/1576
f 13636/311/1576 13638/313/1576 13639/314/1576
f 13640/315/1778 13641/316/1778 13642/317/1778
f 13640/315/1778 13642/317/1778 13643/318/1778
f 13643/318/1574 13642/317/1574 13644/319/1574
f 13643/318/1574 13644/319/1574 13645/320/1574
f 13645/320/1779 13644/319/1779 13646/321/1779
f 13645/320/1779 13646/321/1779 13647/322/1779
f 13648/323/1780 13643/318/1780 13645/320/1780
f 13648/323/1780 13645/320/1780 13649/324/1780
f 13642/317/1781 13650/325/1781 13651/326/1781
f 13642/317/1781 13651/326/1781 13644/319/1781
f 13652/311/1576 13653/312/1576 13654/313/1576
f 13652/311/1576 13654/313/1576 13655/314/1576
f 13656/315/1782 13657/316/1782 13658/317/1782
f 13656/315/1782 13658/317/1782 13659/318/1782
f 13659/318/1574 13658/317/1574 13660/319/1574
f 13659/318/1574 13660/319/1574 13661/320/1574
f 13661/320/1632 13660/319/1632 13662/321/1632
f 13661/320/1632 13662/321/1632 13663/322/1632
f 13664/323/1777 13659/318/1777 13661/320/1777
f 13664/323/1777 13661/320/1777 13665/324/1777
f 13658/317/1610 13666/325/1610 13667/326/1610
f 13658/317/1610 13667/326/1610 13660/319/1610
f 13668/311/1576 13669/312/1576 13670/313/1576
f 13668/311/1576 13670/313/1576 13671/314/1576
f 13672/315/1783 13673/316/1783 13674/317/1783
f 13672/315/1783 13674/317/1783 13675/318/1783
f 13675/318/1574 13674/317/1574 13676/319/1574
f 13675/318/1574 13676/319/1574 13677/320/1574
f 13677/320/1784 13676/319/1784 13678/321/1784
f 13677/320/1784 13678/321/1784 13679/322/1784
f 13680/323/1785 13675/318/1785 13677/320/1785
f 13680/323/1785 13677/320/1785 13681/324/1785
f 13674/317/1786 13682/325/1786 13683/326/1786
f 13674/317/1786 13683/326/1786 13676/319/1786
f 13684/311/1576 13685/312/1576 13686/313/1576
f 13684/311/1576 13686/313/1576 13687/314/1576
f 13688/315/1787 13689/316/1787 13690/317/1787
f 13688/315/1787 13690/317/1787 13691/318/1787
f 13691/318/1574 13690/317/1574 13692/319/1574
f 13691/318/1574 13692/319/1574 13693/320/1574
f 13693/320/1788 13692/319/1788 13694/321/1788
f 13693/320/1788 13694/321/1788 13695/322/1788
f 13696/323/1789 13691/318/1789 13693/320/1789
f 13696/323/1789 13693/320/1789 13697/324/1789
f 13690/317/1790 13698/325/1790 13699/326/1790
f 13690/317/1790 13699/326/1790 13692/319/1790
f 13700/311/1576 13701/312/1576 13702/313/1576
f 13700/311/1576 13702/313/1576 13703/314/1576
f 13704/315/1791 13705/316/1791 13706/317/1791
f 13704/315/1791 13706/317/1791 13707/318/1791
f 13707/318/1574 13706/317/1574 13708/319/1574
f 13707/318/1574 13708/319/1574 13709/320/1574
f 13709/320/1792 13708/319/1792 13710/321/1792
f 13709/320/1792 13710/321/1792 13711/322/1792
f 13712/323/1629 13707/318/1629 13709/320/1629
f 13712/323/1629 13709/320/1629 13713/324/1629
f 13706/317/1630 13714/325/1630 13715/326/1630
f 13706/317/1630 13715/326/1630 13708/319/1630
f 13716/311/1576 13717/312/1576 13718/313/1576
f 13716/311/1576 13718/313/1576 13719/314/1576
f 13720/315/1793 13721/316/1793 13722/317/1793
f 13720/315/1793 13722/317/1793 13723/318/1793
f 13723/318/1574 13722/317/1574 13724/319/1574
f 13723/318/1574 13724/319/1574 13725/320/1574
f 13725/320/1794 13724/319/1794 13726/321/1794
f 13725/320/1794 13726/321/1794 13727/322/1794
f 13728/323/1769 13723/318/1769 13725/320/1769
f 13728/323/1769 13725/320/1769 13729/324/1769
f 13722/317/1770 13730/325/1770 13731/326/1770
f 13722/317/1770 13731/326/1770 13724/319/1770
f 13732/311/1576 13733/312/1576 13734/313/1576
f 13732/311/1576 13734/313/1576 13735/314/1576
f 13736/315/1795 13737/316/1795 13738/317/1795
f 13736/315/1795 13738/317/1795 13739/318/1795
f 13739/318/1574 13738/317/1574 13740/319/1574
f 13739/318/1574 13740/319/1574 13741/320/1574
f 13741/320/1796 13740/319/1796 13742/321/1796
f 13741/320/1796 13742/321/1796 13743/322/1796
f 13744/323/1797 13739/318/1797 13741/320/1797
f 13744/323/1797 13741/320/1797 13745/324/1797
f 13738/317/1798 13746/325/1798 13747/326/1798
f 13738/317/1798 13747/326/1798 13740/319/1798
f 13748/311/1576 13749/312/1576 13750/313/1576
f 13748/311/1576 13750/313/1576 13751/314/1576
f 13752/315/1799 13753/316/1799 13754/317/1799
f 13752/315/1799 13754/317/1799 13755/318/1799
f 13755/318/1574 13754/317/1574 13756/319/1574
f 13755/318/1574 13756/319/1574 13757/320/1574
f 13757/320/1615 13756/319/1615 13758/321/1615
f 13757/320/1615 13758/321/1615 13759/322/1615
f 13760/323/1800 13755/318/1800 13757/320/1800
f 13760/323/1800 13757/320/1800 13761/324/1800
f 13754/317/1801 13762/325/1801 13763/326/1801
f 13754/317/1801 13763/326/1801 13756/319/1801
f 13764/311/1576 13765/312/1576 13766/313/1576
f 13764/311/1576 13766/313/1576 13767/314/1576
f 13768/315/1802 13769/316/1802 13770/317/1802
f 13768/315/1802 13770/317/1802 13771/318/1802
f 13771/318/1574 13770/317/1574 13772/319/1574
f 13771/318/1574 13772/319/1574 13773/320/1574
f 13773/320/1581 13772/319/1581 13774/321/1581
f 13773/320/1581 13774/321/1581 13775/322/1581
f 13776/323/1803 13771/318/1803 13773/320/1803
f 13776/323/1803 13773/320/1803 13777/324/1803
f 13770/317/1804 13778/325/1804 13779/326/1804
f 13770/317/1804 13779/326/1804 13772/319/1804
f 13780/311/1576 13781/312/1576 13782/313/1576
f 13780/311/1576 13782/313/1576 13783/314/1576
f 13784/315/1805 13785/316/1805 13786/317/1805
f 13784/315/1805 13786/317/1805 13787/318/1805
f 13787/318/1574 13786/317/1574 13788/319/1574
f 13787/318/1574 13788/319/1574 13789/320/1574
f 13789/320/1596 13788/319/1596 13790/321/1596
f 13789/320/1596 13790/321/1596 13791/322/1596
f 13792/323/1806 13787/318/1806 13789/320/1806
f 13792/323/1806 13789/320/1806 13793/324/1806
f 13786/317/1610 13794/325/1610 13795/326/1610
f 13786/317/1610 13795/326/1610 13788/319/1610
f 13796/311/1576 13797/312/1576 13798/313/1576
f 13796/311/1576 13798/313/1576 13799/314/1576
f 13800/315/1807 13801/316/1807 13802/317/1807
f 13800/315/1807 13802/317/1807 13803/318/1807
f 13803/318/1574 13802/317/1574 13804/319/1574
f 13803/318/1574 13804/319/1574 13805/320/1574
f 13805/320/1808 13804/319/1808 13806/321/1808
f 13805/320/1808 13806/321/1808 13807/322/1808
f 13808/323/1598 13803/318/1598 13805/320/1598
f 13808/323/1598 13805/320/1598 13809/324/1598
f 13802/317/1597 13810/325/1597 13811/326/1597
f 13802/317/1597 13811/326/1597 13804/319/1597
f 13812/311/1576 13813/312/1576 13814/313/1576
f 13812/311/1576 13814/313/1576 13815/314/1576
f 13816/315/1799 13817/316/1799 13818/317/1799
f 13816/315/1799 13818/317/1799 13819/318/1799
f 13819/318/1574 13818/317/1574 13820/319/1574
f 13819/318/1574 13820/319/1574 13821/320/1574
f 13821/320/1615 13820/319/1615 13822/321/1615
f 13821/320/1615 13822/321/1615 13823/322/1615
f 13824/323/1785 13819/318/1785 13821/320/1785
f 13824/323/1785 13821/320/1785 13825/324/1785
f 13818/317/1786 13826/325/1786 13827/326/1786
f 13818/317/1786 13827/326/1786 13820/319/1786
f 13828/311/1576 13829/312/1576 13830/313/1576
f 13828/311/1576 13830/313/1576 13831/314/1576
f 13832/315/1809 13833/316/1809 13834/317/1809
f 13832/315/1809 13834/317/1809 13835/318/1809
f 13835/318/1574 13834/317/1574 13836/319/1574
f 13835/318/1574 13836/319/1574 13837/320/1574
f 13837/320/1810 13836/319/1810 13838/321/1810
f 13837/320/1810 13838/321/1810 13839/322/1810
f 13840/323/1629 13835/318/1629 13837/320/1629
f 13840/323/1629 13837/320/1629 13841/324/1629
f 13834/317/1630 13842/325/1630 13843/326/1630
f 13834/317/1630 13843/326/1630 13836/319/1630
f 13844/311/1576 13845/312/1576 13846/313/1576
f 13844/311/1576 13846/313/1576 13847/314/1576
f 13848/315/1811 13849/316/1811 13850/317/1811
f 13848/315/1811 13850/317/1811 13851/318/1811
f 13851/318/1574 13850/317/1574 13852/319/1574
f 13851/318/1574 13852/319/1574 13853/320/1574
f 13853/320/1812 13852/319/1812 13854/321/1812
f 13853/320/1812 13854/321/1812 13855/322/1812
f 13856/323/1629 13851/318/1629 13853/320/1629
f 13856/323/1629 13853/320/1629 13857/324/1629
f 13850/317/1630 13858/325/1630 13859/326/1630
f 13850/317/1630 13859/326/1630 13852/319/1630
f 13860/311/1576 13861/312/1576 13862/313/1576
f 13860/311/1576 13862/313/1576 13863/314/1576
f 13864/315/1716 13865/316/1716 13866/317/1716
f 13864/315/1716 13866/317/1716 13867/318/1716
f 13867/318/1574 13866/317/1574 13868/319/1574
f 13867/318/1574 13868/319/1574 13869/320/1574
f 13869/320/1813 13868/319/1813 13870/321/1813
f 13869/320/1813 13870/321/1813 13871/322/1813
f 13872/323/1814 13867/318/1814 13869/320/1814
f 13872/323/1814 13869/320/1814 13873/324/1814
f 13866/317/1637 13874/325/1637 13875/326/1637
f 13866/317/1637 13875/326/1637 13868/319/1637
f 13876/311/1576 13877/312/1576 13878/313/1576
f 13876/311/1576 13878/313/1576 13879/314/1576
f 13880/315/1815 13881/316/1815 13882/317/1815
f 13880/315/1815 13882/317/1815 13883/318/1815
f 13883/318/1574 13882/317/1574 13884/319/1574
f 13883/318/1574 13884/319/1574 13885/320/1574
f 13885/320/1816 13884/319/1816 13886/321/1816
f 13885/320/1816 13886/321/1816 13887/322/1816
f 13888/323/1817 13883/318/1817 13885/320/1817
f 13888/323/1817 13885/320/1817 13889/324/1817
f 13882/317/1818 13890/325/1818 13891/326/1818
f 13882/317/1818 13891/326/1818 13884/319/1818
f 13892/311/1574 13893/312/1574 13894/313/1574
f 13892/311/1574 13894/313/1574 13895/314/1574
f 13896/315/1793 13897/316/1793 13898/317/1793
f 13896/315/1793 13898/317/1793 13899/318/1793
f 13899/318/1576 13898/317/1576 13900/319/1576
f 13899/318/1576 13900/319/1576 13901/320/1576
f 13901/320/1581 13900/319/1581 13902/321/1581
f 13901/320/1581 13902/321/1581 13903/322/1581
f 13904/323/1662 13899/318/1662 13901/320/1662
f 13904/323/1662 13901/320/1662 13905/324/1662
f 13898/317/1819 13906/325/1819 13907/326/1819
f 13898/317/1819 13907/326/1819 13900/319/1819
f 13908/311/1574 13909/312/1574 13910/313/1574
f 13908/311/1574 13910/313/1574 13911/314/1574
f 13912/315/1820 13913/316/1820 13914/317/1820
f 13912/315/1820 13914/317/1820 13915/318/1820
f 13915/318/1576 13914/317/1576 13916/319/1576
f 13915/318/1576 13916/319/1576 13917/320/1576
f 13917/320/1635 13916/319/1635 13918/321/1635
f 13917/320/1635 13918/321/1635 13919/322/1635
f 13920/323/1821 13915/318/1821 13917/320/1821
f 13920/323/1821 13917/320/1821 13921/324/1821
f 13914/317/1822 13922/325/1822 13923/326/1822
f 13914/317/1822 13923/326/1822 13916/319/1822
f 13924/311/1574 13925/312/1574 13926/313/1574
f 13924/311/1574 13926/313/1574 13927/314/1574
f 13928/315/1823 13929/316/1823 13930/317/1823
f 13928/315/1823 13930/317/1823 13931/318/1823
f 13931/318/1576 13930/317/1576 13932/319/1576
f 13931/318/1576 13932/319/1576 13933/320/1576
f 13933/320/1824 13932/319/1824 13934/321/1824
f 13933/320/1824 13934/321/1824 13935/322/1824
f 13936/323/1662 13931/318/1662 13933/320/1662
f 13936/323/1662 13933/320/1662 13937/324/1662
f 13930/317/1587 13938/325/1587 13939/326/1587
f 13930/317/1587 13939/326/1587 13932/319/1587
f 13940/323/1825 13941/318/1825 13942/320/1825
f 13940/323/1825 13942/320/1825 13943/324/1825
f 13944/311/1574 13945/312/1574 13946/313/1574
f 13944/311/1574 13946/313/1574 13947/314/1574
f 13942/320/1826 13948/319/1826 13949/321/1826
f 13942/320/1826 13949/321/1826 13950/322/1826
f 13941/318/1576 13951/317/1576 13948/319/1576
f 13941/318/1576 13948/319/1576 13942/320/1576
f 13951/317/1827 13952/325/1827 13953/326/1827
f 13951/317/1827 13953/326/1827 13948/319/1827
f 13954/315/1828 13955/316/1828 13951/317/1828
f 13954/315/1828 13951/317/1828 13941/318/1828
f 13956/323/1829 13957/318/1829 13958/320/1829
f 13956/323/1829 13958/320/1829 13959/324/1829
f 13960/311/1574 13961/312/1574 13962/313/1574
f 13960/311/1574 13962/313/1574 13963/314/1574
f 13958/320/1830 13964/319/1830 13965/321/1830
f 13958/320/1830 13965/321/1830 13966/322/1830
f 13957/318/1576 13967/317/1576 13964/319/1576
f 13957/318/1576 13964/319/1576 13958/320/1576
f 13967/317/1587 13968/325/1587 13969/326/1587
f 13967/317/1587 13969/326/1587 13964/319/1587
f 13970/315/1591 13971/316/1591 13967/317/1591
f 13970/315/1591 13967/317/1591 13957/318/1591
f 13972/323/1831 13973/318/1831 13974/320/1831
f 13972/323/1831 13974/320/1831 13975/324/1831
f 13976/311/1574 13977/312/1574 13978/313/1574
f 13976/311/1574 13978/313/1574 13979/314/1574
f 13974/320/1832 13980/319/1832 13981/321/1832
f 13974/320/1832 13981/321/1832 13982/322/1832
f 13973/318/1576 13983/317/1576 13980/319/1576
f 13973/318/1576 13980/319/1576 13974/320/1576
f 13983/317/1785 13984/325/1785 13985/326/1785
f 13983/317/1785 13985/326/1785 13980/319/1785
f 13986/315/1833 13987/316/1833 13983/317/1833
f 13986/315/1833 13983/317/1833 13973/318/1833
f 13988/323/1706 13989/318/1706 13990/320/1706
f 13988/323/1706 13990/320/1706 13991/324/1706
f 13992/311/1574 13993/312/1574 13994/313/1574
f 13992/311/1574 13994/313/1574 13995/314/1574
f 13990/320/1834 13996/319/1834 13997/321/1834
f 13990/320/1834 13997/321/1834 13998/322/1834
f 13989/318/1576 13999/317/1576 13996/319/1576
f 13989/318/1576 13996/319/1576 13990/320/1576
f 13999/317/1835 14000/325/1835 14001/326/1835
f 13999/317/1835 14001/326/1835 13996/319/1835
f 14002/315/1782 14003/316/1782 13999/317/1782
f 14002/315/1782 13999/317/1782 13989/318/1782
f 14004/323/1831 14005/318/1831 14006/320/1831
f 14004/323/1831 14006/320/1831 14007/324/1831
f 14008/311/1574 14009/312/1574 14010/313/1574
f 14008/311/1574 14010/313/1574 14011/314/1574
f 14006/320/1836 14012/319/1836 14013/321/1836
f 14006/320/1836 14013/321/1836 14014/322/1836
f 14005/318/1576 14015/317/1576 14012/319/1576
f 14005/318/1576 14012/319/1576 14006/320/1576
f 14015/317/1822 14016/325/1822 14017/326/1822
f 14015/317/1822 14017/326/1822 14012/319/1822
f 14018/315/1704 14019/316/1704 14015/317/1704
f 14018/315/1704 14015/317/1704 14005/318/1704
f 14020/323/1831 14021/318/1831 14022/320/1831
f 14020/323/1831 14022/320/1831 14023/324/1831
f 14024/311/1574 14025/312/1574 14026/313/1574
f 14024/311/1574 14026/313/1574 14027/314/1574
f 14022/320/1837 14028/319/1837 14029/321/1837
f 14022/320/1837 14029/321/1837 14030/322/1837
f 14021/318/1576 14031/317/1576 14028/319/1576
f 14021/318/1576 14028/319/1576 14022/320/1576
f 14031/317/1822 14032/325/1822 14033/326/1822
f 14031/317/1822 14033/326/1822 14028/319/1822
f 14034/315/1838 14035/316/1838 14031/317/1838
f 14034/315/1838 14031/317/1838 14021/318/1838
f 14036/323/1786 14037/318/1786 14038/320/1786
f 14036/323/1786 14038/320/1786 14039/324/1786
f 14040/311/1574 14041/312/1574 14042/313/1574
f 14040/311/1574 14042/313/1574 14043/314/1574
f 14038/320/1703 14044/319/1703 14045/321/1703
f 14038/320/1703 14045/321/1703 14046/322/1703
f 14037/318/1576 14047/317/1576 14044/319/1576
f 14037/318/1576 14044/319/1576 14038/320/1576
f 14047/317/1785 14048/325/1785 14049/326/1785
f 14047/317/1785 14049/326/1785 14044/319/1785
f 14050/315/1701 14051/316/1701 14047/317/1701
f 14050/315/1701 14047/317/1701 14037/318/1701
f 14052/311/1576 14053/312/1576 14054/313/1576
f 14052/311/1576 14054/313/1576 14055/314/1576
f 14056/315/1839 14057/316/1839 14058/317/1839
f 14056/315/1839 14058/317/1839 14059/318/1839
f 14059/318/1574 14058/317/1574 14060/319/1574
f 14059/318/1574 14060/319/1574 14061/320/1574
f 14061/320/1840 14060/319/1840 14062/321/1840
f 14061/320/1840 14062/321/1840 14063/322/1840
f 14064/323/1841 14059/318/1841 14061/320/1841
f 14064/323/1841 14061/320/1841 14065/324/1841
f 14058/317/1818 14066/325/1818 14067/326/1818
f 14058/317/1818 14067/326/1818 14060/319/1818
f 14068/311/1576 14069/312/1576 14070/313/1576
f 14068/311/1576 14070/313/1576 14071/314/1576
f 14072/315/1842 14073/316/1842 14074/317/1842
f 14072/315/1842 14074/317/1842 14075/318/1842
f 14075/318/1574 14074/317/1574 14076/319/1574
f 14075/318/1574 14076/319/1574 14077/320/1574
f 14077/320/1654 14076/319/1654 14078/321/1654
f 14077/320/1654 14078/321/1654 14079/322/1654
f 14080/323/1822 14075/318/1822 14077/320/1822
f 14080/323/1822 14077/320/1822 14081/324/1822
f 14074/317/1843 14082/325/1843 14083/326/1843
f 14074/317/1843 14083/326/1843 14076/319/1843
f 14084/311/1576 14085/312/1576 14086/313/1576
f 14084/311/1576 14086/313/1576 14087/314/1576
f 14088/315/1704 14089/316/1704 14090/317/1704
f 14088/315/1704 14090/317/1704 14091/318/1704
f 14091/318/1574 14090/317/1574 14092/319/1574
f 14091/318/1574 14092/319/1574 14093/320/1574
f 14093/320/1844 14092/319/1844 14094/321/1844
f 14093/320/1844 14094/321/1844 14095/322/1844
f 14096/323/1785 14091/318/1785 14093/320/1785
f 14096/323/1785 14093/320/1785 14097/324/1785
f 14090/317/1831 14098/325/1831 14099/326/1831
f 14090/317/1831 14099/326/1831 14092/319/1831
f 14100/311/1576 14101/312/1576 14102/313/1576
f 14100/311/1576 14102/313/1576 14103/314/1576
f 14104/315/1845 14105/316/1845 14106/317/1845
f 14104/315/1845 14106/317/1845 14107/318/1845
f 14107/318/1574 14106/317/1574 14108/319/1574
f 14107/318/1574 14108/319/1574 14109/320/1574
f 14109/320/1700 14108/319/1700 14110/321/1700
f 14109/320/1700 14110/321/1700 14111/322/1700
f 14112/323/1846 14107/318/1846 14109/320/1846
f 14112/323/1846 14109/320/1846 14113/324/1846
f 14106/317/1786 14114/325/1786 14115/326/1786
f 14106/317/1786 14115/326/1786 14108/319/1786
f 14116/311/1576 14117/312/1576 14118/313/1576
f 14116/311/1576 14118/313/1576 14119/314/1576
f 14120/315/1782 14121/316/1782 14122/317/1782
f 14120/315/1782 14122/317/1782 14123/318/1782
f 14123/318/1574 14122/317/1574 14124/319/1574
f 14123/318/1574 14124/319/1574 14125/320/1574
f 14125/320/1847 14124/319/1847 14126/321/1847
f 14125/320/1847 14126/321/1847 14127/322/1847
f 14128/323/1785 14123/318/1785 14125/320/1785
f 14128/323/1785 14125/320/1785 14129/324/1785
f 14122/317/1786 14130/325/1786 14131/326/1786
f 14122/317/1786 14131/326/1786 14124/319/1786
f 14132/323/1587 14133/318/1587 14134/320/1587
f 14132/323/1587 14134/320/1587 14135/324/1587
f 14136/311/1576 14137/312/1576 14138/313/1576
f 14136/311/1576 14138/313/1576 14139/314/1576
f 14134/320/1844 14140/319/1844 14141/321/1844
f 14134/320/1844 14141/321/1844 14142/322/1844
f 14133/318/1574 14143/317/1574 14140/319/1574
f 14133/318/1574 14140/319/1574 14134/320/1574
f 14143/317/1662 14144/325/1662 14145/326/1662
f 14143/317/1662 14145/326/1662 14140/319/1662
f 14146/315/1848 14147/316/1848 14143/317/1848
f 14146/315/1848 14143/317/1848 14133/318/1848
f 14148/323/1827 14149/318/1827 14150/320/1827
f 14148/323/1827 14150/320/1827 14151/324/1827
f 14152/311/1576 14153/312/1576 14154/313/1576
f 14152/311/1576 14154/313/1576 14155/314/1576
f 14150/320/1826 14156/319/1826 14157/321/1826
f 14150/320/1826 14157/321/1826 14158/322/1826
f 14149/318/1574 14159/317/1574 14156/319/1574
f 14149/318/1574 14156/319/1574 14150/320/1574
f 14159/317/1849 14160/325/1849 14161/326/1849
f 14159/317/1849 14161/326/1849 14156/319/1849
f 14162/315/1708 14163/316/1708 14159/317/1708
f 14162/315/1708 14159/317/1708 14149/318/1708
f 14164/323/1827 14165/318/1827 14166/320/1827
f 14164/323/1827 14166/320/1827 14167/324/1827
f 14168/311/1576 14169/312/1576 14170/313/1576
f 14168/311/1576 14170/313/1576 14171/314/1576
f 14166/320/1832 14172/319/1832 14173/321/1832
f 14166/320/1832 14173/321/1832 14174/322/1832
f 14165/318/1574 14175/317/1574 14172/319/1574
f 14165/318/1574 14172/319/1574 14166/320/1574
f 14175/317/1829 14176/325/1829 14177/326/1829
f 14175/317/1829 14177/326/1829 14172/319/1829
f 14178/315/1850 14179/316/1850 14175/317/1850
f 14178/315/1850 14175/317/1850 14165/318/1850
f 14180/323/1587 14181/318/1587 14182/320/1587
f 14180/323/1587 14182/320/1587 14183/324/1587
f 14184/311/1576 14185/312/1576 14186/313/1576
f 14184/311/1576 14186/313/1576 14187/314/1576
f 14182/320/1851 14188/319/1851 14189/321/1851
f 14182/320/1851 14189/321/1851 14190/322/1851
f 14181/318/1574 14191/317/1574 14188/319/1574
f 14181/318/1574 14188/319/1574 14182/320/1574
f 14191/317/1662 14192/325/1662 14193/326/1662
f 14191/317/1662 14193/326/1662 14188/319/1662
f 14194/315/1852 14195/316/1852 14191/317/1852
f 14194/315/1852 14191/317/1852 14181/318/1852
f 14196/323/1769 14197/318/1769 14198/320/1769
f 14196/323/1769 14198/320/1769 14199/324/1769
f 14200/311/1576 14201/312/1576 14202/313/1576
f 14200/311/1576 14202/313/1576 14203/314/1576
f 14198/320/1853 14204/319/1853 14205/321/1853
f 14198/320/1853 14205/321/1853 14206/322/1853
f 14197/318/1574 14207/317/1574 14204/319/1574
f 14197/318/1574 14204/319/1574 14198/320/1574
f 14207/317/1770 14208/325/1770 14209/326/1770
f 14207/317/1770 14209/326/1770 14204/319/1770
f 14210/315/1854 14211/316/1854 14207/317/1854
f 14210/315/1854 14207/317/1854 14197/318/1854
f 14212/323/1587 14213/318/1587 14214/320/1587
f 14212/323/1587 14214/320/1587 14215/324/1587
f 14216/311/1576 14217/312/1576 14218/313/1576
f 14216/311/1576 14218/313/1576 14219/314/1576
f 14214/320/1855 14220/319/1855 14221/321/1855
f 14214/320/1855 14221/321/1855 14222/322/1855
f 14213/318/1574 14223/317/1574 14220/319/1574
f 14213/318/1574 14220/319/1574 14214/320/1574
f 14223/317/1770 14224/325/1770 14225/326/1770
f 14223/317/1770 14225/326/1770 14220/319/1770
f 14226/315/1614 14227/316/1614 14223/317/1614
f 14226/315/1614 14223/317/1614 14213/318/1614
f 14228/323/1785 14229/318/1785 14230/320/1785
f 14228/323/1785 14230/320/1785 14231/324/1785
f 14232/311/1576 14233/312/1576 14234/313/1576
f 14232/311/1576 14234/313/1576 14235/314/1576
f 14230/320/1856 14236/319/1856 14237/321/1856
f 14230/320/1856 14237/321/1856 14238/322/1856
f 14229/318/1574 14239/317/1574 14236/319/1574
f 14229/318/1574 14236/319/1574 14230/320/1574
f 14239/317/1786 14240/325/1786 14241/326/1786
f 14239/317/1786 14241/326/1786 14236/319/1786
f 14242/315/1857 14243/316/1857 14239/317/1857
f 14242/315/1857 14239/317/1857 14229/318/1857
f 14244/311/1576 14245/312/1576 14246/313/1576
f 14244/311/1576 14246/313/1576 14247/314/1576
f 14248/315/1805 14249/316/1805 14250/317/1805
f 14248/315/1805 14250/317/1805 14251/318/1805
f 14251/318/1574 14250/317/1574 14252/319/1574
f 14251/318/1574 14252/319/1574 14253/320/1574
f 14253/320/1858 14252/319/1858 14254/321/1858
f 14253/320/1858 14254/321/1858 14255/322/1858
f 14256/323/1859 14251/318/1859 14253/320/1859
f 14256/323/1859 14253/320/1859 14257/324/1859
f 14250/317/1662 14258/325/1662 14259/326/1662
f 14250/317/1662 14259/326/1662 14252/319/1662
# Vertices: 1638, normals: 286, texture coordinates: 22, faces: 1232

