# File generated by ImageToStl.com - Free Image and 3D model conversion tools

mtllib the_big_library.mtl

o obj1
v -1.10696995 -1.10116005 1.11456001
v -1.10696995 -1.10116005 1.17337
v -0.96445 -1.10116005 1.17337
v -0.96445 -1.10116005 1.11456001
v -0.60988998 -1.10116005 -1.10696995
v -1.10696995 -1.10116005 -1.10696995
v -1.10696995 -1.10116005 -0.96445
v -0.60988998 -1.10116005 -0.96445
v 0.80189002 -1.10116005 -1.10696995
v 0.75831002 -1.10116005 -1.10696995
v 0.75831002 -1.10116005 -0.96445
v 0.80189002 -1.10116005 -0.96445
v 0.34400001 -1.10116005 -1.10696995
v 0.30225 -1.10116005 -1.10696995
v 0.30225 -1.10116005 -0.96445
v 0.34400001 -1.10116005 -0.96445
v -0.10771 -1.10116005 -1.10696995
v -0.15381999 -1.10116005 -1.10696995
v -0.15381999 -1.10116005 -0.96445
v -0.10771 -1.10116005 -0.96445
v -0.56740999 -1.10116005 -1.10696995
v -0.56740999 -1.10116005 -0.96445
v 0.30225 -0.12388 -0.96445
v -0.10771 -0.12388 -0.96445
v -0.10771 -0.12388 -0.83945
v 0.30225 -0.12388 -0.83945
v 0.30225 0.20189001 -0.96445
v -0.10771 0.20189001 -0.96445
v -0.10771 0.20189001 -0.83945
v 0.30225 0.20189001 -0.83945
v -0.15381999 -0.77539998 -0.96445
v -0.56740999 -0.77539998 -0.96445
v -0.56740999 -0.77539998 -0.83945
v -0.15381999 -0.77539998 -0.83945
v -1.10696995 -1.10116005 -1.10696995
v -1.10696995 -1.10116005 -0.61502999
v -0.96445 -1.10116005 -0.61502999
v -0.96445 -1.10116005 -1.10696995
v -1.10696995 -1.10116005 -0.57385999
v -1.10696995 -1.10116005 -0.15897
v -0.96445 -1.10116005 -0.15897
v -0.96445 -1.10116005 -0.57385999
v -1.10696995 -1.10116005 -0.11972
v -1.10696995 -1.10116005 0.29710001
v -0.96445 -1.10116005 0.29710001
v -0.96445 -1.10116005 -0.11972
v -1.10696995 -1.10116005 0.33827001
v -1.10696995 -1.10116005 0.75317001
v -0.96445 -1.10116005 0.75317001
v -0.96445 -1.10116005 0.33827001
v -0.96445 0.89142001 1.11456001
v -0.96445 1.17917001 1.11456001
v -0.83945 1.17917001 1.11456001
v -0.83945 0.89142001 1.11456001
v -0.96445 0.85341001 0.75317001
v -0.96445 0.85341001 0.33827001
v -0.83945 0.85341001 0.33827001
v -0.83945 0.85341001 0.75317001
v -0.96445 0.52765 0.75317001
v -0.96445 0.52765 0.33827001
v -0.83945 0.52765 0.33827001
v -0.83945 0.52765 0.75317001
v 1.14034998 -1.10116005 -0.96445
v 0.80189002 -1.10116005 -0.83945
v 1.14034998 -1.10116005 -0.83945
v 0.30225 0.52765 -0.96445
v -0.10771 0.52765 -0.96445
v -0.10771 0.52765 -0.83945
v 0.30225 0.52765 -0.83945
v -0.15381999 -0.44964001 -0.96445
v -0.56740999 -0.44964001 -0.96445
v -0.56740999 -0.44964001 -0.83945
v -0.15381999 -0.44964001 -0.83945
v 0.30225 0.85341001 -0.96445
v -0.10771 0.85341001 -0.96445
v -0.10771 0.85341001 -0.83945
v 0.30225 0.85341001 -0.83945
v -0.15381999 -0.12388 -0.96445
v -0.56740999 -0.12388 -0.96445
v -0.56740999 -0.12388 -0.83945
v -0.15381999 -0.12388 -0.83945
v -0.15381999 0.20189001 -0.96445
v -0.56740999 0.20189001 -0.96445
v -0.56740999 0.20189001 -0.83945
v -0.15381999 0.20189001 -0.83945
v 0.34400001 -1.10116005 -0.83945
v 0.75831002 -1.10116005 -0.83945
v -0.15381999 0.52765 -0.96445
v -0.56740999 0.52765 -0.96445
v -0.56740999 0.52765 -0.83945
v -0.15381999 0.52765 -0.83945
v -0.15381999 0.85341001 -0.96445
v -0.56740999 0.85341001 -0.96445
v -0.56740999 0.85341001 -0.83945
v -0.15381999 0.85341001 -0.83945
v -0.10771 -1.10116005 -0.83945
v 0.30225 -1.10116005 -0.83945
v -0.56740999 -1.10116005 -0.83945
v -0.15381999 -1.10116005 -0.83945
v -0.60988998 -1.10116005 -0.83945
v -0.96445 0.20189001 0.33827001
v -0.96445 -0.08456 0.33827001
v -1.03652 -0.08456 0.33827001
v -1.03652 0.20189001 0.33827001
v -0.96445 -0.12388 0.75317001
v -0.96445 -0.12388 0.33827001
v -0.83945 -0.12388 0.33827001
v -0.83945 -0.12388 0.75317001
v -0.96445 -0.44964001 0.75317001
v -0.96445 -0.44964001 0.33827001
v -0.83945 -0.44964001 0.33827001
v -0.83945 -0.44964001 0.75317001
v -0.96445 -1.10116005 -0.57385999
v -0.96445 -1.10116005 -0.61502999
v -0.83945 -1.10116005 -0.61502999
v -0.83945 -1.10116005 -0.57385999
v -0.96445 0.23559 0.29710001
v -0.96445 0.52765 0.29710001
v -1.03652 0.52765 0.29710001
v -1.03652 0.23559 0.29710001
v -0.96445 -0.77539998 0.75317001
v -0.96445 -0.77539998 0.33827001
v -0.83945 -0.77539998 0.33827001
v -0.83945 -0.77539998 0.75317001
v -0.96445 -1.10116005 -0.11972
v -0.96445 -1.10116005 -0.15897
v -0.83945 -1.10116005 -0.15897
v -0.83945 -1.10116005 -0.11972
v -0.96445 0.20189001 0.29710001
v -0.96445 0.20189001 -0.11972
v -1.03652 0.20189001 -0.11972
v -1.03652 0.20189001 0.29710001
v -0.96445 0.85341001 0.29710001
v -0.96445 0.85341001 -0.11972
v -0.83945 0.85341001 -0.11972
v -0.83945 0.85341001 0.29710001
v -0.96445 -1.10116005 0.33827001
v -0.96445 -1.10116005 0.29710001
v -0.83945 -1.10116005 0.29710001
v -0.83945 -1.10116005 0.33827001
v 1.14034998 -1.05772996 -0.96445
v 1.14034998 -1.05772996 -0.83945
v 1.14034998 -1.10116005 -0.83945
v 1.14034998 -1.10116005 -0.96445
v -0.96445 0.52765 0.29710001
v -0.96445 0.52765 -0.11972
v -0.83945 0.52765 -0.11972
v -0.83945 0.52765 0.29710001
v -0.96445 -1.10116005 0.78855002
v -0.96445 -1.10116005 0.75317001
v -0.83945 -1.10116005 0.75317001
v -0.83945 -1.10116005 0.78855002
v -0.96445 0.52765 0.33827001
v -0.96445 0.23559 0.33827001
v -1.03652 0.23559 0.33827001
v -1.03652 0.52765 0.33827001
v -1.10696995 -1.10116005 0.78855002
v -0.96445 -1.10116005 0.78855002
v -0.96445 -0.12388 0.29710001
v -0.96445 -0.12388 -0.11972
v -0.83945 -0.12388 -0.11972
v -0.83945 -0.12388 0.29710001
v -0.96445 -0.44964001 0.29710001
v -0.96445 -0.44964001 -0.11972
v -0.83945 -0.44964001 -0.11972
v -0.83945 -0.44964001 0.29710001
v -0.96445 0.56134999 0.29710001
v -0.96445 0.56134999 -0.11972
v -0.96445 0.85341001 -0.11972
v -0.96445 0.85341001 0.29710001
v 0.34400001 -1.18299997 -0.15897
v 0.34400001 -1.18299997 -0.11972
v 0.30225 -1.18299997 -0.11972
v 0.30225 -1.18299997 -0.15897
v -0.96445 -0.77539998 0.29710001
v -0.96445 -0.77539998 -0.11972
v -0.83945 -0.77539998 -0.11972
v -0.83945 -0.77539998 0.29710001
v -0.96445 0.85341001 -0.15897
v -0.96445 0.85341001 -0.57385999
v -0.83945 0.85341001 -0.57385999
v -0.83945 0.85341001 -0.15897
v -0.96445 -0.41032001 -0.15897
v -0.96445 -0.41032001 -0.57385999
v -0.96445 -0.12388 -0.57385999
v -0.96445 -0.12388 -0.15897
v 0.30225 0.85341001 -0.96445
v 0.30225 0.56564999 -0.96445
v -0.10771 0.56564999 -0.96445
v -0.10771 0.85341001 -0.96445
v 0.30225 0.52765 -0.96445
v 0.30225 0.23988999 -0.96445
v -0.10771 0.23988999 -0.96445
v -0.10771 0.52765 -0.96445
v 0.75831002 -0.44964001 -0.96445
v 0.75831002 -0.74282998 -0.96445
v 0.34400001 -0.74282998 -0.96445
v 0.34400001 -0.44964001 -0.96445
v 1.14034998 -0.12388 -0.96445
v 1.14034998 -0.41163 -0.96445
v 0.80189002 -0.41163 -0.96445
v 0.80189002 -0.12388 -0.96445
v 1.14034998 -0.44964001 -0.96445
v 1.14034998 -0.74282998 -0.96445
v 0.80189002 -0.74282998 -0.96445
v 0.80189002 -0.44964001 -0.96445
v 1.14034998 -1.10116005 -1.10696995
v 1.17337 -1.10116005 -1.10696995
v 1.17337 -1.10116005 -0.96445
v 1.17337 -1.05772996 -0.96445
v 1.17337 -1.10116005 -0.96445
v 1.14034998 -1.10116005 -0.96445
v 1.14034998 -1.05772996 -0.96445
v 1.17337 -1.18299997 -0.61502999
v 1.17337 -1.18299997 -0.57385999
v 1.14034998 -1.18299997 -0.57385999
v 1.14034998 -1.18299997 -0.61502999
v -0.96445 0.52765 -0.15897
v -0.96445 0.52765 -0.57385999
v -0.83945 0.52765 -0.57385999
v -0.83945 0.52765 -0.15897
v -0.96445 0.20189001 -0.15897
v -0.96445 0.20189001 -0.57385999
v -0.83945 0.20189001 -0.57385999
v -0.83945 0.20189001 -0.15897
v -0.96445 0.56134999 0.29710001
v -0.96445 0.85341001 0.29710001
v -0.83945 0.85341001 0.29710001
v -0.83945 0.56134999 0.29710001
v -0.96445 -0.12388 -0.15897
v -0.96445 -0.12388 -0.57385999
v -0.83945 -0.12388 -0.57385999
v -0.83945 -0.12388 -0.15897
v -0.96445 -1.10116005 1.17337
v -0.96445 -1.10116005 1.11456001
v -0.83945 -1.10116005 1.11456001
v -0.83945 -1.10116005 1.17337
v -0.96445 -0.08456 0.29710001
v -0.96445 0.20189001 0.29710001
v -1.03652 0.20189001 0.29710001
v -1.03652 -0.08456 0.29710001
v -0.96445 0.23559 -0.11972
v -0.96445 0.23559 0.29710001
v -1.03652 0.23559 0.29710001
v -1.03652 0.23559 -0.11972
v -0.96445 0.20189001 0.75317001
v -0.96445 0.20189001 0.33827001
v -1.03652 0.20189001 0.33827001
v -1.03652 0.20189001 0.75317001
v -0.96445 0.23559 0.33827001
v -0.96445 0.23559 0.75317001
v -1.03652 0.23559 0.75317001
v -1.03652 0.23559 0.33827001
v -0.96445 0.56134999 1.11456001
v -0.96445 0.85341001 1.11456001
v -0.83945 0.85341001 1.11456001
v -0.83945 0.56134999 1.11456001
v -0.96445 -0.77539998 1.11456001
v -0.96445 -0.77539998 0.78855002
v -0.83945 -0.77539998 0.78855002
v -0.83945 -0.77539998 1.11456001
v -0.96445 -0.44964001 1.11456001
v -0.96445 -0.44964001 0.78855002
v -0.83945 -0.44964001 0.78855002
v -0.83945 -0.44964001 1.11456001
v -0.96445 -0.12388 1.11456001
v -0.96445 -0.12388 0.78855002
v -0.83945 -0.12388 0.78855002
v -0.83945 -0.12388 1.11456001
v -0.96445 0.20189001 1.11456001
v -0.96445 0.20189001 0.78855002
v -0.83945 0.20189001 0.78855002
v -0.83945 0.20189001 1.11456001
v -0.96445 0.52765 1.11456001
v -0.96445 0.52765 0.78855002
v -0.83945 0.52765 0.78855002
v -0.83945 0.52765 1.11456001
v -0.96445 0.85341001 1.11456001
v -0.96445 0.85341001 0.78855002
v -0.83945 0.85341001 0.78855002
v -0.83945 0.85341001 1.11456001
v -0.96445 -0.77539998 -0.15897
v -0.96445 -0.77539998 -0.57385999
v -0.83945 -0.77539998 -0.57385999
v -0.83945 -0.77539998 -0.15897
v -0.96445 -0.44964001 -0.15897
v -0.96445 -0.44964001 -0.57385999
v -0.83945 -0.44964001 -0.57385999
v -0.83945 -0.44964001 -0.15897
v -0.83945 0.52765 0.29710001
v -0.83945 0.52765 0.33827001
v -0.91152 0.52765 0.33827001
v -0.91152 0.52765 0.29710001
v 0.75831002 0.85341001 -0.96445
v 0.34400001 0.85341001 -0.96445
v 0.34400001 0.85341001 -0.83945
v 0.75831002 0.85341001 -0.83945
v 0.30225 -0.44964001 -0.96445
v -0.10771 -0.44964001 -0.96445
v -0.10771 -0.44964001 -0.83945
v 0.30225 -0.44964001 -0.83945
v 0.75831002 0.52765 -0.96445
v 0.34400001 0.52765 -0.96445
v 0.34400001 0.52765 -0.83945
v 0.75831002 0.52765 -0.83945
v 0.30225 -0.77539998 -0.96445
v -0.10771 -0.77539998 -0.96445
v -0.10771 -0.77539998 -0.83945
v 0.30225 -0.77539998 -0.83945
v 0.75831002 0.20189001 -0.96445
v 0.34400001 0.20189001 -0.96445
v 0.34400001 0.20189001 -0.83945
v 0.75831002 0.20189001 -0.83945
v 0.75831002 -0.12388 -0.96445
v 0.34400001 -0.12388 -0.96445
v 0.34400001 -0.12388 -0.83945
v 0.75831002 -0.12388 -0.83945
v 1.14034998 0.85341001 -0.96445
v 0.80189002 0.85341001 -0.96445
v 0.80189002 0.85341001 -0.83945
v 1.14034998 0.85341001 -0.83945
v 0.75831002 -0.44964001 -0.96445
v 0.34400001 -0.44964001 -0.96445
v 0.34400001 -0.44964001 -0.83945
v 0.75831002 -0.44964001 -0.83945
v 1.14034998 0.52765 -0.96445
v 0.80189002 0.52765 -0.96445
v 0.80189002 0.52765 -0.83945
v 1.14034998 0.52765 -0.83945
v 0.75831002 -0.77539998 -0.96445
v 0.34400001 -0.77539998 -0.96445
v 0.34400001 -0.77539998 -0.83945
v 0.75831002 -0.77539998 -0.83945
v 1.14034998 0.20189001 -0.96445
v 0.80189002 0.20189001 -0.96445
v 0.80189002 0.20189001 -0.83945
v 1.14034998 0.20189001 -0.83945
v 1.14034998 -0.12388 -0.96445
v 0.80189002 -0.12388 -0.96445
v 0.80189002 -0.12388 -0.83945
v 1.14034998 -0.12388 -0.83945
v 1.14034998 -0.44964001 -0.96445
v 0.80189002 -0.44964001 -0.96445
v 0.80189002 -0.44964001 -0.83945
v 1.14034998 -0.44964001 -0.83945
v 1.14034998 -0.77539998 -0.96445
v 0.80189002 -0.77539998 -0.96445
v 0.80189002 -0.77539998 -0.83945
v 1.14034998 -0.77539998 -0.83945
v -1.03652 0.20189001 0.75317001
v -1.03652 0.20189001 0.33827001
v -0.91152 0.20189001 0.33827001
v -0.91152 0.20189001 0.75317001
v -1.03652 0.20189001 0.33827001
v -1.03652 -0.08456 0.33827001
v -0.91152 -0.08456 0.33827001
v -0.91152 0.20189001 0.33827001
v -1.03652 0.20189001 0.29710001
v -1.03652 0.20189001 -0.11972
v -0.91152 0.20189001 -0.11972
v -0.91152 0.20189001 0.29710001
v -1.03652 0.23559 -0.11972
v -1.03652 0.23559 0.29710001
v -0.91152 0.23559 0.29710001
v -0.91152 0.23559 -0.11972
v -0.91152 0.23559 0.33827001
v -0.91152 0.20189001 0.33827001
v -0.84543002 0.20189001 0.33827001
v -0.83972001 0.23559 0.33827001
v -0.91152 0.20189001 0.29710001
v -0.91152 0.23559 0.29710001
v -0.83972001 0.23559 0.29710001
v -0.84543002 0.20189001 0.29710001
v -0.91152 0.23559 0.29710001
v -0.91152 0.20189001 0.29710001
v -0.83964002 0.20189001 0.29710001
v -0.83964002 0.23559 0.29710001
v -1.03652 -0.08456 0.29710001
v -1.03652 0.20189001 0.29710001
v -0.91152 0.20189001 0.29710001
v -0.91152 -0.08456 0.29710001
v -1.03652 0.23559 0.29710001
v -1.03652 0.52765 0.29710001
v -0.91152 0.52765 0.29710001
v -0.83945 0.20189001 -0.11972
v -0.83945 0.23559 -0.11972
v -0.91152 0.23559 -0.11972
v -0.91152 0.20189001 -0.11972
v -0.83945 0.23559 0.75317001
v -0.83945 0.20189001 0.75317001
v -0.91152 0.20189001 0.75317001
v -0.91152 0.23559 0.75317001
v -0.83945 -0.08456 0.33827001
v -0.83945 -0.08456 0.29710001
v -0.91152 -0.08456 0.29710001
v -0.91152 -0.08456 0.33827001
v -0.94932997 -0.19225 -0.1657
v -0.94932997 -0.19225 -0.24196
v -0.94932997 -0.41082999 -0.24196
v -0.94932997 -0.41082999 -0.1657
v -0.94932997 -0.19225 -0.24196
v -0.85685003 -0.19225 -0.24196
v -0.85685003 -0.41082999 -0.24196
v -0.94932997 -0.41082999 -0.24196
v -0.85685003 -0.19225 -0.24196
v -0.85685003 -0.19225 -0.1657
v -0.85685003 -0.41082999 -0.1657
v -0.85685003 -0.41082999 -0.24196
v -0.85685003 -0.19225 -0.1657
v -0.94932997 -0.19225 -0.1657
v -0.94932997 -0.41082999 -0.1657
v -0.85685003 -0.41082999 -0.1657
v -0.94932997 -0.41082999 -0.1657
v -0.94932997 -0.41082999 -0.24196
v -0.85685003 -0.41082999 -0.24196
v -0.85685003 -0.41082999 -0.1657
v -0.85685003 -0.19225 -0.1657
v -0.85685003 -0.19225 -0.24196
v -0.94932997 -0.19225 -0.24196
v -0.94932997 -0.19225 -0.1657
v 1.17337 -1.10868001 -0.96445
v 1.14034998 -1.10868001 -0.96445
v 1.14034998 -1.10868001 -0.83945
v 1.17337 -1.10868001 -0.83945
v 1.17337 -1.05772996 -0.96445
v 1.14034998 -1.05772996 -0.96445
v 1.14034998 -1.10868001 -0.96445
v 1.17337 -1.10868001 -0.96445
v 1.14034998 -1.10868001 -0.83945
v 1.14034998 -1.10868001 -0.96445
v -0.91152 0.20189001 0.29710001
v -0.91152 0.20189001 0.33827001
v -0.83732003 0.20189001 0.33827001
v -0.83732003 0.20189001 0.29710001
v -0.91152 -0.08456 0.33827001
v -0.91152 -0.08456 0.29710001
v -0.83732003 -0.08456 0.29710001
v -0.83732003 -0.08456 0.33827001
v -0.83781999 0.20189001 0.33827001
v -0.83781999 0.23559 0.33827001
v -0.91152 0.20189001 0.33827001
v -0.91152 0.20189001 0.29710001
v -0.84543002 0.20189001 0.29710001
v -0.84543002 0.20189001 0.33827001
v -0.91152 0.52765 0.29710001
v -0.91152 0.52765 0.33827001
v -0.83972001 0.52765 0.33827001
v -0.83972001 0.52765 0.29710001
v -0.83772999 0.20189001 0.33827001
v -0.83772999 0.20189001 0.75317001
v -0.91152 0.20189001 0.33827001
v -0.91152 0.23559 0.33827001
v -0.83772999 0.23559 0.33827001
v -0.83772999 0.20189001 0.33827001
v -0.91152 0.20189001 -0.11972
v -0.91152 0.23559 -0.11972
v -0.83964002 0.23559 -0.11972
v -0.83964002 0.20189001 -0.11972
v -0.91152 0.23559 0.75317001
v -0.91152 0.20189001 0.75317001
v -0.83772999 0.20189001 0.75317001
v -0.83772999 0.23559 0.75317001
v -0.83964002 0.20189001 -0.11972
v -0.83964002 0.20189001 0.29710001
v -0.83781999 0.23559 0.29710001
v -0.83781999 0.20189001 0.29710001
v -0.83781999 0.20189001 0.29710001
v -0.83781999 0.20189001 0.33827001
vn 0 0 1
vn 0 0 1
vn 0 1 0
vn 0 0 -1
vn 0 0 -1
vn 0 -1 0
vn 1 0 0
vn 1 0 0
vn 0 1 0
vn 0 -1 0
vn -1 0 0
vt 0.52516 1.04488
vt 0.52516 1.0412
vt 0.51622 1.0412
vt 0.51622 1.04488
vt 0.27502 1.07236
vt 0.27502 1.0412
vt 0.26608 1.0412
vt 0.26608 1.07236
vt 0.27502 1.16088
vt 0.27502 1.15815
vt 0.26608 1.15815
vt 0.26608 1.16088
vt 0.27502 1.13217
vt 0.27502 1.12955
vt 0.26608 1.12955
vt 0.26608 1.13217
vt 0.27502 1.10385
vt 0.27502 1.10096
vt 0.26608 1.10096
vt 0.26608 1.10385
vt 0.27502 1.07503
vt 0.26608 1.07503
vt 0.36346 0.92108
vt 0.36346 0.89538
vt 0.35563 0.89538
vt 0.35563 0.92108
vt 0.32533 0.89544
vt 0.32533 0.92114
vt 0.33317 0.92114
vt 0.33317 0.89544
vt 0.54218 0.9114
vt 0.54218 0.93733
vt 0.55002 0.93733
vt 0.55002 0.9114
vt 0.52516 1.18417
vt 0.52516 1.15333
vt 0.51622 1.15333
vt 0.51622 1.18417
vt 0.52516 1.15075
vt 0.52516 1.12473
vt 0.51622 1.12473
vt 0.51622 1.15075
vt 0.52516 1.12227
vt 0.52516 1.09614
vt 0.51622 1.09614
vt 0.51622 1.12227
vt 0.52516 1.09356
vt 0.52516 1.06754
vt 0.51622 1.06754
vt 0.51622 1.09356
vt 0.42341 0.87606
vt 0.42341 0.89411
vt 0.43125 0.89411
vt 0.43125 0.87606
vt 0.50881 0.93757
vt 0.50881 0.91156
vt 0.50097 0.91156
vt 0.50097 0.93757
vt 0.46489 0.91175
vt 0.46489 0.93776
vt 0.47273 0.93776
vt 0.47273 0.91175
vt 0.26608 1.1821
vt 0.25825 1.16088
vt 0.25825 1.1821
vt 0.49077 0.92052
vt 0.49077 0.89482
vt 0.48293 0.89482
vt 0.48293 0.92052
vt 0.13387 0.92244
vt 0.13387 0.89651
vt 0.12603 0.89651
vt 0.12603 0.92244
vt 0.31013 0.92156
vt 0.31013 0.89586
vt 0.3023 0.89586
vt 0.3023 0.92156
vt 0.39463 0.89568
vt 0.39463 0.92161
vt 0.40246 0.92161
vt 0.40246 0.89568
vt 0.18338 0.92244
vt 0.18338 0.89651
vt 0.17555 0.89651
vt 0.17555 0.92244
vt 0.25825 1.13217
vt 0.25825 1.15815
vt 0.38679 0.89568
vt 0.38679 0.92161
vt 0.4205 0.92161
vt 0.4205 0.89568
vt 0.41267 0.89568
vt 0.41267 0.92161
vt 0.25825 1.10385
vt 0.25825 1.12955
vt 0.25825 1.07503
vt 0.25825 1.10096
vt 0.25825 1.07236
vt 0.3081 0.85986
vt 0.3081 0.87782
vt 0.31261 0.87782
vt 0.31261 0.85986
vt 0.45705 0.91175
vt 0.45705 0.93776
vt 0.49313 0.91156
vt 0.49313 0.93757
vt 0.2193 0.93212
vt 0.2193 0.92954
vt 0.21146 0.92954
vt 0.21146 0.93212
vt 0.32513 0.92403
vt 0.32513 0.90572
vt 0.32061 0.90572
vt 0.32061 0.92403
vt 0.53434 0.96334
vt 0.53434 0.93733
vt 0.52651 0.93733
vt 0.52651 0.96334
vt 0.2193 0.96059
vt 0.2193 0.95813
vt 0.21146 0.95813
vt 0.21146 0.96059
vt 0.34755 0.95968
vt 0.34755 0.93355
vt 0.34303 0.93355
vt 0.34303 0.95968
vt 0.34779 0.98893
vt 0.34779 1.01506
vt 0.35563 1.01506
vt 0.35563 0.98893
vt 0.2193 0.98931
vt 0.2193 0.98673
vt 0.21146 0.98673
vt 0.21146 0.98931
vt 0.45705 0.89404
vt 0.46489 0.89404
vt 0.46489 0.89132
vt 0.45705 0.89132
vt 0.51867 0.98948
vt 0.51867 0.96334
vt 0.51083 0.96334
vt 0.51083 0.98948
vt 0.2193 1.01754
vt 0.2193 1.01532
vt 0.21146 1.01532
vt 0.21146 1.01754
vt 0.32513 0.8874
vt 0.32061 0.8874
vt 0.52516 1.06532
vt 0.51622 1.06532
vt 0.51178 0.99474
vt 0.51178 1.02088
vt 0.51962 1.02088
vt 0.51962 0.99474
vt 0.51083 0.93721
vt 0.51867 0.93721
vt 0.24274 1.01257
vt 0.24274 0.98643
vt 0.22443 0.98643
vt 0.22443 1.01257
vt 0.12524 0.11454
vt 0.12278 0.11454
vt 0.12278 0.11716
vt 0.12524 0.11716
vt 0.52651 0.98948
vt 0.43874 0.91123
vt 0.43874 0.93725
vt 0.44658 0.93725
vt 0.44658 0.91123
vt 0.13615 0.96889
vt 0.13615 0.94288
vt 0.11819 0.94288
vt 0.11819 0.96889
vt 0.43874 0.96295
vt 0.45678 0.96295
vt 0.45678 0.93725
vt 0.47543 1.01518
vt 0.49347 1.01518
vt 0.49347 0.98948
vt 0.47543 0.98948
vt 0.2577 1.0121
vt 0.27608 1.0121
vt 0.27608 0.98612
vt 0.2577 0.98612
vt 0.38679 0.96015
vt 0.40483 0.96015
vt 0.40483 0.93893
vt 0.38679 0.93893
vt 0.27608 0.96019
vt 0.29446 0.96019
vt 0.29446 0.93897
vt 0.27608 0.93897
vt 0.27502 1.1821
vt 0.27502 1.18417
vt 0.26608 1.18417
vt 0.24731 0.98931
vt 0.24731 0.98659
vt 0.24524 0.98659
vt 0.24524 0.98931
vt 0.15384 0.06254
vt 0.15125 0.06254
vt 0.15125 0.06461
vt 0.15384 0.06461
vt 0.52746 0.99486
vt 0.52746 1.02088
vt 0.53529 1.02088
vt 0.53529 0.99486
vt 0.54313 1.02088
vt 0.54313 0.99486
vt 0.56569 0.9711
vt 0.56569 0.95278
vt 0.55785 0.95278
vt 0.55785 0.9711
vt 0.52651 0.96346
vt 0.53434 0.98948
vt 0.53434 0.96346
vt 0.2193 1.04167
vt 0.2193 1.03798
vt 0.21146 1.03798
vt 0.21146 1.04167
vt 0.16295 0.86058
vt 0.16295 0.87854
vt 0.16747 0.87854
vt 0.16747 0.86058
vt 0.32061 0.95004
vt 0.32061 0.97618
vt 0.32513 0.97618
vt 0.32513 0.95004
vt 0.25509 0.9365
vt 0.25509 0.91049
vt 0.25058 0.91049
vt 0.25058 0.9365
vt 0.56569 0.95271
vt 0.56569 0.9344
vt 0.55785 0.9344
vt 0.55785 0.95271
vt 0.50881 0.89111
vt 0.50097 0.89111
vt 0.45442 0.91123
vt 0.45442 0.89079
vt 0.44658 0.89079
vt 0.53434 0.91132
vt 0.53434 0.89088
vt 0.52651 0.89088
vt 0.52651 0.91132
vt 0.55002 0.89096
vt 0.54218 0.89096
vt 0.51867 0.89088
vt 0.51867 0.91132
vt 0.34779 0.8902
vt 0.34779 0.91065
vt 0.35563 0.91065
vt 0.35563 0.8902
vt 0.23227 0.93475
vt 0.23227 0.90874
vt 0.22443 0.90874
vt 0.22443 0.93475
vt 0.51867 0.93733
vt 0.52115 0.99474
vt 0.52373 0.99474
vt 0.52373 0.99022
vt 0.52115 0.99022
vt 0.54564 1.24965
vt 0.54564 1.22367
vt 0.5378 1.22367
vt 0.5378 1.24965
vt 0.27337 0.9216
vt 0.27337 0.8959
vt 0.26554 0.8959
vt 0.26554 0.9216
vt 0.53813 1.08026
vt 0.53813 1.10624
vt 0.54596 1.10624
vt 0.54596 1.08026
vt 0.29175 0.91853
vt 0.29175 0.89282
vt 0.28392 0.89282
vt 0.28392 0.91853
vt 0.54564 1.30161
vt 0.54564 1.27563
vt 0.5378 1.27563
vt 0.5378 1.30161
vt 0.53813 1.13222
vt 0.53813 1.15819
vt 0.54596 1.15819
vt 0.54596 1.13222
vt 0.5538 1.14173
vt 0.5538 1.12051
vt 0.54596 1.12051
vt 0.54596 1.14173
vt 0.55348 1.22151
vt 0.55348 1.20029
vt 0.54564 1.20029
vt 0.54564 1.22151
vt 0.54564 1.1977
vt 0.5378 1.1977
vt 0.55348 1.24274
vt 0.54564 1.24274
vt 0.55348 1.32762
vt 0.55348 1.3064
vt 0.54564 1.3064
vt 0.54564 1.32762
vt 0.5538 1.09929
vt 0.54596 1.09929
vt 0.5538 1.07807
vt 0.5538 1.05685
vt 0.54596 1.05685
vt 0.54596 1.07807
vt 0.32176 1.0412
vt 0.32176 1.01518
vt 0.31392 1.01518
vt 0.31392 1.0412
vt 0.32481 1.0121
vt 0.32481 0.99414
vt 0.31697 0.99414
vt 0.31697 1.0121
vt 0.25735 1.04167
vt 0.25735 1.01553
vt 0.24951 1.01553
vt 0.24951 1.04167
vt 0.35563 1.0412
vt 0.34779 1.0412
vt 0.24939 0.99722
vt 0.24939 0.99511
vt 0.24524 0.99511
vt 0.24524 0.99722
vt 0.38252 0.99476
vt 0.38252 0.99687
vt 0.38667 0.99687
vt 0.38667 0.99476
vt 0.49077 0.91472
vt 0.49288 0.91472
vt 0.49288 0.91045
vt 0.49077 0.91045
vt 0.32481 0.97618
vt 0.31697 0.97618
vt 0.37469 0.99687
vt 0.37469 1.01518
vt 0.38252 1.01518
vt 0.40463 0.91128
vt 0.40252 0.91128
vt 0.40252 0.9158
vt 0.40463 0.9158
vt 0.21138 0.91212
vt 0.20927 0.91212
vt 0.20927 0.91664
vt 0.21138 0.91664
vt 0.52631 0.99474
vt 0.52631 0.99022
vt 0.71933 0.94285
vt 0.71455 0.94285
vt 0.71455 0.95655
vt 0.71933 0.95655
vt 0.36244 0.81165
vt 0.36824 0.81165
vt 0.36824 0.79795
vt 0.36244 0.79795
vt 0.65918 1.04273
vt 0.6544 1.04273
vt 0.6544 1.05643
vt 0.65918 1.05643
vt 0.60926 0.98985
vt 0.60346 0.98985
vt 0.60346 1.00355
vt 0.60926 1.00355
vt 0.64045 1.23091
vt 0.64523 1.23091
vt 0.64523 1.22511
vt 0.64045 1.22511
vt 0.64555 1.14952
vt 0.64077 1.14952
vt 0.64077 1.15532
vt 0.64555 1.15532
vt 0.19329 0.9146
vt 0.19122 0.9146
vt 0.19122 0.92244
vt 0.19329 0.92244
vt 0.24276 0.99037
vt 0.24483 0.99037
vt 0.24483 0.98718
vt 0.24276 0.98718
vt 0.46489 0.89085
vt 0.45705 0.89085
vt 0.53504 0.99054
vt 0.53246 0.99054
vt 0.53246 0.99474
vt 0.53504 0.99474
vt 0.53762 0.99474
vt 0.53762 0.99054
vt 0.5402 0.99474
vt 0.5402 0.9906
vt 0.53762 0.9906
vt 0.54278 0.9906
vt 0.54278 0.99474
vt 0.30966 1.01518
vt 0.30966 1.0412
vt 0.21138 0.90785
vt 0.20927 0.90785
vt 0.19333 0.91033
vt 0.19122 0.91033
vt 0.19333 0.9146
vt 0.37361 0.911
vt 0.3715 0.911
vt 0.3715 0.91527
vt 0.37361 0.91527
vt 0.24524 1.01553
vt 0.24524 1.04167
usemtl mat0
f 1/1/1 2/2/1 3/3/1
f 1/1/1 3/3/1 4/4/1
f 5/5/1 6/6/2 7/7/2
f 5/5/1 7/7/2 8/8/1
f 9/9/1 10/10/1 11/11/2
f 9/9/1 11/11/2 12/12/1
f 13/13/1 14/14/1 15/15/1
f 13/13/1 15/15/1 16/16/1
f 17/17/1 18/18/1 19/19/1
f 17/17/1 19/19/1 20/20/1
f 21/21/1 5/5/1 8/8/1
f 21/21/1 8/8/1 22/22/1
f 23/23/1 24/24/1 25/25/1
f 23/23/1 25/25/1 26/26/1
f 27/27/1 28/28/1 29/29/1
f 27/27/1 29/29/1 30/30/1
f 31/31/1 32/32/1 33/33/1
f 31/31/1 33/33/1 34/34/1
f 35/35/1 36/36/1 37/37/1
f 35/35/1 37/37/1 38/38/1
f 39/39/1 40/40/1 41/41/2
f 39/39/1 41/41/2 42/42/1
f 43/43/2 44/44/1 45/45/2
f 43/43/2 45/45/2 46/46/1
f 47/47/1 48/48/1 49/49/2
f 47/47/1 49/49/2 50/50/1
f 51/51/3 52/52/3 53/53/3
f 51/51/3 53/53/3 54/54/3
f 55/55/4 56/56/4 57/57/4
f 55/55/4 57/57/4 58/58/4
f 59/59/4 60/60/4 61/61/4
f 59/59/4 61/61/4 62/62/4
f 63/63/1 12/12/1 64/64/1
f 63/63/1 64/64/1 65/65/1
f 66/66/1 67/67/1 68/68/1
f 66/66/1 68/68/1 69/69/1
f 70/70/1 71/71/1 72/72/1
f 70/70/1 72/72/1 73/73/1
f 74/74/1 75/75/1 76/76/1
f 74/74/1 76/76/1 77/77/1
f 78/78/1 79/79/1 80/80/1
f 78/78/1 80/80/1 81/81/1
f 82/82/1 83/83/1 84/84/1
f 82/82/1 84/84/1 85/85/1
f 11/11/2 16/16/1 86/86/1
f 11/11/2 86/86/1 87/87/1
f 88/79/1 89/78/1 90/88/1
f 88/79/1 90/88/1 91/89/1
f 92/90/1 93/91/1 94/92/1
f 92/90/1 94/92/1 95/93/1
f 15/15/1 20/20/1 96/94/1
f 15/15/1 96/94/1 97/95/1
f 19/19/1 22/22/1 98/96/1
f 19/19/1 98/96/1 99/97/1
f 22/22/1 8/8/1 100/98/1
f 22/22/1 100/98/1 98/96/1
f 20/20/1 19/19/1 99/97/1
f 20/20/1 99/97/1 96/94/1
f 16/16/1 15/15/1 97/95/1
f 16/16/1 97/95/1 86/86/1
f 101/99/3 102/100/3 103/101/3
f 101/99/3 103/101/3 104/102/3
f 105/103/4 106/104/4 107/60/4
f 105/103/4 107/60/4 108/59/4
f 109/105/4 110/106/4 111/58/4
f 109/105/4 111/58/4 112/57/4
f 113/107/5 114/108/4 115/109/4
f 113/107/5 115/109/4 116/110/5
f 117/111/6 118/112/6 119/113/6
f 117/111/6 119/113/6 120/114/6
f 121/115/4 122/116/4 123/117/4
f 121/115/4 123/117/4 124/118/4
f 125/119/5 126/120/5 127/121/5
f 125/119/5 127/121/5 128/122/5
f 129/123/1 130/124/1 131/125/1
f 129/123/1 131/125/1 132/126/1
f 133/127/5 134/128/5 135/129/5
f 133/127/5 135/129/5 136/130/5
f 137/131/5 138/132/5 139/133/5
f 137/131/5 139/133/5 140/134/5
f 141/135/7 142/136/7 143/137/7
f 141/135/7 143/137/7 144/138/7
f 145/139/5 146/140/5 147/141/5
f 145/139/5 147/141/5 148/142/5
f 149/143/5 150/144/5 151/145/5
f 149/143/5 151/145/5 152/146/5
f 153/112/3 154/147/3 155/148/3
f 153/112/3 155/148/3 156/113/3
f 48/48/1 157/149/1 158/150/1
f 48/48/1 158/150/1 49/49/2
f 159/151/5 160/152/5 161/153/5
f 159/151/5 161/153/5 162/154/5
f 44/44/1 47/47/1 50/50/1
f 44/44/1 50/50/1 45/45/2
f 163/155/5 164/141/5 165/140/5
f 163/155/5 165/140/5 166/156/5
f 167/157/8 168/158/8 169/159/8
f 167/157/8 169/159/8 170/160/8
f 40/40/1 43/43/2 46/46/1
f 40/40/1 46/46/1 41/41/2
f 171/161/5 172/162/5 173/163/5
f 171/161/5 173/163/5 174/164/5
f 175/165/5 176/118/5 177/140/5
f 175/165/5 177/140/5 178/139/5
f 179/166/4 180/167/4 181/168/4
f 179/166/4 181/168/4 182/169/4
f 183/170/7 184/171/7 185/172/7
f 183/170/7 185/172/7 186/173/7
f 36/36/1 39/39/1 42/42/1
f 36/36/1 42/42/1 37/37/1
f 12/12/1 11/11/2 87/87/1
f 12/12/1 87/87/1 64/64/1
f 18/18/1 21/21/1 22/22/1
f 18/18/1 22/22/1 19/19/1
f 187/174/9 188/175/9 189/176/9
f 187/174/9 189/176/9 190/167/9
f 191/177/9 192/178/9 193/179/9
f 191/177/9 193/179/9 194/180/9
f 14/14/1 17/17/1 20/20/1
f 14/14/1 20/20/1 15/15/1
f 195/181/3 196/182/3 197/183/3
f 195/181/3 197/183/3 198/184/3
f 10/10/1 13/13/1 16/16/1
f 10/10/1 16/16/1 11/11/2
f 199/185/3 200/186/3 201/187/3
f 199/185/3 201/187/3 202/188/3
f 203/189/3 204/190/3 205/191/3
f 203/189/3 205/191/3 206/192/3
f 207/193/1 9/9/1 12/12/1
f 207/193/1 12/12/1 63/63/1
f 208/194/2 207/193/1 63/63/1
f 208/194/2 63/63/1 209/195/2
f 210/196/3 211/197/3 212/198/3
f 210/196/3 212/198/3 213/199/3
f 214/200/5 215/201/5 216/202/5
f 214/200/5 216/202/5 217/203/5
f 218/204/4 219/205/4 220/206/4
f 218/204/4 220/206/4 221/207/4
f 222/207/4 223/206/4 224/208/4
f 222/207/4 224/208/4 225/209/4
f 226/210/3 227/211/3 228/212/3
f 226/210/3 228/212/3 229/213/3
f 230/214/4 231/165/4 232/215/4
f 230/214/4 232/215/4 233/216/4
f 234/217/5 235/218/5 236/219/5
f 234/217/5 236/219/5 237/220/5
f 157/149/1 1/1/1 4/4/1
f 157/149/1 4/4/1 158/150/1
f 238/221/6 239/222/6 240/223/6
f 238/221/6 240/223/6 241/224/6
f 242/225/5 243/226/5 244/227/5
f 242/225/5 244/227/5 245/228/5
f 246/229/2 247/230/2 248/231/2
f 246/229/2 248/231/2 249/232/2
f 250/228/4 251/111/4 252/114/4
f 250/228/4 252/114/4 253/225/4
f 254/233/3 255/234/3 256/235/3
f 254/233/3 256/235/3 257/236/3
f 126/120/5 113/107/5 116/110/5
f 126/120/5 116/110/5 127/121/5
f 138/132/5 125/119/5 128/122/5
f 138/132/5 128/122/5 139/133/5
f 150/144/5 137/131/5 140/134/5
f 150/144/5 140/134/5 151/145/5
f 258/56/5 259/237/5 260/238/5
f 258/56/5 260/238/5 261/57/5
f 262/239/5 263/240/5 264/241/5
f 262/239/5 264/241/5 265/169/5
f 266/242/5 267/243/5 268/244/5
f 266/242/5 268/244/5 269/245/5
f 235/218/5 149/143/5 152/146/5
f 235/218/5 152/146/5 236/219/5
f 270/34/5 271/246/5 272/247/5
f 270/34/5 272/247/5 273/31/5
f 274/245/5 275/244/5 276/248/5
f 274/245/5 276/248/5 277/249/5
f 278/250/5 279/251/5 280/252/5
f 278/250/5 280/252/5 281/253/5
f 282/254/4 283/255/4 284/256/4
f 282/254/4 284/256/4 285/257/4
f 286/117/4 287/245/4 288/249/4
f 286/117/4 288/249/4 289/258/4
f 290/259/5 291/260/5 292/261/5
f 290/259/5 292/261/5 293/262/5
f 294/263/2 295/264/2 296/265/2
f 294/263/2 296/265/2 297/266/2
f 298/267/1 299/268/1 300/269/1
f 298/267/1 300/269/1 301/270/1
f 302/271/2 303/272/2 304/273/2
f 302/271/2 304/273/2 305/274/2
f 306/275/1 307/276/1 308/277/1
f 306/275/1 308/277/1 309/278/1
f 310/279/2 311/280/2 312/281/2
f 310/279/2 312/281/2 313/282/2
f 314/283/2 315/284/2 316/285/2
f 314/283/2 316/285/2 317/286/2
f 318/287/1 319/288/1 320/289/1
f 318/287/1 320/289/1 321/290/1
f 322/272/2 323/283/2 324/286/2
f 322/272/2 324/286/2 325/273/2
f 326/291/1 327/292/1 328/293/1
f 326/291/1 328/293/1 329/294/1
f 330/264/2 331/295/2 332/296/2
f 330/264/2 332/296/2 333/265/2
f 334/297/1 335/291/1 336/294/1
f 334/297/1 336/294/1 337/298/1
f 338/299/1 339/300/1 340/301/1
f 338/299/1 340/301/1 341/302/1
f 342/288/1 343/303/1 344/304/1
f 342/288/1 344/304/1 345/289/1
f 346/305/1 347/306/1 348/307/1
f 346/305/1 348/307/1 349/308/1
f 350/309/4 351/310/4 352/311/5
f 350/309/4 352/311/5 353/312/5
f 354/313/6 355/314/6 356/315/6
f 354/313/6 356/315/6 357/316/6
f 358/317/5 359/318/5 360/319/5
f 358/317/5 360/319/5 361/320/5
f 362/321/1 363/129/1 364/128/1
f 362/321/1 364/128/1 365/322/1
f 366/323/10 367/324/6 368/325/6
f 366/323/10 368/325/6 369/326/6
f 370/327/9 371/328/9 372/329/3
f 370/327/9 372/329/3 373/330/3
f 374/331/6 375/332/6 376/333/6
f 374/331/6 376/333/6 377/334/6
f 378/314/3 379/335/3 380/336/3
f 378/314/3 380/336/3 381/315/3
f 382/337/3 383/338/3 384/339/3
f 382/337/3 384/339/3 371/328/3
f 385/340/6 386/341/6 387/342/6
f 385/340/6 387/342/6 388/343/6
f 389/344/3 390/345/3 391/346/3
f 389/344/3 391/346/3 392/347/3
f 393/260/1 394/348/1 395/349/1
f 393/260/1 395/349/1 396/261/1
f 397/350/11 398/351/11 399/352/11
f 397/350/11 399/352/11 400/353/11
f 401/354/3 402/355/3 403/356/3
f 401/354/3 403/356/3 404/357/3
f 405/358/7 406/359/7 407/360/7
f 405/358/7 407/360/7 408/361/7
f 409/362/6 410/363/6 411/364/6
f 409/362/6 411/364/6 412/365/6
f 413/366/5 414/367/5 415/368/5
f 413/366/5 415/368/5 416/369/5
f 417/370/1 418/371/1 419/372/1
f 417/370/1 419/372/1 420/373/1
f 421/374/1 422/375/1 423/376/1
f 421/374/1 423/376/1 424/377/1
f 425/378/6 426/379/6 427/380/6
f 425/378/6 427/380/6 428/381/6
f 141/135/7 142/136/7 429/382/7
f 141/135/7 429/382/7 430/383/7
f 431/384/2 432/385/2 433/386/2
f 431/384/2 433/386/2 434/387/2
f 435/387/4 436/388/4 437/389/4
f 435/387/4 437/389/4 438/384/4
f 369/326/6 368/325/6 439/325/6
f 369/326/6 439/325/6 440/326/6
f 441/388/5 442/390/5 443/391/4
f 441/388/5 443/391/4 444/392/5
f 445/393/1 446/391/1 447/390/1
f 445/393/1 447/390/1 448/394/1
f 353/312/5 352/311/5 449/395/5
f 353/312/5 449/395/5 450/396/5
f 451/397/3 452/398/3 453/345/3
f 451/397/3 453/345/3 454/344/3
f 455/399/3 456/400/3 457/375/3
f 455/399/3 457/375/3 458/401/3
f 459/402/6 460/403/6 461/404/6
f 459/402/6 461/404/6 462/405/6
f 361/320/5 360/319/5 463/406/5
f 361/320/5 463/406/5 464/407/5
f 373/330/3 372/329/3 465/329/3
f 373/330/3 465/329/3 466/330/3
f 444/392/5 443/391/4 467/391/5
f 444/392/5 467/391/5 468/392/5
# Vertices: 468, normals: 11, texture coordinates: 407, faces: 278

o obj2
v -0.96445 -1.10116005 -1.10696995
v -0.96445 1.17917001 -1.10696995
v -0.96445 1.17917001 -0.61502999
v -0.96445 -1.10116005 -0.61502999
v -0.96445 -0.77539998 -0.61502999
v -0.96445 0.85341001 -0.61502999
v -0.96445 0.20189001 -0.61502999
v -0.60988998 1.17917001 -0.96445
v -1.10696995 -1.10116005 -0.96445
v -1.10696995 1.17917001 -0.96445
v -0.60988998 -1.05772996 -0.96445
v -0.60988998 -1.10116005 -0.96445
v -0.60988998 0.89142001 -0.96445
v -0.60988998 -0.44964001 -0.96445
v -0.60988998 -0.08587 -0.96445
v -0.60988998 0.56564999 -0.96445
v -1.10696995 1.17917001 -0.60815001
v -1.10696995 -1.10116005 -0.96445
v -1.10696995 1.17917001 -0.96445
v -1.10696995 -1.06184995 -0.60815001
v -1.10696995 -1.10116005 -0.60815001
v -1.10696995 -0.77539998 -0.60815001
v -1.10696995 0.89142001 -0.60815001
v -1.10696995 0.56134999 -0.60815001
v -1.10696995 -0.41032001 -0.60815001
v -1.10696995 0.23559 -0.60815001
v -0.96445 -1.10116005 -1.10696995
v 1.17337 -1.05772996 -1.10696995
v 1.17337 -1.10116005 -1.10696995
v -0.96445 1.17917001 -1.10696995
v 1.17337 1.17917001 -1.10696995
v 1.17337 0.89142001 -1.10696995
v 0.07291 -0.82652998 -0.36656001
v 0.20764001 -0.82652998 -0.31075999
v 0.14303 -0.82652998 -0.34529001
v 0.31075999 -0.82652998 -0.20764001
v 0.26427999 -0.82652998 -0.26427999
v 0.36656001 -0.82652998 -0.07291
v 0.34529001 -0.82652998 -0.14303
v 0.36656001 -0.82652998 0.07291
v 0.37373999 -0.82652998 -0
v 0.31075999 -0.82652998 0.20764001
v 0.34529001 -0.82652998 0.14302
v 0.20764001 -0.82652998 0.31075999
v 0.26427999 -0.82652998 0.26427999
v 0.07291 -0.82652998 0.36656001
v 0.14303 -0.82652998 0.34529001
v -0.07291 -0.82652998 0.36656001
v 0 -0.82652998 0.37373999
v -0.20764001 -0.82652998 0.31075999
v -0.14303 -0.82652998 0.34529001
v -0.31075999 -0.82652998 0.20764001
v -0.26427999 -0.82652998 0.26427999
v -0.36656001 -0.82652998 0.07291
v -0.34529001 -0.82652998 0.14302
v -0.36656001 -0.82652998 -0.07291
v -0.37373999 -0.82652998 -0
v -0.31075999 -0.82652998 -0.20764001
v -0.34529001 -0.82652998 -0.14303
v -0.20764001 -0.82652998 -0.31075999
v -0.26427999 -0.82652998 -0.26427999
v -0.07291 -0.82652998 -0.36656001
v -0.14302 -0.82652998 -0.34529001
v 0 -0.82652998 -0.37373999
v 0 -1.17576003 -0.14305
v -0.05474 -1.17576003 -0.13215999
v -0.02791 -1.17576003 -0.14030001
v -0.10115 -1.17576003 -0.10115
v -0.07947 -1.17576003 -0.11894
v -0.13215999 -1.17576003 -0.05474
v -0.11894 -1.17576003 -0.07947
v -0.14305 -1.17576003 -0
v -0.14030001 -1.17576003 -0.02791
v -0.13215999 -1.17576003 0.05474
v -0.14030001 -1.17576003 0.02791
v -0.10115 -1.17576003 0.10115
v -0.11894 -1.17576003 0.07947
v -0.05474 -1.17576003 0.13215999
v -0.07947 -1.17576003 0.11894
v 0 -1.17576003 0.14305
v -0.02791 -1.17576003 0.14030001
v 0.05474 -1.17576003 0.13215999
v 0.02791 -1.17576003 0.14030001
v 0.10115 -1.17576003 0.10115
v 0.07947 -1.17576003 0.11894
v 0.13215999 -1.17576003 0.05474
v 0.11894 -1.17576003 0.07947
v 0.14305 -1.17576003 -0
v 0.14030001 -1.17576003 0.02791
v 0.13215999 -1.17576003 -0.05474
v 0.14030001 -1.17576003 -0.02791
v 0.10115 -1.17576003 -0.10115
v 0.11894 -1.17576003 -0.07947
v 0.05474 -1.17576003 -0.13215999
v 0.07947 -1.17576003 -0.11894
v 0.02791 -1.17576003 -0.14030001
v 1.17337 -1.10116005 1.11456001
v 1.17337 -1.10116005 1.17337
v 1.17337 -1.18299997 1.17337
v 1.17337 -1.18299997 1.11456001
v -0.60988998 -1.10116005 1.17337
v -1.10696995 -1.10116005 1.17337
v -1.10696995 -1.18299997 1.17337
v -0.60988998 -1.18299997 1.17337
v -1.10696995 -1.10116005 -0.61502999
v -1.10696995 -1.18299997 -0.61502999
v -1.10696995 -1.18299997 -1.10696995
v -1.10696995 -1.10116005 -1.10696995
v -0.60988998 -1.18299997 1.11456001
v -0.60988998 -1.18299997 1.17337
v -1.10696995 -1.18299997 1.17337
v -1.10696995 -1.18299997 1.11456001
v -1.10696995 0.89142001 1.17337
v -0.96445 0.89142001 1.17337
v -0.96445 1.17917001 1.17337
v -1.10696995 1.17917001 1.17337
v 1.17337 -1.10116005 -0.96445
v 1.17337 -1.10116005 -1.10696995
v 1.17337 -1.05772996 -1.10696995
v 1.17337 -1.05772996 -0.96445
v 1.14034998 -1.10116005 -1.10696995
v 1.17337 -1.10116005 -1.10696995
v 1.17337 -1.18299997 -1.10696995
v 1.14034998 -1.18299997 -1.10696995
v -1.10696995 1.17917001 -0.61502999
v -1.10696995 1.17917001 -1.10696995
v -0.96445 1.17917001 -1.10696995
v -0.96445 1.17917001 -0.61502999
v -1.10696995 1.17917001 -1.10696995
v -1.10696995 -1.10116005 -1.10696995
v -0.96445 -1.10116005 -1.10696995
v -0.96445 1.17917001 -1.10696995
v 1.14034998 1.17917001 -1.10696995
v 1.17337 1.17917001 -1.10696995
v 1.17337 1.17917001 -0.96445
v 1.14034998 1.17917001 -0.96445
v -1.10696995 -1.10116005 -1.10696995
v -1.10696995 1.17917001 -1.10696995
v -1.10696995 1.17917001 -1.10696995
v -0.60988998 1.17917001 -1.10696995
v -0.60988998 1.17917001 -0.96445
v -1.10696995 1.17917001 -0.96445
v -0.56740999 1.17917001 -1.10696995
v -0.15381999 1.17917001 -1.10696995
v -0.15381999 1.17917001 -0.96445
v -0.56740999 1.17917001 -0.96445
v -0.10771 1.17917001 -1.10696995
v 0.30225 1.17917001 -1.10696995
v 0.30225 1.17917001 -0.96445
v -0.10771 1.17917001 -0.96445
v 0.34400001 1.17917001 -1.10696995
v 0.75831002 1.17917001 -1.10696995
v 0.75831002 1.17917001 -0.96445
v 0.34400001 1.17917001 -0.96445
v -0.56740999 -0.74282998 -0.96445
v -0.15381999 -0.74282998 -0.96445
v -0.15381999 -0.74282998 -0.83945
v -0.56740999 -0.74282998 -0.83945
v -1.10696995 -1.10116005 -1.10696995
v -0.60988998 -1.10116005 -1.10696995
v -0.60988998 -1.18299997 -1.10696995
v -1.10696995 -1.18299997 -1.10696995
v -0.56740999 -1.10116005 -1.10696995
v -0.15381999 -1.10116005 -1.10696995
v -0.15381999 -1.18299997 -1.10696995
v -0.56740999 -1.18299997 -1.10696995
v -0.10771 -1.10116005 -1.10696995
v 0.30225 -1.10116005 -1.10696995
v 0.30225 -1.18299997 -1.10696995
v -0.10771 -1.18299997 -1.10696995
v 0.34400001 -1.10116005 -1.10696995
v 0.75831002 -1.10116005 -1.10696995
v 0.75831002 -1.18299997 -1.10696995
v 0.34400001 -1.18299997 -1.10696995
v 0.80189002 -1.18299997 1.11456001
v 0.80189002 -1.18299997 1.17337
v 0.75831002 -1.18299997 1.17337
v 0.75831002 -1.18299997 1.11456001
v 0.34400001 -1.18299997 1.11456001
v 0.34400001 -1.18299997 1.17337
v 0.30225 -1.18299997 1.17337
v 0.30225 -1.18299997 1.11456001
v -0.10771 -1.18299997 1.11456001
v -0.10771 -1.18299997 1.17337
v -0.15381999 -1.18299997 1.17337
v -0.15381999 -1.18299997 1.11456001
v -0.56740999 -1.18299997 1.11456001
v -0.56740999 -1.18299997 1.17337
v 0.80189002 -1.10116005 1.17337
v 0.75831002 -1.10116005 1.17337
v 0.75831002 -1.18299997 1.17337
v 0.80189002 -1.18299997 1.17337
v 0.34400001 -1.10116005 1.17337
v 0.30225 -1.10116005 1.17337
v 0.30225 -1.18299997 1.17337
v 0.34400001 -1.18299997 1.17337
v -0.10771 -1.10116005 1.17337
v -0.15381999 -1.10116005 1.17337
v -0.15381999 -1.18299997 1.17337
v -0.10771 -1.18299997 1.17337
v -0.56740999 -1.10116005 1.17337
v -0.56740999 -1.18299997 1.17337
v -0.56740999 -1.18299997 -1.10696995
v -0.56740999 -1.18299997 -0.61502999
v -0.60988998 -1.18299997 -0.61502999
v -0.60988998 -1.18299997 -1.10696995
v -0.56740999 -1.18299997 -0.57385999
v -0.56740999 -1.18299997 -0.15897
v -0.60988998 -1.18299997 -0.15897
v -0.60988998 -1.18299997 -0.57385999
v -0.56740999 -1.18299997 -0.11972
v -0.56740999 -1.18299997 0.29710001
v -0.60988998 -1.18299997 0.29710001
v -0.60988998 -1.18299997 -0.11972
v -0.56740999 -1.18299997 0.33827001
v -0.56740999 -1.18299997 0.75317001
v -0.60988998 -1.18299997 0.75317001
v -0.60988998 -1.18299997 0.33827001
v -0.10771 -1.18299997 -1.10696995
v -0.10771 -1.18299997 -0.61502999
v -0.15381999 -1.18299997 -0.61502999
v -0.15381999 -1.18299997 -1.10696995
v -0.10771 -1.18299997 -0.57385999
v -0.10771 -1.18299997 -0.15897
v -0.15381999 -1.18299997 -0.15897
v -0.15381999 -1.18299997 -0.57385999
v -0.10771 -1.18299997 -0.11972
v -0.10771 -1.18299997 0.29710001
v -0.15381999 -1.18299997 0.29710001
v -0.15381999 -1.18299997 -0.11972
v -0.10771 -1.18299997 0.33827001
v -0.10771 -1.18299997 0.75317001
v -0.15381999 -1.18299997 0.75317001
v -0.15381999 -1.18299997 0.33827001
v 0.34400001 -1.18299997 -1.10696995
v 0.34400001 -1.18299997 -0.61502999
v 0.30225 -1.18299997 -0.61502999
v 0.30225 -1.18299997 -1.10696995
v 0.34400001 -1.18299997 -0.57385999
v 0.34400001 -1.18299997 -0.15897
v 0.30225 -1.18299997 -0.15897
v 0.30225 -1.18299997 -0.57385999
v 0.34400001 -1.18299997 -0.11972
v 0.34400001 -1.18299997 0.29710001
v 0.30225 -1.18299997 0.29710001
v 0.30225 -1.18299997 -0.11972
v 0.34400001 -1.18299997 0.33827001
v 0.34400001 -1.18299997 0.75317001
v 0.30225 -1.18299997 0.75317001
v 0.30225 -1.18299997 0.33827001
v 0.80189002 -1.18299997 -1.10696995
v 0.80189002 -1.18299997 -0.61502999
v 0.75831002 -1.18299997 -0.61502999
v 0.75831002 -1.18299997 -1.10696995
v 0.80189002 -1.18299997 -0.57385999
v 0.80189002 -1.18299997 -0.15897
v 0.75831002 -1.18299997 -0.15897
v 0.75831002 -1.18299997 -0.57385999
v 0.80189002 -1.18299997 -0.11972
v 0.80189002 -1.18299997 0.29710001
v 0.75831002 -1.18299997 0.29710001
v 0.75831002 -1.18299997 -0.11972
v 0.80189002 -1.18299997 0.33827001
v 0.80189002 -1.18299997 0.75317001
v 0.75831002 -1.18299997 0.75317001
v 0.75831002 -1.18299997 0.33827001
v -1.10696995 1.17917001 0.78855002
v -1.10696995 1.17917001 0.75317001
v -0.96445 1.17917001 0.75317001
v -0.96445 1.17917001 0.78855002
v -1.10696995 1.17917001 0.33827001
v -1.10696995 1.17917001 0.29710001
v -0.96445 1.17917001 0.29710001
v -0.96445 1.17917001 0.33827001
v -1.10696995 1.17917001 -0.11972
v -1.10696995 1.17917001 -0.15897
v -0.96445 1.17917001 -0.15897
v -0.96445 1.17917001 -0.11972
v -1.10696995 1.17917001 -0.57385999
v -0.96445 1.17917001 -0.57385999
v -0.96445 0.56134999 1.17337
v -0.96445 0.52765 1.17337
v -0.83945 0.52765 1.17337
v -0.83945 0.56134999 1.17337
v -0.96445 -0.41032001 1.17337
v -0.96445 -0.44964001 1.17337
v -0.83945 -0.44964001 1.17337
v -0.83945 -0.41032001 1.17337
v -0.96445 0.23559 1.11456001
v -0.96445 0.52765 1.11456001
v -0.83945 0.52765 1.11456001
v -0.83945 0.23559 1.11456001
v -0.96445 -0.08456 1.11456001
v -0.96445 0.20189001 1.11456001
v -0.83945 0.20189001 1.11456001
v -0.83945 -0.08456 1.11456001
v -0.60988998 -1.18299997 -1.10696995
v -0.60988998 -1.18299997 -0.61502999
v -1.10696995 -1.18299997 -0.61502999
v -1.10696995 -1.18299997 -1.10696995
v -0.60988998 -1.18299997 -0.57385999
v -0.60988998 -1.18299997 -0.15897
v -1.10696995 -1.18299997 -0.15897
v -1.10696995 -1.18299997 -0.57385999
v -0.60988998 -1.18299997 -0.11972
v -0.60988998 -1.18299997 0.29710001
v -1.10696995 -1.18299997 0.29710001
v -1.10696995 -1.18299997 -0.11972
v -0.60988998 -1.18299997 0.33827001
v -0.60988998 -1.18299997 0.75317001
v -1.10696995 -1.18299997 0.75317001
v -1.10696995 -1.18299997 0.33827001
v -1.10696995 -1.10116005 0.78855002
v -1.10696995 -1.18299997 0.78855002
v -1.10696995 -1.18299997 0.75317001
v -1.10696995 -1.10116005 0.75317001
v -1.10696995 -1.10116005 0.33827001
v -1.10696995 -1.18299997 0.33827001
v -1.10696995 -1.18299997 0.29710001
v -1.10696995 -1.10116005 0.29710001
v -1.10696995 -1.10116005 -0.11972
v -1.10696995 -1.18299997 -0.11972
v -1.10696995 -1.18299997 -0.15897
v -1.10696995 -1.10116005 -0.15897
v -1.10696995 -1.10116005 -0.57385999
v -1.10696995 -1.18299997 -0.57385999
v 1.17337 -1.10116005 -1.10696995
v 1.17337 -1.10116005 -0.61502999
v 1.17337 -1.18299997 -0.61502999
v 1.17337 -1.18299997 -1.10696995
v 1.17337 -1.10116005 -0.57385999
v 1.17337 -1.10116005 -0.15897
v 1.17337 -1.18299997 -0.15897
v 1.17337 -1.18299997 -0.57385999
v 1.17337 -1.10116005 -0.11972
v 1.17337 -1.10116005 0.29710001
v 1.17337 -1.18299997 0.29710001
v 1.17337 -1.18299997 -0.11972
v 1.17337 -1.10116005 0.33827001
v 1.17337 -1.10116005 0.75317001
v 1.17337 -1.18299997 0.75317001
v 1.17337 -1.18299997 0.33827001
v -1.10696995 -1.06184995 1.17337
v -1.10696995 -1.10116005 1.17337
v -1.10696995 -1.10116005 0.10446
v -1.10696995 -1.06184995 0.10446
v -1.10696995 -1.10116005 -0.25184
v -1.10696995 -1.06184995 -0.25184
v -1.10696995 0.89142001 -0.25184
v -1.10696995 0.85341001 -0.25184
v -1.10696995 0.85341001 -0.60815001
v -1.10696995 0.56134999 -0.25184
v -1.10696995 0.52765 -0.25184
v -1.10696995 0.52765 -0.60815001
v -1.10696995 0.23559 -0.25184
v -1.10696995 0.20189001 -0.25184
v -1.10696995 0.20189001 -0.60815001
v -1.10696995 -0.08456 -0.25184
v -1.10696995 -0.12388 -0.25184
v -1.10696995 -0.12388 -0.60815001
v -1.10696995 -0.08456 -0.60815001
v -1.10696995 -0.41032001 -0.25184
v -1.10696995 -0.44964001 -0.25184
v -1.10696995 -0.44964001 -0.60815001
v -1.10696995 -0.74169999 -0.25184
v -1.10696995 -0.77539998 -0.25184
v -1.10696995 -0.74169999 -0.60815001
v -1.10696995 0.89142001 0.10446
v -1.10696995 0.85341001 0.10446
v -1.10696995 0.56134999 0.10446
v -1.10696995 0.52765 0.10446
v -1.10696995 0.23559 0.10446
v -1.10696995 0.20189001 0.10446
v -1.10696995 -0.08456 0.10446
v -1.10696995 -0.12388 0.10446
v -1.10696995 -0.41032001 0.10446
v -1.10696995 -0.44964001 0.10446
v -1.10696995 -0.74169999 0.10446
v -1.10696995 -0.77539998 0.10446
v -1.10696995 0.89142001 1.17337
v -1.10696995 0.85341001 1.17337
v -1.10696995 0.56134999 1.17337
v -1.10696995 0.52765 1.17337
v -1.10696995 0.23559 1.17337
v -1.10696995 0.20189001 1.17337
v -1.10696995 -0.08456 1.17337
v -1.10696995 -0.12388 1.17337
v -1.10696995 -0.41032001 1.17337
v -1.10696995 -0.44964001 1.17337
v -1.10696995 -0.74169999 1.17337
v -1.10696995 -0.77539998 1.17337
v -0.96445 -0.41032001 1.11456001
v -0.96445 -0.12388 1.11456001
v -0.83945 -0.12388 1.11456001
v -0.83945 -0.41032001 1.11456001
v -0.96445 -0.74169999 1.11456001
v -0.96445 -0.44964001 1.11456001
v -0.83945 -0.44964001 1.11456001
v -0.83945 -0.74169999 1.11456001
v -0.96445 0.89142001 0.33827001
v -0.96445 0.89142001 0.75317001
v -0.83945 0.89142001 0.75317001
v -0.83945 0.89142001 0.33827001
v -0.96445 1.17917001 0.78855002
v -0.96445 0.89142001 0.78855002
v -0.83945 0.89142001 0.78855002
v -0.83945 1.17917001 0.78855002
v -0.96445 1.17917001 1.17337
v -0.96445 0.89142001 1.17337
v -0.83945 0.89142001 1.17337
v -0.83945 1.17917001 1.17337
v -0.96445 -1.06184995 1.11456001
v -0.96445 -0.77539998 1.11456001
v -0.83945 -0.77539998 1.11456001
v -0.83945 -1.06184995 1.11456001
v -0.96445 0.89142001 -0.11972
v -0.96445 0.89142001 0.29710001
v -0.83945 0.89142001 0.29710001
v -0.83945 0.89142001 -0.11972
v -0.96445 -0.08456 -0.57385999
v -0.96445 -0.08456 -0.15897
v -0.83945 -0.08456 -0.15897
v -0.83945 -0.08456 -0.57385999
v -0.96445 -1.06184995 -0.57385999
v -0.96445 -1.06184995 -0.15897
v -0.83945 -1.06184995 -0.15897
v -0.83945 -1.06184995 -0.57385999
v -0.96445 0.89142001 -0.57385999
v -0.96445 0.89142001 -0.15897
v -0.83945 0.89142001 -0.15897
v -0.83945 0.89142001 -0.57385999
v -0.96445 -0.77539998 0.78855002
v -0.96445 -1.06184995 0.78855002
v -0.83945 -1.06184995 0.78855002
v -0.83945 -0.77539998 0.78855002
v -0.96445 -0.08456 -0.11972
v -0.96445 -0.08456 0.29710001
v -0.83945 -0.08456 0.29710001
v -0.83945 -0.08456 -0.11972
v -0.96445 1.17917001 0.33827001
v -0.96445 0.89142001 0.33827001
v -0.83945 0.89142001 0.33827001
v -0.83945 1.17917001 0.33827001
v -0.96445 -1.06184995 -0.11972
v -0.96445 -1.06184995 0.29710001
v -0.83945 -1.06184995 0.29710001
v -0.83945 -1.06184995 -0.11972
v -0.96445 -0.44964001 0.78855002
v -0.96445 -0.74169999 0.78855002
v -0.83945 -0.74169999 0.78855002
v -0.83945 -0.44964001 0.78855002
v -0.96445 -0.08456 0.33827001
v -0.96445 -0.08456 0.75317001
v -0.83945 -0.08456 0.75317001
v -0.83945 -0.08456 0.33827001
v -0.96445 -1.06184995 0.33827001
v -0.96445 -1.06184995 0.75317001
v -0.83945 -1.06184995 0.75317001
v -0.83945 -1.06184995 0.33827001
v -0.96445 -0.12388 0.78855002
v -0.96445 -0.41032001 0.78855002
v -0.83945 -0.41032001 0.78855002
v -0.83945 -0.12388 0.78855002
v -0.96445 0.20189001 0.78855002
v -0.96445 -0.08456 0.78855002
v -0.83945 -0.08456 0.78855002
v -0.83945 0.20189001 0.78855002
v -0.96445 1.17917001 -0.61502999
v -0.96445 1.17917001 -0.57385999
v -0.83945 1.17917001 -0.57385999
v -0.83945 1.17917001 -0.61502999
v -0.96445 0.52765 0.78855002
v -0.96445 0.23559 0.78855002
v -0.83945 0.23559 0.78855002
v -0.83945 0.52765 0.78855002
v -1.10696995 -1.06184995 1.17337
v -0.96445 -1.06184995 1.17337
v -0.96445 -0.77539998 1.17337
v -1.10696995 -0.77539998 1.17337
v -1.10696995 -0.74169999 1.17337
v -0.96445 -0.74169999 1.17337
v -0.96445 -0.44964001 1.17337
v -1.10696995 -0.44964001 1.17337
v -1.10696995 -0.41032001 1.17337
v -0.96445 -0.41032001 1.17337
v -0.96445 -0.12388 1.17337
v -1.10696995 -0.12388 1.17337
v -1.10696995 -0.08456 1.17337
v -0.96445 -0.08456 1.17337
v -0.96445 0.20189001 1.17337
v -1.10696995 0.20189001 1.17337
v -1.10696995 0.23559 1.17337
v -0.96445 0.23559 1.17337
v -0.96445 0.52765 1.17337
v -1.10696995 0.52765 1.17337
v -1.10696995 0.56134999 1.17337
v -0.96445 0.56134999 1.17337
v -0.96445 0.85341001 1.17337
v -1.10696995 0.85341001 1.17337
v -0.60988998 0.20189001 -0.96445
v -0.60988998 0.23988999 -0.96445
v -0.60988998 0.23988999 -0.83945
v -0.60988998 0.20189001 -0.83945
v -0.60988998 -1.10116005 -0.96445
v -0.60988998 -1.05772996 -0.96445
v -0.60988998 -1.05772996 -0.83945
v -0.60988998 -1.10116005 -0.83945
v 1.17337 1.17917001 -0.96445
v 1.17337 1.17917001 -0.83945
v 1.17337 0.89142001 -0.83945
v 1.17337 0.89142001 -0.96445
v 1.14034998 -1.05772996 -0.96445
v 1.14034998 -0.77539998 -0.96445
v 1.14034998 -0.77539998 -0.83945
v 1.14034998 -1.05772996 -0.83945
v -0.60988998 0.89142001 -0.96445
v -0.60988998 1.17917001 -0.96445
v -0.60988998 1.17917001 -0.83945
v -0.60988998 0.89142001 -0.83945
v 1.14034998 0.89142001 -0.96445
v 1.14034998 1.17917001 -0.96445
v 1.14034998 1.17917001 -0.83945
v 1.14034998 0.89142001 -0.83945
v 1.17337 0.23988999 -0.96445
v 1.17337 0.23988999 -0.83945
v 1.17337 0.20189001 -0.83945
v 1.17337 0.20189001 -0.96445
v -0.15381999 0.89142001 -0.96445
v -0.15381999 1.17917001 -0.96445
v -0.15381999 1.17917001 -0.83945
v -0.15381999 0.89142001 -0.83945
v 1.14034998 0.56564999 -0.96445
v 1.14034998 0.85341001 -0.96445
v 1.14034998 0.85341001 -0.83945
v 1.14034998 0.56564999 -0.83945
v 0.30225 0.89142001 -0.96445
v 0.30225 1.17917001 -0.96445
v 0.30225 1.17917001 -0.83945
v 0.30225 0.89142001 -0.83945
v 1.14034998 0.23988999 -0.96445
v 1.14034998 0.52765 -0.96445
v 1.14034998 0.52765 -0.83945
v 1.14034998 0.23988999 -0.83945
v 0.75831002 0.89142001 -0.96445
v 0.75831002 1.17917001 -0.96445
v 0.75831002 1.17917001 -0.83945
v 0.75831002 0.89142001 -0.83945
v 1.14034998 -0.08587 -0.96445
v 1.14034998 0.20189001 -0.96445
v 1.14034998 0.20189001 -0.83945
v 1.14034998 -0.08587 -0.83945
v 1.14034998 -0.41163 -0.96445
v 1.14034998 -0.12388 -0.96445
v 1.14034998 -0.12388 -0.83945
v 1.14034998 -0.41163 -0.83945
v 1.17337 0.89142001 -1.10696995
v 1.17337 0.89142001 -0.96445
v 1.17337 0.85341001 -0.96445
v 1.17337 0.85341001 -1.10696995
v 1.17337 0.56564999 -1.10696995
v 1.17337 0.56564999 -0.96445
v 1.17337 0.52765 -0.96445
v 1.17337 0.52765 -1.10696995
v 1.17337 0.23988999 -1.10696995
v 1.17337 0.23988999 -0.96445
v 1.17337 0.20189001 -0.96445
v 1.17337 0.20189001 -1.10696995
v 1.17337 -0.08587 -1.10696995
v 1.17337 -0.08587 -0.96445
v 1.17337 -0.12388 -0.96445
v 1.17337 -0.12388 -1.10696995
v 1.17337 -0.41163 -1.10696995
v 1.17337 -0.41163 -0.96445
v 1.17337 -0.44964001 -0.96445
v 1.17337 -0.44964001 -1.10696995
v 1.17337 -0.74282998 -1.10696995
v 1.17337 -0.74282998 -0.96445
v 1.17337 -0.77539998 -0.96445
v 1.17337 -0.77539998 -1.10696995
v 1.14034998 -0.74282998 -0.96445
v 1.14034998 -0.44964001 -0.96445
v 1.14034998 -0.44964001 -0.83945
v 1.14034998 -0.74282998 -0.83945
v -0.60988998 -0.12388 -0.96445
v -0.60988998 -0.08587 -0.96445
v -0.60988998 -0.08587 -0.83945
v -0.60988998 -0.12388 -0.83945
v 1.17337 -0.08587 -0.96445
v 1.17337 -0.08587 -0.83945
v 1.17337 -0.12388 -0.83945
v 1.17337 -0.12388 -0.96445
v -0.60988998 1.17917001 -0.96445
v -0.56740999 1.17917001 -0.96445
v -0.56740999 1.17917001 -0.83945
v -0.60988998 1.17917001 -0.83945
v 0.80189002 -0.44964001 -0.96445
v 0.80189002 -0.44964001 -0.83945
v 0.80189002 -0.74282998 -0.83945
v 0.80189002 -0.74282998 -0.96445
v -0.15381999 1.17917001 -0.96445
v -0.10771 1.17917001 -0.96445
v -0.10771 1.17917001 -0.83945
v -0.15381999 1.17917001 -0.83945
v 0.80189002 -0.12388 -0.96445
v 0.80189002 -0.12388 -0.83945
v 0.80189002 -0.41163 -0.83945
v 0.80189002 -0.41163 -0.96445
v -0.60988998 0.56564999 -0.96445
v -0.60988998 0.85341001 -0.96445
v -0.60988998 0.85341001 -0.83945
v -0.60988998 0.56564999 -0.83945
v 0.30225 1.17917001 -0.96445
v 0.34400001 1.17917001 -0.96445
v 0.34400001 1.17917001 -0.83945
v 0.30225 1.17917001 -0.83945
v 0.80189002 0.20189001 -0.96445
v 0.80189002 0.20189001 -0.83945
v 0.80189002 -0.08587 -0.83945
v 0.80189002 -0.08587 -0.96445
v -0.60988998 0.52765 -0.96445
v -0.60988998 0.52765 -0.83945
v 0.75831002 1.17917001 -0.96445
v 0.80189002 1.17917001 -0.96445
v 0.80189002 1.17917001 -0.83945
v 0.75831002 1.17917001 -0.83945
v 0.80189002 0.52765 -0.96445
v 0.80189002 0.52765 -0.83945
v 0.80189002 0.23988999 -0.83945
v 0.80189002 0.23988999 -0.96445
v 0.34400001 -0.44964001 -0.96445
v 0.34400001 -0.44964001 -0.83945
v 0.34400001 -0.74282998 -0.83945
v 0.34400001 -0.74282998 -0.96445
v 0.80189002 0.85341001 -0.96445
v 0.80189002 0.85341001 -0.83945
v 0.80189002 0.56564999 -0.83945
v 0.80189002 0.56564999 -0.96445
v -0.60988998 -0.41163 -0.96445
v -0.60988998 -0.41163 -0.83945
v 1.17337 1.17917001 -1.10696995
v 1.17337 1.17917001 -0.96445
v 0.34400001 -0.12388 -0.96445
v 0.34400001 -0.12388 -0.83945
v 0.34400001 -0.41163 -0.83945
v 0.34400001 -0.41163 -0.96445
v 0.80189002 1.17917001 -0.96445
v 0.80189002 1.17917001 -0.83945
v 0.80189002 0.89142001 -0.83945
v 0.80189002 0.89142001 -0.96445
v -0.60988998 -0.74282998 -0.96445
v -0.60988998 -0.44964001 -0.96445
v -0.60988998 -0.44964001 -0.83945
v -0.60988998 -0.74282998 -0.83945
v -1.10696995 1.17917001 1.17337
v -1.10696995 1.17917001 0.10446
v -1.10696995 1.17917001 -0.25184
v -0.96445 1.17917001 -0.15897
v -0.96445 1.17917001 -0.11972
v -0.83945 1.17917001 -0.11972
v -0.83945 1.17917001 -0.15897
v -0.96445 -0.77539998 0.33827001
v -0.96445 -1.06184995 0.33827001
v -0.83945 -1.06184995 0.33827001
v -0.83945 -0.77539998 0.33827001
v -0.96445 1.17917001 -0.11972
v -0.96445 0.89142001 -0.11972
v -0.83945 0.89142001 -0.11972
v -0.83945 1.17917001 -0.11972
v -0.96445 0.85341001 0.78855002
v -0.96445 0.56134999 0.78855002
v -0.83945 0.56134999 0.78855002
v -0.83945 0.85341001 0.78855002
v -0.96445 0.56134999 -0.61502999
v -0.96445 0.85341001 -0.61502999
v -0.83945 0.85341001 -0.61502999
v -0.83945 0.56134999 -0.61502999
v -0.96445 1.17917001 0.29710001
v -0.96445 1.17917001 0.33827001
v -0.83945 1.17917001 0.33827001
v -0.83945 1.17917001 0.29710001
v -0.96445 -0.44964001 0.33827001
v -0.96445 -0.74169999 0.33827001
v -0.83945 -0.74169999 0.33827001
v -0.83945 -0.44964001 0.33827001
v -0.96445 0.23559 -0.61502999
v -0.96445 0.52765 -0.61502999
v -0.83945 0.52765 -0.61502999
v -0.83945 0.23559 -0.61502999
v -0.96445 1.17917001 0.75317001
v -0.96445 1.17917001 0.78855002
v -0.83945 1.17917001 0.78855002
v -0.83945 1.17917001 0.75317001
v -0.96445 -0.12388 0.33827001
v -0.96445 -0.41032001 0.33827001
v -0.83945 -0.41032001 0.33827001
v -0.83945 -0.12388 0.33827001
v -0.96445 0.89142001 -0.61502999
v -0.83945 0.89142001 -0.61502999
v -0.96445 -0.12388 -0.61502999
v -0.96445 -0.08456 -0.61502999
v -0.83945 -0.08456 -0.61502999
v -0.83945 -0.12388 -0.61502999
v -0.96445 0.20189001 -0.61502999
v -0.83945 0.20189001 -0.61502999
v -0.96445 -1.10116005 -0.61502999
v -0.96445 -1.06184995 -0.61502999
v -0.83945 -1.06184995 -0.61502999
v -0.83945 -1.10116005 -0.61502999
v -0.96445 -0.41032001 -0.61502999
v -0.83945 -0.41032001 -0.61502999
v -1.10696995 -1.10116005 1.17337
v -0.96445 -1.10116005 1.17337
v -0.96445 -0.77539998 -0.11972
v -0.96445 -1.06184995 -0.11972
v -0.83945 -1.06184995 -0.11972
v -0.83945 -0.77539998 -0.11972
v -0.96445 -0.74169999 -0.61502999
v -0.96445 -0.44964001 -0.61502999
v -0.83945 -0.44964001 -0.61502999
v -0.83945 -0.74169999 -0.61502999
v -0.96445 1.17917001 -0.57385999
v -0.96445 0.89142001 -0.57385999
v -0.83945 0.89142001 -0.57385999
v -0.83945 1.17917001 -0.57385999
v 0.34400001 0.20189001 -0.96445
v 0.34400001 0.20189001 -0.83945
v 0.34400001 -0.08587 -0.83945
v 0.34400001 -0.08587 -0.96445
v 0.80189002 -0.77539998 -0.96445
v 0.80189002 -0.77539998 -0.83945
v 0.80189002 -1.05772996 -0.83945
v 0.80189002 -1.05772996 -0.96445
v -0.96445 0.85341001 0.33827001
v -0.96445 0.56134999 0.33827001
v -0.83945 0.56134999 0.33827001
v -0.83945 0.85341001 0.33827001
v -0.96445 -0.44964001 -0.11972
v -0.96445 -0.74169999 -0.11972
v -0.83945 -0.74169999 -0.11972
v -0.83945 -0.44964001 -0.11972
v -0.96445 -0.77539998 -0.61502999
v -0.83945 -0.77539998 -0.61502999
v -0.96445 0.85341001 1.17337
v -0.83945 0.85341001 1.17337
v -0.96445 0.56134999 1.11456001
v -0.96445 0.56134999 0.78855002
v -0.96445 0.85341001 0.78855002
v -0.96445 0.85341001 1.11456001
v -0.96445 0.23559 1.11456001
v -0.96445 0.23559 0.78855002
v -0.96445 0.52765 0.78855002
v -0.96445 0.52765 1.11456001
v -0.96445 -0.08456 1.11456001
v -0.96445 -0.08456 0.78855002
v -0.96445 0.20189001 0.78855002
v -0.96445 0.20189001 1.11456001
v -0.96445 -0.41032001 1.11456001
v -0.96445 -0.41032001 0.78855002
v -0.96445 -0.12388 0.78855002
v -0.96445 -0.12388 1.11456001
v -0.96445 -0.74169999 1.11456001
v -0.96445 -0.74169999 0.78855002
v -0.96445 -0.44964001 0.78855002
v -0.96445 -0.44964001 1.11456001
v -0.96445 -1.06184995 1.11456001
v -0.96445 -1.06184995 0.78855002
v -0.96445 -0.77539998 0.78855002
v -0.96445 -0.77539998 1.11456001
v -1.10696995 -1.10116005 1.11456001
v -1.10696995 -1.10116005 0.78855002
v -1.10696995 -1.18299997 0.78855002
v -1.10696995 -1.18299997 1.11456001
v -0.96445 0.89142001 1.11456001
v -0.96445 0.89142001 0.78855002
v -0.96445 1.17917001 0.78855002
v -0.96445 1.17917001 1.11456001
v -1.10696995 1.17917001 1.11456001
v -0.96445 1.17917001 1.11456001
v -0.56740999 -1.18299997 0.78855002
v -0.60988998 -1.18299997 0.78855002
v -0.10771 -1.18299997 0.78855002
v -0.15381999 -1.18299997 0.78855002
v 0.34400001 -1.18299997 0.78855002
v 0.30225 -1.18299997 0.78855002
v 0.80189002 -1.18299997 0.78855002
v 0.75831002 -1.18299997 0.78855002
v -1.10696995 -1.18299997 0.78855002
v -1.10696995 -1.18299997 0.75317001
v 1.17337 -1.10116005 0.78855002
v 1.17337 -1.18299997 0.78855002
v -0.96445 1.17917001 -0.61502999
v -0.83945 1.17917001 -0.61502999
v -0.96445 -0.12388 -0.11972
v -0.96445 -0.41032001 -0.11972
v -0.83945 -0.41032001 -0.11972
v -0.83945 -0.12388 -0.11972
v -0.96445 -0.08456 1.17337
v -0.96445 -0.12388 1.17337
v -0.83945 -0.12388 1.17337
v -0.83945 -0.08456 1.17337
v -0.96445 0.56134999 -0.15897
v -0.96445 0.85341001 -0.15897
v -0.83945 0.85341001 -0.15897
v -0.83945 0.56134999 -0.15897
v -0.96445 -1.06184995 1.17337
v -0.96445 -1.10116005 1.17337
v -0.83945 -1.10116005 1.17337
v -0.83945 -1.06184995 1.17337
v -0.96445 0.89142001 -0.15897
v -0.96445 1.17917001 -0.15897
v -0.83945 1.17917001 -0.15897
v -0.83945 0.89142001 -0.15897
v -0.96445 0.56134999 0.75317001
v -0.96445 0.56134999 0.33827001
v -0.96445 0.85341001 0.33827001
v -0.96445 0.85341001 0.75317001
v -0.96445 0.23559 0.75317001
v -0.96445 0.23559 0.33827001
v -0.96445 0.52765 0.33827001
v -0.96445 0.52765 0.75317001
v -0.96445 -0.08456 0.75317001
v -0.96445 -0.08456 0.33827001
v -0.96445 0.20189001 0.33827001
v -0.96445 0.20189001 0.75317001
v -0.96445 -0.41032001 0.75317001
v -0.96445 -0.41032001 0.33827001
v -0.96445 -0.12388 0.33827001
v -0.96445 -0.12388 0.75317001
v -0.96445 -0.74169999 0.75317001
v -0.96445 -0.74169999 0.33827001
v -0.96445 -0.44964001 0.33827001
v -0.96445 -0.44964001 0.75317001
v -0.96445 -1.06184995 0.75317001
v -0.96445 -1.06184995 0.33827001
v -0.96445 -0.77539998 0.33827001
v -0.96445 -0.77539998 0.75317001
v -1.10696995 -1.18299997 0.33827001
v -1.10696995 -1.18299997 0.29710001
v -0.96445 0.89142001 0.75317001
v -0.96445 0.89142001 0.33827001
v -0.96445 1.17917001 0.33827001
v -0.96445 1.17917001 0.75317001
v -0.96445 0.20189001 -0.11972
v -0.96445 -0.08456 -0.11972
v -0.83945 -0.08456 -0.11972
v -0.83945 0.20189001 -0.11972
v -0.96445 0.23559 -0.15897
v -0.96445 0.52765 -0.15897
v -0.83945 0.52765 -0.15897
v -0.83945 0.23559 -0.15897
v -0.96445 0.89142001 0.29710001
v -0.96445 1.17917001 0.29710001
v -0.83945 1.17917001 0.29710001
v -0.83945 0.89142001 0.29710001
v -0.96445 0.52765 -0.11972
v -0.96445 0.23559 -0.11972
v -0.83945 0.23559 -0.11972
v -0.83945 0.52765 -0.11972
v -0.96445 -0.08456 -0.15897
v -0.96445 0.20189001 -0.15897
v -0.83945 0.20189001 -0.15897
v -0.83945 -0.08456 -0.15897
v -0.96445 -0.77539998 -0.57385999
v -0.96445 -1.06184995 -0.57385999
v -0.83945 -1.06184995 -0.57385999
v -0.83945 -0.77539998 -0.57385999
v -0.96445 0.23559 0.29710001
v -0.96445 0.23559 -0.11972
v -0.96445 0.52765 -0.11972
v -0.96445 0.52765 0.29710001
v -0.96445 -0.08456 0.29710001
v -0.96445 -0.08456 -0.11972
v -0.96445 0.20189001 -0.11972
v -0.96445 0.20189001 0.29710001
v -0.96445 -0.41032001 0.29710001
v -0.96445 -0.41032001 -0.11972
v -0.96445 -0.12388 -0.11972
v -0.96445 -0.12388 0.29710001
v -0.96445 -0.74169999 0.29710001
v -0.96445 -0.74169999 -0.11972
v -0.96445 -0.44964001 -0.11972
v -0.96445 -0.44964001 0.29710001
v -0.96445 -1.06184995 0.29710001
v -0.96445 -1.06184995 -0.11972
v -0.96445 -0.77539998 -0.11972
v -0.96445 -0.77539998 0.29710001
v -1.10696995 -1.18299997 -0.11972
v -1.10696995 -1.18299997 -0.15897
v -0.96445 0.89142001 0.29710001
v -0.96445 0.89142001 -0.11972
v -0.96445 1.17917001 -0.11972
v -0.96445 1.17917001 0.29710001
v -0.96445 0.89142001 0.75317001
v -0.96445 1.17917001 0.75317001
v -0.83945 1.17917001 0.75317001
v -0.83945 0.89142001 0.75317001
v -0.96445 0.85341001 -0.11972
v -0.96445 0.56134999 -0.11972
v -0.83945 0.56134999 -0.11972
v -0.83945 0.85341001 -0.11972
v -0.96445 -0.41032001 -0.15897
v -0.96445 -0.12388 -0.15897
v -0.83945 -0.12388 -0.15897
v -0.83945 -0.41032001 -0.15897
v -0.96445 -0.44964001 -0.57385999
v -0.96445 -0.74169999 -0.57385999
v -0.83945 -0.74169999 -0.57385999
v -0.83945 -0.44964001 -0.57385999
v -0.96445 -0.74169999 -0.15897
v -0.96445 -0.44964001 -0.15897
v -0.83945 -0.44964001 -0.15897
v -0.83945 -0.74169999 -0.15897
v -0.96445 0.56134999 -0.15897
v -0.96445 0.56134999 -0.57385999
v -0.96445 0.85341001 -0.57385999
v -0.96445 0.85341001 -0.15897
v -0.96445 0.23559 -0.15897
v -0.96445 0.23559 -0.57385999
v -0.96445 0.52765 -0.57385999
v -0.96445 0.52765 -0.15897
v -0.96445 -0.08456 -0.15897
v -0.96445 -0.08456 -0.57385999
v -0.96445 0.20189001 -0.57385999
v -0.96445 0.20189001 -0.15897
v -0.96445 -0.74169999 -0.15897
v -0.96445 -0.74169999 -0.57385999
v -0.96445 -0.44964001 -0.57385999
v -0.96445 -0.44964001 -0.15897
v -0.96445 -1.06184995 -0.15897
v -0.96445 -1.06184995 -0.57385999
v -0.96445 -0.77539998 -0.57385999
v -0.96445 -0.77539998 -0.15897
v -1.10696995 -1.18299997 -0.57385999
v -1.10696995 -1.18299997 -0.61502999
v -0.96445 0.89142001 -0.15897
v -0.96445 0.89142001 -0.57385999
v -0.96445 1.17917001 -0.57385999
v -0.96445 1.17917001 -0.15897
v -0.15381999 -0.77539998 -0.96445
v -0.15381999 -1.05772996 -0.96445
v -0.56740999 -1.05772996 -0.96445
v -0.56740999 -0.77539998 -0.96445
v -0.15381999 1.17917001 -0.96445
v -0.15381999 0.89142001 -0.96445
v -0.56740999 0.89142001 -0.96445
v -0.56740999 1.17917001 -0.96445
v -0.15381999 0.85341001 -0.96445
v -0.15381999 0.56564999 -0.96445
v -0.56740999 0.56564999 -0.96445
v -0.56740999 0.85341001 -0.96445
v -0.15381999 0.52765 -0.96445
v -0.15381999 0.23988999 -0.96445
v -0.56740999 0.23988999 -0.96445
v -0.56740999 0.52765 -0.96445
v -0.15381999 0.20189001 -0.96445
v -0.15381999 -0.08587 -0.96445
v -0.56740999 -0.08587 -0.96445
v -0.56740999 0.20189001 -0.96445
v -0.15381999 -0.12388 -0.96445
v -0.15381999 -0.41163 -0.96445
v -0.56740999 -0.41163 -0.96445
v -0.56740999 -0.12388 -0.96445
v -0.15381999 -0.44964001 -0.96445
v -0.15381999 -0.74282998 -0.96445
v -0.56740999 -0.74282998 -0.96445
v -0.56740999 -0.44964001 -0.96445
v -0.60988998 -0.77539998 -0.96445
v -0.60988998 -0.77539998 -0.83945
v 0.34400001 0.52765 -0.96445
v 0.34400001 0.52765 -0.83945
v 0.34400001 0.23988999 -0.83945
v 0.34400001 0.23988999 -0.96445
v -0.10771 -0.44964001 -0.96445
v -0.10771 -0.44964001 -0.83945
v -0.10771 -0.74282998 -0.83945
v -0.10771 -0.74282998 -0.96445
v -0.15381999 0.56564999 -0.96445
v -0.15381999 0.85341001 -0.96445
v -0.15381999 0.85341001 -0.83945
v -0.15381999 0.56564999 -0.83945
v 0.34400001 0.85341001 -0.96445
v 0.34400001 0.85341001 -0.83945
v 0.34400001 0.56564999 -0.83945
v 0.34400001 0.56564999 -0.96445
v -0.15381999 -1.18299997 0.33827001
v -0.15381999 -1.18299997 0.75317001
v -0.56740999 -1.18299997 0.75317001
v -0.56740999 -1.18299997 0.33827001
v -0.15381999 -1.18299997 -0.11972
v -0.15381999 -1.18299997 0.29710001
v -0.56740999 -1.18299997 0.29710001
v -0.56740999 -1.18299997 -0.11972
v -0.15381999 -1.18299997 -0.57385999
v -0.15381999 -1.18299997 -0.15897
v -0.56740999 -1.18299997 -0.15897
v -0.56740999 -1.18299997 -0.57385999
v -0.15381999 -1.18299997 -1.10696995
v -0.15381999 -1.18299997 -0.61502999
v -0.56740999 -1.18299997 -0.61502999
v -0.56740999 -1.18299997 -1.10696995
v -0.10771 -0.12388 -0.96445
v -0.10771 -0.12388 -0.83945
v -0.10771 -0.41163 -0.83945
v -0.10771 -0.41163 -0.96445
v 0.30225 -0.77539998 -0.96445
v 0.30225 -1.05772996 -0.96445
v -0.10771 -1.05772996 -0.96445
v -0.10771 -0.77539998 -0.96445
v 0.30225 1.17917001 -0.96445
v 0.30225 0.89142001 -0.96445
v -0.10771 0.89142001 -0.96445
v -0.10771 1.17917001 -0.96445
v 0.30225 0.20189001 -0.96445
v 0.30225 -0.08587 -0.96445
v -0.10771 -0.08587 -0.96445
v -0.10771 0.20189001 -0.96445
v 0.30225 -0.12388 -0.96445
v 0.30225 -0.41163 -0.96445
v -0.10771 -0.41163 -0.96445
v -0.10771 -0.12388 -0.96445
v 0.30225 -0.44964001 -0.96445
v 0.30225 -0.74282998 -0.96445
v -0.10771 -0.74282998 -0.96445
v -0.10771 -0.44964001 -0.96445
v -0.15381999 0.23988999 -0.96445
v -0.15381999 0.52765 -0.96445
v -0.15381999 0.52765 -0.83945
v -0.15381999 0.23988999 -0.83945
v 0.34400001 1.17917001 -0.96445
v 0.34400001 1.17917001 -0.83945
v 0.34400001 0.89142001 -0.83945
v 0.34400001 0.89142001 -0.96445
v -0.10771 0.20189001 -0.96445
v -0.10771 0.20189001 -0.83945
v -0.10771 -0.08587 -0.83945
v -0.10771 -0.08587 -0.96445
v -0.15381999 -0.08587 -0.96445
v -0.15381999 0.20189001 -0.96445
v -0.15381999 0.20189001 -0.83945
v -0.15381999 -0.08587 -0.83945
v 1.17337 -0.41163 -0.96445
v 1.17337 -0.41163 -0.83945
v 1.17337 -0.44964001 -0.83945
v 1.17337 -0.44964001 -0.96445
v 0.34400001 -0.77539998 -0.96445
v 0.34400001 -0.77539998 -0.83945
v 0.34400001 -1.05772996 -0.83945
v 0.34400001 -1.05772996 -0.96445
v 0.30225 -1.18299997 0.33827001
v 0.30225 -1.18299997 0.75317001
v -0.10771 -1.18299997 0.75317001
v -0.10771 -1.18299997 0.33827001
v 0.30225 -1.18299997 -0.11972
v 0.30225 -1.18299997 0.29710001
v -0.10771 -1.18299997 0.29710001
v -0.10771 -1.18299997 -0.11972
v 0.30225 -1.18299997 -0.57385999
v 0.30225 -1.18299997 -0.15897
v -0.10771 -1.18299997 -0.15897
v -0.10771 -1.18299997 -0.57385999
v 0.30225 -1.18299997 -1.10696995
v 0.30225 -1.18299997 -0.61502999
v -0.10771 -1.18299997 -0.61502999
v -0.10771 -1.18299997 -1.10696995
v -0.10771 0.52765 -0.96445
v -0.10771 0.52765 -0.83945
v -0.10771 0.23988999 -0.83945
v -0.10771 0.23988999 -0.96445
v 0.75831002 -0.77539998 -0.96445
v 0.75831002 -1.05772996 -0.96445
v 0.34400001 -1.05772996 -0.96445
v 0.34400001 -0.77539998 -0.96445
v 0.75831002 1.17917001 -0.96445
v 0.75831002 0.89142001 -0.96445
v 0.34400001 0.89142001 -0.96445
v 0.34400001 1.17917001 -0.96445
v 0.75831002 0.85341001 -0.96445
v 0.75831002 0.56564999 -0.96445
v 0.34400001 0.56564999 -0.96445
v 0.34400001 0.85341001 -0.96445
v 0.75831002 0.52765 -0.96445
v 0.75831002 0.23988999 -0.96445
v 0.34400001 0.23988999 -0.96445
v 0.34400001 0.52765 -0.96445
v 0.75831002 0.20189001 -0.96445
v 0.75831002 -0.08587 -0.96445
v 0.34400001 -0.08587 -0.96445
v 0.34400001 0.20189001 -0.96445
v 0.75831002 -0.12388 -0.96445
v 0.75831002 -0.41163 -0.96445
v 0.34400001 -0.41163 -0.96445
v 0.34400001 -0.12388 -0.96445
v -0.15381999 -0.41163 -0.96445
v -0.15381999 -0.12388 -0.96445
v -0.15381999 -0.12388 -0.83945
v -0.15381999 -0.41163 -0.83945
v -0.56740999 -0.44964001 -0.96445
v -0.56740999 -0.44964001 -0.83945
v -0.56740999 -0.74282998 -0.83945
v -0.56740999 -0.74282998 -0.96445
v -0.10771 0.85341001 -0.96445
v -0.10771 0.85341001 -0.83945
v -0.10771 0.56564999 -0.83945
v -0.10771 0.56564999 -0.96445
v -0.15381999 -0.74282998 -0.96445
v -0.15381999 -0.44964001 -0.96445
v -0.15381999 -0.44964001 -0.83945
v -0.15381999 -0.74282998 -0.83945
v 1.17337 -1.05772996 -0.83945
v 1.17337 -1.10868001 -0.83945
v 1.17337 -1.10868001 -0.96445
v 1.17337 -1.05772996 -0.96445
v -0.56740999 -0.12388 -0.96445
v -0.56740999 -0.12388 -0.83945
v -0.56740999 -0.41163 -0.83945
v -0.56740999 -0.41163 -0.96445
v 0.75831002 -1.18299997 0.33827001
v 0.75831002 -1.18299997 0.75317001
v 0.34400001 -1.18299997 0.75317001
v 0.34400001 -1.18299997 0.33827001
v 0.75831002 -1.18299997 -0.11972
v 0.75831002 -1.18299997 0.29710001
v 0.34400001 -1.18299997 0.29710001
v 0.34400001 -1.18299997 -0.11972
v 0.75831002 -1.18299997 -0.57385999
v 0.75831002 -1.18299997 -0.15897
v 0.34400001 -1.18299997 -0.15897
v 0.34400001 -1.18299997 -0.57385999
v 0.75831002 -1.18299997 -1.10696995
v 0.75831002 -1.18299997 -0.61502999
v 0.34400001 -1.18299997 -0.61502999
v 0.34400001 -1.18299997 -1.10696995
v -0.10771 1.17917001 -0.96445
v -0.10771 1.17917001 -0.83945
v -0.10771 0.89142001 -0.83945
v -0.10771 0.89142001 -0.96445
v 1.14034998 -1.18299997 -0.61502999
v 1.14034998 -1.18299997 -0.57385999
v 1.14034998 -1.18299997 -0.15897
v 1.14034998 -1.18299997 -0.11972
v 1.14034998 -1.18299997 0.29710001
v 1.14034998 -1.18299997 0.33827001
v 1.14034998 -1.18299997 0.75317001
v 1.14034998 -1.18299997 0.78855002
v 1.14034998 -0.77539998 -0.96445
v 1.14034998 -1.05772996 -0.96445
v 0.80189002 -1.05772996 -0.96445
v 0.80189002 -0.77539998 -0.96445
v 1.14034998 1.17917001 -0.96445
v 1.14034998 0.89142001 -0.96445
v 0.80189002 0.89142001 -0.96445
v 0.80189002 1.17917001 -0.96445
v 1.14034998 0.85341001 -0.96445
v 1.14034998 0.56564999 -0.96445
v 0.80189002 0.56564999 -0.96445
v 0.80189002 0.85341001 -0.96445
v 1.14034998 0.52765 -0.96445
v 1.14034998 0.23988999 -0.96445
v 0.80189002 0.23988999 -0.96445
v 0.80189002 0.52765 -0.96445
v 1.14034998 0.20189001 -0.96445
v 1.14034998 -0.08587 -0.96445
v 0.80189002 -0.08587 -0.96445
v 0.80189002 0.20189001 -0.96445
v -0.15381999 -1.05772996 -0.96445
v -0.15381999 -0.77539998 -0.96445
v -0.15381999 -0.77539998 -0.83945
v -0.15381999 -1.05772996 -0.83945
v -0.56740999 0.20189001 -0.96445
v -0.56740999 0.20189001 -0.83945
v -0.56740999 -0.08587 -0.83945
v -0.56740999 -0.08587 -0.96445
v -0.60988998 0.89142001 -0.96445
v -0.60988998 0.89142001 -0.83945
v -0.10771 -0.77539998 -0.96445
v -0.10771 -0.77539998 -0.83945
v -0.10771 -1.05772996 -0.83945
v -0.10771 -1.05772996 -0.96445
v 0.30225 0.56564999 -0.96445
v 0.30225 0.85341001 -0.96445
v 0.30225 0.85341001 -0.83945
v 0.30225 0.56564999 -0.83945
v -0.56740999 0.52765 -0.96445
v -0.56740999 0.52765 -0.83945
v -0.56740999 0.23988999 -0.83945
v -0.56740999 0.23988999 -0.96445
v 1.14034998 -1.18299997 0.33827001
v 1.14034998 -1.18299997 0.75317001
v 0.80189002 -1.18299997 0.75317001
v 0.80189002 -1.18299997 0.33827001
v 1.14034998 -1.18299997 -0.11972
v 1.14034998 -1.18299997 0.29710001
v 0.80189002 -1.18299997 0.29710001
v 0.80189002 -1.18299997 -0.11972
v 1.14034998 -1.18299997 -0.57385999
v 1.14034998 -1.18299997 -0.15897
v 0.80189002 -1.18299997 -0.15897
v 0.80189002 -1.18299997 -0.57385999
v 1.14034998 -1.18299997 -1.10696995
v 1.14034998 -1.18299997 -0.61502999
v 0.80189002 -1.18299997 -0.61502999
v 0.80189002 -1.18299997 -1.10696995
v 1.14034998 -1.10116005 1.17337
v 1.14034998 -1.18299997 1.17337
v 1.14034998 -1.18299997 1.11456001
v 1.14034998 -1.18299997 1.17337
v 0.30225 0.23988999 -0.96445
v 0.30225 0.52765 -0.96445
v 0.30225 0.52765 -0.83945
v 0.30225 0.23988999 -0.83945
v 0.80189002 1.17917001 -1.10696995
v 0.80189002 1.17917001 -0.96445
v 0.80189002 -1.10116005 -1.10696995
v 0.80189002 -1.18299997 -1.10696995
v 1.17337 -1.18299997 1.11456001
v 1.17337 -1.18299997 1.17337
v 1.17337 -1.10116005 1.17337
v 1.14034998 -1.10116005 1.17337
v 1.14034998 -1.18299997 1.17337
v 1.17337 -1.18299997 1.17337
v 1.17337 -1.18299997 -1.10696995
v 1.17337 -1.18299997 -0.61502999
v 1.14034998 -1.18299997 -1.10696995
v 1.17337 -1.18299997 -0.57385999
v 1.17337 -1.18299997 -0.15897
v 1.17337 -1.18299997 -0.11972
v 1.17337 -1.18299997 0.29710001
v 1.17337 -1.18299997 0.33827001
v 1.17337 -1.18299997 0.75317001
v -0.56740999 0.85341001 -0.96445
v -0.56740999 0.85341001 -0.83945
v -0.56740999 0.56564999 -0.83945
v -0.56740999 0.56564999 -0.96445
v 0.80189002 -1.05772996 -0.96445
v 1.14034998 -1.05772996 -0.96445
v 1.14034998 -1.05772996 -0.83945
v 0.80189002 -1.05772996 -0.83945
v 0.30225 -0.08587 -0.96445
v 0.30225 0.20189001 -0.96445
v 0.30225 0.20189001 -0.83945
v 0.30225 -0.08587 -0.83945
v -0.56740999 1.17917001 -0.96445
v -0.56740999 1.17917001 -0.83945
v -0.56740999 0.89142001 -0.83945
v -0.56740999 0.89142001 -0.96445
v 0.80189002 0.89142001 -0.96445
v 1.14034998 0.89142001 -0.96445
v 1.14034998 0.89142001 -0.83945
v 0.80189002 0.89142001 -0.83945
v 0.30225 -0.41163 -0.96445
v 0.30225 -0.12388 -0.96445
v 0.30225 -0.12388 -0.83945
v 0.30225 -0.41163 -0.83945
v -0.56740999 -0.77539998 -0.96445
v -0.56740999 -0.77539998 -0.83945
v -0.56740999 -1.05772996 -0.83945
v -0.56740999 -1.05772996 -0.96445
v 1.17337 0.85341001 -0.83945
v 1.17337 0.85341001 -0.96445
v 0.80189002 0.56564999 -0.96445
v 1.14034998 0.56564999 -0.96445
v 1.14034998 0.56564999 -0.83945
v 0.80189002 0.56564999 -0.83945
v 0.30225 -0.74282998 -0.96445
v 0.30225 -0.44964001 -0.96445
v 0.30225 -0.44964001 -0.83945
v 0.30225 -0.74282998 -0.83945
v 0.80189002 0.23988999 -0.96445
v 1.14034998 0.23988999 -0.96445
v 1.14034998 0.23988999 -0.83945
v 0.80189002 0.23988999 -0.83945
v 0.30225 -1.05772996 -0.96445
v 0.30225 -0.77539998 -0.96445
v 0.30225 -0.77539998 -0.83945
v 0.30225 -1.05772996 -0.83945
v 1.17337 -1.18299997 0.78855002
v 1.14034998 -1.10116005 -1.10696995
v 1.14034998 -1.18299997 -1.10696995
v 1.14034998 -1.18299997 0.78855002
v 1.14034998 -1.18299997 1.11456001
v 0.80189002 -1.18299997 1.11456001
v 0.80189002 -1.18299997 0.78855002
v 0.75831002 -1.18299997 0.78855002
v 0.75831002 -1.18299997 1.11456001
v 0.34400001 -1.18299997 1.11456001
v 0.34400001 -1.18299997 0.78855002
v 0.30225 -1.18299997 0.78855002
v 0.30225 -1.18299997 1.11456001
v -0.10771 -1.18299997 1.11456001
v -0.10771 -1.18299997 0.78855002
v -0.15381999 -1.18299997 0.78855002
v -0.15381999 -1.18299997 1.11456001
v -0.56740999 -1.18299997 1.11456001
v -0.56740999 -1.18299997 0.78855002
v -1.10696995 1.17917001 1.17337
v -0.96445 1.17917001 1.17337
v -0.96445 -0.12388 -0.57385999
v -0.96445 -0.41032001 -0.57385999
v -0.83945 -0.41032001 -0.57385999
v -0.83945 -0.12388 -0.57385999
v -1.10696995 -1.10116005 1.17337
v -1.10696995 -1.18299997 1.17337
v -0.96445 -1.06184995 -0.15897
v -0.96445 -0.77539998 -0.15897
v -0.83945 -0.77539998 -0.15897
v -0.83945 -1.06184995 -0.15897
v -0.96445 0.23559 -0.57385999
v -0.96445 0.23559 -0.15897
v -0.83945 0.23559 -0.15897
v -0.83945 0.23559 -0.57385999
v -0.96445 0.20189001 -0.57385999
v -0.96445 -0.08456 -0.57385999
v -0.83945 -0.08456 -0.57385999
v -0.83945 0.20189001 -0.57385999
v -0.96445 -0.74169999 -0.57385999
v -0.96445 -0.74169999 -0.15897
v -0.83945 -0.74169999 -0.15897
v -0.83945 -0.74169999 -0.57385999
v -0.96445 1.17917001 1.11456001
v -0.96445 1.17917001 1.17337
v -0.83945 1.17917001 1.17337
v -0.83945 1.17917001 1.11456001
v -0.96445 0.52765 -0.57385999
v -0.96445 0.23559 -0.57385999
v -0.83945 0.23559 -0.57385999
v -0.83945 0.52765 -0.57385999
v -0.96445 -0.74169999 -0.11972
v -0.96445 -0.74169999 0.29710001
v -0.83945 -0.74169999 0.29710001
v -0.83945 -0.74169999 -0.11972
v -0.60988998 -1.18299997 0.78855002
v -0.60988998 -1.18299997 1.11456001
v -1.10696995 -1.18299997 1.11456001
v -1.10696995 -1.18299997 0.78855002
v -0.83945 0.89142001 0.78855002
v -0.83945 0.89142001 0.75317001
v -0.83945 1.17917001 0.75317001
v -0.83945 1.17917001 0.78855002
v -0.83945 0.89142001 0.33827001
v -0.83945 0.89142001 0.29710001
v -0.83945 1.17917001 0.29710001
v -0.83945 1.17917001 0.33827001
v -0.83945 0.89142001 -0.11972
v -0.83945 0.89142001 -0.15897
v -0.83945 1.17917001 -0.15897
v -0.83945 1.17917001 -0.11972
v -0.83945 0.89142001 -0.57385999
v -0.83945 0.89142001 -0.61502999
v -0.83945 1.17917001 -0.61502999
v -0.83945 1.17917001 -0.57385999
v -0.83945 -1.06184995 -0.57385999
v -0.83945 -1.06184995 -0.61502999
v -0.83945 -0.77539998 -0.61502999
v -0.83945 -0.77539998 -0.57385999
v -0.83945 -0.74169999 -0.57385999
v -0.83945 -0.74169999 -0.61502999
v -0.83945 -0.44964001 -0.61502999
v -0.83945 -0.44964001 -0.57385999
v -0.83945 -0.41032001 -0.57385999
v -0.83945 -0.41032001 -0.61502999
v -0.83945 -0.12388 -0.61502999
v -0.83945 -0.12388 -0.57385999
v -0.83945 -0.08456 -0.57385999
v -0.83945 -0.08456 -0.61502999
v -0.83945 0.20189001 -0.61502999
v -0.83945 0.20189001 -0.57385999
v -0.83945 0.23559 -0.57385999
v -0.83945 0.23559 -0.61502999
v -0.83945 0.52765 -0.61502999
v -0.83945 0.52765 -0.57385999
v -0.83945 0.56134999 -0.57385999
v -0.83945 0.56134999 -0.61502999
v -0.83945 0.85341001 -0.61502999
v -0.83945 0.85341001 -0.57385999
v -0.83945 -1.06184995 -0.11972
v -0.83945 -1.06184995 -0.15897
v -0.83945 -0.77539998 -0.15897
v -0.83945 -0.77539998 -0.11972
v -0.83945 -0.74169999 -0.11972
v -0.83945 -0.74169999 -0.15897
v -0.83945 -0.44964001 -0.15897
v -0.83945 -0.44964001 -0.11972
v -0.83945 -0.41032001 -0.11972
v -0.83945 -0.41032001 -0.15897
v -0.83945 -0.12388 -0.15897
v -0.83945 -0.12388 -0.11972
v -0.83945 -0.08456 -0.11972
v -0.83945 -0.08456 -0.15897
v -0.83945 0.20189001 -0.15897
v -0.83945 0.20189001 -0.11972
v -0.83945 0.23559 -0.11972
v -0.83945 0.23559 -0.15897
v -0.83945 0.52765 -0.15897
v -0.83945 0.52765 -0.11972
v -0.83945 0.56134999 -0.11972
v -0.83945 0.56134999 -0.15897
v -0.83945 0.85341001 -0.15897
v -0.83945 0.85341001 -0.11972
v -0.83945 -1.06184995 0.33827001
v -0.83945 -1.06184995 0.29710001
v -0.83945 -0.77539998 0.29710001
v -0.83945 -0.77539998 0.33827001
v -0.83945 -0.74169999 0.33827001
v -0.83945 -0.74169999 0.29710001
v -0.83945 -0.44964001 0.29710001
v -0.83945 -0.44964001 0.33827001
v -0.83945 -0.41032001 0.33827001
v -0.83945 -0.41032001 0.29710001
v -0.83945 -0.12388 0.29710001
v -0.83945 -0.12388 0.33827001
v -0.83945 0.56134999 0.33827001
v -0.83945 0.56134999 0.29710001
v -0.83945 0.85341001 0.29710001
v -0.83945 0.85341001 0.33827001
v -0.83945 -1.06184995 0.78855002
v -0.83945 -1.06184995 0.75317001
v -0.83945 -0.77539998 0.75317001
v -0.83945 -0.77539998 0.78855002
v -0.83945 -0.74169999 0.78855002
v -0.83945 -0.74169999 0.75317001
v -0.83945 -0.44964001 0.75317001
v -0.83945 -0.44964001 0.78855002
v -0.83945 -0.41032001 0.78855002
v -0.83945 -0.41032001 0.75317001
v -0.83945 -0.12388 0.75317001
v -0.83945 -0.12388 0.78855002
v -0.83945 -0.08456 0.78855002
v -0.83945 -0.08456 0.75317001
v -0.83945 0.20189001 0.75317001
v -0.83945 0.20189001 0.78855002
v -0.83945 0.23559 0.78855002
v -0.83945 0.23559 0.75317001
v -0.83945 0.52765 0.75317001
v -0.83945 0.52765 0.78855002
v -0.83945 0.56134999 0.78855002
v -0.83945 0.56134999 0.75317001
v -0.83945 0.85341001 0.75317001
v -0.83945 0.85341001 0.78855002
v -0.83945 0.56134999 0.75317001
v -0.83945 0.56134999 0.78855002
v -0.83945 0.52765 0.33827001
v -0.83945 0.52765 0.29710001
v -0.83945 0.56134999 0.29710001
v -0.83945 0.56134999 0.33827001
v -0.83945 0.56134999 -0.15897
v -0.83945 0.56134999 -0.11972
v -0.83945 0.56134999 -0.61502999
v -0.83945 0.56134999 -0.57385999
v -0.83945 -0.08456 0.29710001
v -0.83945 -0.08456 0.33827001
v -0.83945 -1.10116005 0.78855002
v -0.83945 -1.10116005 0.75317001
v -0.83945 -1.10116005 0.33827001
v -0.83945 -1.10116005 0.29710001
v -0.83945 -1.10116005 -0.11972
v -0.83945 -1.10116005 -0.15897
v -0.83945 -1.10116005 -0.57385999
v -0.83945 -1.10116005 -0.61502999
v -0.83945 -1.10116005 1.11456001
v -0.83945 -1.06184995 1.11456001
v -0.83945 -0.77539998 1.11456001
v -0.83945 -0.74169999 1.11456001
v -0.83945 -0.44964001 1.11456001
v -0.83945 -0.41032001 1.11456001
v -0.83945 -0.12388 1.11456001
v -0.83945 -0.08456 1.11456001
v -0.83945 0.20189001 1.11456001
v -0.83945 0.23559 1.11456001
v -0.83945 0.52765 1.11456001
v -0.83945 0.56134999 1.11456001
v -0.83945 0.85341001 1.11456001
v -0.83945 0.89142001 1.11456001
v -0.83945 0.89142001 1.17337
v -0.83945 1.17917001 1.11456001
v -0.83945 1.17917001 1.17337
v -0.83945 -1.06184995 1.17337
v -0.83945 -0.77539998 1.17337
v -0.83945 -0.74169999 1.17337
v -0.83945 -0.44964001 1.17337
v -0.83945 -0.41032001 1.17337
v -0.83945 -0.12388 1.17337
v -0.83945 -0.08456 1.17337
v -0.83945 0.20189001 1.17337
v -0.83945 0.23559 1.17337
v -0.83945 0.52765 1.17337
v -0.83945 0.56134999 1.17337
v -0.83945 0.56134999 1.11456001
v -0.83945 0.85341001 1.17337
v -0.83945 0.56134999 1.17337
v -0.83945 -1.10116005 1.17337
v -0.96445 -0.41032001 0.33827001
v -0.96445 -0.41032001 0.75317001
v -0.83945 -0.41032001 0.75317001
v -0.83945 -0.41032001 0.33827001
v -0.96445 0.56134999 0.33827001
v -0.96445 0.56134999 0.75317001
v -0.83945 0.56134999 0.75317001
v -0.83945 0.56134999 0.33827001
v -0.96445 -0.41032001 -0.11972
v -0.96445 -0.41032001 0.29710001
v -0.83945 -0.41032001 0.29710001
v -0.83945 -0.41032001 -0.11972
v -0.96445 -0.77539998 1.17337
v -0.83945 -0.77539998 1.17337
v -0.96445 0.56134999 -0.11972
v -0.96445 0.56134999 0.29710001
v -0.83945 0.56134999 0.29710001
v -0.83945 0.56134999 -0.11972
v -0.96445 -0.41032001 -0.57385999
v -0.96445 -0.41032001 -0.15897
v -0.83945 -0.41032001 -0.15897
v -0.83945 -0.41032001 -0.57385999
v -0.96445 -0.74169999 1.17337
v -0.83945 -0.74169999 1.17337
v -0.96445 0.56134999 -0.57385999
v -0.96445 0.56134999 -0.15897
v -0.83945 0.56134999 -0.15897
v -0.83945 0.56134999 -0.57385999
v -0.96445 0.20189001 1.17337
v -0.83945 0.20189001 1.17337
v -0.96445 0.23559 1.17337
v -0.83945 0.23559 1.17337
v -0.96445 -1.06184995 0.75317001
v -0.96445 -0.77539998 0.75317001
v -0.83945 -0.77539998 0.75317001
v -0.83945 -1.06184995 0.75317001
v -0.96445 0.89142001 0.78855002
v -0.96445 0.89142001 1.11456001
v -0.83945 0.89142001 1.11456001
v -0.83945 0.89142001 0.78855002
v -0.96445 -0.74169999 0.75317001
v -0.96445 -0.44964001 0.75317001
v -0.83945 -0.44964001 0.75317001
v -0.83945 -0.74169999 0.75317001
v -0.96445 0.56134999 0.78855002
v -0.96445 0.56134999 1.11456001
v -0.83945 0.56134999 1.11456001
v -0.83945 0.56134999 0.78855002
v -0.96445 -0.41032001 0.75317001
v -0.96445 -0.12388 0.75317001
v -0.83945 -0.12388 0.75317001
v -0.83945 -0.41032001 0.75317001
v -0.96445 0.23559 0.78855002
v -0.96445 0.23559 1.11456001
v -0.83945 0.23559 1.11456001
v -0.83945 0.23559 0.78855002
v -0.96445 -0.08456 0.75317001
v -0.96445 0.20189001 0.75317001
v -0.83945 0.20189001 0.75317001
v -0.83945 -0.08456 0.75317001
v -0.96445 -0.08456 0.78855002
v -0.96445 -0.08456 1.11456001
v -0.83945 -0.08456 1.11456001
v -0.83945 -0.08456 0.78855002
v -0.96445 0.23559 0.75317001
v -0.96445 0.52765 0.75317001
v -0.83945 0.52765 0.75317001
v -0.83945 0.23559 0.75317001
v -0.96445 -0.41032001 0.78855002
v -0.96445 -0.41032001 1.11456001
v -0.83945 -0.41032001 1.11456001
v -0.83945 -0.41032001 0.78855002
v -0.96445 0.56134999 0.75317001
v -0.96445 0.85341001 0.75317001
v -0.83945 0.85341001 0.75317001
v -0.83945 0.56134999 0.75317001
v -0.96445 -0.74169999 0.78855002
v -0.96445 -0.74169999 1.11456001
v -0.83945 -0.74169999 1.11456001
v -0.83945 -0.74169999 0.78855002
v -0.96445 -1.06184995 0.29710001
v -0.96445 -0.77539998 0.29710001
v -0.83945 -0.77539998 0.29710001
v -0.83945 -1.06184995 0.29710001
v -0.96445 -1.06184995 0.78855002
v -0.96445 -1.06184995 1.11456001
v -0.83945 -1.06184995 1.11456001
v -0.83945 -1.06184995 0.78855002
v -0.96445 -0.74169999 0.29710001
v -0.96445 -0.44964001 0.29710001
v -0.83945 -0.44964001 0.29710001
v -0.83945 -0.74169999 0.29710001
v -0.96445 -0.41032001 0.29710001
v -0.96445 -0.12388 0.29710001
v -0.83945 -0.12388 0.29710001
v -0.83945 -0.41032001 0.29710001
v -0.96445 -0.74169999 0.33827001
v -0.96445 -0.74169999 0.75317001
v -0.83945 -0.74169999 0.75317001
v -0.83945 -0.74169999 0.33827001
v -0.96445 0.85341001 -0.57385999
v -0.96445 0.56134999 -0.57385999
v -0.83945 0.56134999 -0.57385999
v -0.83945 0.85341001 -0.57385999
v -0.96445 1.17917001 1.11456001
v -0.96445 1.17917001 0.78855002
v -0.83945 1.17917001 0.78855002
v -0.83945 1.17917001 1.11456001
v -0.96445 1.17917001 -0.15897
v -0.96445 1.17917001 -0.57385999
v -0.83945 1.17917001 -0.57385999
v -0.83945 1.17917001 -0.15897
v -0.96445 1.17917001 0.75317001
v -0.96445 1.17917001 0.33827001
v -0.83945 1.17917001 0.33827001
v -0.83945 1.17917001 0.75317001
v -0.96445 1.17917001 0.29710001
v -0.96445 1.17917001 -0.11972
v -0.83945 1.17917001 -0.11972
v -0.83945 1.17917001 0.29710001
v 0.80189002 -1.05772996 -0.83945
v 0.80189002 -1.10116005 -0.83945
v 0.75831002 -1.10116005 -0.83945
v 0.75831002 -1.05772996 -0.83945
v 0.34400001 -1.05772996 -0.83945
v 0.34400001 -1.10116005 -0.83945
v 0.30225 -1.10116005 -0.83945
v 0.30225 -1.05772996 -0.83945
v -0.10771 -1.05772996 -0.83945
v -0.10771 -1.10116005 -0.83945
v -0.15381999 -1.10116005 -0.83945
v -0.15381999 -1.05772996 -0.83945
v -0.56740999 -1.05772996 -0.83945
v -0.56740999 -1.10116005 -0.83945
v -0.60988998 -1.10116005 -0.83945
v -0.60988998 -1.05772996 -0.83945
v -0.56740999 0.89142001 -0.83945
v -0.56740999 0.85341001 -0.83945
v -0.60988998 0.85341001 -0.83945
v -0.60988998 0.89142001 -0.83945
v -0.56740999 0.56564999 -0.83945
v -0.56740999 0.52765 -0.83945
v -0.60988998 0.52765 -0.83945
v -0.60988998 0.56564999 -0.83945
v -0.56740999 0.23988999 -0.83945
v -0.56740999 0.20189001 -0.83945
v -0.60988998 0.20189001 -0.83945
v -0.60988998 0.23988999 -0.83945
v -0.56740999 -0.08587 -0.83945
v -0.56740999 -0.12388 -0.83945
v -0.60988998 -0.12388 -0.83945
v -0.60988998 -0.08587 -0.83945
v -0.56740999 -0.41163 -0.83945
v -0.56740999 -0.44964001 -0.83945
v -0.60988998 -0.44964001 -0.83945
v -0.60988998 -0.41163 -0.83945
v -0.56740999 -0.74282998 -0.83945
v -0.56740999 -0.77539998 -0.83945
v -0.60988998 -0.77539998 -0.83945
v -0.60988998 -0.74282998 -0.83945
v -0.10771 0.89142001 -0.83945
v -0.10771 0.85341001 -0.83945
v -0.15381999 0.85341001 -0.83945
v -0.15381999 0.89142001 -0.83945
v -0.10771 0.56564999 -0.83945
v -0.10771 0.52765 -0.83945
v -0.15381999 0.52765 -0.83945
v -0.15381999 0.56564999 -0.83945
v -0.10771 0.23988999 -0.83945
v -0.10771 0.20189001 -0.83945
v -0.15381999 0.20189001 -0.83945
v -0.15381999 0.23988999 -0.83945
v -0.10771 -0.08587 -0.83945
v -0.10771 -0.12388 -0.83945
v -0.15381999 -0.12388 -0.83945
v -0.15381999 -0.08587 -0.83945
v -0.10771 -0.41163 -0.83945
v -0.10771 -0.44964001 -0.83945
v -0.15381999 -0.44964001 -0.83945
v -0.15381999 -0.41163 -0.83945
v -0.10771 -0.74282998 -0.83945
v -0.10771 -0.77539998 -0.83945
v -0.15381999 -0.77539998 -0.83945
v -0.15381999 -0.74282998 -0.83945
v 0.34400001 0.89142001 -0.83945
v 0.34400001 0.85341001 -0.83945
v 0.30225 0.85341001 -0.83945
v 0.30225 0.89142001 -0.83945
v 0.34400001 0.56564999 -0.83945
v 0.34400001 0.52765 -0.83945
v 0.30225 0.52765 -0.83945
v 0.30225 0.56564999 -0.83945
v 0.34400001 0.23988999 -0.83945
v 0.34400001 0.20189001 -0.83945
v 0.30225 0.20189001 -0.83945
v 0.30225 0.23988999 -0.83945
v 0.34400001 -0.08587 -0.83945
v 0.34400001 -0.12388 -0.83945
v 0.30225 -0.12388 -0.83945
v 0.30225 -0.08587 -0.83945
v 0.34400001 -0.41163 -0.83945
v 0.34400001 -0.44964001 -0.83945
v 0.30225 -0.44964001 -0.83945
v 0.30225 -0.41163 -0.83945
v 0.34400001 -0.74282998 -0.83945
v 0.34400001 -0.77539998 -0.83945
v 0.30225 -0.77539998 -0.83945
v 0.30225 -0.74282998 -0.83945
v 0.80189002 0.89142001 -0.83945
v 0.80189002 0.85341001 -0.83945
v 0.75831002 0.85341001 -0.83945
v 0.75831002 0.89142001 -0.83945
v 0.80189002 0.56564999 -0.83945
v 0.80189002 0.52765 -0.83945
v 0.75831002 0.52765 -0.83945
v 0.75831002 0.56564999 -0.83945
v 0.80189002 0.23988999 -0.83945
v 0.80189002 0.20189001 -0.83945
v 0.75831002 0.20189001 -0.83945
v 0.75831002 0.23988999 -0.83945
v 0.80189002 -0.08587 -0.83945
v 0.80189002 -0.12388 -0.83945
v 0.75831002 -0.12388 -0.83945
v 0.75831002 -0.08587 -0.83945
v 0.80189002 -0.41163 -0.83945
v 0.80189002 -0.44964001 -0.83945
v 0.75831002 -0.44964001 -0.83945
v 0.75831002 -0.41163 -0.83945
v 0.80189002 -0.74282998 -0.83945
v 0.80189002 -0.77539998 -0.83945
v 0.75831002 -0.77539998 -0.83945
v 0.75831002 -0.74282998 -0.83945
v -0.10771 -0.74282998 -0.83945
v -0.15381999 -0.74282998 -0.83945
v -0.56740999 -0.12388 -0.83945
v -0.60988998 -0.12388 -0.83945
v -0.56740999 -0.08587 -0.83945
v -0.60988998 -0.08587 -0.83945
v 0.80189002 1.17917001 -0.83945
v 0.75831002 1.17917001 -0.83945
v 0.34400001 1.17917001 -0.83945
v 0.30225 1.17917001 -0.83945
v -0.10771 1.17917001 -0.83945
v -0.15381999 1.17917001 -0.83945
v -0.56740999 1.17917001 -0.83945
v -0.60988998 1.17917001 -0.83945
v -0.10771 -0.77539998 -0.83945
v -0.10771 -1.05772996 -0.83945
v -0.15381999 -1.05772996 -0.83945
v -0.15381999 -0.77539998 -0.83945
v 0.34400001 -0.77539998 -0.83945
v 0.34400001 -1.05772996 -0.83945
v 0.30225 -1.05772996 -0.83945
v 0.30225 -0.77539998 -0.83945
v -0.15381999 -0.77539998 -0.83945
v -0.10771 -0.77539998 -0.83945
v 1.14034998 -0.74282998 -0.83945
v 1.14034998 -0.77539998 -0.83945
v 1.14034998 -0.41163 -0.83945
v 1.14034998 -0.44964001 -0.83945
v 1.14034998 -0.08587 -0.83945
v 1.14034998 -0.12388 -0.83945
v 1.14034998 0.23988999 -0.83945
v 1.14034998 0.20189001 -0.83945
v 1.14034998 0.56564999 -0.83945
v 1.14034998 0.52765 -0.83945
v 1.14034998 0.89142001 -0.83945
v 1.14034998 0.85341001 -0.83945
v 1.14034998 -1.05772996 -0.83945
v 1.14034998 -1.10116005 -0.83945
v 1.17337 0.89142001 -0.83945
v 1.17337 0.85341001 -0.83945
v 1.17337 0.56564999 -0.83945
v 1.17337 0.52765 -0.83945
v 1.17337 0.23988999 -0.83945
v 1.17337 0.20189001 -0.83945
v 1.17337 -0.08587 -0.83945
v 1.17337 -0.12388 -0.83945
v 1.17337 -0.41163 -0.83945
v 1.17337 -0.44964001 -0.83945
v 1.17337 -0.74282998 -0.83945
v 1.17337 -0.77539998 -0.83945
v 1.17337 1.17917001 -0.83945
v 1.14034998 1.17917001 -0.83945
v 1.17337 -1.05772996 -0.83945
v -0.56740999 -0.41163 -0.96445
v -0.15381999 -0.41163 -0.96445
v -0.15381999 -0.41163 -0.83945
v -0.56740999 -0.41163 -0.83945
v 1.17337 -0.77539998 -0.96445
v 1.17337 -0.77539998 -0.83945
v -0.56740999 -0.08587 -0.96445
v -0.15381999 -0.08587 -0.96445
v -0.15381999 -0.08587 -0.83945
v -0.56740999 -0.08587 -0.83945
v 1.17337 -0.74282998 -0.83945
v 1.17337 -0.74282998 -0.96445
v -0.56740999 0.23988999 -0.96445
v -0.15381999 0.23988999 -0.96445
v -0.15381999 0.23988999 -0.83945
v -0.56740999 0.23988999 -0.83945
v 1.14034998 1.17917001 -0.96445
v 1.17337 1.17917001 -0.96445
v 1.17337 1.17917001 -0.83945
v 1.14034998 1.17917001 -0.83945
v -0.10771 -0.74282998 -0.96445
v 0.30225 -0.74282998 -0.96445
v 0.30225 -0.74282998 -0.83945
v -0.10771 -0.74282998 -0.83945
v 1.17337 0.56564999 -0.96445
v 1.17337 0.56564999 -0.83945
v 1.17337 0.52765 -0.83945
v 1.17337 0.52765 -0.96445
v -0.56740999 0.56564999 -0.96445
v -0.15381999 0.56564999 -0.96445
v -0.15381999 0.56564999 -0.83945
v -0.56740999 0.56564999 -0.83945
v -0.10771 -0.41163 -0.96445
v 0.30225 -0.41163 -0.96445
v 0.30225 -0.41163 -0.83945
v -0.10771 -0.41163 -0.83945
v -0.56740999 0.89142001 -0.96445
v -0.15381999 0.89142001 -0.96445
v -0.15381999 0.89142001 -0.83945
v -0.56740999 0.89142001 -0.83945
v -0.10771 -0.08587 -0.96445
v 0.30225 -0.08587 -0.96445
v 0.30225 -0.08587 -0.83945
v -0.10771 -0.08587 -0.83945
v -0.56740999 -1.05772996 -0.96445
v -0.15381999 -1.05772996 -0.96445
v -0.15381999 -1.05772996 -0.83945
v -0.56740999 -1.05772996 -0.83945
v -0.10771 0.23988999 -0.96445
v 0.30225 0.23988999 -0.96445
v 0.30225 0.23988999 -0.83945
v -0.10771 0.23988999 -0.83945
v 0.34400001 -0.74282998 -0.96445
v 0.75831002 -0.74282998 -0.96445
v 0.75831002 -0.74282998 -0.83945
v 0.34400001 -0.74282998 -0.83945
v -0.10771 0.56564999 -0.96445
v 0.30225 0.56564999 -0.96445
v 0.30225 0.56564999 -0.83945
v -0.10771 0.56564999 -0.83945
v 0.75831002 -1.05772996 -0.96445
v 0.75831002 -0.77539998 -0.96445
v 0.75831002 -0.77539998 -0.83945
v 0.75831002 -1.05772996 -0.83945
v 0.34400001 -0.41163 -0.96445
v 0.75831002 -0.41163 -0.96445
v 0.75831002 -0.41163 -0.83945
v 0.34400001 -0.41163 -0.83945
v -0.10771 0.89142001 -0.96445
v 0.30225 0.89142001 -0.96445
v 0.30225 0.89142001 -0.83945
v -0.10771 0.89142001 -0.83945
v 0.75831002 -0.74282998 -0.96445
v 0.75831002 -0.44964001 -0.96445
v 0.75831002 -0.44964001 -0.83945
v 0.75831002 -0.74282998 -0.83945
v 0.34400001 -0.08587 -0.96445
v 0.75831002 -0.08587 -0.96445
v 0.75831002 -0.08587 -0.83945
v 0.34400001 -0.08587 -0.83945
v -0.10771 -1.05772996 -0.96445
v 0.30225 -1.05772996 -0.96445
v 0.30225 -1.05772996 -0.83945
v -0.10771 -1.05772996 -0.83945
v 0.75831002 -0.41163 -0.96445
v 0.75831002 -0.12388 -0.96445
v 0.75831002 -0.12388 -0.83945
v 0.75831002 -0.41163 -0.83945
v 0.34400001 0.23988999 -0.96445
v 0.75831002 0.23988999 -0.96445
v 0.75831002 0.23988999 -0.83945
v 0.34400001 0.23988999 -0.83945
v 0.75831002 -0.08587 -0.96445
v 0.75831002 0.20189001 -0.96445
v 0.75831002 0.20189001 -0.83945
v 0.75831002 -0.08587 -0.83945
v 0.80189002 -0.74282998 -0.96445
v 1.14034998 -0.74282998 -0.96445
v 1.14034998 -0.74282998 -0.83945
v 0.80189002 -0.74282998 -0.83945
v 0.34400001 0.56564999 -0.96445
v 0.75831002 0.56564999 -0.96445
v 0.75831002 0.56564999 -0.83945
v 0.34400001 0.56564999 -0.83945
v 0.75831002 0.23988999 -0.96445
v 0.75831002 0.52765 -0.96445
v 0.75831002 0.52765 -0.83945
v 0.75831002 0.23988999 -0.83945
v 0.80189002 -0.41163 -0.96445
v 1.14034998 -0.41163 -0.96445
v 1.14034998 -0.41163 -0.83945
v 0.80189002 -0.41163 -0.83945
v 0.34400001 0.89142001 -0.96445
v 0.75831002 0.89142001 -0.96445
v 0.75831002 0.89142001 -0.83945
v 0.34400001 0.89142001 -0.83945
v 0.75831002 0.56564999 -0.96445
v 0.75831002 0.85341001 -0.96445
v 0.75831002 0.85341001 -0.83945
v 0.75831002 0.56564999 -0.83945
v 0.80189002 -0.08587 -0.96445
v 1.14034998 -0.08587 -0.96445
v 1.14034998 -0.08587 -0.83945
v 0.80189002 -0.08587 -0.83945
v 0.34400001 -1.05772996 -0.96445
v 0.75831002 -1.05772996 -0.96445
v 0.75831002 -1.05772996 -0.83945
v 0.34400001 -1.05772996 -0.83945
v -0.15381999 1.17917001 -0.96445
v -0.56740999 1.17917001 -0.96445
v -0.56740999 1.17917001 -0.83945
v -0.15381999 1.17917001 -0.83945
v 0.30225 1.17917001 -0.96445
v -0.10771 1.17917001 -0.96445
v -0.10771 1.17917001 -0.83945
v 0.30225 1.17917001 -0.83945
v 0.75831002 1.17917001 -0.96445
v 0.34400001 1.17917001 -0.96445
v 0.34400001 1.17917001 -0.83945
v 0.75831002 1.17917001 -0.83945
v -1.03652 0.52765 0.33827001
v -1.03652 0.23559 0.33827001
v -0.91152 0.23559 0.33827001
v -0.91152 0.52765 0.33827001
v -0.91152 0.20189001 0.33827001
v -0.91152 -0.08456 0.33827001
v -0.83732003 -0.08456 0.33827001
v -0.83732003 0.20189001 0.33827001
v -0.91152 0.23559 -0.11972
v -0.91152 0.23559 0.29710001
v -0.83964002 0.23559 0.29710001
v -0.83964002 0.23559 -0.11972
v -1.03652 0.23559 0.33827001
v -1.03652 0.23559 0.75317001
v -0.91152 0.23559 0.75317001
v -0.91152 0.23559 0.33827001
v -0.94084001 -0.847 1.10961998
v -0.94084001 -0.847 1.07184994
v -0.94084001 -1.06558001 1.07184994
v -0.94084001 -1.06558001 1.10961998
v -0.94084001 -0.847 1.07184994
v -0.84837002 -0.847 1.07184994
v -0.84837002 -1.06558001 1.07184994
v -0.94084001 -1.06558001 1.07184994
v -0.84837002 -0.847 1.07184994
v -0.84837002 -0.847 1.10961998
v -0.84837002 -1.06558001 1.10961998
v -0.84837002 -1.06558001 1.07184994
v -0.84837002 -0.847 1.10961998
v -0.94084001 -0.847 1.10961998
v -0.94084001 -1.06558001 1.10961998
v -0.84837002 -1.06558001 1.10961998
v -0.94084001 -1.06558001 1.10961998
v -0.94084001 -1.06558001 1.07184994
v -0.84837002 -1.06558001 1.07184994
v -0.84837002 -1.06558001 1.10961998
v -0.84837002 -0.847 1.10961998
v -0.84837002 -0.847 1.07184994
v -0.94084001 -0.847 1.07184994
v -0.94084001 -0.847 1.10961998
v -0.94084001 -0.847 1.06499004
v -0.94084001 -0.847 1.02723002
v -0.94084001 -1.06558001 1.02723002
v -0.94084001 -1.06558001 1.06499004
v -0.94084001 -0.847 1.02723002
v -0.84837002 -0.847 1.02723002
v -0.84837002 -1.06558001 1.02723002
v -0.94084001 -1.06558001 1.02723002
v -0.84837002 -0.847 1.02723002
v -0.84837002 -0.847 1.06499004
v -0.84837002 -1.06558001 1.06499004
v -0.84837002 -1.06558001 1.02723002
v -0.84837002 -0.847 1.06499004
v -0.94084001 -0.847 1.06499004
v -0.94084001 -1.06558001 1.06499004
v -0.84837002 -1.06558001 1.06499004
v -0.94084001 -1.06558001 1.06499004
v -0.94084001 -1.06558001 1.02723002
v -0.84837002 -1.06558001 1.02723002
v -0.84837002 -1.06558001 1.06499004
v -0.84837002 -0.847 1.06499004
v -0.84837002 -0.847 1.02723002
v -0.94084001 -0.847 1.02723002
v -0.94084001 -0.847 1.06499004
v -0.94084001 -0.847 1.02286005
v -0.94084001 -0.847 0.98509002
v -0.94084001 -1.06558001 0.98509002
v -0.94084001 -1.06558001 1.02286005
v -0.94084001 -0.847 0.98509002
v -0.84837002 -0.847 0.98509002
v -0.84837002 -1.06558001 0.98509002
v -0.94084001 -1.06558001 0.98509002
v -0.84837002 -0.847 0.98509002
v -0.84837002 -0.847 1.02286005
v -0.84837002 -1.06558001 1.02286005
v -0.84837002 -1.06558001 0.98509002
v -0.84837002 -0.847 1.02286005
v -0.94084001 -0.847 1.02286005
v -0.94084001 -1.06558001 1.02286005
v -0.84837002 -1.06558001 1.02286005
v -0.94084001 -1.06558001 1.02286005
v -0.94084001 -1.06558001 0.98509002
v -0.84837002 -1.06558001 0.98509002
v -0.84837002 -1.06558001 1.02286005
v -0.84837002 -0.847 1.02286005
v -0.84837002 -0.847 0.98509002
v -0.94084001 -0.847 0.98509002
v -0.94084001 -0.847 1.02286005
v -0.94084001 -0.847 0.37983999
v -0.94084001 -0.847 0.34208
v -0.94084001 -1.06558001 0.34208
v -0.94084001 -1.06558001 0.37983999
v -0.94084001 -0.847 0.34208
v -0.84837002 -0.847 0.34208
v -0.84837002 -1.06558001 0.34208
v -0.94084001 -1.06558001 0.34208
v -0.84837002 -0.847 0.34208
v -0.84837002 -0.847 0.37983999
v -0.84837002 -1.06558001 0.37983999
v -0.84837002 -1.06558001 0.34208
v -0.84837002 -0.847 0.37983999
v -0.94084001 -0.847 0.37983999
v -0.94084001 -1.06558001 0.37983999
v -0.84837002 -1.06558001 0.37983999
v -0.94084001 -1.06558001 0.37983999
v -0.94084001 -1.06558001 0.34208
v -0.84837002 -1.06558001 0.34208
v -0.84837002 -1.06558001 0.37983999
v -0.84837002 -0.847 0.37983999
v -0.84837002 -0.847 0.34208
v -0.94084001 -0.847 0.34208
v -0.94084001 -0.847 0.37983999
v -0.94084001 -0.847 0.42275
v -0.94084001 -0.847 0.38499001
v -0.94084001 -1.06558001 0.38499001
v -0.94084001 -1.06558001 0.42275
v -0.94084001 -0.847 0.38499001
v -0.84837002 -0.847 0.38499001
v -0.84837002 -1.06558001 0.38499001
v -0.94084001 -1.06558001 0.38499001
v -0.84837002 -0.847 0.38499001
v -0.84837002 -0.847 0.42275
v -0.84837002 -1.06558001 0.42275
v -0.84837002 -1.06558001 0.38499001
v -0.84837002 -0.847 0.42275
v -0.94084001 -0.847 0.42275
v -0.94084001 -1.06558001 0.42275
v -0.84837002 -1.06558001 0.42275
v -0.94084001 -1.06558001 0.42275
v -0.94084001 -1.06558001 0.38499001
v -0.84837002 -1.06558001 0.38499001
v -0.84837002 -1.06558001 0.42275
v -0.84837002 -0.847 0.42275
v -0.84837002 -0.847 0.38499001
v -0.94084001 -0.847 0.38499001
v -0.94084001 -0.847 0.42275
v -0.94084001 -0.847 0.46291
v -0.94084001 -0.847 0.42515001
v -0.94084001 -1.06558001 0.42515001
v -0.94084001 -1.06558001 0.46291
v -0.94084001 -0.847 0.42515001
v -0.84837002 -0.847 0.42515001
v -0.84837002 -1.06558001 0.42515001
v -0.94084001 -1.06558001 0.42515001
v -0.84837002 -0.847 0.42515001
v -0.84837002 -0.847 0.46291
v -0.84837002 -1.06558001 0.46291
v -0.84837002 -1.06558001 0.42515001
v -0.84837002 -0.847 0.46291
v -0.94084001 -0.847 0.46291
v -0.94084001 -1.06558001 0.46291
v -0.84837002 -1.06558001 0.46291
v -0.94084001 -1.06558001 0.46291
v -0.94084001 -1.06558001 0.42515001
v -0.84837002 -1.06558001 0.42515001
v -0.84837002 -1.06558001 0.46291
v -0.84837002 -0.847 0.46291
v -0.84837002 -0.847 0.42515001
v -0.94084001 -0.847 0.42515001
v -0.94084001 -0.847 0.46291
v -0.94084001 -0.847 0.50555998
v -0.94084001 -0.847 0.46779999
v -0.94084001 -1.06558001 0.46779999
v -0.94084001 -1.06558001 0.50555998
v -0.94084001 -0.847 0.46779999
v -0.84837002 -0.847 0.46779999
v -0.84837002 -1.06558001 0.46779999
v -0.94084001 -1.06558001 0.46779999
v -0.84837002 -0.847 0.46779999
v -0.84837002 -0.847 0.50555998
v -0.84837002 -1.06558001 0.50555998
v -0.84837002 -1.06558001 0.46779999
v -0.84837002 -0.847 0.50555998
v -0.94084001 -0.847 0.50555998
v -0.94084001 -1.06558001 0.50555998
v -0.84837002 -1.06558001 0.50555998
v -0.94084001 -1.06558001 0.50555998
v -0.94084001 -1.06558001 0.46779999
v -0.84837002 -1.06558001 0.46779999
v -0.84837002 -1.06558001 0.50555998
v -0.84837002 -0.847 0.50555998
v -0.84837002 -0.847 0.46779999
v -0.94084001 -0.847 0.46779999
v -0.94084001 -0.847 0.50555998
v -0.94084001 -0.847 0.29480001
v -0.94084001 -0.847 0.25703999
v -0.94084001 -1.06558001 0.25703999
v -0.94084001 -1.06558001 0.29480001
v -0.94084001 -0.847 0.25703999
v -0.84837002 -0.847 0.25703999
v -0.84837002 -1.06558001 0.25703999
v -0.94084001 -1.06558001 0.25703999
v -0.84837002 -0.847 0.25703999
v -0.84837002 -0.847 0.29480001
v -0.84837002 -1.06558001 0.29480001
v -0.84837002 -1.06558001 0.25703999
v -0.84837002 -0.847 0.29480001
v -0.94084001 -0.847 0.29480001
v -0.94084001 -1.06558001 0.29480001
v -0.84837002 -1.06558001 0.29480001
v -0.94084001 -1.06558001 0.29480001
v -0.94084001 -1.06558001 0.25703999
v -0.84837002 -1.06558001 0.25703999
v -0.84837002 -1.06558001 0.29480001
v -0.84837002 -0.847 0.29480001
v -0.84837002 -0.847 0.25703999
v -0.94084001 -0.847 0.25703999
v -0.94084001 -0.847 0.29480001
v -0.94084001 -0.847 0.24889
v -0.94084001 -0.847 0.21112999
v -0.94084001 -1.06558001 0.21112999
v -0.94084001 -1.06558001 0.24889
v -0.94084001 -0.847 0.21112999
v -0.84837002 -0.847 0.21112999
v -0.84837002 -1.06558001 0.21112999
v -0.94084001 -1.06558001 0.21112999
v -0.84837002 -0.847 0.21112999
v -0.84837002 -0.847 0.24889
v -0.84837002 -1.06558001 0.24889
v -0.84837002 -1.06558001 0.21112999
v -0.84837002 -0.847 0.24889
v -0.94084001 -0.847 0.24889
v -0.94084001 -1.06558001 0.24889
v -0.84837002 -1.06558001 0.24889
v -0.94084001 -1.06558001 0.24889
v -0.94084001 -1.06558001 0.21112999
v -0.84837002 -1.06558001 0.21112999
v -0.84837002 -1.06558001 0.24889
v -0.84837002 -0.847 0.24889
v -0.84837002 -0.847 0.21112999
v -0.94084001 -0.847 0.21112999
v -0.94084001 -0.847 0.24889
v -0.94084001 -0.847 -0.04675
v -0.94084001 -0.847 -0.11583
v -0.94084001 -1.06558001 -0.11583
v -0.94084001 -1.06558001 -0.04675
v -0.94084001 -0.847 -0.11583
v -0.84837002 -0.847 -0.11583
v -0.84837002 -1.06558001 -0.11583
v -0.94084001 -1.06558001 -0.11583
v -0.84837002 -0.847 -0.11583
v -0.84837002 -0.847 -0.04675
v -0.84837002 -1.06558001 -0.04675
v -0.84837002 -1.06558001 -0.11583
v -0.84837002 -0.847 -0.04675
v -0.94084001 -0.847 -0.04675
v -0.94084001 -1.06558001 -0.04675
v -0.84837002 -1.06558001 -0.04675
v -0.94084001 -1.06558001 -0.04675
v -0.94084001 -1.06558001 -0.11583
v -0.84837002 -1.06558001 -0.11583
v -0.84837002 -1.06558001 -0.04675
v -0.84837002 -0.847 -0.04675
v -0.84837002 -0.847 -0.11583
v -0.94084001 -0.847 -0.11583
v -0.94084001 -0.847 -0.04675
v -0.94084001 -0.847 -0.1674
v -0.94084001 -0.847 -0.20516001
v -0.94084001 -1.06558001 -0.20516001
v -0.94084001 -1.06558001 -0.1674
v -0.94084001 -0.847 -0.20516001
v -0.84837002 -0.847 -0.20516001
v -0.84837002 -1.06558001 -0.20516001
v -0.94084001 -1.06558001 -0.20516001
v -0.84837002 -0.847 -0.20516001
v -0.84837002 -0.847 -0.1674
v -0.84837002 -1.06558001 -0.1674
v -0.84837002 -1.06558001 -0.20516001
v -0.84837002 -0.847 -0.1674
v -0.94084001 -0.847 -0.1674
v -0.94084001 -1.06558001 -0.1674
v -0.84837002 -1.06558001 -0.1674
v -0.94084001 -1.06558001 -0.1674
v -0.94084001 -1.06558001 -0.20516001
v -0.84837002 -1.06558001 -0.20516001
v -0.84837002 -1.06558001 -0.1674
v -0.84837002 -0.847 -0.1674
v -0.84837002 -0.847 -0.20516001
v -0.94084001 -0.847 -0.20516001
v -0.94084001 -0.847 -0.1674
v -0.94084001 -0.847 -0.20730001
v -0.94084001 -0.847 -0.24506
v -0.94084001 -1.06558001 -0.24506
v -0.94084001 -1.06558001 -0.20730001
v -0.94084001 -0.847 -0.24506
v -0.84837002 -0.847 -0.24506
v -0.84837002 -1.06558001 -0.24506
v -0.94084001 -1.06558001 -0.24506
v -0.84837002 -0.847 -0.24506
v -0.84837002 -0.847 -0.20730001
v -0.84837002 -1.06558001 -0.20730001
v -0.84837002 -1.06558001 -0.24506
v -0.84837002 -0.847 -0.20730001
v -0.94084001 -0.847 -0.20730001
v -0.94084001 -1.06558001 -0.20730001
v -0.84837002 -1.06558001 -0.20730001
v -0.94084001 -1.06558001 -0.20730001
v -0.94084001 -1.06558001 -0.24506
v -0.84837002 -1.06558001 -0.24506
v -0.84837002 -1.06558001 -0.20730001
v -0.84837002 -0.847 -0.20730001
v -0.84837002 -0.847 -0.24506
v -0.94084001 -0.847 -0.24506
v -0.94084001 -0.847 -0.20730001
v -0.94084001 -0.847 -0.24969
v -0.94084001 -0.847 -0.28746
v -0.94084001 -1.06558001 -0.28746
v -0.94084001 -1.06558001 -0.24969
v -0.94084001 -0.847 -0.28746
v -0.84837002 -0.847 -0.28746
v -0.84837002 -1.06558001 -0.28746
v -0.94084001 -1.06558001 -0.28746
v -0.84837002 -0.847 -0.28746
v -0.84837002 -0.847 -0.24969
v -0.84837002 -1.06558001 -0.24969
v -0.84837002 -1.06558001 -0.28746
v -0.84837002 -0.847 -0.24969
v -0.94084001 -0.847 -0.24969
v -0.94084001 -1.06558001 -0.24969
v -0.84837002 -1.06558001 -0.24969
v -0.94084001 -1.06558001 -0.24969
v -0.94084001 -1.06558001 -0.28746
v -0.84837002 -1.06558001 -0.28746
v -0.84837002 -1.06558001 -0.24969
v -0.84837002 -0.847 -0.24969
v -0.84837002 -0.847 -0.28746
v -0.94084001 -0.847 -0.28746
v -0.94084001 -0.847 -0.24969
v -0.94084001 -0.847 -0.29183
v -0.94084001 -0.847 -0.32958999
v -0.94084001 -1.06558001 -0.32958999
v -0.94084001 -1.06558001 -0.29183
v -0.94084001 -0.847 -0.32958999
v -0.84837002 -0.847 -0.32958999
v -0.84837002 -1.06558001 -0.32958999
v -0.94084001 -1.06558001 -0.32958999
v -0.84837002 -0.847 -0.32958999
v -0.84837002 -0.847 -0.29183
v -0.84837002 -1.06558001 -0.29183
v -0.84837002 -1.06558001 -0.32958999
v -0.84837002 -0.847 -0.29183
v -0.94084001 -0.847 -0.29183
v -0.94084001 -1.06558001 -0.29183
v -0.84837002 -1.06558001 -0.29183
v -0.94084001 -1.06558001 -0.29183
v -0.94084001 -1.06558001 -0.32958999
v -0.84837002 -1.06558001 -0.32958999
v -0.84837002 -1.06558001 -0.29183
v -0.84837002 -0.847 -0.29183
v -0.84837002 -0.847 -0.32958999
v -0.94084001 -0.847 -0.32958999
v -0.94084001 -0.847 -0.29183
v -0.94084001 -0.847 -0.34125999
v -0.94084001 -0.847 -0.37902001
v -0.94084001 -1.06558001 -0.37902001
v -0.94084001 -1.06558001 -0.34125999
v -0.94084001 -0.847 -0.37902001
v -0.84837002 -0.847 -0.37902001
v -0.84837002 -1.06558001 -0.37902001
v -0.94084001 -1.06558001 -0.37902001
v -0.84837002 -0.847 -0.37902001
v -0.84837002 -0.847 -0.34125999
v -0.84837002 -1.06558001 -0.34125999
v -0.84837002 -1.06558001 -0.37902001
v -0.84837002 -0.847 -0.34125999
v -0.94084001 -0.847 -0.34125999
v -0.94084001 -1.06558001 -0.34125999
v -0.84837002 -1.06558001 -0.34125999
v -0.94084001 -1.06558001 -0.34125999
v -0.94084001 -1.06558001 -0.37902001
v -0.84837002 -1.06558001 -0.37902001
v -0.84837002 -1.06558001 -0.34125999
v -0.84837002 -0.847 -0.34125999
v -0.84837002 -0.847 -0.37902001
v -0.94084001 -0.847 -0.37902001
v -0.94084001 -0.847 -0.34125999
v -0.94084001 -0.52452999 -0.53249002
v -0.94084001 -0.52452999 -0.57024997
v -0.94084001 -0.74311 -0.57024997
v -0.94084001 -0.74311 -0.53249002
v -0.94084001 -0.52452999 -0.57024997
v -0.84837002 -0.52452999 -0.57024997
v -0.84837002 -0.74311 -0.57024997
v -0.94084001 -0.74311 -0.57024997
v -0.84837002 -0.52452999 -0.57024997
v -0.84837002 -0.52452999 -0.53249002
v -0.84837002 -0.74311 -0.53249002
v -0.84837002 -0.74311 -0.57024997
v -0.84837002 -0.52452999 -0.53249002
v -0.94084001 -0.52452999 -0.53249002
v -0.94084001 -0.74311 -0.53249002
v -0.84837002 -0.74311 -0.53249002
v -0.94084001 -0.74311 -0.53249002
v -0.94084001 -0.74311 -0.57024997
v -0.84837002 -0.74311 -0.57024997
v -0.84837002 -0.74311 -0.53249002
v -0.84837002 -0.52452999 -0.53249002
v -0.84837002 -0.52452999 -0.57024997
v -0.94084001 -0.52452999 -0.57024997
v -0.94084001 -0.52452999 -0.53249002
v -0.94084001 -0.52452999 -0.49243
v -0.94084001 -0.52452999 -0.53018999
v -0.94084001 -0.74311 -0.53018999
v -0.94084001 -0.74311 -0.49243
v -0.94084001 -0.52452999 -0.53018999
v -0.84837002 -0.52452999 -0.53018999
v -0.84837002 -0.74311 -0.53018999
v -0.94084001 -0.74311 -0.53018999
v -0.84837002 -0.52452999 -0.53018999
v -0.84837002 -0.52452999 -0.49243
v -0.84837002 -0.74311 -0.49243
v -0.84837002 -0.74311 -0.53018999
v -0.84837002 -0.52452999 -0.49243
v -0.94084001 -0.52452999 -0.49243
v -0.94084001 -0.74311 -0.49243
v -0.84837002 -0.74311 -0.49243
v -0.94084001 -0.74311 -0.49243
v -0.94084001 -0.74311 -0.53018999
v -0.84837002 -0.74311 -0.53018999
v -0.84837002 -0.74311 -0.49243
v -0.84837002 -0.52452999 -0.49243
v -0.84837002 -0.52452999 -0.53018999
v -0.94084001 -0.52452999 -0.53018999
v -0.94084001 -0.52452999 -0.49243
v -0.94084001 -0.52452999 -0.45206001
v -0.94084001 -0.52452999 -0.48982999
v -0.94084001 -0.74311 -0.48982999
v -0.94084001 -0.74311 -0.45206001
v -0.94084001 -0.52452999 -0.48982999
v -0.84837002 -0.52452999 -0.48982999
v -0.84837002 -0.74311 -0.48982999
v -0.94084001 -0.74311 -0.48982999
v -0.84837002 -0.52452999 -0.48982999
v -0.84837002 -0.52452999 -0.45206001
v -0.84837002 -0.74311 -0.45206001
v -0.84837002 -0.74311 -0.48982999
v -0.84837002 -0.52452999 -0.45206001
v -0.94084001 -0.52452999 -0.45206001
v -0.94084001 -0.74311 -0.45206001
v -0.84837002 -0.74311 -0.45206001
v -0.94084001 -0.74311 -0.45206001
v -0.94084001 -0.74311 -0.48982999
v -0.84837002 -0.74311 -0.48982999
v -0.84837002 -0.74311 -0.45206001
v -0.84837002 -0.52452999 -0.45206001
v -0.84837002 -0.52452999 -0.48982999
v -0.94084001 -0.52452999 -0.48982999
v -0.94084001 -0.52452999 -0.45206001
v -0.94084001 -0.52452999 -0.40716001
v -0.94084001 -0.52452999 -0.44492999
v -0.94084001 -0.74311 -0.44492999
v -0.94084001 -0.74311 -0.40716001
v -0.94084001 -0.52452999 -0.44492999
v -0.84837002 -0.52452999 -0.44492999
v -0.84837002 -0.74311 -0.44492999
v -0.94084001 -0.74311 -0.44492999
v -0.84837002 -0.52452999 -0.44492999
v -0.84837002 -0.52452999 -0.40716001
v -0.84837002 -0.74311 -0.40716001
v -0.84837002 -0.74311 -0.44492999
v -0.84837002 -0.52452999 -0.40716001
v -0.94084001 -0.52452999 -0.40716001
v -0.94084001 -0.74311 -0.40716001
v -0.84837002 -0.74311 -0.40716001
v -0.94084001 -0.74311 -0.40716001
v -0.94084001 -0.74311 -0.44492999
v -0.84837002 -0.74311 -0.44492999
v -0.84837002 -0.74311 -0.40716001
v -0.84837002 -0.52452999 -0.40716001
v -0.84837002 -0.52452999 -0.44492999
v -0.94084001 -0.52452999 -0.44492999
v -0.94084001 -0.52452999 -0.40716001
v -0.94084001 -0.52452999 0.29133999
v -0.94084001 -0.52452999 0.25356999
v -0.94084001 -0.74311 0.25356999
v -0.94084001 -0.74311 0.29133999
v -0.94084001 -0.52452999 0.25356999
v -0.84837002 -0.52452999 0.25356999
v -0.84837002 -0.74311 0.25356999
v -0.94084001 -0.74311 0.25356999
v -0.84837002 -0.52452999 0.25356999
v -0.84837002 -0.52452999 0.29133999
v -0.84837002 -0.74311 0.29133999
v -0.84837002 -0.74311 0.25356999
v -0.84837002 -0.52452999 0.29133999
v -0.94084001 -0.52452999 0.29133999
v -0.94084001 -0.74311 0.29133999
v -0.84837002 -0.74311 0.29133999
v -0.94084001 -0.74311 0.29133999
v -0.94084001 -0.74311 0.25356999
v -0.84837002 -0.74311 0.25356999
v -0.84837002 -0.74311 0.29133999
v -0.84837002 -0.52452999 0.29133999
v -0.84837002 -0.52452999 0.25356999
v -0.94084001 -0.52452999 0.25356999
v -0.94084001 -0.52452999 0.29133999
v -0.94084001 -0.52452999 0.24860001
v -0.94084001 -0.52452999 0.21083
v -0.94084001 -0.74311 0.21083
v -0.94084001 -0.74311 0.24860001
v -0.94084001 -0.52452999 0.21083
v -0.84837002 -0.52452999 0.21083
v -0.84837002 -0.74311 0.21083
v -0.94084001 -0.74311 0.21083
v -0.84837002 -0.52452999 0.21083
v -0.84837002 -0.52452999 0.24860001
v -0.84837002 -0.74311 0.24860001
v -0.84837002 -0.74311 0.21083
v -0.84837002 -0.52452999 0.24860001
v -0.94084001 -0.52452999 0.24860001
v -0.94084001 -0.74311 0.24860001
v -0.84837002 -0.74311 0.24860001
v -0.94084001 -0.74311 0.24860001
v -0.94084001 -0.74311 0.21083
v -0.84837002 -0.74311 0.21083
v -0.84837002 -0.74311 0.24860001
v -0.84837002 -0.52452999 0.24860001
v -0.84837002 -0.52452999 0.21083
v -0.94084001 -0.52452999 0.21083
v -0.94084001 -0.52452999 0.24860001
v -0.94084001 -0.52452999 0.20885
v -0.94084001 -0.52452999 0.17109001
v -0.94084001 -0.74311 0.17109001
v -0.94084001 -0.74311 0.20885
v -0.94084001 -0.52452999 0.17109001
v -0.84837002 -0.52452999 0.17109001
v -0.84837002 -0.74311 0.17109001
v -0.94084001 -0.74311 0.17109001
v -0.84837002 -0.52452999 0.17109001
v -0.84837002 -0.52452999 0.20885
v -0.84837002 -0.74311 0.20885
v -0.84837002 -0.74311 0.17109001
v -0.84837002 -0.52452999 0.20885
v -0.94084001 -0.52452999 0.20885
v -0.94084001 -0.74311 0.20885
v -0.84837002 -0.74311 0.20885
v -0.94084001 -0.74311 0.20885
v -0.94084001 -0.74311 0.17109001
v -0.84837002 -0.74311 0.17109001
v -0.84837002 -0.74311 0.20885
v -0.84837002 -0.52452999 0.20885
v -0.84837002 -0.52452999 0.17109001
v -0.94084001 -0.52452999 0.17109001
v -0.94084001 -0.52452999 0.20885
v -0.94084001 -0.52452999 0.16879
v -0.94084001 -0.52452999 0.13102999
v -0.94084001 -0.74311 0.13102999
v -0.94084001 -0.74311 0.16879
v -0.94084001 -0.52452999 0.13102999
v -0.84837002 -0.52452999 0.13102999
v -0.84837002 -0.74311 0.13102999
v -0.94084001 -0.74311 0.13102999
v -0.84837002 -0.52452999 0.13102999
v -0.84837002 -0.52452999 0.16879
v -0.84837002 -0.74311 0.16879
v -0.84837002 -0.74311 0.13102999
v -0.84837002 -0.52452999 0.16879
v -0.94084001 -0.52452999 0.16879
v -0.94084001 -0.74311 0.16879
v -0.84837002 -0.74311 0.16879
v -0.94084001 -0.74311 0.16879
v -0.94084001 -0.74311 0.13102999
v -0.84837002 -0.74311 0.13102999
v -0.84837002 -0.74311 0.16879
v -0.84837002 -0.52452999 0.16879
v -0.84837002 -0.52452999 0.13102999
v -0.94084001 -0.52452999 0.13102999
v -0.94084001 -0.52452999 0.16879
v -0.94084001 -0.52452999 0.12904
v -0.94084001 -0.52452999 0.09128
v -0.94084001 -0.74311 0.09128
v -0.94084001 -0.74311 0.12904
v -0.94084001 -0.52452999 0.09128
v -0.84837002 -0.52452999 0.09128
v -0.84837002 -0.74311 0.09128
v -0.94084001 -0.74311 0.09128
v -0.84837002 -0.52452999 0.09128
v -0.84837002 -0.52452999 0.12904
v -0.84837002 -0.74311 0.12904
v -0.84837002 -0.74311 0.09128
v -0.84837002 -0.52452999 0.12904
v -0.94084001 -0.52452999 0.12904
v -0.94084001 -0.74311 0.12904
v -0.84837002 -0.74311 0.12904
v -0.94084001 -0.74311 0.12904
v -0.94084001 -0.74311 0.09128
v -0.84837002 -0.74311 0.09128
v -0.84837002 -0.74311 0.12904
v -0.84837002 -0.52452999 0.12904
v -0.84837002 -0.52452999 0.09128
v -0.94084001 -0.52452999 0.09128
v -0.94084001 -0.52452999 0.12904
v -0.94084001 -0.52452999 0.086
v -0.94084001 -0.52452999 0.04823
v -0.94084001 -0.74311 0.04823
v -0.94084001 -0.74311 0.086
v -0.94084001 -0.52452999 0.04823
v -0.84837002 -0.52452999 0.04823
v -0.84837002 -0.74311 0.04823
v -0.94084001 -0.74311 0.04823
v -0.84837002 -0.52452999 0.04823
v -0.84837002 -0.52452999 0.086
v -0.84837002 -0.74311 0.086
v -0.84837002 -0.74311 0.04823
v -0.84837002 -0.52452999 0.086
v -0.94084001 -0.52452999 0.086
v -0.94084001 -0.74311 0.086
v -0.84837002 -0.74311 0.086
v -0.94084001 -0.74311 0.086
v -0.94084001 -0.74311 0.04823
v -0.84837002 -0.74311 0.04823
v -0.84837002 -0.74311 0.086
v -0.84837002 -0.52452999 0.086
v -0.84837002 -0.52452999 0.04823
v -0.94084001 -0.52452999 0.04823
v -0.94084001 -0.52452999 0.086
v -0.94084001 -0.52452999 0.04687
v -0.94084001 -0.52452999 0.0091
v -0.94084001 -0.74311 0.0091
v -0.94084001 -0.74311 0.04687
v -0.94084001 -0.52452999 0.0091
v -0.84837002 -0.52452999 0.0091
v -0.84837002 -0.74311 0.0091
v -0.94084001 -0.74311 0.0091
v -0.84837002 -0.52452999 0.0091
v -0.84837002 -0.52452999 0.04687
v -0.84837002 -0.74311 0.04687
v -0.84837002 -0.74311 0.0091
v -0.84837002 -0.52452999 0.04687
v -0.94084001 -0.52452999 0.04687
v -0.94084001 -0.74311 0.04687
v -0.84837002 -0.74311 0.04687
v -0.94084001 -0.74311 0.04687
v -0.94084001 -0.74311 0.0091
v -0.84837002 -0.74311 0.0091
v -0.84837002 -0.74311 0.04687
v -0.84837002 -0.52452999 0.04687
v -0.84837002 -0.52452999 0.0091
v -0.94084001 -0.52452999 0.0091
v -0.94084001 -0.52452999 0.04687
v -0.94084001 -0.52452999 0.00722
v -0.94084001 -0.52452999 -0.03055
v -0.94084001 -0.74311 -0.03055
v -0.94084001 -0.74311 0.00722
v -0.94084001 -0.52452999 -0.03055
v -0.84837002 -0.52452999 -0.03055
v -0.84837002 -0.74311 -0.03055
v -0.94084001 -0.74311 -0.03055
v -0.84837002 -0.52452999 -0.03055
v -0.84837002 -0.52452999 0.00722
v -0.84837002 -0.74311 0.00722
v -0.84837002 -0.74311 -0.03055
v -0.84837002 -0.52452999 0.00722
v -0.94084001 -0.52452999 0.00722
v -0.94084001 -0.74311 0.00722
v -0.84837002 -0.74311 0.00722
v -0.94084001 -0.74311 0.00722
v -0.94084001 -0.74311 -0.03055
v -0.84837002 -0.74311 -0.03055
v -0.84837002 -0.74311 0.00722
v -0.84837002 -0.52452999 0.00722
v -0.84837002 -0.52452999 -0.03055
v -0.94084001 -0.52452999 -0.03055
v -0.94084001 -0.52452999 0.00722
v -0.94084001 -0.52452999 -0.03706
v -0.94084001 -0.52452999 -0.07483
v -0.94084001 -0.74311 -0.07483
v -0.94084001 -0.74311 -0.03706
v -0.94084001 -0.52452999 -0.07483
v -0.84837002 -0.52452999 -0.07483
v -0.84837002 -0.74311 -0.07483
v -0.94084001 -0.74311 -0.07483
v -0.84837002 -0.52452999 -0.07483
v -0.84837002 -0.52452999 -0.03706
v -0.84837002 -0.74311 -0.03706
v -0.84837002 -0.74311 -0.07483
v -0.84837002 -0.52452999 -0.03706
v -0.94084001 -0.52452999 -0.03706
v -0.94084001 -0.74311 -0.03706
v -0.84837002 -0.74311 -0.03706
v -0.94084001 -0.74311 -0.03706
v -0.94084001 -0.74311 -0.07483
v -0.84837002 -0.74311 -0.07483
v -0.84837002 -0.74311 -0.03706
v -0.84837002 -0.52452999 -0.03706
v -0.84837002 -0.52452999 -0.07483
v -0.94084001 -0.52452999 -0.07483
v -0.94084001 -0.52452999 -0.03706
v -0.94084001 -0.52452999 -0.07712
v -0.94084001 -0.52452999 -0.11489
v -0.94084001 -0.74311 -0.11489
v -0.94084001 -0.74311 -0.07712
v -0.94084001 -0.52452999 -0.11489
v -0.84837002 -0.52452999 -0.11489
v -0.84837002 -0.74311 -0.11489
v -0.94084001 -0.74311 -0.11489
v -0.84837002 -0.52452999 -0.11489
v -0.84837002 -0.52452999 -0.07712
v -0.84837002 -0.74311 -0.07712
v -0.84837002 -0.74311 -0.11489
v -0.84837002 -0.52452999 -0.07712
v -0.94084001 -0.52452999 -0.07712
v -0.94084001 -0.74311 -0.07712
v -0.84837002 -0.74311 -0.07712
v -0.94084001 -0.74311 -0.07712
v -0.94084001 -0.74311 -0.11489
v -0.84837002 -0.74311 -0.11489
v -0.84837002 -0.74311 -0.07712
v -0.84837002 -0.52452999 -0.07712
v -0.84837002 -0.52452999 -0.11489
v -0.94084001 -0.52452999 -0.11489
v -0.94084001 -0.52452999 -0.07712
v -0.94084001 -0.52452999 0.74671
v -0.94084001 -0.52452999 0.70894003
v -0.94084001 -0.74311 0.70894003
v -0.94084001 -0.74311 0.74671
v -0.94084001 -0.52452999 0.70894003
v -0.84837002 -0.52452999 0.70894003
v -0.84837002 -0.74311 0.70894003
v -0.94084001 -0.74311 0.70894003
v -0.84837002 -0.52452999 0.70894003
v -0.84837002 -0.52452999 0.74671
v -0.84837002 -0.74311 0.74671
v -0.84837002 -0.74311 0.70894003
v -0.84837002 -0.52452999 0.74671
v -0.94084001 -0.52452999 0.74671
v -0.94084001 -0.74311 0.74671
v -0.84837002 -0.74311 0.74671
v -0.94084001 -0.74311 0.74671
v -0.94084001 -0.74311 0.70894003
v -0.84837002 -0.74311 0.70894003
v -0.84837002 -0.74311 0.74671
v -0.84837002 -0.52452999 0.74671
v -0.84837002 -0.52452999 0.70894003
v -0.94084001 -0.52452999 0.70894003
v -0.94084001 -0.52452999 0.74671
v -0.94084001 -0.73539001 0.70098001
v -0.94084001 -0.69761997 0.70098001
v -0.94084001 -0.69761997 0.4824
v -0.94084001 -0.73539001 0.4824
v -0.94084001 -0.69761997 0.70098001
v -0.84837002 -0.69761997 0.70098001
v -0.84837002 -0.69761997 0.4824
v -0.94084001 -0.69761997 0.4824
v -0.84837002 -0.69761997 0.70098001
v -0.84837002 -0.73539001 0.70098001
v -0.84837002 -0.73539001 0.4824
v -0.84837002 -0.69761997 0.4824
v -0.84837002 -0.73539001 0.70098001
v -0.94084001 -0.73539001 0.70098001
v -0.94084001 -0.73539001 0.4824
v -0.84837002 -0.73539001 0.4824
v -0.94084001 -0.73539001 0.4824
v -0.94084001 -0.69761997 0.4824
v -0.84837002 -0.69761997 0.4824
v -0.84837002 -0.73539001 0.4824
v -0.84837002 -0.73539001 0.70098001
v -0.84837002 -0.69761997 0.70098001
v -0.94084001 -0.69761997 0.70098001
v -0.94084001 -0.73539001 0.70098001
v -0.94084001 -0.69404 0.70098001
v -0.94084001 -0.65627998 0.70098001
v -0.94084001 -0.65627998 0.4824
v -0.94084001 -0.69404 0.4824
v -0.94084001 -0.65627998 0.70098001
v -0.84837002 -0.65627998 0.70098001
v -0.84837002 -0.65627998 0.4824
v -0.94084001 -0.65627998 0.4824
v -0.84837002 -0.65627998 0.70098001
v -0.84837002 -0.69404 0.70098001
v -0.84837002 -0.69404 0.4824
v -0.84837002 -0.65627998 0.4824
v -0.84837002 -0.69404 0.70098001
v -0.94084001 -0.69404 0.70098001
v -0.94084001 -0.69404 0.4824
v -0.84837002 -0.69404 0.4824
v -0.94084001 -0.69404 0.4824
v -0.94084001 -0.65627998 0.4824
v -0.84837002 -0.65627998 0.4824
v -0.84837002 -0.69404 0.4824
v -0.84837002 -0.69404 0.70098001
v -0.84837002 -0.65627998 0.70098001
v -0.94084001 -0.65627998 0.70098001
v -0.94084001 -0.69404 0.70098001
v -0.94084001 -0.64857 0.70098001
v -0.94084001 -0.61080003 0.70098001
v -0.94084001 -0.61080003 0.4824
v -0.94084001 -0.64857 0.4824
v -0.94084001 -0.61080003 0.70098001
v -0.84837002 -0.61080003 0.70098001
v -0.84837002 -0.61080003 0.4824
v -0.94084001 -0.61080003 0.4824
v -0.84837002 -0.61080003 0.70098001
v -0.84837002 -0.64857 0.70098001
v -0.84837002 -0.64857 0.4824
v -0.84837002 -0.61080003 0.4824
v -0.84837002 -0.64857 0.70098001
v -0.94084001 -0.64857 0.70098001
v -0.94084001 -0.64857 0.4824
v -0.84837002 -0.64857 0.4824
v -0.94084001 -0.64857 0.4824
v -0.94084001 -0.61080003 0.4824
v -0.84837002 -0.61080003 0.4824
v -0.84837002 -0.64857 0.4824
v -0.84837002 -0.64857 0.70098001
v -0.84837002 -0.61080003 0.70098001
v -0.94084001 -0.61080003 0.70098001
v -0.94084001 -0.64857 0.70098001
v -0.94084001 -0.59895998 0.70098001
v -0.94084001 -0.56119001 0.70098001
v -0.94084001 -0.56119001 0.4824
v -0.94084001 -0.59895998 0.4824
v -0.94084001 -0.56119001 0.70098001
v -0.84837002 -0.56119001 0.70098001
v -0.84837002 -0.56119001 0.4824
v -0.94084001 -0.56119001 0.4824
v -0.84837002 -0.56119001 0.70098001
v -0.84837002 -0.59895998 0.70098001
v -0.84837002 -0.59895998 0.4824
v -0.84837002 -0.56119001 0.4824
v -0.84837002 -0.59895998 0.70098001
v -0.94084001 -0.59895998 0.70098001
v -0.94084001 -0.59895998 0.4824
v -0.84837002 -0.59895998 0.4824
v -0.94084001 -0.59895998 0.4824
v -0.94084001 -0.56119001 0.4824
v -0.84837002 -0.56119001 0.4824
v -0.84837002 -0.59895998 0.4824
v -0.84837002 -0.59895998 0.70098001
v -0.84837002 -0.56119001 0.70098001
v -0.94084001 -0.56119001 0.70098001
v -0.94084001 -0.59895998 0.70098001
v -0.94084001 -0.52452999 0.47876
v -0.94084001 -0.52452999 0.44099
v -0.94084001 -0.74311 0.44099
v -0.94084001 -0.74311 0.47876
v -0.94084001 -0.52452999 0.44099
v -0.84837002 -0.52452999 0.44099
v -0.84837002 -0.74311 0.44099
v -0.94084001 -0.74311 0.44099
v -0.84837002 -0.52452999 0.44099
v -0.84837002 -0.52452999 0.47876
v -0.84837002 -0.74311 0.47876
v -0.84837002 -0.74311 0.44099
v -0.84837002 -0.52452999 0.47876
v -0.94084001 -0.52452999 0.47876
v -0.94084001 -0.74311 0.47876
v -0.84837002 -0.74311 0.47876
v -0.94084001 -0.74311 0.47876
v -0.94084001 -0.74311 0.44099
v -0.84837002 -0.74311 0.44099
v -0.84837002 -0.74311 0.47876
v -0.84837002 -0.52452999 0.47876
v -0.84837002 -0.52452999 0.44099
v -0.94084001 -0.52452999 0.44099
v -0.94084001 -0.52452999 0.47876
v -0.94084001 -0.52452999 0.43118
v -0.94084001 -0.52452999 0.39342001
v -0.94084001 -0.74311 0.39342001
v -0.94084001 -0.74311 0.43118
v -0.94084001 -0.52452999 0.39342001
v -0.84837002 -0.52452999 0.39342001
v -0.84837002 -0.74311 0.39342001
v -0.94084001 -0.74311 0.39342001
v -0.84837002 -0.52452999 0.39342001
v -0.84837002 -0.52452999 0.43118
v -0.84837002 -0.74311 0.43118
v -0.84837002 -0.74311 0.39342001
v -0.84837002 -0.52452999 0.43118
v -0.94084001 -0.52452999 0.43118
v -0.94084001 -0.74311 0.43118
v -0.84837002 -0.74311 0.43118
v -0.94084001 -0.74311 0.43118
v -0.94084001 -0.74311 0.39342001
v -0.84837002 -0.74311 0.39342001
v -0.84837002 -0.74311 0.43118
v -0.84837002 -0.52452999 0.43118
v -0.84837002 -0.52452999 0.39342001
v -0.94084001 -0.52452999 0.39342001
v -0.94084001 -0.52452999 0.43118
v -0.94084001 -0.52452999 0.38782999
v -0.94084001 -0.52452999 0.35007
v -0.94084001 -0.74311 0.35007
v -0.94084001 -0.74311 0.38782999
v -0.94084001 -0.52452999 0.35007
v -0.84837002 -0.52452999 0.35007
v -0.84837002 -0.74311 0.35007
v -0.94084001 -0.74311 0.35007
v -0.84837002 -0.52452999 0.35007
v -0.84837002 -0.52452999 0.38782999
v -0.84837002 -0.74311 0.38782999
v -0.84837002 -0.74311 0.35007
v -0.84837002 -0.52452999 0.38782999
v -0.94084001 -0.52452999 0.38782999
v -0.94084001 -0.74311 0.38782999
v -0.84837002 -0.74311 0.38782999
v -0.94084001 -0.74311 0.38782999
v -0.94084001 -0.74311 0.35007
v -0.84837002 -0.74311 0.35007
v -0.84837002 -0.74311 0.38782999
v -0.84837002 -0.52452999 0.38782999
v -0.84837002 -0.52452999 0.35007
v -0.94084001 -0.52452999 0.35007
v -0.94084001 -0.52452999 0.38782999
v -0.94084001 -0.18966 0.38782999
v -0.94084001 -0.18966 0.35007
v -0.94084001 -0.40823999 0.35007
v -0.94084001 -0.40823999 0.38782999
v -0.94084001 -0.18966 0.35007
v -0.84837002 -0.18966 0.35007
v -0.84837002 -0.40823999 0.35007
v -0.94084001 -0.40823999 0.35007
v -0.84837002 -0.18966 0.35007
v -0.84837002 -0.18966 0.38782999
v -0.84837002 -0.40823999 0.38782999
v -0.84837002 -0.40823999 0.35007
v -0.84837002 -0.18966 0.38782999
v -0.94084001 -0.18966 0.38782999
v -0.94084001 -0.40823999 0.38782999
v -0.84837002 -0.40823999 0.38782999
v -0.94084001 -0.40823999 0.38782999
v -0.94084001 -0.40823999 0.35007
v -0.84837002 -0.40823999 0.35007
v -0.84837002 -0.40823999 0.38782999
v -0.84837002 -0.18966 0.38782999
v -0.84837002 -0.18966 0.35007
v -0.94084001 -0.18966 0.35007
v -0.94084001 -0.18966 0.38782999
v -0.94084001 -0.18966 0.43241999
v -0.94084001 -0.18966 0.39465001
v -0.94084001 -0.40823999 0.39465001
v -0.94084001 -0.40823999 0.43241999
v -0.94084001 -0.18966 0.39465001
v -0.84837002 -0.18966 0.39465001
v -0.84837002 -0.40823999 0.39465001
v -0.94084001 -0.40823999 0.39465001
v -0.84837002 -0.18966 0.39465001
v -0.84837002 -0.18966 0.43241999
v -0.84837002 -0.40823999 0.43241999
v -0.84837002 -0.40823999 0.39465001
v -0.84837002 -0.18966 0.43241999
v -0.94084001 -0.18966 0.43241999
v -0.94084001 -0.40823999 0.43241999
v -0.84837002 -0.40823999 0.43241999
v -0.94084001 -0.40823999 0.43241999
v -0.94084001 -0.40823999 0.39465001
v -0.84837002 -0.40823999 0.39465001
v -0.84837002 -0.40823999 0.43241999
v -0.84837002 -0.18966 0.43241999
v -0.84837002 -0.18966 0.39465001
v -0.94084001 -0.18966 0.39465001
v -0.94084001 -0.18966 0.43241999
v -0.94084001 -0.18966 0.47217
v -0.94084001 -0.18966 0.43439999
v -0.94084001 -0.40823999 0.43439999
v -0.94084001 -0.40823999 0.47217
v -0.94084001 -0.18966 0.43439999
v -0.84837002 -0.18966 0.43439999
v -0.84837002 -0.40823999 0.43439999
v -0.94084001 -0.40823999 0.43439999
v -0.84837002 -0.18966 0.43439999
v -0.84837002 -0.18966 0.47217
v -0.84837002 -0.40823999 0.47217
v -0.84837002 -0.40823999 0.43439999
v -0.84837002 -0.18966 0.47217
v -0.94084001 -0.18966 0.47217
v -0.94084001 -0.40823999 0.47217
v -0.84837002 -0.40823999 0.47217
v -0.94084001 -0.40823999 0.47217
v -0.94084001 -0.40823999 0.43439999
v -0.84837002 -0.40823999 0.43439999
v -0.84837002 -0.40823999 0.47217
v -0.84837002 -0.18966 0.47217
v -0.84837002 -0.18966 0.43439999
v -0.94084001 -0.18966 0.43439999
v -0.94084001 -0.18966 0.47217
v -0.94084001 -0.18966 1.11135006
v -0.94084001 -0.18966 1.07359004
v -0.94084001 -0.40823999 1.07359004
v -0.94084001 -0.40823999 1.11135006
v -0.94084001 -0.18966 1.07359004
v -0.84837002 -0.18966 1.07359004
v -0.84837002 -0.40823999 1.07359004
v -0.94084001 -0.40823999 1.07359004
v -0.84837002 -0.18966 1.07359004
v -0.84837002 -0.18966 1.11135006
v -0.84837002 -0.40823999 1.11135006
v -0.84837002 -0.40823999 1.07359004
v -0.84837002 -0.18966 1.11135006
v -0.94084001 -0.18966 1.11135006
v -0.94084001 -0.40823999 1.11135006
v -0.84837002 -0.40823999 1.11135006
v -0.94084001 -0.40823999 1.11135006
v -0.94084001 -0.40823999 1.07359004
v -0.84837002 -0.40823999 1.07359004
v -0.84837002 -0.40823999 1.11135006
v -0.84837002 -0.18966 1.11135006
v -0.84837002 -0.18966 1.07359004
v -0.94084001 -0.18966 1.07359004
v -0.94084001 -0.18966 1.11135006
v -0.94084001 -0.18966 1.06799996
v -0.94084001 -0.18966 1.03023005
v -0.94084001 -0.40823999 1.03023005
v -0.94084001 -0.40823999 1.06799996
v -0.94084001 -0.18966 1.03023005
v -0.84837002 -0.18966 1.03023005
v -0.84837002 -0.40823999 1.03023005
v -0.94084001 -0.40823999 1.03023005
v -0.84837002 -0.18966 1.03023005
v -0.84837002 -0.18966 1.06799996
v -0.84837002 -0.40823999 1.06799996
v -0.84837002 -0.40823999 1.03023005
v -0.84837002 -0.18966 1.06799996
v -0.94084001 -0.18966 1.06799996
v -0.94084001 -0.40823999 1.06799996
v -0.84837002 -0.40823999 1.06799996
v -0.94084001 -0.40823999 1.06799996
v -0.94084001 -0.40823999 1.03023005
v -0.84837002 -0.40823999 1.03023005
v -0.84837002 -0.40823999 1.06799996
v -0.84837002 -0.18966 1.06799996
v -0.84837002 -0.18966 1.03023005
v -0.94084001 -0.18966 1.03023005
v -0.94084001 -0.18966 1.06799996
v -0.94084001 0.13694 1.10382998
v -0.94084001 0.13694 1.06606996
v -0.94084001 -0.08164 1.06606996
v -0.94084001 -0.08164 1.10382998
v -0.94084001 0.13694 1.06606996
v -0.84837002 0.13694 1.06606996
v -0.84837002 -0.08164 1.06606996
v -0.94084001 -0.08164 1.06606996
v -0.84837002 0.13694 1.06606996
v -0.84837002 0.13694 1.10382998
v -0.84837002 -0.08164 1.10382998
v -0.84837002 -0.08164 1.06606996
v -0.84837002 0.13694 1.10382998
v -0.94084001 0.13694 1.10382998
v -0.94084001 -0.08164 1.10382998
v -0.84837002 -0.08164 1.10382998
v -0.94084001 -0.08164 1.10382998
v -0.94084001 -0.08164 1.06606996
v -0.84837002 -0.08164 1.06606996
v -0.84837002 -0.08164 1.10382998
v -0.84837002 0.13694 1.10382998
v -0.84837002 0.13694 1.06606996
v -0.94084001 0.13694 1.06606996
v -0.94084001 0.13694 1.10382998
v -0.94084001 0.13694 1.05780005
v -0.94084001 0.13694 1.02004004
v -0.94084001 -0.08164 1.02004004
v -0.94084001 -0.08164 1.05780005
v -0.94084001 0.13694 1.02004004
v -0.84837002 0.13694 1.02004004
v -0.84837002 -0.08164 1.02004004
v -0.94084001 -0.08164 1.02004004
v -0.84837002 0.13694 1.02004004
v -0.84837002 0.13694 1.05780005
v -0.84837002 -0.08164 1.05780005
v -0.84837002 -0.08164 1.02004004
v -0.84837002 0.13694 1.05780005
v -0.94084001 0.13694 1.05780005
v -0.94084001 -0.08164 1.05780005
v -0.84837002 -0.08164 1.05780005
v -0.94084001 -0.08164 1.05780005
v -0.94084001 -0.08164 1.02004004
v -0.84837002 -0.08164 1.02004004
v -0.84837002 -0.08164 1.05780005
v -0.84837002 0.13694 1.05780005
v -0.84837002 0.13694 1.02004004
v -0.94084001 0.13694 1.02004004
v -0.94084001 0.13694 1.05780005
v -0.94084001 0.13694 0.28979
v -0.94084001 0.13694 0.25202999
v -0.94084001 -0.08164 0.25202999
v -0.94084001 -0.08164 0.28979
v -0.94084001 0.13694 0.25202999
v -0.84837002 0.13694 0.25202999
v -0.84837002 -0.08164 0.25202999
v -0.94084001 -0.08164 0.25202999
v -0.84837002 0.13694 0.25202999
v -0.84837002 0.13694 0.28979
v -0.84837002 -0.08164 0.28979
v -0.84837002 -0.08164 0.25202999
v -0.84837002 0.13694 0.28979
v -0.94084001 0.13694 0.28979
v -0.94084001 -0.08164 0.28979
v -0.84837002 -0.08164 0.28979
v -0.94084001 -0.08164 0.28979
v -0.94084001 -0.08164 0.25202999
v -0.84837002 -0.08164 0.25202999
v -0.84837002 -0.08164 0.28979
v -0.84837002 0.13694 0.28979
v -0.84837002 0.13694 0.25202999
v -0.94084001 0.13694 0.25202999
v -0.94084001 0.13694 0.28979
v -0.94084001 0.13694 0.24191
v -0.94084001 0.13694 0.20413999
v -0.94084001 -0.08164 0.20413999
v -0.94084001 -0.08164 0.24191
v -0.94084001 0.13694 0.20413999
v -0.84837002 0.13694 0.20413999
v -0.84837002 -0.08164 0.20413999
v -0.94084001 -0.08164 0.20413999
v -0.84837002 0.13694 0.20413999
v -0.84837002 0.13694 0.24191
v -0.84837002 -0.08164 0.24191
v -0.84837002 -0.08164 0.20413999
v -0.84837002 0.13694 0.24191
v -0.94084001 0.13694 0.24191
v -0.94084001 -0.08164 0.24191
v -0.84837002 -0.08164 0.24191
v -0.94084001 -0.08164 0.24191
v -0.94084001 -0.08164 0.20413999
v -0.84837002 -0.08164 0.20413999
v -0.84837002 -0.08164 0.24191
v -0.84837002 0.13694 0.24191
v -0.84837002 0.13694 0.20413999
v -0.94084001 0.13694 0.20413999
v -0.94084001 0.13694 0.24191
v -0.94084001 0.13694 0.19495
v -0.94084001 0.13694 0.15718
v -0.94084001 -0.08164 0.15718
v -0.94084001 -0.08164 0.19495
v -0.94084001 0.13694 0.15718
v -0.84837002 0.13694 0.15718
v -0.84837002 -0.08164 0.15718
v -0.94084001 -0.08164 0.15718
v -0.84837002 0.13694 0.15718
v -0.84837002 0.13694 0.19495
v -0.84837002 -0.08164 0.19495
v -0.84837002 -0.08164 0.15718
v -0.84837002 0.13694 0.19495
v -0.94084001 0.13694 0.19495
v -0.94084001 -0.08164 0.19495
v -0.84837002 -0.08164 0.19495
v -0.94084001 -0.08164 0.19495
v -0.94084001 -0.08164 0.15718
v -0.84837002 -0.08164 0.15718
v -0.84837002 -0.08164 0.19495
v -0.84837002 0.13694 0.19495
v -0.84837002 0.13694 0.15718
v -0.94084001 0.13694 0.15718
v -0.94084001 0.13694 0.19495
v -0.94084001 0.13694 -0.17795999
v -0.94084001 0.13694 -0.21573
v -0.94084001 -0.08164 -0.21573
v -0.94084001 -0.08164 -0.17795999
v -0.94084001 0.13694 -0.21573
v -0.84837002 0.13694 -0.21573
v -0.84837002 -0.08164 -0.21573
v -0.94084001 -0.08164 -0.21573
v -0.84837002 0.13694 -0.21573
v -0.84837002 0.13694 -0.17795999
v -0.84837002 -0.08164 -0.17795999
v -0.84837002 -0.08164 -0.21573
v -0.84837002 0.13694 -0.17795999
v -0.94084001 0.13694 -0.17795999
v -0.94084001 -0.08164 -0.17795999
v -0.84837002 -0.08164 -0.17795999
v -0.94084001 -0.08164 -0.17795999
v -0.94084001 -0.08164 -0.21573
v -0.84837002 -0.08164 -0.21573
v -0.84837002 -0.08164 -0.17795999
v -0.84837002 0.13694 -0.17795999
v -0.84837002 0.13694 -0.21573
v -0.94084001 0.13694 -0.21573
v -0.94084001 0.13694 -0.17795999
v -0.94084001 0.13694 -0.22927999
v -0.94084001 0.13694 -0.26704001
v -0.94084001 -0.08164 -0.26704001
v -0.94084001 -0.08164 -0.22927999
v -0.94084001 0.13694 -0.26704001
v -0.84837002 0.13694 -0.26704001
v -0.84837002 -0.08164 -0.26704001
v -0.94084001 -0.08164 -0.26704001
v -0.84837002 0.13694 -0.26704001
v -0.84837002 0.13694 -0.22927999
v -0.84837002 -0.08164 -0.22927999
v -0.84837002 -0.08164 -0.26704001
v -0.84837002 0.13694 -0.22927999
v -0.94084001 0.13694 -0.22927999
v -0.94084001 -0.08164 -0.22927999
v -0.84837002 -0.08164 -0.22927999
v -0.94084001 -0.08164 -0.22927999
v -0.94084001 -0.08164 -0.26704001
v -0.84837002 -0.08164 -0.26704001
v -0.84837002 -0.08164 -0.22927999
v -0.84837002 0.13694 -0.22927999
v -0.84837002 0.13694 -0.26704001
v -0.94084001 0.13694 -0.26704001
v -0.94084001 0.13694 -0.22927999
v -0.94084001 0.13694 -0.27678001
v -0.94084001 0.13694 -0.31454
v -0.94084001 -0.08164 -0.31454
v -0.94084001 -0.08164 -0.27678001
v -0.94084001 0.13694 -0.31454
v -0.84837002 0.13694 -0.31454
v -0.84837002 -0.08164 -0.31454
v -0.94084001 -0.08164 -0.31454
v -0.84837002 0.13694 -0.31454
v -0.84837002 0.13694 -0.27678001
v -0.84837002 -0.08164 -0.27678001
v -0.84837002 -0.08164 -0.31454
v -0.84837002 0.13694 -0.27678001
v -0.94084001 0.13694 -0.27678001
v -0.94084001 -0.08164 -0.27678001
v -0.84837002 -0.08164 -0.27678001
v -0.94084001 -0.08164 -0.27678001
v -0.94084001 -0.08164 -0.31454
v -0.84837002 -0.08164 -0.31454
v -0.84837002 -0.08164 -0.27678001
v -0.84837002 0.13694 -0.27678001
v -0.84837002 0.13694 -0.31454
v -0.94084001 0.13694 -0.31454
v -0.94084001 0.13694 -0.27678001
v -0.94084001 0.45523 -0.52557999
v -0.94084001 0.45523 -0.56334001
v -0.94084001 0.23664001 -0.56334001
v -0.94084001 0.23664001 -0.52557999
v -0.94084001 0.45523 -0.56334001
v -0.84837002 0.45523 -0.56334001
v -0.84837002 0.23664001 -0.56334001
v -0.94084001 0.23664001 -0.56334001
v -0.84837002 0.45523 -0.56334001
v -0.84837002 0.45523 -0.52557999
v -0.84837002 0.23664001 -0.52557999
v -0.84837002 0.23664001 -0.56334001
v -0.84837002 0.45523 -0.52557999
v -0.94084001 0.45523 -0.52557999
v -0.94084001 0.23664001 -0.52557999
v -0.84837002 0.23664001 -0.52557999
v -0.94084001 0.23664001 -0.52557999
v -0.94084001 0.23664001 -0.56334001
v -0.84837002 0.23664001 -0.56334001
v -0.84837002 0.23664001 -0.52557999
v -0.84837002 0.45523 -0.52557999
v -0.84837002 0.45523 -0.56334001
v -0.94084001 0.45523 -0.56334001
v -0.94084001 0.45523 -0.52557999
v -0.94084001 0.45523 -0.48229
v -0.94084001 0.45523 -0.52004999
v -0.94084001 0.23664001 -0.52004999
v -0.94084001 0.23664001 -0.48229
v -0.94084001 0.45523 -0.52004999
v -0.84837002 0.45523 -0.52004999
v -0.84837002 0.23664001 -0.52004999
v -0.94084001 0.23664001 -0.52004999
v -0.84837002 0.45523 -0.52004999
v -0.84837002 0.45523 -0.48229
v -0.84837002 0.23664001 -0.48229
v -0.84837002 0.23664001 -0.52004999
v -0.84837002 0.45523 -0.48229
v -0.94084001 0.45523 -0.48229
v -0.94084001 0.23664001 -0.48229
v -0.84837002 0.23664001 -0.48229
v -0.94084001 0.23664001 -0.48229
v -0.94084001 0.23664001 -0.52004999
v -0.84837002 0.23664001 -0.52004999
v -0.84837002 0.23664001 -0.48229
v -0.84837002 0.45523 -0.48229
v -0.84837002 0.45523 -0.52004999
v -0.94084001 0.45523 -0.52004999
v -0.94084001 0.45523 -0.48229
v -0.94084001 0.45523 -0.43621999
v -0.94084001 0.45523 -0.47398999
v -0.94084001 0.23664001 -0.47398999
v -0.94084001 0.23664001 -0.43621999
v -0.94084001 0.45523 -0.47398999
v -0.84837002 0.45523 -0.47398999
v -0.84837002 0.23664001 -0.47398999
v -0.94084001 0.23664001 -0.47398999
v -0.84837002 0.45523 -0.47398999
v -0.84837002 0.45523 -0.43621999
v -0.84837002 0.23664001 -0.43621999
v -0.84837002 0.23664001 -0.47398999
v -0.84837002 0.45523 -0.43621999
v -0.94084001 0.45523 -0.43621999
v -0.94084001 0.23664001 -0.43621999
v -0.84837002 0.23664001 -0.43621999
v -0.94084001 0.23664001 -0.43621999
v -0.94084001 0.23664001 -0.47398999
v -0.84837002 0.23664001 -0.47398999
v -0.84837002 0.23664001 -0.43621999
v -0.84837002 0.45523 -0.43621999
v -0.84837002 0.45523 -0.47398999
v -0.94084001 0.45523 -0.47398999
v -0.94084001 0.45523 -0.43621999
v -0.94084001 0.45523 -0.38912001
v -0.94084001 0.45523 -0.42688
v -0.94084001 0.23664001 -0.42688
v -0.94084001 0.23664001 -0.38912001
v -0.94084001 0.45523 -0.42688
v -0.84837002 0.45523 -0.42688
v -0.84837002 0.23664001 -0.42688
v -0.94084001 0.23664001 -0.42688
v -0.84837002 0.45523 -0.42688
v -0.84837002 0.45523 -0.38912001
v -0.84837002 0.23664001 -0.38912001
v -0.84837002 0.23664001 -0.42688
v -0.84837002 0.45523 -0.38912001
v -0.94084001 0.45523 -0.38912001
v -0.94084001 0.23664001 -0.38912001
v -0.84837002 0.23664001 -0.38912001
v -0.94084001 0.23664001 -0.38912001
v -0.94084001 0.23664001 -0.42688
v -0.84837002 0.23664001 -0.42688
v -0.84837002 0.23664001 -0.38912001
v -0.84837002 0.45523 -0.38912001
v -0.84837002 0.45523 -0.42688
v -0.94084001 0.45523 -0.42688
v -0.94084001 0.45523 -0.38912001
v -0.94084001 0.24061 -0.16963001
v -0.94084001 0.27836999 -0.16963001
v -0.94084001 0.27836999 -0.38821
v -0.94084001 0.24061 -0.38821
v -0.94084001 0.27836999 -0.16963001
v -0.84837002 0.27836999 -0.16963001
v -0.84837002 0.27836999 -0.38821
v -0.94084001 0.27836999 -0.38821
v -0.84837002 0.27836999 -0.16963001
v -0.84837002 0.24061 -0.16963001
v -0.84837002 0.24061 -0.38821
v -0.84837002 0.27836999 -0.38821
v -0.84837002 0.24061 -0.16963001
v -0.94084001 0.24061 -0.16963001
v -0.94084001 0.24061 -0.38821
v -0.84837002 0.24061 -0.38821
v -0.94084001 0.24061 -0.38821
v -0.94084001 0.27836999 -0.38821
v -0.84837002 0.27836999 -0.38821
v -0.84837002 0.24061 -0.38821
v -0.84837002 0.24061 -0.16963001
v -0.84837002 0.27836999 -0.16963001
v -0.94084001 0.27836999 -0.16963001
v -0.94084001 0.24061 -0.16963001
v -0.94084001 0.28775999 -0.16963001
v -0.94084001 0.32552001 -0.16963001
v -0.94084001 0.32552001 -0.38821
v -0.94084001 0.28775999 -0.38821
v -0.94084001 0.32552001 -0.16963001
v -0.84837002 0.32552001 -0.16963001
v -0.84837002 0.32552001 -0.38821
v -0.94084001 0.32552001 -0.38821
v -0.84837002 0.32552001 -0.16963001
v -0.84837002 0.28775999 -0.16963001
v -0.84837002 0.28775999 -0.38821
v -0.84837002 0.32552001 -0.38821
v -0.84837002 0.28775999 -0.16963001
v -0.94084001 0.28775999 -0.16963001
v -0.94084001 0.28775999 -0.38821
v -0.84837002 0.28775999 -0.38821
v -0.94084001 0.28775999 -0.38821
v -0.94084001 0.32552001 -0.38821
v -0.84837002 0.32552001 -0.38821
v -0.84837002 0.28775999 -0.38821
v -0.84837002 0.28775999 -0.16963001
v -0.84837002 0.32552001 -0.16963001
v -0.94084001 0.32552001 -0.16963001
v -0.94084001 0.28775999 -0.16963001
v -0.94084001 0.45523 0.73793
v -0.94084001 0.45523 0.70016998
v -0.94084001 0.23664001 0.70016998
v -0.94084001 0.23664001 0.73793
v -0.94084001 0.45523 0.70016998
v -0.84837002 0.45523 0.70016998
v -0.84837002 0.23664001 0.70016998
v -0.94084001 0.23664001 0.70016998
v -0.84837002 0.45523 0.70016998
v -0.84837002 0.45523 0.73793
v -0.84837002 0.23664001 0.73793
v -0.84837002 0.23664001 0.70016998
v -0.84837002 0.45523 0.73793
v -0.94084001 0.45523 0.73793
v -0.94084001 0.23664001 0.73793
v -0.84837002 0.23664001 0.73793
v -0.94084001 0.23664001 0.73793
v -0.94084001 0.23664001 0.70016998
v -0.84837002 0.23664001 0.70016998
v -0.84837002 0.23664001 0.73793
v -0.84837002 0.45523 0.73793
v -0.84837002 0.45523 0.70016998
v -0.94084001 0.45523 0.70016998
v -0.94084001 0.45523 0.73793
v -0.94084001 0.45523 0.69463998
v -0.94084001 0.45523 0.65688002
v -0.94084001 0.23664001 0.65688002
v -0.94084001 0.23664001 0.69463998
v -0.94084001 0.45523 0.65688002
v -0.84837002 0.45523 0.65688002
v -0.84837002 0.23664001 0.65688002
v -0.94084001 0.23664001 0.65688002
v -0.84837002 0.45523 0.65688002
v -0.84837002 0.45523 0.69463998
v -0.84837002 0.23664001 0.69463998
v -0.84837002 0.23664001 0.65688002
v -0.84837002 0.45523 0.69463998
v -0.94084001 0.45523 0.69463998
v -0.94084001 0.23664001 0.69463998
v -0.84837002 0.23664001 0.69463998
v -0.94084001 0.23664001 0.69463998
v -0.94084001 0.23664001 0.65688002
v -0.84837002 0.23664001 0.65688002
v -0.84837002 0.23664001 0.69463998
v -0.84837002 0.45523 0.69463998
v -0.84837002 0.45523 0.65688002
v -0.94084001 0.45523 0.65688002
v -0.94084001 0.45523 0.69463998
v -0.94084001 0.45523 0.64832997
v -0.94084001 0.45523 0.61057001
v -0.94084001 0.23664001 0.61057001
v -0.94084001 0.23664001 0.64832997
v -0.94084001 0.45523 0.61057001
v -0.84837002 0.45523 0.61057001
v -0.84837002 0.23664001 0.61057001
v -0.94084001 0.23664001 0.61057001
v -0.84837002 0.45523 0.61057001
v -0.84837002 0.45523 0.64832997
v -0.84837002 0.23664001 0.64832997
v -0.84837002 0.23664001 0.61057001
v -0.84837002 0.45523 0.64832997
v -0.94084001 0.45523 0.64832997
v -0.94084001 0.23664001 0.64832997
v -0.84837002 0.23664001 0.64832997
v -0.94084001 0.23664001 0.64832997
v -0.94084001 0.23664001 0.61057001
v -0.84837002 0.23664001 0.61057001
v -0.84837002 0.23664001 0.64832997
v -0.84837002 0.45523 0.64832997
v -0.84837002 0.45523 0.61057001
v -0.94084001 0.45523 0.61057001
v -0.94084001 0.45523 0.64832997
v -0.94084001 0.45523 0.60544002
v -0.94084001 0.45523 0.56766999
v -0.94084001 0.23664001 0.56766999
v -0.94084001 0.23664001 0.60544002
v -0.94084001 0.45523 0.56766999
v -0.84837002 0.45523 0.56766999
v -0.84837002 0.23664001 0.56766999
v -0.94084001 0.23664001 0.56766999
v -0.84837002 0.45523 0.56766999
v -0.84837002 0.45523 0.60544002
v -0.84837002 0.23664001 0.60544002
v -0.84837002 0.23664001 0.56766999
v -0.84837002 0.45523 0.60544002
v -0.94084001 0.45523 0.60544002
v -0.94084001 0.23664001 0.60544002
v -0.84837002 0.23664001 0.60544002
v -0.94084001 0.23664001 0.60544002
v -0.94084001 0.23664001 0.56766999
v -0.84837002 0.23664001 0.56766999
v -0.84837002 0.23664001 0.60544002
v -0.84837002 0.45523 0.60544002
v -0.84837002 0.45523 0.56766999
v -0.94084001 0.45523 0.56766999
v -0.94084001 0.45523 0.60544002
v -0.94084001 0.45523 0.55873001
v -0.94084001 0.45523 0.52095997
v -0.94084001 0.23664001 0.52095997
v -0.94084001 0.23664001 0.55873001
v -0.94084001 0.45523 0.52095997
v -0.84837002 0.45523 0.52095997
v -0.84837002 0.23664001 0.52095997
v -0.94084001 0.23664001 0.52095997
v -0.84837002 0.45523 0.52095997
v -0.84837002 0.45523 0.55873001
v -0.84837002 0.23664001 0.55873001
v -0.84837002 0.23664001 0.52095997
v -0.84837002 0.45523 0.55873001
v -0.94084001 0.45523 0.55873001
v -0.94084001 0.23664001 0.55873001
v -0.84837002 0.23664001 0.55873001
v -0.94084001 0.23664001 0.55873001
v -0.94084001 0.23664001 0.52095997
v -0.84837002 0.23664001 0.52095997
v -0.84837002 0.23664001 0.55873001
v -0.84837002 0.45523 0.55873001
v -0.84837002 0.45523 0.52095997
v -0.94084001 0.45523 0.52095997
v -0.94084001 0.45523 0.55873001
v -0.94084001 0.45523 0.50819999
v -0.94084001 0.45523 0.47044
v -0.94084001 0.23664001 0.47044
v -0.94084001 0.23664001 0.50819999
v -0.94084001 0.45523 0.47044
v -0.84837002 0.45523 0.47044
v -0.84837002 0.23664001 0.47044
v -0.94084001 0.23664001 0.47044
v -0.84837002 0.45523 0.47044
v -0.84837002 0.45523 0.50819999
v -0.84837002 0.23664001 0.50819999
v -0.84837002 0.23664001 0.47044
v -0.84837002 0.45523 0.50819999
v -0.94084001 0.45523 0.50819999
v -0.94084001 0.23664001 0.50819999
v -0.84837002 0.23664001 0.50819999
v -0.94084001 0.23664001 0.50819999
v -0.94084001 0.23664001 0.47044
v -0.84837002 0.23664001 0.47044
v -0.84837002 0.23664001 0.50819999
v -0.84837002 0.45523 0.50819999
v -0.84837002 0.45523 0.47044
v -0.94084001 0.45523 0.47044
v -0.94084001 0.45523 0.50819999
v -0.93994999 0.45451999 0.37788999
v -0.93917 0.44042999 0.34287
v -0.94171 0.23763999 0.42438999
v -0.94248998 0.25173 0.45942
v -0.93917 0.44042999 0.34287
v -0.84671998 0.44014001 0.34503001
v -0.84926999 0.23735 0.42656001
v -0.94171 0.23763999 0.42438999
v -0.84671998 0.44014001 0.34503001
v -0.84750003 0.45423001 0.38005999
v -0.85004002 0.25143999 0.46158999
v -0.84926999 0.23735 0.42656001
v -0.84750003 0.45423001 0.38005999
v -0.93994999 0.45451999 0.37788999
v -0.94248998 0.25173 0.45942
v -0.85004002 0.25143999 0.46158999
v -0.94248998 0.25173 0.45942
v -0.94171 0.23763999 0.42438999
v -0.84926999 0.23735 0.42656001
v -0.85004002 0.25143999 0.46158999
v -0.84750003 0.45423001 0.38005999
v -0.84671998 0.44014001 0.34503001
v -0.93917 0.44042999 0.34287
v -0.93994999 0.45451999 0.37788999
v -0.94084001 0.77744001 0.73912001
v -0.94084001 0.77744001 0.70135999
v -0.94084001 0.55886 0.70135999
v -0.94084001 0.55886 0.73912001
v -0.94084001 0.77744001 0.70135999
v -0.84837002 0.77744001 0.70135999
v -0.84837002 0.55886 0.70135999
v -0.94084001 0.55886 0.70135999
v -0.84837002 0.77744001 0.70135999
v -0.84837002 0.77744001 0.73912001
v -0.84837002 0.55886 0.73912001
v -0.84837002 0.55886 0.70135999
v -0.84837002 0.77744001 0.73912001
v -0.94084001 0.77744001 0.73912001
v -0.94084001 0.55886 0.73912001
v -0.84837002 0.55886 0.73912001
v -0.94084001 0.55886 0.73912001
v -0.94084001 0.55886 0.70135999
v -0.84837002 0.55886 0.70135999
v -0.84837002 0.55886 0.73912001
v -0.84837002 0.77744001 0.73912001
v -0.84837002 0.77744001 0.70135999
v -0.94084001 0.77744001 0.70135999
v -0.94084001 0.77744001 0.73912001
v -0.94084001 0.77744001 0.69281
v -0.94084001 0.77744001 0.65504003
v -0.94084001 0.55886 0.65504003
v -0.94084001 0.55886 0.69281
v -0.94084001 0.77744001 0.65504003
v -0.84837002 0.77744001 0.65504003
v -0.84837002 0.55886 0.65504003
v -0.94084001 0.55886 0.65504003
v -0.84837002 0.77744001 0.65504003
v -0.84837002 0.77744001 0.69281
v -0.84837002 0.55886 0.69281
v -0.84837002 0.55886 0.65504003
v -0.84837002 0.77744001 0.69281
v -0.94084001 0.77744001 0.69281
v -0.94084001 0.55886 0.69281
v -0.84837002 0.55886 0.69281
v -0.94084001 0.55886 0.69281
v -0.94084001 0.55886 0.65504003
v -0.84837002 0.55886 0.65504003
v -0.84837002 0.55886 0.69281
v -0.84837002 0.77744001 0.69281
v -0.84837002 0.77744001 0.65504003
v -0.94084001 0.77744001 0.65504003
v -0.94084001 0.77744001 0.69281
v -0.94084001 0.77744001 0.65030998
v -0.94084001 0.77744001 0.61255002
v -0.94084001 0.55886 0.61255002
v -0.94084001 0.55886 0.65030998
v -0.94084001 0.77744001 0.61255002
v -0.84837002 0.77744001 0.61255002
v -0.84837002 0.55886 0.61255002
v -0.94084001 0.55886 0.61255002
v -0.84837002 0.77744001 0.61255002
v -0.84837002 0.77744001 0.65030998
v -0.84837002 0.55886 0.65030998
v -0.84837002 0.55886 0.61255002
v -0.84837002 0.77744001 0.65030998
v -0.94084001 0.77744001 0.65030998
v -0.94084001 0.55886 0.65030998
v -0.84837002 0.55886 0.65030998
v -0.94084001 0.55886 0.65030998
v -0.94084001 0.55886 0.61255002
v -0.84837002 0.55886 0.61255002
v -0.84837002 0.55886 0.65030998
v -0.84837002 0.77744001 0.65030998
v -0.84837002 0.77744001 0.61255002
v -0.94084001 0.77744001 0.61255002
v -0.94084001 0.77744001 0.65030998
v -0.94084001 0.77744001 -0.53018999
v -0.94084001 0.77744001 -0.56795001
v -0.94084001 0.55886 -0.56795001
v -0.94084001 0.55886 -0.53018999
v -0.94084001 0.77744001 -0.56795001
v -0.84837002 0.77744001 -0.56795001
v -0.84837002 0.55886 -0.56795001
v -0.94084001 0.55886 -0.56795001
v -0.84837002 0.77744001 -0.56795001
v -0.84837002 0.77744001 -0.53018999
v -0.84837002 0.55886 -0.53018999
v -0.84837002 0.55886 -0.56795001
v -0.84837002 0.77744001 -0.53018999
v -0.94084001 0.77744001 -0.53018999
v -0.94084001 0.55886 -0.53018999
v -0.84837002 0.55886 -0.53018999
v -0.94084001 0.55886 -0.53018999
v -0.94084001 0.55886 -0.56795001
v -0.84837002 0.55886 -0.56795001
v -0.84837002 0.55886 -0.53018999
v -0.84837002 0.77744001 -0.53018999
v -0.84837002 0.77744001 -0.56795001
v -0.94084001 0.77744001 -0.56795001
v -0.94084001 0.77744001 -0.53018999
v -0.94084001 1.11143994 -0.53018999
v -0.94084001 1.11143994 -0.56795001
v -0.94084001 0.89286 -0.56795001
v -0.94084001 0.89286 -0.53018999
v -0.94084001 1.11143994 -0.56795001
v -0.84837002 1.11143994 -0.56795001
v -0.84837002 0.89286 -0.56795001
v -0.94084001 0.89286 -0.56795001
v -0.84837002 1.11143994 -0.56795001
v -0.84837002 1.11143994 -0.53018999
v -0.84837002 0.89286 -0.53018999
v -0.84837002 0.89286 -0.56795001
v -0.84837002 1.11143994 -0.53018999
v -0.94084001 1.11143994 -0.53018999
v -0.94084001 0.89286 -0.53018999
v -0.84837002 0.89286 -0.53018999
v -0.94084001 0.89286 -0.53018999
v -0.94084001 0.89286 -0.56795001
v -0.84837002 0.89286 -0.56795001
v -0.84837002 0.89286 -0.53018999
v -0.84837002 1.11143994 -0.53018999
v -0.84837002 1.11143994 -0.56795001
v -0.94084001 1.11143994 -0.56795001
v -0.94084001 1.11143994 -0.53018999
v -0.94084001 1.11143994 -0.48728999
v -0.94084001 1.11143994 -0.52506
v -0.94084001 0.89286 -0.52506
v -0.94084001 0.89286 -0.48728999
v -0.94084001 1.11143994 -0.52506
v -0.84837002 1.11143994 -0.52506
v -0.84837002 0.89286 -0.52506
v -0.94084001 0.89286 -0.52506
v -0.84837002 1.11143994 -0.52506
v -0.84837002 1.11143994 -0.48728999
v -0.84837002 0.89286 -0.48728999
v -0.84837002 0.89286 -0.52506
v -0.84837002 1.11143994 -0.48728999
v -0.94084001 1.11143994 -0.48728999
v -0.94084001 0.89286 -0.48728999
v -0.84837002 0.89286 -0.48728999
v -0.94084001 0.89286 -0.48728999
v -0.94084001 0.89286 -0.52506
v -0.84837002 0.89286 -0.52506
v -0.84837002 0.89286 -0.48728999
v -0.84837002 1.11143994 -0.48728999
v -0.84837002 1.11143994 -0.52506
v -0.94084001 1.11143994 -0.52506
v -0.94084001 1.11143994 -0.48728999
v -0.94084001 1.11143994 -0.43979001
v -0.94084001 1.11143994 -0.47755
v -0.94084001 0.89286 -0.47755
v -0.94084001 0.89286 -0.43979001
v -0.94084001 1.11143994 -0.47755
v -0.84837002 1.11143994 -0.47755
v -0.84837002 0.89286 -0.47755
v -0.94084001 0.89286 -0.47755
v -0.84837002 1.11143994 -0.47755
v -0.84837002 1.11143994 -0.43979001
v -0.84837002 0.89286 -0.43979001
v -0.84837002 0.89286 -0.47755
v -0.84837002 1.11143994 -0.43979001
v -0.94084001 1.11143994 -0.43979001
v -0.94084001 0.89286 -0.43979001
v -0.84837002 0.89286 -0.43979001
v -0.94084001 0.89286 -0.43979001
v -0.94084001 0.89286 -0.47755
v -0.84837002 0.89286 -0.47755
v -0.84837002 0.89286 -0.43979001
v -0.84837002 1.11143994 -0.43979001
v -0.84837002 1.11143994 -0.47755
v -0.94084001 1.11143994 -0.47755
v -0.94084001 1.11143994 -0.43979001
v -0.94084001 1.11143994 0.28957
v -0.94084001 1.11143994 0.25181001
v -0.94084001 0.89286 0.25181001
v -0.94084001 0.89286 0.28957
v -0.94084001 1.11143994 0.25181001
v -0.84837002 1.11143994 0.25181001
v -0.84837002 0.89286 0.25181001
v -0.94084001 0.89286 0.25181001
v -0.84837002 1.11143994 0.25181001
v -0.84837002 1.11143994 0.28957
v -0.84837002 0.89286 0.28957
v -0.84837002 0.89286 0.25181001
v -0.84837002 1.11143994 0.28957
v -0.94084001 1.11143994 0.28957
v -0.94084001 0.89286 0.28957
v -0.84837002 0.89286 0.28957
v -0.94084001 0.89286 0.28957
v -0.94084001 0.89286 0.25181001
v -0.84837002 0.89286 0.25181001
v -0.84837002 0.89286 0.28957
v -0.84837002 1.11143994 0.28957
v -0.84837002 1.11143994 0.25181001
v -0.94084001 1.11143994 0.25181001
v -0.94084001 1.11143994 0.28957
v -0.94084001 1.11143994 0.24326
v -0.94084001 1.11143994 0.20548999
v -0.94084001 0.89286 0.20548999
v -0.94084001 0.89286 0.24326
v -0.94084001 1.11143994 0.20548999
v -0.84837002 1.11143994 0.20548999
v -0.84837002 0.89286 0.20548999
v -0.94084001 0.89286 0.20548999
v -0.84837002 1.11143994 0.20548999
v -0.84837002 1.11143994 0.24326
v -0.84837002 0.89286 0.24326
v -0.84837002 0.89286 0.20548999
v -0.84837002 1.11143994 0.24326
v -0.94084001 1.11143994 0.24326
v -0.94084001 0.89286 0.24326
v -0.84837002 0.89286 0.24326
v -0.94084001 0.89286 0.24326
v -0.94084001 0.89286 0.20548999
v -0.84837002 0.89286 0.20548999
v -0.84837002 0.89286 0.24326
v -0.84837002 1.11143994 0.24326
v -0.84837002 1.11143994 0.20548999
v -0.94084001 1.11143994 0.20548999
v -0.94084001 1.11143994 0.24326
v -0.94084001 1.11143994 0.19655
v -0.94084001 1.11143994 0.15877999
v -0.94084001 0.89286 0.15877999
v -0.94084001 0.89286 0.19655
v -0.94084001 1.11143994 0.15877999
v -0.84837002 1.11143994 0.15877999
v -0.84837002 0.89286 0.15877999
v -0.94084001 0.89286 0.15877999
v -0.84837002 1.11143994 0.15877999
v -0.84837002 1.11143994 0.19655
v -0.84837002 0.89286 0.19655
v -0.84837002 0.89286 0.15877999
v -0.84837002 1.11143994 0.19655
v -0.94084001 1.11143994 0.19655
v -0.94084001 0.89286 0.19655
v -0.84837002 0.89286 0.19655
v -0.94084001 0.89286 0.19655
v -0.94084001 0.89286 0.15877999
v -0.84837002 0.89286 0.15877999
v -0.84837002 0.89286 0.19655
v -0.84837002 1.11143994 0.19655
v -0.84837002 1.11143994 0.15877999
v -0.94084001 1.11143994 0.15877999
v -0.94084001 1.11143994 0.19655
v -0.53162003 1.10405004 -0.85955
v -0.56939 1.10405004 -0.85955
v -0.56939 0.88546997 -0.85955
v -0.53162003 0.88546997 -0.85955
v -0.56939 1.10405004 -0.85955
v -0.56939 1.10405004 -0.95201999
v -0.56939 0.88546997 -0.95201999
v -0.56939 0.88546997 -0.85955
v -0.56939 1.10405004 -0.95201999
v -0.53162003 1.10405004 -0.95201999
v -0.53162003 0.88546997 -0.95201999
v -0.56939 0.88546997 -0.95201999
v -0.53162003 1.10405004 -0.95201999
v -0.53162003 1.10405004 -0.85955
v -0.53162003 0.88546997 -0.85955
v -0.53162003 0.88546997 -0.95201999
v -0.53162003 0.88546997 -0.85955
v -0.56939 0.88546997 -0.85955
v -0.56939 0.88546997 -0.95201999
v -0.53162003 0.88546997 -0.95201999
v -0.53162003 1.10405004 -0.95201999
v -0.56939 1.10405004 -0.95201999
v -0.56939 1.10405004 -0.85955
v -0.53162003 1.10405004 -0.85955
v -0.47591999 1.10405004 -0.85955
v -0.51368999 1.10405004 -0.85955
v -0.51368999 0.88546997 -0.85955
v -0.47591999 0.88546997 -0.85955
v -0.51368999 1.10405004 -0.85955
v -0.51368999 1.10405004 -0.95201999
v -0.51368999 0.88546997 -0.95201999
v -0.51368999 0.88546997 -0.85955
v -0.51368999 1.10405004 -0.95201999
v -0.47591999 1.10405004 -0.95201999
v -0.47591999 0.88546997 -0.95201999
v -0.51368999 0.88546997 -0.95201999
v -0.47591999 1.10405004 -0.95201999
v -0.47591999 1.10405004 -0.85955
v -0.47591999 0.88546997 -0.85955
v -0.47591999 0.88546997 -0.95201999
v -0.47591999 0.88546997 -0.85955
v -0.51368999 0.88546997 -0.85955
v -0.51368999 0.88546997 -0.95201999
v -0.47591999 0.88546997 -0.95201999
v -0.47591999 1.10405004 -0.95201999
v -0.51368999 1.10405004 -0.95201999
v -0.51368999 1.10405004 -0.85955
v -0.47591999 1.10405004 -0.85955
v -0.43303001 1.10405004 -0.85955
v -0.47080001 1.10405004 -0.85955
v -0.47080001 0.88546997 -0.85955
v -0.43303001 0.88546997 -0.85955
v -0.47080001 1.10405004 -0.85955
v -0.47080001 1.10405004 -0.95201999
v -0.47080001 0.88546997 -0.95201999
v -0.47080001 0.88546997 -0.85955
v -0.47080001 1.10405004 -0.95201999
v -0.43303001 1.10405004 -0.95201999
v -0.43303001 0.88546997 -0.95201999
v -0.47080001 0.88546997 -0.95201999
v -0.43303001 1.10405004 -0.95201999
v -0.43303001 1.10405004 -0.85955
v -0.43303001 0.88546997 -0.85955
v -0.43303001 0.88546997 -0.95201999
v -0.43303001 0.88546997 -0.85955
v -0.47080001 0.88546997 -0.85955
v -0.47080001 0.88546997 -0.95201999
v -0.43303001 0.88546997 -0.95201999
v -0.43303001 1.10405004 -0.95201999
v -0.47080001 1.10405004 -0.95201999
v -0.47080001 1.10405004 -0.85955
v -0.43303001 1.10405004 -0.85955
v -0.38543001 1.10405004 -0.85955
v -0.42320001 1.10405004 -0.85955
v -0.42320001 0.88546997 -0.85955
v -0.38543001 0.88546997 -0.85955
v -0.42320001 1.10405004 -0.85955
v -0.42320001 1.10405004 -0.95201999
v -0.42320001 0.88546997 -0.95201999
v -0.42320001 0.88546997 -0.85955
v -0.42320001 1.10405004 -0.95201999
v -0.38543001 1.10405004 -0.95201999
v -0.38543001 0.88546997 -0.95201999
v -0.42320001 0.88546997 -0.95201999
v -0.38543001 1.10405004 -0.95201999
v -0.38543001 1.10405004 -0.85955
v -0.38543001 0.88546997 -0.85955
v -0.38543001 0.88546997 -0.95201999
v -0.38543001 0.88546997 -0.85955
v -0.42320001 0.88546997 -0.85955
v -0.42320001 0.88546997 -0.95201999
v -0.38543001 0.88546997 -0.95201999
v -0.38543001 1.10405004 -0.95201999
v -0.42320001 1.10405004 -0.95201999
v -0.42320001 1.10405004 -0.85955
v -0.38543001 1.10405004 -0.85955
v -0.33410999 1.10405004 -0.85955
v -0.37187999 1.10405004 -0.85955
v -0.37187999 0.88546997 -0.85955
v -0.33410999 0.88546997 -0.85955
v -0.37187999 1.10405004 -0.85955
v -0.37187999 1.10405004 -0.95201999
v -0.37187999 0.88546997 -0.95201999
v -0.37187999 0.88546997 -0.85955
v -0.37187999 1.10405004 -0.95201999
v -0.33410999 1.10405004 -0.95201999
v -0.33410999 0.88546997 -0.95201999
v -0.37187999 0.88546997 -0.95201999
v -0.33410999 1.10405004 -0.95201999
v -0.33410999 1.10405004 -0.85955
v -0.33410999 0.88546997 -0.85955
v -0.33410999 0.88546997 -0.95201999
v -0.33410999 0.88546997 -0.85955
v -0.37187999 0.88546997 -0.85955
v -0.37187999 0.88546997 -0.95201999
v -0.33410999 0.88546997 -0.95201999
v -0.33410999 1.10405004 -0.95201999
v -0.37187999 1.10405004 -0.95201999
v -0.37187999 1.10405004 -0.85955
v -0.33410999 1.10405004 -0.85955
v -0.29058999 1.10405004 -0.85955
v -0.32835999 1.10405004 -0.85955
v -0.32835999 0.88546997 -0.85955
v -0.29058999 0.88546997 -0.85955
v -0.32835999 1.10405004 -0.85955
v -0.32835999 1.10405004 -0.95201999
v -0.32835999 0.88546997 -0.95201999
v -0.32835999 0.88546997 -0.85955
v -0.32835999 1.10405004 -0.95201999
v -0.29058999 1.10405004 -0.95201999
v -0.29058999 0.88546997 -0.95201999
v -0.32835999 0.88546997 -0.95201999
v -0.29058999 1.10405004 -0.95201999
v -0.29058999 1.10405004 -0.85955
v -0.29058999 0.88546997 -0.85955
v -0.29058999 0.88546997 -0.95201999
v -0.29058999 0.88546997 -0.85955
v -0.32835999 0.88546997 -0.85955
v -0.32835999 0.88546997 -0.95201999
v -0.29058999 0.88546997 -0.95201999
v -0.29058999 1.10405004 -0.95201999
v -0.32835999 1.10405004 -0.95201999
v -0.32835999 1.10405004 -0.85955
v -0.29058999 1.10405004 -0.85955
v -0.24287 1.10405004 -0.85955
v -0.28062999 1.10405004 -0.85955
v -0.28062999 0.88546997 -0.85955
v -0.24287 0.88546997 -0.85955
v -0.28062999 1.10405004 -0.85955
v -0.28062999 1.10405004 -0.95201999
v -0.28062999 0.88546997 -0.95201999
v -0.28062999 0.88546997 -0.85955
v -0.28062999 1.10405004 -0.95201999
v -0.24287 1.10405004 -0.95201999
v -0.24287 0.88546997 -0.95201999
v -0.28062999 0.88546997 -0.95201999
v -0.24287 1.10405004 -0.95201999
v -0.24287 1.10405004 -0.85955
v -0.24287 0.88546997 -0.85955
v -0.24287 0.88546997 -0.95201999
v -0.24287 0.88546997 -0.85955
v -0.28062999 0.88546997 -0.85955
v -0.28062999 0.88546997 -0.95201999
v -0.24287 0.88546997 -0.95201999
v -0.24287 1.10405004 -0.95201999
v -0.28062999 1.10405004 -0.95201999
v -0.28062999 1.10405004 -0.85955
v -0.24287 1.10405004 -0.85955
v -0.19955 1.10393 -0.85575998
v -0.23642001 1.09577 -0.85534
v -0.18932 0.88248003 -0.86339998
v -0.15245 0.89064002 -0.86382002
v -0.23642001 1.09577 -0.85534
v -0.23815 1.09888995 -0.94774997
v -0.19103999 0.88559002 -0.95581001
v -0.18932 0.88248003 -0.86339998
v -0.23815 1.09888995 -0.94774997
v -0.20128 1.10704005 -0.94815999
v -0.15417001 0.89375001 -0.95621997
v -0.19103999 0.88559002 -0.95581001
v -0.20128 1.10704005 -0.94815999
v -0.19955 1.10393 -0.85575998
v -0.15245 0.89064002 -0.86382002
v -0.15417001 0.89375001 -0.95621997
v -0.15245 0.89064002 -0.86382002
v -0.18932 0.88248003 -0.86339998
v -0.19103999 0.88559002 -0.95581001
v -0.15417001 0.89375001 -0.95621997
v -0.20128 1.10704005 -0.94815999
v -0.23815 1.09888995 -0.94774997
v -0.23642001 1.09577 -0.85534
v -0.19955 1.10393 -0.85575998
v 0.38332 1.10405004 -0.85955
v 0.34555 1.10405004 -0.85955
v 0.34555 0.88546997 -0.85955
v 0.38332 0.88546997 -0.85955
v 0.34555 1.10405004 -0.85955
v 0.34555 1.10405004 -0.95201999
v 0.34555 0.88546997 -0.95201999
v 0.34555 0.88546997 -0.85955
v 0.34555 1.10405004 -0.95201999
v 0.38332 1.10405004 -0.95201999
v 0.38332 0.88546997 -0.95201999
v 0.34555 0.88546997 -0.95201999
v 0.38332 1.10405004 -0.95201999
v 0.38332 1.10405004 -0.85955
v 0.38332 0.88546997 -0.85955
v 0.38332 0.88546997 -0.95201999
v 0.38332 0.88546997 -0.85955
v 0.34555 0.88546997 -0.85955
v 0.34555 0.88546997 -0.95201999
v 0.38332 0.88546997 -0.95201999
v 0.38332 1.10405004 -0.95201999
v 0.34555 1.10405004 -0.95201999
v 0.34555 1.10405004 -0.85955
v 0.38332 1.10405004 -0.85955
v 0.42508 1.10405004 -0.85955
v 0.38731 1.10405004 -0.85955
v 0.38731 0.88546997 -0.85955
v 0.42508 0.88546997 -0.85955
v 0.38731 1.10405004 -0.85955
v 0.38731 1.10405004 -0.95201999
v 0.38731 0.88546997 -0.95201999
v 0.38731 0.88546997 -0.85955
v 0.38731 1.10405004 -0.95201999
v 0.42508 1.10405004 -0.95201999
v 0.42508 0.88546997 -0.95201999
v 0.38731 0.88546997 -0.95201999
v 0.42508 1.10405004 -0.95201999
v 0.42508 1.10405004 -0.85955
v 0.42508 0.88546997 -0.85955
v 0.42508 0.88546997 -0.95201999
v 0.42508 0.88546997 -0.85955
v 0.38731 0.88546997 -0.85955
v 0.38731 0.88546997 -0.95201999
v 0.42508 0.88546997 -0.95201999
v 0.42508 1.10405004 -0.95201999
v 0.38731 1.10405004 -0.95201999
v 0.38731 1.10405004 -0.85955
v 0.42508 1.10405004 -0.85955
v 0.46685001 1.10405004 -0.85955
v 0.42908001 1.10405004 -0.85955
v 0.42908001 0.88546997 -0.85955
v 0.46685001 0.88546997 -0.85955
v 0.42908001 1.10405004 -0.85955
v 0.42908001 1.10405004 -0.95201999
v 0.42908001 0.88546997 -0.95201999
v 0.42908001 0.88546997 -0.85955
v 0.42908001 1.10405004 -0.95201999
v 0.46685001 1.10405004 -0.95201999
v 0.46685001 0.88546997 -0.95201999
v 0.42908001 0.88546997 -0.95201999
v 0.46685001 1.10405004 -0.95201999
v 0.46685001 1.10405004 -0.85955
v 0.46685001 0.88546997 -0.85955
v 0.46685001 0.88546997 -0.95201999
v 0.46685001 0.88546997 -0.85955
v 0.42908001 0.88546997 -0.85955
v 0.42908001 0.88546997 -0.95201999
v 0.46685001 0.88546997 -0.95201999
v 0.46685001 1.10405004 -0.95201999
v 0.42908001 1.10405004 -0.95201999
v 0.42908001 1.10405004 -0.85955
v 0.46685001 1.10405004 -0.85955
v 0.51182002 1.10405004 -0.85955
v 0.47406 1.10405004 -0.85955
v 0.47406 0.88546997 -0.85955
v 0.51182002 0.88546997 -0.85955
v 0.47406 1.10405004 -0.85955
v 0.47406 1.10405004 -0.95201999
v 0.47406 0.88546997 -0.95201999
v 0.47406 0.88546997 -0.85955
v 0.47406 1.10405004 -0.95201999
v 0.51182002 1.10405004 -0.95201999
v 0.51182002 0.88546997 -0.95201999
v 0.47406 0.88546997 -0.95201999
v 0.51182002 1.10405004 -0.95201999
v 0.51182002 1.10405004 -0.85955
v 0.51182002 0.88546997 -0.85955
v 0.51182002 0.88546997 -0.95201999
v 0.51182002 0.88546997 -0.85955
v 0.47406 0.88546997 -0.85955
v 0.47406 0.88546997 -0.95201999
v 0.51182002 0.88546997 -0.95201999
v 0.51182002 1.10405004 -0.95201999
v 0.47406 1.10405004 -0.95201999
v 0.47406 1.10405004 -0.85955
v 0.51182002 1.10405004 -0.85955
v 0.73707002 0.89554 -0.85955
v 0.73707002 0.93330002 -0.85955
v 0.51848 0.93330002 -0.85955
v 0.51848 0.89554 -0.85955
v 0.73707002 0.93330002 -0.85955
v 0.73707002 0.93330002 -0.95201999
v 0.51848 0.93330002 -0.95201999
v 0.51848 0.93330002 -0.85955
v 0.73707002 0.93330002 -0.95201999
v 0.73707002 0.89554 -0.95201999
v 0.51848 0.89554 -0.95201999
v 0.51848 0.93330002 -0.95201999
v 0.73707002 0.89554 -0.95201999
v 0.73707002 0.89554 -0.85955
v 0.51848 0.89554 -0.85955
v 0.51848 0.89554 -0.95201999
v 0.51848 0.89554 -0.85955
v 0.51848 0.93330002 -0.85955
v 0.51848 0.93330002 -0.95201999
v 0.51848 0.89554 -0.95201999
v 0.73707002 0.89554 -0.95201999
v 0.73707002 0.93330002 -0.95201999
v 0.73707002 0.93330002 -0.85955
v 0.73707002 0.89554 -0.85955
v 0.73707002 0.94053 -0.85955
v 0.73707002 0.97829002 -0.85955
v 0.51848 0.97829002 -0.85955
v 0.51848 0.94053 -0.85955
v 0.73707002 0.97829002 -0.85955
v 0.73707002 0.97829002 -0.95201999
v 0.51848 0.97829002 -0.95201999
v 0.51848 0.97829002 -0.85955
v 0.73707002 0.97829002 -0.95201999
v 0.73707002 0.94053 -0.95201999
v 0.51848 0.94053 -0.95201999
v 0.51848 0.97829002 -0.95201999
v 0.73707002 0.94053 -0.95201999
v 0.73707002 0.94053 -0.85955
v 0.51848 0.94053 -0.85955
v 0.51848 0.94053 -0.95201999
v 0.51848 0.94053 -0.85955
v 0.51848 0.97829002 -0.85955
v 0.51848 0.97829002 -0.95201999
v 0.51848 0.94053 -0.95201999
v 0.73707002 0.94053 -0.95201999
v 0.73707002 0.97829002 -0.95201999
v 0.73707002 0.97829002 -0.85955
v 0.73707002 0.94053 -0.85955
v 0.73707002 0.98873001 -0.85955
v 0.73707002 1.02649999 -0.85955
v 0.51848 1.02649999 -0.85955
v 0.51848 0.98873001 -0.85955
v 0.73707002 1.02649999 -0.85955
v 0.73707002 1.02649999 -0.95201999
v 0.51848 1.02649999 -0.95201999
v 0.51848 1.02649999 -0.85955
v 0.73707002 1.02649999 -0.95201999
v 0.73707002 0.98873001 -0.95201999
v 0.51848 0.98873001 -0.95201999
v 0.51848 1.02649999 -0.95201999
v 0.73707002 0.98873001 -0.95201999
v 0.73707002 0.98873001 -0.85955
v 0.51848 0.98873001 -0.85955
v 0.51848 0.98873001 -0.95201999
v 0.51848 0.98873001 -0.85955
v 0.51848 1.02649999 -0.85955
v 0.51848 1.02649999 -0.95201999
v 0.51848 0.98873001 -0.95201999
v 0.73707002 0.98873001 -0.95201999
v 0.73707002 1.02649999 -0.95201999
v 0.73707002 1.02649999 -0.85955
v 0.73707002 0.98873001 -0.85955
v 0.73707002 1.03373003 -0.85955
v 0.73707002 1.07149005 -0.85955
v 0.51848 1.07149005 -0.85955
v 0.51848 1.03373003 -0.85955
v 0.73707002 1.07149005 -0.85955
v 0.73707002 1.07149005 -0.95201999
v 0.51848 1.07149005 -0.95201999
v 0.51848 1.07149005 -0.85955
v 0.73707002 1.07149005 -0.95201999
v 0.73707002 1.03373003 -0.95201999
v 0.51848 1.03373003 -0.95201999
v 0.51848 1.07149005 -0.95201999
v 0.73707002 1.03373003 -0.95201999
v 0.73707002 1.03373003 -0.85955
v 0.51848 1.03373003 -0.85955
v 0.51848 1.03373003 -0.95201999
v 0.51848 1.03373003 -0.85955
v 0.51848 1.07149005 -0.85955
v 0.51848 1.07149005 -0.95201999
v 0.51848 1.03373003 -0.95201999
v 0.73707002 1.03373003 -0.95201999
v 0.73707002 1.07149005 -0.95201999
v 0.73707002 1.07149005 -0.85955
v 0.73707002 1.03373003 -0.85955
v 0.73707002 1.08193004 -0.85955
v 0.73707002 1.11968994 -0.85955
v 0.51848 1.11968994 -0.85955
v 0.51848 1.08193004 -0.85955
v 0.73707002 1.11968994 -0.85955
v 0.73707002 1.11968994 -0.95201999
v 0.51848 1.11968994 -0.95201999
v 0.51848 1.11968994 -0.85955
v 0.73707002 1.11968994 -0.95201999
v 0.73707002 1.08193004 -0.95201999
v 0.51848 1.08193004 -0.95201999
v 0.51848 1.11968994 -0.95201999
v 0.73707002 1.08193004 -0.95201999
v 0.73707002 1.08193004 -0.85955
v 0.51848 1.08193004 -0.85955
v 0.51848 1.08193004 -0.95201999
v 0.51848 1.08193004 -0.85955
v 0.51848 1.11968994 -0.85955
v 0.51848 1.11968994 -0.95201999
v 0.51848 1.08193004 -0.95201999
v 0.73707002 1.08193004 -0.95201999
v 0.73707002 1.11968994 -0.95201999
v 0.73707002 1.11968994 -0.85955
v 0.73707002 1.08193004 -0.85955
v 0.86514997 0.7859 -0.85955
v 0.80430001 0.7859 -0.85955
v 0.80430001 0.56731999 -0.85955
v 0.86514997 0.56731999 -0.85955
v 0.80430001 0.7859 -0.85955
v 0.80430001 0.7859 -0.95201999
v 0.80430001 0.56731999 -0.95201999
v 0.80430001 0.56731999 -0.85955
v 0.80430001 0.7859 -0.95201999
v 0.86514997 0.7859 -0.95201999
v 0.86514997 0.56731999 -0.95201999
v 0.80430001 0.56731999 -0.95201999
v 0.86514997 0.7859 -0.95201999
v 0.86514997 0.7859 -0.85955
v 0.86514997 0.56731999 -0.85955
v 0.86514997 0.56731999 -0.95201999
v 0.86514997 0.56731999 -0.85955
v 0.80430001 0.56731999 -0.85955
v 0.80430001 0.56731999 -0.95201999
v 0.86514997 0.56731999 -0.95201999
v 0.86514997 0.7859 -0.95201999
v 0.80430001 0.7859 -0.95201999
v 0.80430001 0.7859 -0.85955
v 0.86514997 0.7859 -0.85955
v 0.90564001 0.7859 -0.85955
v 0.86786997 0.7859 -0.85955
v 0.86786997 0.56731999 -0.85955
v 0.90564001 0.56731999 -0.85955
v 0.86786997 0.7859 -0.85955
v 0.86786997 0.7859 -0.95201999
v 0.86786997 0.56731999 -0.95201999
v 0.86786997 0.56731999 -0.85955
v 0.86786997 0.7859 -0.95201999
v 0.90564001 0.7859 -0.95201999
v 0.90564001 0.56731999 -0.95201999
v 0.86786997 0.56731999 -0.95201999
v 0.90564001 0.7859 -0.95201999
v 0.90564001 0.7859 -0.85955
v 0.90564001 0.56731999 -0.85955
v 0.90564001 0.56731999 -0.95201999
v 0.90564001 0.56731999 -0.85955
v 0.86786997 0.56731999 -0.85955
v 0.86786997 0.56731999 -0.95201999
v 0.90564001 0.56731999 -0.95201999
v 0.90564001 0.7859 -0.95201999
v 0.86786997 0.7859 -0.95201999
v 0.86786997 0.7859 -0.85955
v 0.90564001 0.7859 -0.85955
v 0.94615 0.7859 -0.85955
v 0.90837997 0.7859 -0.85955
v 0.90837997 0.56731999 -0.85955
v 0.94615 0.56731999 -0.85955
v 0.90837997 0.7859 -0.85955
v 0.90837997 0.7859 -0.95201999
v 0.90837997 0.56731999 -0.95201999
v 0.90837997 0.56731999 -0.85955
v 0.90837997 0.7859 -0.95201999
v 0.94615 0.7859 -0.95201999
v 0.94615 0.56731999 -0.95201999
v 0.90837997 0.56731999 -0.95201999
v 0.94615 0.7859 -0.95201999
v 0.94615 0.7859 -0.85955
v 0.94615 0.56731999 -0.85955
v 0.94615 0.56731999 -0.95201999
v 0.94615 0.56731999 -0.85955
v 0.90837997 0.56731999 -0.85955
v 0.90837997 0.56731999 -0.95201999
v 0.94615 0.56731999 -0.95201999
v 0.94615 0.7859 -0.95201999
v 0.90837997 0.7859 -0.95201999
v 0.90837997 0.7859 -0.85955
v 0.94615 0.7859 -0.85955
v 0.7529 0.46454 -0.85955
v 0.71513999 0.46454 -0.85955
v 0.71513999 0.24595 -0.85955
v 0.7529 0.24595 -0.85955
v 0.71513999 0.46454 -0.85955
v 0.71513999 0.46454 -0.95201999
v 0.71513999 0.24595 -0.95201999
v 0.71513999 0.24595 -0.85955
v 0.71513999 0.46454 -0.95201999
v 0.7529 0.46454 -0.95201999
v 0.7529 0.24595 -0.95201999
v 0.71513999 0.24595 -0.95201999
v 0.7529 0.46454 -0.95201999
v 0.7529 0.46454 -0.85955
v 0.7529 0.24595 -0.85955
v 0.7529 0.24595 -0.95201999
v 0.7529 0.24595 -0.85955
v 0.71513999 0.24595 -0.85955
v 0.71513999 0.24595 -0.95201999
v 0.7529 0.24595 -0.95201999
v 0.7529 0.46454 -0.95201999
v 0.71513999 0.46454 -0.95201999
v 0.71513999 0.46454 -0.85955
v 0.7529 0.46454 -0.85955
v 0.70798999 0.46454 -0.85955
v 0.67022002 0.46454 -0.85955
v 0.67022002 0.24595 -0.85955
v 0.70798999 0.24595 -0.85955
v 0.67022002 0.46454 -0.85955
v 0.67022002 0.46454 -0.95201999
v 0.67022002 0.24595 -0.95201999
v 0.67022002 0.24595 -0.85955
v 0.67022002 0.46454 -0.95201999
v 0.70798999 0.46454 -0.95201999
v 0.70798999 0.24595 -0.95201999
v 0.67022002 0.24595 -0.95201999
v 0.70798999 0.46454 -0.95201999
v 0.70798999 0.46454 -0.85955
v 0.70798999 0.24595 -0.85955
v 0.70798999 0.24595 -0.95201999
v 0.70798999 0.24595 -0.85955
v 0.67022002 0.24595 -0.85955
v 0.67022002 0.24595 -0.95201999
v 0.70798999 0.24595 -0.95201999
v 0.70798999 0.46454 -0.95201999
v 0.67022002 0.46454 -0.95201999
v 0.67022002 0.46454 -0.85955
v 0.70798999 0.46454 -0.85955
v 0.66303998 0.46454 -0.85955
v 0.62527001 0.46454 -0.85955
v 0.62527001 0.24595 -0.85955
v 0.66303998 0.24595 -0.85955
v 0.62527001 0.46454 -0.85955
v 0.62527001 0.46454 -0.95201999
v 0.62527001 0.24595 -0.95201999
v 0.62527001 0.24595 -0.85955
v 0.62527001 0.46454 -0.95201999
v 0.66303998 0.46454 -0.95201999
v 0.66303998 0.24595 -0.95201999
v 0.62527001 0.24595 -0.95201999
v 0.66303998 0.46454 -0.95201999
v 0.66303998 0.46454 -0.85955
v 0.66303998 0.24595 -0.85955
v 0.66303998 0.24595 -0.95201999
v 0.66303998 0.24595 -0.85955
v 0.62527001 0.24595 -0.85955
v 0.62527001 0.24595 -0.95201999
v 0.66303998 0.24595 -0.95201999
v 0.66303998 0.46454 -0.95201999
v 0.62527001 0.46454 -0.95201999
v 0.62527001 0.46454 -0.85955
v 0.66303998 0.46454 -0.85955
v 0.61808002 0.46454 -0.85955
v 0.58030999 0.46454 -0.85955
v 0.58030999 0.24595 -0.85955
v 0.61808002 0.24595 -0.85955
v 0.58030999 0.46454 -0.85955
v 0.58030999 0.46454 -0.95201999
v 0.58030999 0.24595 -0.95201999
v 0.58030999 0.24595 -0.85955
v 0.58030999 0.46454 -0.95201999
v 0.61808002 0.46454 -0.95201999
v 0.61808002 0.24595 -0.95201999
v 0.58030999 0.24595 -0.95201999
v 0.61808002 0.46454 -0.95201999
v 0.61808002 0.46454 -0.85955
v 0.61808002 0.24595 -0.85955
v 0.61808002 0.24595 -0.95201999
v 0.61808002 0.24595 -0.85955
v 0.58030999 0.24595 -0.85955
v 0.58030999 0.24595 -0.95201999
v 0.61808002 0.24595 -0.95201999
v 0.61808002 0.46454 -0.95201999
v 0.58030999 0.46454 -0.95201999
v 0.58030999 0.46454 -0.85955
v 0.61808002 0.46454 -0.85955
v 0.56993002 0.46454 -0.85955
v 0.53215998 0.46454 -0.85955
v 0.53215998 0.24595 -0.85955
v 0.56993002 0.24595 -0.85955
v 0.53215998 0.46454 -0.85955
v 0.53215998 0.46454 -0.95201999
v 0.53215998 0.24595 -0.95201999
v 0.53215998 0.24595 -0.85955
v 0.53215998 0.46454 -0.95201999
v 0.56993002 0.46454 -0.95201999
v 0.56993002 0.24595 -0.95201999
v 0.53215998 0.24595 -0.95201999
v 0.56993002 0.46454 -0.95201999
v 0.56993002 0.46454 -0.85955
v 0.56993002 0.24595 -0.85955
v 0.56993002 0.24595 -0.95201999
v 0.56993002 0.24595 -0.85955
v 0.53215998 0.24595 -0.85955
v 0.53215998 0.24595 -0.95201999
v 0.56993002 0.24595 -0.95201999
v 0.56993002 0.46454 -0.95201999
v 0.53215998 0.46454 -0.95201999
v 0.53215998 0.46454 -0.85955
v 0.56993002 0.46454 -0.85955
v -0.52522999 0.46454 -0.85955
v -0.56300002 0.46454 -0.85955
v -0.56300002 0.24595 -0.85955
v -0.52522999 0.24595 -0.85955
v -0.56300002 0.46454 -0.85955
v -0.56300002 0.46454 -0.95201999
v -0.56300002 0.24595 -0.95201999
v -0.56300002 0.24595 -0.85955
v -0.56300002 0.46454 -0.95201999
v -0.52522999 0.46454 -0.95201999
v -0.52522999 0.24595 -0.95201999
v -0.56300002 0.24595 -0.95201999
v -0.52522999 0.46454 -0.95201999
v -0.52522999 0.46454 -0.85955
v -0.52522999 0.24595 -0.85955
v -0.52522999 0.24595 -0.95201999
v -0.52522999 0.24595 -0.85955
v -0.56300002 0.24595 -0.85955
v -0.56300002 0.24595 -0.95201999
v -0.52522999 0.24595 -0.95201999
v -0.52522999 0.46454 -0.95201999
v -0.56300002 0.46454 -0.95201999
v -0.56300002 0.46454 -0.85955
v -0.52522999 0.46454 -0.85955
v -0.48025 0.46454 -0.85955
v -0.51801002 0.46454 -0.85955
v -0.51801002 0.24595 -0.85955
v -0.48025 0.24595 -0.85955
v -0.51801002 0.46454 -0.85955
v -0.51801002 0.46454 -0.95201999
v -0.51801002 0.24595 -0.95201999
v -0.51801002 0.24595 -0.85955
v -0.51801002 0.46454 -0.95201999
v -0.48025 0.46454 -0.95201999
v -0.48025 0.24595 -0.95201999
v -0.51801002 0.24595 -0.95201999
v -0.48025 0.46454 -0.95201999
v -0.48025 0.46454 -0.85955
v -0.48025 0.24595 -0.85955
v -0.48025 0.24595 -0.95201999
v -0.48025 0.24595 -0.85955
v -0.51801002 0.24595 -0.85955
v -0.51801002 0.24595 -0.95201999
v -0.48025 0.24595 -0.95201999
v -0.48025 0.46454 -0.95201999
v -0.51801002 0.46454 -0.95201999
v -0.51801002 0.46454 -0.85955
v -0.48025 0.46454 -0.85955
v -0.43847999 0.46454 -0.85955
v -0.47624001 0.46454 -0.85955
v -0.47624001 0.24595 -0.85955
v -0.43847999 0.24595 -0.85955
v -0.47624001 0.46454 -0.85955
v -0.47624001 0.46454 -0.95201999
v -0.47624001 0.24595 -0.95201999
v -0.47624001 0.24595 -0.85955
v -0.47624001 0.46454 -0.95201999
v -0.43847999 0.46454 -0.95201999
v -0.43847999 0.24595 -0.95201999
v -0.47624001 0.24595 -0.95201999
v -0.43847999 0.46454 -0.95201999
v -0.43847999 0.46454 -0.85955
v -0.43847999 0.24595 -0.85955
v -0.43847999 0.24595 -0.95201999
v -0.43847999 0.24595 -0.85955
v -0.47624001 0.24595 -0.85955
v -0.47624001 0.24595 -0.95201999
v -0.43847999 0.24595 -0.95201999
v -0.43847999 0.46454 -0.95201999
v -0.47624001 0.46454 -0.95201999
v -0.47624001 0.46454 -0.85955
v -0.43847999 0.46454 -0.85955
v -0.52516001 0.13675 -0.85955
v -0.56292999 0.13675 -0.85955
v -0.56292999 -0.08184 -0.85955
v -0.52516001 -0.08184 -0.85955
v -0.56292999 0.13675 -0.85955
v -0.56292999 0.13675 -0.95201999
v -0.56292999 -0.08184 -0.95201999
v -0.56292999 -0.08184 -0.85955
v -0.56292999 0.13675 -0.95201999
v -0.52516001 0.13675 -0.95201999
v -0.52516001 -0.08184 -0.95201999
v -0.56292999 -0.08184 -0.95201999
v -0.52516001 0.13675 -0.95201999
v -0.52516001 0.13675 -0.85955
v -0.52516001 -0.08184 -0.85955
v -0.52516001 -0.08184 -0.95201999
v -0.52516001 -0.08184 -0.85955
v -0.56292999 -0.08184 -0.85955
v -0.56292999 -0.08184 -0.95201999
v -0.52516001 -0.08184 -0.95201999
v -0.52516001 0.13675 -0.95201999
v -0.56292999 0.13675 -0.95201999
v -0.56292999 0.13675 -0.85955
v -0.52516001 0.13675 -0.85955
v -0.48658001 0.13675 -0.85955
v -0.52434999 0.13675 -0.85955
v -0.52434999 -0.08184 -0.85955
v -0.48658001 -0.08184 -0.85955
v -0.52434999 0.13675 -0.85955
v -0.52434999 0.13675 -0.95201999
v -0.52434999 -0.08184 -0.95201999
v -0.52434999 -0.08184 -0.85955
v -0.52434999 0.13675 -0.95201999
v -0.48658001 0.13675 -0.95201999
v -0.48658001 -0.08184 -0.95201999
v -0.52434999 -0.08184 -0.95201999
v -0.48658001 0.13675 -0.95201999
v -0.48658001 0.13675 -0.85955
v -0.48658001 -0.08184 -0.85955
v -0.48658001 -0.08184 -0.95201999
v -0.48658001 -0.08184 -0.85955
v -0.52434999 -0.08184 -0.85955
v -0.52434999 -0.08184 -0.95201999
v -0.48658001 -0.08184 -0.95201999
v -0.48658001 0.13675 -0.95201999
v -0.52434999 0.13675 -0.95201999
v -0.52434999 0.13675 -0.85955
v -0.48658001 0.13675 -0.85955
v -0.06252 0.13675 -0.85955
v -0.10028 0.13675 -0.85955
v -0.10028 -0.08184 -0.85955
v -0.06252 -0.08184 -0.85955
v -0.10028 0.13675 -0.85955
v -0.10028 0.13675 -0.95201999
v -0.10028 -0.08184 -0.95201999
v -0.10028 -0.08184 -0.85955
v -0.10028 0.13675 -0.95201999
v -0.06252 0.13675 -0.95201999
v -0.06252 -0.08184 -0.95201999
v -0.10028 -0.08184 -0.95201999
v -0.06252 0.13675 -0.95201999
v -0.06252 0.13675 -0.85955
v -0.06252 -0.08184 -0.85955
v -0.06252 -0.08184 -0.95201999
v -0.06252 -0.08184 -0.85955
v -0.10028 -0.08184 -0.85955
v -0.10028 -0.08184 -0.95201999
v -0.06252 -0.08184 -0.95201999
v -0.06252 0.13675 -0.95201999
v -0.10028 0.13675 -0.95201999
v -0.10028 0.13675 -0.85955
v -0.06252 0.13675 -0.85955
v -0.02072 0.13675 -0.85955
v -0.05849 0.13675 -0.85955
v -0.05849 -0.08184 -0.85955
v -0.02072 -0.08184 -0.85955
v -0.05849 0.13675 -0.85955
v -0.05849 0.13675 -0.95201999
v -0.05849 -0.08184 -0.95201999
v -0.05849 -0.08184 -0.85955
v -0.05849 0.13675 -0.95201999
v -0.02072 0.13675 -0.95201999
v -0.02072 -0.08184 -0.95201999
v -0.05849 -0.08184 -0.95201999
v -0.02072 0.13675 -0.95201999
v -0.02072 0.13675 -0.85955
v -0.02072 -0.08184 -0.85955
v -0.02072 -0.08184 -0.95201999
v -0.02072 -0.08184 -0.85955
v -0.05849 -0.08184 -0.85955
v -0.05849 -0.08184 -0.95201999
v -0.02072 -0.08184 -0.95201999
v -0.02072 0.13675 -0.95201999
v -0.05849 0.13675 -0.95201999
v -0.05849 0.13675 -0.85955
v -0.02072 0.13675 -0.85955
v 0.02104 0.13675 -0.85955
v -0.01673 0.13675 -0.85955
v -0.01673 -0.08184 -0.85955
v 0.02104 -0.08184 -0.85955
v -0.01673 0.13675 -0.85955
v -0.01673 0.13675 -0.95201999
v -0.01673 -0.08184 -0.95201999
v -0.01673 -0.08184 -0.85955
v -0.01673 0.13675 -0.95201999
v 0.02104 0.13675 -0.95201999
v 0.02104 -0.08184 -0.95201999
v -0.01673 -0.08184 -0.95201999
v 0.02104 0.13675 -0.95201999
v 0.02104 0.13675 -0.85955
v 0.02104 -0.08184 -0.85955
v 0.02104 -0.08184 -0.95201999
v 0.02104 -0.08184 -0.85955
v -0.01673 -0.08184 -0.85955
v -0.01673 -0.08184 -0.95201999
v 0.02104 -0.08184 -0.95201999
v 0.02104 0.13675 -0.95201999
v -0.01673 0.13675 -0.95201999
v -0.01673 0.13675 -0.85955
v 0.02104 0.13675 -0.85955
v 0.29730001 0.13675 -0.85955
v 0.25953999 0.13675 -0.85955
v 0.25953999 -0.08184 -0.85955
v 0.29730001 -0.08184 -0.85955
v 0.25953999 0.13675 -0.85955
v 0.25953999 0.13675 -0.95201999
v 0.25953999 -0.08184 -0.95201999
v 0.25953999 -0.08184 -0.85955
v 0.25953999 0.13675 -0.95201999
v 0.29730001 0.13675 -0.95201999
v 0.29730001 -0.08184 -0.95201999
v 0.25953999 -0.08184 -0.95201999
v 0.29730001 0.13675 -0.95201999
v 0.29730001 0.13675 -0.85955
v 0.29730001 -0.08184 -0.85955
v 0.29730001 -0.08184 -0.95201999
v 0.29730001 -0.08184 -0.85955
v 0.25953999 -0.08184 -0.85955
v 0.25953999 -0.08184 -0.95201999
v 0.29730001 -0.08184 -0.95201999
v 0.29730001 0.13675 -0.95201999
v 0.25953999 0.13675 -0.95201999
v 0.25953999 0.13675 -0.85955
v 0.29730001 0.13675 -0.85955
v 0.84341002 0.13675 -0.85955
v 0.80565 0.13675 -0.85955
v 0.80565 -0.08184 -0.85955
v 0.84341002 -0.08184 -0.85955
v 0.80565 0.13675 -0.85955
v 0.80565 0.13675 -0.95201999
v 0.80565 -0.08184 -0.95201999
v 0.80565 -0.08184 -0.85955
v 0.80565 0.13675 -0.95201999
v 0.84341002 0.13675 -0.95201999
v 0.84341002 -0.08184 -0.95201999
v 0.80565 -0.08184 -0.95201999
v 0.84341002 0.13675 -0.95201999
v 0.84341002 0.13675 -0.85955
v 0.84341002 -0.08184 -0.85955
v 0.84341002 -0.08184 -0.95201999
v 0.84341002 -0.08184 -0.85955
v 0.80565 -0.08184 -0.85955
v 0.80565 -0.08184 -0.95201999
v 0.84341002 -0.08184 -0.95201999
v 0.84341002 0.13675 -0.95201999
v 0.80565 0.13675 -0.95201999
v 0.80565 0.13675 -0.85955
v 0.84341002 0.13675 -0.85955
v 0.88843 0.13675 -0.85955
v 0.85066003 0.13675 -0.85955
v 0.85066003 -0.08184 -0.85955
v 0.88843 -0.08184 -0.85955
v 0.85066003 0.13675 -0.85955
v 0.85066003 0.13675 -0.95201999
v 0.85066003 -0.08184 -0.95201999
v 0.85066003 -0.08184 -0.85955
v 0.85066003 0.13675 -0.95201999
v 0.88843 0.13675 -0.95201999
v 0.88843 -0.08184 -0.95201999
v 0.85066003 -0.08184 -0.95201999
v 0.88843 0.13675 -0.95201999
v 0.88843 0.13675 -0.85955
v 0.88843 -0.08184 -0.85955
v 0.88843 -0.08184 -0.95201999
v 0.88843 -0.08184 -0.85955
v 0.85066003 -0.08184 -0.85955
v 0.85066003 -0.08184 -0.95201999
v 0.88843 -0.08184 -0.95201999
v 0.88843 0.13675 -0.95201999
v 0.85066003 0.13675 -0.95201999
v 0.85066003 0.13675 -0.85955
v 0.88843 0.13675 -0.85955
v 0.93344003 0.13675 -0.85955
v 0.89568001 0.13675 -0.85955
v 0.89568001 -0.08184 -0.85955
v 0.93344003 -0.08184 -0.85955
v 0.89568001 0.13675 -0.85955
v 0.89568001 0.13675 -0.95201999
v 0.89568001 -0.08184 -0.95201999
v 0.89568001 -0.08184 -0.85955
v 0.89568001 0.13675 -0.95201999
v 0.93344003 0.13675 -0.95201999
v 0.93344003 -0.08184 -0.95201999
v 0.89568001 -0.08184 -0.95201999
v 0.93344003 0.13675 -0.95201999
v 0.93344003 0.13675 -0.85955
v 0.93344003 -0.08184 -0.85955
v 0.93344003 -0.08184 -0.95201999
v 0.93344003 -0.08184 -0.85955
v 0.89568001 -0.08184 -0.85955
v 0.89568001 -0.08184 -0.95201999
v 0.93344003 -0.08184 -0.95201999
v 0.93344003 0.13675 -0.95201999
v 0.89568001 0.13675 -0.95201999
v 0.89568001 0.13675 -0.85955
v 0.93344003 0.13675 -0.85955
v 1.13258004 -0.19426 -0.85955
v 1.09482002 -0.19426 -0.85955
v 1.09482002 -0.41284001 -0.85955
v 1.13258004 -0.41284001 -0.85955
v 1.09482002 -0.19426 -0.85955
v 1.09482002 -0.19426 -0.95201999
v 1.09482002 -0.41284001 -0.95201999
v 1.09482002 -0.41284001 -0.85955
v 1.09482002 -0.19426 -0.95201999
v 1.13258004 -0.19426 -0.95201999
v 1.13258004 -0.41284001 -0.95201999
v 1.09482002 -0.41284001 -0.95201999
v 1.13258004 -0.19426 -0.95201999
v 1.13258004 -0.19426 -0.85955
v 1.13258004 -0.41284001 -0.85955
v 1.13258004 -0.41284001 -0.95201999
v 1.13258004 -0.41284001 -0.85955
v 1.09482002 -0.41284001 -0.85955
v 1.09482002 -0.41284001 -0.95201999
v 1.13258004 -0.41284001 -0.95201999
v 1.13258004 -0.19426 -0.95201999
v 1.09482002 -0.19426 -0.95201999
v 1.09482002 -0.19426 -0.85955
v 1.13258004 -0.19426 -0.85955
v 0.74711001 -0.19426 -0.85955
v 0.70934999 -0.19426 -0.85955
v 0.70934999 -0.41284001 -0.85955
v 0.74711001 -0.41284001 -0.85955
v 0.70934999 -0.19426 -0.85955
v 0.70934999 -0.19426 -0.95201999
v 0.70934999 -0.41284001 -0.95201999
v 0.70934999 -0.41284001 -0.85955
v 0.70934999 -0.19426 -0.95201999
v 0.74711001 -0.19426 -0.95201999
v 0.74711001 -0.41284001 -0.95201999
v 0.70934999 -0.41284001 -0.95201999
v 0.74711001 -0.19426 -0.95201999
v 0.74711001 -0.19426 -0.85955
v 0.74711001 -0.41284001 -0.85955
v 0.74711001 -0.41284001 -0.95201999
v 0.74711001 -0.41284001 -0.85955
v 0.70934999 -0.41284001 -0.85955
v 0.70934999 -0.41284001 -0.95201999
v 0.74711001 -0.41284001 -0.95201999
v 0.74711001 -0.19426 -0.95201999
v 0.70934999 -0.19426 -0.95201999
v 0.70934999 -0.19426 -0.85955
v 0.74711001 -0.19426 -0.85955
v 0.70218003 -0.19426 -0.85955
v 0.66442001 -0.19426 -0.85955
v 0.66442001 -0.41284001 -0.85955
v 0.70218003 -0.41284001 -0.85955
v 0.66442001 -0.19426 -0.85955
v 0.66442001 -0.19426 -0.95201999
v 0.66442001 -0.41284001 -0.95201999
v 0.66442001 -0.41284001 -0.85955
v 0.66442001 -0.19426 -0.95201999
v 0.70218003 -0.19426 -0.95201999
v 0.70218003 -0.41284001 -0.95201999
v 0.66442001 -0.41284001 -0.95201999
v 0.70218003 -0.19426 -0.95201999
v 0.70218003 -0.19426 -0.85955
v 0.70218003 -0.41284001 -0.85955
v 0.70218003 -0.41284001 -0.95201999
v 0.70218003 -0.41284001 -0.85955
v 0.66442001 -0.41284001 -0.85955
v 0.66442001 -0.41284001 -0.95201999
v 0.70218003 -0.41284001 -0.95201999
v 0.70218003 -0.19426 -0.95201999
v 0.66442001 -0.19426 -0.95201999
v 0.66442001 -0.19426 -0.85955
v 0.70218003 -0.19426 -0.85955
v 0.66365999 -0.19426 -0.85955
v 0.62589002 -0.19426 -0.85955
v 0.62589002 -0.41284001 -0.85955
v 0.66365999 -0.41284001 -0.85955
v 0.62589002 -0.19426 -0.85955
v 0.62589002 -0.19426 -0.95201999
v 0.62589002 -0.41284001 -0.95201999
v 0.62589002 -0.41284001 -0.85955
v 0.62589002 -0.19426 -0.95201999
v 0.66365999 -0.19426 -0.95201999
v 0.66365999 -0.41284001 -0.95201999
v 0.62589002 -0.41284001 -0.95201999
v 0.66365999 -0.19426 -0.95201999
v 0.66365999 -0.19426 -0.85955
v 0.66365999 -0.41284001 -0.85955
v 0.66365999 -0.41284001 -0.95201999
v 0.66365999 -0.41284001 -0.85955
v 0.62589002 -0.41284001 -0.85955
v 0.62589002 -0.41284001 -0.95201999
v 0.66365999 -0.41284001 -0.95201999
v 0.66365999 -0.19426 -0.95201999
v 0.62589002 -0.19426 -0.95201999
v 0.62589002 -0.19426 -0.85955
v 0.66365999 -0.19426 -0.85955
v 0.62194997 -0.19426 -0.85955
v 0.58418 -0.19426 -0.85955
v 0.58418 -0.41284001 -0.85955
v 0.62194997 -0.41284001 -0.85955
v 0.58418 -0.19426 -0.85955
v 0.58418 -0.19426 -0.95201999
v 0.58418 -0.41284001 -0.95201999
v 0.58418 -0.41284001 -0.85955
v 0.58418 -0.19426 -0.95201999
v 0.62194997 -0.19426 -0.95201999
v 0.62194997 -0.41284001 -0.95201999
v 0.58418 -0.41284001 -0.95201999
v 0.62194997 -0.19426 -0.95201999
v 0.62194997 -0.19426 -0.85955
v 0.62194997 -0.41284001 -0.85955
v 0.62194997 -0.41284001 -0.95201999
v 0.62194997 -0.41284001 -0.85955
v 0.58418 -0.41284001 -0.85955
v 0.58418 -0.41284001 -0.95201999
v 0.62194997 -0.41284001 -0.95201999
v 0.62194997 -0.19426 -0.95201999
v 0.58418 -0.19426 -0.95201999
v 0.58418 -0.19426 -0.85955
v 0.62194997 -0.19426 -0.85955
v -0.0654 -0.19426 -0.85955
v -0.10317 -0.19426 -0.85955
v -0.10317 -0.41284001 -0.85955
v -0.0654 -0.41284001 -0.85955
v -0.10317 -0.19426 -0.85955
v -0.10317 -0.19426 -0.95201999
v -0.10317 -0.41284001 -0.95201999
v -0.10317 -0.41284001 -0.85955
v -0.10317 -0.19426 -0.95201999
v -0.0654 -0.19426 -0.95201999
v -0.0654 -0.41284001 -0.95201999
v -0.10317 -0.41284001 -0.95201999
v -0.0654 -0.19426 -0.95201999
v -0.0654 -0.19426 -0.85955
v -0.0654 -0.41284001 -0.85955
v -0.0654 -0.41284001 -0.95201999
v -0.0654 -0.41284001 -0.85955
v -0.10317 -0.41284001 -0.85955
v -0.10317 -0.41284001 -0.95201999
v -0.0654 -0.41284001 -0.95201999
v -0.0654 -0.19426 -0.95201999
v -0.10317 -0.19426 -0.95201999
v -0.10317 -0.19426 -0.85955
v -0.0654 -0.19426 -0.85955
v -0.15854999 -0.19426 -0.85955
v -0.19631 -0.19426 -0.85955
v -0.19631 -0.41284001 -0.85955
v -0.15854999 -0.41284001 -0.85955
v -0.19631 -0.19426 -0.85955
v -0.19631 -0.19426 -0.95201999
v -0.19631 -0.41284001 -0.95201999
v -0.19631 -0.41284001 -0.85955
v -0.19631 -0.19426 -0.95201999
v -0.15854999 -0.19426 -0.95201999
v -0.15854999 -0.41284001 -0.95201999
v -0.19631 -0.41284001 -0.95201999
v -0.15854999 -0.19426 -0.95201999
v -0.15854999 -0.19426 -0.85955
v -0.15854999 -0.41284001 -0.85955
v -0.15854999 -0.41284001 -0.95201999
v -0.15854999 -0.41284001 -0.85955
v -0.19631 -0.41284001 -0.85955
v -0.19631 -0.41284001 -0.95201999
v -0.15854999 -0.41284001 -0.95201999
v -0.15854999 -0.19426 -0.95201999
v -0.19631 -0.19426 -0.95201999
v -0.19631 -0.19426 -0.85955
v -0.15854999 -0.19426 -0.85955
v -0.20031001 -0.19426 -0.85955
v -0.23807 -0.19426 -0.85955
v -0.23807 -0.41284001 -0.85955
v -0.20031001 -0.41284001 -0.85955
v -0.23807 -0.19426 -0.85955
v -0.23807 -0.19426 -0.95201999
v -0.23807 -0.41284001 -0.95201999
v -0.23807 -0.41284001 -0.85955
v -0.23807 -0.19426 -0.95201999
v -0.20031001 -0.19426 -0.95201999
v -0.20031001 -0.41284001 -0.95201999
v -0.23807 -0.41284001 -0.95201999
v -0.20031001 -0.19426 -0.95201999
v -0.20031001 -0.19426 -0.85955
v -0.20031001 -0.41284001 -0.85955
v -0.20031001 -0.41284001 -0.95201999
v -0.20031001 -0.41284001 -0.85955
v -0.23807 -0.41284001 -0.85955
v -0.23807 -0.41284001 -0.95201999
v -0.20031001 -0.41284001 -0.95201999
v -0.20031001 -0.19426 -0.95201999
v -0.23807 -0.19426 -0.95201999
v -0.23807 -0.19426 -0.85955
v -0.20031001 -0.19426 -0.85955
v -0.24206001 -0.19426 -0.85955
v -0.27983001 -0.19426 -0.85955
v -0.27983001 -0.41284001 -0.85955
v -0.24206001 -0.41284001 -0.85955
v -0.27983001 -0.19426 -0.85955
v -0.27983001 -0.19426 -0.95201999
v -0.27983001 -0.41284001 -0.95201999
v -0.27983001 -0.41284001 -0.85955
v -0.27983001 -0.19426 -0.95201999
v -0.24206001 -0.19426 -0.95201999
v -0.24206001 -0.41284001 -0.95201999
v -0.27983001 -0.41284001 -0.95201999
v -0.24206001 -0.19426 -0.95201999
v -0.24206001 -0.19426 -0.85955
v -0.24206001 -0.41284001 -0.85955
v -0.24206001 -0.41284001 -0.95201999
v -0.24206001 -0.41284001 -0.85955
v -0.27983001 -0.41284001 -0.85955
v -0.27983001 -0.41284001 -0.95201999
v -0.24206001 -0.41284001 -0.95201999
v -0.24206001 -0.19426 -0.95201999
v -0.27983001 -0.19426 -0.95201999
v -0.27983001 -0.19426 -0.85955
v -0.24206001 -0.19426 -0.85955
v -0.16177 -0.51884001 -0.85955
v -0.19953001 -0.51884001 -0.85955
v -0.19953001 -0.73742002 -0.85955
v -0.16177 -0.73742002 -0.85955
v -0.19953001 -0.51884001 -0.85955
v -0.19953001 -0.51884001 -0.95201999
v -0.19953001 -0.73742002 -0.95201999
v -0.19953001 -0.73742002 -0.85955
v -0.19953001 -0.51884001 -0.95201999
v -0.16177 -0.51884001 -0.95201999
v -0.16177 -0.73742002 -0.95201999
v -0.19953001 -0.73742002 -0.95201999
v -0.16177 -0.51884001 -0.95201999
v -0.16177 -0.51884001 -0.85955
v -0.16177 -0.73742002 -0.85955
v -0.16177 -0.73742002 -0.95201999
v -0.16177 -0.73742002 -0.85955
v -0.19953001 -0.73742002 -0.85955
v -0.19953001 -0.73742002 -0.95201999
v -0.16177 -0.73742002 -0.95201999
v -0.16177 -0.51884001 -0.95201999
v -0.19953001 -0.51884001 -0.95201999
v -0.19953001 -0.51884001 -0.85955
v -0.16177 -0.51884001 -0.85955
v -0.20349 -0.51884001 -0.85955
v -0.24126001 -0.51884001 -0.85955
v -0.24126001 -0.73742002 -0.85955
v -0.20349 -0.73742002 -0.85955
v -0.24126001 -0.51884001 -0.85955
v -0.24126001 -0.51884001 -0.95201999
v -0.24126001 -0.73742002 -0.95201999
v -0.24126001 -0.73742002 -0.85955
v -0.24126001 -0.51884001 -0.95201999
v -0.20349 -0.51884001 -0.95201999
v -0.20349 -0.73742002 -0.95201999
v -0.24126001 -0.73742002 -0.95201999
v -0.20349 -0.51884001 -0.95201999
v -0.20349 -0.51884001 -0.85955
v -0.20349 -0.73742002 -0.85955
v -0.20349 -0.73742002 -0.95201999
v -0.20349 -0.73742002 -0.85955
v -0.24126001 -0.73742002 -0.85955
v -0.24126001 -0.73742002 -0.95201999
v -0.20349 -0.73742002 -0.95201999
v -0.20349 -0.51884001 -0.95201999
v -0.24126001 -0.51884001 -0.95201999
v -0.24126001 -0.51884001 -0.85955
v -0.20349 -0.51884001 -0.85955
v -0.24842 -0.51884001 -0.85955
v -0.28619 -0.51884001 -0.85955
v -0.28619 -0.73742002 -0.85955
v -0.24842 -0.73742002 -0.85955
v -0.28619 -0.51884001 -0.85955
v -0.28619 -0.51884001 -0.95201999
v -0.28619 -0.73742002 -0.95201999
v -0.28619 -0.73742002 -0.85955
v -0.28619 -0.51884001 -0.95201999
v -0.24842 -0.51884001 -0.95201999
v -0.24842 -0.73742002 -0.95201999
v -0.28619 -0.73742002 -0.95201999
v -0.24842 -0.51884001 -0.95201999
v -0.24842 -0.51884001 -0.85955
v -0.24842 -0.73742002 -0.85955
v -0.24842 -0.73742002 -0.95201999
v -0.24842 -0.73742002 -0.85955
v -0.28619 -0.73742002 -0.85955
v -0.28619 -0.73742002 -0.95201999
v -0.24842 -0.73742002 -0.95201999
v -0.24842 -0.51884001 -0.95201999
v -0.28619 -0.51884001 -0.95201999
v -0.28619 -0.51884001 -0.85955
v -0.24842 -0.51884001 -0.85955
v -0.29339001 -0.51884001 -0.85955
v -0.33116001 -0.51884001 -0.85955
v -0.33116001 -0.73742002 -0.85955
v -0.29339001 -0.73742002 -0.85955
v -0.33116001 -0.51884001 -0.85955
v -0.33116001 -0.51884001 -0.95201999
v -0.33116001 -0.73742002 -0.95201999
v -0.33116001 -0.73742002 -0.85955
v -0.33116001 -0.51884001 -0.95201999
v -0.29339001 -0.51884001 -0.95201999
v -0.29339001 -0.73742002 -0.95201999
v -0.33116001 -0.73742002 -0.95201999
v -0.29339001 -0.51884001 -0.95201999
v -0.29339001 -0.51884001 -0.85955
v -0.29339001 -0.73742002 -0.85955
v -0.29339001 -0.73742002 -0.95201999
v -0.29339001 -0.73742002 -0.85955
v -0.33116001 -0.73742002 -0.85955
v -0.33116001 -0.73742002 -0.95201999
v -0.29339001 -0.73742002 -0.95201999
v -0.29339001 -0.51884001 -0.95201999
v -0.33116001 -0.51884001 -0.95201999
v -0.33116001 -0.51884001 -0.85955
v -0.29339001 -0.51884001 -0.85955
v -0.33513001 -0.51884001 -0.85955
v -0.37289 -0.51884001 -0.85955
v -0.37289 -0.73742002 -0.85955
v -0.33513001 -0.73742002 -0.85955
v -0.37289 -0.51884001 -0.85955
v -0.37289 -0.51884001 -0.95201999
v -0.37289 -0.73742002 -0.95201999
v -0.37289 -0.73742002 -0.85955
v -0.37289 -0.51884001 -0.95201999
v -0.33513001 -0.51884001 -0.95201999
v -0.33513001 -0.73742002 -0.95201999
v -0.37289 -0.73742002 -0.95201999
v -0.33513001 -0.51884001 -0.95201999
v -0.33513001 -0.51884001 -0.85955
v -0.33513001 -0.73742002 -0.85955
v -0.33513001 -0.73742002 -0.95201999
v -0.33513001 -0.73742002 -0.85955
v -0.37289 -0.73742002 -0.85955
v -0.37289 -0.73742002 -0.95201999
v -0.33513001 -0.73742002 -0.95201999
v -0.33513001 -0.51884001 -0.95201999
v -0.37289 -0.51884001 -0.95201999
v -0.37289 -0.51884001 -0.85955
v -0.33513001 -0.51884001 -0.85955
v -0.38009 -0.51884001 -0.85955
v -0.41784999 -0.51884001 -0.85955
v -0.41784999 -0.73742002 -0.85955
v -0.38009 -0.73742002 -0.85955
v -0.41784999 -0.51884001 -0.85955
v -0.41784999 -0.51884001 -0.95201999
v -0.41784999 -0.73742002 -0.95201999
v -0.41784999 -0.73742002 -0.85955
v -0.41784999 -0.51884001 -0.95201999
v -0.38009 -0.51884001 -0.95201999
v -0.38009 -0.73742002 -0.95201999
v -0.41784999 -0.73742002 -0.95201999
v -0.38009 -0.51884001 -0.95201999
v -0.38009 -0.51884001 -0.85955
v -0.38009 -0.73742002 -0.85955
v -0.38009 -0.73742002 -0.95201999
v -0.38009 -0.73742002 -0.85955
v -0.41784999 -0.73742002 -0.85955
v -0.41784999 -0.73742002 -0.95201999
v -0.38009 -0.73742002 -0.95201999
v -0.38009 -0.51884001 -0.95201999
v -0.41784999 -0.51884001 -0.95201999
v -0.41784999 -0.51884001 -0.85955
v -0.38009 -0.51884001 -0.85955
v -0.42179999 -0.51884001 -0.85955
v -0.45956999 -0.51884001 -0.85955
v -0.45956999 -0.73742002 -0.85955
v -0.42179999 -0.73742002 -0.85955
v -0.45956999 -0.51884001 -0.85955
v -0.45956999 -0.51884001 -0.95201999
v -0.45956999 -0.73742002 -0.95201999
v -0.45956999 -0.73742002 -0.85955
v -0.45956999 -0.51884001 -0.95201999
v -0.42179999 -0.51884001 -0.95201999
v -0.42179999 -0.73742002 -0.95201999
v -0.45956999 -0.73742002 -0.95201999
v -0.42179999 -0.51884001 -0.95201999
v -0.42179999 -0.51884001 -0.85955
v -0.42179999 -0.73742002 -0.85955
v -0.42179999 -0.73742002 -0.95201999
v -0.42179999 -0.73742002 -0.85955
v -0.45956999 -0.73742002 -0.85955
v -0.45956999 -0.73742002 -0.95201999
v -0.42179999 -0.73742002 -0.95201999
v -0.42179999 -0.51884001 -0.95201999
v -0.45956999 -0.51884001 -0.95201999
v -0.45956999 -0.51884001 -0.85955
v -0.42179999 -0.51884001 -0.85955
v -0.46996999 -0.51884001 -0.85955
v -0.50773001 -0.51884001 -0.85955
v -0.50773001 -0.73742002 -0.85955
v -0.46996999 -0.73742002 -0.85955
v -0.50773001 -0.51884001 -0.85955
v -0.50773001 -0.51884001 -0.95201999
v -0.50773001 -0.73742002 -0.95201999
v -0.50773001 -0.73742002 -0.85955
v -0.50773001 -0.51884001 -0.95201999
v -0.46996999 -0.51884001 -0.95201999
v -0.46996999 -0.73742002 -0.95201999
v -0.50773001 -0.73742002 -0.95201999
v -0.46996999 -0.51884001 -0.95201999
v -0.46996999 -0.51884001 -0.85955
v -0.46996999 -0.73742002 -0.85955
v -0.46996999 -0.73742002 -0.95201999
v -0.46996999 -0.73742002 -0.85955
v -0.50773001 -0.73742002 -0.85955
v -0.50773001 -0.73742002 -0.95201999
v -0.46996999 -0.73742002 -0.95201999
v -0.46996999 -0.51884001 -0.95201999
v -0.50773001 -0.51884001 -0.95201999
v -0.50773001 -0.51884001 -0.85955
v -0.46996999 -0.51884001 -0.85955
v -0.51493001 -0.51884001 -0.85955
v -0.55269003 -0.51884001 -0.85955
v -0.55269003 -0.73742002 -0.85955
v -0.51493001 -0.73742002 -0.85955
v -0.55269003 -0.51884001 -0.85955
v -0.55269003 -0.51884001 -0.95201999
v -0.55269003 -0.73742002 -0.95201999
v -0.55269003 -0.73742002 -0.85955
v -0.55269003 -0.51884001 -0.95201999
v -0.51493001 -0.51884001 -0.95201999
v -0.51493001 -0.73742002 -0.95201999
v -0.55269003 -0.73742002 -0.95201999
v -0.51493001 -0.51884001 -0.95201999
v -0.51493001 -0.51884001 -0.85955
v -0.51493001 -0.73742002 -0.85955
v -0.51493001 -0.73742002 -0.95201999
v -0.51493001 -0.73742002 -0.85955
v -0.55269003 -0.73742002 -0.85955
v -0.55269003 -0.73742002 -0.95201999
v -0.51493001 -0.73742002 -0.95201999
v -0.51493001 -0.51884001 -0.95201999
v -0.55269003 -0.51884001 -0.95201999
v -0.55269003 -0.51884001 -0.85955
v -0.51493001 -0.51884001 -0.85955
v -0.51493001 -0.83377999 -0.85955
v -0.55269003 -0.83377999 -0.85955
v -0.55269003 -1.05236006 -0.85955
v -0.51493001 -1.05236006 -0.85955
v -0.55269003 -0.83377999 -0.85955
v -0.55269003 -0.83377999 -0.95201999
v -0.55269003 -1.05236006 -0.95201999
v -0.55269003 -1.05236006 -0.85955
v -0.55269003 -0.83377999 -0.95201999
v -0.51493001 -0.83377999 -0.95201999
v -0.51493001 -1.05236006 -0.95201999
v -0.55269003 -1.05236006 -0.95201999
v -0.51493001 -0.83377999 -0.95201999
v -0.51493001 -0.83377999 -0.85955
v -0.51493001 -1.05236006 -0.85955
v -0.51493001 -1.05236006 -0.95201999
v -0.51493001 -1.05236006 -0.85955
v -0.55269003 -1.05236006 -0.85955
v -0.55269003 -1.05236006 -0.95201999
v -0.51493001 -1.05236006 -0.95201999
v -0.51493001 -0.83377999 -0.95201999
v -0.55269003 -0.83377999 -0.95201999
v -0.55269003 -0.83377999 -0.85955
v -0.51493001 -0.83377999 -0.85955
v -0.47314 -0.83377999 -0.85955
v -0.51090997 -0.83377999 -0.85955
v -0.51090997 -1.05236006 -0.85955
v -0.47314 -1.05236006 -0.85955
v -0.51090997 -0.83377999 -0.85955
v -0.51090997 -0.83377999 -0.95201999
v -0.51090997 -1.05236006 -0.95201999
v -0.51090997 -1.05236006 -0.85955
v -0.51090997 -0.83377999 -0.95201999
v -0.47314 -0.83377999 -0.95201999
v -0.47314 -1.05236006 -0.95201999
v -0.51090997 -1.05236006 -0.95201999
v -0.47314 -0.83377999 -0.95201999
v -0.47314 -0.83377999 -0.85955
v -0.47314 -1.05236006 -0.85955
v -0.47314 -1.05236006 -0.95201999
v -0.47314 -1.05236006 -0.85955
v -0.51090997 -1.05236006 -0.85955
v -0.51090997 -1.05236006 -0.95201999
v -0.47314 -1.05236006 -0.95201999
v -0.47314 -0.83377999 -0.95201999
v -0.51090997 -0.83377999 -0.95201999
v -0.51090997 -0.83377999 -0.85955
v -0.47314 -0.83377999 -0.85955
v 0.38442001 -0.83377999 -0.85955
v 0.34665 -0.83377999 -0.85955
v 0.34665 -1.05236006 -0.85955
v 0.38442001 -1.05236006 -0.85955
v 0.34665 -0.83377999 -0.85955
v 0.34665 -0.83377999 -0.95201999
v 0.34665 -1.05236006 -0.95201999
v 0.34665 -1.05236006 -0.85955
v 0.34665 -0.83377999 -0.95201999
v 0.38442001 -0.83377999 -0.95201999
v 0.38442001 -1.05236006 -0.95201999
v 0.34665 -1.05236006 -0.95201999
v 0.38442001 -0.83377999 -0.95201999
v 0.38442001 -0.83377999 -0.85955
v 0.38442001 -1.05236006 -0.85955
v 0.38442001 -1.05236006 -0.95201999
v 0.38442001 -1.05236006 -0.85955
v 0.34665 -1.05236006 -0.85955
v 0.34665 -1.05236006 -0.95201999
v 0.38442001 -1.05236006 -0.95201999
v 0.38442001 -0.83377999 -0.95201999
v 0.34665 -0.83377999 -0.95201999
v 0.34665 -0.83377999 -0.85955
v 0.38442001 -0.83377999 -0.85955
v 0.42620999 -0.83377999 -0.85955
v 0.38845 -0.83377999 -0.85955
v 0.38845 -1.05236006 -0.85955
v 0.42620999 -1.05236006 -0.85955
v 0.38845 -0.83377999 -0.85955
v 0.38845 -0.83377999 -0.95201999
v 0.38845 -1.05236006 -0.95201999
v 0.38845 -1.05236006 -0.85955
v 0.38845 -0.83377999 -0.95201999
v 0.42620999 -0.83377999 -0.95201999
v 0.42620999 -1.05236006 -0.95201999
v 0.38845 -1.05236006 -0.95201999
v 0.42620999 -0.83377999 -0.95201999
v 0.42620999 -0.83377999 -0.85955
v 0.42620999 -1.05236006 -0.85955
v 0.42620999 -1.05236006 -0.95201999
v 0.42620999 -1.05236006 -0.85955
v 0.38845 -1.05236006 -0.85955
v 0.38845 -1.05236006 -0.95201999
v 0.42620999 -1.05236006 -0.95201999
v 0.42620999 -0.83377999 -0.95201999
v 0.38845 -0.83377999 -0.95201999
v 0.38845 -0.83377999 -0.85955
v 0.42620999 -0.83377999 -0.85955
v 0.46797001 -0.83377999 -0.85955
v 0.43020999 -0.83377999 -0.85955
v 0.43020999 -1.05236006 -0.85955
v 0.46797001 -1.05236006 -0.85955
v 0.43020999 -0.83377999 -0.85955
v 0.43020999 -0.83377999 -0.95201999
v 0.43020999 -1.05236006 -0.95201999
v 0.43020999 -1.05236006 -0.85955
v 0.43020999 -0.83377999 -0.95201999
v 0.46797001 -0.83377999 -0.95201999
v 0.46797001 -1.05236006 -0.95201999
v 0.43020999 -1.05236006 -0.95201999
v 0.46797001 -0.83377999 -0.95201999
v 0.46797001 -0.83377999 -0.85955
v 0.46797001 -1.05236006 -0.85955
v 0.46797001 -1.05236006 -0.95201999
v 0.46797001 -1.05236006 -0.85955
v 0.43020999 -1.05236006 -0.85955
v 0.43020999 -1.05236006 -0.95201999
v 0.46797001 -1.05236006 -0.95201999
v 0.46797001 -0.83377999 -0.95201999
v 0.43020999 -0.83377999 -0.95201999
v 0.43020999 -0.83377999 -0.85955
v 0.46797001 -0.83377999 -0.85955
v 0.84061998 -0.83377999 -0.85955
v 0.80285001 -0.83377999 -0.85955
v 0.80285001 -1.05236006 -0.85955
v 0.84061998 -1.05236006 -0.85955
v 0.80285001 -0.83377999 -0.85955
v 0.80285001 -0.83377999 -0.95201999
v 0.80285001 -1.05236006 -0.95201999
v 0.80285001 -1.05236006 -0.85955
v 0.80285001 -0.83377999 -0.95201999
v 0.84061998 -0.83377999 -0.95201999
v 0.84061998 -1.05236006 -0.95201999
v 0.80285001 -1.05236006 -0.95201999
v 0.84061998 -0.83377999 -0.95201999
v 0.84061998 -0.83377999 -0.85955
v 0.84061998 -1.05236006 -0.85955
v 0.84061998 -1.05236006 -0.95201999
v 0.84061998 -1.05236006 -0.85955
v 0.80285001 -1.05236006 -0.85955
v 0.80285001 -1.05236006 -0.95201999
v 0.84061998 -1.05236006 -0.95201999
v 0.84061998 -0.83377999 -0.95201999
v 0.80285001 -0.83377999 -0.95201999
v 0.80285001 -0.83377999 -0.85955
v 0.84061998 -0.83377999 -0.85955
v 0.88559002 -0.83377999 -0.85955
v 0.84781998 -0.83377999 -0.85955
v 0.84781998 -1.05236006 -0.85955
v 0.88559002 -1.05236006 -0.85955
v 0.84781998 -0.83377999 -0.85955
v 0.84781998 -0.83377999 -0.95201999
v 0.84781998 -1.05236006 -0.95201999
v 0.84781998 -1.05236006 -0.85955
v 0.84781998 -0.83377999 -0.95201999
v 0.88559002 -0.83377999 -0.95201999
v 0.88559002 -1.05236006 -0.95201999
v 0.84781998 -1.05236006 -0.95201999
v 0.88559002 -0.83377999 -0.95201999
v 0.88559002 -0.83377999 -0.85955
v 0.88559002 -1.05236006 -0.85955
v 0.88559002 -1.05236006 -0.95201999
v 0.88559002 -1.05236006 -0.85955
v 0.84781998 -1.05236006 -0.85955
v 0.84781998 -1.05236006 -0.95201999
v 0.88559002 -1.05236006 -0.95201999
v 0.88559002 -0.83377999 -0.95201999
v 0.84781998 -0.83377999 -0.95201999
v 0.84781998 -0.83377999 -0.85955
v 0.88559002 -0.83377999 -0.85955
v 0.92736 -0.83377999 -0.85955
v 0.88959998 -0.83377999 -0.85955
v 0.88959998 -1.05236006 -0.85955
v 0.92736 -1.05236006 -0.85955
v 0.88959998 -0.83377999 -0.85955
v 0.88959998 -0.83377999 -0.95201999
v 0.88959998 -1.05236006 -0.95201999
v 0.88959998 -1.05236006 -0.85955
v 0.88959998 -0.83377999 -0.95201999
v 0.92736 -0.83377999 -0.95201999
v 0.92736 -1.05236006 -0.95201999
v 0.88959998 -1.05236006 -0.95201999
v 0.92736 -0.83377999 -0.95201999
v 0.92736 -0.83377999 -0.85955
v 0.92736 -1.05236006 -0.85955
v 0.92736 -1.05236006 -0.95201999
v 0.92736 -1.05236006 -0.85955
v 0.88959998 -1.05236006 -0.85955
v 0.88959998 -1.05236006 -0.95201999
v 0.92736 -1.05236006 -0.95201999
v 0.92736 -0.83377999 -0.95201999
v 0.88959998 -0.83377999 -0.95201999
v 0.88959998 -0.83377999 -0.85955
v 0.92736 -0.83377999 -0.85955
v 1.13014996 -1.00978005 -0.95201999
v 1.13014996 -0.97201997 -0.95201999
v 1.13657999 -0.97201997 -0.85955
v 1.13657999 -1.00978005 -0.85955
v 0.93093002 -1.00978005 -0.85955
v 0.93093002 -0.97201997 -0.85955
v 0.92451 -0.97201997 -0.95201999
v 0.92451 -1.00978005 -0.95201999
v 1.13014996 -1.00978005 -0.95201999
v 1.13657999 -1.00978005 -0.85955
v 0.93093002 -1.00978005 -0.85955
v 0.92451 -1.00978005 -0.95201999
v 1.13014996 -0.97201997 -0.95201999
v 1.13014996 -1.00978005 -0.95201999
v 0.92451 -1.00978005 -0.95201999
v 0.92451 -0.97201997 -0.95201999
v 1.13657999 -0.97201997 -0.85955
v 1.13014996 -0.97201997 -0.95201999
v 0.92451 -0.97201997 -0.95201999
v 0.93093002 -0.97201997 -0.85955
v 1.13657999 -1.00978005 -0.85955
v 1.13657999 -0.97201997 -0.85955
v 0.93093002 -0.97201997 -0.85955
v 0.93093002 -1.00978005 -0.85955
v 1.13657999 -1.05192995 -0.85955
v 1.13657999 -1.01417005 -0.85955
v 0.93093002 -1.01417005 -0.85955
v 0.93093002 -1.05192995 -0.85955
v 1.13657999 -1.01417005 -0.85955
v 1.13014996 -1.01417005 -0.95201999
v 0.92451 -1.01417005 -0.95201999
v 0.93093002 -1.01417005 -0.85955
v 1.13014996 -1.01417005 -0.95201999
v 1.13014996 -1.05192995 -0.95201999
v 0.92451 -1.05192995 -0.95201999
v 0.92451 -1.01417005 -0.95201999
v 1.13014996 -1.05192995 -0.95201999
v 1.13657999 -1.05192995 -0.85955
v 0.93093002 -1.05192995 -0.85955
v 0.92451 -1.05192995 -0.95201999
v 0.93093002 -1.05192995 -0.85955
v 0.93093002 -1.01417005 -0.85955
v 0.92451 -1.01417005 -0.95201999
v 0.92451 -1.05192995 -0.95201999
v 1.13014996 -1.05192995 -0.95201999
v 1.13014996 -1.01417005 -0.95201999
v 1.13657999 -1.01417005 -0.85955
v 1.13657999 -1.05192995 -0.85955
v 1.13014996 -0.96438998 -0.95201999
v 1.13014996 -0.92663002 -0.95201999
v 1.13657999 -0.92663002 -0.85955
v 1.13657999 -0.96438998 -0.85955
v 0.93093002 -0.96438998 -0.85955
v 0.93093002 -0.92663002 -0.85955
v 0.92451 -0.92663002 -0.95201999
v 0.92451 -0.96438998 -0.95201999
v 1.13014996 -0.96438998 -0.95201999
v 1.13657999 -0.96438998 -0.85955
v 0.93093002 -0.96438998 -0.85955
v 0.92451 -0.96438998 -0.95201999
v 1.13014996 -0.92663002 -0.95201999
v 1.13014996 -0.96438998 -0.95201999
v 0.92451 -0.96438998 -0.95201999
v 0.92451 -0.92663002 -0.95201999
v 1.13657999 -0.92663002 -0.85955
v 1.13014996 -0.92663002 -0.95201999
v 0.92451 -0.92663002 -0.95201999
v 0.93093002 -0.92663002 -0.85955
v 1.13657999 -0.96438998 -0.85955
v 1.13657999 -0.92663002 -0.85955
v 0.93093002 -0.92663002 -0.85955
v 0.93093002 -0.96438998 -0.85955
v 1.13014996 -0.92549002 -0.95201999
v 1.13014996 -0.88771999 -0.95201999
v 1.13657999 -0.88771999 -0.85955
v 1.13657999 -0.92549002 -0.85955
v 0.93093002 -0.92549002 -0.85955
v 0.93093002 -0.88771999 -0.85955
v 0.92451 -0.88771999 -0.95201999
v 0.92451 -0.92549002 -0.95201999
v 1.13014996 -0.92549002 -0.95201999
v 1.13657999 -0.92549002 -0.85955
v 0.93093002 -0.92549002 -0.85955
v 0.92451 -0.92549002 -0.95201999
v 1.13014996 -0.88771999 -0.95201999
v 1.13014996 -0.92549002 -0.95201999
v 0.92451 -0.92549002 -0.95201999
v 0.92451 -0.88771999 -0.95201999
v 1.13657999 -0.88771999 -0.85955
v 1.13014996 -0.88771999 -0.95201999
v 0.92451 -0.88771999 -0.95201999
v 0.93093002 -0.88771999 -0.85955
v 1.13657999 -0.92549002 -0.85955
v 1.13657999 -0.88771999 -0.85955
v 0.93093002 -0.88771999 -0.85955
v 0.93093002 -0.92549002 -0.85955
v 1.13014996 -0.87685001 -0.95201999
v 1.13014996 -0.83908999 -0.95201999
v 1.13657999 -0.83908999 -0.85955
v 1.13657999 -0.87685001 -0.85955
v 0.93093002 -0.87685001 -0.85955
v 0.93093002 -0.83908999 -0.85955
v 0.92451 -0.83908999 -0.95201999
v 0.92451 -0.87685001 -0.95201999
v 1.13014996 -0.87685001 -0.95201999
v 1.13657999 -0.87685001 -0.85955
v 0.93093002 -0.87685001 -0.85955
v 0.92451 -0.87685001 -0.95201999
v 1.13014996 -0.83908999 -0.95201999
v 1.13014996 -0.87685001 -0.95201999
v 0.92451 -0.87685001 -0.95201999
v 0.92451 -0.83908999 -0.95201999
v 1.13657999 -0.83908999 -0.85955
v 1.13014996 -0.83908999 -0.95201999
v 0.92451 -0.83908999 -0.95201999
v 0.93093002 -0.83908999 -0.85955
v 1.13657999 -0.87685001 -0.85955
v 1.13657999 -0.83908999 -0.85955
v 0.93093002 -0.83908999 -0.85955
v 0.93093002 -0.87685001 -0.85955
v -0.94932997 -0.84920001 0.97065002
v -0.94932997 -0.84920001 0.8944
v -0.94932997 -1.06778002 0.8944
v -0.94932997 -1.06778002 0.97065002
v -0.94932997 -0.84920001 0.8944
v -0.85685003 -0.84920001 0.8944
v -0.85685003 -1.06778002 0.8944
v -0.94932997 -1.06778002 0.8944
v -0.85685003 -0.84920001 0.8944
v -0.85685003 -0.84920001 0.97065002
v -0.85685003 -1.06778002 0.97065002
v -0.85685003 -1.06778002 0.8944
v -0.85685003 -0.84920001 0.97065002
v -0.94932997 -0.84920001 0.97065002
v -0.94932997 -1.06778002 0.97065002
v -0.85685003 -1.06778002 0.97065002
v -0.94932997 -1.06778002 0.97065002
v -0.94932997 -1.06778002 0.8944
v -0.85685003 -1.06778002 0.8944
v -0.85685003 -1.06778002 0.97065002
v -0.85685003 -0.84920001 0.97065002
v -0.85685003 -0.84920001 0.8944
v -0.94932997 -0.84920001 0.8944
v -0.94932997 -0.84920001 0.97065002
v -0.94959998 -0.84622997 0.89379001
v -0.95166999 -0.8387 0.81794
v -0.949 -1.05619001 0.79627001
v -0.94694 -1.06371999 0.87212002
v -0.95166999 -0.8387 0.81794
v -0.85924 -0.83732998 0.81555998
v -0.85657001 -1.05481994 0.79389
v -0.949 -1.05619001 0.79627001
v -0.85924 -0.83732998 0.81555998
v -0.85716999 -0.84486002 0.89140999
v -0.8545 -1.06235003 0.86974001
v -0.85657001 -1.05481994 0.79389
v -0.85716999 -0.84486002 0.89140999
v -0.94959998 -0.84622997 0.89379001
v -0.94694 -1.06371999 0.87212002
v -0.8545 -1.06235003 0.86974001
v -0.94694 -1.06371999 0.87212002
v -0.949 -1.05619001 0.79627001
v -0.85657001 -1.05481994 0.79389
v -0.8545 -1.06235003 0.86974001
v -0.85716999 -0.84486002 0.89140999
v -0.85924 -0.83732998 0.81555998
v -0.95166999 -0.8387 0.81794
v -0.94959998 -0.84622997 0.89379001
v -0.94932997 -0.84920001 0.59017003
v -0.94932997 -0.84920001 0.51392001
v -0.94932997 -1.06778002 0.51392001
v -0.94932997 -1.06778002 0.59017003
v -0.94932997 -0.84920001 0.51392001
v -0.85685003 -0.84920001 0.51392001
v -0.85685003 -1.06778002 0.51392001
v -0.94932997 -1.06778002 0.51392001
v -0.85685003 -0.84920001 0.51392001
v -0.85685003 -0.84920001 0.59017003
v -0.85685003 -1.06778002 0.59017003
v -0.85685003 -1.06778002 0.51392001
v -0.85685003 -0.84920001 0.59017003
v -0.94932997 -0.84920001 0.59017003
v -0.94932997 -1.06778002 0.59017003
v -0.85685003 -1.06778002 0.59017003
v -0.94932997 -1.06778002 0.59017003
v -0.94932997 -1.06778002 0.51392001
v -0.85685003 -1.06778002 0.51392001
v -0.85685003 -1.06778002 0.59017003
v -0.85685003 -0.84920001 0.59017003
v -0.85685003 -0.84920001 0.51392001
v -0.94932997 -0.84920001 0.51392001
v -0.94932997 -0.84920001 0.59017003
v -0.94932997 -0.84920001 0.67137003
v -0.94932997 -0.84920001 0.59512001
v -0.94932997 -1.06778002 0.59512001
v -0.94932997 -1.06778002 0.67137003
v -0.94932997 -0.84920001 0.59512001
v -0.85685003 -0.84920001 0.59512001
v -0.85685003 -1.06778002 0.59512001
v -0.94932997 -1.06778002 0.59512001
v -0.85685003 -0.84920001 0.59512001
v -0.85685003 -0.84920001 0.67137003
v -0.85685003 -1.06778002 0.67137003
v -0.85685003 -1.06778002 0.59512001
v -0.85685003 -0.84920001 0.67137003
v -0.94932997 -0.84920001 0.67137003
v -0.94932997 -1.06778002 0.67137003
v -0.85685003 -1.06778002 0.67137003
v -0.94932997 -1.06778002 0.67137003
v -0.94932997 -1.06778002 0.59512001
v -0.85685003 -1.06778002 0.59512001
v -0.85685003 -1.06778002 0.67137003
v -0.85685003 -0.84920001 0.67137003
v -0.85685003 -0.84920001 0.59512001
v -0.94932997 -0.84920001 0.59512001
v -0.94932997 -0.84920001 0.67137003
v -0.94932997 -0.84920001 0.20021001
v -0.94932997 -0.84920001 0.12396
v -0.94932997 -1.06778002 0.12396
v -0.94932997 -1.06778002 0.20021001
v -0.94932997 -0.84920001 0.12396
v -0.85685003 -0.84920001 0.12396
v -0.85685003 -1.06778002 0.12396
v -0.94932997 -1.06778002 0.12396
v -0.85685003 -0.84920001 0.12396
v -0.85685003 -0.84920001 0.20021001
v -0.85685003 -1.06778002 0.20021001
v -0.85685003 -1.06778002 0.12396
v -0.85685003 -0.84920001 0.20021001
v -0.94932997 -0.84920001 0.20021001
v -0.94932997 -1.06778002 0.20021001
v -0.85685003 -1.06778002 0.20021001
v -0.94932997 -1.06778002 0.20021001
v -0.94932997 -1.06778002 0.12396
v -0.85685003 -1.06778002 0.12396
v -0.85685003 -1.06778002 0.20021001
v -0.85685003 -0.84920001 0.20021001
v -0.85685003 -0.84920001 0.12396
v -0.94932997 -0.84920001 0.12396
v -0.94932997 -0.84920001 0.20021001
v -0.94932997 -0.84920001 -0.38753
v -0.94932997 -0.84920001 -0.46377999
v -0.94932997 -1.06778002 -0.46377999
v -0.94932997 -1.06778002 -0.38753
v -0.94932997 -0.84920001 -0.46377999
v -0.85685003 -0.84920001 -0.46377999
v -0.85685003 -1.06778002 -0.46377999
v -0.94932997 -1.06778002 -0.46377999
v -0.85685003 -0.84920001 -0.46377999
v -0.85685003 -0.84920001 -0.38753
v -0.85685003 -1.06778002 -0.38753
v -0.85685003 -1.06778002 -0.46377999
v -0.85685003 -0.84920001 -0.38753
v -0.94932997 -0.84920001 -0.38753
v -0.94932997 -1.06778002 -0.38753
v -0.85685003 -1.06778002 -0.38753
v -0.94932997 -1.06778002 -0.38753
v -0.94932997 -1.06778002 -0.46377999
v -0.85685003 -1.06778002 -0.46377999
v -0.85685003 -1.06778002 -0.38753
v -0.85685003 -0.84920001 -0.38753
v -0.85685003 -0.84920001 -0.46377999
v -0.94932997 -0.84920001 -0.46377999
v -0.94932997 -0.84920001 -0.38753
v -0.94837999 -0.83249998 -0.50130999
v -0.94580001 -0.84246999 -0.57686001
v -0.95020002 -1.05914998 -0.54839998
v -0.95276999 -1.04918003 -0.47284999
v -0.94580001 -0.84246999 -0.57686001
v -0.85339999 -0.84390998 -0.57353002
v -0.85780001 -1.06059003 -0.54506999
v -0.95020002 -1.05914998 -0.54839998
v -0.85339999 -0.84390998 -0.57353002
v -0.85597003 -0.83394003 -0.49797001
v -0.86036998 -1.05060995 -0.46952
v -0.85780001 -1.06059003 -0.54506999
v -0.85597003 -0.83394003 -0.49797001
v -0.94837999 -0.83249998 -0.50130999
v -0.95276999 -1.04918003 -0.47284999
v -0.86036998 -1.05060995 -0.46952
v -0.95276999 -1.04918003 -0.47284999
v -0.95020002 -1.05914998 -0.54839998
v -0.85780001 -1.06059003 -0.54506999
v -0.86036998 -1.05060995 -0.46952
v -0.85597003 -0.83394003 -0.49797001
v -0.85339999 -0.84390998 -0.57353002
v -0.94580001 -0.84246999 -0.57686001
v -0.94837999 -0.83249998 -0.50130999
v -0.94932997 -0.19225 0.29346001
v -0.94932997 -0.19225 0.21720999
v -0.94932997 -0.41082999 0.21720999
v -0.94932997 -0.41082999 0.29346001
v -0.94932997 -0.19225 0.21720999
v -0.85685003 -0.19225 0.21720999
v -0.85685003 -0.41082999 0.21720999
v -0.94932997 -0.41082999 0.21720999
v -0.85685003 -0.19225 0.21720999
v -0.85685003 -0.19225 0.29346001
v -0.85685003 -0.41082999 0.29346001
v -0.85685003 -0.41082999 0.21720999
v -0.85685003 -0.19225 0.29346001
v -0.94932997 -0.19225 0.29346001
v -0.94932997 -0.41082999 0.29346001
v -0.85685003 -0.41082999 0.29346001
v -0.94932997 -0.41082999 0.29346001
v -0.94932997 -0.41082999 0.21720999
v -0.85685003 -0.41082999 0.21720999
v -0.85685003 -0.41082999 0.29346001
v -0.85685003 -0.19225 0.29346001
v -0.85685003 -0.19225 0.21720999
v -0.94932997 -0.19225 0.21720999
v -0.94932997 -0.19225 0.29346001
v -0.94932997 -0.19225 0.2077
v -0.94932997 -0.19225 0.13145
v -0.94932997 -0.41082999 0.13145
v -0.94932997 -0.41082999 0.2077
v -0.94932997 -0.19225 0.13145
v -0.85685003 -0.19225 0.13145
v -0.85685003 -0.41082999 0.13145
v -0.94932997 -0.41082999 0.13145
v -0.85685003 -0.19225 0.13145
v -0.85685003 -0.19225 0.2077
v -0.85685003 -0.41082999 0.2077
v -0.85685003 -0.41082999 0.13145
v -0.85685003 -0.19225 0.2077
v -0.94932997 -0.19225 0.2077
v -0.94932997 -0.41082999 0.2077
v -0.85685003 -0.41082999 0.2077
v -0.94932997 -0.41082999 0.2077
v -0.94932997 -0.41082999 0.13145
v -0.85685003 -0.41082999 0.13145
v -0.85685003 -0.41082999 0.2077
v -0.85685003 -0.19225 0.2077
v -0.85685003 -0.19225 0.13145
v -0.94932997 -0.19225 0.13145
v -0.94932997 -0.19225 0.2077
v -0.94932997 -0.19225 0.12623
v -0.94932997 -0.19225 0.04998
v -0.94932997 -0.41082999 0.04998
v -0.94932997 -0.41082999 0.12623
v -0.94932997 -0.19225 0.04998
v -0.85685003 -0.19225 0.04998
v -0.85685003 -0.41082999 0.04998
v -0.94932997 -0.41082999 0.04998
v -0.85685003 -0.19225 0.04998
v -0.85685003 -0.19225 0.12623
v -0.85685003 -0.41082999 0.12623
v -0.85685003 -0.41082999 0.04998
v -0.85685003 -0.19225 0.12623
v -0.94932997 -0.19225 0.12623
v -0.94932997 -0.41082999 0.12623
v -0.85685003 -0.41082999 0.12623
v -0.94932997 -0.41082999 0.12623
v -0.94932997 -0.41082999 0.04998
v -0.85685003 -0.41082999 0.04998
v -0.85685003 -0.41082999 0.12623
v -0.85685003 -0.19225 0.12623
v -0.85685003 -0.19225 0.04998
v -0.94932997 -0.19225 0.04998
v -0.94932997 -0.19225 0.12623
v -0.94932997 -0.19225 0.04019
v -0.94932997 -0.19225 -0.03606
v -0.94932997 -0.41082999 -0.03606
v -0.94932997 -0.41082999 0.04019
v -0.94932997 -0.19225 -0.03606
v -0.85685003 -0.19225 -0.03606
v -0.85685003 -0.41082999 -0.03606
v -0.94932997 -0.41082999 -0.03606
v -0.85685003 -0.19225 -0.03606
v -0.85685003 -0.19225 0.04019
v -0.85685003 -0.41082999 0.04019
v -0.85685003 -0.41082999 -0.03606
v -0.85685003 -0.19225 0.04019
v -0.94932997 -0.19225 0.04019
v -0.94932997 -0.41082999 0.04019
v -0.85685003 -0.41082999 0.04019
v -0.94932997 -0.41082999 0.04019
v -0.94932997 -0.41082999 -0.03606
v -0.85685003 -0.41082999 -0.03606
v -0.85685003 -0.41082999 0.04019
v -0.85685003 -0.19225 0.04019
v -0.85685003 -0.19225 -0.03606
v -0.94932997 -0.19225 -0.03606
v -0.94932997 -0.19225 0.04019
v -0.94932997 -0.19225 -0.03767
v -0.94932997 -0.19225 -0.11392
v -0.94932997 -0.41082999 -0.11392
v -0.94932997 -0.41082999 -0.03767
v -0.94932997 -0.19225 -0.11392
v -0.85685003 -0.19225 -0.11392
v -0.85685003 -0.41082999 -0.11392
v -0.94932997 -0.41082999 -0.11392
v -0.85685003 -0.19225 -0.11392
v -0.85685003 -0.19225 -0.03767
v -0.85685003 -0.41082999 -0.03767
v -0.85685003 -0.41082999 -0.11392
v -0.85685003 -0.19225 -0.03767
v -0.94932997 -0.19225 -0.03767
v -0.94932997 -0.41082999 -0.03767
v -0.85685003 -0.41082999 -0.03767
v -0.94932997 -0.41082999 -0.03767
v -0.94932997 -0.41082999 -0.11392
v -0.85685003 -0.41082999 -0.11392
v -0.85685003 -0.41082999 -0.03767
v -0.85685003 -0.19225 -0.03767
v -0.85685003 -0.19225 -0.11392
v -0.94932997 -0.19225 -0.11392
v -0.94932997 -0.19225 -0.03767
v -0.94932997 -0.19225 0.86738998
v -0.94932997 -0.19225 0.79114002
v -0.94932997 -0.41082999 0.79114002
v -0.94932997 -0.41082999 0.86738998
v -0.94932997 -0.19225 0.79114002
v -0.85685003 -0.19225 0.79114002
v -0.85685003 -0.41082999 0.79114002
v -0.94932997 -0.41082999 0.79114002
v -0.85685003 -0.19225 0.79114002
v -0.85685003 -0.19225 0.86738998
v -0.85685003 -0.41082999 0.86738998
v -0.85685003 -0.41082999 0.79114002
v -0.85685003 -0.19225 0.86738998
v -0.94932997 -0.19225 0.86738998
v -0.94932997 -0.41082999 0.86738998
v -0.85685003 -0.41082999 0.86738998
v -0.94932997 -0.41082999 0.86738998
v -0.94932997 -0.41082999 0.79114002
v -0.85685003 -0.41082999 0.79114002
v -0.85685003 -0.41082999 0.86738998
v -0.85685003 -0.19225 0.86738998
v -0.85685003 -0.19225 0.79114002
v -0.94932997 -0.19225 0.79114002
v -0.94932997 -0.19225 0.86738998
v -0.94932997 0.13424 0.86738998
v -0.94932997 0.13424 0.79114002
v -0.94932997 -0.08434 0.79114002
v -0.94932997 -0.08434 0.86738998
v -0.94932997 0.13424 0.79114002
v -0.85685003 0.13424 0.79114002
v -0.85685003 -0.08434 0.79114002
v -0.94932997 -0.08434 0.79114002
v -0.85685003 0.13424 0.79114002
v -0.85685003 0.13424 0.86738998
v -0.85685003 -0.08434 0.86738998
v -0.85685003 -0.08434 0.79114002
v -0.85685003 0.13424 0.86738998
v -0.94932997 0.13424 0.86738998
v -0.94932997 -0.08434 0.86738998
v -0.85685003 -0.08434 0.86738998
v -0.94932997 -0.08434 0.86738998
v -0.94932997 -0.08434 0.79114002
v -0.85685003 -0.08434 0.79114002
v -0.85685003 -0.08434 0.86738998
v -0.85685003 0.13424 0.86738998
v -0.85685003 0.13424 0.79114002
v -0.94932997 0.13424 0.79114002
v -0.94932997 0.13424 0.86738998
v -0.94932997 0.13424 0.74725997
v -0.94932997 0.13424 0.67101002
v -0.94932997 -0.08434 0.67101002
v -0.94932997 -0.08434 0.74725997
v -0.94932997 0.13424 0.67101002
v -0.85685003 0.13424 0.67101002
v -0.85685003 -0.08434 0.67101002
v -0.94932997 -0.08434 0.67101002
v -0.85685003 0.13424 0.67101002
v -0.85685003 0.13424 0.74725997
v -0.85685003 -0.08434 0.74725997
v -0.85685003 -0.08434 0.67101002
v -0.85685003 0.13424 0.74725997
v -0.94932997 0.13424 0.74725997
v -0.94932997 -0.08434 0.74725997
v -0.85685003 -0.08434 0.74725997
v -0.94932997 -0.08434 0.74725997
v -0.94932997 -0.08434 0.67101002
v -0.85685003 -0.08434 0.67101002
v -0.85685003 -0.08434 0.74725997
v -0.85685003 0.13424 0.74725997
v -0.85685003 0.13424 0.67101002
v -0.94932997 0.13424 0.67101002
v -0.94932997 0.13424 0.74725997
v -0.94932997 0.13424 0.66912001
v -0.94932997 0.13424 0.59287
v -0.94932997 -0.08434 0.59287
v -0.94932997 -0.08434 0.66912001
v -0.94932997 0.13424 0.59287
v -0.85685003 0.13424 0.59287
v -0.85685003 -0.08434 0.59287
v -0.94932997 -0.08434 0.59287
v -0.85685003 0.13424 0.59287
v -0.85685003 0.13424 0.66912001
v -0.85685003 -0.08434 0.66912001
v -0.85685003 -0.08434 0.59287
v -0.85685003 0.13424 0.66912001
v -0.94932997 0.13424 0.66912001
v -0.94932997 -0.08434 0.66912001
v -0.85685003 -0.08434 0.66912001
v -0.94932997 -0.08434 0.66912001
v -0.94932997 -0.08434 0.59287
v -0.85685003 -0.08434 0.59287
v -0.85685003 -0.08434 0.66912001
v -0.85685003 0.13424 0.66912001
v -0.85685003 0.13424 0.59287
v -0.94932997 0.13424 0.59287
v -0.94932997 0.13424 0.66912001
v -0.94932997 0.45673999 1.10581994
v -0.94932997 0.45673999 1.02956998
v -0.94932997 0.23816 1.02956998
v -0.94932997 0.23816 1.10581994
v -0.94932997 0.45673999 1.02956998
v -0.85685003 0.45673999 1.02956998
v -0.85685003 0.23816 1.02956998
v -0.94932997 0.23816 1.02956998
v -0.85685003 0.45673999 1.02956998
v -0.85685003 0.45673999 1.10581994
v -0.85685003 0.23816 1.10581994
v -0.85685003 0.23816 1.02956998
v -0.85685003 0.45673999 1.10581994
v -0.94932997 0.45673999 1.10581994
v -0.94932997 0.23816 1.10581994
v -0.85685003 0.23816 1.10581994
v -0.94932997 0.23816 1.10581994
v -0.94932997 0.23816 1.02956998
v -0.85685003 0.23816 1.02956998
v -0.85685003 0.23816 1.10581994
v -0.85685003 0.45673999 1.10581994
v -0.85685003 0.45673999 1.02956998
v -0.94932997 0.45673999 1.02956998
v -0.94932997 0.45673999 1.10581994
v -0.94932997 0.23367999 1.02070999
v -0.94932997 0.30993 1.02070999
v -0.94932997 0.30993 0.80212998
v -0.94932997 0.23367999 0.80212998
v -0.94932997 0.30993 1.02070999
v -0.85685003 0.30993 1.02070999
v -0.85685003 0.30993 0.80212998
v -0.94932997 0.30993 0.80212998
v -0.85685003 0.30993 1.02070999
v -0.85685003 0.23367999 1.02070999
v -0.85685003 0.23367999 0.80212998
v -0.85685003 0.30993 0.80212998
v -0.85685003 0.23367999 1.02070999
v -0.94932997 0.23367999 1.02070999
v -0.94932997 0.23367999 0.80212998
v -0.85685003 0.23367999 0.80212998
v -0.94932997 0.23367999 0.80212998
v -0.94932997 0.30993 0.80212998
v -0.85685003 0.30993 0.80212998
v -0.85685003 0.23367999 0.80212998
v -0.85685003 0.23367999 1.02070999
v -0.85685003 0.30993 1.02070999
v -0.94932997 0.30993 1.02070999
v -0.94932997 0.23367999 1.02070999
v -0.94932997 0.31729001 1.02070999
v -0.94932997 0.39353999 1.02070999
v -0.94932997 0.39353999 0.80212998
v -0.94932997 0.31729001 0.80212998
v -0.94932997 0.39353999 1.02070999
v -0.85685003 0.39353999 1.02070999
v -0.85685003 0.39353999 0.80212998
v -0.94932997 0.39353999 0.80212998
v -0.85685003 0.39353999 1.02070999
v -0.85685003 0.31729001 1.02070999
v -0.85685003 0.31729001 0.80212998
v -0.85685003 0.39353999 0.80212998
v -0.85685003 0.31729001 1.02070999
v -0.94932997 0.31729001 1.02070999
v -0.94932997 0.31729001 0.80212998
v -0.85685003 0.31729001 0.80212998
v -0.94932997 0.31729001 0.80212998
v -0.94932997 0.39353999 0.80212998
v -0.85685003 0.39353999 0.80212998
v -0.85685003 0.31729001 0.80212998
v -0.85685003 0.31729001 1.02070999
v -0.85685003 0.39353999 1.02070999
v -0.94932997 0.39353999 1.02070999
v -0.94932997 0.31729001 1.02070999
v -0.94932997 0.40090001 1.02070999
v -0.94932997 0.47714999 1.02070999
v -0.94932997 0.47714999 0.80212998
v -0.94932997 0.40090001 0.80212998
v -0.94932997 0.47714999 1.02070999
v -0.85685003 0.47714999 1.02070999
v -0.85685003 0.47714999 0.80212998
v -0.94932997 0.47714999 0.80212998
v -0.85685003 0.47714999 1.02070999
v -0.85685003 0.40090001 1.02070999
v -0.85685003 0.40090001 0.80212998
v -0.85685003 0.47714999 0.80212998
v -0.85685003 0.40090001 1.02070999
v -0.94932997 0.40090001 1.02070999
v -0.94932997 0.40090001 0.80212998
v -0.85685003 0.40090001 0.80212998
v -0.94932997 0.40090001 0.80212998
v -0.94932997 0.47714999 0.80212998
v -0.85685003 0.47714999 0.80212998
v -0.85685003 0.40090001 0.80212998
v -0.85685003 0.40090001 1.02070999
v -0.85685003 0.47714999 1.02070999
v -0.94932997 0.47714999 1.02070999
v -0.94932997 0.40090001 1.02070999
v -0.94932997 0.45673999 0.29892001
v -0.94932997 0.45673999 0.22266001
v -0.94932997 0.23816 0.22266001
v -0.94932997 0.23816 0.29892001
v -0.94932997 0.45673999 0.22266001
v -0.85685003 0.45673999 0.22266001
v -0.85685003 0.23816 0.22266001
v -0.94932997 0.23816 0.22266001
v -0.85685003 0.45673999 0.22266001
v -0.85685003 0.45673999 0.29892001
v -0.85685003 0.23816 0.29892001
v -0.85685003 0.23816 0.22266001
v -0.85685003 0.45673999 0.29892001
v -0.94932997 0.45673999 0.29892001
v -0.94932997 0.23816 0.29892001
v -0.85685003 0.23816 0.29892001
v -0.94932997 0.23816 0.29892001
v -0.94932997 0.23816 0.22266001
v -0.85685003 0.23816 0.22266001
v -0.85685003 0.23816 0.29892001
v -0.85685003 0.45673999 0.29892001
v -0.85685003 0.45673999 0.22266001
v -0.94932997 0.45673999 0.22266001
v -0.94932997 0.45673999 0.29892001
v -0.94932997 0.45673999 0.21743999
v -0.94932997 0.45673999 0.14119001
v -0.94932997 0.23816 0.14119001
v -0.94932997 0.23816 0.21743999
v -0.94932997 0.45673999 0.14119001
v -0.85685003 0.45673999 0.14119001
v -0.85685003 0.23816 0.14119001
v -0.94932997 0.23816 0.14119001
v -0.85685003 0.45673999 0.14119001
v -0.85685003 0.45673999 0.21743999
v -0.85685003 0.23816 0.21743999
v -0.85685003 0.23816 0.14119001
v -0.85685003 0.45673999 0.21743999
v -0.94932997 0.45673999 0.21743999
v -0.94932997 0.23816 0.21743999
v -0.85685003 0.23816 0.21743999
v -0.94932997 0.23816 0.21743999
v -0.94932997 0.23816 0.14119001
v -0.85685003 0.23816 0.14119001
v -0.85685003 0.23816 0.21743999
v -0.85685003 0.45673999 0.21743999
v -0.85685003 0.45673999 0.14119001
v -0.94932997 0.45673999 0.14119001
v -0.94932997 0.45673999 0.21743999
v -0.94932997 1.10970998 0.41639
v -0.94932997 1.10970998 0.34014001
v -0.94932997 0.89112997 0.34014001
v -0.94932997 0.89112997 0.41639
v -0.94932997 1.10970998 0.34014001
v -0.85685003 1.10970998 0.34014001
v -0.85685003 0.89112997 0.34014001
v -0.94932997 0.89112997 0.34014001
v -0.85685003 1.10970998 0.34014001
v -0.85685003 1.10970998 0.41639
v -0.85685003 0.89112997 0.41639
v -0.85685003 0.89112997 0.34014001
v -0.85685003 1.10970998 0.41639
v -0.94932997 1.10970998 0.41639
v -0.94932997 0.89112997 0.41639
v -0.85685003 0.89112997 0.41639
v -0.94932997 0.89112997 0.41639
v -0.94932997 0.89112997 0.34014001
v -0.85685003 0.89112997 0.34014001
v -0.85685003 0.89112997 0.41639
v -0.85685003 1.10970998 0.41639
v -0.85685003 1.10970998 0.34014001
v -0.94932997 1.10970998 0.34014001
v -0.94932997 1.10970998 0.41639
v -0.94932997 1.10970998 0.49372
v -0.94932997 1.10970998 0.41745999
v -0.94932997 0.89112997 0.41745999
v -0.94932997 0.89112997 0.49372
v -0.94932997 1.10970998 0.41745999
v -0.85685003 1.10970998 0.41745999
v -0.85685003 0.89112997 0.41745999
v -0.94932997 0.89112997 0.41745999
v -0.85685003 1.10970998 0.41745999
v -0.85685003 1.10970998 0.49372
v -0.85685003 0.89112997 0.49372
v -0.85685003 0.89112997 0.41745999
v -0.85685003 1.10970998 0.49372
v -0.94932997 1.10970998 0.49372
v -0.94932997 0.89112997 0.49372
v -0.85685003 0.89112997 0.49372
v -0.94932997 0.89112997 0.49372
v -0.94932997 0.89112997 0.41745999
v -0.85685003 0.89112997 0.41745999
v -0.85685003 0.89112997 0.49372
v -0.85685003 1.10970998 0.49372
v -0.85685003 1.10970998 0.41745999
v -0.94932997 1.10970998 0.41745999
v -0.94932997 1.10970998 0.49372
v 0.29012001 1.10970998 -0.86287999
v 0.21387 1.10970998 -0.86287999
v 0.21387 0.89112997 -0.86287999
v 0.29012001 0.89112997 -0.86287999
v 0.21387 1.10970998 -0.86287999
v 0.21387 1.10970998 -0.95536
v 0.21387 0.89112997 -0.95536
v 0.21387 0.89112997 -0.86287999
v 0.21387 1.10970998 -0.95536
v 0.29012001 1.10970998 -0.95536
v 0.29012001 0.89112997 -0.95536
v 0.21387 0.89112997 -0.95536
v 0.29012001 1.10970998 -0.95536
v 0.29012001 1.10970998 -0.86287999
v 0.29012001 0.89112997 -0.86287999
v 0.29012001 0.89112997 -0.95536
v 0.29012001 0.89112997 -0.86287999
v 0.21387 0.89112997 -0.86287999
v 0.21387 0.89112997 -0.95536
v 0.29012001 0.89112997 -0.95536
v 0.29012001 1.10970998 -0.95536
v 0.21387 1.10970998 -0.95536
v 0.21387 1.10970998 -0.86287999
v 0.29012001 1.10970998 -0.86287999
v 0.20809001 1.10970998 -0.86287999
v 0.13184001 1.10970998 -0.86287999
v 0.13184001 0.89112997 -0.86287999
v 0.20809001 0.89112997 -0.86287999
v 0.13184001 1.10970998 -0.86287999
v 0.13184001 1.10970998 -0.95536
v 0.13184001 0.89112997 -0.95536
v 0.13184001 0.89112997 -0.86287999
v 0.13184001 1.10970998 -0.95536
v 0.20809001 1.10970998 -0.95536
v 0.20809001 0.89112997 -0.95536
v 0.13184001 0.89112997 -0.95536
v 0.20809001 1.10970998 -0.95536
v 0.20809001 1.10970998 -0.86287999
v 0.20809001 0.89112997 -0.86287999
v 0.20809001 0.89112997 -0.95536
v 0.20809001 0.89112997 -0.86287999
v 0.13184001 0.89112997 -0.86287999
v 0.13184001 0.89112997 -0.95536
v 0.20809001 0.89112997 -0.95536
v 0.20809001 1.10970998 -0.95536
v 0.13184001 1.10970998 -0.95536
v 0.13184001 1.10970998 -0.86287999
v 0.20809001 1.10970998 -0.86287999
v 0.87878001 1.10970998 -0.86287999
v 0.80251998 1.10970998 -0.86287999
v 0.80251998 0.89112997 -0.86287999
v 0.87878001 0.89112997 -0.86287999
v 0.80251998 1.10970998 -0.86287999
v 0.80251998 1.10970998 -0.95536
v 0.80251998 0.89112997 -0.95536
v 0.80251998 0.89112997 -0.86287999
v 0.80251998 1.10970998 -0.95536
v 0.87878001 1.10970998 -0.95536
v 0.87878001 0.89112997 -0.95536
v 0.80251998 0.89112997 -0.95536
v 0.87878001 1.10970998 -0.95536
v 0.87878001 1.10970998 -0.86287999
v 0.87878001 0.89112997 -0.86287999
v 0.87878001 0.89112997 -0.95536
v 0.87878001 0.89112997 -0.86287999
v 0.80251998 0.89112997 -0.86287999
v 0.80251998 0.89112997 -0.95536
v 0.87878001 0.89112997 -0.95536
v 0.87878001 1.10970998 -0.95536
v 0.80251998 1.10970998 -0.95536
v 0.80251998 1.10970998 -0.86287999
v 0.87878001 1.10970998 -0.86287999
v 0.75024003 0.78354001 -0.86287999
v 0.67398 0.78354001 -0.86287999
v 0.67398 0.56496 -0.86287999
v 0.75024003 0.56496 -0.86287999
v 0.67398 0.78354001 -0.86287999
v 0.67398 0.78354001 -0.95536
v 0.67398 0.56496 -0.95536
v 0.67398 0.56496 -0.86287999
v 0.67398 0.78354001 -0.95536
v 0.75024003 0.78354001 -0.95536
v 0.75024003 0.56496 -0.95536
v 0.67398 0.56496 -0.95536
v 0.75024003 0.78354001 -0.95536
v 0.75024003 0.78354001 -0.86287999
v 0.75024003 0.56496 -0.86287999
v 0.75024003 0.56496 -0.95536
v 0.75024003 0.56496 -0.86287999
v 0.67398 0.56496 -0.86287999
v 0.67398 0.56496 -0.95536
v 0.75024003 0.56496 -0.95536
v 0.75024003 0.78354001 -0.95536
v 0.67398 0.78354001 -0.95536
v 0.67398 0.78354001 -0.86287999
v 0.75024003 0.78354001 -0.86287999
v 0.66811001 0.78354001 -0.86287999
v 0.59186 0.78354001 -0.86287999
v 0.59186 0.56496 -0.86287999
v 0.66811001 0.56496 -0.86287999
v 0.59186 0.78354001 -0.86287999
v 0.59186 0.78354001 -0.95536
v 0.59186 0.56496 -0.95536
v 0.59186 0.56496 -0.86287999
v 0.59186 0.78354001 -0.95536
v 0.66811001 0.78354001 -0.95536
v 0.66811001 0.56496 -0.95536
v 0.59186 0.56496 -0.95536
v 0.66811001 0.78354001 -0.95536
v 0.66811001 0.78354001 -0.86287999
v 0.66811001 0.56496 -0.86287999
v 0.66811001 0.56496 -0.95536
v 0.66811001 0.56496 -0.86287999
v 0.59186 0.56496 -0.86287999
v 0.59186 0.56496 -0.95536
v 0.66811001 0.56496 -0.95536
v 0.66811001 0.78354001 -0.95536
v 0.59186 0.78354001 -0.95536
v 0.59186 0.78354001 -0.86287999
v 0.66811001 0.78354001 -0.86287999
v 0.58199 0.78354001 -0.86287999
v 0.50573999 0.78354001 -0.86287999
v 0.50573999 0.56496 -0.86287999
v 0.58199 0.56496 -0.86287999
v 0.50573999 0.78354001 -0.86287999
v 0.50573999 0.78354001 -0.95536
v 0.50573999 0.56496 -0.95536
v 0.50573999 0.56496 -0.86287999
v 0.50573999 0.78354001 -0.95536
v 0.58199 0.78354001 -0.95536
v 0.58199 0.56496 -0.95536
v 0.50573999 0.56496 -0.95536
v 0.58199 0.78354001 -0.95536
v 0.58199 0.78354001 -0.86287999
v 0.58199 0.56496 -0.86287999
v 0.58199 0.56496 -0.95536
v 0.58199 0.56496 -0.86287999
v 0.50573999 0.56496 -0.86287999
v 0.50573999 0.56496 -0.95536
v 0.58199 0.56496 -0.95536
v 0.58199 0.78354001 -0.95536
v 0.50573999 0.78354001 -0.95536
v 0.50573999 0.78354001 -0.86287999
v 0.58199 0.78354001 -0.86287999
v 0.50414002 0.78354001 -0.86287999
v 0.42789 0.78354001 -0.86287999
v 0.42789 0.56496 -0.86287999
v 0.50414002 0.56496 -0.86287999
v 0.42789 0.78354001 -0.86287999
v 0.42789 0.78354001 -0.95536
v 0.42789 0.56496 -0.95536
v 0.42789 0.56496 -0.86287999
v 0.42789 0.78354001 -0.95536
v 0.50414002 0.78354001 -0.95536
v 0.50414002 0.56496 -0.95536
v 0.42789 0.56496 -0.95536
v 0.50414002 0.78354001 -0.95536
v 0.50414002 0.78354001 -0.86287999
v 0.50414002 0.56496 -0.86287999
v 0.50414002 0.56496 -0.95536
v 0.50414002 0.56496 -0.86287999
v 0.42789 0.56496 -0.86287999
v 0.42789 0.56496 -0.95536
v 0.50414002 0.56496 -0.95536
v 0.50414002 0.78354001 -0.95536
v 0.42789 0.78354001 -0.95536
v 0.42789 0.78354001 -0.86287999
v 0.50414002 0.78354001 -0.86287999
v 0.42592001 0.78354001 -0.86287999
v 0.34966999 0.78354001 -0.86287999
v 0.34966999 0.56496 -0.86287999
v 0.42592001 0.56496 -0.86287999
v 0.34966999 0.78354001 -0.86287999
v 0.34966999 0.78354001 -0.95536
v 0.34966999 0.56496 -0.95536
v 0.34966999 0.56496 -0.86287999
v 0.34966999 0.78354001 -0.95536
v 0.42592001 0.78354001 -0.95536
v 0.42592001 0.56496 -0.95536
v 0.34966999 0.56496 -0.95536
v 0.42592001 0.78354001 -0.95536
v 0.42592001 0.78354001 -0.86287999
v 0.42592001 0.56496 -0.86287999
v 0.42592001 0.56496 -0.95536
v 0.42592001 0.56496 -0.86287999
v 0.34966999 0.56496 -0.86287999
v 0.34966999 0.56496 -0.95536
v 0.42592001 0.56496 -0.95536
v 0.42592001 0.78354001 -0.95536
v 0.34966999 0.78354001 -0.95536
v 0.34966999 0.78354001 -0.86287999
v 0.42592001 0.78354001 -0.86287999
v -0.49006999 0.78354001 -0.86287999
v -0.56632 0.78354001 -0.86287999
v -0.56632 0.56496 -0.86287999
v -0.49006999 0.56496 -0.86287999
v -0.56632 0.78354001 -0.86287999
v -0.56632 0.78354001 -0.95536
v -0.56632 0.56496 -0.95536
v -0.56632 0.56496 -0.86287999
v -0.56632 0.78354001 -0.95536
v -0.49006999 0.78354001 -0.95536
v -0.49006999 0.56496 -0.95536
v -0.56632 0.56496 -0.95536
v -0.49006999 0.78354001 -0.95536
v -0.49006999 0.78354001 -0.86287999
v -0.49006999 0.56496 -0.86287999
v -0.49006999 0.56496 -0.95536
v -0.49006999 0.56496 -0.86287999
v -0.56632 0.56496 -0.86287999
v -0.56632 0.56496 -0.95536
v -0.49006999 0.56496 -0.95536
v -0.49006999 0.78354001 -0.95536
v -0.56632 0.78354001 -0.95536
v -0.56632 0.78354001 -0.86287999
v -0.49006999 0.78354001 -0.86287999
v -0.40808001 0.78354001 -0.86287999
v -0.48433 0.78354001 -0.86287999
v -0.48433 0.56496 -0.86287999
v -0.40808001 0.56496 -0.86287999
v -0.48433 0.78354001 -0.86287999
v -0.48433 0.78354001 -0.95536
v -0.48433 0.56496 -0.95536
v -0.48433 0.56496 -0.86287999
v -0.48433 0.78354001 -0.95536
v -0.40808001 0.78354001 -0.95536
v -0.40808001 0.56496 -0.95536
v -0.48433 0.56496 -0.95536
v -0.40808001 0.78354001 -0.95536
v -0.40808001 0.78354001 -0.86287999
v -0.40808001 0.56496 -0.86287999
v -0.40808001 0.56496 -0.95536
v -0.40808001 0.56496 -0.86287999
v -0.48433 0.56496 -0.86287999
v -0.48433 0.56496 -0.95536
v -0.40808001 0.56496 -0.95536
v -0.40808001 0.78354001 -0.95536
v -0.48433 0.78354001 -0.95536
v -0.48433 0.78354001 -0.86287999
v -0.40808001 0.78354001 -0.86287999
v -0.40808001 0.13404 -0.86287999
v -0.48433 0.13404 -0.86287999
v -0.48433 -0.08454 -0.86287999
v -0.40808001 -0.08454 -0.86287999
v -0.48433 0.13404 -0.86287999
v -0.48433 0.13404 -0.95536
v -0.48433 -0.08454 -0.95536
v -0.48433 -0.08454 -0.86287999
v -0.48433 0.13404 -0.95536
v -0.40808001 0.13404 -0.95536
v -0.40808001 -0.08454 -0.95536
v -0.48433 -0.08454 -0.95536
v -0.40808001 0.13404 -0.95536
v -0.40808001 0.13404 -0.86287999
v -0.40808001 -0.08454 -0.86287999
v -0.40808001 -0.08454 -0.95536
v -0.40808001 -0.08454 -0.86287999
v -0.48433 -0.08454 -0.86287999
v -0.48433 -0.08454 -0.95536
v -0.40808001 -0.08454 -0.95536
v -0.40808001 0.13404 -0.95536
v -0.48433 0.13404 -0.95536
v -0.48433 0.13404 -0.86287999
v -0.40808001 0.13404 -0.86287999
v -0.16497 -0.09258 -0.86287999
v -0.16497 -0.01633 -0.86287999
v -0.40678999 -0.01633 -0.86287999
v -0.40678999 -0.09258 -0.86287999
v -0.16497 -0.01633 -0.86287999
v -0.16497 -0.01633 -0.95536
v -0.40678999 -0.01633 -0.95536
v -0.40678999 -0.01633 -0.86287999
v -0.16497 -0.01633 -0.95536
v -0.16497 -0.09258 -0.95536
v -0.40678999 -0.09258 -0.95536
v -0.40678999 -0.01633 -0.95536
v -0.16497 -0.09258 -0.95536
v -0.16497 -0.09258 -0.86287999
v -0.40678999 -0.09258 -0.86287999
v -0.40678999 -0.09258 -0.95536
v -0.40678999 -0.09258 -0.86287999
v -0.40678999 -0.01633 -0.86287999
v -0.40678999 -0.01633 -0.95536
v -0.40678999 -0.09258 -0.95536
v -0.16497 -0.09258 -0.95536
v -0.16497 -0.01633 -0.95536
v -0.16497 -0.01633 -0.86287999
v -0.16497 -0.09258 -0.86287999
v 0.10284 0.13404 -0.86287999
v 0.02659 0.13404 -0.86287999
v 0.02659 -0.08454 -0.86287999
v 0.10284 -0.08454 -0.86287999
v 0.02659 0.13404 -0.86287999
v 0.02659 0.13404 -0.95536
v 0.02659 -0.08454 -0.95536
v 0.02659 -0.08454 -0.86287999
v 0.02659 0.13404 -0.95536
v 0.10284 0.13404 -0.95536
v 0.10284 -0.08454 -0.95536
v 0.02659 -0.08454 -0.95536
v 0.10284 0.13404 -0.95536
v 0.10284 0.13404 -0.86287999
v 0.10284 -0.08454 -0.86287999
v 0.10284 -0.08454 -0.95536
v 0.10284 -0.08454 -0.86287999
v 0.02659 -0.08454 -0.86287999
v 0.02659 -0.08454 -0.95536
v 0.10284 -0.08454 -0.95536
v 0.10284 0.13404 -0.95536
v 0.02659 0.13404 -0.95536
v 0.02659 0.13404 -0.86287999
v 0.10284 0.13404 -0.86287999
v 0.42451999 0.13404 -0.86287999
v 0.34827 0.13404 -0.86287999
v 0.34827 -0.08454 -0.86287999
v 0.42451999 -0.08454 -0.86287999
v 0.34827 0.13404 -0.86287999
v 0.34827 0.13404 -0.95536
v 0.34827 -0.08454 -0.95536
v 0.34827 -0.08454 -0.86287999
v 0.34827 0.13404 -0.95536
v 0.42451999 0.13404 -0.95536
v 0.42451999 -0.08454 -0.95536
v 0.34827 -0.08454 -0.95536
v 0.42451999 0.13404 -0.95536
v 0.42451999 0.13404 -0.86287999
v 0.42451999 -0.08454 -0.86287999
v 0.42451999 -0.08454 -0.95536
v 0.42451999 -0.08454 -0.86287999
v 0.34827 -0.08454 -0.86287999
v 0.34827 -0.08454 -0.95536
v 0.42451999 -0.08454 -0.95536
v 0.42451999 0.13404 -0.95536
v 0.34827 0.13404 -0.95536
v 0.34827 0.13404 -0.86287999
v 0.42451999 0.13404 -0.86287999
v 0.50607997 0.13404 -0.86287999
v 0.42982 0.13404 -0.86287999
v 0.42982 -0.08454 -0.86287999
v 0.50607997 -0.08454 -0.86287999
v 0.42982 0.13404 -0.86287999
v 0.42982 0.13404 -0.95536
v 0.42982 -0.08454 -0.95536
v 0.42982 -0.08454 -0.86287999
v 0.42982 0.13404 -0.95536
v 0.50607997 0.13404 -0.95536
v 0.50607997 -0.08454 -0.95536
v 0.42982 -0.08454 -0.95536
v 0.50607997 0.13404 -0.95536
v 0.50607997 0.13404 -0.86287999
v 0.50607997 -0.08454 -0.86287999
v 0.50607997 -0.08454 -0.95536
v 0.50607997 -0.08454 -0.86287999
v 0.42982 -0.08454 -0.86287999
v 0.42982 -0.08454 -0.95536
v 0.50607997 -0.08454 -0.95536
v 0.50607997 0.13404 -0.95536
v 0.42982 0.13404 -0.95536
v 0.42982 0.13404 -0.86287999
v 0.50607997 0.13404 -0.86287999
v 0.30069 -0.19467001 -0.86287999
v 0.22443999 -0.19467001 -0.86287999
v 0.22443999 -0.41325 -0.86287999
v 0.30069 -0.41325 -0.86287999
v 0.22443999 -0.19467001 -0.86287999
v 0.22443999 -0.19467001 -0.95536
v 0.22443999 -0.41325 -0.95536
v 0.22443999 -0.41325 -0.86287999
v 0.22443999 -0.19467001 -0.95536
v 0.30069 -0.19467001 -0.95536
v 0.30069 -0.41325 -0.95536
v 0.22443999 -0.41325 -0.95536
v 0.30069 -0.19467001 -0.95536
v 0.30069 -0.19467001 -0.86287999
v 0.30069 -0.41325 -0.86287999
v 0.30069 -0.41325 -0.95536
v 0.30069 -0.41325 -0.86287999
v 0.22443999 -0.41325 -0.86287999
v 0.22443999 -0.41325 -0.95536
v 0.30069 -0.41325 -0.95536
v 0.30069 -0.19467001 -0.95536
v 0.22443999 -0.19467001 -0.95536
v 0.22443999 -0.19467001 -0.86287999
v 0.30069 -0.19467001 -0.86287999
v 0.21946999 -0.19467001 -0.86287999
v 0.14322001 -0.19467001 -0.86287999
v 0.14322001 -0.41325 -0.86287999
v 0.21946999 -0.41325 -0.86287999
v 0.14322001 -0.19467001 -0.86287999
v 0.14322001 -0.19467001 -0.95536
v 0.14322001 -0.41325 -0.95536
v 0.14322001 -0.41325 -0.86287999
v 0.14322001 -0.19467001 -0.95536
v 0.21946999 -0.19467001 -0.95536
v 0.21946999 -0.41325 -0.95536
v 0.14322001 -0.41325 -0.95536
v 0.21946999 -0.19467001 -0.95536
v 0.21946999 -0.19467001 -0.86287999
v 0.21946999 -0.41325 -0.86287999
v 0.21946999 -0.41325 -0.95536
v 0.21946999 -0.41325 -0.86287999
v 0.14322001 -0.41325 -0.86287999
v 0.14322001 -0.41325 -0.95536
v 0.21946999 -0.41325 -0.95536
v 0.21946999 -0.19467001 -0.95536
v 0.14322001 -0.19467001 -0.95536
v 0.14322001 -0.19467001 -0.86287999
v 0.21946999 -0.19467001 -0.86287999
v -0.0283 -0.53130001 -0.86287999
v -0.10455 -0.53130001 -0.86287999
v -0.10455 -0.74988002 -0.86287999
v -0.0283 -0.74988002 -0.86287999
v -0.10455 -0.53130001 -0.86287999
v -0.10455 -0.53130001 -0.95536
v -0.10455 -0.74988002 -0.95536
v -0.10455 -0.74988002 -0.86287999
v -0.10455 -0.53130001 -0.95536
v -0.0283 -0.53130001 -0.95536
v -0.0283 -0.74988002 -0.95536
v -0.10455 -0.74988002 -0.95536
v -0.0283 -0.53130001 -0.95536
v -0.0283 -0.53130001 -0.86287999
v -0.0283 -0.74988002 -0.86287999
v -0.0283 -0.74988002 -0.95536
v -0.0283 -0.74988002 -0.86287999
v -0.10455 -0.74988002 -0.86287999
v -0.10455 -0.74988002 -0.95536
v -0.0283 -0.74988002 -0.95536
v -0.0283 -0.53130001 -0.95536
v -0.10455 -0.53130001 -0.95536
v -0.10455 -0.53130001 -0.86287999
v -0.0283 -0.53130001 -0.86287999
v 0.05304 -0.53130001 -0.86287999
v -0.02322 -0.53130001 -0.86287999
v -0.02322 -0.74988002 -0.86287999
v 0.05304 -0.74988002 -0.86287999
v -0.02322 -0.53130001 -0.86287999
v -0.02322 -0.53130001 -0.95536
v -0.02322 -0.74988002 -0.95536
v -0.02322 -0.74988002 -0.86287999
v -0.02322 -0.53130001 -0.95536
v 0.05304 -0.53130001 -0.95536
v 0.05304 -0.74988002 -0.95536
v -0.02322 -0.74988002 -0.95536
v 0.05304 -0.53130001 -0.95536
v 0.05304 -0.53130001 -0.86287999
v 0.05304 -0.74988002 -0.86287999
v 0.05304 -0.74988002 -0.95536
v 0.05304 -0.74988002 -0.86287999
v -0.02322 -0.74988002 -0.86287999
v -0.02322 -0.74988002 -0.95536
v 0.05304 -0.74988002 -0.95536
v 0.05304 -0.53130001 -0.95536
v -0.02322 -0.53130001 -0.95536
v -0.02322 -0.53130001 -0.86287999
v 0.05304 -0.53130001 -0.86287999
v 0.13459 -0.53130001 -0.86287999
v 0.05834 -0.53130001 -0.86287999
v 0.05834 -0.74988002 -0.86287999
v 0.13459 -0.74988002 -0.86287999
v 0.05834 -0.53130001 -0.86287999
v 0.05834 -0.53130001 -0.95536
v 0.05834 -0.74988002 -0.95536
v 0.05834 -0.74988002 -0.86287999
v 0.05834 -0.53130001 -0.95536
v 0.13459 -0.53130001 -0.95536
v 0.13459 -0.74988002 -0.95536
v 0.05834 -0.74988002 -0.95536
v 0.13459 -0.53130001 -0.95536
v 0.13459 -0.53130001 -0.86287999
v 0.13459 -0.74988002 -0.86287999
v 0.13459 -0.74988002 -0.95536
v 0.13459 -0.74988002 -0.86287999
v 0.05834 -0.74988002 -0.86287999
v 0.05834 -0.74988002 -0.95536
v 0.13459 -0.74988002 -0.95536
v 0.13459 -0.53130001 -0.95536
v 0.05834 -0.53130001 -0.95536
v 0.05834 -0.53130001 -0.86287999
v 0.13459 -0.53130001 -0.86287999
v 0.21614 -0.53130001 -0.86287999
v 0.13989 -0.53130001 -0.86287999
v 0.13989 -0.74988002 -0.86287999
v 0.21614 -0.74988002 -0.86287999
v 0.13989 -0.53130001 -0.86287999
v 0.13989 -0.53130001 -0.95536
v 0.13989 -0.74988002 -0.95536
v 0.13989 -0.74988002 -0.86287999
v 0.13989 -0.53130001 -0.95536
v 0.21614 -0.53130001 -0.95536
v 0.21614 -0.74988002 -0.95536
v 0.13989 -0.74988002 -0.95536
v 0.21614 -0.53130001 -0.95536
v 0.21614 -0.53130001 -0.86287999
v 0.21614 -0.74988002 -0.86287999
v 0.21614 -0.74988002 -0.95536
v 0.21614 -0.74988002 -0.86287999
v 0.13989 -0.74988002 -0.86287999
v 0.13989 -0.74988002 -0.95536
v 0.21614 -0.74988002 -0.95536
v 0.21614 -0.53130001 -0.95536
v 0.13989 -0.53130001 -0.95536
v 0.13989 -0.53130001 -0.86287999
v 0.21614 -0.53130001 -0.86287999
v 0.29769 -0.53130001 -0.86287999
v 0.22144 -0.53130001 -0.86287999
v 0.22144 -0.74988002 -0.86287999
v 0.29769 -0.74988002 -0.86287999
v 0.22144 -0.53130001 -0.86287999
v 0.22144 -0.53130001 -0.95536
v 0.22144 -0.74988002 -0.95536
v 0.22144 -0.74988002 -0.86287999
v 0.22144 -0.53130001 -0.95536
v 0.29769 -0.53130001 -0.95536
v 0.29769 -0.74988002 -0.95536
v 0.22144 -0.74988002 -0.95536
v 0.29769 -0.53130001 -0.95536
v 0.29769 -0.53130001 -0.86287999
v 0.29769 -0.74988002 -0.86287999
v 0.29769 -0.74988002 -0.95536
v 0.29769 -0.74988002 -0.86287999
v 0.22144 -0.74988002 -0.86287999
v 0.22144 -0.74988002 -0.95536
v 0.29769 -0.74988002 -0.95536
v 0.29769 -0.53130001 -0.95536
v 0.22144 -0.53130001 -0.95536
v 0.22144 -0.53130001 -0.86287999
v 0.29769 -0.53130001 -0.86287999
v 0.54545999 -0.84021002 -0.86287999
v 0.46921 -0.84021002 -0.86287999
v 0.46921 -1.05878997 -0.86287999
v 0.54545999 -1.05878997 -0.86287999
v 0.46921 -0.84021002 -0.86287999
v 0.46921 -0.84021002 -0.95536
v 0.46921 -1.05878997 -0.95536
v 0.46921 -1.05878997 -0.86287999
v 0.46921 -0.84021002 -0.95536
v 0.54545999 -0.84021002 -0.95536
v 0.54545999 -1.05878997 -0.95536
v 0.46921 -1.05878997 -0.95536
v 0.54545999 -0.84021002 -0.95536
v 0.54545999 -0.84021002 -0.86287999
v 0.54545999 -1.05878997 -0.86287999
v 0.54545999 -1.05878997 -0.95536
v 0.54545999 -1.05878997 -0.86287999
v 0.46921 -1.05878997 -0.86287999
v 0.46921 -1.05878997 -0.95536
v 0.54545999 -1.05878997 -0.95536
v 0.54545999 -0.84021002 -0.95536
v 0.46921 -0.84021002 -0.95536
v 0.46921 -0.84021002 -0.86287999
v 0.54545999 -0.84021002 -0.86287999
v 0.62722999 -0.84021002 -0.86287999
v 0.55097997 -0.84021002 -0.86287999
v 0.55097997 -1.05878997 -0.86287999
v 0.62722999 -1.05878997 -0.86287999
v 0.55097997 -0.84021002 -0.86287999
v 0.55097997 -0.84021002 -0.95536
v 0.55097997 -1.05878997 -0.95536
v 0.55097997 -1.05878997 -0.86287999
v 0.55097997 -0.84021002 -0.95536
v 0.62722999 -0.84021002 -0.95536
v 0.62722999 -1.05878997 -0.95536
v 0.55097997 -1.05878997 -0.95536
v 0.62722999 -0.84021002 -0.95536
v 0.62722999 -0.84021002 -0.86287999
v 0.62722999 -1.05878997 -0.86287999
v 0.62722999 -1.05878997 -0.95536
v 0.62722999 -1.05878997 -0.86287999
v 0.55097997 -1.05878997 -0.86287999
v 0.55097997 -1.05878997 -0.95536
v 0.62722999 -1.05878997 -0.95536
v 0.62722999 -0.84021002 -0.95536
v 0.55097997 -0.84021002 -0.95536
v 0.55097997 -0.84021002 -0.86287999
v 0.62722999 -0.84021002 -0.86287999
v 0.70867997 -0.84021002 -0.86287999
v 0.63242 -0.84021002 -0.86287999
v 0.63242 -1.05878997 -0.86287999
v 0.70867997 -1.05878997 -0.86287999
v 0.63242 -0.84021002 -0.86287999
v 0.63242 -0.84021002 -0.95536
v 0.63242 -1.05878997 -0.95536
v 0.63242 -1.05878997 -0.86287999
v 0.63242 -0.84021002 -0.95536
v 0.70867997 -0.84021002 -0.95536
v 0.70867997 -1.05878997 -0.95536
v 0.63242 -1.05878997 -0.95536
v 0.70867997 -0.84021002 -0.95536
v 0.70867997 -0.84021002 -0.86287999
v 0.70867997 -1.05878997 -0.86287999
v 0.70867997 -1.05878997 -0.95536
v 0.70867997 -1.05878997 -0.86287999
v 0.63242 -1.05878997 -0.86287999
v 0.63242 -1.05878997 -0.95536
v 0.70867997 -1.05878997 -0.95536
v 0.70867997 -0.84021002 -0.95536
v 0.63242 -0.84021002 -0.95536
v 0.63242 -0.84021002 -0.86287999
v 0.70867997 -0.84021002 -0.86287999
v 0.75787997 -0.84021002 -0.86287999
v 0.71386999 -0.84021002 -0.86287999
v 0.71386999 -1.05878997 -0.86287999
v 0.75787997 -1.05878997 -0.86287999
v 0.71386999 -0.84021002 -0.86287999
v 0.71386999 -0.84021002 -0.95536
v 0.71386999 -1.05878997 -0.95536
v 0.71386999 -1.05878997 -0.86287999
v 0.71386999 -0.84021002 -0.95536
v 0.75787997 -0.84021002 -0.95536
v 0.75787997 -1.05878997 -0.95536
v 0.71386999 -1.05878997 -0.95536
v 0.75787997 -0.84021002 -0.95536
v 0.75787997 -0.84021002 -0.86287999
v 0.75787997 -1.05878997 -0.86287999
v 0.75787997 -1.05878997 -0.95536
v 0.75787997 -1.05878997 -0.86287999
v 0.71386999 -1.05878997 -0.86287999
v 0.71386999 -1.05878997 -0.95536
v 0.75787997 -1.05878997 -0.95536
v 0.75787997 -0.84021002 -0.95536
v 0.71386999 -0.84021002 -0.95536
v 0.71386999 -0.84021002 -0.86287999
v 0.75787997 -0.84021002 -0.86287999
v -0.94932997 -0.79146999 0.11441
v -0.94932997 -0.79146999 0.03816
v -0.94932997 -1.06778002 0.03816
v -0.94932997 -1.06778002 0.11441
v -0.94932997 -0.79146999 0.03816
v -0.85685003 -0.79146999 0.03816
v -0.85685003 -1.06778002 0.03816
v -0.94932997 -1.06778002 0.03816
v -0.85685003 -0.79146999 0.03816
v -0.85685003 -0.79146999 0.11441
v -0.85685003 -1.06778002 0.11441
v -0.85685003 -1.06778002 0.03816
v -0.85685003 -0.79146999 0.11441
v -0.94932997 -0.79146999 0.11441
v -0.94932997 -1.06778002 0.11441
v -0.85685003 -1.06778002 0.11441
v -0.94932997 -1.06778002 0.11441
v -0.94932997 -1.06778002 0.03816
v -0.85685003 -1.06778002 0.03816
v -0.85685003 -1.06778002 0.11441
v -0.85685003 -0.79146999 0.11441
v -0.85685003 -0.79146999 0.03816
v -0.94932997 -0.79146999 0.03816
v -0.94932997 -0.79146999 0.11441
v -0.94932997 -0.79146999 0.03352
v -0.94932997 -0.79146999 -0.04273
v -0.94932997 -1.06778002 -0.04273
v -0.94932997 -1.06778002 0.03352
v -0.94932997 -0.79146999 -0.04273
v -0.85685003 -0.79146999 -0.04273
v -0.85685003 -1.06778002 -0.04273
v -0.94932997 -1.06778002 -0.04273
v -0.85685003 -0.79146999 -0.04273
v -0.85685003 -0.79146999 0.03352
v -0.85685003 -1.06778002 0.03352
v -0.85685003 -1.06778002 -0.04273
v -0.85685003 -0.79146999 0.03352
v -0.94932997 -0.79146999 0.03352
v -0.94932997 -1.06778002 0.03352
v -0.85685003 -1.06778002 0.03352
v -0.94932997 -1.06778002 0.03352
v -0.94932997 -1.06778002 -0.04273
v -0.85685003 -1.06778002 -0.04273
v -0.85685003 -1.06778002 0.03352
v -0.85685003 -0.79146999 0.03352
v -0.85685003 -0.79146999 -0.04273
v -0.94932997 -0.79146999 -0.04273
v -0.94932997 -0.79146999 0.03352
v -0.94932997 -0.47562999 1.11303997
v -0.94932997 -0.47562999 1.03679001
v -0.94932997 -0.75195003 1.03679001
v -0.94932997 -0.75195003 1.11303997
v -0.94932997 -0.47562999 1.03679001
v -0.85685003 -0.47562999 1.03679001
v -0.85685003 -0.75195003 1.03679001
v -0.94932997 -0.75195003 1.03679001
v -0.85685003 -0.47562999 1.03679001
v -0.85685003 -0.47562999 1.11303997
v -0.85685003 -0.75195003 1.11303997
v -0.85685003 -0.75195003 1.03679001
v -0.85685003 -0.47562999 1.11303997
v -0.94932997 -0.47562999 1.11303997
v -0.94932997 -0.75195003 1.11303997
v -0.85685003 -0.75195003 1.11303997
v -0.94932997 -0.75195003 1.11303997
v -0.94932997 -0.75195003 1.03679001
v -0.85685003 -0.75195003 1.03679001
v -0.85685003 -0.75195003 1.11303997
v -0.85685003 -0.47562999 1.11303997
v -0.85685003 -0.47562999 1.03679001
v -0.94932997 -0.47562999 1.03679001
v -0.94932997 -0.47562999 1.11303997
v -0.94932997 -0.47562999 1.03125
v -0.94932997 -0.47562999 0.95499998
v -0.94932997 -0.75195003 0.95499998
v -0.94932997 -0.75195003 1.03125
v -0.94932997 -0.47562999 0.95499998
v -0.85685003 -0.47562999 0.95499998
v -0.85685003 -0.75195003 0.95499998
v -0.94932997 -0.75195003 0.95499998
v -0.85685003 -0.47562999 0.95499998
v -0.85685003 -0.47562999 1.03125
v -0.85685003 -0.75195003 1.03125
v -0.85685003 -0.75195003 0.95499998
v -0.85685003 -0.47562999 1.03125
v -0.94932997 -0.47562999 1.03125
v -0.94932997 -0.75195003 1.03125
v -0.85685003 -0.75195003 1.03125
v -0.94932997 -0.75195003 1.03125
v -0.94932997 -0.75195003 0.95499998
v -0.85685003 -0.75195003 0.95499998
v -0.85685003 -0.75195003 1.03125
v -0.85685003 -0.47562999 1.03125
v -0.85685003 -0.47562999 0.95499998
v -0.94932997 -0.47562999 0.95499998
v -0.94932997 -0.47562999 1.03125
v -0.94932997 -0.47562999 0.94955999
v -0.94932997 -0.47562999 0.87331003
v -0.94932997 -0.75195003 0.87331003
v -0.94932997 -0.75195003 0.94955999
v -0.94932997 -0.47562999 0.87331003
v -0.85685003 -0.47562999 0.87331003
v -0.85685003 -0.75195003 0.87331003
v -0.94932997 -0.75195003 0.87331003
v -0.85685003 -0.47562999 0.87331003
v -0.85685003 -0.47562999 0.94955999
v -0.85685003 -0.75195003 0.94955999
v -0.85685003 -0.75195003 0.87331003
v -0.85685003 -0.47562999 0.94955999
v -0.94932997 -0.47562999 0.94955999
v -0.94932997 -0.75195003 0.94955999
v -0.85685003 -0.75195003 0.94955999
v -0.94932997 -0.75195003 0.94955999
v -0.94932997 -0.75195003 0.87331003
v -0.85685003 -0.75195003 0.87331003
v -0.85685003 -0.75195003 0.94955999
v -0.85685003 -0.47562999 0.94955999
v -0.85685003 -0.47562999 0.87331003
v -0.94932997 -0.47562999 0.87331003
v -0.94932997 -0.47562999 0.94955999
v -0.94932997 -0.47562999 0.87147999
v -0.94932997 -0.47562999 0.79522997
v -0.94932997 -0.75195003 0.79522997
v -0.94932997 -0.75195003 0.87147999
v -0.94932997 -0.47562999 0.79522997
v -0.85685003 -0.47562999 0.79522997
v -0.85685003 -0.75195003 0.79522997
v -0.94932997 -0.75195003 0.79522997
v -0.85685003 -0.47562999 0.79522997
v -0.85685003 -0.47562999 0.87147999
v -0.85685003 -0.75195003 0.87147999
v -0.85685003 -0.75195003 0.79522997
v -0.85685003 -0.47562999 0.87147999
v -0.94932997 -0.47562999 0.87147999
v -0.94932997 -0.75195003 0.87147999
v -0.85685003 -0.75195003 0.87147999
v -0.94932997 -0.75195003 0.87147999
v -0.94932997 -0.75195003 0.79522997
v -0.85685003 -0.75195003 0.79522997
v -0.85685003 -0.75195003 0.87147999
v -0.85685003 -0.47562999 0.87147999
v -0.85685003 -0.47562999 0.79522997
v -0.94932997 -0.47562999 0.79522997
v -0.94932997 -0.47562999 0.87147999
v -0.94932997 -0.47562999 -0.16393
v -0.94932997 -0.47562999 -0.24018
v -0.94932997 -0.75195003 -0.24018
v -0.94932997 -0.75195003 -0.16393
v -0.94932997 -0.47562999 -0.24018
v -0.85685003 -0.47562999 -0.24018
v -0.85685003 -0.75195003 -0.24018
v -0.94932997 -0.75195003 -0.24018
v -0.85685003 -0.47562999 -0.24018
v -0.85685003 -0.47562999 -0.16393
v -0.85685003 -0.75195003 -0.16393
v -0.85685003 -0.75195003 -0.24018
v -0.85685003 -0.47562999 -0.16393
v -0.94932997 -0.47562999 -0.16393
v -0.94932997 -0.75195003 -0.16393
v -0.85685003 -0.75195003 -0.16393
v -0.94932997 -0.75195003 -0.16393
v -0.94932997 -0.75195003 -0.24018
v -0.85685003 -0.75195003 -0.24018
v -0.85685003 -0.75195003 -0.16393
v -0.85685003 -0.47562999 -0.16393
v -0.85685003 -0.47562999 -0.24018
v -0.94932997 -0.47562999 -0.24018
v -0.94932997 -0.47562999 -0.16393
v -0.94932997 -0.13641 -0.16393
v -0.94932997 -0.13641 -0.24018
v -0.94932997 -0.41271999 -0.24018
v -0.94932997 -0.41271999 -0.16393
v -0.94932997 -0.13641 -0.24018
v -0.85089999 -0.13641 -0.24018
v -0.85089999 -0.41271999 -0.24018
v -0.94932997 -0.41271999 -0.24018
v -0.85089999 -0.13641 -0.24018
v -0.85089999 -0.13641 -0.16393
v -0.85089999 -0.41271999 -0.16393
v -0.85089999 -0.41271999 -0.24018
v -0.85089999 -0.13641 -0.16393
v -0.94932997 -0.13641 -0.16393
v -0.94932997 -0.41271999 -0.16393
v -0.85089999 -0.41271999 -0.16393
v -0.94932997 -0.41271999 -0.16393
v -0.94932997 -0.41271999 -0.24018
v -0.85089999 -0.41271999 -0.24018
v -0.85089999 -0.41271999 -0.16393
v -0.85089999 -0.13641 -0.16393
v -0.85089999 -0.13641 -0.24018
v -0.94932997 -0.13641 -0.24018
v -0.94932997 -0.13641 -0.16393
v -0.94932997 -0.13641 -0.24145
v -0.94932997 -0.13641 -0.3177
v -0.94932997 -0.41271999 -0.3177
v -0.94932997 -0.41271999 -0.24145
v -0.94932997 -0.13641 -0.3177
v -0.85685003 -0.13641 -0.3177
v -0.85685003 -0.41271999 -0.3177
v -0.94932997 -0.41271999 -0.3177
v -0.85685003 -0.13641 -0.3177
v -0.85685003 -0.13641 -0.24145
v -0.85685003 -0.41271999 -0.24145
v -0.85685003 -0.41271999 -0.3177
v -0.85685003 -0.13641 -0.24145
v -0.94932997 -0.13641 -0.24145
v -0.94932997 -0.41271999 -0.24145
v -0.85685003 -0.41271999 -0.24145
v -0.94932997 -0.41271999 -0.24145
v -0.94932997 -0.41271999 -0.3177
v -0.85685003 -0.41271999 -0.3177
v -0.85685003 -0.41271999 -0.24145
v -0.85685003 -0.13641 -0.24145
v -0.85685003 -0.13641 -0.3177
v -0.94932997 -0.13641 -0.3177
v -0.94932997 -0.13641 -0.24145
v -0.94932997 -0.13641 -0.32332999
v -0.94932997 -0.13641 -0.39958
v -0.94932997 -0.41271999 -0.39958
v -0.94932997 -0.41271999 -0.32332999
v -0.94932997 -0.13641 -0.39958
v -0.85685003 -0.13641 -0.39958
v -0.85685003 -0.41271999 -0.39958
v -0.94932997 -0.41271999 -0.39958
v -0.85685003 -0.13641 -0.39958
v -0.85685003 -0.13641 -0.32332999
v -0.85685003 -0.41271999 -0.32332999
v -0.85685003 -0.41271999 -0.39958
v -0.85685003 -0.13641 -0.32332999
v -0.94932997 -0.13641 -0.32332999
v -0.94932997 -0.41271999 -0.32332999
v -0.85685003 -0.41271999 -0.32332999
v -0.94932997 -0.41271999 -0.32332999
v -0.94932997 -0.41271999 -0.39958
v -0.85685003 -0.41271999 -0.39958
v -0.85685003 -0.41271999 -0.32332999
v -0.85685003 -0.13641 -0.32332999
v -0.85685003 -0.13641 -0.39958
v -0.94932997 -0.13641 -0.39958
v -0.94932997 -0.13641 -0.32332999
v -0.94932997 -0.13641 -0.40132001
v -0.94932997 -0.13641 -0.47757
v -0.94932997 -0.41271999 -0.47757
v -0.94932997 -0.41271999 -0.40132001
v -0.94932997 -0.13641 -0.47757
v -0.85685003 -0.13641 -0.47757
v -0.85685003 -0.41271999 -0.47757
v -0.94932997 -0.41271999 -0.47757
v -0.85685003 -0.13641 -0.47757
v -0.85685003 -0.13641 -0.40132001
v -0.85685003 -0.41271999 -0.40132001
v -0.85685003 -0.41271999 -0.47757
v -0.85685003 -0.13641 -0.40132001
v -0.94932997 -0.13641 -0.40132001
v -0.94932997 -0.41271999 -0.40132001
v -0.85685003 -0.41271999 -0.40132001
v -0.94932997 -0.41271999 -0.40132001
v -0.94932997 -0.41271999 -0.47757
v -0.85685003 -0.41271999 -0.47757
v -0.85685003 -0.41271999 -0.40132001
v -0.85685003 -0.13641 -0.40132001
v -0.85685003 -0.13641 -0.47757
v -0.94932997 -0.13641 -0.47757
v -0.94932997 -0.13641 -0.40132001
v -0.94932997 -0.13641 -0.48319
v -0.94932997 -0.13641 -0.55944997
v -0.94932997 -0.41271999 -0.55944997
v -0.94932997 -0.41271999 -0.48319
v -0.94932997 -0.13641 -0.55944997
v -0.85685003 -0.13641 -0.55944997
v -0.85685003 -0.41271999 -0.55944997
v -0.94932997 -0.41271999 -0.55944997
v -0.85685003 -0.13641 -0.55944997
v -0.85685003 -0.13641 -0.48319
v -0.85685003 -0.41271999 -0.48319
v -0.85685003 -0.41271999 -0.55944997
v -0.85685003 -0.13641 -0.48319
v -0.94932997 -0.13641 -0.48319
v -0.94932997 -0.41271999 -0.48319
v -0.85685003 -0.41271999 -0.48319
v -0.94932997 -0.41271999 -0.48319
v -0.94932997 -0.41271999 -0.55944997
v -0.85685003 -0.41271999 -0.55944997
v -0.85685003 -0.41271999 -0.48319
v -0.85685003 -0.13641 -0.48319
v -0.85685003 -0.13641 -0.55944997
v -0.94932997 -0.13641 -0.55944997
v -0.94932997 -0.13641 -0.48319
v -0.94932997 0.83058 -0.44808999
v -0.94932997 0.83058 -0.52433997
v -0.94932997 0.55427003 -0.52433997
v -0.94932997 0.55427003 -0.44808999
v -0.94932997 0.83058 -0.52433997
v -0.85685003 0.83058 -0.52433997
v -0.85685003 0.55427003 -0.52433997
v -0.94932997 0.55427003 -0.52433997
v -0.85685003 0.83058 -0.52433997
v -0.85685003 0.83058 -0.44808999
v -0.85685003 0.55427003 -0.44808999
v -0.85685003 0.55427003 -0.52433997
v -0.85685003 0.83058 -0.44808999
v -0.94932997 0.83058 -0.44808999
v -0.94932997 0.55427003 -0.44808999
v -0.85685003 0.55427003 -0.44808999
v -0.94932997 0.55427003 -0.44808999
v -0.94932997 0.55427003 -0.52433997
v -0.85685003 0.55427003 -0.52433997
v -0.85685003 0.55427003 -0.44808999
v -0.85685003 0.83058 -0.44808999
v -0.85685003 0.83058 -0.52433997
v -0.94932997 0.83058 -0.52433997
v -0.94932997 0.83058 -0.44808999
v -0.94932997 0.83058 -0.04287
v -0.94932997 0.83058 -0.11912
v -0.94932997 0.55427003 -0.11912
v -0.94932997 0.55427003 -0.04287
v -0.94932997 0.83058 -0.11912
v -0.85685003 0.83058 -0.11912
v -0.85685003 0.55427003 -0.11912
v -0.94932997 0.55427003 -0.11912
v -0.85685003 0.83058 -0.11912
v -0.85685003 0.83058 -0.04287
v -0.85685003 0.55427003 -0.04287
v -0.85685003 0.55427003 -0.11912
v -0.85685003 0.83058 -0.04287
v -0.94932997 0.83058 -0.04287
v -0.94932997 0.55427003 -0.04287
v -0.85685003 0.55427003 -0.04287
v -0.94932997 0.55427003 -0.04287
v -0.94932997 0.55427003 -0.11912
v -0.85685003 0.55427003 -0.11912
v -0.85685003 0.55427003 -0.04287
v -0.85685003 0.83058 -0.04287
v -0.85685003 0.83058 -0.11912
v -0.94932997 0.83058 -0.11912
v -0.94932997 0.83058 -0.04287
v -0.94932997 0.83058 0.03484
v -0.94932997 0.83058 -0.04141
v -0.94932997 0.55427003 -0.04141
v -0.94932997 0.55427003 0.03484
v -0.94932997 0.83058 -0.04141
v -0.85685003 0.83058 -0.04141
v -0.85685003 0.55427003 -0.04141
v -0.94932997 0.55427003 -0.04141
v -0.85685003 0.83058 -0.04141
v -0.85685003 0.83058 0.03484
v -0.85685003 0.55427003 0.03484
v -0.85685003 0.55427003 -0.04141
v -0.85685003 0.83058 0.03484
v -0.94932997 0.83058 0.03484
v -0.94932997 0.55427003 0.03484
v -0.85685003 0.55427003 0.03484
v -0.94932997 0.55427003 0.03484
v -0.94932997 0.55427003 -0.04141
v -0.85685003 0.55427003 -0.04141
v -0.85685003 0.55427003 0.03484
v -0.85685003 0.83058 0.03484
v -0.85685003 0.83058 -0.04141
v -0.94932997 0.83058 -0.04141
v -0.94932997 0.83058 0.03484
v -0.94932997 0.83058 0.10903
v -0.94932997 0.83058 0.03278
v -0.94932997 0.55427003 0.03278
v -0.94932997 0.55427003 0.10903
v -0.94932997 0.83058 0.03278
v -0.85685003 0.83058 0.03278
v -0.85685003 0.55427003 0.03278
v -0.94932997 0.55427003 0.03278
v -0.85685003 0.83058 0.03278
v -0.85685003 0.83058 0.10903
v -0.85685003 0.55427003 0.10903
v -0.85685003 0.55427003 0.03278
v -0.85685003 0.83058 0.10903
v -0.94932997 0.83058 0.10903
v -0.94932997 0.55427003 0.10903
v -0.85685003 0.55427003 0.10903
v -0.94932997 0.55427003 0.10903
v -0.94932997 0.55427003 0.03278
v -0.85685003 0.55427003 0.03278
v -0.85685003 0.55427003 0.10903
v -0.85685003 0.83058 0.10903
v -0.85685003 0.83058 0.03278
v -0.94932997 0.83058 0.03278
v -0.94932997 0.83058 0.10903
v -0.94932997 0.83058 0.18702
v -0.94932997 0.83058 0.11077
v -0.94932997 0.55427003 0.11077
v -0.94932997 0.55427003 0.18702
v -0.94932997 0.83058 0.11077
v -0.85685003 0.83058 0.11077
v -0.85685003 0.55427003 0.11077
v -0.94932997 0.55427003 0.11077
v -0.85685003 0.83058 0.11077
v -0.85685003 0.83058 0.18702
v -0.85685003 0.55427003 0.18702
v -0.85685003 0.55427003 0.11077
v -0.85685003 0.83058 0.18702
v -0.94932997 0.83058 0.18702
v -0.94932997 0.55427003 0.18702
v -0.85685003 0.55427003 0.18702
v -0.94932997 0.55427003 0.18702
v -0.94932997 0.55427003 0.11077
v -0.85685003 0.55427003 0.11077
v -0.85685003 0.55427003 0.18702
v -0.85685003 0.83058 0.18702
v -0.85685003 0.83058 0.11077
v -0.94932997 0.83058 0.11077
v -0.94932997 0.83058 0.18702
v -0.94932997 0.83058 1.11009002
v -0.94932997 0.83058 1.03383994
v -0.94932997 0.55427003 1.03383994
v -0.94932997 0.55427003 1.11009002
v -0.94932997 0.83058 1.03383994
v -0.85685003 0.83058 1.03383994
v -0.85685003 0.55427003 1.03383994
v -0.94932997 0.55427003 1.03383994
v -0.85685003 0.83058 1.03383994
v -0.85685003 0.83058 1.11009002
v -0.85685003 0.55427003 1.11009002
v -0.85685003 0.55427003 1.03383994
v -0.85685003 0.83058 1.11009002
v -0.94932997 0.83058 1.11009002
v -0.94932997 0.55427003 1.11009002
v -0.85685003 0.55427003 1.11009002
v -0.94932997 0.55427003 1.11009002
v -0.94932997 0.55427003 1.03383994
v -0.85685003 0.55427003 1.03383994
v -0.85685003 0.55427003 1.11009002
v -0.85685003 0.83058 1.11009002
v -0.85685003 0.83058 1.03383994
v -0.94932997 0.83058 1.03383994
v -0.94932997 0.83058 1.11009002
v -0.94932997 1.16591001 1.11009002
v -0.94932997 1.16591001 1.03383994
v -0.94932997 0.88959998 1.03383994
v -0.94932997 0.88959998 1.11009002
v -0.94932997 1.16591001 1.03383994
v -0.85685003 1.16591001 1.03383994
v -0.85685003 0.88959998 1.03383994
v -0.94932997 0.88959998 1.03383994
v -0.85685003 1.16591001 1.03383994
v -0.85685003 1.16591001 1.11009002
v -0.85685003 0.88959998 1.11009002
v -0.85685003 0.88959998 1.03383994
v -0.85685003 1.16591001 1.11009002
v -0.94932997 1.16591001 1.11009002
v -0.94932997 0.88959998 1.11009002
v -0.85685003 0.88959998 1.11009002
v -0.94932997 0.88959998 1.11009002
v -0.94932997 0.88959998 1.03383994
v -0.85685003 0.88959998 1.03383994
v -0.85685003 0.88959998 1.11009002
v -0.85685003 1.16591001 1.11009002
v -0.85685003 1.16591001 1.03383994
v -0.94932997 1.16591001 1.03383994
v -0.94932997 1.16591001 1.11009002
v -0.94932997 0.89152998 1.03008997
v -0.94932997 0.96777999 1.03008997
v -0.94932997 0.96777999 0.79251999
v -0.94932997 0.89152998 0.79251999
v -0.94932997 0.96777999 1.03008997
v -0.85685003 0.96777999 1.03008997
v -0.85685003 0.96777999 0.79251999
v -0.94932997 0.96777999 0.79251999
v -0.85685003 0.96777999 1.03008997
v -0.85685003 0.89152998 1.03008997
v -0.85685003 0.89152998 0.79251999
v -0.85685003 0.96777999 0.79251999
v -0.85685003 0.89152998 1.03008997
v -0.94932997 0.89152998 1.03008997
v -0.94932997 0.89152998 0.79251999
v -0.85685003 0.89152998 0.79251999
v -0.94932997 0.89152998 0.79251999
v -0.94932997 0.96777999 0.79251999
v -0.85685003 0.96777999 0.79251999
v -0.85685003 0.89152998 0.79251999
v -0.85685003 0.89152998 1.03008997
v -0.85685003 0.96777999 1.03008997
v -0.94932997 0.96777999 1.03008997
v -0.94932997 0.89152998 1.03008997
v -0.94932997 0.97393 1.03008997
v -0.94932997 1.05017996 1.03008997
v -0.94932997 1.05017996 0.79251999
v -0.94932997 0.97393 0.79251999
v -0.94932997 1.05017996 1.03008997
v -0.85685003 1.05017996 1.03008997
v -0.85685003 1.05017996 0.79251999
v -0.94932997 1.05017996 0.79251999
v -0.85685003 1.05017996 1.03008997
v -0.85685003 0.97393 1.03008997
v -0.85685003 0.97393 0.79251999
v -0.85685003 1.05017996 0.79251999
v -0.85685003 0.97393 1.03008997
v -0.94932997 0.97393 1.03008997
v -0.94932997 0.97393 0.79251999
v -0.85685003 0.97393 0.79251999
v -0.94932997 0.97393 0.79251999
v -0.94932997 1.05017996 0.79251999
v -0.85685003 1.05017996 0.79251999
v -0.85685003 0.97393 0.79251999
v -0.85685003 0.97393 1.03008997
v -0.85685003 1.05017996 1.03008997
v -0.94932997 1.05017996 1.03008997
v -0.94932997 0.97393 1.03008997
v -0.94932997 1.05241001 1.03008997
v -0.94932997 1.12865996 1.03008997
v -0.94932997 1.12865996 0.79251999
v -0.94932997 1.05241001 0.79251999
v -0.94932997 1.12865996 1.03008997
v -0.85685003 1.12865996 1.03008997
v -0.85685003 1.12865996 0.79251999
v -0.94932997 1.12865996 0.79251999
v -0.85685003 1.12865996 1.03008997
v -0.85685003 1.05241001 1.03008997
v -0.85685003 1.05241001 0.79251999
v -0.85685003 1.12865996 0.79251999
v -0.85685003 1.05241001 1.03008997
v -0.94932997 1.05241001 1.03008997
v -0.94932997 1.05241001 0.79251999
v -0.85685003 1.05241001 0.79251999
v -0.94932997 1.05241001 0.79251999
v -0.94932997 1.12865996 0.79251999
v -0.85685003 1.12865996 0.79251999
v -0.85685003 1.05241001 0.79251999
v -0.85685003 1.05241001 1.03008997
v -0.85685003 1.12865996 1.03008997
v -0.94932997 1.12865996 1.03008997
v -0.94932997 1.05241001 1.03008997
v -0.94932997 1.16591001 0.15067001
v -0.94932997 1.16591001 0.07441
v -0.94932997 0.88959998 0.07441
v -0.94932997 0.88959998 0.15067001
v -0.94932997 1.16591001 0.07441
v -0.85685003 1.16591001 0.07441
v -0.85685003 0.88959998 0.07441
v -0.94932997 0.88959998 0.07441
v -0.85685003 1.16591001 0.07441
v -0.85685003 1.16591001 0.15067001
v -0.85685003 0.88959998 0.15067001
v -0.85685003 0.88959998 0.07441
v -0.85685003 1.16591001 0.15067001
v -0.94932997 1.16591001 0.15067001
v -0.94932997 0.88959998 0.15067001
v -0.85685003 0.88959998 0.15067001
v -0.94932997 0.88959998 0.15067001
v -0.94932997 0.88959998 0.07441
v -0.85685003 0.88959998 0.07441
v -0.85685003 0.88959998 0.15067001
v -0.85685003 1.16591001 0.15067001
v -0.85685003 1.16591001 0.07441
v -0.94932997 1.16591001 0.07441
v -0.94932997 1.16591001 0.15067001
v -0.94932997 1.16591001 -0.35797
v -0.94932997 1.16591001 -0.43421999
v -0.94932997 0.88959998 -0.43421999
v -0.94932997 0.88959998 -0.35797
v -0.94932997 1.16591001 -0.43421999
v -0.85685003 1.16591001 -0.43421999
v -0.85685003 0.88959998 -0.43421999
v -0.94932997 0.88959998 -0.43421999
v -0.85685003 1.16591001 -0.43421999
v -0.85685003 1.16591001 -0.35797
v -0.85685003 0.88959998 -0.35797
v -0.85685003 0.88959998 -0.43421999
v -0.85685003 1.16591001 -0.35797
v -0.94932997 1.16591001 -0.35797
v -0.94932997 0.88959998 -0.35797
v -0.85685003 0.88959998 -0.35797
v -0.94932997 0.88959998 -0.35797
v -0.94932997 0.88959998 -0.43421999
v -0.85685003 0.88959998 -0.43421999
v -0.85685003 0.88959998 -0.35797
v -0.85685003 1.16591001 -0.35797
v -0.85685003 1.16591001 -0.43421999
v -0.94932997 1.16591001 -0.43421999
v -0.94932997 1.16591001 -0.35797
v -0.94932997 1.16591001 -0.28099
v -0.94932997 1.16591001 -0.35725001
v -0.94932997 0.88959998 -0.35725001
v -0.94932997 0.88959998 -0.28099
v -0.94932997 1.16591001 -0.35725001
v -0.85685003 1.16591001 -0.35725001
v -0.85685003 0.88959998 -0.35725001
v -0.94932997 0.88959998 -0.35725001
v -0.85685003 1.16591001 -0.35725001
v -0.85685003 1.16591001 -0.28099
v -0.85685003 0.88959998 -0.28099
v -0.85685003 0.88959998 -0.35725001
v -0.85685003 1.16591001 -0.28099
v -0.94932997 1.16591001 -0.28099
v -0.94932997 0.88959998 -0.28099
v -0.85685003 0.88959998 -0.28099
v -0.94932997 0.88959998 -0.28099
v -0.94932997 0.88959998 -0.35725001
v -0.85685003 0.88959998 -0.35725001
v -0.85685003 0.88959998 -0.28099
v -0.85685003 1.16591001 -0.28099
v -0.85685003 1.16591001 -0.35725001
v -0.94932997 1.16591001 -0.35725001
v -0.94932997 1.16591001 -0.28099
v -0.03575 1.16591001 -0.87444001
v -0.112 1.16591001 -0.87444001
v -0.112 0.88959998 -0.87444001
v -0.03575 0.88959998 -0.87444001
v -0.112 1.16591001 -0.87444001
v -0.112 1.16591001 -0.96691
v -0.112 0.88959998 -0.96691
v -0.112 0.88959998 -0.87444001
v -0.112 1.16591001 -0.96691
v -0.03575 1.16591001 -0.96691
v -0.03575 0.88959998 -0.96691
v -0.112 0.88959998 -0.96691
v -0.03575 1.16591001 -0.96691
v -0.03575 1.16591001 -0.87444001
v -0.03575 0.88959998 -0.87444001
v -0.03575 0.88959998 -0.96691
v -0.03575 0.88959998 -0.87444001
v -0.112 0.88959998 -0.87444001
v -0.112 0.88959998 -0.96691
v -0.03575 0.88959998 -0.96691
v -0.03575 1.16591001 -0.96691
v -0.112 1.16591001 -0.96691
v -0.112 1.16591001 -0.87444001
v -0.03575 1.16591001 -0.87444001
v 0.05154 1.16591001 -0.87444001
v -0.02471 1.16591001 -0.87444001
v -0.02471 0.88959998 -0.87444001
v 0.05154 0.88959998 -0.87444001
v -0.02471 1.16591001 -0.87444001
v -0.02471 1.16591001 -0.96691
v -0.02471 0.88959998 -0.96691
v -0.02471 0.88959998 -0.87444001
v -0.02471 1.16591001 -0.96691
v 0.05154 1.16591001 -0.96691
v 0.05154 0.88959998 -0.96691
v -0.02471 0.88959998 -0.96691
v 0.05154 1.16591001 -0.96691
v 0.05154 1.16591001 -0.87444001
v 0.05154 0.88959998 -0.87444001
v 0.05154 0.88959998 -0.96691
v 0.05154 0.88959998 -0.87444001
v -0.02471 0.88959998 -0.87444001
v -0.02471 0.88959998 -0.96691
v 0.05154 0.88959998 -0.96691
v 0.05154 1.16591001 -0.96691
v -0.02471 1.16591001 -0.96691
v -0.02471 1.16591001 -0.87444001
v 0.05154 1.16591001 -0.87444001
v 0.12265 1.16591001 -0.87444001
v 0.05819 1.16591001 -0.87444001
v 0.05819 0.88959998 -0.87444001
v 0.12265 0.88959998 -0.87444001
v 0.05819 1.16591001 -0.87444001
v 0.05819 1.16591001 -0.96691
v 0.05819 0.88959998 -0.96691
v 0.05819 0.88959998 -0.87444001
v 0.05819 1.16591001 -0.96691
v 0.12265 1.16591001 -0.96691
v 0.12265 0.88959998 -0.96691
v 0.05819 0.88959998 -0.96691
v 0.12265 1.16591001 -0.96691
v 0.12265 1.16591001 -0.87444001
v 0.12265 0.88959998 -0.87444001
v 0.12265 0.88959998 -0.96691
v 0.12265 0.88959998 -0.87444001
v 0.05819 0.88959998 -0.87444001
v 0.05819 0.88959998 -0.96691
v 0.12265 0.88959998 -0.96691
v 0.12265 1.16591001 -0.96691
v 0.05819 1.16591001 -0.96691
v 0.05819 1.16591001 -0.87444001
v 0.12265 1.16591001 -0.87444001
v 0.95938998 1.16591001 -0.87444001
v 0.88314003 1.16591001 -0.87444001
v 0.88314003 0.88959998 -0.87444001
v 0.95938998 0.88959998 -0.87444001
v 0.88314003 1.16591001 -0.87444001
v 0.88314003 1.16591001 -0.96691
v 0.88314003 0.88959998 -0.96691
v 0.88314003 0.88959998 -0.87444001
v 0.88314003 1.16591001 -0.96691
v 0.95938998 1.16591001 -0.96691
v 0.95938998 0.88959998 -0.96691
v 0.88314003 0.88959998 -0.96691
v 0.95938998 1.16591001 -0.96691
v 0.95938998 1.16591001 -0.87444001
v 0.95938998 0.88959998 -0.87444001
v 0.95938998 0.88959998 -0.96691
v 0.95938998 0.88959998 -0.87444001
v 0.88314003 0.88959998 -0.87444001
v 0.88314003 0.88959998 -0.96691
v 0.95938998 0.88959998 -0.96691
v 0.95938998 1.16591001 -0.96691
v 0.88314003 1.16591001 -0.96691
v 0.88314003 1.16591001 -0.87444001
v 0.95938998 1.16591001 -0.87444001
v 1.04633999 1.16591001 -0.87444001
v 0.97008997 1.16591001 -0.87444001
v 0.97008997 0.88959998 -0.87444001
v 1.04633999 0.88959998 -0.87444001
v 0.97008997 1.16591001 -0.87444001
v 0.97008997 1.16591001 -0.96691
v 0.97008997 0.88959998 -0.96691
v 0.97008997 0.88959998 -0.87444001
v 0.97008997 1.16591001 -0.96691
v 1.04633999 1.16591001 -0.96691
v 1.04633999 0.88959998 -0.96691
v 0.97008997 0.88959998 -0.96691
v 1.04633999 1.16591001 -0.96691
v 1.04633999 1.16591001 -0.87444001
v 1.04633999 0.88959998 -0.87444001
v 1.04633999 0.88959998 -0.96691
v 1.04633999 0.88959998 -0.87444001
v 0.97008997 0.88959998 -0.87444001
v 0.97008997 0.88959998 -0.96691
v 1.04633999 0.88959998 -0.96691
v 1.04633999 1.16591001 -0.96691
v 0.97008997 1.16591001 -0.96691
v 0.97008997 1.16591001 -0.87444001
v 1.04633999 1.16591001 -0.87444001
v 1.13274002 0.83973998 -0.87444001
v 1.05648994 0.83973998 -0.87444001
v 1.05648994 0.56342 -0.87444001
v 1.13274002 0.56342 -0.87444001
v 1.05648994 0.83973998 -0.87444001
v 1.05648994 0.83973998 -0.96691
v 1.05648994 0.56342 -0.96691
v 1.05648994 0.56342 -0.87444001
v 1.05648994 0.83973998 -0.96691
v 1.13274002 0.83973998 -0.96691
v 1.13274002 0.56342 -0.96691
v 1.05648994 0.56342 -0.96691
v 1.13274002 0.83973998 -0.96691
v 1.13274002 0.83973998 -0.87444001
v 1.13274002 0.56342 -0.87444001
v 1.13274002 0.56342 -0.96691
v 1.13274002 0.56342 -0.87444001
v 1.05648994 0.56342 -0.87444001
v 1.05648994 0.56342 -0.96691
v 1.13274002 0.56342 -0.96691
v 1.13274002 0.83973998 -0.96691
v 1.05648994 0.83973998 -0.96691
v 1.05648994 0.83973998 -0.87444001
v 1.13274002 0.83973998 -0.87444001
v 0.28442001 0.83973998 -0.87444001
v 0.20816 0.83973998 -0.87444001
v 0.20816 0.56342 -0.87444001
v 0.28442001 0.56342 -0.87444001
v 0.20816 0.83973998 -0.87444001
v 0.20816 0.83973998 -0.96691
v 0.20816 0.56342 -0.96691
v 0.20816 0.56342 -0.87444001
v 0.20816 0.83973998 -0.96691
v 0.28442001 0.83973998 -0.96691
v 0.28442001 0.56342 -0.96691
v 0.20816 0.56342 -0.96691
v 0.28442001 0.83973998 -0.96691
v 0.28442001 0.83973998 -0.87444001
v 0.28442001 0.56342 -0.87444001
v 0.28442001 0.56342 -0.96691
v 0.28442001 0.56342 -0.87444001
v 0.20816 0.56342 -0.87444001
v 0.20816 0.56342 -0.96691
v 0.28442001 0.56342 -0.96691
v 0.28442001 0.83973998 -0.96691
v 0.20816 0.83973998 -0.96691
v 0.20816 0.83973998 -0.87444001
v 0.28442001 0.83973998 -0.87444001
v 0.20218 0.83973998 -0.87444001
v 0.12593 0.83973998 -0.87444001
v 0.12593 0.56342 -0.87444001
v 0.20218 0.56342 -0.87444001
v 0.12593 0.83973998 -0.87444001
v 0.12593 0.83973998 -0.96691
v 0.12593 0.56342 -0.96691
v 0.12593 0.56342 -0.87444001
v 0.12593 0.83973998 -0.96691
v 0.20218 0.83973998 -0.96691
v 0.20218 0.56342 -0.96691
v 0.12593 0.56342 -0.96691
v 0.20218 0.83973998 -0.96691
v 0.20218 0.83973998 -0.87444001
v 0.20218 0.56342 -0.87444001
v 0.20218 0.56342 -0.96691
v 0.20218 0.56342 -0.87444001
v 0.12593 0.56342 -0.87444001
v 0.12593 0.56342 -0.96691
v 0.20218 0.56342 -0.96691
v 0.20218 0.83973998 -0.96691
v 0.12593 0.83973998 -0.96691
v 0.12593 0.83973998 -0.87444001
v 0.20218 0.83973998 -0.87444001
v 0.1196 0.83973998 -0.87444001
v 0.04335 0.83973998 -0.87444001
v 0.04335 0.56342 -0.87444001
v 0.1196 0.56342 -0.87444001
v 0.04335 0.83973998 -0.87444001
v 0.04335 0.83973998 -0.96691
v 0.04335 0.56342 -0.96691
v 0.04335 0.56342 -0.87444001
v 0.04335 0.83973998 -0.96691
v 0.1196 0.83973998 -0.96691
v 0.1196 0.56342 -0.96691
v 0.04335 0.56342 -0.96691
v 0.1196 0.83973998 -0.96691
v 0.1196 0.83973998 -0.87444001
v 0.1196 0.56342 -0.87444001
v 0.1196 0.56342 -0.96691
v 0.1196 0.56342 -0.87444001
v 0.04335 0.56342 -0.87444001
v 0.04335 0.56342 -0.96691
v 0.1196 0.56342 -0.96691
v 0.1196 0.83973998 -0.96691
v 0.04335 0.83973998 -0.96691
v 0.04335 0.83973998 -0.87444001
v 0.1196 0.83973998 -0.87444001
v 0.03321 0.83973998 -0.87444001
v -0.02212 0.83973998 -0.87444001
v -0.02212 0.56342 -0.87444001
v 0.03321 0.56342 -0.87444001
v -0.02212 0.83973998 -0.87444001
v -0.02212 0.83973998 -0.96691
v -0.02212 0.56342 -0.96691
v -0.02212 0.56342 -0.87444001
v -0.02212 0.83973998 -0.96691
v 0.03321 0.83973998 -0.96691
v 0.03321 0.56342 -0.96691
v -0.02212 0.56342 -0.96691
v 0.03321 0.83973998 -0.96691
v 0.03321 0.83973998 -0.87444001
v 0.03321 0.56342 -0.87444001
v 0.03321 0.56342 -0.96691
v 0.03321 0.56342 -0.87444001
v -0.02212 0.56342 -0.87444001
v -0.02212 0.56342 -0.96691
v 0.03321 0.56342 -0.96691
v 0.03321 0.83973998 -0.96691
v -0.02212 0.83973998 -0.96691
v -0.02212 0.83973998 -0.87444001
v 0.03321 0.83973998 -0.87444001
v -0.02959 0.83973998 -0.87444001
v -0.10584 0.83973998 -0.87444001
v -0.10584 0.56342 -0.87444001
v -0.02959 0.56342 -0.87444001
v -0.10584 0.83973998 -0.87444001
v -0.10584 0.83973998 -0.96691
v -0.10584 0.56342 -0.96691
v -0.10584 0.56342 -0.87444001
v -0.10584 0.83973998 -0.96691
v -0.02959 0.83973998 -0.96691
v -0.02959 0.56342 -0.96691
v -0.10584 0.56342 -0.96691
v -0.02959 0.83973998 -0.96691
v -0.02959 0.83973998 -0.87444001
v -0.02959 0.56342 -0.87444001
v -0.02959 0.56342 -0.96691
v -0.02959 0.56342 -0.87444001
v -0.10584 0.56342 -0.87444001
v -0.10584 0.56342 -0.96691
v -0.02959 0.56342 -0.96691
v -0.02959 0.83973998 -0.96691
v -0.10584 0.83973998 -0.96691
v -0.10584 0.83973998 -0.87444001
v -0.02959 0.83973998 -0.87444001
v -0.02959 0.50474 -0.87444001
v -0.10584 0.50474 -0.87444001
v -0.10584 0.22842 -0.87444001
v -0.02959 0.22842 -0.87444001
v -0.10584 0.50474 -0.87444001
v -0.10584 0.50474 -0.96691
v -0.10584 0.22842 -0.96691
v -0.10584 0.22842 -0.87444001
v -0.10584 0.50474 -0.96691
v -0.02959 0.50474 -0.96691
v -0.02959 0.22842 -0.96691
v -0.10584 0.22842 -0.96691
v -0.02959 0.50474 -0.96691
v -0.02959 0.50474 -0.87444001
v -0.02959 0.22842 -0.87444001
v -0.02959 0.22842 -0.96691
v -0.02959 0.22842 -0.87444001
v -0.10584 0.22842 -0.87444001
v -0.10584 0.22842 -0.96691
v -0.02959 0.22842 -0.96691
v -0.02959 0.50474 -0.96691
v -0.10584 0.50474 -0.96691
v -0.10584 0.50474 -0.87444001
v -0.02959 0.50474 -0.87444001
v 0.05274 0.50474 -0.87444001
v -0.02352 0.50474 -0.87444001
v -0.02352 0.22842 -0.87444001
v 0.05274 0.22842 -0.87444001
v -0.02352 0.50474 -0.87444001
v -0.02352 0.50474 -0.96691
v -0.02352 0.22842 -0.96691
v -0.02352 0.22842 -0.87444001
v -0.02352 0.50474 -0.96691
v 0.05274 0.50474 -0.96691
v 0.05274 0.22842 -0.96691
v -0.02352 0.22842 -0.96691
v 0.05274 0.50474 -0.96691
v 0.05274 0.50474 -0.87444001
v 0.05274 0.22842 -0.87444001
v 0.05274 0.22842 -0.96691
v 0.05274 0.22842 -0.87444001
v -0.02352 0.22842 -0.87444001
v -0.02352 0.22842 -0.96691
v 0.05274 0.22842 -0.96691
v 0.05274 0.50474 -0.96691
v -0.02352 0.50474 -0.96691
v -0.02352 0.50474 -0.87444001
v 0.05274 0.50474 -0.87444001
v 1.13914001 0.50474 -0.87444001
v 1.06288004 0.50474 -0.87444001
v 1.06288004 0.22842 -0.87444001
v 1.13914001 0.22842 -0.87444001
v 1.06288004 0.50474 -0.87444001
v 1.06288004 0.50474 -0.96691
v 1.06288004 0.22842 -0.96691
v 1.06288004 0.22842 -0.87444001
v 1.06288004 0.50474 -0.96691
v 1.13914001 0.50474 -0.96691
v 1.13914001 0.22842 -0.96691
v 1.06288004 0.22842 -0.96691
v 1.13914001 0.50474 -0.96691
v 1.13914001 0.50474 -0.87444001
v 1.13914001 0.22842 -0.87444001
v 1.13914001 0.22842 -0.96691
v 1.13914001 0.22842 -0.87444001
v 1.06288004 0.22842 -0.87444001
v 1.06288004 0.22842 -0.96691
v 1.13914001 0.22842 -0.96691
v 1.13914001 0.50474 -0.96691
v 1.06288004 0.50474 -0.96691
v 1.06288004 0.50474 -0.87444001
v 1.13914001 0.50474 -0.87444001
v 1.06070006 0.50474 -0.87444001
v 0.98444998 0.50474 -0.87444001
v 0.98444998 0.22842 -0.87444001
v 1.06070006 0.22842 -0.87444001
v 0.98444998 0.50474 -0.87444001
v 0.98444998 0.50474 -0.96691
v 0.98444998 0.22842 -0.96691
v 0.98444998 0.22842 -0.87444001
v 0.98444998 0.50474 -0.96691
v 1.06070006 0.50474 -0.96691
v 1.06070006 0.22842 -0.96691
v 0.98444998 0.22842 -0.96691
v 1.06070006 0.50474 -0.96691
v 1.06070006 0.50474 -0.87444001
v 1.06070006 0.22842 -0.87444001
v 1.06070006 0.22842 -0.96691
v 1.06070006 0.22842 -0.87444001
v 0.98444998 0.22842 -0.87444001
v 0.98444998 0.22842 -0.96691
v 1.06070006 0.22842 -0.96691
v 1.06070006 0.50474 -0.96691
v 0.98444998 0.50474 -0.96691
v 0.98444998 0.50474 -0.87444001
v 1.06070006 0.50474 -0.87444001
v 0.98205 0.23022 -0.87444001
v 0.98205 0.30647001 -0.87444001
v 0.79838997 0.30647001 -0.87444001
v 0.79838997 0.23022 -0.87444001
v 0.98205 0.30647001 -0.87444001
v 0.98205 0.30647001 -0.96691
v 0.79838997 0.30647001 -0.96691
v 0.79838997 0.30647001 -0.87444001
v 0.98205 0.30647001 -0.96691
v 0.98205 0.23022 -0.96691
v 0.79838997 0.23022 -0.96691
v 0.79838997 0.30647001 -0.96691
v 0.98205 0.23022 -0.96691
v 0.98205 0.23022 -0.87444001
v 0.79838997 0.23022 -0.87444001
v 0.79838997 0.23022 -0.96691
v 0.79838997 0.23022 -0.87444001
v 0.79838997 0.30647001 -0.87444001
v 0.79838997 0.30647001 -0.96691
v 0.79838997 0.23022 -0.96691
v 0.98205 0.23022 -0.96691
v 0.98205 0.30647001 -0.96691
v 0.98205 0.30647001 -0.87444001
v 0.98205 0.23022 -0.87444001
v 0.98205 0.31123999 -0.87444001
v 0.98205 0.38749 -0.87444001
v 0.79838997 0.38749 -0.87444001
v 0.79838997 0.31123999 -0.87444001
v 0.98205 0.38749 -0.87444001
v 0.98205 0.38749 -0.96691
v 0.79838997 0.38749 -0.96691
v 0.79838997 0.38749 -0.87444001
v 0.98205 0.38749 -0.96691
v 0.98205 0.31123999 -0.96691
v 0.79838997 0.31123999 -0.96691
v 0.79838997 0.38749 -0.96691
v 0.98205 0.31123999 -0.96691
v 0.98205 0.31123999 -0.87444001
v 0.79838997 0.31123999 -0.87444001
v 0.79838997 0.31123999 -0.96691
v 0.79838997 0.31123999 -0.87444001
v 0.79838997 0.38749 -0.87444001
v 0.79838997 0.38749 -0.96691
v 0.79838997 0.31123999 -0.96691
v 0.98205 0.31123999 -0.96691
v 0.98205 0.38749 -0.96691
v 0.98205 0.38749 -0.87444001
v 0.98205 0.31123999 -0.87444001
v 0.98205 0.39225999 -0.87444001
v 0.98205 0.46851 -0.87444001
v 0.79838997 0.46851 -0.87444001
v 0.79838997 0.39225999 -0.87444001
v 0.98205 0.46851 -0.87444001
v 0.98205 0.46851 -0.96691
v 0.79838997 0.46851 -0.96691
v 0.79838997 0.46851 -0.87444001
v 0.98205 0.46851 -0.96691
v 0.98205 0.39225999 -0.96691
v 0.79838997 0.39225999 -0.96691
v 0.79838997 0.46851 -0.96691
v 0.98205 0.39225999 -0.96691
v 0.98205 0.39225999 -0.87444001
v 0.79838997 0.39225999 -0.87444001
v 0.79838997 0.39225999 -0.96691
v 0.79838997 0.39225999 -0.87444001
v 0.79838997 0.46851 -0.87444001
v 0.79838997 0.46851 -0.96691
v 0.79838997 0.39225999 -0.96691
v 0.98205 0.39225999 -0.96691
v 0.98205 0.46851 -0.96691
v 0.98205 0.46851 -0.87444001
v 0.98205 0.39225999 -0.87444001
v 1.08787 -0.13958 -0.87444001
v 1.01162004 -0.13958 -0.87444001
v 1.01162004 -0.41589001 -0.87444001
v 1.08787 -0.41589001 -0.87444001
v 1.01162004 -0.13958 -0.87444001
v 1.01162004 -0.13958 -0.96691
v 1.01162004 -0.41589001 -0.96691
v 1.01162004 -0.41589001 -0.87444001
v 1.01162004 -0.13958 -0.96691
v 1.08787 -0.13958 -0.96691
v 1.08787 -0.41589001 -0.96691
v 1.01162004 -0.41589001 -0.96691
v 1.08787 -0.13958 -0.96691
v 1.08787 -0.13958 -0.87444001
v 1.08787 -0.41589001 -0.87444001
v 1.08787 -0.41589001 -0.96691
v 1.08787 -0.41589001 -0.87444001
v 1.01162004 -0.41589001 -0.87444001
v 1.01162004 -0.41589001 -0.96691
v 1.08787 -0.41589001 -0.96691
v 1.08787 -0.13958 -0.96691
v 1.01162004 -0.13958 -0.96691
v 1.01162004 -0.13958 -0.87444001
v 1.08787 -0.13958 -0.87444001
v 1.01086998 -0.13958 -0.87444001
v 0.93462002 -0.13958 -0.87444001
v 0.93462002 -0.41589001 -0.87444001
v 1.01086998 -0.41589001 -0.87444001
v 0.93462002 -0.13958 -0.87444001
v 0.93462002 -0.13958 -0.96691
v 0.93462002 -0.41589001 -0.96691
v 0.93462002 -0.41589001 -0.87444001
v 0.93462002 -0.13958 -0.96691
v 1.01086998 -0.13958 -0.96691
v 1.01086998 -0.41589001 -0.96691
v 0.93462002 -0.41589001 -0.96691
v 1.01086998 -0.13958 -0.96691
v 1.01086998 -0.13958 -0.87444001
v 1.01086998 -0.41589001 -0.87444001
v 1.01086998 -0.41589001 -0.96691
v 1.01086998 -0.41589001 -0.87444001
v 0.93462002 -0.41589001 -0.87444001
v 0.93462002 -0.41589001 -0.96691
v 1.01086998 -0.41589001 -0.96691
v 1.01086998 -0.13958 -0.96691
v 0.93462002 -0.13958 -0.96691
v 0.93462002 -0.13958 -0.87444001
v 1.01086998 -0.13958 -0.87444001
v 0.92616999 -0.13958 -0.87444001
v 0.84991997 -0.13958 -0.87444001
v 0.84991997 -0.41589001 -0.87444001
v 0.92616999 -0.41589001 -0.87444001
v 0.84991997 -0.13958 -0.87444001
v 0.84991997 -0.13958 -0.96691
v 0.84991997 -0.41589001 -0.96691
v 0.84991997 -0.41589001 -0.87444001
v 0.84991997 -0.13958 -0.96691
v 0.92616999 -0.13958 -0.96691
v 0.92616999 -0.41589001 -0.96691
v 0.84991997 -0.41589001 -0.96691
v 0.92616999 -0.13958 -0.96691
v 0.92616999 -0.13958 -0.87444001
v 0.92616999 -0.41589001 -0.87444001
v 0.92616999 -0.41589001 -0.96691
v 0.92616999 -0.41589001 -0.87444001
v 0.84991997 -0.41589001 -0.87444001
v 0.84991997 -0.41589001 -0.96691
v 0.92616999 -0.41589001 -0.96691
v 0.92616999 -0.13958 -0.96691
v 0.84991997 -0.13958 -0.96691
v 0.84991997 -0.13958 -0.87444001
v 0.92616999 -0.13958 -0.87444001
v 0.87998998 -0.46443 -0.87444001
v 0.80374002 -0.46443 -0.87444001
v 0.80374002 -0.74074 -0.87444001
v 0.87998998 -0.74074 -0.87444001
v 0.80374002 -0.46443 -0.87444001
v 0.80374002 -0.46443 -0.96691
v 0.80374002 -0.74074 -0.96691
v 0.80374002 -0.74074 -0.87444001
v 0.80374002 -0.46443 -0.96691
v 0.87998998 -0.46443 -0.96691
v 0.87998998 -0.74074 -0.96691
v 0.80374002 -0.74074 -0.96691
v 0.87998998 -0.46443 -0.96691
v 0.87998998 -0.46443 -0.87444001
v 0.87998998 -0.74074 -0.87444001
v 0.87998998 -0.74074 -0.96691
v 0.87998998 -0.74074 -0.87444001
v 0.80374002 -0.74074 -0.87444001
v 0.80374002 -0.74074 -0.96691
v 0.87998998 -0.74074 -0.96691
v 0.87998998 -0.46443 -0.96691
v 0.80374002 -0.46443 -0.96691
v 0.80374002 -0.46443 -0.87444001
v 0.87998998 -0.46443 -0.87444001
v 0.95700997 -0.46443 -0.87444001
v 0.88076001 -0.46443 -0.87444001
v 0.88076001 -0.74074 -0.87444001
v 0.95700997 -0.74074 -0.87444001
v 0.88076001 -0.46443 -0.87444001
v 0.88076001 -0.46443 -0.96691
v 0.88076001 -0.74074 -0.96691
v 0.88076001 -0.74074 -0.87444001
v 0.88076001 -0.46443 -0.96691
v 0.95700997 -0.46443 -0.96691
v 0.95700997 -0.74074 -0.96691
v 0.88076001 -0.74074 -0.96691
v 0.95700997 -0.46443 -0.96691
v 0.95700997 -0.46443 -0.87444001
v 0.95700997 -0.74074 -0.87444001
v 0.95700997 -0.74074 -0.96691
v 0.95700997 -0.74074 -0.87444001
v 0.88076001 -0.74074 -0.87444001
v 0.88076001 -0.74074 -0.96691
v 0.95700997 -0.74074 -0.96691
v 0.95700997 -0.46443 -0.96691
v 0.88076001 -0.46443 -0.96691
v 0.88076001 -0.46443 -0.87444001
v 0.95700997 -0.46443 -0.87444001
v 0.76067001 -0.46443 -0.87444001
v 0.68441999 -0.46443 -0.87444001
v 0.68441999 -0.74074 -0.87444001
v 0.76067001 -0.74074 -0.87444001
v 0.68441999 -0.46443 -0.87444001
v 0.68441999 -0.46443 -0.96691
v 0.68441999 -0.74074 -0.96691
v 0.68441999 -0.74074 -0.87444001
v 0.68441999 -0.46443 -0.96691
v 0.76067001 -0.46443 -0.96691
v 0.76067001 -0.74074 -0.96691
v 0.68441999 -0.74074 -0.96691
v 0.76067001 -0.46443 -0.96691
v 0.76067001 -0.46443 -0.87444001
v 0.76067001 -0.74074 -0.87444001
v 0.76067001 -0.74074 -0.96691
v 0.76067001 -0.74074 -0.87444001
v 0.68441999 -0.74074 -0.87444001
v 0.68441999 -0.74074 -0.96691
v 0.76067001 -0.74074 -0.96691
v 0.76067001 -0.46443 -0.96691
v 0.68441999 -0.46443 -0.96691
v 0.68441999 -0.46443 -0.87444001
v 0.76067001 -0.46443 -0.87444001
v 0.68752003 -0.46443 -0.87444001
v 0.61127001 -0.46443 -0.87444001
v 0.61127001 -0.74074 -0.87444001
v 0.68752003 -0.74074 -0.87444001
v 0.61127001 -0.46443 -0.87444001
v 0.61127001 -0.46443 -0.96691
v 0.61127001 -0.74074 -0.96691
v 0.61127001 -0.74074 -0.87444001
v 0.61127001 -0.46443 -0.96691
v 0.68752003 -0.46443 -0.96691
v 0.68752003 -0.74074 -0.96691
v 0.61127001 -0.74074 -0.96691
v 0.68752003 -0.46443 -0.96691
v 0.68752003 -0.46443 -0.87444001
v 0.68752003 -0.74074 -0.87444001
v 0.68752003 -0.74074 -0.96691
v 0.68752003 -0.74074 -0.87444001
v 0.61127001 -0.74074 -0.87444001
v 0.61127001 -0.74074 -0.96691
v 0.68752003 -0.74074 -0.96691
v 0.68752003 -0.46443 -0.96691
v 0.61127001 -0.46443 -0.96691
v 0.61127001 -0.46443 -0.87444001
v 0.68752003 -0.46443 -0.87444001
v 0.30252999 -0.78154999 -0.87444001
v 0.22628 -0.78154999 -0.87444001
v 0.22628 -1.05786002 -0.87444001
v 0.30252999 -1.05786002 -0.87444001
v 0.22628 -0.78154999 -0.87444001
v 0.22628 -0.78154999 -0.96691
v 0.22628 -1.05786002 -0.96691
v 0.22628 -1.05786002 -0.87444001
v 0.22628 -0.78154999 -0.96691
v 0.30252999 -0.78154999 -0.96691
v 0.30252999 -1.05786002 -0.96691
v 0.22628 -1.05786002 -0.96691
v 0.30252999 -0.78154999 -0.96691
v 0.30252999 -0.78154999 -0.87444001
v 0.30252999 -1.05786002 -0.87444001
v 0.30252999 -1.05786002 -0.96691
v 0.30252999 -1.05786002 -0.87444001
v 0.22628 -1.05786002 -0.87444001
v 0.22628 -1.05786002 -0.96691
v 0.30252999 -1.05786002 -0.96691
v 0.30252999 -0.78154999 -0.96691
v 0.22628 -0.78154999 -0.96691
v 0.22628 -0.78154999 -0.87444001
v 0.30252999 -0.78154999 -0.87444001
v 0.22552 -0.78154999 -0.87444001
v 0.14926 -0.78154999 -0.87444001
v 0.14926 -1.05786002 -0.87444001
v 0.22552 -1.05786002 -0.87444001
v 0.14926 -0.78154999 -0.87444001
v 0.14926 -0.78154999 -0.96691
v 0.14926 -1.05786002 -0.96691
v 0.14926 -1.05786002 -0.87444001
v 0.14926 -0.78154999 -0.96691
v 0.22552 -0.78154999 -0.96691
v 0.22552 -1.05786002 -0.96691
v 0.14926 -1.05786002 -0.96691
v 0.22552 -0.78154999 -0.96691
v 0.22552 -0.78154999 -0.87444001
v 0.22552 -1.05786002 -0.87444001
v 0.22552 -1.05786002 -0.96691
v 0.22552 -1.05786002 -0.87444001
v 0.14926 -1.05786002 -0.87444001
v 0.14926 -1.05786002 -0.96691
v 0.22552 -1.05786002 -0.96691
v 0.22552 -0.78154999 -0.96691
v 0.14926 -0.78154999 -0.96691
v 0.14926 -0.78154999 -0.87444001
v 0.22552 -0.78154999 -0.87444001
v 0.14666 -1.05372 -0.87444001
v 0.14666 -0.97746998 -0.87444001
v -0.11076 -0.97746998 -0.87444001
v -0.11076 -1.05372 -0.87444001
v 0.14666 -0.97746998 -0.87444001
v 0.14666 -0.97746998 -0.96691
v -0.11076 -0.97746998 -0.96691
v -0.11076 -0.97746998 -0.87444001
v 0.14666 -0.97746998 -0.96691
v 0.14666 -1.05372 -0.96691
v -0.11076 -1.05372 -0.96691
v -0.11076 -0.97746998 -0.96691
v 0.14666 -1.05372 -0.96691
v 0.14666 -1.05372 -0.87444001
v -0.11076 -1.05372 -0.87444001
v -0.11076 -1.05372 -0.96691
v -0.11076 -1.05372 -0.87444001
v -0.11076 -0.97746998 -0.87444001
v -0.11076 -0.97746998 -0.96691
v -0.11076 -1.05372 -0.96691
v 0.14666 -1.05372 -0.96691
v 0.14666 -0.97746998 -0.96691
v 0.14666 -0.97746998 -0.87444001
v 0.14666 -1.05372 -0.87444001
v 0.14666 -0.9727 -0.87444001
v 0.14666 -0.89644998 -0.87444001
v -0.11076 -0.89644998 -0.87444001
v -0.11076 -0.9727 -0.87444001
v 0.14666 -0.89644998 -0.87444001
v 0.14666 -0.89644998 -0.96691
v -0.11076 -0.89644998 -0.96691
v -0.11076 -0.89644998 -0.87444001
v 0.14666 -0.89644998 -0.96691
v 0.14666 -0.9727 -0.96691
v -0.11076 -0.9727 -0.96691
v -0.11076 -0.89644998 -0.96691
v 0.14666 -0.9727 -0.96691
v 0.14666 -0.9727 -0.87444001
v -0.11076 -0.9727 -0.87444001
v -0.11076 -0.9727 -0.96691
v -0.11076 -0.9727 -0.87444001
v -0.11076 -0.89644998 -0.87444001
v -0.11076 -0.89644998 -0.96691
v -0.11076 -0.9727 -0.96691
v 0.14666 -0.9727 -0.96691
v 0.14666 -0.89644998 -0.96691
v 0.14666 -0.89644998 -0.87444001
v 0.14666 -0.9727 -0.87444001
v 0.14666 -0.89168 -0.87444001
v 0.14666 -0.81541997 -0.87444001
v -0.11076 -0.81541997 -0.87444001
v -0.11076 -0.89168 -0.87444001
v 0.14666 -0.81541997 -0.87444001
v 0.14666 -0.81541997 -0.96691
v -0.11076 -0.81541997 -0.96691
v -0.11076 -0.81541997 -0.87444001
v 0.14666 -0.81541997 -0.96691
v 0.14666 -0.89168 -0.96691
v -0.11076 -0.89168 -0.96691
v -0.11076 -0.81541997 -0.96691
v 0.14666 -0.89168 -0.96691
v 0.14666 -0.89168 -0.87444001
v -0.11076 -0.89168 -0.87444001
v -0.11076 -0.89168 -0.96691
v -0.11076 -0.89168 -0.87444001
v -0.11076 -0.81541997 -0.87444001
v -0.11076 -0.81541997 -0.96691
v -0.11076 -0.89168 -0.96691
v 0.14666 -0.89168 -0.96691
v 0.14666 -0.81541997 -0.96691
v 0.14666 -0.81541997 -0.87444001
v 0.14666 -0.89168 -0.87444001
v -0.94932997 -0.47488001 -0.24595
v -0.94932997 -0.47488001 -0.29653999
v -0.94932997 -0.75120002 -0.29653999
v -0.94932997 -0.75120002 -0.24595
v -0.94932997 -0.47488001 -0.29653999
v -0.85685003 -0.47488001 -0.29653999
v -0.85685003 -0.75120002 -0.29653999
v -0.94932997 -0.75120002 -0.29653999
v -0.85685003 -0.47488001 -0.29653999
v -0.85685003 -0.47488001 -0.24595
v -0.85685003 -0.75120002 -0.24595
v -0.85685003 -0.75120002 -0.29653999
v -0.85685003 -0.47488001 -0.24595
v -0.94932997 -0.47488001 -0.24595
v -0.94932997 -0.75120002 -0.24595
v -0.85685003 -0.75120002 -0.24595
v -0.94932997 -0.75120002 -0.24595
v -0.94932997 -0.75120002 -0.29653999
v -0.85685003 -0.75120002 -0.29653999
v -0.85685003 -0.75120002 -0.24595
v -0.85685003 -0.47488001 -0.24595
v -0.85685003 -0.47488001 -0.29653999
v -0.94932997 -0.47488001 -0.29653999
v -0.94932997 -0.47488001 -0.24595
v -0.94932997 -0.47488001 -0.30414999
v -0.94932997 -0.47488001 -0.34274
v -0.94932997 -0.75120002 -0.34274
v -0.94932997 -0.75120002 -0.30414999
v -0.94932997 -0.47488001 -0.34274
v -0.85685003 -0.47488001 -0.34274
v -0.85685003 -0.75120002 -0.34274
v -0.94932997 -0.75120002 -0.34274
v -0.85685003 -0.47488001 -0.34274
v -0.85685003 -0.47488001 -0.30414999
v -0.85685003 -0.75120002 -0.30414999
v -0.85685003 -0.75120002 -0.34274
v -0.85685003 -0.47488001 -0.30414999
v -0.94932997 -0.47488001 -0.30414999
v -0.94932997 -0.75120002 -0.30414999
v -0.85685003 -0.75120002 -0.30414999
v -0.94932997 -0.75120002 -0.30414999
v -0.94932997 -0.75120002 -0.34274
v -0.85685003 -0.75120002 -0.34274
v -0.85685003 -0.75120002 -0.30414999
v -0.85685003 -0.47488001 -0.30414999
v -0.85685003 -0.47488001 -0.34274
v -0.94932997 -0.47488001 -0.34274
v -0.94932997 -0.47488001 -0.30414999
v -0.94932997 -0.47488001 -0.35479
v -0.94932997 -0.47488001 -0.40538999
v -0.94932997 -0.75120002 -0.40538999
v -0.94932997 -0.75120002 -0.35479
v -0.94932997 -0.47488001 -0.40538999
v -0.85685003 -0.47488001 -0.40538999
v -0.85685003 -0.75120002 -0.40538999
v -0.94932997 -0.75120002 -0.40538999
v -0.85685003 -0.47488001 -0.40538999
v -0.85685003 -0.47488001 -0.35479
v -0.85685003 -0.75120002 -0.35479
v -0.85685003 -0.75120002 -0.40538999
v -0.85685003 -0.47488001 -0.35479
v -0.94932997 -0.47488001 -0.35479
v -0.94932997 -0.75120002 -0.35479
v -0.85685003 -0.75120002 -0.35479
v -0.94932997 -0.75120002 -0.35479
v -0.94932997 -0.75120002 -0.40538999
v -0.85685003 -0.75120002 -0.40538999
v -0.85685003 -0.75120002 -0.35479
v -0.85685003 -0.47488001 -0.35479
v -0.85685003 -0.47488001 -0.40538999
v -0.94932997 -0.47488001 -0.40538999
v -0.94932997 -0.47488001 -0.35479
v -0.94932997 0.18483999 -0.31931001
v -0.94932997 0.18483999 -0.36991
v -0.94932997 -0.09147 -0.36991
v -0.94932997 -0.09147 -0.31931001
v -0.94932997 0.18483999 -0.36991
v -0.85685003 0.18483999 -0.36991
v -0.85685003 -0.09147 -0.36991
v -0.94932997 -0.09147 -0.36991
v -0.85685003 0.18483999 -0.36991
v -0.85685003 0.18483999 -0.31931001
v -0.85685003 -0.09147 -0.31931001
v -0.85685003 -0.09147 -0.36991
v -0.85685003 0.18483999 -0.31931001
v -0.94932997 0.18483999 -0.31931001
v -0.94932997 -0.09147 -0.31931001
v -0.85685003 -0.09147 -0.31931001
v -0.94932997 -0.09147 -0.31931001
v -0.94932997 -0.09147 -0.36991
v -0.85685003 -0.09147 -0.36991
v -0.85685003 -0.09147 -0.31931001
v -0.85685003 0.18483999 -0.31931001
v -0.85685003 0.18483999 -0.36991
v -0.94932997 0.18483999 -0.36991
v -0.94932997 0.18483999 -0.31931001
v -0.94932997 0.18483999 -0.37821999
v -0.94932997 0.18483999 -0.42881
v -0.94932997 -0.09147 -0.42881
v -0.94932997 -0.09147 -0.37821999
v -0.94932997 0.18483999 -0.42881
v -0.85685003 0.18483999 -0.42881
v -0.85685003 -0.09147 -0.42881
v -0.94932997 -0.09147 -0.42881
v -0.85685003 0.18483999 -0.42881
v -0.85685003 0.18483999 -0.37821999
v -0.85685003 -0.09147 -0.37821999
v -0.85685003 -0.09147 -0.42881
v -0.85685003 0.18483999 -0.37821999
v -0.94932997 0.18483999 -0.37821999
v -0.94932997 -0.09147 -0.37821999
v -0.85685003 -0.09147 -0.37821999
v -0.94932997 -0.09147 -0.37821999
v -0.94932997 -0.09147 -0.42881
v -0.85685003 -0.09147 -0.42881
v -0.85685003 -0.09147 -0.37821999
v -0.85685003 0.18483999 -0.37821999
v -0.85685003 0.18483999 -0.42881
v -0.94932997 0.18483999 -0.42881
v -0.94932997 0.18483999 -0.37821999
v -0.94932997 0.18483999 -0.43360001
v -0.94932997 0.18483999 -0.4842
v -0.94932997 -0.09147 -0.4842
v -0.94932997 -0.09147 -0.43360001
v -0.94932997 0.18483999 -0.4842
v -0.85685003 0.18483999 -0.4842
v -0.85685003 -0.09147 -0.4842
v -0.94932997 -0.09147 -0.4842
v -0.85685003 0.18483999 -0.4842
v -0.85685003 0.18483999 -0.43360001
v -0.85685003 -0.09147 -0.43360001
v -0.85685003 -0.09147 -0.4842
v -0.85685003 0.18483999 -0.43360001
v -0.94932997 0.18483999 -0.43360001
v -0.94932997 -0.09147 -0.43360001
v -0.85685003 -0.09147 -0.43360001
v -0.94932997 -0.09147 -0.43360001
v -0.94932997 -0.09147 -0.4842
v -0.85685003 -0.09147 -0.4842
v -0.85685003 -0.09147 -0.43360001
v -0.85685003 0.18483999 -0.43360001
v -0.85685003 0.18483999 -0.4842
v -0.94932997 0.18483999 -0.4842
v -0.94932997 0.18483999 -0.43360001
v -0.9472 0.18720999 -0.51657999
v -0.94651002 0.18302999 -0.56699997
v -0.95143002 -0.0923 -0.54425001
v -0.95212001 -0.08813 -0.49384001
v -0.94651002 0.18302999 -0.56699997
v -0.85405999 0.18149 -0.56560999
v -0.85898 -0.09384 -0.54285997
v -0.95143002 -0.0923 -0.54425001
v -0.85405999 0.18149 -0.56560999
v -0.85474998 0.18567 -0.51520002
v -0.85966998 -0.08966 -0.49245
v -0.85898 -0.09384 -0.54285997
v -0.85474998 0.18567 -0.51520002
v -0.9472 0.18720999 -0.51657999
v -0.95212001 -0.08813 -0.49384001
v -0.85966998 -0.08966 -0.49245
v -0.95212001 -0.08813 -0.49384001
v -0.95143002 -0.0923 -0.54425001
v -0.85898 -0.09384 -0.54285997
v -0.85966998 -0.08966 -0.49245
v -0.85474998 0.18567 -0.51520002
v -0.85405999 0.18149 -0.56560999
v -0.94651002 0.18302999 -0.56699997
v -0.9472 0.18720999 -0.51657999
v -0.94932997 0.18483999 0.14628001
v -0.94932997 0.18483999 0.09568
v -0.94932997 -0.09147 0.09568
v -0.94932997 -0.09147 0.14628001
v -0.94932997 0.18483999 0.09568
v -0.85685003 0.18483999 0.09568
v -0.85685003 -0.09147 0.09568
v -0.94932997 -0.09147 0.09568
v -0.85685003 0.18483999 0.09568
v -0.85685003 0.18483999 0.14628001
v -0.85685003 -0.09147 0.14628001
v -0.85685003 -0.09147 0.09568
v -0.85685003 0.18483999 0.14628001
v -0.94932997 0.18483999 0.14628001
v -0.94932997 -0.09147 0.14628001
v -0.85685003 -0.09147 0.14628001
v -0.94932997 -0.09147 0.14628001
v -0.94932997 -0.09147 0.09568
v -0.85685003 -0.09147 0.09568
v -0.85685003 -0.09147 0.14628001
v -0.85685003 0.18483999 0.14628001
v -0.85685003 0.18483999 0.09568
v -0.94932997 0.18483999 0.09568
v -0.94932997 0.18483999 0.14628001
v -0.94932997 0.18483999 0.0876
v -0.94932997 0.18483999 0.03701
v -0.94932997 -0.09147 0.03701
v -0.94932997 -0.09147 0.0876
v -0.94932997 0.18483999 0.03701
v -0.85685003 0.18483999 0.03701
v -0.85685003 -0.09147 0.03701
v -0.94932997 -0.09147 0.03701
v -0.85685003 0.18483999 0.03701
v -0.85685003 0.18483999 0.0876
v -0.85685003 -0.09147 0.0876
v -0.85685003 -0.09147 0.03701
v -0.85685003 0.18483999 0.0876
v -0.94932997 0.18483999 0.0876
v -0.94932997 -0.09147 0.0876
v -0.85685003 -0.09147 0.0876
v -0.94932997 -0.09147 0.0876
v -0.94932997 -0.09147 0.03701
v -0.85685003 -0.09147 0.03701
v -0.85685003 -0.09147 0.0876
v -0.85685003 0.18483999 0.0876
v -0.85685003 0.18483999 0.03701
v -0.94932997 0.18483999 0.03701
v -0.94932997 0.18483999 0.0876
v -0.94932997 0.18483999 0.02892
v -0.94932997 0.18483999 -0.02167
v -0.94932997 -0.09147 -0.02167
v -0.94932997 -0.09147 0.02892
v -0.94932997 0.18483999 -0.02167
v -0.85685003 0.18483999 -0.02167
v -0.85685003 -0.09147 -0.02167
v -0.94932997 -0.09147 -0.02167
v -0.85685003 0.18483999 -0.02167
v -0.85685003 0.18483999 0.02892
v -0.85685003 -0.09147 0.02892
v -0.85685003 -0.09147 -0.02167
v -0.85685003 0.18483999 0.02892
v -0.94932997 0.18483999 0.02892
v -0.94932997 -0.09147 0.02892
v -0.85685003 -0.09147 0.02892
v -0.94932997 -0.09147 0.02892
v -0.94932997 -0.09147 -0.02167
v -0.85685003 -0.09147 -0.02167
v -0.85685003 -0.09147 0.02892
v -0.85685003 0.18483999 0.02892
v -0.85685003 0.18483999 -0.02167
v -0.94932997 0.18483999 -0.02167
v -0.94932997 0.18483999 0.02892
v -0.94932997 0.18483999 -0.03011
v -0.94932997 0.18483999 -0.0807
v -0.94932997 -0.09147 -0.0807
v -0.94932997 -0.09147 -0.03011
v -0.94932997 0.18483999 -0.0807
v -0.85685003 0.18483999 -0.0807
v -0.85685003 -0.09147 -0.0807
v -0.94932997 -0.09147 -0.0807
v -0.85685003 0.18483999 -0.0807
v -0.85685003 0.18483999 -0.03011
v -0.85685003 -0.09147 -0.03011
v -0.85685003 -0.09147 -0.0807
v -0.85685003 0.18483999 -0.03011
v -0.94932997 0.18483999 -0.03011
v -0.94932997 -0.09147 -0.03011
v -0.85685003 -0.09147 -0.03011
v -0.94932997 -0.09147 -0.03011
v -0.94932997 -0.09147 -0.0807
v -0.85685003 -0.09147 -0.0807
v -0.85685003 -0.09147 -0.03011
v -0.85685003 0.18483999 -0.03011
v -0.85685003 0.18483999 -0.0807
v -0.94932997 0.18483999 -0.0807
v -0.94932997 0.18483999 -0.03011
v -0.94932997 0.18483999 0.58785999
v -0.94932997 0.18483999 0.53726
v -0.94932997 -0.09147 0.53726
v -0.94932997 -0.09147 0.58785999
v -0.94932997 0.18483999 0.53726
v -0.85685003 0.18483999 0.53726
v -0.85685003 -0.09147 0.53726
v -0.94932997 -0.09147 0.53726
v -0.85685003 0.18483999 0.53726
v -0.85685003 0.18483999 0.58785999
v -0.85685003 -0.09147 0.58785999
v -0.85685003 -0.09147 0.53726
v -0.85685003 0.18483999 0.58785999
v -0.94932997 0.18483999 0.58785999
v -0.94932997 -0.09147 0.58785999
v -0.85685003 -0.09147 0.58785999
v -0.94932997 -0.09147 0.58785999
v -0.94932997 -0.09147 0.53726
v -0.85685003 -0.09147 0.53726
v -0.85685003 -0.09147 0.58785999
v -0.85685003 0.18483999 0.58785999
v -0.85685003 0.18483999 0.53726
v -0.94932997 0.18483999 0.53726
v -0.94932997 0.18483999 0.58785999
v -0.94932997 0.18483999 0.52864999
v -0.94932997 0.18483999 0.47804999
v -0.94932997 -0.09147 0.47804999
v -0.94932997 -0.09147 0.52864999
v -0.94932997 0.18483999 0.47804999
v -0.85685003 0.18483999 0.47804999
v -0.85685003 -0.09147 0.47804999
v -0.94932997 -0.09147 0.47804999
v -0.85685003 0.18483999 0.47804999
v -0.85685003 0.18483999 0.52864999
v -0.85685003 -0.09147 0.52864999
v -0.85685003 -0.09147 0.47804999
v -0.85685003 0.18483999 0.52864999
v -0.94932997 0.18483999 0.52864999
v -0.94932997 -0.09147 0.52864999
v -0.85685003 -0.09147 0.52864999
v -0.94932997 -0.09147 0.52864999
v -0.94932997 -0.09147 0.47804999
v -0.85685003 -0.09147 0.47804999
v -0.85685003 -0.09147 0.52864999
v -0.85685003 0.18483999 0.52864999
v -0.85685003 0.18483999 0.47804999
v -0.94932997 0.18483999 0.47804999
v -0.94932997 0.18483999 0.52864999
v -0.94932997 0.18483999 0.46540999
v -0.94932997 0.18483999 0.41481999
v -0.94932997 -0.09147 0.41481999
v -0.94932997 -0.09147 0.46540999
v -0.94932997 0.18483999 0.41481999
v -0.85685003 0.18483999 0.41481999
v -0.85685003 -0.09147 0.41481999
v -0.94932997 -0.09147 0.41481999
v -0.85685003 0.18483999 0.41481999
v -0.85685003 0.18483999 0.46540999
v -0.85685003 -0.09147 0.46540999
v -0.85685003 -0.09147 0.41481999
v -0.85685003 0.18483999 0.46540999
v -0.94932997 0.18483999 0.46540999
v -0.94932997 -0.09147 0.46540999
v -0.85685003 -0.09147 0.46540999
v -0.94932997 -0.09147 0.46540999
v -0.94932997 -0.09147 0.41481999
v -0.85685003 -0.09147 0.41481999
v -0.85685003 -0.09147 0.46540999
v -0.85685003 0.18483999 0.46540999
v -0.85685003 0.18483999 0.41481999
v -0.94932997 0.18483999 0.41481999
v -0.94932997 0.18483999 0.46540999
v -0.94932997 0.18483999 0.40610999
v -0.94932997 0.18483999 0.35552001
v -0.94932997 -0.09147 0.35552001
v -0.94932997 -0.09147 0.40610999
v -0.94932997 0.18483999 0.35552001
v -0.85685003 0.18483999 0.35552001
v -0.85685003 -0.09147 0.35552001
v -0.94932997 -0.09147 0.35552001
v -0.85685003 0.18483999 0.35552001
v -0.85685003 0.18483999 0.40610999
v -0.85685003 -0.09147 0.40610999
v -0.85685003 -0.09147 0.35552001
v -0.85685003 0.18483999 0.40610999
v -0.94932997 0.18483999 0.40610999
v -0.94932997 -0.09147 0.40610999
v -0.85685003 -0.09147 0.40610999
v -0.94932997 -0.09147 0.40610999
v -0.94932997 -0.09147 0.35552001
v -0.85685003 -0.09147 0.35552001
v -0.85685003 -0.09147 0.40610999
v -0.85685003 0.18483999 0.40610999
v -0.85685003 0.18483999 0.35552001
v -0.94932997 0.18483999 0.35552001
v -0.94932997 0.18483999 0.40610999
v -0.94932997 -0.41205999 0.75187999
v -0.94932997 -0.36147001 0.75187999
v -0.94932997 -0.36147001 0.47556999
v -0.94932997 -0.41205999 0.47556999
v -0.94932997 -0.36147001 0.75187999
v -0.85685003 -0.36147001 0.75187999
v -0.85685003 -0.36147001 0.47556999
v -0.94932997 -0.36147001 0.47556999
v -0.85685003 -0.36147001 0.75187999
v -0.85685003 -0.41205999 0.75187999
v -0.85685003 -0.41205999 0.47556999
v -0.85685003 -0.36147001 0.47556999
v -0.85685003 -0.41205999 0.75187999
v -0.94932997 -0.41205999 0.75187999
v -0.94932997 -0.41205999 0.47556999
v -0.85685003 -0.41205999 0.47556999
v -0.94932997 -0.41205999 0.47556999
v -0.94932997 -0.36147001 0.47556999
v -0.85685003 -0.36147001 0.47556999
v -0.85685003 -0.41205999 0.47556999
v -0.85685003 -0.41205999 0.75187999
v -0.85685003 -0.36147001 0.75187999
v -0.94932997 -0.36147001 0.75187999
v -0.94932997 -0.41205999 0.75187999
v -0.94932997 -0.35788 0.75187999
v -0.94932997 -0.30728999 0.75187999
v -0.94932997 -0.30728999 0.47556999
v -0.94932997 -0.35788 0.47556999
v -0.94932997 -0.30728999 0.75187999
v -0.85685003 -0.30728999 0.75187999
v -0.85685003 -0.30728999 0.47556999
v -0.94932997 -0.30728999 0.47556999
v -0.85685003 -0.30728999 0.75187999
v -0.85685003 -0.35788 0.75187999
v -0.85685003 -0.35788 0.47556999
v -0.85685003 -0.30728999 0.47556999
v -0.85685003 -0.35788 0.75187999
v -0.94932997 -0.35788 0.75187999
v -0.94932997 -0.35788 0.47556999
v -0.85685003 -0.35788 0.47556999
v -0.94932997 -0.35788 0.47556999
v -0.94932997 -0.30728999 0.47556999
v -0.85685003 -0.30728999 0.47556999
v -0.85685003 -0.35788 0.47556999
v -0.85685003 -0.35788 0.75187999
v -0.85685003 -0.30728999 0.75187999
v -0.94932997 -0.30728999 0.75187999
v -0.94932997 -0.35788 0.75187999
v -0.94932997 -0.3037 0.75187999
v -0.94932997 -0.25310001 0.75187999
v -0.94932997 -0.25310001 0.47556999
v -0.94932997 -0.3037 0.47556999
v -0.94932997 -0.25310001 0.75187999
v -0.85685003 -0.25310001 0.75187999
v -0.85685003 -0.25310001 0.47556999
v -0.94932997 -0.25310001 0.47556999
v -0.85685003 -0.25310001 0.75187999
v -0.85685003 -0.3037 0.75187999
v -0.85685003 -0.3037 0.47556999
v -0.85685003 -0.25310001 0.47556999
v -0.85685003 -0.3037 0.75187999
v -0.94932997 -0.3037 0.75187999
v -0.94932997 -0.3037 0.47556999
v -0.85685003 -0.3037 0.47556999
v -0.94932997 -0.3037 0.47556999
v -0.94932997 -0.25310001 0.47556999
v -0.85685003 -0.25310001 0.47556999
v -0.85685003 -0.3037 0.47556999
v -0.85685003 -0.3037 0.75187999
v -0.85685003 -0.25310001 0.75187999
v -0.94932997 -0.25310001 0.75187999
v -0.94932997 -0.3037 0.75187999
v -0.94932997 -0.13249999 0.92596
v -0.94932997 -0.13249999 0.87536001
v -0.94932997 -0.40882 0.87536001
v -0.94932997 -0.40882 0.92596
v -0.94932997 -0.13249999 0.87536001
v -0.85685003 -0.13249999 0.87536001
v -0.85685003 -0.40882 0.87536001
v -0.94932997 -0.40882 0.87536001
v -0.85685003 -0.13249999 0.87536001
v -0.85685003 -0.13249999 0.92596
v -0.85685003 -0.40882 0.92596
v -0.85685003 -0.40882 0.87536001
v -0.85685003 -0.13249999 0.92596
v -0.94932997 -0.13249999 0.92596
v -0.94932997 -0.40882 0.92596
v -0.85685003 -0.40882 0.92596
v -0.94932997 -0.40882 0.92596
v -0.94932997 -0.40882 0.87536001
v -0.85685003 -0.40882 0.87536001
v -0.85685003 -0.40882 0.92596
v -0.85685003 -0.13249999 0.92596
v -0.85685003 -0.13249999 0.87536001
v -0.94932997 -0.13249999 0.87536001
v -0.94932997 -0.13249999 0.92596
v -0.94932997 -0.13249999 1.02084994
v -0.94932997 -0.13249999 0.93466002
v -0.94932997 -0.40882 0.93466002
v -0.94932997 -0.40882 1.02084994
v -0.94932997 -0.13249999 0.93466002
v -0.85685003 -0.13249999 0.93466002
v -0.85685003 -0.40882 0.93466002
v -0.94932997 -0.40882 0.93466002
v -0.85685003 -0.13249999 0.93466002
v -0.85685003 -0.13249999 1.02084994
v -0.85685003 -0.40882 1.02084994
v -0.85685003 -0.40882 0.93466002
v -0.85685003 -0.13249999 1.02084994
v -0.94932997 -0.13249999 1.02084994
v -0.94932997 -0.40882 1.02084994
v -0.85685003 -0.40882 1.02084994
v -0.94932997 -0.40882 1.02084994
v -0.94932997 -0.40882 0.93466002
v -0.85685003 -0.40882 0.93466002
v -0.85685003 -0.40882 1.02084994
v -0.85685003 -0.13249999 1.02084994
v -0.85685003 -0.13249999 0.93466002
v -0.94932997 -0.13249999 0.93466002
v -0.94932997 -0.13249999 1.02084994
v -0.94932997 0.18871 0.92596
v -0.94932997 0.18871 0.87536001
v -0.94932997 -0.0876 0.87536001
v -0.94932997 -0.0876 0.92596
v -0.94932997 0.18871 0.87536001
v -0.85685003 0.18871 0.87536001
v -0.85685003 -0.0876 0.87536001
v -0.94932997 -0.0876 0.87536001
v -0.85685003 0.18871 0.87536001
v -0.85685003 0.18871 0.92596
v -0.85685003 -0.0876 0.92596
v -0.85685003 -0.0876 0.87536001
v -0.85685003 0.18871 0.92596
v -0.94932997 0.18871 0.92596
v -0.94932997 -0.0876 0.92596
v -0.85685003 -0.0876 0.92596
v -0.94932997 -0.0876 0.92596
v -0.94932997 -0.0876 0.87536001
v -0.85685003 -0.0876 0.87536001
v -0.85685003 -0.0876 0.92596
v -0.85685003 0.18871 0.92596
v -0.85685003 0.18871 0.87536001
v -0.94932997 0.18871 0.87536001
v -0.94932997 0.18871 0.92596
v -0.94932997 0.18871 0.98535001
v -0.94932997 0.18871 0.93475002
v -0.94932997 -0.0876 0.93475002
v -0.94932997 -0.0876 0.98535001
v -0.94932997 0.18871 0.93475002
v -0.85685003 0.18871 0.93475002
v -0.85685003 -0.0876 0.93475002
v -0.94932997 -0.0876 0.93475002
v -0.85685003 0.18871 0.93475002
v -0.85685003 0.18871 0.98535001
v -0.85685003 -0.0876 0.98535001
v -0.85685003 -0.0876 0.93475002
v -0.85685003 0.18871 0.98535001
v -0.94932997 0.18871 0.98535001
v -0.94932997 -0.0876 0.98535001
v -0.85685003 -0.0876 0.98535001
v -0.94932997 -0.0876 0.98535001
v -0.94932997 -0.0876 0.93475002
v -0.85685003 -0.0876 0.93475002
v -0.85685003 -0.0876 0.98535001
v -0.85685003 0.18871 0.98535001
v -0.85685003 0.18871 0.93475002
v -0.94932997 0.18871 0.93475002
v -0.94932997 0.18871 0.98535001
v -0.94932997 0.18871 1.00770998
v -0.94932997 0.18871 0.99254
v -0.94932997 -0.0876 0.99254
v -0.94932997 -0.0876 1.00770998
v -0.94932997 0.18871 0.99254
v -0.85685003 0.18871 0.99254
v -0.85685003 -0.0876 0.99254
v -0.94932997 -0.0876 0.99254
v -0.85685003 0.18871 0.99254
v -0.85685003 0.18871 1.00770998
v -0.85685003 -0.0876 1.00770998
v -0.85685003 -0.0876 0.99254
v -0.85685003 0.18871 1.00770998
v -0.94932997 0.18871 1.00770998
v -0.94932997 -0.0876 1.00770998
v -0.85685003 -0.0876 1.00770998
v -0.94932997 -0.0876 1.00770998
v -0.94932997 -0.0876 0.99254
v -0.85685003 -0.0876 0.99254
v -0.85685003 -0.0876 1.00770998
v -0.85685003 0.18871 1.00770998
v -0.85685003 0.18871 0.99254
v -0.94932997 0.18871 0.99254
v -0.94932997 0.18871 1.00770998
v -0.94932997 0.50992 0.13349
v -0.94932997 0.50992 0.0829
v -0.94932997 0.23361 0.0829
v -0.94932997 0.23361 0.13349
v -0.94932997 0.50992 0.0829
v -0.85685003 0.50992 0.0829
v -0.85685003 0.23361 0.0829
v -0.94932997 0.23361 0.0829
v -0.85685003 0.50992 0.0829
v -0.85685003 0.50992 0.13349
v -0.85685003 0.23361 0.13349
v -0.85685003 0.23361 0.0829
v -0.85685003 0.50992 0.13349
v -0.94932997 0.50992 0.13349
v -0.94932997 0.23361 0.13349
v -0.85685003 0.23361 0.13349
v -0.94932997 0.23361 0.13349
v -0.94932997 0.23361 0.0829
v -0.85685003 0.23361 0.0829
v -0.85685003 0.23361 0.13349
v -0.85685003 0.50992 0.13349
v -0.85685003 0.50992 0.0829
v -0.94932997 0.50992 0.0829
v -0.94932997 0.50992 0.13349
v -0.94932997 0.50992 0.07464
v -0.94932997 0.50992 0.02404
v -0.94932997 0.23361 0.02404
v -0.94932997 0.23361 0.07464
v -0.94932997 0.50992 0.02404
v -0.85685003 0.50992 0.02404
v -0.85685003 0.23361 0.02404
v -0.94932997 0.23361 0.02404
v -0.85685003 0.50992 0.02404
v -0.85685003 0.50992 0.07464
v -0.85685003 0.23361 0.07464
v -0.85685003 0.23361 0.02404
v -0.85685003 0.50992 0.07464
v -0.94932997 0.50992 0.07464
v -0.94932997 0.23361 0.07464
v -0.85685003 0.23361 0.07464
v -0.94932997 0.23361 0.07464
v -0.94932997 0.23361 0.02404
v -0.85685003 0.23361 0.02404
v -0.85685003 0.23361 0.07464
v -0.85685003 0.50992 0.07464
v -0.85685003 0.50992 0.02404
v -0.94932997 0.50992 0.02404
v -0.94932997 0.50992 0.07464
v -0.94932997 0.50992 0.0156
v -0.94932997 0.50992 -0.03499
v -0.94932997 0.23361 -0.03499
v -0.94932997 0.23361 0.0156
v -0.94932997 0.50992 -0.03499
v -0.85685003 0.50992 -0.03499
v -0.85685003 0.23361 -0.03499
v -0.94932997 0.23361 -0.03499
v -0.85685003 0.50992 -0.03499
v -0.85685003 0.50992 0.0156
v -0.85685003 0.23361 0.0156
v -0.85685003 0.23361 -0.03499
v -0.85685003 0.50992 0.0156
v -0.94932997 0.50992 0.0156
v -0.94932997 0.23361 0.0156
v -0.85685003 0.23361 0.0156
v -0.94932997 0.23361 0.0156
v -0.94932997 0.23361 -0.03499
v -0.85685003 0.23361 -0.03499
v -0.85685003 0.23361 0.0156
v -0.85685003 0.50992 0.0156
v -0.85685003 0.50992 -0.03499
v -0.94932997 0.50992 -0.03499
v -0.94932997 0.50992 0.0156
v -0.94932997 0.50992 -0.03967
v -0.94932997 0.50992 -0.11818
v -0.94932997 0.23361 -0.11818
v -0.94932997 0.23361 -0.03967
v -0.94932997 0.50992 -0.11818
v -0.85685003 0.50992 -0.11818
v -0.85685003 0.23361 -0.11818
v -0.94932997 0.23361 -0.11818
v -0.85685003 0.50992 -0.11818
v -0.85685003 0.50992 -0.03967
v -0.85685003 0.23361 -0.03967
v -0.85685003 0.23361 -0.11818
v -0.85685003 0.50992 -0.03967
v -0.94932997 0.50992 -0.03967
v -0.94932997 0.23361 -0.03967
v -0.85685003 0.23361 -0.03967
v -0.94932997 0.23361 -0.03967
v -0.94932997 0.23361 -0.11818
v -0.85685003 0.23361 -0.11818
v -0.85685003 0.23361 -0.03967
v -0.85685003 0.50992 -0.03967
v -0.85685003 0.50992 -0.11818
v -0.94932997 0.50992 -0.11818
v -0.94932997 0.50992 -0.03967
v -0.94932997 0.83138001 -0.39144999
v -0.94932997 0.83138001 -0.44204
v -0.94932997 0.55506998 -0.44204
v -0.94932997 0.55506998 -0.39144999
v -0.94932997 0.83138001 -0.44204
v -0.85685003 0.83138001 -0.44204
v -0.85685003 0.55506998 -0.44204
v -0.94932997 0.55506998 -0.44204
v -0.85685003 0.83138001 -0.44204
v -0.85685003 0.83138001 -0.39144999
v -0.85685003 0.55506998 -0.39144999
v -0.85685003 0.55506998 -0.44204
v -0.85685003 0.83138001 -0.39144999
v -0.94932997 0.83138001 -0.39144999
v -0.94932997 0.55506998 -0.39144999
v -0.85685003 0.55506998 -0.39144999
v -0.94932997 0.55506998 -0.39144999
v -0.94932997 0.55506998 -0.44204
v -0.85685003 0.55506998 -0.44204
v -0.85685003 0.55506998 -0.39144999
v -0.85685003 0.83138001 -0.39144999
v -0.85685003 0.83138001 -0.44204
v -0.94932997 0.83138001 -0.44204
v -0.94932997 0.83138001 -0.39144999
v -0.94932997 0.83138001 -0.33923
v -0.94932997 0.83138001 -0.38982999
v -0.94932997 0.55506998 -0.38982999
v -0.94932997 0.55506998 -0.33923
v -0.94932997 0.83138001 -0.38982999
v -0.85685003 0.83138001 -0.38982999
v -0.85685003 0.55506998 -0.38982999
v -0.94932997 0.55506998 -0.38982999
v -0.85685003 0.83138001 -0.38982999
v -0.85685003 0.83138001 -0.33923
v -0.85685003 0.55506998 -0.33923
v -0.85685003 0.55506998 -0.38982999
v -0.85685003 0.83138001 -0.33923
v -0.94932997 0.83138001 -0.33923
v -0.94932997 0.55506998 -0.33923
v -0.85685003 0.55506998 -0.33923
v -0.94932997 0.55506998 -0.33923
v -0.94932997 0.55506998 -0.38982999
v -0.85685003 0.55506998 -0.38982999
v -0.85685003 0.55506998 -0.33923
v -0.85685003 0.83138001 -0.33923
v -0.85685003 0.83138001 -0.38982999
v -0.94932997 0.83138001 -0.38982999
v -0.94932997 0.83138001 -0.33923
v -0.94932997 0.83138001 -0.28327
v -0.94932997 0.83138001 -0.33386999
v -0.94932997 0.55506998 -0.33386999
v -0.94932997 0.55506998 -0.28327
v -0.94932997 0.83138001 -0.33386999
v -0.85685003 0.83138001 -0.33386999
v -0.85685003 0.55506998 -0.33386999
v -0.94932997 0.55506998 -0.33386999
v -0.85685003 0.83138001 -0.33386999
v -0.85685003 0.83138001 -0.28327
v -0.85685003 0.55506998 -0.28327
v -0.85685003 0.55506998 -0.33386999
v -0.85685003 0.83138001 -0.28327
v -0.94932997 0.83138001 -0.28327
v -0.94932997 0.55506998 -0.28327
v -0.85685003 0.55506998 -0.28327
v -0.94932997 0.55506998 -0.28327
v -0.94932997 0.55506998 -0.33386999
v -0.85685003 0.55506998 -0.33386999
v -0.85685003 0.55506998 -0.28327
v -0.85685003 0.83138001 -0.28327
v -0.85685003 0.83138001 -0.33386999
v -0.94932997 0.83138001 -0.33386999
v -0.94932997 0.83138001 -0.28327
v -0.94200999 0.83556998 -0.23399
v -0.94075 0.82367003 -0.28314999
v -0.95646 0.55545002 -0.21863
v -0.95773 0.56734997 -0.16947
v -0.94075 0.82367003 -0.28314999
v -0.84845001 0.81910002 -0.27968001
v -0.86417001 0.55088001 -0.21515
v -0.95646 0.55545002 -0.21863
v -0.84845001 0.81910002 -0.27968001
v -0.84970999 0.83099997 -0.23052
v -0.86543 0.56278002 -0.16599999
v -0.86417001 0.55088001 -0.21515
v -0.84970999 0.83099997 -0.23052
v -0.94200999 0.83556998 -0.23399
v -0.95773 0.56734997 -0.16947
v -0.86543 0.56278002 -0.16599999
v -0.95773 0.56734997 -0.16947
v -0.95646 0.55545002 -0.21863
v -0.86417001 0.55088001 -0.21515
v -0.86543 0.56278002 -0.16599999
v -0.84970999 0.83099997 -0.23052
v -0.84845001 0.81910002 -0.27968001
v -0.94075 0.82367003 -0.28314999
v -0.94200999 0.83556998 -0.23399
v -0.94932997 0.83138001 0.24005
v -0.94932997 0.83138001 0.18945999
v -0.94932997 0.55506998 0.18945999
v -0.94932997 0.55506998 0.24005
v -0.94932997 0.83138001 0.18945999
v -0.85685003 0.83138001 0.18945999
v -0.85685003 0.55506998 0.18945999
v -0.94932997 0.55506998 0.18945999
v -0.85685003 0.83138001 0.18945999
v -0.85685003 0.83138001 0.24005
v -0.85685003 0.55506998 0.24005
v -0.85685003 0.55506998 0.18945999
v -0.85685003 0.83138001 0.24005
v -0.94932997 0.83138001 0.24005
v -0.94932997 0.55506998 0.24005
v -0.85685003 0.55506998 0.24005
v -0.94932997 0.55506998 0.24005
v -0.94932997 0.55506998 0.18945999
v -0.85685003 0.55506998 0.18945999
v -0.85685003 0.55506998 0.24005
v -0.85685003 0.83138001 0.24005
v -0.85685003 0.83138001 0.18945999
v -0.94932997 0.83138001 0.18945999
v -0.94932997 0.83138001 0.24005
v -0.94932997 0.83138001 0.29660001
v -0.94932997 0.83138001 0.24600001
v -0.94932997 0.55506998 0.24600001
v -0.94932997 0.55506998 0.29660001
v -0.94932997 0.83138001 0.24600001
v -0.85685003 0.83138001 0.24600001
v -0.85685003 0.55506998 0.24600001
v -0.94932997 0.55506998 0.24600001
v -0.85685003 0.83138001 0.24600001
v -0.85685003 0.83138001 0.29660001
v -0.85685003 0.55506998 0.29660001
v -0.85685003 0.55506998 0.24600001
v -0.85685003 0.83138001 0.29660001
v -0.94932997 0.83138001 0.29660001
v -0.94932997 0.55506998 0.29660001
v -0.85685003 0.55506998 0.29660001
v -0.94932997 0.55506998 0.29660001
v -0.94932997 0.55506998 0.24600001
v -0.85685003 0.55506998 0.24600001
v -0.85685003 0.55506998 0.29660001
v -0.85685003 0.83138001 0.29660001
v -0.85685003 0.83138001 0.24600001
v -0.94932997 0.83138001 0.24600001
v -0.94932997 0.83138001 0.29660001
v -0.94932997 0.83138001 0.3937
v -0.94932997 0.83138001 0.34311
v -0.94932997 0.55506998 0.34311
v -0.94932997 0.55506998 0.3937
v -0.94932997 0.83138001 0.34311
v -0.85685003 0.83138001 0.34311
v -0.85685003 0.55506998 0.34311
v -0.94932997 0.55506998 0.34311
v -0.85685003 0.83138001 0.34311
v -0.85685003 0.83138001 0.3937
v -0.85685003 0.55506998 0.3937
v -0.85685003 0.55506998 0.34311
v -0.85685003 0.83138001 0.3937
v -0.94932997 0.83138001 0.3937
v -0.94932997 0.55506998 0.3937
v -0.85685003 0.55506998 0.3937
v -0.94932997 0.55506998 0.3937
v -0.94932997 0.55506998 0.34311
v -0.85685003 0.55506998 0.34311
v -0.85685003 0.55506998 0.3937
v -0.85685003 0.83138001 0.3937
v -0.85685003 0.83138001 0.34311
v -0.94932997 0.83138001 0.34311
v -0.94932997 0.83138001 0.3937
v -0.94932997 0.83138001 0.44672999
v -0.94932997 0.83138001 0.39613
v -0.94932997 0.55506998 0.39613
v -0.94932997 0.55506998 0.44672999
v -0.94932997 0.83138001 0.39613
v -0.85685003 0.83138001 0.39613
v -0.85685003 0.55506998 0.39613
v -0.94932997 0.55506998 0.39613
v -0.85685003 0.83138001 0.39613
v -0.85685003 0.83138001 0.44672999
v -0.85685003 0.55506998 0.44672999
v -0.85685003 0.55506998 0.39613
v -0.85685003 0.83138001 0.44672999
v -0.94932997 0.83138001 0.44672999
v -0.94932997 0.55506998 0.44672999
v -0.85685003 0.55506998 0.44672999
v -0.94932997 0.55506998 0.44672999
v -0.94932997 0.55506998 0.39613
v -0.85685003 0.55506998 0.39613
v -0.85685003 0.55506998 0.44672999
v -0.85685003 0.83138001 0.44672999
v -0.85685003 0.83138001 0.39613
v -0.94932997 0.83138001 0.39613
v -0.94932997 0.83138001 0.44672999
v -0.94932997 0.83138001 0.50805002
v -0.94932997 0.83138001 0.45745999
v -0.94932997 0.55506998 0.45745999
v -0.94932997 0.55506998 0.50805002
v -0.94932997 0.83138001 0.45745999
v -0.85685003 0.83138001 0.45745999
v -0.85685003 0.55506998 0.45745999
v -0.94932997 0.55506998 0.45745999
v -0.85685003 0.83138001 0.45745999
v -0.85685003 0.83138001 0.50805002
v -0.85685003 0.55506998 0.50805002
v -0.85685003 0.55506998 0.45745999
v -0.85685003 0.83138001 0.50805002
v -0.94932997 0.83138001 0.50805002
v -0.94932997 0.55506998 0.50805002
v -0.85685003 0.55506998 0.50805002
v -0.94932997 0.55506998 0.50805002
v -0.94932997 0.55506998 0.45745999
v -0.85685003 0.55506998 0.45745999
v -0.85685003 0.55506998 0.50805002
v -0.85685003 0.83138001 0.50805002
v -0.85685003 0.83138001 0.45745999
v -0.94932997 0.83138001 0.45745999
v -0.94932997 0.83138001 0.50805002
v -0.94932997 0.83138001 0.60101002
v -0.94932997 0.83138001 0.51415998
v -0.94932997 0.55506998 0.51415998
v -0.94932997 0.55506998 0.60101002
v -0.94932997 0.83138001 0.51415998
v -0.85685003 0.83138001 0.51415998
v -0.85685003 0.55506998 0.51415998
v -0.94932997 0.55506998 0.51415998
v -0.85685003 0.83138001 0.51415998
v -0.85685003 0.83138001 0.60101002
v -0.85685003 0.55506998 0.60101002
v -0.85685003 0.55506998 0.51415998
v -0.85685003 0.83138001 0.60101002
v -0.94932997 0.83138001 0.60101002
v -0.94932997 0.55506998 0.60101002
v -0.85685003 0.55506998 0.60101002
v -0.94932997 0.55506998 0.60101002
v -0.94932997 0.55506998 0.51415998
v -0.85685003 0.55506998 0.51415998
v -0.85685003 0.55506998 0.60101002
v -0.85685003 0.83138001 0.60101002
v -0.85685003 0.83138001 0.51415998
v -0.94932997 0.83138001 0.51415998
v -0.94932997 0.83138001 0.60101002
v -0.94932997 0.56840998 1.02983999
v -0.94932997 0.61900997 1.02983999
v -0.94932997 0.61900997 0.79405999
v -0.94932997 0.56840998 0.79405999
v -0.94932997 0.61900997 1.02983999
v -0.85685003 0.61900997 1.02983999
v -0.85685003 0.61900997 0.79405999
v -0.94932997 0.61900997 0.79405999
v -0.85685003 0.61900997 1.02983999
v -0.85685003 0.56840998 1.02983999
v -0.85685003 0.56840998 0.79405999
v -0.85685003 0.61900997 0.79405999
v -0.85685003 0.56840998 1.02983999
v -0.94932997 0.56840998 1.02983999
v -0.94932997 0.56840998 0.79405999
v -0.85685003 0.56840998 0.79405999
v -0.94932997 0.56840998 0.79405999
v -0.94932997 0.61900997 0.79405999
v -0.85685003 0.61900997 0.79405999
v -0.85685003 0.56840998 0.79405999
v -0.85685003 0.56840998 1.02983999
v -0.85685003 0.61900997 1.02983999
v -0.94932997 0.61900997 1.02983999
v -0.94932997 0.56840998 1.02983999
v -0.94932997 0.62299001 1.02983999
v -0.94932997 0.67357999 1.02983999
v -0.94932997 0.67357999 0.79405999
v -0.94932997 0.62299001 0.79405999
v -0.94932997 0.67357999 1.02983999
v -0.85685003 0.67357999 1.02983999
v -0.85685003 0.67357999 0.79405999
v -0.94932997 0.67357999 0.79405999
v -0.85685003 0.67357999 1.02983999
v -0.85685003 0.62299001 1.02983999
v -0.85685003 0.62299001 0.79405999
v -0.85685003 0.67357999 0.79405999
v -0.85685003 0.62299001 1.02983999
v -0.94932997 0.62299001 1.02983999
v -0.94932997 0.62299001 0.79405999
v -0.85685003 0.62299001 0.79405999
v -0.94932997 0.62299001 0.79405999
v -0.94932997 0.67357999 0.79405999
v -0.85685003 0.67357999 0.79405999
v -0.85685003 0.62299001 0.79405999
v -0.85685003 0.62299001 1.02983999
v -0.85685003 0.67357999 1.02983999
v -0.94932997 0.67357999 1.02983999
v -0.94932997 0.62299001 1.02983999
v -0.94932997 0.67435002 1.02983999
v -0.94932997 0.72494 1.02983999
v -0.94932997 0.72494 0.79405999
v -0.94932997 0.67435002 0.79405999
v -0.94932997 0.72494 1.02983999
v -0.85685003 0.72494 1.02983999
v -0.85685003 0.72494 0.79405999
v -0.94932997 0.72494 0.79405999
v -0.85685003 0.72494 1.02983999
v -0.85685003 0.67435002 1.02983999
v -0.85685003 0.67435002 0.79405999
v -0.85685003 0.72494 0.79405999
v -0.85685003 0.67435002 1.02983999
v -0.94932997 0.67435002 1.02983999
v -0.94932997 0.67435002 0.79405999
v -0.85685003 0.67435002 0.79405999
v -0.94932997 0.67435002 0.79405999
v -0.94932997 0.72494 0.79405999
v -0.85685003 0.72494 0.79405999
v -0.85685003 0.67435002 0.79405999
v -0.85685003 0.67435002 1.02983999
v -0.85685003 0.72494 1.02983999
v -0.94932997 0.72494 1.02983999
v -0.94932997 0.67435002 1.02983999
v -0.94932997 0.89263999 0.75028998
v -0.94932997 0.94322997 0.75028998
v -0.94932997 0.94322997 0.495
v -0.94932997 0.89263999 0.495
v -0.94932997 0.94322997 0.75028998
v -0.85685003 0.94322997 0.75028998
v -0.85685003 0.94322997 0.495
v -0.94932997 0.94322997 0.495
v -0.85685003 0.94322997 0.75028998
v -0.85685003 0.89263999 0.75028998
v -0.85685003 0.89263999 0.495
v -0.85685003 0.94322997 0.495
v -0.85685003 0.89263999 0.75028998
v -0.94932997 0.89263999 0.75028998
v -0.94932997 0.89263999 0.495
v -0.85685003 0.89263999 0.495
v -0.94932997 0.89263999 0.495
v -0.94932997 0.94322997 0.495
v -0.85685003 0.94322997 0.495
v -0.85685003 0.89263999 0.495
v -0.85685003 0.89263999 0.75028998
v -0.85685003 0.94322997 0.75028998
v -0.94932997 0.94322997 0.75028998
v -0.94932997 0.89263999 0.75028998
v -0.94932997 0.94739002 0.75028998
v -0.94932997 0.99798 0.75028998
v -0.94932997 0.99798 0.495
v -0.94932997 0.94739002 0.495
v -0.94932997 0.99798 0.75028998
v -0.85685003 0.99798 0.75028998
v -0.85685003 0.99798 0.495
v -0.94932997 0.99798 0.495
v -0.85685003 0.99798 0.75028998
v -0.85685003 0.94739002 0.75028998
v -0.85685003 0.94739002 0.495
v -0.85685003 0.99798 0.495
v -0.85685003 0.94739002 0.75028998
v -0.94932997 0.94739002 0.75028998
v -0.94932997 0.94739002 0.495
v -0.85685003 0.94739002 0.495
v -0.94932997 0.94739002 0.495
v -0.94932997 0.99798 0.495
v -0.85685003 0.99798 0.495
v -0.85685003 0.94739002 0.495
v -0.85685003 0.94739002 0.75028998
v -0.85685003 0.99798 0.75028998
v -0.94932997 0.99798 0.75028998
v -0.94932997 0.94739002 0.75028998
v -0.94932997 1.00214005 0.75028998
v -0.94932997 1.05272996 0.75028998
v -0.94932997 1.05272996 0.495
v -0.94932997 1.00214005 0.495
v -0.94932997 1.05272996 0.75028998
v -0.85685003 1.05272996 0.75028998
v -0.85685003 1.05272996 0.495
v -0.94932997 1.05272996 0.495
v -0.85685003 1.05272996 0.75028998
v -0.85685003 1.00214005 0.75028998
v -0.85685003 1.00214005 0.495
v -0.85685003 1.05272996 0.495
v -0.85685003 1.00214005 0.75028998
v -0.94932997 1.00214005 0.75028998
v -0.94932997 1.00214005 0.495
v -0.85685003 1.00214005 0.495
v -0.94932997 1.00214005 0.495
v -0.94932997 1.05272996 0.495
v -0.85685003 1.05272996 0.495
v -0.85685003 1.00214005 0.495
v -0.85685003 1.00214005 0.75028998
v -0.85685003 1.05272996 0.75028998
v -0.94932997 1.05272996 0.75028998
v -0.94932997 1.00214005 0.75028998
v -0.94932997 1.16631997 -0.22686
v -0.94932997 1.16631997 -0.27746001
v -0.94932997 0.89001 -0.27746001
v -0.94932997 0.89001 -0.22686
v -0.94932997 1.16631997 -0.27746001
v -0.85685003 1.16631997 -0.27746001
v -0.85685003 0.89001 -0.27746001
v -0.94932997 0.89001 -0.27746001
v -0.85685003 1.16631997 -0.27746001
v -0.85685003 1.16631997 -0.22686
v -0.85685003 0.89001 -0.22686
v -0.85685003 0.89001 -0.27746001
v -0.85685003 1.16631997 -0.22686
v -0.94932997 1.16631997 -0.22686
v -0.94932997 0.89001 -0.22686
v -0.85685003 0.89001 -0.22686
v -0.94932997 0.89001 -0.22686
v -0.94932997 0.89001 -0.27746001
v -0.85685003 0.89001 -0.27746001
v -0.85685003 0.89001 -0.22686
v -0.85685003 1.16631997 -0.22686
v -0.85685003 1.16631997 -0.27746001
v -0.94932997 1.16631997 -0.27746001
v -0.94932997 1.16631997 -0.22686
v -0.94932997 1.16631997 -0.17045
v -0.94932997 1.16631997 -0.22104999
v -0.94932997 0.89001 -0.22104999
v -0.94932997 0.89001 -0.17045
v -0.94932997 1.16631997 -0.22104999
v -0.85685003 1.16631997 -0.22104999
v -0.85685003 0.89001 -0.22104999
v -0.94932997 0.89001 -0.22104999
v -0.85685003 1.16631997 -0.22104999
v -0.85685003 1.16631997 -0.17045
v -0.85685003 0.89001 -0.17045
v -0.85685003 0.89001 -0.22104999
v -0.85685003 1.16631997 -0.17045
v -0.94932997 1.16631997 -0.17045
v -0.94932997 0.89001 -0.17045
v -0.85685003 0.89001 -0.17045
v -0.94932997 0.89001 -0.17045
v -0.94932997 0.89001 -0.22104999
v -0.85685003 0.89001 -0.22104999
v -0.85685003 0.89001 -0.17045
v -0.85685003 1.16631997 -0.17045
v -0.85685003 1.16631997 -0.22104999
v -0.94932997 1.16631997 -0.22104999
v -0.94932997 1.16631997 -0.17045
v -0.94932997 1.16631997 0.0711
v -0.94932997 1.16631997 0.02051
v -0.94932997 0.89001 0.02051
v -0.94932997 0.89001 0.0711
v -0.94932997 1.16631997 0.02051
v -0.85685003 1.16631997 0.02051
v -0.85685003 0.89001 0.02051
v -0.94932997 0.89001 0.02051
v -0.85685003 1.16631997 0.02051
v -0.85685003 1.16631997 0.0711
v -0.85685003 0.89001 0.0711
v -0.85685003 0.89001 0.02051
v -0.85685003 1.16631997 0.0711
v -0.94932997 1.16631997 0.0711
v -0.94932997 0.89001 0.0711
v -0.85685003 0.89001 0.0711
v -0.94932997 0.89001 0.0711
v -0.94932997 0.89001 0.02051
v -0.85685003 0.89001 0.02051
v -0.85685003 0.89001 0.0711
v -0.85685003 1.16631997 0.0711
v -0.85685003 1.16631997 0.02051
v -0.94932997 1.16631997 0.02051
v -0.94932997 1.16631997 0.0711
v -0.94932997 1.16631997 0.01499
v -0.94932997 1.16631997 -0.03561
v -0.94932997 0.89001 -0.03561
v -0.94932997 0.89001 0.01499
v -0.94932997 1.16631997 -0.03561
v -0.85685003 1.16631997 -0.03561
v -0.85685003 0.89001 -0.03561
v -0.94932997 0.89001 -0.03561
v -0.85685003 1.16631997 -0.03561
v -0.85685003 1.16631997 0.01499
v -0.85685003 0.89001 0.01499
v -0.85685003 0.89001 -0.03561
v -0.85685003 1.16631997 0.01499
v -0.94932997 1.16631997 0.01499
v -0.94932997 0.89001 0.01499
v -0.85685003 0.89001 0.01499
v -0.94932997 0.89001 0.01499
v -0.94932997 0.89001 -0.03561
v -0.85685003 0.89001 -0.03561
v -0.85685003 0.89001 0.01499
v -0.85685003 1.16631997 0.01499
v -0.85685003 1.16631997 -0.03561
v -0.94932997 1.16631997 -0.03561
v -0.94932997 1.16631997 0.01499
v -0.94932997 1.16631997 -0.04113
v -0.94932997 1.16631997 -0.09172
v -0.94932997 0.89001 -0.09172
v -0.94932997 0.89001 -0.04113
v -0.94932997 1.16631997 -0.09172
v -0.85685003 1.16631997 -0.09172
v -0.85685003 0.89001 -0.09172
v -0.94932997 0.89001 -0.09172
v -0.85685003 1.16631997 -0.09172
v -0.85685003 1.16631997 -0.04113
v -0.85685003 0.89001 -0.04113
v -0.85685003 0.89001 -0.09172
v -0.85685003 1.16631997 -0.04113
v -0.94932997 1.16631997 -0.04113
v -0.94932997 0.89001 -0.04113
v -0.85685003 0.89001 -0.04113
v -0.94932997 0.89001 -0.04113
v -0.94932997 0.89001 -0.09172
v -0.85685003 0.89001 -0.09172
v -0.85685003 0.89001 -0.04113
v -0.85685003 1.16631997 -0.04113
v -0.85685003 1.16631997 -0.09172
v -0.94932997 1.16631997 -0.09172
v -0.94932997 1.16631997 -0.04113
v 1.10277998 1.16698003 -0.86356997
v 1.05218995 1.16698003 -0.86356997
v 1.05218995 0.89067 -0.86356997
v 1.10277998 0.89067 -0.86356997
v 1.05218995 1.16698003 -0.86356997
v 1.05218995 1.16698003 -0.95604002
v 1.05218995 0.89067 -0.95604002
v 1.05218995 0.89067 -0.86356997
v 1.05218995 1.16698003 -0.95604002
v 1.10277998 1.16698003 -0.95604002
v 1.10277998 0.89067 -0.95604002
v 1.05218995 0.89067 -0.95604002
v 1.10277998 1.16698003 -0.95604002
v 1.10277998 1.16698003 -0.86356997
v 1.10277998 0.89067 -0.86356997
v 1.10277998 0.89067 -0.95604002
v 1.10277998 0.89067 -0.86356997
v 1.05218995 0.89067 -0.86356997
v 1.05218995 0.89067 -0.95604002
v 1.10277998 0.89067 -0.95604002
v 1.10277998 1.16698003 -0.95604002
v 1.05218995 1.16698003 -0.95604002
v 1.05218995 1.16698003 -0.86356997
v 1.10277998 1.16698003 -0.86356997
v 1.05264997 0.84175003 -0.86356997
v 1.00206006 0.84175003 -0.86356997
v 1.00206006 0.56542999 -0.86356997
v 1.05264997 0.56542999 -0.86356997
v 1.00206006 0.84175003 -0.86356997
v 1.00206006 0.84175003 -0.95604002
v 1.00206006 0.56542999 -0.95604002
v 1.00206006 0.56542999 -0.86356997
v 1.00206006 0.84175003 -0.95604002
v 1.05264997 0.84175003 -0.95604002
v 1.05264997 0.56542999 -0.95604002
v 1.00206006 0.56542999 -0.95604002
v 1.05264997 0.84175003 -0.95604002
v 1.05264997 0.84175003 -0.86356997
v 1.05264997 0.56542999 -0.86356997
v 1.05264997 0.56542999 -0.95604002
v 1.05264997 0.56542999 -0.86356997
v 1.00206006 0.56542999 -0.86356997
v 1.00206006 0.56542999 -0.95604002
v 1.05264997 0.56542999 -0.95604002
v 1.05264997 0.84175003 -0.95604002
v 1.00206006 0.84175003 -0.95604002
v 1.00206006 0.84175003 -0.86356997
v 1.05264997 0.84175003 -0.86356997
v 0.99875998 0.84175003 -0.86356997
v 0.94815999 0.84175003 -0.86356997
v 0.94815999 0.56542999 -0.86356997
v 0.99875998 0.56542999 -0.86356997
v 0.94815999 0.84175003 -0.86356997
v 0.94815999 0.84175003 -0.95604002
v 0.94815999 0.56542999 -0.95604002
v 0.94815999 0.56542999 -0.86356997
v 0.94815999 0.84175003 -0.95604002
v 0.99875998 0.84175003 -0.95604002
v 0.99875998 0.56542999 -0.95604002
v 0.94815999 0.56542999 -0.95604002
v 0.99875998 0.84175003 -0.95604002
v 0.99875998 0.84175003 -0.86356997
v 0.99875998 0.56542999 -0.86356997
v 0.99875998 0.56542999 -0.95604002
v 0.99875998 0.56542999 -0.86356997
v 0.94815999 0.56542999 -0.86356997
v 0.94815999 0.56542999 -0.95604002
v 0.99875998 0.56542999 -0.95604002
v 0.99875998 0.84175003 -0.95604002
v 0.94815999 0.84175003 -0.95604002
v 0.94815999 0.84175003 -0.86356997
v 0.99875998 0.84175003 -0.86356997
v -0.35598999 0.84175003 -0.86356997
v -0.40658 0.84175003 -0.86356997
v -0.40658 0.56542999 -0.86356997
v -0.35598999 0.56542999 -0.86356997
v -0.40658 0.84175003 -0.86356997
v -0.40658 0.84175003 -0.95604002
v -0.40658 0.56542999 -0.95604002
v -0.40658 0.56542999 -0.86356997
v -0.40658 0.84175003 -0.95604002
v -0.35598999 0.84175003 -0.95604002
v -0.35598999 0.56542999 -0.95604002
v -0.40658 0.56542999 -0.95604002
v -0.35598999 0.84175003 -0.95604002
v -0.35598999 0.84175003 -0.86356997
v -0.35598999 0.56542999 -0.86356997
v -0.35598999 0.56542999 -0.95604002
v -0.35598999 0.56542999 -0.86356997
v -0.40658 0.56542999 -0.86356997
v -0.40658 0.56542999 -0.95604002
v -0.35598999 0.56542999 -0.95604002
v -0.35598999 0.84175003 -0.95604002
v -0.40658 0.84175003 -0.95604002
v -0.40658 0.84175003 -0.86356997
v -0.35598999 0.84175003 -0.86356997
v -0.3021 0.84175003 -0.86356997
v -0.3527 0.84175003 -0.86356997
v -0.3527 0.56542999 -0.86356997
v -0.3021 0.56542999 -0.86356997
v -0.3527 0.84175003 -0.86356997
v -0.3527 0.84175003 -0.95604002
v -0.3527 0.56542999 -0.95604002
v -0.3527 0.56542999 -0.86356997
v -0.3527 0.84175003 -0.95604002
v -0.3021 0.84175003 -0.95604002
v -0.3021 0.56542999 -0.95604002
v -0.3527 0.56542999 -0.95604002
v -0.3021 0.84175003 -0.95604002
v -0.3021 0.84175003 -0.86356997
v -0.3021 0.56542999 -0.86356997
v -0.3021 0.56542999 -0.95604002
v -0.3021 0.56542999 -0.86356997
v -0.3527 0.56542999 -0.86356997
v -0.3527 0.56542999 -0.95604002
v -0.3021 0.56542999 -0.95604002
v -0.3021 0.84175003 -0.95604002
v -0.3527 0.84175003 -0.95604002
v -0.3527 0.84175003 -0.86356997
v -0.3021 0.84175003 -0.86356997
v -0.24822 0.84175003 -0.86356997
v -0.29881001 0.84175003 -0.86356997
v -0.29881001 0.56542999 -0.86356997
v -0.24822 0.56542999 -0.86356997
v -0.29881001 0.84175003 -0.86356997
v -0.29881001 0.84175003 -0.95604002
v -0.29881001 0.56542999 -0.95604002
v -0.29881001 0.56542999 -0.86356997
v -0.29881001 0.84175003 -0.95604002
v -0.24822 0.84175003 -0.95604002
v -0.24822 0.56542999 -0.95604002
v -0.29881001 0.56542999 -0.95604002
v -0.24822 0.84175003 -0.95604002
v -0.24822 0.84175003 -0.86356997
v -0.24822 0.56542999 -0.86356997
v -0.24822 0.56542999 -0.95604002
v -0.24822 0.56542999 -0.86356997
v -0.29881001 0.56542999 -0.86356997
v -0.29881001 0.56542999 -0.95604002
v -0.24822 0.56542999 -0.95604002
v -0.24822 0.84175003 -0.95604002
v -0.29881001 0.84175003 -0.95604002
v -0.29881001 0.84175003 -0.86356997
v -0.24822 0.84175003 -0.86356997
v -0.19049001 0.84175003 -0.86356997
v -0.24108 0.84175003 -0.86356997
v -0.24108 0.56542999 -0.86356997
v -0.19049001 0.56542999 -0.86356997
v -0.24108 0.84175003 -0.86356997
v -0.24108 0.84175003 -0.95604002
v -0.24108 0.56542999 -0.95604002
v -0.24108 0.56542999 -0.86356997
v -0.24108 0.84175003 -0.95604002
v -0.19049001 0.84175003 -0.95604002
v -0.19049001 0.56542999 -0.95604002
v -0.24108 0.56542999 -0.95604002
v -0.19049001 0.84175003 -0.95604002
v -0.19049001 0.84175003 -0.86356997
v -0.19049001 0.56542999 -0.86356997
v -0.19049001 0.56542999 -0.95604002
v -0.19049001 0.56542999 -0.86356997
v -0.24108 0.56542999 -0.86356997
v -0.24108 0.56542999 -0.95604002
v -0.19049001 0.56542999 -0.95604002
v -0.19049001 0.84175003 -0.95604002
v -0.24108 0.84175003 -0.95604002
v -0.24108 0.84175003 -0.86356997
v -0.19049001 0.84175003 -0.86356997
v -0.15845001 0.24265 -0.86356997
v -0.15845001 0.29324999 -0.86356997
v -0.43476999 0.29324999 -0.86356997
v -0.43476999 0.24265 -0.86356997
v -0.15845001 0.29324999 -0.86356997
v -0.15845001 0.29324999 -0.95604002
v -0.43476999 0.29324999 -0.95604002
v -0.43476999 0.29324999 -0.86356997
v -0.15845001 0.29324999 -0.95604002
v -0.15845001 0.24265 -0.95604002
v -0.43476999 0.24265 -0.95604002
v -0.43476999 0.29324999 -0.95604002
v -0.15845001 0.24265 -0.95604002
v -0.15845001 0.24265 -0.86356997
v -0.43476999 0.24265 -0.86356997
v -0.43476999 0.24265 -0.95604002
v -0.43476999 0.24265 -0.86356997
v -0.43476999 0.29324999 -0.86356997
v -0.43476999 0.29324999 -0.95604002
v -0.43476999 0.24265 -0.95604002
v -0.15845001 0.24265 -0.95604002
v -0.15845001 0.29324999 -0.95604002
v -0.15845001 0.29324999 -0.86356997
v -0.15845001 0.24265 -0.86356997
v -0.15845001 0.30601999 -0.86356997
v -0.15845001 0.35661 -0.86356997
v -0.43476999 0.35661 -0.86356997
v -0.43476999 0.30601999 -0.86356997
v -0.15845001 0.35661 -0.86356997
v -0.15845001 0.35661 -0.95604002
v -0.43476999 0.35661 -0.95604002
v -0.43476999 0.35661 -0.86356997
v -0.15845001 0.35661 -0.95604002
v -0.15845001 0.30601999 -0.95604002
v -0.43476999 0.30601999 -0.95604002
v -0.43476999 0.35661 -0.95604002
v -0.15845001 0.30601999 -0.95604002
v -0.15845001 0.30601999 -0.86356997
v -0.43476999 0.30601999 -0.86356997
v -0.43476999 0.30601999 -0.95604002
v -0.43476999 0.30601999 -0.86356997
v -0.43476999 0.35661 -0.86356997
v -0.43476999 0.35661 -0.95604002
v -0.43476999 0.30601999 -0.95604002
v -0.15845001 0.30601999 -0.95604002
v -0.15845001 0.35661 -0.95604002
v -0.15845001 0.35661 -0.86356997
v -0.15845001 0.30601999 -0.86356997
v -0.15845001 0.36146 -0.86356997
v -0.15845001 0.41205999 -0.86356997
v -0.43476999 0.41205999 -0.86356997
v -0.43476999 0.36146 -0.86356997
v -0.15845001 0.41205999 -0.86356997
v -0.15845001 0.41205999 -0.95604002
v -0.43476999 0.41205999 -0.95604002
v -0.43476999 0.41205999 -0.86356997
v -0.15845001 0.41205999 -0.95604002
v -0.15845001 0.36146 -0.95604002
v -0.43476999 0.36146 -0.95604002
v -0.43476999 0.41205999 -0.95604002
v -0.15845001 0.36146 -0.95604002
v -0.15845001 0.36146 -0.86356997
v -0.43476999 0.36146 -0.86356997
v -0.43476999 0.36146 -0.95604002
v -0.43476999 0.36146 -0.86356997
v -0.43476999 0.41205999 -0.86356997
v -0.43476999 0.41205999 -0.95604002
v -0.43476999 0.36146 -0.95604002
v -0.15845001 0.36146 -0.95604002
v -0.15845001 0.41205999 -0.95604002
v -0.15845001 0.41205999 -0.86356997
v -0.15845001 0.36146 -0.86356997
v 0.52921999 0.50907999 -0.86356997
v 0.47863001 0.50907999 -0.86356997
v 0.47863001 0.23276 -0.86356997
v 0.52921999 0.23276 -0.86356997
v 0.47863001 0.50907999 -0.86356997
v 0.47863001 0.50907999 -0.95604002
v 0.47863001 0.23276 -0.95604002
v 0.47863001 0.23276 -0.86356997
v 0.47863001 0.50907999 -0.95604002
v 0.52921999 0.50907999 -0.95604002
v 0.52921999 0.23276 -0.95604002
v 0.47863001 0.23276 -0.95604002
v 0.52921999 0.50907999 -0.95604002
v 0.52921999 0.50907999 -0.86356997
v 0.52921999 0.23276 -0.86356997
v 0.52921999 0.23276 -0.95604002
v 0.52921999 0.23276 -0.86356997
v 0.47863001 0.23276 -0.86356997
v 0.47863001 0.23276 -0.95604002
v 0.52921999 0.23276 -0.95604002
v 0.52921999 0.50907999 -0.95604002
v 0.47863001 0.50907999 -0.95604002
v 0.47863001 0.50907999 -0.86356997
v 0.52921999 0.50907999 -0.86356997
v 0.47534001 0.50907999 -0.86356997
v 0.42475 0.50907999 -0.86356997
v 0.42475 0.23276 -0.86356997
v 0.47534001 0.23276 -0.86356997
v 0.42475 0.50907999 -0.86356997
v 0.42475 0.50907999 -0.95604002
v 0.42475 0.23276 -0.95604002
v 0.42475 0.23276 -0.86356997
v 0.42475 0.50907999 -0.95604002
v 0.47534001 0.50907999 -0.95604002
v 0.47534001 0.23276 -0.95604002
v 0.42475 0.23276 -0.95604002
v 0.47534001 0.50907999 -0.95604002
v 0.47534001 0.50907999 -0.86356997
v 0.47534001 0.23276 -0.86356997
v 0.47534001 0.23276 -0.95604002
v 0.47534001 0.23276 -0.86356997
v 0.42475 0.23276 -0.86356997
v 0.42475 0.23276 -0.95604002
v 0.47534001 0.23276 -0.95604002
v 0.47534001 0.50907999 -0.95604002
v 0.42475 0.50907999 -0.95604002
v 0.42475 0.50907999 -0.86356997
v 0.47534001 0.50907999 -0.86356997
v 0.42146 0.50907999 -0.86356997
v 0.37086001 0.50907999 -0.86356997
v 0.37086001 0.23276 -0.86356997
v 0.42146 0.23276 -0.86356997
v 0.37086001 0.50907999 -0.86356997
v 0.37086001 0.50907999 -0.95604002
v 0.37086001 0.23276 -0.95604002
v 0.37086001 0.23276 -0.86356997
v 0.37086001 0.50907999 -0.95604002
v 0.42146 0.50907999 -0.95604002
v 0.42146 0.23276 -0.95604002
v 0.37086001 0.23276 -0.95604002
v 0.42146 0.50907999 -0.95604002
v 0.42146 0.50907999 -0.86356997
v 0.42146 0.23276 -0.86356997
v 0.42146 0.23276 -0.95604002
v 0.42146 0.23276 -0.86356997
v 0.37086001 0.23276 -0.86356997
v 0.37086001 0.23276 -0.95604002
v 0.42146 0.23276 -0.95604002
v 0.42146 0.50907999 -0.95604002
v 0.37086001 0.50907999 -0.95604002
v 0.37086001 0.50907999 -0.86356997
v 0.42146 0.50907999 -0.86356997
v 0.26751 0.50907999 -0.86356997
v 0.21691 0.50907999 -0.86356997
v 0.21691 0.23276 -0.86356997
v 0.26751 0.23276 -0.86356997
v 0.21691 0.50907999 -0.86356997
v 0.21691 0.50907999 -0.95604002
v 0.21691 0.23276 -0.95604002
v 0.21691 0.23276 -0.86356997
v 0.21691 0.50907999 -0.95604002
v 0.26751 0.50907999 -0.95604002
v 0.26751 0.23276 -0.95604002
v 0.21691 0.23276 -0.95604002
v 0.26751 0.50907999 -0.95604002
v 0.26751 0.50907999 -0.86356997
v 0.26751 0.23276 -0.86356997
v 0.26751 0.23276 -0.95604002
v 0.26751 0.23276 -0.86356997
v 0.21691 0.23276 -0.86356997
v 0.21691 0.23276 -0.95604002
v 0.26751 0.23276 -0.95604002
v 0.26751 0.50907999 -0.95604002
v 0.21691 0.50907999 -0.95604002
v 0.21691 0.50907999 -0.86356997
v 0.26751 0.50907999 -0.86356997
v 0.21363001 0.50907999 -0.86356997
v 0.16303 0.50907999 -0.86356997
v 0.16303 0.23276 -0.86356997
v 0.21363001 0.23276 -0.86356997
v 0.16303 0.50907999 -0.86356997
v 0.16303 0.50907999 -0.95604002
v 0.16303 0.23276 -0.95604002
v 0.16303 0.23276 -0.86356997
v 0.16303 0.50907999 -0.95604002
v 0.21363001 0.50907999 -0.95604002
v 0.21363001 0.23276 -0.95604002
v 0.16303 0.23276 -0.95604002
v 0.21363001 0.50907999 -0.95604002
v 0.21363001 0.50907999 -0.86356997
v 0.21363001 0.23276 -0.86356997
v 0.21363001 0.23276 -0.95604002
v 0.21363001 0.23276 -0.86356997
v 0.16303 0.23276 -0.86356997
v 0.16303 0.23276 -0.95604002
v 0.21363001 0.23276 -0.95604002
v 0.21363001 0.50907999 -0.95604002
v 0.16303 0.50907999 -0.95604002
v 0.16303 0.50907999 -0.86356997
v 0.21363001 0.50907999 -0.86356997
v 0.15974 0.50907999 -0.86356997
v 0.10915 0.50907999 -0.86356997
v 0.10915 0.23276 -0.86356997
v 0.15974 0.23276 -0.86356997
v 0.10915 0.50907999 -0.86356997
v 0.10915 0.50907999 -0.95604002
v 0.10915 0.23276 -0.95604002
v 0.10915 0.23276 -0.86356997
v 0.10915 0.50907999 -0.95604002
v 0.15974 0.50907999 -0.95604002
v 0.15974 0.23276 -0.95604002
v 0.10915 0.23276 -0.95604002
v 0.15974 0.50907999 -0.95604002
v 0.15974 0.50907999 -0.86356997
v 0.15974 0.23276 -0.86356997
v 0.15974 0.23276 -0.95604002
v 0.15974 0.23276 -0.86356997
v 0.10915 0.23276 -0.86356997
v 0.10915 0.23276 -0.95604002
v 0.15974 0.23276 -0.95604002
v 0.15974 0.50907999 -0.95604002
v 0.10915 0.50907999 -0.95604002
v 0.10915 0.50907999 -0.86356997
v 0.15974 0.50907999 -0.86356997
v 0.10586 0.50907999 -0.86356997
v 0.05527 0.50907999 -0.86356997
v 0.05527 0.23276 -0.86356997
v 0.10586 0.23276 -0.86356997
v 0.05527 0.50907999 -0.86356997
v 0.05912 0.50907999 -0.95604002
v 0.05912 0.23276 -0.95604002
v 0.05527 0.23276 -0.86356997
v 0.05912 0.50907999 -0.95604002
v 0.10971 0.50907999 -0.95604002
v 0.10971 0.23276 -0.95604002
v 0.05912 0.23276 -0.95604002
v 0.10971 0.50907999 -0.95604002
v 0.10586 0.50907999 -0.86356997
v 0.10586 0.23276 -0.86356997
v 0.10971 0.23276 -0.95604002
v 0.10586 0.23276 -0.86356997
v 0.05527 0.23276 -0.86356997
v 0.05912 0.23276 -0.95604002
v 0.10971 0.23276 -0.95604002
v 0.10971 0.50907999 -0.95604002
v 0.05912 0.50907999 -0.95604002
v 0.05527 0.50907999 -0.86356997
v 0.10586 0.50907999 -0.86356997
v 0.25595999 0.19225 -0.86356997
v 0.20536999 0.19225 -0.86356997
v 0.20536999 -0.08407 -0.86356997
v 0.25595999 -0.08407 -0.86356997
v 0.20536999 0.19225 -0.86356997
v 0.20536999 0.19225 -0.95604002
v 0.20536999 -0.08407 -0.95604002
v 0.20536999 -0.08407 -0.86356997
v 0.20536999 0.19225 -0.95604002
v 0.25595999 0.19225 -0.95604002
v 0.25595999 -0.08407 -0.95604002
v 0.20536999 -0.08407 -0.95604002
v 0.25595999 0.19225 -0.95604002
v 0.25595999 0.19225 -0.86356997
v 0.25595999 -0.08407 -0.86356997
v 0.25595999 -0.08407 -0.95604002
v 0.25595999 -0.08407 -0.86356997
v 0.20536999 -0.08407 -0.86356997
v 0.20536999 -0.08407 -0.95604002
v 0.25595999 -0.08407 -0.95604002
v 0.25595999 0.19225 -0.95604002
v 0.20536999 0.19225 -0.95604002
v 0.20536999 0.19225 -0.86356997
v 0.25595999 0.19225 -0.86356997
v 0.20208 0.19225 -0.86356997
v 0.15149 0.19225 -0.86356997
v 0.15149 -0.08407 -0.86356997
v 0.20208 -0.08407 -0.86356997
v 0.15149 0.19225 -0.86356997
v 0.15149 0.19225 -0.95604002
v 0.15149 -0.08407 -0.95604002
v 0.15149 -0.08407 -0.86356997
v 0.15149 0.19225 -0.95604002
v 0.20208 0.19225 -0.95604002
v 0.20208 -0.08407 -0.95604002
v 0.15149 -0.08407 -0.95604002
v 0.20208 0.19225 -0.95604002
v 0.20208 0.19225 -0.86356997
v 0.20208 -0.08407 -0.86356997
v 0.20208 -0.08407 -0.95604002
v 0.20208 -0.08407 -0.86356997
v 0.15149 -0.08407 -0.86356997
v 0.15149 -0.08407 -0.95604002
v 0.20208 -0.08407 -0.95604002
v 0.20208 0.19225 -0.95604002
v 0.15149 0.19225 -0.95604002
v 0.15149 0.19225 -0.86356997
v 0.20208 0.19225 -0.86356997
v 0.15974 0.19225 -0.86356997
v 0.10523 0.19225 -0.86356997
v 0.10523 -0.08407 -0.86356997
v 0.15974 -0.08407 -0.86356997
v 0.10523 0.19225 -0.86356997
v 0.10523 0.19225 -0.95604002
v 0.10523 -0.08407 -0.95604002
v 0.10523 -0.08407 -0.86356997
v 0.10523 0.19225 -0.95604002
v 0.15974 0.19225 -0.95604002
v 0.15974 -0.08407 -0.95604002
v 0.10523 -0.08407 -0.95604002
v 0.15974 0.19225 -0.95604002
v 0.15974 0.19225 -0.86356997
v 0.15974 -0.08407 -0.86356997
v 0.15974 -0.08407 -0.95604002
v 0.15974 -0.08407 -0.86356997
v 0.10523 -0.08407 -0.86356997
v 0.10523 -0.08407 -0.95604002
v 0.15974 -0.08407 -0.95604002
v 0.15974 0.19225 -0.95604002
v 0.10523 0.19225 -0.95604002
v 0.10523 0.19225 -0.86356997
v 0.15974 0.19225 -0.86356997
v 0.56642997 0.19225 -0.86356997
v 0.51582998 0.19225 -0.86356997
v 0.51582998 -0.08407 -0.86356997
v 0.56642997 -0.08407 -0.86356997
v 0.51582998 0.19225 -0.86356997
v 0.51582998 0.19225 -0.95604002
v 0.51582998 -0.08407 -0.95604002
v 0.51582998 -0.08407 -0.86356997
v 0.51582998 0.19225 -0.95604002
v 0.56642997 0.19225 -0.95604002
v 0.56642997 -0.08407 -0.95604002
v 0.51582998 -0.08407 -0.95604002
v 0.56642997 0.19225 -0.95604002
v 0.56642997 0.19225 -0.86356997
v 0.56642997 -0.08407 -0.86356997
v 0.56642997 -0.08407 -0.95604002
v 0.56642997 -0.08407 -0.86356997
v 0.51582998 -0.08407 -0.86356997
v 0.51582998 -0.08407 -0.95604002
v 0.56642997 -0.08407 -0.95604002
v 0.56642997 0.19225 -0.95604002
v 0.51582998 0.19225 -0.95604002
v 0.51582998 0.19225 -0.86356997
v 0.56642997 0.19225 -0.86356997
v 0.62454998 0.19225 -0.86356997
v 0.57394999 0.19225 -0.86356997
v 0.57394999 -0.08407 -0.86356997
v 0.62454998 -0.08407 -0.86356997
v 0.57394999 0.19225 -0.86356997
v 0.57394999 0.19225 -0.95604002
v 0.57394999 -0.08407 -0.95604002
v 0.57394999 -0.08407 -0.86356997
v 0.57394999 0.19225 -0.95604002
v 0.62454998 0.19225 -0.95604002
v 0.62454998 -0.08407 -0.95604002
v 0.57394999 -0.08407 -0.95604002
v 0.62454998 0.19225 -0.95604002
v 0.62454998 0.19225 -0.86356997
v 0.62454998 -0.08407 -0.86356997
v 0.62454998 -0.08407 -0.95604002
v 0.62454998 -0.08407 -0.86356997
v 0.57394999 -0.08407 -0.86356997
v 0.57394999 -0.08407 -0.95604002
v 0.62454998 -0.08407 -0.95604002
v 0.62454998 0.19225 -0.95604002
v 0.57394999 0.19225 -0.95604002
v 0.57394999 0.19225 -0.86356997
v 0.62454998 0.19225 -0.86356997
v 0.67891002 0.19225 -0.86356997
v 0.62831002 0.19225 -0.86356997
v 0.62831002 -0.08407 -0.86356997
v 0.67891002 -0.08407 -0.86356997
v 0.62831002 0.19225 -0.86356997
v 0.62831002 0.19225 -0.95604002
v 0.62831002 -0.08407 -0.95604002
v 0.62831002 -0.08407 -0.86356997
v 0.62831002 0.19225 -0.95604002
v 0.67891002 0.19225 -0.95604002
v 0.67891002 -0.08407 -0.95604002
v 0.62831002 -0.08407 -0.95604002
v 0.67891002 0.19225 -0.95604002
v 0.67891002 0.19225 -0.86356997
v 0.67891002 -0.08407 -0.86356997
v 0.67891002 -0.08407 -0.95604002
v 0.67891002 -0.08407 -0.86356997
v 0.62831002 -0.08407 -0.86356997
v 0.62831002 -0.08407 -0.95604002
v 0.67891002 -0.08407 -0.95604002
v 0.67891002 0.19225 -0.95604002
v 0.62831002 0.19225 -0.95604002
v 0.62831002 0.19225 -0.86356997
v 0.67891002 0.19225 -0.86356997
v 0.73707998 0.19225 -0.86356997
v 0.68649 0.19225 -0.86356997
v 0.68649 -0.08407 -0.86356997
v 0.73707998 -0.08407 -0.86356997
v 0.68649 0.19225 -0.86356997
v 0.68649 0.19225 -0.95604002
v 0.68649 -0.08407 -0.95604002
v 0.68649 -0.08407 -0.86356997
v 0.68649 0.19225 -0.95604002
v 0.73707998 0.19225 -0.95604002
v 0.73707998 -0.08407 -0.95604002
v 0.68649 -0.08407 -0.95604002
v 0.73707998 0.19225 -0.95604002
v 0.73707998 0.19225 -0.86356997
v 0.73707998 -0.08407 -0.86356997
v 0.73707998 -0.08407 -0.95604002
v 0.73707998 -0.08407 -0.86356997
v 0.68649 -0.08407 -0.86356997
v 0.68649 -0.08407 -0.95604002
v 0.73707998 -0.08407 -0.95604002
v 0.73707998 0.19225 -0.95604002
v 0.68649 0.19225 -0.95604002
v 0.68649 0.19225 -0.86356997
v 0.73707998 0.19225 -0.86356997
v 0.99124998 0.19225 -0.86356997
v 0.94066 0.19225 -0.86356997
v 0.94066 -0.08407 -0.86356997
v 0.99124998 -0.08407 -0.86356997
v 0.94066 0.19225 -0.86356997
v 0.94066 0.19225 -0.95604002
v 0.94066 -0.08407 -0.95604002
v 0.94066 -0.08407 -0.86356997
v 0.94066 0.19225 -0.95604002
v 0.99124998 0.19225 -0.95604002
v 0.99124998 -0.08407 -0.95604002
v 0.94066 -0.08407 -0.95604002
v 0.99124998 0.19225 -0.95604002
v 0.99124998 0.19225 -0.86356997
v 0.99124998 -0.08407 -0.86356997
v 0.99124998 -0.08407 -0.95604002
v 0.99124998 -0.08407 -0.86356997
v 0.94066 -0.08407 -0.86356997
v 0.94066 -0.08407 -0.95604002
v 0.99124998 -0.08407 -0.95604002
v 0.99124998 0.19225 -0.95604002
v 0.94066 0.19225 -0.95604002
v 0.94066 0.19225 -0.86356997
v 0.99124998 0.19225 -0.86356997
v 1.04898 0.19225 -0.86356997
v 0.99838001 0.19225 -0.86356997
v 0.99838001 -0.08407 -0.86356997
v 1.04898 -0.08407 -0.86356997
v 0.99838001 0.19225 -0.86356997
v 0.99838001 0.19225 -0.95604002
v 0.99838001 -0.08407 -0.95604002
v 0.99838001 -0.08407 -0.86356997
v 0.99838001 0.19225 -0.95604002
v 1.04898 0.19225 -0.95604002
v 1.04898 -0.08407 -0.95604002
v 0.99838001 -0.08407 -0.95604002
v 1.04898 0.19225 -0.95604002
v 1.04898 0.19225 -0.86356997
v 1.04898 -0.08407 -0.86356997
v 1.04898 -0.08407 -0.95604002
v 1.04898 -0.08407 -0.86356997
v 0.99838001 -0.08407 -0.86356997
v 0.99838001 -0.08407 -0.95604002
v 1.04898 -0.08407 -0.95604002
v 1.04898 0.19225 -0.95604002
v 0.99838001 0.19225 -0.95604002
v 0.99838001 0.19225 -0.86356997
v 1.04898 0.19225 -0.86356997
v 1.10539997 0.19415 -0.86407
v 1.05504 0.1893 -0.86347997
v 1.08158004 -0.08574 -0.86308002
v 1.13194001 -0.08088 -0.86365998
v 1.05504 0.1893 -0.86347997
v 1.05399001 0.18906 -0.95595002
v 1.08053005 -0.08598 -0.95554
v 1.08158004 -0.08574 -0.86308002
v 1.05399001 0.18906 -0.95595002
v 1.10433996 0.19392 -0.95652997
v 1.13088 -0.08112 -0.95613003
v 1.08053005 -0.08598 -0.95554
v 1.10433996 0.19392 -0.95652997
v 1.10539997 0.19415 -0.86407
v 1.13194001 -0.08088 -0.86365998
v 1.13088 -0.08112 -0.95613003
v 1.13194001 -0.08088 -0.86365998
v 1.08158004 -0.08574 -0.86308002
v 1.08053005 -0.08598 -0.95554
v 1.13088 -0.08112 -0.95613003
v 1.10433996 0.19392 -0.95652997
v 1.05399001 0.18906 -0.95595002
v 1.05504 0.1893 -0.86347997
v 1.10539997 0.19415 -0.86407
v 1.01409996 -0.45978999 -0.86356997
v 0.96350998 -0.45978999 -0.86356997
v 0.96350998 -0.73610002 -0.86356997
v 1.01409996 -0.73610002 -0.86356997
v 0.96350998 -0.45978999 -0.86356997
v 0.96350998 -0.45978999 -0.95604002
v 0.96350998 -0.73610002 -0.95604002
v 0.96350998 -0.73610002 -0.86356997
v 0.96350998 -0.45978999 -0.95604002
v 1.01409996 -0.45978999 -0.95604002
v 1.01409996 -0.73610002 -0.95604002
v 0.96350998 -0.73610002 -0.95604002
v 1.01409996 -0.45978999 -0.95604002
v 1.01409996 -0.45978999 -0.86356997
v 1.01409996 -0.73610002 -0.86356997
v 1.01409996 -0.73610002 -0.95604002
v 1.01409996 -0.73610002 -0.86356997
v 0.96350998 -0.73610002 -0.86356997
v 0.96350998 -0.73610002 -0.95604002
v 1.01409996 -0.73610002 -0.95604002
v 1.01409996 -0.45978999 -0.95604002
v 0.96350998 -0.45978999 -0.95604002
v 0.96350998 -0.45978999 -0.86356997
v 1.01409996 -0.45978999 -0.86356997
v 1.07255995 -0.45978999 -0.86356997
v 1.02197003 -0.45978999 -0.86356997
v 1.02197003 -0.73610002 -0.86356997
v 1.07255995 -0.73610002 -0.86356997
v 1.02197003 -0.45978999 -0.86356997
v 1.02197003 -0.45978999 -0.95604002
v 1.02197003 -0.73610002 -0.95604002
v 1.02197003 -0.73610002 -0.86356997
v 1.02197003 -0.45978999 -0.95604002
v 1.07255995 -0.45978999 -0.95604002
v 1.07255995 -0.73610002 -0.95604002
v 1.02197003 -0.73610002 -0.95604002
v 1.07255995 -0.45978999 -0.95604002
v 1.07255995 -0.45978999 -0.86356997
v 1.07255995 -0.73610002 -0.86356997
v 1.07255995 -0.73610002 -0.95604002
v 1.07255995 -0.73610002 -0.86356997
v 1.02197003 -0.73610002 -0.86356997
v 1.02197003 -0.73610002 -0.95604002
v 1.07255995 -0.73610002 -0.95604002
v 1.07255995 -0.45978999 -0.95604002
v 1.02197003 -0.45978999 -0.95604002
v 1.02197003 -0.45978999 -0.86356997
v 1.07255995 -0.45978999 -0.86356997
v 1.12706006 -0.45978999 -0.86356997
v 1.07647002 -0.45978999 -0.86356997
v 1.07647002 -0.73610002 -0.86356997
v 1.12706006 -0.73610002 -0.86356997
v 1.07647002 -0.45978999 -0.86356997
v 1.07647002 -0.45978999 -0.95604002
v 1.07647002 -0.73610002 -0.95604002
v 1.07647002 -0.73610002 -0.86356997
v 1.07647002 -0.45978999 -0.95604002
v 1.12706006 -0.45978999 -0.95604002
v 1.12706006 -0.73610002 -0.95604002
v 1.07647002 -0.73610002 -0.95604002
v 1.12706006 -0.45978999 -0.95604002
v 1.12706006 -0.45978999 -0.86356997
v 1.12706006 -0.73610002 -0.86356997
v 1.12706006 -0.73610002 -0.95604002
v 1.12706006 -0.73610002 -0.86356997
v 1.07647002 -0.73610002 -0.86356997
v 1.07647002 -0.73610002 -0.95604002
v 1.12706006 -0.73610002 -0.95604002
v 1.12706006 -0.45978999 -0.95604002
v 1.07647002 -0.45978999 -0.95604002
v 1.07647002 -0.45978999 -0.86356997
v 1.12706006 -0.45978999 -0.86356997
v 0.60609001 -0.45978999 -0.86356997
v 0.55549997 -0.45978999 -0.86356997
v 0.55549997 -0.73610002 -0.86356997
v 0.60609001 -0.73610002 -0.86356997
v 0.55549997 -0.45978999 -0.86356997
v 0.55549997 -0.45978999 -0.95604002
v 0.55549997 -0.73610002 -0.95604002
v 0.55549997 -0.73610002 -0.86356997
v 0.55549997 -0.45978999 -0.95604002
v 0.60609001 -0.45978999 -0.95604002
v 0.60609001 -0.73610002 -0.95604002
v 0.55549997 -0.73610002 -0.95604002
v 0.60609001 -0.45978999 -0.95604002
v 0.60609001 -0.45978999 -0.86356997
v 0.60609001 -0.73610002 -0.86356997
v 0.60609001 -0.73610002 -0.95604002
v 0.60609001 -0.73610002 -0.86356997
v 0.55549997 -0.73610002 -0.86356997
v 0.55549997 -0.73610002 -0.95604002
v 0.60609001 -0.73610002 -0.95604002
v 0.60609001 -0.45978999 -0.95604002
v 0.55549997 -0.45978999 -0.95604002
v 0.55549997 -0.45978999 -0.86356997
v 0.60609001 -0.45978999 -0.86356997
v 0.54451001 -0.45978999 -0.86356997
v 0.49392 -0.45978999 -0.86356997
v 0.49392 -0.73610002 -0.86356997
v 0.54451001 -0.73610002 -0.86356997
v 0.49392 -0.45978999 -0.86356997
v 0.49392 -0.45978999 -0.95604002
v 0.49392 -0.73610002 -0.95604002
v 0.49392 -0.73610002 -0.86356997
v 0.49392 -0.45978999 -0.95604002
v 0.54451001 -0.45978999 -0.95604002
v 0.54451001 -0.73610002 -0.95604002
v 0.49392 -0.73610002 -0.95604002
v 0.54451001 -0.45978999 -0.95604002
v 0.54451001 -0.45978999 -0.86356997
v 0.54451001 -0.73610002 -0.86356997
v 0.54451001 -0.73610002 -0.95604002
v 0.54451001 -0.73610002 -0.86356997
v 0.49392 -0.73610002 -0.86356997
v 0.49392 -0.73610002 -0.95604002
v 0.54451001 -0.73610002 -0.95604002
v 0.54451001 -0.45978999 -0.95604002
v 0.49392 -0.45978999 -0.95604002
v 0.49392 -0.45978999 -0.86356997
v 0.54451001 -0.45978999 -0.86356997
v 0.48275 -0.45978999 -0.86356997
v 0.43215999 -0.45978999 -0.86356997
v 0.43215999 -0.73610002 -0.86356997
v 0.48275 -0.73610002 -0.86356997
v 0.43215999 -0.45978999 -0.86356997
v 0.43215999 -0.45978999 -0.95604002
v 0.43215999 -0.73610002 -0.95604002
v 0.43215999 -0.73610002 -0.86356997
v 0.43215999 -0.45978999 -0.95604002
v 0.48275 -0.45978999 -0.95604002
v 0.48275 -0.73610002 -0.95604002
v 0.43215999 -0.73610002 -0.95604002
v 0.48275 -0.45978999 -0.95604002
v 0.48275 -0.45978999 -0.86356997
v 0.48275 -0.73610002 -0.86356997
v 0.48275 -0.73610002 -0.95604002
v 0.48275 -0.73610002 -0.86356997
v 0.43215999 -0.73610002 -0.86356997
v 0.43215999 -0.73610002 -0.95604002
v 0.48275 -0.73610002 -0.95604002
v 0.48275 -0.45978999 -0.95604002
v 0.43215999 -0.45978999 -0.95604002
v 0.43215999 -0.45978999 -0.86356997
v 0.48275 -0.45978999 -0.86356997
v 0.42861 -0.45978999 -0.86356997
v 0.37801999 -0.45978999 -0.86356997
v 0.37801999 -0.73610002 -0.86356997
v 0.42861 -0.73610002 -0.86356997
v 0.37801999 -0.45978999 -0.86356997
v 0.37801999 -0.45978999 -0.95604002
v 0.37801999 -0.73610002 -0.95604002
v 0.37801999 -0.73610002 -0.86356997
v 0.37801999 -0.45978999 -0.95604002
v 0.42861 -0.45978999 -0.95604002
v 0.42861 -0.73610002 -0.95604002
v 0.37801999 -0.73610002 -0.95604002
v 0.42861 -0.45978999 -0.95604002
v 0.42861 -0.45978999 -0.86356997
v 0.42861 -0.73610002 -0.86356997
v 0.42861 -0.73610002 -0.95604002
v 0.42861 -0.73610002 -0.86356997
v 0.37801999 -0.73610002 -0.86356997
v 0.37801999 -0.73610002 -0.95604002
v 0.42861 -0.73610002 -0.95604002
v 0.42861 -0.45978999 -0.95604002
v 0.37801999 -0.45978999 -0.95604002
v 0.37801999 -0.45978999 -0.86356997
v 0.42861 -0.45978999 -0.86356997
v -0.41626999 -0.78151 -0.86356997
v -0.46687001 -0.78151 -0.86356997
v -0.46687001 -1.05781996 -0.86356997
v -0.41626999 -1.05781996 -0.86356997
v -0.46687001 -0.78151 -0.86356997
v -0.46687001 -0.78151 -0.95604002
v -0.46687001 -1.05781996 -0.95604002
v -0.46687001 -1.05781996 -0.86356997
v -0.46687001 -0.78151 -0.95604002
v -0.41626999 -0.78151 -0.95604002
v -0.41626999 -1.05781996 -0.95604002
v -0.46687001 -1.05781996 -0.95604002
v -0.41626999 -0.78151 -0.95604002
v -0.41626999 -0.78151 -0.86356997
v -0.41626999 -1.05781996 -0.86356997
v -0.41626999 -1.05781996 -0.95604002
v -0.41626999 -1.05781996 -0.86356997
v -0.46687001 -1.05781996 -0.86356997
v -0.46687001 -1.05781996 -0.95604002
v -0.41626999 -1.05781996 -0.95604002
v -0.41626999 -0.78151 -0.95604002
v -0.46687001 -0.78151 -0.95604002
v -0.46687001 -0.78151 -0.86356997
v -0.41626999 -0.78151 -0.86356997
v -0.35451001 -0.78151 -0.86356997
v -0.40511 -0.78151 -0.86356997
v -0.40511 -1.05781996 -0.86356997
v -0.35451001 -1.05781996 -0.86356997
v -0.40511 -0.78151 -0.86356997
v -0.40511 -0.78151 -0.95604002
v -0.40511 -1.05781996 -0.95604002
v -0.40511 -1.05781996 -0.86356997
v -0.40511 -0.78151 -0.95604002
v -0.35451001 -0.78151 -0.95604002
v -0.35451001 -1.05781996 -0.95604002
v -0.40511 -1.05781996 -0.95604002
v -0.35451001 -0.78151 -0.95604002
v -0.35451001 -0.78151 -0.86356997
v -0.35451001 -1.05781996 -0.86356997
v -0.35451001 -1.05781996 -0.95604002
v -0.35451001 -1.05781996 -0.86356997
v -0.40511 -1.05781996 -0.86356997
v -0.40511 -1.05781996 -0.95604002
v -0.35451001 -1.05781996 -0.95604002
v -0.35451001 -0.78151 -0.95604002
v -0.40511 -0.78151 -0.95604002
v -0.40511 -0.78151 -0.86356997
v -0.35451001 -0.78151 -0.86356997
v -0.30033001 -0.78151 -0.86356997
v -0.35093001 -0.78151 -0.86356997
v -0.35093001 -1.05781996 -0.86356997
v -0.30033001 -1.05781996 -0.86356997
v -0.35093001 -0.78151 -0.86356997
v -0.35093001 -0.78151 -0.95604002
v -0.35093001 -1.05781996 -0.95604002
v -0.35093001 -1.05781996 -0.86356997
v -0.35093001 -0.78151 -0.95604002
v -0.30033001 -0.78151 -0.95604002
v -0.30033001 -1.05781996 -0.95604002
v -0.35093001 -1.05781996 -0.95604002
v -0.30033001 -0.78151 -0.95604002
v -0.30033001 -0.78151 -0.86356997
v -0.30033001 -1.05781996 -0.86356997
v -0.30033001 -1.05781996 -0.95604002
v -0.30033001 -1.05781996 -0.86356997
v -0.35093001 -1.05781996 -0.86356997
v -0.35093001 -1.05781996 -0.95604002
v -0.30033001 -1.05781996 -0.95604002
v -0.30033001 -0.78151 -0.95604002
v -0.35093001 -0.78151 -0.95604002
v -0.35093001 -0.78151 -0.86356997
v -0.30033001 -0.78151 -0.86356997
v -0.23851 -0.78151 -0.86356997
v -0.28909999 -0.78151 -0.86356997
v -0.28909999 -1.05781996 -0.86356997
v -0.23851 -1.05781996 -0.86356997
v -0.28909999 -0.78151 -0.86356997
v -0.28909999 -0.78151 -0.95604002
v -0.28909999 -1.05781996 -0.95604002
v -0.28909999 -1.05781996 -0.86356997
v -0.28909999 -0.78151 -0.95604002
v -0.23851 -0.78151 -0.95604002
v -0.23851 -1.05781996 -0.95604002
v -0.28909999 -1.05781996 -0.95604002
v -0.23851 -0.78151 -0.95604002
v -0.23851 -0.78151 -0.86356997
v -0.23851 -1.05781996 -0.86356997
v -0.23851 -1.05781996 -0.95604002
v -0.23851 -1.05781996 -0.86356997
v -0.28909999 -1.05781996 -0.86356997
v -0.28909999 -1.05781996 -0.95604002
v -0.23851 -1.05781996 -0.95604002
v -0.23851 -0.78151 -0.95604002
v -0.28909999 -0.78151 -0.95604002
v -0.28909999 -0.78151 -0.86356997
v -0.23851 -0.78151 -0.86356997
v -0.17668 -0.78151 -0.86356997
v -0.22727001 -0.78151 -0.86356997
v -0.22727001 -1.05781996 -0.86356997
v -0.17668 -1.05781996 -0.86356997
v -0.22727001 -0.78151 -0.86356997
v -0.22727001 -0.78151 -0.95604002
v -0.22727001 -1.05781996 -0.95604002
v -0.22727001 -1.05781996 -0.86356997
v -0.22727001 -0.78151 -0.95604002
v -0.17668 -0.78151 -0.95604002
v -0.17668 -1.05781996 -0.95604002
v -0.22727001 -1.05781996 -0.95604002
v -0.17668 -0.78151 -0.95604002
v -0.17668 -0.78151 -0.86356997
v -0.17668 -1.05781996 -0.86356997
v -0.17668 -1.05781996 -0.95604002
v -0.17668 -1.05781996 -0.86356997
v -0.22727001 -1.05781996 -0.86356997
v -0.22727001 -1.05781996 -0.95604002
v -0.17668 -1.05781996 -0.95604002
v -0.17668 -0.78151 -0.95604002
v -0.22727001 -0.78151 -0.95604002
v -0.22727001 -0.78151 -0.86356997
v -0.17668 -0.78151 -0.86356997
v -0.28854001 -0.13807 -0.86356997
v -0.33914 -0.13807 -0.86356997
v -0.33914 -0.41438001 -0.86356997
v -0.28854001 -0.41438001 -0.86356997
v -0.33914 -0.13807 -0.86356997
v -0.33914 -0.13807 -0.95604002
v -0.33914 -0.41438001 -0.95604002
v -0.33914 -0.41438001 -0.86356997
v -0.33914 -0.13807 -0.95604002
v -0.28854001 -0.13807 -0.95604002
v -0.28854001 -0.41438001 -0.95604002
v -0.33914 -0.41438001 -0.95604002
v -0.28854001 -0.13807 -0.95604002
v -0.28854001 -0.13807 -0.86356997
v -0.28854001 -0.41438001 -0.86356997
v -0.28854001 -0.41438001 -0.95604002
v -0.28854001 -0.41438001 -0.86356997
v -0.33914 -0.41438001 -0.86356997
v -0.33914 -0.41438001 -0.95604002
v -0.28854001 -0.41438001 -0.95604002
v -0.28854001 -0.13807 -0.95604002
v -0.33914 -0.13807 -0.95604002
v -0.33914 -0.13807 -0.86356997
v -0.28854001 -0.13807 -0.86356997
v -0.35027 -0.13807 -0.86356997
v -0.40086001 -0.13807 -0.86356997
v -0.40086001 -0.41438001 -0.86356997
v -0.35027 -0.41438001 -0.86356997
v -0.40086001 -0.13807 -0.86356997
v -0.40086001 -0.13807 -0.95604002
v -0.40086001 -0.41438001 -0.95604002
v -0.40086001 -0.41438001 -0.86356997
v -0.40086001 -0.13807 -0.95604002
v -0.35027 -0.13807 -0.95604002
v -0.35027 -0.41438001 -0.95604002
v -0.40086001 -0.41438001 -0.95604002
v -0.35027 -0.13807 -0.95604002
v -0.35027 -0.13807 -0.86356997
v -0.35027 -0.41438001 -0.86356997
v -0.35027 -0.41438001 -0.95604002
v -0.35027 -0.41438001 -0.86356997
v -0.40086001 -0.41438001 -0.86356997
v -0.40086001 -0.41438001 -0.95604002
v -0.35027 -0.41438001 -0.95604002
v -0.35027 -0.13807 -0.95604002
v -0.40086001 -0.13807 -0.95604002
v -0.40086001 -0.13807 -0.86356997
v -0.35027 -0.13807 -0.86356997
v -0.40812999 -0.13807 -0.86356997
v -0.45872 -0.13807 -0.86356997
v -0.45872 -0.41438001 -0.86356997
v -0.40812999 -0.41438001 -0.86356997
v -0.45872 -0.13807 -0.86356997
v -0.45872 -0.13807 -0.95604002
v -0.45872 -0.41438001 -0.95604002
v -0.45872 -0.41438001 -0.86356997
v -0.45872 -0.13807 -0.95604002
v -0.40812999 -0.13807 -0.95604002
v -0.40812999 -0.41438001 -0.95604002
v -0.45872 -0.41438001 -0.95604002
v -0.40812999 -0.13807 -0.95604002
v -0.40812999 -0.13807 -0.86356997
v -0.40812999 -0.41438001 -0.86356997
v -0.40812999 -0.41438001 -0.95604002
v -0.40812999 -0.41438001 -0.86356997
v -0.45872 -0.41438001 -0.86356997
v -0.45872 -0.41438001 -0.95604002
v -0.40812999 -0.41438001 -0.95604002
v -0.40812999 -0.13807 -0.95604002
v -0.45872 -0.13807 -0.95604002
v -0.45872 -0.13807 -0.86356997
v -0.40812999 -0.13807 -0.86356997
v -0.46588001 -0.13807 -0.86356997
v -0.51648003 -0.13807 -0.86356997
v -0.51648003 -0.41438001 -0.86356997
v -0.46588001 -0.41438001 -0.86356997
v -0.51648003 -0.13807 -0.86356997
v -0.51648003 -0.13807 -0.95604002
v -0.51648003 -0.41438001 -0.95604002
v -0.51648003 -0.41438001 -0.86356997
v -0.51648003 -0.13807 -0.95604002
v -0.46588001 -0.13807 -0.95604002
v -0.46588001 -0.41438001 -0.95604002
v -0.51648003 -0.41438001 -0.95604002
v -0.46588001 -0.13807 -0.95604002
v -0.46588001 -0.13807 -0.86356997
v -0.46588001 -0.41438001 -0.86356997
v -0.46588001 -0.41438001 -0.95604002
v -0.46588001 -0.41438001 -0.86356997
v -0.51648003 -0.41438001 -0.86356997
v -0.51648003 -0.41438001 -0.95604002
v -0.46588001 -0.41438001 -0.95604002
v -0.46588001 -0.13807 -0.95604002
v -0.51648003 -0.13807 -0.95604002
v -0.51648003 -0.13807 -0.86356997
v -0.46588001 -0.13807 -0.86356997
v -0.51981997 -0.13807 -0.86356997
v -0.57041001 -0.13807 -0.86356997
v -0.57041001 -0.41438001 -0.86356997
v -0.51981997 -0.41438001 -0.86356997
v -0.57041001 -0.13807 -0.86356997
v -0.57041001 -0.13807 -0.95604002
v -0.57041001 -0.41438001 -0.95604002
v -0.57041001 -0.41438001 -0.86356997
v -0.57041001 -0.13807 -0.95604002
v -0.51981997 -0.13807 -0.95604002
v -0.51981997 -0.41438001 -0.95604002
v -0.57041001 -0.41438001 -0.95604002
v -0.51981997 -0.13807 -0.95604002
v -0.51981997 -0.13807 -0.86356997
v -0.51981997 -0.41438001 -0.86356997
v -0.51981997 -0.41438001 -0.95604002
v -0.51981997 -0.41438001 -0.86356997
v -0.57041001 -0.41438001 -0.86356997
v -0.57041001 -0.41438001 -0.95604002
v -0.51981997 -0.41438001 -0.95604002
v -0.51981997 -0.13807 -0.95604002
v -0.57041001 -0.13807 -0.95604002
v -0.57041001 -0.13807 -0.86356997
v -0.51981997 -0.13807 -0.86356997
v -0.00302 -0.13807 -0.86356997
v -0.05361 -0.13807 -0.86356997
v -0.05361 -0.41438001 -0.86356997
v -0.00302 -0.41438001 -0.86356997
v -0.05361 -0.13807 -0.86356997
v -0.05361 -0.13807 -0.95604002
v -0.05361 -0.41438001 -0.95604002
v -0.05361 -0.41438001 -0.86356997
v -0.05361 -0.13807 -0.95604002
v -0.00302 -0.13807 -0.95604002
v -0.00302 -0.41438001 -0.95604002
v -0.05361 -0.41438001 -0.95604002
v -0.00302 -0.13807 -0.95604002
v -0.00302 -0.13807 -0.86356997
v -0.00302 -0.41438001 -0.86356997
v -0.00302 -0.41438001 -0.95604002
v -0.00302 -0.41438001 -0.86356997
v -0.05361 -0.41438001 -0.86356997
v -0.05361 -0.41438001 -0.95604002
v -0.00302 -0.41438001 -0.95604002
v -0.00302 -0.13807 -0.95604002
v -0.05361 -0.13807 -0.95604002
v -0.05361 -0.13807 -0.86356997
v -0.00302 -0.13807 -0.86356997
v 0.05484 -0.13807 -0.86356997
v 0.00425 -0.13807 -0.86356997
v 0.00425 -0.41438001 -0.86356997
v 0.05484 -0.41438001 -0.86356997
v 0.00425 -0.13807 -0.86356997
v 0.00425 -0.13807 -0.95604002
v 0.00425 -0.41438001 -0.95604002
v 0.00425 -0.41438001 -0.86356997
v 0.00425 -0.13807 -0.95604002
v 0.05484 -0.13807 -0.95604002
v 0.05484 -0.41438001 -0.95604002
v 0.00425 -0.41438001 -0.95604002
v 0.05484 -0.13807 -0.95604002
v 0.05484 -0.13807 -0.86356997
v 0.05484 -0.41438001 -0.86356997
v 0.05484 -0.41438001 -0.95604002
v 0.05484 -0.41438001 -0.86356997
v 0.00425 -0.41438001 -0.86356997
v 0.00425 -0.41438001 -0.95604002
v 0.05484 -0.41438001 -0.95604002
v 0.05484 -0.13807 -0.95604002
v 0.00425 -0.13807 -0.95604002
v 0.00425 -0.13807 -0.86356997
v 0.05484 -0.13807 -0.86356997
v 0.13976 -0.13807 -0.86356997
v 0.06215 -0.13807 -0.86356997
v 0.06215 -0.41438001 -0.86356997
v 0.13976 -0.41438001 -0.86356997
v 0.06215 -0.13807 -0.86356997
v 0.06215 -0.13807 -0.95604002
v 0.06215 -0.41438001 -0.95604002
v 0.06215 -0.41438001 -0.86356997
v 0.06215 -0.13807 -0.95604002
v 0.13976 -0.13807 -0.95604002
v 0.13976 -0.41438001 -0.95604002
v 0.06215 -0.41438001 -0.95604002
v 0.13976 -0.13807 -0.95604002
v 0.13976 -0.13807 -0.86356997
v 0.13976 -0.41438001 -0.86356997
v 0.13976 -0.41438001 -0.95604002
v 0.13976 -0.41438001 -0.86356997
v 0.06215 -0.41438001 -0.86356997
v 0.06215 -0.41438001 -0.95604002
v 0.13976 -0.41438001 -0.95604002
v 0.13976 -0.13807 -0.95604002
v 0.06215 -0.13807 -0.95604002
v 0.06215 -0.13807 -0.86356997
v 0.13976 -0.13807 -0.86356997
v 0.57205999 -0.13807 -0.86356997
v 0.52147001 -0.13807 -0.86356997
v 0.52147001 -0.41438001 -0.86356997
v 0.57205999 -0.41438001 -0.86356997
v 0.52147001 -0.13807 -0.86356997
v 0.52147001 -0.13807 -0.95604002
v 0.52147001 -0.41438001 -0.95604002
v 0.52147001 -0.41438001 -0.86356997
v 0.52147001 -0.13807 -0.95604002
v 0.57205999 -0.13807 -0.95604002
v 0.57205999 -0.41438001 -0.95604002
v 0.52147001 -0.41438001 -0.95604002
v 0.57205999 -0.13807 -0.95604002
v 0.57205999 -0.13807 -0.86356997
v 0.57205999 -0.41438001 -0.86356997
v 0.57205999 -0.41438001 -0.95604002
v 0.57205999 -0.41438001 -0.86356997
v 0.52147001 -0.41438001 -0.86356997
v 0.52147001 -0.41438001 -0.95604002
v 0.57205999 -0.41438001 -0.95604002
v 0.57205999 -0.13807 -0.95604002
v 0.52147001 -0.13807 -0.95604002
v 0.52147001 -0.13807 -0.86356997
v 0.57205999 -0.13807 -0.86356997
v 0.51427001 -0.13807 -0.86356997
v 0.46368 -0.13807 -0.86356997
v 0.46368 -0.41438001 -0.86356997
v 0.51427001 -0.41438001 -0.86356997
v 0.46368 -0.13807 -0.86356997
v 0.46368 -0.13807 -0.95604002
v 0.46368 -0.41438001 -0.95604002
v 0.46368 -0.41438001 -0.86356997
v 0.46368 -0.13807 -0.95604002
v 0.51427001 -0.13807 -0.95604002
v 0.51427001 -0.41438001 -0.95604002
v 0.46368 -0.41438001 -0.95604002
v 0.51427001 -0.13807 -0.95604002
v 0.51427001 -0.13807 -0.86356997
v 0.51427001 -0.41438001 -0.86356997
v 0.51427001 -0.41438001 -0.95604002
v 0.51427001 -0.41438001 -0.86356997
v 0.46368 -0.41438001 -0.86356997
v 0.46368 -0.41438001 -0.95604002
v 0.51427001 -0.41438001 -0.95604002
v 0.51427001 -0.13807 -0.95604002
v 0.46368 -0.13807 -0.95604002
v 0.46368 -0.13807 -0.86356997
v 0.51427001 -0.13807 -0.86356997
v 0.46026999 -0.13807 -0.86356997
v 0.40967 -0.13807 -0.86356997
v 0.40967 -0.41438001 -0.86356997
v 0.46026999 -0.41438001 -0.86356997
v 0.40967 -0.13807 -0.86356997
v 0.40967 -0.13807 -0.95604002
v 0.40967 -0.41438001 -0.95604002
v 0.40967 -0.41438001 -0.86356997
v 0.40967 -0.13807 -0.95604002
v 0.46026999 -0.13807 -0.95604002
v 0.46026999 -0.41438001 -0.95604002
v 0.40967 -0.41438001 -0.95604002
v 0.46026999 -0.13807 -0.95604002
v 0.46026999 -0.13807 -0.86356997
v 0.46026999 -0.41438001 -0.86356997
v 0.46026999 -0.41438001 -0.95604002
v 0.46026999 -0.41438001 -0.86356997
v 0.40967 -0.41438001 -0.86356997
v 0.40967 -0.41438001 -0.95604002
v 0.46026999 -0.41438001 -0.95604002
v 0.46026999 -0.13807 -0.95604002
v 0.40967 -0.13807 -0.95604002
v 0.40967 -0.13807 -0.86356997
v 0.46026999 -0.13807 -0.86356997
v 0.40623 -0.13807 -0.86356997
v 0.35563999 -0.13807 -0.86356997
v 0.35563999 -0.41438001 -0.86356997
v 0.40623 -0.41438001 -0.86356997
v 0.35563999 -0.13807 -0.86356997
v 0.35563999 -0.13807 -0.95604002
v 0.35563999 -0.41438001 -0.95604002
v 0.35563999 -0.41438001 -0.86356997
v 0.35563999 -0.13807 -0.95604002
v 0.40623 -0.13807 -0.95604002
v 0.40623 -0.41438001 -0.95604002
v 0.35563999 -0.41438001 -0.95604002
v 0.40623 -0.13807 -0.95604002
v 0.40623 -0.13807 -0.86356997
v 0.40623 -0.41438001 -0.86356997
v 0.40623 -0.41438001 -0.95604002
v 0.40623 -0.41438001 -0.86356997
v 0.35563999 -0.41438001 -0.86356997
v 0.35563999 -0.41438001 -0.95604002
v 0.40623 -0.41438001 -0.95604002
v 0.40623 -0.13807 -0.95604002
v 0.35563999 -0.13807 -0.95604002
v 0.35563999 -0.13807 -0.86356997
v 0.40623 -0.13807 -0.86356997
v 0.84568 -0.13807 -0.86356997
v 0.79509002 -0.13807 -0.86356997
v 0.79509002 -0.41438001 -0.86356997
v 0.84568 -0.41438001 -0.86356997
v 0.79509002 -0.13807 -0.86356997
v 0.79509002 -0.13807 -0.95604002
v 0.79509002 -0.41438001 -0.95604002
v 0.79509002 -0.41438001 -0.86356997
v 0.79509002 -0.13807 -0.95604002
v 0.84568 -0.13807 -0.95604002
v 0.84568 -0.41438001 -0.95604002
v 0.79509002 -0.41438001 -0.95604002
v 0.84568 -0.13807 -0.95604002
v 0.84568 -0.13807 -0.86356997
v 0.84568 -0.41438001 -0.86356997
v 0.84568 -0.41438001 -0.95604002
v 0.84568 -0.41438001 -0.86356997
v 0.79509002 -0.41438001 -0.86356997
v 0.79509002 -0.41438001 -0.95604002
v 0.84568 -0.41438001 -0.95604002
v 0.84568 -0.13807 -0.95604002
v 0.79509002 -0.13807 -0.95604002
v 0.79509002 -0.13807 -0.86356997
v 0.84568 -0.13807 -0.86356997
v 1.17337 -1.10868001 -0.83945
v 1.14034998 -1.10868001 -0.83945
v -0.14366999 -0.90691 0.05951
v -0.1293 -0.90691 0.0864
v -0.31075999 -0.82652998 0.20764001
v -0.34529001 -0.82652998 0.14302
v 0 -1.17576003 -0.14305
v 0 -0.90691 -0.15550999
v 0.03034 -0.90691 -0.15252
v 0.02791 -1.17576003 -0.14030001
v -0.05951 -0.90691 -0.14366999
v -0.0864 -0.90691 -0.1293
v -0.20764001 -0.82652998 -0.31075999
v -0.14302 -0.82652998 -0.34529001
v 0.05951 -0.90691 -0.14366999
v 0.05474 -1.17576003 -0.13215999
v 0.0864 -0.90691 -0.1293
v 0.05951 -0.90691 -0.14366999
v 0.14303 -0.82652998 -0.34529001
v 0.20764001 -0.82652998 -0.31075999
v 0.0864 -0.90691 -0.1293
v 0.07947 -1.17576003 -0.11894
v 0.1293 -0.90691 0.0864
v 0.14366999 -0.90691 0.05951
v 0.34529001 -0.82652998 0.14302
v 0.31075999 -0.82652998 0.20764001
v 0.10996 -0.90691 -0.10996
v 0.10115 -1.17576003 -0.10115
v -0.0864 -0.90691 0.1293
v -0.05951 -0.90691 0.14366999
v -0.14303 -0.82652998 0.34529001
v -0.20764001 -0.82652998 0.31075999
v 0.10115 -1.17576003 -0.10115
v 0.10996 -0.90691 -0.10996
v 0.1293 -0.90691 -0.0864
v 0.11894 -1.17576003 -0.07947
v -0.1293 -0.90691 -0.0864
v -0.14366999 -0.90691 -0.05951
v -0.34529001 -0.82652998 -0.14303
v -0.31075999 -0.82652998 -0.20764001
v 0.14366999 -0.90691 -0.05951
v 0.13215999 -1.17576003 -0.05474
v 0.15550999 -0.90691 -0
v 0.15252 -0.90691 -0.03034
v 0.36656001 -0.82652998 -0.07291
v 0.37373999 -0.82652998 -0
v 0.15252 -0.90691 -0.03034
v 0.14030001 -1.17576003 -0.02791
v 0 -0.90691 0.15550999
v 0.03034 -0.90691 0.15252
v 0.07291 -0.82652998 0.36656001
v 0 -0.82652998 0.37373999
v 0.15550999 -0.90691 -0
v 0.14305 -1.17576003 -0
v -0.15550999 -0.90691 -0
v -0.15252 -0.90691 0.03034
v -0.36656001 -0.82652998 0.07291
v -0.37373999 -0.82652998 -0
v 0.15252 -0.90691 0.03034
v 0.14030001 -1.17576003 0.02791
v 0.1293 -0.90691 -0.0864
v 0.10996 -0.90691 -0.10996
v 0.26427999 -0.82652998 -0.26427999
v 0.31075999 -0.82652998 -0.20764001
v 0.14366999 -0.90691 0.05951
v 0.13215999 -1.17576003 0.05474
v 0.0864 -0.90691 0.1293
v 0.10996 -0.90691 0.10996
v 0.26427999 -0.82652998 0.26427999
v 0.20764001 -0.82652998 0.31075999
v 0.1293 -0.90691 0.0864
v 0.11894 -1.17576003 0.07947
v -0.10996 -0.90691 0.10996
v -0.26427999 -0.82652998 0.26427999
v 0.10996 -0.90691 0.10996
v 0.10115 -1.17576003 0.10115
v -0.10996 -0.90691 -0.10996
v -0.26427999 -0.82652998 -0.26427999
v 0.10115 -1.17576003 0.10115
v 0.10996 -0.90691 0.10996
v 0.0864 -0.90691 0.1293
v 0.07947 -1.17576003 0.11894
v 0 -0.90691 -0.15550999
v -0.03034 -0.90691 -0.15252
v -0.07291 -0.82652998 -0.36656001
v 0 -0.82652998 -0.37373999
v 0.05951 -0.90691 0.14366999
v 0.05474 -1.17576003 0.13215999
v 0.03034 -0.90691 -0.15252
v 0.07291 -0.82652998 -0.36656001
v 0.03034 -0.90691 0.15252
v 0.02791 -1.17576003 0.14030001
v 0.15252 -0.90691 0.03034
v 0.36656001 -0.82652998 0.07291
v 0 -0.90691 0.15550999
v 0 -1.17576003 0.14305
v -0.03034 -0.90691 0.15252
v -0.07291 -0.82652998 0.36656001
v -0.03034 -0.90691 0.15252
v -0.02791 -1.17576003 0.14030001
v -0.15252 -0.90691 -0.03034
v -0.36656001 -0.82652998 -0.07291
v -0.05951 -0.90691 0.14366999
v -0.05474 -1.17576003 0.13215999
v 0.14366999 -0.90691 -0.05951
v 0.34529001 -0.82652998 -0.14303
v -0.0864 -0.90691 0.1293
v -0.07947 -1.17576003 0.11894
v 0.05951 -0.90691 0.14366999
v 0.14303 -0.82652998 0.34529001
v -0.10996 -0.90691 0.10996
v -0.10115 -1.17576003 0.10115
v -0.10115 -1.17576003 0.10115
v -0.10996 -0.90691 0.10996
v -0.1293 -0.90691 0.0864
v -0.11894 -1.17576003 0.07947
v -0.14366999 -0.90691 0.05951
v -0.13215999 -1.17576003 0.05474
v -0.15252 -0.90691 0.03034
v -0.14030001 -1.17576003 0.02791
v 0.25646999 -0.96737999 -0.09319
v 0.25646999 -0.96737999 -0.13812
v 0.20743001 -0.96737999 -0.13812
v 0.20743001 -0.96737999 -0.09319
v -0.15550999 -0.90691 -0
v -0.14305 -1.17576003 -0
v 0.25646999 -0.98403001 0.09319
v 0.25646999 -0.98403001 0.13812
v 0.25646999 -1.13644004 0.13812
v 0.25646999 -1.13644004 0.09319
v -0.15252 -0.90691 -0.03034
v -0.14030001 -1.17576003 -0.02791
v 0.25646999 -0.96737999 0.13812
v 0.20743001 -0.96737999 0.13812
v 0.20743001 -0.98403001 0.13812
v 0.25646999 -0.98403001 0.13812
v -0.14366999 -0.90691 -0.05951
v -0.13215999 -1.17576003 -0.05474
v 0.48367 -0.96737999 0.09319
v 0.48367 -0.96737999 0.13812
v 0.48367 -0.98403001 0.13812
v 0.48367 -0.98403001 0.09319
v -0.1293 -0.90691 -0.0864
v -0.11894 -1.17576003 -0.07947
v 0.43463001 -0.96737999 -0.13812
v 0.48367 -0.96737999 -0.13812
v 0.48367 -0.98403001 -0.13812
v 0.43463001 -0.98403001 -0.13812
v -0.10996 -0.90691 -0.10996
v -0.10115 -1.17576003 -0.10115
v 0.20743001 -0.96737999 -0.09319
v 0.20743001 -0.96737999 -0.13812
v 0.20743001 -0.98403001 -0.13812
v 0.20743001 -0.98403001 -0.09319
v -0.10115 -1.17576003 -0.10115
v -0.10996 -0.90691 -0.10996
v -0.0864 -0.90691 -0.1293
v -0.07947 -1.17576003 -0.11894
v -0.05951 -0.90691 -0.14366999
v -0.05474 -1.17576003 -0.13215999
v -0.02791 -1.17576003 -0.14030001
v -0.03034 -0.90691 -0.15252
v 0.20743001 -0.96737999 -0.13812
v 0.25646999 -0.96737999 -0.13812
v 0.25646999 -0.98403001 -0.13812
v 0.20743001 -0.98403001 -0.13812
v 0.48367 -0.96737999 0.13812
v 0.43463001 -0.96737999 0.13812
v 0.43463001 -0.98403001 0.13812
v 0.48367 -0.98403001 0.13812
v 0.48367 -0.98403001 -0.13812
v 0.48367 -0.98403001 -0.09319
v 0.48367 -1.13644004 -0.09319
v 0.48367 -1.13644004 -0.13812
v 0.25646999 -0.98403001 -0.09319
v 0.25646999 -0.98403001 -0.13812
v 0.43463001 -0.98403001 -0.13812
v 0.43463001 -0.98403001 -0.09319
v 0.48367 -0.76621997 -0.09319
v 0.48367 -0.76621997 -0.13812
v 0.48367 -0.70874 -0.13812
v 0.48367 -0.70874 -0.09319
v 0.43463001 -0.96737999 -0.09319
v 0.43463001 -0.96737999 -0.13812
v 0.43463001 -0.96737999 0.13812
v 0.43463001 -0.96737999 0.09319
v 0.25646999 -0.96737999 0.09319
v 0.25646999 -0.96737999 0.13812
v 0.48367 -0.70874 -0.09319
v 0.43463001 -0.70874 -0.09319
v 0.43463001 -0.70874 0.09616
v 0.48367 -0.70874 0.09616
v 0.48367 -0.96737999 0.09319
v 0.48367 -0.96737999 -0.09319
v 0.25646999 -0.98403001 0.13812
v 0.25646999 -0.98403001 0.09319
v 0.43463001 -0.98403001 0.09319
v 0.43463001 -0.98403001 0.13812
v 0.43463001 -0.98403001 -0.09319
v 0.43463001 -0.98403001 -0.13812
v 0.43463001 -1.13644004 -0.13812
v 0.43463001 -1.13644004 -0.09319
v 0.20743001 -0.98403001 0.09319
v 0.20743001 -0.98403001 -0.09319
v 0.20743001 -0.96737999 0.13812
v 0.20743001 -0.96737999 0.09319
v 0.20743001 -0.98403001 0.09319
v 0.20743001 -0.98403001 0.13812
v 0.48367 -0.96737999 -0.13812
v 0.48367 -0.96737999 -0.09319
v 0.20743001 -1.13644004 -0.13812
v 0.20743001 -1.13644004 -0.09319
v 0.48367 -0.98403001 -0.09319
v 0.48367 -0.98403001 0.09319
v 0.20743001 -0.96737999 0.09319
v 0.20743001 -0.96737999 0.13812
v 0.13405 -1.13644004 0.49169999
v 0.13405 -1.13644004 0.54074001
v 0.13405 -1.17284 0.54074001
v 0.13405 -1.17284 0.49169999
v 0.14571001 -1.13644004 -0.51545
v 0.14571001 -1.13644004 -0.46641001
v 0.14571001 -1.17284 -0.46641001
v 0.14571001 -1.17284 -0.51545
v 0.43463001 -1.13644004 -0.13812
v 0.48367 -1.13644004 -0.13812
v 0.48367 -1.17284 -0.13812
v 0.43463001 -1.17284 -0.13812
v -0.14218999 -1.13644004 0.54074001
v -0.14218999 -1.13644004 0.49169999
v -0.14218999 -1.17284 0.49169999
v -0.14218999 -1.17284 0.54074001
v 0.43463001 -0.98403001 0.13812
v 0.43463001 -0.98403001 0.09319
v 0.43463001 -1.13644004 0.09319
v 0.43463001 -1.13644004 0.13812
v 0.20743001 -1.13644004 0.09319
v 0.20743001 -1.13644004 0.13812
v 0.20743001 -1.13644004 0.13812
v 0.25646999 -1.13644004 0.13812
v 0.43463001 -1.13644004 0.13812
v 0.48367 -1.13644004 0.13812
v 0.43463001 -0.98403001 0.09319
v 0.48367 -0.98403001 0.09319
v 0.48367 -1.13644004 0.09319
v 0.43463001 -1.13644004 0.09319
v 0.48367 -1.13644004 0.13812
v 0.48367 -1.13644004 0.09319
v 0.48367 -0.98403001 -0.09319
v 0.43463001 -0.98403001 -0.09319
v 0.43463001 -1.13644004 -0.09319
v 0.48367 -1.13644004 -0.09319
v 0.20743001 -0.98403001 0.09319
v 0.25646999 -0.98403001 0.09319
v 0.25646999 -1.13644004 0.09319
v 0.20743001 -1.13644004 0.09319
v 0.25646999 -1.13644004 -0.13812
v 0.20743001 -1.13644004 -0.13812
v 0.25646999 -0.98403001 -0.13812
v 0.25646999 -0.98403001 -0.09319
v 0.25646999 -1.13644004 -0.09319
v 0.25646999 -1.13644004 -0.13812
v 0.25646999 -0.98403001 -0.09319
v 0.20743001 -0.98403001 -0.09319
v 0.20743001 -1.13644004 -0.09319
v 0.25646999 -1.13644004 -0.09319
v 0.48367 -0.70874 -0.13812
v 0.43463001 -0.70874 -0.13812
v 0.48367 -0.70874 0.13812
v 0.48367 -0.70874 0.09319
v 0.43463001 -0.70874 0.09319
v 0.43463001 -0.70874 0.13812
v 0.48367 -0.76621997 -0.13812
v 0.43463001 -0.76621997 -0.13812
v 0.43463001 -0.70874 -0.13812
v 0.48367 -0.70874 -0.13812
v 0.43463001 -0.96737999 0.09319
v 0.43463001 -0.96737999 0.13812
v 0.43463001 -0.70874 0.13812
v 0.43463001 -0.70874 0.09319
v 0.48367 -0.96737999 0.09319
v 0.43463001 -0.96737999 0.09319
v 0.43463001 -0.70874 0.09319
v 0.48367 -0.70874 0.09319
v 0.43463001 -0.76621997 -0.13812
v 0.43463001 -0.76621997 -0.09319
v 0.43463001 -0.70874 -0.09319
v 0.43463001 -0.70874 -0.13812
v 0.48367 -0.70874 0.09319
v 0.48367 -0.70874 0.13812
v 0.48367 -0.70874 0.13812
v 0.43463001 -0.70874 0.13812
v 0.43463001 -0.83327001 -0.13812
v 0.43463001 -0.83327001 -0.09319
v 0.48367 -0.83327001 -0.13812
v 0.43463001 -0.83327001 -0.13812
v 0.43463001 -0.83327001 -0.09319
v 0.48367 -0.83327001 -0.09319
v 0.48367 -0.76621997 -0.09319
v 0.43463001 -0.76621997 -0.09319
v 0.48367 -0.83327001 -0.09319
v 0.48367 -0.83327001 -0.13812
v 0.43463001 -0.76621997 0.09616
v 0.48367 -0.76621997 0.09616
v 0.48367 -0.70874 0.09616
v 0.43463001 -0.70874 0.09616
v 0.48367 -0.70874 0.09616
v 0.48367 -0.76621997 0.09616
v 0.43463001 -0.76621997 0.09616
v 0.43463001 -0.70874 0.09616
v 0.43463001 -0.76621997 -0.09319
v 0.48367 -0.76621997 -0.09319
v 0.48367 -0.76621997 0.09616
v 0.43463001 -0.76621997 0.09616
v 0.48367 -0.90031999 -0.13812
v 0.48367 -0.90031999 -0.09319
v 0.43463001 -0.96737999 -0.09319
v 0.48367 -0.96737999 -0.09319
v 0.48367 -0.90031999 -0.09319
v 0.43463001 -0.90031999 -0.09319
v 0.48367 -0.83327001 -0.09319
v 0.43463001 -0.83327001 -0.09319
v 0.43463001 -0.83327001 0.09616
v 0.48367 -0.83327001 0.09616
v 0.43463001 -0.90031999 -0.13812
v 0.48367 -0.90031999 -0.13812
v 0.43463001 -0.96737999 -0.13812
v 0.43463001 -0.96737999 -0.09319
v 0.43463001 -0.90031999 -0.09319
v 0.43463001 -0.90031999 -0.13812
v 0.43463001 -0.90031999 0.09616
v 0.48367 -0.90031999 0.09616
v 0.48367 -0.83327001 0.09616
v 0.43463001 -0.83327001 0.09616
v 0.48367 -0.83327001 0.09616
v 0.48367 -0.90031999 0.09616
v 0.43463001 -0.90031999 0.09616
v 0.43463001 -0.83327001 0.09616
v 0.43463001 -0.90031999 -0.09319
v 0.48367 -0.90031999 -0.09319
v 0.48367 -0.90031999 0.09616
v 0.43463001 -0.90031999 0.09616
v 0.08912 -0.96737999 0.31354001
v 0.13405 -0.96737999 0.31354001
v 0.13405 -0.96737999 0.26449001
v 0.08912 -0.96737999 0.26449001
v -0.09726 -0.98403001 0.31354001
v -0.14218999 -0.98403001 0.31354001
v -0.14218999 -1.13644004 0.31354001
v -0.09726 -1.13644004 0.31354001
v -0.14218999 -0.96737999 0.31354001
v -0.14218999 -0.96737999 0.26449001
v -0.14218999 -0.98403001 0.26449001
v -0.14218999 -0.98403001 0.31354001
v -0.09726 -0.96737999 0.54074001
v -0.14218999 -0.96737999 0.54074001
v -0.14218999 -0.98403001 0.54074001
v -0.09726 -0.98403001 0.54074001
v 0.13405 -0.96737999 0.49169999
v 0.13405 -0.96737999 0.54074001
v 0.13405 -0.98403001 0.54074001
v 0.13405 -0.98403001 0.49169999
v 0.08912 -0.96737999 0.26449001
v 0.13405 -0.96737999 0.26449001
v 0.13405 -0.98403001 0.26449001
v 0.08912 -0.98403001 0.26449001
v 0.13405 -0.96737999 0.26449001
v 0.13405 -0.96737999 0.31354001
v 0.13405 -0.98403001 0.31354001
v 0.13405 -0.98403001 0.26449001
v -0.14218999 -0.96737999 0.54074001
v -0.14218999 -0.96737999 0.49169999
v -0.14218999 -0.98403001 0.49169999
v -0.14218999 -0.98403001 0.54074001
v 0.13405 -0.98403001 0.54074001
v 0.08912 -0.98403001 0.54074001
v 0.08912 -1.13644004 0.54074001
v 0.13405 -1.13644004 0.54074001
v 0.08912 -0.98403001 0.31354001
v 0.13405 -0.98403001 0.31354001
v 0.13405 -0.98403001 0.49169999
v 0.08912 -0.98403001 0.49169999
v 0.08912 -0.76621997 0.54074001
v 0.13405 -0.76621997 0.54074001
v 0.13405 -0.70874 0.54074001
v 0.08912 -0.70874 0.54074001
v 0.08912 -0.96737999 0.49169999
v 0.13405 -0.96737999 0.49169999
v -0.14218999 -0.96737999 0.49169999
v -0.09726 -0.96737999 0.49169999
v -0.09726 -0.96737999 0.31354001
v -0.14218999 -0.96737999 0.31354001
v 0.08912 -0.70874 0.54074001
v 0.08912 -0.70874 0.49169999
v -0.10023 -0.70874 0.49169999
v -0.10023 -0.70874 0.54074001
v -0.09726 -0.96737999 0.54074001
v 0.08912 -0.96737999 0.54074001
v -0.14218999 -0.98403001 0.31354001
v -0.09726 -0.98403001 0.31354001
v -0.09726 -0.98403001 0.49169999
v -0.14218999 -0.98403001 0.49169999
v 0.08912 -0.98403001 0.49169999
v 0.13405 -0.98403001 0.49169999
v 0.13405 -1.13644004 0.49169999
v 0.08912 -1.13644004 0.49169999
v -0.09726 -0.98403001 0.26449001
v 0.08912 -0.98403001 0.26449001
v -0.14218999 -0.96737999 0.26449001
v -0.09726 -0.96737999 0.26449001
v -0.09726 -0.98403001 0.26449001
v -0.14218999 -0.98403001 0.26449001
v 0.13405 -0.96737999 0.54074001
v 0.08912 -0.96737999 0.54074001
v 0.13405 -1.13644004 0.26449001
v 0.08912 -1.13644004 0.26449001
v 0.08912 -0.98403001 0.54074001
v -0.09726 -0.98403001 0.54074001
v -0.09726 -0.96737999 0.26449001
v -0.14218999 -0.96737999 0.26449001
v -0.13053 -1.13644004 -0.51545
v -0.0856 -1.13644004 -0.51545
v -0.0856 -1.17284 -0.51545
v -0.13053 -1.17284 -0.51545
v 0.43463001 -1.17284 0.13812
v 0.48367 -1.17284 0.13812
v -0.0856 -1.13644004 -0.51545
v -0.0856 -1.13644004 -0.46641001
v -0.0856 -1.17284 -0.46641001
v -0.0856 -1.17284 -0.51545
v 0.08912 -1.17284 0.54074001
v 0.13405 -1.17284 0.54074001
v -0.14218999 -0.98403001 0.49169999
v -0.09726 -0.98403001 0.49169999
v -0.09726 -1.13644004 0.49169999
v -0.14218999 -1.13644004 0.49169999
v -0.09726 -1.13644004 0.26449001
v -0.14218999 -1.13644004 0.26449001
v -0.14218999 -1.13644004 0.26449001
v -0.14218999 -1.13644004 0.31354001
v -0.09726 -0.98403001 0.49169999
v -0.09726 -0.98403001 0.54074001
v -0.09726 -1.13644004 0.54074001
v -0.09726 -1.13644004 0.49169999
v -0.14218999 -1.13644004 0.54074001
v -0.09726 -1.13644004 0.54074001
v 0.08912 -0.98403001 0.54074001
v 0.08912 -0.98403001 0.49169999
v 0.08912 -1.13644004 0.49169999
v 0.08912 -1.13644004 0.54074001
v -0.09726 -0.98403001 0.26449001
v -0.09726 -0.98403001 0.31354001
v -0.09726 -1.13644004 0.31354001
v -0.09726 -1.13644004 0.26449001
v 0.13405 -1.13644004 0.31354001
v 0.13405 -1.13644004 0.26449001
v 0.13405 -0.98403001 0.31354001
v 0.08912 -0.98403001 0.31354001
v 0.08912 -1.13644004 0.31354001
v 0.13405 -1.13644004 0.31354001
v 0.08912 -0.98403001 0.31354001
v 0.08912 -0.98403001 0.26449001
v 0.08912 -1.13644004 0.26449001
v 0.08912 -1.13644004 0.31354001
v 0.13405 -0.70874 0.54074001
v 0.13405 -0.70874 0.49169999
v -0.14218999 -0.70874 0.54074001
v -0.09726 -0.70874 0.54074001
v -0.09726 -0.70874 0.49169999
v -0.14218999 -0.70874 0.49169999
v 0.13405 -0.76621997 0.54074001
v 0.13405 -0.76621997 0.49169999
v 0.13405 -0.70874 0.49169999
v 0.13405 -0.70874 0.54074001
v -0.09726 -0.96737999 0.49169999
v -0.14218999 -0.96737999 0.49169999
v -0.14218999 -0.70874 0.49169999
v -0.09726 -0.70874 0.49169999
v -0.09726 -0.96737999 0.54074001
v -0.09726 -0.96737999 0.49169999
v -0.09726 -0.70874 0.49169999
v -0.09726 -0.70874 0.54074001
v 0.13405 -0.76621997 0.49169999
v 0.08912 -0.76621997 0.49169999
v 0.08912 -0.70874 0.49169999
v 0.13405 -0.70874 0.49169999
v -0.09726 -0.70874 0.54074001
v -0.14218999 -0.70874 0.54074001
v -0.14218999 -0.70874 0.54074001
v -0.14218999 -0.70874 0.49169999
v 0.13405 -0.83327001 0.49169999
v 0.08912 -0.83327001 0.49169999
v 0.13405 -0.83327001 0.54074001
v 0.13405 -0.83327001 0.49169999
v 0.08912 -0.83327001 0.49169999
v 0.08912 -0.83327001 0.54074001
v 0.08912 -0.76621997 0.54074001
v 0.08912 -0.76621997 0.49169999
v 0.08912 -0.83327001 0.54074001
v 0.13405 -0.83327001 0.54074001
v -0.10023 -0.76621997 0.49169999
v -0.10023 -0.76621997 0.54074001
v -0.10023 -0.70874 0.54074001
v -0.10023 -0.70874 0.49169999
v -0.10023 -0.70874 0.54074001
v -0.10023 -0.76621997 0.54074001
v -0.10023 -0.76621997 0.49169999
v -0.10023 -0.70874 0.49169999
v 0.08912 -0.76621997 0.49169999
v 0.08912 -0.76621997 0.54074001
v -0.10023 -0.76621997 0.54074001
v -0.10023 -0.76621997 0.49169999
v 0.13405 -0.90031999 0.54074001
v 0.08912 -0.90031999 0.54074001
v 0.08912 -0.96737999 0.49169999
v 0.08912 -0.96737999 0.54074001
v 0.08912 -0.90031999 0.54074001
v 0.08912 -0.90031999 0.49169999
v 0.08912 -0.83327001 0.54074001
v 0.08912 -0.83327001 0.49169999
v -0.10023 -0.83327001 0.49169999
v -0.10023 -0.83327001 0.54074001
v 0.13405 -0.90031999 0.49169999
v 0.13405 -0.90031999 0.54074001
v 0.13405 -0.96737999 0.49169999
v 0.08912 -0.96737999 0.49169999
v 0.08912 -0.90031999 0.49169999
v 0.13405 -0.90031999 0.49169999
v -0.10023 -0.90031999 0.49169999
v -0.10023 -0.90031999 0.54074001
v -0.10023 -0.83327001 0.54074001
v -0.10023 -0.83327001 0.49169999
v -0.10023 -0.83327001 0.54074001
v -0.10023 -0.90031999 0.54074001
v -0.10023 -0.90031999 0.49169999
v -0.10023 -0.83327001 0.49169999
v 0.08912 -0.90031999 0.49169999
v 0.08912 -0.90031999 0.54074001
v -0.10023 -0.90031999 0.54074001
v -0.10023 -0.90031999 0.49169999
v -0.0856 -0.96737999 -0.28825
v -0.13053 -0.96737999 -0.28825
v -0.13053 -0.96737999 -0.23920999
v -0.0856 -0.96737999 -0.23920999
v 0.10078 -0.98403001 -0.28825
v 0.14571001 -0.98403001 -0.28825
v 0.14571001 -1.13644004 -0.28825
v 0.10078 -1.13644004 -0.28825
v 0.14571001 -0.96737999 -0.28825
v 0.14571001 -0.96737999 -0.23920999
v 0.14571001 -0.98403001 -0.23920999
v 0.14571001 -0.98403001 -0.28825
v 0.10078 -0.96737999 -0.51545
v 0.14571001 -0.96737999 -0.51545
v 0.14571001 -0.98403001 -0.51545
v 0.10078 -0.98403001 -0.51545
v -0.13053 -0.96737999 -0.46641001
v -0.13053 -0.96737999 -0.51545
v -0.13053 -0.98403001 -0.51545
v -0.13053 -0.98403001 -0.46641001
v -0.0856 -0.96737999 -0.23920999
v -0.13053 -0.96737999 -0.23920999
v -0.13053 -0.98403001 -0.23920999
v -0.0856 -0.98403001 -0.23920999
v -0.13053 -0.96737999 -0.23920999
v -0.13053 -0.96737999 -0.28825
v -0.13053 -0.98403001 -0.28825
v -0.13053 -0.98403001 -0.23920999
v 0.14571001 -0.96737999 -0.51545
v 0.14571001 -0.96737999 -0.46641001
v 0.14571001 -0.98403001 -0.46641001
v 0.14571001 -0.98403001 -0.51545
v -0.13053 -0.98403001 -0.51545
v -0.0856 -0.98403001 -0.51545
v -0.0856 -0.98403001 -0.28825
v -0.13053 -0.98403001 -0.28825
v -0.13053 -0.98403001 -0.46641001
v -0.0856 -0.98403001 -0.46641001
v -0.0856 -0.76621997 -0.51545
v -0.13053 -0.76621997 -0.51545
v -0.13053 -0.70874 -0.51545
v -0.0856 -0.70874 -0.51545
v -0.0856 -0.96737999 -0.46641001
v -0.13053 -0.96737999 -0.46641001
v 0.14571001 -0.96737999 -0.46641001
v 0.10078 -0.96737999 -0.46641001
v 0.10078 -0.96737999 -0.28825
v 0.14571001 -0.96737999 -0.28825
v -0.0856 -0.70874 -0.51545
v -0.0856 -0.70874 -0.46641001
v 0.10375 -0.70874 -0.46641001
v 0.10375 -0.70874 -0.51545
v 0.10078 -0.96737999 -0.51545
v -0.0856 -0.96737999 -0.51545
v 0.14571001 -0.98403001 -0.28825
v 0.10078 -0.98403001 -0.28825
v 0.10078 -0.98403001 -0.46641001
v 0.14571001 -0.98403001 -0.46641001
v -0.0856 -0.98403001 -0.46641001
v -0.13053 -0.98403001 -0.46641001
v -0.13053 -1.13644004 -0.46641001
v -0.0856 -1.13644004 -0.46641001
v 0.10078 -0.98403001 -0.23920999
v -0.0856 -0.98403001 -0.23920999
v 0.14571001 -0.96737999 -0.23920999
v 0.10078 -0.96737999 -0.23920999
v 0.10078 -0.98403001 -0.23920999
v 0.14571001 -0.98403001 -0.23920999
v -0.13053 -0.96737999 -0.51545
v -0.0856 -0.96737999 -0.51545
v -0.13053 -1.13644004 -0.23920999
v -0.0856 -1.13644004 -0.23920999
v -0.0856 -0.98403001 -0.51545
v 0.10078 -0.98403001 -0.51545
v 0.10078 -0.96737999 -0.23920999
v 0.14571001 -0.96737999 -0.23920999
v 0.08912 -1.17284 0.49169999
v 0.08912 -1.17284 0.54074001
v -0.13053 -1.13644004 -0.23920999
v -0.13053 -1.13644004 -0.28825
v -0.13053 -1.17284 -0.28825
v -0.13053 -1.17284 -0.23920999
v 0.48367 -1.17284 -0.09319
v 0.48367 -1.17284 -0.13812
v 0.10078 -1.13644004 -0.46641001
v 0.10078 -1.13644004 -0.51545
v 0.10078 -1.17284 -0.51545
v 0.10078 -1.17284 -0.46641001
v 0.14571001 -0.98403001 -0.46641001
v 0.10078 -0.98403001 -0.46641001
v 0.10078 -1.13644004 -0.46641001
v 0.14571001 -1.13644004 -0.46641001
v 0.10078 -1.13644004 -0.23920999
v 0.14571001 -1.13644004 -0.23920999
v 0.14571001 -1.13644004 -0.23920999
v 0.14571001 -1.13644004 -0.28825
v 0.10078 -0.98403001 -0.46641001
v 0.10078 -0.98403001 -0.51545
v 0.14571001 -1.13644004 -0.51545
v 0.10078 -1.13644004 -0.51545
v -0.0856 -0.98403001 -0.51545
v -0.0856 -0.98403001 -0.46641001
v 0.10078 -0.98403001 -0.23920999
v 0.10078 -0.98403001 -0.28825
v 0.10078 -1.13644004 -0.28825
v 0.10078 -1.13644004 -0.23920999
v -0.13053 -0.98403001 -0.28825
v -0.0856 -0.98403001 -0.28825
v -0.0856 -1.13644004 -0.28825
v -0.13053 -1.13644004 -0.28825
v -0.0856 -0.98403001 -0.28825
v -0.0856 -0.98403001 -0.23920999
v -0.0856 -1.13644004 -0.23920999
v -0.0856 -1.13644004 -0.28825
v -0.13053 -1.13644004 -0.51545
v -0.13053 -1.13644004 -0.46641001
v -0.13053 -0.70874 -0.51545
v -0.13053 -0.70874 -0.46641001
v 0.14571001 -0.70874 -0.51545
v 0.10078 -0.70874 -0.51545
v 0.10078 -0.70874 -0.46641001
v 0.14571001 -0.70874 -0.46641001
v -0.13053 -0.76621997 -0.51545
v -0.13053 -0.76621997 -0.46641001
v -0.13053 -0.70874 -0.46641001
v -0.13053 -0.70874 -0.51545
v 0.10078 -0.96737999 -0.46641001
v 0.14571001 -0.96737999 -0.46641001
v 0.14571001 -0.70874 -0.46641001
v 0.10078 -0.70874 -0.46641001
v 0.10078 -0.96737999 -0.51545
v 0.10078 -0.96737999 -0.46641001
v 0.10078 -0.70874 -0.46641001
v 0.10078 -0.70874 -0.51545
v -0.13053 -0.76621997 -0.46641001
v -0.0856 -0.76621997 -0.46641001
v -0.0856 -0.70874 -0.46641001
v -0.13053 -0.70874 -0.46641001
v 0.10078 -0.70874 -0.51545
v 0.14571001 -0.70874 -0.51545
v 0.14571001 -0.70874 -0.51545
v 0.14571001 -0.70874 -0.46641001
v -0.13053 -0.83327001 -0.46641001
v -0.0856 -0.83327001 -0.46641001
v -0.13053 -0.83327001 -0.51545
v -0.13053 -0.83327001 -0.46641001
v -0.0856 -0.83327001 -0.46641001
v -0.0856 -0.83327001 -0.51545
v -0.0856 -0.76621997 -0.51545
v -0.0856 -0.76621997 -0.46641001
v -0.0856 -0.83327001 -0.51545
v -0.13053 -0.83327001 -0.51545
v 0.10375 -0.76621997 -0.46641001
v 0.10375 -0.76621997 -0.51545
v 0.10375 -0.70874 -0.51545
v 0.10375 -0.70874 -0.46641001
v 0.10375 -0.70874 -0.51545
v 0.10375 -0.76621997 -0.51545
v 0.10375 -0.76621997 -0.46641001
v 0.10375 -0.70874 -0.46641001
v -0.0856 -0.76621997 -0.46641001
v -0.0856 -0.76621997 -0.51545
v 0.10375 -0.76621997 -0.51545
v 0.10375 -0.76621997 -0.46641001
v -0.13053 -0.90031999 -0.51545
v -0.0856 -0.90031999 -0.51545
v -0.0856 -0.96737999 -0.46641001
v -0.0856 -0.96737999 -0.51545
v -0.0856 -0.90031999 -0.51545
v -0.0856 -0.90031999 -0.46641001
v -0.0856 -0.83327001 -0.51545
v -0.0856 -0.83327001 -0.46641001
v 0.10375 -0.83327001 -0.46641001
v 0.10375 -0.83327001 -0.51545
v -0.13053 -0.90031999 -0.46641001
v -0.13053 -0.90031999 -0.51545
v -0.13053 -0.96737999 -0.46641001
v -0.0856 -0.96737999 -0.46641001
v -0.0856 -0.90031999 -0.46641001
v -0.13053 -0.90031999 -0.46641001
v 0.10375 -0.90031999 -0.46641001
v 0.10375 -0.90031999 -0.51545
v 0.10375 -0.83327001 -0.51545
v 0.10375 -0.83327001 -0.46641001
v 0.10375 -0.83327001 -0.51545
v 0.10375 -0.90031999 -0.51545
v 0.10375 -0.90031999 -0.46641001
v 0.10375 -0.83327001 -0.46641001
v -0.0856 -0.90031999 -0.46641001
v -0.0856 -0.90031999 -0.51545
v 0.10375 -0.90031999 -0.51545
v 0.10375 -0.90031999 -0.46641001
v -0.83732003 -0.08456 0.33827001
v -0.83732003 -0.08456 0.29710001
v -0.83732003 0.20189001 0.29710001
v -0.83732003 0.20189001 0.33827001
v -0.91152 -0.08456 0.29710001
v -0.91152 0.20189001 0.29710001
v -0.83732003 0.20189001 0.29710001
v -0.83732003 -0.08456 0.29710001
v -0.83972001 0.23559 0.33827001
v -0.83972001 0.23559 0.29710001
v -0.83972001 0.52765 0.29710001
v -0.83972001 0.52765 0.33827001
v -0.91152 0.23559 0.29710001
v -0.91152 0.52765 0.29710001
v -0.83972001 0.52765 0.29710001
v -0.83972001 0.23559 0.29710001
v -0.91152 0.52765 0.33827001
v -0.91152 0.23559 0.33827001
v -0.83972001 0.23559 0.33827001
v -0.83972001 0.52765 0.33827001
v -0.83772999 0.20189001 0.75317001
v -0.83772999 0.20189001 0.33827001
v -0.83772999 0.23559 0.33827001
v -0.83772999 0.23559 0.75317001
v -0.83964002 0.20189001 0.29710001
v -0.83964002 0.20189001 -0.11972
v -0.83964002 0.23559 -0.11972
v -0.83964002 0.23559 0.29710001
v -0.83772999 0.23559 0.75317001
v -0.83772999 0.23559 0.33827001
v 0.43463001 -1.17284 -0.09319
v 0.43463001 -1.17284 -0.13812
v 0.48367 -1.17284 -0.13812
v 0.48367 -1.17284 -0.09319
v 0.20743001 -1.17284 -0.09319
v 0.20743001 -1.17284 -0.13812
v 0.25646999 -1.17284 -0.13812
v 0.25646999 -1.17284 -0.09319
v 0.20743001 -1.17284 0.13812
v 0.20743001 -1.17284 0.09319
v 0.25646999 -1.17284 0.09319
v 0.25646999 -1.17284 0.13812
v 0.43463001 -1.17284 0.13812
v 0.43463001 -1.17284 0.09319
v 0.48367 -1.17284 0.09319
v 0.48367 -1.17284 0.13812
v 0.08912 -1.17284 0.49169999
v 0.13405 -1.17284 0.49169999
v 0.13405 -1.17284 0.54074001
v 0.08912 -1.17284 0.54074001
v 0.08912 -1.17284 0.26449001
v 0.13405 -1.17284 0.26449001
v 0.13405 -1.17284 0.31354001
v 0.08912 -1.17284 0.31354001
v -0.14218999 -1.17284 0.26449001
v -0.09726 -1.17284 0.26449001
v -0.09726 -1.17284 0.31354001
v -0.14218999 -1.17284 0.31354001
v -0.14218999 -1.17284 0.49169999
v -0.09726 -1.17284 0.49169999
v -0.09726 -1.17284 0.54074001
v -0.14218999 -1.17284 0.54074001
v -0.0856 -1.17284 -0.46641001
v -0.13053 -1.17284 -0.46641001
v -0.13053 -1.17284 -0.51545
v -0.0856 -1.17284 -0.51545
v -0.0856 -1.17284 -0.23920999
v -0.13053 -1.17284 -0.23920999
v -0.13053 -1.17284 -0.28825
v -0.0856 -1.17284 -0.28825
v 0.14571001 -1.17284 -0.23920999
v 0.10078 -1.17284 -0.23920999
v 0.10078 -1.17284 -0.28825
v 0.14571001 -1.17284 -0.28825
v 0.14571001 -1.17284 -0.46641001
v 0.10078 -1.17284 -0.46641001
v 0.10078 -1.17284 -0.51545
v 0.14571001 -1.17284 -0.51545
v 0.20743001 -1.17284 0.13812
v 0.25646999 -1.17284 0.13812
v -0.13053 -1.17284 -0.51545
v -0.13053 -1.17284 -0.46641001
v -0.14218999 -1.17284 0.26449001
v -0.14218999 -1.17284 0.31354001
v 0.25646999 -1.17284 0.13812
v 0.25646999 -1.17284 0.09319
v 0.14571001 -1.17284 -0.23920999
v 0.14571001 -1.17284 -0.28825
v -0.14218999 -1.17284 0.31354001
v -0.09726 -1.17284 0.31354001
v 0.43463001 -1.17284 0.09319
v 0.43463001 -1.17284 0.13812
v 0.14571001 -1.17284 -0.28825
v 0.10078 -1.17284 -0.28825
v -0.09726 -1.17284 0.49169999
v -0.14218999 -1.17284 0.49169999
v 0.20743001 -1.17284 -0.13812
v 0.20743001 -1.17284 -0.09319
v 0.10078 -1.17284 -0.46641001
v 0.14571001 -1.17284 -0.46641001
v 0.13405 -1.17284 0.26449001
v 0.08912 -1.17284 0.26449001
v 0.48367 -1.17284 0.13812
v 0.48367 -1.17284 0.09319
v -0.13053 -1.17284 -0.23920999
v -0.0856 -1.17284 -0.23920999
v -0.14218999 -1.17284 0.54074001
v -0.09726 -1.17284 0.54074001
v 0.25646999 -1.17284 -0.09319
v 0.25646999 -1.17284 -0.13812
v 0.14571001 -1.17284 -0.51545
v 0.10078 -1.17284 -0.51545
v 0.08912 -1.17284 0.31354001
v 0.13405 -1.17284 0.31354001
v 0.43463001 -1.17284 -0.13812
v 0.43463001 -1.17284 -0.09319
v -0.0856 -1.17284 -0.28825
v -0.13053 -1.17284 -0.28825
v 0.13405 -1.17284 0.49169999
v 0.08912 -1.17284 0.49169999
v 0.25646999 -1.17284 0.09319
v 0.20743001 -1.17284 0.09319
v -0.13053 -1.17284 -0.46641001
v -0.0856 -1.17284 -0.46641001
v -0.09726 -1.17284 0.31354001
v -0.09726 -1.17284 0.26449001
v 0.20743001 -1.17284 -0.09319
v 0.25646999 -1.17284 -0.09319
v 0.10078 -1.17284 -0.28825
v 0.10078 -1.17284 -0.23920999
v 0.20743001 -1.17284 0.09319
v 0.20743001 -1.17284 0.13812
v 0.08912 -1.17284 0.26449001
v 0.08912 -1.17284 0.31354001
v -0.09726 -1.17284 0.26449001
v -0.14218999 -1.17284 0.26449001
v 0.48367 -1.17284 0.09319
v 0.43463001 -1.17284 0.09319
v -0.0856 -1.17284 -0.23920999
v -0.0856 -1.17284 -0.28825
v 0.25646999 -1.17284 -0.13812
v 0.20743001 -1.17284 -0.13812
v 0.10078 -1.17284 -0.23920999
v 0.14571001 -1.17284 -0.23920999
v -0.09726 -1.17284 0.54074001
v -0.09726 -1.17284 0.49169999
v 0.13405 -1.17284 0.31354001
v 0.13405 -1.17284 0.26449001
v 0.43463001 -1.17284 -0.09319
v 0.48367 -1.17284 -0.09319
v -0.83781999 0.20189001 0.33827001
v -0.83781999 0.20189001 0.29710001
v -0.83781999 0.23559 0.29710001
v -0.83781999 0.23559 0.33827001
vn 1 0 0
vn 0 1 0
vn 1 0 0
vn 0 1 0
vn 0 0 1
vn 0 0 1
vn 0 0 -1
vn 0 0 -1
vn 0 -1 0
vn 0 -1 0
vn -1 0 0
vn -0.99972 0.0235 0.00307
vn -0.99972 0.0235 0.00307
vn -0.99972 0.0235 0.00308
vn 0.02055 0.92754 -0.37315
vn 0.0205 0.92754 -0.37317
vn 0.0206 0.92755 -0.37313
vn 0.99972 -0.02338 -0.00315
vn 0.99972 -0.0235 -0.00307
vn 0.99972 -0.02327 -0.00322
vn -0.0206 -0.92754 0.37317
vn -0.0206 -0.92754 0.37317
vn -0.0206 -0.92754 0.37317
vn -0.01166 -0.37292 -0.92779
vn -0.01166 -0.37292 -0.92779
vn -0.01166 -0.37292 -0.92779
vn 0.01164 0.37297 0.92777
vn 0.01162 0.37292 0.92779
vn 0.01167 0.37301 0.92775
vn 0.01882 -0.99926 -0.0336
vn 0.01882 -0.99926 -0.0336
vn 0.01882 -0.99926 -0.0336
vn -0.97633 -0.01094 -0.21603
vn -0.97632 -0.01098 -0.21605
vn -0.97633 -0.0109 -0.21601
vn -0.01856 0.99926 0.03366
vn -0.01855 0.99926 0.03366
vn -0.01856 0.99926 0.03366
vn 0.97632 0.01096 0.21603
vn 0.97633 0.01101 0.21601
vn 0.97632 0.0109 0.21605
vn 0.21555 0.03685 -0.9758
vn 0.21554 0.03685 -0.9758
vn 0.21555 0.03686 -0.9758
vn -0.21542 -0.03693 0.97582
vn -0.2153 -0.03698 0.97585
vn -0.21554 -0.03688 0.9758
vn -1 0 0
vn 0.99759 0.06937 0
vn -0.9976 -0.06926 0
vn -0.9976 -0.06926 0
vn 0.99759 0.06937 0
vn 0.99759 0.06937 0
vn 0.99759 0.06937 0
vn -0.9976 -0.06926 0
vn -0.99956 -0.02574 -0.01481
vn -0.99956 -0.02581 -0.01484
vn -0.99956 -0.02568 -0.01478
vn -0.02708 0.99474 0.09878
vn -0.02708 0.99474 0.09878
vn -0.02708 0.99474 0.09878
vn 0.99956 0.02581 0.01484
vn 0.99956 0.02581 0.01484
vn 0.99956 0.02581 0.01484
vn 0.02708 -0.99474 -0.09878
vn 0.02708 -0.99474 -0.09878
vn 0.02708 -0.99474 -0.09878
vn 0.0122 0.09911 -0.995
vn 0.0122 0.09911 -0.995
vn 0.01219 0.09911 -0.995
vn -0.0122 -0.09911 0.995
vn -0.0122 -0.09911 0.995
vn -0.0122 -0.09911 0.995
vn -0.99923 0.03611 0.01553
vn -0.99922 0.03617 0.01554
vn -0.99923 0.03604 0.01551
vn 0.03367 0.99083 -0.13083
vn 0.03367 0.99083 -0.13083
vn 0.03367 0.99083 -0.13083
vn 0.99923 -0.03604 -0.01556
vn 0.99923 -0.03604 -0.01556
vn 0.99923 -0.03605 -0.01556
vn -0.03373 -0.99083 0.13081
vn -0.03377 -0.99083 0.13083
vn -0.03368 -0.99084 0.13079
vn -0.02009 -0.1302 -0.99128
vn -0.02014 -0.13013 -0.99129
vn -0.02003 -0.13027 -0.99128
vn 0.02014 0.13012 0.99129
vn 0.02014 0.13011 0.99129
vn 0.02015 0.13013 0.99129
vn -0.99975 0.01506 0.01662
vn -0.99975 0.01506 0.01662
vn -0.99975 0.01506 0.01662
vn 0.01361 0.99649 -0.08258
vn 0.01361 0.99649 -0.08258
vn 0.01361 0.99649 -0.08258
vn 0.99975 -0.01506 -0.01662
vn 0.99975 -0.01506 -0.01662
vn 0.99975 -0.01506 -0.01662
vn -0.01356 -0.99649 0.08256
vn -0.0135 -0.9965 0.08254
vn -0.01362 -0.99649 0.08258
vn -0.01778 -0.08228 -0.99645
vn -0.01783 -0.08218 -0.99646
vn -0.01773 -0.08238 -0.99644
vn 0.01783 0.08237 0.99644
vn 0.01784 0.08238 0.99644
vn 0.01783 0.08236 0.99644
vn -0.99807 0.03765 0.04942
vn -0.99807 0.03755 0.04943
vn -0.99806 0.03775 0.04942
vn 0.02494 0.97163 -0.2352
vn 0.02488 0.97162 -0.23522
vn 0.02499 0.97163 -0.23519
vn 0.99807 -0.03756 -0.04946
vn 0.99807 -0.03755 -0.04946
vn 0.99807 -0.03756 -0.04946
vn -0.02488 -0.97163 0.23518
vn -0.02488 -0.97163 0.23518
vn -0.02488 -0.97163 0.23518
vn -0.05686 -0.23353 -0.97069
vn -0.05687 -0.2335 -0.97069
vn -0.05684 -0.23356 -0.97068
vn 0.05684 0.23351 0.97069
vn 0.05684 0.23351 0.97069
vn 0.05684 0.23351 0.97069
vn -0.99913 0.0416 0
vn 0.99913 -0.0416 0
vn 0.01137 -0.99993 0.00257
vn 0.01147 -0.99993 0.00256
vn 0.01127 -0.99993 0.00258
vn -0.99531 -0.01155 -0.09603
vn -0.99531 -0.01155 -0.09603
vn -0.99531 -0.01155 -0.09603
vn -0.01137 0.99993 -0.00257
vn -0.01127 0.99993 -0.00254
vn -0.01147 0.99993 -0.0026
vn 0.99531 0.01165 0.09603
vn 0.99531 0.01165 0.09603
vn 0.99531 0.01166 0.09603
vn 0.09609 -0.00149 -0.99537
vn 0.09608 -0.00149 -0.99537
vn 0.09609 -0.00148 -0.99537
vn -0.09599 0.00143 0.99538
vn -0.09609 0.00149 0.99537
vn -0.09588 0.00138 0.99539
vn -0.31216 -0.14938 -0.93821
vn -0.277 -0.20742 -0.93821
vn -0.29064 -0.18712 -0.93836
vn -0.32156 -0.12684 -0.93836
vn 0.03464 0.99833 -0.04627
vn -0.03099 0.99845 -0.04627
vn 0.16444 0.9853 -0.04627
vn 0.22876 0.97238 -0.04627
vn -0.14938 0.31216 -0.93821
vn -0.20742 0.277 -0.93821
vn -0.18712 0.29064 -0.93836
vn -0.12684 0.32156 -0.93836
vn 0.35348 0.9343 -0.04627
vn 0.41404 0.90908 -0.04627
vn 0.17653 0.29765 -0.93821
vn 0.11508 0.32637 -0.93821
vn 0.13766 0.31707 -0.93836
vn 0.19688 0.28411 -0.93836
vn 0.52896 0.84738 -0.04628
vn 0.58346 0.81082 -0.04628
vn 0.29766 -0.17652 -0.93821
vn 0.32637 -0.11508 -0.93821
vn 0.31708 -0.13766 -0.93836
vn 0.28412 -0.19687 -0.93836
vn 0.68409 0.72793 -0.04628
vn 0.73038 0.68148 -0.04627
vn -0.17653 -0.29765 -0.93821
vn -0.11508 -0.32637 -0.93821
vn -0.13766 -0.31707 -0.93836
vn -0.19688 -0.28411 -0.93836
vn 0.81298 0.58046 -0.04628
vn 0.84933 0.52582 -0.04628
vn -0.29765 0.17653 -0.93821
vn -0.32637 0.11508 -0.93821
vn -0.31707 0.13766 -0.93836
vn -0.28411 0.19688 -0.93836
vn 0.91059 0.41072 -0.04628
vn 0.93557 0.3501 -0.04627
vn 0.34557 0.01857 -0.93821
vn 0.3353 0.08564 -0.93821
vn 0.34012 0.06168 -0.93836
vn 0.34562 -0.00587 -0.93836
vn 0.97321 0.22521 -0.04627
vn 0.9859 0.16084 -0.04627
vn 0.01857 -0.34557 -0.93821
vn 0.08564 -0.3353 -0.93821
vn 0.06168 -0.34012 -0.93836
vn -0.00587 -0.34562 -0.93836
vn 0.99845 0.03099 -0.04627
vn 0.99833 -0.03464 -0.04627
vn -0.34557 -0.01857 -0.93821
vn -0.3353 -0.08565 -0.93821
vn -0.34012 -0.06168 -0.93836
vn -0.34562 0.00587 -0.93836
vn 0.9853 -0.16444 -0.04627
vn 0.97238 -0.22876 -0.04627
vn 0.277 0.20742 -0.93821
vn 0.2312 0.25749 -0.93821
vn 0.24852 0.24024 -0.93836
vn 0.29063 0.18712 -0.93836
vn 0.9343 -0.35348 -0.04627
vn 0.90908 -0.41404 -0.04627
vn 0.20742 -0.277 -0.93821
vn 0.25749 -0.2312 -0.93821
vn 0.24024 -0.24852 -0.93836
vn 0.18712 -0.29063 -0.93836
vn 0.84738 -0.52896 -0.04628
vn 0.81082 -0.58346 -0.04628
vn -0.2312 -0.25749 -0.93821
vn -0.24852 -0.24024 -0.93836
vn 0.72793 -0.68409 -0.04628
vn 0.68148 -0.73038 -0.04627
vn -0.25749 0.2312 -0.93821
vn -0.24024 0.24852 -0.93836
vn 0.58046 -0.81298 -0.04628
vn 0.52582 -0.84933 -0.04628
vn -0.01857 0.34557 -0.93821
vn -0.08565 0.3353 -0.93821
vn -0.06168 0.34012 -0.93836
vn 0.00587 0.34562 -0.93836
vn 0.41072 -0.91059 -0.04628
vn 0.3501 -0.93557 -0.04627
vn 0.0492 0.34255 -0.93821
vn 0.07318 0.33783 -0.93836
vn 0.22521 -0.97321 -0.04627
vn 0.16084 -0.9859 -0.04627
vn 0.34255 -0.0492 -0.93821
vn 0.33783 -0.07318 -0.93836
vn 0.03099 -0.99845 -0.04627
vn -0.03464 -0.99833 -0.04627
vn -0.0492 -0.34255 -0.93821
vn -0.07318 -0.33783 -0.93836
vn -0.16444 -0.9853 -0.04627
vn -0.22876 -0.97238 -0.04627
vn -0.34255 0.0492 -0.93821
vn -0.33783 0.07318 -0.93836
vn -0.35348 -0.9343 -0.04627
vn -0.41404 -0.90908 -0.04627
vn 0.31215 0.14939 -0.93821
vn 0.32156 0.12684 -0.93836
vn -0.52896 -0.84738 -0.04628
vn -0.58346 -0.81082 -0.04628
vn 0.14939 -0.31215 -0.93821
vn 0.12684 -0.32156 -0.93836
vn -0.68409 -0.72793 -0.04628
vn -0.73038 -0.68148 -0.04627
vn -0.81298 -0.58046 -0.04628
vn -0.84933 -0.52582 -0.04628
vn -0.91059 -0.41072 -0.04628
vn -0.93557 -0.3501 -0.04627
vn -0.97321 -0.22521 -0.04627
vn -0.9859 -0.16084 -0.04627
vn -0.99845 -0.03099 -0.04627
vn -0.99833 0.03464 -0.04627
vn -0.9853 0.16444 -0.04627
vn -0.97238 0.22876 -0.04627
vn -0.9343 0.35348 -0.04627
vn -0.90908 0.41404 -0.04627
vn -0.84738 0.52896 -0.04628
vn -0.81082 0.58346 -0.04628
vn -0.72793 0.68409 -0.04628
vn -0.68148 0.73038 -0.04627
vn -0.58046 0.81298 -0.04628
vn -0.52582 0.84933 -0.04628
vn -0.41072 0.91059 -0.04628
vn -0.3501 0.93557 -0.04627
vn -0.16084 0.9859 -0.04627
vn -0.22521 0.97321 -0.04627
vt 0.65998 0.02828
vt 0.65998 0.10882
vt 0.67735 0.10882
vt 0.67735 0.02828
vt 0.67735 0.03979
vt 0.67735 0.09732
vt 0.67735 0.0743
vt 0.6949 0.10882
vt 0.6949 0.02982
vt 0.6949 0.02828
vt 0.6949 0.09866
vt 0.6949 0.05129
vt 0.6949 0.06414
vt 0.6949 0.08715
vt 0.53384 0.12671
vt 0.61437 0.11412
vt 0.53384 0.11412
vt 0.61298 0.12671
vt 0.61437 0.12671
vt 0.60287 0.12671
vt 0.544 0.12671
vt 0.55566 0.12671
vt 0.58998 0.12671
vt 0.56717 0.12671
vt 0.60934 0.10909
vt 0.53384 0.10755
vt 0.53384 0.10909
vt 0.60934 0.02855
vt 0.53384 0.02855
vt 0.53384 0.03871
vt 0.07355 0.35028
vt 0.07935 0.34322
vt 0.0761 0.34646
vt 0.08741 0.33891
vt 0.08317 0.34066
vt 0.09651 0.33801
vt 0.09192 0.33801
vt 0.10526 0.34066
vt 0.10101 0.33891
vt 0.11233 0.34646
vt 0.10908 0.34322
vt 0.11663 0.35453
vt 0.11488 0.35028
vt 0.11753 0.36363
vt 0.11753 0.35903
vt 0.11488 0.37238
vt 0.11663 0.36813
vt 0.10908 0.37944
vt 0.11233 0.3762
vt 0.10101 0.38375
vt 0.10526 0.382
vt 0.09192 0.38465
vt 0.09651 0.38465
vt 0.08317 0.382
vt 0.08741 0.38375
vt 0.0761 0.3762
vt 0.07935 0.37944
vt 0.07179 0.36813
vt 0.07355 0.37238
vt 0.0709 0.35903
vt 0.0709 0.36363
vt 0.07179 0.35453
vt 0.12804 0.40467
vt 0.13112 0.40632
vt 0.12966 0.40534
vt 0.13334 0.40903
vt 0.13236 0.40756
vt 0.13436 0.41237
vt 0.13401 0.41065
vt 0.13401 0.41586
vt 0.13436 0.41413
vt 0.13236 0.41894
vt 0.13334 0.41748
vt 0.12966 0.42116
vt 0.13112 0.42019
vt 0.12631 0.42218
vt 0.12804 0.42184
vt 0.12283 0.42184
vt 0.12455 0.42218
vt 0.11974 0.42019
vt 0.12121 0.42116
vt 0.11752 0.41748
vt 0.1185 0.41894
vt 0.11651 0.41413
vt 0.11685 0.41586
vt 0.11685 0.41065
vt 0.11651 0.41237
vt 0.1185 0.40756
vt 0.11752 0.40903
vt 0.12121 0.40534
vt 0.11974 0.40632
vt 0.12455 0.40433
vt 0.12283 0.40467
vt 0.12631 0.40433
vt 0.48357 0.01629
vt 0.48357 0.0126
vt 0.47844 0.0126
vt 0.47844 0.01629
vt 0.49555 0.13554
vt 0.49555 0.10437
vt 0.49042 0.10437
vt 0.49042 0.13554
vt 0.27568 0.11757
vt 0.27055 0.11757
vt 0.27055 0.14842
vt 0.27568 0.14842
vt 0.0454 0.17435
vt 0.04172 0.17435
vt 0.04172 0.20551
vt 0.0454 0.20551
vt 0.65053 0.09866
vt 0.64549 0.09866
vt 0.64549 0.10882
vt 0.65053 0.10882
vt 0.65494 0.10856
vt 0.65998 0.10856
vt 0.65998 0.10702
vt 0.65494 0.10702
vt 0.41667 0.02848
vt 0.41667 0.03055
vt 0.4218 0.03055
vt 0.4218 0.02848
vt 0.64108 0.04566
vt 0.64108 0.02828
vt 0.63605 0.02828
vt 0.63605 0.04566
vt 0.65956 0.20685
vt 0.65956 0.12631
vt 0.65453 0.12631
vt 0.65453 0.20685
vt 0.62219 0.10766
vt 0.62219 0.10882
vt 0.62722 0.10882
vt 0.62722 0.10766
vt 0.61437 0.10909
vt 0.62219 0.02828
vt 0.62219 0.04584
vt 0.62722 0.04584
vt 0.62722 0.02828
vt 0.62219 0.04734
vt 0.62219 0.06195
vt 0.62722 0.06195
vt 0.62722 0.04734
vt 0.62219 0.06357
vt 0.62219 0.07805
vt 0.62722 0.07805
vt 0.62722 0.06357
vt 0.62219 0.07953
vt 0.62219 0.09416
vt 0.62722 0.09416
vt 0.62722 0.07953
vt 0.17308 0.34359
vt 0.18507 0.34359
vt 0.18507 0.33997
vt 0.17308 0.33997
vt 0.29363 0.01307
vt 0.29363 0.04424
vt 0.29876 0.04424
vt 0.29876 0.01307
vt 0.29363 0.0469
vt 0.29363 0.07283
vt 0.29876 0.07283
vt 0.29876 0.0469
vt 0.29363 0.07573
vt 0.29363 0.10143
vt 0.29876 0.10143
vt 0.29876 0.07573
vt 0.29363 0.10405
vt 0.29363 0.13002
vt 0.29876 0.13002
vt 0.29876 0.10405
vt 0.0454 0.08583
vt 0.04172 0.08583
vt 0.04172 0.08856
vt 0.0454 0.08856
vt 0.0454 0.11454
vt 0.04172 0.11454
vt 0.04172 0.11716
vt 0.0454 0.11716
vt 0.0454 0.14286
vt 0.04172 0.14286
vt 0.04172 0.14575
vt 0.0454 0.14575
vt 0.0454 0.17168
vt 0.04172 0.17168
vt 0.49555 0.22406
vt 0.49555 0.22132
vt 0.49042 0.22132
vt 0.49042 0.22406
vt 0.49555 0.19535
vt 0.49555 0.19273
vt 0.49042 0.19273
vt 0.49042 0.19535
vt 0.49555 0.16702
vt 0.49555 0.16413
vt 0.49042 0.16413
vt 0.49042 0.16702
vt 0.49555 0.1382
vt 0.49042 0.1382
vt 0.18468 0.17168
vt 0.15384 0.17168
vt 0.15384 0.17435
vt 0.18468 0.17435
vt 0.15125 0.17168
vt 0.12524 0.17168
vt 0.12524 0.17435
vt 0.15125 0.17435
vt 0.12278 0.17168
vt 0.09665 0.17168
vt 0.09665 0.17435
vt 0.12278 0.17435
vt 0.09407 0.17168
vt 0.06806 0.17168
vt 0.06806 0.17435
vt 0.09407 0.17435
vt 0.18468 0.14286
vt 0.15384 0.14286
vt 0.15384 0.14575
vt 0.18468 0.14575
vt 0.15125 0.14286
vt 0.12524 0.14286
vt 0.12524 0.14575
vt 0.15125 0.14575
vt 0.12278 0.14286
vt 0.09665 0.14286
vt 0.09665 0.14575
vt 0.12278 0.14575
vt 0.09407 0.14286
vt 0.06806 0.14286
vt 0.06806 0.14575
vt 0.09407 0.14575
vt 0.18468 0.11454
vt 0.15384 0.11454
vt 0.15384 0.11716
vt 0.18468 0.11716
vt 0.15125 0.11454
vt 0.12524 0.11454
vt 0.12524 0.11716
vt 0.15125 0.11716
vt 0.12278 0.11454
vt 0.09665 0.11454
vt 0.09665 0.11716
vt 0.12278 0.11716
vt 0.09407 0.11454
vt 0.06806 0.11454
vt 0.06806 0.11716
vt 0.09407 0.11716
vt 0.18468 0.08583
vt 0.15384 0.08583
vt 0.15384 0.08856
vt 0.18468 0.08856
vt 0.15125 0.08583
vt 0.12524 0.08583
vt 0.12524 0.08856
vt 0.15125 0.08856
vt 0.12278 0.08583
vt 0.09665 0.08583
vt 0.09665 0.08856
vt 0.12278 0.08856
vt 0.09407 0.08583
vt 0.06806 0.08583
vt 0.06806 0.08856
vt 0.09407 0.08856
vt 0.64108 0.09523
vt 0.64108 0.09398
vt 0.63605 0.09398
vt 0.63605 0.09523
vt 0.64108 0.07933
vt 0.64108 0.07787
vt 0.63605 0.07787
vt 0.63605 0.07933
vt 0.64108 0.06315
vt 0.64108 0.06176
vt 0.63605 0.06176
vt 0.63605 0.06315
vt 0.64108 0.04711
vt 0.63605 0.04711
vt 0.19294 0.44166
vt 0.19294 0.43955
vt 0.1851 0.43955
vt 0.1851 0.44166
vt 0.19294 0.38074
vt 0.19294 0.37827
vt 0.1851 0.37827
vt 0.1851 0.38074
vt 0.21625 0.33272
vt 0.21625 0.35103
vt 0.22409 0.35103
vt 0.22409 0.33272
vt 0.1843 0.38544
vt 0.1843 0.36748
vt 0.17646 0.36748
vt 0.17646 0.38544
vt 0.4529 0.1645
vt 0.42206 0.1645
vt 0.42206 0.19567
vt 0.4529 0.19567
vt 0.41948 0.1645
vt 0.39347 0.1645
vt 0.39347 0.19567
vt 0.41948 0.19567
vt 0.39101 0.1645
vt 0.36488 0.1645
vt 0.36488 0.19567
vt 0.39101 0.19567
vt 0.3623 0.1645
vt 0.33629 0.1645
vt 0.33629 0.19567
vt 0.3623 0.19567
vt 0.27568 0.02957
vt 0.27055 0.02957
vt 0.27055 0.03179
vt 0.27568 0.03179
vt 0.27568 0.0578
vt 0.27055 0.0578
vt 0.27055 0.06038
vt 0.27568 0.06038
vt 0.27568 0.08651
vt 0.27055 0.08651
vt 0.27055 0.08898
vt 0.27568 0.08898
vt 0.27568 0.11499
vt 0.27055 0.11499
vt 0.48357 0.15558
vt 0.48357 0.12473
vt 0.47844 0.12473
vt 0.47844 0.15558
vt 0.48357 0.12215
vt 0.48357 0.09614
vt 0.47844 0.09614
vt 0.47844 0.12215
vt 0.48357 0.09368
vt 0.48357 0.06754
vt 0.47844 0.06754
vt 0.47844 0.09368
vt 0.48357 0.06496
vt 0.48357 0.03895
vt 0.47844 0.03895
vt 0.47844 0.06496
vt 0.61298 0.18963
vt 0.61437 0.18963
vt 0.61437 0.15187
vt 0.61298 0.15187
vt 0.61437 0.13929
vt 0.61298 0.13929
vt 0.544 0.13929
vt 0.54535 0.13929
vt 0.54535 0.12671
vt 0.55566 0.13929
vt 0.55685 0.13929
vt 0.55685 0.12671
vt 0.56717 0.13929
vt 0.56836 0.13929
vt 0.56836 0.12671
vt 0.57847 0.13929
vt 0.57986 0.13929
vt 0.57986 0.12671
vt 0.57847 0.12671
vt 0.58998 0.13929
vt 0.59136 0.13929
vt 0.59136 0.12671
vt 0.60168 0.13929
vt 0.60287 0.13929
vt 0.60168 0.12671
vt 0.544 0.15187
vt 0.54535 0.15187
vt 0.55566 0.15187
vt 0.55685 0.15187
vt 0.56717 0.15187
vt 0.56836 0.15187
vt 0.57847 0.15187
vt 0.57986 0.15187
vt 0.58998 0.15187
vt 0.59136 0.15187
vt 0.60168 0.15187
vt 0.60287 0.15187
vt 0.544 0.18963
vt 0.54535 0.18963
vt 0.55566 0.18963
vt 0.55685 0.18963
vt 0.56717 0.18963
vt 0.56836 0.18963
vt 0.57847 0.18963
vt 0.57986 0.18963
vt 0.58998 0.18963
vt 0.59136 0.18963
vt 0.60168 0.18963
vt 0.60287 0.18963
vt 0.17646 0.29471
vt 0.17646 0.31267
vt 0.1843 0.31267
vt 0.1843 0.29471
vt 0.21625 0.2961
vt 0.21625 0.31441
vt 0.22409 0.31441
vt 0.22409 0.2961
vt 0.18532 0.37725
vt 0.18532 0.40327
vt 0.19315 0.40327
vt 0.19315 0.37725
vt 0.08453 0.29363
vt 0.08453 0.27558
vt 0.07669 0.27558
vt 0.07669 0.29363
vt 0.19294 0.4804
vt 0.19294 0.46236
vt 0.1851 0.46236
vt 0.1851 0.4804
vt 0.1843 0.40382
vt 0.1843 0.38586
vt 0.17646 0.38586
vt 0.17646 0.40382
vt 0.09883 0.37561
vt 0.09883 0.40175
vt 0.10666 0.40175
vt 0.10666 0.37561
vt 0.13728 0.37769
vt 0.13728 0.35168
vt 0.12944 0.35168
vt 0.12944 0.37769
vt 0.18988 0.30038
vt 0.18988 0.3264
vt 0.19771 0.3264
vt 0.19771 0.30038
vt 0.17264 0.34078
vt 0.17264 0.31476
vt 0.1648 0.31476
vt 0.1648 0.34078
vt 0.1761 0.32415
vt 0.1761 0.34211
vt 0.18394 0.34211
vt 0.18394 0.32415
vt 0.20161 0.35208
vt 0.20161 0.37822
vt 0.20945 0.37822
vt 0.20945 0.35208
vt 0.1921 0.43531
vt 0.1921 0.45335
vt 0.19993 0.45335
vt 0.19993 0.43531
vt 0.20161 0.32595
vt 0.20945 0.32595
vt 0.16863 0.34868
vt 0.16863 0.33036
vt 0.16079 0.33036
vt 0.16079 0.34868
vt 0.20518 0.43788
vt 0.20518 0.4639
vt 0.21301 0.4639
vt 0.21301 0.43788
vt 0.13158 0.31253
vt 0.13158 0.33854
vt 0.13942 0.33854
vt 0.13942 0.31253
vt 0.11958 0.30546
vt 0.11958 0.2875
vt 0.11174 0.2875
vt 0.11174 0.30546
vt 0.16563 0.34205
vt 0.16563 0.32409
vt 0.15779 0.32409
vt 0.15779 0.34205
vt 0.17345 0.31436
vt 0.17604 0.31436
vt 0.17604 0.30652
vt 0.17345 0.30652
vt 0.22869 0.44558
vt 0.22869 0.42727
vt 0.22085 0.42727
vt 0.22085 0.44558
vt 0.65053 0.02967
vt 0.64549 0.02967
vt 0.64549 0.03979
vt 0.65053 0.03979
vt 0.65053 0.04098
vt 0.64549 0.04098
vt 0.64549 0.05129
vt 0.65053 0.05129
vt 0.65053 0.05268
vt 0.64549 0.05268
vt 0.64549 0.0628
vt 0.65053 0.0628
vt 0.65053 0.06419
vt 0.64549 0.06419
vt 0.64549 0.0743
vt 0.65053 0.0743
vt 0.65053 0.07549
vt 0.64549 0.07549
vt 0.64549 0.08581
vt 0.65053 0.08581
vt 0.65053 0.087
vt 0.64549 0.087
vt 0.64549 0.09732
vt 0.65053 0.09732
vt 0.12868 0.37973
vt 0.12868 0.37735
vt 0.12085 0.37735
vt 0.12085 0.37973
vt 0.12868 0.46144
vt 0.12868 0.45871
vt 0.12085 0.45871
vt 0.12085 0.46144
vt 0.20971 0.33695
vt 0.20187 0.33695
vt 0.20187 0.35499
vt 0.20971 0.35499
vt 0.14903 0.40436
vt 0.14903 0.42206
vt 0.15687 0.42206
vt 0.15687 0.40436
vt 0.07456 0.33557
vt 0.08289 0.33557
vt 0.08289 0.33195
vt 0.07456 0.33195
vt 0.19857 0.35083
vt 0.20691 0.35083
vt 0.20691 0.34721
vt 0.19857 0.34721
vt 0.20971 0.39585
vt 0.20187 0.39585
vt 0.20187 0.39823
vt 0.20971 0.39823
vt 0.01682 0.35243
vt 0.02516 0.35243
vt 0.02516 0.34881
vt 0.01682 0.34881
vt 0.19852 0.27248
vt 0.19852 0.29052
vt 0.20636 0.29052
vt 0.20636 0.27248
vt 0.15857 0.35127
vt 0.16691 0.35127
vt 0.16691 0.34765
vt 0.15857 0.34765
vt 0.11646 0.35258
vt 0.1248 0.35258
vt 0.1248 0.34896
vt 0.11646 0.34896
vt 0.03009 0.29117
vt 0.03009 0.27312
vt 0.02225 0.27312
vt 0.02225 0.29117
vt 0.15815 0.34896
vt 0.14981 0.34896
vt 0.14981 0.35258
vt 0.15815 0.35258
vt 0.21524 0.35083
vt 0.21524 0.34721
vt 0.65998 0.03818
vt 0.65494 0.03818
vt 0.65494 0.03952
vt 0.65998 0.03952
vt 0.65998 0.04968
vt 0.65494 0.04968
vt 0.65494 0.05103
vt 0.65998 0.05103
vt 0.65998 0.06119
vt 0.65494 0.06119
vt 0.65494 0.06253
vt 0.65998 0.06253
vt 0.65998 0.0727
vt 0.65494 0.0727
vt 0.65494 0.07404
vt 0.65998 0.07404
vt 0.65998 0.0842
vt 0.65494 0.0842
vt 0.65494 0.08554
vt 0.65998 0.08554
vt 0.65998 0.0959
vt 0.65494 0.0959
vt 0.65494 0.09705
vt 0.65998 0.09705
vt 0.14918 0.33281
vt 0.15768 0.33281
vt 0.15768 0.32919
vt 0.14918 0.32919
vt 0.12868 0.40016
vt 0.12868 0.39778
vt 0.12085 0.39778
vt 0.12085 0.40016
vt 0.20971 0.41627
vt 0.20187 0.41627
vt 0.20187 0.41865
vt 0.20971 0.41865
vt 0.16049 0.36859
vt 0.16049 0.37125
vt 0.16833 0.37125
vt 0.16833 0.36859
vt 0.13633 0.28502
vt 0.12849 0.28502
vt 0.12849 0.3034
vt 0.13633 0.3034
vt 0.16049 0.39719
vt 0.16049 0.40008
vt 0.16833 0.40008
vt 0.16833 0.39719
vt 0.22156 0.29009
vt 0.22939 0.29009
vt 0.22939 0.27205
vt 0.22156 0.27205
vt 0.12868 0.35693
vt 0.12868 0.33888
vt 0.12085 0.33888
vt 0.12085 0.35693
vt 0.16049 0.42578
vt 0.16049 0.4284
vt 0.16833 0.4284
vt 0.16833 0.42578
vt 0.09757 0.27312
vt 0.08973 0.27312
vt 0.08973 0.29116
vt 0.09757 0.29116
vt 0.12868 0.35931
vt 0.12085 0.35931
vt 0.16049 0.45438
vt 0.16049 0.45711
vt 0.16833 0.45711
vt 0.16833 0.45438
vt 0.19069 0.27248
vt 0.19069 0.29052
vt 0.17308 0.34721
vt 0.18158 0.34721
vt 0.18158 0.34359
vt 0.17287 0.30095
vt 0.16504 0.30095
vt 0.16504 0.319
vt 0.17287 0.319
vt 0.12868 0.4182
vt 0.12085 0.4182
vt 0.65998 0.02802
vt 0.65494 0.02802
vt 0.05901 0.35243
vt 0.05901 0.34881
vt 0.05067 0.34881
vt 0.05067 0.35243
vt 0.10812 0.35258
vt 0.10812 0.34896
vt 0.09979 0.34896
vt 0.09979 0.35258
vt 0.12868 0.43897
vt 0.12868 0.42059
vt 0.12085 0.42059
vt 0.12085 0.43897
vt 0.53384 0.18963
vt 0.53384 0.15187
vt 0.53384 0.13929
vt 0.17589 0.27183
vt 0.17343 0.27183
vt 0.17343 0.27967
vt 0.17589 0.27967
vt 0.10391 0.2875
vt 0.10391 0.30546
vt 0.13336 0.3617
vt 0.13336 0.34366
vt 0.12552 0.34366
vt 0.12552 0.3617
vt 0.21146 0.39094
vt 0.21146 0.37262
vt 0.20362 0.37262
vt 0.20362 0.39094
vt 0.11916 0.33433
vt 0.11916 0.31602
vt 0.11133 0.31602
vt 0.11133 0.33433
vt 0.1984 0.3201
vt 0.20098 0.3201
vt 0.20098 0.31226
vt 0.1984 0.31226
vt 0.16958 0.43522
vt 0.16958 0.41691
vt 0.16174 0.41691
vt 0.16174 0.43522
vt 0.11916 0.35475
vt 0.11916 0.33644
vt 0.11133 0.33644
vt 0.11133 0.35475
vt 0.19726 0.2826
vt 0.19948 0.2826
vt 0.19948 0.27477
vt 0.19726 0.27477
vt 0.15295 0.30522
vt 0.15295 0.28726
vt 0.14512 0.28726
vt 0.14512 0.30522
vt 0.11916 0.31363
vt 0.11133 0.31363
vt 0.11916 0.37729
vt 0.11916 0.37483
vt 0.11133 0.37483
vt 0.11133 0.37729
vt 0.11916 0.35687
vt 0.11133 0.35687
vt 0.11916 0.43857
vt 0.11916 0.4361
vt 0.11133 0.4361
vt 0.11133 0.43857
vt 0.11916 0.39525
vt 0.11133 0.39525
vt 0.65053 0.02828
vt 0.64549 0.02828
vt 0.13728 0.28726
vt 0.13728 0.30522
vt 0.11916 0.41603
vt 0.11916 0.39772
vt 0.11133 0.39772
vt 0.11133 0.41603
vt 0.21178 0.32128
vt 0.21178 0.33932
vt 0.21962 0.33932
vt 0.21962 0.32128
vt 0.07177 0.27312
vt 0.06394 0.27312
vt 0.06394 0.29117
vt 0.07177 0.29117
vt 0.01682 0.35605
vt 0.025 0.35605
vt 0.025 0.35243
vt 0.21146 0.42756
vt 0.21146 0.40925
vt 0.20362 0.40925
vt 0.20362 0.42756
vt 0.22869 0.4639
vt 0.22085 0.4639
vt 0.11916 0.41814
vt 0.11133 0.41814
vt 0.19294 0.45997
vt 0.1851 0.45997
vt 0.14224 0.39262
vt 0.14224 0.37218
vt 0.12393 0.37218
vt 0.12393 0.39262
vt 0.00704 0.32448
vt 0.00704 0.34492
vt 0.02534 0.34492
vt 0.02534 0.32448
vt 0.18288 0.34101
vt 0.18288 0.32057
vt 0.16492 0.32057
vt 0.16492 0.34101
vt 0.10031 0.34492
vt 0.10031 0.32448
vt 0.08235 0.32448
vt 0.08235 0.34492
vt 0.06431 0.34504
vt 0.06431 0.3246
vt 0.046 0.3246
vt 0.046 0.34504
vt 0.06439 0.32448
vt 0.06439 0.34492
vt 0.31271 0.01995
vt 0.31271 0.04039
vt 0.31784 0.04039
vt 0.31784 0.01995
vt 0.05569 0.34
vt 0.05569 0.31956
vt 0.03765 0.31956
vt 0.03765 0.34
vt 0.64108 0.10674
vt 0.63605 0.10674
vt 0.06584 0.17168
vt 0.06584 0.17435
vt 0.06584 0.14286
vt 0.06584 0.14575
vt 0.06584 0.11454
vt 0.06584 0.11716
vt 0.06584 0.08583
vt 0.06584 0.08856
vt 0.06584 0.20551
vt 0.06806 0.20551
vt 0.48357 0.03673
vt 0.47844 0.03673
vt 0.11916 0.29559
vt 0.11133 0.29559
vt 0.12944 0.28726
vt 0.12944 0.30522
vt 0.19294 0.40116
vt 0.19294 0.3987
vt 0.1851 0.3987
vt 0.1851 0.40116
vt 0.20395 0.27829
vt 0.20395 0.29661
vt 0.21178 0.29661
vt 0.21178 0.27829
vt 0.19294 0.33989
vt 0.19294 0.33742
vt 0.1851 0.33742
vt 0.1851 0.33989
vt 0.18506 0.28994
vt 0.18506 0.2719
vt 0.17723 0.2719
vt 0.17723 0.28994
vt 0.08751 0.39262
vt 0.08751 0.41863
vt 0.10582 0.41863
vt 0.10582 0.39262
vt 0.20161 0.41414
vt 0.20161 0.38813
vt 0.1833 0.38813
vt 0.1833 0.41414
vt 0.10031 0.37093
vt 0.08235 0.37093
vt 0.06431 0.37105
vt 0.04635 0.34504
vt 0.04635 0.37105
vt 0.12523 0.43629
vt 0.12523 0.41027
vt 0.10692 0.41027
vt 0.10692 0.43629
vt 0.04295 0.37093
vt 0.04295 0.34492
vt 0.02499 0.34492
vt 0.02499 0.37093
vt 0.09407 0.20551
vt 0.09665 0.20551
vt 0.07669 0.39215
vt 0.07669 0.36613
vt 0.05865 0.36613
vt 0.05865 0.39215
vt 0.12111 0.27444
vt 0.12111 0.2924
vt 0.12895 0.2924
vt 0.12895 0.27444
vt 0.21625 0.4301
vt 0.21625 0.44841
vt 0.22409 0.44841
vt 0.22409 0.4301
vt 0.20363 0.33929
vt 0.20363 0.35733
vt 0.21146 0.35733
vt 0.21146 0.33929
vt 0.22085 0.40896
vt 0.22869 0.40896
vt 0.17646 0.33072
vt 0.17646 0.34868
vt 0.1843 0.34868
vt 0.1843 0.33072
vt 0.17347 0.34205
vt 0.17347 0.32409
vt 0.14057 0.41312
vt 0.14057 0.43925
vt 0.15888 0.43925
vt 0.15888 0.41312
vt 0.08235 0.39707
vt 0.10031 0.39707
vt 0.06439 0.37093
vt 0.06439 0.39707
vt 0.15888 0.46538
vt 0.14057 0.46538
vt 0.02508 0.37093
vt 0.02508 0.39707
vt 0.04303 0.39707
vt 0.04303 0.37093
vt 0.12278 0.20551
vt 0.12524 0.20551
vt 0.01934 0.36601
vt 0.01934 0.39215
vt 0.03738 0.39215
vt 0.03738 0.36601
vt 0.1921 0.41727
vt 0.19993 0.41727
vt 0.17741 0.41726
vt 0.17741 0.43522
vt 0.18525 0.43522
vt 0.18525 0.41726
vt 0.16863 0.31205
vt 0.16079 0.31205
vt 0.21625 0.40888
vt 0.21625 0.42719
vt 0.22409 0.42719
vt 0.22409 0.40888
vt 0.09468 0.45058
vt 0.09468 0.42457
vt 0.07637 0.42457
vt 0.07637 0.45058
vt 0.08861 0.41027
vt 0.08861 0.43629
vt 0.07576 0.43629
vt 0.07576 0.41027
vt 0.05745 0.41027
vt 0.05745 0.43629
vt 0.17719 0.43937
vt 0.17719 0.46538
vt 0.19514 0.46538
vt 0.19514 0.43937
vt 0.15125 0.20551
vt 0.15384 0.20551
vt 0.10555 0.36691
vt 0.10555 0.3409
vt 0.08751 0.3409
vt 0.08751 0.36691
vt 0.21307 0.34256
vt 0.22603 0.34256
vt 0.22603 0.32357
vt 0.21307 0.32357
vt 0.11236 0.3591
vt 0.12558 0.3591
vt 0.12558 0.34011
vt 0.11236 0.34011
vt 0.19986 0.36159
vt 0.21307 0.36159
vt 0.21307 0.3426
vt 0.19986 0.3426
vt 0.10339 0.33977
vt 0.09018 0.33977
vt 0.09018 0.35876
vt 0.10339 0.35876
vt 0.13519 0.3591
vt 0.1484 0.3591
vt 0.1484 0.34011
vt 0.13519 0.34011
vt 0.16161 0.34011
vt 0.16161 0.3591
vt 0.06757 0.35916
vt 0.05411 0.35916
vt 0.05411 0.37815
vt 0.06757 0.37815
vt 0.12868 0.44101
vt 0.12085 0.44101
vt 0.03793 0.29117
vt 0.04576 0.29117
vt 0.04576 0.27312
vt 0.03793 0.27312
vt 0.19007 0.34721
vt 0.19007 0.34359
vt 0.17491 0.38709
vt 0.17491 0.40513
vt 0.18275 0.40513
vt 0.18275 0.38709
vt 0.05544 0.38765
vt 0.04761 0.38765
vt 0.04761 0.40569
vt 0.05544 0.40569
vt 0.3623 0.13591
vt 0.33629 0.13591
vt 0.33629 0.16184
vt 0.3623 0.16184
vt 0.39101 0.13591
vt 0.36488 0.13591
vt 0.36488 0.16184
vt 0.39101 0.16184
vt 0.41948 0.13591
vt 0.39347 0.13591
vt 0.39347 0.16184
vt 0.41948 0.16184
vt 0.4529 0.13591
vt 0.42206 0.13591
vt 0.42206 0.16184
vt 0.4529 0.16184
vt 0.05338 0.29124
vt 0.06122 0.29124
vt 0.06122 0.2732
vt 0.05338 0.2732
vt 0.21321 0.39946
vt 0.22617 0.39946
vt 0.22617 0.38064
vt 0.21321 0.38064
vt 0.21307 0.32377
vt 0.19986 0.32377
vt 0.02949 0.32151
vt 0.01628 0.32151
vt 0.01628 0.34033
vt 0.02949 0.34033
vt 0.19986 0.32371
vt 0.18665 0.32371
vt 0.18665 0.34254
vt 0.19986 0.34254
vt 0.18665 0.38041
vt 0.20011 0.38041
vt 0.20011 0.36159
vt 0.18665 0.36159
vt 0.209 0.27455
vt 0.209 0.29259
vt 0.21683 0.29259
vt 0.21683 0.27455
vt 0.22358 0.35083
vt 0.22358 0.34721
vt 0.11011 0.38795
vt 0.10228 0.38795
vt 0.10228 0.406
vt 0.11011 0.406
vt 0.1696 0.29056
vt 0.1696 0.27252
vt 0.16176 0.27252
vt 0.16176 0.29056
vt 0.20971 0.4367
vt 0.20187 0.4367
vt 0.20187 0.43908
vt 0.20971 0.43908
vt 0.04193 0.35605
vt 0.04193 0.35243
vt 0.03375 0.35243
vt 0.03375 0.35605
vt 0.3623 0.10731
vt 0.33629 0.10731
vt 0.33629 0.13302
vt 0.3623 0.13302
vt 0.39101 0.10731
vt 0.36488 0.10731
vt 0.36488 0.13302
vt 0.39101 0.13302
vt 0.41948 0.10731
vt 0.39347 0.10731
vt 0.39347 0.13302
vt 0.41948 0.13302
vt 0.4529 0.10731
vt 0.42206 0.10731
vt 0.42206 0.13302
vt 0.4529 0.13302
vt 0.13314 0.35258
vt 0.13314 0.34896
vt 0.22603 0.36159
vt 0.01628 0.35936
vt 0.02949 0.35936
vt 0.08078 0.34008
vt 0.06757 0.34008
vt 0.06757 0.3591
vt 0.08078 0.3591
vt 0.17324 0.36118
vt 0.18645 0.36118
vt 0.18645 0.34216
vt 0.17324 0.34216
vt 0.06732 0.34014
vt 0.05411 0.34014
vt 0.06732 0.35916
vt 0.04065 0.35913
vt 0.05386 0.35913
vt 0.05386 0.3401
vt 0.04065 0.3401
vt 0.19857 0.34359
vt 0.05913 0.34881
vt 0.05913 0.35243
vt 0.06747 0.35243
vt 0.06747 0.34881
vt 0.14918 0.33643
vt 0.15768 0.33643
vt 0.20187 0.47721
vt 0.20187 0.4804
vt 0.20971 0.4804
vt 0.20971 0.47721
vt 0.3623 0.07872
vt 0.33629 0.07872
vt 0.33629 0.1047
vt 0.3623 0.1047
vt 0.39101 0.07872
vt 0.36488 0.07872
vt 0.36488 0.1047
vt 0.39101 0.1047
vt 0.41948 0.07872
vt 0.39347 0.07872
vt 0.39347 0.1047
vt 0.41948 0.1047
vt 0.4529 0.07872
vt 0.42206 0.07872
vt 0.42206 0.1047
vt 0.4529 0.1047
vt 0.02225 0.27308
vt 0.01442 0.27308
vt 0.01442 0.29112
vt 0.02225 0.29112
vt 0.15384 0.06461
vt 0.15125 0.06461
vt 0.12524 0.06461
vt 0.12278 0.06461
vt 0.09665 0.06461
vt 0.09407 0.06461
vt 0.06806 0.06461
vt 0.06584 0.06461
vt 0.10314 0.33977
vt 0.10314 0.32422
vt 0.09018 0.32422
vt 0.16161 0.32457
vt 0.1484 0.32457
vt 0.08078 0.32454
vt 0.06757 0.32454
vt 0.05386 0.32456
vt 0.04065 0.32456
vt 0.12558 0.32457
vt 0.11236 0.32457
vt 0.07565 0.35243
vt 0.06747 0.35605
vt 0.07565 0.35605
vt 0.22383 0.34721
vt 0.22383 0.34359
vt 0.21549 0.34359
vt 0.21549 0.34721
vt 0.12868 0.3365
vt 0.12085 0.3365
vt 0.02516 0.35605
vt 0.03334 0.35605
vt 0.03334 0.35243
vt 0.07593 0.34881
vt 0.0676 0.34881
vt 0.0676 0.35243
vt 0.07593 0.35243
vt 0.08661 0.406
vt 0.09444 0.406
vt 0.09444 0.38795
vt 0.08661 0.38795
vt 0.3623 0.05477
vt 0.33629 0.05477
vt 0.33629 0.07599
vt 0.3623 0.07599
vt 0.39101 0.05477
vt 0.36488 0.05477
vt 0.36488 0.07599
vt 0.39101 0.07599
vt 0.41948 0.05477
vt 0.39347 0.05477
vt 0.39347 0.07599
vt 0.41948 0.07599
vt 0.4529 0.05477
vt 0.42206 0.05477
vt 0.42206 0.07599
vt 0.4529 0.07599
vt 0.49555 0.24528
vt 0.49042 0.24528
vt 0.0454 0.06461
vt 0.04172 0.06461
vt 0.15393 0.27252
vt 0.15393 0.29056
vt 0.62219 0.0957
vt 0.62722 0.0957
vt 0.29363 0.13276
vt 0.29876 0.13276
vt 0.0454 0.06254
vt 0.04172 0.06254
vt 0.34298 0.01849
vt 0.34052 0.02381
vt 0.33539 0.02381
vt 0.33785 0.01849
vt 0.18468 0.06254
vt 0.15384 0.06254
vt 0.18468 0.06461
vt 0.15125 0.06254
vt 0.12524 0.06254
vt 0.12278 0.06254
vt 0.09665 0.06254
vt 0.09407 0.06254
vt 0.06806 0.06254
vt 0.09145 0.35258
vt 0.09145 0.34896
vt 0.08311 0.34896
vt 0.08311 0.35258
vt 0.15294 0.34172
vt 0.14313 0.34172
vt 0.14313 0.34534
vt 0.15294 0.34534
vt 0.0335 0.34881
vt 0.0335 0.35243
vt 0.23723 0.27205
vt 0.23723 0.29009
vt 0.05605 0.34157
vt 0.04624 0.34157
vt 0.04624 0.34519
vt 0.05605 0.34519
vt 0.07961 0.27312
vt 0.07961 0.29117
vt 0.08745 0.29117
vt 0.08745 0.27312
vt 0.05026 0.35605
vt 0.05026 0.35243
vt 0.04208 0.35243
vt 0.04208 0.35605
vt 0.20187 0.35738
vt 0.20971 0.35738
vt 0.14152 0.40715
vt 0.14152 0.38592
vt 0.13368 0.38592
vt 0.13368 0.40715
vt 0.15768 0.32557
vt 0.14918 0.32557
vt 0.03644 0.34157
vt 0.02663 0.34157
vt 0.02663 0.34519
vt 0.03644 0.34519
vt 0.05845 0.35605
vt 0.05845 0.35243
vt 0.06584 0.06254
vt 0.29363 0.15398
vt 0.29876 0.15398
vt 0.33407 0.05477
vt 0.31363 0.05477
vt 0.31363 0.07599
vt 0.33407 0.07599
vt 0.33407 0.07872
vt 0.31363 0.07872
vt 0.31363 0.1047
vt 0.33407 0.1047
vt 0.33407 0.10731
vt 0.31363 0.10731
vt 0.31363 0.13302
vt 0.33407 0.13302
vt 0.33407 0.13591
vt 0.31363 0.13591
vt 0.31363 0.16184
vt 0.33407 0.16184
vt 0.64108 0.10882
vt 0.63605 0.10882
vt 0.12161 0.28714
vt 0.12161 0.3051
vt 0.12944 0.3051
vt 0.12944 0.28714
vt 0.31271 0.01626
vt 0.31784 0.01626
vt 0.19771 0.27994
vt 0.19771 0.26198
vt 0.18988 0.26198
vt 0.18988 0.27994
vt 0.14512 0.35168
vt 0.14512 0.32566
vt 0.13728 0.32566
vt 0.16079 0.3053
vt 0.16079 0.28734
vt 0.15295 0.28734
vt 0.15295 0.3053
vt 0.15295 0.40382
vt 0.15295 0.37781
vt 0.14512 0.37781
vt 0.14512 0.40382
vt 0.23266 0.3104
vt 0.22898 0.3104
vt 0.22898 0.31823
vt 0.23266 0.31823
vt 0.10814 0.30556
vt 0.10814 0.28725
vt 0.10031 0.28725
vt 0.10031 0.30556
vt 0.14246 0.37107
vt 0.14246 0.3972
vt 0.15029 0.3972
vt 0.15029 0.37107
vt 0.33407 0.1645
vt 0.31363 0.1645
vt 0.31363 0.19567
vt 0.33407 0.19567
vt 0.05869 0.43667
vt 0.06091 0.43667
vt 0.06091 0.41863
vt 0.05869 0.41863
vt 0.08692 0.43667
vt 0.0895 0.43667
vt 0.0895 0.41863
vt 0.08692 0.41863
vt 0.11563 0.43667
vt 0.11809 0.43667
vt 0.11809 0.41863
vt 0.11563 0.41863
vt 0.1441 0.43667
vt 0.14668 0.43667
vt 0.14668 0.41863
vt 0.1441 0.41863
vt 0.1318 0.37458
vt 0.13438 0.37458
vt 0.13438 0.35662
vt 0.1318 0.35662
vt 0.1318 0.35451
vt 0.13438 0.35451
vt 0.13438 0.3362
vt 0.1318 0.3362
vt 0.1318 0.33373
vt 0.13438 0.33373
vt 0.13438 0.31577
vt 0.1318 0.31577
vt 0.1318 0.31331
vt 0.13438 0.31331
vt 0.13438 0.29535
vt 0.1318 0.29535
vt 0.1318 0.29323
vt 0.13438 0.29323
vt 0.13438 0.27492
vt 0.1318 0.27492
vt 0.1441 0.45737
vt 0.14668 0.45737
vt 0.14668 0.43905
vt 0.1441 0.43905
vt 0.10333 0.37458
vt 0.10579 0.37458
vt 0.10579 0.35662
vt 0.10333 0.35662
vt 0.10333 0.35451
vt 0.10579 0.35451
vt 0.10579 0.3362
vt 0.10333 0.3362
vt 0.10333 0.33373
vt 0.10579 0.33373
vt 0.10579 0.31577
vt 0.10333 0.31577
vt 0.10333 0.31331
vt 0.10579 0.31331
vt 0.10579 0.29535
vt 0.10333 0.29535
vt 0.10333 0.29323
vt 0.10579 0.29323
vt 0.10579 0.27492
vt 0.10333 0.27492
vt 0.11563 0.45737
vt 0.11809 0.45737
vt 0.11809 0.43905
vt 0.11563 0.43905
vt 0.07462 0.37458
vt 0.0772 0.37458
vt 0.0772 0.35662
vt 0.07462 0.35662
vt 0.07462 0.35451
vt 0.0772 0.35451
vt 0.0772 0.3362
vt 0.07462 0.3362
vt 0.07462 0.33373
vt 0.0772 0.33373
vt 0.0772 0.31577
vt 0.07462 0.31577
vt 0.08692 0.45737
vt 0.0895 0.45737
vt 0.0895 0.43905
vt 0.08692 0.43905
vt 0.04639 0.37458
vt 0.04861 0.37458
vt 0.04861 0.35662
vt 0.04639 0.35662
vt 0.04639 0.35451
vt 0.04861 0.35451
vt 0.04861 0.3362
vt 0.04639 0.3362
vt 0.04639 0.33373
vt 0.04861 0.33373
vt 0.04861 0.31577
vt 0.04639 0.31577
vt 0.04639 0.31331
vt 0.04861 0.31331
vt 0.04861 0.29535
vt 0.04639 0.29535
vt 0.04639 0.29323
vt 0.04861 0.29323
vt 0.04861 0.27492
vt 0.04639 0.27492
vt 0.05869 0.45737
vt 0.06091 0.45737
vt 0.06091 0.43905
vt 0.05869 0.43905
vt 0.04861 0.27281
vt 0.04639 0.27281
vt 0.07462 0.27492
vt 0.0772 0.27492
vt 0.0772 0.27281
vt 0.07462 0.27281
vt 0.10579 0.27281
vt 0.10333 0.27281
vt 0.13438 0.27281
vt 0.1318 0.27281
vt 0.0772 0.31331
vt 0.07462 0.31331
vt 0.04639 0.37705
vt 0.04861 0.37705
vt 0.07462 0.37705
vt 0.0772 0.37705
vt 0.10333 0.37705
vt 0.10579 0.37705
vt 0.1318 0.37705
vt 0.13438 0.37705
vt 0.02595 0.37705
vt 0.02595 0.37458
vt 0.02595 0.35662
vt 0.02595 0.35451
vt 0.02595 0.3362
vt 0.02595 0.33373
vt 0.02595 0.31577
vt 0.02595 0.31331
vt 0.02595 0.29535
vt 0.02595 0.29323
vt 0.02595 0.27492
vt 0.02595 0.27281
vt 0.03825 0.43905
vt 0.03825 0.43667
vt 0.03457 0.43667
vt 0.03825 0.41863
vt 0.03457 0.41863
vt 0.02226 0.37458
vt 0.02226 0.35662
vt 0.02226 0.35451
vt 0.02226 0.3362
vt 0.02226 0.33373
vt 0.02226 0.31577
vt 0.02226 0.31331
vt 0.02226 0.29535
vt 0.02226 0.29323
vt 0.02226 0.27492
vt 0.03457 0.45737
vt 0.03825 0.45737
vt 0.03457 0.43905
vt 0.02226 0.27281
vt 0.02226 0.37705
vt 0.15295 0.35168
vt 0.15295 0.32566
vt 0.12045 0.32666
vt 0.12045 0.30064
vt 0.11261 0.30064
vt 0.11261 0.32666
vt 0.13823 0.43522
vt 0.13823 0.40909
vt 0.13039 0.40909
vt 0.13039 0.43522
vt 0.19294 0.35785
vt 0.1851 0.35785
vt 0.10666 0.42788
vt 0.10667 0.40175
vt 0.09883 0.42788
vt 0.12944 0.35156
vt 0.12944 0.32554
vt 0.12161 0.32554
vt 0.12161 0.35156
vt 0.19294 0.35996
vt 0.1851 0.35996
vt 0.14125 0.33187
vt 0.14125 0.30586
vt 0.13341 0.30586
vt 0.13341 0.33187
vt 0.19294 0.41912
vt 0.1851 0.41912
vt 0.19294 0.42124
vt 0.1851 0.42124
vt 0.11327 0.27238
vt 0.11327 0.29034
vt 0.12111 0.29034
vt 0.12111 0.27238
vt 0.13341 0.28542
vt 0.12558 0.28542
vt 0.12558 0.30586
vt 0.17646 0.38551
vt 0.16863 0.38551
vt 0.16863 0.40382
vt 0.15172 0.30761
vt 0.15172 0.28717
vt 0.14389 0.28717
vt 0.14389 0.30761
vt 0.21575 0.2615
vt 0.21575 0.27946
vt 0.22359 0.27946
vt 0.22359 0.2615
vt 0.13158 0.27413
vt 0.13158 0.29209
vt 0.13942 0.29209
vt 0.13942 0.27413
vt 0.16563 0.36249
vt 0.15779 0.36249
vt 0.21625 0.38766
vt 0.21625 0.40597
vt 0.22409 0.40597
vt 0.22409 0.38766
vt 0.10391 0.3259
vt 0.11174 0.3259
vt 0.18426 0.4276
vt 0.18426 0.44592
vt 0.1921 0.44592
vt 0.1921 0.4276
vt 0.1843 0.36713
vt 0.1843 0.34917
vt 0.17646 0.34917
vt 0.17646 0.36713
vt 0.19178 0.363
vt 0.19178 0.34256
vt 0.18394 0.34256
vt 0.18394 0.363
vt 0.22409 0.36934
vt 0.21625 0.36934
vt 0.17646 0.33063
vt 0.1843 0.33063
vt 0.21575 0.29785
vt 0.21575 0.32386
vt 0.22359 0.32386
vt 0.22359 0.29785
vt 0.21146 0.44587
vt 0.20362 0.44587
vt 0.17617 0.47671
vt 0.17617 0.45627
vt 0.16833 0.45627
vt 0.16833 0.47671
vt 0.17617 0.39686
vt 0.17617 0.37085
vt 0.16833 0.37085
vt 0.16833 0.39686
vt 0.17617 0.45405
vt 0.17617 0.42804
vt 0.16833 0.42804
vt 0.16833 0.45405
vt 0.17617 0.42546
vt 0.17617 0.39932
vt 0.16833 0.39932
vt 0.16833 0.42546
vt 0.07016 0.43855
vt 0.07016 0.44128
vt 0.07289 0.44128
vt 0.07289 0.43855
vt 0.09887 0.43855
vt 0.09887 0.44128
vt 0.10148 0.44128
vt 0.10148 0.43855
vt 0.12718 0.43855
vt 0.12718 0.44128
vt 0.13007 0.44128
vt 0.13007 0.43855
vt 0.156 0.43855
vt 0.156 0.44128
vt 0.15867 0.44128
vt 0.15867 0.43855
vt 0.156 0.31634
vt 0.156 0.31873
vt 0.15867 0.31873
vt 0.15867 0.31634
vt 0.156 0.33677
vt 0.156 0.33915
vt 0.15867 0.33915
vt 0.15867 0.33677
vt 0.156 0.35719
vt 0.156 0.35958
vt 0.15867 0.35958
vt 0.15867 0.35719
vt 0.12647 0.39731
vt 0.12647 0.39969
vt 0.12914 0.39969
vt 0.12914 0.39731
vt 0.156 0.39804
vt 0.156 0.40043
vt 0.15867 0.40043
vt 0.15867 0.39804
vt 0.156 0.41881
vt 0.156 0.42085
vt 0.15867 0.42085
vt 0.15867 0.41881
vt 0.12718 0.31634
vt 0.12718 0.31873
vt 0.13007 0.31873
vt 0.13007 0.31634
vt 0.12718 0.33677
vt 0.12718 0.33915
vt 0.13007 0.33915
vt 0.13007 0.33677
vt 0.12718 0.35719
vt 0.12718 0.35958
vt 0.13007 0.35958
vt 0.13007 0.35719
vt 0.12718 0.37762
vt 0.12718 0.38
vt 0.13007 0.38
vt 0.13007 0.37762
vt 0.12718 0.39804
vt 0.12718 0.40043
vt 0.13007 0.40043
vt 0.13007 0.39804
vt 0.12472 0.3942
vt 0.12472 0.39624
vt 0.12761 0.39624
vt 0.12761 0.3942
vt 0.09887 0.31634
vt 0.09887 0.31873
vt 0.10148 0.31873
vt 0.10148 0.31634
vt 0.09887 0.33677
vt 0.09887 0.33915
vt 0.10148 0.33915
vt 0.10148 0.33677
vt 0.09887 0.35719
vt 0.09887 0.35958
vt 0.10148 0.35958
vt 0.10148 0.35719
vt 0.09887 0.37762
vt 0.09887 0.38
vt 0.10148 0.38
vt 0.10148 0.37762
vt 0.09887 0.39804
vt 0.09887 0.40043
vt 0.10148 0.40043
vt 0.10148 0.39804
vt 0.09887 0.41881
vt 0.09887 0.42085
vt 0.10148 0.42085
vt 0.10148 0.41881
vt 0.07016 0.31634
vt 0.07016 0.31873
vt 0.07289 0.31873
vt 0.07289 0.31634
vt 0.07016 0.33677
vt 0.07016 0.33915
vt 0.07289 0.33915
vt 0.07289 0.33677
vt 0.07016 0.35719
vt 0.07016 0.35958
vt 0.07289 0.35958
vt 0.07289 0.35719
vt 0.07016 0.37762
vt 0.07016 0.38
vt 0.07289 0.38
vt 0.07289 0.37762
vt 0.07016 0.39804
vt 0.07016 0.40043
vt 0.07289 0.40043
vt 0.07289 0.39804
vt 0.07016 0.41881
vt 0.07016 0.42085
vt 0.07289 0.42085
vt 0.07289 0.41881
vt 0.12718 0.41881
vt 0.13007 0.41881
vt 0.156 0.38
vt 0.15867 0.38
vt 0.156 0.37762
vt 0.15867 0.37762
vt 0.07016 0.2983
vt 0.07289 0.2983
vt 0.09887 0.2983
vt 0.10148 0.2983
vt 0.12718 0.2983
vt 0.13007 0.2983
vt 0.156 0.2983
vt 0.15867 0.2983
vt 0.11734 0.35933
vt 0.11734 0.37703
vt 0.12023 0.37703
vt 0.12023 0.35933
vt 0.08902 0.35933
vt 0.08902 0.37703
vt 0.09164 0.37703
vt 0.09164 0.35933
vt 0.13007 0.42085
vt 0.12718 0.42085
vt 0.04894 0.41881
vt 0.04894 0.42085
vt 0.04894 0.39804
vt 0.04894 0.40043
vt 0.04894 0.37762
vt 0.04894 0.38
vt 0.04894 0.35719
vt 0.04894 0.35958
vt 0.04894 0.33677
vt 0.04894 0.33915
vt 0.04894 0.31634
vt 0.04894 0.31873
vt 0.04894 0.43855
vt 0.04894 0.44128
vt 0.04687 0.31634
vt 0.04687 0.31873
vt 0.04687 0.33677
vt 0.04687 0.33915
vt 0.04687 0.35719
vt 0.04687 0.35958
vt 0.04687 0.37762
vt 0.04687 0.38
vt 0.04687 0.39804
vt 0.04687 0.40043
vt 0.04687 0.41881
vt 0.04687 0.42085
vt 0.04687 0.2983
vt 0.04894 0.2983
vt 0.04687 0.43855
vt 0.03009 0.3171
vt 0.03793 0.3171
vt 0.20971 0.4595
vt 0.20187 0.4595
vt 0.08745 0.3171
vt 0.07961 0.3171
vt 0.20187 0.45746
vt 0.20971 0.45746
vt 0.10465 0.43193
vt 0.10465 0.406
vt 0.09681 0.406
vt 0.09681 0.43193
vt 0.16049 0.47833
vt 0.16049 0.4804
vt 0.16833 0.4804
vt 0.16833 0.47833
vt 0.11539 0.40442
vt 0.11539 0.43013
vt 0.12322 0.43013
vt 0.12322 0.40442
vt 0.20971 0.37542
vt 0.20187 0.37542
vt 0.20187 0.3778
vt 0.20971 0.3778
vt 0.19709 0.33997
vt 0.18511 0.33997
vt 0.18511 0.34359
vt 0.19709 0.34359
vt 0.17045 0.34041
vt 0.15857 0.34041
vt 0.15857 0.34403
vt 0.17045 0.34403
vt 0.08973 0.3171
vt 0.09757 0.3171
vt 0.22939 0.3158
vt 0.23723 0.3158
vt 0.04576 0.3171
vt 0.16707 0.40513
vt 0.16707 0.43084
vt 0.17491 0.43084
vt 0.06122 0.31722
vt 0.05338 0.31722
vt 0.15393 0.31626
vt 0.16176 0.31626
vt 0.05913 0.35605
vt 0.06731 0.35605
vt 0.06731 0.35243
vt 0.02225 0.3171
vt 0.01442 0.3171
vt 0.17231 0.28748
vt 0.17231 0.31319
vt 0.18014 0.31319
vt 0.18014 0.28748
vt 0.06565 0.40004
vt 0.06565 0.41842
vt 0.07348 0.41842
vt 0.07348 0.40004
vt 0.06905 0.31722
vt 0.06905 0.29124
vt 0.19852 0.31622
vt 0.19069 0.31622
vt 0.15514 0.34172
vt 0.15514 0.33809
vt 0.14313 0.33809
vt 0.04208 0.34881
vt 0.03375 0.34881
vt 0.13214 0.34172
vt 0.12234 0.34172
vt 0.12234 0.34534
vt 0.13214 0.34534
vt 0.08311 0.34172
vt 0.09512 0.34172
vt 0.09512 0.33809
vt 0.08311 0.33809
vt 0.04221 0.35243
vt 0.05055 0.35243
vt 0.05055 0.34881
vt 0.04221 0.34881
vt 0.13113 0.33809
vt 0.13113 0.34172
vt 0.06328 0.40569
vt 0.06328 0.38765
vt 0.10273 0.34172
vt 0.09292 0.34172
vt 0.09292 0.34534
vt 0.10273 0.34534
vt 0.209 0.31857
vt 0.21683 0.31857
vt 0.1497 0.29741
vt 0.1497 0.27148
vt 0.14186 0.27148
vt 0.14186 0.29741
vt 0.23307 0.29113
vt 0.23307 0.26543
vt 0.22524 0.26543
vt 0.22524 0.29113
vt 0.14858 0.31703
vt 0.14858 0.343
vt 0.15641 0.343
vt 0.15641 0.31703
vt 0.10957 0.38557
vt 0.10957 0.36726
vt 0.10174 0.36726
vt 0.10174 0.38557
vt 0.20582 0.41414
vt 0.20582 0.39618
vt 0.20161 0.39618
vt 0.04961 0.46539
vt 0.04961 0.43925
vt 0.04535 0.43925
vt 0.04535 0.46539
vt 0.08861 0.46538
vt 0.08861 0.43937
vt 0.08078 0.43937
vt 0.08078 0.46538
vt 0.30016 0.52303
vt 0.29779 0.52303
vt 0.29779 0.53674
vt 0.30016 0.53674
vt 0.4433 0.65953
vt 0.43751 0.65953
vt 0.43751 0.67323
vt 0.4433 0.67323
vt 0.34209 0.6662
vt 0.33993 0.6662
vt 0.33993 0.67868
vt 0.34209 0.67868
vt 0.33455 0.59132
vt 0.34035 0.59132
vt 0.34035 0.57761
vt 0.33455 0.57761
vt 0.49059 0.58021
vt 0.49296 0.58021
vt 0.49296 0.57442
vt 0.49059 0.57442
vt 0.47232 0.70819
vt 0.47063 0.70819
vt 0.47063 0.71235
vt 0.47232 0.71235
vt 0.52556 0.53529
vt 0.52319 0.53529
vt 0.52319 0.549
vt 0.52556 0.549
vt 0.66861 0.64933
vt 0.67441 0.64933
vt 0.67441 0.63563
vt 0.66861 0.63563
vt 0.56641 0.71115
vt 0.56405 0.71115
vt 0.56405 0.72485
vt 0.56641 0.72485
vt 0.66281 0.70415
vt 0.66861 0.70415
vt 0.66861 0.69045
vt 0.66281 0.69045
vt 0.60938 0.61381
vt 0.61175 0.61381
vt 0.61175 0.60801
vt 0.60938 0.60801
vt 0.63183 0.5301
vt 0.63419 0.5301
vt 0.63419 0.5243
vt 0.63183 0.5243
vt 0.6313 0.45566
vt 0.62894 0.45566
vt 0.62894 0.46936
vt 0.6313 0.46936
vt 0.58354 0.48307
vt 0.58934 0.48307
vt 0.58934 0.46936
vt 0.58354 0.46936
vt 0.72538 0.29157
vt 0.72775 0.29157
vt 0.72775 0.27787
vt 0.72538 0.27787
vt 0.66944 0.32781
vt 0.67524 0.32781
vt 0.67524 0.3141
vt 0.66944 0.3141
vt 0.57914 0.26713
vt 0.5815 0.26713
vt 0.5815 0.26133
vt 0.57914 0.26133
vt 0.63932 0.32213
vt 0.64168 0.32213
vt 0.64168 0.31634
vt 0.63932 0.31634
vt 0.34679 0.52288
vt 0.34443 0.52288
vt 0.34443 0.53658
vt 0.34679 0.53658
vt 0.35861 0.67874
vt 0.35281 0.67874
vt 0.35281 0.69245
vt 0.35861 0.69245
vt 0.29267 0.59133
vt 0.2903 0.59133
vt 0.2903 0.60503
vt 0.29267 0.60503
vt 0.29538 0.59156
vt 0.30118 0.59156
vt 0.30118 0.57785
vt 0.29538 0.57785
vt 0.32502 0.59941
vt 0.32718 0.59941
vt 0.32718 0.59413
vt 0.32502 0.59413
vt 0.47063 0.7165
vt 0.47232 0.7165
vt 0.7156 0.30326
vt 0.71323 0.30326
vt 0.71323 0.31696
vt 0.7156 0.31696
vt 0.68443 0.47566
vt 0.69023 0.47566
vt 0.69023 0.46196
vt 0.68443 0.46196
vt 0.59349 0.39992
vt 0.59113 0.39992
vt 0.59113 0.41362
vt 0.59349 0.41362
vt 0.65748 0.4129
vt 0.66327 0.4129
vt 0.66327 0.39919
vt 0.65748 0.39919
vt 0.60488 0.42297
vt 0.60252 0.42297
vt 0.60252 0.42877
vt 0.60488 0.42877
vt 0.5534 0.28613
vt 0.55103 0.28613
vt 0.55103 0.29193
vt 0.5534 0.29193
vt 0.59364 0.30592
vt 0.59127 0.30592
vt 0.59127 0.31962
vt 0.59364 0.31962
vt 0.66704 0.34437
vt 0.67283 0.34437
vt 0.67283 0.33067
vt 0.66704 0.33067
vt 0.58811 0.3517
vt 0.59048 0.3517
vt 0.59048 0.338
vt 0.58811 0.338
vt 0.64965 0.36454
vt 0.65544 0.36454
vt 0.65544 0.35084
vt 0.64965 0.35084
vt 0.60046 0.43471
vt 0.60283 0.43471
vt 0.60283 0.42891
vt 0.60046 0.42891
vt 0.61861 0.29057
vt 0.62098 0.29057
vt 0.62098 0.28477
vt 0.61861 0.28477
vt 0.52935 0.29773
vt 0.52699 0.29773
vt 0.52699 0.31144
vt 0.52935 0.31144
vt 0.55427 0.35248
vt 0.56006 0.35248
vt 0.56006 0.33877
vt 0.55427 0.33877
vt 0.71404 0.36816
vt 0.71167 0.36816
vt 0.71167 0.38187
vt 0.71404 0.38187
vt 0.62849 0.3532
vt 0.63429 0.3532
vt 0.63429 0.33949
vt 0.62849 0.33949
vt 0.60252 0.43457
vt 0.60488 0.43457
vt 0.56848 0.31937
vt 0.56611 0.31937
vt 0.56611 0.32517
vt 0.56848 0.32517
vt 0.13944 0.30198
vt 0.13707 0.30198
vt 0.13707 0.31568
vt 0.13944 0.31568
vt 0.11549 0.46179
vt 0.12129 0.46179
vt 0.12129 0.44809
vt 0.11549 0.44809
vt 0.10418 0.28132
vt 0.10182 0.28132
vt 0.10182 0.29503
vt 0.10418 0.29503
vt 0.15481 0.40273
vt 0.16061 0.40273
vt 0.16061 0.38903
vt 0.15481 0.38903
vt 0.18307 0.27829
vt 0.18544 0.27829
vt 0.18544 0.27249
vt 0.18307 0.27249
vt 0.13763 0.32517
vt 0.14 0.32517
vt 0.14 0.31937
vt 0.13763 0.31937
vt 0.17389 0.34887
vt 0.17152 0.34887
vt 0.17152 0.36257
vt 0.17389 0.36257
vt 0.13446 0.36119
vt 0.12866 0.36119
vt 0.12866 0.37489
vt 0.13446 0.37489
vt 0.19236 0.35111
vt 0.18999 0.35111
vt 0.18999 0.36482
vt 0.19236 0.36482
vt 0.02076 0.35741
vt 0.02656 0.35741
vt 0.02656 0.3437
vt 0.02076 0.3437
vt 0.13953 0.43238
vt 0.13716 0.43238
vt 0.13716 0.43817
vt 0.13953 0.43817
vt 0.0984 0.36326
vt 0.09603 0.36326
vt 0.09603 0.36906
vt 0.0984 0.36906
vt 0.62951 0.47223
vt 0.62517 0.47223
vt 0.62517 0.48594
vt 0.62951 0.48594
vt 0.51727 0.33
vt 0.52307 0.33
vt 0.52307 0.3163
vt 0.51727 0.3163
vt 0.55305 0.38338
vt 0.55738 0.38338
vt 0.55738 0.36968
vt 0.55305 0.36968
vt 0.6906 0.40838
vt 0.6964 0.40838
vt 0.6964 0.39468
vt 0.6906 0.39468
vt 0.62951 0.46644
vt 0.62517 0.46644
vt 0.60232 0.39293
vt 0.60665 0.39293
vt 0.60665 0.38713
vt 0.60232 0.38713
vt 0.32622 0.43919
vt 0.32622 0.4372
vt 0.31473 0.4372
vt 0.31473 0.43919
vt 0.39241 0.33832
vt 0.3982 0.33832
vt 0.3982 0.32461
vt 0.39241 0.32461
vt 0.31219 0.30986
vt 0.31456 0.30986
vt 0.31456 0.29615
vt 0.31219 0.29615
vt 0.46706 0.39196
vt 0.46706 0.39682
vt 0.47855 0.39682
vt 0.47855 0.39196
vt 0.30203 0.44783
vt 0.30203 0.44982
vt 0.30689 0.44982
vt 0.30689 0.44783
vt 0.29993 0.26194
vt 0.29756 0.26194
vt 0.29756 0.26774
vt 0.29993 0.26774
vt 0.46919 0.52177
vt 0.46683 0.52177
vt 0.46683 0.53548
vt 0.46919 0.53548
vt 0.30118 0.56415
vt 0.30697 0.56415
vt 0.30697 0.55044
vt 0.30118 0.55044
vt 0.38662 0.64318
vt 0.38425 0.64318
vt 0.38425 0.65689
vt 0.38662 0.65689
vt 0.2666 0.63027
vt 0.2724 0.63027
vt 0.2724 0.61656
vt 0.2666 0.61656
vt 0.38131 0.5085
vt 0.37894 0.5085
vt 0.37894 0.51429
vt 0.38131 0.51429
vt 0.49258 0.62706
vt 0.49021 0.62706
vt 0.49021 0.63286
vt 0.49258 0.63286
vt 0.461 0.7165
vt 0.46269 0.7165
vt 0.46269 0.70668
vt 0.461 0.70668
vt 0.4433 0.58021
vt 0.43751 0.58021
vt 0.43751 0.59392
vt 0.4433 0.59392
vt 0.32403 0.64831
vt 0.32618 0.64831
vt 0.32618 0.63583
vt 0.32403 0.63583
vt 0.41925 0.68706
vt 0.4234 0.68706
vt 0.4234 0.67724
vt 0.41925 0.67724
vt 0.32193 0.5112
vt 0.31957 0.5112
vt 0.31957 0.517
vt 0.32193 0.517
vt 0.48822 0.60394
vt 0.49059 0.60394
vt 0.49059 0.59814
vt 0.48822 0.59814
vt 0.27972 0.60503
vt 0.28209 0.60503
vt 0.28209 0.59133
vt 0.27972 0.59133
vt 0.43751 0.60762
vt 0.4433 0.60762
vt 0.30705 0.60503
vt 0.30942 0.60503
vt 0.30942 0.59133
vt 0.30705 0.59133
vt 0.32507 0.63956
vt 0.33086 0.63956
vt 0.33086 0.62586
vt 0.32507 0.62586
vt 0.39624 0.67319
vt 0.3984 0.67319
vt 0.3984 0.66791
vt 0.39624 0.66791
vt 0.38713 0.67258
vt 0.38928 0.67258
vt 0.38928 0.6673
vt 0.38713 0.6673
vt 0.30253 0.53674
vt 0.3049 0.53674
vt 0.3049 0.52303
vt 0.30253 0.52303
vt 0.4433 0.68409
vt 0.43751 0.68409
vt 0.43751 0.6978
vt 0.4433 0.6978
vt 0.46774 0.61883
vt 0.46989 0.61883
vt 0.46989 0.60635
vt 0.46774 0.60635
vt 0.28848 0.65724
vt 0.29376 0.65724
vt 0.29376 0.64476
vt 0.28848 0.64476
vt 0.40006 0.69084
vt 0.39769 0.69084
vt 0.39769 0.69664
vt 0.40006 0.69664
vt 0.48822 0.54121
vt 0.49059 0.54121
vt 0.49059 0.53541
vt 0.48822 0.53541
vt 0.29745 0.59133
vt 0.29508 0.59133
vt 0.29508 0.60503
vt 0.29745 0.60503
vt 0.46486 0.69602
vt 0.47014 0.69602
vt 0.47014 0.68355
vt 0.46486 0.68355
vt 0.39896 0.52051
vt 0.39659 0.52051
vt 0.39659 0.53422
vt 0.39896 0.53422
vt 0.30439 0.69661
vt 0.30966 0.69661
vt 0.30966 0.68413
vt 0.30439 0.68413
vt 0.47202 0.6431
vt 0.47032 0.6431
vt 0.47032 0.64725
vt 0.47202 0.64725
vt 0.40177 0.65647
vt 0.39961 0.65647
vt 0.39961 0.66174
vt 0.40177 0.66174
vt 0.34684 0.53658
vt 0.34921 0.53658
vt 0.34921 0.52288
vt 0.34684 0.52288
vt 0.43586 0.68706
vt 0.4317 0.68706
vt 0.4317 0.69687
vt 0.43586 0.69687
vt 0.35607 0.65897
vt 0.36135 0.65897
vt 0.36135 0.6465
vt 0.35607 0.6465
vt 0.47133 0.55176
vt 0.46964 0.55176
vt 0.46964 0.55591
vt 0.47133 0.55591
vt 0.48822 0.61553
vt 0.49059 0.61553
vt 0.49059 0.60973
vt 0.48822 0.60973
vt 0.46225 0.57916
vt 0.46055 0.57916
vt 0.46055 0.58897
vt 0.46225 0.58897
vt 0.31308 0.56379
vt 0.31888 0.56379
vt 0.31888 0.55008
vt 0.31308 0.55008
vt 0.38661 0.67874
vt 0.38424 0.67874
vt 0.38424 0.69245
vt 0.38661 0.69245
vt 0.39178 0.66223
vt 0.39706 0.66223
vt 0.39706 0.64975
vt 0.39178 0.64975
vt 0.48912 0.58088
vt 0.48675 0.58088
vt 0.48675 0.58668
vt 0.48912 0.58668
vt 0.33263 0.61906
vt 0.33479 0.61906
vt 0.33479 0.61378
vt 0.33263 0.61378
vt 0.38187 0.67874
vt 0.38187 0.69245
vt 0.3095 0.6309
vt 0.31478 0.6309
vt 0.31478 0.61842
vt 0.3095 0.61842
vt 0.46205 0.52177
vt 0.45968 0.52177
vt 0.45968 0.53548
vt 0.46205 0.53548
vt 0.39316 0.56163
vt 0.38737 0.56163
vt 0.38737 0.57533
vt 0.39316 0.57533
vt 0.47156 0.51018
vt 0.46919 0.51018
vt 0.46919 0.51598
vt 0.47156 0.51598
vt 0.47187 0.60485
vt 0.47017 0.60485
vt 0.47017 0.609
vt 0.47187 0.609
vt 0.95101 0.72025
vt 0.94937 0.72025
vt 0.94937 0.72974
vt 0.95101 0.72974
vt 0.83104 0.63682
vt 0.83683 0.63682
vt 0.83683 0.62312
vt 0.83104 0.62312
vt 0.8922 0.5337
vt 0.88984 0.5337
vt 0.88984 0.5474
vt 0.8922 0.5474
vt 0.79204 0.63505
vt 0.79783 0.63505
vt 0.79783 0.62134
vt 0.79204 0.62134
vt 0.88764 0.55854
vt 0.89001 0.55854
vt 0.89001 0.55274
vt 0.88764 0.55274
vt 0.95867 0.53196
vt 0.96031 0.53196
vt 0.96031 0.52795
vt 0.95867 0.52795
vt 0.94982 0.56096
vt 0.95146 0.56096
vt 0.95146 0.55147
vt 0.94982 0.55147
vt 0.92004 0.55147
vt 0.92405 0.55147
vt 0.92405 0.54199
vt 0.92004 0.54199
vt 0.95265 0.69626
vt 0.95101 0.69626
vt 0.95101 0.70575
vt 0.95265 0.70575
vt 0.83834 0.65064
vt 0.84414 0.65064
vt 0.84414 0.63694
vt 0.83834 0.63694
vt 0.96077 0.53431
vt 0.95913 0.53431
vt 0.95913 0.53832
vt 0.96077 0.53832
vt 0.95816 0.72974
vt 0.95979 0.72974
vt 0.95979 0.72573
vt 0.95816 0.72573
vt 0.16344 0.31627
vt 0.1658 0.31627
vt 0.1658 0.30256
vt 0.16344 0.30256
vt 0.09207 0.38978
vt 0.09786 0.38978
vt 0.09786 0.37608
vt 0.09207 0.37608
vt 0.17152 0.37628
vt 0.17389 0.37628
vt 0.10505 0.44762
vt 0.11085 0.44762
vt 0.11085 0.43392
vt 0.10505 0.43392
vt 0.17875 0.40071
vt 0.17638 0.40071
vt 0.17638 0.40651
vt 0.17875 0.40651
vt 0.11341 0.27553
vt 0.11578 0.27553
vt 0.11578 0.26973
vt 0.11341 0.26973
vt 0.18445 0.29629
vt 0.18682 0.29629
vt 0.18682 0.28259
vt 0.18445 0.28259
vt 0.13719 0.32732
vt 0.14299 0.32732
vt 0.14299 0.31362
vt 0.13719 0.31362
vt 0.11761 0.36221
vt 0.11524 0.36221
vt 0.11524 0.37592
vt 0.11761 0.37592
vt 0.13139 0.34103
vt 0.13719 0.34103
vt 0.13139 0.32732
vt 0.18261 0.32701
vt 0.18497 0.32701
vt 0.18497 0.32122
vt 0.18261 0.32122
vt 0.18497 0.31542
vt 0.18261 0.31542
vt 0.04656 0.34836
vt 0.04893 0.34836
vt 0.04893 0.33466
vt 0.04656 0.33466
vt 0.12613 0.38998
vt 0.13193 0.38998
vt 0.13193 0.37628
vt 0.12613 0.37628
vt 0.17113 0.43834
vt 0.17349 0.43834
vt 0.17349 0.42463
vt 0.17113 0.42463
vt 0.12574 0.43834
vt 0.13153 0.43834
vt 0.13153 0.42463
vt 0.12574 0.42463
vt 0.08362 0.32437
vt 0.08125 0.32437
vt 0.08125 0.33017
vt 0.08362 0.33017
vt 0.18275 0.30969
vt 0.18511 0.30969
vt 0.18511 0.30389
vt 0.18275 0.30389
vt 0.11718 0.30014
vt 0.11481 0.30014
vt 0.11481 0.31384
vt 0.11718 0.31384
vt 0.12116 0.38679
vt 0.12696 0.38679
vt 0.12696 0.37309
vt 0.12116 0.37309
vt 0.19235 0.32732
vt 0.18999 0.32732
vt 0.18999 0.34103
vt 0.19235 0.34103
vt 0.08275 0.35812
vt 0.08855 0.35812
vt 0.08855 0.34442
vt 0.08275 0.34442
vt 0.17333 0.27099
vt 0.17096 0.27099
vt 0.17096 0.27679
vt 0.17333 0.27679
vt 0.20386 0.39367
vt 0.20149 0.39367
vt 0.20149 0.39947
vt 0.20386 0.39947
vt 0.71298 0.64209
vt 0.71061 0.64209
vt 0.71061 0.6558
vt 0.71298 0.6558
vt 0.67584 0.63783
vt 0.68164 0.63783
vt 0.68164 0.62412
vt 0.67584 0.62412
vt 0.7096 0.61391
vt 0.71197 0.61391
vt 0.71197 0.6002
vt 0.7096 0.6002
vt 0.61352 0.65513
vt 0.61931 0.65513
vt 0.61931 0.64143
vt 0.61352 0.64143
vt 0.61776 0.53234
vt 0.62013 0.53234
vt 0.62013 0.52654
vt 0.61776 0.52654
vt 0.7233 0.65791
vt 0.72093 0.65791
vt 0.72093 0.6637
vt 0.7233 0.6637
vt 0.7408 0.72765
vt 0.73843 0.72765
vt 0.73843 0.74135
vt 0.7408 0.74135
vt 0.72749 0.61652
vt 0.73329 0.61652
vt 0.73329 0.60281
vt 0.72749 0.60281
vt 0.73943 0.67567
vt 0.7418 0.67567
vt 0.7418 0.66197
vt 0.73943 0.66197
vt 0.51471 0.63965
vt 0.52051 0.63965
vt 0.52051 0.62594
vt 0.51471 0.62594
vt 0.72317 0.56543
vt 0.7208 0.56543
vt 0.7208 0.57123
vt 0.72317 0.57123
vt 0.72329 0.62325
vt 0.72092 0.62325
vt 0.72092 0.62905
vt 0.72329 0.62905
vt 0.57784 0.28921
vt 0.58021 0.28921
vt 0.58021 0.27551
vt 0.57784 0.27551
vt 0.71959 0.42571
vt 0.72538 0.42571
vt 0.72538 0.412
vt 0.71959 0.412
vt 0.62824 0.35695
vt 0.6306 0.35695
vt 0.6306 0.34324
vt 0.62824 0.34324
vt 0.59449 0.31974
vt 0.60028 0.31974
vt 0.60028 0.30603
vt 0.59449 0.30603
vt 0.53603 0.26266
vt 0.53366 0.26266
vt 0.53366 0.26846
vt 0.53603 0.26846
vt 0.63932 0.32793
vt 0.64168 0.32793
vt 0.62838 0.26295
vt 0.62601 0.26295
vt 0.62601 0.27665
vt 0.62838 0.27665
vt 0.58285 0.31221
vt 0.58864 0.31221
vt 0.58864 0.29851
vt 0.58285 0.29851
vt 0.62587 0.37065
vt 0.62824 0.37065
vt 0.62587 0.35695
vt 0.58354 0.46575
vt 0.57775 0.46575
vt 0.57775 0.47945
vt 0.58354 0.47945
vt 0.73968 0.26265
vt 0.73731 0.26265
vt 0.73731 0.26845
vt 0.73968 0.26845
vt 0.71965 0.38081
vt 0.72201 0.38081
vt 0.72201 0.37501
vt 0.71965 0.37501
vt 0.46439 0.70668
vt 0.46439 0.7165
vt 0.42975 0.58897
vt 0.4339 0.58897
vt 0.4339 0.57916
vt 0.42975 0.57916
vt 0.31179 0.60503
vt 0.31179 0.59133
vt 0.32214 0.62079
vt 0.31634 0.62079
vt 0.31634 0.63449
vt 0.32214 0.63449
vt 0.47161 0.51598
vt 0.47397 0.51598
vt 0.47397 0.51018
vt 0.47161 0.51018
vt 0.46893 0.71235
vt 0.46893 0.70819
vt 0.46602 0.52177
vt 0.46365 0.52177
vt 0.46365 0.53548
vt 0.46602 0.53548
vt 0.31744 0.62777
vt 0.32272 0.62777
vt 0.32272 0.61529
vt 0.31744 0.61529
vt 0.2593 0.53285
vt 0.26167 0.53285
vt 0.26167 0.51915
vt 0.2593 0.51915
vt 0.3406 0.64192
vt 0.34587 0.64192
vt 0.34587 0.62944
vt 0.3406 0.62944
vt 0.40006 0.67345
vt 0.39769 0.67345
vt 0.39769 0.67925
vt 0.40006 0.67925
vt 0.47073 0.52948
vt 0.46903 0.52948
vt 0.46903 0.53363
vt 0.47073 0.53363
vt 0.38371 0.55264
vt 0.38156 0.55264
vt 0.38156 0.56512
vt 0.38371 0.56512
vt 0.44416 0.66743
vt 0.44001 0.66743
vt 0.44001 0.67724
vt 0.44416 0.67724
vt 0.48108 0.60762
vt 0.47871 0.60762
vt 0.47871 0.62133
vt 0.48108 0.62133
vt 0.4234 0.66743
vt 0.41925 0.66743
vt 0.46446 0.51598
vt 0.46683 0.51598
vt 0.46683 0.51018
vt 0.46446 0.51018
vt 0.4904 0.71941
vt 0.49277 0.71941
vt 0.49277 0.71361
vt 0.4904 0.71361
vt 0.10712 0.57934
vt 0.10476 0.57934
vt 0.10476 0.59304
vt 0.10712 0.59304
vt 0.16011 0.62724
vt 0.16591 0.62724
vt 0.16591 0.61354
vt 0.16011 0.61354
vt 0.16521 0.68156
vt 0.16758 0.68156
vt 0.16758 0.66786
vt 0.16521 0.66786
vt 0.07028 0.61552
vt 0.06449 0.61552
vt 0.06449 0.62922
vt 0.07028 0.62922
vt 0.09127 0.55042
vt 0.0889 0.55042
vt 0.0889 0.55622
vt 0.09127 0.55622
vt 0.11029 0.62204
vt 0.11266 0.62204
vt 0.11266 0.61624
vt 0.11029 0.61624
vt 0.19971 0.54807
vt 0.20207 0.54807
vt 0.20207 0.53436
vt 0.19971 0.53436
vt 0.1414 0.56114
vt 0.1356 0.56114
vt 0.1356 0.57484
vt 0.1414 0.57484
vt 0.22702 0.63877
vt 0.22925 0.63877
vt 0.22925 0.62591
vt 0.22702 0.62591
vt 0.02145 0.52346
vt 0.01601 0.52346
vt 0.01601 0.53632
vt 0.02145 0.53632
vt 0.17562 0.59501
vt 0.17799 0.59501
vt 0.17799 0.58921
vt 0.17562 0.58921
vt 0.14247 0.51919
vt 0.1401 0.51919
vt 0.1401 0.52499
vt 0.14247 0.52499
vt 0.16915 0.33516
vt 0.16679 0.33516
vt 0.16679 0.34887
vt 0.16915 0.34887
vt 0.11859 0.29562
vt 0.12439 0.29562
vt 0.12439 0.28191
vt 0.11859 0.28191
vt 0.17996 0.29832
vt 0.1776 0.29832
vt 0.1776 0.31203
vt 0.17996 0.31203
vt 0.13153 0.41093
vt 0.12574 0.41093
vt 0.10787 0.27553
vt 0.11024 0.27553
vt 0.11024 0.26973
vt 0.10787 0.26973
vt 0.13022 0.35089
vt 0.13259 0.35089
vt 0.13259 0.34509
vt 0.13022 0.34509
vt 0.10158 0.33496
vt 0.09921 0.33496
vt 0.09921 0.34867
vt 0.10158 0.34867
vt 0.15458 0.31362
vt 0.14879 0.31362
vt 0.14879 0.32732
vt 0.15458 0.32732
vt 0.05873 0.35131
vt 0.0611 0.35131
vt 0.0611 0.33761
vt 0.05873 0.33761
vt 0.06938 0.40166
vt 0.07518 0.40166
vt 0.07518 0.38795
vt 0.06938 0.38795
vt 0.18104 0.39789
vt 0.18341 0.39789
vt 0.18341 0.39209
vt 0.18104 0.39209
vt 0.08158 0.26897
vt 0.07921 0.26897
vt 0.07921 0.27476
vt 0.08158 0.27476
vt 0.08961 0.42068
vt 0.08725 0.42068
vt 0.08725 0.43438
vt 0.08961 0.43438
vt 0.12613 0.40369
vt 0.13193 0.40369
vt 0.07331 0.26725
vt 0.07094 0.26725
vt 0.07094 0.28095
vt 0.07331 0.28095
vt 0.09967 0.33371
vt 0.10547 0.33371
vt 0.10547 0.32
vt 0.09967 0.32
vt 0.18511 0.29809
vt 0.18275 0.29809
vt 0.1408 0.32517
vt 0.14317 0.32517
vt 0.14317 0.31937
vt 0.1408 0.31937
vt 0.14422 0.30198
vt 0.14185 0.30198
vt 0.14185 0.31568
vt 0.14422 0.31568
vt 0.05288 0.3437
vt 0.05868 0.3437
vt 0.05868 0.33
vt 0.05288 0.33
vt 0.18762 0.44775
vt 0.18999 0.44775
vt 0.18999 0.43404
vt 0.18762 0.43404
vt 0.08132 0.44442
vt 0.07553 0.44442
vt 0.07553 0.45813
vt 0.08132 0.45813
vt 0.14499 0.4024
vt 0.14735 0.4024
vt 0.14735 0.3966
vt 0.14499 0.3966
vt 0.10773 0.28616
vt 0.10536 0.28616
vt 0.10536 0.29196
vt 0.10773 0.29196
vt 0.18999 0.36844
vt 0.18762 0.36844
vt 0.18762 0.38214
vt 0.18999 0.38214
vt 0.13719 0.47231
vt 0.14299 0.47231
vt 0.14299 0.45861
vt 0.13719 0.45861
vt 0.05371 0.33466
vt 0.05134 0.33466
vt 0.05134 0.34836
vt 0.05371 0.34836
vt 0.11279 0.29562
vt 0.11279 0.28191
vt 0.09346 0.29226
vt 0.09583 0.29226
vt 0.09583 0.28646
vt 0.09346 0.28646
vt 0.03128 0.29208
vt 0.03364 0.29208
vt 0.03364 0.28628
vt 0.03128 0.28628
vt 0.19236 0.45861
vt 0.18999 0.45861
vt 0.18999 0.47231
vt 0.19236 0.47231
vt 0.19794 0.35883
vt 0.20374 0.35883
vt 0.20374 0.34513
vt 0.19794 0.34513
vt 0.18762 0.47231
vt 0.18762 0.45861
vt 0.14299 0.4449
vt 0.13719 0.4449
vt 0.05898 0.3696
vt 0.05661 0.3696
vt 0.05661 0.37539
vt 0.05898 0.37539
vt 0.09365 0.27505
vt 0.09602 0.27505
vt 0.09602 0.26925
vt 0.09365 0.26925
vt 0.27913 0.53313
vt 0.27676 0.53313
vt 0.27676 0.54683
vt 0.27913 0.54683
vt 0.385 0.6635
vt 0.3792 0.6635
vt 0.3792 0.6772
vt 0.385 0.6772
vt 0.41096 0.57325
vt 0.41333 0.57325
vt 0.41333 0.55955
vt 0.41096 0.55955
vt 0.36181 0.60868
vt 0.35601 0.60868
vt 0.35601 0.62238
vt 0.36181 0.62238
vt 0.42169 0.52801
vt 0.41932 0.52801
vt 0.41932 0.53381
vt 0.42169 0.53381
vt 0.32187 0.5243
vt 0.32424 0.5243
vt 0.32424 0.51851
vt 0.32187 0.51851
vt 0.28632 0.53313
vt 0.28395 0.53313
vt 0.28395 0.54683
vt 0.28632 0.54683
vt 0.35343 0.58802
vt 0.34764 0.58802
vt 0.34764 0.60172
vt 0.35343 0.60172
vt 0.3838 0.58802
vt 0.38143 0.58802
vt 0.38143 0.60172
vt 0.3838 0.60172
vt 0.27893 0.5898
vt 0.28473 0.5898
vt 0.28473 0.5761
vt 0.27893 0.5761
vt 0.42668 0.52661
vt 0.42905 0.52661
vt 0.42905 0.52081
vt 0.42668 0.52081
vt 0.45797 0.53568
vt 0.46034 0.53568
vt 0.46034 0.52988
vt 0.45797 0.52988
vt 0.07019 0.67219
vt 0.06783 0.67219
vt 0.06783 0.6859
vt 0.07019 0.6859
vt 0.23201 0.58168
vt 0.2378 0.58168
vt 0.2378 0.56797
vt 0.23201 0.56797
vt 0.13543 0.53541
vt 0.13306 0.53541
vt 0.13306 0.54911
vt 0.13543 0.54911
vt 0.19631 0.58735
vt 0.20175 0.58735
vt 0.20175 0.57449
vt 0.19631 0.57449
vt 0.24217 0.6096
vt 0.23995 0.6096
vt 0.23995 0.61504
vt 0.24217 0.61504
vt 0.23544 0.54056
vt 0.2378 0.54056
vt 0.2378 0.53477
vt 0.23544 0.53477
vt 0.09551 0.69239
vt 0.09787 0.69239
vt 0.09787 0.67869
vt 0.09551 0.67869
vt 0.12198 0.58782
vt 0.12778 0.58782
vt 0.12778 0.57412
vt 0.12198 0.57412
vt 0.1881 0.53566
vt 0.18573 0.53566
vt 0.18573 0.54937
vt 0.1881 0.54937
vt 0.19631 0.6002
vt 0.20175 0.6002
vt 0.21779 0.54014
vt 0.22015 0.54014
vt 0.22015 0.53435
vt 0.21779 0.53435
vt 0.08644 0.53995
vt 0.0888 0.53995
vt 0.0888 0.53415
vt 0.08644 0.53415
vt 0.91019 0.53858
vt 0.90782 0.53858
vt 0.90782 0.55228
vt 0.91019 0.55228
vt 0.83779 0.57313
vt 0.83199 0.57313
vt 0.83199 0.58683
vt 0.83779 0.58683
vt 0.82653 0.54567
vt 0.82416 0.54567
vt 0.82416 0.55938
vt 0.82653 0.55938
vt 0.91514 0.57385
vt 0.90935 0.57385
vt 0.90935 0.58755
vt 0.91514 0.58755
vt 0.95771 0.59444
vt 0.95935 0.59444
vt 0.95935 0.59043
vt 0.95771 0.59043
vt 0.97484 0.65764
vt 0.9772 0.65764
vt 0.9772 0.65184
vt 0.97484 0.65184
vt 0.91255 0.53858
vt 0.91255 0.55228
vt 0.92996 0.6823
vt 0.92594 0.6823
vt 0.92594 0.69179
vt 0.92996 0.69179
vt 0.91171 0.54644
vt 0.90935 0.54644
vt 0.90935 0.56014
vt 0.91171 0.56014
vt 0.90782 0.57969
vt 0.91362 0.57969
vt 0.91362 0.56599
vt 0.90782 0.56599
vt 0.97356 0.5876
vt 0.97593 0.5876
vt 0.97593 0.5818
vt 0.97356 0.5818
vt 0.97437 0.53278
vt 0.97673 0.53278
vt 0.97673 0.52698
vt 0.97437 0.52698
vt 0.8391 0.54572
vt 0.83673 0.54572
vt 0.83673 0.55942
vt 0.8391 0.55942
vt 0.92806 0.5325
vt 0.92405 0.5325
vt 0.92806 0.54199
vt 0.83042 0.53882
vt 0.82805 0.53882
vt 0.82805 0.55253
vt 0.83042 0.55253
vt 0.8598 0.62315
vt 0.8656 0.62315
vt 0.8656 0.60945
vt 0.8598 0.60945
vt 0.97593 0.60552
vt 0.97356 0.60552
vt 0.97356 0.61132
vt 0.97593 0.61132
vt 0.95749 0.53832
vt 0.95749 0.54234
vt 0.95913 0.54234
vt 0.78746 0.01934
vt 0.78509 0.01934
vt 0.78509 0.03304
vt 0.78746 0.03304
vt 0.86019 0.08738
vt 0.86599 0.08738
vt 0.86599 0.07368
vt 0.86019 0.07368
vt 0.83461 0.01938
vt 0.83224 0.01938
vt 0.83224 0.03309
vt 0.83461 0.03309
vt 0.78087 0.1414
vt 0.77508 0.1414
vt 0.77508 0.1551
vt 0.78087 0.1551
vt 0.92863 0.19722
vt 0.931 0.19722
vt 0.931 0.19142
vt 0.92863 0.19142
vt 0.85418 0.02693
vt 0.85655 0.02693
vt 0.85655 0.02113
vt 0.85418 0.02113
vt 0.97703 0.14187
vt 0.97466 0.14187
vt 0.97466 0.15557
vt 0.97703 0.15557
vt 0.82748 0.04687
vt 0.82168 0.04687
vt 0.82168 0.06057
vt 0.82748 0.06057
vt 0.8782 0.04939
vt 0.88057 0.04939
vt 0.88057 0.03568
vt 0.8782 0.03568
vt 0.8252 0.15892
vt 0.831 0.15892
vt 0.831 0.14521
vt 0.8252 0.14521
vt 0.92863 0.18352
vt 0.92626 0.18352
vt 0.92626 0.18932
vt 0.92863 0.18932
vt 0.97402 0.01294
vt 0.97639 0.01294
vt 0.97639 0.00714
vt 0.97402 0.00714
vt 0.88951 0.04939
vt 0.89188 0.04939
vt 0.89188 0.03568
vt 0.88951 0.03568
vt 0.86862 0.1758
vt 0.87442 0.1758
vt 0.87442 0.1621
vt 0.86862 0.1621
vt 0.87583 0.03568
vt 0.87583 0.04939
vt 0.8217 0.19935
vt 0.8275 0.19935
vt 0.8275 0.18565
vt 0.8217 0.18565
vt 0.92019 0.17001
vt 0.91782 0.17001
vt 0.91782 0.1758
vt 0.92019 0.1758
vt 0.91701 0.17617
vt 0.91464 0.17617
vt 0.91464 0.18197
vt 0.91701 0.18197
vt 0.66802 0.45639
vt 0.67039 0.45639
vt 0.67039 0.44268
vt 0.66802 0.44268
vt 0.55719 0.3339
vt 0.55139 0.3339
vt 0.55139 0.34761
vt 0.55719 0.34761
vt 0.60041 0.42484
vt 0.59804 0.42484
vt 0.59804 0.43855
vt 0.60041 0.43855
vt 0.56743 0.40513
vt 0.57323 0.40513
vt 0.57323 0.39142
vt 0.56743 0.39142
vt 0.68402 0.29324
vt 0.68166 0.29324
vt 0.68166 0.29904
vt 0.68402 0.29904
vt 0.65006 0.28344
vt 0.64769 0.28344
vt 0.64769 0.28924
vt 0.65006 0.28924
vt 0.60178 0.40323
vt 0.59941 0.40323
vt 0.59941 0.41693
vt 0.60178 0.41693
vt 0.693 0.38763
vt 0.6988 0.38763
vt 0.6988 0.37393
vt 0.693 0.37393
vt 0.53038 0.30649
vt 0.52801 0.30649
vt 0.52801 0.3202
vt 0.53038 0.3202
vt 0.68225 0.33533
vt 0.67646 0.33533
vt 0.67646 0.34903
vt 0.68225 0.34903
vt 0.62158 0.28024
vt 0.62394 0.28024
vt 0.62394 0.27444
vt 0.62158 0.27444
vt 0.62352 0.29056
vt 0.62589 0.29056
vt 0.62589 0.28476
vt 0.62352 0.28476
vt 0.8507 0.04346
vt 0.84834 0.04346
vt 0.84834 0.05717
vt 0.8507 0.05717
vt 0.86563 0.20142
vt 0.87143 0.20142
vt 0.87143 0.18771
vt 0.86563 0.18771
vt 0.84491 0.0445
vt 0.84254 0.0445
vt 0.84254 0.05821
vt 0.84491 0.05821
vt 0.90727 0.0852
vt 0.91306 0.0852
vt 0.91306 0.07149
vt 0.90727 0.07149
vt 0.92716 0.20302
vt 0.92953 0.20302
vt 0.92953 0.19722
vt 0.92716 0.19722
vt 0.92863 0.17192
vt 0.92626 0.17192
vt 0.92626 0.17772
vt 0.92863 0.17772
vt 0.88179 0.02856
vt 0.87942 0.02856
vt 0.87942 0.04226
vt 0.88179 0.04226
vt 0.854 0.14944
vt 0.8598 0.14944
vt 0.8598 0.13574
vt 0.854 0.13574
vt 0.86526 0.04939
vt 0.86762 0.04939
vt 0.86762 0.03568
vt 0.86526 0.03568
vt 0.87212 0.0905
vt 0.87791 0.0905
vt 0.87791 0.0768
vt 0.87212 0.0768
vt 0.83488 0.08899
vt 0.83251 0.08899
vt 0.83251 0.09479
vt 0.83488 0.09479
vt 0.83733 0.09479
vt 0.8397 0.09479
vt 0.8397 0.08899
vt 0.83733 0.08899
vt 0.91176 0.56014
vt 0.91413 0.56014
vt 0.91413 0.54644
vt 0.91176 0.54644
vt 0.93619 0.56981
vt 0.9304 0.56981
vt 0.9304 0.58351
vt 0.93619 0.58351
vt 0.80942 0.7327
vt 0.81179 0.7327
vt 0.81179 0.71899
vt 0.80942 0.71899
vt 0.84263 0.63682
vt 0.84263 0.62312
vt 0.9783 0.68642
vt 0.97593 0.68642
vt 0.97593 0.69221
vt 0.9783 0.69221
vt 0.83213 0.53026
vt 0.8345 0.53026
vt 0.8345 0.52446
vt 0.83213 0.52446
vt 0.8578 0.09877
vt 0.85543 0.09877
vt 0.85543 0.11247
vt 0.8578 0.11247
vt 0.87723 0.18771
vt 0.87723 0.17401
vt 0.87143 0.17401
vt 0.77427 0.04678
vt 0.7719 0.04678
vt 0.7719 0.06049
vt 0.77427 0.06049
vt 0.86632 0.18352
vt 0.87212 0.18352
vt 0.87212 0.16981
vt 0.86632 0.16981
vt 0.91665 0.18894
vt 0.91428 0.18894
vt 0.91428 0.19474
vt 0.91665 0.19474
vt 0.92863 0.20439
vt 0.92626 0.20439
vt 0.92626 0.21019
vt 0.92863 0.21019
vt 0.71547 0.63456
vt 0.71311 0.63456
vt 0.71311 0.64827
vt 0.71547 0.64827
vt 0.67962 0.66559
vt 0.68541 0.66559
vt 0.68541 0.65188
vt 0.67962 0.65188
vt 0.64549 0.65784
vt 0.64313 0.65784
vt 0.64313 0.67154
vt 0.64549 0.67154
vt 0.69121 0.66559
vt 0.69121 0.65188
vt 0.63125 0.55113
vt 0.63362 0.55113
vt 0.63362 0.54533
vt 0.63125 0.54533
vt 0.63432 0.70838
vt 0.63195 0.70838
vt 0.63195 0.71418
vt 0.63432 0.71418
vt 0.61593 0.55319
vt 0.61356 0.55319
vt 0.61356 0.5669
vt 0.61593 0.5669
vt 0.6993 0.67929
vt 0.7051 0.67929
vt 0.7051 0.66559
vt 0.6993 0.66559
vt 0.59037 0.63692
vt 0.588 0.63692
vt 0.588 0.65062
vt 0.59037 0.65062
vt 0.6993 0.72041
vt 0.7051 0.72041
vt 0.7051 0.7067
vt 0.6993 0.7067
vt 0.66963 0.59338
vt 0.672 0.59338
vt 0.672 0.58758
vt 0.66963 0.58758
vt 0.63894 0.59249
vt 0.64131 0.59249
vt 0.64131 0.58669
vt 0.63894 0.58669
vt 0.56179 0.55213
vt 0.55942 0.55213
vt 0.55942 0.56584
vt 0.56179 0.56584
vt 0.5539 0.58633
vt 0.5481 0.58633
vt 0.5481 0.60003
vt 0.5539 0.60003
vt 0.69249 0.65857
vt 0.69013 0.65857
vt 0.69013 0.67228
vt 0.69249 0.67228
vt 0.64516 0.67823
vt 0.65096 0.67823
vt 0.65096 0.66453
vt 0.64516 0.66453
vt 0.62028 0.57861
vt 0.62264 0.57861
vt 0.62264 0.57282
vt 0.62028 0.57282
vt 0.67244 0.58042
vt 0.67481 0.58042
vt 0.67481 0.57462
vt 0.67244 0.57462
vt 0.37189 0.64942
vt 0.36953 0.64942
vt 0.36953 0.66312
vt 0.37189 0.66312
vt 0.34924 0.56627
vt 0.34344 0.56627
vt 0.34344 0.57997
vt 0.34924 0.57997
vt 0.40511 0.6673
vt 0.40275 0.6673
vt 0.40275 0.681
vt 0.40511 0.681
vt 0.42282 0.59895
vt 0.42861 0.59895
vt 0.42861 0.58524
vt 0.42282 0.58524
vt 0.30832 0.66636
vt 0.30595 0.66636
vt 0.30595 0.67216
vt 0.30832 0.67216
vt 0.37766 0.63784
vt 0.38002 0.63784
vt 0.38002 0.63204
vt 0.37766 0.63204
vt 0.40275 0.69471
vt 0.40511 0.69471
vt 0.47617 0.58139
vt 0.47038 0.58139
vt 0.47038 0.5951
vt 0.47617 0.5951
vt 0.42349 0.66422
vt 0.42113 0.66422
vt 0.42113 0.67793
vt 0.42349 0.67793
vt 0.44108 0.60755
vt 0.44688 0.60755
vt 0.44688 0.59384
vt 0.44108 0.59384
vt 0.37558 0.73791
vt 0.37795 0.73791
vt 0.37795 0.73212
vt 0.37558 0.73212
vt 0.31061 0.53424
vt 0.31298 0.53424
vt 0.31298 0.52844
vt 0.31061 0.52844
vt 0.27071 0.54477
vt 0.26835 0.54477
vt 0.26835 0.55848
vt 0.27071 0.55848
vt 0.34171 0.65553
vt 0.33591 0.65553
vt 0.33591 0.66923
vt 0.34171 0.66923
vt 0.34924 0.55256
vt 0.34687 0.55256
vt 0.34687 0.56627
vt 0.32134 0.62775
vt 0.31554 0.62775
vt 0.31554 0.64146
vt 0.32134 0.64146
vt 0.37785 0.51077
vt 0.38022 0.51077
vt 0.38022 0.50497
vt 0.37785 0.50497
vt 0.29284 0.53424
vt 0.29521 0.53424
vt 0.29521 0.52844
vt 0.29284 0.52844
vt 0.40808 0.45154
vt 0.41045 0.45154
vt 0.41045 0.43784
vt 0.40808 0.43784
vt 0.27854 0.44455
vt 0.28288 0.44459
vt 0.28288 0.43506
vt 0.27854 0.43502
vt 0.40808 0.46525
vt 0.41045 0.46525
vt 0.29977 0.28455
vt 0.29543 0.2846
vt 0.29543 0.29412
vt 0.29977 0.29408
vt 0.42612 0.44801
vt 0.42832 0.44801
vt 0.42832 0.44221
vt 0.42612 0.44221
vt 0.35475 0.42321
vt 0.35255 0.42321
vt 0.35255 0.42901
vt 0.35475 0.42901
vt 0.97954 0.28892
vt 0.97717 0.28892
vt 0.97717 0.30263
vt 0.97954 0.30263
vt 0.84888 0.33885
vt 0.85398 0.33885
vt 0.85398 0.32679
vt 0.84888 0.32679
vt 0.96252 0.29103
vt 0.96489 0.29103
vt 0.96489 0.27732
vt 0.96252 0.27732
vt 0.92198 0.36098
vt 0.92778 0.36098
vt 0.92778 0.34727
vt 0.92198 0.34727
vt 0.94604 0.26641
vt 0.94367 0.26641
vt 0.94367 0.27221
vt 0.94604 0.27221
vt 0.97481 0.26942
vt 0.97717 0.26942
vt 0.97717 0.26362
vt 0.97481 0.26362
vt 0.78195 0.27948
vt 0.77958 0.27948
vt 0.77958 0.29318
vt 0.78195 0.29318
vt 0.77702 0.29998
vt 0.77122 0.29998
vt 0.77122 0.31368
vt 0.77702 0.31368
vt 0.9499 0.29103
vt 0.95227 0.29103
vt 0.95227 0.27732
vt 0.9499 0.27732
vt 0.88055 0.32987
vt 0.88635 0.32987
vt 0.88635 0.31617
vt 0.88055 0.31617
vt 0.88664 0.36423
vt 0.88455 0.36423
vt 0.88455 0.36933
vt 0.88664 0.36933
vt 0.98214 0.3783
vt 0.97977 0.3783
vt 0.97977 0.3841
vt 0.98214 0.3841
vt 0.94836 0.37156
vt 0.95073 0.37156
vt 0.95073 0.35786
vt 0.94836 0.35786
vt 0.84888 0.29062
vt 0.85398 0.29062
vt 0.85398 0.27857
vt 0.84888 0.27857
vt 0.96725 0.27732
vt 0.96725 0.29103
vt 0.92198 0.48218
vt 0.92778 0.48218
vt 0.92778 0.46847
vt 0.92198 0.46847
vt 0.88696 0.31659
vt 0.88488 0.31659
vt 0.88488 0.32169
vt 0.88696 0.32169
vt 0.97613 0.48218
vt 0.9785 0.48218
vt 0.9785 0.47638
vt 0.97613 0.47638
vt 0.83436 0.54572
vt 0.83199 0.54572
vt 0.83199 0.55942
vt 0.83436 0.55942
vt 0.84359 0.58683
vt 0.84359 0.57313
vt 0.8392 0.582
vt 0.83683 0.582
vt 0.83683 0.59571
vt 0.8392 0.59571
vt 0.92381 0.63043
vt 0.92782 0.63043
vt 0.92782 0.62094
vt 0.92381 0.62094
vt 0.7644 0.52473
vt 0.76203 0.52473
vt 0.76203 0.53053
vt 0.7644 0.53053
vt 0.79501 0.53042
vt 0.79738 0.53042
vt 0.79738 0.52462
vt 0.79501 0.52462
vt 0.94493 0.28018
vt 0.94256 0.28018
vt 0.94256 0.29388
vt 0.94493 0.29388
vt 0.8495 0.43775
vt 0.8546 0.43775
vt 0.8546 0.42569
vt 0.8495 0.42569
vt 0.92624 0.27892
vt 0.92387 0.27892
vt 0.92387 0.29262
vt 0.92624 0.29262
vt 0.8291 0.4498
vt 0.8342 0.4498
vt 0.8342 0.43775
vt 0.8291 0.43775
vt 0.82415 0.26464
vt 0.82178 0.26464
vt 0.82178 0.27044
vt 0.82415 0.27044
vt 0.817 0.27044
vt 0.81937 0.27044
vt 0.81937 0.26464
vt 0.817 0.26464
vt 0.94836 0.42638
vt 0.95073 0.42638
vt 0.95073 0.41268
vt 0.94836 0.41268
vt 0.80968 0.31552
vt 0.81548 0.31552
vt 0.81548 0.30182
vt 0.80968 0.30182
vt 0.91111 0.279
vt 0.90874 0.279
vt 0.90874 0.2927
vt 0.91111 0.2927
vt 0.88887 0.3456
vt 0.89467 0.3456
vt 0.89467 0.3319
vt 0.88887 0.3319
vt 0.88769 0.33885
vt 0.88561 0.33885
vt 0.88561 0.34395
vt 0.88769 0.34395
vt 0.92387 0.27312
vt 0.92624 0.27312
vt 0.92624 0.26732
vt 0.92387 0.26732
vt 0.96425 0.42658
vt 0.96662 0.42658
vt 0.96662 0.41288
vt 0.96425 0.41288
vt 0.89935 0.31793
vt 0.90514 0.31793
vt 0.90514 0.30423
vt 0.89935 0.30423
vt 0.78449 0.31257
vt 0.78686 0.31257
vt 0.78686 0.29886
vt 0.78449 0.29886
vt 0.98807 0.33362
vt 0.99386 0.33362
vt 0.99386 0.31992
vt 0.98807 0.31992
vt 0.98087 0.28085
vt 0.9785 0.28085
vt 0.9785 0.28665
vt 0.98087 0.28665
vt 0.9785 0.41288
vt 0.98087 0.41288
vt 0.98087 0.40708
vt 0.9785 0.40708
vt 0.34719 0.33528
vt 0.34482 0.33528
vt 0.34482 0.34898
vt 0.34719 0.34898
vt 0.42989 0.3519
vt 0.43569 0.3519
vt 0.43569 0.33819
vt 0.42989 0.33819
vt 0.36999 0.41155
vt 0.36822 0.41155
vt 0.36822 0.42182
vt 0.36999 0.42182
vt 0.30328 0.37375
vt 0.30908 0.37375
vt 0.30908 0.36004
vt 0.30328 0.36004
vt 0.36286 0.35471
vt 0.36049 0.35471
vt 0.36049 0.36051
vt 0.36286 0.36051
vt 0.34956 0.37242
vt 0.35193 0.37242
vt 0.35193 0.36662
vt 0.34956 0.36662
vt 0.37074 0.37264
vt 0.36897 0.37264
vt 0.36897 0.3829
vt 0.37074 0.3829
vt 0.44008 0.33858
vt 0.44588 0.33858
vt 0.44588 0.32488
vt 0.44008 0.32488
vt 0.42893 0.27818
vt 0.42656 0.27818
vt 0.42656 0.29188
vt 0.42893 0.29188
vt 0.37586 0.39255
vt 0.37586 0.39741
vt 0.38735 0.39741
vt 0.38735 0.39255
vt 0.37964 0.40721
vt 0.38141 0.40721
vt 0.38141 0.40287
vt 0.37964 0.40287
vt 0.43801 0.44738
vt 0.43801 0.44937
vt 0.44288 0.44937
vt 0.44288 0.44738
vt 0.43166 0.2926
vt 0.43403 0.2926
vt 0.43403 0.2789
vt 0.43166 0.2789
vt 0.35034 0.41155
vt 0.35468 0.41155
vt 0.35468 0.40129
vt 0.35034 0.40129
vt 0.33395 0.28246
vt 0.33573 0.28246
vt 0.33573 0.2722
vt 0.33395 0.2722
vt 0.29863 0.31616
vt 0.29283 0.31616
vt 0.29283 0.32986
vt 0.29863 0.32986
vt 0.29682 0.29223
vt 0.29919 0.29223
vt 0.29919 0.28643
vt 0.29682 0.28643
vt 0.37989 0.28555
vt 0.37753 0.28555
vt 0.37753 0.29135
vt 0.37989 0.29135
vt 0.77436 0.59546
vt 0.77673 0.59546
vt 0.77673 0.58176
vt 0.77436 0.58176
vt 0.93681 0.57969
vt 0.93101 0.57969
vt 0.93101 0.5934
vt 0.93681 0.5934
vt 0.96561 0.55228
vt 0.96324 0.55228
vt 0.96324 0.56599
vt 0.96561 0.56599
vt 0.93884 0.63451
vt 0.93304 0.63451
vt 0.93304 0.64822
vt 0.93884 0.64822
vt 0.97593 0.66691
vt 0.97356 0.66691
vt 0.97356 0.67271
vt 0.97593 0.67271
vt 0.95641 0.57994
vt 0.95805 0.57994
vt 0.95805 0.57593
vt 0.95641 0.57593
vt 0.8278 0.68851
vt 0.83017 0.68851
vt 0.83017 0.6748
vt 0.8278 0.6748
vt 0.82805 0.56339
vt 0.82225 0.56339
vt 0.82225 0.57709
vt 0.82805 0.57709
vt 0.76436 0.53633
vt 0.76199 0.53633
vt 0.76199 0.55003
vt 0.76436 0.55003
vt 0.92806 0.55147
vt 0.854 0.55673
vt 0.85163 0.55673
vt 0.85163 0.56253
vt 0.854 0.56253
vt 0.80326 0.5759
vt 0.80563 0.5759
vt 0.80563 0.5701
vt 0.80326 0.5701
vt 0.70745 0.55524
vt 0.70982 0.55524
vt 0.70982 0.54154
vt 0.70745 0.54154
vt 0.72169 0.60281
vt 0.72169 0.61652
vt 0.73706 0.67567
vt 0.73706 0.68938
vt 0.73943 0.68938
vt 0.55009 0.62561
vt 0.55589 0.62561
vt 0.55589 0.6119
vt 0.55009 0.6119
vt 0.58819 0.63932
vt 0.59055 0.63932
vt 0.59055 0.63352
vt 0.58819 0.63352
vt 0.6769 0.53279
vt 0.67927 0.53279
vt 0.67927 0.52699
vt 0.6769 0.52699
vt 0.6977 0.57993
vt 0.69533 0.57993
vt 0.69533 0.59363
vt 0.6977 0.59363
vt 0.70402 0.65835
vt 0.69823 0.65835
vt 0.69823 0.67205
vt 0.70402 0.67205
vt 0.73985 0.64109
vt 0.73749 0.64109
vt 0.73749 0.6548
vt 0.73985 0.6548
vt 0.66281 0.63563
vt 0.66861 0.62192
vt 0.66281 0.62192
vt 0.64033 0.57053
vt 0.63796 0.57053
vt 0.63796 0.57632
vt 0.64033 0.57632
vt 0.57767 0.64965
vt 0.58004 0.64965
vt 0.58004 0.64385
vt 0.57767 0.64385
vt 0.85438 0.05219
vt 0.85202 0.05219
vt 0.85202 0.0659
vt 0.85438 0.0659
vt 0.78908 0.09761
vt 0.79488 0.09761
vt 0.79488 0.0839
vt 0.78908 0.0839
vt 0.9955 0.05567
vt 0.99314 0.05567
vt 0.99314 0.06937
vt 0.9955 0.06937
vt 0.98912 0.16674
vt 0.98332 0.16674
vt 0.98332 0.18044
vt 0.98912 0.18044
vt 0.97544 0.04898
vt 0.9778 0.04898
vt 0.9778 0.04318
vt 0.97544 0.04318
vt 0.9091 0.09178
vt 0.91147 0.09178
vt 0.91147 0.08598
vt 0.9091 0.08598
vt 0.8975 0.16725
vt 0.89513 0.16725
vt 0.89513 0.18095
vt 0.8975 0.18095
vt 0.85838 0.12214
vt 0.85259 0.12214
vt 0.85259 0.13585
vt 0.85838 0.13585
vt 0.85958 0.09561
vt 0.86195 0.09561
vt 0.86195 0.08191
vt 0.85958 0.08191
vt 0.97173 0.16674
vt 0.97752 0.16674
vt 0.97752 0.15303
vt 0.97173 0.15303
vt 0.90628 0.05005
vt 0.90865 0.05005
vt 0.90865 0.04425
vt 0.90628 0.04425
vt 0.94226 0.04904
vt 0.94463 0.04904
vt 0.94463 0.04324
vt 0.94226 0.04324
vt 0.33812 0.60674
vt 0.33596 0.60674
vt 0.33596 0.61922
vt 0.33812 0.61922
vt 0.43171 0.60762
vt 0.42591 0.60762
vt 0.42591 0.62133
vt 0.43171 0.62133
vt 0.31424 0.60678
vt 0.31208 0.60678
vt 0.31208 0.61925
vt 0.31424 0.61925
vt 0.4491 0.68409
vt 0.4491 0.6978
vt 0.37243 0.60054
vt 0.37458 0.60054
vt 0.37458 0.59527
vt 0.37243 0.59527
vt 0.46899 0.62131
vt 0.47068 0.62131
vt 0.47068 0.61716
vt 0.46899 0.61716
vt 0.37283 0.43834
vt 0.37283 0.44032
vt 0.38431 0.44032
vt 0.38431 0.43834
vt 0.39435 0.32824
vt 0.39433 0.32338
vt 0.38311 0.32338
vt 0.38313 0.32824
vt 0.37646 0.29354
vt 0.3741 0.29353
vt 0.3741 0.30723
vt 0.37646 0.30723
vt 0.29028 0.44483
vt 0.29462 0.44485
vt 0.29462 0.43483
vt 0.29028 0.43481
vt 0.30896 0.44276
vt 0.30665 0.44277
vt 0.30665 0.44857
vt 0.30896 0.44855
vt 0.33787 0.44908
vt 0.34018 0.4491
vt 0.34018 0.4433
vt 0.33787 0.44329
vt 0.36645 0.42182
vt 0.36645 0.41155
vt 0.42784 0.3422
vt 0.42204 0.3422
vt 0.42204 0.35591
vt 0.42784 0.35591
vt 0.40024 0.31128
vt 0.40261 0.31128
vt 0.40261 0.29758
vt 0.40024 0.29758
vt 0.26728 0.30561
vt 0.26148 0.30561
vt 0.26148 0.31931
vt 0.26728 0.31931
vt 0.37964 0.37856
vt 0.37786 0.37856
vt 0.37786 0.3829
vt 0.37964 0.3829
vt 0.43085 0.28587
vt 0.42849 0.28587
vt 0.42849 0.29167
vt 0.43085 0.29167
vt 0.46106 0.62244
vt 0.45936 0.62244
vt 0.45936 0.63225
vt 0.46106 0.63225
vt 0.41925 0.66688
vt 0.4234 0.66688
vt 0.4234 0.65706
vt 0.41925 0.65706
vt 0.47871 0.74253
vt 0.48108 0.74253
vt 0.48108 0.72883
vt 0.47871 0.72883
vt 0.32671 0.5502
vt 0.32092 0.5502
vt 0.32092 0.56391
vt 0.32671 0.56391
vt 0.48585 0.58021
vt 0.48822 0.58021
vt 0.48822 0.57442
vt 0.48585 0.57442
vt 0.30409 0.51144
vt 0.30172 0.51144
vt 0.30172 0.51723
vt 0.30409 0.51723
vt 0.68284 0.39661
vt 0.68521 0.39661
vt 0.68521 0.3829
vt 0.68284 0.3829
vt 0.63194 0.40838
vt 0.63774 0.40838
vt 0.63774 0.39468
vt 0.63194 0.39468
vt 0.60202 0.39015
vt 0.60438 0.39015
vt 0.60438 0.37645
vt 0.60202 0.37645
vt 0.5835 0.35052
vt 0.5893 0.35052
vt 0.5893 0.33682
vt 0.5835 0.33682
vt 0.61633 0.26615
vt 0.61396 0.26615
vt 0.61396 0.27195
vt 0.61633 0.27195
vt 0.69425 0.31529
vt 0.69662 0.31529
vt 0.69662 0.3095
vt 0.69425 0.3095
vt 0.67603 0.28795
vt 0.6784 0.28795
vt 0.6784 0.27425
vt 0.67603 0.27425
vt 0.65513 0.39468
vt 0.64934 0.39468
vt 0.64934 0.40838
vt 0.65513 0.40838
vt 0.52422 0.30457
vt 0.52659 0.30457
vt 0.52659 0.29087
vt 0.52422 0.29087
vt 0.68516 0.29299
vt 0.67936 0.29299
vt 0.67936 0.3067
vt 0.68516 0.3067
vt 0.62423 0.3844
vt 0.6266 0.3844
vt 0.6266 0.3786
vt 0.62423 0.3786
vt 0.69426 0.43361
vt 0.69189 0.43361
vt 0.69189 0.43941
vt 0.69426 0.43941
vt 0.79023 0.09553
vt 0.7926 0.09553
vt 0.7926 0.08182
vt 0.79023 0.08182
vt 0.99491 0.16674
vt 0.99491 0.18044
vt 0.85706 0.11425
vt 0.85943 0.11425
vt 0.85943 0.10055
vt 0.85706 0.10055
vt 0.98912 0.13933
vt 0.99491 0.13933
vt 0.99491 0.12562
vt 0.98912 0.12562
vt 0.83942 0.04825
vt 0.84179 0.04825
vt 0.84179 0.04245
vt 0.83942 0.04245
vt 0.87124 0.04429
vt 0.86887 0.04429
vt 0.86887 0.05009
vt 0.87124 0.05009
vt 0.76592 0.07027
vt 0.76828 0.07027
vt 0.76828 0.05657
vt 0.76592 0.05657
vt 0.98912 0.15303
vt 0.99491 0.15303
vt 0.84974 0.09223
vt 0.8521 0.09223
vt 0.8521 0.07853
vt 0.84974 0.07853
vt 0.94477 0.1197
vt 0.95057 0.1197
vt 0.95057 0.106
vt 0.94477 0.106
vt 0.92277 0.11803
vt 0.9204 0.11803
vt 0.9204 0.12383
vt 0.92277 0.12383
vt 0.92277 0.17074
vt 0.9204 0.17074
vt 0.9204 0.17654
vt 0.92277 0.17654
vt 0.65687 0.27921
vt 0.6545 0.27921
vt 0.6545 0.29291
vt 0.65687 0.29291
vt 0.65513 0.4813
vt 0.66093 0.4813
vt 0.66093 0.46759
vt 0.65513 0.46759
vt 0.68474 0.4813
vt 0.68237 0.4813
vt 0.68237 0.495
vt 0.68474 0.495
vt 0.58211 0.44046
vt 0.58791 0.44046
vt 0.58791 0.42676
vt 0.58211 0.42676
vt 0.61783 0.36114
vt 0.61546 0.36114
vt 0.61546 0.36693
vt 0.61783 0.36693
vt 0.69743 0.26627
vt 0.69506 0.26627
vt 0.69506 0.27207
vt 0.69743 0.27207
vt 0.38898 0.66504
vt 0.38661 0.66504
vt 0.38898 0.67874
vt 0.41144 0.59457
vt 0.41672 0.59457
vt 0.41672 0.58209
vt 0.41144 0.58209
vt 0.4625 0.60401
vt 0.4642 0.60401
vt 0.4642 0.5942
vt 0.4625 0.5942
vt 0.36361 0.64318
vt 0.35781 0.64318
vt 0.35781 0.65689
vt 0.36361 0.65689
vt 0.3391 0.54371
vt 0.33694 0.54371
vt 0.33694 0.54899
vt 0.3391 0.54899
vt 0.47133 0.58897
vt 0.46964 0.58897
vt 0.46964 0.59312
vt 0.47133 0.59312
vt 0.47913 0.63865
vt 0.4815 0.63865
vt 0.4815 0.62495
vt 0.47913 0.62495
vt 0.34042 0.65689
vt 0.34622 0.65689
vt 0.34622 0.64318
vt 0.34042 0.64318
vt 0.40793 0.53318
vt 0.4103 0.53318
vt 0.4103 0.51947
vt 0.40793 0.51947
vt 0.34915 0.65452
vt 0.34387 0.65452
vt 0.34387 0.667
vt 0.34915 0.667
vt 0.29503 0.57973
vt 0.29267 0.57973
vt 0.29267 0.58553
vt 0.29503 0.58553
vt 0.30016 0.51144
vt 0.29779 0.51144
vt 0.29779 0.51724
vt 0.30016 0.51724
vt 0.87425 0.65048
vt 0.87689 0.65048
vt 0.87689 0.64099
vt 0.87425 0.64099
vt 0.88684 0.60826
vt 0.88104 0.60826
vt 0.88104 0.62196
vt 0.88684 0.62196
vt 0.86892 0.63463
vt 0.87273 0.63463
vt 0.87273 0.62092
vt 0.86892 0.62092
vt 0.81212 0.65122
vt 0.81792 0.65122
vt 0.81792 0.63752
vt 0.81212 0.63752
vt 0.76064 0.5702
vt 0.76445 0.5702
vt 0.76445 0.5644
vt 0.76064 0.5644
vt 0.96076 0.57028
vt 0.95694 0.57028
vt 0.95694 0.57607
vt 0.96076 0.57607
vt 0.20944 0.45464
vt 0.21181 0.45464
vt 0.21181 0.44093
vt 0.20944 0.44093
vt 0.04831 0.38471
vt 0.04251 0.38471
vt 0.04251 0.39841
vt 0.04831 0.39841
vt 0.02913 0.37088
vt 0.0315 0.37088
vt 0.0315 0.35718
vt 0.02913 0.35718
vt 0.17458 0.44093
vt 0.18038 0.44093
vt 0.18038 0.42723
vt 0.17458 0.42723
vt 0.2235 0.26785
vt 0.22113 0.26785
vt 0.22113 0.27365
vt 0.2235 0.27365
vt 0.13227 0.40078
vt 0.1299 0.40078
vt 0.1299 0.40658
vt 0.13227 0.40658
vt 0.18977 0.41472
vt 0.19214 0.41472
vt 0.19214 0.40101
vt 0.18977 0.40101
vt 0.14785 0.35621
vt 0.14206 0.35621
vt 0.14206 0.36991
vt 0.14785 0.36991
vt 0.11847 0.39138
vt 0.12083 0.39138
vt 0.12083 0.37767
vt 0.11847 0.37767
vt 0.10448 0.36733
vt 0.09868 0.36733
vt 0.09868 0.38104
vt 0.10448 0.38104
vt 0.01797 0.28106
vt 0.02034 0.28106
vt 0.02034 0.27526
vt 0.01797 0.27526
vt 0.17493 0.30988
vt 0.17256 0.30988
vt 0.17256 0.31568
vt 0.17493 0.31568
vt 0.19214 0.4248
vt 0.18977 0.4248
vt 0.18977 0.43851
vt 0.19214 0.43851
vt 0.07958 0.45182
vt 0.08537 0.45182
vt 0.08537 0.43811
vt 0.07958 0.43811
vt 0.01797 0.30847
vt 0.02034 0.30847
vt 0.02034 0.29476
vt 0.01797 0.29476
vt 0.10896 0.42354
vt 0.11476 0.42354
vt 0.11476 0.40984
vt 0.10896 0.40984
vt 0.12788 0.46552
vt 0.13025 0.46552
vt 0.13025 0.45973
vt 0.12788 0.45973
vt 0.16833 0.3541
vt 0.1707 0.3541
vt 0.1707 0.3483
vt 0.16833 0.3483
vt 0.4122 0.54166
vt 0.41005 0.54166
vt 0.41005 0.55413
vt 0.4122 0.55413
vt 0.35496 0.57547
vt 0.34968 0.57547
vt 0.34968 0.58795
vt 0.35496 0.58795
vt 0.32676 0.53869
vt 0.32913 0.53869
vt 0.32913 0.52498
vt 0.32676 0.52498
vt 0.33168 0.65867
vt 0.33747 0.65867
vt 0.33747 0.64496
vt 0.33168 0.64496
vt 0.38284 0.52275
vt 0.385 0.52275
vt 0.385 0.51747
vt 0.38284 0.51747
vt 0.46917 0.67206
vt 0.47087 0.67206
vt 0.47087 0.66791
vt 0.46917 0.66791
vt 0.47397 0.74253
vt 0.47634 0.74253
vt 0.47634 0.72883
vt 0.47397 0.72883
vt 0.4491 0.67323
vt 0.4491 0.65953
vt 0.378 0.60996
vt 0.38015 0.60996
vt 0.38015 0.59749
vt 0.378 0.59749
vt 0.42755 0.68706
vt 0.42755 0.69687
vt 0.47047 0.57657
vt 0.47217 0.57657
vt 0.47217 0.57242
vt 0.47047 0.57242
vt 0.48822 0.5528
vt 0.49059 0.5528
vt 0.49059 0.54701
vt 0.48822 0.54701
vt 0.45886 0.58897
vt 0.45886 0.57916
vt 0.2593 0.57759
vt 0.2651 0.57759
vt 0.2651 0.56388
vt 0.2593 0.56388
vt 0.46178 0.66225
vt 0.46009 0.66225
vt 0.46009 0.67206
vt 0.46178 0.67206
vt 0.42012 0.67323
vt 0.42591 0.67323
vt 0.42591 0.65953
vt 0.42012 0.65953
vt 0.35941 0.51619
vt 0.35704 0.51619
vt 0.35704 0.52199
vt 0.35941 0.52199
vt 0.31209 0.51362
vt 0.30972 0.51362
vt 0.30972 0.51941
vt 0.31209 0.51941
vt 0.33511 0.61755
vt 0.33747 0.61755
vt 0.33747 0.60385
vt 0.33511 0.60385
vt 0.4317 0.70668
vt 0.42755 0.70668
vt 0.42755 0.7165
vt 0.4317 0.7165
vt 0.46197 0.56675
vt 0.46027 0.56675
vt 0.46027 0.57657
vt 0.46197 0.57657
vt 0.40196 0.70777
vt 0.39668 0.70777
vt 0.39668 0.72024
vt 0.40196 0.72024
vt 0.48785 0.62706
vt 0.48785 0.63286
vt 0.26955 0.51734
vt 0.27192 0.51734
vt 0.27192 0.51155
vt 0.26955 0.51155
vt 0.07222 0.2811
vt 0.06986 0.2811
vt 0.06986 0.29481
vt 0.07222 0.29481
vt 0.13591 0.39377
vt 0.13011 0.39377
vt 0.13011 0.40748
vt 0.13591 0.40748
vt 0.18977 0.45583
vt 0.19214 0.45583
vt 0.19214 0.44213
vt 0.18977 0.44213
vt 0.07273 0.41232
vt 0.06693 0.41232
vt 0.06693 0.42603
vt 0.07273 0.42603
vt 0.15481 0.36378
vt 0.15718 0.36378
vt 0.15718 0.35799
vt 0.15481 0.35799
vt 0.12879 0.39138
vt 0.12642 0.39138
vt 0.12642 0.39717
vt 0.12879 0.39717
vt 0.15754 0.45147
vt 0.15991 0.45147
vt 0.15991 0.43777
vt 0.15754 0.43777
vt 0.11607 0.44025
vt 0.11027 0.44025
vt 0.11027 0.45396
vt 0.11607 0.45396
vt 0.10337 0.31543
vt 0.10101 0.31543
vt 0.10101 0.32914
vt 0.10337 0.32914
vt 0.03671 0.39841
vt 0.03671 0.41212
vt 0.04251 0.41212
vt 0.13035 0.38558
vt 0.12798 0.38558
vt 0.12798 0.39138
vt 0.13035 0.39138
vt 0.07131 0.30963
vt 0.07368 0.30963
vt 0.07368 0.30384
vt 0.07131 0.30384
vt 0.56938 0.30457
vt 0.57175 0.30457
vt 0.57175 0.29087
vt 0.56938 0.29087
vt 0.64557 0.38751
vt 0.65137 0.38751
vt 0.65137 0.3738
vt 0.64557 0.3738
vt 0.54411 0.28031
vt 0.54648 0.28031
vt 0.54648 0.2666
vt 0.54411 0.2666
vt 0.5704 0.33198
vt 0.57619 0.33198
vt 0.57619 0.31828
vt 0.5704 0.31828
vt 0.69426 0.45818
vt 0.69189 0.45818
vt 0.69189 0.46397
vt 0.69426 0.46397
vt 0.69662 0.46397
vt 0.69662 0.45818
vt 0.86739 0.0447
vt 0.86976 0.0447
vt 0.86976 0.031
vt 0.86739 0.031
vt 0.76974 0.15729
vt 0.76394 0.15729
vt 0.76394 0.171
vt 0.76974 0.171
vt 0.93237 0.08659
vt 0.93474 0.08659
vt 0.93474 0.07289
vt 0.93237 0.07289
vt 0.91761 0.15932
vt 0.91181 0.15932
vt 0.91181 0.17303
vt 0.91761 0.17303
vt 0.86195 0.1696
vt 0.86431 0.1696
vt 0.86431 0.16381
vt 0.86195 0.16381
vt 0.83151 0.12333
vt 0.83388 0.12333
vt 0.83388 0.11753
vt 0.83151 0.11753
vt 0.7735 0.14359
vt 0.77587 0.14359
vt 0.77587 0.12988
vt 0.7735 0.12988
vt 0.84663 0.10483
vt 0.85243 0.10483
vt 0.85243 0.09112
vt 0.84663 0.09112
vt 0.88385 0.14468
vt 0.88621 0.14468
vt 0.88621 0.13097
vt 0.88385 0.13097
vt 0.80941 0.15379
vt 0.80361 0.15379
vt 0.80361 0.16749
vt 0.80941 0.16749
vt 0.86427 0.14428
vt 0.86191 0.14428
vt 0.86191 0.15008
vt 0.86427 0.15008
vt 0.86284 0.1119
vt 0.86521 0.1119
vt 0.86521 0.1061
vt 0.86284 0.1061
vt 0.53316 0.06238
vt 0.53553 0.06238
vt 0.53553 0.04868
vt 0.53316 0.04868
vt 0.6181 0.19676
vt 0.6239 0.19676
vt 0.6239 0.18306
vt 0.6181 0.18306
vt 0.68241 0.22951
vt 0.68478 0.22951
vt 0.68478 0.21581
vt 0.68241 0.21581
vt 0.65185 0.01301
vt 0.64605 0.01301
vt 0.64605 0.02672
vt 0.65185 0.02672
vt 0.69359 0.14957
vt 0.69595 0.14957
vt 0.69595 0.14377
vt 0.69359 0.14377
vt 0.5539 0.16206
vt 0.55627 0.16206
vt 0.55627 0.15626
vt 0.5539 0.15626
vt 0.65894 0.01548
vt 0.65657 0.01548
vt 0.65657 0.02919
vt 0.65894 0.02919
vt 0.62919 0.10018
vt 0.63499 0.10018
vt 0.63499 0.08647
vt 0.62919 0.08647
vt 0.71662 0.04804
vt 0.71425 0.04804
vt 0.71425 0.06174
vt 0.71662 0.06174
vt 0.68122 0.19057
vt 0.68702 0.19057
vt 0.68702 0.17686
vt 0.68122 0.17686
vt 0.53618 0.11011
vt 0.53854 0.11011
vt 0.53854 0.10431
vt 0.53618 0.10431
vt 0.57922 0.10462
vt 0.57685 0.10462
vt 0.57685 0.11041
vt 0.57922 0.11041
vt 0.54958 0.06238
vt 0.55195 0.06238
vt 0.55195 0.04868
vt 0.54958 0.04868
vt 0.67985 0.08919
vt 0.67406 0.08919
vt 0.67406 0.10289
vt 0.67985 0.10289
vt 0.57449 0.11621
vt 0.57212 0.11621
vt 0.57212 0.12992
vt 0.57449 0.12992
vt 0.61605 0.20656
vt 0.61025 0.20656
vt 0.61025 0.22026
vt 0.61605 0.22026
vt 0.63647 0.10966
vt 0.63884 0.10966
vt 0.63884 0.10386
vt 0.63647 0.10386
vt 0.67252 0.15435
vt 0.67015 0.15435
vt 0.67015 0.16015
vt 0.67252 0.16015
vt 0.65069 0.27787
vt 0.64832 0.27787
vt 0.64832 0.29157
vt 0.65069 0.29157
vt 0.63194 0.43656
vt 0.62615 0.43656
vt 0.62615 0.45027
vt 0.63194 0.45027
vt 0.61391 0.41905
vt 0.61628 0.41905
vt 0.61628 0.40534
vt 0.61391 0.40534
vt 0.5835 0.39164
vt 0.5777 0.39164
vt 0.5777 0.40534
vt 0.5835 0.40534
vt 0.63146 0.29115
vt 0.63383 0.29115
vt 0.63383 0.28535
vt 0.63146 0.28535
vt 0.69426 0.412
vt 0.69662 0.412
vt 0.69662 0.4062
vt 0.69426 0.4062
vt 0.08521 0.35173
vt 0.08758 0.35173
vt 0.08758 0.33802
vt 0.08521 0.33802
vt 0.24146 0.36936
vt 0.23566 0.36936
vt 0.23566 0.38306
vt 0.24146 0.38306
vt 0.09236 0.3288
vt 0.08999 0.3288
vt 0.08999 0.3425
vt 0.09236 0.3425
vt 0.18799 0.3965
vt 0.19379 0.3965
vt 0.19379 0.3828
vt 0.18799 0.3828
vt 0.14671 0.41513
vt 0.14908 0.41513
vt 0.14908 0.40933
vt 0.14671 0.40933
vt 0.14854 0.29383
vt 0.14618 0.29383
vt 0.14618 0.29963
vt 0.14854 0.29963
vt 0.11014 0.34063
vt 0.10777 0.34063
vt 0.10777 0.35434
vt 0.11014 0.35434
vt 0.36533 1.13544
vt 0.35954 1.13544
vt 0.35954 1.14914
vt 0.36533 1.14914
vt 0.2006 0.32835
vt 0.19824 0.32835
vt 0.19824 0.34205
vt 0.2006 0.34205
vt 0.08841 0.4592
vt 0.09421 0.4592
vt 0.09421 0.44549
vt 0.08841 0.44549
vt 0.14613 0.29383
vt 0.14376 0.29383
vt 0.14376 0.29963
vt 0.14613 0.29963
vt 0.02201 0.32349
vt 0.02438 0.32349
vt 0.02438 0.31769
vt 0.02201 0.31769
vt 0.24439 0.34159
vt 0.24203 0.34159
vt 0.24203 0.35529
vt 0.24439 0.35529
vt 0.1104 0.38175
vt 0.1046 0.38175
vt 0.1046 0.39545
vt 0.1104 0.39545
vt 0.08789 0.32046
vt 0.09026 0.32046
vt 0.09026 0.30675
vt 0.08789 0.30675
vt 0.17888 0.38939
vt 0.18468 0.38939
vt 0.18468 0.37569
vt 0.17888 0.37569
vt 0.11034 0.29885
vt 0.10797 0.29885
vt 0.10797 0.30465
vt 0.11034 0.30465
vt 0.14881 0.28648
vt 0.15118 0.28648
vt 0.15118 0.28068
vt 0.14881 0.28068
vt 0.9621 0.65184
vt 0.96447 0.65184
vt 0.96447 0.63813
vt 0.9621 0.63813
vt 0.80534 0.65068
vt 0.79954 0.65068
vt 0.79954 0.66438
vt 0.80534 0.66438
vt 0.79264 0.54992
vt 0.79501 0.54992
vt 0.79501 0.53622
vt 0.79264 0.53622
vt 0.81442 0.5908
vt 0.82021 0.5908
vt 0.82021 0.57709
vt 0.81442 0.57709
vt 0.97683 0.70592
vt 0.97919 0.70592
vt 0.97919 0.70012
vt 0.97683 0.70012
vt 0.86584 0.52168
vt 0.86347 0.52168
vt 0.86347 0.52748
vt 0.86584 0.52748
vt 0.88687 0.28757
vt 0.88923 0.28757
vt 0.88923 0.27386
vt 0.88687 0.27386
vt 0.87301 0.42682
vt 0.87881 0.42682
vt 0.87881 0.41311
vt 0.87301 0.41311
vt 0.97954 0.27522
vt 0.97717 0.27522
vt 0.84888 0.37252
vt 0.84378 0.37252
vt 0.84378 0.38457
vt 0.84888 0.38457
vt 0.97613 0.34938
vt 0.9785 0.34938
vt 0.9785 0.34358
vt 0.97613 0.34358
vt 0.85909 0.27174
vt 0.86146 0.27174
vt 0.86146 0.26594
vt 0.85909 0.26594
vt 0.96661 0.29245
vt 0.96424 0.29245
vt 0.96424 0.30616
vt 0.96661 0.30616
vt 0.8286 0.30365
vt 0.8228 0.30365
vt 0.8228 0.31735
vt 0.8286 0.31735
vt 0.96562 0.46485
vt 0.96798 0.46485
vt 0.96798 0.45115
vt 0.96562 0.45115
vt 0.93076 0.48254
vt 0.92497 0.48254
vt 0.92497 0.49625
vt 0.93076 0.49625
vt 0.83147 0.27373
vt 0.8291 0.27373
vt 0.8291 0.27952
vt 0.83147 0.27952
vt 0.78686 0.26565
vt 0.78449 0.26565
vt 0.78449 0.27145
vt 0.78686 0.27145
vt 0.93979 0.27946
vt 0.93742 0.27946
vt 0.93742 0.29317
vt 0.93979 0.29317
vt 0.91619 0.43744
vt 0.91039 0.43744
vt 0.91039 0.45115
vt 0.91619 0.45115
vt 0.84412 0.29323
vt 0.84649 0.29323
vt 0.84649 0.27952
vt 0.84412 0.27952
vt 0.83868 0.37252
vt 0.83358 0.37252
vt 0.83358 0.38457
vt 0.83868 0.38457
vt 0.97613 0.39338
vt 0.9785 0.39338
vt 0.9785 0.38758
vt 0.97613 0.38758
vt 0.76033 0.2702
vt 0.7627 0.2702
vt 0.7627 0.2644
vt 0.76033 0.2644
vt 0.87527 0.2828
vt 0.87764 0.2828
vt 0.87764 0.2691
vt 0.87527 0.2691
vt 0.88461 0.42682
vt 0.8904 0.42682
vt 0.8904 0.41311
vt 0.88461 0.41311
vt 0.96898 0.29245
vt 0.96898 0.30616
vt 0.84888 0.30268
vt 0.84378 0.30268
vt 0.84378 0.31474
vt 0.84888 0.31474
vt 0.88655 0.35217
vt 0.88863 0.35217
vt 0.88863 0.34707
vt 0.88655 0.34707
vt 0.88872 0.36423
vt 0.8908 0.36423
vt 0.8908 0.35913
vt 0.88872 0.35913
vt 0.30382 0.31629
vt 0.30618 0.31629
vt 0.30618 0.30259
vt 0.30382 0.30259
vt 0.4132 0.34364
vt 0.40741 0.34364
vt 0.40741 0.35734
vt 0.4132 0.35734
vt 0.39722 0.37098
vt 0.39958 0.37098
vt 0.39958 0.35728
vt 0.39722 0.35728
vt 0.3746 0.3516
vt 0.3804 0.3516
vt 0.3804 0.3379
vt 0.3746 0.3379
vt 0.44323 0.29614
vt 0.4456 0.29614
vt 0.4456 0.29035
vt 0.44323 0.29035
vt 0.38905 0.3333
vt 0.39141 0.3333
vt 0.39141 0.3275
vt 0.38905 0.3275
vt 0.287 0.27824
vt 0.28463 0.27824
vt 0.28463 0.29195
vt 0.287 0.29195
vt 0.34166 0.42453
vt 0.346 0.42453
vt 0.346 0.41426
vt 0.34166 0.41426
vt 0.41765 0.27763
vt 0.41529 0.27763
vt 0.41529 0.29134
vt 0.41765 0.29134
vt 0.41624 0.3422
vt 0.41624 0.35591
vt 0.42349 0.44572
vt 0.42349 0.44771
vt 0.42835 0.44771
vt 0.42835 0.44572
vt 0.29436 0.28643
vt 0.292 0.28643
vt 0.292 0.29223
vt 0.29436 0.29223
vt 0.45949 0.29337
vt 0.46186 0.29337
vt 0.46186 0.27967
vt 0.45949 0.27967
vt 0.26148 0.33302
vt 0.26728 0.33302
vt 0.40739 0.29758
vt 0.40502 0.29758
vt 0.40502 0.31128
vt 0.40739 0.31128
vt 0.41045 0.3422
vt 0.41045 0.35591
vt 0.4391 0.266
vt 0.43673 0.266
vt 0.43673 0.2718
vt 0.4391 0.2718
vt 0.38114 0.27
vt 0.38351 0.27
vt 0.38351 0.2642
vt 0.38114 0.2642
vt 0.4495 0.43742
vt 0.4495 0.43543
vt 0.43801 0.43543
vt 0.43801 0.43742
vt 0.44619 0.35193
vt 0.45198 0.35193
vt 0.45198 0.33822
vt 0.44619 0.33822
vt 0.43085 0.29747
vt 0.42849 0.29747
vt 0.42849 0.31117
vt 0.43085 0.31117
vt 0.33419 0.31936
vt 0.32839 0.31936
vt 0.32839 0.33306
vt 0.33419 0.33306
vt 0.31774 0.26663
vt 0.31951 0.26663
vt 0.31951 0.26229
vt 0.31774 0.26229
vt 0.44564 0.29131
vt 0.44801 0.29131
vt 0.44801 0.28551
vt 0.44564 0.28551
vt 0.65126 0.56407
vt 0.65362 0.56407
vt 0.65362 0.55036
vt 0.65126 0.55036
vt 0.70982 0.59636
vt 0.70402 0.59636
vt 0.70402 0.61006
vt 0.70982 0.61006
vt 0.55995 0.58319
vt 0.55758 0.58319
vt 0.55758 0.5969
vt 0.55995 0.5969
vt 0.69823 0.67567
vt 0.69243 0.67567
vt 0.69243 0.68938
vt 0.69823 0.68938
vt 0.68067 0.57721
vt 0.68304 0.57721
vt 0.68304 0.57141
vt 0.68067 0.57141
vt 0.72254 0.67094
vt 0.72018 0.67094
vt 0.72018 0.67674
vt 0.72254 0.67674
vt 0.69615 0.54154
vt 0.69378 0.54154
vt 0.69378 0.55524
vt 0.69615 0.55524
vt 0.60407 0.59588
vt 0.60987 0.59588
vt 0.60987 0.58217
vt 0.60407 0.58217
vt 0.65914 0.59671
vt 0.6615 0.59671
vt 0.6615 0.58301
vt 0.65914 0.58301
vt 0.67237 0.61391
vt 0.67817 0.61391
vt 0.67817 0.6002
vt 0.67237 0.6002
vt 0.61229 0.52742
vt 0.60992 0.52742
vt 0.60992 0.53322
vt 0.61229 0.53322
vt 0.72254 0.61535
vt 0.72018 0.61535
vt 0.72018 0.62115
vt 0.72254 0.62115
vt 0.90545 0.06818
vt 0.90782 0.06818
vt 0.90782 0.05448
vt 0.90545 0.05448
vt 0.8268 0.14008
vt 0.821 0.14008
vt 0.821 0.15379
vt 0.8268 0.15379
vt 0.81925 0.06462
vt 0.82162 0.06462
vt 0.82162 0.05092
vt 0.81925 0.05092
vt 0.86368 0.07244
vt 0.85788 0.07244
vt 0.85788 0.08615
vt 0.86368 0.08615
vt 0.91541 0.11036
vt 0.91304 0.11036
vt 0.91304 0.11616
vt 0.91541 0.11616
vt 0.91541 0.12196
vt 0.91304 0.12196
vt 0.91304 0.12776
vt 0.91541 0.12776
vt 0.9133 0.04548
vt 0.91566 0.04548
vt 0.91566 0.03177
vt 0.9133 0.03177
vt 0.86652 0.17014
vt 0.86072 0.17014
vt 0.86072 0.18384
vt 0.86652 0.18384
vt 0.85243 0.12638
vt 0.8548 0.12638
vt 0.8548 0.11267
vt 0.85243 0.11267
vt 0.88977 0.12771
vt 0.88398 0.12771
vt 0.88398 0.14141
vt 0.88977 0.14141
vt 0.94426 0.11611
vt 0.94662 0.11611
vt 0.94662 0.11032
vt 0.94426 0.11032
vt 0.94425 0.08659
vt 0.94662 0.08659
vt 0.94662 0.0808
vt 0.94425 0.0808
vt 0.93882 0.05389
vt 0.93645 0.05389
vt 0.93645 0.0676
vt 0.93882 0.0676
vt 0.83248 0.17025
vt 0.82668 0.17025
vt 0.82668 0.18395
vt 0.83248 0.18395
vt 0.93474 0.19332
vt 0.93711 0.19332
vt 0.93711 0.17961
vt 0.93474 0.17961
vt 0.80941 0.10905
vt 0.80361 0.10905
vt 0.80361 0.12276
vt 0.80941 0.12276
vt 0.94426 0.20628
vt 0.94662 0.20628
vt 0.94662 0.20049
vt 0.94426 0.20049
vt 0.86392 0.21005
vt 0.86629 0.21005
vt 0.86629 0.20425
vt 0.86392 0.20425
vt 0.91019 0.06818
vt 0.91019 0.05448
vt 0.81926 0.05942
vt 0.81346 0.05942
vt 0.81346 0.07313
vt 0.81926 0.07313
vt 0.85274 0.20214
vt 0.85511 0.20214
vt 0.85511 0.18844
vt 0.85274 0.18844
vt 0.87791 0.09295
vt 0.87211 0.09295
vt 0.87211 0.10665
vt 0.87791 0.10665
vt 0.93404 0.0481
vt 0.9364 0.0481
vt 0.9364 0.0423
vt 0.93404 0.0423
vt 0.86664 0.14428
vt 0.86664 0.15008
vt 0.93237 0.20418
vt 0.93001 0.20418
vt 0.93001 0.21788
vt 0.93237 0.21788
vt 0.89934 0.20418
vt 0.89354 0.20418
vt 0.89354 0.21788
vt 0.89934 0.21788
vt 0.84663 0.05001
vt 0.84426 0.05001
vt 0.84426 0.06371
vt 0.84663 0.06371
vt 0.8152 0.1812
vt 0.821 0.1812
vt 0.821 0.16749
vt 0.8152 0.16749
vt 0.86655 0.06153
vt 0.86418 0.06153
vt 0.86418 0.06733
vt 0.86655 0.06733
vt 0.91566 0.16965
vt 0.9133 0.16965
vt 0.9133 0.17544
vt 0.91566 0.17544
vt 0.43069 0.5391
vt 0.43306 0.5391
vt 0.43306 0.52539
vt 0.43069 0.52539
vt 0.43171 0.59392
vt 0.42591 0.59392
vt 0.47871 0.56651
vt 0.48107 0.56651
vt 0.48107 0.5528
vt 0.47871 0.5528
vt 0.2666 0.64397
vt 0.2724 0.64397
vt 0.30223 0.57973
vt 0.29986 0.57973
vt 0.29986 0.58553
vt 0.30223 0.58553
vt 0.39533 0.65689
vt 0.39769 0.65689
vt 0.39769 0.65109
vt 0.39533 0.65109
vt 0.32183 0.63194
vt 0.31967 0.63194
vt 0.31967 0.64441
vt 0.32183 0.64441
vt 0.4491 0.59392
vt 0.4491 0.60762
vt 0.33386 0.52279
vt 0.33149 0.52279
vt 0.33149 0.5365
vt 0.33386 0.5365
vt 0.38737 0.56838
vt 0.38157 0.56838
vt 0.38157 0.58208
vt 0.38737 0.58208
vt 0.46906 0.54345
vt 0.46737 0.54345
vt 0.46737 0.54761
vt 0.46906 0.54761
vt 0.35463 0.5104
vt 0.35226 0.5104
vt 0.35226 0.51619
vt 0.35463 0.51619
vt 0.37821 0.70456
vt 0.38037 0.70456
vt 0.38037 0.69208
vt 0.37821 0.69208
vt 0.40221 0.64064
vt 0.39693 0.64064
vt 0.39693 0.65311
vt 0.40221 0.65311
vt 0.33747 0.59014
vt 0.33511 0.59014
vt 0.27819 0.63061
vt 0.2724 0.63061
vt 0.2724 0.64432
vt 0.27819 0.64432
vt 0.357 0.51619
vt 0.357 0.5104
vt 0.47074 0.53364
vt 0.46905 0.53364
vt 0.46905 0.53779
vt 0.47074 0.53779
vt 0.30755 0.65169
vt 0.30539 0.65169
vt 0.30539 0.66417
vt 0.30755 0.66417
vt 0.35022 0.56399
vt 0.34443 0.56399
vt 0.34443 0.5777
vt 0.35022 0.5777
vt 0.39693 0.66355
vt 0.39909 0.66355
vt 0.39909 0.65107
vt 0.39693 0.65107
vt 0.37686 0.68683
vt 0.37158 0.68683
vt 0.37158 0.6993
vt 0.37686 0.6993
vt 0.40563 0.64579
vt 0.40779 0.64579
vt 0.40779 0.64051
vt 0.40563 0.64051
vt 0.49059 0.56862
vt 0.48822 0.56862
vt 0.22041 0.54824
vt 0.21804 0.54824
vt 0.21804 0.56195
vt 0.22041 0.56195
vt 0.14002 0.5842
vt 0.13422 0.5842
vt 0.13422 0.5979
vt 0.14002 0.5979
vt 0.10991 0.69293
vt 0.11213 0.69293
vt 0.11213 0.68008
vt 0.10991 0.68008
vt 0.06346 0.69288
vt 0.05802 0.69288
vt 0.05802 0.70574
vt 0.06346 0.70574
vt 0.12097 0.52317
vt 0.1186 0.52317
vt 0.1186 0.52897
vt 0.12097 0.52897
vt 0.17709 0.57115
vt 0.17472 0.57115
vt 0.17472 0.57695
vt 0.17709 0.57695
vt 0.13043 0.55997
vt 0.1328 0.55997
vt 0.1328 0.54627
vt 0.13043 0.54627
vt 0.11821 0.58855
vt 0.11241 0.58855
vt 0.11241 0.60225
vt 0.11821 0.60225
vt 0.16441 0.53373
vt 0.16204 0.53373
vt 0.16204 0.54743
vt 0.16441 0.54743
vt 0.12401 0.58855
vt 0.12401 0.60225
vt 0.17235 0.56904
vt 0.17472 0.56904
vt 0.17472 0.56325
vt 0.17235 0.56325
vt 0.01255 0.53146
vt 0.01018 0.53146
vt 0.01018 0.53726
vt 0.01255 0.53726
vt 0.13903 0.54743
vt 0.1414 0.54743
vt 0.1414 0.53373
vt 0.13903 0.53373
vt 0.10662 0.60225
vt 0.10662 0.58855
vt 0.0456 0.55765
vt 0.04797 0.55765
vt 0.04797 0.54395
vt 0.0456 0.54395
vt 0.06922 0.56967
vt 0.06379 0.56967
vt 0.06379 0.58252
vt 0.06922 0.58252
vt 0.16704 0.5286
vt 0.16941 0.5286
vt 0.16941 0.5228
vt 0.16704 0.5228
vt 0.22748 0.52814
vt 0.22985 0.52814
vt 0.22985 0.52234
vt 0.22748 0.52234
vt 0.43741 0.38398
vt 0.43504 0.38398
vt 0.43504 0.39769
vt 0.43741 0.39769
vt 0.30359 0.33914
vt 0.29779 0.33914
vt 0.29779 0.35285
vt 0.30359 0.35285
vt 0.44795 0.2776
vt 0.44559 0.2776
vt 0.44559 0.2913
vt 0.44795 0.2913
vt 0.42046 0.39653
vt 0.42046 0.39167
vt 0.40897 0.39167
vt 0.40897 0.39653
vt 0.38141 0.27378
vt 0.37964 0.27378
vt 0.37964 0.27812
vt 0.38141 0.27812
vt 0.37964 0.42611
vt 0.37786 0.42611
vt 0.37786 0.43045
vt 0.37964 0.43045
vt 0.60402 0.05845
vt 0.60165 0.05845
vt 0.60165 0.07215
vt 0.60402 0.07215
vt 0.65519 0.1765
vt 0.6494 0.1765
vt 0.6494 0.19021
vt 0.65519 0.19021
vt 0.6747 0.19679
vt 0.67706 0.19679
vt 0.67706 0.18309
vt 0.6747 0.18309
vt 0.58562 0.12292
vt 0.57983 0.12292
vt 0.57983 0.13662
vt 0.58562 0.13662
vt 0.58697 0.08863
vt 0.58461 0.08863
vt 0.58461 0.09443
vt 0.58697 0.09443
vt 0.57677 0.09426
vt 0.57914 0.09426
vt 0.57914 0.08847
vt 0.57677 0.08847
vt 0.67245 0.14685
vt 0.67482 0.14685
vt 0.67482 0.13314
vt 0.67245 0.13314
vt 0.63628 0.06462
vt 0.63048 0.06462
vt 0.63048 0.07832
vt 0.63628 0.07832
vt 0.59928 0.07215
vt 0.59928 0.05845
vt 0.63167 0.16576
vt 0.62588 0.16576
vt 0.62588 0.17947
vt 0.63167 0.17947
vt 0.61639 0.08359
vt 0.61402 0.08359
vt 0.61402 0.08939
vt 0.61639 0.08939
vt 0.68658 0.2105
vt 0.68895 0.2105
vt 0.68895 0.2047
vt 0.68658 0.2047
vt 0.66865 0.58301
vt 0.67102 0.58301
vt 0.67102 0.57721
vt 0.66865 0.57721
vt 0.68363 0.71023
vt 0.68127 0.71023
vt 0.68127 0.71602
vt 0.68363 0.71602
vt 0.68976 0.60101
vt 0.68397 0.60061
vt 0.68397 0.61351
vt 0.68976 0.61391
vt 0.50688 0.59121
vt 0.50924 0.59121
vt 0.50924 0.57832
vt 0.50688 0.57832
vt 0.62342 0.69204
vt 0.62922 0.69164
vt 0.62922 0.67875
vt 0.62342 0.67915
vt 0.61329 0.63208
vt 0.61566 0.63208
vt 0.61566 0.61918
vt 0.61329 0.61918
vt 0.61429 0.57843
vt 0.61193 0.57843
vt 0.61193 0.59132
vt 0.61429 0.59132
vt 0.71765 0.63788
vt 0.71185 0.63829
vt 0.71185 0.65118
vt 0.71765 0.65078
vt 0.57642 0.5489
vt 0.57879 0.5489
vt 0.57879 0.53601
vt 0.57642 0.53601
vt 0.62463 0.69285
vt 0.63043 0.69325
vt 0.63043 0.68035
vt 0.62463 0.67995
vt 0.55589 0.64846
vt 0.55826 0.64846
vt 0.55826 0.64267
vt 0.55589 0.64267
vt 0.61776 0.54393
vt 0.62013 0.54393
vt 0.62013 0.53814
vt 0.61776 0.53814
vt 0.57122 0.58319
vt 0.57358 0.58319
vt 0.57358 0.57739
vt 0.57122 0.57739
vt 0.7035 0.65352
vt 0.70113 0.65352
vt 0.70113 0.65931
vt 0.7035 0.65931
vt 0.68397 0.5998
vt 0.68976 0.6002
vt 0.68976 0.58731
vt 0.68397 0.58691
vt 0.5133 0.54894
vt 0.51567 0.54894
vt 0.51567 0.53605
vt 0.5133 0.53605
vt 0.59018 0.67288
vt 0.59598 0.67248
vt 0.59598 0.65958
vt 0.59018 0.65999
vt 0.51965 0.53605
vt 0.51728 0.53605
vt 0.51728 0.54894
vt 0.51965 0.54894
vt 0.56145 0.05954
vt 0.55908 0.05954
vt 0.55908 0.06533
vt 0.56145 0.06533
vt 0.57996 0.18403
vt 0.57759 0.18403
vt 0.57759 0.18983
vt 0.57996 0.18983
vt 0.64907 0.18268
vt 0.65486 0.18309
vt 0.65486 0.17019
vt 0.64907 0.16979
vt 0.59323 0.05688
vt 0.59087 0.05688
vt 0.59087 0.06978
vt 0.59323 0.06978
vt 0.6561 0.1032
vt 0.65031 0.1036
vt 0.65031 0.1165
vt 0.6561 0.1161
vt 0.56236 0.06984
vt 0.56473 0.06984
vt 0.56473 0.05694
vt 0.56236 0.05694
vt 0.2767 0.51734
vt 0.27433 0.51734
vt 0.27433 0.52314
vt 0.2767 0.52314
vt 0.40795 0.67946
vt 0.4101 0.67946
vt 0.4101 0.67419
vt 0.40795 0.67419
vt 0.36441 0.67955
vt 0.35861 0.67915
vt 0.35861 0.69204
vt 0.36441 0.69245
vt 0.27874 0.58669
vt 0.27637 0.58669
vt 0.27637 0.59958
vt 0.27874 0.59958
vt 0.4422 0.54194
vt 0.44635 0.54166
vt 0.44635 0.53242
vt 0.4422 0.53271
vt 0.34065 0.58733
vt 0.33828 0.58733
vt 0.33828 0.60023
vt 0.34065 0.60023
vt 0.59357 0.29026
vt 0.58879 0.29026
vt 0.58879 0.30396
vt 0.59357 0.30396
vt 0.57665 0.3916
vt 0.58245 0.3916
vt 0.58245 0.37789
vt 0.57665 0.37789
vt 0.63058 0.30635
vt 0.63536 0.30635
vt 0.63536 0.29264
vt 0.63058 0.29264
vt 0.6964 0.46397
vt 0.6906 0.46397
vt 0.6906 0.47768
vt 0.6964 0.47768
vt 0.56623 0.42784
vt 0.57101 0.42784
vt 0.57101 0.42204
vt 0.56623 0.42204
vt 0.58536 0.42204
vt 0.58057 0.42204
vt 0.58057 0.42784
vt 0.58536 0.42784
vt 0.32506 0.3208
vt 0.32148 0.3208
vt 0.32148 0.33106
vt 0.32506 0.33106
vt 0.39446 0.41597
vt 0.39444 0.42083
vt 0.40588 0.42083
vt 0.40589 0.41597
vt 0.35468 0.39316
vt 0.35826 0.39316
vt 0.35826 0.3829
vt 0.35468 0.3829
vt 0.4495 0.41593
vt 0.44952 0.42079
vt 0.46095 0.42079
vt 0.46094 0.41593
vt 0.30624 0.3158
vt 0.311 0.31581
vt 0.311 0.31001
vt 0.30624 0.31001
vt 0.48341 0.44172
vt 0.48342 0.44571
vt 0.48828 0.44571
vt 0.48827 0.44172
vt 0.56138 0.56355
vt 0.5566 0.56355
vt 0.5566 0.57725
vt 0.56138 0.57725
vt 0.69243 0.71394
vt 0.69823 0.71394
vt 0.69823 0.70024
vt 0.69243 0.70024
vt 0.56138 0.59096
vt 0.5566 0.59096
vt 0.5566 0.60466
vt 0.56138 0.60466
vt 0.72169 0.64393
vt 0.72749 0.64393
vt 0.72749 0.63022
vt 0.72169 0.63022
vt 0.71298 0.69045
vt 0.71776 0.69045
vt 0.71776 0.68465
vt 0.71298 0.68465
vt 0.58368 0.52956
vt 0.5789 0.52956
vt 0.5789 0.53536
vt 0.58368 0.53536
vt 0.33317 0.29195
vt 0.32839 0.29195
vt 0.32839 0.30565
vt 0.33317 0.30565
vt 0.4495 0.41107
vt 0.4495 0.40621
vt 0.43801 0.40621
vt 0.43801 0.41107
vt 0.46099 0.4248
vt 0.46099 0.42079
vt 0.4495 0.42079
vt 0.4495 0.4248
vt 0.44619 0.36563
vt 0.45198 0.36563
vt 0.41863 0.43973
vt 0.41863 0.44374
vt 0.42349 0.44374
vt 0.42349 0.43973
vt 0.28568 0.44117
vt 0.28568 0.44518
vt 0.29054 0.44518
vt 0.29054 0.44117
vt 0.78142 0.55354
vt 0.77664 0.55354
vt 0.77664 0.56725
vt 0.78142 0.56725
vt 0.92806 0.61592
vt 0.93208 0.61592
vt 0.93208 0.60644
vt 0.92806 0.60644
vt 0.88903 0.55942
vt 0.88425 0.55942
vt 0.88425 0.57313
vt 0.88903 0.57313
vt 0.91602 0.54646
vt 0.91201 0.54646
vt 0.91201 0.55595
vt 0.91602 0.55595
vt 0.96798 0.56599
vt 0.97276 0.56599
vt 0.97276 0.56019
vt 0.96798 0.56019
vt 0.83678 0.54572
vt 0.83678 0.53992
vt 0.83199 0.53992
vt 0.93584 0.63046
vt 0.93915 0.63046
vt 0.93915 0.62097
vt 0.93584 0.62097
vt 0.91343 0.69517
vt 0.91923 0.69517
vt 0.91923 0.68146
vt 0.91343 0.68146
vt 0.81691 0.63752
vt 0.81691 0.62381
vt 0.81213 0.62381
vt 0.79204 0.64875
vt 0.79783 0.64875
vt 0.91578 0.62094
vt 0.91909 0.62094
vt 0.91909 0.61692
vt 0.91578 0.61692
vt 0.75725 0.53633
vt 0.76203 0.53633
vt 0.75725 0.53053
vt 0.95473 0.29245
vt 0.94995 0.29245
vt 0.94995 0.30616
vt 0.95473 0.30615
vt 0.85367 0.40302
vt 0.85877 0.40305
vt 0.85877 0.39109
vt 0.85367 0.39107
vt 0.95473 0.30616
vt 0.94995 0.31986
vt 0.95473 0.31986
vt 0.85908 0.37259
vt 0.85398 0.37262
vt 0.85398 0.38457
vt 0.85908 0.38455
vt 0.88487 0.30638
vt 0.8807 0.30637
vt 0.8807 0.31147
vt 0.88487 0.31148
vt 0.8807 0.31659
vt 0.88487 0.31658
vt 0.8807 0.31149
vt 0.20272 0.31772
vt 0.19794 0.31772
vt 0.19794 0.33142
vt 0.20272 0.33142
vt 0.04583 0.33843
vt 0.05163 0.33843
vt 0.05163 0.32472
vt 0.04583 0.32472
vt 0.12001 0.41423
vt 0.12479 0.41423
vt 0.12479 0.40053
vt 0.12001 0.40053
vt 0.09259 0.30969
vt 0.09838 0.30969
vt 0.09838 0.29598
vt 0.09259 0.29598
vt 0.19236 0.37634
vt 0.19714 0.37634
vt 0.19714 0.37055
vt 0.19236 0.37055
vt 0.17827 0.43834
vt 0.17827 0.43254
vt 0.17349 0.43254
vt 0.09207 0.34867
vt 0.08729 0.34867
vt 0.08729 0.36237
vt 0.09207 0.36237
vt 0.16038 0.45861
vt 0.15458 0.45861
vt 0.15458 0.47231
vt 0.16038 0.47231
vt 0.11899 0.32399
vt 0.12377 0.32399
vt 0.12377 0.31028
vt 0.11899 0.31028
vt 0.12763 0.39585
vt 0.13343 0.39585
vt 0.13343 0.38214
vt 0.12763 0.38214
vt 0.15003 0.45566
vt 0.14525 0.45566
vt 0.14525 0.46146
vt 0.15003 0.46146
vt 0.19236 0.43404
vt 0.19714 0.43404
vt 0.19714 0.42825
vt 0.19236 0.42825
vt 0.35599 0.47466
vt 0.35957 0.47466
vt 0.35957 0.4644
vt 0.35599 0.4644
vt 0.35034 0.29272
vt 0.346 0.29272
vt 0.346 0.30298
vt 0.35034 0.30298
vt 0.30523 0.29202
vt 0.30045 0.29202
vt 0.30045 0.30573
vt 0.30523 0.30573
vt 0.32148 0.30881
vt 0.31714 0.30881
vt 0.31714 0.31908
vt 0.32148 0.31908
vt 0.28941 0.27244
vt 0.28463 0.27244
vt 0.28941 0.27824
vt 0.37368 0.28246
vt 0.37726 0.28246
vt 0.37726 0.27812
vt 0.37368 0.27812
vt 0.09097 0.67324
vt 0.09546 0.67324
vt 0.09546 0.66038
vt 0.09097 0.66038
vt 0.20718 0.58735
vt 0.20718 0.6002
vt 0.21167 0.5835
vt 0.21615 0.5835
vt 0.21615 0.57064
vt 0.21167 0.57064
vt 0.17108 0.60347
vt 0.17687 0.60347
vt 0.17687 0.58977
vt 0.17108 0.58977
vt 0.03291 0.52921
vt 0.02813 0.52921
vt 0.02813 0.53501
vt 0.03291 0.53501
vt 0.05215 0.53508
vt 0.05693 0.53508
vt 0.05693 0.52928
vt 0.05215 0.52928
vt 0.18095 0.54937
vt 0.18095 0.56307
vt 0.18573 0.56307
vt 0.12604 0.62966
vt 0.12024 0.62966
vt 0.12024 0.64337
vt 0.12604 0.64337
vt 0.21615 0.62591
vt 0.21167 0.62591
vt 0.21167 0.63877
vt 0.21615 0.63877
vt 0.16556 0.61137
vt 0.17135 0.61137
vt 0.17135 0.59766
vt 0.16556 0.59766
vt 0.07371 0.67324
vt 0.06922 0.67324
vt 0.06922 0.67868
vt 0.07371 0.67868
vt 0.1653 0.69527
vt 0.16052 0.69527
vt 0.16052 0.70107
vt 0.1653 0.70107
vt 0.30846 0.53893
vt 0.30368 0.53893
vt 0.30368 0.55263
vt 0.30846 0.55263
vt 0.46965 0.56508
vt 0.46385 0.56508
vt 0.46385 0.57878
vt 0.46965 0.57878
vt 0.36493 0.61433
vt 0.36015 0.61433
vt 0.36015 0.62804
vt 0.36493 0.62804
vt 0.30516 0.65943
vt 0.29936 0.65943
vt 0.29936 0.67314
vt 0.30516 0.67314
vt 0.39111 0.57026
vt 0.38633 0.57026
vt 0.38633 0.57606
vt 0.39111 0.57606
vt 0.38644 0.52395
vt 0.39122 0.52395
vt 0.39122 0.51815
vt 0.38644 0.51815
vt 0.78662 0.63858
vt 0.7914 0.63858
vt 0.7914 0.62487
vt 0.78662 0.62487
vt 0.80669 0.60911
vt 0.80089 0.60911
vt 0.80089 0.62281
vt 0.80669 0.62281
vt 0.83678 0.57313
vt 0.83678 0.55942
vt 0.8715 0.6252
vt 0.8657 0.6252
vt 0.8657 0.6389
vt 0.8715 0.6389
vt 0.95931 0.52916
vt 0.95453 0.52916
vt 0.95453 0.53496
vt 0.95931 0.53496
vt 0.9126 0.64959
vt 0.90782 0.64959
vt 0.90782 0.65539
vt 0.9126 0.65539
vt 0.94517 0.31986
vt 0.94517 0.33357
vt 0.94995 0.33357
vt 0.89503 0.31394
vt 0.90083 0.31394
vt 0.90083 0.30024
vt 0.89503 0.30024
vt 0.86477 0.29395
vt 0.85999 0.29395
vt 0.85999 0.30765
vt 0.86477 0.30765
vt 0.87966 0.32982
vt 0.87387 0.32982
vt 0.87387 0.34352
vt 0.87966 0.34352
vt 0.87596 0.45617
vt 0.88016 0.45617
vt 0.88016 0.45107
vt 0.87596 0.45107
vt 0.93531 0.41868
vt 0.94009 0.41868
vt 0.94009 0.41288
vt 0.93531 0.41288
vt 0.94995 0.38185
vt 0.94517 0.38185
vt 0.94517 0.39555
vt 0.94995 0.39555
vt 0.83816 0.31735
vt 0.84396 0.31735
vt 0.84396 0.30365
vt 0.83816 0.30365
vt 0.91619 0.29245
vt 0.92097 0.29245
vt 0.92097 0.27875
vt 0.91619 0.27875
vt 0.91619 0.34727
vt 0.91039 0.34727
vt 0.91039 0.36098
vt 0.91619 0.36098
vt 0.97135 0.48218
vt 0.97135 0.47638
vt 0.9673 0.27153
vt 0.96252 0.27153
vt 0.9673 0.27732
vt 0.34259 0.29195
vt 0.33781 0.29195
vt 0.33781 0.30565
vt 0.34259 0.30565
vt 0.29717 0.4137
vt 0.29717 0.41856
vt 0.30866 0.41856
vt 0.30866 0.4137
vt 0.28568 0.42256
vt 0.28568 0.41856
vt 0.27419 0.41856
vt 0.27419 0.42256
vt 0.4495 0.39649
vt 0.4495 0.39163
vt 0.43801 0.39163
vt 0.43801 0.39649
vt 0.33509 0.29253
vt 0.33031 0.29253
vt 0.33031 0.29833
vt 0.33509 0.29833
vt 0.35011 0.35532
vt 0.34653 0.35532
vt 0.34653 0.35966
vt 0.35011 0.35966
vt 0.14618 0.66786
vt 0.1414 0.66786
vt 0.1414 0.68156
vt 0.14618 0.68156
vt 0.18844 0.57548
vt 0.19424 0.57548
vt 0.19424 0.56177
vt 0.18844 0.56177
vt 0.19729 0.56177
vt 0.20207 0.56177
vt 0.19729 0.54807
vt 0.14786 0.5979
vt 0.14206 0.5979
vt 0.14206 0.61161
vt 0.14786 0.61161
vt 0.16226 0.5286
vt 0.16226 0.5344
vt 0.16704 0.5344
vt 0.09032 0.62584
vt 0.08584 0.62584
vt 0.08584 0.63128
vt 0.09032 0.63128
vt 0.73602 0.31713
vt 0.73124 0.31713
vt 0.73124 0.33083
vt 0.73602 0.33083
vt 0.52893 0.28703
vt 0.52313 0.28703
vt 0.52313 0.30074
vt 0.52893 0.30074
vt 0.60173 0.34476
vt 0.60651 0.34476
vt 0.60651 0.33105
vt 0.60173 0.33105
vt 0.67046 0.4524
vt 0.66466 0.4524
vt 0.66466 0.46611
vt 0.67046 0.46611
vt 0.63087 0.43767
vt 0.62609 0.43767
vt 0.62609 0.44347
vt 0.63087 0.44347
vt 0.7408 0.39644
vt 0.73602 0.39644
vt 0.73602 0.40224
vt 0.7408 0.40224
vt 0.73901 0.4524
vt 0.73423 0.4524
vt 0.73423 0.46611
vt 0.73901 0.46611
vt 0.56528 0.29098
vt 0.55948 0.29098
vt 0.55948 0.30468
vt 0.56528 0.30468
vt 0.60213 0.2964
vt 0.60691 0.2964
vt 0.60691 0.2827
vt 0.60213 0.2827
vt 0.65886 0.46611
vt 0.65886 0.4524
vt 0.64219 0.4055
vt 0.64697 0.4055
vt 0.64697 0.39971
vt 0.64219 0.39971
vt 0.71558 0.34591
vt 0.7108 0.34591
vt 0.7108 0.35171
vt 0.71558 0.35171
vt 0.46084 0.29337
vt 0.45606 0.29337
vt 0.45606 0.30708
vt 0.46084 0.30708
vt 0.33087 0.44533
vt 0.33521 0.44533
vt 0.33521 0.43506
vt 0.33087 0.43506
vt 0.38431 0.42572
vt 0.38431 0.42171
vt 0.37282 0.42171
vt 0.37282 0.42572
vt 0.42204 0.36962
vt 0.42784 0.36962
vt 0.35369 0.35532
vt 0.35369 0.35966
vt 0.35012 0.4644
vt 0.3537 0.4644
vt 0.3537 0.46006
vt 0.35012 0.46006
vt 0.28141 0.28286
vt 0.27783 0.28286
vt 0.27783 0.29312
vt 0.28141 0.29312
vt 0.41258 0.30504
vt 0.40679 0.30504
vt 0.40679 0.31875
vt 0.41258 0.31875
vt 0.3409 0.28246
vt 0.33732 0.28246
vt 0.33732 0.29272
vt 0.3409 0.29272
vt 0.32219 0.44533
vt 0.32653 0.44533
vt 0.32653 0.43506
vt 0.32219 0.43506
vt 0.34524 0.2722
vt 0.34882 0.2722
vt 0.34882 0.26786
vt 0.34524 0.26786
vt 0.35876 0.29939
vt 0.36354 0.29939
vt 0.36354 0.29359
vt 0.35876 0.29359
vt 0.94738 0.55228
vt 0.9426 0.55228
vt 0.9426 0.56599
vt 0.94738 0.56599
vt 0.9318 0.60393
vt 0.93582 0.60393
vt 0.93582 0.59444
vt 0.9318 0.59444
vt 0.82894 0.55938
vt 0.82416 0.57308
vt 0.82894 0.57308
vt 0.89826 0.64822
vt 0.90406 0.64822
vt 0.90406 0.63451
vt 0.89826 0.63451
vt 0.93067 0.52848
vt 0.92736 0.52848
vt 0.92736 0.5325
vt 0.93067 0.5325
vt 0.97356 0.62872
vt 0.96878 0.62872
vt 0.96878 0.63451
vt 0.97356 0.63451
vt 0.11679 0.3041
vt 0.11201 0.3041
vt 0.11201 0.3178
vt 0.11679 0.3178
vt 0.1584 0.32303
vt 0.16419 0.32303
vt 0.16419 0.30933
vt 0.1584 0.30933
vt 0.15441 0.35903
vt 0.15006 0.35903
vt 0.15006 0.37151
vt 0.15441 0.37151
vt 0.13872 0.3671
vt 0.14287 0.3671
vt 0.14287 0.35728
vt 0.13872 0.35728
vt 0.11644 0.42803
vt 0.12122 0.42803
vt 0.12122 0.42223
vt 0.11644 0.42223
vt 0.1175 0.34792
vt 0.12186 0.34792
vt 0.12186 0.34264
vt 0.1175 0.34264
vt 0.3944 0.42083
vt 0.3944 0.42483
vt 0.40589 0.42483
vt 0.40589 0.42083
vt 0.42784 0.3285
vt 0.42204 0.3285
vt 0.34706 0.31204
vt 0.34228 0.31204
vt 0.34228 0.32574
vt 0.34706 0.32574
vt 0.34259 0.31936
vt 0.33679 0.31936
vt 0.33679 0.33306
vt 0.34259 0.33306
vt 0.35978 0.3543
vt 0.3562 0.3543
vt 0.3562 0.35864
vt 0.35978 0.35864
vt 0.42102 0.29858
vt 0.42581 0.29858
vt 0.42581 0.29278
vt 0.42102 0.29278
vt 0.34657 0.42657
vt 0.34657 0.42256
vt 0.33508 0.42256
vt 0.33508 0.42657
vt 0.41624 0.3285
vt 0.41045 0.3285
vt 0.35826 0.34403
vt 0.36184 0.34403
vt 0.36184 0.33377
vt 0.35826 0.33377
vt 0.2939 0.30391
vt 0.28956 0.30391
vt 0.28956 0.31417
vt 0.2939 0.31417
vt 0.27783 0.27399
vt 0.28141 0.27399
vt 0.28141 0.26965
vt 0.27783 0.26965
vt 0.40577 0.27763
vt 0.41055 0.27763
vt 0.41055 0.27184
vt 0.40577 0.27184
vt 0.83104 0.60941
vt 0.83582 0.60941
vt 0.83582 0.59571
vt 0.83104 0.59571
vt 0.92193 0.70127
vt 0.91791 0.70127
vt 0.91791 0.71076
vt 0.92193 0.71076
vt 0.81045 0.5954
vt 0.80567 0.5954
vt 0.80567 0.60911
vt 0.81045 0.60911
vt 0.87507 0.60222
vt 0.88087 0.60222
vt 0.88087 0.58852
vt 0.87507 0.58852
vt 0.91738 0.65539
vt 0.91738 0.64959
vt 0.92644 0.66826
vt 0.92313 0.66826
vt 0.92313 0.67227
vt 0.92644 0.67227
vt 0.15808 0.38731
vt 0.16286 0.38731
vt 0.16286 0.3736
vt 0.15808 0.3736
vt 0.10896 0.38243
vt 0.10316 0.38243
vt 0.10316 0.39613
vt 0.10896 0.39613
vt 0.17548 0.42842
vt 0.18026 0.42842
vt 0.18026 0.41472
vt 0.17548 0.41472
vt 0.16259 0.45826
vt 0.15679 0.45826
vt 0.15679 0.47196
vt 0.16259 0.47196
vt 0.04453 0.28799
vt 0.04932 0.28799
vt 0.04932 0.28219
vt 0.04453 0.28219
vt 0.13621 0.41786
vt 0.14099 0.41786
vt 0.14099 0.41207
vt 0.13621 0.41207
vt 0.06271 0.30851
vt 0.06749 0.30851
vt 0.06749 0.29481
vt 0.06271 0.29481
vt 0.13484 0.3868
vt 0.12904 0.3868
vt 0.12904 0.4005
vt 0.13484 0.4005
vt 0.147 0.34209
vt 0.15178 0.34209
vt 0.15178 0.32838
vt 0.147 0.32838
vt 0.15137 0.33691
vt 0.14557 0.33691
vt 0.14557 0.35062
vt 0.15137 0.35062
vt 0.18607 0.28046
vt 0.19085 0.28046
vt 0.19085 0.27466
vt 0.18607 0.27466
vt 0.12957 0.36274
vt 0.13435 0.36274
vt 0.13435 0.35695
vt 0.12957 0.35695
vt 0.12879 0.54743
vt 0.12401 0.54743
vt 0.12401 0.56114
vt 0.12879 0.56114
vt 0.14002 0.57049
vt 0.13422 0.57049
vt 0.16226 0.54811
vt 0.15748 0.54811
vt 0.15748 0.56181
vt 0.16226 0.56181
vt 0.05835 0.57913
vt 0.06379 0.57913
vt 0.06379 0.56627
vt 0.05835 0.56627
vt 0.10292 0.55948
vt 0.1074 0.55948
vt 0.1074 0.55404
vt 0.10292 0.55404
vt 0.23698 0.61504
vt 0.23249 0.61504
vt 0.23249 0.62048
vt 0.23698 0.62048
vt 0.03846 0.55765
vt 0.03368 0.55765
vt 0.03368 0.57136
vt 0.03846 0.57136
vt 0.08479 0.53971
vt 0.07935 0.53971
vt 0.07935 0.55257
vt 0.08479 0.55257
vt 0.139 0.57049
vt 0.139 0.55679
vt 0.13422 0.55679
vt 0.05033 0.58663
vt 0.04453 0.58663
vt 0.04453 0.60034
vt 0.05033 0.60034
vt 0.07687 0.63128
vt 0.08135 0.63128
vt 0.08135 0.62584
vt 0.07687 0.62584
vt 0.20449 0.53436
vt 0.20927 0.53436
vt 0.20927 0.52857
vt 0.20449 0.52857
vt 0.93937 0.29245
vt 0.94415 0.29245
vt 0.94415 0.27875
vt 0.93937 0.27875
vt 0.87184 0.29432
vt 0.86604 0.29432
vt 0.86604 0.30802
vt 0.87184 0.30802
vt 0.8467 0.28994
vt 0.84192 0.28994
vt 0.84192 0.30365
vt 0.8467 0.30365
vt 0.92198 0.30616
vt 0.91619 0.30616
vt 0.91619 0.31986
vt 0.92198 0.31986
vt 0.87527 0.2633
vt 0.88005 0.2633
vt 0.88005 0.2575
vt 0.87527 0.2575
vt 0.817 0.27624
vt 0.82178 0.27624
vt 0.56236 0.5969
vt 0.55758 0.6106
vt 0.56236 0.6106
vt 0.61931 0.61576
vt 0.61352 0.61576
vt 0.61352 0.62947
vt 0.61931 0.62947
vt 0.72518 0.73008
vt 0.7204 0.73008
vt 0.7204 0.74378
vt 0.72518 0.74378
vt 0.66078 0.61391
vt 0.66657 0.61391
vt 0.66657 0.6002
vt 0.66078 0.6002
vt 0.54978 0.57798
vt 0.545 0.57798
vt 0.545 0.58377
vt 0.54978 0.58377
vt 0.70825 0.64068
vt 0.71303 0.64068
vt 0.71303 0.63488
vt 0.70825 0.63488
vt 0.71765 0.65118
vt 0.72243 0.65118
vt 0.72243 0.63747
vt 0.71765 0.63747
vt 0.60531 0.59047
vt 0.59951 0.59047
vt 0.59951 0.60417
vt 0.60531 0.60417
vt 0.72518 0.68938
vt 0.7204 0.68938
vt 0.7204 0.70308
vt 0.72518 0.70308
vt 0.58668 0.62241
vt 0.58088 0.62241
vt 0.58088 0.63611
vt 0.58668 0.63611
vt 0.51608 0.5809
vt 0.52086 0.5809
vt 0.52086 0.5751
vt 0.51608 0.5751
vt 0.58743 0.53533
vt 0.58265 0.53533
vt 0.58265 0.54113
vt 0.58743 0.54113
vt 0.80288 0.08195
vt 0.80766 0.08195
vt 0.80766 0.06824
vt 0.80288 0.06824
vt 0.86948 0.09985
vt 0.87528 0.09985
vt 0.87528 0.08615
vt 0.86948 0.08615
vt 0.86927 0.14273
vt 0.86449 0.14273
vt 0.86449 0.15643
vt 0.86927 0.15643
vt 0.80485 0.0872
vt 0.81065 0.0872
vt 0.81065 0.0735
vt 0.80485 0.0735
vt 0.94623 0.05498
vt 0.95101 0.05498
vt 0.95101 0.04918
vt 0.94623 0.04918
vt 0.92011 0.0494
vt 0.91533 0.0494
vt 0.91533 0.05519
vt 0.92011 0.05519
vt 0.69078 0.68899
vt 0.686 0.68899
vt 0.686 0.70415
vt 0.69078 0.70415
vt 0.59974 0.57451
vt 0.59394 0.57451
vt 0.59394 0.58967
vt 0.59974 0.58967
vt 0.69078 0.67383
vt 0.686 0.67383
vt 0.58814 0.57451
vt 0.58814 0.58967
vt 0.63343 0.5359
vt 0.62865 0.5359
vt 0.62865 0.54169
vt 0.63343 0.54169
vt 0.72654 0.64768
vt 0.72176 0.64768
vt 0.72176 0.65348
vt 0.72654 0.65348
vt 0.2799 0.29195
vt 0.27512 0.29195
vt 0.27512 0.30565
vt 0.2799 0.30565
vt 0.40099 0.31875
vt 0.40099 0.30504
vt 0.27196 0.29084
vt 0.27554 0.29084
vt 0.27554 0.28057
vt 0.27196 0.28057
vt 0.41045 0.36962
vt 0.41624 0.36962
vt 0.36184 0.31809
vt 0.36542 0.31809
vt 0.36542 0.31375
vt 0.36184 0.31375
vt 0.37726 0.28404
vt 0.37368 0.28404
vt 0.37368 0.28838
vt 0.37726 0.28838
vt 0.26309 0.55265
vt 0.26787 0.55265
vt 0.26787 0.53895
vt 0.26309 0.53895
vt 0.33639 0.60967
vt 0.33059 0.60967
vt 0.33059 0.62337
vt 0.33639 0.62337
vt 0.44696 0.67882
vt 0.45174 0.67882
vt 0.45174 0.66511
vt 0.44696 0.66511
vt 0.41142 0.58072
vt 0.41722 0.58072
vt 0.41722 0.56701
vt 0.41142 0.56701
vt 0.33971 0.62008
vt 0.34449 0.62008
vt 0.34449 0.61428
vt 0.33971 0.61428
vt 0.42275 0.64055
vt 0.41797 0.64055
vt 0.41797 0.64635
vt 0.42275 0.64635
vt 0.45174 0.69614
vt 0.44696 0.69614
vt 0.44696 0.70985
vt 0.45174 0.70985
vt 0.41156 0.65147
vt 0.40577 0.65147
vt 0.40577 0.66518
vt 0.41156 0.66518
vt 0.48211 0.55152
vt 0.48689 0.55152
vt 0.48689 0.53782
vt 0.48211 0.53782
vt 0.38258 0.58295
vt 0.38838 0.58295
vt 0.38838 0.56924
vt 0.38258 0.56924
vt 0.39731 0.53915
vt 0.40209 0.53915
vt 0.40209 0.53336
vt 0.39731 0.53336
vt 0.46036 0.51837
vt 0.45558 0.51837
vt 0.45558 0.52417
vt 0.46036 0.52417
vt 0.88093 0.04548
vt 0.87615 0.04548
vt 0.87615 0.05918
vt 0.88093 0.05918
vt 0.77656 0.08195
vt 0.77076 0.08195
vt 0.77076 0.09565
vt 0.77656 0.09565
vt 0.91571 0.16229
vt 0.92049 0.16229
vt 0.92049 0.14858
vt 0.91571 0.14858
vt 0.91181 0.18673
vt 0.91761 0.18673
vt 0.90366 0.12517
vt 0.89888 0.12517
vt 0.89888 0.13097
vt 0.90366 0.13097
vt 0.80901 0.04874
vt 0.80423 0.04874
vt 0.80423 0.05454
vt 0.80901 0.05454
vt 0.89867 0.08134
vt 0.90345 0.08134
vt 0.90345 0.06764
vt 0.89867 0.06764
vt 0.79708 0.08195
vt 0.79708 0.09565
vt 0.80288 0.09565
vt 0.91571 0.114
vt 0.92049 0.114
vt 0.92049 0.1003
vt 0.91571 0.1003
vt 0.791 0.17305
vt 0.7852 0.17305
vt 0.7852 0.18675
vt 0.791 0.18675
vt 0.80186 0.04874
vt 0.79708 0.04874
vt 0.79708 0.05454
vt 0.80186 0.05454
vt 0.81447 0.05454
vt 0.81925 0.05454
vt 0.81925 0.04874
vt 0.81447 0.04874
vt 0.82169 0.62381
vt 0.82169 0.63752
vt 0.93681 0.66909
vt 0.9426 0.66909
vt 0.9426 0.65539
vt 0.93681 0.65539
vt 0.86356 0.58204
vt 0.85878 0.58204
vt 0.85878 0.59574
vt 0.86356 0.59574
vt 0.91201 0.61592
vt 0.91602 0.61592
vt 0.91602 0.60644
vt 0.91201 0.60644
vt 0.96688 0.65764
vt 0.97166 0.65764
vt 0.97166 0.65184
vt 0.96688 0.65184
vt 0.96798 0.54649
vt 0.97276 0.54649
vt 0.97276 0.54069
vt 0.96798 0.54069
vt 0.22288 0.70097
vt 0.21809 0.70097
vt 0.21809 0.71468
vt 0.22288 0.71468
vt 0.0455 0.65553
vt 0.0397 0.65553
vt 0.0397 0.66923
vt 0.0455 0.66923
vt 0.09563 0.65477
vt 0.10041 0.65477
vt 0.10041 0.64107
vt 0.09563 0.64107
vt 0.18159 0.55362
vt 0.18739 0.55362
vt 0.18739 0.53991
vt 0.18159 0.53991
vt 0.04069 0.54642
vt 0.03591 0.54642
vt 0.03591 0.55222
vt 0.04069 0.55222
vt 0.17424 0.61397
vt 0.16946 0.61397
vt 0.16946 0.61977
vt 0.17424 0.61977
vt 0.13429 0.65469
vt 0.12951 0.65469
vt 0.12951 0.66839
vt 0.13429 0.66839
vt 0.16143 0.59348
vt 0.15564 0.59348
vt 0.15564 0.60718
vt 0.16143 0.60718
vt 0.22709 0.5819
vt 0.22231 0.5819
vt 0.22231 0.59561
vt 0.22709 0.59561
vt 0.09308 0.53962
vt 0.08729 0.53962
vt 0.08729 0.55333
vt 0.09308 0.55333
vt 0.15403 0.57615
vt 0.15881 0.57615
vt 0.15881 0.57035
vt 0.15403 0.57035
vt 0.03147 0.56344
vt 0.02669 0.56344
vt 0.02669 0.56924
vt 0.03147 0.56924
vt 0.29389 0.59876
vt 0.28911 0.59876
vt 0.28911 0.61247
vt 0.29389 0.61247
vt 0.44218 0.69614
vt 0.43638 0.69614
vt 0.43638 0.70985
vt 0.44218 0.70985
vt 0.45174 0.62684
vt 0.44696 0.62684
vt 0.44696 0.64055
vt 0.45174 0.64055
vt 0.43824 0.58149
vt 0.44403 0.58149
vt 0.44403 0.56778
vt 0.43824 0.56778
vt 0.43859 0.62406
vt 0.44337 0.62406
vt 0.44337 0.61826
vt 0.43859 0.61826
vt 0.33156 0.67061
vt 0.33634 0.67061
vt 0.33634 0.66481
vt 0.33156 0.66481
vt 0.34659 0.61318
vt 0.35137 0.61318
vt 0.35137 0.59947
vt 0.34659 0.59947
vt 0.32184 0.60923
vt 0.31604 0.60923
vt 0.31604 0.62294
vt 0.32184 0.62294
vt 0.45558 0.55158
vt 0.46036 0.55158
vt 0.46036 0.53788
vt 0.45558 0.53788
vt 0.46647 0.58927
vt 0.47227 0.58927
vt 0.47227 0.57557
vt 0.46647 0.57557
vt 0.26543 0.58301
vt 0.27021 0.58301
vt 0.27021 0.57721
vt 0.26543 0.57721
vt 0.45652 0.65425
vt 0.45174 0.65425
vt 0.45174 0.66005
vt 0.45652 0.66005
vt 0.94517 0.30616
vt 0.87764 0.29432
vt 0.87764 0.30802
vt 0.83714 0.28994
vt 0.83236 0.28994
vt 0.83236 0.30365
vt 0.83714 0.30365
vt 0.83591 0.33434
vt 0.84171 0.33434
vt 0.84171 0.32064
vt 0.83591 0.32064
vt 0.85999 0.28024
vt 0.86477 0.28024
vt 0.86477 0.27444
vt 0.85999 0.27444
vt 0.84585 0.34012
vt 0.84165 0.34012
vt 0.84165 0.34522
vt 0.84585 0.34522
vt 0.36197 0.33692
vt 0.35719 0.33692
vt 0.35719 0.35062
vt 0.36197 0.35062
vt 0.28086 0.3405
vt 0.28666 0.3405
vt 0.28666 0.3268
vt 0.28086 0.3268
vt 0.38095 0.4386
vt 0.38573 0.4386
vt 0.38573 0.4249
vt 0.38095 0.4249
vt 0.30483 0.3437
vt 0.29904 0.3437
vt 0.29904 0.35741
vt 0.30483 0.35741
vt 0.26764 0.28418
vt 0.27242 0.28418
vt 0.27242 0.27838
vt 0.26764 0.27838
vt 0.39489 0.29814
vt 0.39968 0.29814
vt 0.39968 0.29234
vt 0.3949 0.29234
vt 0.4549 0.56651
vt 0.45968 0.56651
vt 0.45968 0.5528
vt 0.4549 0.5528
vt 0.40476 0.54792
vt 0.39896 0.54792
vt 0.39896 0.56163
vt 0.40476 0.56163
vt 0.37505 0.65142
vt 0.3794 0.65142
vt 0.3794 0.63894
vt 0.37505 0.63894
vt 0.30368 0.66445
vt 0.2984 0.66445
vt 0.2984 0.67692
vt 0.30368 0.67692
vt 0.34547 0.62152
vt 0.34112 0.62152
vt 0.34112 0.62679
vt 0.34547 0.62679
vt 0.46513 0.62599
vt 0.46948 0.62599
vt 0.46948 0.62071
vt 0.46513 0.62071
vt 0.41349 0.34465
vt 0.41073 0.34465
vt 0.41073 0.35835
vt 0.41349 0.35835
vt 0.36998 0.31908
vt 0.37577 0.31908
vt 0.37577 0.30538
vt 0.36998 0.30538
vt 0.45642 0.36245
vt 0.45366 0.36245
vt 0.45366 0.37616
vt 0.45642 0.37616
vt 0.45844 0.33562
vt 0.45265 0.33562
vt 0.45265 0.34932
vt 0.45844 0.34932
vt 0.27644 0.41873
vt 0.27919 0.41873
vt 0.27919 0.41293
vt 0.27644 0.41293
vt 0.39703 0.40493
vt 0.39979 0.40493
vt 0.39979 0.39913
vt 0.39703 0.39913
vt 0.12183 0.41672
vt 0.12661 0.41672
vt 0.12661 0.39939
vt 0.12183 0.39939
vt 0.06899 0.29081
vt 0.07479 0.29081
vt 0.07479 0.27348
vt 0.06899 0.27348
vt 0.08435 0.27348
vt 0.07957 0.27348
vt 0.07957 0.29081
vt 0.08435 0.29081
vt 0.06938 0.43589
vt 0.07518 0.43589
vt 0.07518 0.41856
vt 0.06938 0.41856
vt 0.14086 0.28621
vt 0.14564 0.28621
vt 0.14564 0.28041
vt 0.14086 0.28041
vt 0.19714 0.42245
vt 0.19236 0.42245
vt 0.82428 0.29313
vt 0.82007 0.29313
vt 0.82007 0.30837
vt 0.82428 0.30837
vt 0.81138 0.44884
vt 0.81648 0.44884
vt 0.81648 0.4336
vt 0.81138 0.4336
vt 0.97416 0.33577
vt 0.96938 0.33577
vt 0.96938 0.3531
vt 0.97416 0.3531
vt 0.78947 0.39981
vt 0.79457 0.39981
vt 0.79457 0.38457
vt 0.78947 0.38457
vt 0.91909 0.27312
vt 0.91431 0.27312
vt 0.91431 0.27892
vt 0.91909 0.27892
vt 0.97135 0.38758
vt 0.97135 0.39338
vt 0.95639 0.33379
vt 0.95161 0.33379
vt 0.95161 0.35111
vt 0.95639 0.35111
vt 0.89897 0.39932
vt 0.90477 0.39932
vt 0.90477 0.38199
vt 0.89897 0.38199
vt 0.82428 0.32361
vt 0.82007 0.32361
vt 0.82007 0.33885
vt 0.82428 0.33885
vt 0.86604 0.44583
vt 0.87184 0.44583
vt 0.87184 0.42851
vt 0.86604 0.42851
vt 0.9084 0.39946
vt 0.90362 0.39946
vt 0.90362 0.40526
vt 0.9084 0.40526
vt 0.91318 0.40526
vt 0.91796 0.40526
vt 0.91796 0.39946
vt 0.91318 0.39946
vt 0.92012 0.38199
vt 0.91534 0.38199
vt 0.91534 0.39932
vt 0.92012 0.39932
vt 0.81497 0.35409
vt 0.80987 0.35409
vt 0.80987 0.36933
vt 0.81497 0.36933
vt 0.8291 0.41932
vt 0.82489 0.41932
vt 0.82489 0.43456
vt 0.8291 0.43456
vt 0.87578 0.39932
vt 0.88158 0.39932
vt 0.88158 0.38199
vt 0.87578 0.38199
vt 0.93747 0.27366
vt 0.93269 0.27366
vt 0.93269 0.27946
vt 0.93747 0.27946
vt 0.77122 0.28265
vt 0.776 0.28265
vt 0.776 0.27686
vt 0.77122 0.27686
vt 0.91056 0.39932
vt 0.91056 0.38199
vt 0.84427 0.36571
vt 0.85007 0.36571
vt 0.85007 0.34838
vt 0.84427 0.34838
vt 0.82393 0.36933
vt 0.82813 0.36933
vt 0.82813 0.35409
vt 0.82393 0.35409
vt 0.86896 0.37823
vt 0.87476 0.37823
vt 0.87476 0.3609
vt 0.86896 0.3609
vt 0.94487 0.41868
vt 0.94487 0.41288
vt 0.97385 0.32053
vt 0.96907 0.32053
vt 0.96907 0.32633
vt 0.97385 0.32633
vt 0.82848 0.29313
vt 0.82848 0.30837
vt 0.93119 0.36122
vt 0.93698 0.36122
vt 0.93698 0.3439
vt 0.93119 0.3439
vt 0.82397 0.38457
vt 0.81976 0.38457
vt 0.81976 0.39981
vt 0.82397 0.39981
vt 0.87184 0.44753
vt 0.87764 0.44753
vt 0.87764 0.4302
vt 0.87184 0.4302
vt 0.85985 0.27753
vt 0.86463 0.27753
vt 0.86463 0.27174
vt 0.85985 0.27174
vt 0.97135 0.34358
vt 0.97613 0.33778
vt 0.97135 0.33778
vt 0.12745 0.3656
vt 0.12267 0.3656
vt 0.12267 0.38292
vt 0.12745 0.38292
vt 0.11912 0.40553
vt 0.11333 0.40553
vt 0.11333 0.42286
vt 0.11912 0.42286
vt 0.04708 0.37473
vt 0.05186 0.37473
vt 0.05186 0.35741
vt 0.04708 0.35741
vt 0.03219 0.38678
vt 0.03799 0.38678
vt 0.03799 0.36946
vt 0.03219 0.36946
vt 0.19713 0.32732
vt 0.19713 0.32152
vt 0.19235 0.32152
vt 0.18651 0.45851
vt 0.19129 0.45851
vt 0.19129 0.45271
vt 0.18651 0.45271
vt 0.90561 0.48218
vt 0.91039 0.48218
vt 0.91039 0.46485
vt 0.90561 0.46485
vt 0.90718 0.36637
vt 0.91298 0.36637
vt 0.91298 0.34904
vt 0.90718 0.34904
vt 0.78742 0.35167
vt 0.7922 0.35167
vt 0.7922 0.33434
vt 0.78742 0.33434
vt 0.98603 0.36773
vt 0.98023 0.36773
vt 0.98023 0.38506
vt 0.98603 0.38506
vt 0.95473 0.25562
vt 0.94995 0.25562
vt 0.94995 0.26142
vt 0.95473 0.26142
vt 0.97135 0.34938
vt 0.57082 0.60506
vt 0.5756 0.60506
vt 0.5756 0.58773
vt 0.57082 0.58773
vt 0.61976 0.67218
vt 0.62556 0.67218
vt 0.62556 0.65485
vt 0.61976 0.65485
vt 0.67695 0.63482
vt 0.67217 0.63482
vt 0.67217 0.65215
vt 0.67695 0.65215
vt 0.59527 0.68956
vt 0.60106 0.68956
vt 0.60106 0.67224
vt 0.59527 0.67224
vt 0.63369 0.6157
vt 0.63847 0.6157
vt 0.63847 0.60991
vt 0.63369 0.60991
vt 0.71776 0.65
vt 0.71298 0.65
vt 0.71776 0.6558
vt 0.70852 0.63475
vt 0.70374 0.63475
vt 0.70374 0.65207
vt 0.70852 0.65207
vt 0.54602 0.6523
vt 0.54022 0.6523
vt 0.54022 0.66962
vt 0.54602 0.66962
vt 0.56133 0.61726
vt 0.56611 0.61726
vt 0.56611 0.59994
vt 0.56133 0.59994
vt 0.62556 0.6895
vt 0.63136 0.6895
vt 0.63136 0.67218
vt 0.60483 0.57638
vt 0.60005 0.57638
vt 0.60005 0.58218
vt 0.60483 0.58218
vt 0.51402 0.59121
vt 0.51402 0.58541
vt 0.50924 0.58541
vt 0.54603 0.5899
vt 0.54125 0.5899
vt 0.54125 0.60722
vt 0.54603 0.60722
vt 0.55589 0.65302
vt 0.55009 0.65302
vt 0.55009 0.67034
vt 0.55589 0.67034
vt 0.63626 0.65207
vt 0.64104 0.65207
vt 0.64104 0.63475
vt 0.63626 0.63475
vt 0.68374 0.68672
vt 0.68954 0.68672
vt 0.68954 0.6694
vt 0.68374 0.6694
vt 0.70474 0.65255
vt 0.69996 0.65255
vt 0.69996 0.65835
vt 0.70474 0.65835
vt 0.63559 0.58212
vt 0.63081 0.58212
vt 0.63081 0.58792
vt 0.63559 0.58792
vt 0.12661 0.43404
vt 0.13139 0.43404
vt 0.13139 0.41672
vt 0.12183 0.45137
vt 0.11604 0.45137
vt 0.11604 0.46869
vt 0.12183 0.46869
vt 0.09285 0.36022
vt 0.09763 0.36022
vt 0.09763 0.34289
vt 0.09285 0.34289
vt 0.04708 0.40938
vt 0.05288 0.40938
vt 0.05288 0.39206
vt 0.04708 0.39206
vt 0.13569 0.45566
vt 0.13091 0.45566
vt 0.13091 0.46146
vt 0.13569 0.46146
vt 0.19008 0.45355
vt 0.19486 0.45355
vt 0.19486 0.44775
vt 0.19008 0.44775
vt 0.70037 0.40813
vt 0.69559 0.40813
vt 0.69559 0.42545
vt 0.70037 0.42545
vt 0.59333 0.34342
vt 0.59913 0.34342
vt 0.59913 0.32609
vt 0.59333 0.32609
vt 0.70037 0.44278
vt 0.69559 0.44278
vt 0.69559 0.4601
vt 0.70037 0.4601
vt 0.56702 0.29369
vt 0.57282 0.29369
vt 0.57282 0.27636
vt 0.56702 0.27636
vt 0.65745 0.46524
vt 0.65267 0.46524
vt 0.65267 0.47104
vt 0.65745 0.47104
vt 0.74167 0.2898
vt 0.73689 0.2898
vt 0.73689 0.2956
vt 0.74167 0.2956
vt 0.34098 0.64243
vt 0.33663 0.64243
vt 0.33663 0.6582
vt 0.34098 0.6582
vt 0.31427 0.66283
vt 0.30847 0.66283
vt 0.30847 0.68015
vt 0.31427 0.68015
vt 0.39662 0.64247
vt 0.39226 0.64247
vt 0.39226 0.65825
vt 0.39662 0.65825
vt 0.4063 0.53935
vt 0.40215 0.53935
vt 0.40215 0.55176
vt 0.4063 0.55176
vt 0.3808 0.58735
vt 0.37645 0.58735
vt 0.37645 0.59263
vt 0.3808 0.59263
vt 0.39257 0.59256
vt 0.39692 0.59256
vt 0.39692 0.58729
vt 0.39257 0.58729
vt 0.36932 0.64313
vt 0.36497 0.64313
vt 0.36497 0.6589
vt 0.36932 0.6589
vt 0.40753 0.67928
vt 0.41168 0.67928
vt 0.41168 0.66688
vt 0.40753 0.66688
vt 0.35268 0.64247
vt 0.34833 0.64247
vt 0.34833 0.65825
vt 0.35268 0.65825
vt 0.398 0.55176
vt 0.398 0.53935
vt 0.48998 0.59106
vt 0.48562 0.59106
vt 0.48562 0.59634
vt 0.48998 0.59634
vt 0.48586 0.67534
vt 0.48108 0.67534
vt 0.48108 0.68114
vt 0.48586 0.68114
vt 0.30263 0.64254
vt 0.29827 0.64254
vt 0.29827 0.65831
vt 0.30263 0.65831
vt 0.45139 0.67304
vt 0.45666 0.67304
vt 0.45666 0.65727
vt 0.45139 0.65727
vt 0.28299 0.64247
vt 0.27864 0.64247
vt 0.27864 0.65825
vt 0.28299 0.65825
vt 0.39092 0.652
vt 0.39507 0.652
vt 0.39507 0.6396
vt 0.39092 0.6396
vt 0.46708 0.56826
vt 0.46366 0.56826
vt 0.46366 0.57242
vt 0.46708 0.57242
vt 0.48108 0.59814
vt 0.48586 0.59814
vt 0.48586 0.59234
vt 0.48108 0.59234
vt 0.63896 0.3624
vt 0.64374 0.3624
vt 0.64374 0.34508
vt 0.63896 0.34508
vt 0.59087 0.47478
vt 0.59667 0.47478
vt 0.59667 0.45746
vt 0.59087 0.45746
vt 0.52062 0.34569
vt 0.51584 0.34569
vt 0.51584 0.36301
vt 0.52062 0.36301
vt 0.7008 0.39659
vt 0.7066 0.39659
vt 0.7066 0.37927
vt 0.7008 0.37927
vt 0.71647 0.29066
vt 0.72125 0.29066
vt 0.72125 0.28486
vt 0.71647 0.28486
vt 0.67444 0.36019
vt 0.66966 0.36019
vt 0.66966 0.36599
vt 0.67444 0.36599
vt 0.32148 0.39587
vt 0.32506 0.39587
vt 0.32506 0.3829
vt 0.32148 0.3829
vt 0.42349 0.37423
vt 0.42349 0.37909
vt 0.43801 0.37909
vt 0.43801 0.37423
vt 0.37586 0.38454
vt 0.37586 0.38053
vt 0.36133 0.38053
vt 0.36133 0.38454
vt 0.27512 0.36771
vt 0.28091 0.36771
vt 0.28091 0.35039
vt 0.27512 0.35039
vt 0.32414 0.4584
vt 0.32056 0.4584
vt 0.32056 0.46275
vt 0.32414 0.46275
vt 0.33222 0.38669
vt 0.32864 0.38669
vt 0.32864 0.39103
vt 0.33222 0.39103
vt 0.81172 0.40487
vt 0.8165 0.40487
vt 0.8165 0.38754
vt 0.81172 0.38754
vt 0.92335 0.36122
vt 0.92915 0.36122
vt 0.92915 0.3439
vt 0.92335 0.3439
vt 0.90561 0.34365
vt 0.90083 0.34365
vt 0.90083 0.36098
vt 0.90561 0.36098
vt 0.79098 0.47759
vt 0.79608 0.47759
vt 0.79608 0.46235
vt 0.79098 0.46235
vt 0.85006 0.34522
vt 0.85426 0.34522
vt 0.85426 0.34012
vt 0.85006 0.34012
vt 0.96467 0.3841
vt 0.96945 0.3841
vt 0.96945 0.3783
vt 0.96467 0.3783
vt 0.45968 0.72764
vt 0.4549 0.72764
vt 0.4549 0.74253
vt 0.45968 0.74253
vt 0.41583 0.70583
vt 0.41168 0.70583
vt 0.41168 0.7165
vt 0.41583 0.7165
vt 0.45968 0.71274
vt 0.4549 0.71274
vt 0.39316 0.58904
vt 0.38737 0.58904
vt 0.38737 0.60393
vt 0.39316 0.60393
vt 0.68577 1.31691
vt 0.69012 1.31691
vt 0.69012 1.31164
vt 0.68577 1.31164
vt 0.48486 0.71941
vt 0.48008 0.71941
vt 0.48008 0.72521
vt 0.48486 0.72521
vt 0.93397 0.68812
vt 0.93728 0.68812
vt 0.93728 0.67781
vt 0.93397 0.67781
vt 0.92323 0.62461
vt 0.92902 0.62461
vt 0.92902 0.60972
vt 0.92323 0.60972
vt 0.93397 0.69843
vt 0.93728 0.69843
vt 0.88666 0.61712
vt 0.89246 0.61712
vt 0.89246 0.60222
vt 0.88666 0.60222
vt 0.96878 0.5876
vt 0.96878 0.5934
vt 0.97356 0.5934
vt 0.89672 0.53097
vt 0.90003 0.53097
vt 0.90003 0.52695
vt 0.89672 0.52695
vt 0.93397 0.70874
vt 0.93728 0.70874
vt 0.88087 0.61712
vt 0.93728 0.66749
vt 0.93397 0.66749
vt 0.91743 0.60972
vt 0.91743 0.62461
vt 0.96878 0.5818
vt 0.94937 0.71076
vt 0.95268 0.71076
vt 0.95268 0.70675
vt 0.94937 0.70675
vt 0.63541 0.33456
vt 0.63063 0.33456
vt 0.63063 0.35188
vt 0.63541 0.35188
vt 0.66541 0.42571
vt 0.65962 0.42571
vt 0.65962 0.44303
vt 0.66541 0.44303
vt 0.62358 0.33344
vt 0.6188 0.33344
vt 0.6188 0.35077
vt 0.62358 0.35077
vt 0.56176 0.36298
vt 0.55597 0.36298
vt 0.55597 0.3803
vt 0.56176 0.3803
vt 0.7241 0.30957
vt 0.71932 0.30957
vt 0.71932 0.31536
vt 0.7241 0.31536
vt 0.60407 0.26955
vt 0.59928 0.26955
vt 0.59928 0.27535
vt 0.60407 0.27535
vt 0.28141 0.31364
vt 0.27783 0.31364
vt 0.27783 0.32661
vt 0.28141 0.32661
vt 0.37989 0.36567
vt 0.3741 0.36567
vt 0.3741 0.383
vt 0.37989 0.383
vt 0.32864 0.33106
vt 0.32506 0.34403
vt 0.32864 0.34403
vt 0.2837 0.35296
vt 0.28804 0.35296
vt 0.28804 0.33999
vt 0.2837 0.33999
vt 0.39221 0.39656
vt 0.39221 0.39255
vt 0.38735 0.39656
vt 0.29283 0.27933
vt 0.29761 0.27933
vt 0.29761 0.27353
vt 0.29283 0.27353
vt 0.33229 0.3894
vt 0.33229 0.38539
vt 0.31776 0.38539
vt 0.31776 0.3894
vt 0.33578 0.3878
vt 0.34157 0.3878
vt 0.34157 0.37048
vt 0.33578 0.37048
vt 0.32636 0.46382
vt 0.32278 0.46382
vt 0.32278 0.47679
vt 0.32636 0.47679
vt 0.32998 0.40513
vt 0.33578 0.40513
vt 0.32998 0.3878
vt 0.37406 0.27921
vt 0.36928 0.27921
vt 0.36928 0.28501
vt 0.37406 0.28501
vt 0.43805 0.29747
vt 0.44283 0.29747
vt 0.44283 0.29167
vt 0.43805 0.29167
vt 0.91039 0.32633
vt 0.90561 0.32633
vt 0.91039 0.34365
vt 0.95107 0.38567
vt 0.95687 0.38567
vt 0.95687 0.36835
vt 0.95107 0.36835
vt 0.84192 0.33106
vt 0.83714 0.33106
vt 0.83714 0.34838
vt 0.84192 0.34838
vt 0.79967 0.32235
vt 0.79457 0.32235
vt 0.79457 0.33759
vt 0.79967 0.33759
vt 0.80167 0.26955
vt 0.79689 0.26955
vt 0.79689 0.27535
vt 0.80167 0.27535
vt 0.88005 0.2691
vt 0.81972 0.35409
vt 0.82393 0.33885
vt 0.81972 0.33885
vt 0.83847 0.36571
vt 0.83268 0.36571
vt 0.83268 0.38303
vt 0.83847 0.38303
vt 0.82158 0.46505
vt 0.82579 0.46505
vt 0.82579 0.4498
vt 0.82158 0.4498
vt 0.98097 0.3531
vt 0.97518 0.3531
vt 0.97518 0.37042
vt 0.98097 0.37042
vt 0.96581 0.26504
vt 0.97059 0.26504
vt 0.97059 0.25924
vt 0.96581 0.25924
vt 0.9257 0.26504
vt 0.93048 0.26504
vt 0.93048 0.25924
vt 0.9257 0.25924
vt 0.80999 0.45146
vt 0.80595 0.45146
vt 0.80595 0.46878
vt 0.80999 0.46878
vt 0.88683 0.36087
vt 0.88104 0.36087
vt 0.88104 0.37819
vt 0.88683 0.37819
vt 0.80999 0.43413
vt 0.80595 0.43413
vt 0.83591 0.35167
vt 0.83012 0.35167
vt 0.83012 0.36899
vt 0.83591 0.36899
vt 0.9647 0.31638
vt 0.96874 0.31638
vt 0.96874 0.31058
vt 0.9647 0.31058
vt 0.93849 0.31334
vt 0.94253 0.31334
vt 0.94253 0.30754
vt 0.93849 0.30754
vt 0.31107 0.71617
vt 0.31585 0.71617
vt 0.31585 0.69884
vt 0.31107 0.69884
vt 0.40215 0.56416
vt 0.4063 0.56416
vt 0.43747 0.62712
vt 0.43312 0.62712
vt 0.43312 0.64289
vt 0.43747 0.64289
vt 0.32301 0.64348
vt 0.31773 0.64348
vt 0.31773 0.65925
vt 0.32301 0.65925
vt 0.3142 0.58553
vt 0.30942 0.58553
vt 0.3142 0.59133
vt 0.46394 0.54761
vt 0.46394 0.55176
vt 0.46737 0.55176
vt 0.81716 0.0889
vt 0.82194 0.0889
vt 0.82194 0.07157
vt 0.81716 0.07157
vt 0.80016 0.05425
vt 0.79436 0.05425
vt 0.79436 0.07157
vt 0.80016 0.07157
vt 0.82303 0.18037
vt 0.82781 0.18037
vt 0.82781 0.16304
vt 0.82303 0.16304
vt 0.78856 0.03549
vt 0.79436 0.03549
vt 0.79436 0.01816
vt 0.78856 0.01816
vt 0.93253 0.04904
vt 0.92775 0.04904
vt 0.92775 0.05484
vt 0.93253 0.05484
vt 0.83729 0.06149
vt 0.84207 0.06149
vt 0.84207 0.05569
vt 0.83729 0.05569
vt 0.81347 0.16195
vt 0.81825 0.16195
vt 0.81825 0.14462
vt 0.81347 0.14462
vt 0.78277 0.03333
vt 0.77697 0.03333
vt 0.77697 0.05066
vt 0.78277 0.05066
vt 0.86168 0.12803
vt 0.86646 0.12803
vt 0.86646 0.1107
vt 0.86168 0.1107
vt 0.80595 0.10622
vt 0.80016 0.10622
vt 0.80016 0.12355
vt 0.80595 0.12355
vt 0.86071 0.05355
vt 0.85593 0.05355
vt 0.85593 0.05935
vt 0.86071 0.05935
vt 0.90573 0.13796
vt 0.90095 0.13796
vt 0.90095 0.14376
vt 0.90573 0.14376
vt 0.89826 0.68642
vt 0.90304 0.68642
vt 0.90304 0.66909
vt 0.89826 0.66909
vt 0.88933 0.60393
vt 0.89335 0.60393
vt 0.89335 0.59194
vt 0.88933 0.59194
vt 0.83582 0.63682
vt 0.83104 0.65415
vt 0.83582 0.65415
vt 0.87501 0.71691
vt 0.86921 0.71691
vt 0.86921 0.73423
vt 0.87501 0.73423
vt 0.95265 0.70174
vt 0.95596 0.70174
vt 0.95596 0.69772
vt 0.95265 0.69772
vt 0.96878 0.71889
vt 0.97356 0.71889
vt 0.97356 0.71309
vt 0.96878 0.71309
vt 0.85258 0.59447
vt 0.8478 0.59447
vt 0.8478 0.61179
vt 0.85258 0.61179
vt 0.91493 0.6671
vt 0.90914 0.6671
vt 0.90914 0.68442
vt 0.91493 0.68442
vt 0.83683 0.65415
vt 0.84161 0.65415
vt 0.84161 0.63682
vt 0.94403 0.62912
vt 0.93823 0.62912
vt 0.93823 0.64645
vt 0.94403 0.64645
vt 0.9264 0.55128
vt 0.93118 0.55128
vt 0.93118 0.54548
vt 0.9264 0.54548
vt 0.84475 0.52938
vt 0.83997 0.52938
vt 0.83997 0.53518
vt 0.84475 0.53518
vt 0.90989 0.71524
vt 0.90658 0.71524
vt 0.90658 0.72723
vt 0.90989 0.72723
vt 0.82371 0.6656
vt 0.81791 0.6656
vt 0.81791 0.68292
vt 0.82371 0.68292
vt 0.91201 0.53196
vt 0.9087 0.53196
vt 0.9087 0.54396
vt 0.91201 0.54396
vt 0.79105 0.663
vt 0.78525 0.663
vt 0.78525 0.68032
vt 0.79105 0.68032
vt 0.9426 0.70592
vt 0.94738 0.70592
vt 0.94738 0.70012
vt 0.9426 0.70012
vt 0.96878 0.72469
vt 0.97356 0.72469
vt 0.07034 0.44172
vt 0.07381 0.44172
vt 0.07381 0.4244
vt 0.07034 0.4244
vt 0.05033 0.3799
vt 0.04453 0.3799
vt 0.04453 0.39722
vt 0.05033 0.39722
vt 0.15392 0.42393
vt 0.15045 0.42393
vt 0.15045 0.44125
vt 0.15392 0.44125
vt 0.17544 0.32866
vt 0.16964 0.32866
vt 0.16964 0.34599
vt 0.17544 0.34599
vt 0.08425 0.34713
vt 0.08078 0.34713
vt 0.08078 0.35293
vt 0.08425 0.35293
vt 0.10045 0.39138
vt 0.09698 0.39138
vt 0.09698 0.39717
vt 0.10045 0.39717
vt 0.14763 0.43731
vt 0.15241 0.43731
vt 0.15241 0.41999
vt 0.14763 0.41999
vt 0.08953 0.43328
vt 0.08373 0.43328
vt 0.08373 0.4506
vt 0.08953 0.4506
vt 0.19729 0.3526
vt 0.20207 0.3526
vt 0.20207 0.33528
vt 0.19729 0.33528
vt 0.09419 0.36554
vt 0.08839 0.36554
vt 0.08839 0.38286
vt 0.09419 0.38286
vt 0.21877 0.28525
vt 0.22355 0.28525
vt 0.22355 0.27945
vt 0.21877 0.27945
vt 0.15283 0.40627
vt 0.14805 0.40627
vt 0.14805 0.41207
vt 0.15283 0.41207
vt 0.4151 0.64207
vt 0.41852 0.64207
vt 0.41852 0.62966
vt 0.4151 0.62966
vt 0.31119 0.58608
vt 0.30591 0.58608
vt 0.30591 0.60186
vt 0.31119 0.60186
vt 0.29508 0.66347
vt 0.29986 0.66347
vt 0.29986 0.64615
vt 0.29508 0.64615
vt 0.38737 0.67323
vt 0.38157 0.67323
vt 0.38157 0.69056
vt 0.38737 0.69056
vt 0.46924 0.66381
vt 0.46446 0.66381
vt 0.46446 0.66961
vt 0.46924 0.66961
vt 0.4549 0.52539
vt 0.45968 0.52539
vt 0.45968 0.5196
vt 0.4549 0.5196
vt 0.41435 0.61378
vt 0.41777 0.61378
vt 0.41777 0.60138
vt 0.41435 0.60138
vt 0.38157 0.70788
vt 0.37577 0.70788
vt 0.37577 0.72521
vt 0.38157 0.72521
vt 0.30699 0.66347
vt 0.31177 0.66347
vt 0.31177 0.64615
vt 0.30699 0.64615
vt 0.31308 0.62585
vt 0.31888 0.62585
vt 0.31888 0.60852
vt 0.31308 0.60852
vt 0.42531 0.55694
vt 0.42874 0.55694
vt 0.42874 0.55279
vt 0.42531 0.55279
vt 0.33149 0.51918
vt 0.32671 0.51918
vt 0.32671 0.52498
vt 0.33149 0.52498
vt 0.40262 0.6752
vt 0.39784 0.6752
vt 0.39784 0.69252
vt 0.40262 0.69252
vt 0.27288 0.66481
vt 0.26708 0.66481
vt 0.26708 0.68214
vt 0.27288 0.68214
vt 0.30085 0.59552
vt 0.30563 0.59552
vt 0.30563 0.57819
vt 0.30085 0.57819
vt 0.44403 0.59881
vt 0.43824 0.59881
vt 0.43824 0.61614
vt 0.44403 0.61614
vt 0.31111 0.70793
vt 0.31589 0.70793
vt 0.31589 0.70213
vt 0.31111 0.70213
vt 0.36336 0.68699
vt 0.35858 0.68699
vt 0.35858 0.69279
vt 0.36336 0.69279
vt 0.0823 0.45034
vt 0.07752 0.45034
vt 0.07752 0.46766
vt 0.0823 0.46766
vt 0.11864 0.4164
vt 0.12444 0.4164
vt 0.12444 0.39908
vt 0.11864 0.39908
vt 0.0567 0.37405
vt 0.05192 0.37405
vt 0.05192 0.39138
vt 0.0567 0.39138
vt 0.21365 0.36498
vt 0.20786 0.36498
vt 0.20786 0.3823
vt 0.21365 0.3823
vt 0.14805 0.46186
vt 0.15283 0.46186
vt 0.15283 0.45606
vt 0.14805 0.45606
vt 0.0632 0.47276
vt 0.06798 0.47276
vt 0.06798 0.46697
vt 0.0632 0.46697
vt 0.10175 0.4266
vt 0.09697 0.4266
vt 0.09697 0.43811
vt 0.10175 0.43811
vt 0.09117 0.43811
vt 0.09117 0.4266
vt 0.03773 0.38471
vt 0.04251 0.37319
vt 0.03773 0.37319
vt 0.08537 0.4266
vt 0.07958 0.4266
vt 0.19595 0.37796
vt 0.19117 0.37796
vt 0.19117 0.38376
vt 0.19595 0.38376
vt 0.10722 0.39836
vt 0.10244 0.39836
vt 0.10244 0.40416
vt 0.10722 0.40416
vt 0.44696 0.56124
vt 0.44218 0.56124
vt 0.44218 0.57275
vt 0.44696 0.57275
vt 0.39018 0.56398
vt 0.39598 0.56398
vt 0.39598 0.55247
vt 0.39018 0.55247
vt 0.39017 0.60932
vt 0.39495 0.60932
vt 0.39495 0.5978
vt 0.39017 0.5978
vt 0.32951 0.71155
vt 0.33531 0.71155
vt 0.33531 0.70004
vt 0.32951 0.70004
vt 0.3609 0.5228
vt 0.36568 0.5228
vt 0.36568 0.517
vt 0.3609 0.517
vt 0.4613 0.5482
vt 0.45652 0.5482
vt 0.45652 0.554
vt 0.4613 0.554
vt 0.77299 0.43894
vt 0.77777 0.43894
vt 0.77777 0.42743
vt 0.77299 0.42743
vt 0.87184 0.2828
vt 0.96252 0.30255
vt 0.9673 0.30255
vt 0.9673 0.29103
vt 0.8444 0.41556
vt 0.8393 0.41556
vt 0.8393 0.42569
vt 0.8444 0.42569
vt 0.90531 0.27669
vt 0.91009 0.27669
vt 0.91009 0.2709
vt 0.90531 0.2709
vt 0.84799 0.27346
vt 0.84378 0.27346
vt 0.84378 0.27857
vt 0.84799 0.27857
vt 0.83248 0.61917
vt 0.8277 0.61917
vt 0.8277 0.63649
vt 0.83248 0.63649
vt 0.7684 0.62474
vt 0.76261 0.62474
vt 0.76261 0.64207
vt 0.7684 0.64207
vt 0.87421 0.6124
vt 0.87899 0.6124
vt 0.87899 0.59508
vt 0.87421 0.59508
vt 0.81031 0.5661
vt 0.80451 0.5661
vt 0.80451 0.58343
vt 0.81031 0.58343
vt 0.90538 0.69127
vt 0.91016 0.69127
vt 0.91016 0.68547
vt 0.90538 0.68547
vt 0.95979 0.53763
vt 0.96457 0.53763
vt 0.96457 0.53183
vt 0.95979 0.53183
vt 0.3818 0.52911
vt 0.37702 0.52911
vt 0.37702 0.54643
vt 0.3818 0.54643
vt 0.42576 0.5752
vt 0.41997 0.5752
vt 0.41997 0.59253
vt 0.42576 0.59253
vt 0.3532 0.55915
vt 0.35798 0.55915
vt 0.35798 0.54182
vt 0.3532 0.54182
vt 0.29839 0.6619
vt 0.2926 0.6619
vt 0.2926 0.67922
vt 0.29839 0.67922
vt 0.44115 0.54064
vt 0.44593 0.54064
vt 0.44593 0.53484
vt 0.44115 0.53484
vt 0.44492 0.61397
vt 0.4497 0.61397
vt 0.4497 0.60817
vt 0.44492 0.60817
vt 0.38396 0.69184
vt 0.37918 0.69184
vt 0.37918 0.70916
vt 0.38396 0.70916
vt 0.28831 0.57464
vt 0.28252 0.57464
vt 0.28252 0.59196
vt 0.28831 0.59196
vt 0.30364 0.55963
vt 0.30842 0.55963
vt 0.30842 0.54231
vt 0.30364 0.54231
vt 0.33166 0.56089
vt 0.33745 0.56089
vt 0.33745 0.54356
vt 0.33166 0.54356
vt 0.64028 0.86727
vt 0.6355 0.86727
vt 0.6355 0.87307
vt 0.64028 0.87307
vt 0.44528 0.6877
vt 0.4405 0.6877
vt 0.4405 0.6935
vt 0.44528 0.6935
vt 0.34158 0.35039
vt 0.34636 0.35039
vt 0.34636 0.33306
vt 0.34158 0.33306
vt 0.46826 0.36451
vt 0.46826 0.35965
vt 0.45374 0.35965
vt 0.45374 0.36451
vt 0.47818 0.34932
vt 0.48296 0.34932
vt 0.48296 0.33199
vt 0.47818 0.33199
vt 0.30845 0.35695
vt 0.30411 0.35695
vt 0.30411 0.36993
vt 0.30845 0.36993
vt 0.30681 0.30324
vt 0.31159 0.30324
vt 0.31159 0.29744
vt 0.30681 0.29744
vt 0.42102 0.29299
vt 0.41624 0.29299
vt 0.41624 0.29879
vt 0.42102 0.29879
vt 0.372 0.59588
vt 0.37678 0.59588
vt 0.37678 0.57855
vt 0.372 0.57855
vt 0.26708 0.55728
vt 0.26128 0.55728
vt 0.26128 0.5746
vt 0.26708 0.5746
vt 0.49167 0.57893
vt 0.48689 0.57893
vt 0.48689 0.59626
vt 0.49167 0.59626
vt 0.37465 0.56672
vt 0.36885 0.56672
vt 0.36885 0.58405
vt 0.37465 0.58405
vt 0.27741 0.57721
vt 0.27263 0.57721
vt 0.27263 0.58301
vt 0.27741 0.58301
vt 0.44333 0.61102
vt 0.43855 0.61102
vt 0.43855 0.61682
vt 0.44333 0.61682
vt 0.3809 0.34443
vt 0.38568 0.34443
vt 0.38568 0.3271
vt 0.3809 0.3271
vt 0.30048 0.38617
vt 0.30627 0.38617
vt 0.30627 0.36885
vt 0.30048 0.36885
vt 0.46144 0.37366
vt 0.46622 0.37366
vt 0.46622 0.35634
vt 0.46144 0.35634
vt 0.44685 0.43352
vt 0.44105 0.43352
vt 0.44105 0.45084
vt 0.44685 0.45084
vt 0.35385 0.27752
vt 0.34907 0.27752
vt 0.34907 0.28332
vt 0.35385 0.28332
vt 0.38256 0.41359
vt 0.38734 0.41359
vt 0.38734 0.40779
vt 0.38256 0.40779
vt 0.57827 0.13059
vt 0.58305 0.13059
vt 0.58305 0.11327
vt 0.57827 0.11327
vt 0.69255 0.03037
vt 0.68675 0.03037
vt 0.68675 0.04769
vt 0.69255 0.04769
vt 0.58442 0.11604
vt 0.57964 0.11604
vt 0.57964 0.13337
vt 0.58442 0.13337
vt 0.70006 0.19114
vt 0.70586 0.19114
vt 0.70586 0.17382
vt 0.70006 0.17382
vt 0.62566 0.09132
vt 0.63044 0.09132
vt 0.63044 0.08552
vt 0.62566 0.08552
vt 0.67706 0.21629
vt 0.68185 0.21629
vt 0.68185 0.2105
vt 0.67706 0.2105
vt 0.64763 0.44303
vt 0.64285 0.44303
vt 0.64285 0.46035
vt 0.64763 0.46035
vt 0.63076 0.33199
vt 0.62496 0.33199
vt 0.62496 0.34931
vt 0.63076 0.34931
vt 0.5823 0.33705
vt 0.57752 0.33705
vt 0.57752 0.35437
vt 0.5823 0.35437
vt 0.53268 0.39961
vt 0.53848 0.39961
vt 0.53848 0.38229
vt 0.53268 0.38229
vt 0.59538 0.29282
vt 0.60016 0.29282
vt 0.60016 0.28702
vt 0.59538 0.28702
vt 0.72764 0.35504
vt 0.72285 0.35504
vt 0.72285 0.36084
vt 0.72764 0.36084
vt 0.63807 0.46035
vt 0.63807 0.44303
vt 0.62068 0.37373
vt 0.61488 0.37373
vt 0.61488 0.39106
vt 0.62068 0.39106
vt 0.72619 0.36389
vt 0.73097 0.36389
vt 0.73097 0.34657
vt 0.72619 0.34657
vt 0.67908 0.36722
vt 0.67329 0.36722
vt 0.67329 0.38454
vt 0.67908 0.38454
vt 0.51905 0.29277
vt 0.52383 0.29277
vt 0.52383 0.28698
vt 0.51905 0.28698
vt 0.53523 0.43802
vt 0.54001 0.43802
vt 0.54001 0.43222
vt 0.53523 0.43222
vt 0.4792 0.31585
vt 0.48398 0.31585
vt 0.48398 0.29971
vt 0.4792 0.29971
vt 0.3724 0.36386
vt 0.3666 0.36386
vt 0.3666 0.38001
vt 0.3724 0.38001
vt 0.30837 0.32057
vt 0.30359 0.32057
vt 0.30359 0.33671
vt 0.30837 0.33671
vt 0.29863 0.34357
vt 0.29283 0.34357
vt 0.29283 0.35971
vt 0.29863 0.35971
vt 0.3358 0.35966
vt 0.33937 0.35966
vt 0.33937 0.35532
vt 0.3358 0.35532
vt 0.32864 0.2722
vt 0.33222 0.2722
vt 0.33222 0.26786
vt 0.32864 0.26786
vt 0.4792 0.33199
vt 0.48398 0.33199
vt 0.49009 0.34227
vt 0.4843 0.34227
vt 0.4843 0.35841
vt 0.49009 0.35841
vt 0.4734 0.29971
vt 0.46862 0.29971
vt 0.46862 0.31585
vt 0.4734 0.31585
vt 0.42448 0.37909
vt 0.42448 0.38395
vt 0.43801 0.38395
vt 0.36012 0.40142
vt 0.36012 0.39741
vt 0.35526 0.39741
vt 0.35526 0.40142
vt 0.29543 0.27257
vt 0.29901 0.27257
vt 0.29901 0.26823
vt 0.29543 0.26823
vt 0.73097 0.33043
vt 0.72619 0.33043
vt 0.57454 0.36192
vt 0.56875 0.36192
vt 0.56875 0.37806
vt 0.57454 0.37806
vt 0.55317 0.3206
vt 0.54839 0.3206
vt 0.54839 0.33675
vt 0.55317 0.33675
vt 0.63108 0.35802
vt 0.62529 0.35802
vt 0.62529 0.37417
vt 0.63108 0.37417
vt 0.64961 0.40285
vt 0.64483 0.40285
vt 0.64483 0.40865
vt 0.64961 0.40865
vt 0.66777 0.4315
vt 0.67255 0.4315
vt 0.67255 0.42571
vt 0.66777 0.42571
vt 0.1533 0.32701
vt 0.15647 0.32701
vt 0.15647 0.30969
vt 0.1533 0.30969
vt 0.11744 0.36866
vt 0.11164 0.36866
vt 0.11164 0.38599
vt 0.11744 0.38599
vt 0.16442 0.35372
vt 0.16125 0.35372
vt 0.16125 0.37105
vt 0.16442 0.37105
vt 0.08179 0.38493
vt 0.08758 0.38493
vt 0.08758 0.3676
vt 0.08179 0.3676
vt 0.08466 0.32916
vt 0.08149 0.32916
vt 0.08149 0.33496
vt 0.08466 0.33496
vt 0.19257 0.3283
vt 0.1894 0.3283
vt 0.1894 0.3341
vt 0.19257 0.3341
vt 0.86345 0.44228
vt 0.86103 0.44228
vt 0.86103 0.4596
vt 0.86345 0.4596
vt 0.95372 0.37802
vt 0.95952 0.37802
vt 0.95952 0.3607
vt 0.95372 0.3607
vt 0.84604 0.45786
vt 0.84846 0.45786
vt 0.84846 0.44053
vt 0.84604 0.44053
vt 0.90966 0.3423
vt 0.90386 0.3423
vt 0.90386 0.35962
vt 0.90966 0.35962
vt 0.86345 0.43648
vt 0.86103 0.43648
vt 0.77876 0.43196
vt 0.78118 0.43196
vt 0.78118 0.42616
vt 0.77876 0.42616
vt 0.844 0.37818
vt 0.84717 0.37818
vt 0.84717 0.36085
vt 0.844 0.36085
vt 0.79543 0.38295
vt 0.80123 0.38295
vt 0.80123 0.36562
vt 0.79543 0.36562
vt 0.88781 0.38056
vt 0.89098 0.38056
vt 0.89098 0.36324
vt 0.88781 0.36324
vt 0.91717 0.43267
vt 0.92297 0.43267
vt 0.92297 0.41535
vt 0.91717 0.41535
vt 0.93623 0.29192
vt 0.93305 0.29192
vt 0.93305 0.29772
vt 0.93623 0.29772
vt 0.80583 0.29182
vt 0.809 0.29182
vt 0.809 0.28602
vt 0.80583 0.28602
vt 0.8945 0.09747
vt 0.89133 0.09747
vt 0.89133 0.11479
vt 0.8945 0.11479
vt 0.82744 0.13212
vt 0.83324 0.13212
vt 0.83324 0.11479
vt 0.82744 0.11479
vt 0.86035 0.10949
vt 0.85718 0.10949
vt 0.85718 0.12681
vt 0.86035 0.12681
vt 0.83357 0.13154
vt 0.83937 0.13154
vt 0.83937 0.11422
vt 0.83357 0.11422
vt 0.90795 0.07207
vt 0.91112 0.07207
vt 0.91112 0.06628
vt 0.90795 0.06628
vt 0.89052 0.01455
vt 0.89369 0.01455
vt 0.89369 0.00875
vt 0.89052 0.00875
vt 0.9579 0.32633
vt 0.95473 0.32633
vt 0.95473 0.34365
vt 0.9579 0.34365
vt 0.9227 0.34752
vt 0.9169 0.34752
vt 0.9169 0.36485
vt 0.9227 0.36485
vt 0.86887 0.27788
vt 0.86608 0.27788
vt 0.86608 0.29313
vt 0.86887 0.29313
vt 0.84504 0.38745
vt 0.83924 0.38745
vt 0.83924 0.40478
vt 0.84504 0.40478
vt 0.87184 0.26548
vt 0.87501 0.26548
vt 0.87501 0.25968
vt 0.87184 0.25968
vt 0.92464 0.25924
vt 0.92781 0.25924
vt 0.92781 0.25344
vt 0.92464 0.25344
vt 0.95473 0.36098
vt 0.9579 0.36098
vt 0.81497 0.38457
vt 0.80987 0.38457
vt 0.80987 0.39981
vt 0.81497 0.39981
vt 0.83236 0.31373
vt 0.82919 0.31373
vt 0.82919 0.33106
vt 0.83236 0.33106
vt 0.94256 0.40068
vt 0.94836 0.40068
vt 0.94836 0.38335
vt 0.94256 0.38335
vt 0.88349 0.2663
vt 0.8807 0.2663
vt 0.8807 0.2714
vt 0.88349 0.2714
vt 0.97163 0.49625
vt 0.9748 0.49625
vt 0.9748 0.49045
vt 0.97163 0.49045
vt 0.92107 0.40949
vt 0.92425 0.40949
vt 0.92425 0.39217
vt 0.92107 0.39217
vt 0.89935 0.36261
vt 0.90514 0.36262
vt 0.90514 0.34535
vt 0.89935 0.34534
vt 0.92107 0.42681
vt 0.92425 0.42682
vt 0.89503 0.37823
vt 0.90083 0.37822
vt 0.90083 0.36095
vt 0.89503 0.36096
vt 0.88433 0.46823
vt 0.88711 0.46823
vt 0.88711 0.46313
vt 0.88433 0.46313
vt 0.93692 0.40151
vt 0.93376 0.40152
vt 0.93376 0.40731
vt 0.93692 0.40731
vt 0.8889 0.14652
vt 0.88573 0.14652
vt 0.88573 0.16384
vt 0.8889 0.16384
vt 0.83081 0.12557
vt 0.82501 0.12557
vt 0.82501 0.1429
vt 0.83081 0.1429
vt 0.88912 0.16836
vt 0.89229 0.16836
vt 0.89229 0.15103
vt 0.88912 0.15103
vt 0.84294 0.06671
vt 0.84874 0.06671
vt 0.84874 0.04939
vt 0.84294 0.04939
vt 0.81151 0.03004
vt 0.81468 0.03004
vt 0.81468 0.02424
vt 0.81151 0.02424
vt 0.92072 0.02988
vt 0.9239 0.02988
vt 0.9239 0.02408
vt 0.92072 0.02408
vt 0.85413 0.06594
vt 0.85096 0.06594
vt 0.85096 0.08326
vt 0.85413 0.08326
vt 0.82744 0.09747
vt 0.83324 0.09747
vt 0.83324 0.08014
vt 0.82744 0.08014
vt 0.85758 0.02947
vt 0.85441 0.02947
vt 0.85441 0.04679
vt 0.85758 0.04679
vt 0.83357 0.14887
vt 0.83937 0.14887
vt 0.85758 0.00996
vt 0.85441 0.00996
vt 0.85441 0.01576
vt 0.85758 0.01576
vt 0.87549 0.09584
vt 0.87866 0.09584
vt 0.87866 0.09004
vt 0.87549 0.09004
vt 0.90529 0.13162
vt 0.90212 0.13162
vt 0.90212 0.14894
vt 0.90529 0.14894
vt 0.83937 0.16619
vt 0.84516 0.16619
vt 0.84516 0.14887
vt 0.88398 0.06029
vt 0.88081 0.06029
vt 0.88081 0.07761
vt 0.88398 0.07761
vt 0.80215 0.12618
vt 0.80795 0.12618
vt 0.80795 0.10885
vt 0.80215 0.10885
vt 0.90963 0.01516
vt 0.91281 0.01516
vt 0.91281 0.00937
vt 0.90963 0.00937
vt 0.86686 0.02408
vt 0.86369 0.02408
vt 0.86369 0.02988
vt 0.86686 0.02988
vt 0.83829 0.17273
vt 0.84146 0.17273
vt 0.84146 0.15541
vt 0.83829 0.15541
vt 0.96861 0.19703
vt 0.96281 0.19703
vt 0.96281 0.21436
vt 0.96861 0.21436
vt 0.89093 0.11841
vt 0.88776 0.11841
vt 0.88776 0.13574
vt 0.89093 0.13574
vt 0.82326 0.12833
vt 0.82906 0.12833
vt 0.82906 0.11101
vt 0.82326 0.11101
vt 0.91598 0.00937
vt 0.91598 0.01516
vt 0.9083 0.18197
vt 0.91147 0.18197
vt 0.91147 0.17617
vt 0.9083 0.17617
vt 0.83829 0.19006
vt 0.84146 0.19006
vt 0.82744 0.07871
vt 0.83324 0.07871
vt 0.83324 0.06138
vt 0.82744 0.06138
vt 0.86759 0.03955
vt 0.86442 0.03955
vt 0.86442 0.05688
vt 0.86759 0.05688
vt 0.87371 0.12689
vt 0.86791 0.12689
vt 0.86791 0.14422
vt 0.87371 0.14422
vt 0.91362 0.0397
vt 0.91045 0.0397
vt 0.91045 0.04549
vt 0.91362 0.04549
vt 0.91112 0.06048
vt 0.90795 0.06048
vt 0.8945 0.08014
vt 0.89133 0.08014
vt 0.88129 0.16799
vt 0.87549 0.16799
vt 0.87549 0.18531
vt 0.88129 0.18531
vt 0.80968 0.09153
vt 0.81285 0.09153
vt 0.81285 0.0742
vt 0.80968 0.0742
vt 0.82164 0.14944
vt 0.82744 0.14944
vt 0.82164 0.13212
vt 0.91126 0.0092
vt 0.90809 0.0092
vt 0.90809 0.015
vt 0.91126 0.015
vt 0.92437 0.15474
vt 0.92754 0.15474
vt 0.92754 0.14894
vt 0.92437 0.14894
vt 0.78393 0.08428
vt 0.78075 0.08428
vt 0.78075 0.1016
vt 0.78393 0.1016
vt 0.83065 0.05695
vt 0.82748 0.05695
vt 0.82748 0.07428
vt 0.83065 0.07428
vt 0.81584 0.05923
vt 0.82164 0.05923
vt 0.82164 0.04191
vt 0.81584 0.04191
vt 0.86999 0.02988
vt 0.87316 0.02988
vt 0.87316 0.02408
vt 0.86999 0.02408
vt 0.84536 0.15294
vt 0.84854 0.15294
vt 0.84854 0.14714
vt 0.84536 0.14714
vt 0.90804 0.15249
vt 0.90487 0.15249
vt 0.90487 0.16981
vt 0.90804 0.16981
vt 0.83937 0.23549
vt 0.84516 0.23549
vt 0.84516 0.21817
vt 0.83937 0.21817
vt 0.85413 0.04861
vt 0.85096 0.04861
vt 0.82413 0.1416
vt 0.81834 0.1416
vt 0.81834 0.15893
vt 0.82413 0.15893
vt 0.86952 0.0143
vt 0.87269 0.0143
vt 0.87269 0.0085
vt 0.86952 0.0085
vt 0.96512 0.00932
vt 0.96195 0.00932
vt 0.96195 0.01512
vt 0.96512 0.01512
vt 0.85324 0.36571
vt 0.85007 0.38303
vt 0.85324 0.38303
vt 0.90083 0.46485
vt 0.89503 0.46485
vt 0.89503 0.48218
vt 0.90083 0.48218
vt 0.86608 0.30837
vt 0.86329 0.30837
vt 0.86329 0.32361
vt 0.86608 0.32361
vt 0.78437 0.32045
vt 0.78947 0.32045
vt 0.78947 0.30521
vt 0.78437 0.30521
vt 0.93342 0.42892
vt 0.93025 0.42892
vt 0.93025 0.43472
vt 0.93342 0.43472
vt 0.88349 0.28552
vt 0.8807 0.28552
vt 0.8807 0.29062
vt 0.88349 0.29062
vt 0.87256 0.38794
vt 0.86939 0.38794
vt 0.86939 0.40527
vt 0.87256 0.40527
vt 0.91103 0.39469
vt 0.90523 0.39469
vt 0.90523 0.41201
vt 0.91103 0.41201
vt 0.95213 0.44527
vt 0.94896 0.44527
vt 0.94896 0.4626
vt 0.95213 0.4626
vt 0.77475 0.39401
vt 0.78054 0.39401
vt 0.78054 0.37668
vt 0.77475 0.37668
vt 0.97911 0.29913
vt 0.98229 0.29913
vt 0.98229 0.29333
vt 0.97911 0.29333
vt 0.84279 0.31009
vt 0.84596 0.31009
vt 0.84596 0.3043
vt 0.84279 0.3043
vt 0.12061 0.36866
vt 0.12061 0.35134
vt 0.11744 0.35134
vt 0.06294 0.4068
vt 0.05714 0.4068
vt 0.05714 0.42413
vt 0.06294 0.42413
vt 0.1541 0.34887
vt 0.15727 0.34887
vt 0.15727 0.33154
vt 0.1541 0.33154
vt 0.16392 0.42664
vt 0.16972 0.42664
vt 0.16972 0.40932
vt 0.16392 0.40932
vt 0.15199 0.27461
vt 0.14882 0.27461
vt 0.14882 0.28041
vt 0.15199 0.28041
vt 0.10761 0.27968
vt 0.10444 0.27968
vt 0.10444 0.28547
vt 0.10761 0.28547
vt 0.16378 0.40273
vt 0.16061 0.42006
vt 0.16378 0.42006
vt 0.05163 0.35213
vt 0.04583 0.35213
vt 0.04583 0.36946
vt 0.05163 0.36946
vt 0.21947 0.39099
vt 0.2163 0.39099
vt 0.2163 0.40831
vt 0.21947 0.40831
vt 0.02891 0.45335
vt 0.03471 0.45335
vt 0.03471 0.43603
vt 0.02891 0.43603
vt 0.13209 0.33378
vt 0.13526 0.33378
vt 0.13526 0.32798
vt 0.13209 0.32798
vt 0.11024 0.28561
vt 0.11341 0.28561
vt 0.11341 0.27981
vt 0.11024 0.27981
vt 0.10458 0.40369
vt 0.09918 0.40369
vt 0.09918 0.42101
vt 0.10458 0.42101
vt 0.13446 0.41963
vt 0.14026 0.41963
vt 0.14026 0.4023
vt 0.13446 0.4023
vt 0.09918 0.43834
vt 0.10458 0.43834
vt 0.03653 0.40945
vt 0.04232 0.40945
vt 0.04232 0.39213
vt 0.03653 0.39213
vt 0.16812 0.45731
vt 0.17352 0.45731
vt 0.17352 0.45152
vt 0.16812 0.45152
vt 0.17893 0.45152
vt 0.17893 0.45731
vt 0.82189 0.1994
vt 0.81872 0.1994
vt 0.81872 0.21673
vt 0.82189 0.21673
vt 0.89933 0.1892
vt 0.90512 0.1892
vt 0.90512 0.17187
vt 0.89933 0.17187
vt 0.90576 0.05081
vt 0.90259 0.05081
vt 0.90259 0.06814
vt 0.90576 0.06814
vt 0.81584 0.07871
vt 0.82164 0.07871
vt 0.82164 0.06138
vt 0.81584 0.06138
vt 0.84516 0.03984
vt 0.84834 0.03984
vt 0.84834 0.03405
vt 0.84516 0.03405
vt 0.91112 0.07787
vt 0.91429 0.07787
vt 0.91429 0.07207
vt 0.86725 0.09153
vt 0.86408 0.09153
vt 0.86408 0.10885
vt 0.86725 0.10885
vt 0.84963 0.10885
vt 0.85543 0.10885
vt 0.85543 0.09153
vt 0.84963 0.09153
vt 0.89097 0.17044
vt 0.8878 0.17044
vt 0.8878 0.18777
vt 0.89097 0.18777
vt 0.90727 0.1198
vt 0.91306 0.1198
vt 0.91306 0.10247
vt 0.90727 0.10247
vt 0.84345 0.09005
vt 0.84028 0.09005
vt 0.84028 0.09585
vt 0.84345 0.09585
vt 0.86052 0.02988
vt 0.86052 0.02408
vt 0.94842 0.21078
vt 0.94937 0.21078
vt 0.94937 0.19346
vt 0.94842 0.19346
vt 0.89353 0.1892
vt 0.89353 0.17187
vt 0.82178 0.22541
vt 0.82083 0.22541
vt 0.82083 0.24274
vt 0.82178 0.24274
vt 0.81756 0.22014
vt 0.82336 0.22014
vt 0.82336 0.20282
vt 0.81756 0.20282
vt 0.94937 0.18766
vt 0.94842 0.18766
vt 0.81684 0.19393
vt 0.81779 0.19393
vt 0.81779 0.18813
vt 0.81684 0.18813
vt 0.87586 0.07492
vt 0.87269 0.07492
vt 0.87269 0.09225
vt 0.87586 0.09225
vt 0.81505 0.03812
vt 0.82085 0.03812
vt 0.82085 0.0208
vt 0.81505 0.0208
vt 0.90643 0.04576
vt 0.90326 0.04576
vt 0.90326 0.06309
vt 0.90643 0.06309
vt 0.82744 0.18409
vt 0.82164 0.18409
vt 0.82164 0.20142
vt 0.82744 0.20142
vt 0.91036 0.12059
vt 0.91353 0.12059
vt 0.91353 0.11479
vt 0.91036 0.11479
vt 0.80505 0.09015
vt 0.80187 0.09015
vt 0.80187 0.09595
vt 0.80505 0.09595
vt 0.94958 0.0532
vt 0.94641 0.0532
vt 0.94641 0.07052
vt 0.94958 0.07052
vt 0.83324 0.18409
vt 0.83324 0.20142
vt 0.90009 0.06309
vt 0.90009 0.04576
vt 0.79845 0.16533
vt 0.80425 0.16533
vt 0.80425 0.14801
vt 0.79845 0.14801
vt 0.91182 0.22932
vt 0.90865 0.22932
vt 0.90865 0.23512
vt 0.91182 0.23512
vt 0.90826 0.12994
vt 0.91143 0.12994
vt 0.91143 0.12414
vt 0.90826 0.12414
vt 0.19319 0.67599
vt 0.19002 0.67599
vt 0.19002 0.69332
vt 0.19319 0.69332
vt 0.04835 0.55412
vt 0.05414 0.55412
vt 0.05414 0.53679
vt 0.04835 0.53679
vt 0.06908 0.54572
vt 0.06591 0.54572
vt 0.06591 0.56305
vt 0.06908 0.56305
vt 0.06999 0.63243
vt 0.07579 0.63243
vt 0.07579 0.61511
vt 0.06999 0.61511
vt 0.10713 0.52641
vt 0.1103 0.52641
vt 0.1103 0.52061
vt 0.10713 0.52061
vt 0.17466 0.52598
vt 0.17784 0.52598
vt 0.17784 0.52018
vt 0.17466 0.52018
vt 0.03142 0.56881
vt 0.0265 0.56881
vt 0.0265 0.58613
vt 0.03142 0.58613
vt 0.18889 0.55689
vt 0.19469 0.55689
vt 0.19469 0.53956
vt 0.18889 0.53956
vt 0.14945 0.61585
vt 0.15437 0.61585
vt 0.15437 0.59852
vt 0.14945 0.59852
vt 0.14741 0.54359
vt 0.14162 0.54359
vt 0.14162 0.56091
vt 0.14741 0.56091
vt 0.18804 0.67452
vt 0.18312 0.67452
vt 0.18312 0.68032
vt 0.18804 0.68032
vt 0.20537 0.6756
vt 0.20044 0.6756
vt 0.20044 0.6814
vt 0.20537 0.6814
vt 0.58363 0.32485
vt 0.5868 0.32485
vt 0.5868 0.30753
vt 0.58363 0.30753
vt 0.7066 0.38513
vt 0.71239 0.38513
vt 0.71239 0.3678
vt 0.7066 0.3678
vt 0.6206 0.30889
vt 0.62377 0.30889
vt 0.62377 0.29156
vt 0.6206 0.29156
vt 0.54963 0.34566
vt 0.54383 0.34566
vt 0.54383 0.36299
vt 0.54963 0.36299
vt 0.51338 0.29673
vt 0.51655 0.29673
vt 0.51655 0.29093
vt 0.51338 0.29093
vt 0.65573 0.38754
vt 0.65891 0.38754
vt 0.65891 0.38175
vt 0.65573 0.38175
vt 0.54272 0.26775
vt 0.53955 0.26775
vt 0.53955 0.28507
vt 0.54272 0.28507
vt 0.56469 0.43926
vt 0.57049 0.43926
vt 0.57049 0.42194
vt 0.56469 0.42194
vt 0.58926 0.3611
vt 0.59244 0.3611
vt 0.59244 0.34378
vt 0.58926 0.34378
vt 0.58347 0.3611
vt 0.58347 0.34378
vt 0.59273 0.29648
vt 0.5959 0.29648
vt 0.5959 0.29069
vt 0.59273 0.29069
vt 0.60522 0.45615
vt 0.60839 0.45615
vt 0.60839 0.45035
vt 0.60522 0.45035
vt 0.44576 0.61626
vt 0.44865 0.61626
vt 0.44865 0.60048
vt 0.44576 0.60048
vt 0.28552 0.66347
vt 0.27972 0.66347
vt 0.27972 0.6808
vt 0.28552 0.6808
vt 0.27293 0.57434
vt 0.27611 0.57434
vt 0.27611 0.55702
vt 0.27293 0.55702
vt 0.39922 0.652
vt 0.39922 0.6396
vt 0.36205 0.58764
vt 0.36494 0.58764
vt 0.36494 0.58236
vt 0.36205 0.58236
vt 0.46672 0.62546
vt 0.46445 0.62546
vt 0.46445 0.62961
vt 0.46672 0.62961
vt 0.94718 0.69376
vt 0.94937 0.69375
vt 0.94937 0.68178
vt 0.94718 0.68178
vt 0.82371 0.66555
vt 0.8295 0.6656
vt 0.8295 0.64875
vt 0.82371 0.6487
vt 0.94718 0.70575
vt 0.94937 0.70575
vt 0.94937 0.69377
vt 0.94718 0.69377
vt 0.90484 0.51516
vt 0.90083 0.51519
vt 0.90083 0.52686
vt 0.90484 0.52682
vt 0.95599 0.68579
vt 0.95813 0.68581
vt 0.95813 0.6818
vt 0.95599 0.68178
vt 0.91416 0.53278
vt 0.91725 0.53274
vt 0.91725 0.52695
vt 0.91416 0.52699
vt 0.86886 0.36933
vt 0.86607 0.36933
vt 0.86607 0.38457
vt 0.86886 0.38457
vt 0.79164 0.3654
vt 0.79744 0.3654
vt 0.79744 0.34808
vt 0.79164 0.34808
vt 0.86669 0.40408
vt 0.8639 0.40408
vt 0.8639 0.41932
vt 0.86669 0.41932
vt 0.86604 0.48218
vt 0.87184 0.48218
vt 0.87184 0.46485
vt 0.86604 0.46485
vt 0.94367 0.26922
vt 0.9405 0.26922
vt 0.9405 0.27501
vt 0.94367 0.27501
vt 0.88453 0.26645
vt 0.88136 0.26645
vt 0.88136 0.27224
vt 0.88453 0.27224
vt 0.89361 0.2852
vt 0.89044 0.2852
vt 0.89044 0.30252
vt 0.89361 0.30252
vt 0.88055 0.3609
vt 0.88635 0.3609
vt 0.88635 0.34358
vt 0.88055 0.34358
vt 0.96787 0.31638
vt 0.9647 0.3337
vt 0.96787 0.3337
vt 0.778 0.37764
vt 0.7838 0.37764
vt 0.7838 0.36031
vt 0.778 0.36031
vt 0.80932 0.26902
vt 0.80615 0.26902
vt 0.80615 0.27482
vt 0.80932 0.27482
vt 0.93256 0.25924
vt 0.93573 0.25924
vt 0.93573 0.25344
vt 0.93256 0.25344
vt 0.52408 0.35184
vt 0.5209 0.35184
vt 0.5209 0.36917
vt 0.52408 0.36917
vt 0.61085 0.43352
vt 0.61665 0.43352
vt 0.61665 0.41619
vt 0.61085 0.41619
vt 0.65305 0.34866
vt 0.64987 0.34866
vt 0.64987 0.36599
vt 0.65305 0.36599
vt 0.63317 0.39705
vt 0.63896 0.39705
vt 0.63896 0.37973
vt 0.63317 0.37973
vt 0.67037 0.44013
vt 0.67354 0.44013
vt 0.67354 0.43434
vt 0.67037 0.43434
vt 0.53382 0.27947
vt 0.537 0.27947
vt 0.537 0.27367
vt 0.53382 0.27367
vt 0.65305 0.27936
vt 0.65622 0.27936
vt 0.65622 0.26204
vt 0.65305 0.26204
vt 0.61085 0.45084
vt 0.61665 0.45084
vt 0.55541 0.36893
vt 0.55224 0.36893
vt 0.55224 0.38625
vt 0.55541 0.38625
vt 0.69403 0.38176
vt 0.68824 0.38176
vt 0.68824 0.39909
vt 0.69403 0.39909
vt 0.57983 0.28004
vt 0.583 0.28004
vt 0.583 0.27424
vt 0.57983 0.27424
vt 0.69855 0.27408
vt 0.69538 0.27408
vt 0.69538 0.27988
vt 0.69855 0.27988
vt 0.21913 0.57716
vt 0.21615 0.57716
vt 0.21615 0.59341
vt 0.21913 0.59341
vt 0.03368 0.63342
vt 0.03947 0.63342
vt 0.03947 0.61609
vt 0.03368 0.61609
vt 0.23304 0.64967
vt 0.22987 0.64967
vt 0.22987 0.66699
vt 0.23304 0.66699
vt 0.14288 0.62185
vt 0.14832 0.62185
vt 0.14832 0.60559
vt 0.14288 0.60559
vt 0.17021 0.5344
vt 0.17021 0.5286
vt 0.12198 0.53861
vt 0.12515 0.53861
vt 0.12515 0.53281
vt 0.12198 0.53281
vt 0.04905 0.68949
vt 0.04394 0.68949
vt 0.04394 0.70574
vt 0.04905 0.70574
vt 0.05515 0.61609
vt 0.04935 0.61609
vt 0.04935 0.63342
vt 0.05515 0.63342
vt 0.04905 0.67324
vt 0.04394 0.67324
vt 0.21461 0.68947
vt 0.22041 0.68947
vt 0.22041 0.67215
vt 0.21461 0.67215
vt 0.18516 0.66665
vt 0.1906 0.66665
vt 0.1906 0.66085
vt 0.18516 0.66085
vt 0.19605 0.66085
vt 0.19605 0.66665
vt 0.36644 0.52538
vt 0.36327 0.52538
vt 0.36327 0.54017
vt 0.36644 0.54017
vt 0.41583 0.66349
vt 0.41168 0.66349
vt 0.41168 0.67407
vt 0.41583 0.67407
vt 0.29099 0.54036
vt 0.29416 0.54036
vt 0.29416 0.52558
vt 0.29099 0.52558
vt 0.41583 0.69525
vt 0.41168 0.69525
vt 0.31921 0.65659
vt 0.3221 0.65659
vt 0.3221 0.65131
vt 0.31921 0.65131
vt 0.42807 0.5196
vt 0.4249 0.5196
vt 0.4249 0.52539
vt 0.42807 0.52539
vt 0.34441 0.70116
vt 0.34152 0.70116
vt 0.34152 0.71461
vt 0.34441 0.71461
vt 0.41168 0.6529
vt 0.41583 0.6529
vt 0.41583 0.64232
vt 0.41168 0.64232
vt 0.3601 0.54017
vt 0.3601 0.52538
vt 0.41168 0.68466
vt 0.41583 0.68466
vt 0.37577 0.51429
vt 0.37577 0.52009
vt 0.37894 0.52009
vt 0.46445 0.62131
vt 0.46672 0.62131
vt 0.46672 0.61716
vt 0.46445 0.61716
vt 0.29194 0.28338
vt 0.29431 0.28338
vt 0.29431 0.27231
vt 0.29194 0.27231
vt 0.33625 0.38053
vt 0.33625 0.38539
vt 0.34864 0.38539
vt 0.34864 0.38053
vt 0.28956 0.28338
vt 0.28956 0.27231
vt 0.29907 0.38053
vt 0.29907 0.38539
vt 0.31146 0.38539
vt 0.31146 0.38053
vt 0.46176 0.27288
vt 0.46493 0.27288
vt 0.46493 0.26709
vt 0.46176 0.26709
vt 0.38077 0.44231
vt 0.38077 0.44497
vt 0.38564 0.44497
vt 0.38564 0.44231
vt 0.46009 0.6456
vt 0.45782 0.6456
vt 0.45782 0.65706
vt 0.46009 0.65706
vt 0.40476 0.604
vt 0.41055 0.604
vt 0.41055 0.588
vt 0.40476 0.588
vt 0.27734 0.54036
vt 0.28051 0.54036
vt 0.28051 0.52435
vt 0.27734 0.52435
vt 0.37263 0.61387
vt 0.36848 0.61387
vt 0.36848 0.62533
vt 0.37263 0.62533
vt 0.32418 0.58683
vt 0.32735 0.58683
vt 0.32735 0.58103
vt 0.32418 0.58103
vt 0.39215 0.66714
vt 0.38898 0.66714
vt 0.38898 0.67294
vt 0.39215 0.67294
vt 0.21779 0.54594
vt 0.21461 0.54594
vt 0.21461 0.56195
vt 0.21779 0.56195
vt 0.04394 0.62449
vt 0.04938 0.62449
vt 0.04938 0.60947
vt 0.04394 0.60947
vt 0.12198 0.56041
vt 0.12515 0.56041
vt 0.12515 0.5444
vt 0.12198 0.5444
vt 0.04938 0.57821
vt 0.04394 0.57821
vt 0.04394 0.59322
vt 0.04938 0.59322
vt 0.07868 0.53365
vt 0.07551 0.53365
vt 0.07551 0.53944
vt 0.07868 0.53944
vt 0.18095 0.52986
vt 0.18413 0.52986
vt 0.18413 0.52407
vt 0.18095 0.52407
vt 0.20626 0.60719
vt 0.20309 0.60719
vt 0.20309 0.6232
vt 0.20626 0.6232
vt 0.04938 0.56319
vt 0.04394 0.56319
vt 0.10661 0.55257
vt 0.10959 0.55257
vt 0.10959 0.53755
vt 0.10661 0.53755
vt 0.04394 0.60824
vt 0.04938 0.60824
vt 0.03608 0.52341
vt 0.03291 0.52341
vt 0.03608 0.52921
vt 0.117 0.58441
vt 0.11402 0.58441
vt 0.11402 0.58985
vt 0.117 0.58985
vt 0.60424 0.60746
vt 0.60107 0.60746
vt 0.60107 0.62479
vt 0.60424 0.62479
vt 0.66548 0.74135
vt 0.67127 0.74135
vt 0.67127 0.72403
vt 0.66548 0.72403
vt 0.72835 0.71032
vt 0.72518 0.71032
vt 0.72518 0.72765
vt 0.72835 0.72765
vt 0.61745 0.66479
vt 0.62325 0.66479
vt 0.62325 0.64746
vt 0.61745 0.64746
vt 0.58265 0.53314
vt 0.57948 0.53314
vt 0.57948 0.53894
vt 0.58265 0.53894
vt 0.66294 0.57522
vt 0.66611 0.57522
vt 0.66611 0.56942
vt 0.66294 0.56942
vt 0.54602 0.68695
vt 0.54919 0.68695
vt 0.54919 0.66962
vt 0.58163 0.62479
vt 0.58743 0.62479
vt 0.58743 0.60746
vt 0.58163 0.60746
vt 0.72835 0.57903
vt 0.72518 0.57903
vt 0.72518 0.59636
vt 0.72835 0.59636
vt 0.62325 0.63014
vt 0.61745 0.63014
vt 0.65039 0.62068
vt 0.65356 0.62068
vt 0.65356 0.61489
vt 0.65039 0.61489
vt 0.6536 0.66691
vt 0.65043 0.66691
vt 0.65043 0.67271
vt 0.6536 0.67271
vt 0.63988 0.41869
vt 0.64305 0.41869
vt 0.64305 0.40136
vt 0.63988 0.40136
vt 0.59928 0.3612
vt 0.60508 0.3612
vt 0.60508 0.34387
vt 0.59928 0.34387
vt 0.64305 0.42202
vt 0.63988 0.42202
vt 0.63988 0.43934
vt 0.64305 0.43934
vt 0.60354 0.38335
vt 0.60934 0.38335
vt 0.60934 0.36602
vt 0.60354 0.36602
vt 0.52168 0.27695
vt 0.51851 0.27695
vt 0.51851 0.28275
vt 0.52168 0.28275
vt 0.70976 0.27207
vt 0.71293 0.27207
vt 0.71293 0.26627
vt 0.70976 0.26627
vt 0.35268 0.61395
vt 0.35557 0.61395
vt 0.35557 0.59818
vt 0.35268 0.59818
vt 0.41168 0.64207
vt 0.40753 0.64207
vt 0.40753 0.65447
vt 0.41168 0.65447
vt 0.45255 0.61726
vt 0.45028 0.61726
vt 0.45028 0.62966
vt 0.45255 0.62966
vt 0.39896 0.74253
vt 0.40476 0.74253
vt 0.40476 0.72521
vt 0.39896 0.72521
vt 0.41056 0.52462
vt 0.41373 0.52462
vt 0.41373 0.51882
vt 0.41056 0.51882
vt 0.48358 0.69274
vt 0.48675 0.69274
vt 0.48675 0.68694
vt 0.48358 0.68694
vt 0.83744 0.61961
vt 0.83427 0.61961
vt 0.83427 0.63694
vt 0.83744 0.63694
vt 0.82021 0.6045
vt 0.81442 0.6045
vt 0.81442 0.62183
vt 0.82021 0.62183
vt 0.94354 0.61847
vt 0.94135 0.61847
vt 0.94135 0.63046
vt 0.94354 0.63046
vt 0.83199 0.65251
vt 0.83779 0.65251
vt 0.83779 0.63519
vt 0.83199 0.63519
vt 0.75408 0.53633
vt 0.75408 0.53053
vt 0.95529 0.63529
vt 0.95748 0.63529
vt 0.95748 0.63128
vt 0.95529 0.63128
vt 0.84528 0.09693
vt 0.84211 0.09693
vt 0.84211 0.11425
vt 0.84528 0.11425
vt 0.92158 0.17585
vt 0.91579 0.17585
vt 0.91579 0.19317
vt 0.92158 0.19317
vt 0.93092 0.07796
vt 0.93409 0.07796
vt 0.93409 0.06064
vt 0.93092 0.06064
vt 0.80187 0.21502
vt 0.80767 0.21502
vt 0.80767 0.19769
vt 0.80187 0.19769
vt 0.77668 0.08431
vt 0.77985 0.08431
vt 0.77985 0.07851
vt 0.77668 0.07851
vt 0.84973 0.14884
vt 0.8529 0.14884
vt 0.8529 0.14305
vt 0.84973 0.14305
vt 0.09546 0.62449
vt 0.09843 0.62449
vt 0.09843 0.60824
vt 0.09546 0.60824
vt 0.22041 0.61946
vt 0.21461 0.61946
vt 0.21461 0.63678
vt 0.22041 0.63678
vt 0.10736 0.60824
vt 0.10439 0.60824
vt 0.10439 0.62449
vt 0.10736 0.62449
vt 0.10417 0.60787
vt 0.09838 0.60787
vt 0.09838 0.62519
vt 0.10417 0.62519
vt 0.13597 0.69716
vt 0.133 0.69716
vt 0.133 0.7026
vt 0.13597 0.7026
vt 0.16128 0.52431
vt 0.15811 0.52431
vt 0.15811 0.53011
vt 0.16128 0.53011
vt 0.13777 0.45034
vt 0.1346 0.45034
vt 0.1346 0.46766
vt 0.13777 0.46766
vt 0.14102 0.36584
vt 0.13522 0.36584
vt 0.13522 0.38316
vt 0.14102 0.38316
vt 0.18977 0.42118
vt 0.1866 0.42118
vt 0.1866 0.43851
vt 0.03453 0.39138
vt 0.02874 0.39138
vt 0.02874 0.4087
vt 0.03453 0.4087
vt 0.14847 0.36378
vt 0.15164 0.36378
vt 0.15164 0.35799
vt 0.14847 0.35799
vt 0.12471 0.42494
vt 0.12154 0.42494
vt 0.12154 0.43074
vt 0.12471 0.43074
vt 0.637 0.29824
vt 0.63383 0.29824
vt 0.63383 0.31557
vt 0.637 0.31557
vt 0.53451 0.36301
vt 0.52871 0.36301
vt 0.52871 0.38034
vt 0.53451 0.38034
vt 0.68001 0.35648
vt 0.67683 0.35648
vt 0.67683 0.3738
vt 0.68001 0.3738
vt 0.66618 0.3624
vt 0.66039 0.3624
vt 0.66039 0.37973
vt 0.66618 0.37973
vt 0.56514 0.27927
vt 0.56197 0.27927
vt 0.56197 0.28507
vt 0.56514 0.28507
vt 0.62106 0.3844
vt 0.62106 0.3786
vt 0.67092 0.39113
vt 0.67409 0.39113
vt 0.67409 0.3738
vt 0.67092 0.3738
vt 0.52655 0.37969
vt 0.52075 0.37969
vt 0.52075 0.39701
vt 0.52655 0.39701
vt 0.59885 0.36921
vt 0.60202 0.36921
vt 0.60202 0.35188
vt 0.59885 0.35188
vt 0.6872 0.3581
vt 0.693 0.3581
vt 0.693 0.34077
vt 0.6872 0.34077
vt 0.61152 0.28483
vt 0.61469 0.28483
vt 0.61469 0.27903
vt 0.61152 0.27903
vt 0.62398 0.29982
vt 0.6208 0.29982
vt 0.6208 0.30561
vt 0.62398 0.30561
vt 0.88533 0.16688
vt 0.88851 0.16688
vt 0.88851 0.14955
vt 0.88533 0.14955
vt 0.80244 0.0949
vt 0.79665 0.0949
vt 0.79665 0.11222
vt 0.80244 0.11222
vt 0.95696 0.10468
vt 0.96013 0.10468
vt 0.96013 0.08735
vt 0.95696 0.08735
vt 0.87328 0.12803
vt 0.86748 0.12803
vt 0.86748 0.14535
vt 0.87328 0.14535
vt 0.86616 0.17884
vt 0.86299 0.17884
vt 0.86299 0.18464
vt 0.86616 0.18464
vt 0.86299 0.19044
vt 0.86616 0.19044
vt 0.82441 0.06205
vt 0.82124 0.06205
vt 0.82124 0.07937
vt 0.82441 0.07937
vt 0.79436 0.0889
vt 0.78856 0.0889
vt 0.78856 0.10622
vt 0.79436 0.10622
vt 0.84885 0.04133
vt 0.85202 0.04133
vt 0.85202 0.02401
vt 0.84885 0.02401
vt 0.80187 0.17927
vt 0.80767 0.17927
vt 0.80767 0.16195
vt 0.80187 0.16195
vt 0.92322 0.19612
vt 0.92639 0.19612
vt 0.92639 0.19033
vt 0.92322 0.19033
vt 0.92277 0.09062
vt 0.9196 0.09062
vt 0.9196 0.09642
vt 0.92277 0.09642
vt 0.49064 0.28383
vt 0.48747 0.28383
vt 0.48747 0.30116
vt 0.49064 0.30116
vt 0.44559 0.36707
vt 0.45138 0.36707
vt 0.45138 0.34974
vt 0.44559 0.34974
vt 0.43801 0.4331
vt 0.43801 0.43045
vt 0.42349 0.43045
vt 0.42349 0.4331
vt 0.42409 0.35479
vt 0.42409 0.34993
vt 0.40957 0.34993
vt 0.40957 0.35479
vt 0.37924 0.43664
vt 0.37687 0.43664
vt 0.37687 0.44098
vt 0.37924 0.44098
vt 0.26465 0.2666
vt 0.26148 0.2666
vt 0.26148 0.2724
vt 0.26465 0.2724
vt 0.64994 0.59126
vt 0.64677 0.59126
vt 0.64677 0.60859
vt 0.64994 0.60859
vt 0.65968 0.72403
vt 0.66548 0.7067
vt 0.65968 0.7067
vt 0.72522 1.23462
vt 0.72839 1.23462
vt 0.72839 1.2173
vt 0.72522 1.2173
vt 0.65968 0.68938
vt 0.65388 0.68938
vt 0.65388 0.7067
vt 0.70665 0.53574
vt 0.70982 0.53574
vt 0.70982 0.52994
vt 0.70665 0.52994
vt 0.65388 0.52921
vt 0.65071 0.52921
vt 0.65071 0.53501
vt 0.65388 0.53501
vt 0.11652 0.32252
vt 0.11335 0.32252
vt 0.11335 0.33985
vt 0.11652 0.33985
vt 0.15849 0.35264
vt 0.1527 0.35264
vt 0.1527 0.36996
vt 0.15849 0.36996
vt 0.10809 0.43088
vt 0.11126 0.43088
vt 0.11126 0.41355
vt 0.10809 0.41355
vt 0.05433 0.3599
vt 0.04854 0.3599
vt 0.04854 0.37723
vt 0.05433 0.37723
vt 0.22289 0.37217
vt 0.21972 0.37217
vt 0.21972 0.37796
vt 0.22289 0.37796
vt 0.22289 0.38822
vt 0.21971 0.38822
vt 0.21971 0.39402
vt 0.22289 0.39402
vt 0.12373 0.36406
vt 0.12055 0.36406
vt 0.12055 0.38139
vt 0.12373 0.38139
vt 0.05795 0.35332
vt 0.05215 0.35332
vt 0.05215 0.37065
vt 0.05795 0.37065
vt 0.1866 0.39739
vt 0.18343 0.39739
vt 0.18343 0.41472
vt 0.1866 0.41472
vt 0.07679 0.38286
vt 0.08259 0.38286
vt 0.08259 0.36554
vt 0.07679 0.36554
vt 0.12471 0.44813
vt 0.12788 0.44813
vt 0.12788 0.44233
vt 0.12471 0.44233
vt 0.11213 0.34757
vt 0.10896 0.34757
vt 0.10896 0.35337
vt 0.11213 0.35337
vt 0.0315 0.38459
vt 0.03467 0.38459
vt 0.03467 0.36726
vt 0.0315 0.36726
vt 0.17822 0.37842
vt 0.18402 0.37842
vt 0.18402 0.36109
vt 0.17822 0.36109
vt 0.20904 0.45826
vt 0.20587 0.45826
vt 0.20587 0.47558
vt 0.20904 0.47558
vt 0.03096 0.31627
vt 0.03676 0.31627
vt 0.03676 0.29894
vt 0.03096 0.29894
vt 0.13674 0.3706
vt 0.13991 0.3706
vt 0.13991 0.3648
vt 0.13674 0.3648
vt 0.0759 0.35409
vt 0.07907 0.35409
vt 0.07907 0.34829
vt 0.0759 0.34829
vt 0.15249 0.34213
vt 0.15567 0.34213
vt 0.15567 0.3248
vt 0.15249 0.3248
vt 0.02682 0.35325
vt 0.02103 0.35325
vt 0.02103 0.37057
vt 0.02682 0.37057
vt 0.20627 0.41999
vt 0.2031 0.41999
vt 0.2031 0.43731
vt 0.20627 0.43731
vt 0.11284 0.39692
vt 0.11864 0.39692
vt 0.11864 0.3796
vt 0.11284 0.3796
vt 0.11226 0.27506
vt 0.11543 0.27506
vt 0.11543 0.26926
vt 0.11226 0.26926
vt 0.10712 0.31069
vt 0.11029 0.31069
vt 0.11029 0.3049
vt 0.10712 0.3049
vt 0.63163 0.29958
vt 0.62846 0.29958
vt 0.62846 0.31691
vt 0.63163 0.31691
vt 0.60962 0.36075
vt 0.60382 0.36075
vt 0.60382 0.37807
vt 0.60962 0.37807
vt 0.67668 0.43476
vt 0.67985 0.43476
vt 0.67985 0.41744
vt 0.67668 0.41744
vt 0.6114 0.4332
vt 0.6172 0.4332
vt 0.6172 0.41588
vt 0.6114 0.41588
vt 0.56524 0.27166
vt 0.56841 0.27166
vt 0.56841 0.26586
vt 0.56524 0.26586
vt 0.57491 0.28702
vt 0.57808 0.28702
vt 0.57808 0.28122
vt 0.57491 0.28122
vt 0.69354 0.30528
vt 0.69671 0.30528
vt 0.69671 0.28795
vt 0.69354 0.28795
vt 0.65723 0.37966
vt 0.65143 0.37966
vt 0.65143 0.39699
vt 0.65723 0.39699
vt 0.55 0.30446
vt 0.55317 0.30446
vt 0.55317 0.28714
vt 0.55 0.28714
vt 0.58471 0.31742
vt 0.59051 0.31742
vt 0.59051 0.3001
vt 0.58471 0.3001
vt 0.68333 0.28696
vt 0.6865 0.28696
vt 0.6865 0.28116
vt 0.68333 0.28116
vt 0.5574 0.27166
vt 0.56057 0.27166
vt 0.56057 0.26586
vt 0.5574 0.26586
vt 0.1186 0.28666
vt 0.11543 0.28666
vt 0.11543 0.30398
vt 0.1186 0.30398
vt 0.16633 0.36996
vt 0.16053 0.36996
vt 0.16053 0.38729
vt 0.16633 0.38729
vt 0.08994 0.37382
vt 0.08676 0.37382
vt 0.08676 0.39114
vt 0.08994 0.39114
vt 0.13603 0.41855
vt 0.13024 0.41855
vt 0.13024 0.43588
vt 0.13603 0.43588
vt 0.07624 0.26951
vt 0.07307 0.26951
vt 0.07307 0.2753
vt 0.07624 0.2753
vt 0.10262 0.38534
vt 0.10579 0.38534
vt 0.10579 0.37955
vt 0.10262 0.37955
vt 0.10963 0.28666
vt 0.10646 0.28666
vt 0.10646 0.30398
vt 0.10963 0.30398
vt 0.07173 0.39836
vt 0.07752 0.39836
vt 0.07752 0.38104
vt 0.07173 0.38104
vt 0.11454 0.44292
vt 0.11137 0.44292
vt 0.11137 0.46024
vt 0.11454 0.46024
vt 0.07752 0.36371
vt 0.07173 0.36371
vt 0.12073 0.36597
vt 0.1239 0.3661
vt 0.1239 0.3603
vt 0.12073 0.36016
vt 0.10896 0.3651
vt 0.11213 0.36497
vt 0.11213 0.35917
vt 0.10896 0.3593
vt 0.80872 0.3244
vt 0.81189 0.3244
vt 0.81189 0.30708
vt 0.80872 0.30708
vt 0.78127 0.38254
vt 0.77547 0.38254
vt 0.77547 0.39987
vt 0.78127 0.39987
vt 0.93208 0.33187
vt 0.93525 0.33187
vt 0.93525 0.31454
vt 0.93208 0.31454
vt 0.89216 0.42987
vt 0.89796 0.42987
vt 0.89796 0.41254
vt 0.89216 0.41254
vt 0.97454 0.29355
vt 0.97771 0.29355
vt 0.97771 0.28776
vt 0.97454 0.28776
vt 0.82721 0.4035
vt 0.83038 0.4035
vt 0.83038 0.39771
vt 0.82721 0.39771
vt 0.92586 0.30649
vt 0.92269 0.30649
vt 0.92269 0.32381
vt 0.92586 0.32381
vt 0.83935 0.3826
vt 0.83355 0.3826
vt 0.83355 0.39993
vt 0.83935 0.39993
vt 0.92625 0.35484
vt 0.92943 0.35484
vt 0.92943 0.33752
vt 0.92625 0.33752
vt 0.85194 0.44522
vt 0.85774 0.44522
vt 0.85774 0.42789
vt 0.85194 0.42789
vt 0.9404 0.42899
vt 0.94358 0.42899
vt 0.94358 0.42319
vt 0.9404 0.42319
vt 0.82889 0.28734
vt 0.82571 0.28734
vt 0.82571 0.29314
vt 0.82889 0.29314
vt 0.91585 0.40219
vt 0.91927 0.40219
vt 0.91927 0.38487
vt 0.91585 0.38487
vt 0.87805 0.39619
vt 0.87225 0.39619
vt 0.87225 0.41351
vt 0.87805 0.41351
vt 0.79889 0.39987
vt 0.79547 0.39987
vt 0.79547 0.41719
vt 0.79889 0.41719
vt 0.78967 0.41719
vt 0.78967 0.39987
vt 0.97166 0.43777
vt 0.96824 0.43777
vt 0.96824 0.44357
vt 0.97166 0.44357
vt 0.85285 0.32643
vt 0.85627 0.32643
vt 0.85627 0.32063
vt 0.85285 0.32063
vt 0.02135 0.63794
vt 0.02452 0.63794
vt 0.02452 0.62062
vt 0.02135 0.62062
vt 0.10602 0.62082
vt 0.10022 0.62082
vt 0.10022 0.63815
vt 0.10602 0.63815
vt 0.1573 0.67274
vt 0.16048 0.67274
vt 0.16048 0.65541
vt 0.1573 0.65541
vt 0.07966 0.60344
vt 0.08546 0.60344
vt 0.08546 0.58612
vt 0.07966 0.58612
vt 0.03752 0.54288
vt 0.0407 0.54288
vt 0.0407 0.53708
vt 0.03752 0.53708
vt 0.10441 0.53708
vt 0.10124 0.53708
vt 0.10124 0.54288
vt 0.10441 0.54288
vt 0.20396 0.70755
vt 0.20079 0.70755
vt 0.20079 0.72488
vt 0.20396 0.72488
vt 0.06807 0.56426
vt 0.06227 0.56426
vt 0.06227 0.58159
vt 0.06807 0.58159
vt 0.16048 0.62438
vt 0.1573 0.62438
vt 0.1573 0.64171
vt 0.16048 0.64171
vt 0.13954 0.66137
vt 0.13374 0.66137
vt 0.13374 0.67869
vt 0.13954 0.67869
vt 0.23141 0.608
vt 0.23458 0.608
vt 0.23458 0.6022
vt 0.23141 0.6022
vt 0.04985 0.60767
vt 0.05302 0.60767
vt 0.05302 0.60187
vt 0.04985 0.60187
vt 0.13898 0.57364
vt 0.14215 0.57364
vt 0.14215 0.55632
vt 0.13898 0.55632
vt 0.10826 0.60103
vt 0.10246 0.60103
vt 0.10246 0.61835
vt 0.10826 0.61835
vt 0.1573 0.58973
vt 0.16047 0.58973
vt 0.16047 0.57241
vt 0.1573 0.57241
vt 0.11406 0.6911
vt 0.11985 0.6911
vt 0.11985 0.67377
vt 0.11406 0.67377
vt 0.04668 0.60767
vt 0.04668 0.60187
vt 0.15606 0.60676
vt 0.15923 0.60676
vt 0.15923 0.60096
vt 0.15606 0.60096
vt 0.24596 0.54249
vt 0.24279 0.54249
vt 0.24279 0.55982
vt 0.24596 0.55982
vt 0.02924 0.70705
vt 0.0238 0.70705
vt 0.0238 0.72331
vt 0.02924 0.72331
vt 0.1609 0.62966
vt 0.15773 0.62966
vt 0.15773 0.64699
vt 0.1609 0.64699
vt 0.1592 0.60627
vt 0.15376 0.60627
vt 0.15376 0.62252
vt 0.1592 0.62252
vt 0.11733 0.6875
vt 0.1203 0.6875
vt 0.1203 0.68206
vt 0.11733 0.68206
vt 0.0242 0.52341
vt 0.02103 0.52341
vt 0.02103 0.52921
vt 0.0242 0.52921
vt 0.35073 0.53617
vt 0.35391 0.53617
vt 0.35391 0.51884
vt 0.35073 0.51884
vt 0.38184 0.64673
vt 0.37604 0.64673
vt 0.37604 0.66406
vt 0.38184 0.66406
vt 0.35435 0.68581
vt 0.35752 0.68581
vt 0.35752 0.66849
vt 0.35435 0.66849
vt 0.38044 0.57125
vt 0.37465 0.57125
vt 0.37465 0.58857
vt 0.38044 0.58857
vt 0.3685 0.68581
vt 0.37167 0.68581
vt 0.37167 0.68002
vt 0.3685 0.68002
vt 0.4465 0.63408
vt 0.44333 0.63408
vt 0.44333 0.63988
vt 0.4465 0.63988
vt 0.34589 0.73896
vt 0.34906 0.73896
vt 0.34906 0.72164
vt 0.34589 0.72164
vt 0.28447 0.54211
vt 0.27867 0.54211
vt 0.27867 0.55943
vt 0.28447 0.55943
vt 0.3554 0.70431
vt 0.35858 0.70431
vt 0.3554 0.68699
vt 0.275 0.62404
vt 0.2808 0.62404
vt 0.2808 0.60671
vt 0.275 0.60671
vt 0.35454 0.57746
vt 0.35771 0.57746
vt 0.35771 0.57166
vt 0.35454 0.57166
vt 0.46241 0.58971
vt 0.46559 0.58971
vt 0.46559 0.58391
vt 0.46241 0.58391
vt 0.87501 0.2828
vt 0.89503 0.3609
vt 0.90083 0.3609
vt 0.89503 0.34366
vt 0.96581 0.27513
vt 0.96264 0.27513
vt 0.96264 0.29245
vt 0.96581 0.29245
vt 0.80968 0.34259
vt 0.80388 0.34258
vt 0.80388 0.35983
vt 0.80968 0.35984
vt 0.88711 0.45803
vt 0.88433 0.45803
vt 0.91747 0.27312
vt 0.91747 0.26732
vt 0.91431 0.26732
vt 0.68209 0.16395
vt 0.68526 0.16395
vt 0.68526 0.14662
vt 0.68209 0.14662
vt 0.55398 0.14791
vt 0.54818 0.14791
vt 0.54818 0.16524
vt 0.55398 0.16524
vt 0.66585 0.04683
vt 0.66902 0.04683
vt 0.66902 0.02951
vt 0.66585 0.02951
vt 0.57779 0.16749
vt 0.57199 0.16749
vt 0.57199 0.18481
vt 0.57779 0.18481
vt 0.69694 0.11589
vt 0.70012 0.11589
vt 0.70012 0.11009
vt 0.69694 0.11009
vt 0.69339 0.20174
vt 0.69656 0.20174
vt 0.69656 0.19594
vt 0.69339 0.19594
vt 0.63236 0.06521
vt 0.62919 0.06521
vt 0.62919 0.08253
vt 0.63236 0.08253
vt 0.58987 0.14791
vt 0.58407 0.14791
vt 0.58407 0.16524
vt 0.58987 0.16524
vt 0.65067 0.08315
vt 0.65385 0.08315
vt 0.65385 0.06582
vt 0.65067 0.06582
vt 0.59819 0.16832
vt 0.60399 0.16832
vt 0.60399 0.15099
vt 0.59819 0.15099
vt 0.60466 0.06129
vt 0.60783 0.06129
vt 0.60783 0.05549
vt 0.60466 0.05549
vt 0.68578 0.16198
vt 0.6826 0.16198
vt 0.6826 0.16778
vt 0.68578 0.16778
vt 0.60466 0.11327
vt 0.60783 0.11327
vt 0.60783 0.09594
vt 0.60466 0.09594
vt 0.58558 0.0851
vt 0.57979 0.0851
vt 0.57979 0.10243
vt 0.58558 0.10243
vt 0.5515 0.13343
vt 0.54833 0.13343
vt 0.54833 0.15075
vt 0.5515 0.15075
vt 0.59718 0.06778
vt 0.59138 0.06778
vt 0.59138 0.0851
vt 0.59718 0.0851
vt 0.55558 0.05635
vt 0.55875 0.05635
vt 0.55875 0.05055
vt 0.55558 0.05055
vt 0.6865 0.05618
vt 0.68967 0.05618
vt 0.68967 0.05039
vt 0.6865 0.05039
vt 0.66585 0.0714
vt 0.66902 0.0714
vt 0.66902 0.05407
vt 0.66585 0.05407
vt 0.59138 0.10243
vt 0.59718 0.10243
vt 0.58125 0.06644
vt 0.57808 0.06644
vt 0.57808 0.08376
vt 0.58125 0.08376
vt 0.62782 0.13734
vt 0.62202 0.13734
vt 0.62202 0.15466
vt 0.62782 0.15466
vt 0.68308 0.0793
vt 0.68625 0.0793
vt 0.68625 0.07351
vt 0.68308 0.07351
vt 0.6394 0.04739
vt 0.63622 0.04739
vt 0.63622 0.05319
vt 0.6394 0.05319
vt 0.61085 0.1168
vt 0.61402 0.1168
vt 0.61402 0.09948
vt 0.61085 0.09948
vt 0.59813 0.1165
vt 0.59233 0.1165
vt 0.59233 0.13382
vt 0.59813 0.13382
vt 0.67219 0.04683
vt 0.67219 0.02951
vt 0.59138 0.05045
vt 0.58558 0.05045
vt 0.58558 0.06778
vt 0.61885 0.05392
vt 0.62202 0.05392
vt 0.62202 0.04812
vt 0.61885 0.04812
vt 0.70016 0.08848
vt 0.69699 0.08848
vt 0.69699 0.09427
vt 0.70016 0.09427
vt 0.8555 0.56993
vt 0.85868 0.56993
vt 0.85868 0.55261
vt 0.8555 0.55261
vt 0.88651 0.65288
vt 0.8825 0.65288
vt 0.8825 0.66487
vt 0.88651 0.66487
vt 0.94647 0.64327
vt 0.94428 0.64327
vt 0.94428 0.65527
vt 0.94647 0.65527
vt 0.89454 0.65451
vt 0.89052 0.65451
vt 0.89052 0.6665
vt 0.89454 0.6665
vt 0.9553 0.54635
vt 0.95749 0.54635
vt 0.9553 0.54234
vt 0.89107 0.53992
vt 0.89424 0.53992
vt 0.89424 0.53412
vt 0.89107 0.53412
vt 0.86185 0.56993
vt 0.86185 0.55261
vt 0.79105 0.69765
vt 0.78525 0.69765
vt 0.78525 0.71497
vt 0.79105 0.71497
vt 0.94818 0.55595
vt 0.94599 0.55595
vt 0.94599 0.56795
vt 0.94818 0.56795
vt 0.88933 0.61592
vt 0.89335 0.61592
vt 0.82543 0.52657
vt 0.82225 0.52657
vt 0.82225 0.53237
vt 0.82543 0.53237
vt 0.8305 0.53408
vt 0.82733 0.53408
vt 0.82733 0.53988
vt 0.8305 0.53988
vt 0.86759 0.46823
vt 0.87038 0.46823
vt 0.87038 0.45299
vt 0.86759 0.45299
vt 0.88738 0.38199
vt 0.88738 0.39932
vt 0.86887 0.30837
vt 0.87166 0.30837
vt 0.87166 0.29313
vt 0.83345 0.40515
vt 0.82765 0.40515
vt 0.82765 0.42248
vt 0.83345 0.42248
vt 0.81376 0.2738
vt 0.81693 0.2738
vt 0.81693 0.268
vt 0.81376 0.268
vt 0.86815 0.27144
vt 0.87133 0.27144
vt 0.87133 0.26564
vt 0.86815 0.26564
vt 0.81213 0.07798
vt 0.8153 0.07798
vt 0.8153 0.06066
vt 0.81213 0.06066
vt 0.95185 0.15495
vt 0.95764 0.15495
vt 0.95764 0.13762
vt 0.95185 0.13762
vt 0.83424 0.14894
vt 0.83742 0.14894
vt 0.83742 0.13162
vt 0.83424 0.13162
vt 0.93354 0.11823
vt 0.92774 0.11823
vt 0.92774 0.13555
vt 0.93354 0.13555
vt 0.88378 0.19524
vt 0.88695 0.19524
vt 0.88695 0.18944
vt 0.88378 0.18944
vt 0.85086 0.14894
vt 0.85403 0.14894
vt 0.85403 0.14314
vt 0.85086 0.14314
vt 0.81848 0.06066
vt 0.81848 0.07798
vt 0.7885 0.17452
vt 0.7827 0.17452
vt 0.7827 0.19184
vt 0.7885 0.19184
vt 0.97332 0.07343
vt 0.97649 0.07343
vt 0.97649 0.0561
vt 0.97332 0.0561
vt 0.86244 0.20005
vt 0.86824 0.20005
vt 0.86824 0.18272
vt 0.86244 0.18272
vt 0.79678 0.041
vt 0.79995 0.041
vt 0.79995 0.03521
vt 0.79678 0.03521
vt 0.7794 0.04093
vt 0.78257 0.04093
vt 0.78257 0.03513
vt 0.7794 0.03513
vt 0.34377 0.43189
vt 0.34377 0.42923
vt 0.32925 0.42923
vt 0.32925 0.43189
vt 0.29674 0.45952
vt 0.2924 0.45952
vt 0.2924 0.47249
vt 0.29674 0.47249
vt 0.3583 0.43455
vt 0.3583 0.43189
vt 0.34377 0.43455
vt 0.30411 0.34059
vt 0.29977 0.34059
vt 0.29977 0.35356
vt 0.30411 0.35356
vt 0.3128 0.26741
vt 0.31517 0.26741
vt 0.31517 0.26307
vt 0.3128 0.26307
vt 0.37726 0.27378
vt 0.31473 0.42923
vt 0.31473 0.43189
vt 0.34941 0.3878
vt 0.34361 0.3878
vt 0.34361 0.40513
vt 0.34941 0.40513
vt 0.36659 0.35966
vt 0.36422 0.35966
vt 0.36422 0.37264
vt 0.36659 0.37264
vt 0.28956 0.35309
vt 0.2939 0.35309
vt 0.2939 0.34011
vt 0.28956 0.34011
vt 0.28044 0.26664
vt 0.27727 0.26664
vt 0.27727 0.27244
vt 0.28044 0.27244
vt 0.39875 0.28779
vt 0.39558 0.28779
vt 0.39558 0.29358
vt 0.39875 0.29358
vt 0.42183 0.57576
vt 0.41866 0.57576
vt 0.41866 0.59309
vt 0.42183 0.59309
vt 0.45016 0.66738
vt 0.44436 0.66738
vt 0.44436 0.68471
vt 0.45016 0.68471
vt 0.30325 0.59006
vt 0.30642 0.59006
vt 0.30642 0.57273
vt 0.30325 0.57273
vt 0.41866 0.70107
vt 0.41286 0.70107
vt 0.41286 0.71839
vt 0.41866 0.71839
vt 0.36644 0.56435
vt 0.36961 0.56435
vt 0.36961 0.55855
vt 0.36644 0.55855
vt 0.38261 0.56402
vt 0.38578 0.56402
vt 0.38578 0.55823
vt 0.38261 0.55823
vt 0.47379 0.58856
vt 0.47696 0.58856
vt 0.47696 0.57123
vt 0.47379 0.57123
vt 0.34975 0.57699
vt 0.34396 0.57699
vt 0.34396 0.59431
vt 0.34975 0.59431
vt 0.3947 0.63932
vt 0.39787 0.63932
vt 0.39787 0.622
vt 0.3947 0.622
vt 0.38038 0.71443
vt 0.38618 0.71443
vt 0.38618 0.69711
vt 0.38038 0.69711
vt 0.31863 0.5533
vt 0.31545 0.5533
vt 0.31545 0.5591
vt 0.31863 0.5591
vt 0.33762 0.55414
vt 0.3408 0.55414
vt 0.3408 0.54834
vt 0.33762 0.54834
vt 0.3974 0.60684
vt 0.39423 0.60684
vt 0.39423 0.62417
vt 0.3974 0.62417
vt 0.31935 0.55332
vt 0.31355 0.55332
vt 0.31355 0.57064
vt 0.31935 0.57064
vt 0.41197 0.53364
vt 0.41515 0.53364
vt 0.41515 0.51632
vt 0.41197 0.51632
vt 0.32515 0.59155
vt 0.31935 0.59155
vt 0.31935 0.60888
vt 0.32515 0.60888
vt 0.43702 0.68481
vt 0.44019 0.68481
vt 0.44019 0.67902
vt 0.43702 0.67902
vt 0.36773 0.65267
vt 0.37091 0.65267
vt 0.37091 0.64688
vt 0.36773 0.64688
vt 0.08563 0.57017
vt 0.0888 0.57017
vt 0.0888 0.55285
vt 0.08563 0.55285
vt 0.02219 0.58862
vt 0.01675 0.58862
vt 0.01675 0.60487
vt 0.02219 0.60487
vt 0.21877 0.55648
vt 0.22194 0.55648
vt 0.22194 0.53915
vt 0.21877 0.53915
vt 0.02219 0.62314
vt 0.01675 0.62314
vt 0.01675 0.63939
vt 0.02219 0.63939
vt 0.23698 0.57512
vt 0.23995 0.57512
vt 0.23995 0.56968
vt 0.23698 0.56968
vt 0.17136 0.73354
vt 0.17453 0.73354
vt 0.17453 0.72774
vt 0.17136 0.72774
vt 0.45482 0.61726
vt 0.45482 0.60485
vt 0.45255 0.60485
vt 0.32998 0.673
vt 0.32418 0.673
vt 0.32418 0.69033
vt 0.32998 0.69033
vt 0.45936 0.61726
vt 0.45709 0.61726
vt 0.45709 0.62966
vt 0.45936 0.62966
vt 0.32418 0.72498
vt 0.32998 0.72498
vt 0.32998 0.70765
vt 0.32418 0.70765
vt 0.4669 0.70253
vt 0.46917 0.70253
vt 0.46917 0.69838
vt 0.4669 0.69838
vt 0.39183 0.61663
vt 0.39472 0.61663
vt 0.39472 0.61135
vt 0.39183 0.61135
vt 0.87001 0.54284
vt 0.86683 0.54284
vt 0.86683 0.56016
vt 0.87001 0.56016
vt 0.7912 0.56943
vt 0.7854 0.56943
vt 0.7854 0.58676
vt 0.7912 0.58676
vt 0.93283 0.62167
vt 0.92966 0.62167
vt 0.92966 0.63899
vt 0.93283 0.63899
vt 0.84926 0.54825
vt 0.84346 0.54825
vt 0.84346 0.56557
vt 0.84926 0.56557
vt 0.94628 0.60849
vt 0.94945 0.60849
vt 0.94945 0.6027
vt 0.94628 0.6027
vt 0.96731 0.6393
vt 0.96414 0.6393
vt 0.96414 0.6451
vt 0.96731 0.6451
vt 0.91445 0.62043
vt 0.91762 0.62043
vt 0.91762 0.6031
vt 0.91445 0.6031
vt 0.82899 0.63708
vt 0.82319 0.63708
vt 0.82319 0.65441
vt 0.82899 0.65441
vt 0.91977 0.53018
vt 0.9166 0.53018
vt 0.9166 0.54751
vt 0.91977 0.54751
vt 0.88423 0.6335
vt 0.87843 0.6335
vt 0.87843 0.65082
vt 0.88423 0.65082
vt 0.78718 0.53507
vt 0.79035 0.53507
vt 0.79035 0.52927
vt 0.78718 0.52927
vt 0.93322 0.53591
vt 0.93639 0.53591
vt 0.93639 0.53011
vt 0.93322 0.53011
vt 0.82575 0.72796
vt 0.83062 0.72796
vt 0.83062 0.71063
vt 0.82575 0.71063
vt 0.87507 0.66909
vt 0.86927 0.66909
vt 0.86927 0.68642
vt 0.87507 0.68642
vt 0.93013 0.66222
vt 0.92527 0.66222
vt 0.92527 0.67954
vt 0.93013 0.67954
vt 0.88673 0.69177
vt 0.88093 0.69177
vt 0.88093 0.70909
vt 0.88673 0.70909
vt 0.82575 0.69331
vt 0.83062 0.69331
vt 0.83062 0.68751
vt 0.82575 0.68751
vt 0.89335 0.52695
vt 0.89335 0.53097
vt 0.65961 0.36422
vt 0.66278 0.36422
vt 0.66278 0.34689
vt 0.65961 0.34689
vt 0.6396 0.42419
vt 0.6338 0.42419
vt 0.6338 0.44152
vt 0.6396 0.44152
vt 0.68426 0.26256
vt 0.68108 0.26256
vt 0.68108 0.27989
vt 0.68426 0.27989
vt 0.68316 0.4001
vt 0.67737 0.4001
vt 0.67737 0.41742
vt 0.68316 0.41742
vt 0.67474 0.31144
vt 0.67791 0.31144
vt 0.67791 0.30564
vt 0.67474 0.30564
vt 0.66745 0.31666
vt 0.66428 0.31666
vt 0.66428 0.32246
vt 0.66745 0.32246
vt 0.56803 0.33917
vt 0.57121 0.33917
vt 0.57121 0.32185
vt 0.56803 0.32185
vt 0.67871 0.43214
vt 0.67292 0.43214
vt 0.67292 0.44947
vt 0.67871 0.44947
vt 0.66697 0.43713
vt 0.6638 0.43713
vt 0.6638 0.45446
vt 0.66697 0.45446
vt 0.61085 0.41764
vt 0.60505 0.41764
vt 0.60505 0.43496
vt 0.61085 0.43496
vt 0.58267 0.32225
vt 0.58584 0.32225
vt 0.58584 0.31646
vt 0.58267 0.31646
vt 0.70012 0.27409
vt 0.69694 0.27409
vt 0.69694 0.27989
vt 0.70012 0.27989
vt 0.60387 0.32334
vt 0.60069 0.32334
vt 0.60069 0.34066
vt 0.60387 0.34066
vt 0.60744 0.43477
vt 0.61324 0.43477
vt 0.61324 0.41745
vt 0.60744 0.41745
vt 0.68269 0.33109
vt 0.67952 0.33109
vt 0.67952 0.34841
vt 0.68269 0.34841
vt 0.54633 0.4174
vt 0.54053 0.4174
vt 0.54053 0.43473
vt 0.54633 0.43473
vt 0.69642 0.48369
vt 0.69959 0.48369
vt 0.69959 0.47789
vt 0.69642 0.47789
vt 0.58116 0.30505
vt 0.57799 0.30505
vt 0.57799 0.31085
vt 0.58116 0.31085
vt 0.65961 0.38154
vt 0.66278 0.38154
vt 0.59502 0.29007
vt 0.58922 0.29007
vt 0.58922 0.30739
vt 0.59502 0.30739
vt 0.68269 0.3073
vt 0.68586 0.3073
vt 0.68586 0.28997
vt 0.68269 0.28997
vt 0.61085 0.34834
vt 0.61665 0.34834
vt 0.61665 0.33102
vt 0.61085 0.33102
vt 0.69547 0.31376
vt 0.69864 0.31376
vt 0.69864 0.30796
vt 0.69547 0.30796
vt 0.59322 0.31638
vt 0.59005 0.31638
vt 0.59005 0.32218
vt 0.59322 0.32218
vt 0.9394 0.55595
vt 0.9416 0.55595
vt 0.9416 0.54396
vt 0.9394 0.54396
vt 0.88129 0.681
vt 0.87549 0.681
vt 0.87549 0.69833
vt 0.88129 0.69833
vt 0.94647 0.66726
vt 0.94867 0.66726
vt 0.94867 0.65527
vt 0.8555 0.67916
vt 0.8613 0.67916
vt 0.8613 0.66184
vt 0.8555 0.66184
vt 0.95551 0.59444
vt 0.95551 0.59043
vt 0.95771 0.58641
vt 0.95551 0.58641
vt 0.04687 0.44175
vt 0.04894 0.44175
vt 0.03788 0.36038
vt 0.03825 0.35851
vt 0.02516 0.35453
vt 0.02426 0.35903
vt 0.19118 0.44605
vt 0.19118 0.46291
vt 0.19309 0.46291
vt 0.19293 0.44605
vt 0.04662 0.37104
vt 0.04475 0.37067
vt 0.04078 0.38375
vt 0.04528 0.38465
vt 0.19491 0.46291
vt 0.19462 0.44605
vt 0.05511 0.36752
vt 0.05376 0.36887
vt 0.06244 0.37944
vt 0.06569 0.3762
vt 0.1966 0.46291
vt 0.19617 0.44605
vt 0.05376 0.3538
vt 0.05511 0.35515
vt 0.06569 0.34646
vt 0.06244 0.34322
vt 0.19808 0.46291
vt 0.19753 0.44605
vt 0.04004 0.35515
vt 0.04139 0.3538
vt 0.03271 0.34322
vt 0.02947 0.34646
vt 0.14936 0.27948
vt 0.14881 0.29634
vt 0.15029 0.29634
vt 0.15072 0.27948
vt 0.04139 0.36887
vt 0.04004 0.36752
vt 0.02947 0.3762
vt 0.03271 0.37944
vt 0.15197 0.29634
vt 0.15227 0.27948
vt 0.05691 0.35851
vt 0.05728 0.36038
vt 0.07 0.35453
vt 0.1538 0.29634
vt 0.15395 0.27948
vt 0.04475 0.352
vt 0.04662 0.35163
vt 0.04528 0.33801
vt 0.04078 0.33891
vt 0.1557 0.29634
vt 0.1557 0.27948
vt 0.03825 0.36417
vt 0.03788 0.36229
vt 0.02426 0.36363
vt 0.02516 0.36813
vt 0.1576 0.29634
vt 0.15745 0.27948
vt 0.05691 0.36417
vt 0.05618 0.36593
vt 0.06824 0.37238
vt 0.07 0.36813
vt 0.15943 0.29634
vt 0.15913 0.27948
vt 0.05041 0.352
vt 0.05217 0.35274
vt 0.05862 0.34066
vt 0.05438 0.33891
vt 0.16112 0.29634
vt 0.16068 0.27948
vt 0.03898 0.35674
vt 0.02691 0.35028
vt 0.1626 0.29634
vt 0.16204 0.27948
vt 0.04298 0.36993
vt 0.03653 0.382
vt 0.19808 0.42919
vt 0.1966 0.42919
vt 0.05041 0.37067
vt 0.04853 0.37104
vt 0.04987 0.38465
vt 0.05438 0.38375
vt 0.19492 0.42919
vt 0.05217 0.36993
vt 0.05862 0.382
vt 0.19309 0.42919
vt 0.05618 0.35674
vt 0.06824 0.35028
vt 0.19118 0.42919
vt 0.04298 0.35274
vt 0.03653 0.34066
vt 0.18928 0.42919
vt 0.18943 0.44605
vt 0.03898 0.36593
vt 0.02691 0.37238
vt 0.18745 0.42919
vt 0.18775 0.44605
vt 0.05728 0.36229
vt 0.18577 0.42919
vt 0.1862 0.44605
vt 0.04853 0.35163
vt 0.04987 0.33801
vt 0.18429 0.42919
vt 0.18484 0.44605
vt 0.14936 0.29634
vt 0.14881 0.3132
vt 0.15029 0.3132
vt 0.15072 0.29634
vt 0.15197 0.3132
vt 0.15227 0.29634
vt 0.1538 0.3132
vt 0.15395 0.29634
vt 0.83735 0.1191
vt 0.83735 0.12192
vt 0.84043 0.12192
vt 0.84043 0.1191
vt 0.1557 0.3132
vt 0.81312 0.07096
vt 0.81594 0.07096
vt 0.81594 0.06141
vt 0.81312 0.06141
vt 0.1576 0.3132
vt 0.15745 0.29634
vt 0.81791 0.20801
vt 0.82098 0.20801
vt 0.82098 0.20697
vt 0.81791 0.20697
vt 0.15943 0.3132
vt 0.15913 0.29634
vt 0.91825 0.21135
vt 0.91544 0.21135
vt 0.91544 0.21239
vt 0.91825 0.21239
vt 0.16112 0.3132
vt 0.16068 0.29634
vt 0.96432 0.20801
vt 0.96739 0.20801
vt 0.96739 0.20697
vt 0.96432 0.20697
vt 0.1626 0.3132
vt 0.16204 0.29634
vt 0.91519 0.15461
vt 0.91519 0.1518
vt 0.91415 0.1518
vt 0.91415 0.15461
vt 0.18429 0.46291
vt 0.18577 0.46291
vt 0.18745 0.46291
vt 0.18928 0.46291
vt 0.95007 0.20801
vt 0.95315 0.20801
vt 0.95315 0.20697
vt 0.95007 0.20697
vt 0.80367 0.20801
vt 0.80674 0.20801
vt 0.80674 0.20697
vt 0.80367 0.20697
vt 0.93275 0.21239
vt 0.92994 0.21239
vt 0.92994 0.22195
vt 0.93275 0.22195
vt 0.93655 0.11915
vt 0.93655 0.12196
vt 0.94772 0.12196
vt 0.94772 0.11915
vt 0.92994 0.19873
vt 0.93275 0.19873
vt 0.93275 0.19513
vt 0.92994 0.19513
vt 0.82618 0.1191
vt 0.82618 0.12192
vt 0.82618 0.1046
vt 0.82618 0.10741
vt 0.83735 0.10741
vt 0.83735 0.1046
vt 0.94036 0.02341
vt 0.94344 0.02341
vt 0.94344 0.01153
vt 0.94036 0.01153
vt 0.82311 0.10741
vt 0.82311 0.1191
vt 0.93655 0.10464
vt 0.93655 0.10746
vt 0.94772 0.10746
vt 0.94772 0.10464
vt 0.78976 0.071
vt 0.78694 0.071
vt 0.78694 0.08055
vt 0.78976 0.08055
vt 0.93347 0.10746
vt 0.93347 0.11915
vt 0.91519 0.16912
vt 0.91519 0.1663
vt 0.91415 0.1663
vt 0.91415 0.16912
vt 0.93275 0.21135
vt 0.92994 0.21135
vt 0.90459 0.1518
vt 0.90459 0.15461
vt 0.95079 0.11915
vt 0.95079 0.10746
vt 0.84043 0.10741
vt 0.84043 0.1046
vt 0.78942 0.22195
vt 0.78635 0.22195
vt 0.78635 0.22423
vt 0.78942 0.22423
vt 0.95007 0.22195
vt 0.947 0.22195
vt 0.947 0.22423
vt 0.95007 0.22423
vt 0.96432 0.19741
vt 0.96739 0.19741
vt 0.96739 0.19513
vt 0.96432 0.19513
vt 0.75308 0.19788
vt 0.75615 0.19788
vt 0.75615 0.1956
vt 0.75308 0.1956
vt 0.81594 0.04729
vt 0.81312 0.04729
vt 0.81312 0.05684
vt 0.81594 0.05684
vt 0.90459 0.1663
vt 0.90459 0.16912
vt 0.82098 0.19741
vt 0.81791 0.19741
vt 0.80674 0.19741
vt 0.80367 0.19741
vt 0.86519 0.0262
vt 0.86826 0.0262
vt 0.86826 0.01665
vt 0.86519 0.01665
vt 0.91544 0.22195
vt 0.91825 0.22195
vt 0.95831 0.04246
vt 0.95524 0.04246
vt 0.95524 0.05201
vt 0.95831 0.05201
vt 0.77061 0.01416
vt 0.76753 0.01416
vt 0.76753 0.02372
vt 0.77061 0.02372
vt 0.95315 0.19741
vt 0.95007 0.19741
vt 0.81312 0.0828
vt 0.81594 0.0828
vt 0.81594 0.07324
vt 0.81312 0.07324
vt 0.95652 0.08569
vt 0.95959 0.08569
vt 0.95959 0.07613
vt 0.95652 0.07613
vt 0.94036 0.02622
vt 0.94344 0.02622
vt 0.909 0.08589
vt 0.91182 0.08589
vt 0.91182 0.08281
vt 0.909 0.08281
vt 0.96739 0.22062
vt 0.96432 0.22062
vt 0.96432 0.22423
vt 0.96739 0.22423
vt 0.88538 0.06913
vt 0.88257 0.06913
vt 0.88257 0.08535
vt 0.88538 0.08535
vt 0.80084 0.01072
vt 0.79777 0.01072
vt 0.79777 0.02694
vt 0.80084 0.02694
vt 0.95205 0.1663
vt 0.95487 0.1663
vt 0.95487 0.1627
vt 0.95205 0.1627
vt 0.91825 0.19513
vt 0.91544 0.19513
vt 0.80367 0.22423
vt 0.80674 0.22423
vt 0.95205 0.1705
vt 0.95487 0.1705
vt 0.96739 0.21642
vt 0.96432 0.21642
vt 0.79265 0.07688
vt 0.79572 0.07688
vt 0.79572 0.07268
vt 0.79265 0.07268
vt 0.92994 0.20294
vt 0.93275 0.20294
vt 0.81933 0.07328
vt 0.81626 0.07328
vt 0.81626 0.07688
vt 0.81933 0.07688
vt 0.91807 0.19513
vt 0.91807 0.19873
vt 0.96674 0.1663
vt 0.96674 0.1627
vt 0.93649 0.03971
vt 0.93342 0.03971
vt 0.93342 0.05159
vt 0.93649 0.05159
vt 0.93275 0.20714
vt 0.92994 0.20714
vt 0.80495 0.07268
vt 0.80187 0.07268
vt 0.80187 0.07688
vt 0.80495 0.07688
vt 0.97791 0.17845
vt 0.98099 0.17845
vt 0.98099 0.16657
vt 0.97791 0.16657
vt 0.96432 0.21222
vt 0.96739 0.21222
vt 0.95205 0.17891
vt 0.95487 0.17891
vt 0.95487 0.17471
vt 0.95205 0.17471
vt 0.80802 0.07268
vt 0.80802 0.07688
vt 0.91807 0.20294
vt 0.91807 0.20714
vt 0.96674 0.17471
vt 0.96674 0.1705
vt 0.94689 0.12189
vt 0.94381 0.12189
vt 0.94381 0.13376
vt 0.94689 0.13376
vt 0.80477 0.1178
vt 0.80196 0.1178
vt 0.80196 0.12088
vt 0.80477 0.12088
vt 0.86771 0.07048
vt 0.87052 0.07048
vt 0.87052 0.06092
vt 0.86771 0.06092
vt 0.76732 0.20848
vt 0.77039 0.20848
vt 0.77039 0.20744
vt 0.76732 0.20744
vt 0.8238 0.21135
vt 0.82098 0.21135
vt 0.82098 0.21239
vt 0.8238 0.21239
vt 0.78942 0.21135
vt 0.78635 0.21135
vt 0.78635 0.21239
vt 0.78942 0.21239
vt 0.91519 0.11997
vt 0.91519 0.11715
vt 0.91415 0.11715
vt 0.91415 0.11997
vt 0.80367 0.21135
vt 0.80059 0.21135
vt 0.80059 0.21239
vt 0.80367 0.21239
vt 0.75308 0.20848
vt 0.75615 0.20848
vt 0.75615 0.20744
vt 0.75308 0.20744
vt 0.8383 0.21239
vt 0.83549 0.21239
vt 0.83549 0.22195
vt 0.8383 0.22195
vt 0.92968 0.10746
vt 0.92968 0.10464
vt 0.91851 0.10464
vt 0.91851 0.10746
vt 0.83549 0.19873
vt 0.8383 0.19873
vt 0.8383 0.19513
vt 0.83549 0.19513
vt 0.80477 0.10663
vt 0.80196 0.10663
vt 0.81927 0.10663
vt 0.81646 0.10663
vt 0.81646 0.1178
vt 0.81927 0.1178
vt 0.94036 0.01435
vt 0.93729 0.01435
vt 0.93729 0.02622
vt 0.81646 0.10355
vt 0.80477 0.10355
vt 0.92968 0.12196
vt 0.92968 0.11915
vt 0.91851 0.11915
vt 0.91851 0.12196
vt 0.88257 0.04061
vt 0.88538 0.04061
vt 0.88538 0.03106
vt 0.88257 0.03106
vt 0.93275 0.11915
vt 0.93275 0.10746
vt 0.91519 0.13447
vt 0.91519 0.13166
vt 0.91415 0.13166
vt 0.91415 0.13447
vt 0.8383 0.21135
vt 0.83549 0.21135
vt 0.90459 0.11715
vt 0.90459 0.11997
vt 0.91544 0.10746
vt 0.91544 0.11915
vt 0.81646 0.12088
vt 0.81927 0.12088
vt 0.8713 0.22147
vt 0.86848 0.22147
vt 0.86848 0.22376
vt 0.8713 0.22376
vt 0.80674 0.19513
vt 0.80367 0.19513
vt 0.98099 0.16889
vt 0.98406 0.16889
vt 0.98406 0.16661
vt 0.98099 0.16661
vt 0.83549 0.22423
vt 0.8383 0.22423
vt 0.94207 0.03993
vt 0.94489 0.03993
vt 0.94489 0.03037
vt 0.94207 0.03037
vt 0.90459 0.13166
vt 0.90459 0.13447
vt 0.77039 0.19788
vt 0.76732 0.19788
vt 0.95344 0.08569
vt 0.95344 0.07613
vt 0.82098 0.22195
vt 0.8238 0.22195
vt 0.95216 0.05429
vt 0.95524 0.05429
vt 0.95524 0.04474
vt 0.95216 0.04474
vt 0.86519 0.01437
vt 0.86211 0.01437
vt 0.86211 0.02392
vt 0.86519 0.02392
vt 0.80059 0.22195
vt 0.80367 0.22195
vt 0.86771 0.08231
vt 0.87052 0.08231
vt 0.87052 0.07276
vt 0.86771 0.07276
vt 0.98714 0.16661
vt 0.98406 0.17616
vt 0.98714 0.17616
vt 0.93729 0.01153
vt 0.95196 0.07955
vt 0.94915 0.07955
vt 0.94915 0.08263
vt 0.95196 0.08263
vt 0.78635 0.19873
vt 0.78942 0.19873
vt 0.78942 0.19513
vt 0.78635 0.19513
vt 0.87755 0.06897
vt 0.87473 0.06897
vt 0.87473 0.08518
vt 0.87755 0.08518
vt 0.95957 0.10567
vt 0.9565 0.10567
vt 0.9565 0.12189
vt 0.95957 0.12189
vt 0.78607 0.16586
vt 0.78326 0.16586
vt 0.78326 0.16947
vt 0.78607 0.16947
vt 0.8238 0.19513
vt 0.82098 0.19513
vt 0.75308 0.2247
vt 0.75615 0.2247
vt 0.78607 0.16166
vt 0.78326 0.16166
vt 0.78635 0.20294
vt 0.78942 0.20294
vt 0.78957 0.07268
vt 0.7865 0.07268
vt 0.7865 0.07688
vt 0.78957 0.07688
vt 0.83549 0.20294
vt 0.8383 0.20294
vt 0.82241 0.07328
vt 0.82241 0.07688
vt 0.82361 0.19513
vt 0.82361 0.19873
vt 0.77139 0.16586
vt 0.77139 0.16947
vt 0.92559 0.05342
vt 0.92251 0.05342
vt 0.92251 0.06529
vt 0.92559 0.06529
vt 0.8383 0.20714
vt 0.83549 0.20714
vt 0.76785 0.1287
vt 0.77093 0.1287
vt 0.77093 0.11683
vt 0.76785 0.11683
vt 0.78942 0.20714
vt 0.78635 0.20714
vt 0.78607 0.15325
vt 0.78326 0.15325
vt 0.78326 0.15745
vt 0.78607 0.15745
vt 0.78342 0.07268
vt 0.78342 0.07688
vt 0.82361 0.20294
vt 0.82361 0.20714
vt 0.77139 0.15745
vt 0.77139 0.16166
vt 0.81886 0.07814
vt 0.82194 0.07814
vt 0.82194 0.06626
vt 0.81886 0.06626
vt 0.85705 0.10699
vt 0.85705 0.10417
vt 0.85398 0.10417
vt 0.85398 0.10699
vt 0.87473 0.04045
vt 0.87755 0.04045
vt 0.87755 0.03089
vt 0.87473 0.03089
vt 0.93583 0.21135
vt 0.93583 0.21239
vt 0.8568 0.21087
vt 0.85398 0.21087
vt 0.85398 0.21192
vt 0.8568 0.21192
vt 0.88735 0.21135
vt 0.88427 0.21135
vt 0.88427 0.21239
vt 0.88735 0.21239
vt 0.90231 0.14898
vt 0.90231 0.1518
vt 0.90336 0.1518
vt 0.90336 0.14898
vt 0.90159 0.21135
vt 0.89852 0.21135
vt 0.89852 0.21239
vt 0.90159 0.21239
vt 0.95007 0.21135
vt 0.947 0.21135
vt 0.947 0.21239
vt 0.95007 0.21239
vt 0.8713 0.21192
vt 0.86848 0.21192
vt 0.78942 0.11914
vt 0.78942 0.12195
vt 0.80059 0.12195
vt 0.80059 0.11914
vt 0.86848 0.19826
vt 0.8713 0.19826
vt 0.8713 0.19466
vt 0.86848 0.19466
vt 0.86822 0.10699
vt 0.86822 0.10417
vt 0.86822 0.12149
vt 0.86822 0.11867
vt 0.85705 0.11867
vt 0.85705 0.12149
vt 0.83245 0.02361
vt 0.83552 0.02361
vt 0.83552 0.01174
vt 0.83245 0.01174
vt 0.8713 0.11867
vt 0.8713 0.10699
vt 0.78942 0.10463
vt 0.78942 0.10745
vt 0.80059 0.10745
vt 0.80059 0.10463
vt 0.80173 0.1646
vt 0.80454 0.1646
vt 0.80454 0.15505
vt 0.80173 0.15505
vt 0.78635 0.10745
vt 0.78635 0.11914
vt 0.90231 0.13447
vt 0.90231 0.13729
vt 0.90336 0.13729
vt 0.90336 0.13447
vt 0.8713 0.21087
vt 0.86848 0.21087
vt 0.91291 0.1518
vt 0.91291 0.14898
vt 0.80367 0.11914
vt 0.80367 0.10745
vt 0.85398 0.11867
vt 0.85398 0.12149
vt 0.95216 0.04246
vt 0.90159 0.22195
vt 0.89852 0.22195
vt 0.89852 0.22423
vt 0.90159 0.22423
vt 0.92994 0.22423
vt 0.93275 0.22423
vt 0.95304 0.13148
vt 0.94996 0.13148
vt 0.94996 0.13376
vt 0.95304 0.13376
vt 0.86771 0.05864
vt 0.87052 0.05864
vt 0.87052 0.04908
vt 0.86771 0.04908
vt 0.91291 0.13729
vt 0.91291 0.13447
vt 0.93583 0.22195
vt 0.95304 0.12192
vt 0.94996 0.12192
vt 0.85398 0.22147
vt 0.8568 0.22147
vt 0.98406 0.17845
vt 0.76446 0.026
vt 0.76753 0.026
vt 0.76753 0.01644
vt 0.76446 0.01644
vt 0.86689 0.03991
vt 0.86971 0.03991
vt 0.86971 0.03035
vt 0.86689 0.03035
vt 0.95611 0.12192
vt 0.95611 0.13148
vt 0.88427 0.22195
vt 0.88735 0.22195
vt 0.83245 0.02643
vt 0.83552 0.02643
vt 0.83837 0.07381
vt 0.83555 0.07381
vt 0.83555 0.07688
vt 0.83837 0.07688
vt 0.88427 0.19873
vt 0.88735 0.19873
vt 0.88735 0.19513
vt 0.88427 0.19513
vt 0.95196 0.08843
vt 0.94915 0.08843
vt 0.94915 0.10464
vt 0.95196 0.10464
vt 0.95654 0.17392
vt 0.95961 0.17392
vt 0.95961 0.1577
vt 0.95654 0.1577
vt 0.96674 0.19153
vt 0.96393 0.19153
vt 0.96393 0.19513
vt 0.96674 0.19513
vt 0.8568 0.19466
vt 0.85398 0.19466
vt 0.95007 0.19513
vt 0.947 0.19513
vt 0.96674 0.18732
vt 0.96393 0.18732
vt 0.88427 0.20294
vt 0.88735 0.20294
vt 0.7988 0.07688
vt 0.7988 0.07268
vt 0.86848 0.20247
vt 0.8713 0.20247
vt 0.85051 0.19907
vt 0.85359 0.19907
vt 0.85359 0.19546
vt 0.85051 0.19546
vt 0.85661 0.19466
vt 0.85661 0.19826
vt 0.95205 0.19153
vt 0.95205 0.19513
vt 0.83096 0.16209
vt 0.83403 0.16209
vt 0.83403 0.15022
vt 0.83096 0.15022
vt 0.8713 0.20667
vt 0.86848 0.20667
vt 0.94996 0.12189
vt 0.88735 0.20714
vt 0.88427 0.20714
vt 0.96674 0.17891
vt 0.96393 0.17891
vt 0.96393 0.18312
vt 0.96674 0.18312
vt 0.8111 0.07688
vt 0.8111 0.07268
vt 0.85661 0.20247
vt 0.85661 0.20667
vt 0.95205 0.18312
vt 0.95205 0.18732
vt 0.95037 0.08569
vt 0.95344 0.07382
vt 0.95037 0.07382
vt 0.17347 0.3885
vt 0.17605 0.3885
vt 0.17605 0.37054
vt 0.17347 0.37054
vt 0.20582 0.37822
vt 0.046 0.32673
vt 0.04342 0.32673
vt 0.04342 0.34504
vt 0.08434 0.42106
vt 0.08434 0.43937
vt 0.08849 0.43937
vt 0.08849 0.42106
vt 0.13823 0.41757
vt 0.13823 0.39926
vt 0.13408 0.39926
vt 0.13408 0.41757
vt 0.04515 0.39707
vt 0.04515 0.37105
vt 0.04303 0.37105
vt 0.13406 0.42638
vt 0.13406 0.40025
vt 0.13195 0.40025
vt 0.13195 0.42638
vt 0.07651 0.43937
vt 0.07651 0.46538
vt 0.84112 0.19514
vt 0.8383 0.19514
vt 0.8383 0.19821
vt 0.84112 0.19821
vt 0.78803 0.10071
vt 0.78522 0.10071
vt 0.78522 0.10378
vt 0.78803 0.10378
vt 0.87963 0.10373
vt 0.87681 0.10373
vt 0.87681 0.1068
vt 0.87963 0.1068
vt 0.83273 0.07688
vt 0.83273 0.07381
vt 0.84675 0.19514
vt 0.84394 0.19514
vt 0.84394 0.19821
vt 0.84675 0.19821
vt 0.90618 0.08281
vt 0.90618 0.08589
vt 0.88504 0.18825
vt 0.88222 0.18825
vt 0.88222 0.19132
vt 0.88504 0.19132
vt 0.84957 0.19514
vt 0.84957 0.19821
vt 0.88245 0.1068
vt 0.88245 0.10373
vt 0.87941 0.18825
vt 0.87941 0.19132
vt 0.89538 0.11598
vt 0.8982 0.11598
vt 0.8982 0.1129
vt 0.89538 0.1129
vt 0.81791 0.19513
vt 0.88427 0.22423
vt 0.88735 0.22423
vt 0.77039 0.1956
vt 0.76732 0.1956
vt 0.81594 0.05912
vt 0.81312 0.05912
vt 0.93583 0.22423
vt 0.87755 0.02861
vt 0.87473 0.02861
vt 0.94489 0.02809
vt 0.94207 0.02809
vt 0.90231 0.15461
vt 0.87052 0.0468
vt 0.86771 0.0468
vt 0.90231 0.11715
vt 0.90231 0.11997
vt 0.91544 0.22423
vt 0.91825 0.22423
vt 0.91519 0.14898
vt 0.82098 0.22423
vt 0.8238 0.22423
vt 0.85398 0.22376
vt 0.8568 0.22376
vt 0.78694 0.08284
vt 0.78976 0.08284
vt 0.86971 0.02807
vt 0.86689 0.02807
vt 0.88538 0.02878
vt 0.88257 0.02878
vt 0.77061 0.026
vt 0.80454 0.15277
vt 0.80173 0.15277
vt 0.86211 0.0262
vt 0.95959 0.07385
vt 0.95652 0.07385
vt 0.76446 0.01416
vt 0.90231 0.1663
vt 0.90231 0.16912
vt 0.98714 0.17845
vt 0.90231 0.13166
vt 0.86826 0.01437
vt 0.95611 0.13376
vt 0.95315 0.19513
vt 0.91519 0.13729
vt 0.95344 0.07385
vt 0.80059 0.22423
vt 0.95831 0.05429
vt 0.046 0.32461
vt 0.04342 0.32461
usemtl mat1
f 469/408/12 470/409/12 471/410/12
f 472/411/12 469/408/12 473/412/12
f 469/408/12 471/410/12 474/413/12
f 469/408/12 475/414/12 473/412/12
f 469/408/12 474/413/12 475/414/12
f 476/415/13 477/411/13 478/410/13
f 479/416/13 480/417/13 477/411/13
f 476/415/13 481/418/13 477/411/13
f 482/419/13 479/416/13 477/411/13
f 483/420/13 482/419/13 477/411/13
f 481/418/13 484/421/13 477/411/13
f 484/421/13 483/420/13 477/411/13
f 485/422/12 486/423/14 487/424/12
f 488/425/12 489/426/12 486/423/14
f 490/427/12 488/425/12 486/423/14
f 485/422/12 491/428/12 486/423/14
f 491/428/12 492/429/12 486/423/14
f 493/430/12 490/427/12 486/423/14
f 492/429/12 494/431/12 486/423/14
f 494/431/12 493/430/12 486/423/14
f 495/432/15 496/433/13 497/434/13
f 498/435/13 499/436/13 500/437/13
f 495/432/15 498/435/13 496/433/13
f 498/435/13 500/437/13 496/433/13
f 501/438/16 502/439/16 503/440/16
f 504/441/16 505/442/16 502/439/16
f 506/443/16 507/444/16 504/441/16
f 508/445/16 509/446/16 506/443/16
f 510/447/16 511/448/16 508/445/16
f 512/449/16 513/450/16 510/447/16
f 514/451/16 515/452/16 512/449/16
f 516/453/16 517/454/16 514/451/16
f 518/455/16 519/456/16 516/453/16
f 520/457/17 521/458/16 518/455/16
f 522/459/16 523/460/16 520/457/17
f 524/461/16 525/462/16 522/459/16
f 526/463/16 527/464/16 524/461/16
f 528/465/17 529/466/16 526/463/16
f 530/467/16 531/468/16 528/465/17
f 501/438/16 532/469/16 530/467/16
f 501/438/16 504/441/16 502/439/16
f 508/445/16 506/443/16 504/441/16
f 512/449/16 510/447/16 508/445/16
f 516/453/16 514/451/16 512/449/16
f 520/457/17 518/455/16 516/453/16
f 524/461/16 522/459/16 520/457/17
f 528/465/17 526/463/16 524/461/16
f 501/438/16 530/467/16 528/465/17
f 501/438/16 508/445/16 504/441/16
f 516/453/16 512/449/16 508/445/16
f 524/461/16 520/457/17 516/453/16
f 501/438/16 528/465/17 524/461/16
f 501/438/16 516/453/16 508/445/16
f 501/438/16 524/461/16 516/453/16
f 533/470/18 534/471/18 535/472/18
f 536/473/19 537/474/18 534/471/18
f 538/475/18 539/476/18 536/473/19
f 540/477/18 541/478/18 538/475/18
f 542/479/18 543/480/18 540/477/18
f 544/481/19 545/482/18 542/479/18
f 546/483/18 547/484/18 544/481/19
f 548/485/18 549/486/18 546/483/18
f 550/487/18 551/488/18 548/485/18
f 552/489/19 553/490/18 550/487/18
f 554/491/18 555/492/18 552/489/19
f 556/493/18 557/494/18 554/491/18
f 558/495/18 559/496/18 556/493/18
f 560/497/19 561/498/18 558/495/18
f 562/499/18 563/500/18 560/497/19
f 533/470/18 564/501/18 562/499/18
f 533/470/18 536/473/19 534/471/18
f 540/477/18 538/475/18 536/473/19
f 544/481/19 542/479/18 540/477/18
f 548/485/18 546/483/18 544/481/19
f 552/489/19 550/487/18 548/485/18
f 556/493/18 554/491/18 552/489/19
f 560/497/19 558/495/18 556/493/18
f 533/470/18 562/499/18 560/497/19
f 533/470/18 540/477/18 536/473/19
f 548/485/18 544/481/19 540/477/18
f 556/493/18 552/489/19 548/485/18
f 533/470/18 560/497/19 556/493/18
f 533/470/18 548/485/18 540/477/18
f 533/470/18 556/493/18 548/485/18
f 565/502/12 566/503/12 567/504/12
f 565/502/12 567/504/12 568/505/12
f 569/506/20 570/507/20 571/508/20
f 569/506/20 571/508/20 572/509/20
f 573/510/12 574/511/12 575/512/12
f 573/510/12 575/512/12 576/513/12
f 577/514/18 578/515/18 579/516/18
f 577/514/18 579/516/18 580/517/18
f 581/518/21 582/519/20 583/520/21
f 581/518/21 583/520/21 584/521/20
f 585/522/12 586/523/12 587/524/12
f 585/522/12 587/524/12 588/525/12
f 589/526/13 590/527/13 591/528/13
f 589/526/13 591/528/13 592/529/13
f 593/530/18 594/531/18 595/532/18
f 593/530/18 595/532/18 596/533/18
f 597/534/20 598/535/20 599/536/20
f 597/534/20 599/536/20 600/537/20
f 601/538/19 602/539/19 603/540/18
f 601/538/19 603/540/18 604/541/18
f 605/542/12 606/434/12 487/424/12
f 605/542/12 487/424/12 486/423/14
f 607/543/19 608/544/18 609/545/18
f 607/543/19 609/545/18 610/546/19
f 611/547/19 612/548/18 613/549/18
f 611/547/19 613/549/18 614/550/18
f 615/551/18 616/552/18 617/553/18
f 615/551/18 617/553/18 618/554/18
f 619/555/19 620/556/18 621/557/18
f 619/555/19 621/557/18 622/558/18
f 623/559/18 624/560/18 625/561/18
f 623/559/18 625/561/18 626/562/18
f 627/563/13 628/564/13 629/565/13
f 627/563/13 629/565/13 630/566/13
f 631/567/13 632/568/13 633/569/13
f 631/567/13 633/569/13 634/570/15
f 635/571/13 636/572/13 637/573/15
f 635/571/13 637/573/15 638/574/13
f 639/575/13 640/576/13 641/577/13
f 639/575/13 641/577/13 642/578/13
f 643/579/18 644/580/18 645/581/19
f 643/579/18 645/581/19 646/582/18
f 647/583/18 648/584/18 649/585/18
f 647/583/18 649/585/18 650/586/18
f 651/587/18 652/588/18 653/589/19
f 651/587/18 653/589/19 654/590/18
f 655/591/18 656/592/18 578/515/18
f 655/591/18 578/515/18 577/514/18
f 657/593/20 658/594/20 659/595/20
f 657/593/20 659/595/20 660/596/21
f 661/597/20 662/598/21 663/599/20
f 661/597/20 663/599/20 664/600/20
f 665/601/20 666/602/20 667/603/20
f 665/601/20 667/603/20 668/604/20
f 669/605/21 569/506/20 572/509/20
f 669/605/21 572/509/20 670/606/20
f 671/607/18 672/608/18 673/609/18
f 671/607/18 673/609/18 674/610/18
f 675/611/19 676/612/19 677/613/18
f 675/611/19 677/613/18 678/614/18
f 679/615/18 680/616/18 681/617/19
f 679/615/18 681/617/19 682/618/18
f 683/619/18 684/620/18 685/621/18
f 683/619/18 685/621/18 686/622/18
f 687/623/18 688/624/18 689/625/18
f 687/623/18 689/625/18 690/626/18
f 691/627/18 692/628/18 693/629/19
f 691/627/18 693/629/19 694/630/18
f 695/631/18 696/632/18 697/633/19
f 695/631/18 697/633/19 698/634/19
f 699/635/18 700/636/18 701/637/18
f 699/635/18 701/637/18 702/638/18
f 703/639/18 704/640/18 705/641/18
f 703/639/18 705/641/18 706/642/18
f 707/643/18 708/644/18 709/645/18
f 707/643/18 709/645/18 710/646/18
f 711/647/18 712/648/18 713/649/18
f 711/647/18 713/649/18 714/650/18
f 715/651/18 716/652/18 717/653/18
f 715/651/18 717/653/18 718/654/18
f 719/655/18 720/656/18 721/657/18
f 719/655/18 721/657/18 722/658/18
f 723/659/18 724/660/18 725/661/18
f 723/659/18 725/661/18 726/662/18
f 727/663/18 728/664/18 729/665/19
f 727/663/18 729/665/19 730/666/18
f 731/667/18 732/668/18 733/669/18
f 731/667/18 733/669/18 734/670/18
f 735/671/18 736/672/19 737/673/18
f 735/671/18 737/673/18 738/674/18
f 739/675/18 740/676/19 741/677/18
f 739/675/18 741/677/18 742/678/18
f 743/679/18 744/680/19 745/681/19
f 743/679/18 745/681/19 746/682/18
f 747/683/18 593/530/18 596/533/18
f 747/683/18 596/533/18 748/684/18
f 749/685/20 750/686/20 751/687/20
f 749/685/20 751/687/20 752/688/20
f 753/689/20 754/690/20 755/691/20
f 753/689/20 755/691/20 756/692/21
f 757/693/13 758/694/13 759/695/13
f 757/693/13 759/695/13 760/696/13
f 761/697/13 762/698/13 763/699/13
f 761/697/13 763/699/13 764/700/13
f 765/701/18 766/702/18 767/703/18
f 765/701/18 767/703/18 768/704/18
f 769/705/18 770/706/18 771/707/18
f 769/705/18 771/707/18 772/708/18
f 773/709/18 774/710/19 775/711/18
f 773/709/18 775/711/18 776/712/18
f 777/713/18 778/714/18 779/715/18
f 777/713/18 779/715/18 780/716/18
f 781/717/12 782/718/12 783/719/12
f 781/717/12 783/719/12 784/720/12
f 785/721/12 786/722/12 787/723/14
f 785/721/12 787/723/14 788/724/12
f 789/725/12 790/726/12 791/727/12
f 789/725/12 791/727/12 792/728/12
f 793/729/12 794/730/12 574/511/12
f 793/729/12 574/511/12 573/510/12
f 795/731/12 796/732/12 797/733/12
f 795/731/12 797/733/12 798/734/12
f 799/735/12 800/736/12 801/737/12
f 799/735/12 801/737/12 802/738/12
f 803/739/12 804/740/14 805/741/12
f 803/739/12 805/741/12 806/742/12
f 807/743/12 808/744/12 809/745/12
f 807/743/12 809/745/12 810/746/12
f 811/747/12 812/748/12 813/749/12
f 811/747/12 813/749/12 814/750/12
f 814/750/12 813/749/12 815/751/12
f 814/750/12 815/751/12 816/752/12
f 816/752/12 815/751/12 489/426/12
f 816/752/12 489/426/12 488/425/12
f 817/753/12 818/754/12 819/755/12
f 817/753/12 819/755/12 491/428/12
f 820/756/12 821/757/12 822/758/12
f 820/756/12 822/758/12 492/429/12
f 823/759/12 824/760/12 825/761/12
f 823/759/12 825/761/12 494/431/12
f 826/762/12 827/763/12 828/764/12
f 826/762/12 828/764/12 829/765/12
f 830/766/12 831/767/12 832/768/12
f 830/766/12 832/768/12 493/430/14
f 833/769/12 834/770/12 490/427/12
f 833/769/12 490/427/12 835/771/14
f 836/772/14 837/773/12 818/754/12
f 836/772/14 818/754/12 817/753/12
f 838/774/12 839/775/14 821/757/12
f 838/774/12 821/757/12 820/756/12
f 840/776/12 841/777/12 824/760/12
f 840/776/12 824/760/12 823/759/12
f 842/778/12 843/779/12 827/763/12
f 842/778/12 827/763/12 826/762/12
f 844/780/12 845/781/14 831/767/12
f 844/780/12 831/767/12 830/766/12
f 846/782/12 847/783/12 834/770/12
f 846/782/12 834/770/12 833/769/12
f 848/784/14 849/785/14 837/773/12
f 848/784/14 837/773/12 836/772/14
f 850/786/12 851/787/12 839/775/14
f 850/786/12 839/775/14 838/774/12
f 852/788/12 853/789/12 841/777/12
f 852/788/12 841/777/12 840/776/12
f 854/790/12 855/791/12 843/779/12
f 854/790/12 843/779/12 842/778/12
f 856/792/12 857/793/12 845/781/14
f 856/792/12 845/781/14 844/780/12
f 858/794/12 859/795/12 847/783/12
f 858/794/12 847/783/12 846/782/12
f 860/796/13 861/797/13 862/798/13
f 860/796/13 862/798/13 863/799/13
f 864/800/15 865/801/15 866/802/15
f 864/800/15 866/802/15 867/803/15
f 868/804/17 869/805/17 870/806/17
f 868/804/17 870/806/17 871/807/17
f 872/808/20 873/809/20 874/810/20
f 872/808/20 874/810/20 875/811/20
f 876/812/21 877/813/20 878/814/20
f 876/812/21 878/814/20 879/815/20
f 880/816/13 881/817/13 882/818/13
f 880/816/13 882/818/13 883/819/13
f 884/820/16 885/821/16 886/822/16
f 884/820/16 886/822/16 887/823/16
f 888/824/17 889/825/17 890/826/17
f 888/824/17 890/826/17 891/827/17
f 892/828/17 893/829/17 894/830/17
f 892/828/17 894/830/17 895/831/17
f 896/832/17 897/833/17 898/834/17
f 896/832/17 898/834/17 899/835/17
f 900/836/20 901/837/20 902/838/20
f 900/836/20 902/838/20 903/839/20
f 904/840/16 905/841/16 906/842/16
f 904/840/16 906/842/16 907/843/16
f 908/844/20 909/845/20 910/846/20
f 908/844/20 910/846/20 911/847/20
f 912/848/16 913/840/16 914/843/16
f 912/848/16 914/843/16 915/849/16
f 916/850/21 917/851/21 918/852/21
f 916/850/21 918/852/21 919/853/21
f 920/854/17 921/855/17 922/856/17
f 920/854/17 922/856/17 923/857/17
f 924/858/17 925/859/17 926/860/17
f 924/858/17 926/860/17 927/861/17
f 928/862/20 929/863/20 930/864/20
f 928/862/20 930/864/20 931/865/20
f 932/866/20 933/867/20 934/868/20
f 932/866/20 934/868/20 935/869/20
f 936/870/17 937/871/17 938/872/17
f 936/870/17 938/872/17 939/873/17
f 940/874/20 941/875/20 942/876/20
f 940/874/20 942/876/20 943/877/20
f 944/878/20 945/879/21 946/880/20
f 944/878/20 946/880/20 947/881/20
f 948/882/20 949/883/20 950/884/20
f 948/882/20 950/884/20 951/885/20
f 952/886/20 953/887/20 954/888/20
f 952/886/20 954/888/20 955/889/20
f 956/890/20 957/891/21 958/892/20
f 956/890/20 958/892/20 959/893/20
f 960/894/20 961/895/20 962/896/20
f 960/894/20 962/896/20 963/897/20
f 964/898/20 965/899/20 966/900/21
f 964/898/20 966/900/21 967/901/20
f 968/902/12 969/903/12 970/904/12
f 968/902/12 970/904/12 971/905/12
f 972/906/12 973/907/12 974/908/12
f 972/906/12 974/908/12 975/909/12
f 976/910/12 977/911/12 978/912/12
f 976/910/12 978/912/12 979/913/12
f 980/914/12 981/915/12 982/916/12
f 980/914/12 982/916/12 983/917/12
f 984/918/12 985/919/12 986/920/12
f 984/918/12 986/920/12 987/921/14
f 988/922/12 989/923/12 990/924/12
f 988/922/12 990/924/12 991/925/12
f 992/926/12 993/927/12 994/928/12
f 992/926/12 994/928/12 995/929/12
f 996/930/12 997/931/12 998/932/12
f 996/930/12 998/932/12 999/933/12
f 1000/934/12 1001/935/12 1002/936/12
f 1000/934/12 1002/936/12 1003/937/12
f 1004/938/12 1005/939/12 1006/940/12
f 1004/938/12 1006/940/12 1007/941/12
f 1008/942/12 1009/943/12 1010/944/12
f 1008/942/12 1010/944/12 1011/945/12
f 1012/946/12 1013/947/12 1014/948/12
f 1012/946/12 1014/948/12 1015/949/12
f 1016/950/12 1017/951/12 1018/952/12
f 1016/950/12 1018/952/12 1019/953/12
f 1020/923/12 1021/954/12 1022/955/12
f 1020/923/12 1022/955/12 1023/924/12
f 1024/956/12 1025/957/12 1026/958/12
f 1024/956/12 1026/958/12 1027/959/12
f 1028/960/14 1029/961/12 1030/962/12
f 1028/960/14 1030/962/12 1031/963/12
f 1032/964/14 1033/965/12 1034/966/12
f 1032/964/14 1034/966/12 1035/967/12
f 1036/968/12 1037/969/12 1038/970/12
f 1036/968/12 1038/970/12 1039/971/14
f 1040/972/12 1041/973/12 1042/974/12
f 1040/972/12 1042/974/12 1043/975/12
f 1044/976/12 1045/977/12 1046/978/12
f 1044/976/12 1046/978/12 1047/979/12
f 1043/975/12 1042/974/12 1045/977/12
f 1043/975/12 1045/977/12 1044/976/12
f 1048/980/12 1049/981/12 1050/982/12
f 1048/980/12 1050/982/12 1051/983/12
f 1052/984/14 1053/985/12 1054/986/12
f 1052/984/14 1054/986/12 1055/987/12
f 1056/988/12 1057/989/12 1058/990/14
f 1056/988/12 1058/990/14 1059/991/12
f 1039/971/14 1038/970/12 1041/973/12
f 1039/971/14 1041/973/12 1040/972/12
f 1060/992/18 1061/993/18 1062/994/18
f 1060/992/18 1062/994/18 1063/995/18
f 1064/996/12 1065/997/12 1066/998/12
f 1064/996/12 1066/998/12 1067/999/12
f 1068/1000/18 1069/1001/18 1070/1002/18
f 1068/1000/18 1070/1002/18 1071/1003/18
f 1072/1004/12 1073/1005/12 1074/1006/12
f 1072/1004/12 1074/1006/12 1075/1007/12
f 1035/967/12 1034/966/12 1037/969/12
f 1035/967/12 1037/969/12 1036/968/12
f 1076/1008/12 1077/1009/12 1078/1010/12
f 1076/1008/12 1078/1010/12 1079/1011/12
f 1080/1012/18 1081/1013/18 1082/1014/18
f 1080/1012/18 1082/1014/18 1083/1015/18
f 1084/1016/12 1085/1017/12 1086/1018/12
f 1084/1016/12 1086/1018/12 1087/1019/12
f 969/903/12 1088/1020/12 1089/1021/12
f 969/903/12 1089/1021/12 970/904/12
f 1031/963/12 1030/962/12 1033/965/12
f 1031/963/12 1033/965/12 1032/964/14
f 1090/1022/18 1091/1023/18 1092/1024/19
f 1090/1022/18 1092/1024/19 1093/1025/18
f 1094/934/12 1095/1026/12 1096/1027/12
f 1094/934/12 1096/1027/12 1097/935/12
f 1053/985/12 968/902/12 971/905/12
f 1053/985/12 971/905/12 1054/986/12
f 1027/959/12 1026/958/12 1029/961/12
f 1027/959/12 1029/961/12 1028/960/14
f 1098/559/12 1099/1028/12 1100/1029/12
f 1098/559/12 1100/1029/12 1101/1030/12
f 1102/1031/12 1103/1032/12 1104/1033/12
f 1102/1031/12 1104/1033/12 1105/1034/12
f 1106/1035/12 1052/984/14 1055/987/12
f 1106/1035/12 1055/987/12 1107/1036/14
f 1108/1037/12 1109/1038/12 1025/957/12
f 1108/1037/12 1025/957/12 1024/956/12
f 1110/1039/12 1111/1040/12 1112/1041/12
f 1110/1039/12 1112/1041/12 1113/1042/12
f 1114/1043/12 1115/1044/12 1116/1045/12
f 1114/1043/12 1116/1045/12 1117/1046/12
f 1118/1047/12 1119/1048/12 1120/1049/12
f 1118/1047/12 1120/1049/12 1121/1050/12
f 1122/1051/12 848/784/14 836/772/14
f 1122/1051/12 836/772/14 1123/1052/12
f 1123/1052/12 836/772/14 817/753/12
f 1123/1052/12 817/753/12 1124/1053/12
f 1124/1053/12 817/753/12 491/428/12
f 1124/1053/12 491/428/12 485/422/12
f 1125/1054/16 1126/1055/16 1127/1056/16
f 1125/1054/16 1127/1056/16 1128/1057/16
f 1129/865/20 1130/864/20 1131/1058/20
f 1129/865/20 1131/1058/20 1132/1059/20
f 1133/1060/20 1134/1061/20 1135/1062/20
f 1133/1060/20 1135/1062/20 1136/1063/20
f 967/901/20 966/900/21 582/519/20
f 967/901/20 582/519/20 581/518/21
f 963/897/20 962/896/20 965/899/20
f 963/897/20 965/899/20 964/898/20
f 1137/1064/20 1138/1065/20 1139/1066/20
f 1137/1064/20 1139/1066/20 1140/1067/20
f 1141/1068/13 1142/1069/15 1143/1070/13
f 1141/1068/13 1143/1070/13 1144/1071/13
f 1145/1072/17 1146/1073/17 1147/1074/17
f 1145/1072/17 1147/1074/17 1148/1075/17
f 1149/1076/21 1150/1077/21 1151/1078/21
f 1149/1076/21 1151/1078/21 1152/1079/21
f 849/785/14 850/786/12 838/774/12
f 849/785/14 838/774/12 837/773/12
f 837/773/12 838/774/12 820/756/12
f 837/773/12 820/756/12 818/754/12
f 818/754/12 820/756/12 492/429/12
f 818/754/12 492/429/12 819/755/12
f 959/893/20 958/892/20 961/895/20
f 959/893/20 961/895/20 960/894/20
f 1153/1080/13 1154/1081/13 1155/1082/13
f 1153/1080/13 1155/1082/13 1156/1083/13
f 1157/1084/16 1158/1085/16 1159/1086/16
f 1157/1084/16 1159/1086/16 1160/1087/16
f 1161/1088/20 1162/1089/20 1163/1090/20
f 1161/1088/20 1163/1090/20 1164/1091/20
f 851/787/12 852/788/12 840/776/12
f 851/787/12 840/776/12 839/775/14
f 839/775/14 840/776/12 823/759/12
f 839/775/14 823/759/12 821/757/12
f 821/757/12 823/759/12 494/431/12
f 821/757/12 494/431/12 822/758/12
f 955/889/20 954/888/20 957/891/21
f 955/889/20 957/891/21 956/890/20
f 1142/1069/15 1165/1092/13 1166/1093/15
f 1142/1069/15 1166/1093/15 1143/1070/13
f 1167/1094/13 1168/1095/13 1169/1096/13
f 1167/1094/13 1169/1096/13 1170/1097/15
f 1168/1095/13 1171/1098/13 1172/1099/13
f 1168/1095/13 1172/1099/13 1169/1096/13
f 853/789/12 854/790/12 842/778/12
f 853/789/12 842/778/12 841/777/12
f 841/777/12 842/778/12 826/762/12
f 841/777/12 826/762/12 824/760/12
f 824/760/12 826/762/12 829/765/12
f 824/760/12 829/765/12 825/761/12
f 951/885/20 950/884/20 953/887/20
f 951/885/20 953/887/20 952/886/20
f 1173/1100/13 1174/1101/13 1175/1102/13
f 1173/1100/13 1175/1102/13 1176/1103/13
f 855/791/12 856/792/12 844/780/12
f 855/791/12 844/780/12 843/779/12
f 843/779/12 844/780/12 830/766/12
f 843/779/12 830/766/12 827/763/12
f 827/763/12 830/766/12 493/430/14
f 827/763/12 493/430/14 828/764/12
f 947/881/20 946/880/20 949/883/20
f 947/881/20 949/883/20 948/882/20
f 1177/1104/15 1167/1094/13 1170/1097/15
f 1177/1104/15 1170/1097/15 1178/1105/13
f 857/793/12 858/794/12 846/782/12
f 857/793/12 846/782/12 845/781/14
f 845/781/14 846/782/12 833/769/12
f 845/781/14 833/769/12 831/767/12
f 831/767/12 833/769/12 835/771/14
f 831/767/12 835/771/14 832/768/12
f 1179/1106/20 1180/1107/20 945/879/21
f 1179/1106/20 945/879/21 944/878/20
f 1181/1091/20 1182/1090/20 1183/1108/20
f 1181/1091/20 1183/1108/20 1184/1109/20
f 1185/1110/13 1186/1111/13 1187/1112/13
f 1185/1110/13 1187/1112/13 1188/1113/13
f 1189/1114/20 1190/1115/20 1191/1116/20
f 1189/1114/20 1191/1116/20 1192/1117/20
f 834/770/12 816/752/12 488/425/12
f 834/770/12 488/425/12 490/427/12
f 847/783/12 814/750/12 816/752/12
f 847/783/12 816/752/12 834/770/12
f 859/795/12 811/747/12 814/750/12
f 859/795/12 814/750/12 847/783/12
f 1119/1048/12 1106/1035/12 1107/1036/14
f 1119/1048/12 1107/1036/14 1120/1049/12
f 1193/1118/12 1194/1119/12 1195/1120/12
f 1193/1118/12 1195/1120/12 1196/1121/12
f 1197/930/12 1198/1122/12 1199/1123/12
f 1197/930/12 1199/1123/12 1200/1124/12
f 1047/979/12 1046/978/12 588/525/12
f 1047/979/12 588/525/12 587/524/12
f 1201/1125/20 1202/1126/20 1203/1127/20
f 1201/1125/20 1203/1127/20 1204/1128/20
f 1205/1129/21 1206/874/21 1207/877/21
f 1205/1129/21 1207/877/21 1208/1130/21
f 1174/1101/13 1209/1131/13 1210/1132/13
f 1174/1101/13 1210/1132/13 1175/1102/13
f 877/813/20 1211/1133/21 1212/1134/21
f 877/813/20 1212/1134/21 878/814/20
f 1213/1135/12 1214/1136/12 1215/1137/12
f 1213/1135/12 1215/1137/12 1216/1138/12
f 1217/1139/12 1218/1140/12 1219/1141/12
f 1217/1139/12 1219/1141/12 1220/1142/12
f 1221/1143/14 1222/1144/14 1223/1145/14
f 1221/1143/14 1223/1145/14 1224/1146/14
f 1225/1147/12 1226/1148/12 1227/1149/12
f 1225/1147/12 1227/1149/12 1228/1150/12
f 1229/1151/12 1230/1152/12 1231/1153/12
f 1229/1151/12 1231/1153/12 1232/1154/12
f 1233/1150/12 1234/1149/12 1235/1155/12
f 1233/1150/12 1235/1155/12 1236/1156/12
f 1237/1157/22 1238/1158/22 1239/1159/22
f 1237/1157/22 1239/1159/22 1240/1160/22
f 1241/1161/12 1242/1162/12 1243/1163/12
f 1241/1161/12 1243/1163/12 1244/1164/12
f 1245/1165/18 735/671/18 738/674/18
f 1245/1165/18 738/674/18 1246/1166/18
f 684/620/18 1247/1167/19 1248/1168/18
f 684/620/18 1248/1168/18 685/621/18
f 700/636/18 1249/1169/18 1250/1170/18
f 700/636/18 1250/1170/18 701/637/18
f 716/652/18 1251/1171/19 1252/1172/18
f 716/652/18 1252/1172/18 717/653/18
f 732/668/18 1253/1173/18 1254/1174/18
f 732/668/18 1254/1174/18 733/669/18
f 685/621/18 1248/1168/18 1255/1175/19
f 685/621/18 1255/1175/19 1256/1176/18
f 808/744/12 1257/1177/12 1258/1178/12
f 808/744/12 1258/1178/12 809/745/12
f 1165/1092/13 1259/1179/13 1260/1180/13
f 1165/1092/13 1260/1180/13 1166/1093/15
f 1261/1109/20 1262/1108/20 1263/1181/20
f 1261/1109/20 1263/1181/20 1264/1182/20
f 1265/1183/21 1266/1184/20 1267/1185/20
f 1265/1183/21 1267/1185/20 1268/1186/20
f 1269/1187/13 1270/1188/13 1271/1189/13
f 1269/1187/13 1271/1189/13 1272/1190/13
f 1273/1191/21 1274/1192/20 1275/1193/20
f 1273/1191/21 1275/1193/20 1276/1194/20
f 1277/1195/13 1278/1196/13 1279/1197/13
f 1277/1195/13 1279/1197/13 1280/1198/13
f 1281/1199/12 1282/1200/12 1283/1201/12
f 1281/1199/12 1283/1201/12 1284/1202/12
f 1285/1203/12 1286/1204/12 1287/1205/12
f 1285/1203/12 1287/1205/12 1288/1206/12
f 1289/1207/12 1290/1147/12 1291/1150/12
f 1289/1207/12 1291/1150/12 1292/1208/12
f 1293/1209/12 1294/1151/12 1295/1210/12
f 1293/1209/12 1295/1210/12 1296/1211/12
f 1297/1212/12 1298/1213/12 1299/1214/12
f 1297/1212/12 1299/1214/12 1300/1215/12
f 1301/1216/12 1302/1217/12 1303/1218/12
f 1301/1216/12 1303/1218/12 1304/1219/12
f 804/740/14 807/743/12 810/746/12
f 804/740/14 810/746/12 805/741/12
f 784/720/12 783/719/12 786/722/12
f 784/720/12 786/722/12 785/721/12
f 681/617/19 686/622/18 1305/1220/18
f 681/617/19 1305/1220/18 1306/1221/18
f 1307/1222/12 1308/1223/12 1309/1224/12
f 1307/1222/12 1309/1224/12 1310/1225/12
f 736/672/19 739/675/18 742/678/18
f 736/672/19 742/678/18 737/673/18
f 728/664/18 731/667/18 734/670/18
f 728/664/18 734/670/18 729/665/19
f 712/648/18 715/651/18 718/654/18
f 712/648/18 718/654/18 713/649/18
f 696/632/18 699/635/18 702/638/18
f 696/632/18 702/638/18 697/633/19
f 680/616/18 683/619/18 686/622/18
f 680/616/18 686/622/18 681/617/19
f 1311/1226/20 1312/1227/20 1313/1228/20
f 1311/1226/20 1313/1228/20 1314/1229/20
f 1315/1230/13 1316/1231/13 1317/1232/13
f 1315/1230/13 1317/1232/13 1318/1233/13
f 1319/1234/13 1320/1235/13 1321/1236/13
f 1319/1234/13 1321/1236/13 1322/1237/13
f 1323/1238/20 1324/876/20 1325/875/20
f 1323/1238/20 1325/875/20 1326/1239/20
f 1327/1240/13 1328/1241/13 1329/1242/13
f 1327/1240/13 1329/1242/13 1330/1243/13
f 1331/1244/20 1332/1245/20 1333/867/20
f 1331/1244/20 1333/867/20 1334/866/20
f 1335/1246/14 1336/1247/14 1337/1248/14
f 1335/1246/14 1337/1248/14 1338/1249/14
f 1339/1208/12 1340/1250/12 1341/1251/12
f 1339/1208/12 1341/1251/12 1342/1207/12
f 1343/1250/12 1344/1208/12 1345/1252/12
f 1343/1250/12 1345/1252/12 1346/1253/12
f 1347/1254/12 1348/1248/12 1349/1247/12
f 1347/1254/12 1349/1247/12 1350/1255/12
f 1351/1256/14 1352/1257/14 1353/1258/14
f 1351/1256/14 1353/1258/14 1354/1259/14
f 800/736/12 803/739/12 806/742/12
f 800/736/12 806/742/12 801/737/12
f 788/724/12 787/723/14 790/726/12
f 788/724/12 790/726/12 789/725/12
f 677/613/18 682/618/18 1355/1260/18
f 677/613/18 1355/1260/18 1356/1261/18
f 1357/1262/12 1358/1263/12 1359/1264/12
f 1357/1262/12 1359/1264/12 1360/1265/12
f 740/676/19 743/679/18 746/682/18
f 740/676/19 746/682/18 741/677/18
f 724/660/18 727/663/18 730/666/18
f 724/660/18 730/666/18 725/661/18
f 692/628/18 695/631/18 698/634/19
f 692/628/18 698/634/19 693/629/19
f 676/612/19 679/615/18 682/618/18
f 676/612/19 682/618/18 677/613/18
f 1361/1266/13 1362/844/13 1363/847/13
f 1361/1266/13 1363/847/13 1364/1267/13
f 1365/1126/20 1366/1064/20 1367/1067/20
f 1365/1126/20 1367/1067/20 1368/1127/20
f 1369/1268/13 1370/1269/13 1371/1270/13
f 1369/1268/13 1371/1270/13 1372/1271/13
f 1373/851/21 1374/1272/21 1375/1273/21
f 1373/851/21 1375/1273/21 1376/852/21
f 1377/1274/15 1378/1275/15 1379/1276/15
f 1377/1274/15 1379/1276/15 1380/1277/15
f 1381/1278/12 1382/1279/12 1383/1280/12
f 1381/1278/12 1383/1280/12 1384/1281/12
f 1385/1215/12 1386/1214/12 1387/1282/12
f 1385/1215/12 1387/1282/12 1388/1283/12
f 1389/1208/14 1390/1150/14 1391/1156/14
f 1389/1208/14 1391/1156/14 1392/1252/14
f 1393/1284/12 1394/1285/12 1395/1286/12
f 1393/1284/12 1395/1286/12 1396/1287/12
f 1397/1288/12 1398/1289/12 1399/1290/12
f 1397/1288/12 1399/1290/12 1400/1291/12
f 796/732/12 799/735/12 802/738/12
f 796/732/12 802/738/12 797/733/12
f 792/728/12 791/727/12 794/730/12
f 792/728/12 794/730/12 793/729/12
f 673/609/18 678/614/18 1401/1292/18
f 673/609/18 1401/1292/18 1402/1293/18
f 1403/1294/12 1404/1295/12 1405/1296/12
f 1403/1294/12 1405/1296/12 1406/1297/12
f 744/680/19 747/683/18 748/684/18
f 744/680/19 748/684/18 745/681/19
f 720/656/18 723/659/18 726/662/18
f 720/656/18 726/662/18 721/657/18
f 704/640/18 707/643/18 710/646/18
f 704/640/18 710/646/18 705/641/18
f 688/624/18 691/627/18 694/630/18
f 688/624/18 694/630/18 689/625/18
f 672/608/18 675/611/19 678/614/18
f 672/608/18 678/614/18 673/609/18
f 689/625/18 694/630/18 675/611/19
f 689/625/18 675/611/19 672/608/18
f 693/629/19 698/634/19 679/615/18
f 693/629/19 679/615/18 676/612/19
f 697/633/19 702/638/18 683/619/18
f 697/633/19 683/619/18 680/616/18
f 701/637/18 1250/1170/18 1247/1167/19
f 701/637/18 1247/1167/19 684/620/18
f 1407/1298/15 1408/1299/15 1409/1300/15
f 1407/1298/15 1409/1300/15 1410/1301/15
f 1411/1302/15 1412/1303/15 1413/1304/15
f 1411/1302/15 1413/1304/15 1414/1305/15
f 1415/1306/13 1416/1307/13 1417/1308/13
f 1415/1306/13 1417/1308/13 1418/1309/13
f 1419/1310/13 1420/1311/13 1421/1312/13
f 1419/1310/13 1421/1312/13 1422/1313/13
f 1423/1314/13 1424/1315/13 1425/1316/13
f 1423/1314/13 1425/1316/13 1426/1317/13
f 1427/1318/15 1428/1316/15 1429/1315/15
f 1427/1318/15 1429/1315/15 1430/1319/15
f 1431/1320/13 1432/1321/13 1433/1322/13
f 1431/1320/13 1433/1322/13 1434/1323/13
f 973/907/12 1435/1324/12 1436/1325/12
f 973/907/12 1436/1325/12 974/908/12
f 1437/1326/12 1438/1327/12 1439/1328/12
f 1437/1326/12 1439/1328/12 1440/1329/12
f 1441/1030/12 1442/1029/12 1443/1330/12
f 1441/1030/12 1443/1330/12 1444/1331/12
f 1445/1332/12 1446/1333/12 1447/1334/12
f 1445/1332/12 1447/1334/12 1448/1335/12
f 1449/1336/12 1450/1337/12 1451/1338/12
f 1449/1336/12 1451/1338/12 1452/1339/12
f 1453/1340/18 1454/1341/18 1455/1342/18
f 1453/1340/18 1455/1342/18 1456/1343/18
f 1457/1344/19 1458/1345/19 1459/1346/18
f 1457/1344/19 1459/1346/18 1460/1347/18
f 1461/1348/18 1462/1349/19 1463/1350/19
f 1461/1348/18 1463/1350/19 1464/1351/19
f 1465/1352/18 1466/1353/18 1467/1354/18
f 1465/1352/18 1467/1354/18 1468/1355/18
f 666/602/20 669/605/21 670/606/20
f 666/602/20 670/606/20 667/603/20
f 654/590/18 653/589/19 656/592/18
f 654/590/18 656/592/18 655/591/18
f 628/564/13 631/567/13 634/570/15
f 628/564/13 634/570/15 629/565/13
f 1469/1356/12 1470/1357/12 1471/1358/12
f 1469/1356/12 1471/1358/12 1472/1359/12
f 608/544/18 611/547/19 614/550/18
f 608/544/18 614/550/18 609/545/18
f 705/641/18 710/646/18 691/627/18
f 705/641/18 691/627/18 688/624/18
f 709/645/18 714/650/18 695/631/18
f 709/645/18 695/631/18 692/628/18
f 713/649/18 718/654/18 699/635/18
f 713/649/18 699/635/18 696/632/18
f 717/653/18 1252/1172/18 1249/1169/18
f 717/653/18 1249/1169/18 700/636/18
f 1473/1360/13 1474/1361/13 1475/1362/13
f 1473/1360/13 1475/1362/13 1476/1363/13
f 1477/1309/13 1478/1308/13 1479/1364/13
f 1477/1309/13 1479/1364/13 1480/1365/13
f 1481/1366/15 1482/1367/15 1483/1368/15
f 1481/1366/15 1483/1368/15 1484/1369/15
f 1485/1370/13 1486/1371/13 1487/1372/13
f 1485/1370/13 1487/1372/13 1488/1373/13
f 1489/1374/15 1490/1375/15 1491/1376/15
f 1489/1374/15 1491/1376/15 1492/1377/15
f 1493/1378/12 1494/1379/12 1495/1380/12
f 1493/1378/12 1495/1380/12 1496/1381/12
f 1497/1382/12 1498/1383/12 1499/955/12
f 1497/1382/12 1499/955/12 1500/954/12
f 1501/1384/12 1502/1385/12 1503/1386/12
f 1501/1384/12 1503/1386/12 1504/1387/12
f 1505/1388/12 1506/1389/12 1507/1390/12
f 1505/1388/12 1507/1390/12 1508/1391/12
f 1509/1392/12 1510/1393/12 1511/1394/12
f 1509/1392/12 1511/1394/12 1512/1395/12
f 1513/1396/12 1514/1397/12 1515/1398/12
f 1513/1396/12 1515/1398/12 1516/1399/12
f 1517/1400/18 1518/1401/18 1519/1402/18
f 1517/1400/18 1519/1402/18 1520/1403/18
f 1521/1404/18 1522/1405/18 1523/1406/18
f 1521/1404/18 1523/1406/18 1524/1407/18
f 1525/1408/18 1526/1409/18 1527/1410/18
f 1525/1408/18 1527/1410/18 1528/1411/18
f 1529/1412/18 1530/1413/18 1531/1414/18
f 1529/1412/18 1531/1414/18 1532/1415/18
f 662/598/21 665/601/20 668/604/20
f 662/598/21 668/604/20 663/599/20
f 650/586/18 649/585/18 652/588/18
f 650/586/18 652/588/18 651/587/18
f 632/568/13 635/571/13 638/574/13
f 632/568/13 638/574/13 633/569/13
f 1533/1416/12 1534/1417/12 1535/944/12
f 1533/1416/12 1535/944/12 1536/943/12
f 612/548/18 615/551/18 618/554/18
f 612/548/18 618/554/18 613/549/18
f 721/657/18 726/662/18 707/643/18
f 721/657/18 707/643/18 704/640/18
f 725/661/18 730/666/18 711/647/18
f 725/661/18 711/647/18 708/644/18
f 729/665/19 734/670/18 715/651/18
f 729/665/19 715/651/18 712/648/18
f 733/669/18 1254/1174/18 1251/1171/19
f 733/669/18 1251/1171/19 716/652/18
f 1537/1299/13 1538/1298/13 1539/1307/13
f 1537/1299/13 1539/1307/13 1540/1418/13
f 1541/1369/13 1542/1368/13 1543/1419/13
f 1541/1369/13 1543/1419/13 1544/1420/13
f 1545/1421/13 1546/1422/13 1547/1423/13
f 1545/1421/13 1547/1423/13 1548/1424/13
f 1549/1425/13 1550/1426/13 1551/1427/13
f 1549/1425/13 1551/1427/13 1552/1428/13
f 1553/1429/13 1554/1430/13 1555/1321/13
f 1553/1429/13 1555/1321/13 1556/1431/13
f 1557/1432/13 1558/1433/13 1559/1434/13
f 1557/1432/13 1559/1434/13 1560/1435/13
f 1561/1043/12 1562/942/12 1563/945/12
f 1561/1043/12 1563/945/12 1564/1044/12
f 1565/1331/12 1566/1330/12 1567/925/12
f 1565/1331/12 1567/925/12 1568/1436/12
f 1569/1437/12 1570/1438/12 1571/1439/12
f 1569/1437/12 1571/1439/12 1572/1440/12
f 1573/1441/12 1574/1442/12 1575/981/12
f 1573/1441/12 1575/981/12 1576/980/12
f 1577/1443/12 1578/1444/12 1579/1445/12
f 1577/1443/12 1579/1445/12 1580/1446/12
f 1581/946/12 1582/1326/12 1583/1329/12
f 1581/946/12 1583/1329/12 1584/947/12
f 1585/1447/18 1586/1448/18 1587/1449/18
f 1585/1447/18 1587/1449/18 1588/1450/18
f 1589/1451/18 1590/1452/19 1591/1453/18
f 1589/1451/18 1591/1453/18 1592/1454/18
f 1593/1455/18 1594/1456/18 1595/1457/18
f 1593/1455/18 1595/1457/18 1596/1458/18
f 1597/1459/18 1598/1460/18 1599/1461/18
f 1597/1459/18 1599/1461/18 1600/1462/18
f 658/594/20 661/597/20 664/600/20
f 658/594/20 664/600/20 659/595/20
f 646/582/18 645/581/19 648/584/18
f 646/582/18 648/584/18 647/583/18
f 636/572/13 639/575/13 642/578/13
f 636/572/13 642/578/13 637/573/15
f 1601/1463/12 1602/1464/12 1603/1465/12
f 1601/1463/12 1603/1465/12 1604/1466/12
f 616/552/18 619/555/19 622/558/18
f 616/552/18 622/558/18 617/553/18
f 1605/1467/19 1606/1468/18 723/659/18
f 1605/1467/19 723/659/18 720/656/18
f 1607/1469/18 1608/1470/18 727/663/18
f 1607/1469/18 727/663/18 724/660/18
f 1609/1471/18 1610/1472/18 731/667/18
f 1609/1471/18 731/667/18 728/664/18
f 1611/1473/18 1612/1474/18 1253/1173/18
f 1611/1473/18 1253/1173/18 732/668/18
f 1613/1311/13 1614/1475/13 1615/1476/13
f 1613/1311/13 1615/1476/13 1616/1477/13
f 1617/1316/13 1618/1318/13 1619/1478/13
f 1617/1316/13 1619/1478/13 1620/1479/13
f 1621/1422/13 1622/1421/13 1623/1480/13
f 1621/1422/13 1623/1480/13 1624/1481/13
f 1625/1435/13 1626/1434/13 1627/1482/13
f 1625/1435/13 1627/1482/13 1628/1483/13
f 1629/1305/13 1630/1304/13 1631/1484/13
f 1629/1305/13 1631/1484/13 1632/1485/13
f 1633/1486/12 1634/1439/12 1635/1487/12
f 1633/1486/12 1635/1487/12 1636/1488/12
f 1637/1489/12 1638/1490/12 1639/1491/12
f 1637/1489/12 1639/1491/12 1640/1492/12
f 1077/1009/12 1641/1493/12 1642/1494/14
f 1077/1009/12 1642/1494/14 1078/1010/12
f 1643/931/12 1644/1495/12 1645/1496/12
f 1643/931/12 1645/1496/12 1646/1497/12
f 1647/1498/12 1648/1499/12 1649/1500/12
f 1647/1498/12 1649/1500/12 1650/1501/12
f 1651/1502/12 1652/1503/12 1653/1504/12
f 1651/1502/12 1653/1504/12 1654/1505/12
f 1655/1506/18 1656/1507/18 1657/1508/18
f 1655/1506/18 1657/1508/18 1658/1509/18
f 1659/1510/18 1660/1511/18 1661/1512/18
f 1659/1510/18 1661/1512/18 1662/1513/18
f 1663/1514/18 1664/1515/18 1665/1516/18
f 1663/1514/18 1665/1516/18 1666/1517/18
f 1667/1518/19 1668/1519/19 1669/1520/18
f 1667/1518/19 1669/1520/18 1670/1521/18
f 1671/1522/20 657/593/20 660/596/21
f 1671/1522/20 660/596/21 1672/1523/20
f 1673/1524/18 1674/1525/18 644/580/18
f 1673/1524/18 644/580/18 643/579/18
f 1675/1526/12 1676/1527/12 1677/1391/12
f 1675/1526/12 1677/1391/12 1678/1390/12
f 620/556/18 1679/1528/18 1680/1529/18
f 620/556/18 1680/1529/18 621/557/18
f 640/576/13 1681/1530/15 1682/1531/13
f 640/576/13 1682/1531/13 641/577/13
f 1683/1532/19 1684/1533/19 1674/1525/18
f 1683/1532/19 1674/1525/18 1673/1524/18
f 1685/1534/20 1686/1535/20 1687/1536/20
f 1685/1534/20 1687/1536/20 1688/1537/20
f 1689/1538/18 1690/1539/18 1605/1467/19
f 1689/1538/18 1605/1467/19 1691/1540/19
f 1692/1541/18 1693/1542/18 1607/1469/18
f 1692/1541/18 1607/1469/18 1606/1468/18
f 1694/1543/18 1695/1544/18 1609/1471/18
f 1694/1543/18 1609/1471/18 1608/1470/18
f 1696/1545/19 1697/1546/18 1611/1473/18
f 1696/1545/19 1611/1473/18 1610/1472/18
f 1698/1547/12 1699/1548/12 1700/1549/12
f 1698/1547/12 1700/1549/12 1701/1550/12
f 1702/1551/18 1703/1552/18 1704/1553/18
f 1702/1551/18 1704/1553/18 1705/1554/18
f 1706/1555/12 1707/932/12 1708/931/12
f 1706/1555/12 1708/931/12 1709/1556/12
f 1710/1557/12 1711/1006/12 1712/1005/12
f 1710/1557/12 1712/1005/12 1713/1558/12
f 1714/1559/18 1715/1560/18 1716/1561/18
f 1714/1559/18 1716/1561/18 1717/1562/18
f 1718/1563/12 1719/1564/12 1720/1565/12
f 1718/1563/12 1720/1565/12 1721/1566/12
f 1435/1324/12 1118/1047/12 1121/1050/12
f 1435/1324/12 1121/1050/12 1436/1325/12
f 1722/1567/12 1723/1568/12 1724/1569/12
f 1722/1567/12 1724/1569/12 1725/1570/12
f 979/913/12 978/912/12 1726/1571/12
f 979/913/12 1726/1571/12 1727/1572/12
f 1728/1573/18 1729/1574/18 1730/1575/18
f 1728/1573/18 1730/1575/18 1731/1576/18
f 1732/983/12 1733/982/12 1734/1577/12
f 1732/983/12 1734/1577/12 1735/1578/12
f 1736/1579/18 1737/1580/18 1738/1581/18
f 1736/1579/18 1738/1581/18 1739/1582/18
f 1740/1567/12 1741/1583/12 1742/1584/12
f 1740/1567/12 1742/1584/12 1743/1568/12
f 1697/1546/18 1744/1585/18 1612/1474/18
f 1697/1546/18 1612/1474/18 1611/1473/18
f 1695/1544/18 1696/1545/19 1610/1472/18
f 1695/1544/18 1610/1472/18 1609/1471/18
f 1693/1542/18 1694/1543/18 1608/1470/18
f 1693/1542/18 1608/1470/18 1607/1469/18
f 1679/1528/18 601/538/19 604/541/18
f 1679/1528/18 604/541/18 1680/1529/18
f 1681/1530/15 1745/1586/13 1746/1587/13
f 1681/1530/15 1746/1587/13 1682/1531/13
f 1744/1585/18 1683/1532/19 1673/1524/18
f 1744/1585/18 1673/1524/18 1612/1474/18
f 1747/1588/18 1748/1589/18 1749/1590/18
f 1747/1588/18 1749/1590/18 1750/1591/18
f 1751/1592/18 1752/1593/18 1753/1594/18
f 1751/1592/18 1753/1594/18 1754/1595/19
f 1755/1596/18 1756/1597/18 1757/1598/18
f 1755/1596/18 1757/1598/18 1758/1599/18
f 1759/1600/18 1760/1601/18 1761/1602/18
f 1759/1600/18 1761/1602/18 1762/1603/19
f 1763/1604/18 1245/1165/18 1246/1166/18
f 1763/1604/18 1246/1166/18 1764/1605/18
f 1765/1606/20 1766/1607/20 1767/1608/20
f 1765/1606/20 1767/1608/20 1768/1609/20
f 1769/1610/22 1237/1157/22 1240/1160/22
f 1769/1610/22 1240/1160/22 1770/1611/22
f 1771/1612/13 1772/1613/13 1773/1614/13
f 1771/1612/13 1773/1614/13 1774/1615/13
f 1775/1616/17 1776/1617/17 1777/1618/17
f 1775/1616/17 1777/1618/17 1778/825/17
f 1779/1619/20 1780/1620/20 1781/1621/20
f 1779/1619/20 1781/1621/20 1782/1622/20
f 1783/1623/17 1784/1624/17 1785/1625/17
f 1783/1623/17 1785/1625/17 1786/1626/17
f 1787/1627/16 1788/1628/16 1789/1629/16
f 1787/1627/16 1789/1629/16 1790/1630/16
f 1791/1631/20 1792/1632/20 1793/1633/20
f 1791/1631/20 1793/1633/20 1794/1634/20
f 1795/1635/16 1796/1636/16 1797/1637/16
f 1795/1635/16 1797/1637/16 1798/1638/16
f 1247/1167/19 655/591/18 577/514/18
f 1247/1167/19 577/514/18 1248/1168/18
f 1249/1169/18 651/587/18 654/590/18
f 1249/1169/18 654/590/18 1250/1170/18
f 1251/1171/19 647/583/18 650/586/18
f 1251/1171/19 650/586/18 1252/1172/18
f 1253/1173/18 643/579/18 646/582/18
f 1253/1173/18 646/582/18 1254/1174/18
f 1799/1639/18 1800/1640/18 1801/1641/18
f 1799/1639/18 1801/1641/18 1802/1642/19
f 1257/1177/12 565/502/12 568/505/12
f 1257/1177/12 568/505/12 1258/1178/12
f 1803/1643/14 1804/1644/12 1805/1645/12
f 1803/1643/14 1805/1645/12 1806/1646/12
f 1807/1647/12 1808/1648/14 1809/1649/12
f 1807/1647/12 1809/1649/12 1810/1650/12
f 1811/1651/12 1812/1652/12 1813/1653/12
f 1811/1651/12 1813/1653/12 1814/1654/12
f 1815/1655/14 1816/1656/12 1817/1657/12
f 1815/1655/14 1817/1657/12 1818/1658/12
f 1819/1659/12 1820/1660/14 1821/1661/12
f 1819/1659/12 1821/1661/12 1822/1662/12
f 1823/1663/14 1824/1664/14 1825/1665/12
f 1823/1663/14 1825/1665/12 1826/1666/12
f 1827/1667/12 1828/1668/14 1829/1669/12
f 1827/1667/12 1829/1669/12 1830/1670/12
f 1831/1671/12 1832/1672/12 1833/1673/14
f 1831/1671/12 1833/1673/14 1834/1674/12
f 1835/1675/14 1836/1676/12 1837/1677/14
f 1835/1675/14 1837/1677/14 1838/1678/12
f 1839/1679/14 1840/1680/12 1841/1681/12
f 1839/1679/14 1841/1681/12 1842/1682/12
f 1843/1683/14 1844/1684/12 1845/1685/12
f 1843/1683/14 1845/1685/12 1846/1686/12
f 1847/1687/12 1848/1688/12 1849/1689/12
f 1847/1687/12 1849/1689/12 1850/1690/14
f 1851/1691/12 1852/1692/12 1853/1693/12
f 1851/1691/12 1853/1693/12 1854/1694/12
f 1855/1695/12 1856/1696/14 1857/1697/12
f 1855/1695/12 1857/1697/12 1858/1698/12
f 1859/1699/12 1860/1700/12 1861/1701/12
f 1859/1699/12 1861/1701/12 1862/1702/12
f 1863/1703/14 1864/1704/12 1865/1705/12
f 1863/1703/14 1865/1705/12 1866/1706/14
f 1867/1707/12 1868/1708/12 1869/1709/14
f 1867/1707/12 1869/1709/14 1870/1710/12
f 1871/1711/12 1872/1712/14 1873/1713/12
f 1871/1711/12 1873/1713/12 1874/1714/12
f 1875/1715/12 1876/1716/12 1877/1717/12
f 1875/1715/12 1877/1717/12 1878/1718/12
f 1879/1719/14 1880/1720/12 1881/1721/14
f 1879/1719/14 1881/1721/14 1882/1722/14
f 1883/1723/14 1884/1724/12 1885/1725/14
f 1883/1723/14 1885/1725/14 1886/1726/14
f 1887/1727/12 1888/1728/12 1889/1729/12
f 1887/1727/12 1889/1729/12 1890/1730/12
f 1891/1731/12 1892/1732/14 1893/1733/12
f 1891/1731/12 1893/1733/12 1894/1734/12
f 1895/1735/12 1896/1736/12 1897/1737/12
f 1895/1735/12 1897/1737/12 1898/1738/14
f 1899/1739/12 1900/1740/12 1901/1741/14
f 1899/1739/12 1901/1741/14 1902/1742/12
f 1903/1743/12 1904/1744/12 1905/1745/12
f 1903/1743/12 1905/1745/12 1906/1746/12
f 1842/1682/12 1841/1681/12 1816/1656/12
f 1842/1682/12 1816/1656/12 1815/1655/14
f 1866/1706/14 1865/1705/12 1812/1652/12
f 1866/1706/14 1812/1652/12 1811/1651/12
f 1882/1722/14 1881/1721/14 1808/1648/14
f 1882/1722/14 1808/1648/14 1807/1647/12
f 1906/1746/12 1905/1745/12 1804/1644/12
f 1906/1746/12 1804/1644/12 1803/1643/14
f 1902/1742/12 1901/1741/14 1907/1747/12
f 1902/1742/12 1907/1747/12 1908/1748/12
f 1909/1749/12 1910/1750/12 1911/1751/12
f 1909/1749/12 1911/1751/12 1912/1752/14
f 1862/1702/12 1861/1701/12 1913/1753/12
f 1862/1702/12 1913/1753/12 1914/1754/14
f 1838/1678/12 1837/1677/14 1915/1755/12
f 1838/1678/12 1915/1755/12 1916/1756/14
f 1898/1738/14 1897/1737/12 1900/1740/12
f 1898/1738/14 1900/1740/12 1899/1739/12
f 1858/1698/12 1857/1697/12 1860/1700/12
f 1858/1698/12 1860/1700/12 1859/1699/12
f 1834/1674/12 1833/1673/14 1836/1676/12
f 1834/1674/12 1836/1676/12 1835/1675/14
f 1894/1734/12 1893/1733/12 1896/1736/12
f 1894/1734/12 1896/1736/12 1895/1735/12
f 1878/1718/12 1877/1717/12 1917/1757/14
f 1878/1718/12 1917/1757/14 1918/1758/12
f 1854/1694/12 1853/1693/12 1856/1696/14
f 1854/1694/12 1856/1696/14 1855/1695/12
f 1830/1670/12 1829/1669/12 1832/1672/12
f 1830/1670/12 1832/1672/12 1831/1671/12
f 1890/1730/12 1889/1729/12 1892/1732/14
f 1890/1730/12 1892/1732/14 1891/1731/12
f 1874/1714/12 1873/1713/12 1876/1716/12
f 1874/1714/12 1876/1716/12 1875/1715/12
f 1850/1690/14 1849/1689/12 1852/1692/12
f 1850/1690/14 1852/1692/12 1851/1691/12
f 1826/1666/12 1825/1665/12 1828/1668/14
f 1826/1666/12 1828/1668/14 1827/1667/12
f 1886/1726/14 1885/1725/14 1888/1728/12
f 1886/1726/14 1888/1728/12 1887/1727/12
f 1870/1710/12 1869/1709/14 1872/1712/14
f 1870/1710/12 1872/1712/14 1871/1711/12
f 1846/1686/12 1845/1685/12 1848/1688/12
f 1846/1686/12 1848/1688/12 1847/1687/12
f 1822/1662/12 1821/1661/12 1824/1664/14
f 1822/1662/12 1824/1664/14 1823/1663/14
f 1919/1759/12 1920/1760/12 1884/1724/12
f 1919/1759/12 1884/1724/12 1883/1723/14
f 1921/1761/12 1922/1762/12 1868/1708/12
f 1921/1761/12 1868/1708/12 1867/1707/12
f 1923/1763/12 1924/1764/12 1844/1684/12
f 1923/1763/12 1844/1684/12 1843/1683/14
f 1925/1765/14 1926/1766/14 1820/1660/14
f 1925/1765/14 1820/1660/14 1819/1659/12
f 1927/1767/12 1919/1759/12 1883/1723/14
f 1927/1767/12 1883/1723/14 1928/1768/12
f 1929/1769/12 1886/1726/14 1887/1727/12
f 1929/1769/12 1887/1727/12 1930/1770/12
f 1931/1771/12 1890/1730/12 1891/1731/12
f 1931/1771/12 1891/1731/12 1932/1772/12
f 1933/1773/12 1894/1734/12 1895/1735/12
f 1933/1773/12 1895/1735/12 1934/1774/12
f 1935/1775/12 1898/1738/14 1899/1739/12
f 1935/1775/12 1899/1739/12 1936/1776/12
f 1937/1777/14 1902/1742/12 1908/1748/12
f 1937/1777/14 1908/1748/12 1938/1778/12
f 1939/1779/12 1906/1746/12 1803/1643/14
f 1939/1779/12 1803/1643/14 1940/1780/12
f 1920/1760/12 1921/1761/12 1867/1707/12
f 1920/1760/12 1867/1707/12 1884/1724/12
f 1885/1725/14 1870/1710/12 1871/1711/12
f 1885/1725/14 1871/1711/12 1888/1728/12
f 1889/1729/12 1874/1714/12 1875/1715/12
f 1889/1729/12 1875/1715/12 1892/1732/14
f 1893/1733/12 1878/1718/12 1918/1758/12
f 1893/1733/12 1918/1758/12 1896/1736/12
f 1901/1741/14 1909/1749/12 1912/1752/14
f 1901/1741/14 1912/1752/14 1907/1747/12
f 1905/1745/12 1882/1722/14 1807/1647/12
f 1905/1745/12 1807/1647/12 1804/1644/12
f 1922/1762/12 1923/1763/12 1843/1683/14
f 1922/1762/12 1843/1683/14 1868/1708/12
f 1869/1709/14 1846/1686/12 1847/1687/12
f 1869/1709/14 1847/1687/12 1872/1712/14
f 1873/1713/12 1850/1690/14 1851/1691/12
f 1873/1713/12 1851/1691/12 1876/1716/12
f 1877/1717/12 1854/1694/12 1855/1695/12
f 1877/1717/12 1855/1695/12 1917/1757/14
f 1910/1750/12 1862/1702/12 1914/1754/14
f 1910/1750/12 1914/1754/14 1911/1751/12
f 1881/1721/14 1866/1706/14 1811/1651/12
f 1881/1721/14 1811/1651/12 1808/1648/14
f 1924/1764/12 1925/1765/14 1819/1659/12
f 1924/1764/12 1819/1659/12 1844/1684/12
f 1845/1685/12 1822/1662/12 1823/1663/14
f 1845/1685/12 1823/1663/14 1848/1688/12
f 1849/1689/12 1826/1666/12 1827/1667/12
f 1849/1689/12 1827/1667/12 1852/1692/12
f 1853/1693/12 1830/1670/12 1831/1671/12
f 1853/1693/12 1831/1671/12 1856/1696/14
f 1857/1697/12 1834/1674/12 1835/1675/14
f 1857/1697/12 1835/1675/14 1860/1700/12
f 1861/1701/12 1838/1678/12 1916/1756/14
f 1861/1701/12 1916/1756/14 1913/1753/12
f 1865/1705/12 1842/1682/12 1815/1655/14
f 1865/1705/12 1815/1655/14 1812/1652/12
f 1941/1781/12 1940/1780/12 1942/1782/14
f 1941/1781/12 1942/1782/14 1943/1783/14
f 1944/1784/12 1928/1768/12 1929/1769/12
f 1944/1784/12 1929/1769/12 1945/1785/12
f 1946/1786/12 1930/1770/12 1931/1771/12
f 1946/1786/12 1931/1771/12 1947/1787/12
f 1948/1788/12 1932/1772/12 1933/1773/12
f 1948/1788/12 1933/1773/12 1949/1789/12
f 1950/1790/12 1934/1774/12 1935/1775/12
f 1950/1790/12 1935/1775/12 1951/1791/12
f 1952/1792/12 1936/1776/12 1937/1777/14
f 1952/1792/12 1937/1777/14 1953/1793/14
f 1954/1794/12 1955/1795/12 1939/1779/12
f 1954/1794/12 1939/1779/12 1956/1796/14
f 1956/1796/14 1939/1779/12 1940/1780/12
f 1956/1796/14 1940/1780/12 1941/1781/12
f 1953/1793/14 1937/1777/14 1938/1778/12
f 1953/1793/14 1938/1778/12 1957/1797/12
f 1951/1791/12 1935/1775/12 1936/1776/12
f 1951/1791/12 1936/1776/12 1952/1792/12
f 1949/1789/12 1933/1773/12 1934/1774/12
f 1949/1789/12 1934/1774/12 1950/1790/12
f 1947/1787/12 1931/1771/12 1932/1772/12
f 1947/1787/12 1932/1772/12 1948/1788/12
f 1945/1785/12 1929/1769/12 1930/1770/12
f 1945/1785/12 1930/1770/12 1946/1786/12
f 1958/1798/12 1927/1767/12 1928/1768/12
f 1958/1798/12 1928/1768/12 1944/1784/12
f 1186/1111/13 1177/1104/15 1178/1105/13
f 1186/1111/13 1178/1105/13 1187/1112/13
f 1154/1081/13 1141/1068/13 1144/1071/13
f 1154/1081/13 1144/1071/13 1155/1082/13
f 1959/1799/17 1960/1800/17 1961/1617/17
f 1959/1799/17 1961/1617/17 1962/1616/17
f 1963/1801/17 1964/1802/17 1965/1803/17
f 1963/1801/17 1965/1803/17 1966/1804/17
f 1967/1805/16 1968/1806/16 1969/1807/16
f 1967/1805/16 1969/1807/16 1970/1808/16
f 1971/1809/20 1273/1191/21 1276/1194/20
f 1971/1809/20 1276/1194/20 1972/1810/20
f 1973/1811/16 1974/1812/16 1975/821/16
f 1973/1811/16 1975/821/16 1976/1813/16
f 1977/1814/17 1978/1815/17 1979/1816/17
f 1977/1814/17 1979/1816/17 1980/1817/17
f 754/690/20 1981/1818/20 1982/1819/20
f 754/690/20 1982/1819/20 755/691/20
f 1983/1820/17 1984/1821/17 1985/1822/17
f 1983/1820/17 1985/1822/17 1986/1823/17
f 1266/1184/20 753/689/20 756/692/21
f 1266/1184/20 756/692/21 1267/1185/20
f 1987/1824/20 1265/1183/21 1268/1186/20
f 1987/1824/20 1268/1186/20 1988/1825/20
f 750/686/20 1989/1826/20 1990/1827/20
f 750/686/20 1990/1827/20 751/687/20
f 1211/1133/21 749/685/20 752/688/20
f 1211/1133/21 752/688/20 1212/1134/21
f 1981/1818/20 1971/1809/20 1972/1810/20
f 1981/1818/20 1972/1810/20 1982/1819/20
f 1991/1828/13 1992/1829/13 1993/1830/13
f 1991/1828/13 1993/1830/13 1994/1831/13
f 1989/1826/20 1987/1824/20 1988/1825/20
f 1989/1826/20 1988/1825/20 1990/1827/20
f 1995/1822/16 1996/1832/16 1997/1833/16
f 1995/1822/16 1997/1833/16 1998/1834/16
f 1999/819/15 2000/1835/15 2001/1836/15
f 1999/819/15 2001/1836/15 2002/1837/15
f 2003/1838/16 2004/1839/16 2005/1840/16
f 2003/1838/16 2005/1840/16 2006/1841/16
f 2007/1842/13 2008/1843/13 2009/1844/13
f 2007/1842/13 2009/1844/13 2010/1845/13
f 2011/1800/16 2012/1088/16 2013/1091/16
f 2011/1800/16 2013/1091/16 2014/1617/16
f 2015/1846/13 2016/1847/13 2017/1848/13
f 2015/1846/13 2017/1848/13 2018/1849/13
f 2019/1850/16 2020/866/16 2021/869/16
f 2019/1850/16 2021/869/16 2022/1851/16
f 1209/1131/13 1185/1110/13 1188/1113/13
f 1209/1131/13 1188/1113/13 1210/1132/13
f 2023/1852/13 2024/1853/13 2025/1854/13
f 2023/1852/13 2025/1854/13 2026/1855/13
f 1171/1098/13 1153/1080/13 1156/1083/13
f 1171/1098/13 1156/1083/13 1172/1099/13
f 2027/1059/16 2028/1856/16 2029/1857/16
f 2027/1059/16 2029/1857/16 2030/865/16
f 2031/1858/13 2032/1859/13 2033/1860/13
f 2031/1858/13 2033/1860/13 2034/1861/13
f 2035/1815/16 2036/1608/16 2037/1607/16
f 2035/1815/16 2037/1607/16 2038/1816/16
f 2039/1862/13 2040/1863/13 2041/1864/13
f 2039/1862/13 2041/1864/13 2042/1865/13
f 2043/1866/16 2044/1867/16 2045/1868/16
f 2043/1866/16 2045/1868/16 2046/1869/16
f 2047/1870/15 2048/695/15 2049/694/15
f 2047/1870/15 2049/694/15 2050/1871/15
f 2051/797/13 2052/1872/13 2053/1873/13
f 2051/797/13 2053/1873/13 2054/798/13
f 2055/1874/17 2056/1875/17 2057/1876/17
f 2055/1874/17 2057/1876/17 2058/1877/17
f 2059/1878/20 2060/1125/20 2061/1128/20
f 2059/1878/20 2061/1128/20 2062/1879/20
f 2063/1880/18 2064/1881/18 2065/1882/18
f 2063/1880/18 2065/1882/18 2066/1883/18
f 2067/1884/19 2068/1885/18 2069/1886/19
f 2067/1884/19 2069/1886/19 2070/1887/19
f 2071/1888/18 2072/1889/18 2073/1890/19
f 2071/1888/18 2073/1890/19 2074/1891/19
f 2075/1892/18 2076/1893/18 2077/1894/18
f 2075/1892/18 2077/1894/18 2078/1895/18
f 2079/1896/13 2080/1897/13 2081/1898/15
f 2079/1896/13 2081/1898/15 2082/1899/15
f 2083/1900/13 2084/1901/13 2085/1902/15
f 2083/1900/13 2085/1902/15 2086/1903/15
f 2087/1904/13 2088/1905/13 2089/1906/13
f 2087/1904/13 2089/1906/13 2090/1907/13
f 2091/1908/13 2092/1909/13 2093/1910/13
f 2091/1908/13 2093/1910/13 2094/1911/13
f 2095/1912/15 2096/1913/13 2097/1914/13
f 2095/1912/15 2097/1914/13 2098/1915/13
f 2099/1916/13 2100/1917/13 2101/1918/13
f 2099/1916/13 2101/1918/13 2102/1919/13
f 2103/1920/13 2104/1921/13 2105/1922/13
f 2103/1920/13 2105/1922/13 2106/1923/13
f 2107/1924/13 2108/1925/13 2109/1926/15
f 2107/1924/13 2109/1926/15 2110/1927/13
f 2111/1928/15 2112/1929/15 2113/1930/13
f 2111/1928/15 2113/1930/13 2114/1931/13
f 2115/1932/13 2116/1933/13 2117/1934/13
f 2115/1932/13 2117/1934/13 2118/1935/13
f 2119/1936/13 2120/1937/15 2121/1938/13
f 2119/1936/13 2121/1938/13 2122/1939/13
f 2123/1940/13 2124/1941/13 2125/1942/13
f 2123/1940/13 2125/1942/13 2126/1943/13
f 2127/1944/13 2128/1945/13 2129/1946/13
f 2127/1944/13 2129/1946/13 2130/1947/13
f 2131/1948/13 2132/1949/13 2133/1950/13
f 2131/1948/13 2133/1950/13 2134/1951/13
f 2135/1952/13 2136/1953/13 2137/1954/13
f 2135/1952/13 2137/1954/13 2138/1955/13
f 2139/1956/13 2140/1957/13 2141/1958/13
f 2139/1956/13 2141/1958/13 2142/1959/13
f 2143/1960/13 2144/1961/13 2145/1962/13
f 2143/1960/13 2145/1962/13 2146/1963/15
f 2147/1964/13 2148/1965/13 2149/1966/13
f 2147/1964/13 2149/1966/13 2150/1967/15
f 2151/1968/13 2152/1969/13 2153/1970/13
f 2151/1968/13 2153/1970/13 2154/1971/15
f 2155/1972/15 2156/1973/15 2157/1974/13
f 2155/1972/15 2157/1974/13 2158/1975/13
f 2159/1976/13 2160/1977/13 2161/1978/13
f 2159/1976/13 2161/1978/13 2162/1979/15
f 2163/1980/13 2164/1981/13 2165/1982/13
f 2163/1980/13 2165/1982/13 2166/1983/15
f 2167/1984/13 2168/1985/13 2169/1986/13
f 2167/1984/13 2169/1986/13 2170/1987/15
f 2171/1988/13 2172/1989/13 2173/1990/13
f 2171/1988/13 2173/1990/13 2174/1991/13
f 2175/1992/13 2176/1993/13 2177/1994/13
f 2175/1992/13 2177/1994/13 2178/1995/13
f 2179/1996/13 2180/1997/15 2181/1998/13
f 2179/1996/13 2181/1998/13 2182/1999/13
f 2183/2000/13 2184/2001/13 2185/2002/13
f 2183/2000/13 2185/2002/13 2186/2003/15
f 2187/2004/13 2188/2005/13 2189/2006/15
f 2187/2004/13 2189/2006/15 2190/2007/13
f 2184/2001/13 2187/2004/13 2190/2007/13
f 2184/2001/13 2190/2007/13 2185/2002/13
f 2160/1977/13 2163/1980/13 2166/1983/15
f 2160/1977/13 2166/1983/15 2161/1978/13
f 2136/1953/13 2191/2008/13 2192/2009/13
f 2136/1953/13 2192/2009/13 2137/1954/13
f 2112/1929/15 2115/1932/13 2118/1935/13
f 2112/1929/15 2118/1935/13 2113/1930/13
f 2180/1997/15 2183/2000/13 2186/2003/15
f 2180/1997/15 2186/2003/15 2181/1998/13
f 2156/1973/15 2159/1976/13 2162/1979/15
f 2156/1973/15 2162/1979/15 2157/1974/13
f 2132/1949/13 2135/1952/13 2138/1955/13
f 2132/1949/13 2138/1955/13 2133/1950/13
f 2193/2010/13 2111/1928/15 2114/1931/13
f 2193/2010/13 2114/1931/13 2194/2011/15
f 2176/1993/13 2179/1996/13 2182/1999/13
f 2176/1993/13 2182/1999/13 2177/1994/13
f 2152/1969/13 2155/1972/15 2158/1975/13
f 2152/1969/13 2158/1975/13 2153/1970/13
f 2128/1945/13 2131/1948/13 2134/1951/13
f 2128/1945/13 2134/1951/13 2129/1946/13
f 2104/1921/13 2195/2012/13 2196/2013/13
f 2104/1921/13 2196/2013/13 2105/1922/13
f 2172/1989/13 2175/1992/13 2178/1995/13
f 2172/1989/13 2178/1995/13 2173/1990/13
f 2148/1965/13 2151/1968/13 2154/1971/15
f 2148/1965/13 2154/1971/15 2149/1966/13
f 2124/1941/13 2127/1944/13 2130/1947/13
f 2124/1941/13 2130/1947/13 2125/1942/13
f 2100/1917/13 2103/1920/13 2106/1923/13
f 2100/1917/13 2106/1923/13 2101/1918/13
f 2168/1985/13 2171/1988/13 2174/1991/13
f 2168/1985/13 2174/1991/13 2169/1986/13
f 2144/1961/13 2147/1964/13 2150/1967/15
f 2144/1961/13 2150/1967/15 2145/1962/13
f 2120/1937/15 2123/1940/13 2126/1943/13
f 2120/1937/15 2126/1943/13 2121/1938/13
f 2096/1913/13 2099/1916/13 2102/1919/13
f 2096/1913/13 2102/1919/13 2097/1914/13
f 2197/2014/13 2167/1984/13 2170/1987/15
f 2197/2014/13 2170/1987/15 2198/2015/13
f 2199/2016/13 2143/1960/13 2146/1963/15
f 2199/2016/13 2146/1963/15 2200/2017/13
f 2201/2018/13 2119/1936/13 2122/1939/13
f 2201/2018/13 2122/1939/13 2202/2019/13
f 2203/2020/13 2095/1912/15 2098/1915/13
f 2203/2020/13 2098/1915/13 2204/2021/13
f 2116/1933/13 2091/1908/13 2094/1911/13
f 2116/1933/13 2094/1911/13 2117/1934/13
f 2205/2022/13 2206/2023/13 2207/2024/13
f 2205/2022/13 2207/2024/13 2208/2025/13
f 2209/2026/13 2210/2027/13 2211/2028/15
f 2209/2026/13 2211/2028/15 2212/2029/13
f 2188/2005/13 2079/1896/13 2082/1899/15
f 2188/2005/13 2082/1899/15 2189/2006/15
f 2192/2009/13 2213/2030/13 2116/1933/13
f 2192/2009/13 2116/1933/13 2115/1932/13
f 2138/1955/13 2137/1954/13 2112/1929/15
f 2138/1955/13 2112/1929/15 2111/1928/15
f 2134/1951/13 2133/1950/13 2193/2010/13
f 2134/1951/13 2193/2010/13 2195/2012/13
f 2130/1947/13 2129/1946/13 2104/1921/13
f 2130/1947/13 2104/1921/13 2103/1920/13
f 2126/1943/13 2125/1942/13 2100/1917/13
f 2126/1943/13 2100/1917/13 2099/1916/13
f 2122/1939/13 2121/1938/13 2096/1913/13
f 2122/1939/13 2096/1913/13 2095/1912/15
f 2090/1907/13 2089/1906/13 2092/1909/13
f 2090/1907/13 2092/1909/13 2091/1908/13
f 2166/1983/15 2165/1982/13 2214/2031/13
f 2166/1983/15 2214/2031/13 2191/2008/13
f 2162/1979/15 2161/1978/13 2136/1953/13
f 2162/1979/15 2136/1953/13 2135/1952/13
f 2158/1975/13 2157/1974/13 2132/1949/13
f 2158/1975/13 2132/1949/13 2131/1948/13
f 2154/1971/15 2153/1970/13 2128/1945/13
f 2154/1971/15 2128/1945/13 2127/1944/13
f 2150/1967/15 2149/1966/13 2124/1941/13
f 2150/1967/15 2124/1941/13 2123/1940/13
f 2146/1963/15 2145/1962/13 2120/1937/15
f 2146/1963/15 2120/1937/15 2119/1936/13
f 2086/1903/15 2085/1902/15 2088/1905/13
f 2086/1903/15 2088/1905/13 2087/1904/13
f 2190/2007/13 2189/2006/15 2164/1981/13
f 2190/2007/13 2164/1981/13 2163/1980/13
f 2186/2003/15 2185/2002/13 2160/1977/13
f 2186/2003/15 2160/1977/13 2159/1976/13
f 2182/1999/13 2181/1998/13 2156/1973/15
f 2182/1999/13 2156/1973/15 2155/1972/15
f 2178/1995/13 2177/1994/13 2152/1969/13
f 2178/1995/13 2152/1969/13 2151/1968/13
f 2174/1991/13 2173/1990/13 2148/1965/13
f 2174/1991/13 2148/1965/13 2147/1964/13
f 2170/1987/15 2169/1986/13 2144/1961/13
f 2170/1987/15 2144/1961/13 2143/1960/13
f 2082/1899/15 2081/1898/15 2084/1901/13
f 2082/1899/15 2084/1901/13 2083/1900/13
f 2215/2032/13 2216/2033/13 2188/2005/13
f 2215/2032/13 2188/2005/13 2187/2004/13
f 2217/2034/13 2218/2035/13 2184/2001/13
f 2217/2034/13 2184/2001/13 2183/2000/13
f 2219/2036/13 2220/2037/13 2180/1997/15
f 2219/2036/13 2180/1997/15 2179/1996/13
f 2221/2038/13 2222/2039/15 2176/1993/13
f 2221/2038/13 2176/1993/13 2175/1992/13
f 2223/2040/13 2224/2041/15 2172/1989/13
f 2223/2040/13 2172/1989/13 2171/1988/13
f 2225/2042/13 2226/2043/13 2168/1985/13
f 2225/2042/13 2168/1985/13 2167/1984/13
f 2227/2044/15 2228/2045/15 2080/1897/13
f 2227/2044/15 2080/1897/13 2079/1896/13
f 2229/2046/13 2230/2047/15 2226/2043/13
f 2229/2046/13 2226/2043/13 2225/2042/13
f 2231/2048/15 2232/2049/13 2224/2041/15
f 2231/2048/15 2224/2041/15 2223/2040/13
f 2233/2050/15 2234/2051/13 2222/2039/15
f 2233/2050/15 2222/2039/15 2221/2038/13
f 2235/2052/13 2236/2053/13 2220/2037/13
f 2235/2052/13 2220/2037/13 2219/2036/13
f 2237/2054/13 2238/2055/13 2218/2035/13
f 2237/2054/13 2218/2035/13 2217/2034/13
f 2239/2056/13 2240/2057/13 2216/2033/13
f 2239/2056/13 2216/2033/13 2215/2032/13
f 2238/2055/13 2239/2056/13 2215/2032/13
f 2238/2055/13 2215/2032/13 2218/2035/13
f 2236/2053/13 2237/2054/13 2217/2034/13
f 2236/2053/13 2217/2034/13 2220/2037/13
f 2234/2051/13 2235/2052/13 2219/2036/13
f 2234/2051/13 2219/2036/13 2222/2039/15
f 2232/2049/13 2233/2050/15 2221/2038/13
f 2232/2049/13 2221/2038/13 2224/2041/15
f 2230/2047/15 2231/2048/15 2223/2040/13
f 2230/2047/15 2223/2040/13 2226/2043/13
f 2241/2058/13 2229/2046/13 2225/2042/13
f 2241/2058/13 2225/2042/13 2242/2059/13
f 2240/2057/13 2243/2060/13 2227/2044/13
f 2240/2057/13 2227/2044/13 2216/2033/13
f 2244/946/18 2245/2061/18 2246/2062/18
f 2244/946/18 2246/2062/18 2247/1326/18
f 2248/2063/12 2249/2064/12 1577/1443/12
f 2248/2063/12 1577/1443/12 1580/1446/12
f 2250/2065/18 2251/1565/18 2252/1564/18
f 2250/2065/18 2252/1564/18 2253/2066/18
f 1512/1395/12 1511/1394/12 2254/2067/12
f 1512/1395/12 2254/2067/12 2255/2068/12
f 2256/2069/18 2257/2070/18 2258/2071/18
f 2256/2069/18 2258/2071/18 2259/2072/18
f 2260/2073/18 2261/2074/18 2262/2075/18
f 2260/2073/18 2262/2075/18 2263/2076/18
f 2264/2077/18 2265/2078/18 2266/2079/18
f 2264/2077/18 2266/2079/18 2267/2080/18
f 1059/991/12 1058/990/14 1510/1393/12
f 1059/991/12 1510/1393/12 1509/1392/12
f 2268/2081/12 2269/2082/12 2270/2083/12
f 2268/2081/12 2270/2083/12 2271/2084/12
f 2272/2085/18 2273/2086/18 2274/2087/18
f 2272/2085/18 2274/2087/18 2275/2088/18
f 2276/2089/18 2277/2090/18 2278/2091/18
f 2276/2089/18 2278/2091/18 2279/2092/18
f 995/929/12 994/928/12 1057/989/12
f 995/929/12 1057/989/12 1056/988/12
f 2280/1018/18 2281/2093/18 2282/2094/18
f 2280/1018/18 2282/2094/18 2283/1019/18
f 2284/1005/18 2285/2095/18 2286/2096/18
f 2284/1005/18 2286/2096/18 2287/1558/18
f 2271/2084/12 2270/2083/12 993/927/12
f 2271/2084/12 993/927/12 992/926/12
f 2288/2097/18 2289/1327/18 2290/1326/18
f 2288/2097/18 2290/1326/18 2291/2062/18
f 2292/2098/18 2293/2099/18 2294/2100/18
f 2292/2098/18 2294/2100/18 2295/1333/18
f 1727/1572/12 1726/1571/12 2269/2082/12
f 1727/1572/12 2269/2082/12 2268/2081/12
f 2296/2101/19 2297/1357/19 2298/1356/19
f 2296/2101/19 2298/1356/19 2299/2102/19
f 2300/1527/18 2301/2103/18 2302/2104/18
f 2300/1527/18 2302/2104/18 2303/1391/18
f 2304/2105/12 2305/2106/12 2306/2107/12
f 2304/2105/12 2306/2107/12 2307/1438/12
f 1088/1020/12 1076/1008/12 1079/1011/12
f 1088/1020/12 1079/1011/12 1089/1021/12
f 2308/2108/19 2309/1466/19 2310/1465/19
f 2308/2108/19 2310/1465/19 2311/2109/19
f 2312/2110/18 2313/2111/18 2314/2112/18
f 2312/2110/18 2314/2112/18 2315/2113/18
f 2316/2114/12 2317/2115/12 2318/2116/12
f 2316/2114/12 2318/2116/12 2319/2117/12
f 2320/1357/19 2321/2101/19 2322/2118/19
f 2320/1357/19 2322/2118/19 2323/2119/19
f 2324/2120/18 2325/935/18 2326/1027/18
f 2324/2120/18 2326/1027/18 2327/2121/18
f 2328/1386/12 2329/1385/12 2330/1504/12
f 2328/1386/12 2330/1504/12 2331/1503/12
f 2332/1552/19 2333/2122/19 2334/2123/19
f 2332/1552/19 2334/2123/19 2335/2124/19
f 2336/2125/12 2337/2126/12 2338/1398/12
f 2336/2125/12 2338/1398/12 2339/1569/12
f 2340/2127/18 2341/2128/18 2342/2129/18
f 2340/2127/18 2342/2129/18 2343/2130/18
f 2344/2131/19 2345/2132/19 2346/2133/19
f 2344/2131/19 2346/2133/19 2347/2134/19
f 2255/2068/12 2254/2067/12 2249/2064/12
f 2255/2068/12 2249/2064/12 2248/2063/12
f 2348/2135/12 2349/2136/12 2350/2137/12
f 2348/2135/12 2350/2137/12 2351/2138/12
f 2352/1560/18 2353/1579/18 2354/1582/18
f 2352/1560/18 2354/1582/18 2355/1561/18
f 2356/2124/19 2357/2139/19 2358/2140/19
f 2356/2124/19 2358/2140/19 2359/1552/19
f 2360/1336/12 2361/1339/12 2362/2141/12
f 2360/1336/12 2362/2141/12 2363/2142/12
f 2364/2143/18 2365/2144/18 2366/2145/18
f 2364/2143/18 2366/2145/18 2367/2146/18
f 2368/1379/19 2369/2147/19 2370/2148/19
f 2368/1379/19 2370/2148/19 2371/1380/19
f 2372/2149/16 2373/2150/16 2374/2151/16
f 2372/2149/16 2374/2151/16 2375/2152/16
f 2376/2153/16 2377/2154/16 2378/2155/16
f 2376/2153/16 2378/2155/16 2379/2156/16
f 2380/2157/17 2381/2158/17 2382/2159/17
f 2380/2157/17 2382/2159/17 2383/2160/17
f 1091/1023/18 2260/2073/18 2263/2076/18
f 1091/1023/18 2263/2076/18 1092/1024/19
f 2384/2161/20 2385/2162/20 2386/2163/20
f 2384/2161/20 2386/2163/20 2387/2164/20
f 2388/2165/20 2389/2166/20 2390/2167/20
f 2388/2165/20 2390/2167/20 2391/1203/20
f 2392/2168/16 2393/2169/16 2394/2170/16
f 2392/2168/16 2394/2170/16 2395/2171/16
f 2396/2172/17 2397/2173/17 2398/2174/16
f 2396/2172/17 2398/2174/16 2399/2175/16
f 2400/2176/22 2401/2177/22 2402/2178/22
f 2400/2176/22 2402/2178/22 2403/2179/22
f 2404/2180/13 2405/2181/13 2406/2182/13
f 2404/2180/13 2406/2182/13 2407/2183/13
f 2408/2184/12 2409/2185/12 2410/2186/12
f 2408/2184/12 2410/2186/12 2411/2187/12
f 2412/2188/20 2413/2189/20 2414/2190/20
f 2412/2188/20 2414/2190/20 2415/2191/20
f 2416/2192/18 2417/2193/18 2418/2194/18
f 2416/2192/18 2418/2194/18 2419/2195/18
f 2420/2196/16 2421/2197/16 2422/2198/16
f 2420/2196/16 2422/2198/16 2423/2199/16
f 2424/2200/22 2425/2201/22 2426/2202/22
f 2424/2200/22 2426/2202/22 2427/2203/22
f 2428/2204/13 2429/2205/13 2430/2206/13
f 2428/2204/13 2430/2206/13 2431/2207/13
f 2432/2208/12 2433/2209/12 2434/2210/12
f 2432/2208/12 2434/2210/12 2435/2211/12
f 2436/2212/20 2437/2213/20 2438/2214/20
f 2436/2212/20 2438/2214/20 2439/2215/20
f 2440/2216/18 2441/2217/18 2442/2218/18
f 2440/2216/18 2442/2218/18 2443/2219/18
f 2444/2220/16 2445/2221/16 2446/2222/16
f 2444/2220/16 2446/2222/16 2447/2223/16
f 2448/2224/22 2449/2225/22 2450/2226/22
f 2448/2224/22 2450/2226/22 2451/2227/22
f 2452/2228/13 2453/2229/13 2454/2230/13
f 2452/2228/13 2454/2230/13 2455/2231/13
f 2456/2232/12 2457/2233/12 2458/2234/12
f 2456/2232/12 2458/2234/12 2459/2235/12
f 2460/2236/20 2461/2237/20 2462/2238/20
f 2460/2236/20 2462/2238/20 2463/2239/20
f 2464/2240/18 2465/2241/18 2466/2242/18
f 2464/2240/18 2466/2242/18 2467/2243/18
f 2468/2244/16 2469/2245/16 2470/2246/16
f 2468/2244/16 2470/2246/16 2471/2247/16
f 2472/2248/22 2473/2249/22 2474/2250/22
f 2472/2248/22 2474/2250/22 2475/2251/22
f 2476/2252/13 2477/2253/13 2478/2254/13
f 2476/2252/13 2478/2254/13 2479/2255/13
f 2480/2256/12 2481/2257/12 2482/2258/12
f 2480/2256/12 2482/2258/12 2483/2259/12
f 2484/2260/20 2485/2261/20 2486/2262/20
f 2484/2260/20 2486/2262/20 2487/2263/20
f 2488/2264/18 2489/2265/18 2490/2266/18
f 2488/2264/18 2490/2266/18 2491/2267/18
f 2492/2268/16 2493/2269/16 2494/2199/16
f 2492/2268/16 2494/2199/16 2495/2198/16
f 2496/2270/22 2497/2271/22 2498/2272/22
f 2496/2270/22 2498/2272/22 2499/2273/22
f 2500/2274/13 2501/2275/13 2502/2276/13
f 2500/2274/13 2502/2276/13 2503/2277/13
f 2504/2278/12 2505/2279/12 2506/2280/12
f 2504/2278/12 2506/2280/12 2507/2281/12
f 2508/2282/20 2509/2283/20 2510/2284/20
f 2508/2282/20 2510/2284/20 2511/2285/20
f 2512/2286/18 2513/2287/18 2514/2288/18
f 2512/2286/18 2514/2288/18 2515/2289/18
f 2516/2290/16 2517/2291/16 2518/2292/16
f 2516/2290/16 2518/2292/16 2519/2293/16
f 2520/2294/22 2521/2295/22 2522/2296/22
f 2520/2294/22 2522/2296/22 2523/2297/22
f 2524/2298/13 2525/2299/13 2526/2300/13
f 2524/2298/13 2526/2300/13 2527/2301/13
f 2528/2302/12 2529/2303/12 2530/2304/12
f 2528/2302/12 2530/2304/12 2531/2305/12
f 2532/2306/20 2533/2307/20 2534/2308/20
f 2532/2306/20 2534/2308/20 2535/2309/20
f 2536/2310/18 2537/2311/18 2538/2312/18
f 2536/2310/18 2538/2312/18 2539/2313/18
f 2540/2314/16 2541/2315/16 2542/2316/16
f 2540/2314/16 2542/2316/16 2543/2317/16
f 2544/2318/22 2545/2319/22 2546/2320/22
f 2544/2318/22 2546/2320/22 2547/2321/22
f 2548/2322/13 2549/2323/13 2550/2324/13
f 2548/2322/13 2550/2324/13 2551/2325/13
f 2552/2326/12 2553/2327/12 2554/2328/12
f 2552/2326/12 2554/2328/12 2555/2329/12
f 2556/2330/20 2557/2331/20 2558/2332/20
f 2556/2330/20 2558/2332/20 2559/2333/20
f 2560/2334/18 2561/2335/18 2562/2289/18
f 2560/2334/18 2562/2289/18 2563/2288/18
f 2564/2336/16 2565/2337/16 2566/2338/16
f 2564/2336/16 2566/2338/16 2567/2339/16
f 2568/2340/22 2569/2341/22 2570/2342/22
f 2568/2340/22 2570/2342/22 2571/2343/22
f 2572/2344/13 2573/2345/13 2574/2346/13
f 2572/2344/13 2574/2346/13 2575/2347/13
f 2576/2348/12 2577/2349/12 2578/2350/12
f 2576/2348/12 2578/2350/12 2579/2351/12
f 2580/2352/20 2581/2353/20 2582/2354/20
f 2580/2352/20 2582/2354/20 2583/2355/20
f 2584/2356/18 2585/2357/18 2586/2358/18
f 2584/2356/18 2586/2358/18 2587/2359/18
f 2588/2360/16 2589/2361/16 2590/2362/16
f 2588/2360/16 2590/2362/16 2591/2363/16
f 2592/2364/22 2593/2365/22 2594/2366/22
f 2592/2364/22 2594/2366/22 2595/2367/22
f 2596/2368/13 2597/2369/13 2598/2370/13
f 2596/2368/13 2598/2370/13 2599/2371/13
f 2600/2372/12 2601/2373/12 2602/2374/12
f 2600/2372/12 2602/2374/12 2603/2375/12
f 2604/2376/20 2605/2377/20 2606/2378/20
f 2604/2376/20 2606/2378/20 2607/2379/20
f 2608/2380/19 2609/2381/19 2610/2382/19
f 2608/2380/19 2610/2382/19 2611/2383/19
f 2612/2384/17 2613/2385/17 2614/2386/17
f 2612/2384/17 2614/2386/17 2615/2387/17
f 2616/2388/22 2617/2389/22 2618/2390/22
f 2616/2388/22 2618/2390/22 2619/2391/22
f 2620/2392/13 2621/2393/13 2622/2394/13
f 2620/2392/13 2622/2394/13 2623/2395/13
f 2624/2396/12 2625/2397/12 2626/2398/12
f 2624/2396/12 2626/2398/12 2627/2399/12
f 2628/2400/20 2629/2401/20 2630/2402/20
f 2628/2400/20 2630/2402/20 2631/2403/20
f 2632/2404/18 2633/2405/18 2634/2389/18
f 2632/2404/18 2634/2389/18 2635/2388/18
f 2636/2406/16 2637/2407/16 2638/2408/16
f 2636/2406/16 2638/2408/16 2639/2409/16
f 2640/2410/22 2641/2411/22 2642/2412/22
f 2640/2410/22 2642/2412/22 2643/2413/22
f 2644/2414/13 2645/2415/13 2646/2416/13
f 2644/2414/13 2646/2416/13 2647/2417/13
f 2648/2418/12 2649/2419/12 2650/2420/12
f 2648/2418/12 2650/2420/12 2651/2421/12
f 2652/2422/20 2653/2423/20 2654/2424/20
f 2652/2422/20 2654/2424/20 2655/2425/20
f 2656/2426/19 2657/2427/19 2658/2428/19
f 2656/2426/19 2658/2428/19 2659/2429/19
f 2660/2430/17 2661/2431/17 2662/2432/17
f 2660/2430/17 2662/2432/17 2663/2433/17
f 2664/2434/22 2665/2435/22 2666/2436/22
f 2664/2434/22 2666/2436/22 2667/2437/22
f 2668/2438/13 2669/2439/13 2670/2440/13
f 2668/2438/13 2670/2440/13 2671/2441/13
f 2672/2442/12 2673/2443/12 2674/2444/12
f 2672/2442/12 2674/2444/12 2675/2445/12
f 2676/2446/20 2677/2447/20 2678/2448/20
f 2676/2446/20 2678/2448/20 2679/2449/20
f 2680/2450/18 2681/2451/18 2682/2452/18
f 2680/2450/18 2682/2452/18 2683/2453/18
f 2684/2454/16 2685/2455/16 2686/2456/16
f 2684/2454/16 2686/2456/16 2687/2457/16
f 2688/2458/22 2689/2459/22 2690/2460/22
f 2688/2458/22 2690/2460/22 2691/2461/22
f 2692/2462/13 2693/2463/13 2694/2464/13
f 2692/2462/13 2694/2464/13 2695/2465/13
f 2696/2466/12 2697/2467/12 2698/2468/12
f 2696/2466/12 2698/2468/12 2699/2469/12
f 2700/2470/20 2701/2471/20 2702/2472/20
f 2700/2470/20 2702/2472/20 2703/2473/20
f 2704/2474/18 2705/2475/18 2706/2476/18
f 2704/2474/18 2706/2476/18 2707/2477/18
f 2708/2478/16 2709/2479/16 2710/2480/16
f 2708/2478/16 2710/2480/16 2711/2481/16
f 2712/2482/22 2713/2483/22 2714/2484/22
f 2712/2482/22 2714/2484/22 2715/2485/22
f 2716/2486/13 2717/2487/13 2718/2465/13
f 2716/2486/13 2718/2465/13 2719/2464/13
f 2720/2488/12 2721/2489/12 2722/2490/12
f 2720/2488/12 2722/2490/12 2723/2491/12
f 2724/2492/20 2725/2493/20 2726/2494/20
f 2724/2492/20 2726/2494/20 2727/2495/20
f 2728/2496/18 2729/2497/18 2730/2498/18
f 2728/2496/18 2730/2498/18 2731/2499/18
f 2732/2500/16 2733/2501/16 2734/2502/16
f 2732/2500/16 2734/2502/16 2735/2503/16
f 2736/2504/22 2737/2505/22 2738/2506/22
f 2736/2504/22 2738/2506/22 2739/2507/22
f 2740/2508/13 2741/2509/13 2742/2510/13
f 2740/2508/13 2742/2510/13 2743/2511/13
f 2744/2512/12 2745/2513/12 2746/2514/12
f 2744/2512/12 2746/2514/12 2747/2515/12
f 2748/2516/20 2749/2517/20 2750/2518/20
f 2748/2516/20 2750/2518/20 2751/2519/20
f 2752/2520/18 2753/2521/18 2754/2522/18
f 2752/2520/18 2754/2522/18 2755/2523/18
f 2756/2524/16 2757/2525/16 2758/2526/16
f 2756/2524/16 2758/2526/16 2759/2527/16
f 2760/2528/22 2761/2529/22 2762/2530/22
f 2760/2528/22 2762/2530/22 2763/2531/22
f 2764/2532/13 2765/2533/13 2766/2534/13
f 2764/2532/13 2766/2534/13 2767/2535/13
f 2768/2536/12 2769/2537/12 2770/2538/12
f 2768/2536/12 2770/2538/12 2771/2539/12
f 2772/2540/20 2773/2541/20 2774/2542/20
f 2772/2540/20 2774/2542/20 2775/2543/20
f 2776/2544/18 2777/2545/18 2778/2546/18
f 2776/2544/18 2778/2546/18 2779/2547/18
f 2780/2548/16 2781/2549/16 2782/2550/16
f 2780/2548/16 2782/2550/16 2783/2551/16
f 2784/2552/22 2785/2553/22 2786/2554/22
f 2784/2552/22 2786/2554/22 2787/2555/22
f 2788/2556/13 2789/2557/13 2790/2558/13
f 2788/2556/13 2790/2558/13 2791/2559/13
f 2792/2179/12 2793/2504/12 2794/2507/12
f 2792/2179/12 2794/2507/12 2795/2176/12
f 2796/2560/20 2797/2561/20 2798/2562/20
f 2796/2560/20 2798/2562/20 2799/2563/20
f 2800/2564/18 2801/2565/18 2802/2566/18
f 2800/2564/18 2802/2566/18 2803/2567/18
f 2804/2568/16 2805/2569/16 2806/2570/16
f 2804/2568/16 2806/2570/16 2807/2571/16
f 2808/2572/22 2809/2573/22 2810/2574/22
f 2808/2572/22 2810/2574/22 2811/2575/22
f 2812/2576/13 2813/2577/13 2814/2578/13
f 2812/2576/13 2814/2578/13 2815/2579/13
f 2816/2580/12 2817/2581/12 2818/2582/12
f 2816/2580/12 2818/2582/12 2819/2583/12
f 2820/2584/20 2821/2585/20 2822/2586/20
f 2820/2584/20 2822/2586/20 2823/2587/20
f 2824/2588/19 2825/2589/19 2826/2590/19
f 2824/2588/19 2826/2590/19 2827/2591/19
f 2828/2592/17 2829/2593/17 2830/2594/17
f 2828/2592/17 2830/2594/17 2831/2595/17
f 2832/2581/22 2833/2596/22 2834/2597/22
f 2832/2581/22 2834/2597/22 2835/2582/22
f 2836/2598/13 2837/2599/13 2838/2600/13
f 2836/2598/13 2838/2600/13 2839/2601/13
f 2840/2602/12 2841/2603/12 2842/2604/12
f 2840/2602/12 2842/2604/12 2843/2605/12
f 2844/2606/20 2845/2607/20 2846/2608/20
f 2844/2606/20 2846/2608/20 2847/2609/20
f 2848/2610/19 2849/2611/19 2850/2612/19
f 2848/2610/19 2850/2612/19 2851/2613/19
f 2852/2614/17 2853/2615/17 2854/2616/17
f 2852/2614/17 2854/2616/17 2855/2617/17
f 2856/2618/22 2857/2619/22 2858/2620/22
f 2856/2618/22 2858/2620/22 2859/2621/22
f 2860/2622/13 2861/2623/13 2862/2624/13
f 2860/2622/13 2862/2624/13 2863/2625/13
f 2864/2626/12 2865/2627/12 2866/2628/12
f 2864/2626/12 2866/2628/12 2867/2629/12
f 2868/2630/20 2869/2631/20 2870/2632/20
f 2868/2630/20 2870/2632/20 2871/2633/20
f 2872/2634/18 2873/2635/18 2874/2636/18
f 2872/2634/18 2874/2636/18 2875/2637/18
f 2876/2638/16 2877/2639/16 2878/2640/16
f 2876/2638/16 2878/2640/16 2879/2641/16
f 2880/2642/22 2881/2643/22 2882/2644/22
f 2880/2642/22 2882/2644/22 2883/2645/22
f 2884/2646/13 2885/2647/13 2886/2648/13
f 2884/2646/13 2886/2648/13 2887/2649/13
f 2888/2650/12 2889/2651/12 2890/2652/12
f 2888/2650/12 2890/2652/12 2891/2653/12
f 2892/2654/20 2893/2655/20 2894/2656/20
f 2892/2654/20 2894/2656/20 2895/2657/20
f 2896/2658/18 2897/2659/18 2898/2660/18
f 2896/2658/18 2898/2660/18 2899/2661/18
f 2900/2662/16 2901/2663/16 2902/2664/16
f 2900/2662/16 2902/2664/16 2903/2665/16
f 2904/2666/22 2905/2667/22 2906/2668/22
f 2904/2666/22 2906/2668/22 2907/2669/22
f 2908/2670/13 2909/2671/13 2910/2672/13
f 2908/2670/13 2910/2672/13 2911/2673/13
f 2912/2367/12 2913/2366/12 2914/2674/12
f 2912/2367/12 2914/2674/12 2915/2675/12
f 2916/2676/20 2917/2677/20 2918/2678/20
f 2916/2676/20 2918/2678/20 2919/2679/20
f 2920/2680/18 2921/2681/18 2922/2682/18
f 2920/2680/18 2922/2682/18 2923/2683/18
f 2924/2684/16 2925/2685/16 2926/2686/16
f 2924/2684/16 2926/2686/16 2927/2687/16
f 2928/2688/22 2929/2689/22 2930/2690/22
f 2928/2688/22 2930/2690/22 2931/2691/22
f 2932/2692/13 2933/2693/13 2934/2694/13
f 2932/2692/13 2934/2694/13 2935/2695/13
f 2936/2696/12 2937/2697/12 2938/2698/12
f 2936/2696/12 2938/2698/12 2939/2699/12
f 2940/2700/20 2941/2701/20 2942/2692/20
f 2940/2700/20 2942/2692/20 2943/2702/20
f 2944/2703/19 2945/2704/19 2946/2705/19
f 2944/2703/19 2946/2705/19 2947/2706/19
f 2948/2707/17 2949/2708/17 2950/2706/17
f 2948/2707/17 2950/2706/17 2951/2705/17
f 2952/2709/22 2953/2710/22 2954/2711/22
f 2952/2709/22 2954/2711/22 2955/2712/22
f 2956/2713/13 2957/2714/13 2958/2715/13
f 2956/2713/13 2958/2715/13 2959/2716/13
f 2960/2717/12 2961/2718/12 2962/2719/12
f 2960/2717/12 2962/2719/12 2963/2720/12
f 2964/2721/20 2965/2722/20 2966/2723/20
f 2964/2721/20 2966/2723/20 2967/2724/20
f 2968/2725/19 2969/2726/19 2970/2727/19
f 2968/2725/19 2970/2727/19 2971/2728/19
f 2972/2729/17 2973/2730/17 2974/2731/17
f 2972/2729/17 2974/2731/17 2975/2732/17
f 2976/2733/22 2977/2734/22 2978/2735/22
f 2976/2733/22 2978/2735/22 2979/2736/22
f 2980/2737/13 2981/2738/13 2982/2739/13
f 2980/2737/13 2982/2739/13 2983/2740/13
f 2984/2741/12 2985/2742/12 2986/2743/12
f 2984/2741/12 2986/2743/12 2987/2744/12
f 2988/2745/20 2989/2746/20 2990/2747/20
f 2988/2745/20 2990/2747/20 2991/2748/20
f 2992/2749/18 2993/2750/18 2994/2751/18
f 2992/2749/18 2994/2751/18 2995/2752/18
f 2996/2753/16 2997/2754/16 2998/2755/16
f 2996/2753/16 2998/2755/16 2999/2756/16
f 3000/2757/22 3001/2758/22 3002/2759/22
f 3000/2757/22 3002/2759/22 3003/2760/22
f 3004/2761/13 3005/2762/13 3006/2763/13
f 3004/2761/13 3006/2763/13 3007/2764/13
f 3008/2765/12 3009/2766/12 3010/2767/12
f 3008/2765/12 3010/2767/12 3011/2768/12
f 3012/2769/20 3013/2770/20 3014/2771/20
f 3012/2769/20 3014/2771/20 3015/2772/20
f 3016/2773/18 3017/2774/18 3018/2775/18
f 3016/2773/18 3018/2775/18 3019/2776/18
f 3020/2777/16 3021/2778/16 3022/2779/16
f 3020/2777/16 3022/2779/16 3023/2780/16
f 3024/2781/22 3025/2782/22 3026/2783/22
f 3024/2781/22 3026/2783/22 3027/2784/22
f 3028/2785/13 3029/2786/13 3030/2787/13
f 3028/2785/13 3030/2787/13 3031/2788/13
f 3032/2789/12 3033/2790/12 3034/2791/12
f 3032/2789/12 3034/2791/12 3035/2792/12
f 3036/2793/20 3037/2794/20 3038/2795/20
f 3036/2793/20 3038/2795/20 3039/2796/20
f 3040/2797/18 3041/2798/18 3042/2799/18
f 3040/2797/18 3042/2799/18 3043/2800/18
f 3044/2801/16 3045/2802/16 3046/2803/16
f 3044/2801/16 3046/2803/16 3047/2804/16
f 3048/2805/22 3049/2806/22 3050/2807/22
f 3048/2805/22 3050/2807/22 3051/2808/22
f 3052/2809/13 3053/2810/13 3054/2811/13
f 3052/2809/13 3054/2811/13 3055/2812/13
f 3056/2813/12 3057/2814/12 3058/2815/12
f 3056/2813/12 3058/2815/12 3059/2816/12
f 3060/2817/20 3061/2818/20 3062/2819/20
f 3060/2817/20 3062/2819/20 3063/2820/20
f 3064/2821/18 3065/2822/18 3066/2823/18
f 3064/2821/18 3066/2823/18 3067/2824/18
f 3068/2245/16 3069/2244/16 3070/2825/16
f 3068/2245/16 3070/2825/16 3071/2826/16
f 3072/2827/22 3073/2828/22 3074/2829/22
f 3072/2827/22 3074/2829/22 3075/2830/22
f 3076/2831/13 3077/2832/13 3078/2833/13
f 3076/2831/13 3078/2833/13 3079/2834/13
f 3080/2835/12 3081/2836/12 3082/2813/12
f 3080/2835/12 3082/2813/12 3083/2837/12
f 3084/2838/20 3085/2839/20 3086/2840/20
f 3084/2838/20 3086/2840/20 3087/2841/20
f 3088/2842/18 3089/2843/18 3090/2844/18
f 3088/2842/18 3090/2844/18 3091/2845/18
f 3092/2846/16 3093/2847/16 3094/2848/16
f 3092/2846/16 3094/2848/16 3095/2849/16
f 3096/2850/22 3097/2460/22 3098/2459/22
f 3096/2850/22 3098/2459/22 3099/2851/22
f 3100/2852/13 3101/2853/13 3102/2854/13
f 3100/2852/13 3102/2854/13 3103/2855/13
f 3104/2489/12 3105/2856/12 3106/2857/12
f 3104/2489/12 3106/2857/12 3107/2490/12
f 3108/2858/20 3109/2859/20 3110/2860/20
f 3108/2858/20 3110/2860/20 3111/2861/20
f 3112/2862/19 3113/2863/19 3114/2864/19
f 3112/2862/19 3114/2864/19 3115/2865/19
f 3116/2866/17 3117/2198/17 3118/2197/17
f 3116/2866/17 3118/2197/17 3119/2867/17
f 3120/2868/22 3121/2869/22 3122/2870/22
f 3120/2868/22 3122/2870/22 3123/2871/22
f 3124/2872/16 3125/2873/16 3126/2874/16
f 3124/2872/16 3126/2874/16 3127/2875/16
f 3128/2876/12 3129/2877/12 3130/2878/12
f 3128/2876/12 3130/2878/12 3131/2879/12
f 3132/2880/18 3133/2881/18 3134/2882/18
f 3132/2880/18 3134/2882/18 3135/2883/18
f 3136/2884/13 3137/2885/13 3138/2886/13
f 3136/2884/13 3138/2886/13 3139/2887/13
f 3140/2888/20 3141/2889/20 3142/2890/20
f 3140/2888/20 3142/2890/20 3143/2891/20
f 3144/2892/22 3145/2893/22 3146/2894/22
f 3144/2892/22 3146/2894/22 3147/2895/22
f 3148/2896/16 3149/2897/16 3150/2898/16
f 3148/2896/16 3150/2898/16 3151/2899/16
f 3152/2900/12 3153/2901/12 3154/2902/12
f 3152/2900/12 3154/2902/12 3155/2903/12
f 3156/2473/18 3157/2472/18 3158/2904/18
f 3156/2473/18 3158/2904/18 3159/2905/18
f 3160/2906/13 3161/2907/13 3162/2908/13
f 3160/2906/13 3162/2908/13 3163/2909/13
f 3164/2910/20 3165/2911/20 3166/2912/20
f 3164/2910/20 3166/2912/20 3167/2913/20
f 3168/2914/22 3169/2915/22 3170/2916/22
f 3168/2914/22 3170/2916/22 3171/2917/22
f 3172/2918/16 3173/2919/16 3174/2920/16
f 3172/2918/16 3174/2920/16 3175/2921/16
f 3176/2922/12 3177/2923/12 3178/2924/12
f 3176/2922/12 3178/2924/12 3179/2925/12
f 3180/2926/18 3181/2927/18 3182/2928/18
f 3180/2926/18 3182/2928/18 3183/2929/18
f 3184/2930/15 3185/2931/15 3186/2932/15
f 3184/2930/15 3186/2932/15 3187/2933/15
f 3188/2934/21 3189/2935/21 3190/2936/21
f 3188/2934/21 3190/2936/21 3191/2937/21
f 3192/2938/22 3193/2939/22 3194/2940/22
f 3192/2938/22 3194/2940/22 3195/2941/22
f 3196/2942/16 3197/2943/16 3198/2944/16
f 3196/2942/16 3198/2944/16 3199/2945/16
f 3200/2946/12 3201/2947/12 3202/2948/12
f 3200/2946/12 3202/2948/12 3203/2949/12
f 3204/2950/18 3205/2951/18 3206/2952/18
f 3204/2950/18 3206/2952/18 3207/2953/18
f 3208/2954/15 3209/2955/15 3210/2956/15
f 3208/2954/15 3210/2956/15 3211/2957/15
f 3212/2958/21 3213/2959/21 3214/2960/21
f 3212/2958/21 3214/2960/21 3215/2961/21
f 3216/2962/22 3217/2963/22 3218/2964/22
f 3216/2962/22 3218/2964/22 3219/2965/22
f 3220/2966/13 3221/2967/13 3222/2968/13
f 3220/2966/13 3222/2968/13 3223/2969/13
f 3224/2970/12 3225/2971/12 3226/2972/12
f 3224/2970/12 3226/2972/12 3227/2973/12
f 3228/2724/20 3229/2723/20 3230/2974/20
f 3228/2724/20 3230/2974/20 3231/2975/20
f 3232/2976/18 3233/2977/18 3234/2978/18
f 3232/2976/18 3234/2978/18 3235/2979/18
f 3236/2980/16 3237/2981/16 3238/2982/16
f 3236/2980/16 3238/2982/16 3239/2983/16
f 3240/2984/22 3241/2985/22 3242/2986/22
f 3240/2984/22 3242/2986/22 3243/2987/22
f 3244/2988/13 3245/2989/13 3246/2990/13
f 3244/2988/13 3246/2990/13 3247/2991/13
f 3248/2992/12 3249/2993/12 3250/2994/12
f 3248/2992/12 3250/2994/12 3251/2995/12
f 3252/2996/20 3253/2997/20 3254/2998/20
f 3252/2996/20 3254/2998/20 3255/2999/20
f 3256/3000/18 3257/3001/18 3258/3002/18
f 3256/3000/18 3258/3002/18 3259/3003/18
f 3260/3004/16 3261/3005/16 3262/3006/16
f 3260/3004/16 3262/3006/16 3263/3007/16
f 3264/3008/22 3265/3009/22 3266/3010/22
f 3264/3008/22 3266/3010/22 3267/3011/22
f 3268/3012/13 3269/3013/13 3270/2714/13
f 3268/3012/13 3270/2714/13 3271/2713/13
f 3272/3014/12 3273/3015/12 3274/3016/12
f 3272/3014/12 3274/3016/12 3275/3017/12
f 3276/3018/20 3277/3019/20 3278/3020/20
f 3276/3018/20 3278/3020/20 3279/3021/20
f 3280/2732/18 3281/2731/18 3282/3022/18
f 3280/2732/18 3282/3022/18 3283/3023/18
f 3284/3024/16 3285/3025/16 3286/3026/16
f 3284/3024/16 3286/3026/16 3287/3027/16
f 3288/3028/22 3289/3029/22 3290/3030/22
f 3288/3028/22 3290/3030/22 3291/3031/22
f 3292/3032/15 3293/3033/15 3294/3034/15
f 3292/3032/15 3294/3034/15 3295/3035/15
f 3296/3036/12 3297/3037/12 3298/3038/12
f 3296/3036/12 3298/3038/12 3299/3039/12
f 3300/3040/21 3301/3041/21 3302/3042/21
f 3300/3040/21 3302/3042/21 3303/3043/21
f 3304/3044/18 3305/3045/18 3306/3046/18
f 3304/3044/18 3306/3046/18 3307/3047/18
f 3308/3048/16 3309/3049/16 3310/3050/16
f 3308/3048/16 3310/3050/16 3311/3051/16
f 3312/3052/22 3313/3053/22 3314/3054/22
f 3312/3052/22 3314/3054/22 3315/3055/22
f 3316/3056/15 3317/3057/15 3318/3058/15
f 3316/3056/15 3318/3058/15 3319/3059/15
f 3320/3060/12 3321/3061/12 3322/3062/12
f 3320/3060/12 3322/3062/12 3323/3063/12
f 3324/3064/21 3325/2966/21 3326/2969/21
f 3324/3064/21 3326/2969/21 3327/3065/21
f 3328/3066/19 3329/3067/19 3330/3068/19
f 3328/3066/19 3330/3068/19 3331/3069/19
f 3332/3070/17 3333/3071/17 3334/3072/17
f 3332/3070/17 3334/3072/17 3335/3073/17
f 3336/3074/22 3337/3075/22 3338/3076/22
f 3336/3074/22 3338/3076/22 3339/3077/22
f 3340/3078/15 3341/3079/15 3342/3080/15
f 3340/3078/15 3342/3080/15 3343/3081/15
f 3344/3082/12 3345/3076/12 3346/3075/12
f 3344/3082/12 3346/3075/12 3347/3083/12
f 3348/3084/21 3349/3085/21 3350/3059/21
f 3348/3084/21 3350/3059/21 3351/3058/21
f 3352/3086/18 3353/3087/18 3354/3088/18
f 3352/3086/18 3354/3088/18 3355/3089/18
f 3356/3090/16 3357/3091/16 3358/3092/16
f 3356/3090/16 3358/3092/16 3359/3093/16
f 3360/3094/22 3361/3095/22 3362/3096/22
f 3360/3094/22 3362/3096/22 3363/3097/22
f 3364/3098/15 3365/3099/15 3366/3100/15
f 3364/3098/15 3366/3100/15 3367/3101/15
f 3368/3102/12 3369/3103/12 3370/3104/12
f 3368/3102/12 3370/3104/12 3371/3105/12
f 3372/3106/21 3373/3107/21 3374/3108/21
f 3372/3106/21 3374/3108/21 3375/3109/21
f 3376/3110/18 3377/3111/18 3378/3112/18
f 3376/3110/18 3378/3112/18 3379/3113/18
f 3380/3114/16 3381/3115/16 3382/3116/16
f 3380/3114/16 3382/3116/16 3383/3117/16
f 3384/3118/22 3385/3119/22 3386/3120/22
f 3384/3118/22 3386/3120/22 3387/3121/22
f 3388/3122/15 3389/3123/15 3390/3124/15
f 3388/3122/15 3390/3124/15 3391/3125/15
f 3392/3126/12 3393/3127/12 3394/3128/12
f 3392/3126/12 3394/3128/12 3395/3129/12
f 3396/3130/21 3397/3131/21 3398/3132/21
f 3396/3130/21 3398/3132/21 3399/3133/21
f 3400/3134/19 3401/3135/19 3402/3136/19
f 3400/3134/19 3402/3136/19 3403/3137/19
f 3404/3138/17 3405/3139/17 3406/3140/17
f 3404/3138/17 3406/3140/17 3407/3141/17
f 3408/3142/22 3409/3143/22 3410/3144/22
f 3408/3142/22 3410/3144/22 3411/3145/22
f 3412/3146/13 3413/3147/13 3414/3148/13
f 3412/3146/13 3414/3148/13 3415/3149/13
f 3416/3150/12 3417/3151/12 3418/3152/12
f 3416/3150/12 3418/3152/12 3419/3153/12
f 3420/3154/20 3421/3155/20 3422/3156/20
f 3420/3154/20 3422/3156/20 3423/3157/20
f 3424/3158/18 3425/3159/18 3426/3160/18
f 3424/3158/18 3426/3160/18 3427/3161/18
f 3428/3162/16 3429/3163/16 3430/3164/16
f 3428/3162/16 3430/3164/16 3431/3165/16
f 3432/3166/22 3433/3167/22 3434/3168/22
f 3432/3166/22 3434/3168/22 3435/3169/22
f 3436/3170/13 3437/3171/13 3438/3172/13
f 3436/3170/13 3438/3172/13 3439/3173/13
f 3440/3174/12 3441/3175/12 3442/3176/12
f 3440/3174/12 3442/3176/12 3443/3177/12
f 3444/3178/20 3445/3179/20 3446/3155/20
f 3444/3178/20 3446/3155/20 3447/3154/20
f 3448/3180/18 3449/3181/18 3450/3182/18
f 3448/3180/18 3450/3182/18 3451/3183/18
f 3452/3184/16 3453/3185/16 3454/3186/16
f 3452/3184/16 3454/3186/16 3455/3187/16
f 3456/3188/22 3457/3189/22 3458/3190/22
f 3456/3188/22 3458/3190/22 3459/3191/22
f 3460/3192/13 3461/3193/13 3462/3194/13
f 3460/3192/13 3462/3194/13 3463/3195/13
f 3464/3196/12 3465/3197/12 3466/3198/12
f 3464/3196/12 3466/3198/12 3467/3199/12
f 3468/3200/20 3469/3201/20 3470/3202/20
f 3468/3200/20 3470/3202/20 3471/3203/20
f 3472/3204/18 3473/3205/18 3474/3206/18
f 3472/3204/18 3474/3206/18 3475/3207/18
f 3476/3208/16 3477/3209/16 3478/3210/16
f 3476/3208/16 3478/3210/16 3479/3211/16
f 3480/3212/22 3481/3188/22 3482/3191/22
f 3480/3212/22 3482/3191/22 3483/3213/22
f 3484/3214/13 3485/3215/13 3486/3216/13
f 3484/3214/13 3486/3216/13 3487/3217/13
f 3488/3218/12 3489/3219/12 3490/3220/12
f 3488/3218/12 3490/3220/12 3491/3221/12
f 3492/3222/20 3493/3223/20 3494/3224/20
f 3492/3222/20 3494/3224/20 3495/3225/20
f 3496/3226/18 3497/3227/18 3498/3228/18
f 3496/3226/18 3498/3228/18 3499/3229/18
f 3500/3230/16 3501/3231/16 3502/3232/16
f 3500/3230/16 3502/3232/16 3503/3233/16
f 3504/3234/22 3505/3235/22 3506/3236/22
f 3504/3234/22 3506/3236/22 3507/3237/22
f 3508/3238/13 3509/3239/13 3510/2648/13
f 3508/3238/13 3510/2648/13 3511/3240/13
f 3512/3241/12 3513/3242/12 3514/3243/12
f 3512/3241/12 3514/3243/12 3515/3244/12
f 3516/3245/20 3517/3246/20 3518/3247/20
f 3516/3245/20 3518/3247/20 3519/3248/20
f 3520/3249/18 3521/3250/18 3522/3251/18
f 3520/3249/18 3522/3251/18 3523/3252/18
f 3524/2660/16 3525/3253/16 3526/3254/16
f 3524/2660/16 3526/3254/16 3527/3255/16
f 3528/3256/22 3529/3257/22 3530/3258/22
f 3528/3256/22 3530/3258/22 3531/3259/22
f 3532/3260/13 3533/3261/13 3534/3262/13
f 3532/3260/13 3534/3262/13 3535/3263/13
f 3536/3264/12 3537/3265/12 3538/3266/12
f 3536/3264/12 3538/3266/12 3539/3267/12
f 3540/3268/20 3541/3269/20 3542/3270/20
f 3540/3268/20 3542/3270/20 3543/3271/20
f 3544/3272/18 3545/3273/18 3546/3274/18
f 3544/3272/18 3546/3274/18 3547/3275/18
f 3548/3276/16 3549/3277/16 3550/3278/16
f 3548/3276/16 3550/3278/16 3551/3279/16
f 3552/3280/22 3553/3281/22 3554/3282/22
f 3552/3280/22 3554/3282/22 3555/3283/22
f 3556/3284/13 3557/3285/13 3558/3286/13
f 3556/3284/13 3558/3286/13 3559/3287/13
f 3560/3288/12 3561/3289/12 3562/3290/12
f 3560/3288/12 3562/3290/12 3563/3291/12
f 3564/3292/20 3565/3293/20 3566/3294/20
f 3564/3292/20 3566/3294/20 3567/3295/20
f 3568/3296/18 3569/3297/18 3570/3298/18
f 3568/3296/18 3570/3298/18 3571/3299/18
f 3572/3300/16 3573/3301/16 3574/3302/16
f 3572/3300/16 3574/3302/16 3575/3303/16
f 3576/3304/22 3577/3305/22 3578/3306/22
f 3576/3304/22 3578/3306/22 3579/3307/22
f 3580/3308/13 3581/3309/13 3582/3310/13
f 3580/3308/13 3582/3310/13 3583/3311/13
f 3584/3291/12 3585/3312/12 3586/3313/12
f 3584/3291/12 3586/3313/12 3587/3288/12
f 3588/3314/20 3589/3315/20 3590/3316/20
f 3588/3314/20 3590/3316/20 3591/3317/20
f 3592/3318/18 3593/3319/18 3594/3320/18
f 3592/3318/18 3594/3320/18 3595/3321/18
f 3596/3322/16 3597/3323/16 3598/3324/16
f 3596/3322/16 3598/3324/16 3599/3325/16
f 3600/3326/22 3601/3327/22 3602/3328/22
f 3600/3326/22 3602/3328/22 3603/3329/22
f 3604/3330/13 3605/3331/13 3606/3332/13
f 3604/3330/13 3606/3332/13 3607/3333/13
f 3608/3334/12 3609/3335/12 3610/3336/12
f 3608/3334/12 3610/3336/12 3611/3337/12
f 3612/3338/20 3613/3339/20 3614/3340/20
f 3612/3338/20 3614/3340/20 3615/3341/20
f 3616/3342/18 3617/3343/18 3618/3344/18
f 3616/3342/18 3618/3344/18 3619/3345/18
f 3620/3346/16 3621/3347/16 3622/3348/16
f 3620/3346/16 3622/3348/16 3623/3349/16
f 3624/3350/22 3625/3351/22 3626/3352/22
f 3624/3350/22 3626/3352/22 3627/3353/22
f 3628/3354/13 3629/3355/13 3630/3356/13
f 3628/3354/13 3630/3356/13 3631/3357/13
f 3632/3358/12 3633/3359/12 3634/3360/12
f 3632/3358/12 3634/3360/12 3635/3361/12
f 3636/3362/20 3637/3363/20 3638/3364/20
f 3636/3362/20 3638/3364/20 3639/3365/20
f 3640/3366/18 3641/3367/18 3642/3368/18
f 3640/3366/18 3642/3368/18 3643/3369/18
f 3644/3370/16 3645/3371/16 3646/3372/16
f 3644/3370/16 3646/3372/16 3647/3373/16
f 3648/3374/22 3649/3375/22 3650/3376/22
f 3648/3374/22 3650/3376/22 3651/3377/22
f 3652/3378/13 3653/3379/13 3654/3380/13
f 3652/3378/13 3654/3380/13 3655/3381/13
f 3656/3382/12 3657/3383/12 3658/3384/12
f 3656/3382/12 3658/3384/12 3659/3385/12
f 3660/3386/20 3661/3387/20 3662/3388/20
f 3660/3386/20 3662/3388/20 3663/3389/20
f 3664/3390/18 3665/3391/18 3666/3392/18
f 3664/3390/18 3666/3392/18 3667/3393/18
f 3668/3394/16 3669/3395/16 3670/3396/16
f 3668/3394/16 3670/3396/16 3671/3397/16
f 3672/3398/22 3673/3399/22 3674/3400/22
f 3672/3398/22 3674/3400/22 3675/3401/22
f 3676/3402/13 3677/3403/13 3678/3404/13
f 3676/3402/13 3678/3404/13 3679/3405/13
f 3680/3406/12 3681/3407/12 3682/3408/12
f 3680/3406/12 3682/3408/12 3683/3409/12
f 3684/3410/20 3685/3411/20 3686/3412/20
f 3684/3410/20 3686/3412/20 3687/3413/20
f 3688/3414/18 3689/3415/18 3690/3416/18
f 3688/3414/18 3690/3416/18 3691/3417/18
f 3692/3418/16 3693/3419/16 3694/3420/16
f 3692/3418/16 3694/3420/16 3695/3421/16
f 3696/3422/22 3697/3423/22 3698/3424/22
f 3696/3422/22 3698/3424/22 3699/3425/22
f 3700/3426/17 3701/3427/17 3702/3428/17
f 3700/3426/17 3702/3428/17 3703/3429/17
f 3704/3430/12 3705/3431/12 3706/3432/12
f 3704/3430/12 3706/3432/12 3707/3433/12
f 3708/2623/19 3709/3434/19 3710/3435/19
f 3708/2623/19 3710/3435/19 3711/2624/19
f 3712/3436/13 3713/3437/13 3714/3438/13
f 3712/3436/13 3714/3438/13 3715/3439/13
f 3716/3440/20 3717/3441/20 3718/3442/20
f 3716/3440/20 3718/3442/20 3719/3443/20
f 3720/3444/22 3721/3445/22 3722/3446/22
f 3720/3444/22 3722/3446/22 3723/3447/22
f 3724/3380/17 3725/3448/17 3726/3449/17
f 3724/3380/17 3726/3449/17 3727/3450/17
f 3728/3451/12 3729/3452/12 3730/3453/12
f 3728/3451/12 3730/3453/12 3731/3454/12
f 3732/3455/19 3733/3456/19 3734/3457/19
f 3732/3455/19 3734/3457/19 3735/3458/19
f 3736/3459/13 3737/3460/13 3738/3461/13
f 3736/3459/13 3738/3461/13 3739/3462/13
f 3740/3463/20 3741/3464/20 3742/3465/20
f 3740/3463/20 3742/3465/20 3743/3466/20
f 3744/3467/22 3745/3468/22 3746/3469/22
f 3744/3467/22 3746/3469/22 3747/3470/22
f 3748/3471/13 3749/3472/13 3750/3473/13
f 3748/3471/13 3750/3473/13 3751/3474/13
f 3752/3475/12 3753/3476/12 3754/3477/12
f 3752/3475/12 3754/3477/12 3755/3478/12
f 3756/3472/20 3757/3479/20 3758/3480/20
f 3756/3472/20 3758/3480/20 3759/3473/20
f 3760/3481/18 3761/3482/18 3762/3483/18
f 3760/3481/18 3762/3483/18 3763/3484/18
f 3764/3485/16 3765/3486/16 3766/3487/16
f 3764/3485/16 3766/3487/16 3767/3488/16
f 3768/3489/22 3769/3490/22 3770/3491/22
f 3768/3489/22 3770/3491/22 3771/3492/22
f 3772/3493/13 3773/3494/13 3774/3495/13
f 3772/3493/13 3774/3495/13 3775/3496/13
f 3776/3497/12 3777/3498/12 3778/3499/12
f 3776/3497/12 3778/3499/12 3779/3500/12
f 3780/3501/20 3781/3502/20 3782/3503/20
f 3780/3501/20 3782/3503/20 3783/3504/20
f 3784/3505/18 3785/3506/18 3786/3507/18
f 3784/3505/18 3786/3507/18 3787/3508/18
f 3788/3509/16 3789/3510/16 3790/3511/16
f 3788/3509/16 3790/3511/16 3791/3512/16
f 3792/3513/22 3793/3514/22 3794/3515/22
f 3792/3513/22 3794/3515/22 3795/3516/22
f 3796/3517/13 3797/3518/13 3798/3519/13
f 3796/3517/13 3798/3519/13 3799/3520/13
f 3800/3521/12 3801/3522/12 3802/3523/12
f 3800/3521/12 3802/3523/12 3803/3524/12
f 3804/3525/20 3805/3526/20 3806/3527/20
f 3804/3525/20 3806/3527/20 3807/3528/20
f 3808/3529/18 3809/3530/18 3810/3531/18
f 3808/3529/18 3810/3531/18 3811/3532/18
f 3812/3533/16 3813/3534/16 3814/3535/16
f 3812/3533/16 3814/3535/16 3815/3536/16
f 3816/3537/22 3817/3538/22 3818/3539/22
f 3816/3537/22 3818/3539/22 3819/3540/22
f 3820/3541/13 3821/3542/13 3822/3543/13
f 3820/3541/13 3822/3543/13 3823/3544/13
f 3824/3545/12 3825/3546/12 3826/3547/12
f 3824/3545/12 3826/3547/12 3827/3548/12
f 3828/3549/20 3829/3550/20 3830/3551/20
f 3828/3549/20 3830/3551/20 3831/3552/20
f 3832/3553/18 3833/3554/18 3834/3555/18
f 3832/3553/18 3834/3555/18 3835/3556/18
f 3836/3557/16 3837/3558/16 3838/3559/16
f 3836/3557/16 3838/3559/16 3839/3560/16
f 3840/3561/22 3841/3562/22 3842/3548/22
f 3840/3561/22 3842/3548/22 3843/3547/22
f 3844/3563/13 3845/3564/13 3846/3565/13
f 3844/3563/13 3846/3565/13 3847/3566/13
f 3848/3567/12 3849/3568/12 3850/3569/12
f 3848/3567/12 3850/3569/12 3851/3570/12
f 3852/3571/20 3853/3572/20 3854/3573/20
f 3852/3571/20 3854/3573/20 3855/3574/20
f 3856/3575/18 3857/3576/18 3858/3577/18
f 3856/3575/18 3858/3577/18 3859/3578/18
f 3860/3579/16 3861/3580/16 3862/3581/16
f 3860/3579/16 3862/3581/16 3863/3582/16
f 3864/3583/22 3865/3584/22 3866/3585/22
f 3864/3583/22 3866/3585/22 3867/3586/22
f 3868/3587/13 3869/3588/13 3870/3589/13
f 3868/3587/13 3870/3589/13 3871/3590/13
f 3872/3591/12 3873/3592/12 3874/3593/12
f 3872/3591/12 3874/3593/12 3875/3541/12
f 3876/3594/20 3877/3595/20 3878/3596/20
f 3876/3594/20 3878/3596/20 3879/3597/20
f 3880/3598/18 3881/3599/18 3882/3600/18
f 3880/3598/18 3882/3600/18 3883/3601/18
f 3884/3602/16 3885/3603/16 3886/3604/16
f 3884/3602/16 3886/3604/16 3887/3605/16
f 3888/3606/23 3889/3607/24 3890/3608/23
f 3888/3606/23 3890/3608/23 3891/3609/25
f 3892/3610/26 3893/3611/27 3894/3612/26
f 3892/3610/26 3894/3612/26 3895/3613/28
f 3896/3614/29 3897/3615/30 3898/3607/29
f 3896/3614/29 3898/3607/29 3899/3606/31
f 3900/3616/32 3901/3617/33 3902/3618/32
f 3900/3616/32 3902/3618/32 3903/3619/34
f 3904/3620/35 3905/3621/36 3906/3622/35
f 3904/3620/35 3906/3622/35 3907/3623/37
f 3908/3624/38 3909/3625/39 3910/3626/38
f 3908/3624/38 3910/3626/38 3911/3627/40
f 3912/3628/22 3913/3629/22 3914/3630/22
f 3912/3628/22 3914/3630/22 3915/3631/22
f 3916/3632/13 3917/3633/13 3918/3634/13
f 3916/3632/13 3918/3634/13 3919/3635/13
f 3920/3636/12 3921/3637/12 3922/3638/12
f 3920/3636/12 3922/3638/12 3923/3639/12
f 3924/3640/20 3925/3641/20 3926/3642/20
f 3924/3640/20 3926/3642/20 3927/3643/20
f 3928/3644/18 3929/3645/18 3930/3646/18
f 3928/3644/18 3930/3646/18 3931/3647/18
f 3932/3648/16 3933/3649/16 3934/3650/16
f 3932/3648/16 3934/3650/16 3935/3651/16
f 3936/3652/22 3937/3653/22 3938/3654/22
f 3936/3652/22 3938/3654/22 3939/3655/22
f 3940/3656/13 3941/3657/13 3942/3658/13
f 3940/3656/13 3942/3658/13 3943/3659/13
f 3944/3660/12 3945/3661/12 3946/3662/12
f 3944/3660/12 3946/3662/12 3947/3663/12
f 3948/3664/20 3949/3665/20 3950/3666/20
f 3948/3664/20 3950/3666/20 3951/3667/20
f 3952/3668/19 3953/3669/19 3954/3670/19
f 3952/3668/19 3954/3670/19 3955/3671/19
f 3956/3672/17 3957/3673/17 3958/3674/17
f 3956/3672/17 3958/3674/17 3959/3675/17
f 3960/3676/22 3961/3677/22 3962/3678/22
f 3960/3676/22 3962/3678/22 3963/3679/22
f 3964/3680/13 3965/3681/13 3966/3682/13
f 3964/3680/13 3966/3682/13 3967/3683/13
f 3968/3684/12 3969/3638/12 3970/3637/12
f 3968/3684/12 3970/3637/12 3971/3685/12
f 3972/3686/20 3973/3687/20 3974/3688/20
f 3972/3686/20 3974/3688/20 3975/3689/20
f 3976/3690/18 3977/3691/18 3978/3692/18
f 3976/3690/18 3978/3692/18 3979/3693/18
f 3980/3694/16 3981/3695/16 3982/3696/16
f 3980/3694/16 3982/3696/16 3983/3697/16
f 3984/3698/22 3985/3699/22 3986/3700/22
f 3984/3698/22 3986/3700/22 3987/3701/22
f 3988/3195/13 3989/3702/13 3990/3703/13
f 3988/3195/13 3990/3703/13 3991/3192/13
f 3992/3704/12 3993/3705/12 3994/3706/12
f 3992/3704/12 3994/3706/12 3995/3707/12
f 3996/3708/20 3997/3709/20 3998/3710/20
f 3996/3708/20 3998/3710/20 3999/3711/20
f 4000/3712/18 4001/3713/18 4002/3714/18
f 4000/3712/18 4002/3714/18 4003/3715/18
f 4004/3716/16 4005/3717/16 4006/3718/16
f 4004/3716/16 4006/3718/16 4007/3719/16
f 4008/3720/22 4009/3721/22 4010/3722/22
f 4008/3720/22 4010/3722/22 4011/3723/22
f 4012/3724/13 4013/3725/13 4014/3726/13
f 4012/3724/13 4014/3726/13 4015/3727/13
f 4016/3728/12 4017/3729/12 4018/3730/12
f 4016/3728/12 4018/3730/12 4019/3731/12
f 4020/3732/20 4021/3733/20 4022/3734/20
f 4020/3732/20 4022/3734/20 4023/3735/20
f 4024/3736/18 4025/3737/18 4026/3738/18
f 4024/3736/18 4026/3738/18 4027/3739/18
f 4028/3740/16 4029/3741/16 4030/3742/16
f 4028/3740/16 4030/3742/16 4031/3743/16
f 4032/3744/22 4033/3745/22 4034/3746/22
f 4032/3744/22 4034/3746/22 4035/3747/22
f 4036/3748/13 4037/3749/13 4038/3750/13
f 4036/3748/13 4038/3750/13 4039/3751/13
f 4040/3752/12 4041/3753/12 4042/3754/12
f 4040/3752/12 4042/3754/12 4043/3755/12
f 4044/3756/20 4045/3757/20 4046/3758/20
f 4044/3756/20 4046/3758/20 4047/3759/20
f 4048/3760/18 4049/3761/18 4050/3762/18
f 4048/3760/18 4050/3762/18 4051/3763/18
f 4052/3764/16 4053/3765/16 4054/3766/16
f 4052/3764/16 4054/3766/16 4055/3767/16
f 4056/3768/22 4057/3769/22 4058/3770/22
f 4056/3768/22 4058/3770/22 4059/3771/22
f 4060/3772/13 4061/3773/13 4062/3774/13
f 4060/3772/13 4062/3774/13 4063/3775/13
f 4064/3776/12 4065/3777/12 4066/3778/12
f 4064/3776/12 4066/3778/12 4067/3779/12
f 4068/3780/20 4069/3781/20 4070/3782/20
f 4068/3780/20 4070/3782/20 4071/3783/20
f 4072/3784/18 4073/3785/18 4074/3786/18
f 4072/3784/18 4074/3786/18 4075/3787/18
f 4076/3788/16 4077/3789/16 4078/3790/16
f 4076/3788/16 4078/3790/16 4079/3791/16
f 4080/3792/22 4081/3793/22 4082/3794/22
f 4080/3792/22 4082/3794/22 4083/3795/22
f 4084/3796/13 4085/3797/13 4086/3798/13
f 4084/3796/13 4086/3798/13 4087/3799/13
f 4088/3800/12 4089/3801/12 4090/3802/12
f 4088/3800/12 4090/3802/12 4091/3803/12
f 4092/3804/20 4093/3805/20 4094/3806/20
f 4092/3804/20 4094/3806/20 4095/3807/20
f 4096/3808/18 4097/3809/18 4098/3810/18
f 4096/3808/18 4098/3810/18 4099/3811/18
f 4100/3812/16 4101/3813/16 4102/3814/16
f 4100/3812/16 4102/3814/16 4103/3815/16
f 4104/3816/22 4105/3817/22 4106/3818/22
f 4104/3816/22 4106/3818/22 4107/3819/22
f 4108/3820/13 4109/3821/13 4110/3822/13
f 4108/3820/13 4110/3822/13 4111/3823/13
f 4112/3824/12 4113/3825/12 4114/3826/12
f 4112/3824/12 4114/3826/12 4115/3827/12
f 4116/3828/20 4117/3829/20 4118/3830/20
f 4116/3828/20 4118/3830/20 4119/3831/20
f 4120/3832/18 4121/3833/18 4122/3834/18
f 4120/3832/18 4122/3834/18 4123/3835/18
f 4124/3836/16 4125/3837/16 4126/3838/16
f 4124/3836/16 4126/3838/16 4127/3839/16
f 4128/3840/22 4129/3841/22 4130/3842/22
f 4128/3840/22 4130/3842/22 4131/3843/22
f 4132/3844/13 4133/3845/13 4134/3846/13
f 4132/3844/13 4134/3846/13 4135/3847/13
f 4136/3848/12 4137/3849/12 4138/3850/12
f 4136/3848/12 4138/3850/12 4139/3851/12
f 4140/3852/20 4141/3853/20 4142/3854/20
f 4140/3852/20 4142/3854/20 4143/3855/20
f 4144/3856/18 4145/3857/18 4146/3858/18
f 4144/3856/18 4146/3858/18 4147/3859/18
f 4148/3860/16 4149/3861/16 4150/3862/16
f 4148/3860/16 4150/3862/16 4151/3863/16
f 4152/3864/20 4153/3865/20 4154/3866/20
f 4152/3864/20 4154/3866/20 4155/3867/20
f 4156/3868/22 4157/3869/22 4158/3870/22
f 4156/3868/22 4158/3870/22 4159/3871/22
f 4160/3872/13 4161/3873/13 4162/3874/13
f 4160/3872/13 4162/3874/13 4163/3875/13
f 4164/3876/12 4165/3877/12 4166/3878/12
f 4164/3876/12 4166/3878/12 4167/3879/12
f 4168/3880/19 4169/3881/19 4170/3882/19
f 4168/3880/19 4170/3882/19 4171/3883/19
f 4172/3884/17 4173/3885/17 4174/3886/17
f 4172/3884/17 4174/3886/17 4175/3887/17
f 4176/3888/20 4177/3889/20 4178/3890/20
f 4176/3888/20 4178/3890/20 4179/3891/20
f 4180/3892/22 4181/3893/22 4182/3894/22
f 4180/3892/22 4182/3894/22 4183/3895/22
f 4184/3896/13 4185/3897/13 4186/3898/13
f 4184/3896/13 4186/3898/13 4187/3899/13
f 4188/3240/12 4189/2648/12 4190/2647/12
f 4188/3240/12 4190/2647/12 4191/3900/12
f 4192/3901/18 4193/3902/18 4194/3903/18
f 4192/3901/18 4194/3903/18 4195/3904/18
f 4196/3905/16 4197/3906/16 4198/3907/16
f 4196/3905/16 4198/3907/16 4199/3908/16
f 4200/3909/20 4201/3910/20 4202/3911/20
f 4200/3909/20 4202/3911/20 4203/3912/20
f 4204/2788/22 4205/3913/22 4206/3914/22
f 4204/2788/22 4206/3914/22 4207/2785/22
f 4208/2789/13 4209/3915/13 4210/3916/13
f 4208/2789/13 4210/3916/13 4211/3917/13
f 4212/3918/12 4213/3919/12 4214/3920/12
f 4212/3918/12 4214/3920/12 4215/3921/12
f 4216/3922/18 4217/3923/18 4218/3924/18
f 4216/3922/18 4218/3924/18 4219/3925/18
f 4220/3926/16 4221/3927/16 4222/3928/16
f 4220/3926/16 4222/3928/16 4223/3929/16
f 4224/3930/20 4225/3931/20 4226/3932/20
f 4224/3930/20 4226/3932/20 4227/3933/20
f 4228/3934/22 4229/3935/22 4230/3936/22
f 4228/3934/22 4230/3936/22 4231/3937/22
f 4232/3938/13 4233/3939/13 4234/3940/13
f 4232/3938/13 4234/3940/13 4235/3941/13
f 4236/3942/12 4237/2207/12 4238/3943/12
f 4236/3942/12 4238/3943/12 4239/3944/12
f 4240/3945/18 4241/3946/18 4242/3947/18
f 4240/3945/18 4242/3947/18 4243/3948/18
f 4244/3949/16 4245/3950/16 4246/3951/16
f 4244/3949/16 4246/3951/16 4247/3952/16
f 4248/3953/20 4249/3954/20 4250/3955/20
f 4248/3953/20 4250/3955/20 4251/3956/20
f 4252/3957/22 4253/3958/22 4254/3959/22
f 4252/3957/22 4254/3959/22 4255/3960/22
f 4256/3961/13 4257/3962/13 4258/3963/13
f 4256/3961/13 4258/3963/13 4259/3964/13
f 4260/3965/12 4261/3966/12 4262/3967/12
f 4260/3965/12 4262/3967/12 4263/3968/12
f 4264/3969/18 4265/3970/18 4266/3971/18
f 4264/3969/18 4266/3971/18 4267/3972/18
f 4268/3973/16 4269/3974/16 4270/3975/16
f 4268/3973/16 4270/3975/16 4271/3976/16
f 4272/3977/20 4273/3978/20 4274/3979/20
f 4272/3977/20 4274/3979/20 4275/3980/20
f 4276/3981/22 4277/3982/22 4278/3983/22
f 4276/3981/22 4278/3983/22 4279/3984/22
f 4280/3985/13 4281/3986/13 4282/3987/13
f 4280/3985/13 4282/3987/13 4283/3988/13
f 4284/3989/12 4285/3990/12 4286/3991/12
f 4284/3989/12 4286/3991/12 4287/3992/12
f 4288/3993/18 4289/3994/18 4290/3995/18
f 4288/3993/18 4290/3995/18 4291/3996/18
f 4292/3997/16 4293/3998/16 4294/3999/16
f 4292/3997/16 4294/3999/16 4295/4000/16
f 4296/4001/20 4297/4002/20 4298/4003/20
f 4296/4001/20 4298/4003/20 4299/4004/20
f 4300/4005/22 4301/4006/22 4302/4007/22
f 4300/4005/22 4302/4007/22 4303/4008/22
f 4304/4009/13 4305/4010/13 4306/4011/13
f 4304/4009/13 4306/4011/13 4307/4012/13
f 4308/4013/12 4309/2508/12 4310/2511/12
f 4308/4013/12 4310/2511/12 4311/4014/12
f 4312/4015/18 4313/4016/18 4314/4017/18
f 4312/4015/18 4314/4017/18 4315/4018/18
f 4316/4019/16 4317/4020/16 4318/4021/16
f 4316/4019/16 4318/4021/16 4319/4022/16
f 4320/4023/41 4321/4024/42 4322/4025/41
f 4320/4023/41 4322/4025/41 4323/4026/43
f 4324/4027/44 4325/4028/45 4326/4029/44
f 4324/4027/44 4326/4029/44 4327/4030/46
f 4328/4031/47 4329/4032/48 4330/4033/47
f 4328/4031/47 4330/4033/47 4331/4034/49
f 4332/4035/50 4333/4036/51 4334/4037/50
f 4332/4035/50 4334/4037/50 4335/4038/52
f 4336/4039/53 4337/4040/54 4338/4041/53
f 4336/4039/53 4338/4041/53 4339/4042/55
f 4340/4043/56 4341/4044/57 4342/4045/56
f 4340/4043/56 4342/4045/56 4343/4046/58
f 4344/4047/20 4345/3802/20 4346/3801/20
f 4344/4047/20 4346/3801/20 4347/4048/20
f 4348/4049/22 4349/4050/22 4350/4051/22
f 4348/4049/22 4350/4051/22 4351/4052/22
f 4352/4053/13 4353/4054/13 4354/4055/13
f 4352/4053/13 4354/4055/13 4355/4056/13
f 4356/4057/12 4357/4058/12 4358/4059/12
f 4356/4057/12 4358/4059/12 4359/4060/12
f 4360/4061/18 4361/4062/18 4362/4063/18
f 4360/4061/18 4362/4063/18 4363/4064/18
f 4364/4065/16 4365/4066/16 4366/4067/16
f 4364/4065/16 4366/4067/16 4367/4068/16
f 4368/4069/20 4369/4070/20 4370/4071/20
f 4368/4069/20 4370/4071/20 4371/4072/20
f 4372/4073/22 4373/4074/22 4374/4075/22
f 4372/4073/22 4374/4075/22 4375/4076/22
f 4376/4077/13 4377/4078/13 4378/4079/13
f 4376/4077/13 4378/4079/13 4379/4080/13
f 4380/4081/12 4381/4082/12 4382/4083/12
f 4380/4081/12 4382/4083/12 4383/4084/12
f 4384/4085/18 4385/4086/18 4386/4087/18
f 4384/4085/18 4386/4087/18 4387/4088/18
f 4388/4089/16 4389/4090/16 4390/4091/16
f 4388/4089/16 4390/4091/16 4391/4092/16
f 4392/4093/20 4393/4094/20 4394/4095/20
f 4392/4093/20 4394/4095/20 4395/4096/20
f 4396/4097/22 4397/4098/22 4398/4099/22
f 4396/4097/22 4398/4099/22 4399/4100/22
f 4400/4101/13 4401/4102/13 4402/4103/13
f 4400/4101/13 4402/4103/13 4403/4104/13
f 4404/4105/12 4405/4106/12 4406/4107/12
f 4404/4105/12 4406/4107/12 4407/4108/12
f 4408/4109/18 4409/4110/18 4410/4111/18
f 4408/4109/18 4410/4111/18 4411/4112/18
f 4412/4113/16 4413/4114/16 4414/4115/16
f 4412/4113/16 4414/4115/16 4415/4116/16
f 4416/4117/20 4417/4118/20 4418/4119/20
f 4416/4117/20 4418/4119/20 4419/4120/20
f 4420/4121/22 4421/4122/22 4422/4123/22
f 4420/4121/22 4422/4123/22 4423/4124/22
f 4424/4125/13 4425/4126/13 4426/4127/13
f 4424/4125/13 4426/4127/13 4427/4128/13
f 4428/4129/12 4429/4130/12 4430/4131/12
f 4428/4129/12 4430/4131/12 4431/4132/12
f 4432/4133/18 4433/4134/18 4434/4135/18
f 4432/4133/18 4434/4135/18 4435/4136/18
f 4436/4137/16 4437/4138/16 4438/4139/16
f 4436/4137/16 4438/4139/16 4439/4140/16
f 4440/4141/20 4441/4142/20 4442/4143/20
f 4440/4141/20 4442/4143/20 4443/4144/20
f 4444/4145/16 4445/3965/16 4446/3968/16
f 4444/4145/16 4446/3968/16 4447/4146/16
f 4448/4147/13 4449/4148/13 4450/4149/13
f 4448/4147/13 4450/4149/13 4451/4150/13
f 4452/4151/18 4453/4152/18 4454/4153/18
f 4452/4151/18 4454/4153/18 4455/4154/18
f 4456/4155/22 4457/4156/22 4458/4157/22
f 4456/4155/22 4458/4157/22 4459/4158/22
f 4460/4159/12 4461/4160/12 4462/4161/12
f 4460/4159/12 4462/4161/12 4463/4162/12
f 4464/4163/20 4465/4164/20 4466/4165/20
f 4464/4163/20 4466/4165/20 4467/4166/20
f 4468/4167/16 4469/4168/16 4470/4152/16
f 4468/4167/16 4470/4152/16 4471/4151/16
f 4472/4169/13 4473/4170/13 4474/4171/13
f 4472/4169/13 4474/4171/13 4475/4172/13
f 4476/4173/18 4477/4174/18 4478/4175/18
f 4476/4173/18 4478/4175/18 4479/4176/18
f 4480/4177/22 4481/4178/22 4482/4179/22
f 4480/4177/22 4482/4179/22 4483/4180/22
f 4484/4181/12 4485/4182/12 4486/4183/12
f 4484/4181/12 4486/4183/12 4487/4184/12
f 4488/4185/20 4489/4186/20 4490/4187/20
f 4488/4185/20 4490/4187/20 4491/4188/20
f 4492/4189/16 4493/4190/16 4494/4191/16
f 4492/4189/16 4494/4191/16 4495/4192/16
f 4496/4193/13 4497/4194/13 4498/4195/13
f 4496/4193/13 4498/4195/13 4499/4196/13
f 4500/4197/18 4501/4198/18 4502/4199/18
f 4500/4197/18 4502/4199/18 4503/4200/18
f 4504/4201/59 4505/4202/59 4506/4203/59
f 4504/4201/59 4506/4203/59 4507/4204/59
f 4508/4205/14 4509/4206/14 4510/4207/14
f 4508/4205/14 4510/4207/14 4511/4208/14
f 4512/4209/20 4513/4210/20 4514/2580/20
f 4512/4209/20 4514/2580/20 4515/4211/20
f 4516/4212/16 4517/4213/16 4518/4214/16
f 4516/4212/16 4518/4214/16 4519/4215/16
f 4520/4216/13 4521/4217/13 4522/4218/13
f 4520/4216/13 4522/4218/13 4523/4219/13
f 4524/4220/18 4525/4221/18 4526/4222/18
f 4524/4220/18 4526/4222/18 4527/4223/18
f 4528/4224/22 4529/4225/22 4530/4226/22
f 4528/4224/22 4530/4226/22 4531/4227/22
f 4532/4228/12 4533/4229/12 4534/4230/12
f 4532/4228/12 4534/4230/12 4535/4231/12
f 4536/4232/20 4537/4233/20 4538/4234/20
f 4536/4232/20 4538/4234/20 4539/4235/20
f 4540/4236/16 4541/4237/16 4542/4238/16
f 4540/4236/16 4542/4238/16 4543/4239/16
f 4544/4240/13 4545/4241/13 4546/4242/13
f 4544/4240/13 4546/4242/13 4547/4243/13
f 4548/4244/18 4549/4245/18 4550/4246/18
f 4548/4244/18 4550/4246/18 4551/4247/18
f 4552/4248/22 4553/4249/22 4554/4250/22
f 4552/4248/22 4554/4250/22 4555/4251/22
f 4556/4252/12 4557/4253/12 4558/4254/12
f 4556/4252/12 4558/4254/12 4559/4255/12
f 4560/4256/20 4561/4257/20 4562/4258/20
f 4560/4256/20 4562/4258/20 4563/4259/20
f 4564/4260/22 4565/4261/22 4566/4262/22
f 4564/4260/22 4566/4262/22 4567/4263/22
f 4568/4264/13 4569/4265/13 4570/4266/13
f 4568/4264/13 4570/4266/13 4571/4267/13
f 4572/4268/12 4573/4269/12 4574/4270/12
f 4572/4268/12 4574/4270/12 4575/4271/12
f 4576/4272/18 4577/4273/18 4578/4274/18
f 4576/4272/18 4578/4274/18 4579/4275/18
f 4580/4276/16 4581/4277/16 4582/4278/16
f 4580/4276/16 4582/4278/16 4583/4279/16
f 4584/4280/20 4585/4281/20 4586/4282/20
f 4584/4280/20 4586/4282/20 4587/4283/20
f 4588/4284/22 4589/4285/22 4590/4286/22
f 4588/4284/22 4590/4286/22 4591/4287/22
f 4592/4288/13 4593/4289/13 4594/4290/13
f 4592/4288/13 4594/4290/13 4595/4291/13
f 4596/4292/12 4597/4293/12 4598/4294/12
f 4596/4292/12 4598/4294/12 4599/4295/12
f 4600/4296/18 4601/4297/18 4602/4298/18
f 4600/4296/18 4602/4298/18 4603/4299/18
f 4604/4300/16 4605/4301/16 4606/4302/16
f 4604/4300/16 4606/4302/16 4607/4303/16
f 4608/4304/20 4609/4305/20 4610/4306/20
f 4608/4304/20 4610/4306/20 4611/4307/20
f 4612/4308/22 4613/4309/22 4614/4310/22
f 4612/4308/22 4614/4310/22 4615/4311/22
f 4616/4312/13 4617/4313/13 4618/4314/13
f 4616/4312/13 4618/4314/13 4619/4315/13
f 4620/4316/12 4621/4317/12 4622/4318/12
f 4620/4316/12 4622/4318/12 4623/4319/12
f 4624/4320/18 4625/4321/18 4626/4322/18
f 4624/4320/18 4626/4322/18 4627/4323/18
f 4628/4324/16 4629/4325/16 4630/4326/16
f 4628/4324/16 4630/4326/16 4631/4327/16
f 4632/4328/20 4633/4329/20 4634/4330/20
f 4632/4328/20 4634/4330/20 4635/4331/20
f 4636/4332/59 4637/4333/59 4638/4334/59
f 4636/4332/59 4638/4334/59 4639/4335/59
f 4640/4336/13 4641/4337/13 4642/4338/13
f 4640/4336/13 4642/4338/13 4643/4339/13
f 4644/4340/14 4645/4341/14 4646/4342/14
f 4644/4340/14 4646/4342/14 4647/4343/14
f 4648/4344/18 4649/4345/18 4650/4346/18
f 4648/4344/18 4650/4346/18 4651/4347/18
f 4652/4348/16 4653/4349/16 4654/4350/16
f 4652/4348/16 4654/4350/16 4655/4351/16
f 4656/4352/20 4657/4353/20 4658/4354/20
f 4656/4352/20 4658/4354/20 4659/4355/20
f 4660/4356/59 4661/4357/59 4662/4358/59
f 4660/4356/59 4662/4358/59 4663/4359/59
f 4664/4360/13 4665/4361/13 4666/4362/13
f 4664/4360/13 4666/4362/13 4667/4363/13
f 4668/4364/14 4669/4365/14 4670/4366/14
f 4668/4364/14 4670/4366/14 4671/4367/14
f 4672/4368/19 4673/4369/19 4674/4370/19
f 4672/4368/19 4674/4370/19 4675/4371/19
f 4676/4372/17 4677/4373/17 4678/4374/17
f 4676/4372/17 4678/4374/17 4679/4375/17
f 4680/4376/20 4681/4377/20 4682/4378/20
f 4680/4376/20 4682/4378/20 4683/4379/20
f 4684/2183/59 4685/4380/59 4686/4381/59
f 4684/2183/59 4686/4381/59 4687/2180/59
f 4688/4382/13 4689/4383/13 4690/4384/13
f 4688/4382/13 4690/4384/13 4691/4385/13
f 4692/2557/14 4693/4386/14 4694/4387/14
f 4692/2557/14 4694/4387/14 4695/2558/14
f 4696/4388/19 4697/4389/19 4698/4390/19
f 4696/4388/19 4698/4390/19 4699/4391/19
f 4700/4392/17 4701/4393/17 4702/4394/17
f 4700/4392/17 4702/4394/17 4703/4395/17
f 4704/4396/20 4705/2574/20 4706/2573/20
f 4704/4396/20 4706/2573/20 4707/4397/20
f 4708/4398/59 4709/4399/59 4710/4400/59
f 4708/4398/59 4710/4400/59 4711/4401/59
f 4712/4402/13 4713/4403/13 4714/4404/13
f 4712/4402/13 4714/4404/13 4715/4405/13
f 4716/4406/14 4717/4407/14 4718/4408/14
f 4716/4406/14 4718/4408/14 4719/4409/14
f 4720/4410/18 4721/4411/18 4722/4412/18
f 4720/4410/18 4722/4412/18 4723/4413/18
f 4724/4414/16 4725/4415/16 4726/4416/16
f 4724/4414/16 4726/4416/16 4727/4417/16
f 4728/4418/20 4729/4419/20 4730/4420/20
f 4728/4418/20 4730/4420/20 4731/4421/20
f 4732/4422/59 4733/4423/59 4734/4424/59
f 4732/4422/59 4734/4424/59 4735/4425/59
f 4736/4426/13 4737/4427/13 4738/4428/13
f 4736/4426/13 4738/4428/13 4739/4429/13
f 4740/4430/14 4741/4431/14 4742/4432/14
f 4740/4430/14 4742/4432/14 4743/4433/14
f 4744/2455/18 4745/4434/18 4746/4435/18
f 4744/2455/18 4746/4435/18 4747/2456/18
f 4748/4436/16 4749/4437/16 4750/4438/16
f 4748/4436/16 4750/4438/16 4751/4439/16
f 4752/4440/20 4753/4441/20 4754/4442/20
f 4752/4440/20 4754/4442/20 4755/4443/20
f 4756/4444/59 4757/4445/59 4758/4446/59
f 4756/4444/59 4758/4446/59 4759/4447/59
f 4760/4448/13 4761/4449/13 4762/4450/13
f 4760/4448/13 4762/4450/13 4763/4451/13
f 4764/4452/14 4765/4453/14 4766/4454/14
f 4764/4452/14 4766/4454/14 4767/4455/14
f 4768/4456/18 4769/4457/18 4770/4458/18
f 4768/4456/18 4770/4458/18 4771/4459/18
f 4772/4460/16 4773/4461/16 4774/4462/16
f 4772/4460/16 4774/4462/16 4775/4463/16
f 4776/4464/20 4777/4465/20 4778/4466/20
f 4776/4464/20 4778/4466/20 4779/4467/20
f 4780/4468/59 4781/4469/59 4782/4470/59
f 4780/4468/59 4782/4470/59 4783/4471/59
f 4784/4472/13 4785/4473/13 4786/4474/13
f 4784/4472/13 4786/4474/13 4787/4475/13
f 4788/4286/14 4789/4476/14 4790/4477/14
f 4788/4286/14 4790/4477/14 4791/4478/14
f 4792/4479/18 4793/4480/18 4794/4481/18
f 4792/4479/18 4794/4481/18 4795/4482/18
f 4796/4483/16 4797/4484/16 4798/4485/16
f 4796/4483/16 4798/4485/16 4799/4486/16
f 4800/4487/20 4801/4488/20 4802/4489/20
f 4800/4487/20 4802/4489/20 4803/4490/20
f 4804/4491/59 4805/4492/59 4806/4493/59
f 4804/4491/59 4806/4493/59 4807/4494/59
f 4808/4495/13 4809/4496/13 4810/4497/13
f 4808/4495/13 4810/4497/13 4811/4498/13
f 4812/4499/14 4813/4500/14 4814/4501/14
f 4812/4499/14 4814/4501/14 4815/4502/14
f 4816/4503/18 4817/4504/18 4818/4505/18
f 4816/4503/18 4818/4505/18 4819/4506/18
f 4820/4506/16 4821/4507/16 4822/4508/16
f 4820/4506/16 4822/4508/16 4823/4503/16
f 4824/4509/20 4825/4510/20 4826/4511/20
f 4824/4509/20 4826/4511/20 4827/4512/20
f 4828/4513/22 4829/4514/22 4830/4515/22
f 4828/4513/22 4830/4515/22 4831/4516/22
f 4832/4517/13 4833/4518/13 4834/4519/13
f 4832/4517/13 4834/4519/13 4835/4520/13
f 4836/4521/12 4837/4522/12 4838/4523/12
f 4836/4521/12 4838/4523/12 4839/4524/12
f 4840/4525/19 4841/4526/19 4842/4527/19
f 4840/4525/19 4842/4527/19 4843/4528/19
f 4844/4529/17 4845/4530/17 4846/4531/17
f 4844/4529/17 4846/4531/17 4847/4532/17
f 4848/4533/20 4849/4534/20 4850/4535/20
f 4848/4533/20 4850/4535/20 4851/4536/20
f 4852/4537/22 4853/4538/22 4854/4539/22
f 4852/4537/22 4854/4539/22 4855/4540/22
f 4856/4541/13 4857/4542/13 4858/4543/13
f 4856/4541/13 4858/4543/13 4859/4544/13
f 4860/4545/12 4861/4546/12 4862/4547/12
f 4860/4545/12 4862/4547/12 4863/4548/12
f 4864/4549/19 4865/4550/19 4866/4551/19
f 4864/4549/19 4866/4551/19 4867/4552/19
f 4868/4553/17 4869/4554/17 4870/4555/17
f 4868/4553/17 4870/4555/17 4871/4556/17
f 4872/4557/20 4873/4558/20 4874/4559/20
f 4872/4557/20 4874/4559/20 4875/4560/20
f 4876/4561/22 4877/4562/22 4878/4563/22
f 4876/4561/22 4878/4563/22 4879/4564/22
f 4880/4565/13 4881/4566/13 4882/4567/13
f 4880/4565/13 4882/4567/13 4883/4568/13
f 4884/4569/12 4885/4570/12 4886/4571/12
f 4884/4569/12 4886/4571/12 4887/4572/12
f 4888/4573/19 4889/4574/19 4890/4575/19
f 4888/4573/19 4890/4575/19 4891/4576/19
f 4892/4577/17 4893/4578/17 4894/4579/17
f 4892/4577/17 4894/4579/17 4895/4580/17
f 4896/4581/20 4897/4582/20 4898/4583/20
f 4896/4581/20 4898/4583/20 4899/4584/20
f 4900/4585/22 4901/4586/22 4902/4587/22
f 4900/4585/22 4902/4587/22 4903/4588/22
f 4904/4589/13 4905/4590/13 4906/4591/13
f 4904/4589/13 4906/4591/13 4907/4592/13
f 4908/4593/12 4909/4594/12 4910/4595/12
f 4908/4593/12 4910/4595/12 4911/4596/12
f 4912/4597/18 4913/4598/18 4914/4599/18
f 4912/4597/18 4914/4599/18 4915/4600/18
f 4916/4601/16 4917/4602/16 4918/4603/16
f 4916/4601/16 4918/4603/16 4919/4604/16
f 4920/4605/20 4921/4606/20 4922/4607/20
f 4920/4605/20 4922/4607/20 4923/4608/20
f 4924/4609/22 4925/4610/22 4926/4611/22
f 4924/4609/22 4926/4611/22 4927/4612/22
f 4928/4613/13 4929/4614/13 4930/4615/13
f 4928/4613/13 4930/4615/13 4931/4616/13
f 4932/4617/12 4933/4618/12 4934/4619/12
f 4932/4617/12 4934/4619/12 4935/4620/12
f 4936/4621/18 4937/4622/18 4938/4623/18
f 4936/4621/18 4938/4623/18 4939/4624/18
f 4940/4625/16 4941/4626/16 4942/4627/16
f 4940/4625/16 4942/4627/16 4943/4628/16
f 4944/4629/20 4945/4630/20 4946/4631/20
f 4944/4629/20 4946/4631/20 4947/4632/20
f 4948/4633/22 4949/4634/22 4950/4635/22
f 4948/4633/22 4950/4635/22 4951/4636/22
f 4952/4637/13 4953/4638/13 4954/4639/13
f 4952/4637/13 4954/4639/13 4955/4640/13
f 4956/4641/12 4957/4642/12 4958/4643/12
f 4956/4641/12 4958/4643/12 4959/4644/12
f 4960/4645/18 4961/4646/18 4962/4647/18
f 4960/4645/18 4962/4647/18 4963/4648/18
f 4964/4649/16 4965/4650/16 4966/4651/16
f 4964/4649/16 4966/4651/16 4967/4652/16
f 4968/4653/20 4969/4654/20 4970/4655/20
f 4968/4653/20 4970/4655/20 4971/4656/20
f 4972/4657/22 4973/4658/22 4974/4659/22
f 4972/4657/22 4974/4659/22 4975/4660/22
f 4976/4661/13 4977/4662/13 4978/4663/13
f 4976/4661/13 4978/4663/13 4979/4664/13
f 4980/4665/12 4981/4666/12 4982/4667/12
f 4980/4665/12 4982/4667/12 4983/4668/12
f 4984/4669/18 4985/4670/18 4986/4671/18
f 4984/4669/18 4986/4671/18 4987/4672/18
f 4988/4673/16 4989/4674/16 4990/4675/16
f 4988/4673/16 4990/4675/16 4991/4676/16
f 4992/4677/20 4993/4678/20 4994/4679/20
f 4992/4677/20 4994/4679/20 4995/4680/20
f 4996/4681/22 4997/4682/22 4998/4683/22
f 4996/4681/22 4998/4683/22 4999/4684/22
f 5000/4685/13 5001/4686/13 5002/4687/13
f 5000/4685/13 5002/4687/13 5003/4688/13
f 5004/4689/12 5005/4690/12 5006/4691/12
f 5004/4689/12 5006/4691/12 5007/4692/12
f 5008/4693/19 5009/4694/19 5010/4695/19
f 5008/4693/19 5010/4695/19 5011/4696/19
f 5012/4697/17 5013/4698/17 5014/4699/17
f 5012/4697/17 5014/4699/17 5015/4700/17
f 5016/4701/20 5017/4702/20 5018/4703/20
f 5016/4701/20 5018/4703/20 5019/4704/20
f 5020/4705/22 5021/4706/22 5022/4707/22
f 5020/4705/22 5022/4707/22 5023/4708/22
f 5024/4709/13 5025/4710/13 5026/4711/13
f 5024/4709/13 5026/4711/13 5027/4712/13
f 5028/4713/12 5029/4714/12 5030/4715/12
f 5028/4713/12 5030/4715/12 5031/4716/12
f 5032/4717/18 5033/4718/18 5034/4719/18
f 5032/4717/18 5034/4719/18 5035/4720/18
f 5036/4721/16 5037/4722/16 5038/4723/16
f 5036/4721/16 5038/4723/16 5039/4724/16
f 5040/4725/20 5041/4726/20 5042/4727/20
f 5040/4725/20 5042/4727/20 5043/4728/20
f 5044/4729/22 5045/4730/22 5046/4731/22
f 5044/4729/22 5046/4731/22 5047/4732/22
f 5048/4733/13 5049/4734/13 5050/4735/13
f 5048/4733/13 5050/4735/13 5051/4736/13
f 5052/4737/12 5053/4738/12 5054/4739/12
f 5052/4737/12 5054/4739/12 5055/4740/12
f 5056/4741/18 5057/4742/18 5058/4743/18
f 5056/4741/18 5058/4743/18 5059/4744/18
f 5060/4745/16 5061/4746/16 5062/4747/16
f 5060/4745/16 5062/4747/16 5063/4748/16
f 5064/4749/20 5065/4750/20 5066/4751/20
f 5064/4749/20 5066/4751/20 5067/4752/20
f 5068/4753/22 5069/4754/22 5070/4755/22
f 5068/4753/22 5070/4755/22 5071/4756/22
f 5072/3629/13 5073/3628/13 5074/4757/13
f 5072/3629/13 5074/4757/13 5075/4758/13
f 5076/4759/12 5077/4760/12 5078/4761/12
f 5076/4759/12 5078/4761/12 5079/4762/12
f 5080/4763/18 5081/4764/18 5082/4765/18
f 5080/4763/18 5082/4765/18 5083/4766/18
f 5084/4767/16 5085/4768/16 5086/4769/16
f 5084/4767/16 5086/4769/16 5087/4770/16
f 5088/4771/20 5089/4772/20 5090/4773/20
f 5088/4771/20 5090/4773/20 5091/4774/20
f 5092/4775/22 5093/4776/22 5094/4777/22
f 5092/4775/22 5094/4777/22 5095/4778/22
f 5096/4779/13 5097/4780/13 5098/4781/13
f 5096/4779/13 5098/4781/13 5099/4782/13
f 5100/4783/12 5101/4784/12 5102/4785/12
f 5100/4783/12 5102/4785/12 5103/4786/12
f 5104/4787/18 5105/4788/18 5106/4789/18
f 5104/4787/18 5106/4789/18 5107/4790/18
f 5108/4791/16 5109/4792/16 5110/4793/16
f 5108/4791/16 5110/4793/16 5111/4794/16
f 5112/4795/20 5113/4796/20 5114/4797/20
f 5112/4795/20 5114/4797/20 5115/4798/20
f 5116/4799/22 5117/4800/22 5118/4801/22
f 5116/4799/22 5118/4801/22 5119/4802/22
f 5120/4803/13 5121/4804/13 5122/4805/13
f 5120/4803/13 5122/4805/13 5123/4806/13
f 5124/4807/12 5125/4808/12 5126/4809/12
f 5124/4807/12 5126/4809/12 5127/4810/12
f 5128/4811/19 5129/4812/19 5130/4813/19
f 5128/4811/19 5130/4813/19 5131/4814/19
f 5132/4815/17 5133/4816/17 5134/4817/17
f 5132/4815/17 5134/4817/17 5135/4818/17
f 5136/4819/20 5137/4820/20 5138/4821/20
f 5136/4819/20 5138/4821/20 5139/4822/20
f 5140/4823/22 5141/4824/22 5142/4825/22
f 5140/4823/22 5142/4825/22 5143/4826/22
f 5144/4827/13 5145/4771/13 5146/4774/13
f 5144/4827/13 5146/4774/13 5147/4828/13
f 5148/4829/12 5149/4830/12 5150/4831/12
f 5148/4829/12 5150/4831/12 5151/4832/12
f 5152/4833/19 5153/4834/19 5154/4835/19
f 5152/4833/19 5154/4835/19 5155/4836/19
f 5156/4837/17 5157/4838/17 5158/4839/17
f 5156/4837/17 5158/4839/17 5159/4840/17
f 5160/4841/20 5161/4842/20 5162/4843/20
f 5160/4841/20 5162/4843/20 5163/4844/20
f 5164/4845/22 5165/4846/22 5166/4847/22
f 5164/4845/22 5166/4847/22 5167/4848/22
f 5168/4849/13 5169/4850/13 5170/4851/13
f 5168/4849/13 5170/4851/13 5171/4852/13
f 5172/4853/12 5173/4854/12 5174/4855/12
f 5172/4853/12 5174/4855/12 5175/4856/12
f 5176/4857/18 5177/4858/18 5178/4859/18
f 5176/4857/18 5178/4859/18 5179/4860/18
f 5180/4861/16 5181/4862/16 5182/4863/16
f 5180/4861/16 5182/4863/16 5183/4864/16
f 5184/4865/20 5185/4866/20 5186/4867/20
f 5184/4865/20 5186/4867/20 5187/4868/20
f 5188/4869/22 5189/4870/22 5190/4871/22
f 5188/4869/22 5190/4871/22 5191/4872/22
f 5192/4873/13 5193/4874/13 5194/4875/13
f 5192/4873/13 5194/4875/13 5195/4876/13
f 5196/4050/12 5197/4877/12 5198/4878/12
f 5196/4050/12 5198/4878/12 5199/4051/12
f 5200/4879/19 5201/4880/19 5202/4881/19
f 5200/4879/19 5202/4881/19 5203/4882/19
f 5204/4883/17 5205/4884/17 5206/4885/17
f 5204/4883/17 5206/4885/17 5207/4886/17
f 5208/4887/20 5209/4888/20 5210/4889/20
f 5208/4887/20 5210/4889/20 5211/4890/20
f 5212/4060/22 5213/4059/22 5214/4891/22
f 5212/4060/22 5214/4891/22 5215/4892/22
f 5216/4893/13 5217/4894/13 5218/4895/13
f 5216/4893/13 5218/4895/13 5219/4896/13
f 5220/4877/12 5221/4897/12 5222/4898/12
f 5220/4877/12 5222/4898/12 5223/4878/12
f 5224/4899/18 5225/4900/18 5226/4901/18
f 5224/4899/18 5226/4901/18 5227/4902/18
f 5228/4903/16 5229/4904/16 5230/4905/16
f 5228/4903/16 5230/4905/16 5231/4906/16
f 5232/4907/20 5233/4908/20 5234/4909/20
f 5232/4907/20 5234/4909/20 5235/4910/20
f 5236/4911/22 5237/4912/22 5238/4913/22
f 5236/4911/22 5238/4913/22 5239/4914/22
f 5240/4915/13 5241/4916/13 5242/4917/13
f 5240/4915/13 5242/4917/13 5243/4918/13
f 5244/4919/12 5245/4920/12 5246/4921/12
f 5244/4919/12 5246/4921/12 5247/4922/12
f 5248/4923/18 5249/4924/18 5250/4925/18
f 5248/4923/18 5250/4925/18 5251/4926/18
f 5252/4927/16 5253/4928/16 5254/4929/16
f 5252/4927/16 5254/4929/16 5255/4930/16
f 5256/4931/20 5257/4932/20 5258/4933/20
f 5256/4931/20 5258/4933/20 5259/4934/20
f 5260/4935/22 5261/4936/22 5262/4937/22
f 5260/4935/22 5262/4937/22 5263/4938/22
f 5264/4939/13 5265/4940/13 5266/4941/13
f 5264/4939/13 5266/4941/13 5267/4942/13
f 5268/4943/12 5269/4944/12 5270/4945/12
f 5268/4943/12 5270/4945/12 5271/4946/12
f 5272/4947/19 5273/4948/19 5274/4949/19
f 5272/4947/19 5274/4949/19 5275/4950/19
f 5276/4951/17 5277/4952/17 5278/4953/17
f 5276/4951/17 5278/4953/17 5279/4954/17
f 5280/4955/20 5281/4956/20 5282/4957/20
f 5280/4955/20 5282/4957/20 5283/4958/20
f 5284/4959/22 5285/4960/22 5286/4961/22
f 5284/4959/22 5286/4961/22 5287/4962/22
f 5288/4963/13 5289/4964/13 5290/4965/13
f 5288/4963/13 5290/4965/13 5291/4966/13
f 5292/4967/12 5293/4968/12 5294/4969/12
f 5292/4967/12 5294/4969/12 5295/4970/12
f 5296/4971/18 5297/4972/18 5298/4973/18
f 5296/4971/18 5298/4973/18 5299/4974/18
f 5300/4975/16 5301/4976/16 5302/4977/16
f 5300/4975/16 5302/4977/16 5303/4978/16
f 5304/4979/20 5305/4980/20 5306/4981/20
f 5304/4979/20 5306/4981/20 5307/4982/20
f 5308/4983/22 5309/4984/22 5310/4985/22
f 5308/4983/22 5310/4985/22 5311/4986/22
f 5312/4987/13 5313/4988/13 5314/4989/13
f 5312/4987/13 5314/4989/13 5315/4990/13
f 5316/4991/12 5317/4992/12 5318/4993/12
f 5316/4991/12 5318/4993/12 5319/4994/12
f 5320/4995/18 5321/4996/18 5322/4997/18
f 5320/4995/18 5322/4997/18 5323/4998/18
f 5324/4999/16 5325/5000/16 5326/5001/16
f 5324/4999/16 5326/5001/16 5327/5002/16
f 5328/5003/20 5329/5004/20 5330/5005/20
f 5328/5003/20 5330/5005/20 5331/5006/20
f 5332/5007/22 5333/5008/22 5334/5009/22
f 5332/5007/22 5334/5009/22 5335/5010/22
f 5336/5011/13 5337/5012/13 5338/5013/13
f 5336/5011/13 5338/5013/13 5339/5014/13
f 5340/5015/12 5341/5016/12 5342/5017/12
f 5340/5015/12 5342/5017/12 5343/5018/12
f 5344/5019/18 5345/5020/18 5346/5021/18
f 5344/5019/18 5346/5021/18 5347/5022/18
f 5348/5023/16 5349/5024/16 5350/5025/16
f 5348/5023/16 5350/5025/16 5351/5026/16
f 5352/5027/20 5353/5028/20 5354/5029/20
f 5352/5027/20 5354/5029/20 5355/5030/20
f 5356/5031/22 5357/5032/22 5358/5033/22
f 5356/5031/22 5358/5033/22 5359/5034/22
f 5360/5035/13 5361/5036/13 5362/5037/13
f 5360/5035/13 5362/5037/13 5363/5038/13
f 5364/5039/12 5365/5040/12 5366/5041/12
f 5364/5039/12 5366/5041/12 5367/5042/12
f 5368/5043/18 5369/5044/18 5370/5045/18
f 5368/5043/18 5370/5045/18 5371/5046/18
f 5372/5047/16 5373/5048/16 5374/5049/16
f 5372/5047/16 5374/5049/16 5375/5050/16
f 5376/4980/20 5377/5051/20 5378/5052/20
f 5376/4980/20 5378/5052/20 5379/4981/20
f 5380/5053/22 5381/5054/22 5382/5055/22
f 5380/5053/22 5382/5055/22 5383/5056/22
f 5384/5057/13 5385/5058/13 5386/5059/13
f 5384/5057/13 5386/5059/13 5387/5060/13
f 5388/5061/12 5389/5062/12 5390/5063/12
f 5388/5061/12 5390/5063/12 5391/5064/12
f 5392/5065/18 5393/5066/18 5394/5067/18
f 5392/5065/18 5394/5067/18 5395/5068/18
f 5396/5069/16 5397/4549/16 5398/4552/16
f 5396/5069/16 5398/4552/16 5399/5070/16
f 5400/5071/20 5401/5072/20 5402/5073/20
f 5400/5071/20 5402/5073/20 5403/5074/20
f 5404/5075/22 5405/5076/22 5406/5077/22
f 5404/5075/22 5406/5077/22 5407/5078/22
f 5408/5079/13 5409/5080/13 5410/5081/13
f 5408/5079/13 5410/5081/13 5411/5082/13
f 5412/5083/12 5413/5084/12 5414/5085/12
f 5412/5083/12 5414/5085/12 5415/5086/12
f 5416/5087/18 5417/5088/18 5418/5089/18
f 5416/5087/18 5418/5089/18 5419/5090/18
f 5420/5091/16 5421/5092/16 5422/5093/16
f 5420/5091/16 5422/5093/16 5423/5094/16
f 5424/5095/20 5425/5096/20 5426/5097/20
f 5424/5095/20 5426/5097/20 5427/5098/20
f 5428/5099/22 5429/5100/22 5430/4006/22
f 5428/5099/22 5430/4006/22 5431/4005/22
f 5432/5101/13 5433/5102/13 5434/5103/13
f 5432/5101/13 5434/5103/13 5435/5104/13
f 5436/2447/12 5437/2446/12 5438/5105/12
f 5436/2447/12 5438/5105/12 5439/5106/12
f 5440/5107/18 5441/5108/18 5442/5109/18
f 5440/5107/18 5442/5109/18 5443/5110/18
f 5444/5111/16 5445/5112/16 5446/5113/16
f 5444/5111/16 5446/5113/16 5447/5114/16
f 5448/5115/20 5449/5116/20 5450/5117/20
f 5448/5115/20 5450/5117/20 5451/5118/20
f 5452/5119/22 5453/2465/22 5454/2487/22
f 5452/5119/22 5454/2487/22 5455/5120/22
f 5456/5121/13 5457/5122/13 5458/5123/13
f 5456/5121/13 5458/5123/13 5459/5124/13
f 5460/5125/12 5461/5126/12 5462/5127/12
f 5460/5125/12 5462/5127/12 5463/5128/12
f 5464/5129/18 5465/5130/18 5466/5131/18
f 5464/5129/18 5466/5131/18 5467/5132/18
f 5468/5133/16 5469/5134/16 5470/5135/16
f 5468/5133/16 5470/5135/16 5471/5136/16
f 5472/5137/20 5473/5138/20 5474/5139/20
f 5472/5137/20 5474/5139/20 5475/5140/20
f 5476/5141/22 5477/5142/22 5478/5143/22
f 5476/5141/22 5478/5143/22 5479/5144/22
f 5480/4421/13 5481/4420/13 5482/5145/13
f 5480/4421/13 5482/5145/13 5483/5146/13
f 5484/5147/12 5485/5148/12 5486/5149/12
f 5484/5147/12 5486/5149/12 5487/5150/12
f 5488/5136/18 5489/5151/18 5490/5152/18
f 5488/5136/18 5490/5152/18 5491/5133/18
f 5492/5153/16 5493/5154/16 5494/5155/16
f 5492/5153/16 5494/5155/16 5495/5156/16
f 5496/5157/20 5497/5158/20 5498/5159/20
f 5496/5157/20 5498/5159/20 5499/5160/20
f 5500/5161/22 5501/5162/22 5502/5163/22
f 5500/5161/22 5502/5163/22 5503/5164/22
f 5504/5165/13 5505/5166/13 5506/5167/13
f 5504/5165/13 5506/5167/13 5507/5168/13
f 5508/5169/12 5509/5170/12 5510/5171/12
f 5508/5169/12 5510/5171/12 5511/5172/12
f 5512/5173/19 5513/5174/19 5514/5175/19
f 5512/5173/19 5514/5175/19 5515/5176/19
f 5516/4087/17 5517/2195/17 5518/5177/17
f 5516/4087/17 5518/5177/17 5519/5178/17
f 5520/5179/20 5521/5180/20 5522/5181/20
f 5520/5179/20 5522/5181/20 5523/5182/20
f 5524/5183/22 5525/5184/22 5526/5185/22
f 5524/5183/22 5526/5185/22 5527/5186/22
f 5528/5187/13 5529/5188/13 5530/5189/13
f 5528/5187/13 5530/5189/13 5531/5190/13
f 5532/5191/12 5533/5192/12 5534/5193/12
f 5532/5191/12 5534/5193/12 5535/5194/12
f 5536/5195/18 5537/5196/18 5538/5197/18
f 5536/5195/18 5538/5197/18 5539/5198/18
f 5540/5199/16 5541/5200/16 5542/5201/16
f 5540/5199/16 5542/5201/16 5543/5202/16
f 5544/5203/20 5545/5204/20 5546/5205/20
f 5544/5203/20 5546/5205/20 5547/5206/20
f 5548/5207/22 5549/5208/22 5550/5209/22
f 5548/5207/22 5550/5209/22 5551/5210/22
f 5552/5211/13 5553/5212/13 5554/5213/13
f 5552/5211/13 5554/5213/13 5555/5214/13
f 5556/5215/12 5557/5207/12 5558/5210/12
f 5556/5215/12 5558/5210/12 5559/5216/12
f 5560/5217/18 5561/5218/18 5562/5219/18
f 5560/5217/18 5562/5219/18 5563/5220/18
f 5564/5221/16 5565/5222/16 5566/5223/16
f 5564/5221/16 5566/5223/16 5567/5224/16
f 5568/5225/20 5569/5226/20 5570/5227/20
f 5568/5225/20 5570/5227/20 5571/5228/20
f 5572/5229/22 5573/5209/22 5574/5208/22
f 5572/5229/22 5574/5208/22 5575/5230/22
f 5576/5231/13 5577/5232/13 5578/5233/13
f 5576/5231/13 5578/5233/13 5579/5234/13
f 5580/5235/12 5581/5236/12 5582/5237/12
f 5580/5235/12 5582/5237/12 5583/5238/12
f 5584/5239/18 5585/5240/18 5586/5241/18
f 5584/5239/18 5586/5241/18 5587/5242/18
f 5588/5243/16 5589/5244/16 5590/5245/16
f 5588/5243/16 5590/5245/16 5591/5246/16
f 5592/5247/20 5593/5248/20 5594/5249/20
f 5592/5247/20 5594/5249/20 5595/5250/20
f 5596/5251/22 5597/5252/22 5598/5253/22
f 5596/5251/22 5598/5253/22 5599/5254/22
f 5600/5255/13 5601/5256/13 5602/5257/13
f 5600/5255/13 5602/5257/13 5603/5258/13
f 5604/5259/12 5605/5260/12 5606/5261/12
f 5604/5259/12 5606/5261/12 5607/5262/12
f 5608/5263/19 5609/5264/19 5610/5265/19
f 5608/5263/19 5610/5265/19 5611/5266/19
f 5612/5267/17 5613/5268/17 5614/5269/17
f 5612/5267/17 5614/5269/17 5615/5270/17
f 5616/5271/20 5617/5272/20 5618/5273/20
f 5616/5271/20 5618/5273/20 5619/5274/20
f 5620/5275/22 5621/5276/22 5622/5277/22
f 5620/5275/22 5622/5277/22 5623/5278/22
f 5624/5279/13 5625/5280/13 5626/5281/13
f 5624/5279/13 5626/5281/13 5627/5282/13
f 5628/5283/12 5629/5284/12 5630/5285/12
f 5628/5283/12 5630/5285/12 5631/5286/12
f 5632/5287/18 5633/5288/18 5634/5289/18
f 5632/5287/18 5634/5289/18 5635/5290/18
f 5636/5291/16 5637/5292/16 5638/5293/16
f 5636/5291/16 5638/5293/16 5639/5294/16
f 5640/5295/20 5641/5296/20 5642/5297/20
f 5640/5295/20 5642/5297/20 5643/5298/20
f 5644/5299/22 5645/5300/22 5646/5301/22
f 5644/5299/22 5646/5301/22 5647/5302/22
f 5648/5303/13 5649/5273/13 5650/5272/13
f 5648/5303/13 5650/5272/13 5651/5304/13
f 5652/5305/12 5653/5306/12 5654/5307/12
f 5652/5305/12 5654/5307/12 5655/5308/12
f 5656/5309/18 5657/5310/18 5658/5311/18
f 5656/5309/18 5658/5311/18 5659/5312/18
f 5660/5313/16 5661/5314/16 5662/5315/16
f 5660/5313/16 5662/5315/16 5663/5316/16
f 5664/5317/60 5665/5318/60 5666/5319/60
f 5664/5317/60 5666/5319/60 5667/5320/60
f 5668/5321/61 5669/5322/61 5670/5323/61
f 5668/5321/61 5670/5323/61 5671/5324/61
f 5672/5325/18 5673/5326/19 5674/5327/18
f 5672/5325/18 5674/5327/18 5675/5328/18
f 5676/5329/13 5677/5330/13 5678/5331/13
f 5676/5329/13 5678/5331/13 5679/5332/13
f 5680/5333/16 5681/5334/16 5682/5335/16
f 5680/5333/16 5682/5335/16 5683/5336/17
f 5684/5337/21 5685/5338/21 5686/5339/21
f 5684/5337/21 5686/5339/21 5687/5340/21
f 5688/5341/21 5689/5342/21 5690/5343/21
f 5688/5341/21 5690/5343/21 5691/5344/21
f 5692/5345/16 5693/5346/16 5694/5347/16
f 5692/5345/16 5694/5347/16 5695/5348/17
f 5696/5349/13 5697/5350/13 5698/5351/13
f 5696/5349/13 5698/5351/13 5699/5352/13
f 5700/5353/18 5701/5354/19 5702/5355/18
f 5700/5353/18 5702/5355/18 5703/5356/18
f 5704/5357/62 5705/5358/62 5706/5359/62
f 5704/5357/62 5706/5359/62 5707/5360/62
f 5708/5361/63 5709/5362/63 5710/5363/63
f 5708/5361/63 5710/5363/63 5711/5364/63
f 5712/5365/64 5713/5366/64 5714/5367/64
f 5712/5365/64 5714/5367/64 5715/5368/64
f 5716/5369/62 5717/5370/62 5718/5371/62
f 5716/5369/62 5718/5371/62 5719/5372/62
f 5720/5373/18 5721/5374/19 5722/5375/18
f 5720/5373/18 5722/5375/18 5723/5376/18
f 5724/5377/13 5725/5378/13 5726/5379/13
f 5724/5377/13 5726/5379/13 5727/5380/13
f 5728/5381/16 5729/5382/16 5730/5383/16
f 5728/5381/16 5730/5383/16 5731/5384/17
f 5732/5385/20 5733/5386/20 5734/5387/20
f 5732/5385/20 5734/5387/20 5735/5388/20
f 5736/5389/65 5737/5390/65 5738/5391/65
f 5736/5389/65 5738/5391/65 5739/5392/65
f 5740/5393/61 5741/5394/61 5742/5395/61
f 5740/5393/61 5742/5395/61 5743/5396/61
f 5744/5397/18 5745/5398/19 5746/5399/18
f 5744/5397/18 5746/5399/18 5747/5400/18
f 5748/5401/13 5749/5402/13 5750/5403/13
f 5748/5401/13 5750/5403/13 5751/5404/13
f 5752/5405/16 5753/5406/16 5754/5407/16
f 5752/5405/16 5754/5407/16 5755/5408/17
f 5756/5409/20 5757/5410/20 5758/5411/20
f 5756/5409/20 5758/5411/20 5759/5412/20
f 5760/5413/65 5761/5414/65 5762/5415/65
f 5760/5413/65 5762/5415/65 5763/5416/65
f 5764/5417/66 5765/5418/66 5766/5419/66
f 5764/5417/66 5766/5419/66 5767/5420/66
f 5768/5421/18 5769/5422/19 5770/5423/18
f 5768/5421/18 5770/5423/18 5771/5424/18
f 5772/5425/15 5773/5426/15 5774/5427/15
f 5772/5425/15 5774/5427/15 5775/5428/15
f 5776/5429/16 5777/5430/16 5778/5431/16
f 5776/5429/16 5778/5431/16 5779/5432/17
f 5780/5433/21 5781/5434/21 5782/5435/21
f 5780/5433/21 5782/5435/21 5783/5436/21
f 5784/5437/22 5785/5438/22 5786/5439/22
f 5784/5437/22 5786/5439/22 5787/5440/22
f 5788/5441/13 5789/5442/13 5790/5443/13
f 5788/5441/13 5790/5443/13 5791/5444/13
f 5792/5445/12 5793/5446/12 5794/5447/12
f 5792/5445/12 5794/5447/12 5795/5448/12
f 5796/5449/20 5797/5450/20 5798/5451/20
f 5796/5449/20 5798/5451/20 5799/5452/20
f 5800/5453/18 5801/5454/18 5802/5455/18
f 5800/5453/18 5802/5455/18 5803/5456/18
f 5804/5457/16 5805/5458/16 5806/5459/16
f 5804/5457/16 5806/5459/16 5807/5460/16
f 5808/5461/67 5809/5462/68 5810/5463/67
f 5808/5461/67 5810/5463/67 5811/5464/69
f 5812/5465/70 5813/5466/71 5814/5467/70
f 5812/5465/70 5814/5467/70 5815/5468/72
f 5816/5469/73 5817/5470/74 5818/5471/73
f 5816/5469/73 5818/5471/73 5819/5472/75
f 5820/5473/76 5821/5474/77 5822/5475/76
f 5820/5473/76 5822/5475/76 5823/5476/78
f 5824/5477/79 5825/5478/80 5826/5479/79
f 5824/5477/79 5826/5479/79 5827/5480/81
f 5828/5481/82 5829/5482/83 5830/5483/82
f 5828/5481/82 5830/5483/82 5831/5484/84
f 5832/5485/22 5833/5486/22 5834/5487/22
f 5832/5485/22 5834/5487/22 5835/5488/22
f 5836/5489/13 5837/5490/13 5838/5491/13
f 5836/5489/13 5838/5491/13 5839/5492/13
f 5840/5493/12 5841/5494/12 5842/5495/12
f 5840/5493/12 5842/5495/12 5843/5496/12
f 5844/5497/20 5845/5498/20 5846/5499/20
f 5844/5497/20 5846/5499/20 5847/5500/20
f 5848/5501/18 5849/5502/18 5850/5503/18
f 5848/5501/18 5850/5503/18 5851/5504/18
f 5852/5505/16 5853/5506/16 5854/5507/16
f 5852/5505/16 5854/5507/16 5855/5508/16
f 5856/5509/22 5857/5510/22 5858/5511/22
f 5856/5509/22 5858/5511/22 5859/5512/22
f 5860/5513/13 5861/5514/13 5862/5515/13
f 5860/5513/13 5862/5515/13 5863/5516/13
f 5864/5517/12 5865/5518/12 5866/5519/12
f 5864/5517/12 5866/5519/12 5867/5520/12
f 5868/5521/20 5869/5522/20 5870/4912/20
f 5868/5521/20 5870/4912/20 5871/4911/20
f 5872/5523/18 5873/5524/18 5874/5525/18
f 5872/5523/18 5874/5525/18 5875/5526/18
f 5876/5527/16 5877/5528/16 5878/5529/16
f 5876/5527/16 5878/5529/16 5879/5530/16
f 5880/5531/22 5881/5532/22 5882/5533/22
f 5880/5531/22 5882/5533/22 5883/5534/22
f 5884/5535/13 5885/5536/13 5886/5537/13
f 5884/5535/13 5886/5537/13 5887/5538/13
f 5888/5539/12 5889/5540/12 5890/5541/12
f 5888/5539/12 5890/5541/12 5891/5542/12
f 5892/5543/20 5893/5544/20 5894/5545/20
f 5892/5543/20 5894/5545/20 5895/5546/20
f 5896/5547/18 5897/5548/18 5898/5549/18
f 5896/5547/18 5898/5549/18 5899/5550/18
f 5900/3699/16 5901/5551/16 5902/5552/16
f 5900/3699/16 5902/5552/16 5903/5553/16
f 5904/5554/22 5905/5555/22 5906/5556/22
f 5904/5554/22 5906/5556/22 5907/5557/22
f 5908/5558/13 5909/5559/13 5910/5560/13
f 5908/5558/13 5910/5560/13 5911/5561/13
f 5912/4271/12 5913/5562/12 5914/5563/12
f 5912/4271/12 5914/5563/12 5915/5564/12
f 5916/5565/20 5917/5566/20 5918/2631/20
f 5916/5565/20 5918/2631/20 5919/2630/20
f 5920/5567/19 5921/5568/19 5922/5569/19
f 5920/5567/19 5922/5569/19 5923/5570/19
f 5924/5571/17 5925/5572/17 5926/3714/17
f 5924/5571/17 5926/3714/17 5927/5573/17
f 5928/5574/85 5929/5575/86 5930/5576/85
f 5928/5574/85 5930/5576/85 5931/5577/87
f 5932/5578/88 5933/5579/89 5934/5580/88
f 5932/5578/88 5934/5580/88 5935/5581/90
f 5936/5582/91 5937/5576/92 5938/5583/91
f 5936/5582/91 5938/5583/91 5939/5584/93
f 5940/5585/94 5941/5586/95 5942/5587/94
f 5940/5585/94 5942/5587/94 5943/5588/96
f 5944/5589/97 5945/5590/98 5946/5591/97
f 5944/5589/97 5946/5591/97 5947/5592/99
f 5948/5593/100 5949/5594/101 5950/5592/100
f 5948/5593/100 5950/5592/100 5951/5595/102
f 5952/5596/22 5953/5597/22 5954/5598/22
f 5952/5596/22 5954/5598/22 5955/5599/22
f 5956/5600/13 5957/5601/13 5958/5602/13
f 5956/5600/13 5958/5602/13 5959/5603/13
f 5960/5604/12 5961/5605/12 5962/5606/12
f 5960/5604/12 5962/5606/12 5963/5607/12
f 5964/5608/20 5965/5609/20 5966/5610/20
f 5964/5608/20 5966/5610/20 5967/5611/20
f 5968/5612/18 5969/5613/18 5970/5614/18
f 5968/5612/18 5970/5614/18 5971/5615/18
f 5972/2718/16 5973/5616/16 5974/5617/16
f 5972/2718/16 5974/5617/16 5975/5618/16
f 5976/5619/22 5977/5620/22 5978/5621/22
f 5976/5619/22 5978/5621/22 5979/5622/22
f 5980/5623/13 5981/5624/13 5982/5625/13
f 5980/5623/13 5982/5625/13 5983/5626/13
f 5984/5627/12 5985/5628/12 5986/5629/12
f 5984/5627/12 5986/5629/12 5987/5630/12
f 5988/5631/20 5989/5632/20 5990/5633/20
f 5988/5631/20 5990/5633/20 5991/5634/20
f 5992/5635/18 5993/5636/18 5994/5637/18
f 5992/5635/18 5994/5637/18 5995/5638/18
f 5996/5639/16 5997/5640/16 5998/5641/16
f 5996/5639/16 5998/5641/16 5999/5642/16
f 6000/5643/22 6001/5644/22 6002/5645/22
f 6000/5643/22 6002/5645/22 6003/5646/22
f 6004/5647/13 6005/5648/13 6006/5649/13
f 6004/5647/13 6006/5649/13 6007/5650/13
f 6008/5651/12 6009/5652/12 6010/5653/12
f 6008/5651/12 6010/5653/12 6011/5654/12
f 6012/5655/20 6013/5656/20 6014/5657/20
f 6012/5655/20 6014/5657/20 6015/5658/20
f 6016/5659/18 6017/5660/18 6018/4866/18
f 6016/5659/18 6018/4866/18 6019/5661/18
f 6020/5662/16 6021/5663/16 6022/5664/16
f 6020/5662/16 6022/5664/16 6023/5665/16
f 6024/5666/22 6025/5667/22 6026/5668/22
f 6024/5666/22 6026/5668/22 6027/5669/22
f 6028/5670/13 6029/3155/13 6030/3179/13
f 6028/5670/13 6030/3179/13 6031/5671/13
f 6032/5672/12 6033/5673/12 6034/5674/12
f 6032/5672/12 6034/5674/12 6035/5675/12
f 6036/5676/20 6037/5677/20 6038/5678/20
f 6036/5676/20 6038/5678/20 6039/5679/20
f 6040/5680/18 6041/5681/18 6042/5682/18
f 6040/5680/18 6042/5682/18 6043/5683/18
f 6044/5684/16 6045/5685/16 6046/5686/16
f 6044/5684/16 6046/5686/16 6047/5687/16
f 6048/3176/22 6049/5688/22 6050/5689/22
f 6048/3176/22 6050/5689/22 6051/5690/22
f 6052/5691/13 6053/5692/13 6054/5693/13
f 6052/5691/13 6054/5693/13 6055/5694/13
f 6056/5695/12 6057/5696/12 6058/5697/12
f 6056/5695/12 6058/5697/12 6059/5698/12
f 6060/5699/20 6061/5700/20 6062/5701/20
f 6060/5699/20 6062/5701/20 6063/5702/20
f 6064/5703/18 6065/5704/18 6066/5705/18
f 6064/5703/18 6066/5705/18 6067/5706/18
f 6068/5707/16 6069/5708/16 6070/5709/16
f 6068/5707/16 6070/5709/16 6071/5710/16
f 6072/5711/59 6073/5712/59 6074/5713/59
f 6072/5711/59 6074/5713/59 6075/5714/59
f 6076/5715/13 6077/5716/13 6078/5717/13
f 6076/5715/13 6078/5717/13 6079/5718/13
f 6080/5719/14 6081/5720/14 6082/5721/14
f 6080/5719/14 6082/5721/14 6083/5722/14
f 6084/5723/20 6085/5724/20 6086/5725/20
f 6084/5723/20 6086/5725/20 6087/5726/20
f 6088/5727/18 6089/5728/18 6090/5729/18
f 6088/5727/18 6090/5729/18 6091/5730/18
f 6092/5731/16 6093/5732/16 6094/5733/16
f 6092/5731/16 6094/5733/16 6095/5734/16
f 6096/5735/59 6097/5736/59 6098/5737/59
f 6096/5735/59 6098/5737/59 6099/5738/59
f 6100/5739/13 6101/5740/13 6102/5741/13
f 6100/5739/13 6102/5741/13 6103/5742/13
f 6104/3193/14 6105/5743/14 6106/5744/14
f 6104/3193/14 6106/5744/14 6107/3700/14
f 6108/5745/20 6109/5746/20 6110/5747/20
f 6108/5745/20 6110/5747/20 6111/5748/20
f 6112/5749/18 6113/5750/18 6114/5751/18
f 6112/5749/18 6114/5751/18 6115/5752/18
f 6116/5753/16 6117/5754/16 6118/5755/16
f 6116/5753/16 6118/5755/16 6119/5756/16
f 6120/5583/59 6121/5757/59 6122/5758/59
f 6120/5583/59 6122/5758/59 6123/5759/59
f 6124/5760/13 6125/5761/13 6126/5762/13
f 6124/5760/13 6126/5762/13 6127/5763/13
f 6128/5764/14 6129/5765/14 6130/5766/14
f 6128/5764/14 6130/5766/14 6131/5767/14
f 6132/5768/20 6133/5769/20 6134/5770/20
f 6132/5768/20 6134/5770/20 6135/5771/20
f 6136/5772/18 6137/5773/18 6138/5774/18
f 6136/5772/18 6138/5774/18 6139/5775/18
f 6140/5776/16 6141/5777/16 6142/5778/16
f 6140/5776/16 6142/5778/16 6143/5779/16
f 6144/5780/22 6145/5781/22 6146/5782/22
f 6144/5780/22 6146/5782/22 6147/5783/22
f 6148/5784/13 6149/5785/13 6150/5786/13
f 6148/5784/13 6150/5786/13 6151/5787/13
f 6152/5788/12 6153/5789/12 6154/5790/12
f 6152/5788/12 6154/5790/12 6155/5791/12
f 6156/5792/20 6157/5793/20 6158/5794/20
f 6156/5792/20 6158/5794/20 6159/5795/20
f 6160/5796/18 6161/3694/18 6162/3697/18
f 6160/5796/18 6162/3697/18 6163/5797/18
f 6164/5798/16 6165/5799/16 6166/3639/16
f 6164/5798/16 6166/3639/16 6167/5800/16
f 6168/5801/59 6169/5802/59 6170/5803/59
f 6168/5801/59 6170/5803/59 6171/5804/59
f 6172/5805/13 6173/5806/13 6174/5807/13
f 6172/5805/13 6174/5807/13 6175/5808/13
f 6176/5809/14 6177/5810/14 6178/5811/14
f 6176/5809/14 6178/5811/14 6179/5812/14
f 6180/5813/20 6181/5814/20 6182/5815/20
f 6180/5813/20 6182/5815/20 6183/5816/20
f 6184/5817/18 6185/5818/18 6186/5819/18
f 6184/5817/18 6186/5819/18 6187/5820/18
f 6188/5821/16 6189/5822/16 6190/5823/16
f 6188/5821/16 6190/5823/16 6191/5824/16
f 6192/5825/22 6193/5826/22 6194/5827/22
f 6192/5825/22 6194/5827/22 6195/5828/22
f 6196/5829/16 6197/5830/16 6198/5831/16
f 6196/5829/16 6198/5831/16 6199/5832/16
f 6200/5833/12 6201/5834/12 6202/2939/12
f 6200/5833/12 6202/2939/12 6203/5835/12
f 6204/5836/18 6205/5837/18 6206/5838/18
f 6204/5836/18 6206/5838/18 6207/5839/18
f 6208/5239/13 6209/5840/13 6210/5841/13
f 6208/5239/13 6210/5841/13 6211/5842/13
f 6212/5843/20 6213/5844/20 6214/5845/20
f 6212/5843/20 6214/5845/20 6215/5846/20
f 6216/5847/22 6217/5848/22 6218/5849/22
f 6216/5847/22 6218/5849/22 6219/5850/22
f 6220/5851/16 6221/5852/16 6222/5853/16
f 6220/5851/16 6222/5853/16 6223/5854/16
f 6224/5855/12 6225/5856/12 6226/5857/12
f 6224/5855/12 6226/5857/12 6227/5858/12
f 6228/5859/18 6229/5860/18 6230/5861/18
f 6228/5859/18 6230/5861/18 6231/5862/18
f 6232/5863/15 6233/5864/15 6234/5865/15
f 6232/5863/15 6234/5865/15 6235/5866/15
f 6236/5867/21 6237/5868/21 6238/5869/21
f 6236/5867/21 6238/5869/21 6239/5870/21
f 6240/5871/22 6241/5872/22 6242/5873/22
f 6240/5871/22 6242/5873/22 6243/5874/22
f 6244/5875/16 6245/5876/16 6246/5877/16
f 6244/5875/16 6246/5877/16 6247/5878/16
f 6248/5879/12 6249/5880/12 6250/5881/12
f 6248/5879/12 6250/5881/12 6251/5882/12
f 6252/5883/18 6253/5861/18 6254/5860/18
f 6252/5883/18 6254/5860/18 6255/5884/18
f 6256/5885/15 6257/5886/15 6258/5887/15
f 6256/5885/15 6258/5887/15 6259/5888/15
f 6260/5889/21 6261/5890/21 6262/5891/21
f 6260/5889/21 6262/5891/21 6263/5892/21
f 6264/5893/22 6265/5894/22 6266/5895/22
f 6264/5893/22 6266/5895/22 6267/5896/22
f 6268/5897/13 6269/5898/13 6270/5899/13
f 6268/5897/13 6270/5899/13 6271/5900/13
f 6272/5901/12 6273/5902/12 6274/5903/12
f 6272/5901/12 6274/5903/12 6275/5904/12
f 6276/5905/20 6277/5906/20 6278/4052/20
f 6276/5905/20 6278/4052/20 6279/4051/20
f 6280/5907/18 6281/5821/18 6282/5824/18
f 6280/5907/18 6282/5824/18 6283/5908/18
f 6284/5909/16 6285/5910/16 6286/5911/16
f 6284/5909/16 6286/5911/16 6287/5912/16
f 6288/5913/22 6289/5914/22 6290/5915/22
f 6288/5913/22 6290/5915/22 6291/5916/22
f 6292/5917/13 6293/5918/13 6294/5919/13
f 6292/5917/13 6294/5919/13 6295/5920/13
f 6296/5921/12 6297/5922/12 6298/5923/12
f 6296/5921/12 6298/5923/12 6299/5924/12
f 6300/5925/20 6301/5926/20 6302/5927/20
f 6300/5925/20 6302/5927/20 6303/5928/20
f 6304/5929/19 6305/5930/19 6306/5931/19
f 6304/5929/19 6306/5931/19 6307/5932/19
f 6308/5933/17 6309/5934/17 6310/5935/17
f 6308/5933/17 6310/5935/17 6311/5936/17
f 6312/5937/22 6313/5938/22 6314/5939/22
f 6312/5937/22 6314/5939/22 6315/5940/22
f 6316/5941/13 6317/5942/13 6318/5943/13
f 6316/5941/13 6318/5943/13 6319/5944/13
f 6320/5945/12 6321/3198/12 6322/5946/12
f 6320/5945/12 6322/5946/12 6323/5947/12
f 6324/5948/20 6325/5949/20 6326/5950/20
f 6324/5948/20 6326/5950/20 6327/5951/20
f 6328/5952/19 6329/5953/19 6330/5954/19
f 6328/5952/19 6330/5954/19 6331/5955/19
f 6332/5956/17 6333/5957/17 6334/5958/17
f 6332/5956/17 6334/5958/17 6335/5959/17
f 6336/5960/22 6337/5961/22 6338/5962/22
f 6336/5960/22 6338/5962/22 6339/5963/22
f 6340/5964/13 6341/5965/13 6342/5966/13
f 6340/5964/13 6342/5966/13 6343/5967/13
f 6344/5968/12 6345/5969/12 6346/5970/12
f 6344/5968/12 6346/5970/12 6347/5971/12
f 6348/5972/20 6349/5973/20 6350/5974/20
f 6348/5972/20 6350/5974/20 6351/5975/20
f 6352/5976/18 6353/5977/18 6354/5978/18
f 6352/5976/18 6354/5978/18 6355/5979/18
f 6356/5980/16 6357/5981/16 6358/5982/16
f 6356/5980/16 6358/5982/16 6359/5983/16
f 6360/5984/20 6361/5985/20 6362/5986/20
f 6360/5984/20 6362/5986/20 6363/5987/20
f 6364/4050/22 6365/4049/22 6366/5988/22
f 6364/4050/22 6366/5988/22 6367/5989/22
f 6368/5990/13 6369/5991/13 6370/5992/13
f 6368/5990/13 6370/5992/13 6371/5993/13
f 6372/5994/12 6373/5995/12 6374/5996/12
f 6372/5994/12 6374/5996/12 6375/5997/12
f 6376/5998/19 6377/5999/19 6378/6000/19
f 6376/5998/19 6378/6000/19 6379/6001/19
f 6380/6002/17 6381/6003/17 6382/6004/17
f 6380/6002/17 6382/6004/17 6383/6005/17
f 6384/6006/20 6385/6007/20 6386/6008/20
f 6384/6006/20 6386/6008/20 6387/6009/20
f 6388/4897/22 6389/4877/22 6390/6010/22
f 6388/4897/22 6390/6010/22 6391/6011/22
f 6392/6012/13 6393/6013/13 6394/6014/13
f 6392/6012/13 6394/6014/13 6395/6015/13
f 6396/6016/12 6397/6017/12 6398/6018/12
f 6396/6016/12 6398/6018/12 6399/6019/12
f 6400/6020/19 6401/6021/19 6402/6022/19
f 6400/6020/19 6402/6022/19 6403/6023/19
f 6404/6024/17 6405/6025/17 6406/6026/17
f 6404/6024/17 6406/6026/17 6407/6027/17
f 6408/6028/20 6409/6029/20 6410/6030/20
f 6408/6028/20 6410/6030/20 6411/6031/20
f 6412/6032/22 6413/6033/22 6414/6034/22
f 6412/6032/22 6414/6034/22 6415/6035/22
f 6416/6036/13 6417/6037/13 6418/6038/13
f 6416/6036/13 6418/6038/13 6419/6039/13
f 6420/6040/12 6421/6041/12 6422/6042/12
f 6420/6040/12 6422/6042/12 6423/6043/12
f 6424/5756/18 6425/6044/18 6426/6045/18
f 6424/5756/18 6426/6045/18 6427/5753/18
f 6428/6046/16 6429/6047/16 6430/6048/16
f 6428/6046/16 6430/6048/16 6431/6049/16
f 6432/6050/20 6433/6051/20 6434/6052/20
f 6432/6050/20 6434/6052/20 6435/6053/20
f 6436/6054/22 6437/6055/22 6438/6056/22
f 6436/6054/22 6438/6056/22 6439/6057/22
f 6440/6058/13 6441/6059/13 6442/6060/13
f 6440/6058/13 6442/6060/13 6443/6061/13
f 6444/6062/12 6445/6063/12 6446/6064/12
f 6444/6062/12 6446/6064/12 6447/6065/12
f 6448/6066/18 6449/6067/18 6450/6068/18
f 6448/6066/18 6450/6068/18 6451/6069/18
f 6452/6070/16 6453/6071/16 6454/6072/16
f 6452/6070/16 6454/6072/16 6455/6073/16
f 6456/6074/20 6457/6075/20 6458/6076/20
f 6456/6074/20 6458/6076/20 6459/6077/20
f 6460/6078/22 6461/6079/22 6462/6080/22
f 6460/6078/22 6462/6080/22 6463/6081/22
f 6464/6082/13 6465/6083/13 6466/6084/13
f 6464/6082/13 6466/6084/13 6467/6085/13
f 6468/6086/12 6469/6087/12 6470/6088/12
f 6468/6086/12 6470/6088/12 6471/6089/12
f 6472/6090/18 6473/6091/18 6474/6092/18
f 6472/6090/18 6474/6092/18 6475/6093/18
f 6476/6094/16 6477/6095/16 6478/6096/16
f 6476/6094/16 6478/6096/16 6479/6097/16
f 6480/6098/20 6481/6099/20 6482/6100/20
f 6480/6098/20 6482/6100/20 6483/6101/20
f 6484/6102/22 6485/6103/22 6486/5184/22
f 6484/6102/22 6486/5184/22 6487/5183/22
f 6488/6104/13 6489/6105/13 6490/6106/13
f 6488/6104/13 6490/6106/13 6491/6107/13
f 6492/6108/12 6493/6109/12 6494/6110/12
f 6492/6108/12 6494/6110/12 6495/6111/12
f 6496/6112/18 6497/6113/18 6498/6114/18
f 6496/6112/18 6498/6114/18 6499/6115/18
f 6500/6116/16 6501/6117/16 6502/6118/16
f 6500/6116/16 6502/6118/16 6503/6119/16
f 6504/6120/20 6505/6121/20 6506/6122/20
f 6504/6120/20 6506/6122/20 6507/6123/20
f 6508/6124/22 6509/6125/22 6510/6126/22
f 6508/6124/22 6510/6126/22 6511/6127/22
f 6512/6103/13 6513/6128/13 6514/6129/13
f 6512/6103/13 6514/6129/13 6515/6130/13
f 6516/6131/12 6517/6132/12 6518/6133/12
f 6516/6131/12 6518/6133/12 6519/6134/12
f 6520/6135/18 6521/6136/18 6522/6137/18
f 6520/6135/18 6522/6137/18 6523/6138/18
f 6524/6139/16 6525/6140/16 6526/6141/16
f 6524/6139/16 6526/6141/16 6527/6142/16
f 6528/6143/20 6529/6144/20 6530/6145/20
f 6528/6143/20 6530/6145/20 6531/6146/20
f 6532/6147/22 6533/6148/22 6534/6149/22
f 6532/6147/22 6534/6149/22 6535/6150/22
f 6536/6151/13 6537/6152/13 6538/6153/13
f 6536/6151/13 6538/6153/13 6539/6154/13
f 6540/6155/12 6541/6156/12 6542/6157/12
f 6540/6155/12 6542/6157/12 6543/6158/12
f 6544/6159/18 6545/6160/18 6546/6161/18
f 6544/6159/18 6546/6161/18 6547/6162/18
f 6548/6163/16 6549/6164/16 6550/3738/16
f 6548/6163/16 6550/3738/16 6551/3740/16
f 6552/6165/20 6553/4941/20 6554/6166/20
f 6552/6165/20 6554/6166/20 6555/6167/20
f 6556/6168/22 6557/6169/22 6558/6170/22
f 6556/6168/22 6558/6170/22 6559/6171/22
f 6560/6172/13 6561/6173/13 6562/6174/13
f 6560/6172/13 6562/6174/13 6563/6175/13
f 6564/6176/12 6565/6177/12 6566/6178/12
f 6564/6176/12 6566/6178/12 6567/6179/12
f 6568/6180/18 6569/6181/18 6570/6182/18
f 6568/6180/18 6570/6182/18 6571/6183/18
f 6572/6184/16 6573/6185/16 6574/6186/16
f 6572/6184/16 6574/6186/16 6575/6187/16
f 6576/6188/20 6577/6189/20 6578/6190/20
f 6576/6188/20 6578/6190/20 6579/6191/20
f 6580/6192/22 6581/6193/22 6582/6194/22
f 6580/6192/22 6582/6194/22 6583/6195/22
f 6584/6196/13 6585/6197/13 6586/6198/13
f 6584/6196/13 6586/6198/13 6587/6199/13
f 6588/6200/12 6589/6201/12 6590/6202/12
f 6588/6200/12 6590/6202/12 6591/6203/12
f 6592/6204/19 6593/6205/19 6594/6206/19
f 6592/6204/19 6594/6206/19 6595/6207/19
f 6596/6208/17 6597/6209/17 6598/6210/17
f 6596/6208/17 6598/6210/17 6599/6211/17
f 6600/6212/20 6601/6213/20 6602/6214/20
f 6600/6212/20 6602/6214/20 6603/6215/20
f 6604/6216/22 6605/6217/22 6606/6218/22
f 6604/6216/22 6606/6218/22 6607/6219/22
f 6608/6220/13 6609/6221/13 6610/6222/13
f 6608/6220/13 6610/6222/13 6611/6223/13
f 6612/6224/12 6613/6225/12 6614/6226/12
f 6612/6224/12 6614/6226/12 6615/6227/12
f 6616/6228/19 6617/6229/19 6618/6230/19
f 6616/6228/19 6618/6230/19 6619/6231/19
f 6620/6232/17 6621/6233/17 6622/6234/17
f 6620/6232/17 6622/6234/17 6623/6235/17
f 6624/6236/21 6625/6237/21 6626/6238/21
f 6624/6236/21 6626/6238/21 6627/6239/21
f 6628/6240/17 6629/6241/17 6630/6242/17
f 6628/6240/17 6630/6242/17 6631/6243/17
f 6632/6237/15 6633/6236/15 6634/6244/15
f 6632/6237/15 6634/6244/15 6635/6245/15
f 6636/6241/19 6637/6246/19 6638/6247/19
f 6636/6241/19 6638/6247/19 6639/6242/19
f 6640/6248/59 6641/6249/59 6642/6250/59
f 6640/6248/59 6642/6250/59 6643/6251/59
f 6644/6252/14 6645/6253/14 6646/6254/14
f 6644/6252/14 6646/6254/14 6647/6255/14
f 6648/6256/20 6649/6257/20 6650/6258/20
f 6648/6256/20 6650/6258/20 6651/6259/20
f 6652/6260/22 6653/5919/22 6654/5918/22
f 6652/6260/22 6654/5918/22 6655/6261/22
f 6656/6262/13 6657/6263/13 6658/6264/13
f 6656/6262/13 6658/6264/13 6659/6265/13
f 6660/6266/12 6661/6267/12 6662/4878/12
f 6660/6266/12 6662/4878/12 6663/4898/12
f 6664/6268/19 6665/6269/19 6666/6270/19
f 6664/6268/19 6666/6270/19 6667/6271/19
f 6668/6272/17 6669/6273/17 6670/6274/17
f 6668/6272/17 6670/6274/17 6671/6275/17
f 6672/6276/20 6673/6277/20 6674/6278/20
f 6672/6276/20 6674/6278/20 6675/6279/20
f 6676/6280/22 6677/6281/22 6678/6282/22
f 6676/6280/22 6678/6282/22 6679/6283/22
f 6680/6284/13 6681/6285/13 6682/6286/13
f 6680/6284/13 6682/6286/13 6683/6287/13
f 6684/6288/12 6685/6289/12 6686/6290/12
f 6684/6288/12 6686/6290/12 6687/6291/12
f 6688/6292/19 6689/6293/19 6690/6294/19
f 6688/6292/19 6690/6294/19 6691/6295/19
f 6692/6296/17 6693/6297/17 6694/6298/17
f 6692/6296/17 6694/6298/17 6695/6299/17
f 6696/6300/20 6697/6301/20 6698/6302/20
f 6696/6300/20 6698/6302/20 6699/6303/20
f 6700/6304/22 6701/6305/22 6702/6306/22
f 6700/6304/22 6702/6306/22 6703/6307/22
f 6704/6308/13 6705/6309/13 6706/6310/13
f 6704/6308/13 6706/6310/13 6707/6311/13
f 6708/6312/12 6709/6313/12 6710/6314/12
f 6708/6312/12 6710/6314/12 6711/6315/12
f 6712/6316/18 6713/6317/18 6714/6318/18
f 6712/6316/18 6714/6318/18 6715/6319/18
f 6716/6320/16 6717/6321/16 6718/6322/16
f 6716/6320/16 6718/6322/16 6719/6323/16
f 6720/6324/20 6721/6325/20 6722/6326/20
f 6720/6324/20 6722/6326/20 6723/6327/20
f 6724/6328/22 6725/6329/22 6726/6330/22
f 6724/6328/22 6726/6330/22 6727/6331/22
f 6728/6332/13 6729/6333/13 6730/6334/13
f 6728/6332/13 6730/6334/13 6731/6335/13
f 6732/4524/12 6733/4523/12 6734/6336/12
f 6732/4524/12 6734/6336/12 6735/6337/12
f 6736/6338/19 6737/6339/19 6738/6340/19
f 6736/6338/19 6738/6340/19 6739/6341/19
f 6740/6342/17 6741/6343/17 6742/6344/17
f 6740/6342/17 6742/6344/17 6743/6345/17
f 6744/6346/20 6745/6347/20 6746/6348/20
f 6744/6346/20 6746/6348/20 6747/6349/20
f 6748/6212/22 6749/6350/22 6750/6351/22
f 6748/6212/22 6750/6351/22 6751/6352/22
f 6752/6353/13 6753/6354/13 6754/6355/13
f 6752/6353/13 6754/6355/13 6755/6356/13
f 6756/6357/12 6757/6358/12 6758/6359/12
f 6756/6357/12 6758/6359/12 6759/6360/12
f 6760/6361/19 6761/6362/19 6762/6363/19
f 6760/6361/19 6762/6363/19 6763/6364/19
f 6764/6365/17 6765/6366/17 6766/6367/17
f 6764/6365/17 6766/6367/17 6767/6368/17
f 6768/6369/20 6769/5563/20 6770/5562/20
f 6768/6369/20 6770/5562/20 6771/6370/20
f 6772/6371/22 6773/6372/22 6774/6373/22
f 6772/6371/22 6774/6373/22 6775/6374/22
f 6776/6375/13 6777/6376/13 6778/6377/13
f 6776/6375/13 6778/6377/13 6779/6378/13
f 6780/6379/12 6781/6380/12 6782/6381/12
f 6780/6379/12 6782/6381/12 6783/6382/12
f 6784/6383/18 6785/6384/18 6786/6385/18
f 6784/6383/18 6786/6385/18 6787/6386/18
f 6788/6387/16 6789/6388/16 6790/6389/16
f 6788/6387/16 6790/6389/16 6791/6390/16
f 6792/6391/20 6793/6392/20 6794/6393/20
f 6792/6391/20 6794/6393/20 6795/6394/20
f 6796/6395/22 6797/6396/22 6798/6397/22
f 6796/6395/22 6798/6397/22 6799/6398/22
f 6800/6399/13 6801/6400/13 6802/6401/13
f 6800/6399/13 6802/6401/13 6803/6402/13
f 6804/6403/12 6805/6404/12 6806/6405/12
f 6804/6403/12 6806/6405/12 6807/6406/12
f 6808/6407/19 6809/6408/19 6810/6409/19
f 6808/6407/19 6810/6409/19 6811/6410/19
f 6812/6411/17 6813/6412/17 6814/6413/17
f 6812/6411/17 6814/6413/17 6815/6414/17
f 6816/6415/20 6817/6416/20 6818/6417/20
f 6816/6415/20 6818/6417/20 6819/6418/20
f 6820/6419/22 6821/6420/22 6822/6421/22
f 6820/6419/22 6822/6421/22 6823/6422/22
f 6824/6423/13 6825/6424/13 6826/6425/13
f 6824/6423/13 6826/6425/13 6827/6426/13
f 6828/6427/12 6829/6428/12 6830/6429/12
f 6828/6427/12 6830/6429/12 6831/6430/12
f 6832/6431/19 6833/6432/19 6834/6433/19
f 6832/6431/19 6834/6433/19 6835/6434/19
f 6836/6435/17 6837/6436/17 6838/6437/17
f 6836/6435/17 6838/6437/17 6839/6438/17
f 6840/6439/20 6841/6440/20 6842/6441/20
f 6840/6439/20 6842/6441/20 6843/6442/20
f 6844/6443/22 6845/6444/22 6846/6445/22
f 6844/6443/22 6846/6445/22 6847/6446/22
f 6848/6447/13 6849/6448/13 6850/6449/13
f 6848/6447/13 6850/6449/13 6851/6450/13
f 6852/6451/12 6853/6452/12 6854/6453/12
f 6852/6451/12 6854/6453/12 6855/6454/12
f 6856/6455/19 6857/6456/19 6858/6457/19
f 6856/6455/19 6858/6457/19 6859/6458/19
f 6860/6459/17 6861/6460/17 6862/6461/17
f 6860/6459/17 6862/6461/17 6863/6462/17
f 6864/6463/20 6865/6464/20 6866/6465/20
f 6864/6463/20 6866/6465/20 6867/6466/20
f 6868/6467/22 6869/6468/22 6870/6469/22
f 6868/6467/22 6870/6469/22 6871/6470/22
f 6872/6471/13 6873/6472/13 6874/6473/13
f 6872/6471/13 6874/6473/13 6875/6474/13
f 6876/6475/12 6877/6476/12 6878/6477/12
f 6876/6475/12 6878/6477/12 6879/6478/12
f 6880/6479/19 6881/6480/19 6882/6481/19
f 6880/6479/19 6882/6481/19 6883/6482/19
f 6884/6483/17 6885/6484/17 6886/6485/17
f 6884/6483/17 6886/6485/17 6887/6486/17
f 6888/5576/20 6889/6487/20 6890/5757/20
f 6888/5576/20 6890/5757/20 6891/5583/20
f 6892/6488/22 6893/6147/22 6894/6150/22
f 6892/6488/22 6894/6150/22 6895/6489/22
f 6896/6490/13 6897/6491/13 6898/6492/13
f 6896/6490/13 6898/6492/13 6899/6493/13
f 6900/6494/12 6901/6495/12 6902/6496/12
f 6900/6494/12 6902/6496/12 6903/6497/12
f 6904/6498/19 6905/6499/19 6906/6500/19
f 6904/6498/19 6906/6500/19 6907/6501/19
f 6908/6502/17 6909/6503/17 6910/6504/17
f 6908/6502/17 6910/6504/17 6911/6505/17
f 6912/6506/20 6913/6507/20 6914/6508/20
f 6912/6506/20 6914/6508/20 6915/6509/20
f 6916/6510/22 6917/6511/22 6918/6512/22
f 6916/6510/22 6918/6512/22 6919/6513/22
f 6920/6514/13 6921/6515/13 6922/6516/13
f 6920/6514/13 6922/6516/13 6923/6517/13
f 6924/6518/12 6925/6519/12 6926/6520/12
f 6924/6518/12 6926/6520/12 6927/6521/12
f 6928/6522/18 6929/6523/18 6930/6524/18
f 6928/6522/18 6930/6524/18 6931/6525/18
f 6932/6526/16 6933/6527/16 6934/6528/16
f 6932/6526/16 6934/6528/16 6935/6529/16
f 6936/6530/20 6937/6531/20 6938/6532/20
f 6936/6530/20 6938/6532/20 6939/6533/20
f 6940/6534/22 6941/6535/22 6942/6536/22
f 6940/6534/22 6942/6536/22 6943/6537/22
f 6944/6538/13 6945/6539/13 6946/6540/13
f 6944/6538/13 6946/6540/13 6947/6541/13
f 6948/6542/12 6949/6543/12 6950/6544/12
f 6948/6542/12 6950/6544/12 6951/6545/12
f 6952/6546/18 6953/6547/18 6954/6548/18
f 6952/6546/18 6954/6548/18 6955/6549/18
f 6956/6550/16 6957/6551/16 6958/6552/16
f 6956/6550/16 6958/6552/16 6959/6553/16
f 6960/6554/20 6961/6555/20 6962/6556/20
f 6960/6554/20 6962/6556/20 6963/6557/20
f 6964/6558/22 6965/6559/22 6966/6560/22
f 6964/6558/22 6966/6560/22 6967/6561/22
f 6968/6562/13 6969/6563/13 6970/6564/13
f 6968/6562/13 6970/6564/13 6971/6565/13
f 6972/6566/12 6973/6567/12 6974/6568/12
f 6972/6566/12 6974/6568/12 6975/6569/12
f 6976/6570/18 6977/6571/18 6978/6572/18
f 6976/6570/18 6978/6572/18 6979/6573/18
f 6980/6574/16 6981/6575/16 6982/6576/16
f 6980/6574/16 6982/6576/16 6983/6577/16
f 6984/6578/22 6985/6579/22 6986/6580/22
f 6984/6578/22 6986/6580/22 6987/6581/22
f 6988/6582/13 6989/6583/13 6990/6584/13
f 6988/6582/13 6990/6584/13 6991/6585/13
f 6992/6586/12 6993/6587/12 6994/6588/12
f 6992/6586/12 6994/6588/12 6995/6589/12
f 6996/6590/20 6997/6591/20 6998/6592/20
f 6996/6590/20 6998/6592/20 6999/6593/20
f 7000/6594/18 7001/6595/18 7002/6596/18
f 7000/6594/18 7002/6596/18 7003/6597/18
f 7004/6598/16 7005/6599/16 7006/5642/16
f 7004/6598/16 7006/5642/16 7007/5641/16
f 7008/6600/22 7009/6601/22 7010/6602/22
f 7008/6600/22 7010/6602/22 7011/6603/22
f 7012/6604/13 7013/6605/13 7014/6606/13
f 7012/6604/13 7014/6606/13 7015/6607/13
f 7016/6608/12 7017/6609/12 7018/6610/12
f 7016/6608/12 7018/6610/12 7019/6611/12
f 7020/6612/20 7021/6613/20 7022/6614/20
f 7020/6612/20 7022/6614/20 7023/6615/20
f 7024/6616/18 7025/6617/18 7026/6618/18
f 7024/6616/18 7026/6618/18 7027/6619/18
f 7028/4814/16 7029/6620/16 7030/6621/16
f 7028/4814/16 7030/6621/16 7031/4811/16
f 7032/6622/59 7033/6623/59 7034/6624/59
f 7032/6622/59 7034/6624/59 7035/6625/59
f 7036/6626/13 7037/6627/13 7038/6628/13
f 7036/6626/13 7038/6628/13 7039/6629/13
f 7040/6630/14 7041/6631/14 7042/6632/14
f 7040/6630/14 7042/6632/14 7043/6633/14
f 7044/6634/20 7045/6635/20 7046/6636/20
f 7044/6634/20 7046/6636/20 7047/6637/20
f 7048/6638/18 7049/6639/18 7050/6640/18
f 7048/6638/18 7050/6640/18 7051/6641/18
f 7052/6642/16 7053/6643/16 7054/6644/16
f 7052/6642/16 7054/6644/16 7055/6645/16
f 7056/6646/22 7057/6647/22 7058/6648/22
f 7056/6646/22 7058/6648/22 7059/6649/22
f 7060/6650/13 7061/6651/13 7062/6652/13
f 7060/6650/13 7062/6652/13 7063/6653/13
f 7064/6654/12 7065/6655/12 7066/6656/12
f 7064/6654/12 7066/6656/12 7067/6657/12
f 7068/6658/20 7069/6659/20 7070/6660/20
f 7068/6658/20 7070/6660/20 7071/6661/20
f 7072/6662/18 7073/6663/18 7074/6664/18
f 7072/6662/18 7074/6664/18 7075/6665/18
f 7076/6666/16 7077/6667/16 7078/6668/16
f 7076/6666/16 7078/6668/16 7079/6669/16
f 7080/6670/59 7081/6648/59 7082/6647/59
f 7080/6670/59 7082/6647/59 7083/6671/59
f 7084/6672/13 7085/6673/13 7086/6674/13
f 7084/6672/13 7086/6674/13 7087/6675/13
f 7088/6676/14 7089/6677/14 7090/6678/14
f 7088/6676/14 7090/6678/14 7091/6679/14
f 7092/6680/20 7093/6681/20 7094/6682/20
f 7092/6680/20 7094/6682/20 7095/6683/20
f 7096/5777/18 7097/6684/18 7098/6685/18
f 7096/5777/18 7098/6685/18 7099/5778/18
f 7100/6686/16 7101/6687/16 7102/6688/16
f 7100/6686/16 7102/6688/16 7103/6689/16
f 7104/6690/22 7105/6600/22 7106/6603/22
f 7104/6690/22 7106/6603/22 7107/6691/22
f 7108/6692/13 7109/6693/13 7110/6694/13
f 7108/6692/13 7110/6694/13 7111/6695/13
f 7112/6696/12 7113/6697/12 7114/6698/12
f 7112/6696/12 7114/6698/12 7115/6699/12
f 7116/6700/20 7117/6701/20 7118/6702/20
f 7116/6700/20 7118/6702/20 7119/6703/20
f 7120/6704/18 7121/6705/18 7122/6706/18
f 7120/6704/18 7122/6706/18 7123/6707/18
f 7124/6708/16 7125/4766/16 7126/6709/16
f 7124/6708/16 7126/6709/16 7127/6710/16
f 7128/6711/22 7129/6712/22 7130/6713/22
f 7128/6711/22 7130/6713/22 7131/6714/22
f 7132/6715/13 7133/6716/13 7134/6717/13
f 7132/6715/13 7134/6717/13 7135/6718/13
f 7136/6719/12 7137/6720/12 7138/6721/12
f 7136/6719/12 7138/6721/12 7139/6722/12
f 7140/6723/20 7141/6724/20 7142/6725/20
f 7140/6723/20 7142/6725/20 7143/6726/20
f 7144/2741/18 7145/6727/18 7146/6728/18
f 7144/2741/18 7146/6728/18 7147/6729/18
f 7148/6730/16 7149/6731/16 7150/6732/16
f 7148/6730/16 7150/6732/16 7151/6733/16
f 7152/6734/22 7153/6735/22 7154/6736/22
f 7152/6734/22 7154/6736/22 7155/6737/22
f 7156/6738/13 7157/6739/13 7158/6740/13
f 7156/6738/13 7158/6740/13 7159/6741/13
f 7160/6742/12 7161/6743/12 7162/6744/12
f 7160/6742/12 7162/6744/12 7163/6745/12
f 7164/6746/20 7165/6747/20 7166/6748/20
f 7164/6746/20 7166/6748/20 7167/6749/20
f 7168/6750/18 7169/6751/18 7170/6752/18
f 7168/6750/18 7170/6752/18 7171/6753/18
f 7172/4766/16 7173/6708/16 7174/6754/16
f 7172/4766/16 7174/6754/16 7175/4763/16
f 7176/6755/22 7177/6756/22 7178/6757/22
f 7176/6755/22 7178/6757/22 7179/6758/22
f 7180/6759/13 7181/6760/13 7182/6761/13
f 7180/6759/13 7182/6761/13 7183/6762/13
f 7184/6763/12 7185/6764/12 7186/6765/12
f 7184/6763/12 7186/6765/12 7187/6766/12
f 7188/6767/20 7189/6768/20 7190/6769/20
f 7188/6767/20 7190/6769/20 7191/6770/20
f 7192/6771/18 7193/6772/18 7194/6773/18
f 7192/6771/18 7194/6773/18 7195/6774/18
f 7196/6775/16 7197/6776/16 7198/2760/16
f 7196/6775/16 7198/2760/16 7199/6777/16
f 7200/6778/22 7201/6779/22 7202/6780/22
f 7200/6778/22 7202/6780/22 7203/6781/22
f 7204/6782/13 7205/6783/13 7206/6784/13
f 7204/6782/13 7206/6784/13 7207/6785/13
f 7208/6786/12 7209/6787/12 7210/6788/12
f 7208/6786/12 7210/6788/12 7211/6789/12
f 7212/6790/20 7213/6791/20 7214/6792/20
f 7212/6790/20 7214/6792/20 7215/6760/20
f 7216/6793/18 7217/6794/18 7218/6795/18
f 7216/6793/18 7218/6795/18 7219/6796/18
f 7220/5330/16 7221/6797/16 7222/6798/16
f 7220/5330/16 7222/6798/16 7223/6799/16
f 7224/6800/22 7225/6801/22 7226/6802/22
f 7224/6800/22 7226/6802/22 7227/6803/22
f 7228/6804/13 7229/6805/13 7230/6806/13
f 7228/6804/13 7230/6806/13 7231/6807/13
f 7232/6808/12 7233/6809/12 7234/6810/12
f 7232/6808/12 7234/6810/12 7235/6811/12
f 7236/6812/20 7237/6813/20 7238/6814/20
f 7236/6812/20 7238/6814/20 7239/6815/20
f 7240/6816/19 7241/6817/19 7242/6818/19
f 7240/6816/19 7242/6818/19 7243/6819/19
f 7244/6820/17 7245/6821/17 7246/6822/17
f 7244/6820/17 7246/6822/17 7247/6823/17
f 7248/6824/22 7249/6825/22 7250/6826/22
f 7248/6824/22 7250/6826/22 7251/6579/22
f 7252/6827/13 7253/6828/13 7254/6829/13
f 7252/6827/13 7254/6829/13 7255/6830/13
f 7256/6831/12 7257/6832/12 7258/6833/12
f 7256/6831/12 7258/6833/12 7259/6834/12
f 7260/6835/20 7261/6836/20 7262/6837/20
f 7260/6835/20 7262/6837/20 7263/6838/20
f 7264/6839/18 7265/6840/18 7266/6841/18
f 7264/6839/18 7266/6841/18 7267/6842/18
f 7268/6843/16 7269/6844/16 7270/6845/16
f 7268/6843/16 7270/6845/16 7271/6846/16
f 7272/6847/22 7273/6848/22 7274/6849/22
f 7272/6847/22 7274/6849/22 7275/6850/22
f 7276/6851/13 7277/6852/13 7278/6853/13
f 7276/6851/13 7278/6853/13 7279/6854/13
f 7280/6855/12 7281/6856/12 7282/6857/12
f 7280/6855/12 7282/6857/12 7283/6858/12
f 7284/6859/20 7285/6860/20 7286/6861/20
f 7284/6859/20 7286/6861/20 7287/6862/20
f 7288/6863/19 7289/6864/19 7290/6865/19
f 7288/6863/19 7290/6865/19 7291/6866/19
f 7292/6867/17 7293/6868/17 7294/6869/17
f 7292/6867/17 7294/6869/17 7295/6870/17
f 7296/6871/22 7297/6872/22 7298/6873/22
f 7296/6871/22 7298/6873/22 7299/6874/22
f 7300/6875/13 7301/6876/13 7302/6877/13
f 7300/6875/13 7302/6877/13 7303/6878/13
f 7304/6879/12 7305/6880/12 7306/6881/12
f 7304/6879/12 7306/6881/12 7307/6882/12
f 7308/6883/20 7309/6884/20 7310/6885/20
f 7308/6883/20 7310/6885/20 7311/6886/20
f 7312/6887/18 7313/6888/18 7314/6889/18
f 7312/6887/18 7314/6889/18 7315/6890/18
f 7316/6891/16 7317/6892/16 7318/6893/16
f 7316/6891/16 7318/6893/16 7319/6894/16
f 7320/6895/22 7321/6896/22 7322/6897/22
f 7320/6895/22 7322/6897/22 7323/6898/22
f 7324/6899/13 7325/6900/13 7326/6901/13
f 7324/6899/13 7326/6901/13 7327/6902/13
f 7328/6903/12 7329/6904/12 7330/6905/12
f 7328/6903/12 7330/6905/12 7331/6906/12
f 7332/6907/20 7333/6885/20 7334/6884/20
f 7332/6907/20 7334/6884/20 7335/6908/20
f 7336/6909/18 7337/6910/18 7338/6911/18
f 7336/6909/18 7338/6911/18 7339/6912/18
f 7340/6913/16 7341/6914/16 7342/6915/16
f 7340/6913/16 7342/6915/16 7343/6916/16
f 7344/6917/22 7345/6918/22 7346/6919/22
f 7344/6917/22 7346/6919/22 7347/6920/22
f 7348/6921/13 7349/6922/13 7350/6923/13
f 7348/6921/13 7350/6923/13 7351/6924/13
f 7352/6925/12 7353/6926/12 7354/6927/12
f 7352/6925/12 7354/6927/12 7355/6928/12
f 7356/6929/20 7357/6930/20 7358/6931/20
f 7356/6929/20 7358/6931/20 7359/6932/20
f 7360/6933/18 7361/6934/18 7362/6935/18
f 7360/6933/18 7362/6935/18 7363/6936/18
f 7364/6937/16 7365/6938/16 7366/6939/16
f 7364/6937/16 7366/6939/16 7367/6940/16
f 7368/6941/22 7369/6942/22 7370/6943/22
f 7368/6941/22 7370/6943/22 7371/6944/22
f 7372/6945/13 7373/6946/13 7374/6947/13
f 7372/6945/13 7374/6947/13 7375/6948/13
f 7376/6949/12 7377/6950/12 7378/6951/12
f 7376/6949/12 7378/6951/12 7379/6952/12
f 7380/6953/20 7381/6954/20 7382/6955/20
f 7380/6953/20 7382/6955/20 7383/6956/20
f 7384/6957/18 7385/6958/18 7386/6959/18
f 7384/6957/18 7386/6959/18 7387/6960/18
f 7388/6961/16 7389/6962/16 7390/6963/16
f 7388/6961/16 7390/6963/16 7391/6964/16
f 7392/6965/22 7393/6966/22 7394/6967/22
f 7392/6965/22 7394/6967/22 7395/6968/22
f 7396/6969/13 7397/6970/13 7398/6971/13
f 7396/6969/13 7398/6971/13 7399/6972/13
f 7400/6973/12 7401/6974/12 7402/6975/12
f 7400/6973/12 7402/6975/12 7403/6976/12
f 7404/6977/20 7405/6978/20 7406/6979/20
f 7404/6977/20 7406/6979/20 7407/6980/20
f 7408/6981/19 7409/6982/19 7410/6983/19
f 7408/6981/19 7410/6983/19 7411/6984/19
f 7412/6985/17 7413/6986/17 7414/6987/17
f 7412/6985/17 7414/6987/17 7415/6988/17
f 7416/6989/22 7417/6990/22 7418/6991/22
f 7416/6989/22 7418/6991/22 7419/6992/22
f 7420/6993/13 7421/6994/13 7422/6995/13
f 7420/6993/13 7422/6995/13 7423/6996/13
f 7424/6997/12 7425/6998/12 7426/6999/12
f 7424/6997/12 7426/6999/12 7427/7000/12
f 7428/7001/20 7429/7002/20 7430/7003/20
f 7428/7001/20 7430/7003/20 7431/7004/20
f 7432/7005/19 7433/7006/19 7434/7007/19
f 7432/7005/19 7434/7007/19 7435/7008/19
f 7436/7009/17 7437/7010/17 7438/7011/17
f 7436/7009/17 7438/7011/17 7439/7012/17
f 7440/7013/22 7441/7014/22 7442/7015/22
f 7440/7013/22 7442/7015/22 7443/7016/22
f 7444/7017/16 7445/7018/16 7446/7019/16
f 7444/7017/16 7446/7019/16 7447/7020/16
f 7448/7014/12 7449/7013/12 7450/7021/12
f 7448/7014/12 7450/7021/12 7451/7022/12
f 7452/7023/18 7453/7024/18 7454/7025/18
f 7452/7023/18 7454/7025/18 7455/7026/18
f 7456/7027/13 7457/7028/13 7458/7029/13
f 7456/7027/13 7458/7029/13 7459/7030/13
f 7460/7031/20 7461/7032/20 7462/7033/20
f 7460/7031/20 7462/7033/20 7463/7034/20
f 7464/7035/22 7465/7036/22 7466/7037/22
f 7464/7035/22 7466/7037/22 7467/7038/22
f 7468/7039/16 7469/7040/16 7470/7041/16
f 7468/7039/16 7470/7041/16 7471/7042/16
f 7472/7043/12 7473/7044/12 7474/7036/12
f 7472/7043/12 7474/7036/12 7475/7035/12
f 7476/7045/18 7477/7046/18 7478/7047/18
f 7476/7045/18 7478/7047/18 7479/7048/18
f 7480/3226/13 7481/7049/13 7482/7050/13
f 7480/3226/13 7482/7050/13 7483/7051/13
f 7484/7052/20 7485/7053/20 7486/7054/20
f 7484/7052/20 7486/7054/20 7487/7055/20
f 7488/7044/22 7489/7043/22 7490/7056/22
f 7488/7044/22 7490/7056/22 7491/7057/22
f 7492/7048/16 7493/6041/16 7494/7058/16
f 7492/7048/16 7494/7058/16 7495/7045/16
f 7496/7059/12 7497/7060/12 7498/7038/12
f 7496/7059/12 7498/7038/12 7499/7037/12
f 7500/7042/18 7501/7061/18 7502/7062/18
f 7500/7042/18 7502/7062/18 7503/7039/18
f 7504/7049/13 7505/3226/13 7506/3229/13
f 7504/7049/13 7506/3229/13 7507/7063/13
f 7508/7064/20 7509/7065/20 7510/7066/20
f 7508/7064/20 7510/7066/20 7511/7067/20
f 7512/7068/22 7513/7069/22 7514/7070/22
f 7512/7068/22 7514/7070/22 7515/7071/22
f 7516/7072/13 7517/7073/13 7518/7074/13
f 7516/7072/13 7518/7074/13 7519/7075/13
f 7520/7076/12 7521/7077/12 7522/7078/12
f 7520/7076/12 7522/7078/12 7523/7079/12
f 7524/7080/20 7525/7081/20 7526/7082/20
f 7524/7080/20 7526/7082/20 7527/7083/20
f 7528/7084/19 7529/7085/19 7530/7086/19
f 7528/7084/19 7530/7086/19 7531/7087/19
f 7532/7088/17 7533/7089/17 7534/7090/17
f 7532/7088/17 7534/7090/17 7535/7091/17
f 7536/7092/22 7537/7093/22 7538/7094/22
f 7536/7092/22 7538/7094/22 7539/7095/22
f 7540/7096/13 7541/7097/13 7542/7098/13
f 7540/7096/13 7542/7098/13 7543/7099/13
f 7544/7100/12 7545/5464/12 7546/7101/12
f 7544/7100/12 7546/7101/12 7547/7102/12
f 7548/7103/20 7549/7104/20 7550/7105/20
f 7548/7103/20 7550/7105/20 7551/7106/20
f 7552/7107/19 7553/7108/19 7554/3831/19
f 7552/7107/19 7554/3831/19 7555/7109/19
f 7556/7110/17 7557/7111/17 7558/7112/17
f 7556/7110/17 7558/7112/17 7559/7113/17
f 7560/7114/22 7561/7115/22 7562/7116/22
f 7560/7114/22 7562/7116/22 7563/7117/22
f 7564/7118/13 7565/7119/13 7566/7120/13
f 7564/7118/13 7566/7120/13 7567/7121/13
f 7568/7122/12 7569/7123/12 7570/7124/12
f 7568/7122/12 7570/7124/12 7571/7125/12
f 7572/7126/20 7573/7127/20 7574/7118/20
f 7572/7126/20 7574/7118/20 7575/7128/20
f 7576/7129/18 7577/7130/18 7578/7131/18
f 7576/7129/18 7578/7131/18 7579/7132/18
f 7580/7133/16 7581/7134/16 7582/7135/16
f 7580/7133/16 7582/7135/16 7583/7136/16
f 7584/7137/20 7585/7138/20 7586/6997/20
f 7584/7137/20 7586/6997/20 7587/7139/20
f 7588/7140/22 7589/7141/22 7590/7142/22
f 7588/7140/22 7590/7142/22 7591/7143/22
f 7592/7144/13 7593/7145/13 7594/7146/13
f 7592/7144/13 7594/7146/13 7595/7147/13
f 7596/7148/12 7597/7149/12 7598/7150/12
f 7596/7148/12 7598/7150/12 7599/7151/12
f 7600/7152/18 7601/7153/18 7602/7154/18
f 7600/7152/18 7602/7154/18 7603/7155/18
f 7604/4822/16 7605/7156/16 7606/6160/16
f 7604/4822/16 7606/6160/16 7607/6159/16
f 7608/7157/20 7609/6679/20 7610/7158/20
f 7608/7157/20 7610/7158/20 7611/7159/20
f 7612/7160/22 7613/7161/22 7614/7162/22
f 7612/7160/22 7614/7162/22 7615/7163/22
f 7616/7164/13 7617/7165/13 7618/7166/13
f 7616/7164/13 7618/7166/13 7619/7167/13
f 7620/7168/12 7621/7169/12 7622/7170/12
f 7620/7168/12 7622/7170/12 7623/7171/12
f 7624/7172/18 7625/7173/18 7626/7174/18
f 7624/7172/18 7626/7174/18 7627/7175/18
f 7628/7176/16 7629/7177/16 7630/7178/16
f 7628/7176/16 7630/7178/16 7631/7179/16
f 7632/7180/20 7633/7181/20 7634/7182/20
f 7632/7180/20 7634/7182/20 7635/7183/20
f 7636/7184/22 7637/7185/22 7638/7186/22
f 7636/7184/22 7638/7186/22 7639/7187/22
f 7640/7181/13 7641/7180/13 7642/7188/13
f 7640/7181/13 7642/7188/13 7643/7189/13
f 7644/7190/12 7645/7191/12 7646/7192/12
f 7644/7190/12 7646/7192/12 7647/7193/12
f 7648/7194/18 7649/7195/18 7650/7196/18
f 7648/7194/18 7650/7196/18 7651/7197/18
f 7652/7198/16 7653/7199/16 7654/7200/16
f 7652/7198/16 7654/7200/16 7655/7201/16
f 7656/7202/21 7657/7203/21 7658/7204/21
f 7656/7202/21 7658/7204/21 7659/7205/21
f 7660/6886/22 7661/6885/22 7662/7206/22
f 7660/6886/22 7662/7206/22 7663/7207/22
f 7664/7208/15 7665/7209/15 7666/7210/15
f 7664/7208/15 7666/7210/15 7667/7211/15
f 7668/7212/12 7669/7213/12 7670/7214/12
f 7668/7212/12 7670/7214/12 7671/7215/12
f 7672/7216/18 7673/7217/18 7674/2490/18
f 7672/7216/18 7674/2490/18 7675/7218/18
f 7676/5131/16 7677/7219/16 7678/7220/16
f 7676/5131/16 7678/7220/16 7679/7221/16
f 7680/7222/20 7681/7223/20 7682/7224/20
f 7680/7222/20 7682/7224/20 7683/7225/20
f 7684/7226/22 7685/7227/22 7686/7228/22
f 7684/7226/22 7686/7228/22 7687/7229/22
f 7688/7230/13 7689/7231/13 7690/7232/13
f 7688/7230/13 7690/7232/13 7691/7233/13
f 7692/7234/12 7693/7235/12 7694/7236/12
f 7692/7234/12 7694/7236/12 7695/7237/12
f 7696/7238/18 7697/7239/18 7698/7240/18
f 7696/7238/18 7698/7240/18 7699/7241/18
f 7700/7242/16 7701/7243/16 7702/7244/16
f 7700/7242/16 7702/7244/16 7703/7245/16
f 7704/7246/20 7705/7247/20 7706/7248/20
f 7704/7246/20 7706/7248/20 7707/7249/20
f 7708/7250/22 7709/7251/22 7710/7252/22
f 7708/7250/22 7710/7252/22 7711/7253/22
f 7712/7254/13 7713/7255/13 7714/7256/13
f 7712/7254/13 7714/7256/13 7715/7257/13
f 7716/7258/12 7717/7259/12 7718/7260/12
f 7716/7258/12 7718/7260/12 7719/7261/12
f 7720/7262/18 7721/7263/18 7722/7264/18
f 7720/7262/18 7722/7264/18 7723/7265/18
f 7724/7266/16 7725/7267/16 7726/7268/16
f 7724/7266/16 7726/7268/16 7727/7269/16
f 7728/7270/20 7729/7271/20 7730/7272/20
f 7728/7270/20 7730/7272/20 7731/7273/20
f 7732/7274/22 7733/7275/22 7734/7276/22
f 7732/7274/22 7734/7276/22 7735/7277/22
f 7736/7278/13 7737/2622/13 7738/7279/13
f 7736/7278/13 7738/7279/13 7739/7280/13
f 7740/7281/12 7741/7282/12 7742/7283/12
f 7740/7281/12 7742/7283/12 7743/7284/12
f 7744/7285/18 7745/7286/18 7746/7287/18
f 7744/7285/18 7746/7287/18 7747/7288/18
f 7748/7289/16 7749/7290/16 7750/7291/16
f 7748/7289/16 7750/7291/16 7751/7292/16
f 7752/7293/20 7753/7294/20 7754/7295/20
f 7752/7293/20 7754/7295/20 7755/7296/20
f 7756/7297/22 7757/7298/22 7758/7299/22
f 7756/7297/22 7758/7299/22 7759/7300/22
f 7760/7301/13 7761/7302/13 7762/7303/13
f 7760/7301/13 7762/7303/13 7763/2623/13
f 7764/7304/12 7765/7305/12 7766/7306/12
f 7764/7304/12 7766/7306/12 7767/7307/12
f 7768/7308/18 7769/7309/18 7770/7310/18
f 7768/7308/18 7770/7310/18 7771/7311/18
f 7772/7312/16 7773/7313/16 7774/7314/16
f 7772/7312/16 7774/7314/16 7775/7315/16
f 7776/7316/20 7777/7317/20 7778/7318/20
f 7776/7316/20 7778/7318/20 7779/7319/20
f 7780/7320/22 7781/7321/22 7782/7322/22
f 7780/7320/22 7782/7322/22 7783/7323/22
f 7784/7324/13 7785/7325/13 7786/7326/13
f 7784/7324/13 7786/7326/13 7787/7327/13
f 7788/7328/12 7789/7329/12 7790/7330/12
f 7788/7328/12 7790/7330/12 7791/7331/12
f 7792/7332/18 7793/7333/18 7794/7334/18
f 7792/7332/18 7794/7334/18 7795/7335/18
f 7796/7336/16 7797/7337/16 7798/7290/16
f 7796/7336/16 7798/7290/16 7799/7289/16
f 7800/7338/21 7801/7339/21 7802/7340/21
f 7800/7338/21 7802/7340/21 7803/7341/21
f 7804/7342/22 7805/7343/22 7806/7344/22
f 7804/7342/22 7806/7344/22 7807/7345/22
f 7808/7346/15 7809/7347/15 7810/7348/15
f 7808/7346/15 7810/7348/15 7811/7349/15
f 7812/7350/12 7813/7351/12 7814/7352/12
f 7812/7350/12 7814/7352/12 7815/7353/12
f 7816/7354/18 7817/7355/18 7818/7356/18
f 7816/7354/18 7818/7356/18 7819/7357/18
f 7820/7358/16 7821/7359/16 7822/7360/16
f 7820/7358/16 7822/7360/16 7823/7361/16
f 7824/7362/20 7825/7363/20 7826/7364/20
f 7824/7362/20 7826/7364/20 7827/7365/20
f 7828/7366/22 7829/7367/22 7830/7368/22
f 7828/7366/22 7830/7368/22 7831/7369/22
f 7832/7370/13 7833/7371/13 7834/7372/13
f 7832/7370/13 7834/7372/13 7835/7373/13
f 7836/7374/12 7837/7375/12 7838/7376/12
f 7836/7374/12 7838/7376/12 7839/7377/12
f 7840/7378/18 7841/7379/18 7842/7380/18
f 7840/7378/18 7842/7380/18 7843/7381/18
f 7844/7382/16 7845/7383/16 7846/7384/16
f 7844/7382/16 7846/7384/16 7847/7385/16
f 7848/7386/20 7849/7387/20 7850/7388/20
f 7848/7386/20 7850/7388/20 7851/7389/20
f 7852/7390/22 7853/7391/22 7854/7392/22
f 7852/7390/22 7854/7392/22 7855/7393/22
f 7856/7394/13 7857/7395/13 7858/7396/13
f 7856/7394/13 7858/7396/13 7859/7397/13
f 7860/7398/12 7861/7399/12 7862/7400/12
f 7860/7398/12 7862/7400/12 7863/7401/12
f 7864/7402/18 7865/7403/18 7866/7404/18
f 7864/7402/18 7866/7404/18 7867/7405/18
f 7868/7406/16 7869/7407/16 7870/7408/16
f 7868/7406/16 7870/7408/16 7871/7409/16
f 7872/7410/20 7873/7411/20 7874/7412/20
f 7872/7410/20 7874/7412/20 7875/7413/20
f 7876/7414/22 7877/7415/22 7878/7416/22
f 7876/7414/22 7878/7416/22 7879/7417/22
f 7880/7418/13 7881/7419/13 7882/7420/13
f 7880/7418/13 7882/7420/13 7883/7421/13
f 7884/7422/12 7885/7423/12 7886/7424/12
f 7884/7422/12 7886/7424/12 7887/7425/12
f 7888/7426/18 7889/7427/18 7890/7428/18
f 7888/7426/18 7890/7428/18 7891/7429/18
f 7892/7430/16 7893/7431/16 7894/7432/16
f 7892/7430/16 7894/7432/16 7895/7433/16
f 7896/7434/20 7897/7435/20 7898/7436/20
f 7896/7434/20 7898/7436/20 7899/7437/20
f 7900/7438/22 7901/7439/22 7902/7440/22
f 7900/7438/22 7902/7440/22 7903/7441/22
f 7904/7442/13 7905/7443/13 7906/7444/13
f 7904/7442/13 7906/7444/13 7907/7445/13
f 7908/7446/12 7909/7447/12 7910/7448/12
f 7908/7446/12 7910/7448/12 7911/7449/12
f 7912/7450/18 7913/7451/18 7914/7452/18
f 7912/7450/18 7914/7452/18 7915/7453/18
f 7916/7454/16 7917/7455/16 7918/7456/16
f 7916/7454/16 7918/7456/16 7919/7457/16
f 7920/7458/20 7921/7459/20 7922/7460/20
f 7920/7458/20 7922/7460/20 7923/7461/20
f 7924/7462/22 7925/7463/22 7926/7464/22
f 7924/7462/22 7926/7464/22 7927/7465/22
f 7928/7466/13 7929/7467/13 7930/7468/13
f 7928/7466/13 7930/7468/13 7931/7469/13
f 7932/7470/12 7933/7471/12 7934/7472/12
f 7932/7470/12 7934/7472/12 7935/7473/12
f 7936/7474/18 7937/7475/18 7938/7476/18
f 7936/7474/18 7938/7476/18 7939/7477/18
f 7940/7478/16 7941/7479/16 7942/7480/16
f 7940/7478/16 7942/7480/16 7943/7481/16
f 7944/7482/20 7945/7483/20 7946/7484/20
f 7944/7482/20 7946/7484/20 7947/7485/20
f 7948/7486/16 7949/7484/16 7950/7483/16
f 7948/7486/16 7950/7483/16 7951/7487/16
f 7952/7488/13 7953/4285/13 7954/7489/13
f 7952/7488/13 7954/7489/13 7955/7490/13
f 7956/7491/18 7957/7492/18 7958/4335/18
f 7956/7491/18 7958/4335/18 7959/4334/18
f 7960/7493/22 7961/7494/22 7962/7495/22
f 7960/7493/22 7962/7495/22 7963/7496/22
f 7964/7497/12 7965/7498/12 7966/7499/12
f 7964/7497/12 7966/7499/12 7967/7500/12
f 7968/7501/20 7969/7502/20 7970/7503/20
f 7968/7501/20 7970/7503/20 7971/7504/20
f 7972/7505/16 7973/7506/16 7974/7507/16
f 7972/7505/16 7974/7507/16 7975/7508/16
f 7976/7509/13 7977/7510/13 7978/7511/13
f 7976/7509/13 7978/7511/13 7979/7512/13
f 7980/7513/18 7981/7514/18 7982/7515/18
f 7980/7513/18 7982/7515/18 7983/7516/18
f 7984/7517/22 7985/7518/22 7986/7519/22
f 7984/7517/22 7986/7519/22 7987/7520/22
f 7988/7521/12 7989/7522/12 7990/7523/12
f 7988/7521/12 7990/7523/12 7991/7524/12
f 7992/7525/20 7993/7526/20 7994/7527/20
f 7992/7525/20 7994/7527/20 7995/7528/20
f 7996/6147/16 7997/6488/16 7998/4820/16
f 7996/6147/16 7998/4820/16 7999/7529/16
f 8000/7530/13 8001/7531/13 8002/7532/13
f 8000/7530/13 8002/7532/13 8003/3636/13
f 8004/7533/18 8005/7534/18 8006/7535/18
f 8004/7533/18 8006/7535/18 8007/7536/18
f 8008/7537/22 8009/7538/22 8010/7539/22
f 8008/7537/22 8010/7539/22 8011/7540/22
f 8012/7541/12 8013/7542/12 8014/7543/12
f 8012/7541/12 8014/7543/12 8015/7544/12
f 8016/7545/21 8017/7546/21 8018/7547/21
f 8016/7545/21 8018/7547/21 8019/7548/21
f 8020/7549/22 8021/7550/22 8022/7551/22
f 8020/7549/22 8022/7551/22 8023/7552/22
f 8024/7553/15 8025/7554/15 8026/7555/15
f 8024/7553/15 8026/7555/15 8027/7556/15
f 8028/7557/12 8029/7558/12 8030/7559/12
f 8028/7557/12 8030/7559/12 8031/7560/12
f 8032/7561/18 8033/7562/18 8034/7563/18
f 8032/7561/18 8034/7563/18 8035/7564/18
f 8036/7565/16 8037/7566/16 8038/7567/16
f 8036/7565/16 8038/7567/16 8039/7568/16
f 8040/7569/21 8041/7570/21 8042/7571/21
f 8040/7569/21 8042/7571/21 8043/7572/21
f 8044/7573/22 8045/7574/22 8046/7575/22
f 8044/7573/22 8046/7575/22 8047/7576/22
f 8048/7577/15 8049/7578/15 8050/7579/15
f 8048/7577/15 8050/7579/15 8051/7580/15
f 8052/7581/12 8053/7582/12 8054/7583/12
f 8052/7581/12 8054/7583/12 8055/7584/12
f 8056/7585/18 8057/7586/18 8058/7587/18
f 8056/7585/18 8058/7587/18 8059/7588/18
f 8060/7589/16 8061/7590/16 8062/7591/16
f 8060/7589/16 8062/7591/16 8063/7592/16
f 8064/7593/20 8065/7594/20 8066/7595/20
f 8064/7593/20 8066/7595/20 8067/7596/20
f 8068/7597/22 8069/7598/22 8070/7599/22
f 8068/7597/22 8070/7599/22 8071/7600/22
f 8072/7601/13 8073/7602/13 8074/7603/13
f 8072/7601/13 8074/7603/13 8075/7604/13
f 8076/7605/12 8077/7606/12 8078/7607/12
f 8076/7605/12 8078/7607/12 8079/7608/12
f 8080/7609/18 8081/7610/18 8082/7611/18
f 8080/7609/18 8082/7611/18 8083/7612/18
f 8084/7613/16 8085/7614/16 8086/7615/16
f 8084/7613/16 8086/7615/16 8087/7616/16
f 8088/7617/20 8089/7618/20 8090/7619/20
f 8088/7617/20 8090/7619/20 8091/7620/20
f 8092/7621/22 8093/7622/22 8094/7623/22
f 8092/7621/22 8094/7623/22 8095/7624/22
f 8096/7625/13 8097/7626/13 8098/7627/13
f 8096/7625/13 8098/7627/13 8099/7628/13
f 8100/7629/12 8101/7630/12 8102/7631/12
f 8100/7629/12 8102/7631/12 8103/7632/12
f 8104/7633/18 8105/7634/18 8106/7635/18
f 8104/7633/18 8106/7635/18 8107/7636/18
f 8108/7637/16 8109/7638/16 8110/7639/16
f 8108/7637/16 8110/7639/16 8111/7640/16
f 8112/7641/20 8113/7642/20 8114/7643/20
f 8112/7641/20 8114/7643/20 8115/7644/20
f 8116/7645/22 8117/7646/22 8118/7647/22
f 8116/7645/22 8118/7647/22 8119/7648/22
f 8120/7649/13 8121/7650/13 8122/7651/13
f 8120/7649/13 8122/7651/13 8123/7652/13
f 8124/7653/12 8125/7654/12 8126/7655/12
f 8124/7653/12 8126/7655/12 8127/7656/12
f 8128/7657/18 8129/7658/18 8130/7659/18
f 8128/7657/18 8130/7659/18 8131/7660/18
f 8132/7661/16 8133/7662/16 8134/7663/16
f 8132/7661/16 8134/7663/16 8135/7664/16
f 8136/7665/20 8137/7666/20 8138/7667/20
f 8136/7665/20 8138/7667/20 8139/7668/20
f 8140/7669/22 8141/7670/22 8142/7671/22
f 8140/7669/22 8142/7671/22 8143/7672/22
f 8144/7673/13 8145/7674/13 8146/7675/13
f 8144/7673/13 8146/7675/13 8147/7676/13
f 8148/7677/12 8149/7678/12 8150/7679/12
f 8148/7677/12 8150/7679/12 8151/7680/12
f 8152/7681/18 8153/7682/18 8154/7683/18
f 8152/7681/18 8154/7683/18 8155/7684/18
f 8156/7685/16 8157/7686/16 8158/7687/16
f 8156/7685/16 8158/7687/16 8159/7688/16
f 8160/7689/20 8161/7690/20 8162/7691/20
f 8160/7689/20 8162/7691/20 8163/7692/20
f 8164/7693/22 8165/7694/22 8166/7695/22
f 8164/7693/22 8166/7695/22 8167/7696/22
f 8168/7697/13 8169/7698/13 8170/7699/13
f 8168/7697/13 8170/7699/13 8171/7700/13
f 8172/7701/12 8173/7702/12 8174/7703/12
f 8172/7701/12 8174/7703/12 8175/7704/12
f 8176/7705/18 8177/7706/18 8178/7707/18
f 8176/7705/18 8178/7707/18 8179/7708/18
f 8180/7709/16 8181/7710/16 8182/7711/16
f 8180/7709/16 8182/7711/16 8183/7712/16
f 8184/7713/20 8185/7714/20 8186/7715/20
f 8184/7713/20 8186/7715/20 8187/7716/20
f 8188/7717/22 8189/7718/22 8190/7719/22
f 8188/7717/22 8190/7719/22 8191/7720/22
f 8192/7721/13 8193/7722/13 8194/7723/13
f 8192/7721/13 8194/7723/13 8195/7724/13
f 8196/7725/12 8197/7726/12 8198/7727/12
f 8196/7725/12 8198/7727/12 8199/7728/12
f 8200/7729/18 8201/7730/18 8202/7731/18
f 8200/7729/18 8202/7731/18 8203/7732/18
f 8204/7733/16 8205/7734/16 8206/7735/16
f 8204/7733/16 8206/7735/16 8207/7736/16
f 8208/7737/20 8209/7715/20 8210/7714/20
f 8208/7737/20 8210/7714/20 8211/7738/20
f 8212/7739/22 8213/7740/22 8214/7741/22
f 8212/7739/22 8214/7741/22 8215/7742/22
f 8216/7743/13 8217/7744/13 8218/7745/13
f 8216/7743/13 8218/7745/13 8219/7746/13
f 8220/7747/12 8221/7748/12 8222/7749/12
f 8220/7747/12 8222/7749/12 8223/7750/12
f 8224/7751/18 8225/7752/18 8226/7753/18
f 8224/7751/18 8226/7753/18 8227/7754/18
f 8228/7755/16 8229/7756/16 8230/7757/16
f 8228/7755/16 8230/7757/16 8231/7758/16
f 8232/7759/20 8233/7760/20 8234/7761/20
f 8232/7759/20 8234/7761/20 8235/7762/20
f 8236/7763/16 8237/7764/16 8238/7765/16
f 8236/7763/16 8238/7765/16 8239/7766/16
f 8240/7767/13 8241/7768/13 8242/7769/13
f 8240/7767/13 8242/7769/13 8243/7770/13
f 8244/7771/18 8245/7772/18 8246/7773/18
f 8244/7771/18 8246/7773/18 8247/7774/18
f 8248/7775/22 8249/7776/22 8250/7777/22
f 8248/7775/22 8250/7777/22 8251/7778/22
f 8252/7779/12 8253/7780/12 8254/7781/12
f 8252/7779/12 8254/7781/12 8255/7782/12
f 8256/7760/20 8257/7759/20 8258/7783/20
f 8256/7760/20 8258/7783/20 8259/7784/20
f 8260/7785/16 8261/7786/16 8262/7787/16
f 8260/7785/16 8262/7787/16 8263/7788/16
f 8264/7789/13 8265/7790/13 8266/7791/13
f 8264/7789/13 8266/7791/13 8267/7792/13
f 8268/7793/18 8269/7794/18 8270/7795/18
f 8268/7793/18 8270/7795/18 8271/6971/18
f 8272/7796/22 8273/7797/22 8274/7798/22
f 8272/7796/22 8274/7798/22 8275/7799/22
f 8276/7800/12 8277/7801/12 8278/7802/12
f 8276/7800/12 8278/7802/12 8279/7803/12
f 8280/7804/20 8281/7805/20 8282/7746/20
f 8280/7804/20 8282/7746/20 8283/7745/20
f 8284/7806/16 8285/7807/16 8286/7808/16
f 8284/7806/16 8286/7808/16 8287/7809/16
f 8288/7810/13 8289/7811/13 8290/7812/13
f 8288/7810/13 8290/7812/13 8291/7813/13
f 8292/7814/18 8293/7815/18 8294/7816/18
f 8292/7814/18 8294/7816/18 8295/7817/18
f 8296/7818/22 8297/7819/22 8298/7820/22
f 8296/7818/22 8298/7820/22 8299/7821/22
f 8300/7822/12 8301/7823/12 8302/7824/12
f 8300/7822/12 8302/7824/12 8303/7825/12
f 8304/7826/59 8305/7827/59 8306/7828/59
f 8304/7826/59 8306/7828/59 8307/7829/59
f 8308/7830/15 8309/7831/15 8310/7832/15
f 8308/7830/15 8310/7832/15 8311/7833/15
f 8312/7834/14 8313/7835/14 8314/7836/14
f 8312/7834/14 8314/7836/14 8315/7837/14
f 8316/7838/21 8317/7839/21 8318/7840/21
f 8316/7838/21 8318/7840/21 8319/7841/21
f 8320/7842/18 8321/7843/18 8322/7844/18
f 8320/7842/18 8322/7844/18 8323/7845/18
f 8324/7846/16 8325/7847/16 8326/7848/16
f 8324/7846/16 8326/7848/16 8327/7849/16
f 8328/7850/22 8329/7851/22 8330/7852/22
f 8328/7850/22 8330/7852/22 8331/7853/22
f 8332/7854/15 8333/7855/15 8334/7856/15
f 8332/7854/15 8334/7856/15 8335/7857/15
f 8336/7858/12 8337/7859/12 8338/7860/12
f 8336/7858/12 8338/7860/12 8339/7861/12
f 8340/7862/21 8341/7863/21 8342/7864/21
f 8340/7862/21 8342/7864/21 8343/7865/21
f 8344/7866/18 8345/7867/18 8346/7851/18
f 8344/7866/18 8346/7851/18 8347/7850/18
f 8348/7868/16 8349/7869/16 8350/7870/16
f 8348/7868/16 8350/7870/16 8351/7871/16
f 8352/7872/22 8353/7873/22 8354/7874/22
f 8352/7872/22 8354/7874/22 8355/7875/22
f 8356/7876/15 8357/7877/15 8358/7878/15
f 8356/7876/15 8358/7878/15 8359/7879/15
f 8360/7880/12 8361/7881/12 8362/7882/12
f 8360/7880/12 8362/7882/12 8363/7883/12
f 8364/7884/21 8365/7885/21 8366/7886/21
f 8364/7884/21 8366/7886/21 8367/7887/21
f 8368/7888/18 8369/7889/18 8370/7890/18
f 8368/7888/18 8370/7890/18 8371/7891/18
f 8372/7892/16 8373/7893/16 8374/7894/16
f 8372/7892/16 8374/7894/16 8375/7895/16
f 8376/7896/22 8377/7897/22 8378/7898/22
f 8376/7896/22 8378/7898/22 8379/7899/22
f 8380/7900/13 8381/7901/13 8382/7902/13
f 8380/7900/13 8382/7902/13 8383/7903/13
f 8384/7904/12 8385/7905/12 8386/7906/12
f 8384/7904/12 8386/7906/12 8387/7907/12
f 8388/7908/20 8389/7909/20 8390/7910/20
f 8388/7908/20 8390/7910/20 8391/7911/20
f 8392/7912/18 8393/7913/18 8394/7914/18
f 8392/7912/18 8394/7914/18 8395/7915/18
f 8396/7916/16 8397/7917/16 8398/7918/16
f 8396/7916/16 8398/7918/16 8399/7919/16
f 8400/7920/22 8401/7921/22 8402/7922/22
f 8400/7920/22 8402/7922/22 8403/7923/22
f 8404/7924/13 8405/7925/13 8406/7926/13
f 8404/7924/13 8406/7926/13 8407/7927/13
f 8408/7928/12 8409/7929/12 8410/7930/12
f 8408/7928/12 8410/7930/12 8411/7931/12
f 8412/7932/20 8413/7933/20 8414/7934/20
f 8412/7932/20 8414/7934/20 8415/7935/20
f 8416/7936/18 8417/7937/18 8418/7938/18
f 8416/7936/18 8418/7938/18 8419/7939/18
f 8420/7940/16 8421/7941/16 8422/7942/16
f 8420/7940/16 8422/7942/16 8423/7943/16
f 8424/7923/22 8425/7922/22 8426/7944/22
f 8424/7923/22 8426/7944/22 8427/7945/22
f 8428/7946/13 8429/7947/13 8430/7948/13
f 8428/7946/13 8430/7948/13 8431/7949/13
f 8432/7950/12 8433/7951/12 8434/7952/12
f 8432/7950/12 8434/7952/12 8435/7953/12
f 8436/7954/20 8437/7955/20 8438/7956/20
f 8436/7954/20 8438/7956/20 8439/7957/20
f 8440/7958/18 8441/7959/18 8442/7960/18
f 8440/7958/18 8442/7960/18 8443/7961/18
f 8444/7962/16 8445/7963/16 8446/7964/16
f 8444/7962/16 8446/7964/16 8447/7965/16
f 8448/7966/103 8449/7967/104 8450/7968/103
f 8448/7966/103 8450/7968/103 8451/7969/105
f 8452/7970/106 8453/7971/107 8454/7972/106
f 8452/7970/106 8454/7972/106 8455/7973/108
f 8456/7967/109 8457/7966/110 8458/7974/109
f 8456/7967/109 8458/7974/109 8459/7975/111
f 8460/7976/112 8461/7977/113 8462/7978/112
f 8460/7976/112 8462/7978/112 8463/7979/114
f 8464/7980/115 8465/7981/116 8466/7982/115
f 8464/7980/115 8466/7982/115 8467/7983/117
f 8468/7984/118 8469/7985/119 8470/7986/118
f 8468/7984/118 8470/7986/118 8471/7987/120
f 8472/7988/22 8473/7989/22 8474/7990/22
f 8472/7988/22 8474/7990/22 8475/7991/22
f 8476/7992/13 8477/7993/13 8478/7994/13
f 8476/7992/13 8478/7994/13 8479/7995/13
f 8480/7996/12 8481/7997/12 8482/7998/12
f 8480/7996/12 8482/7998/12 8483/7999/12
f 8484/8000/20 8485/8001/20 8486/8002/20
f 8484/8000/20 8486/8002/20 8487/8003/20
f 8488/8004/18 8489/8005/18 8490/8006/18
f 8488/8004/18 8490/8006/18 8491/8007/18
f 8492/8008/16 8493/8009/16 8494/8010/16
f 8492/8008/16 8494/8010/16 8495/8011/16
f 8496/8012/22 8497/8013/22 8498/8014/22
f 8496/8012/22 8498/8014/22 8499/8015/22
f 8500/8016/13 8501/8017/13 8502/8018/13
f 8500/8016/13 8502/8018/13 8503/8019/13
f 8504/8020/12 8505/8021/12 8506/8022/12
f 8504/8020/12 8506/8022/12 8507/8023/12
f 8508/8024/20 8509/8025/20 8510/7909/20
f 8508/8024/20 8510/7909/20 8511/7908/20
f 8512/8026/18 8513/8027/18 8514/8028/18
f 8512/8026/18 8514/8028/18 8515/8029/18
f 8516/8030/16 8517/8031/16 8518/8032/16
f 8516/8030/16 8518/8032/16 8519/8033/16
f 8520/8034/22 8521/8035/22 8522/8036/22
f 8520/8034/22 8522/8036/22 8523/8037/22
f 8524/8038/13 8525/8039/13 8526/8040/13
f 8524/8038/13 8526/8040/13 8527/8025/13
f 8528/8041/12 8529/8042/12 8530/8043/12
f 8528/8041/12 8530/8043/12 8531/8044/12
f 8532/8045/20 8533/8046/20 8534/8047/20
f 8532/8045/20 8534/8047/20 8535/8048/20
f 8536/8049/18 8537/8050/18 8538/8051/18
f 8536/8049/18 8538/8051/18 8539/8052/18
f 8540/8053/16 8541/8054/16 8542/8055/16
f 8540/8053/16 8542/8055/16 8543/8056/16
f 8544/8057/22 8545/8058/22 8546/8059/22
f 8544/8057/22 8546/8059/22 8547/8060/22
f 8548/8061/13 8549/8062/13 8550/8063/13
f 8548/8061/13 8550/8063/13 8551/8064/13
f 8552/8065/12 8553/8066/12 8554/8067/12
f 8552/8065/12 8554/8067/12 8555/8068/12
f 8556/8069/20 8557/8070/20 8558/8071/20
f 8556/8069/20 8558/8071/20 8559/8072/20
f 8560/8073/18 8561/8051/18 8562/8050/18
f 8560/8073/18 8562/8050/18 8563/8074/18
f 8564/8075/16 8565/8076/16 8566/8077/16
f 8564/8075/16 8566/8077/16 8567/8078/16
f 8568/8058/22 8569/8057/22 8570/8079/22
f 8568/8058/22 8570/8079/22 8571/8080/22
f 8572/8081/13 8573/8082/13 8574/8083/13
f 8572/8081/13 8574/8083/13 8575/8084/13
f 8576/8085/12 8577/8086/12 8578/8087/12
f 8576/8085/12 8578/8087/12 8579/8088/12
f 8580/8089/20 8581/8090/20 8582/8091/20
f 8580/8089/20 8582/8091/20 8583/8092/20
f 8584/8093/18 8585/8094/18 8586/8095/18
f 8584/8093/18 8586/8095/18 8587/8096/18
f 8588/7915/16 8589/7914/16 8590/8097/16
f 8588/7915/16 8590/8097/16 8591/8098/16
f 8592/7897/22 8593/7896/22 8594/8099/22
f 8592/7897/22 8594/8099/22 8595/8100/22
f 8596/8101/13 8597/8102/13 8598/8103/13
f 8596/8101/13 8598/8103/13 8599/8104/13
f 8600/8105/12 8601/8106/12 8602/8107/12
f 8600/8105/12 8602/8107/12 8603/8108/12
f 8604/8109/20 8605/8110/20 8606/7900/20
f 8604/8109/20 8606/7900/20 8607/8111/20
f 8608/8112/18 8609/8113/18 8610/8114/18
f 8608/8112/18 8610/8114/18 8611/8115/18
f 8612/8116/16 8613/8117/16 8614/8118/16
f 8612/8116/16 8614/8118/16 8615/8119/16
f 8616/8120/22 8617/8121/22 8618/8122/22
f 8616/8120/22 8618/8122/22 8619/8123/22
f 8620/7903/13 8621/7902/13 8622/8017/13
f 8620/7903/13 8622/8017/13 8623/8016/13
f 8624/8124/12 8625/8125/12 8626/8126/12
f 8624/8124/12 8626/8126/12 8627/8127/12
f 8628/8128/20 8629/8129/20 8630/8130/20
f 8628/8128/20 8630/8130/20 8631/8131/20
f 8632/8132/18 8633/8133/18 8634/8134/18
f 8632/8132/18 8634/8134/18 8635/8135/18
f 8636/8136/16 8637/8137/16 8638/8138/16
f 8636/8136/16 8638/8138/16 8639/8139/16
f 8640/8140/59 8641/8141/59 8642/8142/59
f 8640/8140/59 8642/8142/59 8643/8143/59
f 8644/8144/13 8645/8145/13 8646/8146/13
f 8644/8144/13 8646/8146/13 8647/8147/13
f 8648/8148/14 8649/8149/14 8650/8013/14
f 8648/8148/14 8650/8013/14 8651/8012/14
f 8652/8150/20 8653/8151/20 8654/8152/20
f 8652/8150/20 8654/8152/20 8655/8153/20
f 8656/8154/18 8657/8155/18 8658/8156/18
f 8656/8154/18 8658/8156/18 8659/8157/18
f 8660/8158/16 8661/8159/16 8662/8160/16
f 8660/8158/16 8662/8160/16 8663/8161/16
f 8664/8162/59 8665/6673/59 8666/8163/59
f 8664/8162/59 8666/8163/59 8667/8164/59
f 8668/8165/16 8669/8166/16 8670/8167/16
f 8668/8165/16 8670/8167/16 8671/8168/16
f 8672/8169/14 8673/8170/14 8674/8171/14
f 8672/8169/14 8674/8171/14 8675/8172/14
f 8676/8173/18 8677/8174/18 8678/8175/18
f 8676/8173/18 8678/8175/18 8679/8176/18
f 8680/8177/13 8681/8178/13 8682/8179/13
f 8680/8177/13 8682/8179/13 8683/8180/13
f 8684/8181/20 8685/8182/20 8686/8183/20
f 8684/8181/20 8686/8183/20 8687/8184/20
f 8688/8185/22 8689/8186/22 8690/8187/22
f 8688/8185/22 8690/8187/22 8691/8188/22
f 8692/8189/16 8693/8190/16 8694/8191/16
f 8692/8189/16 8694/8191/16 8695/8192/16
f 8696/8193/12 8697/8194/12 8698/8195/12
f 8696/8193/12 8698/8195/12 8699/8196/12
f 8700/8197/18 8701/8198/18 8702/8199/18
f 8700/8197/18 8702/8199/18 8703/8200/18
f 8704/8201/13 8705/8202/13 8706/8203/13
f 8704/8201/13 8706/8203/13 8707/8204/13
f 8708/8205/20 8709/8206/20 8710/8207/20
f 8708/8205/20 8710/8207/20 8711/8208/20
f 8712/7830/22 8713/8209/22 8714/8210/22
f 8712/7830/22 8714/8210/22 8715/8211/22
f 8716/8212/16 8717/8213/16 8718/8214/16
f 8716/8212/16 8718/8214/16 8719/8215/16
f 8720/8216/12 8721/8217/12 8722/8218/12
f 8720/8216/12 8722/8218/12 8723/8219/12
f 8724/8220/18 8725/8221/18 8726/8222/18
f 8724/8220/18 8726/8222/18 8727/8223/18
f 8728/8224/13 8729/8225/13 8730/8226/13
f 8728/8224/13 8730/8226/13 8731/8227/13
f 8732/8228/20 8733/8229/20 8734/8230/20
f 8732/8228/20 8734/8230/20 8735/8231/20
f 8736/8232/22 8737/2353/22 8738/8233/22
f 8736/8232/22 8738/8233/22 8739/8234/22
f 8740/8235/15 8741/8236/15 8742/8237/15
f 8740/8235/15 8742/8237/15 8743/8238/15
f 8744/8239/12 8745/8240/12 8746/8241/12
f 8744/8239/12 8746/8241/12 8747/8242/12
f 8748/8243/21 8749/8244/21 8750/8245/21
f 8748/8243/21 8750/8245/21 8751/8246/21
f 8752/8247/18 8753/8248/18 8754/8249/18
f 8752/8247/18 8754/8249/18 8755/8250/18
f 8756/8251/16 8757/8252/16 8758/8253/16
f 8756/8251/16 8758/8253/16 8759/8254/16
f 8760/8255/22 8761/8256/22 8762/8257/22
f 8760/8255/22 8762/8257/22 8763/8258/22
f 8764/8259/15 8765/8260/15 8766/8261/15
f 8764/8259/15 8766/8261/15 8767/8262/15
f 8768/8258/12 8769/8257/12 8770/8263/12
f 8768/8258/12 8770/8263/12 8771/8264/12
f 8772/8265/21 8773/8266/21 8774/8267/21
f 8772/8265/21 8774/8267/21 8775/8268/21
f 8776/8269/18 8777/8270/18 8778/8271/18
f 8776/8269/18 8778/8271/18 8779/8272/18
f 8780/8273/16 8781/8271/16 8782/8270/16
f 8780/8273/16 8782/8270/16 8783/8274/16
f 8784/8275/22 8785/8276/22 8786/8277/22
f 8784/8275/22 8786/8277/22 8787/8278/22
f 8788/8279/13 8789/8280/13 8790/8281/13
f 8788/8279/13 8790/8281/13 8791/8282/13
f 8792/8283/12 8793/8284/12 8794/8285/12
f 8792/8283/12 8794/8285/12 8795/8286/12
f 8796/8287/20 8797/8288/20 8798/8289/20
f 8796/8287/20 8798/8289/20 8799/8290/20
f 8800/8291/18 8801/8292/18 8802/8293/18
f 8800/8291/18 8802/8293/18 8803/8294/18
f 8804/8295/16 8805/8296/16 8806/8297/16
f 8804/8295/16 8806/8297/16 8807/7913/16
f 8808/8298/22 8809/8299/22 8810/8300/22
f 8808/8298/22 8810/8300/22 8811/8301/22
f 8812/8302/13 8813/8303/13 8814/8304/13
f 8812/8302/13 8814/8304/13 8815/8305/13
f 8816/8306/12 8817/8307/12 8818/8308/12
f 8816/8306/12 8818/8308/12 8819/8309/12
f 8820/8310/20 8821/8311/20 8822/8312/20
f 8820/8310/20 8822/8312/20 8823/8313/20
f 8824/8314/18 8825/8315/18 8826/8316/18
f 8824/8314/18 8826/8316/18 8827/8317/18
f 8828/8318/16 8829/8055/16 8830/8054/16
f 8828/8318/16 8830/8054/16 8831/8319/16
f 8832/8320/22 8833/8321/22 8834/8322/22
f 8832/8320/22 8834/8322/22 8835/8323/22
f 8836/8324/13 8837/8279/13 8838/8282/13
f 8836/8324/13 8838/8282/13 8839/8325/13
f 8840/8326/12 8841/8327/12 8842/8328/12
f 8840/8326/12 8842/8328/12 8843/8329/12
f 8844/8330/20 8845/8331/20 8846/8332/20
f 8844/8330/20 8846/8332/20 8847/8333/20
f 8848/8334/18 8849/8335/18 8850/8323/18
f 8848/8334/18 8850/8323/18 8851/8322/18
f 8852/8336/16 8853/8337/16 8854/8338/16
f 8852/8336/16 8854/8338/16 8855/8339/16
f 8856/8340/59 8857/8341/59 8858/8342/59
f 8856/8340/59 8858/8342/59 8859/8343/59
f 8860/8344/13 8861/8345/13 8862/8346/13
f 8860/8344/13 8862/8346/13 8863/8347/13
f 8864/8348/14 8865/8349/14 8866/8350/14
f 8864/8348/14 8866/8350/14 8867/8351/14
f 8868/8352/20 8869/8353/20 8870/8354/20
f 8868/8352/20 8870/8354/20 8871/8355/20
f 8872/8356/18 8873/8357/18 8874/8358/18
f 8872/8356/18 8874/8358/18 8875/8359/18
f 8876/8360/16 8877/8361/16 8878/8362/16
f 8876/8360/16 8878/8362/16 8879/8363/16
f 8880/8364/59 8881/8365/59 8882/8366/59
f 8880/8364/59 8882/8366/59 8883/8367/59
f 8884/8368/13 8885/8352/13 8886/8355/13
f 8884/8368/13 8886/8355/13 8887/8369/13
f 8888/8370/14 8889/8350/14 8890/8349/14
f 8888/8370/14 8890/8349/14 8891/8371/14
f 8892/8372/20 8893/8373/20 8894/8374/20
f 8892/8372/20 8894/8374/20 8895/8375/20
f 8896/8376/18 8897/8377/18 8898/8378/18
f 8896/8376/18 8898/8378/18 8899/8379/18
f 8900/8380/16 8901/8381/16 8902/8382/16
f 8900/8380/16 8902/8382/16 8903/8383/16
f 8904/8384/22 8905/8385/22 8906/8386/22
f 8904/8384/22 8906/8386/22 8907/8387/22
f 8908/8388/13 8909/8389/13 8910/8390/13
f 8908/8388/13 8910/8390/13 8911/8391/13
f 8912/8392/12 8913/8393/12 8914/8394/12
f 8912/8392/12 8914/8394/12 8915/8395/12
f 8916/8396/20 8917/8397/20 8918/8398/20
f 8916/8396/20 8918/8398/20 8919/8399/20
f 8920/8400/18 8921/8401/18 8922/8402/18
f 8920/8400/18 8922/8402/18 8923/8403/18
f 8924/8404/16 8925/8405/16 8926/8406/16
f 8924/8404/16 8926/8406/16 8927/8407/16
f 8928/8408/22 8929/8409/22 8930/8410/22
f 8928/8408/22 8930/8410/22 8931/8411/22
f 8932/8412/13 8933/8413/13 8934/8414/13
f 8932/8412/13 8934/8414/13 8935/8415/13
f 8936/8416/12 8937/8417/12 8938/8418/12
f 8936/8416/12 8938/8418/12 8939/8419/12
f 8940/8420/20 8941/8421/20 8942/8422/20
f 8940/8420/20 8942/8422/20 8943/8423/20
f 8944/8424/18 8945/8425/18 8946/8426/18
f 8944/8424/18 8946/8426/18 8947/8427/18
f 8948/8428/16 8949/8429/16 8950/8430/16
f 8948/8428/16 8950/8430/16 8951/8431/16
f 8952/8432/22 8953/8433/22 8954/8434/22
f 8952/8432/22 8954/8434/22 8955/8435/22
f 8956/8436/13 8957/8437/13 8958/8438/13
f 8956/8436/13 8958/8438/13 8959/8439/13
f 8960/8440/12 8961/8441/12 8962/8442/12
f 8960/8440/12 8962/8442/12 8963/8443/12
f 8964/8444/20 8965/8445/20 8966/8446/20
f 8964/8444/20 8966/8446/20 8967/8447/20
f 8968/8448/18 8969/8449/18 8970/8450/18
f 8968/8448/18 8970/8450/18 8971/8451/18
f 8972/8452/16 8973/8453/16 8974/8454/16
f 8972/8452/16 8974/8454/16 8975/8455/16
f 8976/8456/59 8977/8457/59 8978/8458/59
f 8976/8456/59 8978/8458/59 8979/8459/59
f 8980/8460/13 8981/8461/13 8982/8462/13
f 8980/8460/13 8982/8462/13 8983/8463/13
f 8984/8464/14 8985/8465/14 8986/8466/14
f 8984/8464/14 8986/8466/14 8987/8467/14
f 8988/8468/20 8989/8464/20 8990/8467/20
f 8988/8468/20 8990/8467/20 8991/8469/20
f 8992/8470/18 8993/8471/18 8994/8472/18
f 8992/8470/18 8994/8472/18 8995/8473/18
f 8996/8474/16 8997/8475/16 8998/8476/16
f 8996/8474/16 8998/8476/16 8999/8477/16
f 9000/8478/59 9001/8479/59 9002/8480/59
f 9000/8478/59 9002/8480/59 9003/8481/59
f 9004/8482/13 9005/8483/13 9006/8484/13
f 9004/8482/13 9006/8484/13 9007/8485/13
f 9008/8486/14 9009/8487/14 9010/8488/14
f 9008/8486/14 9010/8488/14 9011/8489/14
f 9012/6930/20 9013/8490/20 9014/8491/20
f 9012/6930/20 9014/8491/20 9015/6931/20
f 9016/8492/18 9017/8493/18 9018/8494/18
f 9016/8492/18 9018/8494/18 9019/8495/18
f 9020/8496/16 9021/8497/16 9022/8498/16
f 9020/8496/16 9022/8498/16 9023/8499/16
f 9024/8500/121 9025/8501/122 9026/8502/121
f 9024/8500/121 9026/8502/121 9027/8503/123
f 9028/8504/124 9029/8505/125 9030/8506/124
f 9028/8504/124 9030/8506/124 9031/8507/126
f 9032/8508/127 9033/8509/128 9034/8510/127
f 9032/8508/127 9034/8510/127 9035/8511/129
f 9036/8512/130 9037/8513/131 9038/8514/130
f 9036/8512/130 9038/8514/130 9039/8515/132
f 9040/8516/133 9041/8517/134 9042/8518/133
f 9040/8516/133 9042/8518/133 9043/8519/135
f 9044/8520/136 9045/8521/137 9046/8522/136
f 9044/8520/136 9046/8522/136 9047/8523/138
f 9048/8524/22 9049/8525/22 9050/8526/22
f 9048/8524/22 9050/8526/22 9051/8527/22
f 9052/8528/13 9053/8529/13 9054/8530/13
f 9052/8528/13 9054/8530/13 9055/8531/13
f 9056/8532/12 9057/8533/12 9058/8534/12
f 9056/8532/12 9058/8534/12 9059/8535/12
f 9060/8536/20 9061/8537/20 9062/8538/20
f 9060/8536/20 9062/8538/20 9063/8539/20
f 9064/8540/18 9065/8541/18 9066/8542/18
f 9064/8540/18 9066/8542/18 9067/8543/18
f 9068/8544/16 9069/8545/16 9070/8546/16
f 9068/8544/16 9070/8546/16 9071/8547/16
f 9072/8548/22 9073/8549/22 9074/8550/22
f 9072/8548/22 9074/8550/22 9075/8551/22
f 9076/8552/13 9077/8553/13 9078/8554/13
f 9076/8552/13 9078/8554/13 9079/8555/13
f 9080/8556/12 9081/7194/12 9082/8557/12
f 9080/8556/12 9082/8557/12 9083/8558/12
f 9084/8559/20 9085/8560/20 9086/8561/20
f 9084/8559/20 9086/8561/20 9087/8562/20
f 9088/8563/18 9089/8564/18 9090/8565/18
f 9088/8563/18 9090/8565/18 9091/8566/18
f 9092/8567/16 9093/8568/16 9094/8569/16
f 9092/8567/16 9094/8569/16 9095/8570/16
f 9096/8571/22 9097/8572/22 9098/8573/22
f 9096/8571/22 9098/8573/22 9099/8574/22
f 9100/8575/13 9101/8576/13 9102/8577/13
f 9100/8575/13 9102/8577/13 9103/8578/13
f 9104/8579/12 9105/8580/12 9106/8581/12
f 9104/8579/12 9106/8581/12 9107/8582/12
f 9108/8583/20 9109/8584/20 9110/8585/20
f 9108/8583/20 9110/8585/20 9111/8586/20
f 9112/8587/18 9113/8588/18 9114/8589/18
f 9112/8587/18 9114/8589/18 9115/8590/18
f 9116/8591/16 9117/8592/16 9118/8593/16
f 9116/8591/16 9118/8593/16 9119/8594/16
f 9120/8595/59 9121/8596/59 9122/8597/59
f 9120/8595/59 9122/8597/59 9123/8598/59
f 9124/8576/13 9125/8575/13 9126/8599/13
f 9124/8576/13 9126/8599/13 9127/8600/13
f 9128/8601/14 9129/8602/14 9130/8603/14
f 9128/8601/14 9130/8603/14 9131/8604/14
f 9132/8605/20 9133/8606/20 9134/8607/20
f 9132/8605/20 9134/8607/20 9135/8608/20
f 9136/8609/18 9137/8610/18 9138/8611/18
f 9136/8609/18 9138/8611/18 9139/8612/18
f 9140/8613/16 9141/8614/16 9142/8615/16
f 9140/8613/16 9142/8615/16 9143/8616/16
f 9144/8617/22 9145/8618/22 9146/8619/22
f 9144/8617/22 9146/8619/22 9147/8620/22
f 9148/8621/13 9149/8622/13 9150/8623/13
f 9148/8621/13 9150/8623/13 9151/8624/13
f 9152/8625/12 9153/8626/12 9154/8627/12
f 9152/8625/12 9154/8627/12 9155/8628/12
f 9156/8629/20 9157/8630/20 9158/8631/20
f 9156/8629/20 9158/8631/20 9159/8632/20
f 9160/5842/19 9161/8633/19 9162/8634/19
f 9160/5842/19 9162/8634/19 9163/5239/19
f 9164/8635/17 9165/8636/17 9166/8637/17
f 9164/8635/17 9166/8637/17 9167/8638/17
f 9168/8639/22 9169/8640/22 9170/8641/22
f 9168/8639/22 9170/8641/22 9171/8642/22
f 9172/8643/13 9173/8644/13 9174/8645/13
f 9172/8643/13 9174/8645/13 9175/8646/13
f 9176/8647/12 9177/8648/12 9178/8640/12
f 9176/8647/12 9178/8640/12 9179/8639/12
f 9180/8649/20 9181/8650/20 9182/8651/20
f 9180/8649/20 9182/8651/20 9183/8652/20
f 9184/8653/18 9185/8654/18 9186/8655/18
f 9184/8653/18 9186/8655/18 9187/8656/18
f 9188/8657/16 9189/8655/16 9190/8654/16
f 9188/8657/16 9190/8654/16 9191/8658/16
f 9192/8659/59 9193/8660/59 9194/8661/59
f 9192/8659/59 9194/8661/59 9195/8662/59
f 9196/8663/16 9197/8664/16 9198/8665/16
f 9196/8663/16 9198/8665/16 9199/8666/16
f 9200/8667/14 9201/8668/14 9202/8669/14
f 9200/8667/14 9202/8669/14 9203/8670/14
f 9204/7018/18 9205/7017/18 9206/8671/18
f 9204/7018/18 9206/8671/18 9207/8672/18
f 9208/8673/13 9209/8674/13 9210/8675/13
f 9208/8673/13 9210/8675/13 9211/8676/13
f 9212/8677/20 9213/8678/20 9214/8679/20
f 9212/8677/20 9214/8679/20 9215/8680/20
f 9216/8681/22 9217/8682/22 9218/8683/22
f 9216/8681/22 9218/8683/22 9219/8684/22
f 9220/8685/16 9221/8686/16 9222/8687/16
f 9220/8685/16 9222/8687/16 9223/8688/16
f 9224/8689/12 9225/8661/12 9226/8660/12
f 9224/8689/12 9226/8660/12 9227/8690/12
f 9228/8691/18 9229/8692/18 9230/8666/18
f 9228/8691/18 9230/8666/18 9231/8665/18
f 9232/2452/13 9233/8693/13 9234/8694/13
f 9232/2452/13 9234/8694/13 9235/8695/13
f 9236/8696/20 9237/8697/20 9238/8698/20
f 9236/8696/20 9238/8698/20 9239/8699/20
f 9240/8700/22 9241/8701/22 9242/8702/22
f 9240/8700/22 9242/8702/22 9243/8703/22
f 9244/8704/16 9245/8705/16 9246/8706/16
f 9244/8704/16 9246/8706/16 9247/8707/16
f 9248/8708/12 9249/8700/12 9250/8703/12
f 9248/8708/12 9250/8703/12 9251/8709/12
f 9252/8710/18 9253/8711/18 9254/8712/18
f 9252/8710/18 9254/8712/18 9255/8713/18
f 9256/8714/13 9257/8715/13 9258/8716/13
f 9256/8714/13 9258/8716/13 9259/8717/13
f 9260/8718/20 9261/8719/20 9262/8720/20
f 9260/8718/20 9262/8720/20 9263/8721/20
f 9264/8722/22 9265/8723/22 9266/8724/22
f 9264/8722/22 9266/8724/22 9267/8725/22
f 9268/8726/16 9269/8727/16 9270/8728/16
f 9268/8726/16 9270/8728/16 9271/8729/16
f 9272/8730/12 9273/8731/12 9274/8732/12
f 9272/8730/12 9274/8732/12 9275/8733/12
f 9276/8734/18 9277/8735/18 9278/8736/18
f 9276/8734/18 9278/8736/18 9279/8737/18
f 9280/8738/13 9281/8739/13 9282/8740/13
f 9280/8738/13 9282/8740/13 9283/8741/13
f 9284/8742/20 9285/8743/20 9286/8744/20
f 9284/8742/20 9286/8744/20 9287/8745/20
f 9288/8746/22 9289/8747/22 9290/8748/22
f 9288/8746/22 9290/8748/22 9291/8749/22
f 9292/8750/16 9293/8751/16 9294/8752/16
f 9292/8750/16 9294/8752/16 9295/8753/16
f 9296/8754/12 9297/8755/12 9298/8756/12
f 9296/8754/12 9298/8756/12 9299/8757/12
f 9300/8758/18 9301/8759/18 9302/8760/18
f 9300/8758/18 9302/8760/18 9303/8761/18
f 9304/8762/13 9305/8763/13 9306/8764/13
f 9304/8762/13 9306/8764/13 9307/8765/13
f 9308/8766/20 9309/8767/20 9310/8768/20
f 9308/8766/20 9310/8768/20 9311/8769/20
f 9312/8770/59 9313/8771/59 9314/8772/59
f 9312/8770/59 9314/8772/59 9315/8773/59
f 9316/8774/16 9317/8775/16 9318/8759/16
f 9316/8774/16 9318/8759/16 9319/8758/16
f 9320/8776/14 9321/8777/14 9322/8778/14
f 9320/8776/14 9322/8778/14 9323/8779/14
f 9324/8780/18 9325/8781/18 9326/8761/18
f 9324/8780/18 9326/8761/18 9327/8760/18
f 9328/8782/13 9329/8783/13 9330/5680/13
f 9328/8782/13 9330/5680/13 9331/8784/13
f 9332/8785/20 9333/8786/20 9334/8787/20
f 9332/8785/20 9334/8787/20 9335/8788/20
f 9336/8789/22 9337/8790/22 9338/8791/22
f 9336/8789/22 9338/8791/22 9339/8792/22
f 9340/8793/13 9341/8794/13 9342/8795/13
f 9340/8793/13 9342/8795/13 9343/8796/13
f 9344/8797/12 9345/8798/12 9346/8799/12
f 9344/8797/12 9346/8799/12 9347/8800/12
f 9348/8801/20 9349/8802/20 9350/8803/20
f 9348/8801/20 9350/8803/20 9351/8804/20
f 9352/8805/18 9353/8806/18 9354/8807/18
f 9352/8805/18 9354/8807/18 9355/8808/18
f 9356/8809/16 9357/8810/16 9358/8811/16
f 9356/8809/16 9358/8811/16 9359/8812/16
f 9360/8813/22 9361/8814/22 9362/8815/22
f 9360/8813/22 9362/8815/22 9363/6785/22
f 9364/8816/13 9365/8817/13 9366/8818/13
f 9364/8816/13 9366/8818/13 9367/8819/13
f 9368/8820/12 9369/8821/12 9370/8822/12
f 9368/8820/12 9370/8822/12 9371/8823/12
f 9372/8824/20 9373/8825/20 9374/8804/20
f 9372/8824/20 9374/8804/20 9375/8803/20
f 9376/8826/18 9377/8827/18 9378/8828/18
f 9376/8826/18 9378/8828/18 9379/8829/18
f 9380/8830/16 9381/8831/16 9382/8832/16
f 9380/8830/16 9382/8832/16 9383/8833/16
f 9384/8834/22 9385/8835/22 9386/8836/22
f 9384/8834/22 9386/8836/22 9387/8837/22
f 9388/8838/13 9389/8839/13 9390/8840/13
f 9388/8838/13 9390/8840/13 9391/8841/13
f 9392/8842/12 9393/8843/12 9394/8844/12
f 9392/8842/12 9394/8844/12 9395/8845/12
f 9396/8846/20 9397/8847/20 9398/8848/20
f 9396/8846/20 9398/8848/20 9399/8849/20
f 9400/8850/18 9401/8851/18 9402/8852/18
f 9400/8850/18 9402/8852/18 9403/8853/18
f 9404/8854/16 9405/8855/16 9406/8856/16
f 9404/8854/16 9406/8856/16 9407/8857/16
f 9408/8858/22 9409/8859/22 9410/8860/22
f 9408/8858/22 9410/8860/22 9411/8861/22
f 9412/8862/13 9413/8863/13 9414/8864/13
f 9412/8862/13 9414/8864/13 9415/8865/13
f 9416/8866/12 9417/8867/12 9418/8868/12
f 9416/8866/12 9418/8868/12 9419/8869/12
f 9420/8870/20 9421/8871/20 9422/8872/20
f 9420/8870/20 9422/8872/20 9423/8873/20
f 9424/8874/18 9425/8875/18 9426/8876/18
f 9424/8874/18 9426/8876/18 9427/8877/18
f 9428/8878/16 9429/8879/16 9430/8880/16
f 9428/8878/16 9430/8880/16 9431/8881/16
f 9432/8882/59 9433/8883/59 9434/8884/59
f 9432/8882/59 9434/8884/59 9435/8885/59
f 9436/8886/13 9437/8887/13 9438/8888/13
f 9436/8886/13 9438/8888/13 9439/8889/13
f 9440/8890/14 9441/8891/14 9442/8892/14
f 9440/8890/14 9442/8892/14 9443/8893/14
f 9444/8894/20 9445/8895/20 9446/8896/20
f 9444/8894/20 9446/8896/20 9447/8897/20
f 9448/8898/18 9449/5571/18 9450/5573/18
f 9448/8898/18 9450/5573/18 9451/8899/18
f 9452/8900/16 9453/8901/16 9454/8902/16
f 9452/8900/16 9454/8902/16 9455/8903/16
f 9456/8904/20 9457/8905/20 9458/8906/20
f 9456/8904/20 9458/8906/20 9459/8907/20
f 9460/8908/59 9461/8909/59 9462/8910/59
f 9460/8908/59 9462/8910/59 9463/8911/59
f 9464/8912/13 9465/8913/13 9466/8914/13
f 9464/8912/13 9466/8914/13 9467/8915/13
f 9468/8916/14 9469/8917/14 9470/8918/14
f 9468/8916/14 9470/8918/14 9471/8919/14
f 9472/8920/18 9473/8921/18 9474/8922/18
f 9472/8920/18 9474/8922/18 9475/8923/18
f 9476/8924/16 9477/8925/16 9478/8926/16
f 9476/8924/16 9478/8926/16 9479/8927/16
f 9480/8928/20 9481/8929/20 9482/8930/20
f 9480/8928/20 9482/8930/20 9483/8931/20
f 9484/8932/22 9485/8933/22 9486/8934/22
f 9484/8932/22 9486/8934/22 9487/8935/22
f 9488/8936/13 9489/8937/13 9490/8938/13
f 9488/8936/13 9490/8938/13 9491/8939/13
f 9492/8940/12 9493/8941/12 9494/8942/12
f 9492/8940/12 9494/8942/12 9495/8943/12
f 9496/8944/18 9497/8945/18 9498/8946/18
f 9496/8944/18 9498/8946/18 9499/8947/18
f 9500/8948/16 9501/8949/16 9502/8950/16
f 9500/8948/16 9502/8950/16 9503/8951/16
f 9504/8952/20 9505/8953/20 9506/8954/20
f 9504/8952/20 9506/8954/20 9507/8955/20
f 9508/8956/22 9509/8957/22 9510/8958/22
f 9508/8956/22 9510/8958/22 9511/8959/22
f 9512/8960/13 9513/8961/13 9514/8962/13
f 9512/8960/13 9514/8962/13 9515/4330/13
f 9516/8963/12 9517/8964/12 9518/8965/12
f 9516/8963/12 9518/8965/12 9519/8966/12
f 9520/8967/18 9521/8968/18 9522/8969/18
f 9520/8967/18 9522/8969/18 9523/8970/18
f 9524/8971/16 9525/8972/16 9526/8973/16
f 9524/8971/16 9526/8973/16 9527/8974/16
f 9528/8975/20 9529/8976/20 9530/8977/20
f 9528/8975/20 9530/8977/20 9531/8978/20
f 9532/8979/22 9533/8980/22 9534/8981/22
f 9532/8979/22 9534/8981/22 9535/8982/22
f 9536/8983/13 9537/8984/13 9538/8985/13
f 9536/8983/13 9538/8985/13 9539/8986/13
f 9540/8987/12 9541/8988/12 9542/8989/12
f 9540/8987/12 9542/8989/12 9543/8990/12
f 9544/8991/18 9545/8992/18 9546/8993/18
f 9544/8991/18 9546/8993/18 9547/8994/18
f 9548/8995/16 9549/4133/16 9550/4136/16
f 9548/8995/16 9550/4136/16 9551/8996/16
f 9552/8997/20 9553/8998/20 9554/8999/20
f 9552/8997/20 9554/8999/20 9555/9000/20
f 9556/9001/22 9557/9002/22 9558/9003/22
f 9556/9001/22 9558/9003/22 9559/9004/22
f 9560/9005/13 9561/9006/13 9562/9007/13
f 9560/9005/13 9562/9007/13 9563/9008/13
f 9564/9009/12 9565/9010/12 9566/9011/12
f 9564/9009/12 9566/9011/12 9567/9012/12
f 9568/9013/18 9569/9014/18 9570/9015/18
f 9568/9013/18 9570/9015/18 9571/9016/18
f 9572/9017/16 9573/9018/16 9574/9019/16
f 9572/9017/16 9574/9019/16 9575/9020/16
f 9576/9021/20 9577/9022/20 9578/9023/20
f 9576/9021/20 9578/9023/20 9579/9024/20
f 9580/9025/22 9581/9026/22 9582/9027/22
f 9580/9025/22 9582/9027/22 9583/9028/22
f 9584/9029/13 9585/9030/13 9586/9031/13
f 9584/9029/13 9586/9031/13 9587/9032/13
f 9588/9033/12 9589/9034/12 9590/9035/12
f 9588/9033/12 9590/9035/12 9591/9036/12
f 9592/9037/18 9593/9038/18 9594/9039/18
f 9592/9037/18 9594/9039/18 9595/9040/18
f 9596/9041/16 9597/9042/16 9598/9040/16
f 9596/9041/16 9598/9040/16 9599/9039/16
f 9600/9043/20 9601/9044/20 9602/9045/20
f 9600/9043/20 9602/9045/20 9603/9046/20
f 9604/9047/22 9605/9048/22 9606/9049/22
f 9604/9047/22 9606/9049/22 9607/9050/22
f 9608/9051/13 9609/9052/13 9610/9053/13
f 9608/9051/13 9610/9053/13 9611/9054/13
f 9612/9055/12 9613/9056/12 9614/9057/12
f 9612/9055/12 9614/9057/12 9615/9058/12
f 9616/9059/18 9617/9060/18 9618/9061/18
f 9616/9059/18 9618/9061/18 9619/9062/18
f 9620/9063/16 9621/9064/16 9622/9065/16
f 9620/9063/16 9622/9065/16 9623/9066/16
f 9624/9067/20 9625/9068/20 9626/9069/20
f 9624/9067/20 9626/9069/20 9627/9070/20
f 9628/9071/16 9629/9072/16 9630/9073/16
f 9628/9071/16 9630/9073/16 9631/9074/16
f 9632/9075/13 9633/9076/13 9634/9077/13
f 9632/9075/13 9634/9077/13 9635/9078/13
f 9636/9079/18 9637/9080/18 9638/9081/18
f 9636/9079/18 9638/9081/18 9639/9082/18
f 9640/9083/22 9641/9084/22 9642/9085/22
f 9640/9083/22 9642/9085/22 9643/9086/22
f 9644/9087/12 9645/9088/12 9646/9089/12
f 9644/9087/12 9646/9089/12 9647/9090/12
f 9648/9091/20 9649/9092/20 9650/9093/20
f 9648/9091/20 9650/9093/20 9651/9094/20
f 9652/9095/16 9653/8796/16 9654/9096/16
f 9652/9095/16 9654/9096/16 9655/9097/16
f 9656/9098/13 9657/9099/13 9658/9100/13
f 9656/9098/13 9658/9100/13 9659/9101/13
f 9660/9102/18 9661/9103/18 9662/9104/18
f 9660/9102/18 9662/9104/18 9663/9097/18
f 9664/9105/22 9665/9106/22 9666/9107/22
f 9664/9105/22 9666/9107/22 9667/9108/22
f 9668/9109/12 9669/9110/12 9670/9111/12
f 9668/9109/12 9670/9111/12 9671/9112/12
f 9672/9113/20 9673/9114/20 9674/9115/20
f 9672/9113/20 9674/9115/20 9675/9116/20
f 9676/9117/16 9677/9118/16 9678/9119/16
f 9676/9117/16 9678/9119/16 9679/9120/16
f 9680/9121/13 9681/9122/13 9682/9123/13
f 9680/9121/13 9682/9123/13 9683/9124/13
f 9684/9125/18 9685/9126/18 9686/9127/18
f 9684/9125/18 9686/9127/18 9687/9128/18
f 9688/9129/22 9689/9130/22 9690/9131/22
f 9688/9129/22 9690/9131/22 9691/9132/22
f 9692/9133/12 9693/9134/12 9694/9135/12
f 9692/9133/12 9694/9135/12 9695/9136/12
f 9696/9137/20 9697/9138/20 9698/9139/20
f 9696/9137/20 9698/9139/20 9699/9140/20
f 9700/9141/22 9701/9142/22 9702/9143/22
f 9700/9141/22 9702/9143/22 9703/9144/22
f 9704/9145/13 9705/9146/13 9706/9147/13
f 9704/9145/13 9706/9147/13 9707/9148/13
f 9708/9149/12 9709/9150/12 9710/9151/12
f 9708/9149/12 9710/9151/12 9711/9152/12
f 9712/9153/18 9713/9154/18 9714/9155/18
f 9712/9153/18 9714/9155/18 9715/9156/18
f 9716/9157/16 9717/9158/16 9718/9159/16
f 9716/9157/16 9718/9159/16 9719/9160/16
f 9720/9161/20 9721/9162/20 9722/9163/20
f 9720/9161/20 9722/9163/20 9723/9164/20
f 9724/9165/22 9725/9166/22 9726/9167/22
f 9724/9165/22 9726/9167/22 9727/9168/22
f 9728/9169/13 9729/9170/13 9730/9171/13
f 9728/9169/13 9730/9171/13 9731/9172/13
f 9732/9173/12 9733/9174/12 9734/9175/12
f 9732/9173/12 9734/9175/12 9735/9176/12
f 9736/9177/18 9737/9178/18 9738/9179/18
f 9736/9177/18 9738/9179/18 9739/9180/18
f 9740/9181/16 9741/9182/16 9742/9183/16
f 9740/9181/16 9742/9183/16 9743/9184/16
f 9744/9185/20 9745/9186/20 9746/9187/20
f 9744/9185/20 9746/9187/20 9747/9188/20
f 9748/9189/22 9749/9190/22 9750/9191/22
f 9748/9189/22 9750/9191/22 9751/9192/22
f 9752/9193/13 9753/9194/13 9754/9195/13
f 9752/9193/13 9754/9195/13 9755/9196/13
f 9756/9197/12 9757/9198/12 9758/9199/12
f 9756/9197/12 9758/9199/12 9759/9200/12
f 9760/9201/18 9761/9202/18 9762/9203/18
f 9760/9201/18 9762/9203/18 9763/9204/18
f 9764/9205/16 9765/9206/16 9766/9207/16
f 9764/9205/16 9766/9207/16 9767/9208/16
f 9768/9209/20 9769/9210/20 9770/9211/20
f 9768/9209/20 9770/9211/20 9771/9212/20
f 9772/9213/22 9773/9214/22 9774/9215/22
f 9772/9213/22 9774/9215/22 9775/9216/22
f 9776/9217/13 9777/9218/13 9778/9219/13
f 9776/9217/13 9778/9219/13 9779/9220/13
f 9780/9221/12 9781/9222/12 9782/9223/12
f 9780/9221/12 9782/9223/12 9783/9224/12
f 9784/9225/18 9785/9226/18 9786/9227/18
f 9784/9225/18 9786/9227/18 9787/9228/18
f 9788/9229/16 9789/9230/16 9790/9231/16
f 9788/9229/16 9790/9231/16 9791/9232/16
f 9792/9233/20 9793/9234/20 9794/9235/20
f 9792/9233/20 9794/9235/20 9795/9236/20
f 9796/9237/22 9797/9238/22 9798/9239/22
f 9796/9237/22 9798/9239/22 9799/9240/22
f 9800/9241/13 9801/9242/13 9802/9243/13
f 9800/9241/13 9802/9243/13 9803/9244/13
f 9804/9245/12 9805/9246/12 9806/9247/12
f 9804/9245/12 9806/9247/12 9807/9248/12
f 9808/9249/18 9809/9250/18 9810/9251/18
f 9808/9249/18 9810/9251/18 9811/9252/18
f 9812/9253/16 9813/9254/16 9814/9255/16
f 9812/9253/16 9814/9255/16 9815/9256/16
f 9816/9257/21 9817/9258/21 9818/9259/21
f 9816/9257/21 9818/9259/21 9819/9260/21
f 9820/9261/22 9821/9262/22 9822/9263/22
f 9820/9261/22 9822/9263/22 9823/9264/22
f 9824/9265/15 9825/9266/15 9826/9267/15
f 9824/9265/15 9826/9267/15 9827/9268/15
f 9828/9269/12 9829/9270/12 9830/9271/12
f 9828/9269/12 9830/9271/12 9831/9272/12
f 9832/9273/18 9833/9274/18 9834/9275/18
f 9832/9273/18 9834/9275/18 9835/9276/18
f 9836/9277/16 9837/9278/16 9838/9279/16
f 9836/9277/16 9838/9279/16 9839/9280/16
f 9840/9281/21 9841/9282/21 9842/9283/21
f 9840/9281/21 9842/9283/21 9843/9284/21
f 9844/9285/139 9845/9286/139 9846/9287/139
f 9844/9285/139 9846/9287/139 9847/9288/139
f 9848/9289/15 9849/9290/15 9850/9291/15
f 9848/9289/15 9850/9291/15 9851/9292/15
f 9852/9293/140 9853/9294/140 9854/9288/140
f 9852/9293/140 9854/9288/140 9855/9287/140
f 9856/9295/18 9857/9296/18 9858/9297/18
f 9856/9295/18 9858/9297/18 9859/9298/18
f 9860/9299/16 9861/9300/16 9862/9301/16
f 9860/9299/16 9862/9301/16 9863/9302/16
f 9864/9303/20 9865/9304/20 9866/9305/20
f 9864/9303/20 9866/9305/20 9867/9306/20
f 9868/9307/22 9869/9308/22 9870/9309/22
f 9868/9307/22 9870/9309/22 9871/9310/22
f 9872/9311/13 9873/9312/13 9874/9313/13
f 9872/9311/13 9874/9313/13 9875/9314/13
f 9876/9315/12 9877/9316/12 9878/9317/12
f 9876/9315/12 9878/9317/12 9879/9318/12
f 9880/9319/18 9881/9320/18 9882/9321/18
f 9880/9319/18 9882/9321/18 9883/9322/18
f 9884/9323/16 9885/9324/16 9886/9325/16
f 9884/9323/16 9886/9325/16 9887/9326/16
f 9888/9327/20 9889/9328/20 9890/9329/20
f 9888/9327/20 9890/9329/20 9891/9330/20
f 9892/9331/22 9893/9332/22 9894/9333/22
f 9892/9331/22 9894/9333/22 9895/9334/22
f 9896/9335/13 9897/9336/13 9898/9337/13
f 9896/9335/13 9898/9337/13 9899/9338/13
f 9900/9339/12 9901/9340/12 9902/9341/12
f 9900/9339/12 9902/9341/12 9903/9342/12
f 9904/9343/18 9905/9344/18 9906/9345/18
f 9904/9343/18 9906/9345/18 9907/9346/18
f 9908/9347/16 9909/9348/16 9910/9349/16
f 9908/9347/16 9910/9349/16 9911/9350/16
f 9912/9351/20 9913/9352/20 9914/9353/20
f 9912/9351/20 9914/9353/20 9915/9354/20
f 9916/9355/22 9917/9356/22 9918/9357/22
f 9916/9355/22 9918/9357/22 9919/9358/22
f 9920/9359/13 9921/9360/13 9922/9361/13
f 9920/9359/13 9922/9361/13 9923/9362/13
f 9924/9363/12 9925/9361/12 9926/9360/12
f 9924/9363/12 9926/9360/12 9927/9364/12
f 9928/9365/18 9929/9366/18 9930/9367/18
f 9928/9365/18 9930/9367/18 9931/9368/18
f 9932/9369/16 9933/9370/16 9934/9371/16
f 9932/9369/16 9934/9371/16 9935/9372/16
f 9936/9373/20 9937/9374/20 9938/9375/20
f 9936/9373/20 9938/9375/20 9939/9376/20
f 9940/9377/22 9941/9378/22 9942/9379/22
f 9940/9377/22 9942/9379/22 9943/9380/22
f 9944/9381/13 9945/9382/13 9946/9383/13
f 9944/9381/13 9946/9383/13 9947/9384/13
f 9948/9385/12 9949/9386/12 9950/9387/12
f 9948/9385/12 9950/9387/12 9951/9388/12
f 9952/9389/18 9953/9390/18 9954/9391/18
f 9952/9389/18 9954/9391/18 9955/9392/18
f 9956/9393/16 9957/9394/16 9958/9395/16
f 9956/9393/16 9958/9395/16 9959/9396/16
f 9960/9397/20 9961/9398/20 9962/9399/20
f 9960/9397/20 9962/9399/20 9963/9400/20
f 9964/9401/22 9965/9402/22 9966/9403/22
f 9964/9401/22 9966/9403/22 9967/9404/22
f 9968/9405/13 9969/9406/13 9970/9407/13
f 9968/9405/13 9970/9407/13 9971/9408/13
f 9972/9409/12 9973/9410/12 9974/9411/12
f 9972/9409/12 9974/9411/12 9975/9412/12
f 9976/9413/18 9977/9414/18 9978/9415/18
f 9976/9413/18 9978/9415/18 9979/9416/18
f 9980/9417/16 9981/9418/16 9982/9419/16
f 9980/9417/16 9982/9419/16 9983/9420/16
f 9984/9421/20 9985/9422/20 9986/9423/20
f 9984/9421/20 9986/9423/20 9987/9424/20
f 9988/9425/22 9989/9426/22 9990/9427/22
f 9988/9425/22 9990/9427/22 9991/9428/22
f 9992/9429/13 9993/9430/13 9994/9431/13
f 9992/9429/13 9994/9431/13 9995/9432/13
f 9996/9433/12 9997/9434/12 9998/9435/12
f 9996/9433/12 9998/9435/12 9999/9436/12
f 10000/9437/18 10001/9417/18 10002/9420/18
f 10000/9437/18 10002/9420/18 10003/9438/18
f 10004/9439/16 10005/9440/16 10006/9441/16
f 10004/9439/16 10006/9441/16 10007/9442/16
f 10008/9443/20 10009/9444/20 10010/9445/20
f 10008/9443/20 10010/9445/20 10011/9446/20
f 10012/9447/22 10013/9448/22 10014/9449/22
f 10012/9447/22 10014/9449/22 10015/9450/22
f 10016/9451/13 10017/9452/13 10018/9453/13
f 10016/9451/13 10018/9453/13 10019/9454/13
f 10020/9455/12 10021/9456/12 10022/9457/12
f 10020/9455/12 10022/9457/12 10023/9458/12
f 10024/9459/18 10025/9460/18 10026/9461/18
f 10024/9459/18 10026/9461/18 10027/9462/18
f 10028/9463/16 10029/9464/16 10030/9465/16
f 10028/9463/16 10030/9465/16 10031/9466/16
f 10032/9467/20 10033/9468/20 10034/9469/20
f 10032/9467/20 10034/9469/20 10035/9470/20
f 10036/9471/22 10037/9472/22 10038/9473/22
f 10036/9471/22 10038/9473/22 10039/9474/22
f 10040/9475/13 10041/9476/13 10042/9477/13
f 10040/9475/13 10042/9477/13 10043/9478/13
f 10044/9479/12 10045/9480/12 10046/9481/12
f 10044/9479/12 10046/9481/12 10047/9482/12
f 10048/9483/18 10049/9484/18 10050/9485/18
f 10048/9483/18 10050/9485/18 10051/9486/18
f 10052/9487/16 10053/9488/16 10054/9489/16
f 10052/9487/16 10054/9489/16 10055/9490/16
f 10056/9491/20 10057/9492/20 10058/9493/20
f 10056/9491/20 10058/9493/20 10059/9494/20
f 10060/9495/22 10061/9496/22 10062/9497/22
f 10060/9495/22 10062/9497/22 10063/9498/22
f 10064/9499/13 10065/9500/13 10066/7455/13
f 10064/9499/13 10066/7455/13 10067/9501/13
f 10068/9502/12 10069/9503/12 10070/9504/12
f 10068/9502/12 10070/9504/12 10071/9505/12
f 10072/9506/18 10073/9507/18 10074/9508/18
f 10072/9506/18 10074/9508/18 10075/9509/18
f 10076/9510/16 10077/9511/16 10078/9512/16
f 10076/9510/16 10078/9512/16 10079/9513/16
f 10080/7937/141 10081/7936/142 10082/7529/141
f 10080/7937/141 10082/7529/141 10083/9514/143
f 10084/9515/144 10085/9516/145 10086/6998/144
f 10084/9515/144 10086/6998/144 10087/9517/146
f 10088/9518/147 10089/9519/148 10090/9520/147
f 10088/9518/147 10090/9520/147 10091/9521/149
f 10092/9522/150 10093/9523/151 10094/9524/150
f 10092/9522/150 10094/9524/150 10095/9525/152
f 10096/9526/153 10097/9527/154 10098/7983/153
f 10096/9526/153 10098/7983/153 10099/7982/155
f 10100/6617/156 10101/9528/157 10102/9529/156
f 10100/6617/156 10102/9529/156 10103/9530/158
f 10104/9531/20 10105/9532/20 10106/9533/20
f 10104/9531/20 10106/9533/20 10107/9534/20
f 10108/9535/59 10109/9536/59 10110/9537/59
f 10108/9535/59 10110/9537/59 10111/9538/59
f 10112/9539/13 10113/9540/13 10114/9541/13
f 10112/9539/13 10114/9541/13 10115/9542/13
f 10116/9543/14 10117/9544/14 10118/9545/14
f 10116/9543/14 10118/9545/14 10119/9546/14
f 10120/9547/18 10121/9548/18 10122/9549/18
f 10120/9547/18 10122/9549/18 10123/9550/18
f 10124/9551/16 10125/9552/16 10126/9553/16
f 10124/9551/16 10126/9553/16 10127/9554/16
f 10128/9555/21 10129/9556/21 10130/9557/21
f 10128/9555/21 10130/9557/21 10131/9558/21
f 10132/9559/59 10133/9560/59 10134/9561/59
f 10132/9559/59 10134/9561/59 10135/9562/59
f 10136/9563/15 10137/9564/15 10138/9565/15
f 10136/9563/15 10138/9565/15 10139/9566/15
f 10140/9567/14 10141/9568/14 10142/9569/14
f 10140/9567/14 10142/9569/14 10143/9570/14
f 10144/9571/18 10145/9572/18 10146/9573/18
f 10144/9571/18 10146/9573/18 10147/9574/18
f 10148/9575/16 10149/9576/16 10150/9577/16
f 10148/9575/16 10150/9577/16 10151/9578/16
f 10152/9579/20 10153/9580/20 10154/9581/20
f 10152/9579/20 10154/9581/20 10155/9582/20
f 10156/9583/59 10157/9584/59 10158/9585/59
f 10156/9583/59 10158/9585/59 10159/9586/59
f 10160/9587/13 10161/9588/13 10162/9589/13
f 10160/9587/13 10162/9589/13 10163/9590/13
f 10164/9591/14 10165/9592/14 10166/9593/14
f 10164/9591/14 10166/9593/14 10167/9594/14
f 10168/9595/18 10169/9596/18 10170/9597/18
f 10168/9595/18 10170/9597/18 10171/9598/18
f 10172/9599/16 10173/9600/16 10174/9601/16
f 10172/9599/16 10174/9601/16 10175/9602/16
f 10176/9603/20 10177/9604/20 10178/9605/20
f 10176/9603/20 10178/9605/20 10179/9606/20
f 10180/9594/59 10181/9593/59 10182/9607/59
f 10180/9594/59 10182/9607/59 10183/9608/59
f 10184/9609/13 10185/9610/13 10186/9611/13
f 10184/9609/13 10186/9611/13 10187/9612/13
f 10188/9613/14 10189/9614/14 10190/9615/14
f 10188/9613/14 10190/9615/14 10191/9616/14
f 10192/9617/18 10193/9618/18 10194/9619/18
f 10192/9617/18 10194/9619/18 10195/9620/18
f 10196/9621/16 10197/9622/16 10198/9623/16
f 10196/9621/16 10198/9623/16 10199/9624/16
f 10200/9625/20 10201/9626/20 10202/9627/20
f 10200/9625/20 10202/9627/20 10203/9628/20
f 10204/9629/59 10205/9630/59 10206/9631/59
f 10204/9629/59 10206/9631/59 10207/9632/59
f 10208/9540/13 10209/9633/13 10210/9634/13
f 10208/9540/13 10210/9634/13 10211/9541/13
f 10212/9635/14 10213/9636/14 10214/9637/14
f 10212/9635/14 10214/9637/14 10215/9592/14
f 10216/9638/18 10217/9639/18 10218/9640/18
f 10216/9638/18 10218/9640/18 10219/9641/18
f 10220/9642/16 10221/9643/16 10222/9644/16
f 10220/9642/16 10222/9644/16 10223/9645/16
f 10224/9646/20 10225/9647/20 10226/9648/20
f 10224/9646/20 10226/9648/20 10227/9649/20
f 10228/9650/59 10229/9651/59 10230/9652/59
f 10228/9650/59 10230/9652/59 10231/9653/59
f 10232/9654/13 10233/9655/13 10234/9656/13
f 10232/9654/13 10234/9656/13 10235/9657/13
f 10236/9658/14 10237/9659/14 10238/9660/14
f 10236/9658/14 10238/9660/14 10239/9661/14
f 10240/9662/18 10241/9663/18 10242/3254/18
f 10240/9662/18 10242/3254/18 10243/9664/18
f 10244/9665/16 10245/9666/16 10246/9667/16
f 10244/9665/16 10246/9667/16 10247/9668/16
f 10248/9647/20 10249/9669/20 10250/9670/20
f 10248/9647/20 10250/9670/20 10251/9648/20
f 10252/9671/59 10253/9672/59 10254/9673/59
f 10252/9671/59 10254/9673/59 10255/9674/59
f 10256/9675/13 10257/9676/13 10258/9677/13
f 10256/9675/13 10258/9677/13 10259/9678/13
f 10260/7275/14 10261/7274/14 10262/9679/14
f 10260/7275/14 10262/9679/14 10263/9680/14
f 10264/9681/18 10265/9682/18 10266/9683/18
f 10264/9681/18 10266/9683/18 10267/9684/18
f 10268/9685/16 10269/9686/16 10270/9687/16
f 10268/9685/16 10270/9687/16 10271/9688/16
f 10272/9689/21 10273/9690/21 10274/9691/21
f 10272/9689/21 10274/9691/21 10275/9692/21
f 10276/9693/22 10277/6660/22 10278/6659/22
f 10276/9693/22 10278/6659/22 10279/9694/22
f 10280/9695/15 10281/9696/15 10282/9697/15
f 10280/9695/15 10282/9697/15 10283/7931/15
f 10284/9698/12 10285/9699/12 10286/9700/12
f 10284/9698/12 10286/9700/12 10287/9701/12
f 10288/9702/18 10289/9703/18 10290/9704/18
f 10288/9702/18 10290/9704/18 10291/9705/18
f 10292/9706/16 10293/9707/16 10294/9708/16
f 10292/9706/16 10294/9708/16 10295/9709/16
f 10296/9710/20 10297/9711/20 10298/9712/20
f 10296/9710/20 10298/9712/20 10299/9713/20
f 10300/9714/22 10301/9715/22 10302/9716/22
f 10300/9714/22 10302/9716/22 10303/9717/22
f 10304/9718/13 10305/9719/13 10306/9720/13
f 10304/9718/13 10306/9720/13 10307/9721/13
f 10308/9722/12 10309/9723/12 10310/9724/12
f 10308/9722/12 10310/9724/12 10311/9725/12
f 10312/9726/18 10313/9727/18 10314/9728/18
f 10312/9726/18 10314/9728/18 10315/9729/18
f 10316/9730/16 10317/9731/16 10318/9732/16
f 10316/9730/16 10318/9732/16 10319/9733/16
f 10320/9734/20 10321/9712/20 10322/9711/20
f 10320/9734/20 10322/9711/20 10323/9735/20
f 10324/9736/22 10325/9737/22 10326/9738/22
f 10324/9736/22 10326/9738/22 10327/9739/22
f 10328/9740/13 10329/9741/13 10330/9742/13
f 10328/9740/13 10330/9742/13 10331/9743/13
f 10332/9744/12 10333/9745/12 10334/9746/12
f 10332/9744/12 10334/9746/12 10335/9747/12
f 10336/9748/18 10337/9749/18 10338/9750/18
f 10336/9748/18 10338/9750/18 10339/9751/18
f 10340/9752/16 10341/9753/16 10342/9754/16
f 10340/9752/16 10342/9754/16 10343/9755/16
f 10344/9756/20 10345/9757/20 10346/9758/20
f 10344/9756/20 10346/9758/20 10347/9759/20
f 10348/9760/22 10349/9761/22 10350/9762/22
f 10348/9760/22 10350/9762/22 10351/9763/22
f 10352/9764/13 10353/9765/13 10354/9756/13
f 10352/9764/13 10354/9756/13 10355/9766/13
f 10356/9767/12 10357/9768/12 10358/9769/12
f 10356/9767/12 10358/9769/12 10359/9770/12
f 10360/9771/18 10361/9772/18 10362/9773/18
f 10360/9771/18 10362/9773/18 10363/9774/18
f 10364/5664/16 10365/5265/16 10366/5264/16
f 10364/5664/16 10366/5264/16 10367/9775/16
f 10368/9759/20 10369/9758/20 10370/9776/20
f 10368/9759/20 10370/9776/20 10371/9777/20
f 10372/9778/22 10373/9779/22 10374/9780/22
f 10372/9778/22 10374/9780/22 10375/9781/22
f 10376/9782/13 10377/9783/13 10378/9784/13
f 10376/9782/13 10378/9784/13 10379/9785/13
f 10380/9786/12 10381/9787/12 10382/9788/12
f 10380/9786/12 10382/9788/12 10383/9789/12
f 10384/9790/18 10385/9791/18 10386/9792/18
f 10384/9790/18 10386/9792/18 10387/9793/18
f 10388/9794/16 10389/9795/16 10390/9796/16
f 10388/9794/16 10390/9796/16 10391/9797/16
f 10392/9798/21 10393/9799/21 10394/9800/21
f 10392/9798/21 10394/9800/21 10395/9801/21
f 10396/9802/59 10397/9803/59 10398/9804/59
f 10396/9802/59 10398/9804/59 10399/9805/59
f 10400/9806/15 10401/9807/15 10402/9808/15
f 10400/9806/15 10402/9808/15 10403/9809/15
f 10404/9810/14 10405/9811/14 10406/9812/14
f 10404/9810/14 10406/9812/14 10407/9813/14
f 10408/9814/18 10409/9815/18 10410/9816/18
f 10408/9814/18 10410/9816/18 10411/9817/18
f 10412/9818/16 10413/9819/16 10414/9820/16
f 10412/9818/16 10414/9820/16 10415/9821/16
f 10416/9822/20 10417/9823/20 10418/9824/20
f 10416/9822/20 10418/9824/20 10419/9825/20
f 10420/9826/59 10421/9827/59 10422/9828/59
f 10420/9826/59 10422/9828/59 10423/9829/59
f 10424/9830/13 10425/9831/13 10426/9832/13
f 10424/9830/13 10426/9832/13 10427/9833/13
f 10428/9834/14 10429/9835/14 10430/9836/14
f 10428/9834/14 10430/9836/14 10431/9837/14
f 10432/9838/18 10433/9839/18 10434/9840/18
f 10432/9838/18 10434/9840/18 10435/9841/18
f 10436/9842/16 10437/9843/16 10438/9844/16
f 10436/9842/16 10438/9844/16 10439/9845/16
f 10440/9846/20 10441/9847/20 10442/9848/20
f 10440/9846/20 10442/9848/20 10443/9849/20
f 10444/9850/59 10445/9851/59 10446/9852/59
f 10444/9850/59 10446/9852/59 10447/9853/59
f 10448/9854/13 10449/9855/13 10450/9856/13
f 10448/9854/13 10450/9856/13 10451/9857/13
f 10452/9858/14 10453/9859/14 10454/9860/14
f 10452/9858/14 10454/9860/14 10455/9861/14
f 10456/9862/18 10457/9863/18 10458/9864/18
f 10456/9862/18 10458/9864/18 10459/9865/18
f 10460/9866/16 10461/9867/16 10462/9868/16
f 10460/9866/16 10462/9868/16 10463/9869/16
f 10464/9870/20 10465/9871/20 10466/9872/20
f 10464/9870/20 10466/9872/20 10467/9873/20
f 10468/9874/59 10469/9875/59 10470/9876/59
f 10468/9874/59 10470/9876/59 10471/9877/59
f 10472/9878/13 10473/9879/13 10474/9880/13
f 10472/9878/13 10474/9880/13 10475/9881/13
f 10476/9882/14 10477/9883/14 10478/9884/14
f 10476/9882/14 10478/9884/14 10479/9885/14
f 10480/9886/18 10481/9887/18 10482/9888/18
f 10480/9886/18 10482/9888/18 10483/9889/18
f 10484/9890/16 10485/9891/16 10486/9892/16
f 10484/9890/16 10486/9892/16 10487/9893/16
f 10488/8866/20 10489/9894/20 10490/9895/20
f 10488/8866/20 10490/9895/20 10491/9896/20
f 10492/9897/59 10493/9898/59 10494/9899/59
f 10492/9897/59 10494/9899/59 10495/9900/59
f 10496/9901/13 10497/9902/13 10498/9903/13
f 10496/9901/13 10498/9903/13 10499/9904/13
f 10500/9905/14 10501/9906/14 10502/9907/14
f 10500/9905/14 10502/9907/14 10503/9908/14
f 10504/9909/18 10505/9910/18 10506/9911/18
f 10504/9909/18 10506/9911/18 10507/9912/18
f 10508/9913/16 10509/9914/16 10510/9915/16
f 10508/9913/16 10510/9915/16 10511/9916/16
f 10512/9917/21 10513/9918/21 10514/9919/21
f 10512/9917/21 10514/9919/21 10515/9920/21
f 10516/9921/59 10517/9922/59 10518/9923/59
f 10516/9921/59 10518/9923/59 10519/9924/59
f 10520/9925/15 10521/9926/15 10522/9927/15
f 10520/9925/15 10522/9927/15 10523/9928/15
f 10524/9929/14 10525/9930/14 10526/9931/14
f 10524/9929/14 10526/9931/14 10527/9932/14
f 10528/9933/18 10529/9934/18 10530/9935/18
f 10528/9933/18 10530/9935/18 10531/9936/18
f 10532/9937/16 10533/9938/16 10534/9939/16
f 10532/9937/16 10534/9939/16 10535/9940/16
f 10536/9941/20 10537/9942/20 10538/9943/20
f 10536/9941/20 10538/9943/20 10539/9944/20
f 10540/9945/59 10541/9946/59 10542/9947/59
f 10540/9945/59 10542/9947/59 10543/9948/59
f 10544/9949/13 10545/9950/13 10546/9951/13
f 10544/9949/13 10546/9951/13 10547/9952/13
f 10548/9953/14 10549/9954/14 10550/9955/14
f 10548/9953/14 10550/9955/14 10551/9956/14
f 10552/9957/18 10553/9958/18 10554/9959/18
f 10552/9957/18 10554/9959/18 10555/9960/18
f 10556/9961/16 10557/9962/16 10558/9963/16
f 10556/9961/16 10558/9963/16 10559/9964/16
f 10560/9965/20 10561/9966/20 10562/9967/20
f 10560/9965/20 10562/9967/20 10563/9968/20
f 10564/9969/59 10565/9970/59 10566/9971/59
f 10564/9969/59 10566/9971/59 10567/9972/59
f 10568/9973/13 10569/9974/13 10570/9975/13
f 10568/9973/13 10570/9975/13 10571/9976/13
f 10572/9977/14 10573/9978/14 10574/9979/14
f 10572/9977/14 10574/9979/14 10575/9980/14
f 10576/9981/18 10577/9982/18 10578/9983/18
f 10576/9981/18 10578/9983/18 10579/9984/18
f 10580/7055/16 10581/9985/16 10582/9986/16
f 10580/7055/16 10582/9986/16 10583/7052/16
f 10584/9987/20 10585/9988/20 10586/9989/20
f 10584/9987/20 10586/9989/20 10587/9990/20
f 10588/9991/59 10589/9992/59 10590/9993/59
f 10588/9991/59 10590/9993/59 10591/9994/59
f 10592/9995/13 10593/9996/13 10594/9997/13
f 10592/9995/13 10594/9997/13 10595/9998/13
f 10596/9999/14 10597/10000/14 10598/10001/14
f 10596/9999/14 10598/10001/14 10599/10002/14
f 10600/10003/18 10601/10004/18 10602/10005/18
f 10600/10003/18 10602/10005/18 10603/10006/18
f 10604/10007/16 10605/10008/16 10606/10009/16
f 10604/10007/16 10606/10009/16 10607/10010/16
f 10608/10011/20 10609/10012/20 10610/10013/20
f 10608/10011/20 10610/10013/20 10611/10014/20
f 10612/10015/59 10613/10016/59 10614/10017/59
f 10612/10015/59 10614/10017/59 10615/10018/59
f 10616/10019/13 10617/10020/13 10618/10021/13
f 10616/10019/13 10618/10021/13 10619/10022/13
f 10620/10023/14 10621/10024/14 10622/10025/14
f 10620/10023/14 10622/10025/14 10623/10026/14
f 10624/10027/18 10625/10028/18 10626/10029/18
f 10624/10027/18 10626/10029/18 10627/10030/18
f 10628/10031/16 10629/10032/16 10630/10033/16
f 10628/10031/16 10630/10033/16 10631/10034/16
f 10632/10035/21 10633/10036/21 10634/10037/21
f 10632/10035/21 10634/10037/21 10635/10038/21
f 10636/10039/59 10637/10040/59 10638/10041/59
f 10636/10039/59 10638/10041/59 10639/10042/59
f 10640/10043/15 10641/10044/15 10642/10045/15
f 10640/10043/15 10642/10045/15 10643/10046/15
f 10644/10047/14 10645/10048/14 10646/10049/14
f 10644/10047/14 10646/10049/14 10647/10050/14
f 10648/10051/18 10649/10052/18 10650/10053/18
f 10648/10051/18 10650/10053/18 10651/10054/18
f 10652/10055/16 10653/10056/16 10654/10057/16
f 10652/10055/16 10654/10057/16 10655/10058/16
f 10656/10059/20 10657/10060/20 10658/9988/20
f 10656/10059/20 10658/9988/20 10659/9987/20
f 10660/10061/59 10661/10062/59 10662/10063/59
f 10660/10061/59 10662/10063/59 10663/10064/59
f 10664/10065/13 10665/10066/13 10666/10067/13
f 10664/10065/13 10666/10067/13 10667/10068/13
f 10668/10069/14 10669/10070/14 10670/10071/14
f 10668/10069/14 10670/10071/14 10671/10072/14
f 10672/10073/18 10673/10074/18 10674/10075/18
f 10672/10073/18 10674/10075/18 10675/10076/18
f 10676/10077/16 10677/10078/16 10678/10079/16
f 10676/10077/16 10678/10079/16 10679/10080/16
f 10680/10081/20 10681/10082/20 10682/10083/20
f 10680/10081/20 10682/10083/20 10683/10084/20
f 10684/10085/59 10685/10086/59 10686/10087/59
f 10684/10085/59 10686/10087/59 10687/10088/59
f 10688/10089/13 10689/10090/13 10690/10091/13
f 10688/10089/13 10690/10091/13 10691/9657/13
f 10692/10092/14 10693/10093/14 10694/10094/14
f 10692/10092/14 10694/10094/14 10695/10095/14
f 10696/10096/18 10697/3204/18 10698/3207/18
f 10696/10096/18 10698/3207/18 10699/10097/18
f 10700/10097/16 10701/3207/16 10702/10098/16
f 10700/10097/16 10702/10098/16 10703/10099/16
f 2227/2044/13 2243/2060/13 10704/10100/13
f 2227/2044/13 10704/10100/13 10705/10101/13
f 10706/10102/159 10707/10103/160 10708/10104/161
f 10706/10102/159 10708/10104/161 10709/10105/162
f 10710/10106/163 10711/10107/164 10712/10108/165
f 10710/10106/163 10712/10108/165 10713/10109/166
f 10714/10110/167 10715/10111/168 10716/10112/169
f 10714/10110/167 10716/10112/169 10717/10113/170
f 10713/10109/166 10712/10108/165 10718/10114/171
f 10713/10109/166 10718/10114/171 10719/10115/172
f 10720/10116/173 10721/10117/174 10722/10118/175
f 10720/10116/173 10722/10118/175 10723/10119/176
f 10719/10115/172 10718/10114/171 10724/10120/177
f 10719/10115/172 10724/10120/177 10725/10121/178
f 10726/10122/179 10727/10123/180 10728/10124/181
f 10726/10122/179 10728/10124/181 10729/10125/182
f 10725/10121/178 10724/10120/177 10730/10126/183
f 10725/10121/178 10730/10126/183 10731/10127/184
f 10732/10128/185 10733/10129/186 10734/10130/187
f 10732/10128/185 10734/10130/187 10735/10131/188
f 10736/10132/184 10737/10133/183 10738/10134/189
f 10736/10132/184 10738/10134/189 10739/10135/190
f 10740/10136/191 10741/10137/192 10742/10138/193
f 10740/10136/191 10742/10138/193 10743/10139/194
f 10739/10135/190 10738/10134/189 10744/10140/195
f 10739/10135/190 10744/10140/195 10745/10141/196
f 10746/10142/197 10747/10143/198 10748/467/199
f 10746/10142/197 10748/467/199 10749/10144/200
f 10745/10141/196 10744/10140/195 10750/10145/201
f 10745/10141/196 10750/10145/201 10751/10146/202
f 10752/10147/203 10753/10148/204 10754/10149/205
f 10752/10147/203 10754/10149/205 10755/10150/206
f 10751/10146/202 10750/10145/201 10756/10151/207
f 10751/10146/202 10756/10151/207 10757/10152/208
f 10758/10153/209 10759/10154/210 10760/10155/211
f 10758/10153/209 10760/10155/211 10761/10156/212
f 10757/10152/208 10756/10151/207 10762/10157/213
f 10757/10152/208 10762/10157/213 10763/10158/214
f 10764/10159/215 10765/10160/216 10766/10161/217
f 10764/10159/215 10766/10161/217 10767/10162/218
f 10763/10158/214 10762/10157/213 10768/10163/219
f 10763/10158/214 10768/10163/219 10769/10164/220
f 10770/10165/221 10771/10166/222 10772/10167/223
f 10770/10165/221 10772/10167/223 10773/10168/224
f 10769/10164/220 10768/10163/219 10774/10169/225
f 10769/10164/220 10774/10169/225 10775/10170/226
f 10707/10103/160 10776/10171/227 10777/10172/228
f 10707/10103/160 10777/10172/228 10708/10104/161
f 10775/10170/226 10774/10169/225 10778/10173/229
f 10775/10170/226 10778/10173/229 10779/10174/230
f 10715/10111/168 10780/10175/231 10781/10176/232
f 10715/10111/168 10781/10176/232 10716/10112/169
f 10782/10127/230 10783/10177/229 10784/10178/233
f 10782/10127/230 10784/10178/233 10785/10121/234
f 10786/10179/235 10787/10180/236 10788/10181/237
f 10786/10179/235 10788/10181/237 10789/10182/238
f 10785/10121/234 10784/10178/233 10790/10183/239
f 10785/10121/234 10790/10183/239 10791/10115/240
f 10721/10117/174 10792/10184/241 10793/10185/242
f 10721/10117/174 10793/10185/242 10722/10118/175
f 10791/10115/240 10790/10183/239 10794/10186/243
f 10791/10115/240 10794/10186/243 10795/10109/244
f 10727/10123/180 10796/10187/245 10797/10188/246
f 10727/10123/180 10797/10188/246 10728/10124/181
f 10795/10109/244 10794/10186/243 10798/10189/247
f 10795/10109/244 10798/10189/247 10799/10106/248
f 10733/10129/186 10800/10190/249 10801/10191/250
f 10733/10129/186 10801/10191/250 10734/10130/187
f 10799/10106/248 10798/10189/247 10802/10192/251
f 10799/10106/248 10802/10192/251 10803/10193/252
f 10741/10137/192 10804/10194/253 10805/10195/254
f 10741/10137/192 10805/10195/254 10742/10138/193
f 10803/10193/252 10802/10192/251 10806/10196/255
f 10803/10193/252 10806/10196/255 10807/10197/256
f 10747/10143/198 10808/10198/257 10809/468/258
f 10747/10143/198 10809/468/258 10748/467/199
f 10807/10197/256 10806/10196/255 10810/10199/259
f 10807/10197/256 10810/10199/259 10811/10200/260
f 10753/10148/204 10812/10201/261 10813/10202/262
f 10753/10148/204 10813/10202/262 10754/10149/205
f 10811/10200/260 10810/10199/259 10814/10203/263
f 10811/10200/260 10814/10203/263 10815/10204/264
f 10759/10154/210 10706/10102/159 10709/10105/162
f 10759/10154/210 10709/10105/162 10760/10155/211
f 10816/10205/264 10817/10206/263 10818/10207/265
f 10816/10205/264 10818/10207/265 10819/10208/266
f 10787/10180/236 10714/10110/167 10717/10113/170
f 10787/10180/236 10717/10113/170 10788/10181/237
f 10819/10208/266 10818/10207/265 10820/10209/267
f 10819/10208/266 10820/10209/267 10821/10210/268
f 10765/10160/216 10720/10116/173 10723/10119/176
f 10765/10160/216 10723/10119/176 10766/10161/217
f 10821/10210/268 10820/10209/267 10822/10211/269
f 10821/10210/268 10822/10211/269 10823/10212/270
f 10824/10213/16 10825/10214/16 10826/10215/16
f 10824/10213/16 10826/10215/16 10827/10216/16
f 10771/10166/222 10726/10122/179 10729/10125/182
f 10771/10166/222 10729/10125/182 10772/10167/223
f 10823/10212/270 10822/10211/269 10828/10217/271
f 10823/10212/270 10828/10217/271 10829/10151/272
f 10830/10218/12 10831/10219/12 10832/10220/12
f 10830/10218/12 10832/10220/12 10833/10221/12
f 10776/10171/227 10732/10128/185 10735/10131/188
f 10776/10171/227 10735/10131/188 10777/10172/228
f 10829/10151/272 10828/10217/271 10834/10222/273
f 10829/10151/272 10834/10222/273 10835/10223/274
f 10836/10224/20 10837/10225/20 10838/10226/20
f 10836/10224/20 10838/10226/20 10839/10227/20
f 10780/10175/231 10740/10136/191 10743/10139/194
f 10780/10175/231 10743/10139/194 10781/10176/232
f 10835/10223/274 10834/10222/273 10840/10228/275
f 10835/10223/274 10840/10228/275 10841/10229/276
f 10842/10230/12 10843/10231/12 10844/10232/12
f 10842/10230/12 10844/10232/12 10845/10233/12
f 10796/10187/245 10746/10142/197 10749/10144/200
f 10796/10187/245 10749/10144/200 10797/10188/246
f 10841/10229/276 10840/10228/275 10846/10234/277
f 10841/10229/276 10846/10234/277 10847/10235/278
f 10848/10236/13 10849/10237/13 10850/10238/13
f 10848/10236/13 10850/10238/13 10851/10239/13
f 10800/10190/249 10752/10147/203 10755/10150/206
f 10800/10190/249 10755/10150/206 10801/10191/250
f 10847/10235/278 10846/10234/277 10852/10240/279
f 10847/10235/278 10852/10240/279 10853/10241/280
f 10854/10242/22 10855/10243/22 10856/10244/22
f 10854/10242/22 10856/10244/22 10857/10245/22
f 10804/10194/253 10758/10153/209 10761/10156/212
f 10804/10194/253 10761/10156/212 10805/10195/254
f 10858/10204/280 10859/10246/279 10860/10247/281
f 10858/10204/280 10860/10247/281 10861/10200/282
f 10808/10198/257 10764/10159/215 10767/10162/218
f 10808/10198/257 10767/10162/218 10809/468/258
f 10861/10200/282 10860/10247/281 10862/10248/283
f 10861/10200/282 10862/10248/283 10863/10197/284
f 10792/10184/241 10786/10179/235 10789/10182/238
f 10792/10184/241 10789/10182/238 10793/10185/242
f 10864/10193/285 10865/10249/286 10711/10107/164
f 10864/10193/285 10711/10107/164 10710/10106/163
f 10863/10197/284 10862/10248/283 10865/10249/286
f 10863/10197/284 10865/10249/286 10864/10193/285
f 10812/10201/261 10770/10165/221 10773/10168/224
f 10812/10201/261 10773/10168/224 10813/10202/262
f 10866/10250/13 10867/10251/13 10868/10252/13
f 10866/10250/13 10868/10252/13 10869/10253/13
f 10867/10251/13 10848/10236/13 10851/10239/13
f 10867/10251/13 10851/10239/13 10868/10252/13
f 10870/10254/20 10871/10255/20 10872/10256/20
f 10870/10254/20 10872/10256/20 10873/10257/20
f 10871/10255/20 10836/10224/20 10839/10227/20
f 10871/10255/20 10839/10227/20 10872/10256/20
f 10874/10258/12 10875/10259/14 10876/10260/12
f 10874/10258/12 10876/10260/12 10877/10261/12
f 10878/10262/18 10879/10263/18 10880/10264/18
f 10878/10262/18 10880/10264/18 10881/10265/18
f 10882/10266/12 10883/10267/12 10884/10268/12
f 10882/10266/12 10884/10268/12 10885/10269/12
f 10886/10270/16 10887/10271/16 10825/10214/16
f 10886/10270/16 10825/10214/16 10824/10213/16
f 10888/10272/16 10889/10273/16 10890/10274/16
f 10888/10272/16 10890/10274/16 10891/10275/16
f 10889/10273/16 10886/10270/16 10824/10213/16
f 10889/10273/16 10824/10213/16 10890/10274/16
f 10892/10276/16 10893/10277/16 10894/10278/16
f 10892/10276/16 10894/10278/16 10895/10279/16
f 10896/10280/16 10897/10281/16 10886/10270/16
f 10896/10280/16 10886/10270/16 10889/10273/16
f 10898/10282/18 10899/10283/18 10900/10284/18
f 10898/10282/18 10900/10284/18 10901/10285/18
f 10899/10283/18 10878/10262/18 10881/10265/18
f 10899/10283/18 10881/10265/18 10900/10284/18
f 10902/10286/22 10903/10287/22 10904/10288/22
f 10902/10286/22 10904/10288/22 10905/10289/22
f 10906/10290/18 10907/10291/18 10878/10262/18
f 10906/10290/18 10878/10262/18 10899/10283/18
f 10908/10292/22 10909/10293/22 10910/10294/59
f 10908/10292/22 10910/10294/59 10911/10295/22
f 10909/10293/22 10854/10242/22 10857/10245/22
f 10909/10293/22 10857/10245/22 10910/10294/59
f 10912/10296/12 10913/10297/12 10875/10259/14
f 10912/10296/12 10875/10259/14 10874/10258/12
f 10913/10297/12 10842/10230/12 10845/10233/12
f 10913/10297/12 10845/10233/12 10875/10259/14
f 10857/10245/22 10856/10244/22 10914/10298/22
f 10857/10245/22 10914/10298/22 10915/10299/22
f 10900/10284/18 10881/10265/18 10916/10300/18
f 10900/10284/18 10916/10300/18 10917/10301/18
f 10891/10275/16 10890/10274/16 10918/10302/16
f 10891/10275/16 10918/10302/16 10919/10303/16
f 10890/10274/16 10824/10213/16 10827/10216/16
f 10890/10274/16 10827/10216/16 10918/10302/16
f 10920/10304/12 10921/10305/12 10922/10306/12
f 10920/10304/12 10922/10306/12 10923/10307/12
f 10924/10308/12 10925/10309/12 10926/10310/12
f 10924/10308/12 10926/10310/12 10927/10311/12
f 10928/10312/13 10929/10313/13 10930/10314/13
f 10928/10312/13 10930/10314/13 10931/10315/13
f 10932/10316/22 10933/10317/22 10934/10318/22
f 10932/10316/22 10934/10318/22 10935/10319/22
f 10936/10320/22 10937/10321/22 10938/10322/22
f 10936/10320/22 10938/10322/22 10939/10323/22
f 10911/10295/22 10910/10294/59 10940/10324/22
f 10911/10295/22 10940/10324/22 10941/10325/22
f 10839/10227/20 10838/10226/20 10942/10326/20
f 10839/10227/20 10942/10326/20 10943/10327/20
f 10873/10257/20 10872/10256/20 10944/10328/20
f 10873/10257/20 10944/10328/20 10945/10329/20
f 10946/10330/15 10947/10331/15 10948/10332/13
f 10946/10330/15 10948/10332/13 10949/10333/13
f 10845/10233/12 10844/10232/12 10950/10334/12
f 10845/10233/12 10950/10334/12 10951/10335/12
f 10952/10336/21 10953/10337/21 10954/10338/20
f 10952/10336/21 10954/10338/20 10955/10339/20
f 10956/10340/15 10957/10341/15 10958/10342/13
f 10956/10340/15 10958/10342/13 10959/10343/13
f 10869/10253/13 10868/10252/13 10960/10344/13
f 10869/10253/13 10960/10344/13 10961/10345/13
f 10962/10346/12 10963/10347/12 10964/10348/12
f 10962/10346/12 10964/10348/12 10965/10349/12
f 10966/10350/21 10967/10351/21 10968/10352/20
f 10966/10350/21 10968/10352/20 10969/10353/20
f 10851/10239/13 10850/10238/13 10929/10313/13
f 10851/10239/13 10929/10313/13 10928/10312/13
f 10892/10276/16 10970/10354/16 10971/10355/16
f 10892/10276/16 10971/10355/16 10893/10277/16
f 10972/10356/16 10973/10357/16 10974/10358/16
f 10972/10356/16 10974/10358/16 10975/10359/16
f 10976/10360/13 10977/10361/15 10978/10362/13
f 10976/10360/13 10978/10362/13 10979/10363/13
f 10980/10364/22 10981/10365/22 10982/10366/22
f 10980/10364/22 10982/10366/22 10983/10367/22
f 10984/10368/13 10985/10369/13 10986/10370/13
f 10984/10368/13 10986/10370/13 10987/10371/13
f 10988/10372/22 10989/10373/22 10990/10374/22
f 10988/10372/22 10990/10374/22 10991/10375/22
f 10843/10231/12 10842/10230/12 10992/10376/12
f 10843/10231/12 10992/10376/12 10993/10377/12
f 10871/10255/20 10870/10254/20 10994/10378/20
f 10871/10255/20 10994/10378/20 10995/10379/20
f 10996/10380/59 10997/10381/22 10989/10373/22
f 10996/10380/59 10989/10373/22 10988/10372/22
f 10998/10382/15 10999/10383/15 10977/10361/15
f 10998/10382/15 10977/10361/15 10976/10360/13
f 11000/10384/20 11001/10385/20 11002/10386/20
f 11000/10384/20 11002/10386/20 11003/10387/20
f 11004/10388/14 11005/10389/12 10883/10267/12
f 11004/10388/14 10883/10267/12 10882/10266/12
f 11006/10390/20 11007/10391/20 11008/10392/20
f 11006/10390/20 11008/10392/20 11009/10393/20
f 10882/10266/12 10885/10269/12 11010/10394/12
f 10882/10266/12 11010/10394/12 11011/10395/12
f 10990/10374/22 10989/10373/22 11012/10396/22
f 10990/10374/22 11012/10396/22 11013/10397/22
f 11014/10398/18 11015/10399/18 11016/10400/18
f 11014/10398/18 11016/10400/18 11017/10401/18
f 10913/10297/12 10912/10296/12 11018/10402/12
f 10913/10297/12 11018/10402/12 11019/10403/12
f 11019/10403/12 11018/10402/12 11005/10389/12
f 11019/10403/12 11005/10389/12 11004/10388/14
f 11020/10404/20 11021/10405/20 11022/10406/20
f 11020/10404/20 11022/10406/20 11023/10407/20
f 11024/10408/16 11025/10409/16 11026/10410/16
f 11024/10408/16 11026/10410/16 11027/10411/16
f 10849/10237/13 10848/10236/13 11028/10412/13
f 10849/10237/13 11028/10412/13 11029/10413/13
f 11029/10413/13 11028/10412/13 10999/10383/15
f 11029/10413/13 10999/10383/15 10998/10382/15
f 11030/10414/59 11031/10415/59 11032/10416/22
f 11030/10414/59 11032/10416/22 11033/10417/22
f 11033/10417/22 11032/10416/22 10997/10381/22
f 11033/10417/22 10997/10381/22 10996/10380/59
f 11034/10418/20 11035/10404/20 11036/10407/20
f 11034/10418/20 11036/10407/20 11037/10419/20
f 11019/10403/12 11004/10388/14 11038/10420/14
f 11019/10403/12 11038/10420/14 11039/10421/14
f 10997/10381/22 11032/10416/22 11040/10422/59
f 10997/10381/22 11040/10422/59 11041/10423/59
f 11042/10424/18 11043/10425/18 11044/10426/18
f 11042/10424/18 11044/10426/18 11045/10427/18
f 11046/10428/16 11047/10429/16 11048/10430/16
f 11046/10428/16 11048/10430/16 11049/10431/16
f 11050/10432/20 11051/10433/20 11052/10434/20
f 11050/10432/20 11052/10434/20 11053/10435/20
f 11054/10436/22 11055/10437/22 11056/10438/22
f 11054/10436/22 11056/10438/22 11057/10439/22
f 11058/10440/20 11059/10441/20 11060/10442/20
f 11058/10440/20 11060/10442/20 11061/10443/20
f 11062/10444/12 11063/10445/14 11064/10446/12
f 11062/10444/12 11064/10446/12 11065/10447/14
f 11066/10448/13 11067/10449/13 11068/10450/13
f 11066/10448/13 11068/10450/13 11069/10451/13
f 11070/10452/12 11071/10453/14 11072/10454/12
f 11070/10452/12 11072/10454/12 11073/10455/12
f 11071/10453/14 11062/10444/12 11065/10447/14
f 11071/10453/14 11065/10447/14 11072/10454/12
f 11074/10456/22 11075/10457/22 11076/10458/22
f 11074/10456/22 11076/10458/22 11077/10459/22
f 11075/10457/22 11054/10436/22 11057/10439/22
f 11075/10457/22 11057/10439/22 11076/10458/22
f 11078/10460/20 11079/10461/21 11080/10462/20
f 11078/10460/20 11080/10462/20 11081/10463/20
f 11082/10464/18 11083/10465/18 11084/10466/18
f 11082/10464/18 11084/10466/18 11085/10467/18
f 11086/10468/20 11087/10469/20 11088/10470/20
f 11086/10468/20 11088/10470/20 11089/10471/20
f 11090/10472/16 11091/10473/16 11047/10429/16
f 11090/10472/16 11047/10429/16 11046/10428/16
f 11092/10474/16 11093/10475/16 11094/10476/16
f 11092/10474/16 11094/10476/16 11095/10477/16
f 11093/10475/16 11090/10472/16 11046/10428/16
f 11093/10475/16 11046/10428/16 11094/10476/16
f 11096/10478/16 11097/10479/16 11098/10480/16
f 11096/10478/16 11098/10480/16 11099/10354/16
f 11100/10481/16 11101/10482/16 11090/10472/16
f 11100/10481/16 11090/10472/16 11093/10475/16
f 11102/10483/18 11103/10484/18 11104/10485/18
f 11102/10483/18 11104/10485/18 11105/10486/18
f 11103/10484/18 11082/10464/18 11085/10467/18
f 11103/10484/18 11085/10467/18 11104/10485/18
f 11106/10487/13 11107/10488/13 11108/10489/13
f 11106/10487/13 11108/10489/13 11109/10490/13
f 11110/10491/18 11111/10492/18 11082/10464/18
f 11110/10491/18 11082/10464/18 11103/10484/18
f 11112/10493/13 11113/10494/13 11114/10495/15
f 11112/10493/13 11114/10495/15 11115/10496/13
f 11113/10494/13 11066/10448/13 11069/10451/13
f 11113/10494/13 11069/10451/13 11114/10495/15
f 11116/10497/20 11117/10498/20 11079/10461/21
f 11116/10497/20 11079/10461/21 11078/10460/20
f 11117/10498/20 11058/10440/20 11061/10443/20
f 11117/10498/20 11061/10443/20 11079/10461/21
f 11069/10451/13 11068/10450/13 11118/10499/13
f 11069/10451/13 11118/10499/13 11119/10500/13
f 11104/10485/18 11085/10467/18 11120/10501/18
f 11104/10485/18 11120/10501/18 11121/10502/18
f 11095/10477/16 11094/10476/16 11122/10503/17
f 11095/10477/16 11122/10503/17 11123/10504/16
f 11094/10476/16 11046/10428/16 11049/10431/16
f 11094/10476/16 11049/10431/16 11122/10503/17
f 11124/10505/13 11125/10506/13 11126/10507/13
f 11124/10505/13 11126/10507/13 11127/10508/13
f 10945/10329/20 10944/10328/20 11128/10509/20
f 10945/10329/20 11128/10509/20 11129/10510/20
f 11130/10511/12 11131/10512/12 11132/10513/12
f 11130/10511/12 11132/10513/12 11133/10514/12
f 11081/10463/20 11080/10462/20 11134/10515/20
f 11081/10463/20 11134/10515/20 11135/10516/20
f 11136/10517/13 11137/10518/13 11138/10519/13
f 11136/10517/13 11138/10519/13 11139/10520/13
f 11115/10496/13 11114/10495/15 11140/10521/13
f 11115/10496/13 11140/10521/13 11141/10522/13
f 11057/10439/22 11056/10438/22 11142/10523/22
f 11057/10439/22 11142/10523/22 11143/10524/22
f 11077/10459/22 11076/10458/22 10933/10317/22
f 11077/10459/22 10933/10317/22 10932/10316/22
f 11144/10525/12 11145/10350/12 11146/10353/12
f 11144/10525/12 11146/10353/12 11147/10526/12
f 11061/10443/20 11060/10442/20 11148/10527/20
f 11061/10443/20 11148/10527/20 11149/10528/20
f 11150/10529/22 11151/10530/22 11152/10531/22
f 11150/10529/22 11152/10531/22 11153/10532/22
f 11154/10533/14 11155/10534/14 11156/10535/12
f 11154/10533/14 11156/10535/12 11157/10536/12
f 11073/10455/12 11072/10454/12 11158/10537/12
f 11073/10455/12 11158/10537/12 11159/10538/12
f 11160/10539/20 11161/10540/20 11162/10541/20
f 11160/10539/20 11162/10541/20 11163/10542/20
f 11164/10543/59 11165/10513/59 11166/10544/22
f 11164/10543/59 11166/10544/22 11167/10545/22
f 11065/10447/14 11064/10446/12 10921/10305/12
f 11065/10447/14 10921/10305/12 10920/10304/12
f 11096/10478/16 11168/10279/16 11169/10546/16
f 11096/10478/16 11169/10546/16 11097/10479/16
f 11170/10547/16 11171/10548/16 11172/10549/16
f 11170/10547/16 11172/10549/16 11173/10550/16
f 11174/10551/12 11175/10552/12 11176/10553/12
f 11174/10551/12 11176/10553/12 11177/10554/12
f 11178/10555/13 11179/10556/13 11180/10557/13
f 11178/10555/13 11180/10557/13 11181/10558/13
f 11182/10559/12 11183/10560/12 11184/10561/12
f 11182/10559/12 11184/10561/12 11185/10562/12
f 11186/10563/13 11187/10564/13 11188/10565/13
f 11186/10563/13 11188/10565/13 11189/10566/13
f 11059/10441/20 11058/10440/20 11190/10567/20
f 11059/10441/20 11190/10567/20 11191/10568/20
f 11075/10457/22 11074/10456/22 11192/10569/22
f 11075/10457/22 11192/10569/22 11193/10570/22
f 11194/10571/15 11195/10572/13 11187/10564/13
f 11194/10571/15 11187/10564/13 11186/10563/13
f 11196/10573/12 11197/10574/12 11175/10552/12
f 11196/10573/12 11175/10552/12 11174/10551/12
f 11198/10575/22 11199/10576/22 11200/10577/22
f 11198/10575/22 11200/10577/22 11201/10578/22
f 11202/10579/21 11203/10580/20 11087/10469/20
f 11202/10579/21 11087/10469/20 11086/10468/20
f 11204/10581/22 11205/10390/22 11206/10393/22
f 11204/10581/22 11206/10393/22 11207/10582/22
f 11086/10468/20 11089/10471/20 11208/10583/20
f 11086/10468/20 11208/10583/20 11209/10584/20
f 11188/10565/13 11187/10564/13 11210/10585/13
f 11188/10565/13 11210/10585/13 11211/10586/13
f 11212/10587/18 11213/10588/18 11214/10589/18
f 11212/10587/18 11214/10589/18 11215/10590/18
f 11117/10498/20 11116/10497/20 11216/10591/20
f 11117/10498/20 11216/10591/20 11217/10592/20
f 11217/10592/20 11216/10591/20 11203/10580/20
f 11217/10592/20 11203/10580/20 11202/10579/21
f 11218/10578/22 11219/10384/22 11220/10387/22
f 11218/10578/22 11220/10387/22 11221/10575/22
f 11222/10593/16 11223/10594/16 11224/10595/16
f 11222/10593/16 11224/10595/16 11225/10596/16
f 11063/10445/14 11062/10444/12 11226/10597/12
f 11063/10445/14 11226/10597/12 11227/10598/12
f 11227/10598/12 11226/10597/12 11197/10574/12
f 11227/10598/12 11197/10574/12 11196/10573/12
f 11228/10599/15 11229/10600/15 11230/10601/13
f 11228/10599/15 11230/10601/13 11231/10602/13
f 11231/10602/13 11230/10601/13 11195/10572/13
f 11231/10602/13 11195/10572/13 11194/10571/15
f 11232/10576/22 11233/10603/22 11234/10604/22
f 11232/10576/22 11234/10604/22 11235/10577/22
f 11217/10592/20 11202/10579/21 11236/10605/21
f 11217/10592/20 11236/10605/21 11237/10606/21
f 11195/10572/13 11230/10601/13 11238/10607/15
f 11195/10572/13 11238/10607/15 11239/10608/15
f 11240/10609/18 11241/10610/18 11242/10611/18
f 11240/10609/18 11242/10611/18 11243/10612/18
f 11244/10613/16 11245/10614/16 11246/10615/16
f 11244/10613/16 11246/10615/16 11247/10616/17
f 11248/10617/13 11249/10618/13 11250/10619/13
f 11248/10617/13 11250/10619/13 11251/10620/13
f 11252/10621/12 11253/10296/12 11254/10258/12
f 11252/10621/12 11254/10258/12 11255/10622/12
f 11256/10623/13 11257/10624/13 11258/10625/13
f 11256/10623/13 11258/10625/13 11259/10626/13
f 11260/10627/22 11261/10628/22 11262/10629/22
f 11260/10627/22 11262/10629/22 11263/10630/22
f 11264/10631/20 11265/10632/20 11266/10633/20
f 11264/10631/20 11266/10633/20 11267/10634/20
f 11268/10635/22 11269/10636/22 11270/10637/59
f 11268/10635/22 11270/10637/59 11271/10638/22
f 11269/10636/22 11260/10627/22 11263/10630/22
f 11269/10636/22 11263/10630/22 11270/10637/59
f 11272/10639/12 11273/10640/12 11274/10641/12
f 11272/10639/12 11274/10641/12 11275/10642/12
f 11273/10640/12 11252/10621/12 11255/10622/12
f 11273/10640/12 11255/10622/12 11274/10641/12
f 11276/10643/13 11277/10644/15 11125/10506/13
f 11276/10643/13 11125/10506/13 11124/10505/13
f 11278/10645/18 11279/10646/18 11280/10647/18
f 11278/10645/18 11280/10647/18 11281/10648/18
f 11282/10649/13 11283/10650/13 11284/10651/13
f 11282/10649/13 11284/10651/13 11285/10652/13
f 11286/10653/16 11287/10654/16 11245/10614/16
f 11286/10653/16 11245/10614/16 11244/10613/16
f 11288/10655/16 11289/10656/16 11290/10657/16
f 11288/10655/16 11290/10657/16 11291/10658/17
f 11289/10656/16 11286/10653/16 11244/10613/16
f 11289/10656/16 11244/10613/16 11290/10657/16
f 11292/10659/16 11293/10660/16 11294/10661/16
f 11292/10659/16 11294/10661/16 11295/10662/16
f 11296/10663/16 11297/10664/16 11286/10653/16
f 11296/10663/16 11286/10653/16 11289/10656/16
f 11298/10665/18 11299/10666/18 11300/10667/18
f 11298/10665/18 11300/10667/18 11301/10668/18
f 11299/10666/18 11278/10645/18 11281/10648/18
f 11299/10666/18 11281/10648/18 11300/10667/18
f 11302/10669/20 11303/10670/20 11304/10671/20
f 11302/10669/20 11304/10671/20 11305/10672/20
f 11306/10673/18 11307/10674/18 11278/10645/18
f 11306/10673/18 11278/10645/18 11299/10666/18
f 11308/10675/20 11309/10676/20 11310/10677/20
f 11308/10675/20 11310/10677/20 11311/10678/21
f 11309/10676/20 11264/10631/20 11267/10634/20
f 11309/10676/20 11267/10634/20 11310/10677/20
f 11312/10679/13 11313/10680/13 11277/10644/15
f 11312/10679/13 11277/10644/15 11276/10643/13
f 11313/10680/13 11256/10623/13 11259/10626/13
f 11313/10680/13 11259/10626/13 11277/10644/15
f 11267/10634/20 11266/10633/20 11314/10681/20
f 11267/10634/20 11314/10681/20 11315/10682/20
f 11300/10667/18 11281/10648/18 11316/10683/18
f 11300/10667/18 11316/10683/18 11317/10684/18
f 11291/10658/17 11290/10657/16 11318/10685/16
f 11291/10658/17 11318/10685/16 11319/10686/17
f 11290/10657/16 11244/10613/16 11247/10616/17
f 11290/10657/16 11247/10616/17 11318/10685/16
f 11153/10532/22 11152/10531/22 11320/10337/22
f 11153/10532/22 11320/10337/22 11321/10687/22
f 11322/10688/22 11323/10689/22 11324/10690/22
f 11322/10688/22 11324/10690/22 11325/10691/22
f 10877/10261/12 10876/10260/12 11326/10692/12
f 10877/10261/12 11326/10692/12 11327/10693/12
f 11328/10694/22 11329/10695/22 11330/10696/22
f 11328/10694/22 11330/10696/22 11331/10697/22
f 11332/10698/20 11333/10699/20 11334/10700/20
f 11332/10698/20 11334/10700/20 11335/10701/20
f 11311/10678/21 11310/10677/20 11336/10702/20
f 11311/10678/21 11336/10702/20 11337/10703/20
f 11255/10622/12 11254/10258/12 11338/10261/12
f 11255/10622/12 11338/10261/12 11339/10704/12
f 11275/10642/12 11274/10641/12 10925/10309/12
f 11275/10642/12 10925/10309/12 10924/10308/12
f 11340/10705/59 11341/10706/59 11329/10695/22
f 11340/10705/59 11329/10695/22 11328/10694/22
f 11259/10626/13 11258/10625/13 11342/10707/13
f 11259/10626/13 11342/10707/13 11343/10708/13
f 11344/10409/14 11345/10709/14 11131/10512/12
f 11344/10409/14 11131/10512/12 11130/10511/12
f 11346/10710/22 11347/10711/22 11348/10712/22
f 11346/10710/22 11348/10712/22 11349/10713/22
f 11271/10638/22 11270/10637/59 11323/10689/22
f 11271/10638/22 11323/10689/22 11322/10688/22
f 11350/10714/13 11351/10715/13 11352/10716/13
f 11350/10714/13 11352/10716/13 11353/10717/13
f 11354/10718/12 11355/10705/12 11356/10694/12
f 11354/10718/12 11356/10694/12 11357/10719/12
f 11263/10630/22 11262/10629/22 11358/10720/22
f 11263/10630/22 11358/10720/22 11359/10721/22
f 11292/10659/16 11360/10722/16 11361/10723/16
f 11292/10659/16 11361/10723/16 11293/10660/16
f 11362/10724/16 11363/10725/16 11364/10726/16
f 11362/10724/16 11364/10726/16 11365/10727/16
f 11366/10728/22 11367/10729/59 11368/10730/22
f 11366/10728/22 11368/10730/22 11369/10731/22
f 11370/10732/20 11371/10733/20 11372/10734/20
f 11370/10732/20 11372/10734/20 11373/10735/20
f 11374/10736/22 11375/10737/22 11376/10738/22
f 11374/10736/22 11376/10738/22 11377/10739/22
f 11378/10740/20 11379/10741/20 11380/10742/20
f 11378/10740/20 11380/10742/20 11381/10743/20
f 11257/10624/13 11256/10623/13 11382/10744/13
f 11257/10624/13 11382/10744/13 11383/10745/13
f 11273/10640/12 11272/10639/12 11384/10746/12
f 11273/10640/12 11384/10746/12 11385/10747/12
f 11386/10748/21 11387/10749/20 11379/10741/20
f 11386/10748/21 11379/10741/20 11378/10740/20
f 11388/10750/59 11389/10751/59 11367/10729/59
f 11388/10750/59 11367/10729/59 11366/10728/22
f 11390/10752/12 11391/10406/12 11392/10405/12
f 11390/10752/12 11392/10405/12 11393/10753/12
f 11394/10754/15 11395/10755/13 11283/10650/13
f 11394/10754/15 11283/10650/13 11282/10649/13
f 11396/10756/12 11397/10757/12 11398/10758/12
f 11396/10756/12 11398/10758/12 11399/10759/12
f 11282/10649/13 11285/10652/13 11400/10760/13
f 11282/10649/13 11400/10760/13 11401/10761/13
f 11380/10742/20 11379/10741/20 11402/10762/20
f 11380/10742/20 11402/10762/20 11403/10763/20
f 11404/10764/18 11405/10765/18 11406/10766/18
f 11404/10764/18 11406/10766/18 11407/10767/18
f 11313/10680/13 11312/10679/13 11408/10768/13
f 11313/10680/13 11408/10768/13 11409/10769/13
f 11409/10769/13 11408/10768/13 11395/10755/13
f 11409/10769/13 11395/10755/13 11394/10754/15
f 11410/10385/12 11411/10752/12 11412/10753/12
f 11410/10385/12 11412/10753/12 11413/10386/12
f 11414/10770/16 11415/10424/16 11416/10427/16
f 11414/10770/16 11416/10427/16 11417/10696/16
f 11261/10628/22 11260/10627/22 11418/10771/22
f 11261/10628/22 11418/10771/22 11419/10772/22
f 11419/10772/22 11418/10771/22 11389/10751/59
f 11419/10772/22 11389/10751/59 11388/10750/59
f 11420/10773/21 11421/10774/21 11422/10775/20
f 11420/10773/21 11422/10775/20 11423/10776/20
f 11423/10776/20 11422/10775/20 11387/10749/20
f 11423/10776/20 11387/10749/20 11386/10748/21
f 11424/10419/12 11425/10777/12 11426/10778/12
f 11424/10419/12 11426/10778/12 11427/10418/12
f 11409/10769/13 11394/10754/15 11428/10779/15
f 11409/10769/13 11428/10779/15 11429/10780/15
f 11387/10749/20 11422/10775/20 11430/10781/21
f 11387/10749/20 11430/10781/21 11431/10782/21
f 11432/10783/18 11433/10525/18 11434/10784/18
f 11432/10783/18 11434/10784/18 11435/10785/18
f 11436/10786/12 11437/10787/12 11438/10788/12
f 11436/10786/12 11438/10788/12 11439/10789/12
f 11440/2166/13 11441/10790/13 11442/841/13
f 11440/2166/13 11442/841/13 11443/2167/13
f 11444/10791/12 11445/10792/12 11446/10793/12
f 11444/10791/12 11446/10793/12 11447/1154/12
f 11448/10794/13 11449/10795/13 11450/10796/13
f 11448/10794/13 11450/10796/13 11451/10797/13
f 11452/10798/20 11453/10799/20 11454/10800/20
f 11452/10798/20 11454/10800/20 11455/10801/20
f 11456/10802/12 11457/10803/12 11458/10804/12
f 11456/10802/12 11458/10804/12 11459/1258/12
f 11460/10805/12 11461/10806/12 11462/10807/12
f 11460/10805/12 11462/10807/12 11463/10808/12
f 2399/2175/16 2398/2174/16 11464/10809/16
f 2399/2175/16 11464/10809/16 11465/10810/16
f 11466/10811/18 11467/10812/18 11468/10813/18
f 11466/10811/18 11468/10813/18 11469/10814/18
f 11470/10815/18 11471/10816/18 11472/10817/18
f 11470/10815/18 11472/10817/18 11473/10818/18
f 11474/10819/18 11475/10820/18 11476/10821/18
f 11474/10819/18 11476/10821/18 11477/10822/18
f 11478/10823/18 11479/10726/18 11480/10725/18
f 11478/10823/18 11480/10725/18 11481/10824/18
f 11482/10825/18 11483/10826/18 11484/10827/18
f 11482/10825/18 11484/10827/18 11485/10828/18
f 11486/10359/18 11487/10829/18 11488/10830/18
f 11486/10359/18 11488/10830/18 11489/10356/18
f 11490/10831/18 11491/10832/18 11492/10833/18
f 11490/10831/18 11492/10833/18 11493/10834/18
f 11494/10835/18 11495/10825/18 11496/10828/18
f 11494/10835/18 11496/10828/18 11497/10836/18
f 11498/10814/18 11499/10827/18 11500/10826/18
f 11498/10814/18 11500/10826/18 11501/10811/18
f 11502/10822/18 11503/10837/18 11504/10838/18
f 11502/10822/18 11504/10838/18 11505/10819/18
f 11506/10832/19 11507/10839/19 11508/10840/19
f 11506/10832/19 11508/10840/19 11509/10833/19
f 11510/10841/18 11511/10842/18 11512/10843/18
f 11510/10841/18 11512/10843/18 11513/10844/18
f 10943/10327/20 10942/10326/20 11514/10568/20
f 10943/10327/20 11514/10568/20 11515/10845/20
f 11359/10721/22 11358/10720/22 11516/10846/22
f 11359/10721/22 11516/10846/22 11517/10847/22
f 11143/10524/22 11142/10523/22 11518/10848/22
f 11143/10524/22 11518/10848/22 11519/10849/22
f 10833/10221/12 10832/10220/12 11520/10850/12
f 10833/10221/12 11520/10850/12 11521/10851/12
f 11339/10704/12 11338/10261/12 11522/10693/12
f 11339/10704/12 11522/10693/12 11523/10852/12
f 11053/10435/20 11052/10434/20 11524/10699/20
f 11053/10435/20 11524/10699/20 11525/10698/20
f 10939/10323/22 10938/10322/22 11526/10851/22
f 10939/10323/22 11526/10851/22 11527/10850/22
f 11251/10620/13 11250/10619/13 11528/10853/15
f 11251/10620/13 11528/10853/15 11529/10854/15
f 11139/10520/13 11138/10519/13 11530/10855/13
f 11139/10520/13 11530/10855/13 11531/10856/13
f 10915/10299/22 10914/10298/22 11532/10632/22
f 10915/10299/22 11532/10632/22 11533/10857/22
f 11335/10701/20 11334/10700/20 11534/10858/21
f 11335/10701/20 11534/10858/21 11535/10859/21
f 11119/10500/13 11118/10499/13 11536/10860/13
f 11119/10500/13 11536/10860/13 11537/10861/13
f 10951/10335/12 10950/10334/12 11538/10862/12
f 10951/10335/12 11538/10862/12 11539/10863/12
f 11315/10682/20 11314/10681/20 11540/10243/20
f 11315/10682/20 11540/10243/20 11541/10864/20
f 11149/10528/20 11148/10527/20 11542/10865/20
f 11149/10528/20 11542/10865/20 11543/10866/20
f 10965/10349/12 10964/10348/12 11544/10219/12
f 10965/10349/12 11544/10219/12 11545/10218/12
f 11343/10708/13 11342/10707/13 11546/10867/15
f 11343/10708/13 11546/10867/15 11547/10868/15
f 11163/10542/20 11162/10541/20 11548/10433/20
f 11163/10542/20 11548/10433/20 11549/10432/20
f 10905/10289/22 10904/10288/22 11550/10869/22
f 10905/10289/22 11550/10869/22 11551/10870/22
f 11353/10717/13 11352/10716/13 11552/10871/13
f 11353/10717/13 11552/10871/13 11553/10872/13
f 11109/10490/13 11108/10489/13 11554/10873/13
f 11109/10490/13 11554/10873/13 11555/10874/13
f 10959/10343/13 10958/10342/13 11556/10711/13
f 10959/10343/13 11556/10711/13 11557/10875/13
f 11305/10672/20 11304/10671/20 11558/10876/20
f 11305/10672/20 11558/10876/20 11559/10877/20
f 11157/10536/12 11156/10535/12 11560/10878/12
f 11157/10536/12 11560/10878/12 11561/10330/12
f 10969/10353/20 10968/10352/20 11562/10879/20
f 10969/10353/20 11562/10879/20 11563/10880/20
f 11349/10713/22 11348/10712/22 11564/10341/22
f 11349/10713/22 11564/10341/22 11565/10881/22
f 10941/10325/22 10940/10324/22 11566/10882/22
f 10941/10325/22 11566/10882/22 11567/10883/22
f 11167/10545/22 11166/10544/22 11568/10709/22
f 11167/10545/22 11568/10709/22 11569/10884/22
f 11141/10522/13 11140/10521/13 11570/10885/13
f 11141/10522/13 11570/10885/13 11571/10675/13
f 10949/10333/13 10948/10332/13 11572/10886/13
f 10949/10333/13 11572/10886/13 11573/10533/13
f 11357/10719/12 11356/10694/12 11574/10697/12
f 11357/10719/12 11574/10697/12 11575/10887/12
f 10961/10345/13 10960/10344/13 11576/10888/13
f 10961/10345/13 11576/10888/13 11577/10746/13
f 11337/10703/20 11336/10702/20 11578/10889/21
f 11337/10703/20 11578/10889/21 11579/10493/21
f 11147/10526/12 11146/10353/12 11580/10880/12
f 11147/10526/12 11580/10880/12 11581/10890/12
f 11159/10538/12 11158/10537/12 11582/10891/12
f 11159/10538/12 11582/10891/12 11583/10378/12
f 10955/10339/20 10954/10338/20 11584/10530/20
f 10955/10339/20 11584/10530/20 11585/10892/20
f 11586/10893/12 11587/10894/12 11588/10792/12
f 11586/10893/12 11588/10792/12 11589/10791/12
f 11445/10792/16 11444/10791/16 11589/10791/16
f 11445/10792/16 11589/10791/16 11588/10792/16
# Vertices: 11121, normals: 275, texture coordinates: 10487, faces: 6338

