# File generated by ImageToStl.com - Free Image and 3D model conversion tools

mtllib moai_head_statue.mtl

o obj1
v -45.58255768 -51.66563571 35.63948596
v -46.79470444 -61.94958636 31.92291943
v -42.25097656 -58.36999729 49.61543782
v -41.12314606 -50.998934 48.42444006
v -31.89110565 -57.60501409 70.9391378
v -16.81958771 -57.85789852 82.82027945
v -16.50401497 -49.03296249 80.17934203
v -30.58230209 -49.67344967 68.87158749
v 0 -55.91380686 85.93398803
v 0 -48.94311889 83.54561401
v -15.08245182 -38.88080154 73.16576978
v -26.97522163 -39.12477388 63.28425427
v -42.03937912 -39.27836768 36.47488613
v -37.16968155 -40.06402793 46.97768608
v 0 -37.61661104 77.19682911
v -23.4144783 -27.70634709 56.7833278
v -32.59410858 -28.75404548 43.5234515
v -13.56887436 -26.95050335 65.52352787
v -37.77690125 -27.65735014 34.48191713
v 0 -26.13737792 69.5450428
v -11.52690601 -16.89979818 60.47689745
v 0 -16.33362093 63.32895208
v -26.75309181 -18.36273378 42.31570736
v -20.18525124 -17.98439258 53.04528349
v 0 -2.77847536 56.37633502
v -7.33540297 -3.48807005 55.34896835
v -15.51194954 -3.76944188 49.83075698
v -21.85993576 -4.39584534 41.87781124
v -28.39102364 -3.90553428 32.94530089
v -32.42728043 -16.21417376 31.98744512
v -6.32493019 40.17262037 52.81940254
v -8.49381256 48.74442053 54.60146163
v -16.22465324 48.39861087 48.10991499
v -13.29585648 40.26605777 48.13319192
v 0 40.22159342 53.72304711
v 0 48.61821501 56.32596801
v -21.5807972 49.09949321 39.50807023
v -19.35384178 41.00453777 39.26403988
v 0 30.89688642 52.96135847
v -6.12857485 30.6639763 52.12302914
v -12.67008305 30.41330509 48.03844966
v -19.20656395 30.77940196 39.40575162
v 0 17.53197249 52.75414734
v -6.57526112 18.27325214 51.57489475
v -13.52660656 17.99084267 47.03305132
v -19.97039795 18.1907713 39.05564197
v -7.33926487 7.22646867 52.01675447
v -14.74669361 7.70171915 46.70553241
v 0 7.73281627 53.4080051
v -20.82502937 7.99407785 39.68922841
v -22.06141472 -79.44954098 41.16948734
v -26.88122368 -74.37747404 48.4213911
v -30.62666893 -74.96303014 50.03189522
v -28.27988243 -79.26223934 40.93941533
v -22.21119881 -73.2126793 52.49023499
v -22.10258293 -72.77955879 57.54996554
v -12.37709141 -75.45051792 49.74410681
v -9.53352356 -75.38963552 53.65615897
v -11.67942524 -80.1573503 38.13497574
v -42.25097656 -58.36999729 49.61543782
v -46.79470444 -61.94958636 31.92291943
v -43.39409256 -73.71354811 30.97411024
v -37.32306671 -70.40175081 49.33092954
v -31.89110565 -57.60501409 70.9391378
v -28.02856827 -68.64271834 66.04149328
v -16.81958771 -57.85789852 82.82027945
v -14.38936615 -68.31334256 76.09360206
v 0 -55.91380686 85.93398803
v 0 -68.07527513 80.58963478
v -34.65153503 -73.39584569 49.91823257
v -25.19677544 -71.31749233 61.8081405
v 0 -83.04506087 38.16347522
v 0 -76.4904504 54.9841237
v -17.27718544 -76.33857934 47.23936892
v -18.35680389 -79.80858029 41.16322359
v -21.99916458 -74.84512542 48.6582647
v -23.99329948 -75.34718527 46.81911521
v -36.57240677 -81.19244523 31.53372982
v -26.75214386 8.62341165 32.91962471
v -25.48787689 18.40836957 31.97369274
v -24.45050812 30.89069994 31.06118909
v -24.1320591 41.51698928 31.54976836
v -27.25667953 49.7785783 32.24634388
v -25.20366669 -84.9677139 34.1661378
v -19.06826401 -82.64563146 36.00471898
v -11.88997173 -70.85100105 71.603894
v 0 -71.26622333 73.97857355
v 0 -73.42973623 67.52309097
v -11.26231575 -72.86178872 64.77069536
v -26.74633598 -115.60113713 42.94161482
v -26.27606583 -111.48706236 41.40780534
v -35.85681534 -113.67938392 36.41749839
v -35.69142914 -117.85083175 38.20446644
v -8.8268404 -111.90275786 48.52910888
v -8.09892559 -108.54921164 46.78123381
v -17.22119141 -109.63673597 44.94514749
v -17.78617287 -113.17219748 46.72938806
v -43.33427048 -116.50360253 33.33157602
v 0 -111.43568637 49.61475648
v 0 -107.75799768 47.38077074
v -37.15206528 -110.70822304 36.63227742
v -35.85681534 -113.67938392 36.41749839
v -26.27606583 -111.48706236 41.40780534
v -27.52620506 -108.13255494 41.98622803
v -18.01840973 -106.34889423 46.17342675
v -17.22119141 -109.63673597 44.94514749
v -8.09892559 -108.54921164 46.78123381
v -8.97869015 -105.21054288 48.23543089
v 0 -107.75799768 47.38077074
v 0 -104.52347016 48.92020722
v -43.33427048 -116.50360253 33.33157602
v -27.99197388 -101.96156484 39.65964062
v -27.52620506 -108.13255494 41.98622803
v -18.01840973 -106.34889423 46.17342675
v -18.80488777 -99.44449039 42.60316796
v -9.99661064 -98.44102672 44.42324017
v -8.97869015 -105.21054288 48.23543089
v 0 -104.52347016 48.92020722
v 0 -98.21759228 44.56849241
v -51.14256287 -119.4177564 29.19468548
v -43.33427048 -116.50360253 33.33157602
v -37.15206528 -110.70822304 36.63227742
v -41.50274658 -105.95555258 32.88070216
v -16.90944099 -121.74398985 41.55817263
v -17.78617287 -113.17219748 46.72938806
v -26.74633598 -115.60113713 42.94161482
v -25.70539665 -123.29528978 38.85120997
v 0 -121.07208436 42.16353841
v 0 -111.43568637 49.61475648
v -8.8268404 -111.90275786 48.52910888
v -7.65517187 -121.18646426 42.43036122
v -35.69142914 -117.85083175 38.20446644
v -36.13047791 -124.60284577 34.94367055
v -18.80488777 -99.44449039 42.60316796
v -9.99661064 -98.44102672 44.42324017
v -9.82848072 -89.88681193 37.32854069
v -18.48422813 -91.24556126 35.87827284
v -11.67942524 -80.1573503 38.13497574
v -19.06826401 -82.64563146 36.00471898
v 0 -83.04506087 38.16347522
v 0 -89.21385352 36.42854682
v 0 -98.21759228 44.56849241
v -25.71769333 -93.5288406 33.97210285
v -25.20366669 -84.9677139 34.1661378
v -27.99197388 -101.96156484 39.65964062
v -39.14291382 -94.31462223 28.79699295
v -36.57240677 -81.19244523 31.53372982
v -41.50274658 -105.95555258 32.88070216
v -49.81083298 -95.0330517 26.61953129
v -54.17179489 -83.00981255 26.32337207
v -51.63953781 -106.49247864 27.93297684
v -51.14256287 -119.4177564 29.19468548
v -65.49902344 -120.19708348 22.05032968
v -66.16623688 -107.63635351 22.2033301
v -66.70547485 -96.33343605 22.74981841
v -66.57740784 -84.38983257 23.54408086
v -46.59124756 29.22565334 28.91846785
v -24.45050812 30.89069994 31.06118909
v -24.1320591 41.51698928 31.54976836
v -46.60789871 39.03398768 29.13802508
v -53.09579849 -26.95872621 28.32273938
v -37.77690125 -27.65735014 34.48191713
v -32.42728043 -16.21417376 31.98744512
v -50.64099503 -15.61309936 27.90682152
v -55.71346283 -75.47297784 26.41802076
v -43.39409256 -73.71354811 30.97411024
v -46.79470444 -61.94958636 31.92291943
v -55.24133682 -62.04016232 27.16965404
v -27.25667953 49.7785783 32.24634388
v -47.41911697 49.40239579 31.2152579
v -55.15832901 -40.86656313 28.31771672
v -42.03937912 -39.27836768 36.47488613
v -48.25625229 7.22482176 28.23152192
v -26.75214386 8.62341165 32.91962471
v -25.48787689 18.40836957 31.97369274
v -47.50038147 17.71472043 28.65485078
v -49.45663834 -4.21760681 27.80014592
v -28.39102364 -3.90553428 32.94530089
v -55.42093658 -51.345979 27.81199994
v -45.58255768 -51.66563571 35.63948596
v -67.76830292 -73.69600014 22.66812002
v -68.1206665 -25.25363263 23.64090046
v -68.68644714 -12.27714641 23.40478653
v -69.02772522 39.83514293 25.46203978
v -68.90681458 48.62154273 26.4759867
v -68.60279846 -60.8603983 22.05256578
v -68.38835144 8.4886922 23.76853599
v -68.26766205 18.12381636 24.7983311
v -69.14199066 -37.70042518 22.65313747
v -68.36466217 -1.87548931 23.56059448
v -68.70220947 29.30710491 25.37185988
v -69.51861572 -48.96249487 22.37048889
v -72.01571655 27.46752122 10.28683401
v -71.80123138 27.36257855 18.2161038
v -71.6736908 37.7244865 18.5008199
v -72.06441498 40.33953812 10.34859929
v -70.68479919 -72.44406175 10.70814579
v -70.93234253 -73.42201309 17.48204292
v -71.01303101 -61.63835219 17.15787809
v -71.36891937 -63.12504626 11.15026198
v -70.64512634 -102.25279272 8.26429492
v -70.73319244 -102.93904186 16.61501816
v -70.81734467 -95.44825821 17.40177691
v -71.38734436 -95.84440662 11.16647492
v -71.43573761 46.20800697 19.27768909
v -72.0206604 46.93076275 11.27174773
v -71.27894592 -83.04574634 11.12026233
v -71.05697632 -82.82855302 17.59707661
v -72.01448822 -1.51135299 10.31655496
v -71.50913239 -0.83349685 17.36076161
v -71.41777802 6.78541488 17.62005645
v -72.07866669 7.60031084 10.09838519
v -70.60925293 -118.53778114 8.70671326
v -70.14344025 -118.41992261 16.83074624
v -72.01778412 -13.91426131 10.17908417
v -71.55463409 -13.25874403 16.96626033
v -72.04923248 -27.20639082 10.0591991
v -71.45214081 -26.24206616 16.62277107
v -71.96234894 -39.90650985 10.24493615
v -71.51860809 -39.06327894 17.04642507
v -71.60888672 15.01882095 17.541825
v -72.01811981 15.93103745 10.31760667
v -71.65081024 -49.55325364 10.55258916
v -71.59420013 -47.75090103 17.41442281
v -65.84545135 -115.64855857 -22.95435076
v -69.17224884 -117.60015819 -11.48798121
v -68.64571381 -101.44554088 -11.39324822
v -64.94512177 -98.3670187 -21.88955737
v -70.1411972 -117.2937621 -2.42428911
v -69.80298615 -102.18119802 -2.30828756
v -84.70774078 -68.23806787 5.56333387
v -70.68479919 -72.44406175 10.70814579
v -71.36891937 -63.12504626 11.15026198
v -84.4405899 -62.73269678 5.70855534
v -84.74304962 40.42653635 4.88620458
v -72.06441498 40.33953812 10.34859929
v -72.0206604 46.93076275 11.27174773
v -84.57849884 46.13075997 5.11561119
v -84.66934204 -76.54608179 5.73132943
v -71.27894592 -83.04574634 11.12026233
v -84.390625 -1.04693626 5.05386491
v -72.01448822 -1.51135299 10.31655496
v -72.07866669 7.60031084 10.09838519
v -84.07020569 9.21000653 4.28238146
v -83.5734787 -86.67851273 3.50079611
v -70.64512634 -102.25279272 8.26429492
v -71.38734436 -95.84440662 11.16647492
v -83.77948761 -83.19783042 5.0561282
v -83.87635803 -12.86750813 4.40179053
v -72.01778412 -13.91426131 10.17908417
v -83.97213745 -26.91790788 3.74550583
v -72.04923248 -27.20639082 10.0591991
v -84.14429474 -40.17184468 4.5467712
v -71.96234894 -39.90650985 10.24493615
v -72.01811981 15.93103745 10.31760667
v -83.87962341 19.40816479 4.39940204
v -84.43204498 -50.38211082 5.0600397
v -71.65081024 -49.55325364 10.55258916
v -72.01571655 27.46752122 10.28683401
v -83.84886169 27.08269478 5.2308514
v -82.9621048 -88.87451159 -2.85413582
v -69.80298615 -102.18119802 -2.30828756
v -70.64512634 -102.25279272 8.26429492
v -83.5734787 -86.67851273 3.50079611
v -81.87789917 -88.71369883 -11.63859946
v -68.64571381 -101.44554088 -11.39324822
v -80.27996826 -86.25355447 -19.01716037
v -64.94512177 -98.3670187 -21.88955737
v -84.33634186 -49.14489733 -3.04855824
v -84.43204498 -50.38211082 5.0600397
v -84.14429474 -40.17184468 4.5467712
v -84.33848572 -39.78506457 -2.97201474
v -84.34165955 21.23928083 -3.04511812
v -83.87962341 19.40816479 4.39940204
v -83.84886169 27.08269478 5.2308514
v -84.41527557 30.56238567 -2.58883676
v -84.42442322 -60.80560292 -2.46740154
v -84.4405899 -62.73269678 5.70855534
v -84.74304962 40.42653635 4.88620458
v -84.30204773 39.31064619 -2.95502038
v -84.36393738 -66.50486743 -2.891326
v -84.70774078 -68.23806787 5.56333387
v -84.57849884 46.13075997 5.11561119
v -84.29962921 47.69158185 -2.75056797
v -84.38566589 -75.10353078 -2.36852521
v -84.66934204 -76.54608179 5.73132943
v -84.43844604 -0.11224355 -2.43947196
v -84.390625 -1.04693626 5.05386491
v -84.07020569 9.21000653 4.28238146
v -84.34310913 10.6042787 -3.03446056
v -84.36591339 -11.46476733 -2.88837459
v -83.87635803 -12.86750813 4.40179053
v -84.29558563 -25.71691881 -3.09508913
v -83.97213745 -26.91790788 3.74550583
v -84.30899048 -81.62782277 -2.39867758
v -83.77948761 -83.19783042 5.0561282
v -83.0569458 -74.31578015 -11.11472645
v -83.11637878 -66.81964064 -10.92249399
v -83.06364441 -0.19735669 -11.26856995
v -82.99837494 10.67273 -11.68630172
v -82.94641113 -11.47709603 -12.0203481
v -82.867836 -25.39549201 -12.51633564
v -82.93935394 -81.12907359 -11.56294224
v -82.93357849 -39.53501839 -12.07559758
v -82.94712067 21.33365684 -12.01576521
v -83.13683319 -49.13575698 -10.77873445
v -83.04428864 30.95252278 -11.39278849
v -83.12591553 -60.18696547 -10.86872745
v -83.01007843 40.94683889 -11.59910595
v -82.94433594 47.53257803 -11.82032568
v -81.1578598 -80.90638648 -19.53469439
v -81.50976562 -74.19944681 -18.71134701
v -81.5471344 -39.29049596 -19.89904003
v -81.36755371 -25.09631257 -20.6468307
v -81.00541687 11.49676604 -20.56355808
v -81.61186981 21.51426784 -19.97440816
v -81.77574921 -48.50624002 -18.86719534
v -81.74500275 31.69308556 -19.26260237
v -81.81223297 -60.45443645 -18.52054669
v -81.60699463 40.81163873 -19.37153256
v -81.74977112 -66.58486856 -18.96217065
v -81.40104675 47.74533929 -19.46902448
v -81.19806671 0.39860622 -20.08647154
v -81.70755768 -11.25985631 -19.78371479
v -83.5734787 -86.67851273 3.50079611
v -82.9621048 -88.87451159 -2.85413582
v -81.87789917 -88.71369883 -11.63859946
v -80.27996826 -86.25355447 -19.01716037
v -65.9315033 -56.77804456 -25.06660519
v -81.81223297 -60.45443645 -18.52054669
v -81.77574921 -48.50624002 -18.86719534
v -66.51274872 -46.88873182 -24.92779174
v -66.10308838 28.43229789 -25.90060301
v -81.74500275 31.69308556 -19.26260237
v -81.60699463 40.81163873 -19.37153256
v -66.95315552 38.98012658 -26.26591703
v -65.28936005 -66.47788892 -25.06585984
v -81.74977112 -66.58486856 -18.96217065
v -81.40104675 47.74533929 -19.46902448
v -67.27402496 47.99843714 -26.58420353
v -65.13783264 -78.15530288 -24.63527449
v -81.50976562 -74.19944681 -18.71134701
v -65.29983521 -0.04302871 -24.69903946
v -81.19806671 0.39860622 -20.08647154
v -81.00541687 11.49676604 -20.56355808
v -65.0030899 10.48639027 -25.4456134
v -64.96002197 -12.07710157 -24.94207626
v -81.70755768 -11.25985631 -19.78371479
v -65.05394745 -26.37115368 -25.34781571
v -81.36755371 -25.09631257 -20.6468307
v -64.9431076 -86.67323194 -25.0043411
v -81.1578598 -80.90638648 -19.53469439
v -65.77565765 -39.26252637 -25.06390362
v -81.5471344 -39.29049596 -19.89904003
v -81.61186981 21.51426784 -19.97440816
v -65.71762848 19.16481127 -24.95000946
v -64.94512177 -98.3670187 -21.88955737
v -80.27996826 -86.25355447 -19.01716037
v -56.47837067 17.44561174 -38.71601791
v -65.71762848 19.16481127 -24.95000946
v -66.10308838 28.43229789 -25.90060301
v -57.93564987 28.47759416 -38.69140501
v -56.44190216 -57.06464984 -37.61746084
v -65.9315033 -56.77804456 -25.06660519
v -66.51274872 -46.88873182 -24.92779174
v -56.15716553 -47.43646073 -38.24033182
v -66.95315552 38.98012658 -26.26591703
v -58.38463211 38.39457876 -39.62812637
v -56.09640884 -66.21195817 -38.26390747
v -65.28936005 -66.47788892 -25.06585984
v -67.27402496 47.99843714 -26.58420353
v -58.42991638 48.06750665 -40.42750721
v -56.29597092 -74.81616044 -38.18720954
v -65.13783264 -78.15530288 -24.63527449
v -56.9764595 -97.4591811 -37.42614791
v -64.9431076 -86.67323194 -25.0043411
v -56.73028183 -85.53230121 -37.6314315
v -55.44129181 -1.83581374 -38.69470223
v -65.29983521 -0.04302871 -24.69903946
v -65.0030899 10.48639027 -25.4456134
v -55.97019958 8.50096297 -38.11518823
v -57.25115585 -114.01421953 -38.00198481
v -55.87502289 -12.20776199 -38.51773888
v -64.96002197 -12.07710157 -24.94207626
v -55.92494202 -25.26472303 -38.87744633
v -65.05394745 -26.37115368 -25.34781571
v -55.74250031 -39.19718762 -39.14308338
v -65.77565765 -39.26252637 -25.06390362
v -46.9092865 -1.73048181 -50.32514198
v -46.99218369 7.20875769 -50.29499404
v -48.2324295 -97.7300241 -48.99983261
v -48.02597046 -85.53066801 -49.31433861
v -46.86921692 -11.15702599 -50.46694995
v -48.97833633 -112.17040806 -48.02482714
v -47.01714325 -25.24194116 -50.27134052
v -47.01341629 -74.03425379 -50.07516422
v -46.77407455 -37.8810708 -50.33556913
v -47.85588837 18.14869147 -50.31460873
v -46.14204025 -47.05416648 -50.82397285
v -48.74965668 27.8654731 -50.64375946
v -46.47444534 -56.06448144 -50.39056642
v -49.58793259 37.29267342 -50.71079473
v -46.8445282 -65.66840907 -50.0609541
v -50.33624649 49.27350074 -50.46543669
v -33.87859726 -66.00060769 -60.83069899
v -34.02958679 -56.16395303 -60.75764711
v -35.47929382 38.88016781 -62.06508467
v -35.8475647 49.92200741 -62.04582759
v -34.33781433 -73.68044779 -60.54711473
v -35.38907242 -0.65490457 -60.69977572
v -35.01756668 8.17257958 -61.13077509
v -35.52460861 -96.80305219 -59.90018886
v -34.84228516 -84.65519451 -60.34701145
v -35.13753891 -11.39921304 -60.81131031
v -36.28118134 -113.00471239 -59.00961035
v -34.86175537 -23.25964089 -60.88097483
v -34.27907944 -35.71967812 -60.95691837
v -35.00057983 19.60660822 -61.6432868
v -34.43891525 -45.40740702 -60.60994919
v -34.74416733 30.17588315 -62.27097189
v -19.42550278 19.64811247 -69.43727789
v -19.69939232 29.43306274 -69.81717553
v -18.40808105 -56.15092173 -67.60076387
v -17.99197578 -44.99371041 -68.00953108
v -20.45123482 39.9457428 -69.77271096
v -18.89657593 -65.9084138 -67.3815489
v -21.4077301 50.23742216 -69.42778558
v -19.19191551 -74.20869152 -67.19968739
v -18.64085007 -0.77697454 -68.70741275
v -19.65770912 10.33607784 -68.85304978
v -19.82504272 -96.27773756 -66.75632135
v -19.67404556 -83.57517713 -66.95178588
v -18.47615051 -12.75655828 -68.61769923
v -19.59589577 -110.98222061 -66.39482602
v -18.40184784 -23.84696661 -68.56314954
v -18.50612831 -36.39231574 -68.20958869
v 0 -35.50646664 -70.61340487
v 0 -22.87745356 -70.95958047
v 0 13.69884043 -72.00943696
v 0 22.11857922 -72.56132411
v 0 -46.09841612 -70.15612994
v 0 32.49603591 -73.08296062
v 0 -56.45510559 -69.80766543
v 0 43.15968643 -73.32947352
v 0 -67.20219117 -69.61700733
v 0 52.87893234 -73.30497511
v 0 -73.85572511 -69.49502123
v 0 2.74595954 -71.38286579
v 0 -98.99087223 -68.97227148
v 0 -85.40182192 -69.26124946
v 0 -9.99116205 -71.08485456
v 0 -111.13457952 -68.57612333
v -69.86884308 -124.84320021 -10.80493328
v -66.6470871 -124.40173241 -22.58044977
v -36.59604263 -123.95531971 -58.50872582
v -18.86836243 -123.96905229 -66.11580437
v -48.79746246 -123.42736606 -48.15767828
v -70.83495331 -127.17099037 8.59980027
v -70.68093872 -125.560974 -2.74561048
v -57.79751968 -123.96349932 -37.78777092
v -50.79566193 -126.44647338 27.73134251
v -65.42741394 -128.17865086 21.86048901
v 0 -123.97521675 -68.12259453
v -70.31168365 -126.95129465 16.22901743
v -36.13047791 -124.60284577 34.94367055
v -70.21651459 -135.67089793 -11.69495222
v -67.07880402 -134.78485008 -22.72320955
v -71.0394516 -135.79632555 -3.01474903
v -18.12920952 -132.18362575 33.8987903
v -16.90944099 -121.74398985 41.55817263
v -25.70539665 -123.29528978 38.85120997
v -25.19037437 -131.79266501 32.86649891
v 0 -131.98986966 34.30478854
v 0 -121.07208436 42.16353841
v -7.65517187 -121.18646426 42.43036122
v -8.77212048 -132.20041044 34.38173861
v -58.90962982 -135.32220298 -36.80898876
v -35.40752411 -133.73736703 29.86324298
v -49.71017838 -135.53826698 -47.2673895
v -51.18120956 -135.58374136 25.74733714
v -36.41617203 -135.17809803 -58.46153087
v -65.49381256 -135.50671481 21.66105822
v -19.34419441 -135.71746539 -65.806761
v -70.22437286 -134.98461985 16.16485769
v -70.93245697 -135.85662878 8.38391664
v 0 -136.7528962 -67.89925982
v -65.49381256 -135.50671481 21.66105822
v -65.42741394 -128.17865086 21.86048901
v -65.49902344 -120.19708348 22.05032968
v -68.60279846 -60.8603983 22.05256578
v -69.51861572 -48.96249487 22.37048889
v -68.26766205 18.12381636 24.7983311
v -68.70220947 29.30710491 25.37185988
v -69.14199066 -37.70042518 22.65313747
v -68.38835144 8.4886922 23.76853599
v -68.1206665 -25.25363263 23.64090046
v -68.68644714 -12.27714641 23.40478653
v -68.36466217 -1.87548931 23.56059448
v -66.16623688 -107.63635351 22.2033301
v -66.70547485 -96.33343605 22.74981841
v -66.57740784 -84.38983257 23.54408086
v -67.76830292 -73.69600014 22.66812002
v -69.02772522 39.83514293 25.46203978
v -68.90681458 48.62154273 26.4759867
v 0 50.02499876 63.21638707
v -10.33513546 50.19730102 63.05404883
v -8.49381256 48.74442053 54.60146163
v 0 48.61821501 56.32596801
v 0 51.81804351 70.05845869
v -11.47659683 52.38378602 69.57087936
v -25.00052071 51.81943225 65.69451368
v -21.77636528 50.5626348 57.82603676
v -42.07213974 51.7994512 58.08273923
v -37.46899796 50.15168538 51.23199301
v -57.04113007 53.27439686 44.53051228
v -46.22175598 50.23090949 40.27614813
v -16.22465324 48.39861087 48.10991499
v -21.5807972 49.09949321 39.50807023
v -27.25667953 49.7785783 32.24634388
v -47.41911697 49.40239579 31.2152579
v -68.90681458 48.62154273 26.4759867
v -82.9464798 63.52261329 5.43996564
v -84.59201813 53.9986875 5.54340312
v -72.34754181 53.96006727 11.02834556
v -72.35218048 63.3014521 12.38242617
v -56.73350525 67.36507974 46.80902776
v -58.44618225 58.68995463 46.61112851
v -43.93714142 58.36214946 60.45144908
v -42.2538681 67.7048161 60.17787466
v -20.90366364 67.50061339 -69.54052439
v -21.39624023 58.08368223 -69.39745077
v -36.25490189 57.63000759 -61.9984182
v -36.06235504 67.89873015 -62.57403268
v -79.18796539 64.58398526 -20.21744637
v -81.16217041 54.80683986 -20.02654218
v -83.01091003 55.05111744 -11.4729285
v -82.73524475 64.38943527 -10.51292519
v -67.19823456 65.05077994 29.97495745
v -68.83856964 55.9952075 28.42950493
v -72.35218048 63.3014521 12.38242617
v -72.34754181 53.96006727 11.02834556
v -71.02394104 54.06649696 19.37251137
v -70.11927032 63.59951693 20.40463344
v -83.69591522 64.19201663 -0.56333118
v -84.23725891 55.56742873 -3.27039047
v -84.59201813 53.9986875 5.54340312
v -82.9464798 63.52261329 5.43996564
v -67.85926056 67.3829815 -26.34340373
v -67.4224472 55.5106823 -26.27753587
v -81.16217041 54.80683986 -20.02654218
v -79.18796539 64.58398526 -20.21744637
v -49.95788193 57.13008341 -50.99102152
v -50.46340179 68.45442423 -51.02380072
v -58.59367752 68.22802916 -41.4782151
v -58.56608582 56.34216486 -40.66034452
v -67.4224472 55.5106823 -26.27753587
v -67.85926056 67.3829815 -26.34340373
v -10.85746193 67.51046434 73.05768117
v -11.54205608 58.24538861 73.97681682
v 0 58.16779762 75.21885935
v 0 67.20531903 73.9737273
v 0 68.54532178 -72.70557867
v 0 60.71568618 -73.066663
v -24.42574501 67.18188172 69.59543903
v -26.01749611 57.79333189 70.30401864
v -42.07213974 51.7994512 58.08273923
v -25.00052071 51.81943225 65.69451368
v -11.47659683 52.38378602 69.57087936
v 0 51.81804351 70.05845869
v -57.04113007 53.27439686 44.53051228
v -23.67389107 79.74625861 68.27536359
v -10.45974636 80.18938897 71.46619003
v -58.83325195 78.73489558 -40.83159675
v -66.29318237 77.63025025 -28.15498776
v -40.6450882 79.29668928 59.8273846
v -49.94891739 78.42204509 -51.26523629
v -72.8506546 75.40817209 11.91479631
v -69.11207581 76.51733303 21.90962935
v -55.37522507 79.20554911 46.55770839
v -35.74696732 77.93290983 -62.38740962
v -76.04715729 76.43890357 5.4640522
v -72.8506546 75.40817209 11.91479631
v -65.65749359 78.08328113 30.61880834
v -20.34581375 78.01675717 -69.08041804
v -76.41674042 78.5729371 -1.92382552
v -76.04715729 76.43890357 5.4640522
v 0 78.0295289 -71.98021357
v -75.79736328 78.98928879 -10.53939856
v -73.4836731 77.81555258 -18.7142567
v 0 79.72364491 72.34257093
v -66.29318237 77.63025025 -28.15498776
v -73.4836731 77.81555258 -18.7142567
v -67.76712799 91.25521863 -2.83639199
v -76.41674042 78.5729371 -1.92382552
v -76.04715729 76.43890357 5.4640522
v -68.06269073 90.92999246 4.98389403
v 0 88.84450061 -67.04706948
v -18.86987686 89.49089334 -64.81425085
v -66.83204651 90.94192555 -11.43457969
v -75.79736328 78.98928879 -10.53939856
v -64.87496185 91.98554904 20.39413473
v -61.57498932 91.6669451 29.90209599
v -65.76670074 90.66845779 -17.34149918
v -73.4836731 77.81555258 -18.7142567
v -10.86670589 90.93584909 67.65160767
v 0 91.53915107 68.13500614
v -62.44577408 90.66253778 -26.52194199
v -21.44587326 89.9800539 65.51044094
v -54.55209732 90.642824 -39.75282654
v -38.47908783 91.49929563 56.47718067
v -45.93076324 90.60724089 -48.61931977
v -67.18721771 91.40333504 12.2069971
v -52.30662155 90.99856372 44.80042665
v -34.34825516 89.68231454 -57.8698615
v -59.23381424 96.0595558 -16.98486099
v -60.51531982 96.17120404 -9.86809882
v -10.63629627 96.45353433 60.79011576
v 0 96.76153298 61.04289669
v -56.89979172 95.99615591 -25.6710659
v -20.46524239 96.42202502 58.70441477
v -50.24888992 96.25277872 -37.10723838
v -33.88840103 96.24665603 52.62215463
v -42.74304962 95.96718032 -45.2977253
v -60.30364609 96.52535966 10.28910105
v -57.9712677 96.68121251 19.84680217
v -47.68890381 96.55865304 39.81749766
v -31.89607811 95.67323538 -53.82154047
v -61.24713516 96.29020678 3.0169851
v -55.45350266 96.50376772 27.4825577
v -18.11325455 95.95123555 -60.38217507
v -61.44611359 96.11418165 -3.02931389
v 0 96.11291778 -62.81492195
v -60.30364609 96.52535966 10.28910105
v -57.9712677 96.68121251 19.84680217
v -55.45350266 96.50376772 27.4825577
v -47.68890381 96.55865304 39.81749766
v -33.88840103 96.24665603 52.62215463
v -20.46524239 96.42202502 58.70441477
v -10.63629627 96.45353433 60.79011576
v 0 96.76153298 61.04289669
v 0 96.11291778 -62.81492195
v -18.11325455 95.95123555 -60.38217507
v -31.89607811 95.67323538 -53.82154047
v -42.74304962 95.96718032 -45.2977253
v -50.24888992 96.25277872 -37.10723838
v -56.89979172 95.99615591 -25.6710659
v -59.23381424 96.0595558 -16.98486099
v -60.51531982 96.17120404 -9.86809882
v -61.44611359 96.11418165 -3.02931389
v -61.24713516 96.29020678 3.0169851
v -36.33778763 -150.12374622 -58.47939957
v -18.76471329 -151.12951372 -65.94963734
v -65.70772552 -147.98309419 21.33419916
v -69.42992401 -147.94274972 16.02929804
v 0 -150.82653512 -67.80763904
v -70.65292358 -148.26745644 8.78819771
v -71.01366425 -149.0859984 -3.09164842
v -35.750103 -147.61627328 29.85789035
v -52.84653854 -148.57952996 26.28981704
v -70.20324707 -149.42761177 -12.23024068
v -67.42449951 -149.9805288 -22.47191703
v -16.92649078 -146.68151995 31.85960319
v -24.49803734 -147.04193251 31.15721632
v -7.96037006 -146.50958394 32.50316742
v -59.53687286 -150.21349939 -36.40769852
v -50.08830261 -149.89904579 -47.06432235
v 0 -147.40533591 32.99359249
v -65.70772552 -147.98309419 21.33419916
v -16.93866348 -165.35492109 37.97419779
v -28.6845417 -165.21161047 36.23653834
v -67.92964172 -165.99908529 18.65635146
v -69.84488678 -166.19433648 12.46838415
v -71.09992218 -167.11737062 0.33217069
v -70.84654999 -167.48364218 -9.1453511
v -8.46147442 -165.42163255 38.71271936
v -68.76491547 -168.03930577 -19.94320841
v -61.21069717 -168.23907317 -35.05171176
v -40.43047333 -166.65341336 34.2113155
v -51.21074677 -167.90826213 -46.41545839
v 0 -165.16876391 38.93896144
v -36.51360321 -168.16027577 -58.41699191
v -53.47247696 -166.8365797 30.38593326
v -64.43196869 -166.19806012 23.71441496
v -17.79303169 -169.22820756 -66.1509626
v -64.43196869 -166.19806012 23.71441496
v 0 -168.91589059 -67.76634955
v -54.39622879 -187.6301896 36.85553684
v -64.34487152 -187.66919072 28.88735332
v -36.89014435 -188.4890721 -59.67692627
v -17.88256836 -190.22903146 -67.86541817
v -64.34487152 -187.66919072 28.88735332
v -67.4601593 -187.19549664 23.74200003
v 0 -189.72698669 -69.91870947
v -69.91166687 -186.66339179 15.51427407
v -71.86000824 -187.69329854 4.60365381
v -40.37880707 -186.55832091 41.63527627
v -72.30905151 -187.98266571 -6.88238107
v -71.06990051 -188.49011156 -16.99604477
v -18.1942749 -185.09964189 45.60508682
v -29.17627144 -185.01541329 43.77615311
v -7.61671114 -184.95123494 46.44058564
v -64.08918762 -188.93151708 -33.80078569
v -53.11529922 -188.22839151 -46.81721938
v 0 -185.39526572 46.82736922
v -71.80056 -204.17370538 -15.32704674
v -64.70175171 -204.55547949 -33.52253854
v -41.69534302 -202.26794645 48.43826936
v -55.17418289 -203.13690373 42.86805219
v -30.48303795 -201.76452861 51.39363361
v -18.33161163 -206.36645205 -69.31705614
v 0 -207.47405691 -72.01599265
v -7.8739028 -200.91192864 54.22603492
v -18.86043167 -201.09900135 53.3052204
v -73.04083252 -204.69689928 -3.0015899
v -72.51307678 -204.1103519 7.63383402
v -37.14897919 -206.75909158 -60.79423664
v -67.88859558 -204.01818973 28.59301629
v -70.65486908 -204.13092124 18.88704743
v -64.47757721 -203.49615629 34.47749202
v -53.87234116 -205.27203163 -47.11842862
v -64.47757721 -203.49615629 34.47749202
v 0 -200.80377435 54.33327369
v -18.66322517 -217.21631127 61.18710141
v -30.01520157 -217.74237319 59.21533396
v -67.64369965 -220.27697886 30.29992285
v -70.55136871 -220.51867766 20.66949453
v -8.25198936 -216.73797879 62.02947432
v -37.36374664 -221.52258036 -60.60244956
v -17.35401917 -222.3814667 -69.2392599
v -72.14100647 -221.05090374 9.69363772
v -53.72715378 -220.87609658 -46.99163639
v -42.09561157 -218.68078857 55.83488271
v -55.68406677 -219.9920675 47.33016388
v -64.38820648 -220.46465925 -32.01415453
v -70.78869629 -220.34027036 -14.50446138
v -63.74073029 -220.3255632 38.25776472
v -72.31611633 -220.70910635 -2.24482476
v -63.74073029 -220.3255632 38.25776472
v 0 -223.30181573 -71.39265655
v 0 -216.94726835 62.33220869
v -62.71849442 -234.11041128 -30.20928071
v -52.42534637 -234.16607469 -45.07418321
v -35.91661453 -234.59399157 -58.74953723
v -16.42479134 -236.79888628 -65.93870054
v -69.38085175 -234.01391647 10.44849231
v -69.48958588 -234.11749261 -1.48770021
v -41.31569672 -231.16717771 55.21874752
v -53.53042603 -233.69049273 45.97657517
v 0 -237.70654002 -67.43362703
v -68.2000351 -233.79833922 -14.28165313
v -67.80332184 -234.31695642 19.49431158
v -60.55260468 -234.148195 37.44154097
v -60.55260468 -234.148195 37.44154097
v -63.98418045 -234.53228892 30.15489507
v -28.95544434 -229.91498066 60.12676378
v 0 -229.10510535 64.28959417
v -8.02213287 -229.16174596 63.87677145
v -17.87144661 -229.41986358 62.65418004
v -45.81229019 -243.54260421 38.25187381
v -51.99606323 -244.07934704 30.47413903
v -51.99606323 -244.07934704 30.47413903
v -54.67396545 -244.23425401 24.6387642
v -25.83477974 -242.05005091 47.59362498
v -35.47735977 -242.84283639 43.88616263
v 0 -241.08490213 50.86907668
v -11.06625748 -241.02185282 51.054738
v -18.00526047 -241.37518528 49.80125135
v -47.22198105 -244.74615322 -35.78791353
v -33.03009796 -245.33929238 -46.90310215
v -56.47973251 -244.40087973 18.77480011
v -54.57760239 -244.86639295 -25.10265848
v -15.63851357 -245.61767346 -53.1320603
v -58.52587891 -244.55361979 9.30137328
v -58.85096359 -244.66921991 -1.3189437
v 0 -245.80694345 -53.80424048
v -57.071064 -245.10278267 -12.10868381
v -54.67396545 -244.23425401 24.6387642
v -56.47973251 -244.40087973 18.77480011
v -58.52587891 -244.55361979 9.30137328
v -58.85096359 -244.66921991 -1.3189437
v -57.071064 -245.10278267 -12.10868381
v -54.57760239 -244.86639295 -25.10265848
v -47.22198105 -244.74615322 -35.78791353
v -33.03009796 -245.33929238 -46.90310215
v -15.63851357 -245.61767346 -53.1320603
v 0 -245.80694345 -53.80424048
v 0 -241.08490213 50.86907668
v -11.06625748 -241.02185282 51.054738
v -18.00526047 -241.37518528 49.80125135
v -25.83477974 -242.05005091 47.59362498
v -35.47735977 -242.84283639 43.88616263
v -45.81229019 -243.54260421 38.25187381
v -51.99606323 -244.07934704 30.47413903
v 42.25097656 -58.36999729 49.61543782
v 46.79470444 -61.94958636 31.92291943
v 45.58255768 -51.66563571 35.63948596
v 41.12314606 -50.998934 48.42444006
v 16.50401497 -49.03296249 80.17934203
v 16.81958771 -57.85789852 82.82027945
v 31.89110565 -57.60501409 70.9391378
v 30.58230209 -49.67344967 68.87158749
v 0 -55.91380686 85.93398803
v 0 -48.94311889 83.54561401
v 15.08245182 -38.88080154 73.16576978
v 26.97522163 -39.12477388 63.28425427
v 42.03937912 -39.27836768 36.47488613
v 37.16968155 -40.06402793 46.97768608
v 0 -37.61661104 77.19682911
v 23.4144783 -27.70634709 56.7833278
v 32.59410858 -28.75404548 43.5234515
v 13.56887436 -26.95050335 65.52352787
v 37.77690125 -27.65735014 34.48191713
v 0 -26.13737792 69.5450428
v 11.52690601 -16.89979818 60.47689745
v 0 -16.33362093 63.32895208
v 26.75309181 -18.36273378 42.31570736
v 20.18525124 -17.98439258 53.04528349
v 7.33540297 -3.48807005 55.34896835
v 0 -2.77847536 56.37633502
v 15.51194954 -3.76944188 49.83075698
v 32.42728043 -16.21417376 31.98744512
v 28.39102364 -3.90553428 32.94530089
v 21.85993576 -4.39584534 41.87781124
v 16.22465324 48.39861087 48.10991499
v 8.49381256 48.74442053 54.60146163
v 6.32493019 40.17262037 52.81940254
v 13.29585648 40.26605777 48.13319192
v 0 48.61821501 56.32596801
v 0 40.22159342 53.72304711
v 21.5807972 49.09949321 39.50807023
v 19.35384178 41.00453777 39.26403988
v 0 30.89688642 52.96135847
v 6.12857485 30.6639763 52.12302914
v 12.67008305 30.41330509 48.03844966
v 19.20656395 30.77940196 39.40575162
v 0 17.53197249 52.75414734
v 6.57526112 18.27325214 51.57489475
v 13.52660656 17.99084267 47.03305132
v 19.97039795 18.1907713 39.05564197
v 7.33926487 7.22646867 52.01675447
v 14.74669361 7.70171915 46.70553241
v 0 7.73281627 53.4080051
v 20.82502937 7.99407785 39.68922841
v 30.62666893 -74.96303014 50.03189522
v 26.88122368 -74.37747404 48.4213911
v 22.06141472 -79.44954098 41.16948734
v 28.27988243 -79.26223934 40.93941533
v 22.10258293 -72.77955879 57.54996554
v 22.21119881 -73.2126793 52.49023499
v 9.53352356 -75.38963552 53.65615897
v 12.37709141 -75.45051792 49.74410681
v 11.67942524 -80.1573503 38.13497574
v 43.39409256 -73.71354811 30.97411024
v 46.79470444 -61.94958636 31.92291943
v 42.25097656 -58.36999729 49.61543782
v 37.32306671 -70.40175081 49.33092954
v 31.89110565 -57.60501409 70.9391378
v 28.02856827 -68.64271834 66.04149328
v 16.81958771 -57.85789852 82.82027945
v 14.38936615 -68.31334256 76.09360206
v 0 -55.91380686 85.93398803
v 0 -68.07527513 80.58963478
v 25.19677544 -71.31749233 61.8081405
v 34.65153503 -73.39584569 49.91823257
v 0 -76.4904504 54.9841237
v 0 -83.04506087 38.16347522
v 17.27718544 -76.33857934 47.23936892
v 18.35680389 -79.80858029 41.16322359
v 21.99916458 -74.84512542 48.6582647
v 23.99329948 -75.34718527 46.81911521
v 36.57240677 -81.19244523 31.53372982
v 26.75214386 8.62341165 32.91962471
v 25.48787689 18.40836957 31.97369274
v 24.45050812 30.89069994 31.06118909
v 24.1320591 41.51698928 31.54976836
v 27.25667953 49.7785783 32.24634388
v 25.20366669 -84.9677139 34.1661378
v 19.06826401 -82.64563146 36.00471898
v 11.88997173 -70.85100105 71.603894
v 0 -71.26622333 73.97857355
v 0 -73.42973623 67.52309097
v 11.26231575 -72.86178872 64.77069536
v 35.85681534 -113.67938392 36.41749839
v 26.27606583 -111.48706236 41.40780534
v 26.74633598 -115.60113713 42.94161482
v 35.69142914 -117.85083175 38.20446644
v 17.22119141 -109.63673597 44.94514749
v 8.09892559 -108.54921164 46.78123381
v 8.8268404 -111.90275786 48.52910888
v 17.78617287 -113.17219748 46.72938806
v 43.33427048 -116.50360253 33.33157602
v 0 -107.75799768 47.38077074
v 0 -111.43568637 49.61475648
v 26.27606583 -111.48706236 41.40780534
v 35.85681534 -113.67938392 36.41749839
v 37.15206528 -110.70822304 36.63227742
v 27.52620506 -108.13255494 41.98622803
v 8.09892559 -108.54921164 46.78123381
v 17.22119141 -109.63673597 44.94514749
v 18.01840973 -106.34889423 46.17342675
v 8.97869015 -105.21054288 48.23543089
v 0 -107.75799768 47.38077074
v 0 -104.52347016 48.92020722
v 43.33427048 -116.50360253 33.33157602
v 18.01840973 -106.34889423 46.17342675
v 27.52620506 -108.13255494 41.98622803
v 27.99197388 -101.96156484 39.65964062
v 18.80488777 -99.44449039 42.60316796
v 0 -104.52347016 48.92020722
v 8.97869015 -105.21054288 48.23543089
v 9.99661064 -98.44102672 44.42324017
v 0 -98.21759228 44.56849241
v 37.15206528 -110.70822304 36.63227742
v 43.33427048 -116.50360253 33.33157602
v 51.14256287 -119.4177564 29.19468548
v 41.50274658 -105.95555258 32.88070216
v 26.74633598 -115.60113713 42.94161482
v 17.78617287 -113.17219748 46.72938806
v 16.90944099 -121.74398985 41.55817263
v 25.70539665 -123.29528978 38.85120997
v 8.8268404 -111.90275786 48.52910888
v 0 -111.43568637 49.61475648
v 0 -121.07208436 42.16353841
v 7.65517187 -121.18646426 42.43036122
v 35.69142914 -117.85083175 38.20446644
v 36.13047791 -124.60284577 34.94367055
v 9.82848072 -89.88681193 37.32854069
v 9.99661064 -98.44102672 44.42324017
v 18.80488777 -99.44449039 42.60316796
v 18.48422813 -91.24556126 35.87827284
v 11.67942524 -80.1573503 38.13497574
v 19.06826401 -82.64563146 36.00471898
v 0 -83.04506087 38.16347522
v 0 -89.21385352 36.42854682
v 0 -98.21759228 44.56849241
v 25.71769333 -93.5288406 33.97210285
v 25.20366669 -84.9677139 34.1661378
v 27.99197388 -101.96156484 39.65964062
v 39.14291382 -94.31462223 28.79699295
v 36.57240677 -81.19244523 31.53372982
v 41.50274658 -105.95555258 32.88070216
v 49.81083298 -95.0330517 26.61953129
v 54.17179489 -83.00981255 26.32337207
v 51.63953781 -106.49247864 27.93297684
v 51.14256287 -119.4177564 29.19468548
v 65.49902344 -120.19708348 22.05032968
v 66.16623688 -107.63635351 22.2033301
v 66.70547485 -96.33343605 22.74981841
v 66.57740784 -84.38983257 23.54408086
v 24.1320591 41.51698928 31.54976836
v 24.45050812 30.89069994 31.06118909
v 46.59124756 29.22565334 28.91846785
v 46.60789871 39.03398768 29.13802508
v 32.42728043 -16.21417376 31.98744512
v 37.77690125 -27.65735014 34.48191713
v 53.09579849 -26.95872621 28.32273938
v 50.64099503 -15.61309936 27.90682152
v 46.79470444 -61.94958636 31.92291943
v 43.39409256 -73.71354811 30.97411024
v 55.71346283 -75.47297784 26.41802076
v 55.24133682 -62.04016232 27.16965404
v 27.25667953 49.7785783 32.24634388
v 47.41911697 49.40239579 31.2152579
v 42.03937912 -39.27836768 36.47488613
v 55.15832901 -40.86656313 28.31771672
v 25.48787689 18.40836957 31.97369274
v 26.75214386 8.62341165 32.91962471
v 48.25625229 7.22482176 28.23152192
v 47.50038147 17.71472043 28.65485078
v 28.39102364 -3.90553428 32.94530089
v 49.45663834 -4.21760681 27.80014592
v 45.58255768 -51.66563571 35.63948596
v 55.42093658 -51.345979 27.81199994
v 67.76830292 -73.69600014 22.66812002
v 68.1206665 -25.25363263 23.64090046
v 68.68644714 -12.27714641 23.40478653
v 69.02772522 39.83514293 25.46203978
v 68.90681458 48.62154273 26.4759867
v 68.60279846 -60.8603983 22.05256578
v 68.38835144 8.4886922 23.76853599
v 68.26766205 18.12381636 24.7983311
v 69.14199066 -37.70042518 22.65313747
v 68.36466217 -1.87548931 23.56059448
v 68.70220947 29.30710491 25.37185988
v 69.51861572 -48.96249487 22.37048889
v 71.6736908 37.7244865 18.5008199
v 71.80123138 27.36257855 18.2161038
v 72.01571655 27.46752122 10.28683401
v 72.06441498 40.33953812 10.34859929
v 71.01303101 -61.63835219 17.15787809
v 70.93234253 -73.42201309 17.48204292
v 70.68479919 -72.44406175 10.70814579
v 71.36891937 -63.12504626 11.15026198
v 70.81734467 -95.44825821 17.40177691
v 70.73319244 -102.93904186 16.61501816
v 70.64512634 -102.25279272 8.26429492
v 71.38734436 -95.84440662 11.16647492
v 71.43573761 46.20800697 19.27768909
v 72.0206604 46.93076275 11.27174773
v 71.05697632 -82.82855302 17.59707661
v 71.27894592 -83.04574634 11.12026233
v 71.41777802 6.78541488 17.62005645
v 71.50913239 -0.83349685 17.36076161
v 72.01448822 -1.51135299 10.31655496
v 72.07866669 7.60031084 10.09838519
v 70.14344025 -118.41992261 16.83074624
v 70.60925293 -118.53778114 8.70671326
v 71.55463409 -13.25874403 16.96626033
v 72.01778412 -13.91426131 10.17908417
v 71.45214081 -26.24206616 16.62277107
v 72.04923248 -27.20639082 10.0591991
v 71.51860809 -39.06327894 17.04642507
v 71.96234894 -39.90650985 10.24493615
v 71.60888672 15.01882095 17.541825
v 72.01811981 15.93103745 10.31760667
v 71.59420013 -47.75090103 17.41442281
v 71.65081024 -49.55325364 10.55258916
v 68.64571381 -101.44554088 -11.39324822
v 69.17224884 -117.60015819 -11.48798121
v 65.84545135 -115.64855857 -22.95435076
v 64.94512177 -98.3670187 -21.88955737
v 70.1411972 -117.2937621 -2.42428911
v 69.80298615 -102.18119802 -2.30828756
v 71.36891937 -63.12504626 11.15026198
v 70.68479919 -72.44406175 10.70814579
v 84.70774078 -68.23806787 5.56333387
v 84.4405899 -62.73269678 5.70855534
v 72.0206604 46.93076275 11.27174773
v 72.06441498 40.33953812 10.34859929
v 84.74304962 40.42653635 4.88620458
v 84.57849884 46.13075997 5.11561119
v 71.27894592 -83.04574634 11.12026233
v 84.66934204 -76.54608179 5.73132943
v 72.07866669 7.60031084 10.09838519
v 72.01448822 -1.51135299 10.31655496
v 84.390625 -1.04693626 5.05386491
v 84.07020569 9.21000653 4.28238146
v 71.38734436 -95.84440662 11.16647492
v 70.64512634 -102.25279272 8.26429492
v 83.5734787 -86.67851273 3.50079611
v 83.77948761 -83.19783042 5.0561282
v 72.01778412 -13.91426131 10.17908417
v 83.87635803 -12.86750813 4.40179053
v 72.04923248 -27.20639082 10.0591991
v 83.97213745 -26.91790788 3.74550583
v 71.96234894 -39.90650985 10.24493615
v 84.14429474 -40.17184468 4.5467712
v 72.01811981 15.93103745 10.31760667
v 83.87962341 19.40816479 4.39940204
v 71.65081024 -49.55325364 10.55258916
v 84.43204498 -50.38211082 5.0600397
v 72.01571655 27.46752122 10.28683401
v 83.84886169 27.08269478 5.2308514
v 70.64512634 -102.25279272 8.26429492
v 69.80298615 -102.18119802 -2.30828756
v 82.9621048 -88.87451159 -2.85413582
v 83.5734787 -86.67851273 3.50079611
v 68.64571381 -101.44554088 -11.39324822
v 81.87789917 -88.71369883 -11.63859946
v 64.94512177 -98.3670187 -21.88955737
v 80.27996826 -86.25355447 -19.01716037
v 84.14429474 -40.17184468 4.5467712
v 84.43204498 -50.38211082 5.0600397
v 84.33634186 -49.14489733 -3.04855824
v 84.33848572 -39.78506457 -2.97201474
v 83.84886169 27.08269478 5.2308514
v 83.87962341 19.40816479 4.39940204
v 84.34165955 21.23928083 -3.04511812
v 84.41527557 30.56238567 -2.58883676
v 84.4405899 -62.73269678 5.70855534
v 84.42442322 -60.80560292 -2.46740154
v 84.74304962 40.42653635 4.88620458
v 84.30204773 39.31064619 -2.95502038
v 84.70774078 -68.23806787 5.56333387
v 84.36393738 -66.50486743 -2.891326
v 84.57849884 46.13075997 5.11561119
v 84.29962921 47.69158185 -2.75056797
v 84.66934204 -76.54608179 5.73132943
v 84.38566589 -75.10353078 -2.36852521
v 84.07020569 9.21000653 4.28238146
v 84.390625 -1.04693626 5.05386491
v 84.43844604 -0.11224355 -2.43947196
v 84.34310913 10.6042787 -3.03446056
v 83.87635803 -12.86750813 4.40179053
v 84.36591339 -11.46476733 -2.88837459
v 83.97213745 -26.91790788 3.74550583
v 84.29558563 -25.71691881 -3.09508913
v 83.77948761 -83.19783042 5.0561282
v 84.30899048 -81.62782277 -2.39867758
v 83.0569458 -74.31578015 -11.11472645
v 83.11637878 -66.81964064 -10.92249399
v 83.06364441 -0.19735669 -11.26856995
v 82.99837494 10.67273 -11.68630172
v 82.94641113 -11.47709603 -12.0203481
v 82.867836 -25.39549201 -12.51633564
v 82.93935394 -81.12907359 -11.56294224
v 82.93357849 -39.53501839 -12.07559758
v 82.94712067 21.33365684 -12.01576521
v 83.13683319 -49.13575698 -10.77873445
v 83.04428864 30.95252278 -11.39278849
v 83.12591553 -60.18696547 -10.86872745
v 83.01007843 40.94683889 -11.59910595
v 82.94433594 47.53257803 -11.82032568
v 81.1578598 -80.90638648 -19.53469439
v 81.50976562 -74.19944681 -18.71134701
v 81.5471344 -39.29049596 -19.89904003
v 81.36755371 -25.09631257 -20.6468307
v 81.00541687 11.49676604 -20.56355808
v 81.61186981 21.51426784 -19.97440816
v 81.77574921 -48.50624002 -18.86719534
v 81.74500275 31.69308556 -19.26260237
v 81.81223297 -60.45443645 -18.52054669
v 81.60699463 40.81163873 -19.37153256
v 81.74977112 -66.58486856 -18.96217065
v 81.40104675 47.74533929 -19.46902448
v 81.19806671 0.39860622 -20.08647154
v 81.70755768 -11.25985631 -19.78371479
v 83.5734787 -86.67851273 3.50079611
v 82.9621048 -88.87451159 -2.85413582
v 81.87789917 -88.71369883 -11.63859946
v 80.27996826 -86.25355447 -19.01716037
v 81.77574921 -48.50624002 -18.86719534
v 81.81223297 -60.45443645 -18.52054669
v 65.9315033 -56.77804456 -25.06660519
v 66.51274872 -46.88873182 -24.92779174
v 81.60699463 40.81163873 -19.37153256
v 81.74500275 31.69308556 -19.26260237
v 66.10308838 28.43229789 -25.90060301
v 66.95315552 38.98012658 -26.26591703
v 81.74977112 -66.58486856 -18.96217065
v 65.28936005 -66.47788892 -25.06585984
v 81.40104675 47.74533929 -19.46902448
v 67.27402496 47.99843714 -26.58420353
v 81.50976562 -74.19944681 -18.71134701
v 65.13783264 -78.15530288 -24.63527449
v 81.00541687 11.49676604 -20.56355808
v 81.19806671 0.39860622 -20.08647154
v 65.29983521 -0.04302871 -24.69903946
v 65.0030899 10.48639027 -25.4456134
v 81.70755768 -11.25985631 -19.78371479
v 64.96002197 -12.07710157 -24.94207626
v 81.36755371 -25.09631257 -20.6468307
v 65.05394745 -26.37115368 -25.34781571
v 81.1578598 -80.90638648 -19.53469439
v 64.9431076 -86.67323194 -25.0043411
v 81.5471344 -39.29049596 -19.89904003
v 65.77565765 -39.26252637 -25.06390362
v 81.61186981 21.51426784 -19.97440816
v 65.71762848 19.16481127 -24.95000946
v 80.27996826 -86.25355447 -19.01716037
v 64.94512177 -98.3670187 -21.88955737
v 66.10308838 28.43229789 -25.90060301
v 65.71762848 19.16481127 -24.95000946
v 56.47837067 17.44561174 -38.71601791
v 57.93564987 28.47759416 -38.69140501
v 66.51274872 -46.88873182 -24.92779174
v 65.9315033 -56.77804456 -25.06660519
v 56.44190216 -57.06464984 -37.61746084
v 56.15716553 -47.43646073 -38.24033182
v 66.95315552 38.98012658 -26.26591703
v 58.38463211 38.39457876 -39.62812637
v 65.28936005 -66.47788892 -25.06585984
v 56.09640884 -66.21195817 -38.26390747
v 67.27402496 47.99843714 -26.58420353
v 58.42991638 48.06750665 -40.42750721
v 65.13783264 -78.15530288 -24.63527449
v 56.29597092 -74.81616044 -38.18720954
v 64.9431076 -86.67323194 -25.0043411
v 56.9764595 -97.4591811 -37.42614791
v 56.73028183 -85.53230121 -37.6314315
v 65.0030899 10.48639027 -25.4456134
v 65.29983521 -0.04302871 -24.69903946
v 55.44129181 -1.83581374 -38.69470223
v 55.97019958 8.50096297 -38.11518823
v 57.25115585 -114.01421953 -38.00198481
v 64.96002197 -12.07710157 -24.94207626
v 55.87502289 -12.20776199 -38.51773888
v 65.05394745 -26.37115368 -25.34781571
v 55.92494202 -25.26472303 -38.87744633
v 65.77565765 -39.26252637 -25.06390362
v 55.74250031 -39.19718762 -39.14308338
v 46.9092865 -1.73048181 -50.32514198
v 46.99218369 7.20875769 -50.29499404
v 48.2324295 -97.7300241 -48.99983261
v 48.02597046 -85.53066801 -49.31433861
v 46.86921692 -11.15702599 -50.46694995
v 48.97833633 -112.17040806 -48.02482714
v 47.01714325 -25.24194116 -50.27134052
v 47.01341629 -74.03425379 -50.07516422
v 46.77407455 -37.8810708 -50.33556913
v 47.85588837 18.14869147 -50.31460873
v 46.14204025 -47.05416648 -50.82397285
v 48.74965668 27.8654731 -50.64375946
v 46.47444534 -56.06448144 -50.39056642
v 49.58793259 37.29267342 -50.71079473
v 46.8445282 -65.66840907 -50.0609541
v 50.33624649 49.27350074 -50.46543669
v 33.87859726 -66.00060769 -60.83069899
v 34.02958679 -56.16395303 -60.75764711
v 35.47929382 38.88016781 -62.06508467
v 35.8475647 49.92200741 -62.04582759
v 34.33781433 -73.68044779 -60.54711473
v 35.38907242 -0.65490457 -60.69977572
v 35.01756668 8.17257958 -61.13077509
v 35.52460861 -96.80305219 -59.90018886
v 34.84228516 -84.65519451 -60.34701145
v 35.13753891 -11.39921304 -60.81131031
v 36.28118134 -113.00471239 -59.00961035
v 34.86175537 -23.25964089 -60.88097483
v 34.27907944 -35.71967812 -60.95691837
v 35.00057983 19.60660822 -61.6432868
v 34.43891525 -45.40740702 -60.60994919
v 34.74416733 30.17588315 -62.27097189
v 19.42550278 19.64811247 -69.43727789
v 19.69939232 29.43306274 -69.81717553
v 18.40808105 -56.15092173 -67.60076387
v 17.99197578 -44.99371041 -68.00953108
v 20.45123482 39.9457428 -69.77271096
v 18.89657593 -65.9084138 -67.3815489
v 21.4077301 50.23742216 -69.42778558
v 19.19191551 -74.20869152 -67.19968739
v 18.64085007 -0.77697454 -68.70741275
v 19.65770912 10.33607784 -68.85304978
v 19.82504272 -96.27773756 -66.75632135
v 19.67404556 -83.57517713 -66.95178588
v 18.47615051 -12.75655828 -68.61769923
v 19.59589577 -110.98222061 -66.39482602
v 18.40184784 -23.84696661 -68.56314954
v 18.50612831 -36.39231574 -68.20958869
v 0 -35.50646664 -70.61340487
v 0 -22.87745356 -70.95958047
v 0 13.69884043 -72.00943696
v 0 22.11857922 -72.56132411
v 0 -46.09841612 -70.15612994
v 0 32.49603591 -73.08296062
v 0 -56.45510559 -69.80766543
v 0 43.15968643 -73.32947352
v 0 -67.20219117 -69.61700733
v 0 52.87893234 -73.30497511
v 0 -73.85572511 -69.49502123
v 0 2.74595954 -71.38286579
v 0 -98.99087223 -68.97227148
v 0 -85.40182192 -69.26124946
v 0 -9.99116205 -71.08485456
v 0 -111.13457952 -68.57612333
v 69.86884308 -124.84320021 -10.80493328
v 66.6470871 -124.40173241 -22.58044977
v 36.59604263 -123.95531971 -58.50872582
v 18.86836243 -123.96905229 -66.11580437
v 48.79746246 -123.42736606 -48.15767828
v 70.83495331 -127.17099037 8.59980027
v 70.68093872 -125.560974 -2.74561048
v 57.79751968 -123.96349932 -37.78777092
v 50.79566193 -126.44647338 27.73134251
v 65.42741394 -128.17865086 21.86048901
v 0 -123.97521675 -68.12259453
v 70.31168365 -126.95129465 16.22901743
v 36.13047791 -124.60284577 34.94367055
v 70.21651459 -135.67089793 -11.69495222
v 67.07880402 -134.78485008 -22.72320955
v 71.0394516 -135.79632555 -3.01474903
v 25.70539665 -123.29528978 38.85120997
v 16.90944099 -121.74398985 41.55817263
v 18.12920952 -132.18362575 33.8987903
v 25.19037437 -131.79266501 32.86649891
v 7.65517187 -121.18646426 42.43036122
v 0 -121.07208436 42.16353841
v 0 -131.98986966 34.30478854
v 8.77212048 -132.20041044 34.38173861
v 58.90962982 -135.32220298 -36.80898876
v 35.40752411 -133.73736703 29.86324298
v 49.71017838 -135.53826698 -47.2673895
v 51.18120956 -135.58374136 25.74733714
v 36.41617203 -135.17809803 -58.46153087
v 65.49381256 -135.50671481 21.66105822
v 19.34419441 -135.71746539 -65.806761
v 70.22437286 -134.98461985 16.16485769
v 70.93245697 -135.85662878 8.38391664
v 0 -136.7528962 -67.89925982
v 65.42741394 -128.17865086 21.86048901
v 65.49381256 -135.50671481 21.66105822
v 65.49902344 -120.19708348 22.05032968
v 69.51861572 -48.96249487 22.37048889
v 68.60279846 -60.8603983 22.05256578
v 68.70220947 29.30710491 25.37185988
v 68.26766205 18.12381636 24.7983311
v 69.14199066 -37.70042518 22.65313747
v 68.38835144 8.4886922 23.76853599
v 68.1206665 -25.25363263 23.64090046
v 68.68644714 -12.27714641 23.40478653
v 68.36466217 -1.87548931 23.56059448
v 66.16623688 -107.63635351 22.2033301
v 66.57740784 -84.38983257 23.54408086
v 66.70547485 -96.33343605 22.74981841
v 67.76830292 -73.69600014 22.66812002
v 68.90681458 48.62154273 26.4759867
v 69.02772522 39.83514293 25.46203978
v 8.49381256 48.74442053 54.60146163
v 10.33513546 50.19730102 63.05404883
v 0 50.02499876 63.21638707
v 0 48.61821501 56.32596801
v 11.47659683 52.38378602 69.57087936
v 0 51.81804351 70.05845869
v 25.00052071 51.81943225 65.69451368
v 21.77636528 50.5626348 57.82603676
v 42.07213974 51.7994512 58.08273923
v 37.46899796 50.15168538 51.23199301
v 57.04113007 53.27439686 44.53051228
v 46.22175598 50.23090949 40.27614813
v 16.22465324 48.39861087 48.10991499
v 21.5807972 49.09949321 39.50807023
v 27.25667953 49.7785783 32.24634388
v 47.41911697 49.40239579 31.2152579
v 68.90681458 48.62154273 26.4759867
v 72.34754181 53.96006727 11.02834556
v 84.59201813 53.9986875 5.54340312
v 82.9464798 63.52261329 5.43996564
v 72.35218048 63.3014521 12.38242617
v 43.93714142 58.36214946 60.45144908
v 58.44618225 58.68995463 46.61112851
v 56.73350525 67.36507974 46.80902776
v 42.2538681 67.7048161 60.17787466
v 36.25490189 57.63000759 -61.9984182
v 21.39624023 58.08368223 -69.39745077
v 20.90366364 67.50061339 -69.54052439
v 36.06235504 67.89873015 -62.57403268
v 83.01091003 55.05111744 -11.4729285
v 81.16217041 54.80683986 -20.02654218
v 79.18796539 64.58398526 -20.21744637
v 82.73524475 64.38943527 -10.51292519
v 68.83856964 55.9952075 28.42950493
v 67.19823456 65.05077994 29.97495745
v 71.02394104 54.06649696 19.37251137
v 72.34754181 53.96006727 11.02834556
v 72.35218048 63.3014521 12.38242617
v 70.11927032 63.59951693 20.40463344
v 84.59201813 53.9986875 5.54340312
v 84.23725891 55.56742873 -3.27039047
v 83.69591522 64.19201663 -0.56333118
v 82.9464798 63.52261329 5.43996564
v 81.16217041 54.80683986 -20.02654218
v 67.4224472 55.5106823 -26.27753587
v 67.85926056 67.3829815 -26.34340373
v 79.18796539 64.58398526 -20.21744637
v 49.95788193 57.13008341 -50.99102152
v 50.46340179 68.45442423 -51.02380072
v 67.4224472 55.5106823 -26.27753587
v 58.56608582 56.34216486 -40.66034452
v 58.59367752 68.22802916 -41.4782151
v 67.85926056 67.3829815 -26.34340373
v 0 58.16779762 75.21885935
v 11.54205608 58.24538861 73.97681682
v 10.85746193 67.51046434 73.05768117
v 0 67.20531903 73.9737273
v 0 60.71568618 -73.066663
v 0 68.54532178 -72.70557867
v 26.01749611 57.79333189 70.30401864
v 24.42574501 67.18188172 69.59543903
v 25.00052071 51.81943225 65.69451368
v 42.07213974 51.7994512 58.08273923
v 11.47659683 52.38378602 69.57087936
v 0 51.81804351 70.05845869
v 57.04113007 53.27439686 44.53051228
v 23.67389107 79.74625861 68.27536359
v 10.45974636 80.18938897 71.46619003
v 58.83325195 78.73489558 -40.83159675
v 66.29318237 77.63025025 -28.15498776
v 40.6450882 79.29668928 59.8273846
v 49.94891739 78.42204509 -51.26523629
v 72.8506546 75.40817209 11.91479631
v 69.11207581 76.51733303 21.90962935
v 55.37522507 79.20554911 46.55770839
v 35.74696732 77.93290983 -62.38740962
v 76.04715729 76.43890357 5.4640522
v 72.8506546 75.40817209 11.91479631
v 65.65749359 78.08328113 30.61880834
v 20.34581375 78.01675717 -69.08041804
v 76.41674042 78.5729371 -1.92382552
v 76.04715729 76.43890357 5.4640522
v 0 78.0295289 -71.98021357
v 75.79736328 78.98928879 -10.53939856
v 73.4836731 77.81555258 -18.7142567
v 0 79.72364491 72.34257093
v 66.29318237 77.63025025 -28.15498776
v 73.4836731 77.81555258 -18.7142567
v 76.04715729 76.43890357 5.4640522
v 76.41674042 78.5729371 -1.92382552
v 67.76712799 91.25521863 -2.83639199
v 68.06269073 90.92999246 4.98389403
v 0 88.84450061 -67.04706948
v 18.86987686 89.49089334 -64.81425085
v 75.79736328 78.98928879 -10.53939856
v 66.83204651 90.94192555 -11.43457969
v 64.87496185 91.98554904 20.39413473
v 61.57498932 91.6669451 29.90209599
v 73.4836731 77.81555258 -18.7142567
v 65.76670074 90.66845779 -17.34149918
v 10.86670589 90.93584909 67.65160767
v 0 91.53915107 68.13500614
v 62.44577408 90.66253778 -26.52194199
v 21.44587326 89.9800539 65.51044094
v 54.55209732 90.642824 -39.75282654
v 38.47908783 91.49929563 56.47718067
v 45.93076324 90.60724089 -48.61931977
v 67.18721771 91.40333504 12.2069971
v 52.30662155 90.99856372 44.80042665
v 34.34825516 89.68231454 -57.8698615
v 59.23381424 96.0595558 -16.98486099
v 60.51531982 96.17120404 -9.86809882
v 10.63629627 96.45353433 60.79011576
v 0 96.76153298 61.04289669
v 56.89979172 95.99615591 -25.6710659
v 20.46524239 96.42202502 58.70441477
v 50.24888992 96.25277872 -37.10723838
v 33.88840103 96.24665603 52.62215463
v 42.74304962 95.96718032 -45.2977253
v 60.30364609 96.52535966 10.28910105
v 57.9712677 96.68121251 19.84680217
v 47.68890381 96.55865304 39.81749766
v 31.89607811 95.67323538 -53.82154047
v 61.24713516 96.29020678 3.0169851
v 55.45350266 96.50376772 27.4825577
v 18.11325455 95.95123555 -60.38217507
v 61.44611359 96.11418165 -3.02931389
v 0 96.11291778 -62.81492195
v 55.45350266 96.50376772 27.4825577
v 57.9712677 96.68121251 19.84680217
v 60.30364609 96.52535966 10.28910105
v 61.24713516 96.29020678 3.0169851
v 61.44611359 96.11418165 -3.02931389
v 60.51531982 96.17120404 -9.86809882
v 59.23381424 96.0595558 -16.98486099
v 56.89979172 95.99615591 -25.6710659
v 50.24888992 96.25277872 -37.10723838
v 42.74304962 95.96718032 -45.2977253
v 31.89607811 95.67323538 -53.82154047
v 18.11325455 95.95123555 -60.38217507
v 10.63629627 96.45353433 60.79011576
v 20.46524239 96.42202502 58.70441477
v 33.88840103 96.24665603 52.62215463
v 47.68890381 96.55865304 39.81749766
v 36.33778763 -150.12374622 -58.47939957
v 18.76471329 -151.12951372 -65.94963734
v 65.70772552 -147.98309419 21.33419916
v 69.42992401 -147.94274972 16.02929804
v 0 -150.82653512 -67.80763904
v 70.65292358 -148.26745644 8.78819771
v 71.01366425 -149.0859984 -3.09164842
v 35.750103 -147.61627328 29.85789035
v 52.84653854 -148.57952996 26.28981704
v 70.20324707 -149.42761177 -12.23024068
v 67.42449951 -149.9805288 -22.47191703
v 16.92649078 -146.68151995 31.85960319
v 24.49803734 -147.04193251 31.15721632
v 7.96037006 -146.50958394 32.50316742
v 59.53687286 -150.21349939 -36.40769852
v 50.08830261 -149.89904579 -47.06432235
v 0 -147.40533591 32.99359249
v 65.70772552 -147.98309419 21.33419916
v 16.93866348 -165.35492109 37.97419779
v 28.6845417 -165.21161047 36.23653834
v 67.92964172 -165.99908529 18.65635146
v 69.84488678 -166.19433648 12.46838415
v 71.09992218 -167.11737062 0.33217069
v 70.84654999 -167.48364218 -9.1453511
v 8.46147442 -165.42163255 38.71271936
v 68.76491547 -168.03930577 -19.94320841
v 61.21069717 -168.23907317 -35.05171176
v 40.43047333 -166.65341336 34.2113155
v 51.21074677 -167.90826213 -46.41545839
v 0 -165.16876391 38.93896144
v 36.51360321 -168.16027577 -58.41699191
v 53.47247696 -166.8365797 30.38593326
v 64.43196869 -166.19806012 23.71441496
v 17.79303169 -169.22820756 -66.1509626
v 64.43196869 -166.19806012 23.71441496
v 0 -168.91589059 -67.76634955
v 54.39622879 -187.6301896 36.85553684
v 64.34487152 -187.66919072 28.88735332
v 36.89014435 -188.4890721 -59.67692627
v 17.88256836 -190.22903146 -67.86541817
v 64.34487152 -187.66919072 28.88735332
v 67.4601593 -187.19549664 23.74200003
v 0 -189.72698669 -69.91870947
v 69.91166687 -186.66339179 15.51427407
v 71.86000824 -187.69329854 4.60365381
v 40.37880707 -186.55832091 41.63527627
v 72.30905151 -187.98266571 -6.88238107
v 71.06990051 -188.49011156 -16.99604477
v 18.1942749 -185.09964189 45.60508682
v 29.17627144 -185.01541329 43.77615311
v 7.61671114 -184.95123494 46.44058564
v 64.08918762 -188.93151708 -33.80078569
v 53.11529922 -188.22839151 -46.81721938
v 0 -185.39526572 46.82736922
v 71.80056 -204.17370538 -15.32704674
v 64.70175171 -204.55547949 -33.52253854
v 41.69534302 -202.26794645 48.43826936
v 55.17418289 -203.13690373 42.86805219
v 30.48303795 -201.76452861 51.39363361
v 18.33161163 -206.36645205 -69.31705614
v 0 -207.47405691 -72.01599265
v 7.8739028 -200.91192864 54.22603492
v 18.86043167 -201.09900135 53.3052204
v 73.04083252 -204.69689928 -3.0015899
v 72.51307678 -204.1103519 7.63383402
v 37.14897919 -206.75909158 -60.79423664
v 67.88859558 -204.01818973 28.59301629
v 70.65486908 -204.13092124 18.88704743
v 64.47757721 -203.49615629 34.47749202
v 53.87234116 -205.27203163 -47.11842862
v 64.47757721 -203.49615629 34.47749202
v 0 -200.80377435 54.33327369
v 18.66322517 -217.21631127 61.18710141
v 30.01520157 -217.74237319 59.21533396
v 67.64369965 -220.27697886 30.29992285
v 70.55136871 -220.51867766 20.66949453
v 8.25198936 -216.73797879 62.02947432
v 37.36374664 -221.52258036 -60.60244956
v 17.35401917 -222.3814667 -69.2392599
v 72.14100647 -221.05090374 9.69363772
v 53.72715378 -220.87609658 -46.99163639
v 42.09561157 -218.68078857 55.83488271
v 55.68406677 -219.9920675 47.33016388
v 64.38820648 -220.46465925 -32.01415453
v 70.78869629 -220.34027036 -14.50446138
v 63.74073029 -220.3255632 38.25776472
v 72.31611633 -220.70910635 -2.24482476
v 63.74073029 -220.3255632 38.25776472
v 0 -223.30181573 -71.39265655
v 0 -216.94726835 62.33220869
v 62.71849442 -234.11041128 -30.20928071
v 52.42534637 -234.16607469 -45.07418321
v 35.91661453 -234.59399157 -58.74953723
v 16.42479134 -236.79888628 -65.93870054
v 69.38085175 -234.01391647 10.44849231
v 69.48958588 -234.11749261 -1.48770021
v 41.31569672 -231.16717771 55.21874752
v 53.53042603 -233.69049273 45.97657517
v 0 -237.70654002 -67.43362703
v 68.2000351 -233.79833922 -14.28165313
v 67.80332184 -234.31695642 19.49431158
v 60.55260468 -234.148195 37.44154097
v 60.55260468 -234.148195 37.44154097
v 63.98418045 -234.53228892 30.15489507
v 28.95544434 -229.91498066 60.12676378
v 0 -229.10510535 64.28959417
v 8.02213287 -229.16174596 63.87677145
v 17.87144661 -229.41986358 62.65418004
v 45.81229019 -243.54260421 38.25187381
v 51.99606323 -244.07934704 30.47413903
v 51.99606323 -244.07934704 30.47413903
v 54.67396545 -244.23425401 24.6387642
v 25.83477974 -242.05005091 47.59362498
v 35.47735977 -242.84283639 43.88616263
v 0 -241.08490213 50.86907668
v 11.06625748 -241.02185282 51.054738
v 18.00526047 -241.37518528 49.80125135
v 47.22198105 -244.74615322 -35.78791353
v 33.03009796 -245.33929238 -46.90310215
v 56.47973251 -244.40087973 18.77480011
v 54.57760239 -244.86639295 -25.10265848
v 15.63851357 -245.61767346 -53.1320603
v 58.52587891 -244.55361979 9.30137328
v 58.85096359 -244.66921991 -1.3189437
v 0 -245.80694345 -53.80424048
v 57.071064 -245.10278267 -12.10868381
v 58.52587891 -244.55361979 9.30137328
v 56.47973251 -244.40087973 18.77480011
v 54.67396545 -244.23425401 24.6387642
v 51.99606323 -244.07934704 30.47413903
v 45.81229019 -243.54260421 38.25187381
v 35.47735977 -242.84283639 43.88616263
v 25.83477974 -242.05005091 47.59362498
v 18.00526047 -241.37518528 49.80125135
v 11.06625748 -241.02185282 51.054738
v 15.63851357 -245.61767346 -53.1320603
v 33.03009796 -245.33929238 -46.90310215
v 47.22198105 -244.74615322 -35.78791353
v 54.57760239 -244.86639295 -25.10265848
v 57.071064 -245.10278267 -12.10868381
v 58.85096359 -244.66921991 -1.3189437
vn -0.79741 0.09018 0.59666
vn -0.79545 -0.16734 0.58246
vn -0.90495 -0.16645 0.39161
vn -0.87696 0.28602 0.38619
vn -0.76798 -0.18236 0.61397
vn -0.42269 -0.19729 0.88454
vn -0.40751 0.43681 0.80196
vn -0.73171 0.38389 0.56323
vn -3E-05 -0.17944 0.98377
vn -0 0.44788 0.89409
vn -0.40387 0.53562 0.74162
vn -0.68675 0.48524 0.54122
vn -0.68845 0.2352 0.68609
vn -0.80493 0.41084 0.42812
vn -0 0.54925 0.83566
vn -0.68314 0.479 0.55126
vn -0.75913 0.45364 0.46683
vn -0.42603 0.51427 0.74433
vn -0.55416 0.31012 0.77248
vn -0 0.54045 0.84137
vn -0.42391 0.45286 0.78436
vn 0 0.47616 0.87936
vn -0.7737 0.37681 0.50932
vn -0.69396 0.41217 0.59036
vn 0 0.38178 0.92425
vn -0.40843 0.36356 0.83726
vn -0.68282 0.31147 0.66087
vn -0.78254 0.24288 0.57327
vn -0.45824 0.08844 0.88442
vn -0.49436 0.22191 0.84045
vn -0.39346 -0.17245 0.90302
vn -0.2548 -0.79049 0.55695
vn -0.35524 -0.86784 0.34737
vn -0.71798 -0.14943 0.67983
vn 0 -0.18055 0.98357
vn -0 -0.76609 0.64273
vn -0.31037 -0.92988 0.19747
vn -0.82692 -0.13342 0.54627
vn 0 -0.04833 0.99883
vn -0.37415 -0.04385 0.92633
vn -0.69994 -0.01901 0.71395
vn -0.81536 0.01613 0.57873
vn 0 0.01378 0.99991
vn -0.38753 0.01464 0.92174
vn -0.68331 0.03321 0.72937
vn -0.78553 0.07119 0.61471
vn -0.4025 0.17184 0.89915
vn -0.67067 0.15515 0.72534
vn 0 0.17927 0.9838
vn -0.76372 0.14062 0.63004
vn 0.00319 -0.83185 0.55499
vn 0.09973 -0.92101 0.37656
vn -0.11285 -0.92063 0.37378
vn -0.16547 -0.85494 0.49162
vn -0.06708 -0.97504 0.21165
vn -0.12546 -0.96807 0.21704
vn -0.11613 -0.94322 0.31121
vn -0.17514 -0.95064 0.25613
vn -0.13377 -0.71988 0.68109
vn -0.69168 -0.33308 0.64081
vn -0.79639 -0.4635 0.3885
vn -0.61795 -0.57692 0.53414
vn -0.32141 -0.64645 0.69195
vn 0 -0.63295 0.7742
vn -0.48479 -0.78502 0.38566
vn -0.27408 -0.89347 0.3558
vn 3E-05 -0.7821 0.62315
vn 0 -0.95616 0.29284
vn -0.04303 -0.88897 0.45593
vn 0.00134 -0.88516 0.46528
vn -0.11957 -0.8774 0.46463
vn -0.10325 -0.8612 0.49767
vn -0.40983 -0.39519 0.82211
vn -0.39887 0.06252 0.91487
vn -0.36562 0.06085 0.92877
vn -0.3603 0.01611 0.9327
vn -0.32663 -0.11347 0.93832
vn -0.18482 -0.81899 0.54323
vn -0.28078 -0.34177 0.89686
vn -0.13761 -0.38243 0.91368
vn -0.16278 -0.92578 0.34122
vn -0 -0.92941 0.36906
vn 0 -0.96817 0.2503
vn -0.12992 -0.96233 0.23885
vn -0.35219 -0.20371 0.91349
vn -0.44235 0.06655 0.89437
vn -0.46242 0.0824 0.88282
vn -0.43771 -0.15789 0.88514
vn -0.09099 -0.31893 0.9434
vn -0.15316 0.06136 0.98629
vn -0.31284 0.05824 0.94802
vn -0.21292 -0.26863 0.93942
vn -0.49243 -0.03423 0.86968
vn 9E-05 -0.33998 0.94043
vn -0 0.07049 0.99751
vn -0.49192 0.08191 0.86678
vn -0.4432 0.10324 0.89046
vn -0.31398 0.15128 0.9373
vn -0.14566 0.22469 0.96348
vn -1E-05 0.27033 0.96277
vn -0.43242 0.43274 0.79104
vn -0.31436 0.51896 0.79489
vn -0.12374 0.5824 0.80343
vn 0 0.60699 0.79471
vn -0.4376 -0.0427 0.89815
vn -0.4371 0.28531 0.85296
vn -0.10689 -0.55525 0.82479
vn -0.20567 -0.51699 0.83092
vn 0 -0.58586 0.81041
vn -0.02488 -0.57575 0.81725
vn -0.31595 -0.37727 0.87054
vn -0.10333 0.34149 0.93419
vn -0.28899 0.35342 0.88971
vn 0 0.34112 0.94002
vn -0.37933 0.27376 0.88383
vn -0.33684 0.13626 0.93165
vn -0.26848 0.01976 0.96308
vn -0.24813 -0.07856 0.96554
vn -0.361 0.09173 0.92804
vn -0.53616 -0.02977 0.84359
vn -0.49725 0.01032 0.86754
vn -0.43638 -0.01738 0.89959
vn -0.45544 -0.03247 0.88968
vn -0.1386 -0.01014 0.9903
vn -0.1297 -0.09121 0.98735
vn -0.33197 0.11121 0.93671
vn -0.24893 0.07023 0.96597
vn -0.3258 -0.06044 0.94351
vn -0.40363 -0.07224 0.91207
vn -0.11378 -0.61995 0.77635
vn -0.42925 0.05655 0.90141
vn -0.20811 -0.00472 0.97809
vn -0.16764 -0.00169 0.98585
vn -0.22539 0.00574 0.97425
vn -0.4632 -0.0372 0.88547
vn -0.5064 -0.00842 0.86226
vn -0.52294 0.01925 0.85215
vn -0.4778 0.01912 0.87826
vn -0.39293 -0.08121 0.91597
vn -0.51394 -0.52355 0.67952
vn -0.53688 -0.03617 0.84288
vn -0.39451 -0.03659 0.91816
vn -0.40104 -0.04806 0.9148
vn -0.5436 0.00193 0.83934
vn -0.4222 -0.00191 0.9065
vn -0.40038 -0.03005 0.91586
vn -0.55292 -0.0378 0.83238
vn -0.73614 -0.01464 0.67667
vn -0.9758 -0.01735 0.21795
vn -0.97928 -0.0044 0.20246
vn -0.72721 -0.01793 0.68619
vn -0.69142 0.0009 0.72245
vn -0.96024 -0.00818 0.27907
vn -0.97193 -0.03627 0.23245
vn -0.7008 -0.00778 0.71331
vn -0.95959 -0.26449 0.0961
vn -0.9447 -0.04205 0.32523
vn -0.9311 -0.03997 0.36257
vn -0.79694 -0.13125 0.58963
vn -0.97898 -0.0015 0.20397
vn -0.74441 -0.02823 0.66713
vn -0.70202 0.00294 0.71215
vn -0.94349 -0.00548 0.33135
vn -0.6957 0.00175 0.71833
vn -0.96639 -0.00018 0.2571
vn -0.96354 -0.01109 0.26734
vn -0.69449 0.0152 0.71934
vn -0.99989 0.01026 -0.0111
vn -0.94616 -0.01782 0.3232
vn -0.70809 -0.02354 0.70573
vn -0.9668 -0.00698 0.25544
vn -0.70843 0.0036 0.70578
vn -0.96692 -0.00016 0.25506
vn -0.69804 0.02628 0.71558
vn -0.97285 0.01138 0.23116
vn -0.9684 -0.02428 0.24821
vn -0.74482 -0.02082 0.66694
vn -0.68324 0.02183 0.72987
vn -0.97788 -0.02373 0.2078
vn -0.91196 0.05412 -0.40669
vn -0.97585 0.05227 -0.2121
vn -0.8919 -0.3656 -0.26618
vn -0.8335 -0.15112 -0.53145
vn -0.99669 0.03167 -0.07484
vn -0.9238 -0.37581 -0.07322
vn -0.66879 0.00355 0.74344
vn -0.69157 0.00949 0.72224
vn -0.72121 -0.0285 0.69213
vn -0.77065 -0.03039 0.63653
vn -0.67417 -0.01431 0.73844
vn -0.72485 -0.00031 0.68891
vn -0.74414 0.02221 0.66766
vn -0.80911 -0.54574 0.21798
vn -0.7462 -0.16761 0.64427
vn -0.72723 -0.02768 0.68584
vn -0.73795 0.00571 0.67483
vn -0.73383 0.03168 0.6786
vn -0.73377 -0.0167 0.67919
vn -0.71662 0.0331 0.69667
vn -0.70162 -0.02279 0.71219
vn -0.81175 -0.58067 -0.06229
vn -0.77265 -0.58113 -0.25555
vn -0.6248 -0.47047 -0.62312
vn -0.99705 0.00435 -0.07663
vn -0.99733 0.00564 -0.07287
vn -0.99819 0.00056 -0.06022
vn -0.99779 -0.01028 -0.06572
vn -0.99665 0.00448 -0.08169
vn -0.99639 -0.00606 -0.08463
vn -0.99575 0.00163 -0.09212
vn -0.99526 0.00425 -0.09721
vn -0.99591 -0.01961 -0.08825
vn -0.99743 -0.00185 -0.07162
vn -0.99765 0.00686 -0.06814
vn -0.99786 -0.0062 -0.06508
vn -0.99779 0.00156 -0.06649
vn -0.99202 -0.09297 -0.08515
vn -0.98501 -0.01197 -0.17209
vn -0.98643 -0.0068 -0.16403
vn -0.9844 0.00572 -0.17584
vn -0.98383 -0.00483 -0.17902
vn -0.98651 0.00237 -0.1637
vn -0.98681 -0.00142 -0.16189
vn -0.98 -0.0841 -0.18036
vn -0.98668 0.00098 -0.16266
vn -0.98599 -0.00621 -0.1667
vn -0.98704 0.00032 -0.16047
vn -0.98722 0.0021 -0.15934
vn -0.98707 -0.00014 -0.16032
vn -0.98674 0.00657 -0.16218
vn -0.98539 0.00603 -0.17019
vn -0.57229 -0.09102 -0.81498
vn -0.57132 -0.00163 -0.82073
vn -0.61981 -0.02504 -0.78436
vn -0.59158 0.00529 -0.80623
vn -0.61612 -0.01107 -0.78758
vn -0.62886 -0.00035 -0.77752
vn -0.6479 -0.02228 -0.7614
vn -0.64703 -0.02092 -0.76217
vn -0.62602 -0.00489 -0.77979
vn -0.65846 -0.02141 -0.75231
vn -0.58034 -0.01756 -0.81419
vn -0.6709 -0.01089 -0.74147
vn -0.59745 -0.01272 -0.8018
vn -0.58321 0.01941 -0.81209
vn -0.60359 -0.0159 -0.79713
vn -0.59051 -0.01922 -0.8068
vn -0.63731 -0.0642 -0.76793
vn -0.66594 -0.05317 -0.74411
vn -0.61713 -0.01814 -0.78665
vn -0.68246 -0.02758 -0.7304
vn -0.62146 0.00033 -0.78344
vn -0.57713 -0.01429 -0.81653
vn -0.57761 -0.02308 -0.81599
vn -0.57916 0.01891 -0.81499
vn -0.58462 0.01376 -0.81119
vn -0.66325 -0.05761 -0.74617
vn -0.59063 -0.00895 -0.8069
vn -0.60286 -0.03889 -0.7969
vn -0.81465 -0.08424 -0.57381
vn -0.81593 -0.09295 -0.57063
vn -0.7941 -0.01214 -0.60766
vn -0.79048 -0.011 -0.61239
vn -0.81477 -0.06648 -0.57597
vn -0.80502 -0.00297 -0.59323
vn -0.81385 -0.03276 -0.58015
vn -0.81384 0.00547 -0.58106
vn -0.84061 0.00951 -0.54156
vn -0.8266 -0.01172 -0.56267
vn -0.81344 -0.0003 -0.58165
vn -0.81304 -0.03793 -0.58097
vn -0.83592 0.03552 -0.54771
vn -0.81395 0.01253 -0.5808
vn -0.80911 0.01078 -0.58756
vn -0.79971 0.003 -0.60038
vn -0.73847 0.00057 -0.67428
vn -0.735 -0.03374 -0.67723
vn -0.71866 0.00058 -0.69536
vn -0.71914 0.00666 -0.69483
vn -0.73148 0.00367 -0.68185
vn -0.71074 0.00015 -0.70345
vn -0.72375 -0.00499 -0.69004
vn -0.71605 0.0132 -0.69792
vn -0.71551 -0.01371 -0.69847
vn -0.72318 -0.06659 -0.68744
vn -0.71338 -0.01417 -0.70063
vn -0.71248 -0.07108 -0.69808
vn -0.71483 -0.00374 -0.69929
vn -0.69915 -0.0469 -0.71344
vn -0.7148 0.00833 -0.69928
vn -0.69202 -0.02746 -0.72136
vn -0.52493 0.00027 -0.85114
vn -0.51971 -0.00698 -0.85431
vn -0.54743 -0.0262 -0.83644
vn -0.54788 -0.01722 -0.83638
vn -0.52948 0.00392 -0.84832
vn -0.53972 -0.01398 -0.84173
vn -0.55381 -0.03464 -0.83192
vn -0.52817 -0.01508 -0.84901
vn -0.52972 -0.00051 -0.84817
vn -0.5408 -0.00536 -0.84113
vn -0.52341 -0.02345 -0.85176
vn -0.54108 -0.01222 -0.84088
vn -0.53333 -0.02023 -0.84566
vn -0.55645 -0.04673 -0.82957
vn -0.52198 -0.01752 -0.85278
vn -0.54791 -0.04384 -0.83539
vn -0.29875 -0.04897 -0.95307
vn -0.29308 -0.0324 -0.95554
vn -0.25774 -0.01596 -0.96608
vn -0.2647 -0.0289 -0.9639
vn -0.29868 -0.00962 -0.95431
vn -0.25351 -0.01095 -0.96727
vn -0.30167 0.00261 -0.95341
vn -0.25183 -0.01221 -0.96769
vn -0.27852 -0.02582 -0.96008
vn -0.29078 -0.04638 -0.95567
vn -0.25339 -0.02278 -0.9671
vn -0.24602 -0.0132 -0.96918
vn -0.27646 -0.00955 -0.96098
vn -0.25509 -0.03196 -0.96639
vn -0.27457 -0.01518 -0.96145
vn -0.27016 -0.02882 -0.96238
vn 0 -0.03189 -0.99949
vn -0 -0.0181 -0.99984
vn -0 -0.05074 -0.99871
vn 0 -0.05374 -0.99856
vn 0 -0.03512 -0.99938
vn 0 -0.03049 -0.99954
vn 0 -0.02492 -0.99969
vn 0 -0.00286 -1
vn 0 -0.01756 -0.99985
vn 0 0.01335 -0.99991
vn 0 -0.01945 -0.99981
vn 0 -0.02863 -0.99959
vn -0 -0.02335 -0.99973
vn -0 -0.01894 -0.99982
vn -0 -0.01266 -0.99992
vn 0 -0.0303 -0.99954
vn -0.9788 0.05746 -0.19661
vn -0.9102 0.05037 -0.41111
vn -0.51779 -0.0171 -0.85534
vn -0.24799 -0.02469 -0.96845
vn -0.69925 -8E-05 -0.71488
vn -0.99946 0.02476 0.02159
vn -0.99789 0.04331 -0.04841
vn -0.81888 0.02922 -0.57321
vn -0.34336 -0.20697 0.91611
vn -0.49905 -0.08595 0.8623
vn 0 -0.02552 -0.99967
vn -0.93189 -0.00417 0.36271
vn -0.98071 0.02386 -0.19399
vn -0.91189 0.02857 -0.40944
vn -0.99933 0.00937 -0.03533
vn -0.08912 -0.35574 0.93033
vn -0.17038 -0.2973 0.93946
vn 0 -0.34551 0.93842
vn -0.0284 -0.3556 0.93421
vn -0.81673 0.02082 -0.57664
vn -0.23424 -0.18128 0.95513
vn -0.69352 0.00359 -0.72042
vn -0.28576 -0.08124 0.95485
vn -0.51758 -0.00489 -0.85562
vn -0.47933 -0.02796 0.87719
vn -0.2502 -0.00764 -0.96816
vn -0.92845 -0.0246 0.37063
vn -0.99874 -0.0074 0.04967
vn -0 -0.00894 -0.99996
vn 0 -0.97283 0.2315
vn -0.0645 -0.97697 0.2034
vn -0 -0.813 0.58227
vn -0.10457 -0.82586 0.5541
vn -0.19751 -0.83423 0.51483
vn -0.07221 -0.98729 0.14155
vn -0.34109 -0.82215 0.45576
vn -0.08959 -0.99259 0.08213
vn -0.41946 -0.81183 0.40619
vn -0.08275 -0.99003 0.11401
vn -0.79526 0.20207 0.5716
vn -0.76189 0.01244 0.64759
vn -0.7307 -0.00669 0.68266
vn -0.79736 0.05582 0.60092
vn -0.77144 0.10905 0.62689
vn -0.77474 -0.07586 0.62771
vn -0.57482 -0.13152 0.80764
vn -0.57008 0.11659 0.81328
vn -0.27866 0.02939 -0.95994
vn -0.29358 0.00347 -0.95593
vn -0.54224 -0.02152 -0.83995
vn -0.53118 0.00461 -0.84725
vn -0.75185 0.20361 -0.62711
vn -0.69022 0.03568 -0.72272
vn -0.97944 0.05798 -0.19321
vn -0.93142 0.308 -0.19388
vn -0.89247 0.094 0.44121
vn -0.89601 -0.0137 0.44383
vn -0.97546 0.03486 0.21738
vn -0.95832 0.04681 0.28182
vn -0.94719 0.32064 0.00363
vn -0.99652 0.04812 -0.06804
vn -0.7401 0.04182 -0.6712
vn -0.69671 -0.01285 -0.71724
vn -0.69004 -0.03008 -0.72314
vn -0.68648 -0.00734 -0.72712
vn -0.81699 -0.00944 -0.57658
vn -0.81571 -0.02912 -0.57773
vn -0.17583 0.12159 0.97688
vn -0.17388 -0.22877 0.95782
vn 0 -0.23928 0.97095
vn 0 0.12489 0.99217
vn 0 0.04178 -0.99913
vn -0 0.01728 -0.99985
vn -0.37223 0.11754 0.92067
vn -0.36973 -0.18317 0.9109
vn -0.3622 0.20815 0.90856
vn -0.16078 0.21623 0.96301
vn -0.79944 0.19347 -0.56874
vn -0.80219 0.24182 -0.5459
vn -0.55418 0.20562 0.8066
vn -0.66127 0.20168 -0.72253
vn -0.88498 0.23416 0.40247
vn -0.93436 0.18002 0.30752
vn -0.75216 0.19415 0.62973
vn -0.50271 0.2154 -0.83719
vn -0.85125 0.40451 0.33427
vn -0.87274 0.18658 0.45112
vn -0.25486 0.23495 -0.938
vn -0.8645 0.50223 0.01981
vn 0 0.24023 -0.97072
vn -0.85542 0.48954 -0.16912
vn -0.79811 0.38971 -0.45951
vn -0 0.22923 0.97337
vn -0.77117 0.63655 -0.01
vn -0.7978 0.58841 0.13147
vn -0 0.44759 -0.89424
vn -0.22841 0.45264 -0.86195
vn -0.75426 0.6417 -0.139
vn -0.8313 0.48968 0.26297
vn -0.77487 0.48298 0.40781
vn -0.75796 0.5741 -0.30968
vn -0.13687 0.53076 0.8364
vn 0 0.55152 0.83416
vn -0.76636 0.48866 -0.41701
vn -0.31583 0.49797 0.80764
vn -0.72057 0.4572 -0.5213
vn -0.48306 0.49814 0.72007
vn -0.59106 0.45255 -0.66772
vn -0.82456 0.52189 0.21847
vn -0.6606 0.49378 0.56549
vn -0.45101 0.45396 -0.76845
vn -0.01723 0.99981 -0.00869
vn -0.0158 0.99985 -0.00705
vn -0.00718 0.99987 0.01434
vn -0 0.99999 0.00449
vn -0.02258 0.99965 -0.01379
vn -0.0126 0.99974 0.01899
vn -0.02231 0.99958 -0.01859
vn -0.02013 0.99959 0.02045
vn -0.01918 0.99955 -0.02289
vn -0.01728 0.99985 -0.0031
vn -0.01753 0.99985 -0.00094
vn -0.02506 0.99959 0.01386
vn -0.01848 0.99937 -0.0303
vn -0.01591 0.99986 -0.00451
vn -0.02159 0.99975 0.00502
vn -0.01305 0.99911 -0.0402
vn -0.01594 0.99986 -0.00584
vn 5E-05 0.99967 -0.02576
vn -0.51423 0.00014 -0.85765
vn -0.24995 -0.00183 -0.96826
vn -0.53543 0.06891 0.84176
vn -0.9212 -0.01798 0.38866
vn -0 0.00077 -1
vn -0.99482 -0.01684 0.10025
vn -0.99999 -0.00222 -0.00438
vn -0.21139 0.14938 0.96592
vn -0.30246 0.13177 0.94401
vn -0.98578 0.01167 -0.16761
vn -0.92023 0.01898 -0.39092
vn -0.09703 0.13127 0.98659
vn -0.15281 0.14106 0.97814
vn -0.05117 0.12493 0.99085
vn -0.82204 0.01913 -0.56911
vn -0.68959 0.01052 -0.72413
vn -0 0.13189 0.99126
vn -0.10746 0.33718 0.93529
vn -0.16173 0.32447 0.93197
vn -0.91297 0.04258 0.4058
vn -0.98631 0.01862 0.16386
vn -0.99856 0.02695 0.04639
vn -0.99312 0.0409 -0.10969
vn -0.05538 0.3404 0.93865
vn -0.93674 0.04877 -0.3466
vn -0.83622 0.05097 -0.54602
vn -0.23489 0.29619 0.9258
vn -0.68792 0.04523 -0.72438
vn -0 0.34108 0.94004
vn -0.50924 0.03849 -0.85976
vn -0.37821 0.24293 0.89328
vn -0.61571 0.15871 0.77182
vn -0.25184 0.04307 -0.96681
vn 0 0.04995 -0.99875
vn -0.44987 0.30521 0.83932
vn -0.67794 0.22284 0.70053
vn -0.51255 0.0665 -0.85608
vn -0.26444 0.08563 -0.96059
vn -0.91411 0.10526 0.39156
vn -0 0.09822 -0.99516
vn -0.97639 0.06386 0.20634
vn -0.99459 0.0546 0.08835
vn -0.2785 0.35771 0.89134
vn -0.99703 0.05177 -0.05701
vn -0.95246 0.04868 -0.30075
vn -0.11657 0.39507 0.91123
vn -0.18642 0.38348 0.90454
vn -0.05576 0.39883 0.91533
vn -0.85264 0.05175 -0.51993
vn -0.68962 0.05744 -0.72189
vn -0 0.39764 0.91754
vn -0.96323 -0.02234 -0.26773
vn -0.87106 -0.01529 -0.49095
vn -0.33802 0.374 0.86364
vn -0.52887 0.29385 0.79621
vn -0.20855 0.41944 0.8835
vn -0.27935 0.03679 -0.95948
vn 0 0.04266 -0.99909
vn -0.05661 0.4394 0.89651
vn -0.1262 0.43322 0.89241
vn -0.99924 -0.00446 -0.03873
vn -0.99479 0.02418 0.09909
vn -0.52279 0.02749 -0.85202
vn -0.92641 0.07979 0.36797
vn -0.97524 0.04797 0.21589
vn -0.74861 0.18528 0.6366
vn -0.7047 0.01072 -0.70943
vn 0 0.4408 0.89761
vn -0.14307 0.3064 0.94109
vn -0.2424 0.26413 0.93353
vn -0.92609 -0.09338 0.36556
vn -0.97002 -0.0918 0.22503
vn -0.06684 0.32289 0.94407
vn -0.5191 -0.09684 -0.84921
vn -0.27323 -0.11839 -0.95464
vn -0.99135 -0.09892 0.08625
vn -0.72064 -0.09339 -0.68699
vn -0.41846 0.1745 0.89131
vn -0.61489 0.07377 0.78515
vn -0.87858 -0.10747 -0.46534
vn -0.96053 -0.11768 -0.25207
vn -0.80336 -0.02966 0.59475
vn -0.99164 -0.11933 -0.0491
vn 0 -0.13102 -0.99138
vn 0 0.32691 0.94506
vn -0.8085 -0.43098 -0.40072
vn -0.65254 -0.45019 -0.60953
vn -0.45632 -0.50086 -0.73546
vn -0.23169 -0.55533 -0.7987
vn -0.86731 -0.49193 0.07609
vn -0.87265 -0.48607 -0.04719
vn -0.36819 -0.45952 0.80826
vn -0.54391 -0.47696 0.69041
vn -0 -0.5872 -0.80944
vn -0.86636 -0.45658 -0.20237
vn -0.84683 -0.4873 0.2131
vn -0.71312 -0.48935 0.50199
vn -0.81176 -0.48298 0.3283
vn -0.22613 -0.42951 0.87429
vn 1E-05 -0.45628 0.88984
vn -0.06178 -0.41296 0.90865
vn -0.14019 -0.38628 0.91167
vn -0.00681 -0.99759 0.06903
vn -0.00659 -0.99866 0.05132
vn -0.00753 -0.99902 0.04357
vn 0.00829 -0.99692 0.07803
vn 0.00022 -0.99673 0.08075
vn 3E-05 -0.99853 0.05423
vn 0.01736 -0.99728 0.0717
vn 0.01366 -0.99732 0.07192
vn -0.03093 -0.9994 -0.01582
vn -0.02048 -0.99932 -0.03065
vn -0.01371 -0.99908 0.04059
vn -0.03533 -0.99936 0.00585
vn 0.00138 -0.99966 -0.02596
vn -0.02057 -0.99915 0.03584
vn -0.02672 -0.99921 0.02936
vn -1E-05 -0.99998 0.00642
vn -0.03413 -0.99921 0.02038
vn 0.90495 -0.16645 0.39161
vn 0.79545 -0.16734 0.58245
vn 0.79741 0.09018 0.59666
vn 0.87696 0.28602 0.38619
vn 0.40751 0.4368 0.80196
vn 0.42268 -0.19729 0.88454
vn 0.76798 -0.18236 0.61397
vn 0.73171 0.3839 0.56323
vn 0.40387 0.53562 0.74162
vn 0.68675 0.48524 0.54122
vn 0.68845 0.2352 0.68609
vn 0.80493 0.41084 0.42812
vn 0.68312 0.47897 0.5513
vn 0.75913 0.45364 0.46683
vn 0.42603 0.51427 0.74433
vn 0.55416 0.31013 0.77248
vn 0.42391 0.45287 0.78436
vn 0.77369 0.37685 0.5093
vn 0.69396 0.41217 0.59036
vn 0.40843 0.36356 0.83726
vn 0.68282 0.31147 0.66087
vn 0.4942 0.2223 0.84045
vn 0.45824 0.08844 0.88442
vn 0.78254 0.24288 0.57327
vn 0.35524 -0.86784 0.34737
vn 0.2548 -0.79049 0.55695
vn 0.39346 -0.17245 0.90302
vn 0.71798 -0.14943 0.67983
vn 0.31036 -0.92988 0.19748
vn 0.82691 -0.13342 0.54627
vn 0.37415 -0.04385 0.92633
vn 0.69994 -0.01901 0.71395
vn 0.81534 0.01616 0.57876
vn 0.38753 0.01464 0.92174
vn 0.68331 0.03321 0.72937
vn 0.78553 0.07119 0.61471
vn 0.4025 0.17184 0.89915
vn 0.67067 0.15515 0.72534
vn 0.76372 0.14062 0.63004
vn 0.11285 -0.92063 0.37378
vn -0.09973 -0.92101 0.37656
vn -0.00319 -0.83185 0.55499
vn 0.16547 -0.85494 0.49162
vn 0.12548 -0.96807 0.217
vn 0.06708 -0.97504 0.21165
vn 0.17514 -0.95064 0.25613
vn 0.11613 -0.94322 0.31121
vn 0.13377 -0.71988 0.68108
vn 0.69168 -0.33308 0.64081
vn 0.79639 -0.46351 0.38849
vn 0.61796 -0.57692 0.53413
vn 0.32142 -0.64646 0.69195
vn 0.27408 -0.89347 0.3558
vn 0.48479 -0.78502 0.38566
vn 0.04303 -0.88897 0.45594
vn -0.00134 -0.88516 0.46528
vn 0.11957 -0.8774 0.46463
vn 0.10325 -0.8612 0.49767
vn 0.40983 -0.39519 0.82211
vn 0.39887 0.06251 0.91487
vn 0.36562 0.06084 0.92877
vn 0.36034 0.01455 0.93271
vn 0.32663 -0.1135 0.93831
vn 0.18483 -0.81899 0.54323
vn 0.28078 -0.34177 0.89686
vn 0.1376 -0.38242 0.91368
vn 0.16278 -0.92578 0.34122
vn 0.12988 -0.96234 0.23882
vn 0.46242 0.0824 0.88282
vn 0.44235 0.06655 0.89437
vn 0.35218 -0.20371 0.91349
vn 0.43772 -0.15789 0.88514
vn 0.31285 0.05824 0.94802
vn 0.15314 0.06132 0.9863
vn 0.09095 -0.31892 0.94341
vn 0.21288 -0.26862 0.93943
vn 0.49247 -0.03424 0.86965
vn 0.49192 0.08191 0.86678
vn 0.44319 0.10324 0.89046
vn 0.31397 0.15128 0.9373
vn 0.14566 0.22469 0.96348
vn 0.43242 0.43274 0.79104
vn 0.31436 0.51896 0.7949
vn 0.12374 0.58239 0.80343
vn 0.4376 -0.0427 0.89815
vn 0.4371 0.28531 0.85296
vn 0.10692 -0.55521 0.82481
vn 0.20567 -0.51699 0.83092
vn 0.02488 -0.57575 0.81725
vn 0.31596 -0.37727 0.87054
vn 0.10334 0.34149 0.93419
vn 0.28898 0.35343 0.88971
vn 0.37933 0.27376 0.88383
vn 0.33684 0.13626 0.93165
vn 0.26848 0.01976 0.96308
vn 0.24809 -0.07859 0.96554
vn 0.361 0.09173 0.92804
vn 0.53616 -0.02977 0.84359
vn 0.49725 0.01032 0.86754
vn 0.43639 -0.01724 0.89959
vn 0.45544 -0.03248 0.88968
vn 0.13871 -0.01023 0.99028
vn 0.1297 -0.09121 0.98735
vn 0.33197 0.11121 0.93671
vn 0.24895 0.07027 0.96596
vn 0.3258 -0.06044 0.94351
vn 0.40363 -0.07224 0.91207
vn 0.11378 -0.61995 0.77635
vn 0.42928 0.05652 0.9014
vn 0.20812 -0.00472 0.97809
vn 0.16764 -0.00169 0.98585
vn 0.22539 0.00574 0.97425
vn 0.4632 -0.0372 0.88547
vn 0.5064 -0.00842 0.86226
vn 0.52294 0.01925 0.85215
vn 0.4778 0.0191 0.87826
vn 0.39289 -0.07822 0.91625
vn 0.51394 -0.52355 0.67954
vn 0.53688 -0.03617 0.84288
vn 0.39451 -0.0366 0.91816
vn 0.40104 -0.04807 0.9148
vn 0.5436 0.00195 0.83934
vn 0.4222 -0.00191 0.9065
vn 0.40038 -0.03004 0.91586
vn 0.55292 -0.03779 0.83238
vn 0.97928 -0.0044 0.20246
vn 0.9758 -0.01735 0.21795
vn 0.73614 -0.0143 0.67668
vn 0.7272 -0.01795 0.68619
vn 0.97193 -0.03628 0.23245
vn 0.96024 -0.00818 0.27907
vn 0.69142 0.0009 0.72245
vn 0.7008 -0.00778 0.71331
vn 0.9311 -0.03997 0.36257
vn 0.94466 -0.04201 0.32535
vn 0.95959 -0.2645 0.0961
vn 0.79714 -0.13021 0.58958
vn 0.97898 -0.0015 0.20397
vn 0.74441 -0.02823 0.66713
vn 0.94349 -0.00548 0.33135
vn 0.70202 0.00294 0.71215
vn 0.96354 -0.01089 0.26734
vn 0.96639 -0.00019 0.2571
vn 0.6957 0.00176 0.71833
vn 0.69449 0.01521 0.71934
vn 0.94617 -0.01767 0.32319
vn 0.99989 0.01027 -0.0111
vn 0.96681 -0.00698 0.25539
vn 0.70809 -0.02352 0.70573
vn 0.96692 -0.00016 0.25506
vn 0.70843 0.0036 0.70578
vn 0.97285 0.01138 0.23116
vn 0.69804 0.02628 0.71558
vn 0.96841 -0.02425 0.24817
vn 0.74482 -0.02081 0.66694
vn 0.97788 -0.02373 0.2078
vn 0.68324 0.02186 0.72987
vn 0.8919 -0.3656 -0.26618
vn 0.97585 0.05227 -0.2121
vn 0.91196 0.05413 -0.40669
vn 0.83349 -0.15117 -0.53145
vn 0.99669 0.03172 -0.07484
vn 0.9238 -0.37581 -0.07323
vn 0.66879 0.00358 0.74344
vn 0.69157 0.00947 0.72224
vn 0.72121 -0.0285 0.69213
vn 0.77065 -0.03038 0.63653
vn 0.67417 -0.01431 0.73844
vn 0.72485 -0.00031 0.68891
vn 0.74414 0.02221 0.66766
vn 0.80913 -0.54569 0.218
vn 0.7462 -0.16762 0.64427
vn 0.72723 -0.02769 0.68584
vn 0.73795 0.00571 0.67483
vn 0.73383 0.03168 0.6786
vn 0.73377 -0.0167 0.67919
vn 0.71662 0.03311 0.69667
vn 0.70162 -0.02279 0.71219
vn 0.81173 -0.58066 -0.0627
vn 0.77265 -0.58112 -0.25556
vn 0.6248 -0.47047 -0.62312
vn 0.99704 0.00445 -0.07673
vn 0.99733 0.00564 -0.07287
vn 0.99819 0.00056 -0.06022
vn 0.99778 -0.01027 -0.06577
vn 0.99665 0.00448 -0.08169
vn 0.99639 -0.00606 -0.08463
vn 0.99575 0.00163 -0.09212
vn 0.99526 0.00425 -0.09721
vn 0.99591 -0.01963 -0.0882
vn 0.99743 -0.00185 -0.07162
vn 0.99766 0.00686 -0.0681
vn 0.99786 -0.00621 -0.06503
vn 0.99778 0.00156 -0.06654
vn 0.99202 -0.09297 -0.08515
vn 0.98502 -0.01196 -0.17204
vn 0.98643 -0.0068 -0.16403
vn 0.98439 0.00571 -0.17589
vn 0.98386 -0.00488 -0.17889
vn 0.98651 0.00237 -0.1637
vn 0.98682 -0.00142 -0.16184
vn 0.98 -0.0841 -0.18036
vn 0.98668 0.00098 -0.16266
vn 0.98596 -0.00624 -0.16684
vn 0.98704 0.00032 -0.16047
vn 0.98722 0.0021 -0.15934
vn 0.98707 -0.00014 -0.16032
vn 0.98675 0.00655 -0.16214
vn 0.98539 0.00603 -0.17019
vn 0.57229 -0.09101 -0.81499
vn 0.57132 -0.0016 -0.82073
vn 0.6198 -0.02503 -0.78436
vn 0.59158 0.00531 -0.80623
vn 0.61612 -0.01107 -0.78757
vn 0.62886 -0.00033 -0.77752
vn 0.6479 -0.02229 -0.7614
vn 0.64703 -0.02091 -0.76217
vn 0.62602 -0.00487 -0.77979
vn 0.65846 -0.0214 -0.75231
vn 0.58034 -0.01753 -0.81419
vn 0.6709 -0.01092 -0.74146
vn 0.59745 -0.0127 -0.8018
vn 0.58321 0.01938 -0.81209
vn 0.60363 -0.0159 -0.79711
vn 0.59044 -0.01925 -0.80685
vn 0.63731 -0.0642 -0.76793
vn 0.66594 -0.05317 -0.74411
vn 0.61717 -0.01812 -0.78662
vn 0.68246 -0.02758 -0.7304
vn 0.62146 0.00033 -0.78344
vn 0.57713 -0.01429 -0.81653
vn 0.57761 -0.02309 -0.81599
vn 0.57916 0.0189 -0.81499
vn 0.58459 0.01377 -0.81121
vn 0.66325 -0.05761 -0.74617
vn 0.59063 -0.00895 -0.8069
vn 0.60286 -0.03889 -0.7969
vn 0.81465 -0.08424 -0.57381
vn 0.81583 -0.09268 -0.57081
vn 0.79416 -0.01215 -0.60759
vn 0.79048 -0.011 -0.61239
vn 0.81471 -0.06645 -0.57604
vn 0.80502 -0.00297 -0.59323
vn 0.81385 -0.03276 -0.58015
vn 0.81384 0.00547 -0.58106
vn 0.84061 0.00951 -0.54156
vn 0.8266 -0.01172 -0.56267
vn 0.81341 -0.00028 -0.58168
vn 0.81305 -0.03778 -0.58096
vn 0.83592 0.03552 -0.54771
vn 0.814 0.01255 -0.58073
vn 0.80914 0.0108 -0.58752
vn 0.79968 0.00297 -0.60042
vn 0.73847 0.00057 -0.67428
vn 0.735 -0.03374 -0.67723
vn 0.7187 0.00058 -0.69532
vn 0.71914 0.00666 -0.69483
vn 0.73148 0.00367 -0.68185
vn 0.71074 0.00015 -0.70345
vn 0.72372 -0.00499 -0.69008
vn 0.71602 0.01319 -0.69796
vn 0.71551 -0.01371 -0.69847
vn 0.72318 -0.06659 -0.68744
vn 0.71341 -0.01415 -0.7006
vn 0.71248 -0.07108 -0.69808
vn 0.7148 -0.00374 -0.69932
vn 0.69915 -0.0469 -0.71344
vn 0.7148 0.00833 -0.69928
vn 0.69202 -0.02746 -0.72136
vn 0.52498 0.00023 -0.85112
vn 0.51975 -0.00697 -0.85429
vn 0.54743 -0.0262 -0.83644
vn 0.54784 -0.01722 -0.83641
vn 0.52948 0.00392 -0.84832
vn 0.53972 -0.01398 -0.84173
vn 0.55381 -0.03464 -0.83192
vn 0.52817 -0.01508 -0.84901
vn 0.52972 -0.00051 -0.84818
vn 0.5408 -0.00536 -0.84113
vn 0.52341 -0.02345 -0.85176
vn 0.54108 -0.01222 -0.84088
vn 0.53333 -0.02023 -0.84566
vn 0.55649 -0.04672 -0.82954
vn 0.52198 -0.01752 -0.85278
vn 0.54795 -0.04385 -0.83536
vn 0.29875 -0.04897 -0.95307
vn 0.29308 -0.0324 -0.95554
vn 0.25774 -0.01596 -0.96608
vn 0.26466 -0.02904 -0.9639
vn 0.29863 -0.00962 -0.95432
vn 0.25351 -0.01095 -0.96727
vn 0.30172 0.0026 -0.95339
vn 0.25183 -0.01221 -0.96769
vn 0.27852 -0.02582 -0.96008
vn 0.29078 -0.04638 -0.95567
vn 0.25339 -0.02278 -0.9671
vn 0.24602 -0.0132 -0.96918
vn 0.27646 -0.00955 -0.96098
vn 0.25509 -0.03196 -0.96639
vn 0.27457 -0.01518 -0.96145
vn 0.27016 -0.02882 -0.96238
vn 0.9788 0.05746 -0.19661
vn 0.91017 0.05036 -0.41115
vn 0.51779 -0.0171 -0.85534
vn 0.24799 -0.02469 -0.96845
vn 0.69928 -7E-05 -0.71485
vn 0.99946 0.02476 0.02159
vn 0.99789 0.04331 -0.04841
vn 0.81888 0.02922 -0.57321
vn 0.34336 -0.20697 0.91611
vn 0.49905 -0.08595 0.8623
vn 0.93187 -0.00418 0.36276
vn 0.98071 0.02386 -0.19399
vn 0.91189 0.02857 -0.40944
vn 0.99933 0.00937 -0.03533
vn 0.08912 -0.35574 0.93033
vn 0.17038 -0.2973 0.93946
vn 0.0284 -0.3556 0.93421
vn 0.81676 0.02081 -0.5766
vn 0.23425 -0.18128 0.95513
vn 0.69352 0.00359 -0.72042
vn 0.28577 -0.08128 0.95484
vn 0.51758 -0.00489 -0.85562
vn 0.47933 -0.02795 0.87719
vn 0.2502 -0.00764 -0.96816
vn 0.92845 -0.0246 0.37063
vn 0.99874 -0.0074 0.04967
vn 0.0645 -0.97697 0.2034
vn 0.10457 -0.82586 0.5541
vn 0.19751 -0.83423 0.51483
vn 0.07221 -0.98729 0.14155
vn 0.34109 -0.82215 0.45576
vn 0.08959 -0.99259 0.08213
vn 0.41946 -0.81183 0.40619
vn 0.08275 -0.99003 0.11401
vn 0.7307 -0.00671 0.68266
vn 0.76189 0.01243 0.64759
vn 0.79526 0.20208 0.5716
vn 0.79736 0.05582 0.60092
vn 0.57482 -0.13151 0.80764
vn 0.77474 -0.07586 0.62771
vn 0.77144 0.10905 0.62689
vn 0.57005 0.11656 0.8133
vn 0.5422 -0.0215 -0.83997
vn 0.29358 0.00347 -0.95593
vn 0.27866 0.02939 -0.95994
vn 0.53118 0.00461 -0.84725
vn 0.97944 0.05798 -0.19321
vn 0.69022 0.0357 -0.72272
vn 0.75185 0.20361 -0.62711
vn 0.93142 0.308 -0.19388
vn 0.89601 -0.0137 0.44383
vn 0.89247 0.09401 0.44121
vn 0.97546 0.03486 0.21738
vn 0.95832 0.04681 0.28183
vn 0.99652 0.04812 -0.06809
vn 0.94719 0.32065 0.00364
vn 0.69671 -0.01285 -0.71724
vn 0.7401 0.04182 -0.67119
vn 0.69004 -0.03008 -0.72314
vn 0.68648 -0.00734 -0.72712
vn 0.81571 -0.02912 -0.57773
vn 0.81699 -0.00944 -0.57658
vn 0.17389 -0.22877 0.95782
vn 0.17583 0.12159 0.97688
vn 0.36973 -0.18317 0.9109
vn 0.37223 0.11754 0.92067
vn 0.36219 0.20815 0.90856
vn 0.16078 0.21623 0.96301
vn 0.79944 0.19347 -0.56874
vn 0.80219 0.24182 -0.5459
vn 0.55418 0.20562 0.8066
vn 0.66127 0.20168 -0.72253
vn 0.88498 0.23415 0.40247
vn 0.93436 0.18002 0.30752
vn 0.75219 0.19416 0.62969
vn 0.50271 0.2154 -0.83719
vn 0.85125 0.40451 0.33427
vn 0.87274 0.18658 0.45112
vn 0.25486 0.23495 -0.938
vn 0.8645 0.50223 0.01981
vn 0.85542 0.48954 -0.16912
vn 0.79811 0.38971 -0.45951
vn 0.77117 0.63655 -0.00999
vn 0.7978 0.58841 0.13147
vn 0.2284 0.45264 -0.86195
vn 0.75426 0.64169 -0.13902
vn 0.83131 0.48968 0.26296
vn 0.77486 0.48298 0.40782
vn 0.75796 0.5741 -0.30968
vn 0.13687 0.53076 0.8364
vn 0.76636 0.48866 -0.41701
vn 0.31583 0.49797 0.80764
vn 0.72057 0.4572 -0.5213
vn 0.48306 0.49814 0.72008
vn 0.59106 0.45255 -0.66772
vn 0.82456 0.52189 0.21848
vn 0.66061 0.49378 0.56549
vn 0.45101 0.45396 -0.76845
vn 0.01723 0.99981 -0.00867
vn 0.01579 0.99985 -0.00708
vn 0.0072 0.99987 0.01434
vn 0.02259 0.99965 -0.01377
vn 0.0126 0.99974 0.01899
vn 0.02233 0.99958 -0.01857
vn 0.02013 0.99959 0.02045
vn 0.01917 0.99955 -0.0229
vn 0.01728 0.99985 -0.00312
vn 0.01754 0.99985 -0.00095
vn 0.02505 0.99959 0.01387
vn 0.01848 0.99937 -0.0303
vn 0.01591 0.99986 -0.00453
vn 0.02159 0.99975 0.00503
vn 0.01299 0.99911 -0.04022
vn 0.01594 0.99986 -0.00579
vn 0.51423 0.00014 -0.85765
vn 0.24995 -0.00183 -0.96826
vn 0.53543 0.06892 0.84176
vn 0.9212 -0.01798 0.38866
vn 0.99482 -0.01684 0.10025
vn 0.99999 -0.00222 -0.00433
vn 0.21139 0.14938 0.96592
vn 0.30246 0.13177 0.94401
vn 0.98577 0.01174 -0.16767
vn 0.92023 0.01898 -0.39092
vn 0.09703 0.13127 0.98659
vn 0.15281 0.14106 0.97814
vn 0.05122 0.12493 0.99084
vn 0.82204 0.01913 -0.56911
vn 0.68959 0.01051 -0.72413
vn 0.10743 0.33715 0.9353
vn 0.16173 0.32447 0.93197
vn 0.91297 0.04258 0.4058
vn 0.98631 0.01862 0.16386
vn 0.99856 0.02695 0.04639
vn 0.99312 0.0409 -0.10969
vn 0.05538 0.3404 0.93865
vn 0.93674 0.04877 -0.3466
vn 0.83622 0.05097 -0.54602
vn 0.2348 0.29624 0.9258
vn 0.68792 0.04523 -0.72438
vn 0.50924 0.03849 -0.85976
vn 0.37821 0.24293 0.89328
vn 0.61571 0.1587 0.77182
vn 0.25184 0.04307 -0.96681
vn 0.44987 0.30521 0.83932
vn 0.67794 0.22283 0.70053
vn 0.51255 0.0665 -0.85608
vn 0.26444 0.08563 -0.96059
vn 0.91411 0.10526 0.39156
vn 0.97638 0.06386 0.20639
vn 0.99457 0.05494 0.08838
vn 0.2785 0.35771 0.89134
vn 0.99703 0.05181 -0.05698
vn 0.95246 0.04868 -0.30075
vn 0.11654 0.39511 0.91121
vn 0.18642 0.38352 0.90452
vn 0.05576 0.39883 0.91533
vn 0.85265 0.0517 -0.51993
vn 0.68966 0.05743 -0.72186
vn 0.96323 -0.02234 -0.26773
vn 0.87106 -0.01529 -0.49095
vn 0.33807 0.37398 0.86363
vn 0.52887 0.29385 0.79621
vn 0.20841 0.41947 0.88352
vn 0.27935 0.0368 -0.95948
vn 0.05666 0.4394 0.8965
vn 0.1262 0.43322 0.89241
vn 0.99924 -0.00446 -0.03873
vn 0.99479 0.02418 0.09909
vn 0.52276 0.02745 -0.85204
vn 0.92641 0.07979 0.36797
vn 0.97524 0.04797 0.21589
vn 0.74861 0.18527 0.6366
vn 0.7047 0.01072 -0.70943
vn 0.14306 0.3064 0.94109
vn 0.2424 0.26413 0.93353
vn 0.92609 -0.09338 0.36556
vn 0.97002 -0.0918 0.22503
vn 0.06684 0.32289 0.94407
vn 0.5191 -0.09685 -0.84921
vn 0.27323 -0.11839 -0.95464
vn 0.99135 -0.09892 0.08625
vn 0.72064 -0.09339 -0.68699
vn 0.41846 0.17451 0.89131
vn 0.6149 0.07377 0.78515
vn 0.87858 -0.10747 -0.46534
vn 0.96053 -0.11769 -0.25207
vn 0.80337 -0.02966 0.59475
vn 0.99164 -0.11929 -0.04912
vn 0.8085 -0.43098 -0.40072
vn 0.65254 -0.45019 -0.60953
vn 0.45632 -0.50086 -0.73546
vn 0.23169 -0.55533 -0.7987
vn 0.86731 -0.49193 0.07609
vn 0.87265 -0.48607 -0.04719
vn 0.3682 -0.45952 0.80825
vn 0.54402 -0.47673 0.69049
vn 0.86636 -0.45658 -0.20237
vn 0.84683 -0.4873 0.2131
vn 0.71312 -0.48935 0.50198
vn 0.81176 -0.48298 0.3283
vn 0.22612 -0.42951 0.8743
vn 0.06177 -0.41296 0.90865
vn 0.1402 -0.38628 0.91167
vn 0.00685 -0.99759 0.069
vn 0.00662 -0.99866 0.05127
vn 0.00753 -0.99902 0.04358
vn -0.00832 -0.99692 0.07804
vn -0.0002 -0.99674 0.08074
vn -0.01739 -0.99727 0.0717
vn -0.01368 -0.99732 0.07193
vn 0.03091 -0.9994 -0.01584
vn 0.02045 -0.99932 -0.03067
vn 0.01371 -0.99908 0.04059
vn 0.03533 -0.99936 0.00585
vn -0.00135 -0.99966 -0.02595
vn 0.02057 -0.99914 0.03587
vn 0.02671 -0.99921 0.02932
vn 0.03413 -0.99921 0.02038
vt 0.97974 0.56945
vt 0.98954 0.55118
vt 0.95454 0.55342
vt 0.95434 0.56766
vt 0.91017 0.55109
vt 0.87458 0.55407
vt 0.8792 0.57036
vt 0.91172 0.56646
vt 0.84473 0.56641
vt 0.84952 0.57951
vt 0.88682 0.59193
vt 0.91554 0.58912
vt 0.97318 0.59285
vt 0.95162 0.58944
vt 0.85922 0.60216
vt 0.9207 0.61435
vt 0.95151 0.61336
vt 0.89565 0.61737
vt 0.9711 0.61634
vt 0.87017 0.62576
vt 0.90048 0.63881
vt 0.87893 0.64575
vt 0.94668 0.63567
vt 0.92241 0.63528
vt 0.88892 0.67277
vt 0.90245 0.66798
vt 0.92182 0.66538
vt 0.94171 0.66375
vt 0.96287 0.66428
vt 0.96892 0.64052
vt 0.91206 0.75442
vt 0.91528 0.77151
vt 0.93425 0.76892
vt 0.92857 0.75313
vt 0.89965 0.75474
vt 0.89894 0.77136
vt 0.95352 0.76753
vt 0.94959 0.75191
vt 0.89912 0.73692
vt 0.91093 0.7357
vt 0.92594 0.73385
vt 0.94698 0.73235
vt 0.89682 0.71147
vt 0.90992 0.7114
vt 0.9261 0.70923
vt 0.94611 0.70793
vt 0.90828 0.68948
vt 0.92644 0.68865
vt 0.89407 0.69287
vt 0.94476 0.68807
vt 0.57006 0.95408
vt 0.58695 0.94543
vt 0.58974 0.93812
vt 0.57017 0.94185
vt 0.59464 0.9542
vt 0.60427 0.95469
vt 0.58814 0.97279
vt 0.59524 0.9787
vt 0.56413 0.97443
vt 0.6061 0.90117
vt 0.57321 0.88606
vt 0.55933 0.90545
vt 0.59298 0.92267
vt 0.64196 0.92988
vt 0.62225 0.9438
vt 0.66202 0.96098
vt 0.63982 0.96971
vt 0.67399 0.99165
vt 0.64906 0.99657
vt 0.59094 0.93013
vt 0.61291 0.94906
vt 0.56235 0.99741
vt 0.59698 0.9972
vt 0.58314 0.96343
vt 0.56967 0.96131
vt 0.58686 0.95449
vt 0.58342 0.95069
vt 0.55291 0.92399
vt 0.96205 0.68816
vt 0.96335 0.70693
vt 0.96575 0.73064
vt 0.96696 0.75078
vt 0.9711 0.76712
vt 0.55277 0.9478
vt 0.55823 0.95988
vt 0.63032 0.9747
vt 0.63485 0.99723
vt 0.62177 0.99743
vt 0.61699 0.97581
vt 0.9875 0.94369
vt 0.99582 0.94504
vt 0.99667 0.92402
vt 0.988 0.92391
vt 0.98853 0.98041
vt 0.99574 0.98181
vt 0.99561 0.96393
vt 0.98806 0.96281
vt 0.99478 0.90778
vt 0.98833 0.99741
vt 0.99654 0.99735
vt 0.96655 0.92049
vt 0.96048 0.92174
vt 0.96189 0.94272
vt 0.96877 0.94196
vt 0.96922 0.96207
vt 0.96237 0.9616
vt 0.96038 0.97937
vt 0.96751 0.97982
vt 0.95758 0.99469
vt 0.96411 0.99671
vt 0.95755 0.90565
vt 0.79279 0.93711
vt 0.78072 0.94078
vt 0.78563 0.96029
vt 0.79953 0.9549
vt 0.80427 0.97151
vt 0.79054 0.97742
vt 0.79566 0.99388
vt 0.80971 0.9898
vt 0.7566 0.89067
vt 0.76304 0.90721
vt 0.77473 0.92004
vt 0.78343 0.90878
vt 0.75247 0.96067
vt 0.77157 0.9624
vt 0.76704 0.94381
vt 0.75031 0.943
vt 0.74837 0.99276
vt 0.77124 0.99695
vt 0.77235 0.97999
vt 0.75109 0.97839
vt 0.76201 0.92467
vt 0.74798 0.92173
vt 0.52918 0.69765
vt 0.54641 0.69538
vt 0.5434 0.67369
vt 0.52581 0.67705
vt 0.53843 0.65465
vt 0.52423 0.66037
vt 0.56111 0.65801
vt 0.56264 0.67004
vt 0.56511 0.69288
vt 0.51101 0.68142
vt 0.51217 0.66497
vt 0.51042 0.70162
vt 0.48342 0.68248
vt 0.48998 0.65741
vt 0.4808 0.70623
vt 0.46262 0.68369
vt 0.45472 0.66036
vt 0.45917 0.70597
vt 0.45979 0.73088
vt 0.42909 0.73105
vt 0.42911 0.707
vt 0.4293 0.68539
vt 0.43032 0.66255
vt 0.46609 0.4417
vt 0.50902 0.43661
vt 0.50887 0.41605
vt 0.46528 0.42266
vt 0.45812 0.5515
vt 0.4902 0.55202
vt 0.49803 0.52848
vt 0.46179 0.52911
vt 0.45214 0.6458
vt 0.47736 0.64267
vt 0.47242 0.61967
vt 0.45378 0.6199
vt 0.50235 0.40022
vt 0.46334 0.40218
vt 0.45481 0.57876
vt 0.48469 0.57549
vt 0.4645 0.48454
vt 0.50698 0.48
vt 0.50827 0.46088
vt 0.46523 0.46411
vt 0.46301 0.50684
vt 0.50496 0.50435
vt 0.45405 0.59915
vt 0.47833 0.59943
vt 0.42797 0.64205
vt 0.42748 0.54899
vt 0.42543 0.52401
vt 0.42119 0.42317
vt 0.42089 0.40605
vt 0.42627 0.61746
vt 0.42446 0.48383
vt 0.42429 0.46508
vt 0.42554 0.57302
vt 0.42528 0.50388
vt 0.42272 0.44347
vt 0.42487 0.59464
vt 0.23647 0.44975
vt 0.25181 0.44988
vt 0.25223 0.42978
vt 0.23636 0.42495
vt 0.2359 0.64407
vt 0.24918 0.64618
vt 0.24891 0.62305
vt 0.23709 0.62582
vt 0.23056 0.70224
vt 0.24692 0.7037
vt 0.24853 0.68907
vt 0.23636 0.68975
vt 0.25341 0.41327
vt 0.23785 0.41231
vt 0.23648 0.66483
vt 0.2491 0.66455
vt 0.23645 0.50588
vt 0.25018 0.50464
vt 0.2508 0.48983
vt 0.23614 0.48818
vt 0.23117 0.73414
vt 0.24711 0.7341
vt 0.23605 0.52997
vt 0.24927 0.52877
vt 0.23566 0.55581
vt 0.2485 0.55404
vt 0.23575 0.58049
vt 0.24905 0.57903
vt 0.25063 0.47382
vt 0.23659 0.47206
vt 0.23614 0.59932
vt 0.24949 0.59592
vt 0.1684 0.72795
vt 0.19163 0.73198
vt 0.19188 0.70038
vt 0.17011 0.69402
vt 0.20942 0.73151
vt 0.20979 0.70195
vt 0.96658 0.48437
vt 0.9951 0.49235
vt 0.99415 0.47453
vt 0.96713 0.47386
vt 0.96639 0.27668
vt 0.99274 0.27706
vt 0.99364 0.26439
vt 0.96694 0.26579
vt 0.96678 0.50022
vt 0.99433 0.51262
vt 0.96666 0.35596
vt 0.99232 0.35693
vt 0.9921 0.33954
vt 0.96668 0.33633
vt 0.96644 0.52021
vt 0.99221 0.55038
vt 0.99432 0.53704
vt 0.96782 0.51305
vt 0.967 0.37858
vt 0.99217 0.3806
vt 0.96625 0.40541
vt 0.992 0.40597
vt 0.96667 0.43075
vt 0.99233 0.43021
vt 0.99247 0.32364
vt 0.96721 0.31687
vt 0.9666 0.45026
vt 0.99314 0.44862
vt 0.99257 0.30163
vt 0.96801 0.30216
vt 0.85065 0.97747
vt 0.81493 0.97668
vt 0.81493 0.99692
vt 0.85399 0.98991
vt 0.85027 0.96058
vt 0.81525 0.95915
vt 0.85213 0.94554
vt 0.81539 0.93712
vt 0.20629 0.6184
vt 0.2218 0.62082
vt 0.22087 0.60127
vt 0.20648 0.60049
vt 0.20662 0.4837
vt 0.22089 0.48724
vt 0.22252 0.47256
vt 0.20754 0.46586
vt 0.20734 0.64071
vt 0.22297 0.64445
vt 0.22185 0.44698
vt 0.20684 0.44913
vt 0.20649 0.65161
vt 0.22266 0.655
vt 0.22224 0.43607
vt 0.20723 0.43315
vt 0.20741 0.66803
vt 0.22288 0.67091
vt 0.2077 0.52457
vt 0.22203 0.52639
vt 0.22061 0.50675
vt 0.2066 0.50406
vt 0.20679 0.54629
vt 0.22076 0.54902
vt 0.20631 0.57357
vt 0.21941 0.5759
vt 0.20727 0.68045
vt 0.22144 0.68376
vt 0.19054 0.66649
vt 0.19095 0.65216
vt 0.1906 0.52469
vt 0.18984 0.50389
vt 0.1891 0.54627
vt 0.18808 0.57291
vt 0.18964 0.67948
vt 0.18886 0.59997
vt 0.18925 0.48348
vt 0.19132 0.61834
vt 0.1905 0.46508
vt 0.19109 0.63948
vt 0.19015 0.44597
vt 0.18975 0.43341
vt 0.17405 0.67908
vt 0.17572 0.66625
vt 0.17366 0.59946
vt 0.17226 0.5723
vt 0.17244 0.50227
vt 0.1738 0.48309
vt 0.17563 0.6171
vt 0.17524 0.46362
vt 0.17624 0.63996
vt 0.17505 0.44617
vt 0.17536 0.65168
vt 0.17487 0.4329
vt 0.17335 0.52351
vt 0.17406 0.54583
vt 0.21834 0.69038
vt 0.20606 0.69448
vt 0.18914 0.69408
vt 0.17468 0.68947
vt 0.84768 0.47538
vt 0.88039 0.48273
vt 0.8803 0.45992
vt 0.849 0.45652
vt 0.84858 0.31261
vt 0.88106 0.30666
vt 0.8809 0.28925
vt 0.84996 0.29245
vt 0.84636 0.49388
vt 0.87986 0.49445
vt 0.8806 0.27602
vt 0.85043 0.27522
vt 0.84614 0.51618
vt 0.87944 0.50899
vt 0.84747 0.36709
vt 0.87907 0.36643
vt 0.87858 0.34523
vt 0.84664 0.34696
vt 0.84658 0.39006
vt 0.88003 0.38868
vt 0.84637 0.41734
vt 0.87878 0.41512
vt 0.84536 0.53244
vt 0.87815 0.52183
vt 0.84768 0.44195
vt 0.87935 0.44224
vt 0.88014 0.32611
vt 0.84833 0.3304
vt 0.84719 0.55546
vt 0.87679 0.53213
vt 0.13573 0.46833
vt 0.16764 0.46527
vt 0.16646 0.44747
vt 0.13764 0.4472
vt 0.13551 0.61299
vt 0.16604 0.61262
vt 0.16692 0.59356
vt 0.13438 0.59423
vt 0.1666 0.42751
vt 0.13691 0.42839
vt 0.13397 0.6308
vt 0.16536 0.63151
vt 0.16641 0.41074
vt 0.13598 0.41031
vt 0.1342 0.64758
vt 0.16577 0.65431
vt 0.13583 0.69187
vt 0.1648 0.67095
vt 0.13542 0.66852
vt 0.13409 0.5056
vt 0.16735 0.50248
vt 0.16606 0.48205
vt 0.13587 0.48561
vt 0.13473 0.72421
vt 0.13459 0.52575
vt 0.16641 0.52587
vt 0.13373 0.55113
vt 0.16547 0.55371
vt 0.13271 0.5782
vt 0.16625 0.57879
vt 0.10608 0.50496
vt 0.10652 0.4876
vt 0.10748 0.69207
vt 0.10699 0.66827
vt 0.10554 0.52328
vt 0.10948 0.72023
vt 0.1056 0.55067
vt 0.10477 0.64582
vt 0.10484 0.57527
vt 0.10798 0.46647
vt 0.10308 0.59313
vt 0.10901 0.44785
vt 0.10394 0.61073
vt 0.11035 0.43003
vt 0.10471 0.62949
vt 0.11209 0.40765
vt 0.07177 0.62981
vt 0.07228 0.61058
vt 0.07626 0.42624
vt 0.07755 0.40544
vt 0.07268 0.64482
vt 0.07595 0.50236
vt 0.0752 0.48519
vt 0.07489 0.68991
vt 0.07352 0.66624
vt 0.0751 0.52327
vt 0.07676 0.72147
vt 0.07426 0.54635
vt 0.07293 0.57063
vt 0.07506 0.46306
vt 0.07333 0.58957
vt 0.07444 0.44277
vt 0.04141 0.46218
vt 0.04215 0.44326
vt 0.03891 0.61026
vt 0.03806 0.5884
vt 0.04419 0.42312
vt 0.03981 0.62935
vt 0.04694 0.40357
vt 0.04036 0.64558
vt 0.0397 0.50201
vt 0.04183 0.48032
vt 0.04154 0.68864
vt 0.04128 0.66387
vt 0.03917 0.52543
vt 0.04122 0.71732
vt 0.03884 0.54709
vt 0.03903 0.57158
vt 0.00254 0.56972
vt 0.00257 0.54496
vt 0.00295 0.47315
vt 0.00308 0.45657
vt 0.0026 0.59046
vt 0.00344 0.43611
vt 0.00262 0.61072
vt 0.00417 0.41511
vt 0.00259 0.63175
vt 0.00517 0.39603
vt 0.00258 0.64476
vt 0.00286 0.4947
vt 0.0026 0.69393
vt 0.00257 0.66734
vt 0.00271 0.5197
vt 0.00271 0.71768
vt 0.19304 0.74612
vt 0.16942 0.74499
vt 0.07762 0.74282
vt 0.03996 0.74269
vt 0.10875 0.74211
vt 0.23076 0.75099
vt 0.20873 0.74764
vt 0.13537 0.74356
vt 0.45876 0.74472
vt 0.42822 0.74623
vt 0.00286 0.74279
vt 0.24565 0.75076
vt 0.49038 0.74156
vt 0.19124 0.76704
vt 0.1692 0.76503
vt 0.20806 0.76747
vt 0.52307 0.76115
vt 0.52921 0.73655
vt 0.51161 0.73922
vt 0.50906 0.75928
vt 0.55836 0.76479
vt 0.56164 0.73913
vt 0.54703 0.73714
vt 0.54143 0.76312
vt 0.13782 0.76557
vt 0.48781 0.76169
vt 0.11092 0.76562
vt 0.45558 0.76269
vt 0.07723 0.76466
vt 0.4269 0.76019
vt 0.041 0.76564
vt 0.24527 0.76634
vt 0.23013 0.76785
vt 0.00296 0.76778
vt 0.25931 0.76785
vt 0.26013 0.75354
vt 0.26071 0.73793
vt 0.25961 0.62173
vt 0.25991 0.59842
vt 0.26622 0.46789
vt 0.26698 0.44606
vt 0.26092 0.57648
vt 0.26415 0.48662
vt 0.26366 0.55223
vt 0.26299 0.52697
vt 0.26367 0.50675
vt 0.26076 0.71331
vt 0.26162 0.69117
vt 0.26356 0.66786
vt 0.26108 0.64688
vt 0.26676 0.42541
vt 0.26831 0.40789
vt 0.40618 0.75885
vt 0.39366 0.77409
vt 0.40842 0.78196
vt 0.41645 0.76749
vt 0.39583 0.75016
vt 0.38219 0.76736
vt 0.37131 0.79195
vt 0.38689 0.79716
vt 0.36099 0.8261
vt 0.37691 0.82807
vt 0.36113 0.86471
vt 0.38161 0.8544
vt 0.4083 0.80123
vt 0.41368 0.81985
vt 0.41698 0.83719
vt 0.39322 0.86752
vt 0.37399 0.90488
vt 0.97023 0.23254
vt 0.96735 0.25076
vt 0.99295 0.25097
vt 0.99441 0.23302
vt 0.30984 0.36629
vt 0.30994 0.38314
vt 0.34748 0.37741
vt 0.34639 0.35926
vt 0.04795 0.37093
vt 0.04772 0.3887
vt 0.0788 0.39106
vt 0.0788 0.37209
vt 0.17308 0.40035
vt 0.17388 0.41938
vt 0.1905 0.41915
vt 0.19249 0.40172
vt 0.2731 0.37523
vt 0.27078 0.39309
vt 0.23855 0.38112
vt 0.2369 0.39894
vt 0.25309 0.39803
vt 0.25429 0.37956
vt 0.21089 0.40196
vt 0.20622 0.41824
vt 0.22297 0.42103
vt 0.22234 0.40259
vt 0.85193 0.23823
vt 0.85107 0.26089
vt 0.87986 0.26251
vt 0.87647 0.24378
vt 0.11127 0.39307
vt 0.11242 0.37234
vt 0.13519 0.37329
vt 0.136 0.39502
vt 0.16713 0.39686
vt 0.16756 0.37529
vt 0.41091 0.34478
vt 0.41416 0.36314
vt 0.43744 0.35804
vt 0.43253 0.33966
vt 0.00759 0.36532
vt 0.00624 0.38068
vt 0.38427 0.35195
vt 0.38587 0.37024
vt 0.3502 0.39137
vt 0.38752 0.38532
vt 0.41582 0.37816
vt 0.4399 0.37524
vt 0.31013 0.39468
vt 0.37894 0.32815
vt 0.4043 0.3201
vt 0.13666 0.35423
vt 0.16336 0.35634
vt 0.34414 0.33728
vt 0.11198 0.35427
vt 0.23632 0.3582
vt 0.25588 0.35476
vt 0.30783 0.34402
vt 0.07942 0.35378
vt 0.98135 0.2069
vt 0.9949 0.20988
vt 0.27308 0.35041
vt 0.04882 0.35129
vt 0.20716 0.3717
vt 0.22179 0.37455
vt 0.00979 0.34658
vt 0.1905 0.3714
vt 0.17416 0.37269
vt 0.425 0.3145
vt 0.84616 0.21899
vt 0.86875 0.21723
vt 0.20872 0.32763
vt 0.21172 0.35404
vt 0.22372 0.35753
vt 0.2236 0.32796
vt 0.0143 0.32324
vt 0.05112 0.32825
vt 0.19241 0.32898
vt 0.19798 0.35367
vt 0.25347 0.3244
vt 0.27257 0.32363
vt 0.18111 0.33034
vt 0.18401 0.35698
vt 0.39541 0.2992
vt 0.41576 0.28992
vt 0.16276 0.33092
vt 0.3757 0.30735
vt 0.13379 0.33108
vt 0.33899 0.31349
vt 0.11078 0.33021
vt 0.23736 0.3267
vt 0.30571 0.321
vt 0.08306 0.33072
vt 0.1775 0.31397
vt 0.19238 0.31229
vt 0.38764 0.28285
vt 0.40779 0.27326
vt 0.15932 0.3162
vt 0.36788 0.29006
vt 0.13291 0.31657
vt 0.3392 0.29863
vt 0.11102 0.31677
vt 0.23485 0.30911
vt 0.25545 0.30776
vt 0.30162 0.30397
vt 0.08402 0.31609
vt 0.21949 0.31058
vt 0.27209 0.30767
vt 0.05402 0.31318
vt 0.20685 0.31198
vt 0.01814 0.30681
vt 0.00813 0.22644
vt 0.01497 0.24393
vt 0.02165 0.25774
vt 0.03948 0.2791
vt 0.06881 0.29984
vt 0.09575 0.30793
vt 0.11487 0.30939
vt 0.13506 0.30715
vt 0.10367 0.07288
vt 0.07002 0.08205
vt 0.0456 0.09795
vt 0.02726 0.11684
vt 0.01512 0.13423
vt 0.00543 0.15755
vt 0.00324 0.17457
vt 0.00262 0.18836
vt 0.00256 0.20153
vt 0.00449 0.21292
vt 0.077 0.79364
vt 0.03992 0.79569
vt 0.2576 0.79217
vt 0.24496 0.79163
vt 0.00309 0.79532
vt 0.23062 0.79197
vt 0.20754 0.79313
vt 0.48498 0.78901
vt 0.45048 0.78791
vt 0.18985 0.79348
vt 0.16947 0.79422
vt 0.52243 0.79022
vt 0.50743 0.78965
vt 0.54001 0.7914
vt 0.13877 0.79423
vt 0.11144 0.79333
vt 0.5553 0.79444
vt 0.42395 0.78389
vt 0.52043 0.82863
vt 0.49746 0.82632
vt 0.24961 0.82719
vt 0.23699 0.82707
vt 0.21332 0.82803
vt 0.19516 0.82821
vt 0.53687 0.83002
vt 0.17422 0.82877
vt 0.14224 0.82862
vt 0.47409 0.82694
vt 0.11362 0.82775
vt 0.55325 0.83054
vt 0.07746 0.82842
vt 0.44778 0.82446
vt 0.42358 0.81918
vt 0.0383 0.83091
vt 0.26161 0.82796
vt 0.00339 0.83072
vt 0.44513 0.86639
vt 0.42138 0.86137
vt 0.07746 0.86681
vt 0.03866 0.87155
vt 0.26872 0.87049
vt 0.25707 0.86898
vt 0.00358 0.87183
vt 0.24068 0.86683
vt 0.21964 0.86747
vt 0.47338 0.86782
vt 0.19827 0.86691
vt 0.17954 0.8671
vt 0.51639 0.86934
vt 0.49527 0.86708
vt 0.53671 0.87063
vt 0.14652 0.86713
vt 0.11563 0.86574
vt 0.55133 0.87241
vt 0.18159 0.8954
vt 0.14718 0.89502
vt 0.47087 0.89979
vt 0.44417 0.89758
vt 0.49205 0.90144
vt 0.04037 0.90208
vt 0.00501 0.90717
vt 0.53453 0.90446
vt 0.51382 0.90274
vt 0.20356 0.89768
vt 0.22283 0.89818
vt 0.07811 0.90032
vt 0.26258 0.90216
vt 0.24371 0.90026
vt 0.42118 0.89333
vt 0.11653 0.89636
vt 0.27575 0.90251
vt 0.54959 0.90544
vt 0.51194 0.93544
vt 0.49178 0.93312
vt 0.26159 0.9329
vt 0.24327 0.93044
vt 0.53092 0.93747
vt 0.08009 0.92654
vt 0.04145 0.93165
vt 0.22346 0.92883
vt 0.11709 0.92367
vt 0.47048 0.93132
vt 0.44289 0.92883
vt 0.14888 0.92284
vt 0.18111 0.92384
vt 0.42089 0.92604
vt 0.20257 0.92611
vt 0.27822 0.93607
vt 0.00876 0.93828
vt 0.54638 0.94009
vt 0.15007 0.94681
vt 0.11868 0.94713
vt 0.08127 0.94995
vt 0.04504 0.95841
vt 0.22239 0.95222
vt 0.20144 0.95017
vt 0.46753 0.95222
vt 0.44122 0.95317
vt 0.01514 0.96711
vt 0.17915 0.94765
vt 0.23848 0.95528
vt 0.42085 0.9532
vt 0.27336 0.96315
vt 0.25848 0.95999
vt 0.49026 0.95415
vt 0.54234 0.96349
vt 0.52757 0.96043
vt 0.50991 0.95722
vt 0.44078 0.97979
vt 0.42195 0.98137
vt 0.26072 0.98886
vt 0.24872 0.98563
vt 0.48299 0.98591
vt 0.46312 0.98317
vt 0.53261 0.99675
vt 0.51213 0.99018
vt 0.49866 0.9879
vt 0.12621 0.97397
vt 0.0912 0.9785
vt 0.23704 0.98354
vt 0.15152 0.97322
vt 0.05569 0.98602
vt 0.21834 0.98029
vt 0.19783 0.97763
vt 0.0264 0.99672
vt 0.17678 0.97659
vt 0.38114 0.01047
vt 0.36994 0.00703
vt 0.35185 0.00316
vt 0.33158 0.00257
vt 0.31098 0.00597
vt 0.28617 0.01072
vt 0.26577 0.02474
vt 0.24459 0.05187
vt 0.2327 0.08506
vt 0.23143 0.11491
vt 0.43138 0.11491
vt 0.43179 0.09379
vt 0.42932 0.08055
vt 0.42507 0.06556
vt 0.41795 0.04711
vt 0.40716 0.02737
vt 0.39229 0.01556
vt 0.87806 0.77934
vt 0.84307 0.7771
vt 0.85286 0.79536
vt 0.87826 0.79358
vt 0.9534 0.79629
vt 0.95802 0.78001
vt 0.92243 0.77702
vt 0.92088 0.79239
vt 0.98787 0.79235
vt 0.98308 0.80545
vt 0.94578 0.81786
vt 0.91706 0.81505
vt 0.85942 0.81877
vt 0.88098 0.81536
vt 0.97337 0.8281
vt 0.91189 0.84027
vt 0.88108 0.83928
vt 0.93694 0.8433
vt 0.86149 0.84226
vt 0.96242 0.8517
vt 0.93211 0.86474
vt 0.95366 0.87169
vt 0.88591 0.86159
vt 0.91018 0.8612
vt 0.93013 0.89391
vt 0.94366 0.8987
vt 0.91076 0.89131
vt 0.86366 0.86644
vt 0.86971 0.8902
vt 0.89087 0.88967
vt 0.89831 0.99484
vt 0.91729 0.99743
vt 0.92051 0.98035
vt 0.90399 0.97905
vt 0.93363 0.99729
vt 0.93291 0.98067
vt 0.87905 0.99345
vt 0.88298 0.97783
vt 0.93345 0.96285
vt 0.92164 0.96163
vt 0.90663 0.95977
vt 0.88559 0.95828
vt 0.93575 0.9374
vt 0.92266 0.93733
vt 0.90648 0.93516
vt 0.88647 0.93385
vt 0.9243 0.91541
vt 0.90614 0.91458
vt 0.9385 0.9188
vt 0.88782 0.91399
vt 0.68385 0.91225
vt 0.69116 0.90946
vt 0.69982 0.89257
vt 0.68759 0.89267
vt 0.70042 0.92678
vt 0.69994 0.91715
vt 0.72443 0.91775
vt 0.71853 0.91065
vt 0.72017 0.88663
vt 0.65119 0.88183
vt 0.63179 0.89572
vt 0.6469 0.9286
vt 0.6684 0.91548
vt 0.67562 0.96447
vt 0.68954 0.94476
vt 0.70671 0.98452
vt 0.71544 0.96233
vt 0.73739 0.9965
vt 0.74231 0.97157
vt 0.69479 0.93542
vt 0.67586 0.91345
vt 0.74293 0.91948
vt 0.74315 0.88485
vt 0.70916 0.90565
vt 0.70705 0.89218
vt 0.70022 0.90937
vt 0.69643 0.90592
vt 0.66973 0.87542
vt 0.87053 0.91408
vt 0.86923 0.93285
vt 0.86682 0.95656
vt 0.86561 0.9767
vt 0.86147 0.99304
vt 0.69354 0.87528
vt 0.70562 0.88074
vt 0.72044 0.95282
vt 0.74297 0.95736
vt 0.74317 0.94428
vt 0.72155 0.9395
vt 0.98338 0.98094
vt 0.98253 0.95992
vt 0.97421 0.96127
vt 0.97472 0.98105
vt 0.98233 0.94103
vt 0.98246 0.92316
vt 0.97525 0.92454
vt 0.97478 0.94214
vt 0.98149 0.99718
vt 0.98326 0.9076
vt 0.97505 0.90755
vt 0.94798 0.94273
vt 0.94939 0.92174
vt 0.94332 0.92049
vt 0.9411 0.94196
vt 0.9495 0.97937
vt 0.94751 0.9616
vt 0.94065 0.96207
vt 0.94236 0.97982
vt 0.9523 0.99469
vt 0.94577 0.99671
vt 0.95233 0.90565
vt 0.48093 0.32552
vt 0.47602 0.34503
vt 0.48809 0.3487
vt 0.49483 0.33091
vt 0.49097 0.29193
vt 0.48584 0.30839
vt 0.49957 0.31431
vt 0.50501 0.29601
vt 0.47002 0.36577
vt 0.45833 0.37859
vt 0.45188 0.39513
vt 0.47872 0.37703
vt 0.46234 0.342
vt 0.46687 0.32341
vt 0.44777 0.32513
vt 0.44561 0.34281
vt 0.46765 0.30582
vt 0.46655 0.28886
vt 0.44368 0.29304
vt 0.44639 0.30741
vt 0.4573 0.36113
vt 0.44328 0.36407
vt 0.40254 0.72387
vt 0.40555 0.70219
vt 0.38832 0.69991
vt 0.38494 0.72051
vt 0.39757 0.74291
vt 0.38336 0.73719
vt 0.42025 0.73955
vt 0.42177 0.72752
vt 0.42425 0.70468
vt 0.37015 0.71615
vt 0.37131 0.73259
vt 0.36955 0.69595
vt 0.34256 0.71508
vt 0.34912 0.74015
vt 0.33993 0.69133
vt 0.32175 0.71387
vt 0.31386 0.73721
vt 0.3183 0.6916
vt 0.31892 0.66668
vt 0.28822 0.66651
vt 0.28825 0.69057
vt 0.28843 0.71218
vt 0.28946 0.73501
vt 0.36801 0.98151
vt 0.36816 0.96095
vt 0.32522 0.95586
vt 0.32441 0.9749
vt 0.35717 0.86908
vt 0.34933 0.84554
vt 0.31725 0.84607
vt 0.32092 0.86846
vt 0.33156 0.77789
vt 0.3365 0.75489
vt 0.31127 0.75177
vt 0.31292 0.77766
vt 0.36149 0.99734
vt 0.32248 0.99538
vt 0.34382 0.82208
vt 0.31394 0.81881
vt 0.36741 0.93668
vt 0.36612 0.91756
vt 0.32364 0.91303
vt 0.32437 0.93345
vt 0.36409 0.89322
vt 0.32214 0.89072
vt 0.33746 0.79813
vt 0.31319 0.79841
vt 0.28711 0.75551
vt 0.28661 0.84857
vt 0.28457 0.87355
vt 0.28033 0.97439
vt 0.28003 0.99152
vt 0.28541 0.7801
vt 0.28359 0.91373
vt 0.28343 0.93248
vt 0.28468 0.82454
vt 0.28441 0.89369
vt 0.28185 0.9541
vt 0.284 0.80293
vt 0.59058 0.322
vt 0.59101 0.3421
vt 0.60635 0.34197
vt 0.60645 0.31717
vt 0.59395 0.51527
vt 0.59368 0.5384
vt 0.60695 0.53629
vt 0.60576 0.51804
vt 0.59434 0.5813
vt 0.59595 0.59592
vt 0.61231 0.59446
vt 0.60651 0.58196
vt 0.5894 0.30549
vt 0.60496 0.30453
vt 0.59376 0.55677
vt 0.60639 0.55705
vt 0.59203 0.38205
vt 0.59265 0.39686
vt 0.60637 0.39809
vt 0.60669 0.3804
vt 0.59577 0.62632
vt 0.6117 0.62635
vt 0.59356 0.42099
vt 0.60679 0.42219
vt 0.59433 0.44626
vt 0.60718 0.44803
vt 0.5938 0.47125
vt 0.60709 0.47271
vt 0.59219 0.36604
vt 0.60624 0.36428
vt 0.59336 0.48814
vt 0.60671 0.49154
vt 0.65099 0.59259
vt 0.65124 0.62419
vt 0.67447 0.62015
vt 0.67275 0.58623
vt 0.63345 0.62373
vt 0.63307 0.59417
vt 0.91372 0.27758
vt 0.91467 0.25975
vt 0.88615 0.26774
vt 0.8867 0.27824
vt 0.91321 0.48771
vt 0.9123 0.47504
vt 0.88596 0.47542
vt 0.88651 0.48631
vt 0.9139 0.23948
vt 0.88635 0.25188
vt 0.91167 0.41256
vt 0.91189 0.39517
vt 0.88622 0.39614
vt 0.88625 0.41578
vt 0.91389 0.21506
vt 0.91178 0.20172
vt 0.88601 0.2319
vt 0.88739 0.23905
vt 0.91174 0.3715
vt 0.88657 0.37353
vt 0.91157 0.34613
vt 0.88582 0.34669
vt 0.9119 0.3219
vt 0.88623 0.32136
vt 0.91204 0.42846
vt 0.88678 0.43524
vt 0.91271 0.30348
vt 0.88617 0.30184
vt 0.91214 0.45048
vt 0.88758 0.44994
vt 0.3732 0.93698
vt 0.3732 0.95722
vt 0.40892 0.95643
vt 0.41226 0.94399
vt 0.37353 0.97475
vt 0.40855 0.97332
vt 0.37366 0.99678
vt 0.41041 0.98836
vt 0.5624 0.41841
vt 0.56333 0.39886
vt 0.54782 0.40128
vt 0.54801 0.41919
vt 0.56405 0.54712
vt 0.56242 0.53245
vt 0.54815 0.53598
vt 0.54907 0.55383
vt 0.5645 0.37523
vt 0.54887 0.37897
vt 0.56337 0.5727
vt 0.54836 0.57055
vt 0.56419 0.36468
vt 0.54802 0.36807
vt 0.56377 0.58361
vt 0.54875 0.58653
vt 0.56441 0.34877
vt 0.54894 0.35165
vt 0.56213 0.51293
vt 0.56356 0.49329
vt 0.54923 0.49511
vt 0.54813 0.51563
vt 0.56229 0.47066
vt 0.54832 0.47339
vt 0.56094 0.44378
vt 0.54784 0.44611
vt 0.56297 0.33592
vt 0.5488 0.33923
vt 0.53207 0.3532
vt 0.53248 0.36752
vt 0.53213 0.49499
vt 0.53137 0.5158
vt 0.53063 0.47341
vt 0.52961 0.44677
vt 0.53117 0.34021
vt 0.53039 0.41971
vt 0.53078 0.5362
vt 0.53285 0.40134
vt 0.53203 0.55461
vt 0.53262 0.3802
vt 0.53168 0.57371
vt 0.53128 0.58627
vt 0.51558 0.3406
vt 0.51725 0.35343
vt 0.51519 0.42022
vt 0.51379 0.44738
vt 0.51396 0.51741
vt 0.51533 0.53659
vt 0.51716 0.40259
vt 0.51677 0.55606
vt 0.51777 0.37973
vt 0.51658 0.57351
vt 0.51689 0.368
vt 0.5164 0.58678
vt 0.51489 0.49618
vt 0.51559 0.47385
vt 0.55987 0.3293
vt 0.54759 0.3252
vt 0.53067 0.3256
vt 0.51621 0.33021
vt 0.66206 0.34383
vt 0.66215 0.32102
vt 0.62944 0.32837
vt 0.63076 0.34723
vt 0.66265 0.5145
vt 0.66281 0.49709
vt 0.63033 0.49114
vt 0.63172 0.5113
vt 0.66162 0.30931
vt 0.62812 0.30987
vt 0.66236 0.52773
vt 0.63218 0.52853
vt 0.6612 0.29477
vt 0.6279 0.28756
vt 0.66034 0.45852
vt 0.66082 0.43732
vt 0.62923 0.43666
vt 0.6284 0.45679
vt 0.66179 0.41507
vt 0.62834 0.41369
vt 0.66054 0.38863
vt 0.62813 0.38641
vt 0.65991 0.28192
vt 0.62713 0.27131
vt 0.66111 0.36151
vt 0.62944 0.3618
vt 0.66189 0.47764
vt 0.63008 0.47335
vt 0.65855 0.27162
vt 0.62895 0.24829
vt 0.67636 0.33967
vt 0.67518 0.35747
vt 0.70709 0.36053
vt 0.70518 0.3394
vt 0.67592 0.48576
vt 0.67681 0.50483
vt 0.70734 0.50519
vt 0.70847 0.48643
vt 0.67621 0.31972
vt 0.7059 0.32058
vt 0.67749 0.52372
vt 0.70889 0.52299
vt 0.6764 0.30295
vt 0.70683 0.30251
vt 0.67709 0.54652
vt 0.70866 0.53978
vt 0.67806 0.56316
vt 0.70703 0.58407
vt 0.70744 0.56072
vt 0.67676 0.37425
vt 0.67548 0.39468
vt 0.70874 0.3978
vt 0.70696 0.3778
vt 0.70814 0.61641
vt 0.67642 0.41808
vt 0.70824 0.41795
vt 0.67737 0.44592
vt 0.70911 0.44333
vt 0.67659 0.47099
vt 0.71014 0.4704
vt 0.73675 0.39715
vt 0.73631 0.37979
vt 0.73539 0.58426
vt 0.73587 0.56046
vt 0.7373 0.41547
vt 0.73339 0.61242
vt 0.73724 0.44287
vt 0.73809 0.53802
vt 0.738 0.46746
vt 0.73484 0.35866
vt 0.73977 0.48532
vt 0.7338 0.34005
vt 0.73891 0.50292
vt 0.73247 0.32222
vt 0.73814 0.52168
vt 0.73072 0.29984
vt 0.77108 0.52199
vt 0.77057 0.50277
vt 0.76655 0.31842
vt 0.76526 0.29763
vt 0.77018 0.53701
vt 0.76688 0.39455
vt 0.76763 0.37738
vt 0.76798 0.58209
vt 0.76935 0.55842
vt 0.76773 0.41545
vt 0.76611 0.61366
vt 0.76858 0.43854
vt 0.76992 0.46282
vt 0.76777 0.35525
vt 0.76952 0.48175
vt 0.76838 0.33495
vt 0.80141 0.35436
vt 0.80067 0.33544
vt 0.80394 0.50244
vt 0.80478 0.48058
vt 0.79862 0.3153
vt 0.80304 0.52153
vt 0.79587 0.29575
vt 0.8025 0.53776
vt 0.80313 0.39419
vt 0.801 0.3725
vt 0.80132 0.58082
vt 0.80158 0.55605
vt 0.80367 0.41761
vt 0.80166 0.6095
vt 0.80399 0.43927
vt 0.80381 0.46376
vt 0.8403 0.46189
vt 0.84027 0.43713
vt 0.83987 0.36532
vt 0.83974 0.34874
vt 0.84025 0.48263
vt 0.83937 0.32828
vt 0.84023 0.50289
vt 0.83864 0.30728
vt 0.84026 0.52392
vt 0.83763 0.2882
vt 0.84028 0.53693
vt 0.83996 0.38687
vt 0.84027 0.5861
vt 0.84029 0.55951
vt 0.84012 0.41187
vt 0.84016 0.60985
vt 0.64983 0.63832
vt 0.67346 0.63719
vt 0.76526 0.635
vt 0.80291 0.63487
vt 0.73413 0.63431
vt 0.61212 0.6432
vt 0.63414 0.63986
vt 0.7075 0.63576
vt 0.31789 0.65284
vt 0.28736 0.65133
vt 0.84001 0.63496
vt 0.59723 0.64298
vt 0.34951 0.656
vt 0.65164 0.65925
vt 0.67368 0.65724
vt 0.63482 0.65968
vt 0.37075 0.65835
vt 0.38835 0.66101
vt 0.38221 0.63641
vt 0.36819 0.63829
vt 0.40617 0.66042
vt 0.42077 0.65844
vt 0.4175 0.63277
vt 0.40057 0.63444
vt 0.70506 0.65777
vt 0.34695 0.63587
vt 0.73196 0.65782
vt 0.31471 0.63487
vt 0.76565 0.65685
vt 0.28604 0.63737
vt 0.80189 0.65782
vt 0.59761 0.65856
vt 0.61276 0.66007
vt 0.83992 0.65995
vt 0.58274 0.64576
vt 0.58357 0.66008
vt 0.58216 0.63015
vt 0.58294 0.49064
vt 0.58324 0.51395
vt 0.57584 0.33828
vt 0.5766 0.36011
vt 0.58192 0.4687
vt 0.57867 0.37884
vt 0.57918 0.44446
vt 0.57985 0.41919
vt 0.57916 0.39898
vt 0.58211 0.60553
vt 0.5793 0.56008
vt 0.58124 0.58339
vt 0.58178 0.5391
vt 0.5745 0.30011
vt 0.57605 0.31763
vt 0.2395 0.29041
vt 0.23163 0.27564
vt 0.21639 0.28816
vt 0.22503 0.29843
vt 0.2249 0.26417
vt 0.2077 0.27782
vt 0.24949 0.25329
vt 0.2547 0.26887
vt 0.28364 0.24297
vt 0.28561 0.25889
vt 0.32225 0.24311
vt 0.31194 0.26359
vt 0.25877 0.29028
vt 0.2774 0.29567
vt 0.29473 0.29896
vt 0.32506 0.27519
vt 0.36242 0.25596
vt 0.91252 0.50113
vt 0.88692 0.50134
vt 0.8898 0.51956
vt 0.91397 0.51908
vt 0.49532 0.26965
vt 0.53286 0.27537
vt 0.53296 0.25852
vt 0.49641 0.2515
vt 0.76401 0.28325
vt 0.79509 0.28088
vt 0.79485 0.26311
vt 0.764 0.26427
vt 0.53203 0.60053
vt 0.51541 0.6003
vt 0.51461 0.61933
vt 0.53401 0.61796
vt 0.57202 0.28531
vt 0.5697 0.26746
vt 0.58972 0.29026
vt 0.60591 0.29116
vt 0.60426 0.27334
vt 0.58851 0.27178
vt 0.5645 0.59865
vt 0.54776 0.60144
vt 0.55242 0.61772
vt 0.56387 0.61709
vt 0.66161 0.54124
vt 0.63282 0.54286
vt 0.63368 0.56552
vt 0.65821 0.55997
vt 0.73154 0.28526
vt 0.73038 0.26454
vt 0.67568 0.28906
vt 0.7068 0.28722
vt 0.70762 0.26548
vt 0.67525 0.26749
vt 0.40536 0.2503
vt 0.42865 0.2554
vt 0.43188 0.23703
vt 0.41027 0.23192
vt 0.83656 0.27285
vt 0.83521 0.25749
vt 0.45693 0.26249
vt 0.45853 0.2442
vt 0.45529 0.27757
vt 0.49261 0.28361
vt 0.42699 0.27041
vt 0.40291 0.2675
vt 0.53268 0.28692
vt 0.46385 0.2204
vt 0.4385 0.21235
vt 0.70613 0.24643
vt 0.67944 0.24854
vt 0.49866 0.22952
vt 0.73082 0.24646
vt 0.60647 0.25041
vt 0.58692 0.24698
vt 0.53497 0.23625
vt 0.76338 0.24597
vt 0.90092 0.5452
vt 0.91447 0.54222
vt 0.56972 0.24263
vt 0.79397 0.24347
vt 0.54869 0.64798
vt 0.56332 0.64513
vt 0.833 0.23875
vt 0.53203 0.64828
vt 0.51569 0.64699
vt 0.4178 0.20675
vt 0.62791 0.58476
vt 0.65049 0.58652
vt 0.61908 0.24975
vt 0.63108 0.24626
vt 0.63407 0.21984
vt 0.61919 0.22017
vt 0.82849 0.21541
vt 0.79167 0.22043
vt 0.64482 0.24588
vt 0.65038 0.22119
vt 0.58933 0.21662
vt 0.57022 0.21586
vt 0.65879 0.24918
vt 0.66168 0.22255
vt 0.44738 0.19145
vt 0.42703 0.18217
vt 0.68004 0.22313
vt 0.46709 0.1996
vt 0.709 0.22328
vt 0.5038 0.20573
vt 0.73202 0.22241
vt 0.60544 0.21892
vt 0.53708 0.21323
vt 0.75973 0.2229
vt 0.66529 0.20617
vt 0.65041 0.2045
vt 0.45514 0.1751
vt 0.43499 0.16552
vt 0.68347 0.20841
vt 0.47491 0.1823
vt 0.70988 0.20877
vt 0.50359 0.19087
vt 0.73177 0.20896
vt 0.60794 0.20133
vt 0.58734 0.19998
vt 0.54117 0.1962
vt 0.75877 0.20828
vt 0.6233 0.20279
vt 0.5707 0.1999
vt 0.78877 0.20537
vt 0.63594 0.2042
vt 0.82465 0.19898
vt 0.23146 0.22963
vt 0.23427 0.21455
vt 0.23626 0.19587
vt 0.23621 0.18187
vt 0.23507 0.17038
vt 0.23155 0.15769
vt 0.22732 0.14455
vt 0.22073 0.1287
vt 0.20525 0.10875
vt 0.18896 0.09518
vt 0.16629 0.08178
vt 0.13855 0.07287
vt 0.15512 0.30399
vt 0.17318 0.29756
vt 0.19704 0.28266
vt 0.21988 0.25493
vt 0.76589 0.68583
vt 0.80297 0.68787
vt 0.58528 0.68439
vt 0.59793 0.68385
vt 0.83979 0.68749
vt 0.61227 0.68418
vt 0.63535 0.68534
vt 0.34411 0.60856
vt 0.30961 0.60966
vt 0.65304 0.68569
vt 0.67342 0.68642
vt 0.38156 0.60734
vt 0.36656 0.60791
vt 0.39915 0.60617
vt 0.70412 0.68643
vt 0.73145 0.68553
vt 0.41443 0.60313
vt 0.28309 0.61368
vt 0.37956 0.56893
vt 0.35659 0.57125
vt 0.59328 0.71941
vt 0.6059 0.71929
vt 0.62958 0.72024
vt 0.64774 0.72042
vt 0.39601 0.56754
vt 0.66867 0.72097
vt 0.70065 0.72082
vt 0.33322 0.57062
vt 0.72927 0.71994
vt 0.41238 0.56702
vt 0.76543 0.72061
vt 0.30691 0.57311
vt 0.28272 0.57838
vt 0.80459 0.72309
vt 0.58128 0.72018
vt 0.8395 0.72289
vt 0.30427 0.53118
vt 0.28051 0.5362
vt 0.76544 0.759
vt 0.80425 0.76373
vt 0.57418 0.76271
vt 0.58583 0.7612
vt 0.83932 0.76401
vt 0.60222 0.75905
vt 0.62326 0.75968
vt 0.33251 0.52974
vt 0.64463 0.75912
vt 0.66336 0.75931
vt 0.37553 0.52822
vt 0.35441 0.53048
vt 0.39584 0.52694
vt 0.69638 0.75933
vt 0.72728 0.75794
vt 0.41046 0.52515
vt 0.66132 0.78761
vt 0.69572 0.78722
vt 0.33 0.49777
vt 0.30331 0.49998
vt 0.35119 0.49613
vt 0.80254 0.79426
vt 0.83789 0.79934
vt 0.39367 0.4931
vt 0.37296 0.49482
vt 0.63935 0.78989
vt 0.62008 0.79039
vt 0.7648 0.79251
vt 0.58033 0.79438
vt 0.59919 0.79248
vt 0.28032 0.50424
vt 0.72638 0.78856
vt 0.56716 0.79474
vt 0.40872 0.49212
vt 0.37108 0.46212
vt 0.35092 0.46445
vt 0.58132 0.82512
vt 0.59964 0.82266
vt 0.39006 0.4601
vt 0.76282 0.81873
vt 0.80146 0.82383
vt 0.61946 0.82104
vt 0.72582 0.81587
vt 0.32961 0.46625
vt 0.30203 0.46873
vt 0.69403 0.81504
vt 0.66181 0.81605
vt 0.28003 0.47152
vt 0.64034 0.81832
vt 0.56469 0.82829
vt 0.83415 0.83045
vt 0.40552 0.45748
vt 0.69285 0.83901
vt 0.72424 0.83932
vt 0.76164 0.84214
vt 0.79788 0.85059
vt 0.62053 0.84444
vt 0.64148 0.84239
vt 0.32667 0.44535
vt 0.30036 0.44439
vt 0.82778 0.85929
vt 0.66377 0.83986
vt 0.60444 0.8475
vt 0.27999 0.44436
vt 0.56956 0.85537
vt 0.58444 0.85221
vt 0.3494 0.44342
vt 0.40148 0.43408
vt 0.3867 0.43713
vt 0.36904 0.44034
vt 0.29991 0.41777
vt 0.28108 0.41619
vt 0.5822 0.88108
vt 0.59421 0.87785
vt 0.34212 0.41165
vt 0.32226 0.41439
vt 0.39174 0.40081
vt 0.37126 0.40738
vt 0.35779 0.40966
vt 0.71671 0.86617
vt 0.75172 0.87068
vt 0.60589 0.87576
vt 0.69141 0.86542
vt 0.78724 0.87821
vt 0.62458 0.87251
vt 0.6451 0.86984
vt 0.81652 0.88889
vt 0.66615 0.8688
vt 0.35185 0.22666
vt 0.36994 0.22278
vt 0.38114 0.21935
vt 0.39229 0.21426
vt 0.40716 0.20245
vt 0.41795 0.1827
vt 0.42507 0.16426
vt 0.42932 0.14927
vt 0.43179 0.13603
vt 0.2327 0.14475
vt 0.24459 0.17795
vt 0.26577 0.20508
vt 0.28617 0.2191
vt 0.31098 0.22384
vt 0.33158 0.22724
usemtl mat0
f 1/1/1 2/2/2 3/3/3
f 3/3/3 4/4/4 1/1/1
f 5/5/5 6/6/6 7/7/7
f 7/7/7 8/8/8 5/5/5
f 7/7/7 6/6/6 9/9/9
f 9/9/9 10/10/10 7/7/7
f 8/8/8 7/7/7 11/11/11
f 11/11/11 12/12/12 8/8/8
f 13/13/13 1/1/1 4/4/4
f 4/4/4 14/14/14 13/13/13
f 14/14/14 4/4/4 8/8/8
f 8/8/8 12/12/12 14/14/14
f 7/7/7 10/10/10 15/15/15
f 15/15/15 11/11/11 7/7/7
f 14/14/14 12/12/12 16/16/16
f 16/16/16 17/17/17 14/14/14
f 16/16/16 12/12/12 11/11/11
f 11/11/11 18/18/18 16/16/16
f 19/19/19 13/13/13 14/14/14
f 14/14/14 17/17/17 19/19/19
f 11/11/11 15/15/15 20/20/20
f 20/20/20 18/18/18 11/11/11
f 21/21/21 18/18/18 20/20/20
f 20/20/20 22/22/22 21/21/21
f 23/23/23 17/17/17 16/16/16
f 16/16/16 24/24/24 23/23/23
f 24/24/24 16/16/16 18/18/18
f 18/18/18 21/21/21 24/24/24
f 22/22/22 25/25/25 26/26/26
f 26/26/26 21/21/21 22/22/22
f 26/26/26 27/27/27 24/24/24
f 24/24/24 21/21/21 26/26/26
f 28/28/28 29/29/29 30/30/30
f 30/30/30 23/23/23 28/28/28
f 27/27/27 28/28/28 23/23/23
f 23/23/23 24/24/24 27/27/27
f 31/31/31 32/32/32 33/33/33
f 33/33/33 34/34/34 31/31/31
f 35/35/35 36/36/36 32/32/32
f 32/32/32 31/31/31 35/35/35
f 34/34/34 33/33/33 37/37/37
f 37/37/37 38/38/38 34/34/34
f 39/39/39 35/35/35 31/31/31
f 31/31/31 40/40/40 39/39/39
f 41/41/41 34/34/34 38/38/38
f 38/38/38 42/42/42 41/41/41
f 40/40/40 31/31/31 34/34/34
f 34/34/34 41/41/41 40/40/40
f 43/43/43 39/39/39 40/40/40
f 40/40/40 44/44/44 43/43/43
f 44/44/44 40/40/40 41/41/41
f 41/41/41 45/45/45 44/44/44
f 45/45/45 41/41/41 42/42/42
f 42/42/42 46/46/46 45/45/45
f 47/47/47 44/44/44 45/45/45
f 45/45/45 48/48/48 47/47/47
f 49/49/49 43/43/43 44/44/44
f 44/44/44 47/47/47 49/49/49
f 48/48/48 45/45/45 46/46/46
f 46/46/46 50/50/50 48/48/48
f 25/25/25 49/49/49 47/47/47
f 47/47/47 26/26/26 25/25/25
f 26/26/26 47/47/47 48/48/48
f 48/48/48 27/27/27 26/26/26
f 27/27/27 48/48/48 50/50/50
f 50/50/50 28/28/28 27/27/27
f 4/4/4 3/3/3 5/5/5
f 5/5/5 8/8/8 4/4/4
f 51/51/51 52/52/52 53/53/53
f 53/53/53 54/54/54 51/51/51
f 52/52/52 55/55/55 56/56/56
f 56/56/56 53/53/53 52/52/52
f 55/55/55 57/57/57 58/58/58
f 58/58/58 56/56/56 55/55/55
f 59/59/59 58/58/58 57/57/57
f 60/60/3 61/61/2 62/62/60
f 62/62/60 63/63/61 60/60/3
f 64/64/5 60/60/3 63/63/61
f 63/63/61 65/65/62 64/64/5
f 66/66/6 64/64/5 65/65/62
f 65/65/62 67/67/63 66/66/6
f 68/68/9 66/66/6 67/67/63
f 67/67/63 69/69/64 68/68/9
f 63/63/61 70/70/65 71/71/66
f 71/71/66 65/65/62 63/63/61
f 59/59/59 72/72/67 73/73/68
f 73/73/68 58/58/58 59/59/59
f 59/59/59 57/57/57 74/74/69
f 74/74/69 75/75/70 59/59/59
f 57/57/57 55/55/55 76/76/71
f 76/76/71 74/74/69 57/57/57
f 55/55/55 52/52/52 77/77/72
f 77/77/72 76/76/71 55/55/55
f 51/51/51 77/77/72 52/52/52
f 77/77/72 51/51/51 75/75/70
f 77/77/72 75/75/70 74/74/69
f 74/74/69 76/76/71 77/77/72
f 70/70/65 53/53/53 56/56/56
f 56/56/56 71/71/66 70/70/65
f 62/62/60 78/78/73 70/70/65
f 70/70/65 63/63/61 62/62/60
f 28/28/28 50/50/50 79/79/74
f 79/79/74 29/29/29 28/28/28
f 50/50/50 46/46/46 80/80/75
f 80/80/75 79/79/74 50/50/50
f 46/46/46 42/42/42 81/81/76
f 81/81/76 80/80/75 46/46/46
f 42/42/42 38/38/38 82/82/77
f 82/82/77 81/81/76 42/42/42
f 38/38/38 37/37/37 83/83/78
f 83/83/78 82/82/77 38/38/38
f 19/19/19 17/17/17 23/23/23
f 23/23/23 30/30/30 19/19/19
f 53/53/53 70/70/65 78/78/73
f 78/78/73 54/54/54 53/53/53
f 78/78/73 84/84/79 54/54/54
f 85/85/80 75/75/70 51/51/51
f 59/59/59 75/75/70 85/85/80
f 54/54/54 84/84/79 85/85/80
f 85/85/80 51/51/51 54/54/54
f 67/67/63 65/65/62 71/71/66
f 71/71/66 86/86/81 67/67/63
f 69/69/64 67/67/63 86/86/81
f 86/86/81 87/87/82 69/69/64
f 88/88/83 87/87/82 86/86/81
f 86/86/81 89/89/84 88/88/83
f 89/89/84 86/86/81 71/71/66
f 71/71/66 56/56/56 89/89/84
f 58/58/58 73/73/68 88/88/83
f 88/88/83 89/89/84 58/58/58
f 56/56/56 58/58/58 89/89/84
f 90/90/85 91/91/86 92/92/87
f 92/92/87 93/93/88 90/90/85
f 94/94/89 95/95/90 96/96/91
f 96/96/91 97/97/92 94/94/89
f 92/92/87 98/98/93 93/93/88
f 97/97/92 96/96/91 91/91/86
f 91/91/86 90/90/85 97/97/92
f 99/99/94 100/100/95 95/95/90
f 95/95/90 94/94/89 99/99/94
f 101/101/96 102/102/87 103/103/86
f 103/103/86 104/104/97 101/101/96
f 105/105/98 106/106/91 107/107/90
f 107/107/90 108/108/99 105/105/98
f 104/104/97 103/103/86 106/106/91
f 106/106/91 105/105/98 104/104/97
f 108/108/99 107/107/90 109/109/95
f 109/109/95 110/110/100 108/108/99
f 111/111/93 102/102/87 101/101/96
f 112/112/101 113/113/97 114/114/98
f 114/114/98 115/115/102 112/112/101
f 116/116/103 117/117/99 118/118/100
f 118/118/100 119/119/104 116/116/103
f 120/120/105 121/121/93 122/122/96
f 122/122/96 123/123/106 120/120/105
f 123/123/106 122/122/96 113/113/97
f 113/113/97 112/112/101 123/123/106
f 115/115/102 114/114/98 117/117/99
f 117/117/99 116/116/103 115/115/102
f 124/124/107 125/125/92 126/126/85
f 126/126/85 127/127/108 124/124/107
f 128/128/109 129/129/94 130/130/89
f 130/130/89 131/131/110 128/128/109
f 127/127/108 126/126/85 132/132/88
f 132/132/88 133/133/111 127/127/108
f 131/131/110 130/130/89 125/125/92
f 125/125/92 124/124/107 131/131/110
f 133/133/111 132/132/88 121/121/93
f 121/121/93 120/120/105 133/133/111
f 134/134/102 135/135/103 136/136/112
f 136/136/112 137/137/113 134/134/102
f 137/137/113 136/136/112 138/138/59
f 138/138/59 139/139/80 137/137/113
f 140/140/67 138/138/59 136/136/112
f 136/136/112 141/141/114 140/140/67
f 142/142/104 141/141/114 136/136/112
f 136/136/112 135/135/103 142/142/104
f 143/143/115 137/137/113 139/139/80
f 139/139/80 144/144/79 143/143/115
f 145/145/101 134/134/102 137/137/113
f 137/137/113 143/143/115 145/145/101
f 146/146/116 143/143/115 144/144/79
f 144/144/79 147/147/73 146/146/116
f 148/148/106 145/145/101 143/143/115
f 143/143/115 146/146/116 148/148/106
f 149/149/117 146/146/116 147/147/73
f 147/147/73 150/150/118 149/149/117
f 151/151/119 148/148/106 146/146/116
f 146/146/116 149/149/117 151/151/119
f 148/148/106 151/151/119 152/152/105
f 153/153/120 152/152/105 151/151/119
f 151/151/119 154/154/121 153/153/120
f 155/155/122 149/149/117 150/150/118
f 150/150/118 156/156/123 155/155/122
f 154/154/121 151/151/119 149/149/117
f 149/149/117 155/155/122 154/154/121
f 157/157/124 158/158/76 159/159/77
f 159/159/77 160/160/125 157/157/124
f 161/161/126 162/162/19 163/163/30
f 163/163/30 164/164/127 161/161/126
f 165/165/128 166/166/60 167/167/2
f 167/167/2 168/168/129 165/165/128
f 160/160/125 159/159/77 169/169/78
f 169/169/78 170/170/130 160/160/125
f 171/171/131 172/172/13 162/162/19
f 162/162/19 161/161/126 171/171/131
f 173/173/132 174/174/74 175/175/75
f 175/175/75 176/176/133 173/173/132
f 150/150/118 147/147/73 166/166/60
f 166/166/60 165/165/128 150/150/118
f 177/177/134 178/178/29 174/174/74
f 174/174/74 173/173/132 177/177/134
f 179/179/135 180/180/1 172/172/13
f 172/172/13 171/171/131 179/179/135
f 176/176/133 175/175/75 158/158/76
f 158/158/76 157/157/124 176/176/133
f 164/164/127 163/163/30 178/178/29
f 178/178/29 177/177/134 164/164/127
f 168/168/129 167/167/2 180/180/1
f 180/180/1 179/179/135 168/168/129
f 156/156/123 150/150/118 165/165/128
f 165/165/128 181/181/136 156/156/123
f 182/182/137 161/161/126 164/164/127
f 164/164/127 183/183/138 182/182/137
f 184/184/139 160/160/125 170/170/130
f 170/170/130 185/185/140 184/184/139
f 181/181/136 165/165/128 168/168/129
f 168/168/129 186/186/141 181/181/136
f 187/187/142 173/173/132 176/176/133
f 176/176/133 188/188/143 187/187/142
f 189/189/144 171/171/131 161/161/126
f 161/161/126 182/182/137 189/189/144
f 190/190/145 177/177/134 173/173/132
f 173/173/132 187/187/142 190/190/145
f 188/188/143 176/176/133 157/157/124
f 157/157/124 191/191/146 188/188/143
f 192/192/147 179/179/135 171/171/131
f 171/171/131 189/189/144 192/192/147
f 183/183/138 164/164/127 177/177/134
f 177/177/134 190/190/145 183/183/138
f 191/191/146 157/157/124 160/160/125
f 160/160/125 184/184/139 191/191/146
f 186/186/141 168/168/129 179/179/135
f 179/179/135 192/192/147 186/186/141
f 193/193/148 194/194/149 195/195/150
f 195/195/150 196/196/151 193/193/148
f 197/197/152 198/198/153 199/199/154
f 199/199/154 200/200/155 197/197/152
f 201/201/156 202/202/157 203/203/158
f 203/203/158 204/204/159 201/201/156
f 196/196/151 195/195/150 205/205/160
f 205/205/160 206/206/161 196/196/151
f 207/207/162 208/208/163 198/198/153
f 198/198/153 197/197/152 207/207/162
f 204/204/159 203/203/158 208/208/163
f 208/208/163 207/207/162 204/204/159
f 209/209/164 210/210/165 211/211/166
f 211/211/166 212/212/167 209/209/164
f 213/213/168 214/214/169 202/202/157
f 202/202/157 201/201/156 213/213/168
f 215/215/170 216/216/171 210/210/165
f 210/210/165 209/209/164 215/215/170
f 217/217/172 218/218/173 216/216/171
f 216/216/171 215/215/170 217/217/172
f 219/219/174 220/220/175 218/218/173
f 218/218/173 217/217/172 219/219/174
f 212/212/167 211/211/166 221/221/176
f 221/221/176 222/222/177 212/212/167
f 223/223/178 224/224/179 220/220/175
f 220/220/175 219/219/174 223/223/178
f 222/222/177 221/221/176 194/194/149
f 194/194/149 193/193/148 222/222/177
f 200/200/155 199/199/154 224/224/179
f 224/224/179 223/223/178 200/200/155
f 225/225/180 226/226/181 227/227/182
f 227/227/182 228/228/183 225/225/180
f 229/229/184 213/213/168 201/201/156
f 201/201/156 230/230/185 229/229/184
f 226/226/181 229/229/184 230/230/185
f 230/230/185 227/227/182 226/226/181
f 231/231/186 232/232/152 233/233/155
f 233/233/155 234/234/187 231/231/186
f 235/235/188 236/236/151 237/237/161
f 237/237/161 238/238/189 235/235/188
f 239/239/190 240/240/162 232/232/152
f 232/232/152 231/231/186 239/239/190
f 241/241/191 242/242/164 243/243/167
f 243/243/167 244/244/192 241/241/191
f 245/245/193 246/246/156 247/247/159
f 247/247/159 248/248/194 245/245/193
f 249/249/195 250/250/170 242/242/164
f 242/242/164 241/241/191 249/249/195
f 248/248/194 247/247/159 240/240/162
f 240/240/162 239/239/190 248/248/194
f 251/251/196 252/252/172 250/250/170
f 250/250/170 249/249/195 251/251/196
f 253/253/197 254/254/174 252/252/172
f 252/252/172 251/251/196 253/253/197
f 244/244/192 243/243/167 255/255/177
f 255/255/177 256/256/198 244/244/192
f 257/257/199 258/258/178 254/254/174
f 254/254/174 253/253/197 257/257/199
f 256/256/198 255/255/177 259/259/148
f 259/259/148 260/260/200 256/256/198
f 234/234/187 233/233/155 258/258/178
f 258/258/178 257/257/199 234/234/187
f 260/260/200 259/259/148 236/236/151
f 236/236/151 235/235/188 260/260/200
f 261/261/201 262/262/185 263/263/156
f 263/263/156 264/264/193 261/261/201
f 265/265/202 266/266/182 262/262/185
f 262/262/185 261/261/201 265/265/202
f 267/267/203 268/268/183 266/266/182
f 266/266/182 265/265/202 267/267/203
f 269/269/204 270/270/199 271/271/197
f 271/271/197 272/272/205 269/269/204
f 273/273/206 274/274/198 275/275/200
f 275/275/200 276/276/207 273/273/206
f 277/277/208 278/278/187 270/270/199
f 270/270/199 269/269/204 277/277/208
f 276/276/207 275/275/200 279/279/188
f 279/279/188 280/280/209 276/276/207
f 281/281/210 282/282/186 278/278/187
f 278/278/187 277/277/208 281/281/210
f 280/280/209 279/279/188 283/283/189
f 283/283/189 284/284/211 280/280/209
f 285/285/212 286/286/190 282/282/186
f 282/282/186 281/281/210 285/285/212
f 287/287/213 288/288/191 289/289/192
f 289/289/192 290/290/214 287/287/213
f 291/291/215 292/292/195 288/288/191
f 288/288/191 287/287/213 291/291/215
f 293/293/216 294/294/196 292/292/195
f 292/292/195 291/291/215 293/293/216
f 295/295/217 296/296/194 286/286/190
f 286/286/190 285/285/212 295/295/217
f 272/272/205 271/271/197 294/294/196
f 294/294/196 293/293/216 272/272/205
f 290/290/214 289/289/192 274/274/198
f 274/274/198 273/273/206 290/290/214
f 297/297/218 285/285/212 281/281/210
f 281/281/210 298/298/219 297/297/218
f 299/299/220 287/287/213 290/290/214
f 290/290/214 300/300/221 299/299/220
f 301/301/222 291/291/215 287/287/213
f 287/287/213 299/299/220 301/301/222
f 302/302/223 293/293/216 291/291/215
f 291/291/215 301/301/222 302/302/223
f 303/303/224 295/295/217 285/285/212
f 285/285/212 297/297/218 303/303/224
f 304/304/225 272/272/205 293/293/216
f 293/293/216 302/302/223 304/304/225
f 300/300/221 290/290/214 273/273/206
f 273/273/206 305/305/226 300/300/221
f 306/306/227 269/269/204 272/272/205
f 272/272/205 304/304/225 306/306/227
f 305/305/226 273/273/206 276/276/207
f 276/276/207 307/307/228 305/305/226
f 308/308/229 277/277/208 269/269/204
f 269/269/204 306/306/227 308/308/229
f 307/307/228 276/276/207 280/280/209
f 280/280/209 309/309/230 307/307/228
f 298/298/219 281/281/210 277/277/208
f 277/277/208 308/308/229 298/298/219
f 309/309/230 280/280/209 284/284/211
f 284/284/211 310/310/231 309/309/230
f 311/311/232 303/303/224 297/297/218
f 297/297/218 312/312/233 311/311/232
f 313/313/234 304/304/225 302/302/223
f 302/302/223 314/314/235 313/313/234
f 315/315/236 300/300/221 305/305/226
f 305/305/226 316/316/237 315/315/236
f 317/317/238 306/306/227 304/304/225
f 304/304/225 313/313/234 317/317/238
f 316/316/237 305/305/226 307/307/228
f 307/307/228 318/318/239 316/316/237
f 319/319/240 308/308/229 306/306/227
f 306/306/227 317/317/238 319/319/240
f 318/318/239 307/307/228 309/309/230
f 309/309/230 320/320/241 318/318/239
f 321/321/242 298/298/219 308/308/229
f 308/308/229 319/319/240 321/321/242
f 320/320/241 309/309/230 310/310/231
f 310/310/231 322/322/243 320/320/241
f 312/312/233 297/297/218 298/298/219
f 298/298/219 321/321/242 312/312/233
f 323/323/244 299/299/220 300/300/221
f 300/300/221 315/315/236 323/323/244
f 324/324/245 301/301/222 299/299/220
f 299/299/220 323/323/244 324/324/245
f 314/314/235 302/302/223 301/301/222
f 301/301/222 324/324/245 314/314/235
f 325/325/193 296/296/194 295/295/217
f 295/295/217 326/326/201 325/325/193
f 327/327/202 326/326/201 295/295/217
f 295/295/217 303/303/224 327/327/202
f 328/328/203 327/327/202 303/303/224
f 303/303/224 311/311/232 328/328/203
f 329/329/246 330/330/240 331/331/238
f 331/331/238 332/332/247 329/329/246
f 333/333/248 334/334/239 335/335/241
f 335/335/241 336/336/249 333/333/248
f 337/337/250 338/338/242 330/330/240
f 330/330/240 329/329/246 337/337/250
f 336/336/249 335/335/241 339/339/243
f 339/339/243 340/340/251 336/336/249
f 341/341/252 342/342/233 338/338/242
f 338/338/242 337/337/250 341/341/252
f 343/343/253 344/344/244 345/345/236
f 345/345/236 346/346/254 343/343/253
f 347/347/255 348/348/245 344/344/244
f 344/344/244 343/343/253 347/347/255
f 349/349/256 350/350/235 348/348/245
f 348/348/245 347/347/255 349/349/256
f 351/351/257 352/352/232 342/342/233
f 342/342/233 341/341/252 351/351/257
f 353/353/258 354/354/234 350/350/235
f 350/350/235 349/349/256 353/353/258
f 346/346/254 345/345/236 355/355/237
f 355/355/237 356/356/259 346/346/254
f 332/332/247 331/331/238 354/354/234
f 354/354/234 353/353/258 332/332/247
f 356/356/259 355/355/237 334/334/239
f 334/334/239 333/333/248 356/356/259
f 357/357/183 358/358/203 352/352/232
f 352/352/232 351/351/257 357/357/183
f 359/359/260 360/360/259 361/361/248
f 361/361/248 362/362/261 359/359/260
f 363/363/262 364/364/246 365/365/247
f 365/365/247 366/366/263 363/363/262
f 362/362/261 361/361/248 367/367/249
f 367/367/249 368/368/264 362/362/261
f 369/369/265 370/370/250 364/364/246
f 364/364/246 363/363/262 369/369/265
f 368/368/264 367/367/249 371/371/251
f 371/371/251 372/372/266 368/368/264
f 373/373/267 374/374/252 370/370/250
f 370/370/250 369/369/265 373/373/267
f 375/375/268 228/228/183 376/376/257
f 376/376/257 377/377/269 375/375/268
f 378/378/270 379/379/253 380/380/254
f 380/380/254 381/381/271 378/378/270
f 382/382/272 225/225/180 228/228/183
f 228/228/183 375/375/268 382/382/272
f 383/383/273 384/384/255 379/379/253
f 379/379/253 378/378/270 383/383/273
f 385/385/274 386/386/256 384/384/255
f 384/384/255 383/383/273 385/385/274
f 377/377/269 376/376/257 374/374/252
f 374/374/252 373/373/267 377/377/269
f 387/387/275 388/388/258 386/386/256
f 386/386/256 385/385/274 387/387/275
f 381/381/271 380/380/254 360/360/259
f 360/360/259 359/359/260 381/381/271
f 366/366/263 365/365/247 388/388/258
f 388/388/258 387/387/275 366/366/263
f 389/389/276 378/378/270 381/381/271
f 381/381/271 390/390/277 389/389/276
f 391/391/278 375/375/268 377/377/269
f 377/377/269 392/392/279 391/391/278
f 393/393/280 383/383/273 378/378/270
f 378/378/270 389/389/276 393/393/280
f 394/394/281 382/382/272 375/375/268
f 375/375/268 391/391/278 394/394/281
f 395/395/282 385/385/274 383/383/273
f 383/383/273 393/393/280 395/395/282
f 392/392/279 377/377/269 373/373/267
f 373/373/267 396/396/283 392/392/279
f 397/397/284 387/387/275 385/385/274
f 385/385/274 395/395/282 397/397/284
f 390/390/277 381/381/271 359/359/260
f 359/359/260 398/398/285 390/390/277
f 399/399/286 366/366/263 387/387/275
f 387/387/275 397/397/284 399/399/286
f 398/398/285 359/359/260 362/362/261
f 362/362/261 400/400/287 398/398/285
f 401/401/288 363/363/262 366/366/263
f 366/366/263 399/399/286 401/401/288
f 400/400/287 362/362/261 368/368/264
f 368/368/264 402/402/289 400/400/287
f 403/403/290 369/369/265 363/363/262
f 363/363/262 401/401/288 403/403/290
f 402/402/289 368/368/264 372/372/266
f 372/372/266 404/404/291 402/402/289
f 396/396/283 373/373/267 369/369/265
f 369/369/265 403/403/290 396/396/283
f 405/405/292 403/403/290 401/401/288
f 401/401/288 406/406/293 405/405/292
f 407/407/294 402/402/289 404/404/291
f 404/404/291 408/408/295 407/407/294
f 409/409/296 396/396/283 403/403/290
f 403/403/290 405/405/292 409/409/296
f 410/410/297 389/389/276 390/390/277
f 390/390/277 411/411/298 410/410/297
f 412/412/299 391/391/278 392/392/279
f 392/392/279 413/413/300 412/412/299
f 414/414/301 393/393/280 389/389/276
f 389/389/276 410/410/297 414/414/301
f 415/415/302 394/394/281 391/391/278
f 391/391/278 412/412/299 415/415/302
f 416/416/303 395/395/282 393/393/280
f 393/393/280 414/414/301 416/416/303
f 413/413/300 392/392/279 396/396/283
f 396/396/283 409/409/296 413/413/300
f 417/417/304 397/397/284 395/395/282
f 395/395/282 416/416/303 417/417/304
f 411/411/298 390/390/277 398/398/285
f 398/398/285 418/418/305 411/411/298
f 419/419/306 399/399/286 397/397/284
f 397/397/284 417/417/304 419/419/306
f 418/418/305 398/398/285 400/400/287
f 400/400/287 420/420/307 418/418/305
f 406/406/293 401/401/288 399/399/286
f 399/399/286 419/419/306 406/406/293
f 420/420/307 400/400/287 402/402/289
f 402/402/289 407/407/294 420/420/307
f 421/421/308 418/418/305 420/420/307
f 420/420/307 422/422/309 421/421/308
f 423/423/310 406/406/293 419/419/306
f 419/419/306 424/424/311 423/423/310
f 422/422/309 420/420/307 407/407/294
f 407/407/294 425/425/312 422/422/309
f 426/426/313 405/405/292 406/406/293
f 406/406/293 423/423/310 426/426/313
f 425/425/312 407/407/294 408/408/295
f 408/408/295 427/427/314 425/425/312
f 428/428/315 409/409/296 405/405/292
f 405/405/292 426/426/313 428/428/315
f 429/429/316 410/410/297 411/411/298
f 411/411/298 430/430/317 429/429/316
f 431/431/318 412/412/299 413/413/300
f 413/413/300 432/432/319 431/431/318
f 433/433/320 414/414/301 410/410/297
f 410/410/297 429/429/316 433/433/320
f 434/434/321 415/415/302 412/412/299
f 412/412/299 431/431/318 434/434/321
f 435/435/322 416/416/303 414/414/301
f 414/414/301 433/433/320 435/435/322
f 432/432/319 413/413/300 409/409/296
f 409/409/296 428/428/315 432/432/319
f 436/436/323 417/417/304 416/416/303
f 416/416/303 435/435/322 436/436/323
f 430/430/317 411/411/298 418/418/305
f 418/418/305 421/421/308 430/430/317
f 424/424/311 419/419/306 417/417/304
f 417/417/304 436/436/323 424/424/311
f 437/437/324 436/436/323 435/435/322
f 435/435/322 438/438/325 437/437/324
f 439/439/326 430/430/317 421/421/308
f 421/421/308 440/440/327 439/439/326
f 441/441/328 424/424/311 436/436/323
f 436/436/323 437/437/324 441/441/328
f 440/440/327 421/421/308 422/422/309
f 422/422/309 442/442/329 440/440/327
f 443/443/330 423/423/310 424/424/311
f 424/424/311 441/441/328 443/443/330
f 442/442/329 422/422/309 425/425/312
f 425/425/312 444/444/331 442/442/329
f 445/445/332 426/426/313 423/423/310
f 423/423/310 443/443/330 445/445/332
f 444/444/331 425/425/312 427/427/314
f 427/427/314 446/446/333 444/444/331
f 447/447/334 428/428/315 426/426/313
f 426/426/313 445/445/332 447/447/334
f 448/448/335 429/429/316 430/430/317
f 430/430/317 439/439/326 448/448/335
f 449/449/336 431/431/318 432/432/319
f 432/432/319 450/450/337 449/449/336
f 451/451/338 433/433/320 429/429/316
f 429/429/316 448/448/335 451/451/338
f 452/452/339 434/434/321 431/431/318
f 431/431/318 449/449/336 452/452/339
f 438/438/325 435/435/322 433/433/320
f 433/433/320 451/451/338 438/438/325
f 450/450/337 432/432/319 428/428/315
f 428/428/315 447/447/334 450/450/337
f 453/453/340 226/226/181 225/225/180
f 225/225/180 454/454/341 453/453/340
f 455/455/342 415/415/302 434/434/321
f 434/434/321 456/456/343 455/455/342
f 457/457/344 394/394/281 415/415/302
f 415/415/302 455/455/342 457/457/344
f 458/458/345 213/213/168 229/229/184
f 229/229/184 459/459/346 458/458/345
f 459/459/346 229/229/184 226/226/181
f 226/226/181 453/453/340 459/459/346
f 454/454/341 225/225/180 382/382/272
f 382/382/272 460/460/347 454/454/341
f 460/460/347 382/382/272 394/394/281
f 394/394/281 457/457/344 460/460/347
f 461/461/348 152/152/105 153/153/120
f 153/153/120 462/462/349 461/461/348
f 456/456/343 434/434/321 452/452/339
f 452/452/339 463/463/350 456/456/343
f 464/464/351 214/214/169 213/213/168
f 213/213/168 458/458/345 464/464/351
f 152/152/105 461/461/348 465/465/111
f 466/466/352 453/453/340 454/454/341
f 454/454/341 467/467/353 466/466/352
f 468/468/354 459/459/346 453/453/340
f 453/453/340 466/466/352 468/468/354
f 469/469/355 470/470/107 471/471/108
f 471/471/108 472/472/356 469/469/355
f 473/473/357 474/474/109 475/475/110
f 475/475/110 476/476/358 473/473/357
f 467/467/353 454/454/341 460/460/347
f 460/460/347 477/477/359 467/467/353
f 472/472/356 471/471/108 465/465/111
f 465/465/111 478/478/360 472/472/356
f 477/477/359 460/460/347 457/457/344
f 457/457/344 479/479/361 477/477/359
f 478/478/360 465/465/111 461/461/348
f 461/461/348 480/480/362 478/478/360
f 479/479/361 457/457/344 455/455/342
f 455/455/342 481/481/363 479/479/361
f 480/480/362 461/461/348 462/462/349
f 462/462/349 482/482/364 480/480/362
f 481/481/363 455/455/342 456/456/343
f 456/456/343 483/483/365 481/481/363
f 476/476/358 475/475/110 470/470/107
f 470/470/107 469/469/355 476/476/358
f 484/484/366 464/464/351 458/458/345
f 458/458/345 485/485/367 484/484/366
f 483/483/365 456/456/343 463/463/350
f 463/463/350 486/486/368 483/483/365
f 485/485/367 458/458/345 459/459/346
f 459/459/346 468/468/354 485/485/367
f 487/487/364 488/488/349 464/464/351
f 464/464/351 484/484/366 487/487/364
f 488/488/349 489/489/120 214/214/169
f 214/214/169 464/464/351 488/488/349
f 199/199/154 490/490/141 491/491/147
f 491/491/147 224/224/179 199/199/154
f 221/221/176 492/492/143 493/493/146
f 493/493/146 194/194/149 221/221/176
f 224/224/179 491/491/147 494/494/144
f 494/494/144 220/220/175 224/224/179
f 211/211/166 495/495/142 492/492/143
f 492/492/143 221/221/176 211/211/166
f 220/220/175 494/494/144 496/496/137
f 496/496/137 218/218/173 220/220/175
f 218/218/173 496/496/137 497/497/138
f 497/497/138 216/216/171 218/218/173
f 216/216/171 497/497/138 498/498/145
f 498/498/145 210/210/165 216/216/171
f 214/214/169 489/489/120 499/499/121
f 499/499/121 202/202/157 214/214/169
f 210/210/165 498/498/145 495/495/142
f 495/495/142 211/211/166 210/210/165
f 203/203/158 500/500/122 501/501/123
f 501/501/123 208/208/163 203/203/158
f 208/208/163 501/501/123 502/502/136
f 502/502/136 198/198/153 208/208/163
f 195/195/150 503/503/139 504/504/140
f 504/504/140 205/205/160 195/195/150
f 202/202/157 499/499/121 500/500/122
f 500/500/122 203/203/158 202/202/157
f 198/198/153 502/502/136 490/490/141
f 490/490/141 199/199/154 198/198/153
f 194/194/149 493/493/146 503/503/139
f 503/503/139 195/195/150 194/194/149
f 505/505/369 506/506/370 507/507/32
f 507/507/32 508/508/36 505/505/369
f 509/509/371 510/510/372 506/506/370
f 506/506/370 505/505/369 509/509/371
f 506/506/370 510/510/372 511/511/373
f 511/511/373 512/512/374 506/506/370
f 512/512/374 511/511/373 513/513/375
f 513/513/375 514/514/376 512/512/374
f 514/514/376 513/513/375 515/515/377
f 515/515/377 516/516/378 514/514/376
f 517/517/33 507/507/32 506/506/370
f 506/506/370 512/512/374 517/517/33
f 518/518/37 517/517/33 512/512/374
f 512/512/374 514/514/376 518/518/37
f 519/519/78 518/518/37 514/514/376
f 514/514/376 516/516/378 519/519/78
f 519/519/78 516/516/378 520/520/130
f 516/516/378 515/515/377 521/521/140
f 521/521/140 520/520/130 516/516/378
f 522/522/379 523/523/380 524/524/381
f 524/524/381 525/525/382 522/522/379
f 526/526/383 527/527/384 528/528/385
f 528/528/385 529/529/386 526/526/383
f 530/530/387 531/531/388 532/532/389
f 532/532/389 533/533/390 530/530/387
f 534/534/391 535/535/392 536/536/393
f 536/536/393 537/537/394 534/534/391
f 538/538/395 539/539/396 527/527/384
f 527/527/384 526/526/383 538/538/395
f 540/540/382 541/541/381 542/542/397
f 542/542/397 543/543/398 540/540/382
f 544/544/399 545/545/400 546/546/380
f 546/546/380 547/547/379 544/544/399
f 548/548/401 549/549/402 550/550/392
f 550/550/392 551/551/391 548/548/401
f 533/533/390 532/532/389 552/552/403
f 552/552/403 553/553/404 533/533/390
f 554/554/405 555/555/406 556/556/402
f 556/556/402 557/557/401 554/554/405
f 543/543/398 542/542/397 539/539/396
f 539/539/396 538/538/395 543/543/398
f 558/558/407 559/559/408 560/560/409
f 560/560/409 561/561/410 558/558/407
f 562/562/411 563/563/412 531/531/388
f 531/531/388 530/530/387 562/562/411
f 537/537/394 536/536/393 545/545/400
f 545/545/400 544/544/399 537/537/394
f 564/564/413 565/565/414 559/559/408
f 559/559/408 558/558/407 564/564/413
f 529/529/386 528/528/385 565/565/414
f 565/565/414 564/564/413 529/529/386
f 553/553/404 552/552/403 555/555/406
f 555/555/406 554/554/405 553/553/404
f 552/552/403 404/404/291 372/372/266
f 372/372/266 555/555/406 552/552/403
f 528/528/385 566/566/375 567/567/373
f 567/567/373 565/565/414 528/528/385
f 565/565/414 567/567/373 568/568/372
f 568/568/372 559/559/408 565/565/414
f 536/536/393 310/310/231 284/284/211
f 284/284/211 545/545/400 536/536/393
f 563/563/412 446/446/333 427/427/314
f 427/427/314 531/531/388 563/563/412
f 559/559/408 568/568/372 569/569/371
f 569/569/371 560/560/409 559/559/408
f 542/542/397 205/205/160 504/504/140
f 504/504/140 539/539/396 542/542/397
f 555/555/406 372/372/266 371/371/251
f 371/371/251 556/556/402 555/555/406
f 532/532/389 408/408/295 404/404/291
f 404/404/291 552/552/403 532/532/389
f 549/549/402 340/340/251 339/339/243
f 339/339/243 550/550/392 549/549/402
f 545/545/400 284/284/211 283/283/189
f 283/283/189 546/546/380 545/545/400
f 541/541/381 206/206/161 205/205/160
f 205/205/160 542/542/397 541/541/381
f 539/539/396 504/504/140 570/570/377
f 570/570/377 527/527/384 539/539/396
f 535/535/392 322/322/243 310/310/231
f 310/310/231 536/536/393 535/535/392
f 531/531/388 427/427/314 408/408/295
f 408/408/295 532/532/389 531/531/388
f 527/527/384 570/570/377 566/566/375
f 566/566/375 528/528/385 527/527/384
f 523/523/380 238/238/189 237/237/161
f 237/237/161 524/524/381 523/523/380
f 571/571/415 564/564/413 558/558/407
f 558/558/407 572/572/416 571/571/415
f 573/573/417 554/554/405 557/557/401
f 557/557/401 574/574/418 573/573/417
f 575/575/419 529/529/386 564/564/413
f 564/564/413 571/571/415 575/575/419
f 576/576/420 553/553/404 554/554/405
f 554/554/405 573/573/417 576/576/420
f 577/577/421 540/540/382 543/543/398
f 543/543/398 578/578/422 577/577/421
f 579/579/423 526/526/383 529/529/386
f 529/529/386 575/575/419 579/579/423
f 580/580/424 533/533/390 553/553/404
f 553/553/404 576/576/420 580/580/424
f 581/581/425 522/522/379 525/525/382
f 525/525/382 582/582/421 581/581/425
f 583/583/426 538/538/395 526/526/383
f 526/526/383 579/579/423 583/583/426
f 584/584/427 530/530/387 533/533/390
f 533/533/390 580/580/424 584/584/427
f 585/585/428 544/544/399 547/547/379
f 547/547/379 586/586/425 585/585/428
f 587/587/429 562/562/411 530/530/387
f 530/530/387 584/584/427 587/587/429
f 588/588/430 537/537/394 544/544/399
f 544/544/399 585/585/428 588/588/430
f 578/578/422 543/543/398 538/538/395
f 538/538/395 583/583/426 578/578/422
f 589/589/431 534/534/391 537/537/394
f 537/537/394 588/588/430 589/589/431
f 572/572/416 558/558/407 561/561/410
f 561/561/410 590/590/432 572/572/416
f 591/591/418 548/548/401 551/551/391
f 551/551/391 592/592/431 591/591/418
f 593/593/433 594/594/428 595/595/425
f 595/595/425 596/596/434 593/593/433
f 597/597/435 587/587/429 584/584/427
f 584/584/427 598/598/436 597/597/435
f 599/599/437 600/600/430 594/594/428
f 594/594/428 593/593/433 599/599/437
f 601/601/438 578/578/422 583/583/426
f 583/583/426 602/602/439 601/601/438
f 603/603/440 604/604/431 600/600/430
f 600/600/430 599/599/437 603/603/440
f 605/605/441 572/572/416 590/590/432
f 590/590/432 606/606/442 605/605/441
f 607/607/443 574/574/418 604/604/431
f 604/604/431 603/603/440 607/607/443
f 608/608/444 571/571/415 572/572/416
f 572/572/416 605/605/441 608/608/444
f 609/609/445 573/573/417 574/574/418
f 574/574/418 607/607/443 609/609/445
f 610/610/446 575/575/419 571/571/415
f 571/571/415 608/608/444 610/610/446
f 611/611/447 576/576/420 573/573/417
f 573/573/417 609/609/445 611/611/447
f 612/612/448 577/577/421 578/578/422
f 578/578/422 601/601/438 612/612/448
f 613/613/449 579/579/423 575/575/419
f 575/575/419 610/610/446 613/613/449
f 614/614/450 580/580/424 576/576/420
f 576/576/420 611/611/447 614/614/450
f 596/596/434 595/595/425 577/577/421
f 577/577/421 612/612/448 596/596/434
f 602/602/439 583/583/426 579/579/423
f 579/579/423 613/613/449 602/602/439
f 598/598/436 584/584/427 580/580/424
f 580/580/424 614/614/450 598/598/436
f 615/615/451 603/603/440 599/599/437
f 599/599/437 616/616/452 615/615/451
f 617/617/453 605/605/441 606/606/442
f 606/606/442 618/618/454 617/617/453
f 619/619/455 607/607/443 603/603/440
f 603/603/440 615/615/451 619/619/455
f 620/620/456 608/608/444 605/605/441
f 605/605/441 617/617/453 620/620/456
f 621/621/457 609/609/445 607/607/443
f 607/607/443 619/619/455 621/621/457
f 622/622/458 610/610/446 608/608/444
f 608/608/444 620/620/456 622/622/458
f 623/623/459 611/611/447 609/609/445
f 609/609/445 621/621/457 623/623/459
f 624/624/460 612/612/448 601/601/438
f 601/601/438 625/625/461 624/624/460
f 626/626/462 613/613/449 610/610/446
f 610/610/446 622/622/458 626/626/462
f 627/627/463 614/614/450 611/611/447
f 611/611/447 623/623/459 627/627/463
f 628/628/464 596/596/434 612/612/448
f 612/612/448 624/624/460 628/628/464
f 629/629/465 602/602/439 613/613/449
f 613/613/449 626/626/462 629/629/465
f 630/630/466 598/598/436 614/614/450
f 614/614/450 627/627/463 630/630/466
f 631/631/467 593/593/433 596/596/434
f 596/596/434 628/628/464 631/631/467
f 632/632/468 597/597/435 598/598/436
f 598/598/436 630/630/466 632/632/468
f 616/616/452 599/599/437 593/593/433
f 593/593/433 631/631/467 616/616/452
f 625/625/461 601/601/438 602/602/439
f 602/602/439 629/629/465 625/625/461
f 633/633/460 634/634/461 635/635/465
f 633/633/460 635/635/465 636/636/462
f 633/633/460 636/636/462 637/637/458
f 633/633/460 637/637/458 638/638/456
f 633/633/460 638/638/456 639/639/453
f 633/633/460 639/639/453 640/640/454
f 633/633/460 640/640/454 641/641/468
f 633/633/460 641/641/468 642/642/466
f 633/633/460 642/642/466 643/643/463
f 633/633/460 643/643/463 644/644/459
f 633/633/460 644/644/459 645/645/457
f 633/633/460 645/645/457 646/646/455
f 633/633/460 646/646/455 647/647/451
f 633/633/460 647/647/451 648/648/452
f 633/633/460 648/648/452 649/649/467
f 649/649/467 650/650/464 633/633/460
f 651/651/469 481/481/363 483/483/365
f 483/483/365 652/652/470 651/651/469
f 653/653/471 487/487/364 484/484/366
f 484/484/366 654/654/472 653/653/471
f 652/652/470 483/483/365 486/486/368
f 486/486/368 655/655/473 652/652/470
f 656/656/474 485/485/367 468/468/354
f 468/468/354 657/657/475 656/656/474
f 658/658/476 478/478/360 480/480/362
f 480/480/362 659/659/477 658/658/476
f 660/660/478 466/466/352 467/467/353
f 467/467/353 661/661/479 660/660/478
f 662/662/480 469/469/355 472/472/356
f 472/472/356 663/663/481 662/662/480
f 657/657/475 468/468/354 466/466/352
f 466/466/352 660/660/478 657/657/475
f 664/664/482 476/476/358 469/469/355
f 469/469/355 662/662/480 664/664/482
f 661/661/479 467/467/353 477/477/359
f 477/477/359 665/665/483 661/661/479
f 663/663/481 472/472/356 478/478/360
f 478/478/360 658/658/476 663/663/481
f 665/665/483 477/477/359 479/479/361
f 479/479/361 666/666/484 665/665/483
f 667/667/485 473/473/357 476/476/358
f 476/476/358 664/664/482 667/667/485
f 654/654/472 484/484/366 485/485/367
f 485/485/367 656/656/474 654/654/472
f 666/666/484 479/479/361 481/481/363
f 481/481/363 651/651/469 666/666/484
f 659/659/477 480/480/362 482/482/364
f 482/482/364 668/668/471 659/659/477
f 669/669/486 662/662/480 663/663/481
f 663/663/481 670/670/487 669/669/486
f 671/671/488 654/654/472 656/656/474
f 656/656/474 672/672/489 671/671/488
f 673/673/490 657/657/475 660/660/478
f 660/660/478 674/674/491 673/673/490
f 675/675/492 664/664/482 662/662/480
f 662/662/480 669/669/486 675/675/492
f 676/676/493 661/661/479 665/665/483
f 665/665/483 677/677/494 676/676/493
f 670/670/487 663/663/481 658/658/476
f 658/658/476 678/678/495 670/670/487
f 677/677/494 665/665/483 666/666/484
f 666/666/484 679/679/496 677/677/494
f 680/680/497 667/667/485 664/664/482
f 664/664/482 675/675/492 680/680/497
f 679/679/496 666/666/484 651/651/469
f 651/651/469 681/681/498 679/679/496
f 682/682/499 659/659/477 668/668/471
f 668/668/471 683/683/500 682/682/499
f 681/681/498 651/651/469 652/652/470
f 652/652/470 684/684/501 681/681/498
f 685/685/500 653/653/471 654/654/472
f 654/654/472 671/671/488 685/685/500
f 684/684/501 652/652/470 655/655/473
f 655/655/473 686/686/502 684/684/501
f 672/672/489 656/656/474 657/657/475
f 657/657/475 673/673/490 672/672/489
f 678/678/495 658/658/476 659/659/477
f 659/659/477 682/682/499 678/678/495
f 674/674/491 660/660/478 661/661/479
f 661/661/479 676/676/493 674/674/491
f 687/687/503 682/682/499 683/683/500
f 683/683/500 688/688/504 687/687/503
f 689/689/505 681/681/498 684/684/501
f 684/684/501 690/690/506 689/689/505
f 691/691/504 685/685/500 671/671/488
f 671/671/488 692/692/507 691/691/504
f 690/690/506 684/684/501 686/686/502
f 686/686/502 693/693/508 690/690/506
f 694/694/509 672/672/489 673/673/490
f 673/673/490 695/695/510 694/694/509
f 696/696/511 678/678/495 682/682/499
f 682/682/499 687/687/503 696/696/511
f 697/697/512 674/674/491 676/676/493
f 676/676/493 698/698/513 697/697/512
f 699/699/514 669/669/486 670/670/487
f 670/670/487 700/700/515 699/699/514
f 692/692/507 671/671/488 672/672/489
f 672/672/489 694/694/509 692/692/507
f 695/695/510 673/673/490 674/674/491
f 674/674/491 697/697/512 695/695/510
f 701/701/516 675/675/492 669/669/486
f 669/669/486 699/699/514 701/701/516
f 698/698/513 676/676/493 677/677/494
f 677/677/494 702/702/517 698/698/513
f 700/700/515 670/670/487 678/678/495
f 678/678/495 696/696/511 700/700/515
f 702/702/517 677/677/494 679/679/496
f 679/679/496 703/703/518 702/702/517
f 704/704/519 680/680/497 675/675/492
f 675/675/492 701/701/516 704/704/519
f 703/703/518 679/679/496 681/681/498
f 681/681/498 689/689/505 703/703/518
f 705/705/520 698/698/513 702/702/517
f 702/702/517 706/706/521 705/705/520
f 707/707/522 696/696/511 687/687/503
f 687/687/503 708/708/523 707/707/522
f 709/709/524 700/700/515 696/696/511
f 696/696/511 707/707/522 709/709/524
f 710/710/525 690/690/506 693/693/508
f 693/693/508 711/711/526 710/710/525
f 712/712/527 701/701/516 699/699/514
f 699/699/514 713/713/528 712/712/527
f 714/714/529 697/697/512 698/698/513
f 698/698/513 705/705/520 714/714/529
f 715/715/530 695/695/510 697/697/512
f 697/697/512 714/714/529 715/715/530
f 716/716/531 689/689/505 690/690/506
f 690/690/506 710/710/525 716/716/531
f 717/717/532 692/692/507 694/694/509
f 694/694/509 718/718/533 717/717/532
f 708/708/523 687/687/503 688/688/504
f 688/688/504 719/719/534 708/708/523
f 713/713/528 699/699/514 700/700/515
f 700/700/515 709/709/524 713/713/528
f 720/720/535 703/703/518 689/689/505
f 689/689/505 716/716/531 720/720/535
f 721/721/534 691/691/504 692/692/507
f 692/692/507 717/717/532 721/721/534
f 706/706/521 702/702/517 703/703/518
f 703/703/518 720/720/535 706/706/521
f 718/718/533 694/694/509 695/695/510
f 695/695/510 715/715/530 718/718/533
f 722/722/536 704/704/519 701/701/516
f 701/701/516 712/712/527 722/722/536
f 723/723/537 713/713/528 709/709/524
f 709/709/524 724/724/538 723/723/537
f 725/725/539 717/717/532 718/718/533
f 718/718/533 726/726/540 725/725/539
f 727/727/541 712/712/527 713/713/528
f 713/713/528 723/723/537 727/727/541
f 728/728/542 716/716/531 710/710/525
f 710/710/525 729/729/543 728/728/542
f 726/726/540 718/718/533 715/715/530
f 715/715/530 730/730/544 726/726/540
f 731/731/545 720/720/535 716/716/531
f 716/716/531 728/728/542 731/731/545
f 732/732/546 707/707/522 708/708/523
f 708/708/523 733/733/547 732/732/546
f 734/734/548 706/706/521 720/720/535
f 720/720/535 731/731/545 734/734/548
f 735/735/549 705/705/520 706/706/521
f 706/706/521 734/734/548 735/735/549
f 733/733/547 708/708/523 719/719/534
f 719/719/534 736/736/550 733/733/547
f 737/737/551 714/714/529 705/705/520
f 705/705/520 735/735/549 737/737/551
f 730/730/544 715/715/530 714/714/529
f 714/714/529 737/737/551 730/730/544
f 738/738/550 721/721/534 717/717/532
f 717/717/532 725/725/539 738/738/550
f 729/729/543 710/710/525 711/711/526
f 711/711/526 739/739/552 729/729/543
f 740/740/553 722/722/536 712/712/527
f 712/712/527 727/727/541 740/740/553
f 724/724/538 709/709/524 707/707/522
f 707/707/522 732/732/546 724/724/538
f 741/741/554 734/734/548 731/731/545
f 731/731/545 742/742/555 741/741/554
f 743/743/556 728/728/542 729/729/543
f 729/729/543 744/744/557 743/743/556
f 745/745/558 730/730/544 737/737/551
f 737/737/551 746/746/559 745/745/558
f 747/747/560 732/732/546 733/733/547
f 733/733/547 748/748/561 747/747/560
f 744/744/557 729/729/543 739/739/552
f 739/739/552 749/749/562 744/744/557
f 750/750/563 735/735/549 734/734/548
f 734/734/548 741/741/554 750/750/563
f 751/751/564 726/726/540 730/730/544
f 730/730/544 745/745/558 751/751/564
f 746/746/559 737/737/551 735/735/549
f 735/735/549 750/750/563 746/746/559
f 748/748/561 733/733/547 736/736/550
f 736/736/550 752/752/565 748/748/561
f 753/753/565 738/738/550 725/725/539
f 725/725/539 754/754/566 753/753/565
f 755/755/567 724/724/538 732/732/546
f 732/732/546 747/747/560 755/755/567
f 756/756/568 740/740/553 727/727/541
f 727/727/541 757/757/569 756/756/568
f 758/758/570 723/723/537 724/724/538
f 724/724/538 755/755/567 758/758/570
f 742/742/555 731/731/545 728/728/542
f 728/728/542 743/743/556 742/742/555
f 754/754/566 725/725/539 726/726/540
f 726/726/540 751/751/564 754/754/566
f 757/757/569 727/727/541 723/723/537
f 723/723/537 758/758/570 757/757/569
f 759/759/571 748/748/561 752/752/565
f 752/752/565 760/760/572 759/759/571
f 761/761/572 753/753/565 754/754/566
f 754/754/566 762/762/573 761/761/572
f 763/763/574 755/755/567 747/747/560
f 747/747/560 764/764/575 763/763/574
f 765/765/576 756/756/568 757/757/569
f 757/757/569 766/766/577 765/765/576
f 767/767/578 758/758/570 755/755/567
f 755/755/567 763/763/574 767/767/578
f 768/768/579 742/742/555 743/743/556
f 743/743/556 769/769/580 768/768/579
f 762/762/573 754/754/566 751/751/564
f 751/751/564 770/770/581 762/762/573
f 766/766/577 757/757/569 758/758/570
f 758/758/570 767/767/578 766/766/577
f 771/771/582 741/741/554 742/742/555
f 742/742/555 768/768/579 771/771/582
f 769/769/580 743/743/556 744/744/557
f 744/744/557 772/772/583 769/769/580
f 773/773/584 745/745/558 746/746/559
f 746/746/559 774/774/585 773/773/584
f 764/764/575 747/747/560 748/748/561
f 748/748/561 759/759/571 764/764/575
f 772/772/583 744/744/557 749/749/562
f 749/749/562 775/775/586 772/772/583
f 776/776/587 750/750/563 741/741/554
f 741/741/554 771/771/582 776/776/587
f 770/770/581 751/751/564 745/745/558
f 745/745/558 773/773/584 770/770/581
f 774/774/585 746/746/559 750/750/563
f 750/750/563 776/776/587 774/774/585
f 777/777/573 778/778/581 779/779/584
f 777/777/573 779/779/584 780/780/585
f 777/777/573 780/780/585 781/781/587
f 777/777/573 781/781/587 782/782/582
f 777/777/573 782/782/582 783/783/579
f 777/777/573 783/783/579 784/784/580
f 777/777/573 784/784/580 785/785/583
f 777/777/573 785/785/583 786/786/586
f 777/777/573 786/786/586 787/787/576
f 777/777/573 787/787/576 788/788/577
f 777/777/573 788/788/577 789/789/578
f 777/777/573 789/789/578 790/790/574
f 777/777/573 790/790/574 791/791/575
f 777/777/573 791/791/575 792/792/571
f 792/792/571 793/793/572 777/777/573
f 794/794/588 795/795/589 796/796/590
f 796/796/590 797/797/591 794/794/588
f 798/798/592 799/799/593 800/800/594
f 800/800/594 801/801/595 798/798/592
f 802/802/9 799/799/593 798/798/592
f 798/798/592 803/803/10 802/802/9
f 804/804/596 798/798/592 801/801/595
f 801/801/595 805/805/597 804/804/596
f 797/797/591 796/796/590 806/806/598
f 806/806/598 807/807/599 797/797/591
f 801/801/595 797/797/591 807/807/599
f 807/807/599 805/805/597 801/801/595
f 808/808/15 803/803/10 798/798/592
f 798/798/592 804/804/596 808/808/15
f 809/809/600 805/805/597 807/807/599
f 807/807/599 810/810/601 809/809/600
f 804/804/596 805/805/597 809/809/600
f 809/809/600 811/811/602 804/804/596
f 807/807/599 806/806/598 812/812/603
f 812/812/603 810/810/601 807/807/599
f 813/813/20 808/808/15 804/804/596
f 804/804/596 811/811/602 813/813/20
f 813/813/20 811/811/602 814/814/604
f 814/814/604 815/815/22 813/813/20
f 809/809/600 810/810/601 816/816/605
f 816/816/605 817/817/606 809/809/600
f 811/811/602 809/809/600 817/817/606
f 817/817/606 814/814/604 811/811/602
f 818/818/607 819/819/25 815/815/22
f 815/815/22 814/814/604 818/818/607
f 817/817/606 820/820/608 818/818/607
f 818/818/607 814/814/604 817/817/606
f 821/821/609 822/822/610 823/823/611
f 823/823/611 816/816/605 821/821/609
f 816/816/605 823/823/611 820/820/608
f 820/820/608 817/817/606 816/816/605
f 824/824/612 825/825/613 826/826/614
f 826/826/614 827/827/615 824/824/612
f 825/825/613 828/828/36 829/829/35
f 829/829/35 826/826/614 825/825/613
f 830/830/616 824/824/612 827/827/615
f 827/827/615 831/831/617 830/830/616
f 826/826/614 829/829/35 832/832/39
f 832/832/39 833/833/618 826/826/614
f 831/831/617 827/827/615 834/834/619
f 834/834/619 835/835/620 831/831/617
f 827/827/615 826/826/614 833/833/618
f 833/833/618 834/834/619 827/827/615
f 833/833/618 832/832/39 836/836/43
f 836/836/43 837/837/621 833/833/618
f 834/834/619 833/833/618 837/837/621
f 837/837/621 838/838/622 834/834/619
f 835/835/620 834/834/619 838/838/622
f 838/838/622 839/839/623 835/835/620
f 838/838/622 837/837/621 840/840/624
f 840/840/624 841/841/625 838/838/622
f 837/837/621 836/836/43 842/842/49
f 842/842/49 840/840/624 837/837/621
f 839/839/623 838/838/622 841/841/625
f 841/841/625 843/843/626 839/839/623
f 840/840/624 842/842/49 819/819/25
f 819/819/25 818/818/607 840/840/624
f 841/841/625 840/840/624 818/818/607
f 818/818/607 820/820/608 841/841/625
f 843/843/626 841/841/625 820/820/608
f 820/820/608 823/823/611 843/843/626
f 800/800/594 794/794/588 797/797/591
f 797/797/591 801/801/595 800/800/594
f 844/844/627 845/845/628 846/846/629
f 846/846/629 847/847/630 844/844/627
f 848/848/631 849/849/632 845/845/628
f 845/845/628 844/844/627 848/848/631
f 850/850/633 851/851/634 849/849/632
f 849/849/632 848/848/631 850/850/633
f 852/852/635 851/851/634 850/850/633
f 853/853/636 854/854/589 855/855/588
f 855/855/588 856/856/637 853/853/636
f 856/856/637 855/855/588 857/857/594
f 857/857/594 858/858/638 856/856/637
f 858/858/638 857/857/594 859/859/593
f 859/859/593 860/860/639 858/858/638
f 860/860/639 859/859/593 861/861/9
f 861/861/9 862/862/64 860/860/639
f 863/863/640 864/864/641 856/856/637
f 856/856/637 858/858/638 863/863/640
f 865/865/68 866/866/67 852/852/635
f 852/852/635 850/850/633 865/865/68
f 867/867/642 851/851/634 852/852/635
f 852/852/635 868/868/643 867/867/642
f 869/869/644 849/849/632 851/851/634
f 851/851/634 867/867/642 869/869/644
f 870/870/645 845/845/628 849/849/632
f 849/849/632 869/869/644 870/870/645
f 846/846/629 845/845/628 870/870/645
f 868/868/643 846/846/629 870/870/645
f 868/868/643 870/870/645 869/869/644
f 869/869/644 867/867/642 868/868/643
f 848/848/631 844/844/627 864/864/641
f 864/864/641 863/863/640 848/848/631
f 864/864/641 871/871/646 853/853/636
f 853/853/636 856/856/637 864/864/641
f 872/872/647 843/843/626 823/823/611
f 823/823/611 822/822/610 872/872/647
f 873/873/648 839/839/623 843/843/626
f 843/843/626 872/872/647 873/873/648
f 874/874/649 835/835/620 839/839/623
f 839/839/623 873/873/648 874/874/649
f 875/875/650 831/831/617 835/835/620
f 835/835/620 874/874/649 875/875/650
f 876/876/651 830/830/616 831/831/617
f 831/831/617 875/875/650 876/876/651
f 816/816/605 810/810/601 812/812/603
f 812/812/603 821/821/609 816/816/605
f 871/871/646 864/864/641 844/844/627
f 844/844/627 847/847/630 871/871/646
f 871/871/646 847/847/630 877/877/652
f 878/878/653 846/846/629 868/868/643
f 852/852/635 878/878/653 868/868/643
f 878/878/653 877/877/652 847/847/630
f 847/847/630 846/846/629 878/878/653
f 863/863/640 858/858/638 860/860/639
f 860/860/639 879/879/654 863/863/640
f 879/879/654 860/860/639 862/862/64
f 862/862/64 880/880/82 879/879/654
f 879/879/654 880/880/82 881/881/83
f 881/881/83 882/882/655 879/879/654
f 863/863/640 879/879/654 882/882/655
f 882/882/655 848/848/631 863/863/640
f 881/881/83 865/865/68 850/850/633
f 850/850/633 882/882/655 881/881/83
f 848/848/631 882/882/655 850/850/633
f 883/883/656 884/884/657 885/885/658
f 885/885/658 886/886/659 883/883/656
f 887/887/660 888/888/661 889/889/662
f 889/889/662 890/890/663 887/887/660
f 883/883/656 886/886/659 891/891/664
f 884/884/657 887/887/660 890/890/663
f 890/890/663 885/885/658 884/884/657
f 888/888/661 892/892/95 893/893/94
f 893/893/94 889/889/662 888/888/661
f 894/894/657 895/895/656 896/896/665
f 896/896/665 897/897/666 894/894/657
f 898/898/661 899/899/660 900/900/667
f 900/900/667 901/901/668 898/898/661
f 899/899/660 894/894/657 897/897/666
f 897/897/666 900/900/667 899/899/660
f 902/902/95 898/898/661 901/901/668
f 901/901/668 903/903/100 902/902/95
f 904/904/664 896/896/665 895/895/656
f 905/905/667 906/906/666 907/907/669
f 907/907/669 908/908/670 905/905/667
f 909/909/100 910/910/668 911/911/671
f 911/911/671 912/912/104 909/909/100
f 913/913/665 914/914/664 915/915/672
f 915/915/672 916/916/673 913/913/665
f 906/906/666 913/913/665 916/916/673
f 916/916/673 907/907/669 906/906/666
f 910/910/668 905/905/667 908/908/670
f 908/908/670 911/911/671 910/910/668
f 917/917/658 918/918/663 919/919/674
f 919/919/674 920/920/675 917/917/658
f 921/921/662 922/922/94 923/923/109
f 923/923/109 924/924/676 921/921/662
f 925/925/659 917/917/658 920/920/675
f 920/920/675 926/926/677 925/925/659
f 918/918/663 921/921/662 924/924/676
f 924/924/676 919/919/674 918/918/663
f 914/914/664 925/925/659 926/926/677
f 926/926/677 915/915/672 914/914/664
f 927/927/678 928/928/671 929/929/670
f 929/929/670 930/930/679 927/927/678
f 931/931/635 927/927/678 930/930/679
f 930/930/679 932/932/653 931/931/635
f 927/927/678 931/931/635 933/933/67
f 933/933/67 934/934/114 927/927/678
f 927/927/678 934/934/114 935/935/104
f 935/935/104 928/928/671 927/927/678
f 932/932/653 930/930/679 936/936/680
f 936/936/680 937/937/652 932/932/653
f 930/930/679 929/929/670 938/938/669
f 938/938/669 936/936/680 930/930/679
f 937/937/652 936/936/680 939/939/681
f 939/939/681 940/940/646 937/937/652
f 936/936/680 938/938/669 941/941/673
f 941/941/673 939/939/681 936/936/680
f 940/940/646 939/939/681 942/942/682
f 942/942/682 943/943/683 940/940/646
f 939/939/681 941/941/673 944/944/684
f 944/944/684 942/942/682 939/939/681
f 941/941/673 945/945/672 944/944/684
f 944/944/684 945/945/672 946/946/685
f 946/946/685 947/947/686 944/944/684
f 943/943/683 942/942/682 948/948/687
f 948/948/687 949/949/688 943/943/683
f 942/942/682 944/944/684 947/947/686
f 947/947/686 948/948/687 942/942/682
f 950/950/650 951/951/649 952/952/689
f 952/952/689 953/953/690 950/950/650
f 954/954/609 955/955/603 956/956/691
f 956/956/691 957/957/692 954/954/609
f 958/958/589 959/959/636 960/960/693
f 960/960/693 961/961/694 958/958/589
f 962/962/651 950/950/650 953/953/690
f 953/953/690 963/963/695 962/962/651
f 955/955/603 964/964/598 965/965/696
f 965/965/696 956/956/691 955/955/603
f 966/966/648 967/967/647 968/968/697
f 968/968/697 969/969/698 966/966/648
f 959/959/636 940/940/646 943/943/683
f 943/943/683 960/960/693 959/959/636
f 967/967/647 970/970/610 971/971/699
f 971/971/699 968/968/697 967/967/647
f 964/964/598 972/972/590 973/973/700
f 973/973/700 965/965/696 964/964/598
f 951/951/649 966/966/648 969/969/698
f 969/969/698 952/952/689 951/951/649
f 970/970/610 954/954/609 957/957/692
f 957/957/692 971/971/699 970/970/610
f 972/972/590 958/958/589 961/961/694
f 961/961/694 973/973/700 972/972/590
f 960/960/693 943/943/683 949/949/688
f 949/949/688 974/974/701 960/960/693
f 957/957/692 956/956/691 975/975/702
f 975/975/702 976/976/703 957/957/692
f 963/963/695 953/953/690 977/977/704
f 977/977/704 978/978/705 963/963/695
f 961/961/694 960/960/693 974/974/701
f 974/974/701 979/979/706 961/961/694
f 969/969/698 968/968/697 980/980/707
f 980/980/707 981/981/708 969/969/698
f 956/956/691 965/965/696 982/982/709
f 982/982/709 975/975/702 956/956/691
f 968/968/697 971/971/699 983/983/710
f 983/983/710 980/980/707 968/968/697
f 952/952/689 969/969/698 981/981/708
f 981/981/708 984/984/711 952/952/689
f 965/965/696 973/973/700 985/985/712
f 985/985/712 982/982/709 965/965/696
f 971/971/699 957/957/692 976/976/703
f 976/976/703 983/983/710 971/971/699
f 953/953/690 952/952/689 984/984/711
f 984/984/711 977/977/704 953/953/690
f 973/973/700 961/961/694 979/979/706
f 979/979/706 985/985/712 973/973/700
f 986/986/713 987/987/714 988/988/715
f 988/988/715 989/989/716 986/986/713
f 990/990/717 991/991/718 992/992/719
f 992/992/719 993/993/720 990/990/717
f 994/994/721 995/995/722 996/996/723
f 996/996/723 997/997/724 994/994/721
f 998/998/725 986/986/713 989/989/716
f 989/989/716 999/999/726 998/998/725
f 991/991/718 1000/1000/727 1001/1001/728
f 1001/1001/728 992/992/719 991/991/718
f 1000/1000/727 994/994/721 997/997/724
f 997/997/724 1001/1001/728 1000/1000/727
f 1002/1002/729 1003/1003/730 1004/1004/731
f 1004/1004/731 1005/1005/732 1002/1002/729
f 995/995/722 1006/1006/733 1007/1007/734
f 1007/1007/734 996/996/723 995/995/722
f 1003/1003/730 1008/1008/735 1009/1009/736
f 1009/1009/736 1004/1004/731 1003/1003/730
f 1008/1008/735 1010/1010/737 1011/1011/738
f 1011/1011/738 1009/1009/736 1008/1008/735
f 1010/1010/737 1012/1012/739 1013/1013/740
f 1013/1013/740 1011/1011/738 1010/1010/737
f 1014/1014/741 1002/1002/729 1005/1005/732
f 1005/1005/732 1015/1015/742 1014/1014/741
f 1012/1012/739 1016/1016/743 1017/1017/744
f 1017/1017/744 1013/1013/740 1012/1012/739
f 987/987/714 1014/1014/741 1015/1015/742
f 1015/1015/742 988/988/715 987/987/714
f 1016/1016/743 990/990/717 993/993/720
f 993/993/720 1017/1017/744 1016/1016/743
f 1018/1018/745 1019/1019/746 1020/1020/747
f 1020/1020/747 1021/1021/748 1018/1018/745
f 996/996/723 1007/1007/734 1022/1022/749
f 1022/1022/749 1023/1023/750 996/996/723
f 1023/1023/750 1022/1022/749 1019/1019/746
f 1019/1019/746 1018/1018/745 1023/1023/750
f 1024/1024/720 1025/1025/719 1026/1026/751
f 1026/1026/751 1027/1027/752 1024/1024/720
f 1028/1028/726 1029/1029/716 1030/1030/753
f 1030/1030/753 1031/1031/754 1028/1028/726
f 1025/1025/719 1032/1032/728 1033/1033/755
f 1033/1033/755 1026/1026/751 1025/1025/719
f 1034/1034/732 1035/1035/731 1036/1036/756
f 1036/1036/756 1037/1037/757 1034/1034/732
f 1038/1038/724 1039/1039/723 1040/1040/758
f 1040/1040/758 1041/1041/759 1038/1038/724
f 1035/1035/731 1042/1042/736 1043/1043/760
f 1043/1043/760 1036/1036/756 1035/1035/731
f 1032/1032/728 1038/1038/724 1041/1041/759
f 1041/1041/759 1033/1033/755 1032/1032/728
f 1042/1042/736 1044/1044/738 1045/1045/761
f 1045/1045/761 1043/1043/760 1042/1042/736
f 1044/1044/738 1046/1046/740 1047/1047/762
f 1047/1047/762 1045/1045/761 1044/1044/738
f 1048/1048/742 1034/1034/732 1037/1037/757
f 1037/1037/757 1049/1049/763 1048/1048/742
f 1046/1046/740 1050/1050/744 1051/1051/764
f 1051/1051/764 1047/1047/762 1046/1046/740
f 1052/1052/715 1048/1048/742 1049/1049/763
f 1049/1049/763 1053/1053/765 1052/1052/715
f 1050/1050/744 1024/1024/720 1027/1027/752
f 1027/1027/752 1051/1051/764 1050/1050/744
f 1029/1029/716 1052/1052/715 1053/1053/765
f 1053/1053/765 1030/1030/753 1029/1029/716
f 1054/1054/723 1055/1055/750 1056/1056/766
f 1056/1056/766 1057/1057/758 1054/1054/723
f 1055/1055/750 1058/1058/745 1059/1059/767
f 1059/1059/767 1056/1056/766 1055/1055/750
f 1058/1058/745 1060/1060/748 1061/1061/768
f 1061/1061/768 1059/1059/767 1058/1058/745
f 1062/1062/762 1063/1063/764 1064/1064/769
f 1064/1064/769 1065/1065/770 1062/1062/762
f 1066/1066/765 1067/1067/763 1068/1068/771
f 1068/1068/771 1069/1069/772 1066/1066/765
f 1063/1063/764 1070/1070/752 1071/1071/773
f 1071/1071/773 1064/1064/769 1063/1063/764
f 1072/1072/753 1066/1066/765 1069/1069/772
f 1069/1069/772 1073/1073/774 1072/1072/753
f 1070/1070/752 1074/1074/751 1075/1075/775
f 1075/1075/775 1071/1071/773 1070/1070/752
f 1076/1076/754 1072/1072/753 1073/1073/774
f 1073/1073/774 1077/1077/776 1076/1076/754
f 1074/1074/751 1078/1078/755 1079/1079/777
f 1079/1079/777 1075/1075/775 1074/1074/751
f 1080/1080/757 1081/1081/756 1082/1082/778
f 1082/1082/778 1083/1083/779 1080/1080/757
f 1081/1081/756 1084/1084/760 1085/1085/780
f 1085/1085/780 1082/1082/778 1081/1081/756
f 1084/1084/760 1086/1086/761 1087/1087/781
f 1087/1087/781 1085/1085/780 1084/1084/760
f 1078/1078/755 1088/1088/759 1089/1089/782
f 1089/1089/782 1079/1079/777 1078/1078/755
f 1086/1086/761 1062/1062/762 1065/1065/770
f 1065/1065/770 1087/1087/781 1086/1086/761
f 1067/1067/763 1080/1080/757 1083/1083/779
f 1083/1083/779 1068/1068/771 1067/1067/763
f 1075/1075/775 1079/1079/777 1090/1090/783
f 1090/1090/783 1091/1091/784 1075/1075/775
f 1083/1083/779 1082/1082/778 1092/1092/785
f 1092/1092/785 1093/1093/786 1083/1083/779
f 1082/1082/778 1085/1085/780 1094/1094/787
f 1094/1094/787 1092/1092/785 1082/1082/778
f 1085/1085/780 1087/1087/781 1095/1095/788
f 1095/1095/788 1094/1094/787 1085/1085/780
f 1079/1079/777 1089/1089/782 1096/1096/789
f 1096/1096/789 1090/1090/783 1079/1079/777
f 1087/1087/781 1065/1065/770 1097/1097/790
f 1097/1097/790 1095/1095/788 1087/1087/781
f 1068/1068/771 1083/1083/779 1093/1093/786
f 1093/1093/786 1098/1098/791 1068/1068/771
f 1065/1065/770 1064/1064/769 1099/1099/792
f 1099/1099/792 1097/1097/790 1065/1065/770
f 1069/1069/772 1068/1068/771 1098/1098/791
f 1098/1098/791 1100/1100/793 1069/1069/772
f 1064/1064/769 1071/1071/773 1101/1101/794
f 1101/1101/794 1099/1099/792 1064/1064/769
f 1073/1073/774 1069/1069/772 1100/1100/793
f 1100/1100/793 1102/1102/795 1073/1073/774
f 1071/1071/773 1075/1075/775 1091/1091/784
f 1091/1091/784 1101/1101/794 1071/1071/773
f 1077/1077/776 1073/1073/774 1102/1102/795
f 1102/1102/795 1103/1103/796 1077/1077/776
f 1090/1090/783 1096/1096/789 1104/1104/797
f 1104/1104/797 1105/1105/798 1090/1090/783
f 1095/1095/788 1097/1097/790 1106/1106/799
f 1106/1106/799 1107/1107/800 1095/1095/788
f 1098/1098/791 1093/1093/786 1108/1108/801
f 1108/1108/801 1109/1109/802 1098/1098/791
f 1097/1097/790 1099/1099/792 1110/1110/803
f 1110/1110/803 1106/1106/799 1097/1097/790
f 1100/1100/793 1098/1098/791 1109/1109/802
f 1109/1109/802 1111/1111/804 1100/1100/793
f 1099/1099/792 1101/1101/794 1112/1112/805
f 1112/1112/805 1110/1110/803 1099/1099/792
f 1102/1102/795 1100/1100/793 1111/1111/804
f 1111/1111/804 1113/1113/806 1102/1102/795
f 1101/1101/794 1091/1091/784 1114/1114/807
f 1114/1114/807 1112/1112/805 1101/1101/794
f 1103/1103/796 1102/1102/795 1113/1113/806
f 1113/1113/806 1115/1115/808 1103/1103/796
f 1091/1091/784 1090/1090/783 1105/1105/798
f 1105/1105/798 1114/1114/807 1091/1091/784
f 1093/1093/786 1092/1092/785 1116/1116/809
f 1116/1116/809 1108/1108/801 1093/1093/786
f 1092/1092/785 1094/1094/787 1117/1117/810
f 1117/1117/810 1116/1116/809 1092/1092/785
f 1094/1094/787 1095/1095/788 1107/1107/800
f 1107/1107/800 1117/1117/810 1094/1094/787
f 1089/1089/782 1088/1088/759 1118/1118/758
f 1118/1118/758 1119/1119/766 1089/1089/782
f 1089/1089/782 1119/1119/766 1120/1120/767
f 1120/1120/767 1096/1096/789 1089/1089/782
f 1096/1096/789 1120/1120/767 1121/1121/768
f 1121/1121/768 1104/1104/797 1096/1096/789
f 1122/1122/803 1123/1123/805 1124/1124/811
f 1124/1124/811 1125/1125/812 1122/1122/803
f 1126/1126/806 1127/1127/804 1128/1128/813
f 1128/1128/813 1129/1129/814 1126/1126/806
f 1123/1123/805 1130/1130/807 1131/1131/815
f 1131/1131/815 1124/1124/811 1123/1123/805
f 1132/1132/808 1126/1126/806 1129/1129/814
f 1129/1129/814 1133/1133/816 1132/1132/808
f 1130/1130/807 1134/1134/798 1135/1135/817
f 1135/1135/817 1131/1131/815 1130/1130/807
f 1136/1136/801 1137/1137/809 1138/1138/818
f 1138/1138/818 1139/1139/819 1136/1136/801
f 1137/1137/809 1140/1140/810 1141/1141/820
f 1141/1141/820 1138/1138/818 1137/1137/809
f 1140/1140/810 1142/1142/800 1143/1143/821
f 1143/1143/821 1141/1141/820 1140/1140/810
f 1134/1134/798 1144/1144/797 1145/1145/822
f 1145/1145/822 1135/1135/817 1134/1134/798
f 1142/1142/800 1146/1146/799 1147/1147/823
f 1147/1147/823 1143/1143/821 1142/1142/800
f 1148/1148/802 1136/1136/801 1139/1139/819
f 1139/1139/819 1149/1149/824 1148/1148/802
f 1146/1146/799 1122/1122/803 1125/1125/812
f 1125/1125/812 1147/1147/823 1146/1146/799
f 1127/1127/804 1148/1148/802 1149/1149/824
f 1149/1149/824 1128/1128/813 1127/1127/804
f 1144/1144/797 1150/1150/768 1151/1151/748
f 1151/1151/748 1145/1145/822 1144/1144/797
f 1152/1152/813 1153/1153/824 1154/1154/825
f 1154/1154/825 1155/1155/826 1152/1152/813
f 1156/1156/812 1157/1157/811 1158/1158/827
f 1158/1158/827 1159/1159/828 1156/1156/812
f 1160/1160/814 1152/1152/813 1155/1155/826
f 1155/1155/826 1161/1161/829 1160/1160/814
f 1157/1157/811 1162/1162/815 1163/1163/830
f 1163/1163/830 1158/1158/827 1157/1157/811
f 1164/1164/816 1160/1160/814 1161/1161/829
f 1161/1161/829 1165/1165/831 1164/1164/816
f 1162/1162/815 1166/1166/817 1167/1167/832
f 1167/1167/832 1163/1163/830 1162/1162/815
f 1168/1168/822 1021/1021/748 1169/1169/833
f 1169/1169/833 1170/1170/834 1168/1168/822
f 1171/1171/819 1172/1172/818 1173/1173/835
f 1173/1173/835 1174/1174/836 1171/1171/819
f 1021/1021/748 1020/1020/747 1175/1175/837
f 1175/1175/837 1169/1169/833 1021/1021/748
f 1172/1172/818 1176/1176/820 1177/1177/838
f 1177/1177/838 1173/1173/835 1172/1172/818
f 1176/1176/820 1178/1178/821 1179/1179/839
f 1179/1179/839 1177/1177/838 1176/1176/820
f 1166/1166/817 1168/1168/822 1170/1170/834
f 1170/1170/834 1167/1167/832 1166/1166/817
f 1178/1178/821 1180/1180/823 1181/1181/840
f 1181/1181/840 1179/1179/839 1178/1178/821
f 1153/1153/824 1171/1171/819 1174/1174/836
f 1174/1174/836 1154/1154/825 1153/1153/824
f 1180/1180/823 1156/1156/812 1159/1159/828
f 1159/1159/828 1181/1181/840 1180/1180/823
f 1174/1174/836 1173/1173/835 1182/1182/841
f 1182/1182/841 1183/1183/842 1174/1174/836
f 1170/1170/834 1169/1169/833 1184/1184/843
f 1184/1184/843 1185/1185/844 1170/1170/834
f 1173/1173/835 1177/1177/838 1186/1186/845
f 1186/1186/845 1182/1182/841 1173/1173/835
f 1169/1169/833 1175/1175/837 1187/1187/846
f 1187/1187/846 1184/1184/843 1169/1169/833
f 1177/1177/838 1179/1179/839 1188/1188/847
f 1188/1188/847 1186/1186/845 1177/1177/838
f 1167/1167/832 1170/1170/834 1185/1185/844
f 1185/1185/844 1189/1189/848 1167/1167/832
f 1179/1179/839 1181/1181/840 1190/1190/849
f 1190/1190/849 1188/1188/847 1179/1179/839
f 1154/1154/825 1174/1174/836 1183/1183/842
f 1183/1183/842 1191/1191/850 1154/1154/825
f 1181/1181/840 1159/1159/828 1192/1192/851
f 1192/1192/851 1190/1190/849 1181/1181/840
f 1155/1155/826 1154/1154/825 1191/1191/850
f 1191/1191/850 1193/1193/852 1155/1155/826
f 1159/1159/828 1158/1158/827 1194/1194/853
f 1194/1194/853 1192/1192/851 1159/1159/828
f 1161/1161/829 1155/1155/826 1193/1193/852
f 1193/1193/852 1195/1195/854 1161/1161/829
f 1158/1158/827 1163/1163/830 1196/1196/855
f 1196/1196/855 1194/1194/853 1158/1158/827
f 1165/1165/831 1161/1161/829 1195/1195/854
f 1195/1195/854 1197/1197/856 1165/1165/831
f 1163/1163/830 1167/1167/832 1189/1189/848
f 1189/1189/848 1196/1196/855 1163/1163/830
f 1194/1194/853 1196/1196/855 1198/1198/857
f 1198/1198/857 1199/1199/858 1194/1194/853
f 1197/1197/856 1195/1195/854 1200/1200/859
f 1200/1200/859 1201/1201/860 1197/1197/856
f 1196/1196/855 1189/1189/848 1202/1202/861
f 1202/1202/861 1198/1198/857 1196/1196/855
f 1183/1183/842 1182/1182/841 1203/1203/862
f 1203/1203/862 1204/1204/863 1183/1183/842
f 1185/1185/844 1184/1184/843 1205/1205/864
f 1205/1205/864 1206/1206/865 1185/1185/844
f 1182/1182/841 1186/1186/845 1207/1207/866
f 1207/1207/866 1203/1203/862 1182/1182/841
f 1184/1184/843 1187/1187/846 1208/1208/867
f 1208/1208/867 1205/1205/864 1184/1184/843
f 1186/1186/845 1188/1188/847 1209/1209/868
f 1209/1209/868 1207/1207/866 1186/1186/845
f 1189/1189/848 1185/1185/844 1206/1206/865
f 1206/1206/865 1202/1202/861 1189/1189/848
f 1188/1188/847 1190/1190/849 1210/1210/869
f 1210/1210/869 1209/1209/868 1188/1188/847
f 1191/1191/850 1183/1183/842 1204/1204/863
f 1204/1204/863 1211/1211/870 1191/1191/850
f 1190/1190/849 1192/1192/851 1212/1212/871
f 1212/1212/871 1210/1210/869 1190/1190/849
f 1193/1193/852 1191/1191/850 1211/1211/870
f 1211/1211/870 1213/1213/872 1193/1193/852
f 1192/1192/851 1194/1194/853 1199/1199/858
f 1199/1199/858 1212/1212/871 1192/1192/851
f 1195/1195/854 1193/1193/852 1213/1213/872
f 1213/1213/872 1200/1200/859 1195/1195/854
f 1213/1213/872 1211/1211/870 1214/1214/873
f 1214/1214/873 1215/1215/874 1213/1213/872
f 1212/1212/871 1199/1199/858 1216/1216/875
f 1216/1216/875 1217/1217/876 1212/1212/871
f 1200/1200/859 1213/1213/872 1215/1215/874
f 1215/1215/874 1218/1218/877 1200/1200/859
f 1199/1199/858 1198/1198/857 1219/1219/878
f 1219/1219/878 1216/1216/875 1199/1199/858
f 1201/1201/860 1200/1200/859 1218/1218/877
f 1218/1218/877 1220/1220/879 1201/1201/860
f 1198/1198/857 1202/1202/861 1221/1221/880
f 1221/1221/880 1219/1219/878 1198/1198/857
f 1204/1204/863 1203/1203/862 1222/1222/881
f 1222/1222/881 1223/1223/882 1204/1204/863
f 1206/1206/865 1205/1205/864 1224/1224/883
f 1224/1224/883 1225/1225/884 1206/1206/865
f 1203/1203/862 1207/1207/866 1226/1226/885
f 1226/1226/885 1222/1222/881 1203/1203/862
f 1205/1205/864 1208/1208/867 1227/1227/886
f 1227/1227/886 1224/1224/883 1205/1205/864
f 1207/1207/866 1209/1209/868 1228/1228/887
f 1228/1228/887 1226/1226/885 1207/1207/866
f 1202/1202/861 1206/1206/865 1225/1225/884
f 1225/1225/884 1221/1221/880 1202/1202/861
f 1209/1209/868 1210/1210/869 1229/1229/888
f 1229/1229/888 1228/1228/887 1209/1209/868
f 1211/1211/870 1204/1204/863 1223/1223/882
f 1223/1223/882 1214/1214/873 1211/1211/870
f 1210/1210/869 1212/1212/871 1217/1217/876
f 1217/1217/876 1229/1229/888 1210/1210/869
f 1228/1228/887 1229/1229/888 1230/1230/324
f 1230/1230/324 1231/1231/325 1228/1228/887
f 1214/1214/873 1223/1223/882 1232/1232/326
f 1232/1232/326 1233/1233/327 1214/1214/873
f 1229/1229/888 1217/1217/876 1234/1234/328
f 1234/1234/328 1230/1230/324 1229/1229/888
f 1215/1215/874 1214/1214/873 1233/1233/327
f 1233/1233/327 1235/1235/329 1215/1215/874
f 1217/1217/876 1216/1216/875 1236/1236/330
f 1236/1236/330 1234/1234/328 1217/1217/876
f 1218/1218/877 1215/1215/874 1235/1235/329
f 1235/1235/329 1237/1237/331 1218/1218/877
f 1216/1216/875 1219/1219/878 1238/1238/332
f 1238/1238/332 1236/1236/330 1216/1216/875
f 1220/1220/879 1218/1218/877 1237/1237/331
f 1237/1237/331 1239/1239/333 1220/1220/879
f 1219/1219/878 1221/1221/880 1240/1240/334
f 1240/1240/334 1238/1238/332 1219/1219/878
f 1223/1223/882 1222/1222/881 1241/1241/335
f 1241/1241/335 1232/1232/326 1223/1223/882
f 1225/1225/884 1224/1224/883 1242/1242/336
f 1242/1242/336 1243/1243/337 1225/1225/884
f 1222/1222/881 1226/1226/885 1244/1244/338
f 1244/1244/338 1241/1241/335 1222/1222/881
f 1224/1224/883 1227/1227/886 1245/1245/339
f 1245/1245/339 1242/1242/336 1224/1224/883
f 1226/1226/885 1228/1228/887 1231/1231/325
f 1231/1231/325 1244/1244/338 1226/1226/885
f 1221/1221/880 1225/1225/884 1243/1243/337
f 1243/1243/337 1240/1240/334 1221/1221/880
f 1020/1020/747 1019/1019/746 1246/1246/889
f 1246/1246/889 1247/1247/890 1020/1020/747
f 1227/1227/886 1208/1208/867 1248/1248/891
f 1248/1248/891 1249/1249/892 1227/1227/886
f 1208/1208/867 1187/1187/846 1250/1250/893
f 1250/1250/893 1248/1248/891 1208/1208/867
f 1022/1022/749 1007/1007/734 1251/1251/894
f 1251/1251/894 1252/1252/895 1022/1022/749
f 1019/1019/746 1022/1022/749 1252/1252/895
f 1252/1252/895 1246/1246/889 1019/1019/746
f 1175/1175/837 1020/1020/747 1247/1247/890
f 1247/1247/890 1253/1253/896 1175/1175/837
f 1187/1187/846 1175/1175/837 1253/1253/896
f 1253/1253/896 1250/1250/893 1187/1187/846
f 946/946/685 945/945/672 1254/1254/897
f 1254/1254/897 1255/1255/898 946/946/685
f 1245/1245/339 1227/1227/886 1249/1249/892
f 1249/1249/892 1256/1256/350 1245/1245/339
f 1007/1007/734 1006/1006/733 1257/1257/899
f 1257/1257/899 1251/1251/894 1007/1007/734
f 945/945/672 1258/1258/677 1254/1254/897
f 1247/1247/890 1246/1246/889 1259/1259/900
f 1259/1259/900 1260/1260/901 1247/1247/890
f 1246/1246/889 1252/1252/895 1261/1261/902
f 1261/1261/902 1259/1259/900 1246/1246/889
f 1262/1262/675 1263/1263/674 1264/1264/903
f 1264/1264/903 1265/1265/904 1262/1262/675
f 1266/1266/676 1267/1267/109 1268/1268/357
f 1268/1268/357 1269/1269/905 1266/1266/676
f 1253/1253/896 1247/1247/890 1260/1260/901
f 1260/1260/901 1270/1270/906 1253/1253/896
f 1258/1258/677 1262/1262/675 1265/1265/904
f 1265/1265/904 1271/1271/907 1258/1258/677
f 1250/1250/893 1253/1253/896 1270/1270/906
f 1270/1270/906 1272/1272/908 1250/1250/893
f 1254/1254/897 1258/1258/677 1271/1271/907
f 1271/1271/907 1273/1273/909 1254/1254/897
f 1248/1248/891 1250/1250/893 1272/1272/908
f 1272/1272/908 1274/1274/910 1248/1248/891
f 1255/1255/898 1254/1254/897 1273/1273/909
f 1273/1273/909 1275/1275/911 1255/1255/898
f 1249/1249/892 1248/1248/891 1274/1274/910
f 1274/1274/910 1276/1276/912 1249/1249/892
f 1263/1263/674 1266/1266/676 1269/1269/905
f 1269/1269/905 1264/1264/903 1263/1263/674
f 1251/1251/894 1257/1257/899 1277/1277/913
f 1277/1277/913 1278/1278/914 1251/1251/894
f 1256/1256/350 1249/1249/892 1276/1276/912
f 1276/1276/912 1279/1279/368 1256/1256/350
f 1252/1252/895 1251/1251/894 1278/1278/914
f 1278/1278/914 1261/1261/902 1252/1252/895
f 1257/1257/899 1280/1280/898 1281/1281/911
f 1281/1281/911 1277/1277/913 1257/1257/899
f 1006/1006/733 1282/1282/685 1280/1280/898
f 1280/1280/898 1257/1257/899 1006/1006/733
f 1283/1283/712 1284/1284/706 990/990/717
f 990/990/717 1016/1016/743 1283/1283/712
f 1285/1285/711 1286/1286/708 1014/1014/741
f 1014/1014/741 987/987/714 1285/1285/711
f 1287/1287/709 1283/1283/712 1016/1016/743
f 1016/1016/743 1012/1012/739 1287/1287/709
f 1286/1286/708 1288/1288/707 1002/1002/729
f 1002/1002/729 1014/1014/741 1286/1286/708
f 1289/1289/702 1287/1287/709 1012/1012/739
f 1012/1012/739 1010/1010/737 1289/1289/702
f 1290/1290/703 1289/1289/702 1010/1010/737
f 1010/1010/737 1008/1008/735 1290/1290/703
f 1291/1291/710 1290/1290/703 1008/1008/735
f 1008/1008/735 1003/1003/730 1291/1291/710
f 1292/1292/686 1282/1282/685 1006/1006/733
f 1006/1006/733 995/995/722 1292/1292/686
f 1288/1288/707 1291/1291/710 1003/1003/730
f 1003/1003/730 1002/1002/729 1288/1288/707
f 1293/1293/688 1294/1294/687 994/994/721
f 994/994/721 1000/1000/727 1293/1293/688
f 1295/1295/701 1293/1293/688 1000/1000/727
f 1000/1000/727 991/991/718 1295/1295/701
f 1296/1296/705 1297/1297/704 986/986/713
f 986/986/713 998/998/725 1296/1296/705
f 1294/1294/687 1292/1292/686 995/995/722
f 995/995/722 994/994/721 1294/1294/687
f 1284/1284/706 1295/1295/701 991/991/718
f 991/991/718 990/990/717 1284/1284/706
f 1297/1297/704 1285/1285/711 987/987/714
f 987/987/714 986/986/713 1297/1297/704
f 1298/1298/613 1299/1299/915 1300/1300/369
f 1300/1300/369 1301/1301/36 1298/1298/613
f 1299/1299/915 1302/1302/916 1303/1303/371
f 1303/1303/371 1300/1300/369 1299/1299/915
f 1304/1304/917 1302/1302/916 1299/1299/915
f 1299/1299/915 1305/1305/918 1304/1304/917
f 1306/1306/919 1304/1304/917 1305/1305/918
f 1305/1305/918 1307/1307/920 1306/1306/919
f 1308/1308/921 1306/1306/919 1307/1307/920
f 1307/1307/920 1309/1309/922 1308/1308/921
f 1299/1299/915 1298/1298/613 1310/1310/612
f 1310/1310/612 1305/1305/918 1299/1299/915
f 1305/1305/918 1310/1310/612 1311/1311/616
f 1311/1311/616 1307/1307/920 1305/1305/918
f 1307/1307/920 1311/1311/616 1312/1312/651
f 1312/1312/651 1309/1309/922 1307/1307/920
f 1312/1312/651 1313/1313/695 1309/1309/922
f 1314/1314/705 1308/1308/921 1309/1309/922
f 1309/1309/922 1313/1313/695 1314/1314/705
f 1315/1315/923 1316/1316/924 1317/1317/925
f 1317/1317/925 1318/1318/926 1315/1315/923
f 1319/1319/927 1320/1320/928 1321/1321/929
f 1321/1321/929 1322/1322/930 1319/1319/927
f 1323/1323/931 1324/1324/932 1325/1325/933
f 1325/1325/933 1326/1326/934 1323/1323/931
f 1327/1327/935 1328/1328/936 1329/1329/937
f 1329/1329/937 1330/1330/938 1327/1327/935
f 1320/1320/928 1331/1331/939 1332/1332/940
f 1332/1332/940 1321/1321/929 1320/1320/928
f 1333/1333/941 1334/1334/923 1335/1335/926
f 1335/1335/926 1336/1336/942 1333/1333/941
f 1337/1337/924 1338/1338/943 1339/1339/944
f 1339/1339/944 1340/1340/925 1337/1337/924
f 1341/1341/936 1342/1342/945 1343/1343/946
f 1343/1343/946 1344/1344/937 1341/1341/936
f 1345/1345/947 1323/1323/931 1326/1326/934
f 1326/1326/934 1346/1346/948 1345/1345/947
f 1347/1347/945 1348/1348/949 1349/1349/950
f 1349/1349/950 1350/1350/946 1347/1347/945
f 1331/1331/939 1333/1333/941 1336/1336/942
f 1336/1336/942 1332/1332/940 1331/1331/939
f 1351/1351/409 1352/1352/951 1353/1353/952
f 1353/1353/952 1354/1354/410 1351/1351/409
f 1324/1324/932 1355/1355/412 1356/1356/411
f 1356/1356/411 1325/1325/933 1324/1324/932
f 1338/1338/943 1327/1327/935 1330/1330/938
f 1330/1330/938 1339/1339/944 1338/1338/943
f 1352/1352/951 1357/1357/953 1358/1358/954
f 1358/1358/954 1353/1353/952 1352/1352/951
f 1357/1357/953 1319/1319/927 1322/1322/930
f 1322/1322/930 1358/1358/954 1357/1357/953
f 1348/1348/949 1345/1345/947 1346/1346/948
f 1346/1346/948 1349/1349/950 1348/1348/949
f 1165/1165/831 1197/1197/856 1345/1345/947
f 1345/1345/947 1348/1348/949 1165/1165/831
f 1359/1359/917 1360/1360/919 1319/1319/927
f 1319/1319/927 1357/1357/953 1359/1359/917
f 1361/1361/916 1359/1359/917 1357/1357/953
f 1357/1357/953 1352/1352/951 1361/1361/916
f 1077/1077/776 1103/1103/796 1327/1327/935
f 1327/1327/935 1338/1338/943 1077/1077/776
f 1220/1220/879 1239/1239/333 1355/1355/412
f 1355/1355/412 1324/1324/932 1220/1220/879
f 1362/1362/371 1361/1361/916 1352/1352/951
f 1352/1352/951 1351/1351/409 1362/1362/371
f 1296/1296/705 998/998/725 1333/1333/941
f 1333/1333/941 1331/1331/939 1296/1296/705
f 1164/1164/816 1165/1165/831 1348/1348/949
f 1348/1348/949 1347/1347/945 1164/1164/816
f 1197/1197/856 1201/1201/860 1323/1323/931
f 1323/1323/931 1345/1345/947 1197/1197/856
f 1132/1132/808 1133/1133/816 1342/1342/945
f 1342/1342/945 1341/1341/936 1132/1132/808
f 1076/1076/754 1077/1077/776 1338/1338/943
f 1338/1338/943 1337/1337/924 1076/1076/754
f 998/998/725 999/999/726 1334/1334/923
f 1334/1334/923 1333/1333/941 998/998/725
f 1363/1363/921 1296/1296/705 1331/1331/939
f 1331/1331/939 1320/1320/928 1363/1363/921
f 1103/1103/796 1115/1115/808 1328/1328/936
f 1328/1328/936 1327/1327/935 1103/1103/796
f 1201/1201/860 1220/1220/879 1324/1324/932
f 1324/1324/932 1323/1323/931 1201/1201/860
f 1360/1360/919 1363/1363/921 1320/1320/928
f 1320/1320/928 1319/1319/927 1360/1360/919
f 1028/1028/726 1031/1031/754 1316/1316/924
f 1316/1316/924 1315/1315/923 1028/1028/726
f 1353/1353/952 1358/1358/954 1364/1364/955
f 1364/1364/955 1365/1365/956 1353/1353/952
f 1350/1350/946 1349/1349/950 1366/1366/957
f 1366/1366/957 1367/1367/958 1350/1350/946
f 1358/1358/954 1322/1322/930 1368/1368/959
f 1368/1368/959 1364/1364/955 1358/1358/954
f 1349/1349/950 1346/1346/948 1369/1369/960
f 1369/1369/960 1366/1366/957 1349/1349/950
f 1336/1336/942 1335/1335/926 1370/1370/961
f 1370/1370/961 1371/1371/962 1336/1336/942
f 1322/1322/930 1321/1321/929 1372/1372/963
f 1372/1372/963 1368/1368/959 1322/1322/930
f 1346/1346/948 1326/1326/934 1373/1373/964
f 1373/1373/964 1369/1369/960 1346/1346/948
f 1318/1318/926 1317/1317/925 1374/1374/965
f 1374/1374/965 1375/1375/961 1318/1318/926
f 1321/1321/929 1332/1332/940 1376/1376/966
f 1376/1376/966 1372/1372/963 1321/1321/929
f 1326/1326/934 1325/1325/933 1377/1377/967
f 1377/1377/967 1373/1373/964 1326/1326/934
f 1340/1340/925 1339/1339/944 1378/1378/968
f 1378/1378/968 1379/1379/965 1340/1340/925
f 1325/1325/933 1356/1356/411 1380/1380/429
f 1380/1380/429 1377/1377/967 1325/1325/933
f 1339/1339/944 1330/1330/938 1381/1381/969
f 1381/1381/969 1378/1378/968 1339/1339/944
f 1332/1332/940 1336/1336/942 1371/1371/962
f 1371/1371/962 1376/1376/966 1332/1332/940
f 1330/1330/938 1329/1329/937 1382/1382/970
f 1382/1382/970 1381/1381/969 1330/1330/938
f 1354/1354/410 1353/1353/952 1365/1365/956
f 1365/1365/956 1383/1383/432 1354/1354/410
f 1344/1344/937 1343/1343/946 1384/1384/958
f 1384/1384/958 1385/1385/970 1344/1344/937
f 1386/1386/965 1387/1387/968 1388/1388/971
f 1388/1388/971 1389/1389/972 1386/1386/965
f 1377/1377/967 1380/1380/429 1390/1390/435
f 1390/1390/435 1391/1391/973 1377/1377/967
f 1387/1387/968 1392/1392/969 1393/1393/974
f 1393/1393/974 1388/1388/971 1387/1387/968
f 1376/1376/966 1371/1371/962 1394/1394/975
f 1394/1394/975 1395/1395/976 1376/1376/966
f 1392/1392/969 1396/1396/970 1397/1397/977
f 1397/1397/977 1393/1393/974 1392/1392/969
f 1383/1383/432 1365/1365/956 1398/1398/978
f 1398/1398/978 1399/1399/442 1383/1383/432
f 1396/1396/970 1367/1367/958 1400/1400/979
f 1400/1400/979 1397/1397/977 1396/1396/970
f 1365/1365/956 1364/1364/955 1401/1401/980
f 1401/1401/980 1398/1398/978 1365/1365/956
f 1367/1367/958 1366/1366/957 1402/1402/981
f 1402/1402/981 1400/1400/979 1367/1367/958
f 1364/1364/955 1368/1368/959 1403/1403/982
f 1403/1403/982 1401/1401/980 1364/1364/955
f 1366/1366/957 1369/1369/960 1404/1404/983
f 1404/1404/983 1402/1402/981 1366/1366/957
f 1371/1371/962 1370/1370/961 1405/1405/984
f 1405/1405/984 1394/1394/975 1371/1371/962
f 1368/1368/959 1372/1372/963 1406/1406/985
f 1406/1406/985 1403/1403/982 1368/1368/959
f 1369/1369/960 1373/1373/964 1407/1407/986
f 1407/1407/986 1404/1404/983 1369/1369/960
f 1370/1370/961 1386/1386/965 1389/1389/972
f 1389/1389/972 1405/1405/984 1370/1370/961
f 1372/1372/963 1376/1376/966 1395/1395/976
f 1395/1395/976 1406/1406/985 1372/1372/963
f 1373/1373/964 1377/1377/967 1391/1391/973
f 1391/1391/973 1407/1407/986 1373/1373/964
f 1393/1393/974 1397/1397/977 1408/1408/987
f 1408/1408/987 1409/1409/988 1393/1393/974
f 1399/1399/442 1398/1398/978 1410/1410/989
f 1410/1410/989 1411/1411/454 1399/1399/442
f 1397/1397/977 1400/1400/979 1412/1412/990
f 1412/1412/990 1408/1408/987 1397/1397/977
f 1398/1398/978 1401/1401/980 1413/1413/991
f 1413/1413/991 1410/1410/989 1398/1398/978
f 1400/1400/979 1402/1402/981 1414/1414/992
f 1414/1414/992 1412/1412/990 1400/1400/979
f 1401/1401/980 1403/1403/982 1415/1415/993
f 1415/1415/993 1413/1413/991 1401/1401/980
f 1402/1402/981 1404/1404/983 1416/1416/994
f 1416/1416/994 1414/1414/992 1402/1402/981
f 1394/1394/975 1405/1405/984 1417/1417/995
f 1417/1417/995 1418/1418/996 1394/1394/975
f 1403/1403/982 1406/1406/985 1419/1419/997
f 1419/1419/997 1415/1415/993 1403/1403/982
f 1404/1404/983 1407/1407/986 1420/1420/998
f 1420/1420/998 1416/1416/994 1404/1404/983
f 1405/1405/984 1389/1389/972 1421/1421/999
f 1421/1421/999 1417/1417/995 1405/1405/984
f 1406/1406/985 1395/1395/976 1422/1422/1000
f 1422/1422/1000 1419/1419/997 1406/1406/985
f 1407/1407/986 1391/1391/973 1423/1423/1001
f 1423/1423/1001 1420/1420/998 1407/1407/986
f 1389/1389/972 1388/1388/971 1424/1424/1002
f 1424/1424/1002 1421/1421/999 1389/1389/972
f 1391/1391/973 1390/1390/435 1425/1425/468
f 1425/1425/468 1423/1423/1001 1391/1391/973
f 1388/1388/971 1393/1393/974 1409/1409/988
f 1409/1409/988 1424/1424/1002 1388/1388/971
f 1395/1395/976 1394/1394/975 1418/1418/996
f 1418/1418/996 1422/1422/1000 1395/1395/976
f 1426/1426/1000 1427/1427/996 1428/1428/995
f 1426/1426/1000 1428/1428/995 1429/1429/999
f 1426/1426/1000 1429/1429/999 1430/1430/1002
f 1426/1426/1000 1430/1430/1002 1431/1431/988
f 1426/1426/1000 1431/1431/988 1432/1432/987
f 1426/1426/1000 1432/1432/987 1433/1433/990
f 1426/1426/1000 1433/1433/990 1434/1434/992
f 1426/1426/1000 1434/1434/992 1435/1435/994
f 1426/1426/1000 1435/1435/994 1436/1436/998
f 1426/1426/1000 1436/1436/998 1437/1437/1001
f 1426/1426/1000 1437/1437/1001 641/641/468
f 1426/1426/1000 641/641/468 640/640/454
f 1426/1426/1000 640/640/454 1438/1438/989
f 1426/1426/1000 1438/1438/989 1439/1439/991
f 1426/1426/1000 1439/1439/991 1440/1440/993
f 1440/1440/993 1441/1441/997 1426/1426/1000
f 1276/1276/912 1274/1274/910 1442/1442/1003
f 1442/1442/1003 1443/1443/1004 1276/1276/912
f 1277/1277/913 1281/1281/911 1444/1444/1005
f 1444/1444/1005 1445/1445/1006 1277/1277/913
f 1279/1279/368 1276/1276/912 1443/1443/1004
f 1443/1443/1004 1446/1446/473 1279/1279/368
f 1261/1261/902 1278/1278/914 1447/1447/1007
f 1447/1447/1007 1448/1448/1008 1261/1261/902
f 1273/1273/909 1271/1271/907 1449/1449/1009
f 1449/1449/1009 1450/1450/1010 1273/1273/909
f 1260/1260/901 1259/1259/900 1451/1451/1011
f 1451/1451/1011 1452/1452/1012 1260/1260/901
f 1265/1265/904 1264/1264/903 1453/1453/1013
f 1453/1453/1013 1454/1454/1014 1265/1265/904
f 1259/1259/900 1261/1261/902 1448/1448/1008
f 1448/1448/1008 1451/1451/1011 1259/1259/900
f 1264/1264/903 1269/1269/905 1455/1455/1015
f 1455/1455/1015 1453/1453/1013 1264/1264/903
f 1270/1270/906 1260/1260/901 1452/1452/1012
f 1452/1452/1012 1456/1456/1016 1270/1270/906
f 1271/1271/907 1265/1265/904 1454/1454/1014
f 1454/1454/1014 1449/1449/1009 1271/1271/907
f 1272/1272/908 1270/1270/906 1456/1456/1016
f 1456/1456/1016 1457/1457/1017 1272/1272/908
f 1269/1269/905 1268/1268/357 1458/1458/485
f 1458/1458/485 1455/1455/1015 1269/1269/905
f 1278/1278/914 1277/1277/913 1445/1445/1006
f 1445/1445/1006 1447/1447/1007 1278/1278/914
f 1274/1274/910 1272/1272/908 1457/1457/1017
f 1457/1457/1017 1442/1442/1003 1274/1274/910
f 1275/1275/911 1273/1273/909 1450/1450/1010
f 1450/1450/1010 1459/1459/1005 1275/1275/911
f 1454/1454/1014 1453/1453/1013 1460/1460/1018
f 1460/1460/1018 1461/1461/1019 1454/1454/1014
f 1447/1447/1007 1445/1445/1006 1462/1462/1020
f 1462/1462/1020 1463/1463/1021 1447/1447/1007
f 1451/1451/1011 1448/1448/1008 1464/1464/1022
f 1464/1464/1022 1465/1465/1023 1451/1451/1011
f 1453/1453/1013 1455/1455/1015 1466/1466/1024
f 1466/1466/1024 1460/1460/1018 1453/1453/1013
f 1456/1456/1016 1452/1452/1012 1467/1467/1025
f 1467/1467/1025 1468/1468/1026 1456/1456/1016
f 1449/1449/1009 1454/1454/1014 1461/1461/1019
f 1461/1461/1019 1469/1469/1027 1449/1449/1009
f 1457/1457/1017 1456/1456/1016 1468/1468/1026
f 1468/1468/1026 1470/1470/1028 1457/1457/1017
f 1455/1455/1015 1458/1458/485 1471/1471/497
f 1471/1471/497 1466/1466/1024 1455/1455/1015
f 1442/1442/1003 1457/1457/1017 1470/1470/1028
f 1470/1470/1028 1472/1472/1029 1442/1442/1003
f 1459/1459/1005 1450/1450/1010 1473/1473/1030
f 1473/1473/1030 1474/1474/1031 1459/1459/1005
f 1443/1443/1004 1442/1442/1003 1472/1472/1029
f 1472/1472/1029 1475/1475/1032 1443/1443/1004
f 1445/1445/1006 1444/1444/1005 1476/1476/1031
f 1476/1476/1031 1462/1462/1020 1445/1445/1006
f 1446/1446/473 1443/1443/1004 1475/1475/1032
f 1475/1475/1032 1477/1477/502 1446/1446/473
f 1448/1448/1008 1447/1447/1007 1463/1463/1021
f 1463/1463/1021 1464/1464/1022 1448/1448/1008
f 1450/1450/1010 1449/1449/1009 1469/1469/1027
f 1469/1469/1027 1473/1473/1030 1450/1450/1010
f 1452/1452/1012 1451/1451/1011 1465/1465/1023
f 1465/1465/1023 1467/1467/1025 1452/1452/1012
f 1474/1474/1031 1473/1473/1030 1478/1478/1033
f 1478/1478/1033 1479/1479/1034 1474/1474/1031
f 1475/1475/1032 1472/1472/1029 1480/1480/1035
f 1480/1480/1035 1481/1481/1036 1475/1475/1032
f 1462/1462/1020 1476/1476/1031 1482/1482/1034
f 1482/1482/1034 1483/1483/1037 1462/1462/1020
f 1477/1477/502 1475/1475/1032 1481/1481/1036
f 1481/1481/1036 1484/1484/508 1477/1477/502
f 1464/1464/1022 1463/1463/1021 1485/1485/1038
f 1485/1485/1038 1486/1486/1039 1464/1464/1022
f 1473/1473/1030 1469/1469/1027 1487/1487/1040
f 1487/1487/1040 1478/1478/1033 1473/1473/1030
f 1467/1467/1025 1465/1465/1023 1488/1488/1041
f 1488/1488/1041 1489/1489/1042 1467/1467/1025
f 1461/1461/1019 1460/1460/1018 1490/1490/1043
f 1490/1490/1043 1491/1491/1044 1461/1461/1019
f 1463/1463/1021 1462/1462/1020 1483/1483/1037
f 1483/1483/1037 1485/1485/1038 1463/1463/1021
f 1465/1465/1023 1464/1464/1022 1486/1486/1039
f 1486/1486/1039 1488/1488/1041 1465/1465/1023
f 1460/1460/1018 1466/1466/1024 1492/1492/1045
f 1492/1492/1045 1490/1490/1043 1460/1460/1018
f 1468/1468/1026 1467/1467/1025 1489/1489/1042
f 1489/1489/1042 1493/1493/1046 1468/1468/1026
f 1469/1469/1027 1461/1461/1019 1491/1491/1044
f 1491/1491/1044 1487/1487/1040 1469/1469/1027
f 1470/1470/1028 1468/1468/1026 1493/1493/1046
f 1493/1493/1046 1494/1494/1047 1470/1470/1028
f 1466/1466/1024 1471/1471/497 1495/1495/519
f 1495/1495/519 1492/1492/1045 1466/1466/1024
f 1472/1472/1029 1470/1470/1028 1494/1494/1047
f 1494/1494/1047 1480/1480/1035 1472/1472/1029
f 1493/1493/1046 1489/1489/1042 1496/1496/1048
f 1496/1496/1048 1497/1497/1049 1493/1493/1046
f 1478/1478/1033 1487/1487/1040 1498/1498/1050
f 1498/1498/1050 1499/1499/1051 1478/1478/1033
f 1487/1487/1040 1491/1491/1044 1500/1500/1052
f 1500/1500/1052 1498/1498/1050 1487/1487/1040
f 1484/1484/508 1481/1481/1036 1501/1501/1053
f 1501/1501/1053 1502/1502/526 1484/1484/508
f 1490/1490/1043 1492/1492/1045 1503/1503/1054
f 1503/1503/1054 1504/1504/1055 1490/1490/1043
f 1489/1489/1042 1488/1488/1041 1505/1505/1056
f 1505/1505/1056 1496/1496/1048 1489/1489/1042
f 1488/1488/1041 1486/1486/1039 1506/1506/1057
f 1506/1506/1057 1505/1505/1056 1488/1488/1041
f 1481/1481/1036 1480/1480/1035 1507/1507/1058
f 1507/1507/1058 1501/1501/1053 1481/1481/1036
f 1485/1485/1038 1483/1483/1037 1508/1508/1059
f 1508/1508/1059 1509/1509/1060 1485/1485/1038
f 1479/1479/1034 1478/1478/1033 1499/1499/1051
f 1499/1499/1051 1510/1510/1061 1479/1479/1034
f 1491/1491/1044 1490/1490/1043 1504/1504/1055
f 1504/1504/1055 1500/1500/1052 1491/1491/1044
f 1480/1480/1035 1494/1494/1047 1511/1511/1062
f 1511/1511/1062 1507/1507/1058 1480/1480/1035
f 1483/1483/1037 1482/1482/1034 1512/1512/1061
f 1512/1512/1061 1508/1508/1059 1483/1483/1037
f 1494/1494/1047 1493/1493/1046 1497/1497/1049
f 1497/1497/1049 1511/1511/1062 1494/1494/1047
f 1486/1486/1039 1485/1485/1038 1509/1509/1060
f 1509/1509/1060 1506/1506/1057 1486/1486/1039
f 1492/1492/1045 1495/1495/519 1513/1513/536
f 1513/1513/536 1503/1503/1054 1492/1492/1045
f 1500/1500/1052 1504/1504/1055 1514/1514/1063
f 1514/1514/1063 1515/1515/1064 1500/1500/1052
f 1509/1509/1060 1508/1508/1059 1516/1516/1065
f 1516/1516/1065 1517/1517/1066 1509/1509/1060
f 1504/1504/1055 1503/1503/1054 1518/1518/1067
f 1518/1518/1067 1514/1514/1063 1504/1504/1055
f 1501/1501/1053 1507/1507/1058 1519/1519/1068
f 1519/1519/1068 1520/1520/1069 1501/1501/1053
f 1506/1506/1057 1509/1509/1060 1517/1517/1066
f 1517/1517/1066 1521/1521/1070 1506/1506/1057
f 1507/1507/1058 1511/1511/1062 1522/1522/1071
f 1522/1522/1071 1519/1519/1068 1507/1507/1058
f 1499/1499/1051 1498/1498/1050 1523/1523/1072
f 1523/1523/1072 1524/1524/1073 1499/1499/1051
f 1511/1511/1062 1497/1497/1049 1525/1525/1074
f 1525/1525/1074 1522/1522/1071 1511/1511/1062
f 1497/1497/1049 1496/1496/1048 1526/1526/1075
f 1526/1526/1075 1525/1525/1074 1497/1497/1049
f 1510/1510/1061 1499/1499/1051 1524/1524/1073
f 1524/1524/1073 1527/1527/1076 1510/1510/1061
f 1496/1496/1048 1505/1505/1056 1528/1528/1077
f 1528/1528/1077 1526/1526/1075 1496/1496/1048
f 1505/1505/1056 1506/1506/1057 1521/1521/1070
f 1521/1521/1070 1528/1528/1077 1505/1505/1056
f 1508/1508/1059 1512/1512/1061 1529/1529/1076
f 1529/1529/1076 1516/1516/1065 1508/1508/1059
f 1502/1502/526 1501/1501/1053 1520/1520/1069
f 1520/1520/1069 1530/1530/552 1502/1502/526
f 1503/1503/1054 1513/1513/536 1531/1531/553
f 1531/1531/553 1518/1518/1067 1503/1503/1054
f 1498/1498/1050 1500/1500/1052 1515/1515/1064
f 1515/1515/1064 1523/1523/1072 1498/1498/1050
f 1522/1522/1071 1525/1525/1074 1532/1532/1078
f 1532/1532/1078 1533/1533/1079 1522/1522/1071
f 1520/1520/1069 1519/1519/1068 1534/1534/1080
f 1534/1534/1080 1535/1535/1081 1520/1520/1069
f 1528/1528/1077 1521/1521/1070 1536/1536/1082
f 1536/1536/1082 1537/1537/1083 1528/1528/1077
f 1524/1524/1073 1523/1523/1072 1538/1538/1084
f 1538/1538/1084 1539/1539/1085 1524/1524/1073
f 1530/1530/552 1520/1520/1069 1535/1535/1081
f 1535/1535/1081 1540/1540/562 1530/1530/552
f 1525/1525/1074 1526/1526/1075 1541/1541/1086
f 1541/1541/1086 1532/1532/1078 1525/1525/1074
f 1521/1521/1070 1517/1517/1066 1542/1542/1087
f 1542/1542/1087 1536/1536/1082 1521/1521/1070
f 1526/1526/1075 1528/1528/1077 1537/1537/1083
f 1537/1537/1083 1541/1541/1086 1526/1526/1075
f 1527/1527/1076 1524/1524/1073 1539/1539/1085
f 1539/1539/1085 1543/1543/1088 1527/1527/1076
f 1516/1516/1065 1529/1529/1076 1544/1544/1088
f 1544/1544/1088 1545/1545/1089 1516/1516/1065
f 1523/1523/1072 1515/1515/1064 1546/1546/1090
f 1546/1546/1090 1538/1538/1084 1523/1523/1072
f 1518/1518/1067 1531/1531/553 1547/1547/568
f 1547/1547/568 1548/1548/1091 1518/1518/1067
f 1515/1515/1064 1514/1514/1063 1549/1549/1092
f 1549/1549/1092 1546/1546/1090 1515/1515/1064
f 1519/1519/1068 1522/1522/1071 1533/1533/1079
f 1533/1533/1079 1534/1534/1080 1519/1519/1068
f 1517/1517/1066 1516/1516/1065 1545/1545/1089
f 1545/1545/1089 1542/1542/1087 1517/1517/1066
f 1514/1514/1063 1518/1518/1067 1548/1548/1091
f 1548/1548/1091 1549/1549/1092 1514/1514/1063
f 1543/1543/1088 1539/1539/1085 1550/1550/1093
f 1550/1550/1093 1551/1551/1094 1543/1543/1088
f 1545/1545/1089 1544/1544/1088 1552/1552/1094
f 1552/1552/1094 1553/1553/1095 1545/1545/1089
f 1538/1538/1084 1546/1546/1090 1554/1554/1096
f 1554/1554/1096 1555/1555/1097 1538/1538/1084
f 1548/1548/1091 1547/1547/568 1556/1556/576
f 1556/1556/576 1557/1557/1098 1548/1548/1091
f 1546/1546/1090 1549/1549/1092 1558/1558/1099
f 1558/1558/1099 1554/1554/1096 1546/1546/1090
f 1534/1534/1080 1533/1533/1079 1559/1559/1100
f 1559/1559/1100 1560/1560/1101 1534/1534/1080
f 1542/1542/1087 1545/1545/1089 1553/1553/1095
f 1553/1553/1095 1561/1561/1102 1542/1542/1087
f 1549/1549/1092 1548/1548/1091 1557/1557/1098
f 1557/1557/1098 1558/1558/1099 1549/1549/1092
f 1533/1533/1079 1532/1532/1078 1562/1562/1103
f 1562/1562/1103 1559/1559/1100 1533/1533/1079
f 1535/1535/1081 1534/1534/1080 1560/1560/1101
f 1560/1560/1101 1563/1563/1104 1535/1535/1081
f 1537/1537/1083 1536/1536/1082 1564/1564/1105
f 1564/1564/1105 1565/1565/1106 1537/1537/1083
f 1539/1539/1085 1538/1538/1084 1555/1555/1097
f 1555/1555/1097 1550/1550/1093 1539/1539/1085
f 1540/1540/562 1535/1535/1081 1563/1563/1104
f 1563/1563/1104 1566/1566/586 1540/1540/562
f 1532/1532/1078 1541/1541/1086 1567/1567/1107
f 1567/1567/1107 1562/1562/1103 1532/1532/1078
f 1536/1536/1082 1542/1542/1087 1561/1561/1102
f 1561/1561/1102 1564/1564/1105 1536/1536/1082
f 1541/1541/1086 1537/1537/1083 1565/1565/1106
f 1565/1565/1106 1567/1567/1107 1541/1541/1086
f 1568/1568/1105 1569/1569/1102 1570/1570/1095
f 1568/1568/1105 1570/1570/1095 1571/1571/1094
f 1568/1568/1105 1571/1571/1094 1572/1572/1093
f 1568/1568/1105 1572/1572/1093 1573/1573/1097
f 1568/1568/1105 1573/1573/1097 1574/1574/1096
f 1568/1568/1105 1574/1574/1096 1575/1575/1099
f 1568/1568/1105 1575/1575/1099 1576/1576/1098
f 1568/1568/1105 1576/1576/1098 787/787/576
f 1568/1568/1105 787/787/576 786/786/586
f 1568/1568/1105 786/786/586 1577/1577/1104
f 1568/1568/1105 1577/1577/1104 1578/1578/1101
f 1568/1568/1105 1578/1578/1101 1579/1579/1100
f 1568/1568/1105 1579/1579/1100 1580/1580/1103
f 1568/1568/1105 1580/1580/1103 1581/1581/1107
f 1581/1581/1107 1582/1582/1106 1568/1568/1105
# Vertices: 1582, normals: 1107, texture coordinates: 1582, faces: 2210

